content_id,lemma,pos,공식_NIKL_2023_등급,공식근거_추천레벨,매칭_카테고리,내부_김광해계열_변환등급,현재DB_vocab_level,현재DB_level_status,현재DB_boundary_flag,공식_대조_결과,기존_우선순위_태그,신규_공식대조_태그
SC_V191_B001_001,가루약,명사,2,L0,단일일치,L0,0,REVIEW_BOUNDARY,1,일치,,
SC_V191_B001_002,긴급,명사,2,L0,단일일치,L0,0,PROVISIONAL_AUTO,0,일치,,
SC_V191_B001_003,낚시터,명사,2,L0,단일일치,L0,0,PROVISIONAL_AUTO,0,일치,,
SC_V191_B001_004,뜻대로,부사,2,L0,단일일치,L0,0,PROVISIONAL_AUTO,0,일치,,
SC_V191_B001_005,미끌미끌하다,형용사,2,L0,단일일치,L0,0,PROVISIONAL_AUTO,0,일치,,
SC_V191_B001_006,밥솥,명사,2,L0,단일일치,L0,0,PROVISIONAL_AUTO,0,일치,,
SC_V191_B001_007,봄꽃,명사,2,L0,단일일치,L0,0,PROVISIONAL_AUTO,0,일치,,
SC_V191_B001_008,봉사자,명사,2,L0,단일일치,L0,0,PROVISIONAL_AUTO,0,일치,,
SC_V191_B001_009,비눗물,명사,2,L0,단일일치,L0,0,PROVISIONAL_AUTO,0,일치,,
SC_V191_B001_011,수시로,부사,2,L0,단일일치,L0,0,PROVISIONAL_AUTO,0,일치,,
SC_V191_B001_013,양팔,명사,2,L0,단일일치,L0,0,PROVISIONAL_AUTO,0,일치,,
SC_V191_B001_014,예고되다,동사,2,L0,단일일치,L0,0,PROVISIONAL_AUTO,0,일치,,
SC_V191_B001_015,위주,명사,2,L0,단일일치,L0,0,PROVISIONAL_AUTO,0,일치,,
SC_V191_B001_016,은행잎,명사,2,L0,단일일치,L0,0,PROVISIONAL_AUTO,0,일치,,
SC_V191_B001_017,이제껏,부사,2,L0,단일일치,L0,0,PROVISIONAL_AUTO,0,일치,,
SC_V191_B001_018,장터,명사,2,L0,단일일치,L0,0,PROVISIONAL_AUTO,0,일치,78(뜻풀이위험),
SC_V191_B001_019,죄짓다,동사,2,L0,단일일치,L0,0,PROVISIONAL_AUTO,0,일치,,
SC_V191_B001_020,특히,부사,2,L0,단일일치,L0,0,PROVISIONAL_AUTO,0,일치,,
SC_V191_B001_021,감사히,부사,2,L0,단일일치,L0,0,PROVISIONAL_AUTO,0,일치,,
SC_V191_B001_022,국그릇,명사,2,L0,단일일치,L0,0,PROVISIONAL_AUTO,0,일치,,
SC_V191_B001_024,무서움,명사,2,L0,단일일치,L0,0,PROVISIONAL_AUTO,0,일치,,
SC_V191_B001_025,바른말,명사,2,L0,단일일치,L0,0,PROVISIONAL_AUTO,0,일치,,
SC_V191_B001_026,사무소,명사,2,L0,단일일치,L0,0,PROVISIONAL_AUTO,0,일치,,
SC_V191_B001_028,소방대원,명사,2,L0,단일일치,L0,0,PROVISIONAL_AUTO,0,일치,,
SC_V191_B001_029,약초,명사,2,L0,단일일치,L0,0,PROVISIONAL_AUTO,0,일치,,
SC_V191_B001_030,어두컴컴하다,형용사,2,L0,단일일치,L0,0,PROVISIONAL_AUTO,0,일치,,
SC_V191_B001_031,유리병,명사,2,L0,단일일치,L0,0,PROVISIONAL_AUTO,0,일치,,
SC_V191_B001_032,유쾌하다,형용사,2,L0,단일일치,L0,0,PROVISIONAL_AUTO,0,일치,,
SC_V191_B001_033,이런저런,관형사,2,L0,단일일치,L0,0,PROVISIONAL_AUTO,0,일치,,
SC_V191_B001_034,짠맛,명사,2,L0,단일일치,L0,0,PROVISIONAL_AUTO,0,일치,,
SC_V191_B001_035,취업,명사,2,L0,단일일치,L0,0,PROVISIONAL_AUTO,0,일치,,
SC_V191_B001_036,파김치,명사,2,L0,단일일치,L0,0,PROVISIONAL_AUTO,0,일치,,
SC_V191_B001_037,하여간,부사,2,L0,단일일치,L0,0,PROVISIONAL_AUTO,0,일치,,
SC_V191_B001_038,한가득,부사,2,L0,단일일치,L0,0,PROVISIONAL_AUTO,0,일치,,
SC_V191_B001_039,공놀이하다,동사,2,L0,단일일치,L0,0,PROVISIONAL_AUTO,0,일치,,
SC_V191_B001_040,꽃향기,명사,2,L0,단일일치,L0,0,PROVISIONAL_AUTO,0,일치,,
SC_V191_B001_041,되도록,부사,2,L0,단일일치,L0,0,PROVISIONAL_AUTO,0,일치,,
SC_V191_B001_042,두통,명사,2,L0,단일일치,L0,0,PROVISIONAL_AUTO,0,일치,,
SC_V191_B001_043,등교,명사,2,L0,단일일치,L0,0,PROVISIONAL_AUTO,0,일치,78(뜻풀이위험),
SC_V191_B001_044,모욕,명사,2,L0,단일일치,L0,0,PROVISIONAL_AUTO,0,일치,,
SC_V191_B001_045,몸짓,명사,2,L0,단일일치,L0,0,PROVISIONAL_AUTO,0,일치,,
SC_V191_B001_047,성실히,부사,2,L0,단일일치,L0,0,PROVISIONAL_AUTO,0,일치,,
SC_V191_B001_048,소지품,명사,2,L0,단일일치,L0,0,PROVISIONAL_AUTO,0,일치,,
SC_V191_B001_050,신입생,명사,2,L0,단일일치,L0,0,PROVISIONAL_AUTO,0,일치,,
SC_V192_B002_001,가습기,명사,2,L0,단일일치,L0,0,PROVISIONAL_AUTO,0,일치,,
SC_V192_B002_002,가을바람,명사,2,L0,단일일치,L0,0,PROVISIONAL_AUTO,0,일치,,
SC_V192_B002_003,가족사진,명사,2,L0,단일일치,L0,0,PROVISIONAL_AUTO,0,일치,,
SC_V192_B002_004,가족회의,명사,2,L0,단일일치,L0,0,PROVISIONAL_AUTO,0,일치,,
SC_V192_B002_005,가파르다,형용사,2,L0,단일일치,L0,0,PROVISIONAL_AUTO,0,일치,,
SC_V192_B002_006,간신히,부사,2,L0,단일일치,L0,0,PROVISIONAL_AUTO,0,일치,,
SC_V192_B002_007,갈비찜,명사,2,L0,단일일치,L0,0,PROVISIONAL_AUTO,0,일치,,
SC_V192_B002_008,갈아타다,동사,2,L0,단일일치,L0,0,PROVISIONAL_AUTO,0,일치,,
SC_V192_B002_009,감귤,명사,2,L0,단일일치,L0,0,PROVISIONAL_AUTO,0,일치,,
SC_V192_B002_010,감쪽같이,부사,2,L0,단일일치,L0,0,PROVISIONAL_AUTO,0,일치,,
SC_V192_B002_011,감탄,명사,2,L0,단일일치,L0,0,PROVISIONAL_AUTO,0,일치,,
SC_V192_B002_012,감탄하다,동사,2,L0,단일일치,L0,0,PROVISIONAL_AUTO,0,일치,,
SC_V192_B002_013,거름,명사,2,L0,단일일치,L0,0,PROVISIONAL_AUTO,0,일치,78(뜻풀이위험),
SC_V192_B002_014,거만하다,형용사,2,L0,단일일치,L0,0,PROVISIONAL_AUTO,0,일치,78(뜻풀이위험),
SC_V192_B002_015,거슬리다,동사,2,L0,단일일치,L0,0,PROVISIONAL_AUTO,0,일치,,
SC_V192_B002_016,건방지다,형용사,2,L0,단일일치,L0,0,PROVISIONAL_AUTO,0,일치,,
SC_V192_B002_017,겁주다,동사,2,L0,단일일치,L0,0,PROVISIONAL_AUTO,0,일치,,
SC_V192_B002_018,겉보기,명사,2,L0,단일일치,L0,0,PROVISIONAL_AUTO,0,일치,78(뜻풀이위험),
SC_V192_B002_019,겨울날,명사,2,L0,단일일치,L0,0,PROVISIONAL_AUTO,0,일치,,
SC_V192_B002_020,겨울바람,명사,2,L0,단일일치,L0,0,PROVISIONAL_AUTO,0,일치,,
SC_V192_B002_021,격려,명사,2,L0,단일일치,L0,0,PROVISIONAL_AUTO,0,일치,,
SC_V192_B002_022,격려하다,동사,2,L0,단일일치,L0,0,PROVISIONAL_AUTO,0,일치,,
SC_V192_B002_023,결혼식장,명사,2,L0,단일일치,L0,0,PROVISIONAL_AUTO,0,일치,,
SC_V192_B002_024,경비원,명사,2,L0,단일일치,L0,0,PROVISIONAL_AUTO,0,일치,,
SC_V192_B002_025,경험하다,동사,2,L0,단일일치,L0,0,PROVISIONAL_AUTO,0,일치,,
SC_V192_B002_026,계란찜,명사,2,L0,단일일치,L0,0,PROVISIONAL_AUTO,0,일치,,
SC_V192_B002_027,계획서,명사,2,L0,단일일치,L0,0,PROVISIONAL_AUTO,0,일치,,
SC_V192_B002_028,계획표,명사,2,L0,단일일치,L0,0,PROVISIONAL_AUTO,0,일치,,
SC_V192_B002_029,고독하다,형용사,2,L0,단일일치,L0,0,PROVISIONAL_AUTO,0,일치,,
SC_V192_B002_030,고등학교,명사,2,L0,단일일치,L0,1,PROVISIONAL_AUTO,0,충돌,78(뜻풀이위험),공식대조(충돌)
SC_V192_B002_031,고등학생,명사,2,L0,단일일치,L0,0,PROVISIONAL_AUTO,0,일치,,
SC_V192_B002_032,고릴라,명사,2,L0,단일일치,L0,0,PROVISIONAL_AUTO,0,일치,,
SC_V192_B002_034,고통,명사,2,L0,단일일치,L0,0,PROVISIONAL_AUTO,0,일치,,
SC_V192_B002_035,곡식,명사,2,L0,단일일치,L0,0,PROVISIONAL_AUTO,0,일치,,
SC_V192_B002_036,곤란,명사,2,L0,단일일치,L0,0,PROVISIONAL_AUTO,0,일치,,
SC_V192_B002_037,곤란하다,형용사,2,L0,단일일치,L0,0,PROVISIONAL_AUTO,0,일치,,
SC_V192_B002_038,골대,명사,2,L0,단일일치,L0,0,PROVISIONAL_AUTO,0,일치,,
SC_V192_B002_040,곱셈,명사,2,L0,단일일치,L0,0,PROVISIONAL_AUTO,0,일치,,
SC_V192_B002_041,곱하다,동사,2,L0,단일일치,L0,0,PROVISIONAL_AUTO,0,일치,,
SC_V192_B002_042,곳곳,명사,2,L0,단일일치,L0,0,PROVISIONAL_AUTO,0,일치,,
SC_V192_B002_043,공감,명사,2,L0,단일일치,L0,0,PROVISIONAL_AUTO,0,일치,,
SC_V192_B002_044,공감하다,동사,2,L0,단일일치,L0,0,PROVISIONAL_AUTO,0,일치,,
SC_V192_B002_045,공기놀이,명사,2,L0,단일일치,L0,0,PROVISIONAL_AUTO,0,일치,,
SC_V192_B002_046,공부방,명사,2,L0,단일일치,L0,0,PROVISIONAL_AUTO,0,일치,,
SC_V192_B002_047,공손하다,형용사,2,L0,단일일치,L0,0,PROVISIONAL_AUTO,0,일치,,
SC_V192_B002_048,공연장,명사,2,L0,단일일치,L0,0,PROVISIONAL_AUTO,0,일치,,
SC_V192_B002_049,과학관,명사,2,L0,단일일치,L0,0,PROVISIONAL_AUTO,0,일치,,
SC_V192_B002_050,관객,명사,2,L0,단일일치,L0,0,PROVISIONAL_AUTO,0,일치,,
SC_V193_B003_001,관광객,명사,2,L0,단일일치,L0,0,PROVISIONAL_AUTO,0,일치,,
SC_V193_B003_002,관람,명사,2,L0,단일일치,L0,0,PROVISIONAL_AUTO,0,일치,,
SC_V193_B003_003,관람하다,동사,2,L0,단일일치,L0,0,PROVISIONAL_AUTO,0,일치,,
SC_V193_B003_004,괄호,명사,2,L0,단일일치,L0,0,REVIEW_BOUNDARY,1,일치,,
SC_V193_B003_005,교무실,명사,2,L0,단일일치,L0,0,PROVISIONAL_AUTO,0,일치,,
SC_V193_B003_006,교육청,명사,2,L0,단일일치,L0,0,PROVISIONAL_AUTO,0,일치,,
SC_V193_B003_007,교통경찰,명사,2,L0,단일일치,L0,0,PROVISIONAL_AUTO,0,일치,,
SC_V193_B003_008,교통수단,명사,2,L0,단일일치,L0,0,PROVISIONAL_AUTO,0,일치,,
SC_V193_B003_009,구구단,명사,2,L0,단일일치,L0,0,PROVISIONAL_AUTO,0,일치,,
SC_V193_B003_010,구린내,명사,2,L0,단일일치,L0,0,PROVISIONAL_AUTO,0,일치,,
SC_V193_B003_011,구명조끼,명사,2,L0,단일일치,L0,0,PROVISIONAL_AUTO,0,일치,,
SC_V193_B003_012,국산,명사,2,L0,단일일치,L0,0,PROVISIONAL_AUTO,0,일치,,
SC_V193_B003_013,군것질,명사,2,L0,단일일치,L0,0,PROVISIONAL_AUTO,0,일치,,
SC_V193_B003_014,굵기,명사,2,L0,단일일치,L0,0,PROVISIONAL_AUTO,0,일치,,
SC_V193_B003_015,귀이개,명사,2,L0,단일일치,L0,0,PROVISIONAL_AUTO,0,일치,,
SC_V193_B003_016,그리워지다,동사,2,L0,단일일치,L0,0,PROVISIONAL_AUTO,0,일치,,
SC_V193_B003_017,그림일기,명사,2,L0,단일일치,L0,0,PROVISIONAL_AUTO,0,일치,,
SC_V193_B003_018,그해,명사,2,L0,단일일치,L0,0,PROVISIONAL_AUTO,0,일치,,
SC_V193_B003_019,글쓰기,명사,2,L0,단일일치,L0,0,PROVISIONAL_AUTO,0,일치,,
SC_V193_B003_020,금빛,명사,2,L0,단일일치,L0,0,PROVISIONAL_AUTO,0,일치,,
SC_V193_B003_021,금지하다,동사,2,L0,단일일치,L0,0,PROVISIONAL_AUTO,0,일치,,
SC_V193_B003_022,급식실,명사,2,L0,단일일치,L0,0,PROVISIONAL_AUTO,0,일치,,
SC_V193_B003_023,기꺼이,부사,2,L0,단일일치,L0,0,PROVISIONAL_AUTO,0,일치,,
SC_V193_B003_024,기껏,부사,2,L0,단일일치,L0,0,PROVISIONAL_AUTO,0,일치,78(뜻풀이위험),
SC_V193_B003_025,기념관,명사,2,L0,단일일치,L0,0,PROVISIONAL_AUTO,0,일치,,
SC_V193_B003_026,기록되다,동사,2,L0,단일일치,L0,0,PROVISIONAL_AUTO,0,일치,,
SC_V193_B003_027,기억력,명사,2,L0,단일일치,L0,0,PROVISIONAL_AUTO,0,일치,,
SC_V193_B003_028,긴바늘,명사,2,L0,단일일치,L0,0,PROVISIONAL_AUTO,0,일치,,
SC_V193_B003_030,깨달음,명사,2,L0,단일일치,L0,0,PROVISIONAL_AUTO,0,일치,,
SC_V193_B003_031,꼬불꼬불,부사,2,L0,단일일치,L0,0,PROVISIONAL_AUTO,0,일치,,
SC_V193_B003_032,꾀꼴꾀꼴,부사,2,L0,단일일치,L0,0,PROVISIONAL_AUTO,0,일치,78(뜻풀이위험),
SC_V193_B003_033,꾀병,명사,2,L0,단일일치,L0,0,PROVISIONAL_AUTO,0,일치,,
SC_V193_B003_035,꿈나무,명사,2,L0,단일일치,L0,0,PROVISIONAL_AUTO,0,일치,,
SC_V193_B003_036,끊임없이,부사,2,L0,단일일치,L0,0,PROVISIONAL_AUTO,0,일치,,
SC_V193_B003_039,끌어내리다,동사,2,L0,단일일치,L0,0,PROVISIONAL_AUTO,0,일치,,
SC_V193_B003_040,끌어들이다,동사,2,L0,단일일치,L0,0,PROVISIONAL_AUTO,0,일치,,
SC_V193_B003_041,끌어올리다,동사,2,L0,단일일치,L0,0,PROVISIONAL_AUTO,0,일치,,
SC_V193_B003_042,끝맺다,동사,2,L0,단일일치,L0,0,PROVISIONAL_AUTO,0,일치,,
SC_V193_B003_043,나무젓가락,명사,2,L0,단일일치,L0,0,PROVISIONAL_AUTO,0,일치,,
SC_V193_B003_044,날아오르다,동사,2,L0,단일일치,L0,0,PROVISIONAL_AUTO,0,일치,78(뜻풀이위험),
SC_V193_B003_046,낭비,명사,2,L0,단일일치,L0,0,PROVISIONAL_AUTO,0,일치,,
SC_V193_B003_047,낭비되다,동사,2,L0,단일일치,L0,0,PROVISIONAL_AUTO,0,일치,,
SC_V193_B003_048,낭비하다,동사,2,L0,단일일치,L0,0,PROVISIONAL_AUTO,0,일치,,
SC_V193_B003_049,내내,부사,2,L0,단일일치,L0,0,PROVISIONAL_AUTO,0,일치,,
SC_V193_B003_050,너도나도,부사,2,L0,단일일치,L0,0,PROVISIONAL_AUTO,0,일치,,
SC_V194_B004_001,너머,명사,2,L0,단일일치,L0,0,PROVISIONAL_AUTO,0,일치,,
SC_V194_B004_002,넓이,명사,2,L0,단일일치,L0,0,PROVISIONAL_AUTO,0,일치,,
SC_V194_B004_003,년대,의존명사,2,L0,단일일치,L0,0,PROVISIONAL_AUTO,0,일치,,
SC_V194_B004_004,년도,의존명사,2,L0,단일일치,L0,0,PROVISIONAL_AUTO,0,일치,,
SC_V194_B004_005,노란불,명사,2,L0,단일일치,L0,0,PROVISIONAL_AUTO,0,일치,,
SC_V194_B004_006,논밭,명사,2,L0,단일일치,L0,0,PROVISIONAL_AUTO,0,일치,,
SC_V194_B004_007,놀이공원,명사,2,L0,단일일치,L0,0,PROVISIONAL_AUTO,0,일치,,
SC_V194_B004_008,놀이방,명사,2,L0,단일일치,L0,0,PROVISIONAL_AUTO,0,일치,,
SC_V194_B004_009,농민,명사,2,L0,단일일치,L0,0,PROVISIONAL_AUTO,0,일치,,
SC_V194_B004_011,눈코,명사,2,L0,단일일치,L0,0,PROVISIONAL_AUTO,0,일치,,
SC_V194_B004_012,니은,명사,2,L0,단일일치,L0,0,REVIEW_BOUNDARY,1,일치,,
SC_V194_B004_013,다행스럽다,형용사,2,L0,단일일치,L0,0,PROVISIONAL_AUTO,0,일치,,
SC_V194_B004_014,단짝,명사,2,L0,단일일치,L0,0,PROVISIONAL_AUTO,0,일치,,
SC_V194_B004_015,담당자,명사,2,L0,단일일치,L0,0,PROVISIONAL_AUTO,0,일치,,
SC_V194_B004_016,답변,명사,2,L0,단일일치,L0,0,PROVISIONAL_AUTO,0,일치,,
SC_V194_B004_017,답변하다,동사,2,L0,단일일치,L0,0,PROVISIONAL_AUTO,0,일치,,
SC_V194_B004_018,답안지,명사,2,L0,단일일치,L0,0,PROVISIONAL_AUTO,0,일치,,
SC_V194_B004_019,당일,명사,2,L0,단일일치,L0,0,PROVISIONAL_AUTO,0,일치,,
SC_V194_B004_020,대기실,명사,2,L0,단일일치,L0,0,PROVISIONAL_AUTO,0,일치,,
SC_V194_B004_021,대롱대롱,부사,2,L0,단일일치,L0,0,PROVISIONAL_AUTO,0,일치,78(뜻풀이위험),
SC_V194_B004_022,대피하다,동사,2,L0,단일일치,L0,0,PROVISIONAL_AUTO,0,일치,78(뜻풀이위험),
SC_V194_B004_023,대학생,명사,2,L0,단일일치,L0,0,PROVISIONAL_AUTO,0,일치,,
SC_V194_B004_024,더군다나,부사,2,L0,단일일치,L0,0,PROVISIONAL_AUTO,0,일치,,
SC_V194_B004_025,더더욱,부사,2,L0,단일일치,L0,0,PROVISIONAL_AUTO,0,일치,,
SC_V194_B004_026,덧셈,명사,2,L0,단일일치,L0,0,PROVISIONAL_AUTO,0,일치,,
SC_V194_B004_027,데이트,명사,2,L0,단일일치,L0,0,PROVISIONAL_AUTO,0,일치,,
SC_V194_B004_028,도넛,명사,2,L0,단일일치,L0,0,PROVISIONAL_AUTO,0,일치,,
SC_V194_B004_030,돌려받다,동사,2,L0,단일일치,L0,0,PROVISIONAL_AUTO,0,일치,,
SC_V194_B004_031,돌잔치,명사,2,L0,단일일치,L0,0,PROVISIONAL_AUTO,0,일치,,
SC_V194_B004_032,동료,명사,2,L0,단일일치,L0,0,PROVISIONAL_AUTO,0,일치,,
SC_V194_B004_033,동물병원,명사,2,L0,단일일치,L0,0,PROVISIONAL_AUTO,0,일치,,
SC_V194_B004_034,동사무소,명사,2,L0,단일일치,L0,0,REVIEW_BOUNDARY,1,일치,,
SC_V194_B004_035,동영상,명사,2,L0,단일일치,L0,0,PROVISIONAL_AUTO,0,일치,,
SC_V194_B004_036,두어,관형사,2,L0,단일일치,L0,0,PROVISIONAL_AUTO,0,일치,,
SC_V194_B004_037,뒤늦다,형용사,2,L0,단일일치,L0,0,PROVISIONAL_AUTO,0,일치,,
SC_V194_B004_038,뒤집어지다,동사,2,L0,단일일치,L0,0,REVIEW_BOUNDARY,1,일치,,
SC_V194_B004_039,뒤처리,명사,2,L0,단일일치,L0,0,PROVISIONAL_AUTO,0,일치,78(뜻풀이위험),
SC_V194_B004_040,듣기,명사,2,L0,단일일치,L0,0,PROVISIONAL_AUTO,0,일치,,
SC_V194_B004_041,들락거리다,동사,2,L0,단일일치,L0,0,PROVISIONAL_AUTO,0,일치,78(뜻풀이위험),
SC_V194_B004_042,듬성듬성,부사,2,L0,단일일치,L0,0,PROVISIONAL_AUTO,0,일치,,
SC_V194_B004_043,등교하다,동사,2,L0,단일일치,L0,0,PROVISIONAL_AUTO,0,일치,78(뜻풀이위험),
SC_V194_B004_044,등장인물,명사,2,L0,단일일치,L0,0,PROVISIONAL_AUTO,0,일치,78(뜻풀이위험),
SC_V194_B004_045,디귿,명사,2,L0,단일일치,L0,0,REVIEW_BOUNDARY,1,일치,,
SC_V194_B004_046,디자인,명사,2,L0,단일일치,L0,0,PROVISIONAL_AUTO,0,일치,,
SC_V194_B004_047,디자인하다,동사,2,L0,단일일치,L0,0,PROVISIONAL_AUTO,0,일치,,
SC_V194_B004_048,따끈따끈하다,형용사,2,L0,단일일치,L0,0,PROVISIONAL_AUTO,0,일치,,
SC_V194_B004_049,따끈하다,형용사,2,L0,단일일치,L0,0,PROVISIONAL_AUTO,0,일치,78(뜻풀이위험),
SC_V194_B004_050,따라서,부사,2,L0,단일일치,L0,0,PROVISIONAL_AUTO,0,일치,,
SC_V195_B005_001,딱지치기,명사,2,L0,단일일치,L0,0,PROVISIONAL_AUTO,0,일치,,
SC_V195_B005_002,딱풀,명사,2,L0,단일일치,L0,0,PROVISIONAL_AUTO,0,일치,,
SC_V195_B005_003,때마침,부사,2,L0,단일일치,L0,0,PROVISIONAL_AUTO,0,일치,,
SC_V195_B005_004,떡국,명사,2,L0,단일일치,L0,0,PROVISIONAL_AUTO,0,일치,,
SC_V195_B005_005,떡집,명사,2,L0,단일일치,L0,0,PROVISIONAL_AUTO,0,일치,,
SC_V195_B005_006,떳떳하다,형용사,2,L0,단일일치,L0,0,PROVISIONAL_AUTO,0,일치,78(뜻풀이위험),
SC_V195_B005_007,뚜렷하다,형용사,2,L0,단일일치,L0,0,PROVISIONAL_AUTO,0,일치,,
SC_V195_B005_008,뜻깊다,형용사,2,L0,단일일치,L0,0,PROVISIONAL_AUTO,0,일치,78(뜻풀이위험),
SC_V195_B005_009,뜻밖,명사,2,L0,단일일치,L0,0,PROVISIONAL_AUTO,0,일치,,
SC_V195_B005_010,롤러코스터,명사,2,L0,단일일치,L0,0,PROVISIONAL_AUTO,0,일치,,
SC_V195_B005_011,리더,명사,2,L0,단일일치,L0,0,PROVISIONAL_AUTO,0,일치,78(뜻풀이위험),
SC_V195_B005_012,리을,명사,2,L0,단일일치,L0,0,REVIEW_BOUNDARY,1,일치,207(레벨보류),
SC_V195_B005_013,리코더,명사,2,L0,단일일치,L0,0,PROVISIONAL_AUTO,0,일치,,
SC_V195_B005_014,마구잡이,명사,2,L0,단일일치,L0,0,PROVISIONAL_AUTO,0,일치,,
SC_V195_B005_016,마법사,명사,2,L0,단일일치,L0,0,PROVISIONAL_AUTO,0,일치,,
SC_V195_B005_018,막내딸,명사,2,L0,단일일치,L0,0,PROVISIONAL_AUTO,0,일치,,
SC_V195_B005_019,막내아들,명사,2,L0,단일일치,L0,0,PROVISIONAL_AUTO,0,일치,,
SC_V195_B005_020,만둣국,명사,2,L0,단일일치,L0,0,PROVISIONAL_AUTO,0,일치,,
SC_V195_B005_021,만족스럽다,형용사,2,L0,단일일치,L0,0,PROVISIONAL_AUTO,0,일치,,
SC_V195_B005_022,만지작거리다,동사,2,L0,단일일치,L0,0,PROVISIONAL_AUTO,0,일치,78(뜻풀이위험),
SC_V195_B005_023,말씀드리다,동사,2,L0,단일일치,L0,0,PROVISIONAL_AUTO,0,일치,,
SC_V195_B005_024,망토,명사,2,L0,단일일치,L0,0,PROVISIONAL_AUTO,0,일치,78(뜻풀이위험),
SC_V195_B005_025,맞벌이,명사,2,L0,단일일치,L0,0,PROVISIONAL_AUTO,0,일치,,
SC_V195_B005_026,매력,명사,2,L0,단일일치,L0,0,PROVISIONAL_AUTO,0,일치,,
SC_V195_B005_027,매표소,명사,2,L0,단일일치,L0,0,PROVISIONAL_AUTO,0,일치,,
SC_V195_B005_028,먹을거리,명사,2,L0,단일일치,L0,0,PROVISIONAL_AUTO,0,일치,,
SC_V195_B005_029,메모지,명사,2,L0,단일일치,L0,0,PROVISIONAL_AUTO,0,일치,,
SC_V195_B005_030,멤버,명사,2,L0,단일일치,L0,0,PROVISIONAL_AUTO,0,일치,,
SC_V195_B005_031,며느리,명사,2,L0,단일일치,L0,0,PROVISIONAL_AUTO,0,일치,,
SC_V195_B005_032,멸치볶음,명사,2,L0,단일일치,L0,0,PROVISIONAL_AUTO,0,일치,,
SC_V195_B005_033,명품,명사,2,L0,단일일치,L0,0,PROVISIONAL_AUTO,0,일치,78(뜻풀이위험),
SC_V195_B005_034,모녀,명사,2,L0,단일일치,L0,0,PROVISIONAL_AUTO,0,일치,,
SC_V195_B005_035,모둠,명사,2,L0,단일일치,L0,0,PROVISIONAL_AUTO,0,일치,,
SC_V195_B005_036,모범생,명사,2,L0,단일일치,L0,0,PROVISIONAL_AUTO,0,일치,,
SC_V195_B005_037,모집,명사,2,L0,단일일치,L0,0,PROVISIONAL_AUTO,0,일치,,
SC_V195_B005_038,모집하다,동사,2,L0,단일일치,L0,0,PROVISIONAL_AUTO,0,일치,,
SC_V195_B005_039,못지않다,형용사,2,L0,단일일치,L0,0,PROVISIONAL_AUTO,0,일치,,
SC_V195_B005_040,무뚝뚝하다,형용사,2,L0,단일일치,L0,0,PROVISIONAL_AUTO,0,일치,78(뜻풀이위험),
SC_V195_B005_041,무인도,명사,2,L0,단일일치,L0,0,PROVISIONAL_AUTO,0,일치,78(뜻풀이위험),
SC_V195_B005_042,묵찌빠,명사,2,L0,단일일치,L0,0,PROVISIONAL_AUTO,0,일치,,
SC_V195_B005_043,문구점,명사,2,L0,단일일치,L0,0,PROVISIONAL_AUTO,0,일치,,
SC_V195_B005_044,문지기,명사,2,L0,단일일치,L0,0,PROVISIONAL_AUTO,0,일치,78(뜻풀이위험),
SC_V195_B005_045,물소리,명사,2,L0,단일일치,L0,0,PROVISIONAL_AUTO,0,일치,,
SC_V195_B005_046,미국인,명사,2,L0,단일일치,L0,0,PROVISIONAL_AUTO,0,일치,,
SC_V195_B005_047,미끌미끌,부사,2,L0,단일일치,L0,0,PROVISIONAL_AUTO,0,일치,,
SC_V195_B005_050,미디어,명사,2,L0,단일일치,L0,0,PROVISIONAL_AUTO,0,일치,,
SC_V196_B006_001,미숫가루,명사,2,L0,단일일치,L0,0,PROVISIONAL_AUTO,0,일치,,
SC_V196_B006_002,미처,부사,2,L0,단일일치,L0,0,PROVISIONAL_AUTO,0,일치,,
SC_V196_B006_003,믿음직스럽다,형용사,2,L0,단일일치,L0,0,PROVISIONAL_AUTO,0,일치,,
SC_V196_B006_004,밀림,명사,2,L0,단일일치,L0,0,PROVISIONAL_AUTO,0,일치,,
SC_V196_B006_005,바스락거리다,동사,2,L0,단일일치,L0,0,PROVISIONAL_AUTO,0,일치,,
SC_V196_B006_006,반말하다,동사,2,L0,단일일치,L0,0,REVIEW_BOUNDARY,1,일치,,
SC_V196_B006_008,발차기,명사,2,L0,단일일치,L0,0,PROVISIONAL_AUTO,0,일치,,
SC_V196_B006_009,밤새우다,동사,2,L0,단일일치,L0,0,PROVISIONAL_AUTO,0,일치,,
SC_V196_B006_010,방문하다,동사,2,L0,단일일치,L0,0,PROVISIONAL_AUTO,0,일치,,
SC_V196_B006_011,방울토마토,명사,2,L0,단일일치,L0,0,PROVISIONAL_AUTO,0,일치,,
SC_V196_B006_012,방해되다,동사,2,L0,단일일치,L0,0,PROVISIONAL_AUTO,0,일치,,
SC_V196_B006_013,배신하다,동사,2,L0,단일일치,L0,0,PROVISIONAL_AUTO,0,일치,78(뜻풀이위험),
SC_V196_B006_014,버터,명사,2,L0,단일일치,L0,0,PROVISIONAL_AUTO,0,일치,,
SC_V196_B006_015,병균,명사,2,L0,단일일치,L0,0,PROVISIONAL_AUTO,0,일치,78(뜻풀이위험),
SC_V196_B006_016,병문안,명사,2,L0,단일일치,L0,0,PROVISIONAL_AUTO,0,일치,,
SC_V196_B006_017,보건실,명사,2,L0,단일일치,L0,0,PROVISIONAL_AUTO,0,일치,,
SC_V196_B006_018,보답하다,동사,2,L0,단일일치,L0,0,PROVISIONAL_AUTO,0,일치,,
SC_V196_B006_019,보람차다,형용사,2,L0,단일일치,L0,0,PROVISIONAL_AUTO,0,일치,,
SC_V196_B006_021,보조개,명사,2,L0,단일일치,L0,0,PROVISIONAL_AUTO,0,일치,,
SC_V196_B006_022,복습,명사,2,L0,단일일치,L0,0,PROVISIONAL_AUTO,0,일치,,
SC_V196_B006_023,복습하다,동사,2,L0,단일일치,L0,0,PROVISIONAL_AUTO,0,일치,,
SC_V196_B006_024,볶음밥,명사,2,L0,단일일치,L0,0,PROVISIONAL_AUTO,0,일치,,
SC_V196_B006_025,본받다,동사,2,L0,단일일치,L0,0,PROVISIONAL_AUTO,0,일치,,
SC_V196_B006_026,부끄러움,명사,2,L0,단일일치,L0,0,PROVISIONAL_AUTO,0,일치,,
SC_V196_B006_027,부담하다,동사,2,L0,단일일치,L0,0,PROVISIONAL_AUTO,0,일치,,
SC_V196_B006_028,부디,부사,2,L0,단일일치,L0,0,PROVISIONAL_AUTO,0,일치,,
SC_V196_B006_029,부랴부랴,부사,2,L0,단일일치,L0,0,PROVISIONAL_AUTO,0,일치,78(뜻풀이위험),
SC_V196_B006_030,부상자,명사,2,L0,단일일치,L0,0,PROVISIONAL_AUTO,0,일치,78(뜻풀이위험),
SC_V196_B006_031,분노,명사,2,L0,단일일치,L0,0,PROVISIONAL_AUTO,0,일치,,
SC_V196_B006_032,분리수거,명사,2,L0,단일일치,L0,0,PROVISIONAL_AUTO,0,일치,,
SC_V196_B006_033,분실물,명사,2,L0,단일일치,L0,0,PROVISIONAL_AUTO,0,일치,,
SC_V196_B006_034,불길하다,형용사,2,L0,단일일치,L0,0,PROVISIONAL_AUTO,0,일치,78(뜻풀이위험),
SC_V196_B006_035,불안감,명사,2,L0,단일일치,L0,0,PROVISIONAL_AUTO,0,일치,78(뜻풀이위험),
SC_V196_B006_036,붉어지다,동사,2,L0,단일일치,L0,0,PROVISIONAL_AUTO,0,일치,78(뜻풀이위험),
SC_V196_B006_038,비난,명사,2,L0,단일일치,L0,0,PROVISIONAL_AUTO,0,일치,,
SC_V196_B006_039,비난하다,동사,2,L0,단일일치,L0,0,PROVISIONAL_AUTO,0,일치,,
SC_V196_B006_040,비누칠,명사,2,L0,단일일치,L0,0,PROVISIONAL_AUTO,0,일치,,
SC_V196_B006_041,비료,명사,2,L0,단일일치,L0,0,PROVISIONAL_AUTO,0,일치,,
SC_V196_B006_042,비참하다,형용사,2,L0,단일일치,L0,0,PROVISIONAL_AUTO,0,일치,,
SC_V196_B006_043,비틀비틀,부사,2,L0,단일일치,L0,0,PROVISIONAL_AUTO,0,일치,78(뜻풀이위험),
SC_V196_B006_044,빨간빛,명사,2,L0,단일일치,L0,0,PROVISIONAL_AUTO,0,일치,,
SC_V196_B006_046,뺄셈,명사,2,L0,단일일치,L0,0,PROVISIONAL_AUTO,0,일치,,
SC_V196_B006_048,삐걱거리다,동사,2,L0,단일일치,L0,0,PROVISIONAL_AUTO,0,일치,78(뜻풀이위험),
SC_V196_B006_049,삐걱삐걱,부사,2,L0,단일일치,L0,0,PROVISIONAL_AUTO,0,일치,78(뜻풀이위험),
SC_V196_B006_050,사계절,명사,2,L0,단일일치,L0,0,PROVISIONAL_AUTO,0,일치,,
SC_V197_B007_001,사물함,명사,2,L0,단일일치,L0,0,PROVISIONAL_AUTO,0,일치,,
SC_V197_B007_002,사이사이,명사,2,L0,단일일치,L0,0,PROVISIONAL_AUTO,0,일치,,
SC_V197_B007_003,사인펜,명사,2,L0,단일일치,L0,0,PROVISIONAL_AUTO,0,일치,,
SC_V197_B007_004,사투리,명사,2,L0,단일일치,L0,0,REVIEW_BOUNDARY,1,일치,,
SC_V197_B007_005,상점,명사,2,L0,단일일치,L0,0,PROVISIONAL_AUTO,0,일치,,
SC_V197_B007_006,새끼발가락,명사,2,L0,단일일치,L0,0,PROVISIONAL_AUTO,0,일치,,
SC_V197_B007_008,새콤달콤하다,형용사,2,L0,단일일치,L0,0,PROVISIONAL_AUTO,0,일치,,
SC_V197_B007_009,새콤하다,형용사,2,L0,단일일치,L0,0,PROVISIONAL_AUTO,0,일치,,
SC_V197_B007_010,생일잔치,명사,2,L0,단일일치,L0,0,PROVISIONAL_AUTO,0,일치,,
SC_V197_B007_011,샤워기,명사,2,L0,단일일치,L0,0,PROVISIONAL_AUTO,0,일치,,
SC_V197_B007_012,섬기다,동사,2,L0,단일일치,L0,0,PROVISIONAL_AUTO,0,일치,,
SC_V197_B007_013,성능,명사,2,L0,단일일치,L0,0,PROVISIONAL_AUTO,0,일치,,
SC_V197_B007_014,성적표,명사,2,L0,단일일치,L0,0,PROVISIONAL_AUTO,0,일치,,
SC_V197_B007_015,성취감,명사,2,L0,단일일치,L0,0,PROVISIONAL_AUTO,0,일치,,
SC_V197_B007_016,성함,명사,2,L0,단일일치,L0,0,PROVISIONAL_AUTO,0,일치,,
SC_V197_B007_017,세발자전거,명사,2,L0,단일일치,L0,0,PROVISIONAL_AUTO,0,일치,,
SC_V197_B007_018,셔츠,명사,2,L0,단일일치,L0,0,PROVISIONAL_AUTO,0,일치,,
SC_V197_B007_019,소꿉놀이,명사,2,L0,단일일치,L0,0,PROVISIONAL_AUTO,0,일치,,
SC_V197_B007_020,소설가,명사,2,L0,단일일치,L0,0,PROVISIONAL_AUTO,0,일치,,
SC_V197_B007_021,속임수,명사,2,L0,단일일치,L0,0,PROVISIONAL_AUTO,0,일치,,
SC_V197_B007_022,손깍지,명사,2,L0,단일일치,L0,0,PROVISIONAL_AUTO,0,일치,,
SC_V197_B007_023,손뼉,명사,2,L0,단일일치,L0,0,PROVISIONAL_AUTO,0,일치,,
SC_V197_B007_024,손쉽다,형용사,2,L0,단일일치,L0,0,PROVISIONAL_AUTO,0,일치,,
SC_V197_B007_025,손재주,명사,2,L0,단일일치,L0,0,PROVISIONAL_AUTO,0,일치,,
SC_V197_B007_026,손톱깎이,명사,2,L0,단일일치,L0,0,PROVISIONAL_AUTO,0,일치,,
SC_V197_B007_027,솜이불,명사,2,L0,단일일치,L0,0,PROVISIONAL_AUTO,0,일치,78(뜻풀이위험),
SC_V197_B007_028,솥뚜껑,명사,2,L0,단일일치,L0,0,PROVISIONAL_AUTO,0,일치,78(뜻풀이위험),
SC_V197_B007_029,수술비,명사,2,L0,단일일치,L0,0,PROVISIONAL_AUTO,0,일치,,
SC_V197_B007_030,수저통,명사,2,L0,단일일치,L0,0,PROVISIONAL_AUTO,0,일치,,
SC_V197_B007_031,수제비,명사,2,L0,단일일치,L0,0,PROVISIONAL_AUTO,0,일치,,
SC_V197_B007_033,수확하다,동사,2,L0,단일일치,L0,0,PROVISIONAL_AUTO,0,일치,,
SC_V197_B007_034,순두부,명사,2,L0,단일일치,L0,0,PROVISIONAL_AUTO,0,일치,,
SC_V197_B007_035,숲길,명사,2,L0,단일일치,L0,0,PROVISIONAL_AUTO,0,일치,,
SC_V197_B007_036,스승,명사,2,L0,단일일치,L0,0,PROVISIONAL_AUTO,0,일치,,
SC_V197_B007_037,스케이트장,명사,2,L0,단일일치,L0,0,REVIEW_BOUNDARY,1,일치,,
SC_V197_B007_038,스키장,명사,2,L0,단일일치,L0,0,PROVISIONAL_AUTO,0,일치,,
SC_V197_B007_039,스토리,명사,2,L0,단일일치,L0,0,PROVISIONAL_AUTO,0,일치,,
SC_V197_B007_040,스티로폼,명사,2,L0,단일일치,L0,0,PROVISIONAL_AUTO,0,일치,,
SC_V197_B007_041,승리자,명사,2,L0,단일일치,L0,0,PROVISIONAL_AUTO,0,일치,,
SC_V197_B007_042,시내버스,명사,2,L0,단일일치,L0,0,PROVISIONAL_AUTO,0,일치,,
SC_V197_B007_043,시늉,명사,2,L0,단일일치,L0,0,PROVISIONAL_AUTO,0,일치,,
SC_V197_B007_044,시멘트,명사,2,L0,단일일치,L0,0,PROVISIONAL_AUTO,0,일치,,
SC_V197_B007_045,시무룩하다,형용사,2,L0,단일일치,L0,0,PROVISIONAL_AUTO,0,일치,,
SC_V197_B007_046,시아버지,명사,2,L0,단일일치,L0,0,PROVISIONAL_AUTO,0,일치,,
SC_V197_B007_047,시어머니,명사,2,L0,단일일치,L0,0,PROVISIONAL_AUTO,0,일치,,
SC_V197_B007_048,시옷,명사,2,L0,단일일치,L0,0,REVIEW_BOUNDARY,1,일치,,
SC_V197_B007_049,시청자,명사,2,L0,단일일치,L0,0,PROVISIONAL_AUTO,0,일치,,
SC_V197_B007_050,신기다,동사,2,L0,단일일치,L0,0,PROVISIONAL_AUTO,0,일치,,
SC_V198_B008_001,신기록,명사,2,L0,단일일치,L0,0,PROVISIONAL_AUTO,0,일치,78(뜻풀이위험),
SC_V198_B008_002,신문사,명사,2,L0,단일일치,L0,0,PROVISIONAL_AUTO,0,일치,,
SC_V198_B008_003,신발주머니,명사,2,L0,단일일치,L0,0,PROVISIONAL_AUTO,0,일치,,
SC_V198_B008_004,신청서,명사,2,L0,단일일치,L0,0,PROVISIONAL_AUTO,0,일치,,
SC_V198_B008_005,실습,명사,2,L0,단일일치,L0,0,PROVISIONAL_AUTO,0,일치,,
SC_V198_B008_006,실험실,명사,2,L0,단일일치,L0,0,PROVISIONAL_AUTO,0,일치,,
SC_V198_B008_007,싫증,명사,2,L0,단일일치,L0,0,PROVISIONAL_AUTO,0,일치,,
SC_V198_B008_008,심심풀이,명사,2,L0,단일일치,L0,0,PROVISIONAL_AUTO,0,일치,,
SC_V198_B008_010,쌍꺼풀,명사,2,L0,단일일치,L0,0,PROVISIONAL_AUTO,0,일치,,
SC_V198_B008_011,쓸모없다,형용사,2,L0,단일일치,L0,0,PROVISIONAL_AUTO,0,일치,,
SC_V198_B008_012,아기별,명사,2,L0,단일일치,L0,0,PROVISIONAL_AUTO,0,일치,,
SC_V198_B008_013,아나운서,명사,2,L0,단일일치,L0,0,PROVISIONAL_AUTO,0,일치,,
SC_V198_B008_014,아래위,명사,2,L0,단일일치,L0,0,PROVISIONAL_AUTO,0,일치,,
SC_V198_B008_015,아랫니,명사,2,L0,단일일치,L0,0,PROVISIONAL_AUTO,0,일치,,
SC_V198_B008_016,아랫부분,명사,2,L0,단일일치,L0,0,PROVISIONAL_AUTO,0,일치,,
SC_V198_B008_017,아랫집,명사,2,L0,단일일치,L0,0,PROVISIONAL_AUTO,0,일치,,
SC_V198_B008_018,아르바이트,명사,2,L0,단일일치,L0,0,PROVISIONAL_AUTO,0,일치,,
SC_V198_B008_019,아장아장,부사,2,L0,단일일치,L0,0,PROVISIONAL_AUTO,0,일치,,
SC_V198_B008_020,아찔하다,형용사,2,L0,단일일치,L0,0,PROVISIONAL_AUTO,0,일치,,
SC_V198_B008_021,악물다,동사,2,L0,단일일치,L0,0,PROVISIONAL_AUTO,0,일치,,
SC_V198_B008_022,안내서,명사,2,L0,단일일치,L0,0,PROVISIONAL_AUTO,0,일치,,
SC_V198_B008_023,안내원,명사,2,L0,단일일치,L0,0,PROVISIONAL_AUTO,0,일치,,
SC_V198_B008_024,안절부절못하다,동사,2,L0,단일일치,L0,0,REVIEW_BOUNDARY,1,일치,78(뜻풀이위험),
SC_V198_B008_025,안타까워하다,동사,2,L0,단일일치,L0,0,PROVISIONAL_AUTO,0,일치,,
SC_V198_B008_026,알람,명사,2,L0,단일일치,L0,0,PROVISIONAL_AUTO,0,일치,,
SC_V198_B008_027,알록달록,부사,2,L0,단일일치,L0,0,PROVISIONAL_AUTO,0,일치,78(뜻풀이위험),
SC_V198_B008_028,알림,명사,2,L0,단일일치,L0,0,PROVISIONAL_AUTO,0,일치,,
SC_V198_B008_029,앞문,명사,2,L0,단일일치,L0,0,PROVISIONAL_AUTO,0,일치,,
SC_V198_B008_031,애완동물,명사,2,L0,단일일치,L0,0,PROVISIONAL_AUTO,0,일치,,
SC_V198_B008_032,애타다,동사,2,L0,단일일치,L0,0,PROVISIONAL_AUTO,0,일치,78(뜻풀이위험),
SC_V198_B008_034,약값,명사,2,L0,단일일치,L0,0,PROVISIONAL_AUTO,0,일치,,
SC_V198_B008_036,양면테이프,명사,2,L0,단일일치,L0,0,PROVISIONAL_AUTO,0,일치,,
SC_V198_B008_037,어느덧,부사,2,L0,단일일치,L0,0,PROVISIONAL_AUTO,0,일치,,
SC_V198_B008_038,어둑어둑하다,형용사,2,L0,단일일치,L0,0,PROVISIONAL_AUTO,0,일치,,
SC_V198_B008_039,어여쁘다,형용사,2,L0,단일일치,L0,0,PROVISIONAL_AUTO,0,일치,,
SC_V198_B008_040,어이없다,형용사,2,L0,단일일치,L0,0,PROVISIONAL_AUTO,0,일치,,
SC_V198_B008_041,어차피,부사,2,L0,단일일치,L0,0,PROVISIONAL_AUTO,0,일치,,
SC_V198_B008_042,얼떨결,명사,2,L0,단일일치,L0,0,PROVISIONAL_AUTO,0,일치,,
SC_V198_B008_043,얼음판,명사,2,L0,단일일치,L0,0,PROVISIONAL_AUTO,0,일치,,
SC_V198_B008_044,엄두,명사,2,L0,단일일치,L0,0,PROVISIONAL_AUTO,0,일치,,
SC_V198_B008_045,엄지발가락,명사,2,L0,단일일치,L0,0,PROVISIONAL_AUTO,0,일치,,
SC_V198_B008_046,엄지발톱,명사,2,L0,단일일치,L0,0,PROVISIONAL_AUTO,0,일치,,
SC_V198_B008_047,엄지손톱,명사,2,L0,단일일치,L0,0,PROVISIONAL_AUTO,0,일치,,
SC_V198_B008_048,업적,명사,2,L0,단일일치,L0,0,PROVISIONAL_AUTO,0,일치,,
SC_V198_B008_049,엎질러지다,동사,2,L0,단일일치,L0,0,PROVISIONAL_AUTO,0,일치,,
SC_V198_B008_050,에스컬레이터,명사,2,L0,단일일치,L0,0,PROVISIONAL_AUTO,0,일치,,
SC_V199_B009_001,엔진,명사,2,L0,단일일치,L0,0,PROVISIONAL_AUTO,0,일치,,
SC_V199_B009_002,여름날,명사,2,L0,단일일치,L0,0,PROVISIONAL_AUTO,0,일치,,
SC_V199_B009_003,여름옷,명사,2,L0,단일일치,L0,0,PROVISIONAL_AUTO,0,일치,,
SC_V199_B009_004,여백,명사,2,L0,단일일치,L0,0,PROVISIONAL_AUTO,0,일치,78(뜻풀이위험),
SC_V199_B009_005,여태껏,부사,2,L0,단일일치,L0,0,PROVISIONAL_AUTO,0,일치,,
SC_V199_B009_006,연구소,명사,2,L0,단일일치,L0,0,PROVISIONAL_AUTO,0,일치,,
SC_V199_B009_007,연구실,명사,2,L0,단일일치,L0,0,PROVISIONAL_AUTO,0,일치,,
SC_V199_B009_008,연예인,명사,2,L0,단일일치,L0,0,PROVISIONAL_AUTO,0,일치,,
SC_V199_B009_009,연필깎이,명사,2,L0,단일일치,L0,0,PROVISIONAL_AUTO,0,일치,,
SC_V199_B009_010,연필꽂이,명사,2,L0,단일일치,L0,0,PROVISIONAL_AUTO,0,일치,,
SC_V199_B009_011,연필심,명사,2,L0,단일일치,L0,0,PROVISIONAL_AUTO,0,일치,,
SC_V199_B009_012,열무김치,명사,2,L0,단일일치,L0,0,PROVISIONAL_AUTO,0,일치,,
SC_V199_B009_013,열중,명사,2,L0,단일일치,L0,0,PROVISIONAL_AUTO,0,일치,,
SC_V199_B009_014,열중하다,동사,2,L0,단일일치,L0,0,PROVISIONAL_AUTO,0,일치,,
SC_V199_B009_015,영수증,명사,2,L0,단일일치,L0,0,PROVISIONAL_AUTO,0,일치,,
SC_V199_B009_017,영업,명사,2,L0,단일일치,L0,0,REVIEW_BOUNDARY,1,일치,,
SC_V199_B009_018,영하,명사,2,L0,단일일치,L0,0,PROVISIONAL_AUTO,0,일치,,
SC_V199_B009_019,예보,명사,2,L0,단일일치,L0,0,PROVISIONAL_AUTO,0,일치,,
SC_V199_B009_020,예습,명사,2,L0,단일일치,L0,0,PROVISIONAL_AUTO,0,일치,,
SC_V199_B009_021,예정되다,동사,2,L0,단일일치,L0,0,PROVISIONAL_AUTO,0,일치,,
SC_V199_B009_022,오동통하다,형용사,2,L0,단일일치,L0,0,PROVISIONAL_AUTO,0,일치,,
SC_V199_B009_023,오두막,명사,2,L0,단일일치,L0,0,PROVISIONAL_AUTO,0,일치,,
SC_V199_B009_024,오두막집,명사,2,L0,단일일치,L0,0,PROVISIONAL_AUTO,0,일치,,
SC_V199_B009_025,오른편,명사,2,L0,단일일치,L0,0,PROVISIONAL_AUTO,0,일치,,
SC_V199_B009_026,오손도손,부사,2,L0,단일일치,L0,0,PROVISIONAL_AUTO,0,일치,,
SC_V199_B009_027,오순도순,부사,2,L0,단일일치,L0,0,PROVISIONAL_AUTO,0,일치,78(뜻풀이위험),
SC_V199_B009_028,오죽하다,형용사,2,L0,단일일치,L0,0,PROVISIONAL_AUTO,0,일치,78(뜻풀이위험),
SC_V199_B009_029,올해,명사,2,L0,단일일치,L0,0,PROVISIONAL_AUTO,0,일치,,
SC_V199_B009_030,왼손잡이,명사,2,L0,단일일치,L0,0,PROVISIONAL_AUTO,0,일치,,
SC_V199_B009_032,요술쟁이,명사,2,L0,단일일치,L0,0,PROVISIONAL_AUTO,0,일치,,
SC_V199_B009_034,우물가,명사,2,L0,단일일치,L0,0,PROVISIONAL_AUTO,0,일치,,
SC_V199_B009_035,우아하다,형용사,2,L0,단일일치,L0,0,PROVISIONAL_AUTO,0,일치,,
SC_V199_B009_036,우연하다,형용사,2,L0,단일일치,L0,0,PROVISIONAL_AUTO,0,일치,,
SC_V199_B009_037,우왕좌왕하다,동사,2,L0,단일일치,L0,0,PROVISIONAL_AUTO,0,일치,,
SC_V199_B009_038,우주복,명사,2,L0,단일일치,L0,0,PROVISIONAL_AUTO,0,일치,,
SC_V199_B009_039,우주여행,명사,2,L0,단일일치,L0,0,PROVISIONAL_AUTO,0,일치,,
SC_V199_B009_040,우편함,명사,2,L0,단일일치,L0,0,PROVISIONAL_AUTO,0,일치,,
SC_V199_B009_042,울퉁불퉁,부사,2,L0,단일일치,L0,0,PROVISIONAL_AUTO,0,일치,78(뜻풀이위험),
SC_V199_B009_043,웃음꽃,명사,2,L0,단일일치,L0,0,PROVISIONAL_AUTO,0,일치,,
SC_V199_B009_044,웃음바다,명사,2,L0,단일일치,L0,0,PROVISIONAL_AUTO,0,일치,,
SC_V199_B009_045,웅장하다,형용사,2,L0,단일일치,L0,0,PROVISIONAL_AUTO,0,일치,,
SC_V199_B009_046,원망스럽다,형용사,2,L0,단일일치,L0,0,PROVISIONAL_AUTO,0,일치,,
SC_V199_B009_048,위생,명사,2,L0,단일일치,L0,0,PROVISIONAL_AUTO,0,일치,,
SC_V1910_B010_001,윗부분,명사,2,L0,단일일치,L0,0,PROVISIONAL_AUTO,0,일치,,
SC_V1910_B010_002,윗집,명사,2,L0,단일일치,L0,0,PROVISIONAL_AUTO,0,일치,,
SC_V1910_B010_003,유람선,명사,2,L0,단일일치,L0,0,PROVISIONAL_AUTO,0,일치,,
SC_V1910_B010_004,유머,명사,2,L0,단일일치,L0,0,PROVISIONAL_AUTO,0,일치,,
SC_V1910_B010_005,의심스럽다,형용사,2,L0,단일일치,L0,0,PROVISIONAL_AUTO,0,일치,,
SC_V1910_B010_006,의심하다,동사,2,L0,단일일치,L0,0,PROVISIONAL_AUTO,0,일치,,
SC_V1910_B010_007,의아하다,형용사,2,L0,단일일치,L0,0,PROVISIONAL_AUTO,0,일치,,
SC_V1910_B010_008,의외로,부사,2,L0,단일일치,L0,0,PROVISIONAL_AUTO,0,일치,78(뜻풀이위험),
SC_V1910_B010_009,이름표,명사,2,L0,단일일치,L0,0,PROVISIONAL_AUTO,0,일치,,
SC_V1910_B010_010,이발소,명사,2,L0,단일일치,L0,0,PROVISIONAL_AUTO,0,일치,78(뜻풀이위험),
SC_V1910_B010_011,이쑤시개,명사,2,L0,단일일치,L0,0,PROVISIONAL_AUTO,0,일치,,
SC_V1910_B010_012,이응,명사,2,L0,단일일치,L0,0,REVIEW_BOUNDARY,1,일치,207(레벨보류),
SC_V1910_B010_014,인내심,명사,2,L0,단일일치,L0,0,PROVISIONAL_AUTO,0,일치,78(뜻풀이위험),
SC_V1910_B010_015,인쇄하다,동사,2,L0,단일일치,L0,0,PROVISIONAL_AUTO,0,일치,,
SC_V1910_B010_016,일본식,명사,2,L0,단일일치,L0,0,PROVISIONAL_AUTO,0,일치,,
SC_V1910_B010_017,일본인,명사,2,L0,단일일치,L0,0,PROVISIONAL_AUTO,0,일치,,
SC_V1910_B010_019,입장료,명사,2,L0,단일일치,L0,0,PROVISIONAL_AUTO,0,일치,,
SC_V1910_B010_020,자기소개,명사,2,L0,단일일치,L0,0,PROVISIONAL_AUTO,0,일치,,
SC_V1910_B010_021,자욱하다,형용사,2,L0,단일일치,L0,0,PROVISIONAL_AUTO,0,일치,78(뜻풀이위험),
SC_V1910_B010_022,자존심,명사,2,L0,단일일치,L0,0,PROVISIONAL_AUTO,0,일치,,
SC_V1910_B010_023,자주색,명사,2,L0,단일일치,L0,0,PROVISIONAL_AUTO,0,일치,,
SC_V1910_B010_024,작별,명사,2,L0,단일일치,L0,0,PROVISIONAL_AUTO,0,일치,78(뜻풀이위험),
SC_V1910_B010_025,작은방,명사,2,L0,단일일치,L0,0,PROVISIONAL_AUTO,0,일치,,
SC_V1910_B010_026,잠수하다,동사,2,L0,단일일치,L0,0,PROVISIONAL_AUTO,0,일치,,
SC_V1910_B010_027,장난스럽다,형용사,2,L0,단일일치,L0,0,PROVISIONAL_AUTO,0,일치,,
SC_V1910_B010_029,장마철,명사,2,L0,단일일치,L0,0,PROVISIONAL_AUTO,0,일치,,
SC_V1910_B010_031,장조림,명사,2,L0,단일일치,L0,0,PROVISIONAL_AUTO,0,일치,,
SC_V1910_B010_032,재능,명사,2,L0,단일일치,L0,0,PROVISIONAL_AUTO,0,일치,,
SC_V1910_B010_033,재밌다,형용사,2,L0,단일일치,L0,0,PROVISIONAL_AUTO,0,일치,,
SC_V1910_B010_034,재작년,명사,2,L0,단일일치,L0,0,PROVISIONAL_AUTO,0,일치,,
SC_V1910_B010_035,재촉하다,동사,2,L0,단일일치,L0,0,PROVISIONAL_AUTO,0,일치,78(뜻풀이위험),
SC_V1910_B010_036,재활용품,명사,2,L0,단일일치,L0,0,PROVISIONAL_AUTO,0,일치,,
SC_V1910_B010_037,재활용하다,동사,2,L0,단일일치,L0,0,PROVISIONAL_AUTO,0,일치,,
SC_V1910_B010_038,잽싸다,형용사,2,L0,단일일치,L0,0,PROVISIONAL_AUTO,0,일치,,
SC_V1910_B010_039,저렴하다,형용사,2,L0,단일일치,L0,0,PROVISIONAL_AUTO,0,일치,,
SC_V1910_B010_041,저지르다,동사,2,L0,단일일치,L0,0,PROVISIONAL_AUTO,0,일치,,
SC_V1910_B010_042,저축하다,동사,2,L0,단일일치,L0,0,PROVISIONAL_AUTO,0,일치,,
SC_V1910_B010_043,전교생,명사,2,L0,단일일치,L0,0,PROVISIONAL_AUTO,0,일치,,
SC_V1910_B010_044,전문가,명사,2,L0,단일일치,L0,0,PROVISIONAL_AUTO,0,일치,,
SC_V1910_B010_047,전학,명사,2,L0,단일일치,L0,0,PROVISIONAL_AUTO,0,일치,78(뜻풀이위험),
SC_V1910_B010_048,점선,명사,2,L0,단일일치,L0,0,PROVISIONAL_AUTO,0,일치,78(뜻풀이위험),
SC_V1910_B010_049,젓가락질하다,동사,2,L0,단일일치,L0,0,PROVISIONAL_AUTO,0,일치,,
SC_V1910_B010_050,정성껏,부사,2,L0,단일일치,L0,0,PROVISIONAL_AUTO,0,일치,,
SC_V1911_B011_002,정정당당하다,형용사,2,L0,단일일치,L0,0,PROVISIONAL_AUTO,0,일치,78(뜻풀이위험),
SC_V1911_B011_004,조개껍질,명사,2,L0,단일일치,L0,0,PROVISIONAL_AUTO,0,일치,,
SC_V1911_B011_005,조마조마,부사,2,L0,단일일치,L0,0,PROVISIONAL_AUTO,0,일치,78(뜻풀이위험),
SC_V1911_B011_006,조마조마하다,형용사,2,L0,단일일치,L0,0,PROVISIONAL_AUTO,0,일치,78(뜻풀이위험),
SC_V1911_B011_007,조심스럽다,형용사,2,L0,단일일치,L0,0,REVIEW_BOUNDARY,1,일치,,
SC_V1911_B011_008,졸라매다,동사,2,L0,단일일치,L0,0,PROVISIONAL_AUTO,0,일치,,
SC_V1911_B011_010,종료,명사,2,L0,단일일치,L0,0,PROVISIONAL_AUTO,0,일치,,
SC_V1911_B011_011,종알거리다,동사,2,L0,단일일치,L0,0,PROVISIONAL_AUTO,0,일치,78(뜻풀이위험),
SC_V1911_B011_012,종알대다,동사,2,L0,단일일치,L0,0,PROVISIONAL_AUTO,0,일치,78(뜻풀이위험),
SC_V1911_B011_013,종업원,명사,2,L0,단일일치,L0,0,PROVISIONAL_AUTO,0,일치,,
SC_V1911_B011_014,종이컵,명사,2,L0,단일일치,L0,0,PROVISIONAL_AUTO,0,일치,,
SC_V1911_B011_015,중심지,명사,2,L0,단일일치,L0,0,PROVISIONAL_AUTO,0,일치,,
SC_V1911_B011_016,중지하다,동사,2,L0,단일일치,L0,0,PROVISIONAL_AUTO,0,일치,78(뜻풀이위험),
SC_V1911_B011_017,중학생,명사,2,L0,단일일치,L0,0,PROVISIONAL_AUTO,0,일치,,
SC_V1911_B011_018,증명서,명사,2,L0,단일일치,L0,0,PROVISIONAL_AUTO,0,일치,,
SC_V1911_B011_019,지난가을,명사,2,L0,단일일치,L0,0,PROVISIONAL_AUTO,0,일치,,
SC_V1911_B011_020,지난겨울,명사,2,L0,단일일치,L0,0,PROVISIONAL_AUTO,0,일치,,
SC_V1911_B011_021,지도자,명사,2,L0,단일일치,L0,0,PROVISIONAL_AUTO,0,일치,,
SC_V1911_B011_022,지도하다,동사,2,L0,단일일치,L0,0,PROVISIONAL_AUTO,0,일치,,
SC_V1911_B011_023,지식인,명사,2,L0,단일일치,L0,0,PROVISIONAL_AUTO,0,일치,,
SC_V1911_B011_024,지읒,명사,2,L0,단일일치,L0,0,REVIEW_BOUNDARY,1,일치,,
SC_V1911_B011_025,진공청소기,명사,2,L0,단일일치,L0,0,PROVISIONAL_AUTO,0,일치,78(뜻풀이위험),
SC_V1911_B011_026,진입,명사,2,L0,단일일치,L0,0,PROVISIONAL_AUTO,0,일치,,
SC_V1911_B011_027,진작에,부사,2,L0,단일일치,L0,0,PROVISIONAL_AUTO,0,일치,,
SC_V1911_B011_028,진지하다,형용사,2,L0,단일일치,L0,0,PROVISIONAL_AUTO,0,일치,,
SC_V1911_B011_029,짐작하다,동사,2,L0,단일일치,L0,0,PROVISIONAL_AUTO,0,일치,,
SC_V1911_B011_031,짝수,명사,2,L0,단일일치,L0,0,PROVISIONAL_AUTO,0,일치,,
SC_V1911_B011_032,짧은바늘,명사,2,L0,단일일치,L0,0,PROVISIONAL_AUTO,0,일치,,
SC_V1911_B011_033,쪼글쪼글,부사,2,L0,단일일치,L0,0,PROVISIONAL_AUTO,0,일치,78(뜻풀이위험),
SC_V1911_B011_034,쪼글쪼글하다,형용사,2,L0,단일일치,L0,0,PROVISIONAL_AUTO,0,일치,,
SC_V1911_B011_035,쪼들리다,동사,2,L0,단일일치,L0,0,PROVISIONAL_AUTO,0,일치,,
SC_V1911_B011_036,쫄깃쫄깃하다,형용사,2,L0,단일일치,L0,0,PROVISIONAL_AUTO,0,일치,,
SC_V1911_B011_037,찐빵,명사,2,L0,단일일치,L0,0,PROVISIONAL_AUTO,0,일치,,
SC_V1911_B011_038,차림,명사,2,L0,단일일치,L0,0,PROVISIONAL_AUTO,0,일치,,
SC_V1911_B011_039,차츰,부사,2,L0,단일일치,L0,0,PROVISIONAL_AUTO,0,일치,,
SC_V1911_B011_040,착용하다,동사,2,L0,단일일치,L0,0,PROVISIONAL_AUTO,0,일치,,
SC_V1911_B011_041,찰흙,명사,2,L0,단일일치,L0,0,PROVISIONAL_AUTO,0,일치,,
SC_V1911_B011_042,참석,명사,2,L0,단일일치,L0,0,PROVISIONAL_AUTO,0,일치,,
SC_V1911_B011_043,참석하다,동사,2,L0,단일일치,L0,0,PROVISIONAL_AUTO,0,일치,,
SC_V1911_B011_044,창의력,명사,2,L0,단일일치,L0,0,PROVISIONAL_AUTO,0,일치,,
SC_V1911_B011_045,찾아뵙다,동사,2,L0,단일일치,L0,0,PROVISIONAL_AUTO,0,일치,,
SC_V1911_B011_046,채팅,명사,2,L0,단일일치,L0,0,PROVISIONAL_AUTO,0,일치,,
SC_V1911_B011_047,책꽂이,명사,2,L0,단일일치,L0,0,PROVISIONAL_AUTO,0,일치,,
SC_V1911_B011_049,처지,명사,2,L0,단일일치,L0,0,PROVISIONAL_AUTO,0,일치,,
SC_V1912_B012_001,철저히,부사,2,L0,단일일치,L0,0,PROVISIONAL_AUTO,0,일치,,
SC_V1912_B012_002,첫인상,명사,2,L0,단일일치,L0,0,PROVISIONAL_AUTO,0,일치,,
SC_V1912_B012_003,체력,명사,2,L0,단일일치,L0,0,PROVISIONAL_AUTO,0,일치,,
SC_V1912_B012_004,체육복,명사,2,L0,단일일치,L0,0,PROVISIONAL_AUTO,0,일치,,
SC_V1912_B012_005,체크하다,동사,2,L0,단일일치,L0,0,PROVISIONAL_AUTO,0,일치,,
SC_V1912_B012_006,초가을,명사,2,L0,단일일치,L0,0,PROVISIONAL_AUTO,0,일치,,
SC_V1912_B012_007,초겨울,명사,2,L0,단일일치,L0,0,PROVISIONAL_AUTO,0,일치,,
SC_V1912_B012_008,초대장,명사,2,L0,단일일치,L0,0,PROVISIONAL_AUTO,0,일치,,
SC_V1912_B012_009,초봄,명사,2,L0,단일일치,L0,0,PROVISIONAL_AUTO,0,일치,,
SC_V1912_B012_010,초상화,명사,2,L0,단일일치,L0,0,REVIEW_BOUNDARY,1,일치,,
SC_V1912_B012_011,초여름,명사,2,L0,단일일치,L0,0,PROVISIONAL_AUTO,0,일치,,
SC_V1912_B012_012,초조하다,형용사,2,L0,단일일치,L0,0,PROVISIONAL_AUTO,0,일치,,
SC_V1912_B012_014,최우수,명사,2,L0,단일일치,L0,0,PROVISIONAL_AUTO,0,일치,78(뜻풀이위험),
SC_V1912_B012_015,최하,명사,2,L0,단일일치,L0,0,PROVISIONAL_AUTO,0,일치,,
SC_V1912_B012_016,출퇴근,명사,2,L0,단일일치,L0,0,PROVISIONAL_AUTO,0,일치,,
SC_V1912_B012_017,출퇴근하다,동사,2,L0,단일일치,L0,0,PROVISIONAL_AUTO,0,일치,,
SC_V1912_B012_018,충고,명사,2,L0,단일일치,L0,0,PROVISIONAL_AUTO,0,일치,,
SC_V1912_B012_019,충성심,명사,2,L0,단일일치,L0,0,PROVISIONAL_AUTO,0,일치,,
SC_V1912_B012_020,취직,명사,2,L0,단일일치,L0,0,PROVISIONAL_AUTO,0,일치,,
SC_V1912_B012_021,취직하다,동사,2,L0,단일일치,L0,0,PROVISIONAL_AUTO,0,일치,,
SC_V1912_B012_023,치읓,명사,2,L0,단일일치,L0,0,REVIEW_BOUNDARY,1,일치,,
SC_V1912_B012_024,친숙하다,형용사,2,L0,단일일치,L0,0,PROVISIONAL_AUTO,0,일치,,
SC_V1912_B012_025,칼국수,명사,2,L0,단일일치,L0,0,PROVISIONAL_AUTO,0,일치,,
SC_V1912_B012_026,캠프,명사,2,L0,단일일치,L0,0,PROVISIONAL_AUTO,0,일치,,
SC_V1912_B012_027,커피숍,명사,2,L0,단일일치,L0,0,PROVISIONAL_AUTO,0,일치,,
SC_V1912_B012_028,컵라면,명사,2,L0,단일일치,L0,0,PROVISIONAL_AUTO,0,일치,,
SC_V1912_B012_029,코웃음,명사,2,L0,단일일치,L0,0,PROVISIONAL_AUTO,0,일치,,
SC_V1912_B012_030,크레용,명사,2,L0,단일일치,L0,0,PROVISIONAL_AUTO,0,일치,,
SC_V1912_B012_031,키읔,명사,2,L0,단일일치,L0,0,REVIEW_BOUNDARY,1,일치,,
SC_V1912_B012_032,타고나다,동사,2,L0,단일일치,L0,0,PROVISIONAL_AUTO,0,일치,,
SC_V1912_B012_033,타워,명사,2,L0,단일일치,L0,0,PROVISIONAL_AUTO,0,일치,,
SC_V1912_B012_034,탐내다,동사,2,L0,단일일치,L0,0,PROVISIONAL_AUTO,0,일치,,
SC_V1912_B012_035,탑승하다,동사,2,L0,단일일치,L0,0,PROVISIONAL_AUTO,0,일치,,
SC_V1912_B012_036,탓하다,동사,2,L0,단일일치,L0,0,PROVISIONAL_AUTO,0,일치,,
SC_V1912_B012_037,탕수육,명사,2,L0,단일일치,L0,0,PROVISIONAL_AUTO,0,일치,,
SC_V1912_B012_038,탤런트,명사,2,L0,단일일치,L0,0,PROVISIONAL_AUTO,0,일치,,
SC_V1912_B012_039,털옷,명사,2,L0,단일일치,L0,0,PROVISIONAL_AUTO,0,일치,,
SC_V1912_B012_040,테니스,명사,2,L0,단일일치,L0,0,PROVISIONAL_AUTO,0,일치,,
SC_V1912_B012_041,테스트,명사,2,L0,단일일치,L0,0,PROVISIONAL_AUTO,0,일치,,
SC_V1912_B012_042,톱밥,명사,2,L0,단일일치,L0,0,PROVISIONAL_AUTO,0,일치,,
SC_V1912_B012_043,통닭,명사,2,L0,단일일치,L0,0,PROVISIONAL_AUTO,0,일치,,
SC_V1912_B012_044,통쾌하다,형용사,2,L0,단일일치,L0,0,PROVISIONAL_AUTO,0,일치,,
SC_V1912_B012_047,투호,명사,2,L0,단일일치,L0,0,PROVISIONAL_AUTO,0,일치,,
SC_V1912_B012_048,트라이앵글,명사,2,L0,단일일치,L0,0,REVIEW_BOUNDARY,1,일치,,
SC_V1912_B012_049,특산물,명사,2,L0,단일일치,L0,0,PROVISIONAL_AUTO,0,일치,78(뜻풀이위험),
SC_V1912_B012_050,특집,명사,2,L0,단일일치,L0,0,PROVISIONAL_AUTO,0,일치,,
SC_V1913_B013_001,티읕,명사,2,L0,단일일치,L0,0,REVIEW_BOUNDARY,1,일치,,
SC_V1913_B013_002,팀장,명사,2,L0,단일일치,L0,0,PROVISIONAL_AUTO,0,일치,,
SC_V1913_B013_003,팔베개,명사,2,L0,단일일치,L0,0,PROVISIONAL_AUTO,0,일치,,
SC_V1913_B013_004,팝콘,명사,2,L0,단일일치,L0,0,PROVISIONAL_AUTO,0,일치,,
SC_V1913_B013_005,팥죽,명사,2,L0,단일일치,L0,0,PROVISIONAL_AUTO,0,일치,,
SC_V1913_B013_006,퍼레이드,명사,2,L0,단일일치,L0,0,PROVISIONAL_AUTO,0,일치,,
SC_V1913_B013_007,퍼즐,명사,2,L0,단일일치,L0,0,PROVISIONAL_AUTO,0,일치,,
SC_V1913_B013_008,펄럭거리다,동사,2,L0,단일일치,L0,0,PROVISIONAL_AUTO,0,일치,,
SC_V1913_B013_009,펄럭펄럭,부사,2,L0,단일일치,L0,0,PROVISIONAL_AUTO,0,일치,,
SC_V1913_B013_010,편식하다,동사,2,L0,단일일치,L0,0,PROVISIONAL_AUTO,0,일치,,
SC_V1913_B013_011,편지지,명사,2,L0,단일일치,L0,0,PROVISIONAL_AUTO,0,일치,,
SC_V1913_B013_012,평등하다,형용사,2,L0,단일일치,L0,0,PROVISIONAL_AUTO,0,일치,,
SC_V1913_B013_013,폐수,명사,2,L0,단일일치,L0,0,PROVISIONAL_AUTO,0,일치,,
SC_V1913_B013_014,폐품,명사,2,L0,단일일치,L0,0,PROVISIONAL_AUTO,0,일치,,
SC_V1913_B013_015,포도밭,명사,2,L0,단일일치,L0,0,PROVISIONAL_AUTO,0,일치,78(뜻풀이위험),
SC_V1913_B013_016,포도송이,명사,2,L0,단일일치,L0,0,PROVISIONAL_AUTO,0,일치,,
SC_V1913_B013_017,포동포동하다,형용사,2,L0,단일일치,L0,0,PROVISIONAL_AUTO,0,일치,,
SC_V1913_B013_019,폭우,명사,2,L0,단일일치,L0,0,PROVISIONAL_AUTO,0,일치,,
SC_V1913_B013_020,푹신푹신,부사,2,L0,단일일치,L0,0,PROVISIONAL_AUTO,0,일치,,
SC_V1913_B013_021,푹신푹신하다,형용사,2,L0,단일일치,L0,0,PROVISIONAL_AUTO,0,일치,78(뜻풀이위험),
SC_V1913_B013_022,풍족하다,형용사,2,L0,단일일치,L0,0,PROVISIONAL_AUTO,0,일치,78(뜻풀이위험),
SC_V1913_B013_024,피아니스트,명사,2,L0,단일일치,L0,0,REVIEW_BOUNDARY,1,일치,,
SC_V1913_B013_025,피읖,명사,2,L0,단일일치,L0,0,REVIEW_BOUNDARY,1,일치,,
SC_V1913_B013_027,하나같이,부사,2,L0,단일일치,L0,0,PROVISIONAL_AUTO,0,일치,,
SC_V1913_B013_028,하락하다,동사,2,L0,단일일치,L0,0,PROVISIONAL_AUTO,0,일치,,
SC_V1913_B013_029,하마터면,부사,2,L0,단일일치,L0,0,PROVISIONAL_AUTO,0,일치,,
SC_V1913_B013_030,학교생활,명사,2,L0,단일일치,L0,0,PROVISIONAL_AUTO,0,일치,,
SC_V1913_B013_031,학부모,명사,2,L0,단일일치,L0,0,PROVISIONAL_AUTO,0,일치,,
SC_V1913_B013_032,한결,부사,2,L0,단일일치,L0,0,PROVISIONAL_AUTO,0,일치,,
SC_V1913_B013_033,한껏,부사,2,L0,단일일치,L0,0,PROVISIONAL_AUTO,0,일치,78(뜻풀이위험),
SC_V1913_B013_036,합격자,명사,2,L0,단일일치,L0,0,PROVISIONAL_AUTO,0,일치,,
SC_V1913_B013_037,해롭다,형용사,2,L0,단일일치,L0,0,PROVISIONAL_AUTO,0,일치,,
SC_V1913_B013_038,해양,명사,2,L0,단일일치,L0,0,PROVISIONAL_AUTO,0,일치,,
SC_V1913_B013_040,햄스터,명사,2,L0,단일일치,L0,0,PROVISIONAL_AUTO,0,일치,,
SC_V1913_B013_041,향긋하다,형용사,2,L0,단일일치,L0,0,PROVISIONAL_AUTO,0,일치,,
SC_V1913_B013_042,헐레벌떡,부사,2,L0,단일일치,L0,0,PROVISIONAL_AUTO,0,일치,78(뜻풀이위험),
SC_V1913_B013_043,현대인,명사,2,L0,단일일치,L0,0,PROVISIONAL_AUTO,0,일치,,
SC_V1913_B013_044,협동,명사,2,L0,단일일치,L0,0,PROVISIONAL_AUTO,0,일치,,
SC_V1913_B013_045,협동하다,동사,2,L0,단일일치,L0,0,PROVISIONAL_AUTO,0,일치,,
SC_V1913_B013_046,형광펜,명사,2,L0,단일일치,L0,0,PROVISIONAL_AUTO,0,일치,,
SC_V1913_B013_047,혜택,명사,2,L0,단일일치,L0,0,PROVISIONAL_AUTO,0,일치,,
SC_V1913_B013_049,홀수,명사,2,L0,단일일치,L0,0,PROVISIONAL_AUTO,0,일치,,
SC_V1913_B013_050,홈런,명사,2,L0,단일일치,L0,0,PROVISIONAL_AUTO,0,일치,,
SC_V1914_B014_001,홈페이지,명사,2,L0,단일일치,L0,0,PROVISIONAL_AUTO,0,일치,,
SC_V1914_B014_002,화폐,명사,2,L0,단일일치,L0,0,REVIEW_BOUNDARY,1,일치,,
SC_V1914_B014_003,황토색,명사,2,L0,단일일치,L0,0,PROVISIONAL_AUTO,0,일치,,
SC_V1914_B014_004,회식,명사,2,L0,단일일치,L0,0,PROVISIONAL_AUTO,0,일치,,
SC_V1914_B014_005,회의실,명사,2,L0,단일일치,L0,0,PROVISIONAL_AUTO,0,일치,,
SC_V1914_B014_006,회전목마,명사,2,L0,단일일치,L0,0,PROVISIONAL_AUTO,0,일치,,
SC_V1914_B014_007,후회스럽다,형용사,2,L0,단일일치,L0,0,PROVISIONAL_AUTO,0,일치,,
SC_V1914_B014_008,훌라후프,명사,2,L0,단일일치,L0,0,PROVISIONAL_AUTO,0,일치,78(뜻풀이위험),
SC_V1914_B014_009,휘파람,명사,2,L0,단일일치,L0,0,PROVISIONAL_AUTO,0,일치,,
SC_V1914_B014_010,휴게실,명사,2,L0,단일일치,L0,0,PROVISIONAL_AUTO,0,일치,,
SC_V1914_B014_011,휴대,명사,2,L0,단일일치,L0,0,PROVISIONAL_AUTO,0,일치,,
SC_V1914_B014_012,휴대용,명사,2,L0,단일일치,L0,0,PROVISIONAL_AUTO,0,일치,78(뜻풀이위험),
SC_V1914_B014_013,휴양지,명사,2,L0,단일일치,L0,0,PROVISIONAL_AUTO,0,일치,,
SC_V1914_B014_014,흐려지다,동사,2,L0,단일일치,L0,0,PROVISIONAL_AUTO,0,일치,,
SC_V1914_B014_015,흐릿하다,형용사,2,L0,단일일치,L0,0,PROVISIONAL_AUTO,0,일치,78(뜻풀이위험),
SC_V1914_B014_016,흐뭇하다,형용사,2,L0,단일일치,L0,0,PROVISIONAL_AUTO,0,일치,78(뜻풀이위험),
SC_V1914_B014_017,흙냄새,명사,2,L0,단일일치,L0,0,PROVISIONAL_AUTO,0,일치,78(뜻풀이위험),
SC_V1914_B014_018,흙장난,명사,2,L0,단일일치,L0,0,PROVISIONAL_AUTO,0,일치,,
SC_V1914_B014_019,흥미진진하다,형용사,2,L0,단일일치,L0,0,PROVISIONAL_AUTO,0,일치,,
SC_V1914_B014_020,흥부,명사,2,L0,단일일치,L0,0,REVIEW_BOUNDARY,1,일치,,
SC_V1914_B014_021,흥분되다,동사,2,L0,단일일치,L0,0,PROVISIONAL_AUTO,0,일치,,
SC_V1914_B014_022,희망하다,동사,2,L0,단일일치,L0,0,PROVISIONAL_AUTO,0,일치,,
SC_V1914_B014_024,희한하다,형용사,2,L0,단일일치,L0,0,PROVISIONAL_AUTO,0,일치,78(뜻풀이위험),
SC_V1914_B014_025,히읗,명사,2,L0,단일일치,L0,0,REVIEW_BOUNDARY,1,일치,,
SC_V1914_B014_026,가건물,명사,4,L2,단일일치,경계(L3~L4),2,REVIEW_BOUNDARY,1,일치,207(레벨보류),
SC_V1914_B014_027,가계부,명사,3,L1,단일일치,경계(L1~L2),1,PROVISIONAL_AUTO,0,일치,,
SC_V1914_B014_028,가곡집,명사,4,L2,단일일치,경계(L3~L4),3,PROVISIONAL_AUTO,0,충돌,,공식대조(충돌)
SC_V1914_B014_029,가공식품,명사,4,L2,단일일치,경계(L3~L4),3,PROVISIONAL_AUTO,0,충돌,,공식대조(충돌)
SC_V1914_B014_030,가공업,명사,4,L2,단일일치,경계(L3~L4),3,PROVISIONAL_AUTO,0,충돌,,공식대조(충돌)
SC_V1914_B014_031,가구점,명사,4,L2,단일일치,경계(L3~L4),2,REVIEW_BOUNDARY,1,일치,,
SC_V1914_B014_034,가동되다,동사,4,L2,단일일치,경계(L3~L4),2,REVIEW_BOUNDARY,1,일치,,
SC_V1914_B014_035,가뜩이나,부사,3,L1,단일일치,경계(L1~L2),1,PROVISIONAL_AUTO,0,일치,,
SC_V1914_B014_036,가락가락,부사,4,L2,단일일치,경계(L3~L4),2,REVIEW_BOUNDARY,1,일치,207(레벨보류),
SC_V1914_B014_037,가랑비,명사,3,L1,단일일치,경계(L1~L2),1,PROVISIONAL_AUTO,0,일치,,
SC_V1914_B014_038,가래떡,명사,3,L1,단일일치,경계(L1~L2),1,PROVISIONAL_AUTO,0,일치,,
SC_V1914_B014_039,가련하다,형용사,4,L2,단일일치,경계(L3~L4),2,REVIEW_BOUNDARY,1,일치,,
SC_V1914_B014_040,가로세로,명사,3,L1,단일일치,경계(L1~L2),1,PROVISIONAL_AUTO,0,일치,,
SC_V1914_B014_041,가로수,명사,3,L1,단일일치,경계(L1~L2),1,PROVISIONAL_AUTO,0,일치,,
SC_V1914_B014_042,가루받이,명사,4,L2,단일일치,경계(L3~L4),3,PROVISIONAL_AUTO,0,충돌,,공식대조(충돌)
SC_V1914_B014_043,가루우유,명사,4,L2,단일일치,경계(L3~L4),3,PROVISIONAL_AUTO,0,충돌,,공식대조(충돌)
SC_V1914_B014_044,가르마,명사,3,L1,단일일치,경계(L1~L2),1,PROVISIONAL_AUTO,0,일치,,
SC_V1914_B014_045,가리비,명사,4,L2,단일일치,경계(L3~L4),3,PROVISIONAL_AUTO,0,충돌,,공식대조(충돌)
SC_V1914_B014_046,가마솥,명사,3,L1,단일일치,경계(L1~L2),1,PROVISIONAL_AUTO,0,일치,,
SC_V1914_B014_047,가만가만,부사,3,L1,단일일치,경계(L1~L2),1,PROVISIONAL_AUTO,0,일치,,
SC_V1914_B014_048,가만두다,동사,3,L1,단일일치,경계(L1~L2),1,PROVISIONAL_AUTO,0,일치,,
SC_V1914_B014_049,가면극,명사,4,L2,단일일치,경계(L3~L4),3,PROVISIONAL_AUTO,0,충돌,,공식대조(충돌)
SC_V1914_B014_050,가무스름하다,형용사,4,L2,단일일치,경계(L3~L4),3,PROVISIONAL_AUTO,0,충돌,,공식대조(충돌)
SC_V1915_B015_001,가무잡잡하다,형용사,3,L1,단일일치,경계(L1~L2),1,REVIEW_BOUNDARY,1,일치,207(레벨보류),
SC_V1915_B015_002,가물다,동사,3,L1,단일일치,경계(L1~L2),1,PROVISIONAL_AUTO,0,일치,,
SC_V1915_B015_003,가뭄,명사,3,L1,단일일치,경계(L1~L2),1,PROVISIONAL_AUTO,0,일치,,
SC_V1915_B015_004,가벼워지다,동사,3,L1,단일일치,경계(L1~L2),1,REVIEW_BOUNDARY,1,일치,,
SC_V1915_B015_006,가스관,명사,4,L2,단일일치,경계(L3~L4),2,REVIEW_BOUNDARY,1,일치,207(레벨보류),
SC_V1915_B015_007,가스버너,명사,4,L2,단일일치,경계(L3~L4),2,REVIEW_BOUNDARY,1,일치,,
SC_V1915_B015_008,가스보일러,명사,4,L2,단일일치,경계(L3~L4),3,PROVISIONAL_AUTO,0,충돌,,공식대조(충돌)
SC_V1915_B015_009,가스오븐레인지,명사,4,L2,단일일치,경계(L3~L4),3,PROVISIONAL_AUTO,0,충돌,,공식대조(충돌)
SC_V1915_B015_010,가슴둘레,명사,4,L2,단일일치,경계(L3~L4),2,REVIEW_BOUNDARY,1,일치,207(레벨보류),
SC_V1915_B015_011,가슴뼈,명사,4,L2,단일일치,경계(L3~L4),3,PROVISIONAL_AUTO,0,충돌,,공식대조(충돌)
SC_V1915_B015_012,가시덩굴,명사,4,L2,단일일치,경계(L3~L4),3,PROVISIONAL_AUTO,0,충돌,,공식대조(충돌)
SC_V1915_B015_013,가엽다,형용사,3,L1,단일일치,경계(L1~L2),1,PROVISIONAL_AUTO,0,일치,,
SC_V1915_B015_014,가엾이,부사,4,L2,단일일치,경계(L3~L4),3,PROVISIONAL_AUTO,0,충돌,,공식대조(충돌)
SC_V1915_B015_015,가오리연,명사,4,L2,단일일치,경계(L3~L4),3,PROVISIONAL_AUTO,0,충돌,,공식대조(충돌)
SC_V1915_B015_016,가요계,명사,4,L2,단일일치,경계(L3~L4),3,PROVISIONAL_AUTO,0,충돌,,공식대조(충돌)
SC_V1915_B015_017,가운뎃손가락,명사,4,L2,단일일치,경계(L3~L4),3,PROVISIONAL_AUTO,0,충돌,,공식대조(충돌)
SC_V1915_B015_018,가을걷이,명사,4,L2,단일일치,경계(L3~L4),3,PROVISIONAL_AUTO,0,충돌,,공식대조(충돌)
SC_V1915_B015_019,가을날,명사,3,L1,단일일치,경계(L1~L2),1,PROVISIONAL_AUTO,0,일치,,
SC_V1915_B015_020,가을배추,명사,4,L2,단일일치,경계(L3~L4),2,REVIEW_BOUNDARY,1,일치,,
SC_V1915_B015_021,가을벌레,명사,4,L2,단일일치,경계(L3~L4),3,PROVISIONAL_AUTO,0,충돌,,공식대조(충돌)
SC_V1915_B015_022,가을볕,명사,4,L2,단일일치,경계(L3~L4),2,REVIEW_BOUNDARY,1,일치,,
SC_V1915_B015_023,가을비,명사,4,L2,단일일치,경계(L3~L4),2,REVIEW_BOUNDARY,1,일치,,
SC_V1915_B015_024,가을철,명사,3,L1,단일일치,경계(L1~L2),1,PROVISIONAL_AUTO,0,일치,,
SC_V1915_B015_025,가이,명사,4,L2,단일일치,경계(L3~L4),3,PROVISIONAL_AUTO,0,충돌,,공식대조(충돌)
SC_V1915_B015_026,가입자,명사,4,L2,단일일치,경계(L3~L4),3,PROVISIONAL_AUTO,0,충돌,,공식대조(충돌)
SC_V1915_B015_027,가장무도회,명사,4,L2,단일일치,경계(L3~L4),3,PROVISIONAL_AUTO,0,충돌,,공식대조(충돌)
SC_V1915_B015_028,가장자리,명사,3,L1,단일일치,경계(L1~L2),1,PROVISIONAL_AUTO,0,일치,,
SC_V1915_B015_029,가전제품,명사,4,L2,단일일치,경계(L3~L4),3,PROVISIONAL_AUTO,0,충돌,,공식대조(충돌)
SC_V1915_B015_030,가정용,명사,3,L1,단일일치,경계(L1~L2),1,PROVISIONAL_AUTO,0,일치,,
SC_V1915_B015_032,가족애,명사,4,L2,단일일치,경계(L3~L4),2,REVIEW_BOUNDARY,1,일치,,
SC_V1915_B015_033,가죽점퍼,명사,4,L2,단일일치,경계(L3~L4),2,REVIEW_BOUNDARY,1,일치,,
SC_V1915_B015_034,가지각색,명사,3,L1,단일일치,경계(L1~L2),1,REVIEW_BOUNDARY,1,일치,,
SC_V1915_B015_035,가지런하다,형용사,3,L1,단일일치,경계(L1~L2),1,REVIEW_BOUNDARY,1,일치,,
SC_V1915_B015_036,가지런히,부사,3,L1,단일일치,경계(L1~L2),1,PROVISIONAL_AUTO,0,일치,,
SC_V1915_B015_037,가지치기,명사,4,L2,단일일치,경계(L3~L4),3,PROVISIONAL_AUTO,0,충돌,,공식대조(충돌)
SC_V1915_B015_038,가축우리,명사,4,L2,단일일치,경계(L3~L4),2,REVIEW_BOUNDARY,1,일치,,
SC_V1915_B015_040,가혹,명사,4,L2,단일일치,경계(L3~L4),3,PROVISIONAL_AUTO,0,충돌,,공식대조(충돌)
SC_V1915_B015_041,가혹하다,형용사,4,L2,단일일치,경계(L3~L4),3,PROVISIONAL_AUTO,0,충돌,,공식대조(충돌)
SC_V1915_B015_042,가훈,명사,3,L1,단일일치,경계(L1~L2),1,PROVISIONAL_AUTO,0,일치,,
SC_V1915_B015_043,각계각층,명사,4,L2,단일일치,경계(L3~L4),3,PROVISIONAL_AUTO,0,충돌,,공식대조(충돌)
SC_V1915_B015_044,각국,명사,4,L2,단일일치,경계(L3~L4),2,REVIEW_BOUNDARY,1,일치,,
SC_V1915_B015_045,각기둥,명사,4,L2,단일일치,경계(L3~L4),3,PROVISIONAL_AUTO,0,충돌,,공식대조(충돌)
SC_V1915_B015_046,각도기,명사,4,L2,단일일치,경계(L3~L4),3,PROVISIONAL_AUTO,0,충돌,,공식대조(충돌)
SC_V1915_B015_047,각별하다,형용사,4,L2,단일일치,경계(L3~L4),3,PROVISIONAL_AUTO,0,충돌,,공식대조(충돌)
SC_V1915_B015_048,각별히,부사,4,L2,단일일치,경계(L3~L4),3,PROVISIONAL_AUTO,0,충돌,,공식대조(충돌)
SC_V1915_B015_049,각뿔,명사,4,L2,단일일치,경계(L3~L4),3,REVIEW_BOUNDARY,1,충돌,,공식대조(충돌)
SC_V1915_B015_050,각설탕,명사,4,L2,단일일치,경계(L3~L4),2,REVIEW_BOUNDARY,1,일치,,
SC_V1916_B016_001,각양각색,명사,4,L2,단일일치,경계(L3~L4),2,REVIEW_BOUNDARY,1,일치,,
SC_V1916_B016_002,간곳없이,부사,4,L2,단일일치,경계(L3~L4),2,REVIEW_BOUNDARY,1,일치,,
SC_V1916_B016_003,간단명료하다,형용사,4,L2,단일일치,경계(L3~L4),3,PROVISIONAL_AUTO,0,충돌,,공식대조(충돌)
SC_V1916_B016_004,간담회,명사,4,L2,단일일치,경계(L3~L4),3,PROVISIONAL_AUTO,0,충돌,,공식대조(충돌)
SC_V1916_B016_005,간소화되다,동사,4,L2,단일일치,경계(L3~L4),3,PROVISIONAL_AUTO,0,충돌,,공식대조(충돌)
SC_V1916_B016_006,간소화하다,동사,4,L2,단일일치,경계(L3~L4),3,PROVISIONAL_AUTO,0,충돌,,공식대조(충돌)
SC_V1916_B016_008,간장게장,명사,3,L1,단일일치,경계(L1~L2),1,PROVISIONAL_AUTO,0,일치,,
SC_V1916_B016_009,간장독,명사,4,L2,단일일치,경계(L3~L4),2,REVIEW_BOUNDARY,1,일치,,
SC_V1916_B016_010,간지럼,명사,3,L1,단일일치,경계(L1~L2),1,PROVISIONAL_AUTO,0,일치,,
SC_V1916_B016_013,간척지,명사,4,L2,단일일치,경계(L3~L4),3,PROVISIONAL_AUTO,0,충돌,,공식대조(충돌)
SC_V1916_B016_015,간청하다,동사,4,L2,단일일치,경계(L3~L4),2,REVIEW_BOUNDARY,1,일치,,
SC_V1916_B016_016,간편히,부사,3,L1,단일일치,경계(L1~L2),1,PROVISIONAL_AUTO,0,일치,,
SC_V1916_B016_018,갈겨쓰다,동사,3,L1,단일일치,경계(L1~L2),1,PROVISIONAL_AUTO,0,일치,,
SC_V1916_B016_019,갈고닦다,동사,3,L1,단일일치,경계(L1~L2),1,PROVISIONAL_AUTO,0,일치,,
SC_V1916_B016_020,갈기갈기,부사,3,L1,단일일치,경계(L1~L2),1,PROVISIONAL_AUTO,0,일치,,
SC_V1916_B016_021,갈대밭,명사,3,L1,단일일치,경계(L1~L2),1,PROVISIONAL_AUTO,0,일치,,
SC_V1916_B016_022,갈래갈래,부사,4,L2,단일일치,경계(L3~L4),2,REVIEW_BOUNDARY,1,일치,,
SC_V1916_B016_023,갈비구이,명사,3,L1,단일일치,경계(L1~L2),1,PROVISIONAL_AUTO,0,일치,,
SC_V1916_B016_024,갈비탕,명사,3,L1,단일일치,경계(L1~L2),1,PROVISIONAL_AUTO,0,일치,,
SC_V1916_B016_025,갈아엎다,동사,3,L1,단일일치,경계(L1~L2),1,PROVISIONAL_AUTO,0,일치,,
SC_V1916_B016_026,갈채,명사,4,L2,단일일치,경계(L3~L4),3,PROVISIONAL_AUTO,0,충돌,,공식대조(충돌)
SC_V1916_B016_027,갈치조림,명사,3,L1,단일일치,경계(L1~L2),1,PROVISIONAL_AUTO,0,일치,,
SC_V1916_B016_028,갈퀴,명사,4,L2,단일일치,경계(L3~L4),3,PROVISIONAL_AUTO,0,충돌,,공식대조(충돌)
SC_V1916_B016_029,갈팡질팡하다,동사,3,L1,단일일치,경계(L1~L2),1,REVIEW_BOUNDARY,1,일치,,
SC_V1916_B016_030,감격스럽다,형용사,3,L1,단일일치,경계(L1~L2),1,REVIEW_BOUNDARY,1,일치,207(레벨보류),
SC_V1916_B016_034,감내하다,동사,4,L2,단일일치,경계(L3~L4),2,REVIEW_BOUNDARY,1,일치,207(레벨보류),
SC_V1916_B016_035,감독관,명사,4,L2,단일일치,경계(L3~L4),2,REVIEW_BOUNDARY,1,일치,,
SC_V1916_B016_036,감명,명사,3,L1,단일일치,경계(L1~L2),1,PROVISIONAL_AUTO,0,일치,,
SC_V1916_B016_037,감미료,명사,4,L2,단일일치,경계(L3~L4),3,PROVISIONAL_AUTO,0,충돌,,공식대조(충돌)
SC_V1916_B016_038,감사패,명사,4,L2,단일일치,경계(L3~L4),2,REVIEW_BOUNDARY,1,일치,,
SC_V1916_B016_039,감상문,명사,3,L1,단일일치,경계(L1~L2),2,REVIEW_BOUNDARY,1,충돌,,공식대조(충돌)
SC_V1916_B016_040,감속,명사,4,L2,단일일치,경계(L3~L4),2,REVIEW_BOUNDARY,1,일치,,
SC_V1916_B016_041,감시원,명사,4,L2,단일일치,경계(L3~L4),3,PROVISIONAL_AUTO,0,충돌,,공식대조(충돌)
SC_V1916_B016_043,감자조림,명사,4,L2,단일일치,경계(L3~L4),2,REVIEW_BOUNDARY,1,일치,,
SC_V1916_B016_044,감점,명사,4,L2,단일일치,경계(L3~L4),2,REVIEW_BOUNDARY,1,일치,,
SC_V1916_B016_045,감쪽같다,형용사,3,L1,단일일치,경계(L1~L2),1,PROVISIONAL_AUTO,0,일치,,
SC_V1916_B016_046,감촉,명사,4,L2,단일일치,경계(L3~L4),3,PROVISIONAL_AUTO,0,충돌,,공식대조(충돌)
SC_V1916_B016_047,감탄사,명사,4,L2,단일일치,경계(L3~L4),3,PROVISIONAL_AUTO,0,충돌,,공식대조(충돌)
SC_V1916_B016_049,갑옷,명사,3,L1,단일일치,경계(L1~L2),1,PROVISIONAL_AUTO,0,일치,,
SC_V1916_B016_050,갑작스럽다,형용사,3,L1,단일일치,경계(L1~L2),1,REVIEW_BOUNDARY,1,일치,,
SC_V1917_B017_001,갑작스레,부사,4,L2,단일일치,경계(L3~L4),2,REVIEW_BOUNDARY,1,일치,207(레벨보류),
SC_V1917_B017_003,갑판,명사,4,L2,단일일치,경계(L3~L4),3,PROVISIONAL_AUTO,0,충돌,,공식대조(충돌)
SC_V1917_B017_004,값나가다,동사,4,L2,단일일치,경계(L3~L4),2,REVIEW_BOUNDARY,1,일치,207(레벨보류),
SC_V1917_B017_005,값어치,명사,3,L1,단일일치,경계(L1~L2),1,REVIEW_BOUNDARY,1,일치,,
SC_V1917_B017_006,갓김치,명사,3,L1,단일일치,경계(L1~L2),1,PROVISIONAL_AUTO,0,일치,,
SC_V1917_B017_007,갓난아기,명사,3,L1,단일일치,경계(L1~L2),1,PROVISIONAL_AUTO,0,일치,,
SC_V1917_B017_008,갓난아이,명사,3,L1,단일일치,경계(L1~L2),1,PROVISIONAL_AUTO,0,일치,,
SC_V1917_B017_009,갓난애,명사,3,L1,단일일치,경계(L1~L2),1,PROVISIONAL_AUTO,0,일치,,
SC_V1917_B017_011,강둑,명사,4,L2,단일일치,경계(L3~L4),2,REVIEW_BOUNDARY,1,일치,,
SC_V1917_B017_012,강력히,부사,3,L1,단일일치,경계(L1~L2),1,PROVISIONAL_AUTO,0,일치,,
SC_V1917_B017_013,강습회,명사,4,L2,단일일치,경계(L3~L4),3,PROVISIONAL_AUTO,0,충돌,,공식대조(충돌)
SC_V1917_B017_014,강연회,명사,4,L2,단일일치,경계(L3~L4),3,PROVISIONAL_AUTO,0,충돌,,공식대조(충돌)
SC_V1917_B017_015,강우량,명사,4,L2,단일일치,경계(L3~L4),3,PROVISIONAL_AUTO,0,충돌,,공식대조(충돌)
SC_V1917_B017_017,강줄기,명사,4,L2,단일일치,경계(L3~L4),2,REVIEW_BOUNDARY,1,일치,,
SC_V1917_B017_018,강철판,명사,4,L2,단일일치,경계(L3~L4),2,REVIEW_BOUNDARY,1,일치,,
SC_V1917_B017_019,개개인,명사,3,L1,단일일치,경계(L1~L2),1,PROVISIONAL_AUTO,0,일치,,
SC_V1917_B017_020,개골개골,부사,3,L1,단일일치,경계(L1~L2),1,PROVISIONAL_AUTO,0,일치,,
SC_V1917_B017_021,개과천선,명사,4,L2,단일일치,경계(L3~L4),3,PROVISIONAL_AUTO,0,충돌,,공식대조(충돌)
SC_V1917_B017_022,개관식,명사,4,L2,단일일치,경계(L3~L4),3,PROVISIONAL_AUTO,0,충돌,,공식대조(충돌)
SC_V1917_B017_023,개교기념일,명사,3,L1,단일일치,경계(L1~L2),1,REVIEW_BOUNDARY,1,일치,,
SC_V1917_B017_024,개교일,명사,4,L2,단일일치,경계(L3~L4),2,REVIEW_BOUNDARY,1,일치,,
SC_V1917_B017_025,개구쟁이,명사,3,L1,단일일치,경계(L1~L2),1,PROVISIONAL_AUTO,0,일치,,
SC_V1917_B017_026,개그,명사,3,L1,단일일치,경계(L1~L2),1,PROVISIONAL_AUTO,0,일치,,
SC_V1917_B017_027,개꿈,명사,3,L1,단일일치,경계(L1~L2),1,PROVISIONAL_AUTO,0,일치,,
SC_V1917_B017_028,개막식,명사,3,L1,단일일치,경계(L1~L2),1,PROVISIONAL_AUTO,0,일치,,
SC_V1917_B017_029,개미집,명사,3,L1,단일일치,경계(L1~L2),1,PROVISIONAL_AUTO,0,일치,,
SC_V1917_B017_030,개울물,명사,4,L2,단일일치,경계(L3~L4),2,REVIEW_BOUNDARY,1,일치,,
SC_V1917_B017_031,개월,의존명사,3,L1,단일일치,경계(L1~L2),1,PROVISIONAL_AUTO,0,일치,,
SC_V1917_B017_032,개인별,명사,4,L2,단일일치,경계(L3~L4),2,REVIEW_BOUNDARY,1,일치,,
SC_V1917_B017_033,개인차,명사,4,L2,단일일치,경계(L3~L4),3,PROVISIONAL_AUTO,0,충돌,,공식대조(충돌)
SC_V1917_B017_034,개장사,명사,4,L2,단일일치,경계(L3~L4),3,PROVISIONAL_AUTO,0,충돌,,공식대조(충돌)
SC_V1917_B017_035,개찰구,명사,4,L2,단일일치,경계(L3~L4),3,PROVISIONAL_AUTO,0,충돌,,공식대조(충돌)
SC_V1917_B017_036,개천가,명사,4,L2,단일일치,경계(L3~L4),2,REVIEW_BOUNDARY,1,일치,,
SC_V1917_B017_037,개최,명사,4,L2,단일일치,경계(L3~L4),2,REVIEW_BOUNDARY,1,일치,,
SC_V1917_B017_038,개최되다,동사,3,L1,단일일치,경계(L1~L2),1,PROVISIONAL_AUTO,0,일치,,
SC_V1917_B017_039,개최지,명사,4,L2,단일일치,경계(L3~L4),2,REVIEW_BOUNDARY,1,일치,207(레벨보류),
SC_V1917_B017_040,개최하다,동사,3,L1,단일일치,경계(L1~L2),1,PROVISIONAL_AUTO,0,일치,,
SC_V1917_B017_041,개키다,동사,4,L2,단일일치,경계(L3~L4),3,PROVISIONAL_AUTO,0,충돌,,공식대조(충돌)
SC_V1917_B017_043,개회식,명사,4,L2,단일일치,경계(L3~L4),2,REVIEW_BOUNDARY,1,일치,,
SC_V1917_B017_044,객석,명사,3,L1,단일일치,경계(L1~L2),1,PROVISIONAL_AUTO,0,일치,,
SC_V1917_B017_045,갯마을,명사,4,L2,단일일치,경계(L3~L4),2,REVIEW_BOUNDARY,1,일치,,
SC_V1917_B017_046,갯지렁이,명사,4,L2,단일일치,경계(L3~L4),3,PROVISIONAL_AUTO,0,충돌,,공식대조(충돌)
SC_V1917_B017_047,갸름하다,형용사,4,L2,단일일치,경계(L3~L4),2,REVIEW_BOUNDARY,1,일치,,
SC_V1917_B017_048,갸우뚱,부사,3,L1,단일일치,경계(L1~L2),1,PROVISIONAL_AUTO,0,일치,,
SC_V1917_B017_049,갸우뚱갸우뚱,부사,3,L1,단일일치,경계(L1~L2),1,REVIEW_BOUNDARY,1,일치,,
SC_V1917_B017_050,갸우뚱거리다,동사,3,L1,단일일치,경계(L1~L2),1,REVIEW_BOUNDARY,1,일치,,
SC_V1918_B018_001,갸웃거리다,동사,3,L1,단일일치,경계(L1~L2),1,REVIEW_BOUNDARY,1,일치,,
SC_V1918_B018_002,거닐다,동사,4,L2,단일일치,경계(L3~L4),3,PROVISIONAL_AUTO,0,충돌,,공식대조(충돌)
SC_V1918_B018_003,거드럭거리다,동사,4,L2,단일일치,경계(L3~L4),3,PROVISIONAL_AUTO,0,충돌,,공식대조(충돌)
SC_V1918_B018_004,거들떠보다,동사,3,L1,단일일치,경계(L1~L2),1,REVIEW_BOUNDARY,1,일치,,
SC_V1918_B018_005,거들먹거리다,동사,4,L2,단일일치,경계(L3~L4),3,PROVISIONAL_AUTO,0,충돌,,공식대조(충돌)
SC_V1918_B018_006,거듭,부사,4,L2,단일일치,경계(L3~L4),2,REVIEW_BOUNDARY,1,일치,,
SC_V1918_B018_007,거듭되다,동사,4,L2,단일일치,경계(L3~L4),3,PROVISIONAL_AUTO,0,충돌,,공식대조(충돌)
SC_V1918_B018_008,거듭하다,동사,4,L2,단일일치,경계(L3~L4),2,REVIEW_BOUNDARY,1,일치,,
SC_V1918_B018_009,거래되다,동사,4,L2,단일일치,경계(L3~L4),2,REVIEW_BOUNDARY,1,일치,,
SC_V1918_B018_012,거름기,명사,4,L2,단일일치,경계(L3~L4),3,REVIEW_BOUNDARY,1,충돌,,공식대조(충돌)
SC_V1918_B018_013,거름종이,명사,4,L2,단일일치,경계(L3~L4),3,PROVISIONAL_AUTO,0,충돌,,공식대조(충돌)
SC_V1918_B018_014,거리거리,명사,4,L2,단일일치,경계(L3~L4),2,REVIEW_BOUNDARY,1,일치,,
SC_V1918_B018_015,거무스름하다,형용사,4,L2,단일일치,경계(L3~L4),3,PROVISIONAL_AUTO,0,충돌,,공식대조(충돌)
SC_V1918_B018_016,거무죽죽하다,형용사,4,L2,단일일치,경계(L3~L4),3,PROVISIONAL_AUTO,0,충돌,,공식대조(충돌)
SC_V1918_B018_017,거무튀튀하다,형용사,4,L2,단일일치,경계(L3~L4),3,PROVISIONAL_AUTO,0,충돌,,공식대조(충돌)
SC_V1918_B018_018,거뭇거뭇,부사,4,L2,단일일치,경계(L3~L4),2,REVIEW_BOUNDARY,1,일치,207(레벨보류),
SC_V1918_B018_019,거봐,감탄사,3,L1,단일일치,경계(L1~L2),1,PROVISIONAL_AUTO,0,일치,,
SC_V1918_B018_020,거봐라,감탄사,4,L2,단일일치,경계(L3~L4),3,PROVISIONAL_AUTO,0,충돌,,공식대조(충돌)
SC_V1918_B018_021,거부감,명사,3,L1,단일일치,경계(L1~L2),1,PROVISIONAL_AUTO,0,일치,,
SC_V1918_B018_022,거세지다,동사,4,L2,단일일치,경계(L3~L4),2,REVIEW_BOUNDARY,1,일치,,
SC_V1918_B018_023,거스름돈,명사,3,L1,단일일치,경계(L1~L2),1,PROVISIONAL_AUTO,0,일치,,
SC_V1918_B018_024,거역하다,동사,3,L1,단일일치,경계(L1~L2),1,PROVISIONAL_AUTO,0,일치,,
SC_V1918_B018_025,거울삼다,동사,4,L2,단일일치,경계(L3~L4),3,PROVISIONAL_AUTO,0,충돌,,공식대조(충돌)
SC_V1918_B018_026,거저먹기,명사,4,L2,단일일치,경계(L3~L4),3,PROVISIONAL_AUTO,0,충돌,,공식대조(충돌)
SC_V1918_B018_027,거점,명사,4,L2,단일일치,경계(L3~L4),2,REVIEW_BOUNDARY,1,일치,,
SC_V1918_B018_028,거주자,명사,3,L1,단일일치,경계(L1~L2),1,PROVISIONAL_AUTO,0,일치,,
SC_V1918_B018_029,거주하다,동사,3,L1,단일일치,경계(L1~L2),1,PROVISIONAL_AUTO,0,일치,,
SC_V1918_B018_030,거중기,명사,4,L2,단일일치,경계(L3~L4),3,PROVISIONAL_AUTO,0,충돌,,공식대조(충돌)
SC_V1918_B018_031,거즈,명사,4,L2,단일일치,경계(L3~L4),3,PROVISIONAL_AUTO,0,충돌,,공식대조(충돌)
SC_V1918_B018_033,거짓되다,형용사,4,L2,단일일치,경계(L3~L4),2,REVIEW_BOUNDARY,1,일치,,
SC_V1918_B018_034,거짓말투성이,명사,4,L2,단일일치,경계(L3~L4),3,PROVISIONAL_AUTO,0,충돌,,공식대조(충돌)
SC_V1918_B018_035,거참,감탄사,4,L2,단일일치,경계(L3~L4),2,REVIEW_BOUNDARY,1,일치,,
SC_V1918_B018_036,거창하다,형용사,4,L2,단일일치,경계(L3~L4),2,REVIEW_BOUNDARY,1,일치,,
SC_V1918_B018_037,거칠거칠,부사,3,L1,단일일치,경계(L1~L2),1,PROVISIONAL_AUTO,0,일치,,
SC_V1918_B018_038,거칠거칠하다,형용사,3,L1,단일일치,경계(L1~L2),1,REVIEW_BOUNDARY,1,일치,,
SC_V1918_B018_039,거칠어지다,동사,3,L1,단일일치,경계(L1~L2),2,REVIEW_BOUNDARY,1,충돌,,공식대조(충돌)
SC_V1918_B018_040,거침없다,형용사,3,L1,단일일치,경계(L1~L2),1,PROVISIONAL_AUTO,0,일치,,
SC_V1918_B018_041,거침없이,부사,4,L2,단일일치,경계(L3~L4),3,PROVISIONAL_AUTO,0,충돌,,공식대조(충돌)
SC_V1918_B018_042,걱정거리,명사,3,L1,단일일치,경계(L1~L2),1,REVIEW_BOUNDARY,1,일치,,
SC_V1918_B018_043,걱정스레,부사,4,L2,단일일치,경계(L3~L4),2,REVIEW_BOUNDARY,1,일치,,
SC_V1918_B018_048,건너다니다,동사,4,L2,단일일치,경계(L3~L4),3,PROVISIONAL_AUTO,0,충돌,,공식대조(충돌)
SC_V1918_B018_049,건너서다,동사,4,L2,단일일치,경계(L3~L4),2,REVIEW_BOUNDARY,1,일치,,
SC_V1918_B018_050,건넛마을,명사,4,L2,단일일치,경계(L3~L4),2,REVIEW_BOUNDARY,1,일치,,
SC_V1919_B019_001,건넛집,명사,4,L2,단일일치,경계(L3~L4),2,REVIEW_BOUNDARY,1,일치,,
SC_V1919_B019_002,건네받다,동사,3,L1,단일일치,경계(L1~L2),1,PROVISIONAL_AUTO,0,일치,,
SC_V1919_B019_003,건설업,명사,4,L2,단일일치,경계(L3~L4),3,PROVISIONAL_AUTO,0,충돌,,공식대조(충돌)
SC_V1919_B019_004,건설업자,명사,4,L2,단일일치,경계(L3~L4),3,PROVISIONAL_AUTO,0,충돌,,공식대조(충돌)
SC_V1919_B019_005,건어물,명사,4,L2,단일일치,경계(L3~L4),2,REVIEW_BOUNDARY,1,일치,207(레벨보류),
SC_V1919_B019_006,건장하다,형용사,4,L2,단일일치,경계(L3~L4),2,REVIEW_BOUNDARY,1,일치,,
SC_V1919_B019_007,건조대,명사,4,L2,단일일치,경계(L3~L4),3,PROVISIONAL_AUTO,0,충돌,,공식대조(충돌)
SC_V1919_B019_008,건축가,명사,3,L1,단일일치,경계(L1~L2),1,PROVISIONAL_AUTO,0,일치,,
SC_V1919_B019_009,건축물,명사,3,L1,단일일치,경계(L1~L2),1,REVIEW_BOUNDARY,1,일치,,
SC_V1919_B019_010,건축미,명사,4,L2,단일일치,경계(L3~L4),2,REVIEW_BOUNDARY,1,일치,,
SC_V1919_B019_011,건축술,명사,4,L2,단일일치,경계(L3~L4),2,REVIEW_BOUNDARY,1,일치,,
SC_V1919_B019_012,건축업,명사,4,L2,단일일치,경계(L3~L4),2,REVIEW_BOUNDARY,1,일치,,
SC_V1919_B019_013,건포도,명사,4,L2,단일일치,경계(L3~L4),2,REVIEW_BOUNDARY,1,일치,,
SC_V1919_B019_014,걷어붙이다,동사,4,L2,단일일치,경계(L3~L4),3,PROVISIONAL_AUTO,0,충돌,,공식대조(충돌)
SC_V1919_B019_015,걸그물,명사,4,L2,단일일치,경계(L3~L4),3,PROVISIONAL_AUTO,0,충돌,,공식대조(충돌)
SC_V1919_B019_016,걸레질,명사,3,L1,단일일치,경계(L1~L2),1,PROVISIONAL_AUTO,0,일치,,
SC_V1919_B019_017,걸레질하다,동사,4,L2,단일일치,경계(L3~L4),3,PROVISIONAL_AUTO,0,충돌,,공식대조(충돌)
SC_V1919_B019_018,걸맞다,형용사,4,L2,단일일치,경계(L3~L4),2,REVIEW_BOUNDARY,1,일치,,
SC_V1919_B019_019,걸터앉다,동사,3,L1,단일일치,경계(L1~L2),1,PROVISIONAL_AUTO,0,일치,,
SC_V1919_B019_020,걸핏하면,부사,3,L1,단일일치,경계(L1~L2),1,PROVISIONAL_AUTO,0,일치,,
SC_V1919_B019_021,검댕,명사,4,L2,단일일치,경계(L3~L4),2,REVIEW_BOUNDARY,1,일치,,
SC_V1919_B019_024,검불,명사,4,L2,단일일치,경계(L3~L4),3,PROVISIONAL_AUTO,0,충돌,,공식대조(충돌)
SC_V1919_B019_025,검붉다,형용사,4,L2,단일일치,경계(L3~L4),2,REVIEW_BOUNDARY,1,일치,,
SC_V1919_B019_026,검사기,명사,4,L2,단일일치,경계(L3~L4),3,REVIEW_BOUNDARY,1,충돌,,공식대조(충돌)
SC_V1919_B019_027,검산하다,동사,4,L2,단일일치,경계(L3~L4),3,PROVISIONAL_AUTO,0,충돌,,공식대조(충돌)
SC_V1919_B019_028,검색어,명사,4,L2,단일일치,경계(L3~L4),2,REVIEW_BOUNDARY,1,일치,,
SC_V1919_B019_029,검소하다,형용사,4,L2,단일일치,경계(L3~L4),3,PROVISIONAL_AUTO,0,충돌,,공식대조(충돌)
SC_V1919_B019_030,검은빛,명사,3,L1,단일일치,경계(L1~L2),1,PROVISIONAL_AUTO,0,일치,,
SC_V1919_B019_031,검은콩,명사,3,L1,단일일치,경계(L1~L2),1,PROVISIONAL_AUTO,0,일치,,
SC_V1919_B019_032,검정깨,명사,4,L2,단일일치,경계(L3~L4),2,REVIEW_BOUNDARY,1,일치,,
SC_V1919_B019_033,검정콩,명사,4,L2,단일일치,경계(L3~L4),2,REVIEW_BOUNDARY,1,일치,,
SC_V1919_B019_034,검출되다,동사,4,L2,단일일치,경계(L3~L4),3,PROVISIONAL_AUTO,0,충돌,,공식대조(충돌)
SC_V1919_B019_035,검푸르다,형용사,4,L2,단일일치,경계(L3~L4),2,REVIEW_BOUNDARY,1,일치,,
SC_V1919_B019_036,겁먹다,동사,3,L1,단일일치,경계(L1~L2),1,PROVISIONAL_AUTO,0,일치,,
SC_V1919_B019_038,겅중겅중,부사,4,L2,단일일치,경계(L3~L4),2,REVIEW_BOUNDARY,1,일치,,
SC_V1919_B019_039,겉감,명사,4,L2,단일일치,경계(L3~L4),2,REVIEW_BOUNDARY,1,일치,,
SC_V1919_B019_040,겉껍질,명사,4,L2,단일일치,경계(L3~L4),2,REVIEW_BOUNDARY,1,일치,,
SC_V1919_B019_041,겉넓이,명사,4,L2,단일일치,경계(L3~L4),3,PROVISIONAL_AUTO,0,충돌,,공식대조(충돌)
SC_V1919_B019_042,겉멋,명사,3,L1,단일일치,경계(L1~L2),1,PROVISIONAL_AUTO,0,일치,,
SC_V1919_B019_043,겉면,명사,4,L2,단일일치,경계(L3~L4),2,REVIEW_BOUNDARY,1,일치,,
SC_V1919_B019_044,겉모양,명사,3,L1,단일일치,경계(L1~L2),1,PROVISIONAL_AUTO,0,일치,,
SC_V1919_B019_045,겉치레,명사,3,L1,단일일치,경계(L1~L2),1,PROVISIONAL_AUTO,0,일치,,
SC_V1919_B019_046,겉표지,명사,3,L1,단일일치,경계(L1~L2),1,PROVISIONAL_AUTO,0,일치,,
SC_V1919_B019_047,게스트,명사,3,L1,단일일치,경계(L1~L2),1,PROVISIONAL_AUTO,0,일치,,
SC_V1919_B019_048,게시되다,동사,4,L2,단일일치,경계(L3~L4),3,PROVISIONAL_AUTO,0,충돌,,공식대조(충돌)
SC_V1919_B019_049,게시물,명사,4,L2,단일일치,경계(L3~L4),3,PROVISIONAL_AUTO,0,충돌,,공식대조(충돌)
SC_V1919_B019_050,게시하다,동사,4,L2,단일일치,경계(L3~L4),3,PROVISIONAL_AUTO,0,충돌,,공식대조(충돌)
SC_V1920_B020_001,게양대,명사,4,L2,단일일치,경계(L3~L4),3,PROVISIONAL_AUTO,0,충돌,,공식대조(충돌)
SC_V1920_B020_002,게양되다,동사,4,L2,단일일치,경계(L3~L4),2,REVIEW_BOUNDARY,1,일치,,
SC_V1920_B020_004,게을리,부사,4,L2,단일일치,경계(L3~L4),2,REVIEW_BOUNDARY,1,일치,,
SC_V1920_B020_005,게을리하다,동사,3,L1,단일일치,경계(L1~L2),1,REVIEW_BOUNDARY,1,일치,,
SC_V1920_B020_006,게임기,명사,3,L1,단일일치,경계(L1~L2),1,PROVISIONAL_AUTO,0,일치,,
SC_V1920_B020_007,겨레말,명사,4,L2,단일일치,경계(L3~L4),2,REVIEW_BOUNDARY,1,일치,,
SC_V1920_B020_008,겨루기,명사,4,L2,단일일치,경계(L3~L4),3,PROVISIONAL_AUTO,0,충돌,,공식대조(충돌)
SC_V1920_B020_009,겨를,의존명사,4,L2,단일일치,경계(L3~L4),3,PROVISIONAL_AUTO,0,충돌,,공식대조(충돌)
SC_V1920_B020_010,겨우겨우,부사,3,L1,단일일치,경계(L1~L2),1,PROVISIONAL_AUTO,0,일치,,
SC_V1920_B020_011,겨우내,부사,3,L1,단일일치,경계(L1~L2),1,PROVISIONAL_AUTO,0,일치,,
SC_V1920_B020_012,겨울눈,명사,4,L2,단일일치,경계(L3~L4),3,PROVISIONAL_AUTO,0,충돌,,공식대조(충돌)
SC_V1920_B020_013,겨울비,명사,4,L2,단일일치,경계(L3~L4),2,REVIEW_BOUNDARY,1,일치,,
SC_V1920_B020_014,겨울옷,명사,3,L1,단일일치,경계(L1~L2),1,PROVISIONAL_AUTO,0,일치,,
SC_V1920_B020_015,격렬하다,형용사,4,L2,단일일치,경계(L3~L4),2,REVIEW_BOUNDARY,1,일치,,
SC_V1920_B020_016,격식,명사,3,L1,단일일치,경계(L1~L2),1,REVIEW_BOUNDARY,1,일치,,
SC_V1920_B020_017,격언,명사,4,L2,단일일치,경계(L3~L4),3,PROVISIONAL_AUTO,0,충돌,,공식대조(충돌)
SC_V1920_B020_021,견적,명사,4,L2,단일일치,경계(L3~L4),3,PROVISIONAL_AUTO,0,충돌,,공식대조(충돌)
SC_V1920_B020_022,견주다,동사,4,L2,단일일치,경계(L3~L4),3,PROVISIONAL_AUTO,0,충돌,,공식대조(충돌)
SC_V1920_B020_023,견직물,명사,4,L2,단일일치,경계(L3~L4),3,PROVISIONAL_AUTO,0,충돌,,공식대조(충돌)
SC_V1920_B020_024,견학하다,동사,3,L1,단일일치,경계(L1~L2),1,PROVISIONAL_AUTO,0,일치,,
SC_V1920_B020_025,결과물,명사,3,L1,단일일치,경계(L1~L2),1,PROVISIONAL_AUTO,0,일치,,
SC_V1920_B020_026,결단력,명사,4,L2,단일일치,경계(L3~L4),3,PROVISIONAL_AUTO,0,충돌,,공식대조(충돌)
SC_V1920_B020_029,결산서,명사,4,L2,단일일치,경계(L3~L4),3,PROVISIONAL_AUTO,0,충돌,,공식대조(충돌)
SC_V1920_B020_030,결승선,명사,3,L1,단일일치,경계(L1~L2),1,REVIEW_BOUNDARY,1,일치,,
SC_V1920_B020_031,결승전,명사,3,L1,단일일치,경계(L1~L2),1,PROVISIONAL_AUTO,0,일치,,
SC_V1920_B020_032,결점,명사,4,L2,단일일치,경계(L3~L4),3,PROVISIONAL_AUTO,0,충돌,,공식대조(충돌)
SC_V1920_B020_033,결혼기념일,명사,3,L1,단일일치,경계(L1~L2),1,REVIEW_BOUNDARY,1,일치,,
SC_V1920_B020_034,겸사겸사,부사,3,L1,단일일치,경계(L1~L2),1,PROVISIONAL_AUTO,0,일치,,
SC_V1920_B020_035,겸손,명사,3,L1,단일일치,경계(L1~L2),1,PROVISIONAL_AUTO,0,일치,,
SC_V1920_B020_036,겸손하다,형용사,3,L1,단일일치,경계(L1~L2),1,PROVISIONAL_AUTO,0,일치,,
SC_V1920_B020_037,겸연쩍다,형용사,4,L2,단일일치,경계(L3~L4),2,REVIEW_BOUNDARY,1,일치,,
SC_V1920_B020_038,겹받침,명사,4,L2,단일일치,경계(L3~L4),3,PROVISIONAL_AUTO,0,충돌,,공식대조(충돌)
SC_V1920_B020_039,겹쳐지다,동사,3,L1,단일일치,경계(L1~L2),1,PROVISIONAL_AUTO,0,일치,,
SC_V1920_B020_040,경계망,명사,4,L2,단일일치,경계(L3~L4),3,PROVISIONAL_AUTO,0,충돌,,공식대조(충돌)
SC_V1920_B020_041,경계심,명사,3,L1,단일일치,경계(L1~L2),1,PROVISIONAL_AUTO,0,일치,,
SC_V1920_B020_042,경내,명사,4,L2,단일일치,경계(L3~L4),2,REVIEW_BOUNDARY,1,일치,,
SC_V1920_B020_043,경례하다,동사,4,L2,단일일치,경계(L3~L4),3,PROVISIONAL_AUTO,0,충돌,,공식대조(충돌)
SC_V1920_B020_047,경보기,명사,4,L2,단일일치,경계(L3~L4),3,PROVISIONAL_AUTO,0,충돌,,공식대조(충돌)
SC_V1920_B020_048,경비실,명사,3,L1,단일일치,경계(L1~L2),1,PROVISIONAL_AUTO,0,일치,,
SC_V1920_B020_049,경비하다,동사,4,L2,단일일치,경계(L3~L4),3,PROVISIONAL_AUTO,0,충돌,,공식대조(충돌)
SC_V1920_B020_050,경사로,명사,4,L2,단일일치,경계(L3~L4),3,PROVISIONAL_AUTO,0,충돌,,공식대조(충돌)
SC_V1921_B021_001,경사면,명사,4,L2,단일일치,경계(L3~L4),2,REVIEW_BOUNDARY,1,일치,,
SC_V1921_B021_002,경사스럽다,형용사,4,L2,단일일치,경계(L3~L4),3,PROVISIONAL_AUTO,0,충돌,,공식대조(충돌)
SC_V1921_B021_003,경사지다,동사,3,L1,단일일치,경계(L1~L2),1,PROVISIONAL_AUTO,0,일치,,
SC_V1921_B021_004,경솔하다,형용사,3,L1,단일일치,경계(L1~L2),1,PROVISIONAL_AUTO,0,일치,,
SC_V1921_B021_005,경악하다,동사,3,L1,단일일치,경계(L1~L2),1,PROVISIONAL_AUTO,0,일치,,
SC_V1921_B021_006,경이롭다,형용사,4,L2,단일일치,경계(L3~L4),2,REVIEW_BOUNDARY,1,일치,,
SC_V1921_B021_007,경작,명사,4,L2,단일일치,경계(L3~L4),2,REVIEW_BOUNDARY,1,일치,,
SC_V1921_B021_008,경작지,명사,4,L2,단일일치,경계(L3~L4),2,REVIEW_BOUNDARY,1,일치,,
SC_V1921_B021_009,경작하다,동사,4,L2,단일일치,경계(L3~L4),2,REVIEW_BOUNDARY,1,일치,,
SC_V1921_B021_010,경쟁력,명사,4,L2,단일일치,경계(L3~L4),3,PROVISIONAL_AUTO,0,충돌,,공식대조(충돌)
SC_V1921_B021_011,경쟁심,명사,4,L2,단일일치,경계(L3~L4),3,PROVISIONAL_AUTO,0,충돌,,공식대조(충돌)
SC_V1921_B021_012,경쟁자,명사,3,L1,단일일치,경계(L1~L2),1,PROVISIONAL_AUTO,0,일치,,
SC_V1921_B021_013,경쟁하다,동사,3,L1,단일일치,경계(L1~L2),1,PROVISIONAL_AUTO,0,일치,,
SC_V1921_B021_014,경제면,명사,4,L2,단일일치,경계(L3~L4),2,REVIEW_BOUNDARY,1,일치,,
SC_V1921_B021_015,경제생활,명사,4,L2,단일일치,경계(L3~L4),3,PROVISIONAL_AUTO,0,충돌,,공식대조(충돌)
SC_V1921_B021_018,경축하다,동사,4,L2,단일일치,경계(L3~L4),2,REVIEW_BOUNDARY,1,일치,,
SC_V1921_B021_019,경쾌하다,형용사,4,L2,단일일치,경계(L3~L4),3,PROVISIONAL_AUTO,0,충돌,,공식대조(충돌)
SC_V1921_B021_020,경험담,명사,3,L1,단일일치,경계(L1~L2),1,PROVISIONAL_AUTO,0,일치,,
SC_V1921_B021_021,경험자,명사,4,L2,단일일치,경계(L3~L4),3,PROVISIONAL_AUTO,0,충돌,,공식대조(충돌)
SC_V1921_B021_022,경호원,명사,4,L2,단일일치,경계(L3~L4),3,PROVISIONAL_AUTO,0,충돌,,공식대조(충돌)
SC_V1921_B021_024,계란말이,명사,3,L1,단일일치,경계(L1~L2),1,PROVISIONAL_AUTO,0,일치,,
SC_V1921_B021_025,계란빵,명사,4,L2,단일일치,경계(L3~L4),3,PROVISIONAL_AUTO,0,충돌,,공식대조(충돌)
SC_V1921_B021_026,계란형,명사,4,L2,단일일치,경계(L3~L4),2,REVIEW_BOUNDARY,1,일치,,
SC_V1921_B021_027,계략,명사,3,L1,단일일치,경계(L1~L2),1,PROVISIONAL_AUTO,0,일치,,
SC_V1921_B021_028,계량스푼,명사,4,L2,단일일치,경계(L3~L4),3,PROVISIONAL_AUTO,0,충돌,,공식대조(충돌)
SC_V1921_B021_029,계량컵,명사,4,L2,단일일치,경계(L3~L4),3,PROVISIONAL_AUTO,0,충돌,,공식대조(충돌)
SC_V1921_B021_030,계몽,명사,4,L2,단일일치,경계(L3~L4),3,PROVISIONAL_AUTO,0,충돌,,공식대조(충돌)
SC_V1921_B021_031,계몽하다,동사,4,L2,단일일치,경계(L3~L4),3,PROVISIONAL_AUTO,0,충돌,,공식대조(충돌)
SC_V1921_B021_032,계산기,명사,3,L1,단일일치,경계(L1~L2),1,PROVISIONAL_AUTO,0,일치,,
SC_V1921_B021_036,계측하다,동사,4,L2,단일일치,경계(L3~L4),2,REVIEW_BOUNDARY,1,일치,,
SC_V1921_B021_037,계획안,명사,3,L1,단일일치,경계(L1~L2),1,PROVISIONAL_AUTO,0,일치,,
SC_V1921_B021_038,고갯길,명사,4,L2,단일일치,경계(L3~L4),2,REVIEW_BOUNDARY,1,일치,,
SC_V1921_B021_039,고갯마루,명사,4,L2,단일일치,경계(L3~L4),2,REVIEW_BOUNDARY,1,일치,,
SC_V1921_B021_040,고갯짓,명사,4,L2,단일일치,경계(L3~L4),2,REVIEW_BOUNDARY,1,일치,207(레벨보류),
SC_V1921_B021_041,고교생,명사,3,L1,단일일치,경계(L1~L2),1,PROVISIONAL_AUTO,0,일치,,
SC_V1921_B021_042,고구마튀김,명사,4,L2,단일일치,경계(L3~L4),3,PROVISIONAL_AUTO,0,충돌,,공식대조(충돌)
SC_V1921_B021_043,고급스럽다,형용사,3,L1,단일일치,경계(L1~L2),1,REVIEW_BOUNDARY,1,일치,,
SC_V1921_B021_044,고급품,명사,4,L2,단일일치,경계(L3~L4),2,REVIEW_BOUNDARY,1,일치,,
SC_V1921_B021_045,고기반찬,명사,4,L2,단일일치,경계(L3~L4),2,REVIEW_BOUNDARY,1,일치,207(레벨보류),
SC_V1921_B021_046,고기볶음,명사,4,L2,단일일치,경계(L3~L4),2,REVIEW_BOUNDARY,1,일치,,
SC_V1921_B021_047,고기잡이배,명사,4,L2,단일일치,경계(L3~L4),3,PROVISIONAL_AUTO,0,충돌,,공식대조(충돌)
SC_V1921_B021_048,고깃국,명사,4,L2,단일일치,경계(L3~L4),2,REVIEW_BOUNDARY,1,일치,,
SC_V1921_B021_049,고깃배,명사,4,L2,단일일치,경계(L3~L4),2,REVIEW_BOUNDARY,1,일치,,
SC_V1922_B022_002,고깔모자,명사,3,L1,단일일치,경계(L1~L2),1,PROVISIONAL_AUTO,0,일치,,
SC_V1922_B022_003,고난,명사,3,L1,단일일치,경계(L1~L2),1,PROVISIONAL_AUTO,0,일치,,
SC_V1922_B022_004,고뇌,명사,4,L2,단일일치,경계(L3~L4),3,PROVISIONAL_AUTO,0,충돌,,공식대조(충돌)
SC_V1922_B022_005,고뇌하다,동사,3,L1,단일일치,경계(L1~L2),1,PROVISIONAL_AUTO,0,일치,,
SC_V1922_B022_006,고다음,명사,4,L2,단일일치,경계(L3~L4),2,REVIEW_BOUNDARY,1,일치,,
SC_V1922_B022_007,고달프다,형용사,3,L1,단일일치,경계(L1~L2),1,PROVISIONAL_AUTO,0,일치,,
SC_V1922_B022_008,고되다,형용사,4,L2,단일일치,경계(L3~L4),2,REVIEW_BOUNDARY,1,일치,,
SC_V1922_B022_009,고둥,명사,4,L2,단일일치,경계(L3~L4),3,PROVISIONAL_AUTO,0,충돌,,공식대조(충돌)
SC_V1922_B022_010,고드름,명사,3,L1,단일일치,경계(L1~L2),1,PROVISIONAL_AUTO,0,일치,,
SC_V1922_B022_011,고등어조림,명사,4,L2,단일일치,경계(L3~L4),3,PROVISIONAL_AUTO,0,충돌,,공식대조(충돌)
SC_V1922_B022_013,고랭지,명사,4,L2,단일일치,경계(L3~L4),3,PROVISIONAL_AUTO,0,충돌,,공식대조(충돌)
SC_V1922_B022_015,고려청자,명사,4,L2,단일일치,경계(L3~L4),3,PROVISIONAL_AUTO,0,충돌,,공식대조(충돌)
SC_V1922_B022_016,고령토,명사,4,L2,단일일치,경계(L3~L4),3,PROVISIONAL_AUTO,0,충돌,,공식대조(충돌)
SC_V1922_B022_017,고리하다,동사,4,L2,단일일치,경계(L3~L4),3,PROVISIONAL_AUTO,0,충돌,,공식대조(충돌)
SC_V1922_B022_018,고립되다,동사,3,L1,단일일치,경계(L1~L2),1,PROVISIONAL_AUTO,0,일치,,
SC_V1922_B022_019,고모님,명사,4,L2,단일일치,경계(L3~L4),2,REVIEW_BOUNDARY,1,일치,,
SC_V1922_B022_020,고모부님,명사,4,L2,단일일치,경계(L3~L4),2,REVIEW_BOUNDARY,1,일치,,
SC_V1922_B022_021,고무공,명사,4,L2,단일일치,경계(L3~L4),2,REVIEW_BOUNDARY,1,일치,,
SC_V1922_B022_022,고무관,명사,4,L2,단일일치,경계(L3~L4),2,REVIEW_BOUNDARY,1,일치,,
SC_V1922_B022_023,고무망치,명사,4,L2,단일일치,경계(L3~L4),3,PROVISIONAL_AUTO,0,충돌,,공식대조(충돌)
SC_V1922_B022_024,고무보트,명사,4,L2,단일일치,경계(L3~L4),3,PROVISIONAL_AUTO,0,충돌,,공식대조(충돌)
SC_V1922_B022_025,고무창,명사,4,L2,단일일치,경계(L3~L4),2,REVIEW_BOUNDARY,1,일치,,
SC_V1922_B022_026,고무풍선,명사,3,L1,단일일치,경계(L1~L2),1,PROVISIONAL_AUTO,0,일치,,
SC_V1922_B022_027,고무호스,명사,4,L2,단일일치,경계(L3~L4),3,PROVISIONAL_AUTO,0,충돌,,공식대조(충돌)
SC_V1922_B022_028,고민거리,명사,3,L1,단일일치,경계(L1~L2),1,PROVISIONAL_AUTO,0,일치,,
SC_V1922_B022_029,고민스럽다,형용사,3,L1,단일일치,경계(L1~L2),1,REVIEW_BOUNDARY,1,일치,207(레벨보류),
SC_V1922_B022_030,고분고분하다,형용사,3,L1,단일일치,경계(L1~L2),1,REVIEW_BOUNDARY,1,일치,,
SC_V1922_B022_032,고삐,명사,3,L1,단일일치,경계(L1~L2),1,PROVISIONAL_AUTO,0,일치,,
SC_V1922_B022_033,고생스럽다,형용사,3,L1,단일일치,경계(L1~L2),1,REVIEW_BOUNDARY,1,일치,,
SC_V1922_B022_034,고성능,명사,4,L2,단일일치,경계(L3~L4),3,PROVISIONAL_AUTO,0,충돌,,공식대조(충돌)
SC_V1922_B022_035,고스란히,부사,4,L2,단일일치,경계(L3~L4),3,PROVISIONAL_AUTO,0,충돌,,공식대조(충돌)
SC_V1922_B022_036,고심하다,동사,4,L2,단일일치,경계(L3~L4),2,REVIEW_BOUNDARY,1,일치,,
SC_V1922_B022_038,고안하다,동사,4,L2,단일일치,경계(L3~L4),3,PROVISIONAL_AUTO,0,충돌,,공식대조(충돌)
SC_V1922_B022_039,고위급,명사,4,L2,단일일치,경계(L3~L4),3,PROVISIONAL_AUTO,0,충돌,,공식대조(충돌)
SC_V1922_B022_040,고인돌,명사,4,L2,단일일치,경계(L3~L4),3,PROVISIONAL_AUTO,0,충돌,,공식대조(충돌)
SC_V1922_B022_041,고자질,명사,4,L2,단일일치,경계(L3~L4),3,PROVISIONAL_AUTO,0,충돌,,공식대조(충돌)
SC_V1922_B022_042,고자질하다,동사,4,L2,단일일치,경계(L3~L4),3,PROVISIONAL_AUTO,0,충돌,,공식대조(충돌)
SC_V1922_B022_043,고종사촌,명사,3,L1,단일일치,경계(L1~L2),1,PROVISIONAL_AUTO,0,일치,,
SC_V1922_B022_044,고주파,명사,4,L2,단일일치,경계(L3~L4),3,PROVISIONAL_AUTO,0,충돌,,공식대조(충돌)
SC_V1922_B022_045,고지식하다,형용사,4,L2,단일일치,경계(L3~L4),3,PROVISIONAL_AUTO,0,충돌,,공식대조(충돌)
SC_V1922_B022_046,고진감래,명사,4,L2,단일일치,경계(L3~L4),3,PROVISIONAL_AUTO,0,충돌,,공식대조(충돌)
SC_V1922_B022_048,고쳐먹다,동사,4,L2,단일일치,경계(L3~L4),2,REVIEW_BOUNDARY,1,일치,,
SC_V1922_B022_049,고학년,명사,3,L1,단일일치,경계(L1~L2),1,PROVISIONAL_AUTO,0,일치,,
SC_V1923_B023_001,곡물,명사,3,L1,단일일치,경계(L1~L2),1,REVIEW_BOUNDARY,1,일치,,
SC_V1923_B023_002,곤경,명사,4,L2,단일일치,경계(L3~L4),2,REVIEW_BOUNDARY,1,일치,,
SC_V1923_B023_003,곤욕,명사,4,L2,단일일치,경계(L3~L4),3,PROVISIONAL_AUTO,0,충돌,,공식대조(충돌)
SC_V1923_B023_004,곧은길,명사,4,L2,단일일치,경계(L3~L4),2,REVIEW_BOUNDARY,1,일치,,
SC_V1923_B023_005,곧이곧대로,부사,3,L1,단일일치,경계(L1~L2),1,REVIEW_BOUNDARY,1,일치,,
SC_V1923_B023_006,곧이듣다,동사,4,L2,단일일치,경계(L3~L4),3,PROVISIONAL_AUTO,0,충돌,,공식대조(충돌)
SC_V1923_B023_007,곧추세우다,동사,4,L2,단일일치,경계(L3~L4),3,PROVISIONAL_AUTO,0,충돌,,공식대조(충돌)
SC_V1923_B023_009,골똘히,부사,3,L1,단일일치,경계(L1~L2),1,PROVISIONAL_AUTO,0,일치,,
SC_V1923_B023_010,골라내다,동사,3,L1,단일일치,경계(L1~L2),1,PROVISIONAL_AUTO,0,일치,,
SC_V1923_B023_012,골머리,명사,3,L1,단일일치,경계(L1~L2),1,PROVISIONAL_AUTO,0,일치,,
SC_V1923_B023_013,골문,명사,4,L2,단일일치,경계(L3~L4),3,PROVISIONAL_AUTO,0,충돌,,공식대조(충돌)
SC_V1923_B023_014,골반,명사,3,L1,단일일치,경계(L1~L2),2,REVIEW_BOUNDARY,1,충돌,,공식대조(충돌)
SC_V1923_B023_015,골방,명사,3,L1,단일일치,경계(L1~L2),1,PROVISIONAL_AUTO,0,일치,,
SC_V1923_B023_017,골키퍼,명사,3,L1,단일일치,경계(L1~L2),1,REVIEW_BOUNDARY,1,일치,,
SC_V1923_B023_018,골판지,명사,4,L2,단일일치,경계(L3~L4),3,PROVISIONAL_AUTO,0,충돌,,공식대조(충돌)
SC_V1923_B023_019,골프장,명사,3,L1,단일일치,경계(L1~L2),1,REVIEW_BOUNDARY,1,일치,,
SC_V1923_B023_020,골프채,명사,3,L1,단일일치,경계(L1~L2),1,REVIEW_BOUNDARY,1,일치,,
SC_V1923_B023_021,곰곰,부사,3,L1,단일일치,경계(L1~L2),1,PROVISIONAL_AUTO,0,일치,,
SC_V1923_B023_024,곱셈표,명사,4,L2,단일일치,경계(L3~L4),3,PROVISIONAL_AUTO,0,충돌,,공식대조(충돌)
SC_V1923_B023_025,곱슬곱슬하다,형용사,3,L1,단일일치,경계(L1~L2),1,REVIEW_BOUNDARY,1,일치,207(레벨보류),
SC_V1923_B023_026,곱슬머리,명사,3,L1,단일일치,경계(L1~L2),1,PROVISIONAL_AUTO,0,일치,,
SC_V1923_B023_027,곳간,명사,3,L1,단일일치,경계(L1~L2),1,PROVISIONAL_AUTO,0,일치,,
SC_V1923_B023_028,공감대,명사,4,L2,단일일치,경계(L3~L4),3,PROVISIONAL_AUTO,0,충돌,,공식대조(충돌)
SC_V1923_B023_029,공격수,명사,3,L1,단일일치,경계(L1~L2),1,REVIEW_BOUNDARY,1,일치,,
SC_V1923_B023_030,공경하다,동사,3,L1,단일일치,경계(L1~L2),1,PROVISIONAL_AUTO,0,일치,,
SC_V1923_B023_031,공고문,명사,4,L2,단일일치,경계(L3~L4),2,REVIEW_BOUNDARY,1,일치,,
SC_V1923_B023_032,공고히,부사,4,L2,단일일치,경계(L3~L4),2,REVIEW_BOUNDARY,1,일치,,
SC_V1923_B023_033,공공시설,명사,4,L2,단일일치,경계(L3~L4),3,PROVISIONAL_AUTO,0,충돌,,공식대조(충돌)
SC_V1923_B023_034,공공장소,명사,4,L2,단일일치,경계(L3~L4),3,PROVISIONAL_AUTO,0,충돌,,공식대조(충돌)
SC_V1923_B023_035,공공질서,명사,4,L2,단일일치,경계(L3~L4),3,PROVISIONAL_AUTO,0,충돌,,공식대조(충돌)
SC_V1923_B023_036,공교롭다,형용사,3,L1,단일일치,경계(L1~L2),1,PROVISIONAL_AUTO,0,일치,,
SC_V1923_B023_037,공급원,명사,4,L2,단일일치,경계(L3~L4),2,REVIEW_BOUNDARY,1,일치,,
SC_V1923_B023_038,공깃돌,명사,3,L1,단일일치,경계(L1~L2),1,PROVISIONAL_AUTO,0,일치,,
SC_V1923_B023_040,공동생활,명사,4,L2,단일일치,경계(L3~L4),3,PROVISIONAL_AUTO,0,충돌,,공식대조(충돌)
SC_V1923_B023_041,공들다,동사,4,L2,단일일치,경계(L3~L4),2,REVIEW_BOUNDARY,1,일치,,
SC_V1923_B023_042,공들이다,동사,3,L1,단일일치,경계(L1~L2),1,PROVISIONAL_AUTO,0,일치,,
SC_V1923_B023_043,공명정대하다,형용사,4,L2,단일일치,경계(L3~L4),3,PROVISIONAL_AUTO,0,충돌,,공식대조(충돌)
SC_V1923_B023_044,공모전,명사,4,L2,단일일치,경계(L3~L4),3,PROVISIONAL_AUTO,0,충돌,,공식대조(충돌)
SC_V1923_B023_045,공배수,명사,4,L2,단일일치,경계(L3~L4),3,PROVISIONAL_AUTO,0,충돌,,공식대조(충돌)
SC_V1923_B023_046,공사비,명사,4,L2,단일일치,경계(L3~L4),2,REVIEW_BOUNDARY,1,일치,,
SC_V1923_B023_047,공사판,명사,4,L2,단일일치,경계(L3~L4),2,REVIEW_BOUNDARY,1,일치,,
SC_V1923_B023_050,공산품,명사,3,L1,단일일치,경계(L1~L2),1,PROVISIONAL_AUTO,0,일치,,
SC_V1924_B024_001,공손히,부사,3,L1,단일일치,경계(L1~L2),1,PROVISIONAL_AUTO,0,일치,,
SC_V1924_B024_004,공업용,명사,4,L2,단일일치,경계(L3~L4),2,REVIEW_BOUNDARY,1,일치,,
SC_V1924_B024_005,공업화,명사,4,L2,단일일치,경계(L3~L4),3,PROVISIONAL_AUTO,0,충돌,,공식대조(충돌)
SC_V1924_B024_006,공연회,명사,4,L2,단일일치,경계(L3~L4),2,REVIEW_BOUNDARY,1,일치,,
SC_V1924_B024_007,공예품,명사,4,L2,단일일치,경계(L3~L4),3,PROVISIONAL_AUTO,0,충돌,,공식대조(충돌)
SC_V1924_B024_008,공장장,명사,3,L1,단일일치,경계(L1~L2),1,PROVISIONAL_AUTO,0,일치,,
SC_V1924_B024_009,공정성,명사,4,L2,단일일치,경계(L3~L4),3,REVIEW_BOUNDARY,1,충돌,,공식대조(충돌)
SC_V1924_B024_011,공중도덕,명사,4,L2,단일일치,경계(L3~L4),3,PROVISIONAL_AUTO,0,충돌,,공식대조(충돌)
SC_V1924_B024_012,공중전화,명사,3,L1,단일일치,경계(L1~L2),1,REVIEW_BOUNDARY,1,일치,,
SC_V1924_B024_014,공터,명사,3,L1,단일일치,경계(L1~L2),1,PROVISIONAL_AUTO,0,일치,,
SC_V1924_B024_015,공판장,명사,4,L2,단일일치,경계(L3~L4),3,PROVISIONAL_AUTO,0,충돌,,공식대조(충돌)
SC_V1924_B024_016,공평히,부사,4,L2,단일일치,경계(L3~L4),2,REVIEW_BOUNDARY,1,일치,,
SC_V1924_B024_017,공포감,명사,3,L1,단일일치,경계(L1~L2),1,PROVISIONAL_AUTO,0,일치,,
SC_V1924_B024_019,공포심,명사,4,L2,단일일치,경계(L3~L4),2,REVIEW_BOUNDARY,1,일치,,
SC_V1924_B024_021,공학자,명사,4,L2,단일일치,경계(L3~L4),2,REVIEW_BOUNDARY,1,일치,,
SC_V1924_B024_022,공항버스,명사,4,L2,단일일치,경계(L3~L4),3,PROVISIONAL_AUTO,0,충돌,,공식대조(충돌)
SC_V1924_B024_023,공회전,명사,4,L2,단일일치,경계(L3~L4),3,PROVISIONAL_AUTO,0,충돌,,공식대조(충돌)
SC_V1924_B024_024,과감성,명사,4,L2,단일일치,경계(L3~L4),3,REVIEW_BOUNDARY,1,충돌,,공식대조(충돌)
SC_V1924_B024_029,과반수,명사,4,L2,단일일치,경계(L3~L4),2,REVIEW_BOUNDARY,1,일치,,
SC_V1924_B024_030,과소비,명사,3,L1,단일일치,경계(L1~L2),1,REVIEW_BOUNDARY,1,일치,,
SC_V1924_B024_031,과속,명사,4,L2,단일일치,경계(L3~L4),3,PROVISIONAL_AUTO,0,충돌,,공식대조(충돌)
SC_V1924_B024_032,과수원,명사,3,L1,단일일치,경계(L1~L2),1,PROVISIONAL_AUTO,0,일치,,
SC_V1924_B024_033,과잉,명사,4,L2,단일일치,경계(L3~L4),3,PROVISIONAL_AUTO,0,충돌,,공식대조(충돌)
SC_V1924_B024_034,과자점,명사,3,L1,단일일치,경계(L1~L2),1,PROVISIONAL_AUTO,0,일치,,
SC_V1924_B024_035,과장되다,동사,3,L1,단일일치,경계(L1~L2),1,PROVISIONAL_AUTO,0,일치,,
SC_V1924_B024_036,과즙,명사,4,L2,단일일치,경계(L3~L4),2,REVIEW_BOUNDARY,1,일치,,
SC_V1924_B024_039,과학계,명사,4,L2,단일일치,경계(L3~L4),3,PROVISIONAL_AUTO,0,충돌,,공식대조(충돌)
SC_V1924_B024_040,과학실,명사,3,L1,단일일치,경계(L1~L2),1,PROVISIONAL_AUTO,0,일치,,
SC_V1924_B024_041,과학화,명사,4,L2,단일일치,경계(L3~L4),3,REVIEW_BOUNDARY,1,충돌,,공식대조(충돌)
SC_V1924_B024_042,과학화되다,동사,4,L2,단일일치,경계(L3~L4),3,PROVISIONAL_AUTO,0,충돌,,공식대조(충돌)
SC_V1924_B024_043,관계있다,형용사,3,L1,단일일치,경계(L1~L2),1,PROVISIONAL_AUTO,0,일치,,
SC_V1924_B024_044,관계자,명사,3,L1,단일일치,경계(L1~L2),1,PROVISIONAL_AUTO,0,일치,,
SC_V1924_B024_045,관공서,명사,4,L2,단일일치,경계(L3~L4),3,PROVISIONAL_AUTO,0,충돌,,공식대조(충돌)
SC_V1924_B024_046,관광버스,명사,3,L1,단일일치,경계(L1~L2),1,PROVISIONAL_AUTO,0,일치,,
SC_V1924_B024_047,관광업,명사,4,L2,단일일치,경계(L3~L4),3,PROVISIONAL_AUTO,0,충돌,,공식대조(충돌)
SC_V1924_B024_048,관광지,명사,3,L1,단일일치,경계(L1~L2),1,PROVISIONAL_AUTO,0,일치,,
SC_V1924_B024_049,관람객,명사,3,L1,단일일치,경계(L1~L2),1,PROVISIONAL_AUTO,0,일치,,
SC_V1924_B024_050,관람료,명사,4,L2,단일일치,경계(L3~L4),3,PROVISIONAL_AUTO,0,충돌,,공식대조(충돌)
SC_V1925_B025_001,관람석,명사,4,L2,단일일치,경계(L3~L4),3,PROVISIONAL_AUTO,0,충돌,,공식대조(충돌)
SC_V1925_B025_002,관련자,명사,4,L2,단일일치,경계(L3~L4),3,PROVISIONAL_AUTO,0,충돌,,공식대조(충돌)
SC_V1925_B025_003,관리비,명사,3,L1,단일일치,경계(L1~L2),1,PROVISIONAL_AUTO,0,일치,,
SC_V1925_B025_004,관리소,명사,4,L2,단일일치,경계(L3~L4),3,PROVISIONAL_AUTO,0,충돌,,공식대조(충돌)
SC_V1925_B025_005,관리실,명사,3,L1,단일일치,경계(L1~L2),1,PROVISIONAL_AUTO,0,일치,,
SC_V1925_B025_006,관리원,명사,4,L2,단일일치,경계(L3~L4),3,PROVISIONAL_AUTO,0,충돌,,공식대조(충돌)
SC_V1925_B025_007,관상용,명사,4,L2,단일일치,경계(L3~L4),2,REVIEW_BOUNDARY,1,일치,,
SC_V1925_B025_008,관심거리,명사,4,L2,단일일치,경계(L3~L4),2,REVIEW_BOUNDARY,1,일치,,
SC_V1925_B025_009,관악기,명사,4,L2,단일일치,경계(L3~L4),3,PROVISIONAL_AUTO,0,충돌,,공식대조(충돌)
SC_V1925_B025_012,관중석,명사,4,L2,단일일치,경계(L3~L4),3,PROVISIONAL_AUTO,0,충돌,,공식대조(충돌)
SC_V1925_B025_013,관찰력,명사,4,L2,단일일치,경계(L3~L4),3,REVIEW_BOUNDARY,1,충돌,,공식대조(충돌)
SC_V1925_B025_014,관찰자,명사,4,L2,단일일치,경계(L3~L4),3,PROVISIONAL_AUTO,0,충돌,,공식대조(충돌)
SC_V1925_B025_017,관현악단,명사,4,L2,단일일치,경계(L3~L4),3,PROVISIONAL_AUTO,0,충돌,,공식대조(충돌)
SC_V1925_B025_019,광경,명사,3,L1,단일일치,경계(L1~L2),1,PROVISIONAL_AUTO,0,일치,,
SC_V1925_B025_020,광고문,명사,3,L1,단일일치,경계(L1~L2),1,PROVISIONAL_AUTO,0,일치,,
SC_V1925_B025_021,광고비,명사,4,L2,단일일치,경계(L3~L4),2,REVIEW_BOUNDARY,1,일치,,
SC_V1925_B025_022,광고주,명사,4,L2,단일일치,경계(L3~L4),3,PROVISIONAL_AUTO,0,충돌,,공식대조(충돌)
SC_V1925_B025_023,광고지,명사,4,L2,단일일치,경계(L3~L4),2,REVIEW_BOUNDARY,1,일치,,
SC_V1925_B025_024,광대뼈,명사,4,L2,단일일치,경계(L3~L4),3,PROVISIONAL_AUTO,0,충돌,,공식대조(충돌)
SC_V1925_B025_026,광산촌,명사,4,L2,단일일치,경계(L3~L4),3,PROVISIONAL_AUTO,0,충돌,,공식대조(충돌)
SC_V1925_B025_027,광석,명사,4,L2,단일일치,경계(L3~L4),3,PROVISIONAL_AUTO,0,충돌,,공식대조(충돌)
SC_V1925_B025_029,광야,명사,4,L2,단일일치,경계(L3~L4),2,REVIEW_BOUNDARY,1,일치,,
SC_V1925_B025_031,광활하다,형용사,4,L2,단일일치,경계(L3~L4),2,REVIEW_BOUNDARY,1,일치,,
SC_V1925_B025_032,괘씸하다,형용사,3,L1,단일일치,경계(L1~L2),1,PROVISIONAL_AUTO,0,일치,,
SC_V1925_B025_033,괘종시계,명사,4,L2,단일일치,경계(L3~L4),3,PROVISIONAL_AUTO,0,충돌,,공식대조(충돌)
SC_V1925_B025_034,괭이질,명사,4,L2,단일일치,경계(L3~L4),2,REVIEW_BOUNDARY,1,일치,,
SC_V1925_B025_036,교과목,명사,4,L2,단일일치,경계(L3~L4),3,REVIEW_BOUNDARY,1,충돌,,공식대조(충돌)
SC_V1925_B025_037,교대하다,동사,4,L2,단일일치,경계(L3~L4),3,PROVISIONAL_AUTO,0,충돌,,공식대조(충돌)
SC_V1925_B025_039,교만하다,형용사,4,L2,단일일치,경계(L3~L4),3,PROVISIONAL_AUTO,0,충돌,,공식대조(충돌)
SC_V1925_B025_040,교역하다,동사,4,L2,단일일치,경계(L3~L4),3,PROVISIONAL_AUTO,0,충돌,,공식대조(충돌)
SC_V1925_B025_042,교육자,명사,3,L1,단일일치,경계(L1~L2),1,PROVISIONAL_AUTO,0,일치,,
SC_V1925_B025_043,교육하다,동사,3,L1,단일일치,경계(L1~L2),1,PROVISIONAL_AUTO,0,일치,,
SC_V1925_B025_044,교장실,명사,3,L1,단일일치,경계(L1~L2),1,PROVISIONAL_AUTO,0,일치,,
SC_V1925_B025_046,교체되다,동사,3,L1,단일일치,경계(L1~L2),1,PROVISIONAL_AUTO,0,일치,,
SC_V1925_B025_047,교통난,명사,4,L2,단일일치,경계(L3~L4),3,PROVISIONAL_AUTO,0,충돌,,공식대조(충돌)
SC_V1925_B025_048,교통로,명사,4,L2,단일일치,경계(L3~L4),3,PROVISIONAL_AUTO,0,충돌,,공식대조(충돌)
SC_V1925_B025_049,교통망,명사,4,L2,단일일치,경계(L3~L4),3,PROVISIONAL_AUTO,0,충돌,,공식대조(충돌)
SC_V1926_B026_001,교통안전,명사,4,L2,단일일치,경계(L3~L4),3,PROVISIONAL_AUTO,0,충돌,,공식대조(충돌)
SC_V1926_B026_002,교통질서,명사,4,L2,단일일치,경계(L3~L4),3,PROVISIONAL_AUTO,0,충돌,,공식대조(충돌)
SC_V1926_B026_003,교통편,명사,4,L2,단일일치,경계(L3~L4),3,PROVISIONAL_AUTO,0,충돌,,공식대조(충돌)
SC_V1926_B026_004,교향곡,명사,4,L2,단일일치,경계(L3~L4),3,PROVISIONAL_AUTO,0,충돌,,공식대조(충돌)
SC_V1926_B026_005,교향악,명사,4,L2,단일일치,경계(L3~L4),3,PROVISIONAL_AUTO,0,충돌,,공식대조(충돌)
SC_V1926_B026_006,교향악단,명사,4,L2,단일일치,경계(L3~L4),3,PROVISIONAL_AUTO,0,충돌,,공식대조(충돌)
SC_V1926_B026_008,구걸하다,동사,3,L1,단일일치,경계(L1~L2),1,PROVISIONAL_AUTO,0,일치,,
SC_V1926_B026_009,구경거리,명사,3,L1,단일일치,경계(L1~L2),1,PROVISIONAL_AUTO,0,일치,,
SC_V1926_B026_010,구경꾼,명사,3,L1,단일일치,경계(L1~L2),1,PROVISIONAL_AUTO,0,일치,,
SC_V1926_B026_012,구독료,명사,4,L2,단일일치,경계(L3~L4),3,PROVISIONAL_AUTO,0,충돌,,공식대조(충돌)
SC_V1926_B026_014,구들,명사,4,L2,단일일치,경계(L3~L4),3,REVIEW_BOUNDARY,1,충돌,,공식대조(충돌)
SC_V1926_B026_015,구름다리,명사,4,L2,단일일치,경계(L3~L4),3,PROVISIONAL_AUTO,0,충돌,,공식대조(충돌)
SC_V1926_B026_016,구릿빛,명사,4,L2,단일일치,경계(L3~L4),2,REVIEW_BOUNDARY,1,일치,,
SC_V1926_B026_017,구멍가게,명사,4,L2,단일일치,경계(L3~L4),3,PROVISIONAL_AUTO,0,충돌,,공식대조(충돌)
SC_V1926_B026_018,구부러지다,동사,3,L1,단일일치,경계(L1~L2),1,REVIEW_BOUNDARY,1,일치,,
SC_V1926_B026_019,구부정하다,형용사,4,L2,단일일치,경계(L3~L4),3,PROVISIONAL_AUTO,0,충돌,,공식대조(충돌)
SC_V1926_B026_020,구불구불,부사,3,L1,단일일치,경계(L1~L2),1,PROVISIONAL_AUTO,0,일치,,
SC_V1926_B026_021,구석기,명사,4,L2,단일일치,경계(L3~L4),3,PROVISIONAL_AUTO,0,충돌,,공식대조(충돌)
SC_V1926_B026_022,구석지다,형용사,3,L1,단일일치,경계(L1~L2),1,PROVISIONAL_AUTO,0,일치,,
SC_V1926_B026_023,구슬땀,명사,4,L2,단일일치,경계(L3~L4),2,REVIEW_BOUNDARY,1,일치,,
SC_V1926_B026_024,구슬치기,명사,3,L1,단일일치,경계(L1~L2),1,PROVISIONAL_AUTO,0,일치,,
SC_V1926_B026_025,구슬프다,형용사,4,L2,단일일치,경계(L3~L4),3,PROVISIONAL_AUTO,0,충돌,,공식대조(충돌)
SC_V1926_B026_026,구연동화,명사,4,L2,단일일치,경계(L3~L4),3,PROVISIONAL_AUTO,0,충돌,,공식대조(충돌)
SC_V1926_B026_027,구조되다,동사,4,L2,단일일치,경계(L3~L4),3,PROVISIONAL_AUTO,0,충돌,,공식대조(충돌)
SC_V1926_B026_029,구획,명사,4,L2,단일일치,경계(L3~L4),2,REVIEW_BOUNDARY,1,일치,,
SC_V1926_B026_033,국내산,명사,4,L2,단일일치,경계(L3~L4),2,REVIEW_BOUNDARY,1,일치,,
SC_V1926_B026_034,국내선,명사,4,L2,단일일치,경계(L3~L4),3,PROVISIONAL_AUTO,0,충돌,,공식대조(충돌)
SC_V1926_B026_035,국내외,명사,4,L2,단일일치,경계(L3~L4),2,REVIEW_BOUNDARY,1,일치,,
SC_V1926_B026_036,국립,명사,3,L1,단일일치,경계(L1~L2),1,PROVISIONAL_AUTO,0,일치,,
SC_V1926_B026_043,국번,명사,4,L2,단일일치,경계(L3~L4),2,REVIEW_BOUNDARY,1,일치,,
SC_V1926_B026_045,국산품,명사,4,L2,단일일치,경계(L3~L4),2,REVIEW_BOUNDARY,1,일치,,
SC_V1926_B026_047,국수장국,명사,4,L2,단일일치,경계(L3~L4),2,REVIEW_BOUNDARY,1,일치,,
SC_V1926_B026_048,국악기,명사,4,L2,단일일치,경계(L3~L4),3,PROVISIONAL_AUTO,0,충돌,,공식대조(충돌)
SC_V1926_B026_049,국악인,명사,4,L2,단일일치,경계(L3~L4),3,PROVISIONAL_AUTO,0,충돌,,공식대조(충돌)
SC_V1926_B026_050,국어학,명사,4,L2,단일일치,경계(L3~L4),3,PROVISIONAL_AUTO,0,충돌,,공식대조(충돌)
SC_V1927_B027_002,국제공항,명사,4,L2,단일일치,경계(L3~L4),3,PROVISIONAL_AUTO,0,충돌,,공식대조(충돌)
SC_V1927_B027_003,국제기구,명사,4,L2,단일일치,경계(L3~L4),3,PROVISIONAL_AUTO,0,충돌,,공식대조(충돌)
SC_V1927_B027_006,군것질하다,동사,4,L2,단일일치,경계(L3~L4),3,PROVISIONAL_AUTO,0,충돌,,공식대조(충돌)
SC_V1927_B027_007,군더더기,명사,4,L2,단일일치,경계(L3~L4),2,REVIEW_BOUNDARY,1,일치,,
SC_V1927_B027_008,군만두,명사,4,L2,단일일치,경계(L3~L4),2,REVIEW_BOUNDARY,1,일치,,
SC_V1927_B027_009,군밤,명사,3,L1,단일일치,경계(L1~L2),1,PROVISIONAL_AUTO,0,일치,,
SC_V1927_B027_011,군불,명사,4,L2,단일일치,경계(L3~L4),3,PROVISIONAL_AUTO,0,충돌,,공식대조(충돌)
SC_V1927_B027_016,군침,명사,3,L1,단일일치,경계(L1~L2),1,PROVISIONAL_AUTO,0,일치,,
SC_V1927_B027_017,굳건하다,형용사,3,L1,단일일치,경계(L1~L2),1,PROVISIONAL_AUTO,0,일치,,
SC_V1927_B027_018,굳건히,부사,3,L1,단일일치,경계(L1~L2),1,PROVISIONAL_AUTO,0,일치,,
SC_V1927_B027_019,굴렁쇠,명사,3,L1,단일일치,경계(L1~L2),1,PROVISIONAL_AUTO,0,일치,,
SC_V1927_B027_020,굴비,명사,3,L1,단일일치,경계(L1~L2),1,PROVISIONAL_AUTO,0,일치,,
SC_V1927_B027_021,굴욕,명사,3,L1,단일일치,경계(L1~L2),1,PROVISIONAL_AUTO,0,일치,,
SC_V1927_B027_023,굵은소금,명사,4,L2,단일일치,경계(L3~L4),2,REVIEW_BOUNDARY,1,일치,,
SC_V1927_B027_024,굶주림,명사,3,L1,단일일치,경계(L1~L2),1,REVIEW_BOUNDARY,1,일치,,
SC_V1927_B027_025,굽이치다,동사,4,L2,단일일치,경계(L3~L4),2,REVIEW_BOUNDARY,1,일치,,
SC_V1927_B027_029,궂은비,명사,4,L2,단일일치,경계(L3~L4),3,PROVISIONAL_AUTO,0,충돌,,공식대조(충돌)
SC_V1927_B027_031,권세,명사,4,L2,단일일치,경계(L3~L4),3,PROVISIONAL_AUTO,0,충돌,,공식대조(충돌)
SC_V1927_B027_032,권위자,명사,4,L2,단일일치,경계(L3~L4),2,REVIEW_BOUNDARY,1,일치,,
SC_V1927_B027_034,권장되다,동사,4,L2,단일일치,경계(L3~L4),2,REVIEW_BOUNDARY,1,일치,,
SC_V1927_B027_035,권장하다,동사,3,L1,단일일치,경계(L1~L2),1,PROVISIONAL_AUTO,0,일치,,
SC_V1927_B027_038,궤짝,명사,4,L2,단일일치,경계(L3~L4),2,REVIEW_BOUNDARY,1,일치,,
SC_V1927_B027_039,귀고리,명사,3,L1,단일일치,경계(L1~L2),1,PROVISIONAL_AUTO,0,일치,,
SC_V1927_B027_040,귀국하다,동사,3,L1,단일일치,경계(L1~L2),1,PROVISIONAL_AUTO,0,일치,,
SC_V1927_B027_041,귀금속,명사,4,L2,단일일치,경계(L3~L4),3,PROVISIONAL_AUTO,0,충돌,,공식대조(충돌)
SC_V1927_B027_042,귀농,명사,4,L2,단일일치,경계(L3~L4),3,PROVISIONAL_AUTO,0,충돌,,공식대조(충돌)
SC_V1927_B027_043,귀담다,동사,3,L1,단일일치,경계(L1~L2),1,PROVISIONAL_AUTO,0,일치,,
SC_V1927_B027_044,귀담아듣다,동사,4,L2,단일일치,경계(L3~L4),3,PROVISIONAL_AUTO,0,충돌,,공식대조(충돌)
SC_V1927_B027_045,귀뚤귀뚤,부사,3,L1,단일일치,경계(L1~L2),1,PROVISIONAL_AUTO,0,일치,,
SC_V1927_B027_046,귀띔하다,동사,4,L2,단일일치,경계(L3~L4),3,PROVISIONAL_AUTO,0,충돌,,공식대조(충돌)
SC_V1927_B027_050,귀엣말,명사,4,L2,단일일치,경계(L3~L4),2,REVIEW_BOUNDARY,1,일치,,
SC_V1928_B028_001,귀여워하다,동사,3,L1,단일일치,경계(L1~L2),1,REVIEW_BOUNDARY,1,일치,,
SC_V1928_B028_002,귀향하다,동사,4,L2,단일일치,경계(L3~L4),2,REVIEW_BOUNDARY,1,일치,,
SC_V1928_B028_003,귀환,명사,4,L2,단일일치,경계(L3~L4),3,PROVISIONAL_AUTO,0,충돌,,공식대조(충돌)
SC_V1928_B028_004,귓가,명사,3,L1,단일일치,경계(L1~L2),1,PROVISIONAL_AUTO,0,일치,,
SC_V1928_B028_005,귓구멍,명사,3,L1,단일일치,경계(L1~L2),1,PROVISIONAL_AUTO,0,일치,,
SC_V1928_B028_006,귓등,명사,4,L2,단일일치,경계(L3~L4),2,REVIEW_BOUNDARY,1,일치,,
SC_V1928_B028_007,귓바퀴,명사,4,L2,단일일치,경계(L3~L4),3,PROVISIONAL_AUTO,0,충돌,,공식대조(충돌)
SC_V1928_B028_008,귓밥,명사,3,L1,단일일치,경계(L1~L2),1,PROVISIONAL_AUTO,0,일치,,
SC_V1928_B028_010,귓전,명사,4,L2,단일일치,경계(L3~L4),2,REVIEW_BOUNDARY,1,일치,,
SC_V1928_B028_012,그간,명사,4,L2,단일일치,경계(L3~L4),3,PROVISIONAL_AUTO,0,충돌,,공식대조(충돌)
SC_V1928_B028_013,그까짓,관형사,3,L1,단일일치,경계(L1~L2),1,PROVISIONAL_AUTO,0,일치,,
SC_V1928_B028_014,그깟,관형사,3,L1,단일일치,경계(L1~L2),1,PROVISIONAL_AUTO,0,일치,,
SC_V1928_B028_015,그냥저냥,부사,4,L2,단일일치,경계(L3~L4),2,REVIEW_BOUNDARY,1,일치,,
SC_V1928_B028_016,그네뛰기,명사,3,L1,단일일치,경계(L1~L2),1,PROVISIONAL_AUTO,0,일치,,
SC_V1928_B028_017,그라운드,명사,4,L2,단일일치,경계(L3~L4),3,PROVISIONAL_AUTO,0,충돌,,공식대조(충돌)
SC_V1928_B028_018,그래픽,명사,4,L2,단일일치,경계(L3~L4),3,PROVISIONAL_AUTO,0,충돌,,공식대조(충돌)
SC_V1928_B028_019,그런대로,부사,3,L1,단일일치,경계(L1~L2),1,REVIEW_BOUNDARY,1,일치,,
SC_V1928_B028_020,그르치다,동사,3,L1,단일일치,경계(L1~L2),1,PROVISIONAL_AUTO,0,일치,,
SC_V1928_B028_021,그리기,명사,4,L2,단일일치,경계(L3~L4),3,REVIEW_BOUNDARY,1,충돌,,공식대조(충돌)
SC_V1928_B028_022,그리도,부사,4,L2,단일일치,경계(L3~L4),3,PROVISIONAL_AUTO,0,충돌,,공식대조(충돌)
SC_V1928_B028_023,그리되다,동사,4,L2,단일일치,경계(L3~L4),3,PROVISIONAL_AUTO,0,충돌,,공식대조(충돌)
SC_V1928_B028_024,그리로,부사,3,L1,단일일치,경계(L1~L2),1,PROVISIONAL_AUTO,0,일치,,
SC_V1928_B028_025,그림물감,명사,3,L1,단일일치,경계(L1~L2),1,REVIEW_BOUNDARY,1,일치,,
SC_V1928_B028_026,그믐날,명사,4,L2,단일일치,경계(L3~L4),2,REVIEW_BOUNDARY,1,일치,,
SC_V1928_B028_027,그믐달,명사,4,L2,단일일치,경계(L3~L4),3,PROVISIONAL_AUTO,0,충돌,,공식대조(충돌)
SC_V1928_B028_028,그새,명사,4,L2,단일일치,경계(L3~L4),2,REVIEW_BOUNDARY,1,일치,,
SC_V1928_B028_029,그야말로,부사,3,L1,단일일치,경계(L1~L2),1,PROVISIONAL_AUTO,0,일치,,
SC_V1928_B028_030,그을다,동사,4,L2,단일일치,경계(L3~L4),2,REVIEW_BOUNDARY,1,일치,,
SC_V1928_B028_031,그을음,명사,4,L2,단일일치,경계(L3~L4),3,PROVISIONAL_AUTO,0,충돌,,공식대조(충돌)
SC_V1928_B028_033,그즈음,명사,4,L2,단일일치,경계(L3~L4),2,REVIEW_BOUNDARY,1,일치,,
SC_V1928_B028_034,그토록,부사,3,L1,단일일치,경계(L1~L2),1,REVIEW_BOUNDARY,1,일치,,
SC_V1928_B028_035,극본,명사,3,L1,단일일치,경계(L1~L2),1,REVIEW_BOUNDARY,1,일치,,
SC_V1928_B028_036,극소수,명사,3,L1,단일일치,경계(L1~L2),1,PROVISIONAL_AUTO,0,일치,,
SC_V1928_B028_037,극진히,부사,4,L2,단일일치,경계(L3~L4),2,REVIEW_BOUNDARY,1,일치,,
SC_V1928_B028_038,극히,부사,3,L1,단일일치,경계(L1~L2),1,PROVISIONAL_AUTO,0,일치,,
SC_V1928_B028_039,근거지,명사,4,L2,단일일치,경계(L3~L4),2,REVIEW_BOUNDARY,1,일치,,
SC_V1928_B028_040,근교,명사,4,L2,단일일치,경계(L3~L4),2,REVIEW_BOUNDARY,1,일치,,
SC_V1928_B028_041,근대식,명사,4,L2,단일일치,경계(L3~L4),3,PROVISIONAL_AUTO,0,충돌,,공식대조(충돌)
SC_V1928_B028_042,근대화,명사,4,L2,단일일치,경계(L3~L4),3,PROVISIONAL_AUTO,0,충돌,,공식대조(충돌)
SC_V1928_B028_043,근대화되다,동사,4,L2,단일일치,경계(L3~L4),3,PROVISIONAL_AUTO,0,충돌,,공식대조(충돌)
SC_V1928_B028_044,근래,명사,4,L2,단일일치,경계(L3~L4),2,REVIEW_BOUNDARY,1,일치,,
SC_V1928_B028_046,근면,명사,4,L2,단일일치,경계(L3~L4),2,REVIEW_BOUNDARY,1,일치,,
SC_V1928_B028_047,근면성,명사,4,L2,단일일치,경계(L3~L4),3,PROVISIONAL_AUTO,0,충돌,,공식대조(충돌)
SC_V1928_B028_048,근면하다,형용사,4,L2,단일일치,경계(L3~L4),2,REVIEW_BOUNDARY,1,일치,,
SC_V1928_B028_049,근심스럽다,형용사,4,L2,단일일치,경계(L3~L4),3,PROVISIONAL_AUTO,0,충돌,,공식대조(충돌)
SC_V1928_B028_050,근엄하다,형용사,4,L2,단일일치,경계(L3~L4),3,PROVISIONAL_AUTO,0,충돌,,공식대조(충돌)
SC_V1929_B029_002,글감,명사,4,L2,단일일치,경계(L3~L4),3,PROVISIONAL_AUTO,0,충돌,,공식대조(충돌)
SC_V1929_B029_003,글라스,명사,3,L1,단일일치,경계(L1~L2),1,PROVISIONAL_AUTO,0,일치,,
SC_V1929_B029_004,글러브,명사,3,L1,단일일치,경계(L1~L2),1,REVIEW_BOUNDARY,1,일치,,
SC_V1929_B029_005,글방,명사,4,L2,단일일치,경계(L3~L4),2,REVIEW_BOUNDARY,1,일치,,
SC_V1929_B029_006,글썽거리다,동사,4,L2,단일일치,경계(L3~L4),3,PROVISIONAL_AUTO,0,충돌,,공식대조(충돌)
SC_V1929_B029_007,글썽글썽,부사,4,L2,단일일치,경계(L3~L4),3,PROVISIONAL_AUTO,0,충돌,,공식대조(충돌)
SC_V1929_B029_008,글썽이다,동사,4,L2,단일일치,경계(L3~L4),3,PROVISIONAL_AUTO,0,충돌,,공식대조(충돌)
SC_V1929_B029_009,글쓴이,명사,3,L1,단일일치,경계(L1~L2),1,PROVISIONAL_AUTO,0,일치,,
SC_V1929_B029_010,글재주,명사,4,L2,단일일치,경계(L3~L4),2,REVIEW_BOUNDARY,1,일치,,
SC_V1929_B029_011,글짓기,명사,3,L1,단일일치,경계(L1~L2),1,PROVISIONAL_AUTO,0,일치,,
SC_V1929_B029_012,금가락지,명사,4,L2,단일일치,경계(L3~L4),2,REVIEW_BOUNDARY,1,일치,,
SC_V1929_B029_013,금년,명사,4,L2,단일일치,경계(L3~L4),2,REVIEW_BOUNDARY,1,일치,,
SC_V1929_B029_014,금돈,명사,4,L2,단일일치,경계(L3~L4),2,REVIEW_BOUNDARY,1,일치,,
SC_V1929_B029_015,금메달리스트,명사,4,L2,단일일치,경계(L3~L4),3,PROVISIONAL_AUTO,0,충돌,,공식대조(충돌)
SC_V1929_B029_016,금반지,명사,3,L1,단일일치,경계(L1~L2),1,PROVISIONAL_AUTO,0,일치,,
SC_V1929_B029_017,금발,명사,4,L2,단일일치,경계(L3~L4),2,REVIEW_BOUNDARY,1,일치,,
SC_V1929_B029_018,금방울,명사,4,L2,단일일치,경계(L3~L4),2,REVIEW_BOUNDARY,1,일치,,
SC_V1929_B029_019,금새,명사,4,L2,단일일치,경계(L3~L4),3,PROVISIONAL_AUTO,0,충돌,,공식대조(충돌)
SC_V1929_B029_020,금수강산,명사,4,L2,단일일치,경계(L3~L4),3,PROVISIONAL_AUTO,0,충돌,,공식대조(충돌)
SC_V1929_B029_021,금융,명사,4,L2,단일일치,경계(L3~L4),3,PROVISIONAL_AUTO,0,충돌,,공식대조(충돌)
SC_V1929_B029_022,금융가,명사,4,L2,단일일치,경계(L3~L4),2,REVIEW_BOUNDARY,1,일치,,
SC_V1929_B029_023,금융업,명사,4,L2,단일일치,경계(L3~L4),3,PROVISIONAL_AUTO,0,충돌,,공식대조(충돌)
SC_V1929_B029_024,금은방,명사,4,L2,단일일치,경계(L3~L4),2,REVIEW_BOUNDARY,1,일치,,
SC_V1929_B029_025,금은보화,명사,3,L1,단일일치,경계(L1~L2),1,REVIEW_BOUNDARY,1,일치,,
SC_V1929_B029_028,금탑,명사,4,L2,단일일치,경계(L3~L4),2,REVIEW_BOUNDARY,1,일치,,
SC_V1929_B029_029,급격히,부사,3,L1,단일일치,경계(L1~L2),1,REVIEW_BOUNDARY,1,일치,,
SC_V1929_B029_030,급기야,부사,4,L2,단일일치,경계(L3~L4),2,REVIEW_BOUNDARY,1,일치,,
SC_V1929_B029_031,급박하다,형용사,3,L1,단일일치,경계(L1~L2),1,PROVISIONAL_AUTO,0,일치,,
SC_V1929_B029_032,급변하다,동사,4,L2,단일일치,경계(L3~L4),3,PROVISIONAL_AUTO,0,충돌,,공식대조(충돌)
SC_V1929_B029_033,급선무,명사,4,L2,단일일치,경계(L3~L4),2,REVIEW_BOUNDARY,1,일치,,
SC_V1929_B029_034,급속도,명사,3,L1,단일일치,경계(L1~L2),1,PROVISIONAL_AUTO,0,일치,,
SC_V1929_B029_035,급속히,부사,3,L1,단일일치,경계(L1~L2),1,PROVISIONAL_AUTO,0,일치,,
SC_V1929_B029_036,급식비,명사,4,L2,단일일치,경계(L3~L4),2,REVIEW_BOUNDARY,1,일치,,
SC_V1929_B029_037,급식소,명사,4,L2,단일일치,경계(L3~L4),2,REVIEW_BOUNDARY,1,일치,,
SC_V1929_B029_038,급작스럽다,형용사,3,L1,단일일치,경계(L1~L2),1,REVIEW_BOUNDARY,1,일치,,
SC_V1929_B029_039,급정거,명사,4,L2,단일일치,경계(L3~L4),3,PROVISIONAL_AUTO,0,충돌,,공식대조(충돌)
SC_V1929_B029_040,급증하다,동사,3,L1,단일일치,경계(L1~L2),1,PROVISIONAL_AUTO,0,일치,,
SC_V1929_B029_041,기계톱,명사,4,L2,단일일치,경계(L3~L4),3,PROVISIONAL_AUTO,0,충돌,,공식대조(충돌)
SC_V1929_B029_044,기내식,명사,4,L2,단일일치,경계(L3~L4),3,PROVISIONAL_AUTO,0,충돌,,공식대조(충돌)
SC_V1929_B029_046,기념사진,명사,3,L1,단일일치,경계(L1~L2),1,PROVISIONAL_AUTO,0,일치,,
SC_V1929_B029_047,기념식,명사,3,L1,단일일치,경계(L1~L2),1,PROVISIONAL_AUTO,0,일치,,
SC_V1929_B029_048,기념일,명사,3,L1,단일일치,경계(L1~L2),1,PROVISIONAL_AUTO,0,일치,,
SC_V1929_B029_049,기념하다,동사,3,L1,단일일치,경계(L1~L2),1,PROVISIONAL_AUTO,0,일치,,
SC_V1929_B029_050,기대서다,동사,4,L2,단일일치,경계(L3~L4),3,PROVISIONAL_AUTO,0,충돌,,공식대조(충돌)
SC_V1930_B030_002,기동성,명사,4,L2,단일일치,경계(L3~L4),3,REVIEW_BOUNDARY,1,충돌,,공식대조(충돌)
SC_V1930_B030_003,기록문,명사,3,L1,단일일치,경계(L1~L2),1,PROVISIONAL_AUTO,0,일치,,
SC_V1930_B030_004,기록장,명사,3,L1,단일일치,경계(L1~L2),1,PROVISIONAL_AUTO,0,일치,,
SC_V1930_B030_005,기록지,명사,4,L2,단일일치,경계(L3~L4),2,REVIEW_BOUNDARY,1,일치,,
SC_V1930_B030_006,기름때,명사,4,L2,단일일치,경계(L3~L4),2,REVIEW_BOUNDARY,1,일치,,
SC_V1930_B030_007,기리다,동사,4,L2,단일일치,경계(L3~L4),3,PROVISIONAL_AUTO,0,충돌,,공식대조(충돌)
SC_V1930_B030_008,기말고사,명사,3,L1,단일일치,경계(L1~L2),1,REVIEW_BOUNDARY,1,일치,,
SC_V1930_B030_009,기묘하다,형용사,4,L2,단일일치,경계(L3~L4),2,REVIEW_BOUNDARY,1,일치,,
SC_V1930_B030_010,기본기,명사,4,L2,단일일치,경계(L3~L4),3,PROVISIONAL_AUTO,0,충돌,,공식대조(충돌)
SC_V1930_B030_011,기본예절,명사,4,L2,단일일치,경계(L3~L4),3,PROVISIONAL_AUTO,0,충돌,,공식대조(충돌)
SC_V1930_B030_012,기본자세,명사,4,L2,단일일치,경계(L3~L4),3,PROVISIONAL_AUTO,0,충돌,,공식대조(충돌)
SC_V1930_B030_013,기부금,명사,3,L1,단일일치,경계(L1~L2),1,PROVISIONAL_AUTO,0,일치,,
SC_V1930_B030_014,기삿거리,명사,4,L2,단일일치,경계(L3~L4),2,REVIEW_BOUNDARY,1,일치,,
SC_V1930_B030_016,기세등등하다,형용사,4,L2,단일일치,경계(L3~L4),3,PROVISIONAL_AUTO,0,충돌,,공식대조(충돌)
SC_V1930_B030_017,기숙사,명사,3,L1,단일일치,경계(L1~L2),1,PROVISIONAL_AUTO,0,일치,,
SC_V1930_B030_018,기술력,명사,4,L2,단일일치,경계(L3~L4),3,PROVISIONAL_AUTO,0,충돌,,공식대조(충돌)
SC_V1930_B030_019,기악곡,명사,4,L2,단일일치,경계(L3~L4),3,PROVISIONAL_AUTO,0,충돌,,공식대조(충돌)
SC_V1930_B030_020,기와지붕,명사,3,L1,단일일치,경계(L1~L2),1,PROVISIONAL_AUTO,0,일치,,
SC_V1930_B030_021,기와집,명사,3,L1,단일일치,경계(L1~L2),1,PROVISIONAL_AUTO,0,일치,,
SC_V1930_B030_022,기왕에,부사,4,L2,단일일치,경계(L3~L4),2,REVIEW_BOUNDARY,1,일치,,
SC_V1930_B030_023,기왕이면,부사,3,L1,단일일치,경계(L1~L2),1,PROVISIONAL_AUTO,0,일치,,
SC_V1930_B030_024,기우뚱,부사,4,L2,단일일치,경계(L3~L4),2,REVIEW_BOUNDARY,1,일치,207(레벨보류),
SC_V1930_B030_025,기우뚱거리다,동사,3,L1,단일일치,경계(L1~L2),1,REVIEW_BOUNDARY,1,일치,,
SC_V1930_B030_026,기운차다,형용사,3,L1,단일일치,경계(L1~L2),1,PROVISIONAL_AUTO,0,일치,,
SC_V1930_B030_027,기웃,부사,4,L2,단일일치,경계(L3~L4),3,PROVISIONAL_AUTO,0,충돌,,공식대조(충돌)
SC_V1930_B030_029,기입하다,동사,4,L2,단일일치,경계(L3~L4),2,REVIEW_BOUNDARY,1,일치,207(레벨보류),
SC_V1930_B030_030,기재되다,동사,4,L2,단일일치,경계(L3~L4),2,REVIEW_BOUNDARY,1,일치,,
SC_V1930_B030_031,기죽다,동사,3,L1,단일일치,경계(L1~L2),1,PROVISIONAL_AUTO,0,일치,,
SC_V1930_B030_032,기준량,명사,4,L2,단일일치,경계(L3~L4),2,REVIEW_BOUNDARY,1,일치,,
SC_V1930_B030_034,기중기,명사,4,L2,단일일치,경계(L3~L4),3,PROVISIONAL_AUTO,0,충돌,,공식대조(충돌)
SC_V1930_B030_036,기차표,명사,3,L1,단일일치,경계(L1~L2),1,PROVISIONAL_AUTO,0,일치,,
SC_V1930_B030_037,기찻길,명사,3,L1,단일일치,경계(L1~L2),1,PROVISIONAL_AUTO,0,일치,,
SC_V1930_B030_039,기틀,명사,4,L2,단일일치,경계(L3~L4),3,PROVISIONAL_AUTO,0,충돌,,공식대조(충돌)
SC_V1930_B030_040,기행문,명사,4,L2,단일일치,경계(L3~L4),3,PROVISIONAL_AUTO,0,충돌,,공식대조(충돌)
SC_V1930_B030_042,기획하다,동사,3,L1,단일일치,경계(L1~L2),1,PROVISIONAL_AUTO,0,일치,,
SC_V1930_B030_043,기후표,명사,4,L2,단일일치,경계(L3~L4),3,PROVISIONAL_AUTO,0,충돌,,공식대조(충돌)
SC_V1930_B030_044,긴급하다,형용사,4,L2,단일일치,경계(L3~L4),2,REVIEW_BOUNDARY,1,일치,,
SC_V1930_B030_045,긴박감,명사,4,L2,단일일치,경계(L3~L4),3,PROVISIONAL_AUTO,0,충돌,,공식대조(충돌)
SC_V1930_B030_046,긴소매,명사,3,L1,단일일치,경계(L1~L2),1,PROVISIONAL_AUTO,0,일치,,
SC_V1930_B030_047,긴팔,명사,3,L1,단일일치,경계(L1~L2),1,PROVISIONAL_AUTO,0,일치,,
SC_V1930_B030_048,긷다,동사,3,L1,단일일치,경계(L1~L2),1,PROVISIONAL_AUTO,0,일치,,
SC_V1930_B030_049,길라잡이,명사,4,L2,단일일치,경계(L3~L4),2,REVIEW_BOUNDARY,1,일치,,
SC_V1930_B030_050,길모퉁이,명사,4,L2,단일일치,경계(L3~L4),2,REVIEW_BOUNDARY,1,일치,,
SC_V1931_B031_001,길손,명사,4,L2,단일일치,경계(L3~L4),2,REVIEW_BOUNDARY,1,일치,,
SC_V1931_B031_002,길쌈,명사,4,L2,단일일치,경계(L3~L4),3,PROVISIONAL_AUTO,0,충돌,,공식대조(충돌)
SC_V1931_B031_003,길이길이,부사,4,L2,단일일치,경계(L3~L4),2,REVIEW_BOUNDARY,1,일치,,
SC_V1931_B031_004,김구이,명사,4,L2,단일일치,경계(L3~L4),2,REVIEW_BOUNDARY,1,일치,,
SC_V1931_B031_005,김장철,명사,4,L2,단일일치,경계(L3~L4),3,PROVISIONAL_AUTO,0,충돌,,공식대조(충돌)
SC_V1931_B031_006,김칫거리,명사,4,L2,단일일치,경계(L3~L4),2,REVIEW_BOUNDARY,1,일치,,
SC_V1931_B031_007,까까머리,명사,4,L2,단일일치,경계(L3~L4),2,REVIEW_BOUNDARY,1,일치,,
SC_V1931_B031_009,까끌까끌하다,형용사,4,L2,단일일치,경계(L3~L4),3,PROVISIONAL_AUTO,0,충돌,,공식대조(충돌)
SC_V1931_B031_011,까옥,부사,4,L2,단일일치,경계(L3~L4),2,REVIEW_BOUNDARY,1,일치,,
SC_V1931_B031_012,까옥까옥,부사,4,L2,단일일치,경계(L3~L4),2,REVIEW_BOUNDARY,1,일치,,
SC_V1931_B031_013,까치밥,명사,4,L2,단일일치,경계(L3~L4),3,PROVISIONAL_AUTO,0,충돌,,공식대조(충돌)
SC_V1931_B031_016,깍깍,부사,4,L2,단일일치,경계(L3~L4),2,REVIEW_BOUNDARY,1,일치,,
SC_V1931_B031_017,깍듯이,부사,3,L1,단일일치,경계(L1~L2),1,PROVISIONAL_AUTO,0,일치,,
SC_V1931_B031_018,깍듯하다,형용사,4,L2,단일일치,경계(L3~L4),3,PROVISIONAL_AUTO,0,충돌,,공식대조(충돌)
SC_V1931_B031_019,깎아지르다,형용사,4,L2,단일일치,경계(L3~L4),3,PROVISIONAL_AUTO,0,충돌,,공식대조(충돌)
SC_V1931_B031_020,깔개,명사,4,L2,단일일치,경계(L3~L4),2,REVIEW_BOUNDARY,1,일치,,
SC_V1931_B031_021,깔깔거리다,동사,3,L1,단일일치,경계(L1~L2),1,REVIEW_BOUNDARY,1,일치,,
SC_V1931_B031_022,깔깔대다,동사,4,L2,단일일치,경계(L3~L4),2,REVIEW_BOUNDARY,1,일치,,
SC_V1931_B031_023,깜장,명사,4,L2,단일일치,경계(L3~L4),2,REVIEW_BOUNDARY,1,일치,,
SC_V1931_B031_024,깡그리,부사,3,L1,단일일치,경계(L1~L2),1,PROVISIONAL_AUTO,0,일치,,
SC_V1931_B031_025,깡충거리다,동사,4,L2,단일일치,경계(L3~L4),3,PROVISIONAL_AUTO,0,충돌,,공식대조(충돌)
SC_V1931_B031_026,깨갱,부사,4,L2,단일일치,경계(L3~L4),2,REVIEW_BOUNDARY,1,일치,,
SC_V1931_B031_027,깨우치다,동사,3,L1,단일일치,경계(L1~L2),1,REVIEW_BOUNDARY,1,일치,,
SC_V1931_B031_028,꺼림칙하다,형용사,3,L1,단일일치,경계(L1~L2),1,REVIEW_BOUNDARY,1,일치,,
SC_V1931_B031_029,꺼멓다,형용사,3,L1,단일일치,경계(L1~L2),1,PROVISIONAL_AUTO,0,일치,,
SC_V1931_B031_031,꺼이꺼이,부사,4,L2,단일일치,경계(L3~L4),3,PROVISIONAL_AUTO,0,충돌,,공식대조(충돌)
SC_V1931_B031_033,꺾꽂이,명사,4,L2,단일일치,경계(L3~L4),3,PROVISIONAL_AUTO,0,충돌,,공식대조(충돌)
SC_V1931_B031_034,꺾꽂이하다,동사,4,L2,단일일치,경계(L3~L4),3,REVIEW_BOUNDARY,1,충돌,207(레벨보류),공식대조(충돌)
SC_V1931_B031_035,께름칙하다,형용사,4,L2,단일일치,경계(L3~L4),3,PROVISIONAL_AUTO,0,충돌,,공식대조(충돌)
SC_V1931_B031_036,꼬깃꼬깃,부사,4,L2,단일일치,경계(L3~L4),3,PROVISIONAL_AUTO,0,충돌,,공식대조(충돌)
SC_V1931_B031_037,꼬까신,명사,4,L2,단일일치,경계(L3~L4),3,PROVISIONAL_AUTO,0,충돌,,공식대조(충돌)
SC_V1931_B031_038,꼬꾜,부사,4,L2,단일일치,경계(L3~L4),2,REVIEW_BOUNDARY,1,일치,,
SC_V1931_B031_040,꼬리지느러미,명사,4,L2,단일일치,경계(L3~L4),3,REVIEW_BOUNDARY,1,충돌,,공식대조(충돌)
SC_V1931_B031_041,꼬부랑길,명사,4,L2,단일일치,경계(L3~L4),2,REVIEW_BOUNDARY,1,일치,,
SC_V1931_B031_042,꼬부리다,동사,4,L2,단일일치,경계(L3~L4),3,PROVISIONAL_AUTO,0,충돌,,공식대조(충돌)
SC_V1931_B031_043,꼬시다,동사,3,L1,단일일치,경계(L1~L2),1,PROVISIONAL_AUTO,0,일치,,
SC_V1931_B031_044,꼬챙이,명사,3,L1,단일일치,경계(L1~L2),1,PROVISIONAL_AUTO,0,일치,,
SC_V1931_B031_045,꼴뚜기,명사,4,L2,단일일치,경계(L3~L4),3,PROVISIONAL_AUTO,0,충돌,,공식대조(충돌)
SC_V1931_B031_047,꼼작,부사,4,L2,단일일치,경계(L3~L4),3,PROVISIONAL_AUTO,0,충돌,,공식대조(충돌)
SC_V1931_B031_048,꼼지락꼼지락,부사,4,L2,단일일치,경계(L3~L4),3,PROVISIONAL_AUTO,0,충돌,,공식대조(충돌)
SC_V1931_B031_050,꽃가루,명사,3,L1,단일일치,경계(L1~L2),1,REVIEW_BOUNDARY,1,일치,207(레벨보류),
SC_V1932_B032_001,꽃길,명사,4,L2,단일일치,경계(L3~L4),2,REVIEW_BOUNDARY,1,일치,,
SC_V1932_B032_002,꽃꽂이,명사,3,L1,단일일치,경계(L1~L2),1,PROVISIONAL_AUTO,0,일치,,
SC_V1932_B032_003,꽃나비,명사,4,L2,단일일치,경계(L3~L4),3,PROVISIONAL_AUTO,0,충돌,,공식대조(충돌)
SC_V1932_B032_004,꽃놀이,명사,4,L2,단일일치,경계(L3~L4),2,REVIEW_BOUNDARY,1,일치,,
SC_V1932_B032_005,꽃눈,명사,4,L2,단일일치,경계(L3~L4),3,PROVISIONAL_AUTO,0,충돌,,공식대조(충돌)
SC_V1932_B032_006,꽃답다,형용사,4,L2,단일일치,경계(L3~L4),2,REVIEW_BOUNDARY,1,일치,,
SC_V1932_B032_007,꽃망울,명사,4,L2,단일일치,경계(L3~L4),2,REVIEW_BOUNDARY,1,일치,,
SC_V1932_B032_008,꽃목걸이,명사,4,L2,단일일치,경계(L3~L4),2,REVIEW_BOUNDARY,1,일치,,
SC_V1932_B032_009,꽃무늬,명사,3,L1,단일일치,경계(L1~L2),1,PROVISIONAL_AUTO,0,일치,,
SC_V1932_B032_010,꽃반지,명사,4,L2,단일일치,경계(L3~L4),2,REVIEW_BOUNDARY,1,일치,,
SC_V1932_B032_011,꽃받침,명사,3,L1,단일일치,경계(L1~L2),1,REVIEW_BOUNDARY,1,일치,,
SC_V1932_B032_012,꽃병,명사,3,L1,단일일치,경계(L1~L2),1,PROVISIONAL_AUTO,0,일치,,
SC_V1932_B032_013,꽃사슴,명사,4,L2,단일일치,경계(L3~L4),3,PROVISIONAL_AUTO,0,충돌,,공식대조(충돌)
SC_V1932_B032_014,꽃샘추위,명사,4,L2,단일일치,경계(L3~L4),2,REVIEW_BOUNDARY,1,일치,,
SC_V1932_B032_015,꾀꼴,부사,4,L2,단일일치,경계(L3~L4),2,REVIEW_BOUNDARY,1,일치,,
SC_V1932_B032_016,꾀부리다,동사,4,L2,단일일치,경계(L3~L4),3,PROVISIONAL_AUTO,0,충돌,,공식대조(충돌)
SC_V1932_B032_017,꾀하다,동사,4,L2,단일일치,경계(L3~L4),2,REVIEW_BOUNDARY,1,일치,,
SC_V1932_B032_018,꾸깃꾸깃,부사,4,L2,단일일치,경계(L3~L4),3,PROVISIONAL_AUTO,0,충돌,,공식대조(충돌)
SC_V1932_B032_019,꾸밈없이,부사,3,L1,단일일치,경계(L1~L2),1,PROVISIONAL_AUTO,0,일치,,
SC_V1932_B032_020,꾸부정하다,형용사,4,L2,단일일치,경계(L3~L4),3,PROVISIONAL_AUTO,0,충돌,,공식대조(충돌)
SC_V1932_B032_021,꾸불꾸불,부사,4,L2,단일일치,경계(L3~L4),3,PROVISIONAL_AUTO,0,충돌,,공식대조(충돌)
SC_V1932_B032_022,꾸중,명사,3,L1,단일일치,경계(L1~L2),1,PROVISIONAL_AUTO,0,일치,,
SC_V1932_B032_023,꾸중하다,동사,3,L1,단일일치,경계(L1~L2),1,PROVISIONAL_AUTO,0,일치,,
SC_V1932_B032_024,꾸지람,명사,3,L1,단일일치,경계(L1~L2),1,PROVISIONAL_AUTO,0,일치,,
SC_V1932_B032_025,꾸지람하다,동사,4,L2,단일일치,경계(L3~L4),3,PROVISIONAL_AUTO,0,충돌,,공식대조(충돌)
SC_V1932_B032_026,꿀단지,명사,4,L2,단일일치,경계(L3~L4),2,REVIEW_BOUNDARY,1,일치,,
SC_V1932_B032_028,꿇어앉다,동사,4,L2,단일일치,경계(L3~L4),2,REVIEW_BOUNDARY,1,일치,207(레벨보류),
SC_V1932_B032_029,꿈길,명사,4,L2,단일일치,경계(L3~L4),3,PROVISIONAL_AUTO,0,충돌,,공식대조(충돌)
SC_V1932_B032_031,꿈쩍,부사,3,L1,단일일치,경계(L1~L2),1,PROVISIONAL_AUTO,0,일치,,
SC_V1932_B032_032,꿍꿍이속,명사,4,L2,단일일치,경계(L3~L4),3,PROVISIONAL_AUTO,0,충돌,,공식대조(충돌)
SC_V1932_B032_033,끄덕,부사,4,L2,단일일치,경계(L3~L4),3,PROVISIONAL_AUTO,0,충돌,,공식대조(충돌)
SC_V1932_B032_034,끄떡,부사,3,L1,단일일치,경계(L1~L2),1,PROVISIONAL_AUTO,0,일치,,
SC_V1932_B032_035,끄떡없다,형용사,4,L2,단일일치,경계(L3~L4),3,PROVISIONAL_AUTO,0,충돌,,공식대조(충돌)
SC_V1932_B032_036,끈덕지다,형용사,4,L2,단일일치,경계(L3~L4),2,REVIEW_BOUNDARY,1,일치,,
SC_V1932_B032_037,끈질기다,형용사,3,L1,단일일치,경계(L1~L2),1,PROVISIONAL_AUTO,0,일치,,
SC_V1932_B032_038,끊임없다,형용사,3,L1,단일일치,경계(L1~L2),1,PROVISIONAL_AUTO,0,일치,,
SC_V1932_B032_039,끔적거리다,동사,4,L2,단일일치,경계(L3~L4),3,PROVISIONAL_AUTO,0,충돌,,공식대조(충돌)
SC_V1932_B032_040,끙끙거리다,동사,3,L1,단일일치,경계(L1~L2),1,REVIEW_BOUNDARY,1,일치,,
SC_V1932_B032_041,끙끙대다,동사,4,L2,단일일치,경계(L3~L4),2,REVIEW_BOUNDARY,1,일치,,
SC_V1932_B032_042,끝내주다,동사,3,L1,단일일치,경계(L1~L2),1,PROVISIONAL_AUTO,0,일치,,
SC_V1932_B032_043,끝닿다,동사,4,L2,단일일치,경계(L3~L4),2,REVIEW_BOUNDARY,1,일치,,
SC_V1932_B032_044,끝말,명사,3,L1,단일일치,경계(L1~L2),1,PROVISIONAL_AUTO,0,일치,,
SC_V1932_B032_045,끝말잇기,명사,3,L1,단일일치,경계(L1~L2),1,PROVISIONAL_AUTO,0,일치,,
SC_V1932_B032_046,끝머리,명사,4,L2,단일일치,경계(L3~L4),2,REVIEW_BOUNDARY,1,일치,,
SC_V1932_B032_047,끝없다,형용사,3,L1,단일일치,경계(L1~L2),1,PROVISIONAL_AUTO,0,일치,,
SC_V1932_B032_048,끼리끼리,부사,3,L1,단일일치,경계(L1~L2),1,PROVISIONAL_AUTO,0,일치,,
SC_V1932_B032_049,끼익,부사,4,L2,단일일치,경계(L3~L4),2,REVIEW_BOUNDARY,1,일치,,
SC_V1932_B032_050,낄낄,부사,4,L2,단일일치,경계(L3~L4),3,PROVISIONAL_AUTO,0,충돌,,공식대조(충돌)
SC_V1933_B033_001,낄낄거리다,동사,3,L1,단일일치,경계(L1~L2),1,REVIEW_BOUNDARY,1,일치,,
SC_V1933_B033_002,나날,명사,4,L2,단일일치,경계(L3~L4),2,REVIEW_BOUNDARY,1,일치,,
SC_V1933_B033_003,나노,명사,4,L2,단일일치,경계(L3~L4),3,PROVISIONAL_AUTO,0,충돌,,공식대조(충돌)
SC_V1933_B033_004,나눗셈,명사,3,L1,단일일치,경계(L1~L2),1,REVIEW_BOUNDARY,1,일치,,
SC_V1933_B033_005,나다니다,동사,4,L2,단일일치,경계(L3~L4),2,REVIEW_BOUNDARY,1,일치,,
SC_V1933_B033_006,나라꽃,명사,4,L2,단일일치,경계(L3~L4),3,PROVISIONAL_AUTO,0,충돌,,공식대조(충돌)
SC_V1933_B033_008,나라말,명사,4,L2,단일일치,경계(L3~L4),2,REVIEW_BOUNDARY,1,일치,,
SC_V1933_B033_010,나루터,명사,4,L2,단일일치,경계(L3~L4),2,REVIEW_BOUNDARY,1,일치,,
SC_V1933_B033_011,나막신,명사,4,L2,단일일치,경계(L3~L4),3,PROVISIONAL_AUTO,0,충돌,,공식대조(충돌)
SC_V1933_B033_012,나무꾼,명사,3,L1,단일일치,경계(L1~L2),1,PROVISIONAL_AUTO,0,일치,,
SC_V1933_B033_013,나무망치,명사,4,L2,단일일치,경계(L3~L4),3,PROVISIONAL_AUTO,0,충돌,,공식대조(충돌)
SC_V1933_B033_014,나무뿌리,명사,4,L2,단일일치,경계(L3~L4),3,PROVISIONAL_AUTO,0,충돌,,공식대조(충돌)
SC_V1933_B033_015,나무줄기,명사,4,L2,단일일치,경계(L3~L4),3,PROVISIONAL_AUTO,0,충돌,,공식대조(충돌)
SC_V1933_B033_017,나무판자,명사,4,L2,단일일치,경계(L3~L4),2,REVIEW_BOUNDARY,1,일치,,
SC_V1933_B033_018,나무하다,동사,4,L2,단일일치,경계(L3~L4),2,REVIEW_BOUNDARY,1,일치,207(레벨보류),
SC_V1933_B033_019,나뭇더미,명사,4,L2,단일일치,경계(L3~L4),2,REVIEW_BOUNDARY,1,일치,,
SC_V1933_B033_020,나뭇조각,명사,4,L2,단일일치,경계(L3~L4),2,REVIEW_BOUNDARY,1,일치,,
SC_V1933_B033_021,나박김치,명사,4,L2,단일일치,경계(L3~L4),3,PROVISIONAL_AUTO,0,충돌,,공식대조(충돌)
SC_V1933_B033_022,나비넥타이,명사,3,L1,단일일치,경계(L1~L2),1,REVIEW_BOUNDARY,1,일치,,
SC_V1933_B033_023,나사못,명사,3,L1,단일일치,경계(L1~L2),1,PROVISIONAL_AUTO,0,일치,,
SC_V1933_B033_024,나선형,명사,4,L2,단일일치,경계(L3~L4),2,REVIEW_BOUNDARY,1,일치,,
SC_V1933_B033_026,나풀나풀,부사,4,L2,단일일치,경계(L3~L4),3,PROVISIONAL_AUTO,0,충돌,,공식대조(충돌)
SC_V1933_B033_027,낙농,명사,4,L2,단일일치,경계(L3~L4),3,PROVISIONAL_AUTO,0,충돌,,공식대조(충돌)
SC_V1933_B033_028,낙농업,명사,4,L2,단일일치,경계(L3~L4),3,PROVISIONAL_AUTO,0,충돌,,공식대조(충돌)
SC_V1933_B033_029,낙담하다,동사,4,L2,단일일치,경계(L3~L4),3,PROVISIONAL_AUTO,0,충돌,,공식대조(충돌)
SC_V1933_B033_030,낙심,명사,4,L2,단일일치,경계(L3~L4),3,PROVISIONAL_AUTO,0,충돌,,공식대조(충돌)
SC_V1933_B033_031,낙심하다,동사,4,L2,단일일치,경계(L3~L4),3,PROVISIONAL_AUTO,0,충돌,,공식대조(충돌)
SC_V1933_B033_032,낚시꾼,명사,3,L1,단일일치,경계(L1~L2),1,PROVISIONAL_AUTO,0,일치,,
SC_V1933_B033_033,낚시하다,동사,3,L1,단일일치,경계(L1~L2),1,PROVISIONAL_AUTO,0,일치,,
SC_V1933_B033_034,낚싯대,명사,4,L2,단일일치,경계(L3~L4),3,PROVISIONAL_AUTO,0,충돌,,공식대조(충돌)
SC_V1933_B033_035,난데없다,형용사,4,L2,단일일치,경계(L3~L4),2,REVIEW_BOUNDARY,1,일치,,
SC_V1933_B033_036,난데없이,부사,3,L1,단일일치,경계(L1~L2),1,PROVISIONAL_AUTO,0,일치,,
SC_V1933_B033_037,난생처음,명사,3,L1,단일일치,경계(L1~L2),1,PROVISIONAL_AUTO,0,일치,,
SC_V1933_B033_038,난이도,명사,4,L2,단일일치,경계(L3~L4),3,PROVISIONAL_AUTO,0,충돌,,공식대조(충돌)
SC_V1933_B033_039,난처하다,형용사,3,L1,단일일치,경계(L1~L2),1,PROVISIONAL_AUTO,0,일치,,
SC_V1933_B033_041,날갯짓,명사,3,L1,단일일치,경계(L1~L2),1,PROVISIONAL_AUTO,0,일치,,
SC_V1933_B033_042,날고구마,명사,4,L2,단일일치,경계(L3~L4),2,REVIEW_BOUNDARY,1,일치,,
SC_V1933_B033_043,날래다,형용사,4,L2,단일일치,경계(L3~L4),2,REVIEW_BOUNDARY,1,일치,,
SC_V1933_B033_044,날쌔다,형용사,3,L1,단일일치,경계(L1~L2),1,PROVISIONAL_AUTO,0,일치,,
SC_V1933_B033_045,날짐승,명사,4,L2,단일일치,경계(L3~L4),2,REVIEW_BOUNDARY,1,일치,,
SC_V1933_B033_046,남김없이,부사,3,L1,단일일치,경계(L1~L2),1,PROVISIONAL_AUTO,0,일치,,
SC_V1933_B033_049,남녀평등,명사,3,L1,단일일치,경계(L1~L2),1,REVIEW_BOUNDARY,1,일치,207(레벨보류),
SC_V1933_B033_050,남다르다,형용사,3,L1,단일일치,경계(L1~L2),1,PROVISIONAL_AUTO,0,일치,,
SC_V1934_B034_001,남달리,부사,4,L2,단일일치,경계(L3~L4),2,REVIEW_BOUNDARY,1,일치,,
SC_V1934_B034_002,남동쪽,명사,4,L2,단일일치,경계(L3~L4),2,REVIEW_BOUNDARY,1,일치,,
SC_V1934_B034_003,남동풍,명사,4,L2,단일일치,경계(L3~L4),2,REVIEW_BOUNDARY,1,일치,,
SC_V1934_B034_004,남모르다,동사,3,L1,단일일치,경계(L1~L2),1,PROVISIONAL_AUTO,0,일치,,
SC_V1934_B034_005,남몰래,부사,4,L2,단일일치,경계(L3~L4),2,REVIEW_BOUNDARY,1,일치,,
SC_V1934_B034_006,남부끄럽다,형용사,4,L2,단일일치,경계(L3~L4),3,PROVISIONAL_AUTO,0,충돌,,공식대조(충돌)
SC_V1934_B034_007,남부럽다,형용사,3,L1,단일일치,경계(L1~L2),1,PROVISIONAL_AUTO,0,일치,,
SC_V1934_B034_010,남서쪽,명사,4,L2,단일일치,경계(L3~L4),2,REVIEW_BOUNDARY,1,일치,,
SC_V1934_B034_011,남아돌다,동사,3,L1,단일일치,경계(L1~L2),1,PROVISIONAL_AUTO,0,일치,,
SC_V1934_B034_013,남짓하다,형용사,3,L1,단일일치,경계(L1~L2),1,PROVISIONAL_AUTO,0,일치,,
SC_V1934_B034_014,남청색,명사,4,L2,단일일치,경계(L3~L4),2,REVIEW_BOUNDARY,1,일치,,
SC_V1934_B034_015,남향,명사,4,L2,단일일치,경계(L3~L4),2,REVIEW_BOUNDARY,1,일치,,
SC_V1934_B034_017,납득,명사,3,L1,단일일치,경계(L1~L2),1,PROVISIONAL_AUTO,0,일치,,
SC_V1934_B034_018,납득하다,동사,4,L2,단일일치,경계(L3~L4),3,PROVISIONAL_AUTO,0,충돌,,공식대조(충돌)
SC_V1934_B034_019,납땜질,명사,4,L2,단일일치,경계(L3~L4),3,PROVISIONAL_AUTO,0,충돌,,공식대조(충돌)
SC_V1934_B034_024,납품하다,동사,4,L2,단일일치,경계(L3~L4),2,REVIEW_BOUNDARY,1,일치,,
SC_V1934_B034_025,낭독하다,동사,3,L1,단일일치,경계(L1~L2),1,PROVISIONAL_AUTO,0,일치,,
SC_V1934_B034_026,낭독회,명사,4,L2,단일일치,경계(L3~L4),3,PROVISIONAL_AUTO,0,충돌,,공식대조(충돌)
SC_V1934_B034_027,낭떠러지,명사,3,L1,단일일치,경계(L1~L2),1,PROVISIONAL_AUTO,0,일치,,
SC_V1934_B034_028,낭송하다,동사,3,L1,단일일치,경계(L1~L2),1,PROVISIONAL_AUTO,0,일치,,
SC_V1934_B034_029,낭패,명사,3,L1,단일일치,경계(L1~L2),1,PROVISIONAL_AUTO,0,일치,,
SC_V1934_B034_030,낯모르다,동사,4,L2,단일일치,경계(L3~L4),2,REVIEW_BOUNDARY,1,일치,,
SC_V1934_B034_031,낯빛,명사,4,L2,단일일치,경계(L3~L4),2,REVIEW_BOUNDARY,1,일치,,
SC_V1934_B034_032,낱개,명사,3,L1,단일일치,경계(L1~L2),1,PROVISIONAL_AUTO,0,일치,,
SC_V1934_B034_033,낱권,명사,4,L2,단일일치,경계(L3~L4),3,PROVISIONAL_AUTO,0,충돌,,공식대조(충돌)
SC_V1934_B034_034,낱낱이,부사,3,L1,단일일치,경계(L1~L2),1,PROVISIONAL_AUTO,0,일치,,
SC_V1934_B034_035,낱알,명사,3,L1,단일일치,경계(L1~L2),1,PROVISIONAL_AUTO,0,일치,,
SC_V1934_B034_036,낱장,명사,4,L2,단일일치,경계(L3~L4),2,REVIEW_BOUNDARY,1,일치,,
SC_V1934_B034_037,내가다,동사,3,L1,단일일치,경계(L1~L2),1,PROVISIONAL_AUTO,0,일치,,
SC_V1934_B034_038,내구성,명사,4,L2,단일일치,경계(L3~L4),3,REVIEW_BOUNDARY,1,충돌,,공식대조(충돌)
SC_V1934_B034_040,내달,명사,4,L2,단일일치,경계(L3~L4),2,REVIEW_BOUNDARY,1,일치,,
SC_V1934_B034_041,내달리다,동사,3,L1,단일일치,경계(L1~L2),1,PROVISIONAL_AUTO,0,일치,,
SC_V1934_B034_042,내로라하다,동사,4,L2,단일일치,경계(L3~L4),3,PROVISIONAL_AUTO,0,충돌,,공식대조(충돌)
SC_V1934_B034_043,내리긋다,동사,4,L2,단일일치,경계(L3~L4),2,REVIEW_BOUNDARY,1,일치,,
SC_V1934_B034_045,내리쬐다,동사,3,L1,단일일치,경계(L1~L2),1,PROVISIONAL_AUTO,0,일치,,
SC_V1934_B034_047,내보다,동사,4,L2,단일일치,경계(L3~L4),2,REVIEW_BOUNDARY,1,일치,,
SC_V1934_B034_050,내오다,동사,3,L1,단일일치,경계(L1~L2),1,PROVISIONAL_AUTO,0,일치,,
SC_V1935_B035_002,내음,명사,3,L1,단일일치,경계(L1~L2),1,PROVISIONAL_AUTO,0,일치,,
SC_V1935_B035_003,냅킨,명사,4,L2,단일일치,경계(L3~L4),3,PROVISIONAL_AUTO,0,충돌,,공식대조(충돌)
SC_V1935_B035_004,냇가,명사,3,L1,단일일치,경계(L1~L2),1,PROVISIONAL_AUTO,0,일치,,
SC_V1935_B035_005,냇물,명사,3,L1,단일일치,경계(L1~L2),1,PROVISIONAL_AUTO,0,일치,,
SC_V1935_B035_006,냉국,명사,4,L2,단일일치,경계(L3~L4),3,PROVISIONAL_AUTO,0,충돌,,공식대조(충돌)
SC_V1935_B035_008,냉동,명사,3,L1,단일일치,경계(L1~L2),1,PROVISIONAL_AUTO,0,일치,,
SC_V1935_B035_009,냉동식품,명사,4,L2,단일일치,경계(L3~L4),2,REVIEW_BOUNDARY,1,일치,,
SC_V1935_B035_010,냉동실,명사,3,L1,단일일치,경계(L1~L2),1,PROVISIONAL_AUTO,0,일치,,
SC_V1935_B035_011,냉동하다,동사,3,L1,단일일치,경계(L1~L2),1,PROVISIONAL_AUTO,0,일치,,
SC_V1935_B035_013,냉잇국,명사,4,L2,단일일치,경계(L3~L4),3,PROVISIONAL_AUTO,0,충돌,,공식대조(충돌)
SC_V1935_B035_014,냉장실,명사,3,L1,단일일치,경계(L1~L2),1,PROVISIONAL_AUTO,0,일치,,
SC_V1935_B035_015,냉철하다,형용사,4,L2,단일일치,경계(L3~L4),3,PROVISIONAL_AUTO,0,충돌,,공식대조(충돌)
SC_V1935_B035_016,냉큼,부사,3,L1,단일일치,경계(L1~L2),1,PROVISIONAL_AUTO,0,일치,,
SC_V1935_B035_017,냉탕,명사,4,L2,단일일치,경계(L3~L4),2,REVIEW_BOUNDARY,1,일치,,
SC_V1935_B035_018,너그러이,부사,4,L2,단일일치,경계(L3~L4),2,REVIEW_BOUNDARY,1,일치,,
SC_V1935_B035_019,너나없이,부사,4,L2,단일일치,경계(L3~L4),2,REVIEW_BOUNDARY,1,일치,,
SC_V1935_B035_020,너비,명사,4,L2,단일일치,경계(L3~L4),2,REVIEW_BOUNDARY,1,일치,,
SC_V1935_B035_021,너와집,명사,4,L2,단일일치,경계(L3~L4),3,PROVISIONAL_AUTO,0,충돌,,공식대조(충돌)
SC_V1935_B035_022,너트,명사,4,L2,단일일치,경계(L3~L4),3,PROVISIONAL_AUTO,0,충돌,,공식대조(충돌)
SC_V1935_B035_023,넌지시,부사,4,L2,단일일치,경계(L3~L4),2,REVIEW_BOUNDARY,1,일치,,
SC_V1935_B035_024,널뛰다,동사,3,L1,단일일치,경계(L1~L2),1,PROVISIONAL_AUTO,0,일치,,
SC_V1935_B035_025,널빤지,명사,3,L1,단일일치,경계(L1~L2),1,PROVISIONAL_AUTO,0,일치,,
SC_V1935_B035_026,널어놓다,동사,4,L2,단일일치,경계(L3~L4),2,REVIEW_BOUNDARY,1,일치,,
SC_V1935_B035_027,넓적다리,명사,4,L2,단일일치,경계(L3~L4),3,PROVISIONAL_AUTO,0,충돌,,공식대조(충돌)
SC_V1935_B035_028,넓적하다,형용사,3,L1,단일일치,경계(L1~L2),1,PROVISIONAL_AUTO,0,일치,,
SC_V1935_B035_029,넝쿨,명사,3,L1,단일일치,경계(L1~L2),1,REVIEW_BOUNDARY,1,일치,207(레벨보류),
SC_V1935_B035_030,네거리,명사,3,L1,단일일치,경계(L1~L2),1,PROVISIONAL_AUTO,0,일치,,
SC_V1935_B035_031,네모나다,형용사,3,L1,단일일치,경계(L1~L2),1,PROVISIONAL_AUTO,0,일치,,
SC_V1935_B035_032,네모지다,형용사,3,L1,단일일치,경계(L1~L2),1,PROVISIONAL_AUTO,0,일치,,
SC_V1935_B035_034,노끈,명사,3,L1,단일일치,경계(L1~L2),1,PROVISIONAL_AUTO,0,일치,,
SC_V1935_B035_036,노닐다,동사,4,L2,단일일치,경계(L3~L4),2,REVIEW_BOUNDARY,1,일치,207(레벨보류),
SC_V1935_B035_038,노동력,명사,3,L1,단일일치,경계(L1~L2),2,PROVISIONAL_AUTO,0,충돌,17(L2_PROVISIONAL_AUTO),공식대조(충돌)
SC_V1935_B035_039,노래자랑,명사,4,L2,단일일치,경계(L3~L4),3,PROVISIONAL_AUTO,0,충돌,,공식대조(충돌)
SC_V1935_B035_040,노랫말,명사,3,L1,단일일치,경계(L1~L2),1,PROVISIONAL_AUTO,0,일치,,
SC_V1935_B035_041,노랫소리,명사,3,L1,단일일치,경계(L1~L2),1,PROVISIONAL_AUTO,0,일치,,
SC_V1935_B035_043,노르무레하다,형용사,4,L2,단일일치,경계(L3~L4),3,PROVISIONAL_AUTO,0,충돌,,공식대조(충돌)
SC_V1935_B035_049,노여움,명사,4,L2,단일일치,경계(L3~L4),2,REVIEW_BOUNDARY,1,일치,,
SC_V1935_B035_050,노엽다,형용사,4,L2,단일일치,경계(L3~L4),2,REVIEW_BOUNDARY,1,일치,,
SC_V1936_B036_001,노을,명사,3,L1,단일일치,경계(L1~L2),1,REVIEW_BOUNDARY,1,일치,,
SC_V1936_B036_007,노트북,명사,3,L1,단일일치,경계(L1~L2),1,REVIEW_BOUNDARY,1,일치,,
SC_V1936_B036_008,녹말풀,명사,4,L2,단일일치,경계(L3~L4),3,PROVISIONAL_AUTO,0,충돌,,공식대조(충돌)
SC_V1936_B036_009,녹음기,명사,3,L1,단일일치,경계(L1~L2),1,PROVISIONAL_AUTO,0,일치,,
SC_V1936_B036_010,녹음되다,동사,3,L1,단일일치,경계(L1~L2),1,PROVISIONAL_AUTO,0,일치,,
SC_V1936_B036_011,녹지대,명사,4,L2,단일일치,경계(L3~L4),3,PROVISIONAL_AUTO,0,충돌,,공식대조(충돌)
SC_V1936_B036_012,녹황색,명사,4,L2,단일일치,경계(L3~L4),2,REVIEW_BOUNDARY,1,일치,,
SC_V1936_B036_013,논길,명사,4,L2,단일일치,경계(L3~L4),2,REVIEW_BOUNDARY,1,일치,,
SC_V1936_B036_014,논둑,명사,4,L2,단일일치,경계(L3~L4),2,REVIEW_BOUNDARY,1,일치,,
SC_V1936_B036_015,논설문,명사,4,L2,단일일치,경계(L3~L4),3,REVIEW_BOUNDARY,1,충돌,,공식대조(충돌)
SC_V1936_B036_016,논일,명사,4,L2,단일일치,경계(L3~L4),2,REVIEW_BOUNDARY,1,일치,,
SC_V1936_B036_020,놀이기구,명사,3,L1,단일일치,경계(L1~L2),1,PROVISIONAL_AUTO,0,일치,,
SC_V1936_B036_021,놀이동산,명사,3,L1,단일일치,경계(L1~L2),1,PROVISIONAL_AUTO,0,일치,,
SC_V1936_B036_022,놀이판,명사,4,L2,단일일치,경계(L3~L4),2,REVIEW_BOUNDARY,1,일치,,
SC_V1936_B036_023,놀잇감,명사,4,L2,단일일치,경계(L3~L4),3,PROVISIONAL_AUTO,0,충돌,,공식대조(충돌)
SC_V1936_B036_024,놋쇠,명사,4,L2,단일일치,경계(L3~L4),3,PROVISIONAL_AUTO,0,충돌,,공식대조(충돌)
SC_V1936_B036_025,농간,명사,4,L2,단일일치,경계(L3~L4),3,PROVISIONAL_AUTO,0,충돌,,공식대조(충돌)
SC_V1936_B036_026,농경,명사,4,L2,단일일치,경계(L3~L4),2,REVIEW_BOUNDARY,1,일치,,
SC_V1936_B036_027,농경지,명사,4,L2,단일일치,경계(L3~L4),2,REVIEW_BOUNDARY,1,일치,,
SC_V1936_B036_028,농구대,명사,4,L2,단일일치,경계(L3~L4),3,PROVISIONAL_AUTO,0,충돌,,공식대조(충돌)
SC_V1936_B036_029,농기계,명사,4,L2,단일일치,경계(L3~L4),3,PROVISIONAL_AUTO,0,충돌,,공식대조(충돌)
SC_V1936_B036_030,농기구,명사,3,L1,단일일치,경계(L1~L2),1,PROVISIONAL_AUTO,0,일치,,
SC_V1936_B036_031,농담하다,동사,3,L1,단일일치,경계(L1~L2),1,PROVISIONAL_AUTO,0,일치,,
SC_V1936_B036_033,농번기,명사,4,L2,단일일치,경계(L3~L4),3,PROVISIONAL_AUTO,0,충돌,,공식대조(충돌)
SC_V1936_B036_034,농사일,명사,3,L1,단일일치,경계(L1~L2),1,PROVISIONAL_AUTO,0,일치,,
SC_V1936_B036_035,농사철,명사,3,L1,단일일치,경계(L1~L2),1,PROVISIONAL_AUTO,0,일치,,
SC_V1936_B036_036,농산물,명사,3,L1,단일일치,경계(L1~L2),1,PROVISIONAL_AUTO,0,일치,,
SC_V1936_B036_037,농삿집,명사,4,L2,단일일치,경계(L3~L4),3,PROVISIONAL_AUTO,0,충돌,,공식대조(충돌)
SC_V1936_B036_038,농수산,명사,4,L2,단일일치,경계(L3~L4),2,REVIEW_BOUNDARY,1,일치,,
SC_V1936_B036_039,농수산물,명사,4,L2,단일일치,경계(L3~L4),2,REVIEW_BOUNDARY,1,일치,,
SC_V1936_B036_040,농악대,명사,4,L2,단일일치,경계(L3~L4),2,REVIEW_BOUNDARY,1,일치,,
SC_V1936_B036_041,농약,명사,3,L1,단일일치,경계(L1~L2),1,PROVISIONAL_AUTO,0,일치,,
SC_V1936_B036_042,농어민,명사,4,L2,단일일치,경계(L3~L4),2,REVIEW_BOUNDARY,1,일치,,
SC_V1936_B036_043,농어촌,명사,3,L1,단일일치,경계(L1~L2),1,PROVISIONAL_AUTO,0,일치,,
SC_V1936_B036_044,농업국,명사,4,L2,단일일치,경계(L3~L4),3,PROVISIONAL_AUTO,0,충돌,,공식대조(충돌)
SC_V1936_B036_045,농업용수,명사,4,L2,단일일치,경계(L3~L4),3,PROVISIONAL_AUTO,0,충돌,,공식대조(충돌)
SC_V1936_B036_046,농원,명사,4,L2,단일일치,경계(L3~L4),3,PROVISIONAL_AUTO,0,충돌,,공식대조(충돌)
SC_V1936_B036_047,농작물,명사,3,L1,단일일치,경계(L1~L2),1,PROVISIONAL_AUTO,0,일치,,
SC_V1936_B036_048,농지,명사,3,L1,단일일치,경계(L1~L2),1,PROVISIONAL_AUTO,0,일치,,
SC_V1936_B036_049,높이뛰기,명사,3,L1,단일일치,경계(L1~L2),1,REVIEW_BOUNDARY,1,일치,,
SC_V1936_B036_050,높임,명사,4,L2,단일일치,경계(L3~L4),3,REVIEW_BOUNDARY,1,충돌,,공식대조(충돌)
SC_V1937_B037_001,높임법,명사,4,L2,단일일치,경계(L3~L4),3,REVIEW_BOUNDARY,1,충돌,,공식대조(충돌)
SC_V1937_B037_002,뇌리,명사,4,L2,단일일치,경계(L3~L4),3,PROVISIONAL_AUTO,0,충돌,,공식대조(충돌)
SC_V1937_B037_005,누그러뜨리다,동사,3,L1,단일일치,경계(L1~L2),1,REVIEW_BOUNDARY,1,일치,,
SC_V1937_B037_006,누더기,명사,3,L1,단일일치,경계(L1~L2),1,PROVISIONAL_AUTO,0,일치,,
SC_V1937_B037_007,누락되다,동사,4,L2,단일일치,경계(L3~L4),2,REVIEW_BOUNDARY,1,일치,,
SC_V1937_B037_008,누런빛,명사,4,L2,단일일치,경계(L3~L4),2,REVIEW_BOUNDARY,1,일치,,
SC_V1937_B037_009,누런색,명사,4,L2,단일일치,경계(L3~L4),2,REVIEW_BOUNDARY,1,일치,,
SC_V1937_B037_010,누렁,명사,4,L2,단일일치,경계(L3~L4),2,REVIEW_BOUNDARY,1,일치,,
SC_V1937_B037_011,누렁소,명사,4,L2,단일일치,경계(L3~L4),2,REVIEW_BOUNDARY,1,일치,,
SC_V1937_B037_012,누르께하다,형용사,4,L2,단일일치,경계(L3~L4),3,PROVISIONAL_AUTO,0,충돌,,공식대조(충돌)
SC_V1937_B037_013,누에고치,명사,4,L2,단일일치,경계(L3~L4),3,PROVISIONAL_AUTO,0,충돌,,공식대조(충돌)
SC_V1937_B037_014,누에치기,명사,4,L2,단일일치,경계(L3~L4),3,PROVISIONAL_AUTO,0,충돌,,공식대조(충돌)
SC_V1937_B037_018,눈가,명사,3,L1,단일일치,경계(L1~L2),1,PROVISIONAL_AUTO,0,일치,,
SC_V1937_B037_020,눈깔사탕,명사,3,L1,단일일치,경계(L1~L2),1,PROVISIONAL_AUTO,0,일치,,
SC_V1937_B037_021,눈꺼풀,명사,3,L1,단일일치,경계(L1~L2),1,PROVISIONAL_AUTO,0,일치,,
SC_V1937_B037_022,눈꽃,명사,3,L1,단일일치,경계(L1~L2),1,PROVISIONAL_AUTO,0,일치,,
SC_V1937_B037_023,눈두덩,명사,4,L2,단일일치,경계(L3~L4),2,REVIEW_BOUNDARY,1,일치,,
SC_V1937_B037_024,눈매,명사,3,L1,단일일치,경계(L1~L2),1,PROVISIONAL_AUTO,0,일치,,
SC_V1937_B037_025,눈물겹다,형용사,4,L2,단일일치,경계(L3~L4),2,REVIEW_BOUNDARY,1,일치,,
SC_V1937_B037_026,눈물바다,명사,3,L1,단일일치,경계(L1~L2),1,PROVISIONAL_AUTO,0,일치,,
SC_V1937_B037_027,눈물샘,명사,4,L2,단일일치,경계(L3~L4),3,PROVISIONAL_AUTO,0,충돌,,공식대조(충돌)
SC_V1937_B037_028,눈물짓다,동사,4,L2,단일일치,경계(L3~L4),3,PROVISIONAL_AUTO,0,충돌,,공식대조(충돌)
SC_V1937_B037_029,눈비,명사,4,L2,단일일치,경계(L3~L4),2,REVIEW_BOUNDARY,1,일치,,
SC_V1937_B037_030,눈사태,명사,4,L2,단일일치,경계(L3~L4),3,PROVISIONAL_AUTO,0,충돌,,공식대조(충돌)
SC_V1937_B037_031,눈송이,명사,3,L1,단일일치,경계(L1~L2),1,PROVISIONAL_AUTO,0,일치,,
SC_V1937_B037_032,눈시울,명사,3,L1,단일일치,경계(L1~L2),1,PROVISIONAL_AUTO,0,일치,,
SC_V1937_B037_033,눈썰매장,명사,3,L1,단일일치,경계(L1~L2),1,PROVISIONAL_AUTO,0,일치,,
SC_V1937_B037_034,눈썰미,명사,3,L1,단일일치,경계(L1~L2),1,PROVISIONAL_AUTO,0,일치,,
SC_V1937_B037_035,눈여겨보다,동사,3,L1,단일일치,경계(L1~L2),1,REVIEW_BOUNDARY,1,일치,,
SC_V1937_B037_036,눈요기,명사,4,L2,단일일치,경계(L3~L4),3,PROVISIONAL_AUTO,0,충돌,,공식대조(충돌)
SC_V1937_B037_037,눈웃음,명사,4,L2,단일일치,경계(L3~L4),2,REVIEW_BOUNDARY,1,일치,,
SC_V1937_B037_039,눈인사,명사,4,L2,단일일치,경계(L3~L4),2,REVIEW_BOUNDARY,1,일치,,
SC_V1937_B037_041,눈짓,명사,4,L2,단일일치,경계(L3~L4),3,PROVISIONAL_AUTO,0,충돌,,공식대조(충돌)
SC_V1937_B037_042,눈짓하다,동사,4,L2,단일일치,경계(L3~L4),3,PROVISIONAL_AUTO,0,충돌,,공식대조(충돌)
SC_V1937_B037_044,눈치채다,동사,3,L1,단일일치,경계(L1~L2),1,PROVISIONAL_AUTO,0,일치,,
SC_V1937_B037_045,뉘앙스,명사,4,L2,단일일치,경계(L3~L4),3,PROVISIONAL_AUTO,0,충돌,,공식대조(충돌)
SC_V1937_B037_046,뉘우치다,동사,3,L1,단일일치,경계(L1~L2),1,PROVISIONAL_AUTO,0,일치,,
SC_V1937_B037_047,뉘우침,명사,4,L2,단일일치,경계(L3~L4),3,PROVISIONAL_AUTO,0,충돌,,공식대조(충돌)
SC_V1937_B037_048,느닷없이,부사,4,L2,단일일치,경계(L3~L4),2,REVIEW_BOUNDARY,1,일치,207(레벨보류),
SC_V1937_B037_050,느릿하다,형용사,3,L1,단일일치,경계(L1~L2),1,PROVISIONAL_AUTO,0,일치,,
SC_V1938_B038_001,느지막하다,형용사,3,L1,단일일치,경계(L1~L2),1,REVIEW_BOUNDARY,1,일치,,
SC_V1938_B038_003,늘어뜨리다,동사,3,L1,단일일치,경계(L1~L2),1,REVIEW_BOUNDARY,1,일치,,
SC_V1938_B038_004,능가하다,동사,4,L2,단일일치,경계(L3~L4),3,PROVISIONAL_AUTO,0,충돌,,공식대조(충돌)
SC_V1938_B038_006,능숙하다,형용사,4,L2,단일일치,경계(L3~L4),2,REVIEW_BOUNDARY,1,일치,,
SC_V1938_B038_007,능하다,형용사,4,L2,단일일치,경계(L3~L4),2,REVIEW_BOUNDARY,1,일치,,
SC_V1938_B038_008,능히,부사,4,L2,단일일치,경계(L3~L4),2,REVIEW_BOUNDARY,1,일치,,
SC_V1938_B038_009,늦가을,명사,3,L1,단일일치,경계(L1~L2),1,PROVISIONAL_AUTO,0,일치,,
SC_V1938_B038_010,늦겨울,명사,3,L1,단일일치,경계(L1~L2),1,PROVISIONAL_AUTO,0,일치,,
SC_V1938_B038_011,늦봄,명사,3,L1,단일일치,경계(L1~L2),1,PROVISIONAL_AUTO,0,일치,,
SC_V1938_B038_012,늦여름,명사,3,L1,단일일치,경계(L1~L2),1,PROVISIONAL_AUTO,0,일치,,
SC_V1938_B038_014,늪지대,명사,4,L2,단일일치,경계(L3~L4),2,REVIEW_BOUNDARY,1,일치,,
SC_V1938_B038_015,늴리리야,명사,4,L2,단일일치,경계(L3~L4),3,PROVISIONAL_AUTO,0,충돌,,공식대조(충돌)
SC_V1938_B038_016,니크롬선,명사,4,L2,단일일치,경계(L3~L4),3,PROVISIONAL_AUTO,0,충돌,,공식대조(충돌)
SC_V1938_B038_017,다가앉다,동사,4,L2,단일일치,경계(L3~L4),2,REVIEW_BOUNDARY,1,일치,,
SC_V1938_B038_018,다각형,명사,4,L2,단일일치,경계(L3~L4),3,PROVISIONAL_AUTO,0,충돌,,공식대조(충돌)
SC_V1938_B038_019,다과회,명사,4,L2,단일일치,경계(L3~L4),2,REVIEW_BOUNDARY,1,일치,,
SC_V1938_B038_020,다급히,부사,4,L2,단일일치,경계(L3~L4),2,REVIEW_BOUNDARY,1,일치,,
SC_V1938_B038_021,다년생,명사,4,L2,단일일치,경계(L3~L4),3,REVIEW_BOUNDARY,1,충돌,,공식대조(충돌)
SC_V1938_B038_022,다되다,형용사,4,L2,단일일치,경계(L3~L4),3,PROVISIONAL_AUTO,0,충돌,,공식대조(충돌)
SC_V1938_B038_023,다듬어지다,동사,4,L2,단일일치,경계(L3~L4),3,PROVISIONAL_AUTO,0,충돌,,공식대조(충돌)
SC_V1938_B038_024,다듬이질,명사,4,L2,단일일치,경계(L3~L4),3,PROVISIONAL_AUTO,0,충돌,,공식대조(충돌)
SC_V1938_B038_025,다락집,명사,4,L2,단일일치,경계(L3~L4),3,PROVISIONAL_AUTO,0,충돌,,공식대조(충돌)
SC_V1938_B038_026,다름없다,형용사,3,L1,단일일치,경계(L1~L2),1,PROVISIONAL_AUTO,0,일치,,
SC_V1938_B038_027,다름없이,부사,3,L1,단일일치,경계(L1~L2),1,PROVISIONAL_AUTO,0,일치,,
SC_V1938_B038_028,다리미질,명사,3,L1,단일일치,경계(L1~L2),1,PROVISIONAL_AUTO,0,일치,,
SC_V1938_B038_029,다리미질하다,동사,4,L2,단일일치,경계(L3~L4),3,PROVISIONAL_AUTO,0,충돌,,공식대조(충돌)
SC_V1938_B038_031,다리털,명사,4,L2,단일일치,경계(L3~L4),2,REVIEW_BOUNDARY,1,일치,,
SC_V1938_B038_032,다림질,명사,3,L1,단일일치,경계(L1~L2),1,PROVISIONAL_AUTO,0,일치,,
SC_V1938_B038_033,다림질하다,동사,4,L2,단일일치,경계(L3~L4),3,PROVISIONAL_AUTO,0,충돌,,공식대조(충돌)
SC_V1938_B038_034,다목적,명사,4,L2,단일일치,경계(L3~L4),3,PROVISIONAL_AUTO,0,충돌,,공식대조(충돌)
SC_V1938_B038_035,다사다난하다,형용사,4,L2,단일일치,경계(L3~L4),3,PROVISIONAL_AUTO,0,충돌,,공식대조(충돌)
SC_V1938_B038_037,다시금,부사,3,L1,단일일치,경계(L1~L2),1,PROVISIONAL_AUTO,0,일치,,
SC_V1938_B038_038,다용도,명사,4,L2,단일일치,경계(L3~L4),2,REVIEW_BOUNDARY,1,일치,,
SC_V1938_B038_039,다운로드,명사,4,L2,단일일치,경계(L3~L4),3,PROVISIONAL_AUTO,0,충돌,,공식대조(충돌)
SC_V1938_B038_041,다정다감하다,형용사,3,L1,단일일치,경계(L1~L2),1,REVIEW_BOUNDARY,1,일치,,
SC_V1938_B038_042,다정스럽다,형용사,4,L2,단일일치,경계(L3~L4),3,PROVISIONAL_AUTO,0,충돌,,공식대조(충돌)
SC_V1938_B038_043,다짜고짜,부사,3,L1,단일일치,경계(L1~L2),1,PROVISIONAL_AUTO,0,일치,,
SC_V1938_B038_044,다짜고짜로,부사,4,L2,단일일치,경계(L3~L4),3,PROVISIONAL_AUTO,0,충돌,,공식대조(충돌)
SC_V1938_B038_045,다채롭다,형용사,3,L1,단일일치,경계(L1~L2),1,PROVISIONAL_AUTO,0,일치,,
SC_V1938_B038_046,다큐멘터리,명사,4,L2,단일일치,경계(L3~L4),3,PROVISIONAL_AUTO,0,충돌,,공식대조(충돌)
SC_V1938_B038_048,다홍빛,명사,4,L2,단일일치,경계(L3~L4),2,REVIEW_BOUNDARY,1,일치,,
SC_V1938_B038_049,닥쳐오다,동사,3,L1,단일일치,경계(L1~L2),1,PROVISIONAL_AUTO,0,일치,,
SC_V1938_B038_050,단감,명사,3,L1,단일일치,경계(L1~L2),1,REVIEW_BOUNDARY,1,일치,,
SC_V1939_B039_001,단것,명사,3,L1,단일일치,경계(L1~L2),1,PROVISIONAL_AUTO,0,일치,,
SC_V1939_B039_002,단결력,명사,4,L2,단일일치,경계(L3~L4),3,PROVISIONAL_AUTO,0,충돌,,공식대조(충돌)
SC_V1939_B039_003,단골손님,명사,4,L2,단일일치,경계(L3~L4),2,REVIEW_BOUNDARY,1,일치,,
SC_V1939_B039_004,단념하다,동사,3,L1,단일일치,경계(L1~L2),1,PROVISIONAL_AUTO,0,일치,,
SC_V1939_B039_006,단숨에,부사,3,L1,단일일치,경계(L1~L2),1,PROVISIONAL_AUTO,0,일치,,
SC_V1939_B039_007,단아하다,형용사,4,L2,단일일치,경계(L3~L4),2,REVIEW_BOUNDARY,1,일치,,
SC_V1939_B039_008,단연코,부사,4,L2,단일일치,경계(L3~L4),3,PROVISIONAL_AUTO,0,충돌,,공식대조(충돌)
SC_V1939_B039_009,단옷날,명사,4,L2,단일일치,경계(L3~L4),3,PROVISIONAL_AUTO,0,충돌,,공식대조(충돌)
SC_V1939_B039_010,단일어,명사,4,L2,단일일치,경계(L3~L4),3,PROVISIONAL_AUTO,0,충돌,,공식대조(충돌)
SC_V1939_B039_011,단일팀,명사,4,L2,단일일치,경계(L3~L4),3,PROVISIONAL_AUTO,0,충돌,,공식대조(충돌)
SC_V1939_B039_012,단정히,부사,4,L2,단일일치,경계(L3~L4),3,PROVISIONAL_AUTO,0,충돌,,공식대조(충돌)
SC_V1939_B039_013,단조롭다,형용사,3,L1,단일일치,경계(L1~L2),1,REVIEW_BOUNDARY,1,일치,,
SC_V1939_B039_015,단체전,명사,4,L2,단일일치,경계(L3~L4),3,PROVISIONAL_AUTO,0,충돌,,공식대조(충돌)
SC_V1939_B039_016,단축되다,동사,3,L1,단일일치,경계(L1~L2),1,PROVISIONAL_AUTO,0,일치,,
SC_V1939_B039_017,단축하다,동사,3,L1,단일일치,경계(L1~L2),1,PROVISIONAL_AUTO,0,일치,,
SC_V1939_B039_019,단팥죽,명사,3,L1,단일일치,경계(L1~L2),1,PROVISIONAL_AUTO,0,일치,,
SC_V1939_B039_020,단풍놀이,명사,3,L1,단일일치,경계(L1~L2),1,PROVISIONAL_AUTO,0,일치,,
SC_V1939_B039_021,단합,명사,4,L2,단일일치,경계(L3~L4),3,PROVISIONAL_AUTO,0,충돌,,공식대조(충돌)
SC_V1939_B039_022,단호하다,형용사,4,L2,단일일치,경계(L3~L4),3,PROVISIONAL_AUTO,0,충돌,,공식대조(충돌)
SC_V1939_B039_023,단호히,부사,4,L2,단일일치,경계(L3~L4),3,PROVISIONAL_AUTO,0,충돌,,공식대조(충돌)
SC_V1939_B039_024,달가닥,부사,4,L2,단일일치,경계(L3~L4),2,REVIEW_BOUNDARY,1,일치,,
SC_V1939_B039_025,달걀귀신,명사,4,L2,단일일치,경계(L3~L4),3,PROVISIONAL_AUTO,0,충돌,,공식대조(충돌)
SC_V1939_B039_026,달걀말이,명사,4,L2,단일일치,경계(L3~L4),2,REVIEW_BOUNDARY,1,일치,,
SC_V1939_B039_027,달걀부침,명사,4,L2,단일일치,경계(L3~L4),3,PROVISIONAL_AUTO,0,충돌,,공식대조(충돌)
SC_V1939_B039_028,달걀찜,명사,4,L2,단일일치,경계(L3~L4),3,PROVISIONAL_AUTO,0,충돌,,공식대조(충돌)
SC_V1939_B039_029,달걀형,명사,4,L2,단일일치,경계(L3~L4),2,REVIEW_BOUNDARY,1,일치,,
SC_V1939_B039_030,달걀흰자,명사,4,L2,단일일치,경계(L3~L4),3,PROVISIONAL_AUTO,0,충돌,,공식대조(충돌)
SC_V1939_B039_031,달구경,명사,4,L2,단일일치,경계(L3~L4),2,REVIEW_BOUNDARY,1,일치,,
SC_V1939_B039_032,달그락거리다,동사,4,L2,단일일치,경계(L3~L4),3,PROVISIONAL_AUTO,0,충돌,,공식대조(충돌)
SC_V1939_B039_033,달그락달그락,부사,4,L2,단일일치,경계(L3~L4),3,PROVISIONAL_AUTO,0,충돌,,공식대조(충돌)
SC_V1939_B039_034,달나라,명사,3,L1,단일일치,경계(L1~L2),1,PROVISIONAL_AUTO,0,일치,,
SC_V1939_B039_036,달밤,명사,3,L1,단일일치,경계(L1~L2),1,PROVISIONAL_AUTO,0,일치,,
SC_V1939_B039_037,달음박질,명사,4,L2,단일일치,경계(L3~L4),2,REVIEW_BOUNDARY,1,일치,,
SC_V1939_B039_038,달음박질하다,동사,3,L1,단일일치,경계(L1~L2),1,REVIEW_BOUNDARY,1,일치,,
SC_V1939_B039_039,달음질치다,동사,4,L2,단일일치,경계(L3~L4),3,PROVISIONAL_AUTO,0,충돌,,공식대조(충돌)
SC_V1939_B039_040,달큼하다,형용사,4,L2,단일일치,경계(L3~L4),2,REVIEW_BOUNDARY,1,일치,,
SC_V1939_B039_041,닭똥,명사,3,L1,단일일치,경계(L1~L2),1,PROVISIONAL_AUTO,0,일치,,
SC_V1939_B039_042,닭장,명사,3,L1,단일일치,경계(L1~L2),1,PROVISIONAL_AUTO,0,일치,,
SC_V1939_B039_043,닭조림,명사,4,L2,단일일치,경계(L3~L4),3,PROVISIONAL_AUTO,0,충돌,,공식대조(충돌)
SC_V1939_B039_044,닭튀김,명사,4,L2,단일일치,경계(L3~L4),3,PROVISIONAL_AUTO,0,충돌,,공식대조(충돌)
SC_V1939_B039_045,닮은꼴,명사,3,L1,단일일치,경계(L1~L2),2,REVIEW_BOUNDARY,1,충돌,,공식대조(충돌)
SC_V1939_B039_047,담대하다,형용사,4,L2,단일일치,경계(L3~L4),2,REVIEW_BOUNDARY,1,일치,,
SC_V1939_B039_048,담력,명사,4,L2,단일일치,경계(L3~L4),3,PROVISIONAL_AUTO,0,충돌,,공식대조(충돌)
SC_V1940_B040_001,담임하다,동사,4,L2,단일일치,경계(L3~L4),2,REVIEW_BOUNDARY,1,일치,,
SC_V1940_B040_002,담판하다,동사,4,L2,단일일치,경계(L3~L4),3,PROVISIONAL_AUTO,0,충돌,,공식대조(충돌)
SC_V1940_B040_004,답례,명사,4,L2,단일일치,경계(L3~L4),3,PROVISIONAL_AUTO,0,충돌,,공식대조(충돌)
SC_V1940_B040_005,답례하다,동사,4,L2,단일일치,경계(L3~L4),3,PROVISIONAL_AUTO,0,충돌,,공식대조(충돌)
SC_V1940_B040_006,답안,명사,3,L1,단일일치,경계(L1~L2),1,PROVISIONAL_AUTO,0,일치,,
SC_V1940_B040_007,당구장,명사,4,L2,단일일치,경계(L3~L4),3,PROVISIONAL_AUTO,0,충돌,,공식대조(충돌)
SC_V1940_B040_008,당부하다,동사,3,L1,단일일치,경계(L1~L2),1,PROVISIONAL_AUTO,0,일치,,
SC_V1940_B040_011,당혹스럽다,형용사,3,L1,단일일치,경계(L1~L2),1,REVIEW_BOUNDARY,1,일치,,
SC_V1940_B040_012,대각선,명사,3,L1,단일일치,경계(L1~L2),1,REVIEW_BOUNDARY,1,일치,,
SC_V1940_B040_013,대강당,명사,4,L2,단일일치,경계(L3~L4),2,REVIEW_BOUNDARY,1,일치,,
SC_V1940_B040_014,대걸레,명사,4,L2,단일일치,경계(L3~L4),2,REVIEW_BOUNDARY,1,일치,,
SC_V1940_B040_015,대견스럽다,형용사,3,L1,단일일치,경계(L1~L2),1,REVIEW_BOUNDARY,1,일치,,
SC_V1940_B040_016,대견스레,부사,4,L2,단일일치,경계(L3~L4),3,PROVISIONAL_AUTO,0,충돌,,공식대조(충돌)
SC_V1940_B040_017,대공원,명사,3,L1,단일일치,경계(L1~L2),1,PROVISIONAL_AUTO,0,일치,,
SC_V1940_B040_018,대관람차,명사,4,L2,단일일치,경계(L3~L4),3,PROVISIONAL_AUTO,0,충돌,,공식대조(충돌)
SC_V1940_B040_019,대굴대굴,부사,4,L2,단일일치,경계(L3~L4),2,REVIEW_BOUNDARY,1,일치,,
SC_V1940_B040_020,대꾸,명사,3,L1,단일일치,경계(L1~L2),1,PROVISIONAL_AUTO,0,일치,,
SC_V1940_B040_021,대꾸하다,동사,3,L1,단일일치,경계(L1~L2),1,PROVISIONAL_AUTO,0,일치,,
SC_V1940_B040_023,대대손손,명사,4,L2,단일일치,경계(L3~L4),2,REVIEW_BOUNDARY,1,일치,,
SC_V1940_B040_024,대도시,명사,3,L1,단일일치,경계(L1~L2),1,PROVISIONAL_AUTO,0,일치,,
SC_V1940_B040_025,대뜸,부사,4,L2,단일일치,경계(L3~L4),2,REVIEW_BOUNDARY,1,일치,,
SC_V1940_B040_026,대롱거리다,동사,4,L2,단일일치,경계(L3~L4),3,PROVISIONAL_AUTO,0,충돌,,공식대조(충돌)
SC_V1940_B040_028,대리점,명사,4,L2,단일일치,경계(L3~L4),3,PROVISIONAL_AUTO,0,충돌,,공식대조(충돌)
SC_V1940_B040_030,대문자,명사,4,L2,단일일치,경계(L3~L4),3,PROVISIONAL_AUTO,0,충돌,,공식대조(충돌)
SC_V1940_B040_032,대바구니,명사,4,L2,단일일치,경계(L3~L4),2,REVIEW_BOUNDARY,1,일치,,
SC_V1940_B040_033,대번에,부사,4,L2,단일일치,경계(L3~L4),2,REVIEW_BOUNDARY,1,일치,,
SC_V1940_B040_034,대범하다,형용사,3,L1,단일일치,경계(L1~L2),1,PROVISIONAL_AUTO,0,일치,,
SC_V1940_B040_037,대보다,동사,3,L1,단일일치,경계(L1~L2),1,PROVISIONAL_AUTO,0,일치,,
SC_V1940_B040_038,대보름,명사,3,L1,단일일치,경계(L1~L2),1,REVIEW_BOUNDARY,1,일치,,
SC_V1940_B040_039,대보름날,명사,4,L2,단일일치,경계(L3~L4),3,PROVISIONAL_AUTO,0,충돌,,공식대조(충돌)
SC_V1940_B040_040,대비책,명사,4,L2,단일일치,경계(L3~L4),3,PROVISIONAL_AUTO,0,충돌,,공식대조(충돌)
SC_V1940_B040_041,대성공,명사,3,L1,단일일치,경계(L1~L2),1,PROVISIONAL_AUTO,0,일치,,
SC_V1940_B040_043,대소변,명사,4,L2,단일일치,경계(L3~L4),3,PROVISIONAL_AUTO,0,충돌,,공식대조(충돌)
SC_V1940_B040_044,대수롭다,형용사,4,L2,단일일치,경계(L3~L4),2,REVIEW_BOUNDARY,1,일치,,
SC_V1940_B040_045,대승리,명사,4,L2,단일일치,경계(L3~L4),2,REVIEW_BOUNDARY,1,일치,,
SC_V1940_B040_046,대여점,명사,4,L2,단일일치,경계(L3~L4),3,PROVISIONAL_AUTO,0,충돌,,공식대조(충돌)
SC_V1940_B040_048,대응책,명사,4,L2,단일일치,경계(L3~L4),2,REVIEW_BOUNDARY,1,일치,,
SC_V1940_B040_050,대자연,명사,4,L2,단일일치,경계(L3~L4),2,REVIEW_BOUNDARY,1,일치,,
SC_V1941_B041_001,대장간,명사,4,L2,단일일치,경계(L3~L4),2,REVIEW_BOUNDARY,1,일치,,
SC_V1941_B041_005,대장장이,명사,4,L2,단일일치,경계(L3~L4),2,REVIEW_BOUNDARY,1,일치,,
SC_V1941_B041_006,대장정,명사,4,L2,단일일치,경계(L3~L4),2,REVIEW_BOUNDARY,1,일치,,
SC_V1941_B041_007,대중교통,명사,3,L1,단일일치,경계(L1~L2),1,PROVISIONAL_AUTO,0,일치,,
SC_V1941_B041_008,대중음악,명사,4,L2,단일일치,경계(L3~L4),2,REVIEW_BOUNDARY,1,일치,,
SC_V1941_B041_009,대중화되다,동사,4,L2,단일일치,경계(L3~L4),3,PROVISIONAL_AUTO,0,충돌,,공식대조(충돌)
SC_V1941_B041_010,대찬성,명사,4,L2,단일일치,경계(L3~L4),3,PROVISIONAL_AUTO,0,충돌,,공식대조(충돌)
SC_V1941_B041_012,대충대충,부사,3,L1,단일일치,경계(L1~L2),1,PROVISIONAL_AUTO,0,일치,,
SC_V1941_B041_013,대패질,명사,4,L2,단일일치,경계(L3~L4),2,REVIEW_BOUNDARY,1,일치,,
SC_V1941_B041_014,대패질하다,동사,4,L2,단일일치,경계(L3~L4),3,PROVISIONAL_AUTO,0,충돌,,공식대조(충돌)
SC_V1941_B041_015,대팻밥,명사,4,L2,단일일치,경계(L3~L4),2,REVIEW_BOUNDARY,1,일치,207(레벨보류),
SC_V1941_B041_018,대표작,명사,4,L2,단일일치,경계(L3~L4),3,PROVISIONAL_AUTO,0,충돌,,공식대조(충돌)
SC_V1941_B041_019,대피령,명사,4,L2,단일일치,경계(L3~L4),3,PROVISIONAL_AUTO,0,충돌,,공식대조(충돌)
SC_V1941_B041_020,대피소,명사,4,L2,단일일치,경계(L3~L4),3,PROVISIONAL_AUTO,0,충돌,,공식대조(충돌)
SC_V1941_B041_021,대학원,명사,4,L2,단일일치,경계(L3~L4),3,REVIEW_BOUNDARY,1,충돌,,공식대조(충돌)
SC_V1941_B041_022,대학자,명사,4,L2,단일일치,경계(L3~L4),2,REVIEW_BOUNDARY,1,일치,,
SC_V1941_B041_023,대합실,명사,4,L2,단일일치,경계(L3~L4),3,PROVISIONAL_AUTO,0,충돌,,공식대조(충돌)
SC_V1941_B041_024,대항하다,동사,3,L1,단일일치,경계(L1~L2),1,PROVISIONAL_AUTO,0,일치,,
SC_V1941_B041_025,대회장,명사,4,L2,단일일치,경계(L3~L4),2,REVIEW_BOUNDARY,1,일치,,
SC_V1941_B041_026,댓글,명사,4,L2,단일일치,경계(L3~L4),3,PROVISIONAL_AUTO,0,충돌,,공식대조(충돌)
SC_V1941_B041_027,댓살,명사,4,L2,단일일치,경계(L3~L4),2,REVIEW_BOUNDARY,1,일치,,
SC_V1941_B041_028,댕그랑,부사,4,L2,단일일치,경계(L3~L4),3,PROVISIONAL_AUTO,0,충돌,,공식대조(충돌)
SC_V1941_B041_029,댕기,명사,4,L2,단일일치,경계(L3~L4),2,REVIEW_BOUNDARY,1,일치,,
SC_V1941_B041_030,댕기다,동사,4,L2,단일일치,경계(L3~L4),2,REVIEW_BOUNDARY,1,일치,,
SC_V1941_B041_031,더더구나,부사,3,L1,단일일치,경계(L1~L2),1,PROVISIONAL_AUTO,0,일치,,
SC_V1941_B041_032,더디다,형용사,4,L2,단일일치,경계(L3~L4),2,REVIEW_BOUNDARY,1,일치,,
SC_V1941_B041_033,더러움,명사,4,L2,단일일치,경계(L3~L4),3,PROVISIONAL_AUTO,0,충돌,,공식대조(충돌)
SC_V1941_B041_034,더없이,부사,3,L1,단일일치,경계(L1~L2),1,PROVISIONAL_AUTO,0,일치,,
SC_V1941_B041_035,더욱이,부사,3,L1,단일일치,경계(L1~L2),1,PROVISIONAL_AUTO,0,일치,,
SC_V1941_B041_036,더운물,명사,3,L1,단일일치,경계(L1~L2),1,PROVISIONAL_AUTO,0,일치,,
SC_V1941_B041_037,덕담,명사,4,L2,단일일치,경계(L3~L4),3,PROVISIONAL_AUTO,0,충돌,,공식대조(충돌)
SC_V1941_B041_038,덕택,명사,4,L2,단일일치,경계(L3~L4),3,PROVISIONAL_AUTO,0,충돌,,공식대조(충돌)
SC_V1941_B041_039,덜거덕거리다,동사,4,L2,단일일치,경계(L3~L4),3,PROVISIONAL_AUTO,0,충돌,,공식대조(충돌)
SC_V1941_B041_040,덜그럭덜그럭,부사,3,L1,단일일치,경계(L1~L2),1,REVIEW_BOUNDARY,1,일치,,
SC_V1941_B041_042,덜커덩,부사,4,L2,단일일치,경계(L3~L4),3,PROVISIONAL_AUTO,0,충돌,,공식대조(충돌)
SC_V1941_B041_043,덥수룩하다,형용사,4,L2,단일일치,경계(L3~L4),3,PROVISIONAL_AUTO,0,충돌,,공식대조(충돌)
SC_V1941_B041_044,덧거름,명사,4,L2,단일일치,경계(L3~L4),3,PROVISIONAL_AUTO,0,충돌,,공식대조(충돌)
SC_V1941_B041_046,덧대다,동사,4,L2,단일일치,경계(L3~L4),2,REVIEW_BOUNDARY,1,일치,,
SC_V1941_B041_047,덩굴,명사,3,L1,단일일치,경계(L1~L2),1,REVIEW_BOUNDARY,1,일치,207(레벨보류),
SC_V1941_B041_048,덩달다,동사,4,L2,단일일치,경계(L3~L4),3,PROVISIONAL_AUTO,0,충돌,,공식대조(충돌)
SC_V1941_B041_049,덩실덩실,부사,3,L1,단일일치,경계(L1~L2),1,PROVISIONAL_AUTO,0,일치,,
SC_V1941_B041_050,덮밥,명사,4,L2,단일일치,경계(L3~L4),3,PROVISIONAL_AUTO,0,충돌,,공식대조(충돌)
SC_V1942_B042_001,덮어놓다,동사,3,L1,단일일치,경계(L1~L2),1,PROVISIONAL_AUTO,0,일치,,
SC_V1942_B042_002,데구루루,부사,3,L1,단일일치,경계(L1~L2),1,PROVISIONAL_AUTO,0,일치,,
SC_V1942_B042_003,데굴데굴,부사,3,L1,단일일치,경계(L1~L2),1,PROVISIONAL_AUTO,0,일치,,
SC_V1942_B042_004,데뷔,명사,3,L1,단일일치,경계(L1~L2),1,PROVISIONAL_AUTO,0,일치,,
SC_V1942_B042_005,데스크톱,명사,4,L2,단일일치,경계(L3~L4),3,PROVISIONAL_AUTO,0,충돌,,공식대조(충돌)
SC_V1942_B042_006,도구함,명사,4,L2,단일일치,경계(L3~L4),2,REVIEW_BOUNDARY,1,일치,,
SC_V1942_B042_010,도랑물,명사,4,L2,단일일치,경계(L3~L4),2,REVIEW_BOUNDARY,1,일치,,
SC_V1942_B042_011,도량형,명사,4,L2,단일일치,경계(L3~L4),2,REVIEW_BOUNDARY,1,일치,,
SC_V1942_B042_012,도로망,명사,4,L2,단일일치,경계(L3~L4),3,PROVISIONAL_AUTO,0,충돌,,공식대조(충돌)
SC_V1942_B042_013,도로변,명사,4,L2,단일일치,경계(L3~L4),2,REVIEW_BOUNDARY,1,일치,,
SC_V1942_B042_014,도리어,부사,4,L2,단일일치,경계(L3~L4),3,PROVISIONAL_AUTO,0,충돌,,공식대조(충돌)
SC_V1942_B042_015,도맡다,동사,4,L2,단일일치,경계(L3~L4),3,PROVISIONAL_AUTO,0,충돌,,공식대조(충돌)
SC_V1942_B042_016,도배지,명사,4,L2,단일일치,경계(L3~L4),2,REVIEW_BOUNDARY,1,일치,,
SC_V1942_B042_017,도서실,명사,3,L1,단일일치,경계(L1~L2),1,PROVISIONAL_AUTO,0,일치,,
SC_V1942_B042_019,도시권,명사,4,L2,단일일치,경계(L3~L4),3,PROVISIONAL_AUTO,0,충돌,,공식대조(충돌)
SC_V1942_B042_020,도우하다,동사,4,L2,단일일치,경계(L3~L4),2,REVIEW_BOUNDARY,1,일치,,
SC_V1942_B042_021,도움닫기,명사,4,L2,단일일치,경계(L3~L4),3,PROVISIONAL_AUTO,0,충돌,,공식대조(충돌)
SC_V1942_B042_022,도움말,명사,4,L2,단일일치,경계(L3~L4),2,REVIEW_BOUNDARY,1,일치,,
SC_V1942_B042_023,도읍지,명사,4,L2,단일일치,경계(L3~L4),2,REVIEW_BOUNDARY,1,일치,,
SC_V1942_B042_024,도장공,명사,4,L2,단일일치,경계(L3~L4),3,PROVISIONAL_AUTO,0,충돌,,공식대조(충돌)
SC_V1942_B042_025,도전자,명사,4,L2,단일일치,경계(L3~L4),2,REVIEW_BOUNDARY,1,일치,,
SC_V1942_B042_027,도토리묵,명사,3,L1,단일일치,경계(L1~L2),1,PROVISIONAL_AUTO,0,일치,,
SC_V1942_B042_028,도톰하다,형용사,4,L2,단일일치,경계(L3~L4),2,REVIEW_BOUNDARY,1,일치,,
SC_V1942_B042_029,도화지,명사,3,L1,단일일치,경계(L1~L2),1,PROVISIONAL_AUTO,0,일치,,
SC_V1942_B042_030,독거미,명사,3,L1,단일일치,경계(L1~L2),1,REVIEW_BOUNDARY,1,일치,,
SC_V1942_B042_031,독려하다,동사,4,L2,단일일치,경계(L3~L4),3,PROVISIONAL_AUTO,0,충돌,,공식대조(충돌)
SC_V1942_B042_033,독립심,명사,4,L2,단일일치,경계(L3~L4),2,REVIEW_BOUNDARY,1,일치,,
SC_V1942_B042_035,독서실,명사,3,L1,단일일치,경계(L1~L2),1,PROVISIONAL_AUTO,0,일치,,
SC_V1942_B042_036,독차지,명사,3,L1,단일일치,경계(L1~L2),1,PROVISIONAL_AUTO,0,일치,,
SC_V1942_B042_037,독차지하다,동사,3,L1,단일일치,경계(L1~L2),1,REVIEW_BOUNDARY,1,일치,,
SC_V1942_B042_038,독창회,명사,4,L2,단일일치,경계(L3~L4),3,PROVISIONAL_AUTO,0,충돌,,공식대조(충돌)
SC_V1942_B042_039,독후감,명사,3,L1,단일일치,경계(L1~L2),1,PROVISIONAL_AUTO,0,일치,,
SC_V1942_B042_040,돈독하다,형용사,4,L2,단일일치,경계(L3~L4),3,PROVISIONAL_AUTO,0,충돌,,공식대조(충돌)
SC_V1942_B042_042,돈지갑,명사,4,L2,단일일치,경계(L3~L4),2,REVIEW_BOUNDARY,1,일치,,
SC_V1942_B042_043,돋치다,동사,4,L2,단일일치,경계(L3~L4),2,REVIEW_BOUNDARY,1,일치,,
SC_V1942_B042_044,돌계단,명사,4,L2,단일일치,경계(L3~L4),2,REVIEW_BOUNDARY,1,일치,,
SC_V1942_B042_045,돌기둥,명사,4,L2,단일일치,경계(L3~L4),2,REVIEW_BOUNDARY,1,일치,,
SC_V1942_B042_046,돌덩어리,명사,4,L2,단일일치,경계(L3~L4),2,REVIEW_BOUNDARY,1,일치,,
SC_V1942_B042_047,돌덩이,명사,3,L1,단일일치,경계(L1~L2),1,PROVISIONAL_AUTO,0,일치,,
SC_V1942_B042_048,돌도끼,명사,4,L2,단일일치,경계(L3~L4),3,PROVISIONAL_AUTO,0,충돌,,공식대조(충돌)
SC_V1943_B043_002,돌변하다,동사,4,L2,단일일치,경계(L3~L4),2,REVIEW_BOUNDARY,1,일치,,
SC_V1943_B043_003,돌부리,명사,3,L1,단일일치,경계(L1~L2),1,PROVISIONAL_AUTO,0,일치,,
SC_V1943_B043_004,돌아눕다,동사,4,L2,단일일치,경계(L3~L4),2,REVIEW_BOUNDARY,1,일치,,
SC_V1943_B043_005,돌아앉다,동사,4,L2,단일일치,경계(L3~L4),2,REVIEW_BOUNDARY,1,일치,,
SC_V1943_B043_007,돌진,명사,4,L2,단일일치,경계(L3~L4),2,REVIEW_BOUNDARY,1,일치,,
SC_V1943_B043_008,돌진하다,동사,3,L1,단일일치,경계(L1~L2),1,PROVISIONAL_AUTO,0,일치,,
SC_V1943_B043_009,돌집,명사,4,L2,단일일치,경계(L3~L4),2,REVIEW_BOUNDARY,1,일치,,
SC_V1943_B043_010,돌치기,명사,4,L2,단일일치,경계(L3~L4),3,PROVISIONAL_AUTO,0,충돌,,공식대조(충돌)
SC_V1943_B043_012,돌탑,명사,4,L2,단일일치,경계(L3~L4),2,REVIEW_BOUNDARY,1,일치,,
SC_V1943_B043_015,동감하다,동사,4,L2,단일일치,경계(L3~L4),3,PROVISIONAL_AUTO,0,충돌,,공식대조(충돌)
SC_V1943_B043_016,동그랑땡,명사,3,L1,단일일치,경계(L1~L2),1,PROVISIONAL_AUTO,0,일치,,
SC_V1943_B043_017,동그래지다,동사,3,L1,단일일치,경계(L1~L2),1,REVIEW_BOUNDARY,1,일치,,
SC_V1943_B043_018,동급생,명사,4,L2,단일일치,경계(L3~L4),2,REVIEW_BOUNDARY,1,일치,207(레벨보류),
SC_V1943_B043_019,동남쪽,명사,3,L1,단일일치,경계(L1~L2),1,PROVISIONAL_AUTO,0,일치,,
SC_V1943_B043_020,동네방네,명사,3,L1,단일일치,경계(L1~L2),1,PROVISIONAL_AUTO,0,일치,,
SC_V1943_B043_021,동녘,명사,4,L2,단일일치,경계(L3~L4),2,REVIEW_BOUNDARY,1,일치,,
SC_V1943_B043_023,동메달,명사,3,L1,단일일치,경계(L1~L2),1,PROVISIONAL_AUTO,0,일치,,
SC_V1943_B043_024,동물성,명사,4,L2,단일일치,경계(L3~L4),3,REVIEW_BOUNDARY,1,충돌,,공식대조(충돌)
SC_V1943_B043_025,동물학자,명사,4,L2,단일일치,경계(L3~L4),2,REVIEW_BOUNDARY,1,일치,,
SC_V1943_B043_027,동북부,명사,4,L2,단일일치,경계(L3~L4),2,REVIEW_BOUNDARY,1,일치,,
SC_V1943_B043_028,동서남북,명사,3,L1,단일일치,경계(L1~L2),1,PROVISIONAL_AUTO,0,일치,,
SC_V1943_B043_029,동서양,명사,3,L1,단일일치,경계(L1~L2),1,PROVISIONAL_AUTO,0,일치,,
SC_V1943_B043_031,동식물,명사,3,L1,단일일치,경계(L1~L2),1,PROVISIONAL_AUTO,0,일치,,
SC_V1943_B043_032,동심원,명사,4,L2,단일일치,경계(L3~L4),3,PROVISIONAL_AUTO,0,충돌,,공식대조(충돌)
SC_V1943_B043_033,동아줄,명사,3,L1,단일일치,경계(L1~L2),1,PROVISIONAL_AUTO,0,일치,,
SC_V1943_B043_034,동여매다,동사,4,L2,단일일치,경계(L3~L4),3,PROVISIONAL_AUTO,0,충돌,,공식대조(충돌)
SC_V1943_B043_035,동음이의어,명사,4,L2,단일일치,경계(L3~L4),3,REVIEW_BOUNDARY,1,충돌,,공식대조(충돌)
SC_V1943_B043_036,동작하다,동사,4,L2,단일일치,경계(L3~L4),2,REVIEW_BOUNDARY,1,일치,,
SC_V1943_B043_037,동장군,명사,4,L2,단일일치,경계(L3~L4),3,PROVISIONAL_AUTO,0,충돌,,공식대조(충돌)
SC_V1943_B043_038,동정심,명사,4,L2,단일일치,경계(L3~L4),3,PROVISIONAL_AUTO,0,충돌,,공식대조(충돌)
SC_V1943_B043_039,동조하다,동사,4,L2,단일일치,경계(L3~L4),3,PROVISIONAL_AUTO,0,충돌,,공식대조(충돌)
SC_V1943_B043_041,동짓날,명사,4,L2,단일일치,경계(L3~L4),2,REVIEW_BOUNDARY,1,일치,,
SC_V1943_B043_042,동참하다,동사,3,L1,단일일치,경계(L1~L2),1,PROVISIONAL_AUTO,0,일치,,
SC_V1943_B043_043,동창회,명사,4,L2,단일일치,경계(L3~L4),3,PROVISIONAL_AUTO,0,충돌,,공식대조(충돌)
SC_V1943_B043_045,동호인,명사,4,L2,단일일치,경계(L3~L4),2,REVIEW_BOUNDARY,1,일치,,
SC_V1943_B043_046,동호회,명사,4,L2,단일일치,경계(L3~L4),2,REVIEW_BOUNDARY,1,일치,,
SC_V1943_B043_047,동화집,명사,4,L2,단일일치,경계(L3~L4),2,REVIEW_BOUNDARY,1,일치,,
SC_V1943_B043_048,돛대,명사,4,L2,단일일치,경계(L3~L4),2,REVIEW_BOUNDARY,1,일치,,
SC_V1943_B043_050,돼지비계,명사,4,L2,단일일치,경계(L3~L4),2,REVIEW_BOUNDARY,1,일치,,
SC_V1944_B044_001,되뇌다,동사,4,L2,단일일치,경계(L3~L4),2,REVIEW_BOUNDARY,1,일치,,
SC_V1944_B044_003,되새김질하다,동사,4,L2,단일일치,경계(L3~L4),3,REVIEW_BOUNDARY,1,충돌,,공식대조(충돌)
SC_V1944_B044_005,되팔다,동사,4,L2,단일일치,경계(L3~L4),2,REVIEW_BOUNDARY,1,일치,,
SC_V1944_B044_006,되풀이되다,동사,3,L1,단일일치,경계(L1~L2),1,REVIEW_BOUNDARY,1,일치,,
SC_V1944_B044_007,된소리,명사,4,L2,단일일치,경계(L3~L4),3,PROVISIONAL_AUTO,0,충돌,,공식대조(충돌)
SC_V1944_B044_008,두고두고,부사,3,L1,단일일치,경계(L1~L2),1,PROVISIONAL_AUTO,0,일치,,
SC_V1944_B044_011,두둔하다,동사,4,L2,단일일치,경계(L3~L4),2,REVIEW_BOUNDARY,1,일치,,
SC_V1944_B044_012,두둥실,부사,3,L1,단일일치,경계(L1~L2),1,PROVISIONAL_AUTO,0,일치,,
SC_V1944_B044_014,두레박,명사,4,L2,단일일치,경계(L3~L4),3,PROVISIONAL_AUTO,0,충돌,,공식대조(충돌)
SC_V1944_B044_015,두루,부사,3,L1,단일일치,경계(L1~L2),1,PROVISIONAL_AUTO,0,일치,,
SC_V1944_B044_016,두릅,명사,4,L2,단일일치,경계(L3~L4),3,PROVISIONAL_AUTO,0,충돌,,공식대조(충돌)
SC_V1944_B044_017,두리둥실,부사,4,L2,단일일치,경계(L3~L4),2,REVIEW_BOUNDARY,1,일치,,
SC_V1944_B044_018,두리번거리다,동사,3,L1,단일일치,경계(L1~L2),1,REVIEW_BOUNDARY,1,일치,,
SC_V1944_B044_019,두리번두리번,부사,3,L1,단일일치,경계(L1~L2),1,REVIEW_BOUNDARY,1,일치,,
SC_V1944_B044_020,두메,명사,4,L2,단일일치,경계(L3~L4),3,PROVISIONAL_AUTO,0,충돌,,공식대조(충돌)
SC_V1944_B044_021,두발,명사,4,L2,단일일치,경계(L3~L4),2,REVIEW_BOUNDARY,1,일치,,
SC_V1944_B044_022,두발자전거,명사,3,L1,단일일치,경계(L1~L2),1,REVIEW_BOUNDARY,1,일치,,
SC_V1944_B044_023,두서너,관형사,4,L2,단일일치,경계(L3~L4),2,REVIEW_BOUNDARY,1,일치,,
SC_V1944_B044_024,두텁다,형용사,3,L1,단일일치,경계(L1~L2),1,REVIEW_BOUNDARY,1,일치,,
SC_V1944_B044_025,둑길,명사,4,L2,단일일치,경계(L3~L4),2,REVIEW_BOUNDARY,1,일치,,
SC_V1944_B044_026,둔각,명사,4,L2,단일일치,경계(L3~L4),3,PROVISIONAL_AUTO,0,충돌,,공식대조(충돌)
SC_V1944_B044_028,둘러막다,동사,4,L2,단일일치,경계(L3~L4),2,REVIEW_BOUNDARY,1,일치,,
SC_V1944_B044_029,둘러메다,동사,3,L1,단일일치,경계(L1~L2),1,PROVISIONAL_AUTO,0,일치,,
SC_V1944_B044_030,둘러서다,동사,4,L2,단일일치,경계(L3~L4),2,REVIEW_BOUNDARY,1,일치,,
SC_V1944_B044_031,둘러앉다,동사,3,L1,단일일치,경계(L1~L2),1,PROVISIONAL_AUTO,0,일치,,
SC_V1944_B044_032,둥그렇다,형용사,3,L1,단일일치,경계(L1~L2),1,PROVISIONAL_AUTO,0,일치,,
SC_V1944_B044_033,둥글넓적하다,형용사,3,L1,단일일치,경계(L1~L2),1,REVIEW_BOUNDARY,1,일치,,
SC_V1944_B044_034,뒤꽁무니,명사,4,L2,단일일치,경계(L3~L4),2,REVIEW_BOUNDARY,1,일치,,
SC_V1944_B044_035,뒤돌아서다,동사,3,L1,단일일치,경계(L1~L2),1,REVIEW_BOUNDARY,1,일치,,
SC_V1944_B044_036,뒤따라가다,동사,3,L1,단일일치,경계(L1~L2),1,REVIEW_BOUNDARY,1,일치,,
SC_V1944_B044_037,뒤따라오다,동사,3,L1,단일일치,경계(L1~L2),1,REVIEW_BOUNDARY,1,일치,,
SC_V1944_B044_039,뒤뜰,명사,3,L1,단일일치,경계(L1~L2),1,PROVISIONAL_AUTO,0,일치,,
SC_V1944_B044_040,뒤란,명사,4,L2,단일일치,경계(L3~L4),2,REVIEW_BOUNDARY,1,일치,,
SC_V1944_B044_041,뒤웅박,명사,4,L2,단일일치,경계(L3~L4),3,PROVISIONAL_AUTO,0,충돌,,공식대조(충돌)
SC_V1944_B044_042,뒤잇다,동사,3,L1,단일일치,경계(L1~L2),1,PROVISIONAL_AUTO,0,일치,,
SC_V1944_B044_043,뒤주,명사,4,L2,단일일치,경계(L3~L4),3,PROVISIONAL_AUTO,0,충돌,,공식대조(충돌)
SC_V1944_B044_044,뒤죽박죽,명사,3,L1,단일일치,경계(L1~L2),1,REVIEW_BOUNDARY,1,일치,,
SC_V1944_B044_045,뒤쳐지다,동사,4,L2,단일일치,경계(L3~L4),2,REVIEW_BOUNDARY,1,일치,,
SC_V1944_B044_046,뒷간,명사,4,L2,단일일치,경계(L3~L4),2,REVIEW_BOUNDARY,1,일치,,
SC_V1944_B044_047,뒷날,명사,3,L1,단일일치,경계(L1~L2),1,PROVISIONAL_AUTO,0,일치,,
SC_V1944_B044_048,뒷덜미,명사,4,L2,단일일치,경계(L3~L4),2,REVIEW_BOUNDARY,1,일치,,
SC_V1944_B044_049,뒷동산,명사,3,L1,단일일치,경계(L1~L2),1,PROVISIONAL_AUTO,0,일치,,
SC_V1944_B044_050,뒷마당,명사,4,L2,단일일치,경계(L3~L4),2,REVIEW_BOUNDARY,1,일치,,
SC_V1945_B045_001,뒷마무리,명사,4,L2,단일일치,경계(L3~L4),2,REVIEW_BOUNDARY,1,일치,,
SC_V1945_B045_002,뒷무릎,명사,4,L2,단일일치,경계(L3~L4),2,REVIEW_BOUNDARY,1,일치,,
SC_V1945_B045_003,뒷바퀴,명사,3,L1,단일일치,경계(L1~L2),1,PROVISIONAL_AUTO,0,일치,,
SC_V1945_B045_004,뒷받침,명사,3,L1,단일일치,경계(L1~L2),1,PROVISIONAL_AUTO,0,일치,,
SC_V1945_B045_005,뒷받침되다,동사,3,L1,단일일치,경계(L1~L2),1,REVIEW_BOUNDARY,1,일치,,
SC_V1945_B045_006,뒷받침하다,동사,3,L1,단일일치,경계(L1~L2),1,REVIEW_BOUNDARY,1,일치,,
SC_V1945_B045_007,뒷벽,명사,4,L2,단일일치,경계(L3~L4),2,REVIEW_BOUNDARY,1,일치,,
SC_V1945_B045_008,뒷자락,명사,4,L2,단일일치,경계(L3~L4),2,REVIEW_BOUNDARY,1,일치,,
SC_V1945_B045_009,뒷정리,명사,4,L2,단일일치,경계(L3~L4),3,PROVISIONAL_AUTO,0,충돌,,공식대조(충돌)
SC_V1945_B045_010,뒷좌석,명사,4,L2,단일일치,경계(L3~L4),2,REVIEW_BOUNDARY,1,일치,,
SC_V1945_B045_011,뒷짐,명사,3,L1,단일일치,경계(L1~L2),1,PROVISIONAL_AUTO,0,일치,,
SC_V1945_B045_012,드넓다,형용사,4,L2,단일일치,경계(L3~L4),2,REVIEW_BOUNDARY,1,일치,,
SC_V1945_B045_013,드높이다,동사,4,L2,단일일치,경계(L3~L4),3,PROVISIONAL_AUTO,0,충돌,,공식대조(충돌)
SC_V1945_B045_014,득점,명사,3,L1,단일일치,경계(L1~L2),1,PROVISIONAL_AUTO,0,일치,,
SC_V1945_B045_015,득점왕,명사,4,L2,단일일치,경계(L3~L4),3,PROVISIONAL_AUTO,0,충돌,,공식대조(충돌)
SC_V1945_B045_020,들기름,명사,4,L2,단일일치,경계(L3~L4),3,PROVISIONAL_AUTO,0,충돌,,공식대조(충돌)
SC_V1945_B045_021,들꽃,명사,3,L1,단일일치,경계(L1~L2),1,PROVISIONAL_AUTO,0,일치,,
SC_V1945_B045_022,들녘,명사,4,L2,단일일치,경계(L3~L4),2,REVIEW_BOUNDARY,1,일치,,
SC_V1945_B045_023,들볶이다,동사,4,L2,단일일치,경계(L3~L4),3,PROVISIONAL_AUTO,0,충돌,,공식대조(충돌)
SC_V1945_B045_024,들새,명사,4,L2,단일일치,경계(L3~L4),2,REVIEW_BOUNDARY,1,일치,,
SC_V1945_B045_025,들소,명사,4,L2,단일일치,경계(L3~L4),2,REVIEW_BOUNDARY,1,일치,,
SC_V1945_B045_026,들쑥날쑥,부사,3,L1,단일일치,경계(L1~L2),1,PROVISIONAL_AUTO,0,일치,,
SC_V1945_B045_027,들어붙다,동사,4,L2,단일일치,경계(L3~L4),2,REVIEW_BOUNDARY,1,일치,,
SC_V1945_B045_028,들어차다,동사,4,L2,단일일치,경계(L3~L4),2,REVIEW_BOUNDARY,1,일치,,
SC_V1945_B045_030,들이쉬다,동사,4,L2,단일일치,경계(L3~L4),2,REVIEW_BOUNDARY,1,일치,,
SC_V1945_B045_031,들쥐,명사,3,L1,단일일치,경계(L1~L2),1,PROVISIONAL_AUTO,0,일치,,
SC_V1945_B045_032,들짐승,명사,4,L2,단일일치,경계(L3~L4),2,REVIEW_BOUNDARY,1,일치,,
SC_V1945_B045_033,들쭉날쭉하다,형용사,4,L2,단일일치,경계(L3~L4),3,PROVISIONAL_AUTO,0,충돌,,공식대조(충돌)
SC_V1945_B045_034,들통나다,동사,3,L1,단일일치,경계(L1~L2),1,PROVISIONAL_AUTO,0,일치,,
SC_V1945_B045_035,들풀,명사,3,L1,단일일치,경계(L1~L2),1,PROVISIONAL_AUTO,0,일치,,
SC_V1945_B045_036,듯싶다,보조 형용사,4,L2,단일일치,경계(L3~L4),3,PROVISIONAL_AUTO,0,충돌,,공식대조(충돌)
SC_V1945_B045_037,등겨,명사,4,L2,단일일치,경계(L3~L4),2,REVIEW_BOUNDARY,1,일치,,
SC_V1945_B045_038,등고선,명사,4,L2,단일일치,경계(L3~L4),3,PROVISIONAL_AUTO,0,충돌,,공식대조(충돌)
SC_V1945_B045_039,등굣길,명사,3,L1,단일일치,경계(L1~L2),1,PROVISIONAL_AUTO,0,일치,,
SC_V1945_B045_041,등대수,명사,4,L2,단일일치,경계(L3~L4),2,REVIEW_BOUNDARY,1,일치,,
SC_V1945_B045_042,등대지기,명사,4,L2,단일일치,경계(L3~L4),2,REVIEW_BOUNDARY,1,일치,,
SC_V1945_B045_043,등댓불,명사,4,L2,단일일치,경계(L3~L4),2,REVIEW_BOUNDARY,1,일치,,
SC_V1945_B045_044,등딱지,명사,4,L2,단일일치,경계(L3~L4),2,REVIEW_BOUNDARY,1,일치,,
SC_V1945_B045_046,등반객,명사,4,L2,단일일치,경계(L3~L4),2,REVIEW_BOUNDARY,1,일치,,
SC_V1945_B045_047,등산가,명사,4,L2,단일일치,경계(L3~L4),3,PROVISIONAL_AUTO,0,충돌,,공식대조(충돌)
SC_V1945_B045_048,등산객,명사,3,L1,단일일치,경계(L1~L2),1,PROVISIONAL_AUTO,0,일치,,
SC_V1945_B045_049,등산로,명사,4,L2,단일일치,경계(L3~L4),2,REVIEW_BOUNDARY,1,일치,,
SC_V1945_B045_050,등산복,명사,4,L2,단일일치,경계(L3~L4),2,REVIEW_BOUNDARY,1,일치,207(레벨보류),
SC_V1946_B046_001,등산화,명사,4,L2,단일일치,경계(L3~L4),3,PROVISIONAL_AUTO,0,충돌,,공식대조(충돌)
SC_V1946_B046_002,등잔,명사,4,L2,단일일치,경계(L3~L4),2,REVIEW_BOUNDARY,1,일치,,
SC_V1946_B046_003,등잔불,명사,4,L2,단일일치,경계(L3~L4),2,REVIEW_BOUNDARY,1,일치,,
SC_V1946_B046_004,등줄기,명사,4,L2,단일일치,경계(L3~L4),2,REVIEW_BOUNDARY,1,일치,,
SC_V1946_B046_006,디스코,명사,4,L2,단일일치,경계(L3~L4),2,REVIEW_BOUNDARY,1,일치,,
SC_V1946_B046_008,디자이너,명사,3,L1,단일일치,경계(L1~L2),1,PROVISIONAL_AUTO,0,일치,,
SC_V1946_B046_009,디저트,명사,3,L1,단일일치,경계(L1~L2),1,PROVISIONAL_AUTO,0,일치,,
SC_V1946_B046_010,디지털,명사,3,L1,단일일치,경계(L1~L2),2,REVIEW_BOUNDARY,1,충돌,,공식대조(충돌)
SC_V1946_B046_011,따개비,명사,4,L2,단일일치,경계(L3~L4),3,PROVISIONAL_AUTO,0,충돌,,공식대조(충돌)
SC_V1946_B046_013,따끈따끈,부사,4,L2,단일일치,경계(L3~L4),2,REVIEW_BOUNDARY,1,일치,,
SC_V1946_B046_014,따끈히,부사,4,L2,단일일치,경계(L3~L4),2,REVIEW_BOUNDARY,1,일치,207(레벨보류),
SC_V1946_B046_016,따따따,부사,4,L2,단일일치,경계(L3~L4),2,REVIEW_BOUNDARY,1,일치,,
SC_V1946_B046_017,따라나서다,동사,3,L1,단일일치,경계(L1~L2),1,REVIEW_BOUNDARY,1,일치,,
SC_V1946_B046_018,따사롭다,형용사,4,L2,단일일치,경계(L3~L4),3,PROVISIONAL_AUTO,0,충돌,,공식대조(충돌)
SC_V1946_B046_020,따오다,동사,3,L1,단일일치,경계(L1~L2),1,PROVISIONAL_AUTO,0,일치,,
SC_V1946_B046_021,따옴표,명사,3,L1,단일일치,경계(L1~L2),2,REVIEW_BOUNDARY,1,충돌,,공식대조(충돌)
SC_V1946_B046_022,딴것,명사,4,L2,단일일치,경계(L3~L4),2,REVIEW_BOUNDARY,1,일치,,
SC_V1946_B046_023,딴전,명사,4,L2,단일일치,경계(L3~L4),3,PROVISIONAL_AUTO,0,충돌,,공식대조(충돌)
SC_V1946_B046_024,딸깍,부사,3,L1,단일일치,경계(L1~L2),1,PROVISIONAL_AUTO,0,일치,,
SC_V1946_B046_028,딸랑이,명사,4,L2,단일일치,경계(L3~L4),3,PROVISIONAL_AUTO,0,충돌,,공식대조(충돌)
SC_V1946_B046_030,땀구멍,명사,4,L2,단일일치,경계(L3~L4),3,PROVISIONAL_AUTO,0,충돌,,공식대조(충돌)
SC_V1946_B046_031,땀방울,명사,3,L1,단일일치,경계(L1~L2),1,PROVISIONAL_AUTO,0,일치,,
SC_V1946_B046_032,땅덩어리,명사,4,L2,단일일치,경계(L3~L4),3,PROVISIONAL_AUTO,0,충돌,,공식대조(충돌)
SC_V1946_B046_033,땅덩이,명사,4,L2,단일일치,경계(L3~L4),3,PROVISIONAL_AUTO,0,충돌,,공식대조(충돌)
SC_V1946_B046_034,땅따먹기,명사,4,L2,단일일치,경계(L3~L4),3,PROVISIONAL_AUTO,0,충돌,,공식대조(충돌)
SC_V1946_B046_035,때굴때굴,부사,4,L2,단일일치,경계(L3~L4),3,PROVISIONAL_AUTO,0,충돌,,공식대조(충돌)
SC_V1946_B046_036,때때옷,명사,4,L2,단일일치,경계(L3~L4),3,PROVISIONAL_AUTO,0,충돌,,공식대조(충돌)
SC_V1946_B046_037,때맞추다,동사,4,L2,단일일치,경계(L3~L4),2,REVIEW_BOUNDARY,1,일치,,
SC_V1946_B046_038,땔감,명사,3,L1,단일일치,경계(L1~L2),1,PROVISIONAL_AUTO,0,일치,,
SC_V1946_B046_039,땔나무,명사,4,L2,단일일치,경계(L3~L4),2,REVIEW_BOUNDARY,1,일치,,
SC_V1946_B046_040,땡그랑,부사,4,L2,단일일치,경계(L3~L4),3,PROVISIONAL_AUTO,0,충돌,,공식대조(충돌)
SC_V1946_B046_041,땡볕,명사,4,L2,단일일치,경계(L3~L4),2,REVIEW_BOUNDARY,1,일치,,
SC_V1946_B046_042,떠가다,동사,4,L2,단일일치,경계(L3~L4),2,REVIEW_BOUNDARY,1,일치,,
SC_V1946_B046_043,떠나보내다,동사,4,L2,단일일치,경계(L3~L4),3,PROVISIONAL_AUTO,0,충돌,,공식대조(충돌)
SC_V1946_B046_044,떠나오다,동사,3,L1,단일일치,경계(L1~L2),1,PROVISIONAL_AUTO,0,일치,,
SC_V1946_B046_045,떠넘기다,동사,3,L1,단일일치,경계(L1~L2),1,PROVISIONAL_AUTO,0,일치,,
SC_V1946_B046_047,떠맡기다,동사,3,L1,단일일치,경계(L1~L2),1,PROVISIONAL_AUTO,0,일치,,
SC_V1946_B046_048,떠맡다,동사,3,L1,단일일치,경계(L1~L2),1,PROVISIONAL_AUTO,0,일치,,
SC_V1946_B046_049,떠먹다,동사,3,L1,단일일치,경계(L1~L2),1,PROVISIONAL_AUTO,0,일치,,
SC_V1946_B046_050,떠벌리다,동사,4,L2,단일일치,경계(L3~L4),3,PROVISIONAL_AUTO,0,충돌,,공식대조(충돌)
SC_V1947_B047_001,떠안다,동사,4,L2,단일일치,경계(L3~L4),2,REVIEW_BOUNDARY,1,일치,,
SC_V1947_B047_002,떡가루,명사,4,L2,단일일치,경계(L3~L4),2,REVIEW_BOUNDARY,1,일치,,
SC_V1947_B047_003,떡메,명사,4,L2,단일일치,경계(L3~L4),3,PROVISIONAL_AUTO,0,충돌,,공식대조(충돌)
SC_V1947_B047_004,떡방아,명사,3,L1,단일일치,경계(L1~L2),1,PROVISIONAL_AUTO,0,일치,,
SC_V1947_B047_005,떡시루,명사,4,L2,단일일치,경계(L3~L4),3,PROVISIONAL_AUTO,0,충돌,,공식대조(충돌)
SC_V1947_B047_006,떡쌀,명사,4,L2,단일일치,경계(L3~L4),2,REVIEW_BOUNDARY,1,일치,,
SC_V1947_B047_007,떡하니,부사,4,L2,단일일치,경계(L3~L4),2,REVIEW_BOUNDARY,1,일치,,
SC_V1947_B047_008,떳떳이,부사,4,L2,단일일치,경계(L3~L4),2,REVIEW_BOUNDARY,1,일치,,
SC_V1947_B047_009,떼굴떼굴,부사,3,L1,단일일치,경계(L1~L2),1,PROVISIONAL_AUTO,0,일치,,
SC_V1947_B047_014,뗏목,명사,3,L1,단일일치,경계(L1~L2),1,PROVISIONAL_AUTO,0,일치,,
SC_V1947_B047_015,또각또각,부사,3,L1,단일일치,경계(L1~L2),1,PROVISIONAL_AUTO,0,일치,,
SC_V1947_B047_016,또랑또랑하다,형용사,4,L2,단일일치,경계(L3~L4),3,PROVISIONAL_AUTO,0,충돌,,공식대조(충돌)
SC_V1947_B047_017,또렷이,부사,3,L1,단일일치,경계(L1~L2),1,PROVISIONAL_AUTO,0,일치,,
SC_V1947_B047_018,똑딱단추,명사,4,L2,단일일치,경계(L3~L4),3,PROVISIONAL_AUTO,0,충돌,,공식대조(충돌)
SC_V1947_B047_019,똥그랗다,형용사,4,L2,단일일치,경계(L3~L4),3,PROVISIONAL_AUTO,0,충돌,,공식대조(충돌)
SC_V1947_B047_020,똥글똥글,부사,4,L2,단일일치,경계(L3~L4),3,PROVISIONAL_AUTO,0,충돌,,공식대조(충돌)
SC_V1947_B047_022,똥오줌,명사,3,L1,단일일치,경계(L1~L2),1,PROVISIONAL_AUTO,0,일치,,
SC_V1947_B047_023,뙤약볕,명사,3,L1,단일일치,경계(L1~L2),1,PROVISIONAL_AUTO,0,일치,,
SC_V1947_B047_024,뚜뚜,부사,4,L2,단일일치,경계(L3~L4),3,PROVISIONAL_AUTO,0,충돌,,공식대조(충돌)
SC_V1947_B047_025,뚝배기,명사,3,L1,단일일치,경계(L1~L2),1,PROVISIONAL_AUTO,0,일치,,
SC_V1947_B047_028,뜀뛰다,동사,4,L2,단일일치,경계(L3~L4),3,PROVISIONAL_AUTO,0,충돌,,공식대조(충돌)
SC_V1947_B047_029,뜨끈뜨끈,부사,4,L2,단일일치,경계(L3~L4),2,REVIEW_BOUNDARY,1,일치,,
SC_V1947_B047_030,뜬금없이,부사,4,L2,단일일치,경계(L3~L4),2,REVIEW_BOUNDARY,1,일치,,
SC_V1947_B047_031,뜬눈,명사,4,L2,단일일치,경계(L3~L4),3,PROVISIONAL_AUTO,0,충돌,,공식대조(충돌)
SC_V1947_B047_032,뜯어고치다,동사,3,L1,단일일치,경계(L1~L2),1,REVIEW_BOUNDARY,1,일치,,
SC_V1947_B047_034,뜸하다,형용사,3,L1,단일일치,경계(L1~L2),1,PROVISIONAL_AUTO,0,일치,,
SC_V1947_B047_035,뜻글자,명사,4,L2,단일일치,경계(L3~L4),3,PROVISIONAL_AUTO,0,충돌,,공식대조(충돌)
SC_V1947_B047_036,뜻밖에,부사,3,L1,단일일치,경계(L1~L2),1,PROVISIONAL_AUTO,0,일치,,
SC_V1947_B047_037,뜻풀이,명사,4,L2,단일일치,경계(L3~L4),3,PROVISIONAL_AUTO,0,충돌,,공식대조(충돌)
SC_V1947_B047_038,띄어쓰기,명사,3,L1,단일일치,경계(L1~L2),2,REVIEW_BOUNDARY,1,충돌,,공식대조(충돌)
SC_V1947_B047_040,라스,명사,4,L2,단일일치,경계(L3~L4),3,PROVISIONAL_AUTO,0,충돌,,공식대조(충돌)
SC_V1947_B047_041,라이브,명사,3,L1,단일일치,경계(L1~L2),1,PROVISIONAL_AUTO,0,일치,,
SC_V1947_B047_042,라켓,명사,4,L2,단일일치,경계(L3~L4),3,PROVISIONAL_AUTO,0,충돌,,공식대조(충돌)
SC_V1947_B047_044,러닝셔츠,명사,3,L1,단일일치,경계(L1~L2),1,PROVISIONAL_AUTO,0,일치,,
SC_V1947_B047_045,러시아어,명사,4,L2,단일일치,경계(L3~L4),3,PROVISIONAL_AUTO,0,충돌,,공식대조(충돌)
SC_V1947_B047_046,럭비공,명사,4,L2,단일일치,경계(L3~L4),2,REVIEW_BOUNDARY,1,일치,,
SC_V1947_B047_047,레스토랑,명사,3,L1,단일일치,경계(L1~L2),1,PROVISIONAL_AUTO,0,일치,,
SC_V1947_B047_048,레슨,명사,3,L1,단일일치,경계(L1~L2),1,PROVISIONAL_AUTO,0,일치,,
SC_V1947_B047_049,레이더,명사,4,L2,단일일치,경계(L3~L4),3,PROVISIONAL_AUTO,0,충돌,,공식대조(충돌)
SC_V1947_B047_050,레인지,명사,4,L2,단일일치,경계(L3~L4),2,REVIEW_BOUNDARY,1,일치,,
SC_V1948_B048_001,레저,명사,3,L1,단일일치,경계(L1~L2),1,PROVISIONAL_AUTO,0,일치,,
SC_V1948_B048_002,로맨틱하다,형용사,4,L2,단일일치,경계(L3~L4),3,PROVISIONAL_AUTO,0,충돌,,공식대조(충돌)
SC_V1948_B048_003,로션,명사,3,L1,단일일치,경계(L1~L2),1,PROVISIONAL_AUTO,0,일치,,
SC_V1948_B048_004,롤러스케이트,명사,4,L2,단일일치,경계(L3~L4),3,PROVISIONAL_AUTO,0,충돌,,공식대조(충돌)
SC_V1948_B048_005,롤빵,명사,4,L2,단일일치,경계(L3~L4),2,REVIEW_BOUNDARY,1,일치,,
SC_V1948_B048_006,리더십,명사,3,L1,단일일치,경계(L1~L2),1,PROVISIONAL_AUTO,0,일치,,
SC_V1948_B048_007,리듬감,명사,4,L2,단일일치,경계(L3~L4),3,PROVISIONAL_AUTO,0,충돌,,공식대조(충돌)
SC_V1948_B048_008,리어카,명사,3,L1,단일일치,경계(L1~L2),1,PROVISIONAL_AUTO,0,일치,,
SC_V1948_B048_009,리조트,명사,3,L1,단일일치,경계(L1~L2),1,PROVISIONAL_AUTO,0,일치,,
SC_V1948_B048_010,리허설,명사,3,L1,단일일치,경계(L1~L2),1,PROVISIONAL_AUTO,0,일치,,
SC_V1948_B048_011,린스,명사,4,L2,단일일치,경계(L3~L4),3,PROVISIONAL_AUTO,0,충돌,,공식대조(충돌)
SC_V1948_B048_012,립스틱,명사,3,L1,단일일치,경계(L1~L2),1,PROVISIONAL_AUTO,0,일치,,
SC_V1948_B048_013,마감되다,동사,4,L2,단일일치,경계(L3~L4),2,REVIEW_BOUNDARY,1,일치,,
SC_V1948_B048_014,마감일,명사,4,L2,단일일치,경계(L3~L4),2,REVIEW_BOUNDARY,1,일치,,
SC_V1948_B048_015,마구간,명사,3,L1,단일일치,경계(L1~L2),1,PROVISIONAL_AUTO,0,일치,,
SC_V1948_B048_016,마네킹,명사,4,L2,단일일치,경계(L3~L4),3,PROVISIONAL_AUTO,0,충돌,,공식대조(충돌)
SC_V1948_B048_017,마늘장아찌,명사,4,L2,단일일치,경계(L3~L4),3,PROVISIONAL_AUTO,0,충돌,,공식대조(충돌)
SC_V1948_B048_018,마다하다,동사,4,L2,단일일치,경계(L3~L4),2,REVIEW_BOUNDARY,1,일치,,
SC_V1948_B048_019,마당비,명사,4,L2,단일일치,경계(L3~L4),3,PROVISIONAL_AUTO,0,충돌,,공식대조(충돌)
SC_V1948_B048_020,마당질,명사,4,L2,단일일치,경계(L3~L4),2,REVIEW_BOUNDARY,1,일치,,
SC_V1948_B048_021,마땅찮다,형용사,4,L2,단일일치,경계(L3~L4),2,REVIEW_BOUNDARY,1,일치,,
SC_V1948_B048_022,마련되다,동사,3,L1,단일일치,경계(L1~L2),1,PROVISIONAL_AUTO,0,일치,,
SC_V1948_B048_023,마루방,명사,4,L2,단일일치,경계(L3~L4),3,PROVISIONAL_AUTO,0,충돌,,공식대조(충돌)
SC_V1948_B048_024,마른걸레,명사,4,L2,단일일치,경계(L3~L4),2,REVIEW_BOUNDARY,1,일치,207(레벨보류),
SC_V1948_B048_026,마른반찬,명사,4,L2,단일일치,경계(L3~L4),3,PROVISIONAL_AUTO,0,충돌,,공식대조(충돌)
SC_V1948_B048_027,마른오징어,명사,4,L2,단일일치,경계(L3~L4),3,PROVISIONAL_AUTO,0,충돌,,공식대조(충돌)
SC_V1948_B048_028,마른풀,명사,4,L2,단일일치,경계(L3~L4),2,REVIEW_BOUNDARY,1,일치,,
SC_V1948_B048_029,마른행주,명사,4,L2,단일일치,경계(L3~L4),2,REVIEW_BOUNDARY,1,일치,,
SC_V1948_B048_030,마름모,명사,3,L1,단일일치,경계(L1~L2),1,REVIEW_BOUNDARY,1,일치,,
SC_V1948_B048_031,마름질,명사,4,L2,단일일치,경계(L3~L4),3,PROVISIONAL_AUTO,0,충돌,,공식대조(충돌)
SC_V1948_B048_032,마무리되다,동사,3,L1,단일일치,경계(L1~L2),1,REVIEW_BOUNDARY,1,일치,,
SC_V1948_B048_033,마소,명사,4,L2,단일일치,경계(L3~L4),2,REVIEW_BOUNDARY,1,일치,,
SC_V1948_B048_035,마스터,명사,4,L2,단일일치,경계(L3~L4),2,REVIEW_BOUNDARY,1,일치,,
SC_V1948_B048_036,마시멜로,명사,4,L2,단일일치,경계(L3~L4),3,PROVISIONAL_AUTO,0,충돌,,공식대조(충돌)
SC_V1948_B048_037,마실,명사,4,L2,단일일치,경계(L3~L4),2,REVIEW_BOUNDARY,1,일치,,
SC_V1948_B048_038,마을버스,명사,3,L1,단일일치,경계(L1~L2),1,PROVISIONAL_AUTO,0,일치,,
SC_V1948_B048_042,마케팅,명사,4,L2,단일일치,경계(L3~L4),3,PROVISIONAL_AUTO,0,충돌,,공식대조(충돌)
SC_V1948_B048_043,막강하다,형용사,4,L2,단일일치,경계(L3~L4),2,REVIEW_BOUNDARY,1,일치,,
SC_V1948_B048_044,막국수,명사,4,L2,단일일치,경계(L3~L4),3,PROVISIONAL_AUTO,0,충돌,,공식대조(충돌)
SC_V1948_B048_048,막대하다,형용사,4,L2,단일일치,경계(L3~L4),2,REVIEW_BOUNDARY,1,일치,,
SC_V1948_B048_050,막아서다,동사,3,L1,단일일치,경계(L1~L2),1,PROVISIONAL_AUTO,0,일치,,
SC_V1949_B049_001,만국,명사,4,L2,단일일치,경계(L3~L4),2,REVIEW_BOUNDARY,1,일치,,
SC_V1949_B049_002,만국기,명사,4,L2,단일일치,경계(L3~L4),2,REVIEW_BOUNDARY,1,일치,,
SC_V1949_B049_003,만날,부사,4,L2,단일일치,경계(L3~L4),2,REVIEW_BOUNDARY,1,일치,207(레벨보류),
SC_V1949_B049_004,만능,명사,3,L1,단일일치,경계(L1~L2),1,REVIEW_BOUNDARY,1,일치,,
SC_V1949_B049_005,만대,명사,4,L2,단일일치,경계(L3~L4),2,REVIEW_BOUNDARY,1,일치,,
SC_V1949_B049_006,만두소,명사,4,L2,단일일치,경계(L3~L4),3,PROVISIONAL_AUTO,0,충돌,,공식대조(충돌)
SC_V1949_B049_007,만두피,명사,3,L1,단일일치,경계(L1~L2),1,PROVISIONAL_AUTO,0,일치,,
SC_V1949_B049_008,만료되다,동사,4,L2,단일일치,경계(L3~L4),2,REVIEW_BOUNDARY,1,일치,,
SC_V1949_B049_009,만백성,명사,4,L2,단일일치,경계(L3~L4),3,PROVISIONAL_AUTO,0,충돌,,공식대조(충돌)
SC_V1949_B049_011,만석꾼,명사,4,L2,단일일치,경계(L3~L4),3,PROVISIONAL_AUTO,0,충돌,,공식대조(충돌)
SC_V1949_B049_012,만장일치,명사,3,L1,단일일치,경계(L1~L2),1,PROVISIONAL_AUTO,0,일치,,
SC_V1949_B049_013,만족도,명사,4,L2,단일일치,경계(L3~L4),3,PROVISIONAL_AUTO,0,충돌,,공식대조(충돌)
SC_V1949_B049_014,만지작만지작,부사,4,L2,단일일치,경계(L3~L4),3,PROVISIONAL_AUTO,0,충돌,,공식대조(충돌)
SC_V1949_B049_015,만지작만지작하다,동사,4,L2,단일일치,경계(L3~L4),3,PROVISIONAL_AUTO,0,충돌,,공식대조(충돌)
SC_V1949_B049_016,만화가,명사,3,L1,단일일치,경계(L1~L2),1,PROVISIONAL_AUTO,0,일치,,
SC_V1949_B049_024,말구유,명사,4,L2,단일일치,경계(L3~L4),2,REVIEW_BOUNDARY,1,일치,,
SC_V1949_B049_025,말굽자석,명사,4,L2,단일일치,경계(L3~L4),3,PROVISIONAL_AUTO,0,충돌,,공식대조(충돌)
SC_V1949_B049_026,말꼬리,명사,4,L2,단일일치,경계(L3~L4),2,REVIEW_BOUNDARY,1,일치,,
SC_V1949_B049_027,말끔하다,형용사,3,L1,단일일치,경계(L1~L2),1,PROVISIONAL_AUTO,0,일치,,
SC_V1949_B049_028,말끔히,부사,3,L1,단일일치,경계(L1~L2),1,PROVISIONAL_AUTO,0,일치,,
SC_V1949_B049_029,말다툼,명사,3,L1,단일일치,경계(L1~L2),1,PROVISIONAL_AUTO,0,일치,,
SC_V1949_B049_030,말다툼하다,동사,3,L1,단일일치,경계(L1~L2),1,REVIEW_BOUNDARY,1,일치,,
SC_V1949_B049_032,말동무,명사,3,L1,단일일치,경계(L1~L2),1,PROVISIONAL_AUTO,0,일치,,
SC_V1949_B049_033,말뜻,명사,3,L1,단일일치,경계(L1~L2),1,PROVISIONAL_AUTO,0,일치,,
SC_V1949_B049_035,말버릇,명사,4,L2,단일일치,경계(L3~L4),3,PROVISIONAL_AUTO,0,충돌,,공식대조(충돌)
SC_V1949_B049_036,말벗,명사,4,L2,단일일치,경계(L3~L4),2,REVIEW_BOUNDARY,1,일치,,
SC_V1949_B049_037,말복,명사,4,L2,단일일치,경계(L3~L4),3,PROVISIONAL_AUTO,0,충돌,,공식대조(충돌)
SC_V1949_B049_038,말싸움,명사,3,L1,단일일치,경계(L1~L2),1,PROVISIONAL_AUTO,0,일치,,
SC_V1949_B049_039,말싸움하다,동사,3,L1,단일일치,경계(L1~L2),1,REVIEW_BOUNDARY,1,일치,,
SC_V1949_B049_043,말조심,명사,4,L2,단일일치,경계(L3~L4),3,PROVISIONAL_AUTO,0,충돌,,공식대조(충돌)
SC_V1949_B049_044,말주머니,명사,4,L2,단일일치,경계(L3~L4),3,PROVISIONAL_AUTO,0,충돌,,공식대조(충돌)
SC_V1949_B049_045,말주변,명사,4,L2,단일일치,경계(L3~L4),2,REVIEW_BOUNDARY,1,일치,,
SC_V1949_B049_046,말참견,명사,4,L2,단일일치,경계(L3~L4),3,PROVISIONAL_AUTO,0,충돌,,공식대조(충돌)
SC_V1949_B049_047,말참견하다,동사,4,L2,단일일치,경계(L3~L4),3,PROVISIONAL_AUTO,0,충돌,,공식대조(충돌)
SC_V1949_B049_048,맑아지다,동사,3,L1,단일일치,경계(L1~L2),1,REVIEW_BOUNDARY,1,일치,,
SC_V1949_B049_049,맘껏,부사,4,L2,단일일치,경계(L3~L4),2,REVIEW_BOUNDARY,1,일치,,
SC_V1949_B049_050,맘마,명사,3,L1,단일일치,경계(L1~L2),1,PROVISIONAL_AUTO,0,일치,,
SC_V1950_B050_001,맘먹다,동사,3,L1,단일일치,경계(L1~L2),1,PROVISIONAL_AUTO,0,일치,,
SC_V1950_B050_003,맘씨,명사,3,L1,단일일치,경계(L1~L2),1,REVIEW_BOUNDARY,1,일치,,
SC_V1950_B050_004,맙소사,감탄사,4,L2,단일일치,경계(L3~L4),3,PROVISIONAL_AUTO,0,충돌,,공식대조(충돌)
SC_V1950_B050_006,망설임,명사,4,L2,단일일치,경계(L3~L4),3,PROVISIONAL_AUTO,0,충돌,,공식대조(충돌)
SC_V1950_B050_007,망치질,명사,4,L2,단일일치,경계(L3~L4),3,PROVISIONAL_AUTO,0,충돌,,공식대조(충돌)
SC_V1950_B050_008,맞바꾸다,동사,4,L2,단일일치,경계(L3~L4),3,PROVISIONAL_AUTO,0,충돌,,공식대조(충돌)
SC_V1950_B050_009,맞받아치다,동사,4,L2,단일일치,경계(L3~L4),3,PROVISIONAL_AUTO,0,충돌,,공식대조(충돌)
SC_V1950_B050_011,맞장구치다,동사,3,L1,단일일치,경계(L1~L2),1,REVIEW_BOUNDARY,1,일치,,
SC_V1950_B050_012,맞절,명사,4,L2,단일일치,경계(L3~L4),2,REVIEW_BOUNDARY,1,일치,,
SC_V1950_B050_013,맡아보다,동사,3,L1,단일일치,경계(L1~L2),1,PROVISIONAL_AUTO,0,일치,,
SC_V1950_B050_014,매끈거리다,동사,4,L2,단일일치,경계(L3~L4),3,PROVISIONAL_AUTO,0,충돌,,공식대조(충돌)
SC_V1950_B050_015,매끈매끈하다,형용사,3,L1,단일일치,경계(L1~L2),1,REVIEW_BOUNDARY,1,일치,,
SC_V1950_B050_016,매끌매끌,부사,3,L1,단일일치,경계(L1~L2),1,PROVISIONAL_AUTO,0,일치,,
SC_V1950_B050_017,매끌매끌하다,형용사,4,L2,단일일치,경계(L3~L4),3,PROVISIONAL_AUTO,0,충돌,,공식대조(충돌)
SC_V1950_B050_018,매립,명사,4,L2,단일일치,경계(L3~L4),3,PROVISIONAL_AUTO,0,충돌,,공식대조(충돌)
SC_V1950_B050_019,매립장,명사,4,L2,단일일치,경계(L3~L4),3,PROVISIONAL_AUTO,0,충돌,,공식대조(충돌)
SC_V1950_B050_020,매립지,명사,4,L2,단일일치,경계(L3~L4),3,PROVISIONAL_AUTO,0,충돌,,공식대조(충돌)
SC_V1950_B050_021,매미채,명사,3,L1,단일일치,경계(L1~L2),1,PROVISIONAL_AUTO,0,일치,,
SC_V1950_B050_025,매스,명사,4,L2,단일일치,경계(L3~L4),3,PROVISIONAL_AUTO,0,충돌,,공식대조(충돌)
SC_V1950_B050_027,매콤하다,형용사,3,L1,단일일치,경계(L1~L2),1,PROVISIONAL_AUTO,0,일치,,
SC_V1950_B050_028,매트리스,명사,4,L2,단일일치,경계(L3~L4),3,PROVISIONAL_AUTO,0,충돌,,공식대조(충돌)
SC_V1950_B050_029,매한가지,명사,4,L2,단일일치,경계(L3~L4),2,REVIEW_BOUNDARY,1,일치,,
SC_V1950_B050_030,매화꽃,명사,4,L2,단일일치,경계(L3~L4),2,REVIEW_BOUNDARY,1,일치,,
SC_V1950_B050_031,맥고모자,명사,4,L2,단일일치,경계(L3~L4),3,PROVISIONAL_AUTO,0,충돌,,공식대조(충돌)
SC_V1950_B050_032,맨눈,명사,4,L2,단일일치,경계(L3~L4),3,PROVISIONAL_AUTO,0,충돌,,공식대조(충돌)
SC_V1950_B050_033,맨발바닥,명사,4,L2,단일일치,경계(L3~L4),2,REVIEW_BOUNDARY,1,일치,,
SC_V1950_B050_034,맵시,명사,4,L2,단일일치,경계(L3~L4),2,REVIEW_BOUNDARY,1,일치,,
SC_V1950_B050_035,맷돌,명사,3,L1,단일일치,경계(L1~L2),1,PROVISIONAL_AUTO,0,일치,,
SC_V1950_B050_039,맹수,명사,3,L1,단일일치,경계(L1~L2),1,PROVISIONAL_AUTO,0,일치,,
SC_V1950_B050_041,맺어지다,동사,4,L2,단일일치,경계(L3~L4),3,PROVISIONAL_AUTO,0,충돌,,공식대조(충돌)
SC_V1950_B050_042,머리꼭지,명사,4,L2,단일일치,경계(L3~L4),2,REVIEW_BOUNDARY,1,일치,,
SC_V1950_B050_043,머리맡,명사,3,L1,단일일치,경계(L1~L2),1,PROVISIONAL_AUTO,0,일치,,
SC_V1950_B050_044,머리채,명사,4,L2,단일일치,경계(L3~L4),2,REVIEW_BOUNDARY,1,일치,,
SC_V1950_B050_045,머리칼,명사,4,L2,단일일치,경계(L3~L4),2,REVIEW_BOUNDARY,1,일치,,
SC_V1950_B050_046,머리털,명사,3,L1,단일일치,경계(L1~L2),1,PROVISIONAL_AUTO,0,일치,,
SC_V1950_B050_047,머리핀,명사,3,L1,단일일치,경계(L1~L2),1,PROVISIONAL_AUTO,0,일치,,
SC_V1950_B050_048,머슴,명사,4,L2,단일일치,경계(L3~L4),3,PROVISIONAL_AUTO,0,충돌,,공식대조(충돌)
SC_V1950_B050_049,머지않다,형용사,3,L1,단일일치,경계(L1~L2),1,PROVISIONAL_AUTO,0,일치,,
SC_V1950_B050_050,먹거리,명사,3,L1,단일일치,경계(L1~L2),1,PROVISIONAL_AUTO,0,일치,,
SC_V1951_B051_002,먹색,명사,4,L2,단일일치,경계(L3~L4),2,REVIEW_BOUNDARY,1,일치,,
SC_V1951_B051_003,먹음직스럽다,형용사,3,L1,단일일치,경계(L1~L2),1,REVIEW_BOUNDARY,1,일치,,
SC_V1951_B051_005,먼지떨이,명사,4,L2,단일일치,경계(L3~L4),3,PROVISIONAL_AUTO,0,충돌,,공식대조(충돌)
SC_V1951_B051_006,먼지투성이,명사,4,L2,단일일치,경계(L3~L4),3,PROVISIONAL_AUTO,0,충돌,,공식대조(충돌)
SC_V1951_B051_007,멀거니,부사,4,L2,단일일치,경계(L3~L4),3,PROVISIONAL_AUTO,0,충돌,,공식대조(충돌)
SC_V1951_B051_008,멀리뛰기,명사,3,L1,단일일치,경계(L1~L2),1,REVIEW_BOUNDARY,1,일치,,
SC_V1951_B051_010,멀찌감치,부사,3,L1,단일일치,경계(L1~L2),1,PROVISIONAL_AUTO,0,일치,,
SC_V1951_B051_011,멀찍이,부사,3,L1,단일일치,경계(L1~L2),1,PROVISIONAL_AUTO,0,일치,,
SC_V1951_B051_012,멀티미디어,명사,4,L2,단일일치,경계(L3~L4),4,REVIEW_BOUNDARY,1,충돌,,공식대조(충돌)
SC_V1951_B051_013,멈칫,부사,4,L2,단일일치,경계(L3~L4),2,REVIEW_BOUNDARY,1,일치,,
SC_V1951_B051_014,멈칫하다,동사,3,L1,단일일치,경계(L1~L2),1,PROVISIONAL_AUTO,0,일치,,
SC_V1951_B051_015,멋모르다,동사,3,L1,단일일치,경계(L1~L2),1,PROVISIONAL_AUTO,0,일치,,
SC_V1951_B051_016,멋스럽다,형용사,4,L2,단일일치,경계(L3~L4),2,REVIEW_BOUNDARY,1,일치,,
SC_V1951_B051_017,멋없다,형용사,4,L2,단일일치,경계(L3~L4),3,PROVISIONAL_AUTO,0,충돌,,공식대조(충돌)
SC_V1951_B051_018,멋없이,부사,4,L2,단일일치,경계(L3~L4),3,PROVISIONAL_AUTO,0,충돌,,공식대조(충돌)
SC_V1951_B051_019,멍멍개,명사,4,L2,단일일치,경계(L3~L4),2,REVIEW_BOUNDARY,1,일치,,
SC_V1951_B051_020,메밀국수,명사,4,L2,단일일치,경계(L3~L4),3,PROVISIONAL_AUTO,0,충돌,,공식대조(충돌)
SC_V1951_B051_021,메밀묵,명사,4,L2,단일일치,경계(L3~L4),3,PROVISIONAL_AUTO,0,충돌,,공식대조(충돌)
SC_V1951_B051_022,메밀밭,명사,4,L2,단일일치,경계(L3~L4),2,REVIEW_BOUNDARY,1,일치,,
SC_V1951_B051_023,메아리치다,동사,4,L2,단일일치,경계(L3~L4),3,PROVISIONAL_AUTO,0,충돌,,공식대조(충돌)
SC_V1951_B051_024,메일,명사,3,L1,단일일치,경계(L1~L2),1,REVIEW_BOUNDARY,1,일치,,
SC_V1951_B051_025,메주,명사,3,L1,단일일치,경계(L1~L2),1,PROVISIONAL_AUTO,0,일치,,
SC_V1951_B051_026,메주콩,명사,4,L2,단일일치,경계(L3~L4),2,REVIEW_BOUNDARY,1,일치,,
SC_V1951_B051_028,멜로디,명사,3,L1,단일일치,경계(L1~L2),1,REVIEW_BOUNDARY,1,일치,,
SC_V1951_B051_029,멜로디언,명사,4,L2,단일일치,경계(L3~L4),3,PROVISIONAL_AUTO,0,충돌,,공식대조(충돌)
SC_V1951_B051_032,면도기,명사,4,L2,단일일치,경계(L3~L4),2,REVIEW_BOUNDARY,1,일치,,
SC_V1951_B051_033,면도칼,명사,4,L2,단일일치,경계(L3~L4),2,REVIEW_BOUNDARY,1,일치,,
SC_V1951_B051_034,면밀히,부사,4,L2,단일일치,경계(L3~L4),2,REVIEW_BOUNDARY,1,일치,,
SC_V1951_B051_035,면사무소,명사,3,L1,단일일치,경계(L1~L2),2,REVIEW_BOUNDARY,1,충돌,,공식대조(충돌)
SC_V1951_B051_036,면적,명사,3,L1,단일일치,경계(L1~L2),2,REVIEW_BOUNDARY,1,충돌,,공식대조(충돌)
SC_V1951_B051_037,면직물,명사,4,L2,단일일치,경계(L3~L4),3,PROVISIONAL_AUTO,0,충돌,,공식대조(충돌)
SC_V1951_B051_043,멸종되다,동사,4,L2,단일일치,경계(L3~L4),2,REVIEW_BOUNDARY,1,일치,,
SC_V1951_B051_044,멸치젓,명사,4,L2,단일일치,경계(L3~L4),2,REVIEW_BOUNDARY,1,일치,207(레벨보류),
SC_V1951_B051_045,멸치조림,명사,4,L2,단일일치,경계(L3~L4),3,PROVISIONAL_AUTO,0,충돌,,공식대조(충돌)
SC_V1951_B051_047,명란젓,명사,4,L2,단일일치,경계(L3~L4),2,REVIEW_BOUNDARY,1,일치,,
SC_V1951_B051_048,명령어,명사,4,L2,단일일치,경계(L3~L4),3,PROVISIONAL_AUTO,0,충돌,,공식대조(충돌)
SC_V1951_B051_049,명석하다,형용사,4,L2,단일일치,경계(L3~L4),2,REVIEW_BOUNDARY,1,일치,,
SC_V1952_B052_001,명승지,명사,4,L2,단일일치,경계(L3~L4),2,REVIEW_BOUNDARY,1,일치,,
SC_V1952_B052_002,명심하다,동사,3,L1,단일일치,경계(L1~L2),1,PROVISIONAL_AUTO,0,일치,,
SC_V1952_B052_003,명예롭다,형용사,3,L1,단일일치,경계(L1~L2),1,REVIEW_BOUNDARY,1,일치,,
SC_V1952_B052_004,명예스럽다,형용사,4,L2,단일일치,경계(L3~L4),3,PROVISIONAL_AUTO,0,충돌,,공식대조(충돌)
SC_V1952_B052_005,명작,명사,3,L1,단일일치,경계(L1~L2),1,PROVISIONAL_AUTO,0,일치,,
SC_V1952_B052_006,명절날,명사,4,L2,단일일치,경계(L3~L4),3,PROVISIONAL_AUTO,0,충돌,,공식대조(충돌)
SC_V1952_B052_007,명절놀이,명사,4,L2,단일일치,경계(L3~L4),2,REVIEW_BOUNDARY,1,일치,,
SC_V1952_B052_010,명확히,부사,3,L1,단일일치,경계(L1~L2),1,PROVISIONAL_AUTO,0,일치,,
SC_V1952_B052_014,모기장,명사,3,L1,단일일치,경계(L1~L2),1,PROVISIONAL_AUTO,0,일치,,
SC_V1952_B052_015,모기향,명사,4,L2,단일일치,경계(L3~L4),3,PROVISIONAL_AUTO,0,충돌,,공식대조(충돌)
SC_V1952_B052_016,모깃불,명사,4,L2,단일일치,경계(L3~L4),3,PROVISIONAL_AUTO,0,충돌,,공식대조(충돌)
SC_V1952_B052_017,모내기,명사,3,L1,단일일치,경계(L1~L2),1,REVIEW_BOUNDARY,1,일치,,
SC_V1952_B052_018,모내기하다,동사,4,L2,단일일치,경계(L3~L4),3,REVIEW_BOUNDARY,1,충돌,,공식대조(충돌)
SC_V1952_B052_019,모눈종이,명사,3,L1,단일일치,경계(L1~L2),1,REVIEW_BOUNDARY,1,일치,,
SC_V1952_B052_020,모닝콜,명사,4,L2,단일일치,경계(L3~L4),3,PROVISIONAL_AUTO,0,충돌,,공식대조(충돌)
SC_V1952_B052_021,모닥불,명사,3,L1,단일일치,경계(L1~L2),1,PROVISIONAL_AUTO,0,일치,,
SC_V1952_B052_023,모둠발,명사,4,L2,단일일치,경계(L3~L4),3,PROVISIONAL_AUTO,0,충돌,,공식대조(충돌)
SC_V1952_B052_024,모래땅,명사,4,L2,단일일치,경계(L3~L4),2,REVIEW_BOUNDARY,1,일치,,
SC_V1952_B052_025,모래벌판,명사,4,L2,단일일치,경계(L3~L4),2,REVIEW_BOUNDARY,1,일치,,
SC_V1952_B052_026,모래사막,명사,4,L2,단일일치,경계(L3~L4),3,PROVISIONAL_AUTO,0,충돌,,공식대조(충돌)
SC_V1952_B052_027,모래사장,명사,3,L1,단일일치,경계(L1~L2),1,PROVISIONAL_AUTO,0,일치,,
SC_V1952_B052_028,모래시계,명사,3,L1,단일일치,경계(L1~L2),1,PROVISIONAL_AUTO,0,일치,,
SC_V1952_B052_029,모래알,명사,3,L1,단일일치,경계(L1~L2),1,PROVISIONAL_AUTO,0,일치,,
SC_V1952_B052_030,모래투성이,명사,4,L2,단일일치,경계(L3~L4),3,PROVISIONAL_AUTO,0,충돌,,공식대조(충돌)
SC_V1952_B052_031,모래흙,명사,4,L2,단일일치,경계(L3~L4),3,PROVISIONAL_AUTO,0,충돌,,공식대조(충돌)
SC_V1952_B052_032,모름지기,부사,4,L2,단일일치,경계(L3~L4),3,PROVISIONAL_AUTO,0,충돌,,공식대조(충돌)
SC_V1952_B052_033,모방하다,동사,4,L2,단일일치,경계(L3~L4),2,REVIEW_BOUNDARY,1,일치,207(레벨보류),
SC_V1952_B052_035,모시옷,명사,4,L2,단일일치,경계(L3~L4),2,REVIEW_BOUNDARY,1,일치,,
SC_V1952_B052_036,모심기,명사,4,L2,단일일치,경계(L3~L4),3,PROVISIONAL_AUTO,0,충돌,,공식대조(충돌)
SC_V1952_B052_038,모음자,명사,4,L2,단일일치,경계(L3~L4),3,PROVISIONAL_AUTO,0,충돌,,공식대조(충돌)
SC_V1952_B052_039,모자챙,명사,4,L2,단일일치,경계(L3~L4),2,REVIEW_BOUNDARY,1,일치,,
SC_V1952_B052_040,모조지,명사,4,L2,단일일치,경계(L3~L4),3,PROVISIONAL_AUTO,0,충돌,,공식대조(충돌)
SC_V1952_B052_041,모종삽,명사,4,L2,단일일치,경계(L3~L4),3,PROVISIONAL_AUTO,0,충돌,,공식대조(충돌)
SC_V1952_B052_042,모직,명사,4,L2,단일일치,경계(L3~L4),3,PROVISIONAL_AUTO,0,충돌,,공식대조(충돌)
SC_V1952_B052_043,모쪼록,부사,4,L2,단일일치,경계(L3~L4),3,PROVISIONAL_AUTO,0,충돌,,공식대조(충돌)
SC_V1952_B052_045,모험가,명사,4,L2,단일일치,경계(L3~L4),3,PROVISIONAL_AUTO,0,충돌,,공식대조(충돌)
SC_V1952_B052_046,모험담,명사,4,L2,단일일치,경계(L3~L4),3,PROVISIONAL_AUTO,0,충돌,,공식대조(충돌)
SC_V1952_B052_047,모험심,명사,3,L1,단일일치,경계(L1~L2),1,PROVISIONAL_AUTO,0,일치,,
SC_V1952_B052_048,모형도,명사,4,L2,단일일치,경계(L3~L4),2,REVIEW_BOUNDARY,1,일치,,
SC_V1952_B052_050,목격,명사,3,L1,단일일치,경계(L1~L2),1,PROVISIONAL_AUTO,0,일치,,
SC_V1953_B053_001,목격자,명사,4,L2,단일일치,경계(L3~L4),2,REVIEW_BOUNDARY,1,일치,,
SC_V1953_B053_002,목격하다,동사,3,L1,단일일치,경계(L1~L2),1,PROVISIONAL_AUTO,0,일치,,
SC_V1953_B053_003,목덜미,명사,3,L1,단일일치,경계(L1~L2),1,PROVISIONAL_AUTO,0,일치,,
SC_V1953_B053_004,목동,명사,3,L1,단일일치,경계(L1~L2),1,PROVISIONAL_AUTO,0,일치,,
SC_V1953_B053_005,목례,명사,4,L2,단일일치,경계(L3~L4),2,REVIEW_BOUNDARY,1,일치,207(레벨보류),
SC_V1953_B053_006,목메다,동사,4,L2,단일일치,경계(L3~L4),3,PROVISIONAL_AUTO,0,충돌,,공식대조(충돌)
SC_V1953_B053_008,목욕물,명사,3,L1,단일일치,경계(L1~L2),1,PROVISIONAL_AUTO,0,일치,,
SC_V1953_B053_010,목욕통,명사,4,L2,단일일치,경계(L3~L4),3,PROVISIONAL_AUTO,0,충돌,,공식대조(충돌)
SC_V1953_B053_011,목재,명사,3,L1,단일일치,경계(L1~L2),1,PROVISIONAL_AUTO,0,일치,,
SC_V1953_B053_012,목적어,명사,4,L2,단일일치,경계(L3~L4),3,PROVISIONAL_AUTO,0,충돌,,공식대조(충돌)
SC_V1953_B053_013,목적하다,동사,4,L2,단일일치,경계(L3~L4),2,REVIEW_BOUNDARY,1,일치,,
SC_V1953_B053_015,목제품,명사,4,L2,단일일치,경계(L3~L4),2,REVIEW_BOUNDARY,1,일치,,
SC_V1953_B053_017,목초지,명사,4,L2,단일일치,경계(L3~L4),2,REVIEW_BOUNDARY,1,일치,,
SC_V1953_B053_020,목표물,명사,4,L2,단일일치,경계(L3~L4),3,PROVISIONAL_AUTO,0,충돌,,공식대조(충돌)
SC_V1953_B053_021,목화밭,명사,4,L2,단일일치,경계(L3~L4),2,REVIEW_BOUNDARY,1,일치,,
SC_V1953_B053_022,목화솜,명사,4,L2,단일일치,경계(L3~L4),2,REVIEW_BOUNDARY,1,일치,,
SC_V1953_B053_023,몰두하다,동사,3,L1,단일일치,경계(L1~L2),1,PROVISIONAL_AUTO,0,일치,,
SC_V1953_B053_024,몰라주다,동사,3,L1,단일일치,경계(L1~L2),2,REVIEW_BOUNDARY,1,충돌,,공식대조(충돌)
SC_V1953_B053_025,몰려나오다,동사,4,L2,단일일치,경계(L3~L4),3,PROVISIONAL_AUTO,0,충돌,,공식대조(충돌)
SC_V1953_B053_026,몰려다니다,동사,3,L1,단일일치,경계(L1~L2),1,REVIEW_BOUNDARY,1,일치,,
SC_V1953_B053_029,몸길이,명사,4,L2,단일일치,경계(L3~L4),3,PROVISIONAL_AUTO,0,충돌,,공식대조(충돌)
SC_V1953_B053_030,몸담다,동사,3,L1,단일일치,경계(L1~L2),1,PROVISIONAL_AUTO,0,일치,,
SC_V1953_B053_031,몸동작,명사,4,L2,단일일치,경계(L3~L4),2,REVIEW_BOUNDARY,1,일치,,
SC_V1953_B053_033,몸서리,명사,4,L2,단일일치,경계(L3~L4),2,REVIEW_BOUNDARY,1,일치,,
SC_V1953_B053_034,몸서리나다,동사,4,L2,단일일치,경계(L3~L4),3,PROVISIONAL_AUTO,0,충돌,,공식대조(충돌)
SC_V1953_B053_035,몸서리치다,동사,4,L2,단일일치,경계(L3~L4),3,PROVISIONAL_AUTO,0,충돌,,공식대조(충돌)
SC_V1953_B053_038,몸차림,명사,4,L2,단일일치,경계(L3~L4),2,REVIEW_BOUNDARY,1,일치,,
SC_V1953_B053_039,몸체,명사,3,L1,단일일치,경계(L1~L2),1,PROVISIONAL_AUTO,0,일치,,
SC_V1953_B053_040,몸치장,명사,4,L2,단일일치,경계(L3~L4),2,REVIEW_BOUNDARY,1,일치,,
SC_V1953_B053_041,몹쓸,관형사,3,L1,단일일치,경계(L1~L2),1,REVIEW_BOUNDARY,1,일치,,
SC_V1953_B053_042,못가,명사,4,L2,단일일치,경계(L3~L4),2,REVIEW_BOUNDARY,1,일치,,
SC_V1953_B053_044,못마땅하다,형용사,3,L1,단일일치,경계(L1~L2),1,REVIEW_BOUNDARY,1,일치,,
SC_V1953_B053_045,못줄,명사,4,L2,단일일치,경계(L3~L4),3,PROVISIONAL_AUTO,0,충돌,,공식대조(충돌)
SC_V1953_B053_046,몽당연필,명사,4,L2,단일일치,경계(L3~L4),2,REVIEW_BOUNDARY,1,일치,,
SC_V1953_B053_049,묘미,명사,4,L2,단일일치,경계(L3~L4),2,REVIEW_BOUNDARY,1,일치,,
SC_V1953_B053_050,묘사되다,동사,4,L2,단일일치,경계(L3~L4),3,PROVISIONAL_AUTO,0,충돌,,공식대조(충돌)
SC_V1954_B054_001,묘사하다,동사,3,L1,단일일치,경계(L1~L2),1,REVIEW_BOUNDARY,1,일치,,
SC_V1954_B054_002,무공해,명사,3,L1,단일일치,경계(L1~L2),1,REVIEW_BOUNDARY,1,일치,,
SC_V1954_B054_003,무관심,명사,3,L1,단일일치,경계(L1~L2),1,REVIEW_BOUNDARY,1,일치,,
SC_V1954_B054_004,무궁무진하다,형용사,4,L2,단일일치,경계(L3~L4),3,PROVISIONAL_AUTO,0,충돌,,공식대조(충돌)
SC_V1954_B054_005,무궁하다,형용사,4,L2,단일일치,경계(L3~L4),2,REVIEW_BOUNDARY,1,일치,,
SC_V1954_B054_007,무기한,명사,4,L2,단일일치,경계(L3~L4),2,REVIEW_BOUNDARY,1,일치,,
SC_V1954_B054_008,무김치,명사,4,L2,단일일치,경계(L3~L4),2,REVIEW_BOUNDARY,1,일치,,
SC_V1954_B054_009,무나물,명사,4,L2,단일일치,경계(L3~L4),3,PROVISIONAL_AUTO,0,충돌,,공식대조(충돌)
SC_V1954_B054_011,무덤덤하다,형용사,4,L2,단일일치,경계(L3~L4),3,PROVISIONAL_AUTO,0,충돌,,공식대조(충돌)
SC_V1954_B054_012,무도회,명사,3,L1,단일일치,경계(L1~L2),1,PROVISIONAL_AUTO,0,일치,,
SC_V1954_B054_013,무례하다,형용사,3,L1,단일일치,경계(L1~L2),1,PROVISIONAL_AUTO,0,일치,,
SC_V1954_B054_014,무방비,명사,4,L2,단일일치,경계(L3~L4),3,PROVISIONAL_AUTO,0,충돌,,공식대조(충돌)
SC_V1954_B054_015,무방하다,형용사,4,L2,단일일치,경계(L3~L4),3,PROVISIONAL_AUTO,0,충돌,,공식대조(충돌)
SC_V1954_B054_017,무산되다,동사,4,L2,단일일치,경계(L3~L4),3,PROVISIONAL_AUTO,0,충돌,,공식대조(충돌)
SC_V1954_B054_018,무생물,명사,4,L2,단일일치,경계(L3~L4),3,PROVISIONAL_AUTO,0,충돌,,공식대조(충돌)
SC_V1954_B054_020,무수하다,형용사,4,L2,단일일치,경계(L3~L4),3,PROVISIONAL_AUTO,0,충돌,,공식대조(충돌)
SC_V1954_B054_021,무수히,부사,3,L1,단일일치,경계(L1~L2),1,REVIEW_BOUNDARY,1,일치,,
SC_V1954_B054_022,무승부,명사,4,L2,단일일치,경계(L3~L4),2,REVIEW_BOUNDARY,1,일치,,
SC_V1954_B054_023,무심코,부사,3,L1,단일일치,경계(L1~L2),1,PROVISIONAL_AUTO,0,일치,,
SC_V1954_B054_024,무언극,명사,4,L2,단일일치,경계(L3~L4),3,PROVISIONAL_AUTO,0,충돌,,공식대조(충돌)
SC_V1954_B054_025,무엄하다,형용사,4,L2,단일일치,경계(L3~L4),3,PROVISIONAL_AUTO,0,충돌,,공식대조(충돌)
SC_V1954_B054_026,무역선,명사,4,L2,단일일치,경계(L3~L4),3,PROVISIONAL_AUTO,0,충돌,,공식대조(충돌)
SC_V1954_B054_027,무역업,명사,4,L2,단일일치,경계(L3~L4),2,REVIEW_BOUNDARY,1,일치,,
SC_V1954_B054_028,무역품,명사,4,L2,단일일치,경계(L3~L4),2,REVIEW_BOUNDARY,1,일치,,
SC_V1954_B054_029,무역항,명사,4,L2,단일일치,경계(L3~L4),3,PROVISIONAL_AUTO,0,충돌,,공식대조(충돌)
SC_V1954_B054_030,무용가,명사,4,L2,단일일치,경계(L3~L4),2,REVIEW_BOUNDARY,1,일치,,
SC_V1954_B054_031,무용수,명사,4,L2,단일일치,경계(L3~L4),3,PROVISIONAL_AUTO,0,충돌,,공식대조(충돌)
SC_V1954_B054_032,무용실,명사,4,L2,단일일치,경계(L3~L4),2,REVIEW_BOUNDARY,1,일치,,
SC_V1954_B054_034,무의식중,명사,4,L2,단일일치,경계(L3~L4),2,REVIEW_BOUNDARY,1,일치,,
SC_V1954_B054_036,무장아찌,명사,4,L2,단일일치,경계(L3~L4),3,PROVISIONAL_AUTO,0,충돌,,공식대조(충돌)
SC_V1954_B054_037,무전기,명사,3,L1,단일일치,경계(L1~L2),1,PROVISIONAL_AUTO,0,일치,,
SC_V1954_B054_038,무지개떡,명사,3,L1,단일일치,경계(L1~L2),1,PROVISIONAL_AUTO,0,일치,,
SC_V1954_B054_039,무진장하다,형용사,4,L2,단일일치,경계(L3~L4),3,PROVISIONAL_AUTO,0,충돌,,공식대조(충돌)
SC_V1954_B054_040,무턱대고,부사,4,L2,단일일치,경계(L3~L4),3,PROVISIONAL_AUTO,0,충돌,,공식대조(충돌)
SC_V1954_B054_041,무표정,명사,3,L1,단일일치,경계(L1~L2),1,PROVISIONAL_AUTO,0,일치,,
SC_V1954_B054_042,무표정하다,형용사,3,L1,단일일치,경계(L1~L2),1,REVIEW_BOUNDARY,1,일치,,
SC_V1954_B054_043,무한히,부사,4,L2,단일일치,경계(L3~L4),3,PROVISIONAL_AUTO,0,충돌,,공식대조(충돌)
SC_V1954_B054_045,묵묵하다,형용사,4,L2,단일일치,경계(L3~L4),2,REVIEW_BOUNDARY,1,일치,207(레벨보류),
SC_V1954_B054_046,묵묵히,부사,3,L1,단일일치,경계(L1~L2),1,PROVISIONAL_AUTO,0,일치,,
SC_V1954_B054_047,묵어가다,동사,4,L2,단일일치,경계(L3~L4),2,REVIEW_BOUNDARY,1,일치,,
SC_V1954_B054_048,문간방,명사,4,L2,단일일치,경계(L3~L4),2,REVIEW_BOUNDARY,1,일치,,
SC_V1954_B054_049,문갑,명사,4,L2,단일일치,경계(L3~L4),3,PROVISIONAL_AUTO,0,충돌,,공식대조(충돌)
SC_V1954_B054_050,문구멍,명사,4,L2,단일일치,경계(L3~L4),2,REVIEW_BOUNDARY,1,일치,,
SC_V1955_B055_002,문란하다,형용사,4,L2,단일일치,경계(L3~L4),3,PROVISIONAL_AUTO,0,충돌,,공식대조(충돌)
SC_V1955_B055_003,문맥,명사,4,L2,단일일치,경계(L3~L4),3,REVIEW_BOUNDARY,1,충돌,,공식대조(충돌)
SC_V1955_B055_004,문방구점,명사,3,L1,단일일치,경계(L1~L2),1,PROVISIONAL_AUTO,0,일치,,
SC_V1955_B055_005,문살,명사,4,L2,단일일치,경계(L3~L4),3,PROVISIONAL_AUTO,0,충돌,,공식대조(충돌)
SC_V1955_B055_008,문의하다,동사,4,L2,단일일치,경계(L3~L4),2,REVIEW_BOUNDARY,1,일치,,
SC_V1955_B055_009,문제지,명사,3,L1,단일일치,경계(L1~L2),1,PROVISIONAL_AUTO,0,일치,,
SC_V1955_B055_010,문제집,명사,3,L1,단일일치,경계(L1~L2),1,PROVISIONAL_AUTO,0,일치,,
SC_V1955_B055_011,문지방,명사,4,L2,단일일치,경계(L3~L4),3,PROVISIONAL_AUTO,0,충돌,,공식대조(충돌)
SC_V1955_B055_012,문집,명사,3,L1,단일일치,경계(L1~L2),1,PROVISIONAL_AUTO,0,일치,,
SC_V1955_B055_013,문책하다,동사,4,L2,단일일치,경계(L3~L4),2,REVIEW_BOUNDARY,1,일치,,
SC_V1955_B055_014,문틀,명사,4,L2,단일일치,경계(L3~L4),3,PROVISIONAL_AUTO,0,충돌,,공식대조(충돌)
SC_V1955_B055_015,문틈,명사,3,L1,단일일치,경계(L1~L2),1,PROVISIONAL_AUTO,0,일치,,
SC_V1955_B055_016,문학가,명사,3,L1,단일일치,경계(L1~L2),1,PROVISIONAL_AUTO,0,일치,,
SC_V1955_B055_019,물걸레,명사,4,L2,단일일치,경계(L3~L4),2,REVIEW_BOUNDARY,1,일치,,
SC_V1955_B055_020,물고구마,명사,4,L2,단일일치,경계(L3~L4),2,REVIEW_BOUNDARY,1,일치,,
SC_V1955_B055_021,물구나무서기,명사,3,L1,단일일치,경계(L1~L2),2,REVIEW_BOUNDARY,1,충돌,,공식대조(충돌)
SC_V1955_B055_022,물기둥,명사,4,L2,단일일치,경계(L3~L4),3,PROVISIONAL_AUTO,0,충돌,,공식대조(충돌)
SC_V1955_B055_023,물김치,명사,3,L1,단일일치,경계(L1~L2),1,PROVISIONAL_AUTO,0,일치,,
SC_V1955_B055_024,물끄러미,부사,3,L1,단일일치,경계(L1~L2),1,PROVISIONAL_AUTO,0,일치,,
SC_V1955_B055_025,물냉면,명사,3,L1,단일일치,경계(L1~L2),1,PROVISIONAL_AUTO,0,일치,,
SC_V1955_B055_026,물독,명사,4,L2,단일일치,경계(L3~L4),2,REVIEW_BOUNDARY,1,일치,,
SC_V1955_B055_027,물동이,명사,4,L2,단일일치,경계(L3~L4),2,REVIEW_BOUNDARY,1,일치,,
SC_V1955_B055_029,물레방앗간,명사,4,L2,단일일치,경계(L3~L4),3,PROVISIONAL_AUTO,0,충돌,,공식대조(충돌)
SC_V1955_B055_030,물리학,명사,4,L2,단일일치,경계(L3~L4),4,REVIEW_BOUNDARY,1,충돌,,공식대조(충돌)
SC_V1955_B055_031,물리학자,명사,4,L2,단일일치,경계(L3~L4),2,REVIEW_BOUNDARY,1,일치,,
SC_V1955_B055_032,물맛,명사,4,L2,단일일치,경계(L3~L4),2,REVIEW_BOUNDARY,1,일치,,
SC_V1955_B055_033,물바다,명사,3,L1,단일일치,경계(L1~L2),1,REVIEW_BOUNDARY,1,일치,,
SC_V1955_B055_034,물받이,명사,3,L1,단일일치,경계(L1~L2),1,PROVISIONAL_AUTO,0,일치,,
SC_V1955_B055_035,물방울무늬,명사,4,L2,단일일치,경계(L3~L4),3,PROVISIONAL_AUTO,0,충돌,,공식대조(충돌)
SC_V1955_B055_036,물벼락,명사,4,L2,단일일치,경계(L3~L4),3,PROVISIONAL_AUTO,0,충돌,,공식대조(충돌)
SC_V1955_B055_037,물보라,명사,4,L2,단일일치,경계(L3~L4),3,PROVISIONAL_AUTO,0,충돌,,공식대조(충돌)
SC_V1955_B055_038,물비누,명사,4,L2,단일일치,경계(L3~L4),3,PROVISIONAL_AUTO,0,충돌,,공식대조(충돌)
SC_V1955_B055_039,물살,명사,3,L1,단일일치,경계(L1~L2),1,PROVISIONAL_AUTO,0,일치,,
SC_V1955_B055_040,물색하다,동사,4,L2,단일일치,경계(L3~L4),3,PROVISIONAL_AUTO,0,충돌,,공식대조(충돌)
SC_V1955_B055_041,물안개,명사,4,L2,단일일치,경계(L3~L4),2,REVIEW_BOUNDARY,1,일치,207(레벨보류),
SC_V1955_B055_043,물웅덩이,명사,3,L1,단일일치,경계(L1~L2),1,PROVISIONAL_AUTO,0,일치,,
SC_V1955_B055_044,물장난하다,동사,4,L2,단일일치,경계(L3~L4),3,PROVISIONAL_AUTO,0,충돌,,공식대조(충돌)
SC_V1955_B055_045,물장수,명사,4,L2,단일일치,경계(L3~L4),3,PROVISIONAL_AUTO,0,충돌,,공식대조(충돌)
SC_V1955_B055_046,물정,명사,4,L2,단일일치,경계(L3~L4),2,REVIEW_BOUNDARY,1,일치,,
SC_V1955_B055_047,물청소,명사,4,L2,단일일치,경계(L3~L4),2,REVIEW_BOUNDARY,1,일치,,
SC_V1955_B055_048,물청소하다,동사,4,L2,단일일치,경계(L3~L4),3,PROVISIONAL_AUTO,0,충돌,,공식대조(충돌)
SC_V1955_B055_049,물침대,명사,4,L2,단일일치,경계(L3~L4),2,REVIEW_BOUNDARY,1,일치,,
SC_V1955_B055_050,물컹거리다,동사,4,L2,단일일치,경계(L3~L4),3,PROVISIONAL_AUTO,0,충돌,,공식대조(충돌)
SC_V1956_B056_001,물컹물컹하다,형용사,4,L2,단일일치,경계(L3~L4),3,PROVISIONAL_AUTO,0,충돌,,공식대조(충돌)
SC_V1956_B056_002,물컹하다,형용사,4,L2,단일일치,경계(L3~L4),3,PROVISIONAL_AUTO,0,충돌,,공식대조(충돌)
SC_V1956_B056_003,물탱크,명사,4,L2,단일일치,경계(L3~L4),2,REVIEW_BOUNDARY,1,일치,,
SC_V1956_B056_005,물풀,명사,3,L1,단일일치,경계(L1~L2),1,REVIEW_BOUNDARY,1,일치,,
SC_V1956_B056_006,뭉개지다,동사,3,L1,단일일치,경계(L1~L2),1,PROVISIONAL_AUTO,0,일치,,
SC_V1956_B056_007,뭉뚝하다,형용사,4,L2,단일일치,경계(L3~L4),2,REVIEW_BOUNDARY,1,일치,,
SC_V1956_B056_008,뭉툭하다,형용사,4,L2,단일일치,경계(L3~L4),3,PROVISIONAL_AUTO,0,충돌,,공식대조(충돌)
SC_V1956_B056_009,뭐하다,형용사,3,L1,단일일치,경계(L1~L2),1,PROVISIONAL_AUTO,0,일치,,
SC_V1956_B056_010,뭣하다,형용사,3,L1,단일일치,경계(L1~L2),1,PROVISIONAL_AUTO,0,일치,,
SC_V1956_B056_012,미끄럼대,명사,4,L2,단일일치,경계(L3~L4),3,PROVISIONAL_AUTO,0,충돌,,공식대조(충돌)
SC_V1956_B056_014,미니카,명사,4,L2,단일일치,경계(L3~L4),3,PROVISIONAL_AUTO,0,충돌,,공식대조(충돌)
SC_V1956_B056_015,미닫이,명사,4,L2,단일일치,경계(L3~L4),3,PROVISIONAL_AUTO,0,충돌,,공식대조(충돌)
SC_V1956_B056_016,미달,명사,4,L2,단일일치,경계(L3~L4),2,REVIEW_BOUNDARY,1,일치,,
SC_V1956_B056_017,미덕,명사,3,L1,단일일치,경계(L1~L2),1,REVIEW_BOUNDARY,1,일치,,
SC_V1956_B056_018,미덥다,형용사,4,L2,단일일치,경계(L3~L4),2,REVIEW_BOUNDARY,1,일치,,
SC_V1956_B056_019,미래상,명사,4,L2,단일일치,경계(L3~L4),2,REVIEW_BOUNDARY,1,일치,,
SC_V1956_B056_022,미생물,명사,4,L2,단일일치,경계(L3~L4),3,PROVISIONAL_AUTO,0,충돌,,공식대조(충돌)
SC_V1956_B056_025,미술가,명사,3,L1,단일일치,경계(L1~L2),1,PROVISIONAL_AUTO,0,일치,,
SC_V1956_B056_026,미술사,명사,4,L2,단일일치,경계(L3~L4),3,PROVISIONAL_AUTO,0,충돌,,공식대조(충돌)
SC_V1956_B056_027,미술품,명사,3,L1,단일일치,경계(L1~L2),1,PROVISIONAL_AUTO,0,일치,,
SC_V1956_B056_029,미심쩍다,형용사,4,L2,단일일치,경계(L3~L4),3,PROVISIONAL_AUTO,0,충돌,,공식대조(충돌)
SC_V1956_B056_030,미싱,명사,4,L2,단일일치,경계(L3~L4),2,REVIEW_BOUNDARY,1,일치,,
SC_V1956_B056_032,미장원,명사,4,L2,단일일치,경계(L3~L4),3,PROVISIONAL_AUTO,0,충돌,,공식대조(충돌)
SC_V1956_B056_035,미팅,명사,3,L1,단일일치,경계(L1~L2),1,PROVISIONAL_AUTO,0,일치,,
SC_V1956_B056_036,미화원,명사,3,L1,단일일치,경계(L1~L2),1,PROVISIONAL_AUTO,0,일치,,
SC_V1956_B056_040,민감성,명사,4,L2,단일일치,경계(L3~L4),3,REVIEW_BOUNDARY,1,충돌,,공식대조(충돌)
SC_V1956_B056_041,민감하다,형용사,4,L2,단일일치,경계(L3~L4),3,PROVISIONAL_AUTO,0,충돌,,공식대조(충돌)
SC_V1956_B056_043,민망스럽다,형용사,4,L2,단일일치,경계(L3~L4),3,PROVISIONAL_AUTO,0,충돌,,공식대조(충돌)
SC_V1956_B056_044,민물고기,명사,4,L2,단일일치,경계(L3~L4),3,PROVISIONAL_AUTO,0,충돌,,공식대조(충돌)
SC_V1956_B056_046,민속놀이,명사,3,L1,단일일치,경계(L1~L2),1,PROVISIONAL_AUTO,0,일치,,
SC_V1956_B056_047,민속춤,명사,3,L1,단일일치,경계(L1~L2),1,REVIEW_BOUNDARY,1,일치,,
SC_V1956_B056_048,민요풍,명사,4,L2,단일일치,경계(L3~L4),3,PROVISIONAL_AUTO,0,충돌,,공식대조(충돌)
SC_V1957_B057_003,민첩성,명사,4,L2,단일일치,경계(L3~L4),3,PROVISIONAL_AUTO,0,충돌,,공식대조(충돌)
SC_V1957_B057_004,민첩하다,형용사,4,L2,단일일치,경계(L3~L4),2,REVIEW_BOUNDARY,1,일치,,
SC_V1957_B057_005,믿음직하다,형용사,3,L1,단일일치,경계(L1~L2),1,REVIEW_BOUNDARY,1,일치,,
SC_V1957_B057_009,밀어닥치다,동사,4,L2,단일일치,경계(L3~L4),3,PROVISIONAL_AUTO,0,충돌,,공식대조(충돌)
SC_V1957_B057_010,밀집,명사,4,L2,단일일치,경계(L3~L4),2,REVIEW_BOUNDARY,1,일치,,
SC_V1957_B057_011,밀집되다,동사,4,L2,단일일치,경계(L3~L4),2,REVIEW_BOUNDARY,1,일치,,
SC_V1957_B057_012,밀집하다,동사,4,L2,단일일치,경계(L3~L4),2,REVIEW_BOUNDARY,1,일치,,
SC_V1957_B057_013,밀짚,명사,4,L2,단일일치,경계(L3~L4),2,REVIEW_BOUNDARY,1,일치,,
SC_V1957_B057_014,밀짚모자,명사,3,L1,단일일치,경계(L1~L2),1,PROVISIONAL_AUTO,0,일치,,
SC_V1957_B057_015,밀폐,명사,4,L2,단일일치,경계(L3~L4),2,REVIEW_BOUNDARY,1,일치,,
SC_V1957_B057_016,밑넓이,명사,4,L2,단일일치,경계(L3~L4),3,PROVISIONAL_AUTO,0,충돌,,공식대조(충돌)
SC_V1957_B057_017,밑바탕,명사,4,L2,단일일치,경계(L3~L4),2,REVIEW_BOUNDARY,1,일치,,
SC_V1957_B057_018,밑반찬,명사,4,L2,단일일치,경계(L3~L4),3,PROVISIONAL_AUTO,0,충돌,,공식대조(충돌)
SC_V1957_B057_019,밑부분,명사,4,L2,단일일치,경계(L3~L4),2,REVIEW_BOUNDARY,1,일치,,
SC_V1957_B057_020,밑판,명사,4,L2,단일일치,경계(L3~L4),2,REVIEW_BOUNDARY,1,일치,,
SC_V1957_B057_021,바깥마당,명사,4,L2,단일일치,경계(L3~L4),2,REVIEW_BOUNDARY,1,일치,,
SC_V1957_B057_022,바깥출입,명사,4,L2,단일일치,경계(L3~L4),2,REVIEW_BOUNDARY,1,일치,,
SC_V1957_B057_023,바느질감,명사,4,L2,단일일치,경계(L3~L4),2,REVIEW_BOUNDARY,1,일치,,
SC_V1957_B057_024,바늘꽂이,명사,4,L2,단일일치,경계(L3~L4),2,REVIEW_BOUNDARY,1,일치,,
SC_V1957_B057_025,바늘땀,명사,4,L2,단일일치,경계(L3~L4),3,PROVISIONAL_AUTO,0,충돌,,공식대조(충돌)
SC_V1957_B057_027,바닷물고기,명사,4,L2,단일일치,경계(L3~L4),3,REVIEW_BOUNDARY,1,충돌,,공식대조(충돌)
SC_V1957_B057_028,바둑알,명사,3,L1,단일일치,경계(L1~L2),1,REVIEW_BOUNDARY,1,일치,,
SC_V1957_B057_029,바둑판,명사,3,L1,단일일치,경계(L1~L2),1,PROVISIONAL_AUTO,0,일치,,
SC_V1957_B057_030,바들바들,부사,3,L1,단일일치,경계(L1~L2),1,PROVISIONAL_AUTO,0,일치,,
SC_V1957_B057_031,바라다보다,동사,3,L1,단일일치,경계(L1~L2),1,REVIEW_BOUNDARY,1,일치,,
SC_V1957_B057_032,바래다주다,동사,4,L2,단일일치,경계(L3~L4),3,PROVISIONAL_AUTO,0,충돌,,공식대조(충돌)
SC_V1957_B057_037,바위산,명사,3,L1,단일일치,경계(L1~L2),1,PROVISIONAL_AUTO,0,일치,,
SC_V1957_B057_038,바위섬,명사,3,L1,단일일치,경계(L1~L2),1,PROVISIONAL_AUTO,0,일치,,
SC_V1957_B057_039,바윗돌,명사,3,L1,단일일치,경계(L1~L2),1,PROVISIONAL_AUTO,0,일치,,
SC_V1957_B057_041,바짓가랑이,명사,4,L2,단일일치,경계(L3~L4),3,PROVISIONAL_AUTO,0,충돌,,공식대조(충돌)
SC_V1957_B057_042,바캉스,명사,3,L1,단일일치,경계(L1~L2),1,PROVISIONAL_AUTO,0,일치,,
SC_V1957_B057_043,박수갈채,명사,4,L2,단일일치,경계(L3~L4),2,REVIEW_BOUNDARY,1,일치,,
SC_V1957_B057_044,박애,명사,4,L2,단일일치,경계(L3~L4),3,PROVISIONAL_AUTO,0,충돌,,공식대조(충돌)
SC_V1957_B057_045,반가움,명사,3,L1,단일일치,경계(L1~L2),1,PROVISIONAL_AUTO,0,일치,,
SC_V1957_B057_046,반가이,부사,4,L2,단일일치,경계(L3~L4),3,PROVISIONAL_AUTO,0,충돌,,공식대조(충돌)
SC_V1957_B057_047,반값,명사,4,L2,단일일치,경계(L3~L4),2,REVIEW_BOUNDARY,1,일치,,
SC_V1958_B058_002,반려동물,명사,4,L2,단일일치,경계(L3~L4),3,PROVISIONAL_AUTO,0,충돌,,공식대조(충돌)
SC_V1958_B058_005,반별,명사,4,L2,단일일치,경계(L3~L4),2,REVIEW_BOUNDARY,1,일치,,
SC_V1958_B058_006,반사경,명사,4,L2,단일일치,경계(L3~L4),3,PROVISIONAL_AUTO,0,충돌,,공식대조(충돌)
SC_V1958_B058_008,반색하다,동사,4,L2,단일일치,경계(L3~L4),2,REVIEW_BOUNDARY,1,일치,,
SC_V1958_B058_010,반세기,명사,4,L2,단일일치,경계(L3~L4),2,REVIEW_BOUNDARY,1,일치,,
SC_V1958_B058_011,반소매,명사,4,L2,단일일치,경계(L3~L4),3,PROVISIONAL_AUTO,0,충돌,,공식대조(충돌)
SC_V1958_B058_013,반죽하다,동사,3,L1,단일일치,경계(L1~L2),1,PROVISIONAL_AUTO,0,일치,,
SC_V1958_B058_014,반지름,명사,4,L2,단일일치,경계(L3~L4),3,PROVISIONAL_AUTO,0,충돌,,공식대조(충돌)
SC_V1958_B058_015,반짇고리,명사,4,L2,단일일치,경계(L3~L4),3,PROVISIONAL_AUTO,0,충돌,,공식대조(충돌)
SC_V1958_B058_016,반찬거리,명사,3,L1,단일일치,경계(L1~L2),1,PROVISIONAL_AUTO,0,일치,,
SC_V1958_B058_018,반칙하다,동사,4,L2,단일일치,경계(L3~L4),2,REVIEW_BOUNDARY,1,일치,,
SC_V1958_B058_019,반환점,명사,3,L1,단일일치,경계(L1~L2),1,REVIEW_BOUNDARY,1,일치,,
SC_V1958_B058_020,받침대,명사,3,L1,단일일치,경계(L1~L2),1,PROVISIONAL_AUTO,0,일치,,
SC_V1958_B058_021,발갛다,형용사,3,L1,단일일치,경계(L1~L2),1,PROVISIONAL_AUTO,0,일치,,
SC_V1958_B058_022,발그레,부사,3,L1,단일일치,경계(L1~L2),1,PROVISIONAL_AUTO,0,일치,,
SC_V1958_B058_027,발동선,명사,4,L2,단일일치,경계(L3~L4),3,PROVISIONAL_AUTO,0,충돌,,공식대조(충돌)
SC_V1958_B058_028,발동작,명사,4,L2,단일일치,경계(L3~L4),3,PROVISIONAL_AUTO,0,충돌,,공식대조(충돌)
SC_V1958_B058_029,발랄하다,형용사,3,L1,단일일치,경계(L1~L2),1,PROVISIONAL_AUTO,0,일치,,
SC_V1958_B058_031,발맞추다,동사,3,L1,단일일치,경계(L1~L2),1,PROVISIONAL_AUTO,0,일치,,
SC_V1958_B058_032,발명되다,동사,4,L2,단일일치,경계(L3~L4),3,PROVISIONAL_AUTO,0,충돌,,공식대조(충돌)
SC_V1958_B058_033,발명왕,명사,4,L2,단일일치,경계(L3~L4),3,PROVISIONAL_AUTO,0,충돌,,공식대조(충돌)
SC_V1958_B058_034,발명품,명사,3,L1,단일일치,경계(L1~L2),1,PROVISIONAL_AUTO,0,일치,,
SC_V1958_B058_036,발생률,명사,4,L2,단일일치,경계(L3~L4),3,REVIEW_BOUNDARY,1,충돌,,공식대조(충돌)
SC_V1958_B058_037,발소리,명사,3,L1,단일일치,경계(L1~L2),1,PROVISIONAL_AUTO,0,일치,,
SC_V1958_B058_042,발야구,명사,4,L2,단일일치,경계(L3~L4),3,PROVISIONAL_AUTO,0,충돌,,공식대조(충돌)
SC_V1958_B058_043,발육,명사,4,L2,단일일치,경계(L3~L4),3,PROVISIONAL_AUTO,0,충돌,,공식대조(충돌)
SC_V1958_B058_044,발전량,명사,4,L2,단일일치,경계(L3~L4),2,REVIEW_BOUNDARY,1,일치,,
SC_V1958_B058_045,발짓,명사,4,L2,단일일치,경계(L3~L4),2,REVIEW_BOUNDARY,1,일치,,
SC_V1958_B058_046,발탁되다,동사,4,L2,단일일치,경계(L3~L4),2,REVIEW_BOUNDARY,1,일치,,
SC_V1958_B058_047,발표문,명사,4,L2,단일일치,경계(L3~L4),2,REVIEW_BOUNDARY,1,일치,,
SC_V1958_B058_048,발표자,명사,4,L2,단일일치,경계(L3~L4),2,REVIEW_BOUNDARY,1,일치,,
SC_V1958_B058_049,밤고구마,명사,4,L2,단일일치,경계(L3~L4),2,REVIEW_BOUNDARY,1,일치,,
SC_V1958_B058_050,밤공기,명사,4,L2,단일일치,경계(L3~L4),2,REVIEW_BOUNDARY,1,일치,,
SC_V1959_B059_001,밤바다,명사,3,L1,단일일치,경계(L1~L2),1,PROVISIONAL_AUTO,0,일치,,
SC_V1959_B059_002,밤바람,명사,3,L1,단일일치,경계(L1~L2),1,PROVISIONAL_AUTO,0,일치,,
SC_V1959_B059_003,밤비,명사,4,L2,단일일치,경계(L3~L4),2,REVIEW_BOUNDARY,1,일치,,
SC_V1959_B059_004,밤사이,명사,4,L2,단일일치,경계(L3~L4),2,REVIEW_BOUNDARY,1,일치,,
SC_V1959_B059_006,밤색,명사,3,L1,단일일치,경계(L1~L2),1,PROVISIONAL_AUTO,0,일치,,
SC_V1959_B059_008,밤송이,명사,4,L2,단일일치,경계(L3~L4),3,PROVISIONAL_AUTO,0,충돌,,공식대조(충돌)
SC_V1959_B059_009,밥공기,명사,3,L1,단일일치,경계(L1~L2),1,PROVISIONAL_AUTO,0,일치,,
SC_V1959_B059_012,밥상보,명사,4,L2,단일일치,경계(L3~L4),3,PROVISIONAL_AUTO,0,충돌,,공식대조(충돌)
SC_V1959_B059_013,밥알,명사,3,L1,단일일치,경계(L1~L2),1,PROVISIONAL_AUTO,0,일치,,
SC_V1959_B059_014,방관,명사,4,L2,단일일치,경계(L3~L4),3,PROVISIONAL_AUTO,0,충돌,,공식대조(충돌)
SC_V1959_B059_015,방관하다,동사,4,L2,단일일치,경계(L3~L4),3,PROVISIONAL_AUTO,0,충돌,,공식대조(충돌)
SC_V1959_B059_016,방글방글,부사,3,L1,단일일치,경계(L1~L2),1,PROVISIONAL_AUTO,0,일치,,
SC_V1959_B059_017,방긋방긋,부사,3,L1,단일일치,경계(L1~L2),1,PROVISIONAL_AUTO,0,일치,,
SC_V1959_B059_018,방대하다,형용사,4,L2,단일일치,경계(L3~L4),3,PROVISIONAL_AUTO,0,충돌,,공식대조(충돌)
SC_V1959_B059_021,방문단,명사,4,L2,단일일치,경계(L3~L4),2,REVIEW_BOUNDARY,1,일치,,
SC_V1959_B059_023,방방곡곡,명사,3,L1,단일일치,경계(L1~L2),1,PROVISIONAL_AUTO,0,일치,,
SC_V1959_B059_025,방부제,명사,4,L2,단일일치,경계(L3~L4),4,REVIEW_BOUNDARY,1,충돌,,공식대조(충돌)
SC_V1959_B059_026,방송극,명사,4,L2,단일일치,경계(L3~L4),3,PROVISIONAL_AUTO,0,충돌,,공식대조(충돌)
SC_V1959_B059_027,방송사,명사,3,L1,단일일치,경계(L1~L2),1,PROVISIONAL_AUTO,0,일치,,
SC_V1959_B059_028,방송실,명사,3,L1,단일일치,경계(L1~L2),1,PROVISIONAL_AUTO,0,일치,,
SC_V1959_B059_029,방실거리다,동사,3,L1,단일일치,경계(L1~L2),1,REVIEW_BOUNDARY,1,일치,,
SC_V1959_B059_030,방실방실,부사,3,L1,단일일치,경계(L1~L2),1,PROVISIONAL_AUTO,0,일치,,
SC_V1959_B059_031,방앗간,명사,3,L1,단일일치,경계(L1~L2),1,PROVISIONAL_AUTO,0,일치,,
SC_V1959_B059_033,방영되다,동사,4,L2,단일일치,경계(L3~L4),3,PROVISIONAL_AUTO,0,충돌,,공식대조(충돌)
SC_V1959_B059_034,방영하다,동사,4,L2,단일일치,경계(L3~L4),3,PROVISIONAL_AUTO,0,충돌,,공식대조(충돌)
SC_V1959_B059_035,방위판,명사,4,L2,단일일치,경계(L3~L4),2,REVIEW_BOUNDARY,1,일치,207(레벨보류),
SC_V1959_B059_036,방위표,명사,4,L2,단일일치,경계(L3~L4),3,PROVISIONAL_AUTO,0,충돌,,공식대조(충돌)
SC_V1959_B059_037,방음벽,명사,4,L2,단일일치,경계(L3~L4),3,PROVISIONAL_AUTO,0,충돌,,공식대조(충돌)
SC_V1959_B059_038,방정식,명사,4,L2,단일일치,경계(L3~L4),3,PROVISIONAL_AUTO,0,충돌,,공식대조(충돌)
SC_V1959_B059_039,방직업,명사,4,L2,단일일치,경계(L3~L4),2,REVIEW_BOUNDARY,1,일치,,
SC_V1959_B059_040,방청객,명사,4,L2,단일일치,경계(L3~L4),2,REVIEW_BOUNDARY,1,일치,,
SC_V1959_B059_042,방충망,명사,3,L1,단일일치,경계(L1~L2),1,PROVISIONAL_AUTO,0,일치,,
SC_V1959_B059_043,방치되다,동사,3,L1,단일일치,경계(L1~L2),1,PROVISIONAL_AUTO,0,일치,,
SC_V1959_B059_044,방파제,명사,4,L2,단일일치,경계(L3~L4),3,PROVISIONAL_AUTO,0,충돌,,공식대조(충돌)
SC_V1959_B059_046,밭갈이,명사,4,L2,단일일치,경계(L3~L4),3,PROVISIONAL_AUTO,0,충돌,,공식대조(충돌)
SC_V1959_B059_047,밭고랑,명사,4,L2,단일일치,경계(L3~L4),3,PROVISIONAL_AUTO,0,충돌,,공식대조(충돌)
SC_V1959_B059_048,밭곡식,명사,4,L2,단일일치,경계(L3~L4),2,REVIEW_BOUNDARY,1,일치,,
SC_V1959_B059_049,밭길,명사,4,L2,단일일치,경계(L3~L4),2,REVIEW_BOUNDARY,1,일치,,
SC_V1959_B059_050,밭두렁,명사,4,L2,단일일치,경계(L3~L4),2,REVIEW_BOUNDARY,1,일치,,
SC_V1960_B060_001,밭머리,명사,4,L2,단일일치,경계(L3~L4),2,REVIEW_BOUNDARY,1,일치,,
SC_V1960_B060_002,밭일,명사,4,L2,단일일치,경계(L3~L4),2,REVIEW_BOUNDARY,1,일치,,
SC_V1960_B060_003,배관공,명사,4,L2,단일일치,경계(L3~L4),3,PROVISIONAL_AUTO,0,충돌,,공식대조(충돌)
SC_V1960_B060_004,배구공,명사,4,L2,단일일치,경계(L3~L4),2,REVIEW_BOUNDARY,1,일치,,
SC_V1960_B060_005,배드민턴,명사,3,L1,단일일치,경계(L1~L2),1,REVIEW_BOUNDARY,1,일치,,
SC_V1960_B060_007,배분,명사,3,L1,단일일치,경계(L1~L2),1,PROVISIONAL_AUTO,0,일치,,
SC_V1960_B060_008,배분하다,동사,4,L2,단일일치,경계(L3~L4),2,REVIEW_BOUNDARY,1,일치,,
SC_V1960_B060_009,배설물,명사,3,L1,단일일치,경계(L1~L2),1,PROVISIONAL_AUTO,0,일치,,
SC_V1960_B060_010,배수로,명사,4,L2,단일일치,경계(L3~L4),3,PROVISIONAL_AUTO,0,충돌,,공식대조(충돌)
SC_V1960_B060_012,배영,명사,4,L2,단일일치,경계(L3~L4),3,PROVISIONAL_AUTO,0,충돌,,공식대조(충돌)
SC_V1960_B060_013,배움터,명사,4,L2,단일일치,경계(L3~L4),2,REVIEW_BOUNDARY,1,일치,,
SC_V1960_B060_014,배웅,명사,3,L1,단일일치,경계(L1~L2),1,PROVISIONAL_AUTO,0,일치,,
SC_V1960_B060_015,배웅하다,동사,3,L1,단일일치,경계(L1~L2),1,PROVISIONAL_AUTO,0,일치,,
SC_V1960_B060_016,배짱부리다,동사,4,L2,단일일치,경계(L3~L4),3,PROVISIONAL_AUTO,0,충돌,,공식대조(충돌)
SC_V1960_B060_018,배추김치,명사,3,L1,단일일치,경계(L1~L2),1,PROVISIONAL_AUTO,0,일치,,
SC_V1960_B060_019,배턴,명사,4,L2,단일일치,경계(L3~L4),3,PROVISIONAL_AUTO,0,충돌,,공식대조(충돌)
SC_V1960_B060_021,배편,명사,4,L2,단일일치,경계(L3~L4),2,REVIEW_BOUNDARY,1,일치,,
SC_V1960_B060_022,배포되다,동사,4,L2,단일일치,경계(L3~L4),3,PROVISIONAL_AUTO,0,충돌,,공식대조(충돌)
SC_V1960_B060_023,백곰,명사,4,L2,단일일치,경계(L3~L4),2,REVIEW_BOUNDARY,1,일치,,
SC_V1960_B060_024,백과사전,명사,3,L1,단일일치,경계(L1~L2),1,PROVISIONAL_AUTO,0,일치,,
SC_V1960_B060_026,백분율,명사,4,L2,단일일치,경계(L3~L4),3,PROVISIONAL_AUTO,0,충돌,,공식대조(충돌)
SC_V1960_B060_027,백사장,명사,3,L1,단일일치,경계(L1~L2),1,PROVISIONAL_AUTO,0,일치,,
SC_V1960_B060_028,백열등,명사,4,L2,단일일치,경계(L3~L4),3,PROVISIONAL_AUTO,0,충돌,,공식대조(충돌)
SC_V1960_B060_031,백지도,명사,4,L2,단일일치,경계(L3~L4),3,PROVISIONAL_AUTO,0,충돌,,공식대조(충돌)
SC_V1960_B060_032,뱃길,명사,3,L1,단일일치,경계(L1~L2),1,PROVISIONAL_AUTO,0,일치,,
SC_V1960_B060_033,뱃사공,명사,3,L1,단일일치,경계(L1~L2),1,PROVISIONAL_AUTO,0,일치,,
SC_V1960_B060_034,뱃사람,명사,3,L1,단일일치,경계(L1~L2),1,PROVISIONAL_AUTO,0,일치,,
SC_V1960_B060_035,뱃전,명사,4,L2,단일일치,경계(L3~L4),2,REVIEW_BOUNDARY,1,일치,,
SC_V1960_B060_037,버겁다,형용사,4,L2,단일일치,경계(L3~L4),3,PROVISIONAL_AUTO,0,충돌,,공식대조(충돌)
SC_V1960_B060_038,버그,명사,3,L1,단일일치,경계(L1~L2),1,REVIEW_BOUNDARY,1,일치,,
SC_V1960_B060_039,버금가다,동사,4,L2,단일일치,경계(L3~L4),2,REVIEW_BOUNDARY,1,일치,,
SC_V1960_B060_040,버너,명사,4,L2,단일일치,경계(L3~L4),3,PROVISIONAL_AUTO,0,충돌,,공식대조(충돌)
SC_V1960_B060_041,버들강아지,명사,4,L2,단일일치,경계(L3~L4),3,REVIEW_BOUNDARY,1,충돌,,공식대조(충돌)
SC_V1960_B060_044,버릇없다,형용사,4,L2,단일일치,경계(L3~L4),3,PROVISIONAL_AUTO,0,충돌,,공식대조(충돌)
SC_V1960_B060_045,버릇하다,보조동사,3,L1,단일일치,경계(L1~L2),1,PROVISIONAL_AUTO,0,일치,,
SC_V1960_B060_046,버림받다,동사,4,L2,단일일치,경계(L3~L4),3,REVIEW_BOUNDARY,1,충돌,,공식대조(충돌)
SC_V1960_B060_047,버무리다,동사,4,L2,단일일치,경계(L3~L4),2,REVIEW_BOUNDARY,1,일치,,
SC_V1960_B060_048,버선발,명사,4,L2,단일일치,경계(L3~L4),2,REVIEW_BOUNDARY,1,일치,,
SC_V1960_B060_049,벅차오르다,동사,4,L2,단일일치,경계(L3~L4),3,PROVISIONAL_AUTO,0,충돌,,공식대조(충돌)
SC_V1960_B060_050,번득이다,동사,4,L2,단일일치,경계(L3~L4),3,PROVISIONAL_AUTO,0,충돌,,공식대조(충돌)
SC_V1961_B061_001,번민하다,동사,4,L2,단일일치,경계(L3~L4),2,REVIEW_BOUNDARY,1,일치,,
SC_V1961_B061_002,번식,명사,3,L1,단일일치,경계(L1~L2),1,PROVISIONAL_AUTO,0,일치,,
SC_V1961_B061_003,번식지,명사,4,L2,단일일치,경계(L3~L4),2,REVIEW_BOUNDARY,1,일치,,
SC_V1961_B061_004,번식하다,동사,3,L1,단일일치,경계(L1~L2),1,PROVISIONAL_AUTO,0,일치,,
SC_V1961_B061_005,번역되다,동사,3,L1,단일일치,경계(L1~L2),1,PROVISIONAL_AUTO,0,일치,,
SC_V1961_B061_006,번역하다,동사,3,L1,단일일치,경계(L1~L2),1,PROVISIONAL_AUTO,0,일치,,
SC_V1961_B061_007,번잡하다,형용사,4,L2,단일일치,경계(L3~L4),2,REVIEW_BOUNDARY,1,일치,,
SC_V1961_B061_008,번쩍거리다,동사,4,L2,단일일치,경계(L3~L4),3,PROVISIONAL_AUTO,0,충돌,,공식대조(충돌)
SC_V1961_B061_009,번창하다,동사,3,L1,단일일치,경계(L1~L2),1,PROVISIONAL_AUTO,0,일치,,
SC_V1961_B061_010,번트,명사,4,L2,단일일치,경계(L3~L4),3,REVIEW_BOUNDARY,1,충돌,,공식대조(충돌)
SC_V1961_B061_011,번호표,명사,4,L2,단일일치,경계(L3~L4),2,REVIEW_BOUNDARY,1,일치,,
SC_V1961_B061_012,번화가,명사,3,L1,단일일치,경계(L1~L2),1,PROVISIONAL_AUTO,0,일치,,
SC_V1961_B061_013,벌거숭이산,명사,4,L2,단일일치,경계(L3~L4),3,PROVISIONAL_AUTO,0,충돌,,공식대조(충돌)
SC_V1961_B061_014,벌겋다,형용사,3,L1,단일일치,경계(L1~L2),1,PROVISIONAL_AUTO,0,일치,,
SC_V1961_B061_015,벌꿀,명사,4,L2,단일일치,경계(L3~L4),3,PROVISIONAL_AUTO,0,충돌,,공식대조(충돌)
SC_V1961_B061_016,벌떼,명사,4,L2,단일일치,경계(L3~L4),2,REVIEW_BOUNDARY,1,일치,,
SC_V1961_B061_017,벌러덩,부사,4,L2,단일일치,경계(L3~L4),3,REVIEW_BOUNDARY,1,충돌,,공식대조(충돌)
SC_V1961_B061_018,벌름거리다,동사,4,L2,단일일치,경계(L3~L4),3,PROVISIONAL_AUTO,0,충돌,,공식대조(충돌)
SC_V1961_B061_019,벌어들이다,동사,3,L1,단일일치,경계(L1~L2),1,REVIEW_BOUNDARY,1,일치,,
SC_V1961_B061_020,벌이,명사,4,L2,단일일치,경계(L3~L4),2,REVIEW_BOUNDARY,1,일치,,
SC_V1961_B061_021,벌초,명사,4,L2,단일일치,경계(L3~L4),2,REVIEW_BOUNDARY,1,일치,,
SC_V1961_B061_022,벌판,명사,3,L1,단일일치,경계(L1~L2),1,PROVISIONAL_AUTO,0,일치,,
SC_V1961_B061_023,벌하다,동사,4,L2,단일일치,경계(L3~L4),2,REVIEW_BOUNDARY,1,일치,,
SC_V1961_B061_025,범칙금,명사,4,L2,단일일치,경계(L3~L4),3,REVIEW_BOUNDARY,1,충돌,,공식대조(충돌)
SC_V1961_B061_026,법관,명사,4,L2,단일일치,경계(L3~L4),3,PROVISIONAL_AUTO,0,충돌,,공식대조(충돌)
SC_V1961_B061_027,법치,명사,4,L2,단일일치,경계(L3~L4),2,REVIEW_BOUNDARY,1,일치,,
SC_V1961_B061_028,법하다,보조형용사,3,L1,단일일치,경계(L1~L2),1,REVIEW_BOUNDARY,1,일치,,
SC_V1961_B061_029,벗님,명사,4,L2,단일일치,경계(L3~L4),2,REVIEW_BOUNDARY,1,일치,,
SC_V1961_B061_030,벙글거리다,동사,4,L2,단일일치,경계(L3~L4),3,PROVISIONAL_AUTO,0,충돌,,공식대조(충돌)
SC_V1961_B061_031,벙글벙글,부사,4,L2,단일일치,경계(L3~L4),3,PROVISIONAL_AUTO,0,충돌,,공식대조(충돌)
SC_V1961_B061_032,벙글벙글하다,동사,4,L2,단일일치,경계(L3~L4),3,PROVISIONAL_AUTO,0,충돌,,공식대조(충돌)
SC_V1961_B061_033,베갯잇,명사,4,L2,단일일치,경계(L3~L4),2,REVIEW_BOUNDARY,1,일치,,
SC_V1961_B061_034,베스트셀러,명사,3,L1,단일일치,경계(L1~L2),1,REVIEW_BOUNDARY,1,일치,,
SC_V1961_B061_035,베테랑,명사,4,L2,단일일치,경계(L3~L4),3,PROVISIONAL_AUTO,0,충돌,,공식대조(충돌)
SC_V1961_B061_036,베틀,명사,3,L1,단일일치,경계(L1~L2),1,PROVISIONAL_AUTO,0,일치,,
SC_V1961_B061_037,벼농사,명사,3,L1,단일일치,경계(L1~L2),1,REVIEW_BOUNDARY,1,일치,,
SC_V1961_B061_038,벼랑,명사,3,L1,단일일치,경계(L1~L2),1,PROVISIONAL_AUTO,0,일치,,
SC_V1961_B061_039,벼룩,명사,4,L2,단일일치,경계(L3~L4),3,PROVISIONAL_AUTO,0,충돌,,공식대조(충돌)
SC_V1961_B061_040,벼슬길,명사,4,L2,단일일치,경계(L3~L4),2,REVIEW_BOUNDARY,1,일치,,
SC_V1961_B061_041,벼슬살이,명사,4,L2,단일일치,경계(L3~L4),2,REVIEW_BOUNDARY,1,일치,,
SC_V1961_B061_042,벼슬아치,명사,3,L1,단일일치,경계(L1~L2),1,PROVISIONAL_AUTO,0,일치,,
SC_V1961_B061_043,벼슬하다,동사,3,L1,단일일치,경계(L1~L2),1,PROVISIONAL_AUTO,0,일치,,
SC_V1961_B061_044,벽걸이,명사,3,L1,단일일치,경계(L1~L2),1,PROVISIONAL_AUTO,0,일치,,
SC_V1961_B061_045,벽난로,명사,3,L1,단일일치,경계(L1~L2),1,PROVISIONAL_AUTO,0,일치,,
SC_V1961_B061_046,벽돌담,명사,4,L2,단일일치,경계(L3~L4),2,REVIEW_BOUNDARY,1,일치,,
SC_V1961_B061_047,벽돌집,명사,4,L2,단일일치,경계(L3~L4),3,REVIEW_BOUNDARY,1,충돌,,공식대조(충돌)
SC_V1961_B061_048,벽시계,명사,3,L1,단일일치,경계(L1~L2),1,PROVISIONAL_AUTO,0,일치,,
SC_V1961_B061_049,벽장문,명사,4,L2,단일일치,경계(L3~L4),2,REVIEW_BOUNDARY,1,일치,,
SC_V1961_B061_050,벽화,명사,3,L1,단일일치,경계(L1~L2),1,REVIEW_BOUNDARY,1,일치,,
SC_V1962_B062_001,변덕스럽다,형용사,4,L2,단일일치,경계(L3~L4),3,PROVISIONAL_AUTO,0,충돌,,공식대조(충돌)
SC_V1962_B062_003,변소,명사,3,L1,단일일치,경계(L1~L2),1,PROVISIONAL_AUTO,0,일치,,
SC_V1962_B062_004,변장술,명사,4,L2,단일일치,경계(L3~L4),2,REVIEW_BOUNDARY,1,일치,,
SC_V1962_B062_005,변장하다,동사,3,L1,단일일치,경계(L1~L2),2,REVIEW_BOUNDARY,1,충돌,,공식대조(충돌)
SC_V1962_B062_006,변주곡,명사,4,L2,단일일치,경계(L3~L4),3,REVIEW_BOUNDARY,1,충돌,,공식대조(충돌)
SC_V1962_B062_007,변질,명사,4,L2,단일일치,경계(L3~L4),3,PROVISIONAL_AUTO,0,충돌,,공식대조(충돌)
SC_V1962_B062_008,변함없다,형용사,3,L1,단일일치,경계(L1~L2),1,PROVISIONAL_AUTO,0,일치,,
SC_V1962_B062_009,변함없이,부사,3,L1,단일일치,경계(L1~L2),1,PROVISIONAL_AUTO,0,일치,,
SC_V1962_B062_010,변호인,명사,4,L2,단일일치,경계(L3~L4),3,REVIEW_BOUNDARY,1,충돌,,공식대조(충돌)
SC_V1962_B062_011,변화무쌍하다,형용사,4,L2,단일일치,경계(L3~L4),3,PROVISIONAL_AUTO,0,충돌,,공식대조(충돌)
SC_V1962_B062_013,별나다,형용사,3,L1,단일일치,경계(L1~L2),1,PROVISIONAL_AUTO,0,일치,,
SC_V1962_B062_014,별다르다,형용사,3,L1,단일일치,경계(L1~L2),1,PROVISIONAL_AUTO,0,일치,,
SC_V1962_B062_015,별똥별,명사,3,L1,단일일치,경계(L1~L2),1,PROVISIONAL_AUTO,0,일치,,
SC_V1962_B062_016,별미,명사,4,L2,단일일치,경계(L3~L4),2,REVIEW_BOUNDARY,1,일치,,
SC_V1962_B062_017,별별,관형사,3,L1,단일일치,경계(L1~L2),1,PROVISIONAL_AUTO,0,일치,,
SC_V1962_B062_019,별안간,명사,3,L1,단일일치,경계(L1~L2),1,PROVISIONAL_AUTO,0,일치,,
SC_V1962_B062_020,별의별,관형사,3,L1,단일일치,경계(L1~L2),1,PROVISIONAL_AUTO,0,일치,,
SC_V1962_B062_021,별칭,명사,4,L2,단일일치,경계(L3~L4),2,REVIEW_BOUNDARY,1,일치,,
SC_V1962_B062_022,볍씨,명사,4,L2,단일일치,경계(L3~L4),3,PROVISIONAL_AUTO,0,충돌,,공식대조(충돌)
SC_V1962_B062_023,볏단,명사,4,L2,단일일치,경계(L3~L4),2,REVIEW_BOUNDARY,1,일치,,
SC_V1962_B062_024,볏섬,명사,4,L2,단일일치,경계(L3~L4),2,REVIEW_BOUNDARY,1,일치,,
SC_V1962_B062_025,볏짚,명사,4,L2,단일일치,경계(L3~L4),2,REVIEW_BOUNDARY,1,일치,207(레벨보류),
SC_V1962_B062_026,병따개,명사,3,L1,단일일치,경계(L1~L2),1,PROVISIONAL_AUTO,0,일치,,
SC_V1962_B062_027,병뚜껑,명사,3,L1,단일일치,경계(L1~L2),1,PROVISIONAL_AUTO,0,일치,,
SC_V1962_B062_028,병마개,명사,3,L1,단일일치,경계(L1~L2),1,PROVISIONAL_AUTO,0,일치,,
SC_V1962_B062_029,병약하다,형용사,4,L2,단일일치,경계(L3~L4),2,REVIEW_BOUNDARY,1,일치,,
SC_V1962_B062_031,병원균,명사,4,L2,단일일치,경계(L3~L4),3,PROVISIONAL_AUTO,0,충돌,,공식대조(충돌)
SC_V1962_B062_032,병원비,명사,3,L1,단일일치,경계(L1~L2),1,REVIEW_BOUNDARY,1,일치,,
SC_V1962_B062_034,병충해,명사,4,L2,단일일치,경계(L3~L4),2,REVIEW_BOUNDARY,1,일치,,
SC_V1962_B062_035,보고문,명사,4,L2,단일일치,경계(L3~L4),2,REVIEW_BOUNDARY,1,일치,,
SC_V1962_B062_036,보관소,명사,4,L2,단일일치,경계(L3~L4),2,REVIEW_BOUNDARY,1,일치,207(레벨보류),
SC_V1962_B062_037,보관함,명사,4,L2,단일일치,경계(L3~L4),2,REVIEW_BOUNDARY,1,일치,,
SC_V1962_B062_038,보급로,명사,4,L2,단일일치,경계(L3~L4),3,REVIEW_BOUNDARY,1,충돌,,공식대조(충돌)
SC_V1962_B062_039,보급품,명사,4,L2,단일일치,경계(L3~L4),2,REVIEW_BOUNDARY,1,일치,,
SC_V1962_B062_040,보도되다,동사,4,L2,단일일치,경계(L3~L4),3,PROVISIONAL_AUTO,0,충돌,,공식대조(충돌)
SC_V1962_B062_041,보도블록,명사,4,L2,단일일치,경계(L3~L4),3,PROVISIONAL_AUTO,0,충돌,,공식대조(충돌)
SC_V1962_B062_042,보들보들,부사,3,L1,단일일치,경계(L1~L2),1,PROVISIONAL_AUTO,0,일치,,
SC_V1962_B062_043,보들보들하다,형용사,4,L2,단일일치,경계(L3~L4),3,PROVISIONAL_AUTO,0,충돌,,공식대조(충돌)
SC_V1962_B062_044,보듬다,동사,4,L2,단일일치,경계(L3~L4),2,REVIEW_BOUNDARY,1,일치,,
SC_V1962_B062_045,보디가드,명사,4,L2,단일일치,경계(L3~L4),3,PROVISIONAL_AUTO,0,충돌,,공식대조(충돌)
SC_V1962_B062_046,보람되다,형용사,3,L1,단일일치,경계(L1~L2),1,REVIEW_BOUNDARY,1,일치,,
SC_V1962_B062_047,보랏빛,명사,3,L1,단일일치,경계(L1~L2),1,PROVISIONAL_AUTO,0,일치,,
SC_V1962_B062_048,보름날,명사,3,L1,단일일치,경계(L1~L2),1,PROVISIONAL_AUTO,0,일치,,
SC_V1962_B062_049,보리밥,명사,3,L1,단일일치,경계(L1~L2),1,PROVISIONAL_AUTO,0,일치,,
SC_V1962_B062_050,보리밭,명사,3,L1,단일일치,경계(L1~L2),1,PROVISIONAL_AUTO,0,일치,,
SC_V1963_B063_001,보리쌀,명사,3,L1,단일일치,경계(L1~L2),1,PROVISIONAL_AUTO,0,일치,,
SC_V1963_B063_002,보리차,명사,3,L1,단일일치,경계(L1~L2),1,PROVISIONAL_AUTO,0,일치,,
SC_V1963_B063_003,보물찾기,명사,3,L1,단일일치,경계(L1~L2),1,PROVISIONAL_AUTO,0,일치,,
SC_V1963_B063_004,보배롭다,형용사,4,L2,단일일치,경계(L3~L4),3,PROVISIONAL_AUTO,0,충돌,,공식대조(충돌)
SC_V1963_B063_005,보슬비,명사,4,L2,단일일치,경계(L3~L4),3,PROVISIONAL_AUTO,0,충돌,,공식대조(충돌)
SC_V1963_B063_006,보온,명사,3,L1,단일일치,경계(L1~L2),1,REVIEW_BOUNDARY,1,일치,,
SC_V1963_B063_007,보육,명사,4,L2,단일일치,경계(L3~L4),2,REVIEW_BOUNDARY,1,일치,,
SC_V1963_B063_008,보육원,명사,3,L1,단일일치,경계(L1~L2),1,REVIEW_BOUNDARY,1,일치,,
SC_V1963_B063_009,보잘것없다,형용사,4,L2,단일일치,경계(L3~L4),3,REVIEW_BOUNDARY,1,충돌,207(레벨보류),공식대조(충돌)
SC_V1963_B063_010,보전되다,동사,4,L2,단일일치,경계(L3~L4),2,REVIEW_BOUNDARY,1,일치,,
SC_V1963_B063_011,보조선,명사,4,L2,단일일치,경계(L3~L4),4,REVIEW_BOUNDARY,1,충돌,,공식대조(충돌)
SC_V1963_B063_012,보청기,명사,4,L2,단일일치,경계(L3~L4),3,PROVISIONAL_AUTO,0,충돌,,공식대조(충돌)
SC_V1963_B063_013,보폭,명사,4,L2,단일일치,경계(L3~L4),3,PROVISIONAL_AUTO,0,충돌,,공식대조(충돌)
SC_V1963_B063_014,보행기,명사,4,L2,단일일치,경계(L3~L4),3,PROVISIONAL_AUTO,0,충돌,,공식대조(충돌)
SC_V1963_B063_015,보행자,명사,4,L2,단일일치,경계(L3~L4),2,REVIEW_BOUNDARY,1,일치,,
SC_V1963_B063_016,보험금,명사,4,L2,단일일치,경계(L3~L4),3,REVIEW_BOUNDARY,1,충돌,,공식대조(충돌)
SC_V1963_B063_017,보험증,명사,4,L2,단일일치,경계(L3~L4),4,REVIEW_BOUNDARY,1,충돌,,공식대조(충돌)
SC_V1963_B063_018,보호석,명사,4,L2,단일일치,경계(L3~L4),3,PROVISIONAL_AUTO,0,충돌,,공식대조(충돌)
SC_V1963_B063_019,복귀,명사,3,L1,단일일치,경계(L1~L2),1,REVIEW_BOUNDARY,1,일치,,
SC_V1963_B063_020,복귀하다,동사,4,L2,단일일치,경계(L3~L4),3,PROVISIONAL_AUTO,0,충돌,,공식대조(충돌)
SC_V1963_B063_021,복날,명사,4,L2,단일일치,경계(L3~L4),3,PROVISIONAL_AUTO,0,충돌,,공식대조(충돌)
SC_V1963_B063_022,복덩이,명사,4,L2,단일일치,경계(L3~L4),3,PROVISIONAL_AUTO,0,충돌,,공식대조(충돌)
SC_V1963_B063_023,복되다,형용사,3,L1,단일일치,경계(L1~L2),1,PROVISIONAL_AUTO,0,일치,,
SC_V1963_B063_024,복사뼈,명사,4,L2,단일일치,경계(L3~L4),2,REVIEW_BOUNDARY,1,일치,,
SC_V1963_B063_025,복숭아뼈,명사,4,L2,단일일치,경계(L3~L4),2,REVIEW_BOUNDARY,1,일치,,
SC_V1963_B063_026,복스럽다,형용사,4,L2,단일일치,경계(L3~L4),2,REVIEW_BOUNDARY,1,일치,,
SC_V1963_B063_027,복슬강아지,명사,4,L2,단일일치,경계(L3~L4),3,PROVISIONAL_AUTO,0,충돌,,공식대조(충돌)
SC_V1963_B063_028,복제되다,동사,4,L2,단일일치,경계(L3~L4),2,REVIEW_BOUNDARY,1,일치,,
SC_V1963_B063_030,본거지,명사,4,L2,단일일치,경계(L3~L4),2,REVIEW_BOUNDARY,1,일치,,
SC_V1963_B063_031,본드,명사,3,L1,단일일치,경계(L1~L2),1,PROVISIONAL_AUTO,0,일치,,
SC_V1963_B063_032,본부석,명사,4,L2,단일일치,경계(L3~L4),3,PROVISIONAL_AUTO,0,충돌,,공식대조(충돌)
SC_V1963_B063_033,본업,명사,4,L2,단일일치,경계(L3~L4),2,REVIEW_BOUNDARY,1,일치,,
SC_V1963_B063_034,본토박이,명사,4,L2,단일일치,경계(L3~L4),3,PROVISIONAL_AUTO,0,충돌,,공식대조(충돌)
SC_V1963_B063_036,볼록,부사,3,L1,단일일치,경계(L1~L2),1,PROVISIONAL_AUTO,0,일치,,
SC_V1963_B063_037,볼멘소리,명사,4,L2,단일일치,경계(L3~L4),2,REVIEW_BOUNDARY,1,일치,,
SC_V1963_B063_038,볼우물,명사,4,L2,단일일치,경계(L3~L4),3,PROVISIONAL_AUTO,0,충돌,,공식대조(충돌)
SC_V1963_B063_039,볼품,명사,4,L2,단일일치,경계(L3~L4),2,REVIEW_BOUNDARY,1,일치,,
SC_V1963_B063_040,볼품없이,부사,4,L2,단일일치,경계(L3~L4),2,REVIEW_BOUNDARY,1,일치,,
SC_V1963_B063_041,봄나들이,명사,3,L1,단일일치,경계(L1~L2),1,PROVISIONAL_AUTO,0,일치,,
SC_V1963_B063_042,봄나들이하다,동사,3,L1,단일일치,경계(L1~L2),1,REVIEW_BOUNDARY,1,일치,,
SC_V1963_B063_043,봄나물,명사,3,L1,단일일치,경계(L1~L2),1,PROVISIONAL_AUTO,0,일치,,
SC_V1963_B063_044,봄놀이,명사,3,L1,단일일치,경계(L1~L2),1,PROVISIONAL_AUTO,0,일치,,
SC_V1963_B063_045,봄놀이하다,동사,4,L2,단일일치,경계(L3~L4),3,PROVISIONAL_AUTO,0,충돌,,공식대조(충돌)
SC_V1963_B063_046,봄볕,명사,4,L2,단일일치,경계(L3~L4),2,REVIEW_BOUNDARY,1,일치,,
SC_V1963_B063_047,봄비,명사,3,L1,단일일치,경계(L1~L2),1,PROVISIONAL_AUTO,0,일치,,
SC_V1963_B063_048,봄빛,명사,4,L2,단일일치,경계(L3~L4),2,REVIEW_BOUNDARY,1,일치,,
SC_V1963_B063_049,봄소식,명사,4,L2,단일일치,경계(L3~L4),3,REVIEW_BOUNDARY,1,충돌,,공식대조(충돌)
SC_V1963_B063_050,봄철,명사,3,L1,단일일치,경계(L1~L2),1,PROVISIONAL_AUTO,0,일치,,
SC_V1964_B064_001,봇짐,명사,4,L2,단일일치,경계(L3~L4),3,PROVISIONAL_AUTO,0,충돌,,공식대조(충돌)
SC_V1964_B064_002,봉급,명사,3,L1,단일일치,경계(L1~L2),1,REVIEW_BOUNDARY,1,일치,,
SC_V1964_B064_003,봉돌,명사,4,L2,단일일치,경계(L3~L4),3,PROVISIONAL_AUTO,0,충돌,,공식대조(충돌)
SC_V1964_B064_004,봉제품,명사,4,L2,단일일치,경계(L3~L4),3,PROVISIONAL_AUTO,0,충돌,,공식대조(충돌)
SC_V1964_B064_005,부귀영화,명사,3,L1,단일일치,경계(L1~L2),2,REVIEW_BOUNDARY,1,충돌,,공식대조(충돌)
SC_V1964_B064_007,부농,명사,4,L2,단일일치,경계(L3~L4),3,PROVISIONAL_AUTO,0,충돌,,공식대조(충돌)
SC_V1964_B064_008,부단히,부사,4,L2,단일일치,경계(L3~L4),2,REVIEW_BOUNDARY,1,일치,207(레벨보류),
SC_V1964_B064_009,부담감,명사,3,L1,단일일치,경계(L1~L2),1,REVIEW_BOUNDARY,1,일치,,
SC_V1964_B064_010,부당성,명사,4,L2,단일일치,경계(L3~L4),3,REVIEW_BOUNDARY,1,충돌,,공식대조(충돌)
SC_V1964_B064_011,부당하다,형용사,3,L1,단일일치,경계(L1~L2),1,PROVISIONAL_AUTO,0,일치,,
SC_V1964_B064_012,부둣가,명사,4,L2,단일일치,경계(L3~L4),2,REVIEW_BOUNDARY,1,일치,,
SC_V1964_B064_013,부둥켜안다,동사,3,L1,단일일치,경계(L1~L2),1,REVIEW_BOUNDARY,1,일치,,
SC_V1964_B064_014,부득이,부사,4,L2,단일일치,경계(L3~L4),2,REVIEW_BOUNDARY,1,일치,,
SC_V1964_B064_015,부뚜막,명사,4,L2,단일일치,경계(L3~L4),3,PROVISIONAL_AUTO,0,충돌,,공식대조(충돌)
SC_V1964_B064_016,부라리다,동사,4,L2,단일일치,경계(L3~L4),2,REVIEW_BOUNDARY,1,일치,,
SC_V1964_B064_018,부러뜨리다,동사,3,L1,단일일치,경계(L1~L2),1,REVIEW_BOUNDARY,1,일치,,
SC_V1964_B064_019,부러트리다,동사,4,L2,단일일치,경계(L3~L4),3,PROVISIONAL_AUTO,0,충돌,,공식대조(충돌)
SC_V1964_B064_020,부르릉,부사,3,L1,단일일치,경계(L1~L2),1,PROVISIONAL_AUTO,0,일치,,
SC_V1964_B064_021,부름,명사,3,L1,단일일치,경계(L1~L2),1,PROVISIONAL_AUTO,0,일치,,
SC_V1964_B064_022,부릅뜨다,동사,3,L1,단일일치,경계(L1~L2),1,PROVISIONAL_AUTO,0,일치,,
SC_V1964_B064_023,부릉,부사,4,L2,단일일치,경계(L3~L4),2,REVIEW_BOUNDARY,1,일치,,
SC_V1964_B064_024,부릉부릉,부사,4,L2,단일일치,경계(L3~L4),2,REVIEW_BOUNDARY,1,일치,,
SC_V1964_B064_025,부리나케,부사,4,L2,단일일치,경계(L3~L4),2,REVIEW_BOUNDARY,1,일치,,
SC_V1964_B064_026,부리부리하다,형용사,4,L2,단일일치,경계(L3~L4),3,PROVISIONAL_AUTO,0,충돌,,공식대조(충돌)
SC_V1964_B064_027,부분품,명사,4,L2,단일일치,경계(L3~L4),2,REVIEW_BOUNDARY,1,일치,,
SC_V1964_B064_028,부사장,명사,3,L1,단일일치,경계(L1~L2),1,PROVISIONAL_AUTO,0,일치,,
SC_V1964_B064_029,부산스럽다,형용사,4,L2,단일일치,경계(L3~L4),3,PROVISIONAL_AUTO,0,충돌,,공식대조(충돌)
SC_V1964_B064_031,부속품,명사,3,L1,단일일치,경계(L1~L2),1,PROVISIONAL_AUTO,0,일치,,
SC_V1964_B064_032,부스러뜨리다,동사,4,L2,단일일치,경계(L3~L4),3,PROVISIONAL_AUTO,0,충돌,,공식대조(충돌)
SC_V1964_B064_033,부스러지다,동사,4,L2,단일일치,경계(L3~L4),3,PROVISIONAL_AUTO,0,충돌,,공식대조(충돌)
SC_V1964_B064_034,부스럭거리다,동사,3,L1,단일일치,경계(L1~L2),2,REVIEW_BOUNDARY,1,충돌,,공식대조(충돌)
SC_V1964_B064_035,부스럼,명사,4,L2,단일일치,경계(L3~L4),2,REVIEW_BOUNDARY,1,일치,,
SC_V1964_B064_036,부싯돌,명사,4,L2,단일일치,경계(L3~L4),3,PROVISIONAL_AUTO,0,충돌,,공식대조(충돌)
SC_V1964_B064_037,부어오르다,동사,4,L2,단일일치,경계(L3~L4),3,PROVISIONAL_AUTO,0,충돌,,공식대조(충돌)
SC_V1964_B064_038,부엉,부사,4,L2,단일일치,경계(L3~L4),2,REVIEW_BOUNDARY,1,일치,,
SC_V1964_B064_039,부엌방,명사,4,L2,단일일치,경계(L3~L4),2,REVIEW_BOUNDARY,1,일치,207(레벨보류),
SC_V1964_B064_040,부엌일,명사,3,L1,단일일치,경계(L1~L2),1,PROVISIONAL_AUTO,0,일치,,
SC_V1964_B064_041,부여잡다,동사,4,L2,단일일치,경계(L3~L4),2,REVIEW_BOUNDARY,1,일치,,
SC_V1964_B064_042,부엽토,명사,4,L2,단일일치,경계(L3~L4),3,PROVISIONAL_AUTO,0,충돌,,공식대조(충돌)
SC_V1964_B064_043,부의장,명사,4,L2,단일일치,경계(L3~L4),3,PROVISIONAL_AUTO,0,충돌,,공식대조(충돌)
SC_V1964_B064_045,부임하다,동사,4,L2,단일일치,경계(L3~L4),2,REVIEW_BOUNDARY,1,일치,,
SC_V1964_B064_047,부재중,명사,4,L2,단일일치,경계(L3~L4),2,REVIEW_BOUNDARY,1,일치,,
SC_V1964_B064_048,부적당하다,형용사,4,L2,단일일치,경계(L3~L4),3,PROVISIONAL_AUTO,0,충돌,,공식대조(충돌)
SC_V1964_B064_049,부적절하다,형용사,4,L2,단일일치,경계(L3~L4),3,PROVISIONAL_AUTO,0,충돌,,공식대조(충돌)
SC_V1964_B064_050,부적합하다,형용사,3,L1,단일일치,경계(L1~L2),2,REVIEW_BOUNDARY,1,충돌,,공식대조(충돌)
SC_V1965_B065_001,부정부패,명사,4,L2,단일일치,경계(L3~L4),2,REVIEW_BOUNDARY,1,일치,,
SC_V1965_B065_002,부질없다,형용사,4,L2,단일일치,경계(L3~L4),2,REVIEW_BOUNDARY,1,일치,,
SC_V1965_B065_003,부질없이,부사,4,L2,단일일치,경계(L3~L4),2,REVIEW_BOUNDARY,1,일치,,
SC_V1965_B065_004,부착되다,동사,3,L1,단일일치,경계(L1~L2),1,PROVISIONAL_AUTO,0,일치,,
SC_V1965_B065_005,부착하다,동사,3,L1,단일일치,경계(L1~L2),1,PROVISIONAL_AUTO,0,일치,,
SC_V1965_B065_006,부채춤,명사,4,L2,단일일치,경계(L3~L4),3,PROVISIONAL_AUTO,0,충돌,,공식대조(충돌)
SC_V1965_B065_007,부챗살,명사,4,L2,단일일치,경계(L3~L4),2,REVIEW_BOUNDARY,1,일치,,
SC_V1965_B065_008,부축하다,동사,3,L1,단일일치,경계(L1~L2),1,PROVISIONAL_AUTO,0,일치,,
SC_V1965_B065_009,부츠,명사,4,L2,단일일치,경계(L3~L4),2,REVIEW_BOUNDARY,1,일치,,
SC_V1965_B065_010,부화기,명사,4,L2,단일일치,경계(L3~L4),3,PROVISIONAL_AUTO,0,충돌,,공식대조(충돌)
SC_V1965_B065_011,부흥,명사,4,L2,단일일치,경계(L3~L4),3,PROVISIONAL_AUTO,0,충돌,,공식대조(충돌)
SC_V1965_B065_013,북돋다,동사,4,L2,단일일치,경계(L3~L4),2,REVIEW_BOUNDARY,1,일치,,
SC_V1965_B065_014,북돋우다,동사,3,L1,단일일치,경계(L1~L2),1,PROVISIONAL_AUTO,0,일치,,
SC_V1965_B065_015,북동,명사,4,L2,단일일치,경계(L3~L4),3,PROVISIONAL_AUTO,0,충돌,,공식대조(충돌)
SC_V1965_B065_016,북동쪽,명사,4,L2,단일일치,경계(L3~L4),3,PROVISIONAL_AUTO,0,충돌,,공식대조(충돌)
SC_V1965_B065_017,북받치다,동사,4,L2,단일일치,경계(L3~L4),3,PROVISIONAL_AUTO,0,충돌,,공식대조(충돌)
SC_V1965_B065_018,북서쪽,명사,4,L2,단일일치,경계(L3~L4),2,REVIEW_BOUNDARY,1,일치,,
SC_V1965_B065_019,북서풍,명사,4,L2,단일일치,경계(L3~L4),2,REVIEW_BOUNDARY,1,일치,,
SC_V1965_B065_020,북소리,명사,3,L1,단일일치,경계(L1~L2),1,PROVISIONAL_AUTO,0,일치,,
SC_V1965_B065_021,북엇국,명사,4,L2,단일일치,경계(L3~L4),3,PROVISIONAL_AUTO,0,충돌,,공식대조(충돌)
SC_V1965_B065_022,북장단,명사,4,L2,단일일치,경계(L3~L4),3,PROVISIONAL_AUTO,0,충돌,,공식대조(충돌)
SC_V1965_B065_023,북풍,명사,4,L2,단일일치,경계(L3~L4),2,REVIEW_BOUNDARY,1,일치,,
SC_V1965_B065_024,분갈이,명사,4,L2,단일일치,경계(L3~L4),3,PROVISIONAL_AUTO,0,충돌,,공식대조(충돌)
SC_V1965_B065_025,분교,명사,3,L1,단일일치,경계(L1~L2),1,REVIEW_BOUNDARY,1,일치,,
SC_V1965_B065_026,분노하다,동사,3,L1,단일일치,경계(L1~L2),1,PROVISIONAL_AUTO,0,일치,,
SC_V1965_B065_027,분담,명사,4,L2,단일일치,경계(L3~L4),2,REVIEW_BOUNDARY,1,일치,,
SC_V1965_B065_028,분담하다,동사,4,L2,단일일치,경계(L3~L4),2,REVIEW_BOUNDARY,1,일치,,
SC_V1965_B065_029,분량,명사,3,L1,단일일치,경계(L1~L2),1,REVIEW_BOUNDARY,1,일치,,
SC_V1965_B065_030,분모,명사,3,L1,단일일치,경계(L1~L2),1,REVIEW_BOUNDARY,1,일치,207(레벨보류),
SC_V1965_B065_031,분비되다,동사,4,L2,단일일치,경계(L3~L4),3,REVIEW_BOUNDARY,1,충돌,,공식대조(충돌)
SC_V1965_B065_032,분비물,명사,4,L2,단일일치,경계(L3~L4),3,PROVISIONAL_AUTO,0,충돌,,공식대조(충돌)
SC_V1965_B065_033,분수대,명사,3,L1,단일일치,경계(L1~L2),1,PROVISIONAL_AUTO,0,일치,,
SC_V1965_B065_034,분식집,명사,3,L1,단일일치,경계(L1~L2),1,REVIEW_BOUNDARY,1,일치,,
SC_V1965_B065_035,분주히,부사,4,L2,단일일치,경계(L3~L4),2,REVIEW_BOUNDARY,1,일치,,
SC_V1965_B065_036,분지르다,동사,4,L2,단일일치,경계(L3~L4),2,REVIEW_BOUNDARY,1,일치,207(레벨보류),
SC_V1965_B065_037,분포되다,동사,4,L2,단일일치,경계(L3~L4),2,REVIEW_BOUNDARY,1,일치,,
SC_V1965_B065_038,분풀이,명사,3,L1,단일일치,경계(L1~L2),1,PROVISIONAL_AUTO,0,일치,,
SC_V1965_B065_039,분해자,명사,4,L2,단일일치,경계(L3~L4),3,PROVISIONAL_AUTO,0,충돌,,공식대조(충돌)
SC_V1965_B065_040,분홍빛,명사,3,L1,단일일치,경계(L1~L2),1,PROVISIONAL_AUTO,0,일치,,
SC_V1965_B065_041,분화구,명사,4,L2,단일일치,경계(L3~L4),3,REVIEW_BOUNDARY,1,충돌,,공식대조(충돌)
SC_V1965_B065_042,불가마,명사,4,L2,단일일치,경계(L3~L4),2,REVIEW_BOUNDARY,1,일치,,
SC_V1965_B065_043,불가사의하다,형용사,4,L2,단일일치,경계(L3~L4),3,PROVISIONAL_AUTO,0,충돌,,공식대조(충돌)
SC_V1965_B065_044,불건전하다,형용사,4,L2,단일일치,경계(L3~L4),3,PROVISIONAL_AUTO,0,충돌,,공식대조(충돌)
SC_V1965_B065_045,불공정하다,형용사,4,L2,단일일치,경계(L3~L4),3,PROVISIONAL_AUTO,0,충돌,,공식대조(충돌)
SC_V1965_B065_046,불공평,명사,3,L1,단일일치,경계(L1~L2),1,PROVISIONAL_AUTO,0,일치,,
SC_V1965_B065_047,불공평하다,형용사,3,L1,단일일치,경계(L1~L2),1,REVIEW_BOUNDARY,1,일치,,
SC_V1965_B065_049,불균형하다,형용사,4,L2,단일일치,경계(L3~L4),3,PROVISIONAL_AUTO,0,충돌,,공식대조(충돌)
SC_V1965_B065_050,불그레하다,형용사,4,L2,단일일치,경계(L3~L4),3,PROVISIONAL_AUTO,0,충돌,,공식대조(충돌)
SC_V1966_B066_001,불기둥,명사,4,L2,단일일치,경계(L3~L4),2,REVIEW_BOUNDARY,1,일치,,
SC_V1966_B066_003,불량품,명사,4,L2,단일일치,경계(L3~L4),3,PROVISIONAL_AUTO,0,충돌,,공식대조(충돌)
SC_V1966_B066_004,불러일으키다,동사,3,L1,단일일치,경계(L1~L2),2,REVIEW_BOUNDARY,1,충돌,,공식대조(충돌)
SC_V1966_B066_005,불리하다,형용사,3,L1,단일일치,경계(L1~L2),1,PROVISIONAL_AUTO,0,일치,,
SC_V1966_B066_006,불만스럽다,형용사,3,L1,단일일치,경계(L1~L2),1,REVIEW_BOUNDARY,1,일치,207(레벨보류),
SC_V1966_B066_007,불만족,명사,4,L2,단일일치,경계(L3~L4),2,REVIEW_BOUNDARY,1,일치,207(레벨보류),
SC_V1966_B066_009,불볕,명사,4,L2,단일일치,경계(L3~L4),2,REVIEW_BOUNDARY,1,일치,,
SC_V1966_B066_010,불볕더위,명사,4,L2,단일일치,경계(L3~L4),2,REVIEW_BOUNDARY,1,일치,207(레벨보류),
SC_V1966_B066_011,불성실하다,형용사,3,L1,단일일치,경계(L1~L2),1,REVIEW_BOUNDARY,1,일치,207(레벨보류),
SC_V1966_B066_012,불순물,명사,4,L2,단일일치,경계(L3~L4),2,REVIEW_BOUNDARY,1,일치,,
SC_V1966_B066_013,불쌍히,부사,3,L1,단일일치,경계(L1~L2),1,PROVISIONAL_AUTO,0,일치,,
SC_V1966_B066_014,불안정하다,형용사,4,L2,단일일치,경계(L3~L4),3,PROVISIONAL_AUTO,0,충돌,,공식대조(충돌)
SC_V1966_B066_015,불완전하다,형용사,4,L2,단일일치,경계(L3~L4),3,PROVISIONAL_AUTO,0,충돌,,공식대조(충돌)
SC_V1966_B066_016,불이익,명사,4,L2,단일일치,경계(L3~L4),2,REVIEW_BOUNDARY,1,일치,,
SC_V1966_B066_017,불자동차,명사,4,L2,단일일치,경계(L3~L4),2,REVIEW_BOUNDARY,1,일치,,
SC_V1966_B066_018,불조심,명사,3,L1,단일일치,경계(L1~L2),1,PROVISIONAL_AUTO,0,일치,,
SC_V1966_B066_019,불참자,명사,4,L2,단일일치,경계(L3~L4),3,PROVISIONAL_AUTO,0,충돌,,공식대조(충돌)
SC_V1966_B066_020,불치병,명사,4,L2,단일일치,경계(L3~L4),2,REVIEW_BOUNDARY,1,일치,,
SC_V1966_B066_021,불친절하다,형용사,3,L1,단일일치,경계(L1~L2),1,REVIEW_BOUNDARY,1,일치,,
SC_V1966_B066_022,불쾌감,명사,3,L1,단일일치,경계(L1~L2),1,PROVISIONAL_AUTO,0,일치,,
SC_V1966_B066_023,불쾌지수,명사,4,L2,단일일치,경계(L3~L4),3,REVIEW_BOUNDARY,1,충돌,,공식대조(충돌)
SC_V1966_B066_024,불평등,명사,4,L2,단일일치,경계(L3~L4),2,REVIEW_BOUNDARY,1,일치,,
SC_V1966_B066_025,불평등하다,형용사,4,L2,단일일치,경계(L3~L4),3,PROVISIONAL_AUTO,0,충돌,,공식대조(충돌)
SC_V1966_B066_026,불필요하다,형용사,3,L1,단일일치,경계(L1~L2),1,REVIEW_BOUNDARY,1,일치,,
SC_V1966_B066_027,불행히,부사,3,L1,단일일치,경계(L1~L2),1,PROVISIONAL_AUTO,0,일치,,
SC_V1966_B066_028,불허하다,동사,4,L2,단일일치,경계(L3~L4),2,REVIEW_BOUNDARY,1,일치,,
SC_V1966_B066_029,불호령,명사,4,L2,단일일치,경계(L3~L4),2,REVIEW_BOUNDARY,1,일치,,
SC_V1966_B066_031,불확실하다,형용사,4,L2,단일일치,경계(L3~L4),3,PROVISIONAL_AUTO,0,충돌,,공식대조(충돌)
SC_V1966_B066_032,붉은빛,명사,3,L1,단일일치,경계(L1~L2),1,PROVISIONAL_AUTO,0,일치,,
SC_V1966_B066_033,붉히다,동사,3,L1,단일일치,경계(L1~L2),1,PROVISIONAL_AUTO,0,일치,,
SC_V1966_B066_034,붓글씨,명사,3,L1,단일일치,경계(L1~L2),1,PROVISIONAL_AUTO,0,일치,,
SC_V1966_B066_035,붙임성,명사,4,L2,단일일치,경계(L3~L4),3,REVIEW_BOUNDARY,1,충돌,,공식대조(충돌)
SC_V1966_B066_037,브랜드,명사,3,L1,단일일치,경계(L1~L2),2,PROVISIONAL_AUTO,0,충돌,17(L2_PROVISIONAL_AUTO),공식대조(충돌)
SC_V1966_B066_038,브이,명사,4,L2,단일일치,경계(L3~L4),3,PROVISIONAL_AUTO,0,충돌,,공식대조(충돌)
SC_V1966_B066_039,블라우스,명사,3,L1,단일일치,경계(L1~L2),1,PROVISIONAL_AUTO,0,일치,,
SC_V1966_B066_040,블랙커피,명사,4,L2,단일일치,경계(L3~L4),2,REVIEW_BOUNDARY,1,일치,,
SC_V1966_B066_041,블로그,명사,4,L2,단일일치,경계(L3~L4),3,PROVISIONAL_AUTO,0,충돌,,공식대조(충돌)
SC_V1966_B066_042,비공식,명사,4,L2,단일일치,경계(L3~L4),3,PROVISIONAL_AUTO,0,충돌,,공식대조(충돌)
SC_V1966_B066_043,비구름,명사,3,L1,단일일치,경계(L1~L2),1,REVIEW_BOUNDARY,1,일치,,
SC_V1966_B066_044,비굴하다,형용사,3,L1,단일일치,경계(L1~L2),1,PROVISIONAL_AUTO,0,일치,,
SC_V1966_B066_045,비누질,명사,4,L2,단일일치,경계(L3~L4),2,REVIEW_BOUNDARY,1,일치,,
SC_V1966_B066_046,비누칠하다,동사,3,L1,단일일치,경계(L1~L2),1,REVIEW_BOUNDARY,1,일치,,
SC_V1966_B066_047,비닐봉지,명사,3,L1,단일일치,경계(L1~L2),1,PROVISIONAL_AUTO,0,일치,,
SC_V1966_B066_048,비닐우산,명사,4,L2,단일일치,경계(L3~L4),3,PROVISIONAL_AUTO,0,충돌,,공식대조(충돌)
SC_V1966_B066_049,비닐장갑,명사,3,L1,단일일치,경계(L1~L2),1,PROVISIONAL_AUTO,0,일치,,
SC_V1966_B066_050,비닐하우스,명사,3,L1,단일일치,경계(L1~L2),1,REVIEW_BOUNDARY,1,일치,,
SC_V1967_B067_001,비단실,명사,4,L2,단일일치,경계(L3~L4),3,PROVISIONAL_AUTO,0,충돌,,공식대조(충돌)
SC_V1967_B067_002,비단옷,명사,4,L2,단일일치,경계(L3~L4),2,REVIEW_BOUNDARY,1,일치,207(레벨보류),
SC_V1967_B067_003,비대면,명사,3,L1,단일일치,경계(L1~L2),1,PROVISIONAL_AUTO,0,일치,,
SC_V1967_B067_004,비디오카메라,명사,4,L2,단일일치,경계(L3~L4),3,PROVISIONAL_AUTO,0,충돌,,공식대조(충돌)
SC_V1967_B067_005,비디오테이프,명사,4,L2,단일일치,경계(L3~L4),3,PROVISIONAL_AUTO,0,충돌,,공식대조(충돌)
SC_V1967_B067_006,비례식,명사,4,L2,단일일치,경계(L3~L4),3,PROVISIONAL_AUTO,0,충돌,,공식대조(충돌)
SC_V1967_B067_007,비로소,부사,3,L1,단일일치,경계(L1~L2),1,PROVISIONAL_AUTO,0,일치,,
SC_V1967_B067_008,비롯되다,동사,3,L1,단일일치,경계(L1~L2),1,PROVISIONAL_AUTO,0,일치,,
SC_V1967_B067_009,비린내,명사,3,L1,단일일치,경계(L1~L2),1,REVIEW_BOUNDARY,1,일치,,
SC_V1967_B067_010,비릿하다,형용사,3,L1,단일일치,경계(L1~L2),1,PROVISIONAL_AUTO,0,일치,,
SC_V1967_B067_012,비밀리,명사,3,L1,단일일치,경계(L1~L2),1,PROVISIONAL_AUTO,0,일치,,
SC_V1967_B067_013,비밀번호,명사,3,L1,단일일치,경계(L1~L2),1,REVIEW_BOUNDARY,1,일치,,
SC_V1967_B067_014,비밀스럽다,형용사,3,L1,단일일치,경계(L1~L2),1,REVIEW_BOUNDARY,1,일치,,
SC_V1967_B067_015,비밀회의,명사,4,L2,단일일치,경계(L3~L4),2,REVIEW_BOUNDARY,1,일치,,
SC_V1967_B067_016,비범하다,형용사,4,L2,단일일치,경계(L3~L4),2,REVIEW_BOUNDARY,1,일치,207(레벨보류),
SC_V1967_B067_017,비상구,명사,3,L1,단일일치,경계(L1~L2),2,REVIEW_BOUNDARY,1,충돌,,공식대조(충돌)
SC_V1967_B067_018,비상금,명사,4,L2,단일일치,경계(L3~L4),3,PROVISIONAL_AUTO,0,충돌,,공식대조(충돌)
SC_V1967_B067_019,비상시,명사,4,L2,단일일치,경계(L3~L4),2,REVIEW_BOUNDARY,1,일치,,
SC_V1967_B067_020,비속어,명사,4,L2,단일일치,경계(L3~L4),2,REVIEW_BOUNDARY,1,일치,,
SC_V1967_B067_021,비스듬하다,형용사,3,L1,단일일치,경계(L1~L2),1,REVIEW_BOUNDARY,1,일치,,
SC_V1967_B067_022,비스듬히,부사,3,L1,단일일치,경계(L1~L2),1,PROVISIONAL_AUTO,0,일치,,
SC_V1967_B067_023,비스킷,명사,3,L1,단일일치,경계(L1~L2),1,PROVISIONAL_AUTO,0,일치,,
SC_V1967_B067_024,비슬비슬,부사,4,L2,단일일치,경계(L3~L4),2,REVIEW_BOUNDARY,1,일치,,
SC_V1967_B067_025,비아냥거리다,동사,4,L2,단일일치,경계(L3~L4),3,PROVISIONAL_AUTO,0,충돌,,공식대조(충돌)
SC_V1967_B067_026,비옥하다,형용사,4,L2,단일일치,경계(L3~L4),2,REVIEW_BOUNDARY,1,일치,,
SC_V1967_B067_027,비웃음,명사,3,L1,단일일치,경계(L1~L2),1,PROVISIONAL_AUTO,0,일치,,
SC_V1967_B067_028,비지땀,명사,4,L2,단일일치,경계(L3~L4),2,REVIEW_BOUNDARY,1,일치,,
SC_V1967_B067_030,비취색,명사,4,L2,단일일치,경계(L3~L4),2,REVIEW_BOUNDARY,1,일치,207(레벨보류),
SC_V1967_B067_031,비치하다,동사,3,L1,단일일치,경계(L1~L2),1,PROVISIONAL_AUTO,0,일치,,
SC_V1967_B067_032,비커,명사,4,L2,단일일치,경계(L3~L4),3,PROVISIONAL_AUTO,0,충돌,,공식대조(충돌)
SC_V1967_B067_034,비탈,명사,3,L1,단일일치,경계(L1~L2),1,REVIEW_BOUNDARY,1,일치,,
SC_V1967_B067_035,비탈길,명사,4,L2,단일일치,경계(L3~L4),2,REVIEW_BOUNDARY,1,일치,,
SC_V1967_B067_036,비탈지다,형용사,3,L1,단일일치,경계(L1~L2),1,PROVISIONAL_AUTO,0,일치,,
SC_V1967_B067_037,비행사,명사,4,L2,단일일치,경계(L3~L4),3,PROVISIONAL_AUTO,0,충돌,,공식대조(충돌)
SC_V1967_B067_038,비행장,명사,3,L1,단일일치,경계(L1~L2),1,REVIEW_BOUNDARY,1,일치,,
SC_V1967_B067_039,비행접시,명사,4,L2,단일일치,경계(L3~L4),3,PROVISIONAL_AUTO,0,충돌,,공식대조(충돌)
SC_V1967_B067_040,비행하다,동사,3,L1,단일일치,경계(L1~L2),1,PROVISIONAL_AUTO,0,일치,,
SC_V1967_B067_041,빈대떡,명사,3,L1,단일일치,경계(L1~L2),1,PROVISIONAL_AUTO,0,일치,,
SC_V1967_B067_042,빈둥거리다,동사,3,L1,단일일치,경계(L1~L2),1,REVIEW_BOUNDARY,1,일치,,
SC_V1967_B067_043,빈둥빈둥,부사,3,L1,단일일치,경계(L1~L2),1,REVIEW_BOUNDARY,1,일치,,
SC_V1967_B067_045,빈번히,부사,4,L2,단일일치,경계(L3~L4),3,PROVISIONAL_AUTO,0,충돌,,공식대조(충돌)
SC_V1967_B067_046,빈정거리다,동사,4,L2,단일일치,경계(L3~L4),3,PROVISIONAL_AUTO,0,충돌,,공식대조(충돌)
SC_V1967_B067_047,빈터,명사,4,L2,단일일치,경계(L3~L4),2,REVIEW_BOUNDARY,1,일치,,
SC_V1967_B067_048,빌미,명사,4,L2,단일일치,경계(L3~L4),2,REVIEW_BOUNDARY,1,일치,,
SC_V1967_B067_049,빗속,명사,3,L1,단일일치,경계(L1~L2),1,PROVISIONAL_AUTO,0,일치,,
SC_V1967_B067_050,빗질하다,동사,4,L2,단일일치,경계(L3~L4),2,REVIEW_BOUNDARY,1,일치,,
SC_V1968_B068_001,빙그레,부사,3,L1,단일일치,경계(L1~L2),1,PROVISIONAL_AUTO,0,일치,,
SC_V1968_B068_002,빙그르르,부사,4,L2,단일일치,경계(L3~L4),2,REVIEW_BOUNDARY,1,일치,,
SC_V1968_B068_003,빙긋,부사,4,L2,단일일치,경계(L3~L4),3,PROVISIONAL_AUTO,0,충돌,,공식대조(충돌)
SC_V1968_B068_004,빙긋이,부사,4,L2,단일일치,경계(L3~L4),3,PROVISIONAL_AUTO,0,충돌,,공식대조(충돌)
SC_V1968_B068_005,빙판,명사,4,L2,단일일치,경계(L3~L4),2,REVIEW_BOUNDARY,1,일치,,
SC_V1968_B068_006,빛깔,명사,3,L1,단일일치,경계(L1~L2),1,REVIEW_BOUNDARY,1,일치,,
SC_V1968_B068_007,빠르기,명사,4,L2,단일일치,경계(L3~L4),3,PROVISIONAL_AUTO,0,충돌,,공식대조(충돌)
SC_V1968_B068_008,빡빡머리,명사,3,L1,단일일치,경계(L1~L2),1,PROVISIONAL_AUTO,0,일치,,
SC_V1968_B068_009,빨래방,명사,4,L2,단일일치,경계(L3~L4),3,PROVISIONAL_AUTO,0,충돌,,공식대조(충돌)
SC_V1968_B068_010,빨래집게,명사,3,L1,단일일치,경계(L1~L2),2,REVIEW_BOUNDARY,1,충돌,,공식대조(충돌)
SC_V1968_B068_011,빨래터,명사,3,L1,단일일치,경계(L1~L2),1,PROVISIONAL_AUTO,0,일치,,
SC_V1968_B068_012,빨래판,명사,4,L2,단일일치,경계(L3~L4),3,PROVISIONAL_AUTO,0,충돌,,공식대조(충돌)
SC_V1968_B068_013,빨랫감,명사,4,L2,단일일치,경계(L3~L4),2,REVIEW_BOUNDARY,1,일치,,
SC_V1968_B068_014,빨랫비누,명사,3,L1,단일일치,경계(L1~L2),1,PROVISIONAL_AUTO,0,일치,,
SC_V1968_B068_015,빨랫줄,명사,4,L2,단일일치,경계(L3~L4),2,REVIEW_BOUNDARY,1,일치,,
SC_V1968_B068_016,빨아올리다,동사,4,L2,단일일치,경계(L3~L4),3,PROVISIONAL_AUTO,0,충돌,,공식대조(충돌)
SC_V1968_B068_017,빵긋빵긋,부사,4,L2,단일일치,경계(L3~L4),3,PROVISIONAL_AUTO,0,충돌,,공식대조(충돌)
SC_V1968_B068_019,빻다,동사,3,L1,단일일치,경계(L1~L2),1,PROVISIONAL_AUTO,0,일치,,
SC_V1968_B068_020,빼곡하다,형용사,4,L2,단일일치,경계(L3~L4),3,PROVISIONAL_AUTO,0,충돌,,공식대조(충돌)
SC_V1968_B068_022,빼어나다,형용사,3,L1,단일일치,경계(L1~L2),1,PROVISIONAL_AUTO,0,일치,,
SC_V1968_B068_023,뺨치다,동사,3,L1,단일일치,경계(L1~L2),1,PROVISIONAL_AUTO,0,일치,,
SC_V1968_B068_024,뻐꾸기시계,명사,4,L2,단일일치,경계(L3~L4),3,PROVISIONAL_AUTO,0,충돌,,공식대조(충돌)
SC_V1968_B068_025,뻐꾹,부사,3,L1,단일일치,경계(L1~L2),1,PROVISIONAL_AUTO,0,일치,,
SC_V1968_B068_026,뻐꾹뻐꾹,부사,3,L1,단일일치,경계(L1~L2),1,PROVISIONAL_AUTO,0,일치,,
SC_V1968_B068_028,뻔뻔스럽다,형용사,3,L1,단일일치,경계(L1~L2),1,REVIEW_BOUNDARY,1,일치,,
SC_V1968_B068_029,뻘겋다,형용사,3,L1,단일일치,경계(L1~L2),1,PROVISIONAL_AUTO,0,일치,,
SC_V1968_B068_030,뼈마디,명사,4,L2,단일일치,경계(L3~L4),3,PROVISIONAL_AUTO,0,충돌,,공식대조(충돌)
SC_V1968_B068_031,뼈저리다,형용사,3,L1,단일일치,경계(L1~L2),1,REVIEW_BOUNDARY,1,일치,,
SC_V1968_B068_032,뽕잎,명사,4,L2,단일일치,경계(L3~L4),3,PROVISIONAL_AUTO,0,충돌,,공식대조(충돌)
SC_V1968_B068_033,뾰로통하다,형용사,4,L2,단일일치,경계(L3~L4),3,PROVISIONAL_AUTO,0,충돌,,공식대조(충돌)
SC_V1968_B068_034,뾰족뾰족하다,형용사,3,L1,단일일치,경계(L1~L2),1,REVIEW_BOUNDARY,1,일치,,
SC_V1968_B068_035,뾰족이,부사,4,L2,단일일치,경계(L3~L4),2,REVIEW_BOUNDARY,1,일치,,
SC_V1968_B068_036,뿌리내리다,동사,4,L2,단일일치,경계(L3~L4),3,PROVISIONAL_AUTO,0,충돌,,공식대조(충돌)
SC_V1968_B068_037,뿔나다,동사,4,L2,단일일치,경계(L3~L4),2,REVIEW_BOUNDARY,1,일치,207(레벨보류),
SC_V1968_B068_039,뿔뿔이,부사,3,L1,단일일치,경계(L1~L2),1,PROVISIONAL_AUTO,0,일치,,
SC_V1968_B068_040,뿜어내다,동사,3,L1,단일일치,경계(L1~L2),1,PROVISIONAL_AUTO,0,일치,,
SC_V1968_B068_041,삐걱,부사,4,L2,단일일치,경계(L3~L4),2,REVIEW_BOUNDARY,1,일치,,
SC_V1968_B068_042,삐뚤다,형용사,3,L1,단일일치,경계(L1~L2),1,PROVISIONAL_AUTO,0,일치,,
SC_V1968_B068_043,삐져나오다,동사,3,L1,단일일치,경계(L1~L2),1,REVIEW_BOUNDARY,1,일치,,
SC_V1968_B068_044,삐죽거리다,동사,4,L2,단일일치,경계(L3~L4),3,PROVISIONAL_AUTO,0,충돌,,공식대조(충돌)
SC_V1968_B068_045,사각뿔,명사,4,L2,단일일치,경계(L3~L4),3,PROVISIONAL_AUTO,0,충돌,,공식대조(충돌)
SC_V1968_B068_047,사고방식,명사,3,L1,단일일치,경계(L1~L2),1,PROVISIONAL_AUTO,0,일치,,
SC_V1968_B068_048,사고팔다,동사,3,L1,단일일치,경계(L1~L2),1,PROVISIONAL_AUTO,0,일치,,
SC_V1968_B068_049,사과즙,명사,3,L1,단일일치,경계(L1~L2),1,PROVISIONAL_AUTO,0,일치,,
SC_V1968_B068_050,사그라들다,동사,3,L1,단일일치,경계(L1~L2),1,REVIEW_BOUNDARY,1,일치,,
SC_V1969_B069_002,사냥감,명사,3,L1,단일일치,경계(L1~L2),1,PROVISIONAL_AUTO,0,일치,,
SC_V1969_B069_003,사냥터,명사,4,L2,단일일치,경계(L3~L4),2,REVIEW_BOUNDARY,1,일치,,
SC_V1969_B069_004,사다리꼴,명사,4,L2,단일일치,경계(L3~L4),3,PROVISIONAL_AUTO,0,충돌,,공식대조(충돌)
SC_V1969_B069_005,사대문,명사,4,L2,단일일치,경계(L3~L4),3,PROVISIONAL_AUTO,0,충돌,,공식대조(충돌)
SC_V1969_B069_006,사들이다,동사,3,L1,단일일치,경계(L1~L2),1,PROVISIONAL_AUTO,0,일치,,
SC_V1969_B069_007,사람됨,명사,4,L2,단일일치,경계(L3~L4),2,REVIEW_BOUNDARY,1,일치,,
SC_V1969_B069_008,사랑방,명사,3,L1,단일일치,경계(L1~L2),1,PROVISIONAL_AUTO,0,일치,,
SC_V1969_B069_011,사리사욕,명사,4,L2,단일일치,경계(L3~L4),2,REVIEW_BOUNDARY,1,일치,,
SC_V1969_B069_012,사립문,명사,4,L2,단일일치,경계(L3~L4),2,REVIEW_BOUNDARY,1,일치,,
SC_V1969_B069_013,사명감,명사,3,L1,단일일치,경계(L1~L2),1,PROVISIONAL_AUTO,0,일치,,
SC_V1969_B069_014,사무국,명사,4,L2,단일일치,경계(L3~L4),3,PROVISIONAL_AUTO,0,충돌,,공식대조(충돌)
SC_V1969_B069_015,사무라이,명사,4,L2,단일일치,경계(L3~L4),3,PROVISIONAL_AUTO,0,충돌,,공식대조(충돌)
SC_V1969_B069_016,사무원,명사,3,L1,단일일치,경계(L1~L2),1,PROVISIONAL_AUTO,0,일치,,
SC_V1969_B069_017,사무직,명사,4,L2,단일일치,경계(L3~L4),3,PROVISIONAL_AUTO,0,충돌,,공식대조(충돌)
SC_V1969_B069_018,사무치다,동사,4,L2,단일일치,경계(L3~L4),2,REVIEW_BOUNDARY,1,일치,,
SC_V1969_B069_019,사물놀이,명사,4,L2,단일일치,경계(L3~L4),3,PROVISIONAL_AUTO,0,충돌,,공식대조(충돌)
SC_V1969_B069_020,사방팔방,명사,4,L2,단일일치,경계(L3~L4),2,REVIEW_BOUNDARY,1,일치,,
SC_V1969_B069_021,사법부,명사,4,L2,단일일치,경계(L3~L4),3,PROVISIONAL_AUTO,0,충돌,,공식대조(충돌)
SC_V1969_B069_022,사사로이,부사,4,L2,단일일치,경계(L3~L4),3,PROVISIONAL_AUTO,0,충돌,,공식대조(충돌)
SC_V1969_B069_023,사사롭다,형용사,4,L2,단일일치,경계(L3~L4),3,PROVISIONAL_AUTO,0,충돌,,공식대조(충돌)
SC_V1969_B069_024,사상가,명사,4,L2,단일일치,경계(L3~L4),3,PROVISIONAL_AUTO,0,충돌,,공식대조(충돌)
SC_V1969_B069_026,사업가,명사,3,L1,단일일치,경계(L1~L2),1,PROVISIONAL_AUTO,0,일치,,
SC_V1969_B069_027,사업장,명사,4,L2,단일일치,경계(L3~L4),2,REVIEW_BOUNDARY,1,일치,,
SC_V1969_B069_028,사용료,명사,4,L2,단일일치,경계(L3~L4),2,REVIEW_BOUNDARY,1,일치,,
SC_V1969_B069_029,사윗감,명사,4,L2,단일일치,경계(L3~L4),2,REVIEW_BOUNDARY,1,일치,,
SC_V1969_B069_031,사육장,명사,4,L2,단일일치,경계(L3~L4),2,REVIEW_BOUNDARY,1,일치,,
SC_V1969_B069_032,사은품,명사,4,L2,단일일치,경계(L3~L4),2,REVIEW_BOUNDARY,1,일치,,
SC_V1969_B069_033,사이비,명사,3,L1,단일일치,경계(L1~L2),1,PROVISIONAL_AUTO,0,일치,,
SC_V1969_B069_034,사이트,명사,3,L1,단일일치,경계(L1~L2),2,PROVISIONAL_AUTO,0,충돌,17(L2_PROVISIONAL_AUTO),공식대조(충돌)
SC_V1969_B069_035,사임하다,동사,4,L2,단일일치,경계(L3~L4),3,PROVISIONAL_AUTO,0,충돌,,공식대조(충돌)
SC_V1969_B069_036,사자탈,명사,4,L2,단일일치,경계(L3~L4),3,PROVISIONAL_AUTO,0,충돌,,공식대조(충돌)
SC_V1969_B069_037,사적지,명사,4,L2,단일일치,경계(L3~L4),3,PROVISIONAL_AUTO,0,충돌,,공식대조(충돌)
SC_V1969_B069_038,사절단,명사,4,L2,단일일치,경계(L3~L4),3,PROVISIONAL_AUTO,0,충돌,,공식대조(충돌)
SC_V1969_B069_040,사정사정하다,동사,4,L2,단일일치,경계(L3~L4),3,PROVISIONAL_AUTO,0,충돌,,공식대조(충돌)
SC_V1969_B069_041,사정없이,부사,3,L1,단일일치,경계(L1~L2),1,PROVISIONAL_AUTO,0,일치,,
SC_V1969_B069_042,사진사,명사,4,L2,단일일치,경계(L3~L4),2,REVIEW_BOUNDARY,1,일치,,
SC_V1969_B069_043,사진작가,명사,4,L2,단일일치,경계(L3~L4),2,REVIEW_BOUNDARY,1,일치,,
SC_V1969_B069_044,사진첩,명사,3,L1,단일일치,경계(L1~L2),1,PROVISIONAL_AUTO,0,일치,,
SC_V1969_B069_045,사진틀,명사,4,L2,단일일치,경계(L3~L4),3,PROVISIONAL_AUTO,0,충돌,,공식대조(충돌)
SC_V1969_B069_046,사치스럽다,형용사,3,L1,단일일치,경계(L1~L2),2,REVIEW_BOUNDARY,1,충돌,207(레벨보류),공식대조(충돌)
SC_V1969_B069_047,사포질,명사,4,L2,단일일치,경계(L3~L4),3,PROVISIONAL_AUTO,0,충돌,,공식대조(충돌)
SC_V1969_B069_050,사회과,명사,4,L2,단일일치,경계(L3~L4),4,REVIEW_BOUNDARY,1,충돌,,공식대조(충돌)
SC_V1970_B070_001,사회면,명사,4,L2,단일일치,경계(L3~L4),3,PROVISIONAL_AUTO,0,충돌,,공식대조(충돌)
SC_V1970_B070_002,사회자,명사,3,L1,단일일치,경계(L1~L2),1,PROVISIONAL_AUTO,0,일치,,
SC_V1970_B070_003,삭풍,명사,4,L2,단일일치,경계(L3~L4),2,REVIEW_BOUNDARY,1,일치,,
SC_V1970_B070_004,삯바느질,명사,4,L2,단일일치,경계(L3~L4),2,REVIEW_BOUNDARY,1,일치,,
SC_V1970_B070_005,산간,명사,4,L2,단일일치,경계(L3~L4),2,REVIEW_BOUNDARY,1,일치,,
SC_V1970_B070_006,산골짝,명사,3,L1,단일일치,경계(L1~L2),1,PROVISIONAL_AUTO,0,일치,,
SC_V1970_B070_007,산기슭,명사,3,L1,단일일치,경계(L1~L2),1,PROVISIONAL_AUTO,0,일치,,
SC_V1970_B070_008,산나물,명사,3,L1,단일일치,경계(L1~L2),1,PROVISIONAL_AUTO,0,일치,,
SC_V1970_B070_010,산마루,명사,4,L2,단일일치,경계(L3~L4),2,REVIEW_BOUNDARY,1,일치,,
SC_V1970_B070_011,산만하다,형용사,3,L1,단일일치,경계(L1~L2),1,PROVISIONAL_AUTO,0,일치,,
SC_V1970_B070_012,산모퉁이,명사,4,L2,단일일치,경계(L3~L4),2,REVIEW_BOUNDARY,1,일치,,
SC_V1970_B070_013,산바람,명사,4,L2,단일일치,경계(L3~L4),3,PROVISIONAL_AUTO,0,충돌,,공식대조(충돌)
SC_V1970_B070_014,산봉우리,명사,3,L1,단일일치,경계(L1~L2),1,PROVISIONAL_AUTO,0,일치,,
SC_V1970_B070_016,산비탈,명사,3,L1,단일일치,경계(L1~L2),1,PROVISIONAL_AUTO,0,일치,,
SC_V1970_B070_017,산산이,부사,4,L2,단일일치,경계(L3~L4),2,REVIEW_BOUNDARY,1,일치,,
SC_V1970_B070_018,산삼,명사,3,L1,단일일치,경계(L1~L2),1,REVIEW_BOUNDARY,1,일치,,
SC_V1970_B070_019,산새,명사,3,L1,단일일치,경계(L1~L2),1,PROVISIONAL_AUTO,0,일치,,
SC_V1970_B070_020,산소통,명사,4,L2,단일일치,경계(L3~L4),2,REVIEW_BOUNDARY,1,일치,,
SC_V1970_B070_022,산수화,명사,4,L2,단일일치,경계(L3~L4),3,REVIEW_BOUNDARY,1,충돌,,공식대조(충돌)
SC_V1970_B070_023,산신령,명사,4,L2,단일일치,경계(L3~L4),3,PROVISIONAL_AUTO,0,충돌,,공식대조(충돌)
SC_V1970_B070_024,산악인,명사,4,L2,단일일치,경계(L3~L4),2,REVIEW_BOUNDARY,1,일치,,
SC_V1970_B070_025,산업용,명사,4,L2,단일일치,경계(L3~L4),2,REVIEW_BOUNDARY,1,일치,,
SC_V1970_B070_026,산업체,명사,4,L2,단일일치,경계(L3~L4),2,REVIEW_BOUNDARY,1,일치,,
SC_V1970_B070_027,산자락,명사,4,L2,단일일치,경계(L3~L4),2,REVIEW_BOUNDARY,1,일치,,
SC_V1970_B070_028,산줄기,명사,4,L2,단일일치,경계(L3~L4),2,REVIEW_BOUNDARY,1,일치,,
SC_V1970_B070_029,산짐승,명사,4,L2,단일일치,경계(L3~L4),2,REVIEW_BOUNDARY,1,일치,,
SC_V1970_B070_030,산책로,명사,3,L1,단일일치,경계(L1~L2),1,PROVISIONAL_AUTO,0,일치,,
SC_V1970_B070_031,산해진미,명사,4,L2,단일일치,경계(L3~L4),3,PROVISIONAL_AUTO,0,충돌,,공식대조(충돌)
SC_V1970_B070_032,산호초,명사,3,L1,단일일치,경계(L1~L2),2,REVIEW_BOUNDARY,1,충돌,,공식대조(충돌)
SC_V1970_B070_033,살갗,명사,3,L1,단일일치,경계(L1~L2),1,PROVISIONAL_AUTO,0,일치,,
SC_V1970_B070_034,살구,명사,3,L1,단일일치,경계(L1~L2),1,PROVISIONAL_AUTO,0,일치,,
SC_V1970_B070_035,살구꽃,명사,4,L2,단일일치,경계(L3~L4),2,REVIEW_BOUNDARY,1,일치,,
SC_V1970_B070_036,살균,명사,4,L2,단일일치,경계(L3~L4),3,PROVISIONAL_AUTO,0,충돌,,공식대조(충돌)
SC_V1970_B070_037,살그머니,부사,4,L2,단일일치,경계(L3~L4),2,REVIEW_BOUNDARY,1,일치,,
SC_V1970_B070_038,살랑바람,명사,4,L2,단일일치,경계(L3~L4),2,REVIEW_BOUNDARY,1,일치,,
SC_V1970_B070_039,살래살래,부사,4,L2,단일일치,경계(L3~L4),3,PROVISIONAL_AUTO,0,충돌,,공식대조(충돌)
SC_V1970_B070_040,살림집,명사,4,L2,단일일치,경계(L3~L4),2,REVIEW_BOUNDARY,1,일치,,
SC_V1970_B070_041,살림하다,동사,4,L2,단일일치,경계(L3~L4),2,REVIEW_BOUNDARY,1,일치,,
SC_V1970_B070_044,살얼음,명사,3,L1,단일일치,경계(L1~L2),1,PROVISIONAL_AUTO,0,일치,,
SC_V1970_B070_047,살짝궁,부사,4,L2,단일일치,경계(L3~L4),2,REVIEW_BOUNDARY,1,일치,,
SC_V1970_B070_048,살충제,명사,4,L2,단일일치,경계(L3~L4),3,REVIEW_BOUNDARY,1,충돌,,공식대조(충돌)
SC_V1971_B071_001,삼각대,명사,4,L2,단일일치,경계(L3~L4),3,PROVISIONAL_AUTO,0,충돌,,공식대조(충돌)
SC_V1971_B071_002,삼각뿔,명사,4,L2,단일일치,경계(L3~L4),3,PROVISIONAL_AUTO,0,충돌,,공식대조(충돌)
SC_V1971_B071_004,삼계탕,명사,3,L1,단일일치,경계(L1~L2),1,REVIEW_BOUNDARY,1,일치,,
SC_V1971_B071_005,삼권,명사,4,L2,단일일치,경계(L3~L4),3,REVIEW_BOUNDARY,1,충돌,,공식대조(충돌)
SC_V1971_B071_007,삼림,명사,4,L2,단일일치,경계(L3~L4),3,PROVISIONAL_AUTO,0,충돌,,공식대조(충돌)
SC_V1971_B071_008,삼베,명사,4,L2,단일일치,경계(L3~L4),2,REVIEW_BOUNDARY,1,일치,,
SC_V1971_B071_009,삼베옷,명사,4,L2,단일일치,경계(L3~L4),2,REVIEW_BOUNDARY,1,일치,,
SC_V1971_B071_011,삼원색,명사,4,L2,단일일치,경계(L3~L4),3,PROVISIONAL_AUTO,0,충돌,,공식대조(충돌)
SC_V1971_B071_012,삼팔선,명사,4,L2,단일일치,경계(L3~L4),3,PROVISIONAL_AUTO,0,충돌,,공식대조(충돌)
SC_V1971_B071_013,삼행시,명사,4,L2,단일일치,경계(L3~L4),2,REVIEW_BOUNDARY,1,일치,,
SC_V1971_B071_014,삽시간,명사,4,L2,단일일치,경계(L3~L4),2,REVIEW_BOUNDARY,1,일치,,
SC_V1971_B071_015,삿대,명사,4,L2,단일일치,경계(L3~L4),2,REVIEW_BOUNDARY,1,일치,,
SC_V1971_B071_016,상감마마,명사,4,L2,단일일치,경계(L3~L4),2,REVIEW_BOUNDARY,1,일치,,
SC_V1971_B071_017,상공업,명사,4,L2,단일일치,경계(L3~L4),2,REVIEW_BOUNDARY,1,일치,,
SC_V1971_B071_018,상담소,명사,4,L2,단일일치,경계(L3~L4),3,PROVISIONAL_AUTO,0,충돌,,공식대조(충돌)
SC_V1971_B071_020,상류층,명사,4,L2,단일일치,경계(L3~L4),2,REVIEW_BOUNDARY,1,일치,,
SC_V1971_B071_021,상륙하다,동사,3,L1,단일일치,경계(L1~L2),1,PROVISIONAL_AUTO,0,일치,,
SC_V1971_B071_022,상반기,명사,4,L2,단일일치,경계(L3~L4),3,PROVISIONAL_AUTO,0,충돌,,공식대조(충돌)
SC_V1971_B071_023,상부상조,명사,4,L2,단일일치,경계(L3~L4),2,REVIEW_BOUNDARY,1,일치,,
SC_V1971_B071_024,상부상조하다,동사,4,L2,단일일치,경계(L3~L4),3,PROVISIONAL_AUTO,0,충돌,,공식대조(충돌)
SC_V1971_B071_026,상상화,명사,4,L2,단일일치,경계(L3~L4),3,PROVISIONAL_AUTO,0,충돌,,공식대조(충돌)
SC_V1971_B071_027,상세히,부사,3,L1,단일일치,경계(L1~L2),1,PROVISIONAL_AUTO,0,일치,,
SC_V1971_B071_028,상수도,명사,4,L2,단일일치,경계(L3~L4),3,PROVISIONAL_AUTO,0,충돌,,공식대조(충돌)
SC_V1971_B071_029,상수원,명사,4,L2,단일일치,경계(L3~L4),2,REVIEW_BOUNDARY,1,일치,,
SC_V1971_B071_031,상습,명사,4,L2,단일일치,경계(L3~L4),2,REVIEW_BOUNDARY,1,일치,,
SC_V1971_B071_032,상연되다,동사,4,L2,단일일치,경계(L3~L4),2,REVIEW_BOUNDARY,1,일치,,
SC_V1971_B071_033,상영되다,동사,4,L2,단일일치,경계(L3~L4),3,PROVISIONAL_AUTO,0,충돌,,공식대조(충돌)
SC_V1971_B071_034,상위권,명사,3,L1,단일일치,경계(L1~L2),1,REVIEW_BOUNDARY,1,일치,,
SC_V1971_B071_035,상차림,명사,3,L1,단일일치,경계(L1~L2),1,PROVISIONAL_AUTO,0,일치,,
SC_V1971_B071_036,상품권,명사,3,L1,단일일치,경계(L1~L2),2,PROVISIONAL_AUTO,0,충돌,17(L2_PROVISIONAL_AUTO),공식대조(충돌)
SC_V1971_B071_037,상품명,명사,4,L2,단일일치,경계(L3~L4),2,REVIEW_BOUNDARY,1,일치,,
SC_V1971_B071_038,상품성,명사,4,L2,단일일치,경계(L3~L4),3,REVIEW_BOUNDARY,1,충돌,,공식대조(충돌)
SC_V1971_B071_039,상품화,명사,4,L2,단일일치,경계(L3~L4),3,PROVISIONAL_AUTO,0,충돌,,공식대조(충돌)
SC_V1971_B071_040,상품화되다,동사,4,L2,단일일치,경계(L3~L4),3,PROVISIONAL_AUTO,0,충돌,,공식대조(충돌)
SC_V1971_B071_041,상현달,명사,4,L2,단일일치,경계(L3~L4),3,REVIEW_BOUNDARY,1,충돌,,공식대조(충돌)
SC_V1971_B071_042,샅샅이,부사,3,L1,단일일치,경계(L1~L2),1,PROVISIONAL_AUTO,0,일치,,
SC_V1971_B071_043,새끼손톱,명사,4,L2,단일일치,경계(L3~L4),2,REVIEW_BOUNDARY,1,일치,,
SC_V1971_B071_044,새끼줄,명사,4,L2,단일일치,경계(L3~L4),2,REVIEW_BOUNDARY,1,일치,,
SC_V1971_B071_045,새벽녘,명사,4,L2,단일일치,경계(L3~L4),2,REVIEW_BOUNDARY,1,일치,,
SC_V1971_B071_046,새벽이슬,명사,4,L2,단일일치,경계(L3~L4),2,REVIEW_BOUNDARY,1,일치,,
SC_V1971_B071_047,새빨개지다,동사,3,L1,단일일치,경계(L1~L2),1,REVIEW_BOUNDARY,1,일치,,
SC_V1971_B071_048,새순,명사,4,L2,단일일치,경계(L3~L4),2,REVIEW_BOUNDARY,1,일치,,
SC_V1971_B071_049,새어머니,명사,3,L1,단일일치,경계(L1~L2),1,REVIEW_BOUNDARY,1,일치,,
SC_V1971_B071_050,새언니,명사,4,L2,단일일치,경계(L3~L4),2,REVIEW_BOUNDARY,1,일치,,
SC_V1972_B072_001,새우구이,명사,3,L1,단일일치,경계(L1~L2),1,REVIEW_BOUNDARY,1,일치,207(레벨보류),
SC_V1972_B072_002,새우볶음,명사,4,L2,단일일치,경계(L3~L4),3,PROVISIONAL_AUTO,0,충돌,,공식대조(충돌)
SC_V1972_B072_003,새우젓,명사,4,L2,단일일치,경계(L3~L4),3,PROVISIONAL_AUTO,0,충돌,,공식대조(충돌)
SC_V1972_B072_004,새우튀김,명사,4,L2,단일일치,경계(L3~L4),2,REVIEW_BOUNDARY,1,일치,207(레벨보류),
SC_V1972_B072_005,새장,명사,3,L1,단일일치,경계(L1~L2),1,PROVISIONAL_AUTO,0,일치,,
SC_V1972_B072_007,새해맞이,명사,4,L2,단일일치,경계(L3~L4),2,REVIEW_BOUNDARY,1,일치,,
SC_V1972_B072_008,색동옷,명사,4,L2,단일일치,경계(L3~L4),2,REVIEW_BOUNDARY,1,일치,,
SC_V1972_B072_009,색동저고리,명사,3,L1,단일일치,경계(L1~L2),1,REVIEW_BOUNDARY,1,일치,,
SC_V1972_B072_010,색색이,부사,4,L2,단일일치,경계(L3~L4),2,REVIEW_BOUNDARY,1,일치,,
SC_V1972_B072_011,색실,명사,4,L2,단일일치,경계(L3~L4),2,REVIEW_BOUNDARY,1,일치,,
SC_V1972_B072_012,색지,명사,3,L1,단일일치,경계(L1~L2),1,PROVISIONAL_AUTO,0,일치,,
SC_V1972_B072_013,색출하다,동사,4,L2,단일일치,경계(L3~L4),3,PROVISIONAL_AUTO,0,충돌,,공식대조(충돌)
SC_V1972_B072_014,샌들,명사,3,L1,단일일치,경계(L1~L2),1,REVIEW_BOUNDARY,1,일치,,
SC_V1972_B072_015,샐러드,명사,3,L1,단일일치,경계(L1~L2),1,PROVISIONAL_AUTO,0,일치,,
SC_V1972_B072_016,샘물,명사,3,L1,단일일치,경계(L1~L2),1,PROVISIONAL_AUTO,0,일치,,
SC_V1972_B072_017,샘솟다,동사,3,L1,단일일치,경계(L1~L2),1,PROVISIONAL_AUTO,0,일치,,
SC_V1972_B072_018,샘터,명사,4,L2,단일일치,경계(L3~L4),2,REVIEW_BOUNDARY,1,일치,,
SC_V1972_B072_019,샘플,명사,3,L1,단일일치,경계(L1~L2),2,PROVISIONAL_AUTO,0,충돌,17(L2_PROVISIONAL_AUTO),공식대조(충돌)
SC_V1972_B072_020,생강차,명사,4,L2,단일일치,경계(L3~L4),3,PROVISIONAL_AUTO,0,충돌,,공식대조(충돌)
SC_V1972_B072_021,생계,명사,3,L1,단일일치,경계(L1~L2),1,PROVISIONAL_AUTO,0,일치,,
SC_V1972_B072_022,생고구마,명사,4,L2,단일일치,경계(L3~L4),2,REVIEW_BOUNDARY,1,일치,,
SC_V1972_B072_023,생굴,명사,4,L2,단일일치,경계(L3~L4),2,REVIEW_BOUNDARY,1,일치,,
SC_V1972_B072_024,생글생글,부사,3,L1,단일일치,경계(L1~L2),1,PROVISIONAL_AUTO,0,일치,,
SC_V1972_B072_025,생긋,부사,4,L2,단일일치,경계(L3~L4),3,PROVISIONAL_AUTO,0,충돌,,공식대조(충돌)
SC_V1972_B072_026,생년월일,명사,3,L1,단일일치,경계(L1~L2),1,PROVISIONAL_AUTO,0,일치,,
SC_V1972_B072_027,생동감,명사,3,L1,단일일치,경계(L1~L2),1,PROVISIONAL_AUTO,0,일치,,
SC_V1972_B072_028,생리대,명사,4,L2,단일일치,경계(L3~L4),3,PROVISIONAL_AUTO,0,충돌,,공식대조(충돌)
SC_V1972_B072_031,생명체,명사,3,L1,단일일치,경계(L1~L2),1,PROVISIONAL_AUTO,0,일치,,
SC_V1972_B072_032,생물학자,명사,4,L2,단일일치,경계(L3~L4),2,REVIEW_BOUNDARY,1,일치,,
SC_V1972_B072_033,생방송,명사,3,L1,단일일치,경계(L1~L2),2,PROVISIONAL_AUTO,0,충돌,17(L2_PROVISIONAL_AUTO),공식대조(충돌)
SC_V1972_B072_034,생산량,명사,4,L2,단일일치,경계(L3~L4),3,PROVISIONAL_AUTO,0,충돌,,공식대조(충돌)
SC_V1972_B072_035,생산력,명사,4,L2,단일일치,경계(L3~L4),3,REVIEW_BOUNDARY,1,충돌,,공식대조(충돌)
SC_V1972_B072_036,생산물,명사,4,L2,단일일치,경계(L3~L4),3,PROVISIONAL_AUTO,0,충돌,,공식대조(충돌)
SC_V1972_B072_037,생산비,명사,4,L2,단일일치,경계(L3~L4),4,REVIEW_BOUNDARY,1,충돌,,공식대조(충돌)
SC_V1972_B072_038,생산지,명사,4,L2,단일일치,경계(L3~L4),3,PROVISIONAL_AUTO,0,충돌,,공식대조(충돌)
SC_V1972_B072_039,생산품,명사,4,L2,단일일치,경계(L3~L4),3,PROVISIONAL_AUTO,0,충돌,,공식대조(충돌)
SC_V1972_B072_040,생선찌개,명사,3,L1,단일일치,경계(L1~L2),1,PROVISIONAL_AUTO,0,일치,,
SC_V1972_B072_041,생선회,명사,4,L2,단일일치,경계(L3~L4),3,PROVISIONAL_AUTO,0,충돌,,공식대조(충돌)
SC_V1972_B072_042,생업,명사,3,L1,단일일치,경계(L1~L2),1,PROVISIONAL_AUTO,0,일치,,
SC_V1972_B072_043,생이별,명사,4,L2,단일일치,경계(L3~L4),3,PROVISIONAL_AUTO,0,충돌,,공식대조(충돌)
SC_V1972_B072_044,생일상,명사,3,L1,단일일치,경계(L1~L2),1,PROVISIONAL_AUTO,0,일치,,
SC_V1972_B072_045,생일잔치하다,동사,4,L2,단일일치,경계(L3~L4),3,PROVISIONAL_AUTO,0,충돌,,공식대조(충돌)
SC_V1972_B072_046,생존,명사,3,L1,단일일치,경계(L1~L2),1,PROVISIONAL_AUTO,0,일치,,
SC_V1972_B072_048,생존하다,동사,4,L2,단일일치,경계(L3~L4),2,REVIEW_BOUNDARY,1,일치,,
SC_V1972_B072_049,생지옥,명사,4,L2,단일일치,경계(L3~L4),3,PROVISIONAL_AUTO,0,충돌,,공식대조(충돌)
SC_V1972_B072_050,생채기,명사,4,L2,단일일치,경계(L3~L4),3,PROVISIONAL_AUTO,0,충돌,,공식대조(충돌)
SC_V1973_B073_001,생체,명사,4,L2,단일일치,경계(L3~L4),2,REVIEW_BOUNDARY,1,일치,,
SC_V1973_B073_002,생필품,명사,3,L1,단일일치,경계(L1~L2),1,PROVISIONAL_AUTO,0,일치,,
SC_V1973_B073_003,생활고,명사,4,L2,단일일치,경계(L3~L4),3,PROVISIONAL_AUTO,0,충돌,,공식대조(충돌)
SC_V1973_B073_004,생활상,명사,4,L2,단일일치,경계(L3~L4),2,REVIEW_BOUNDARY,1,일치,,
SC_V1973_B073_005,생활용수,명사,4,L2,단일일치,경계(L3~L4),2,REVIEW_BOUNDARY,1,일치,,
SC_V1973_B073_006,생활필수품,명사,4,L2,단일일치,경계(L3~L4),3,PROVISIONAL_AUTO,0,충돌,,공식대조(충돌)
SC_V1973_B073_007,생활화,명사,4,L2,단일일치,경계(L3~L4),3,PROVISIONAL_AUTO,0,충돌,,공식대조(충돌)
SC_V1973_B073_008,생활화되다,동사,4,L2,단일일치,경계(L3~L4),3,PROVISIONAL_AUTO,0,충돌,,공식대조(충돌)
SC_V1973_B073_009,생활화하다,동사,4,L2,단일일치,경계(L3~L4),3,PROVISIONAL_AUTO,0,충돌,,공식대조(충돌)
SC_V1973_B073_010,샤쓰,명사,4,L2,단일일치,경계(L3~L4),3,PROVISIONAL_AUTO,0,충돌,,공식대조(충돌)
SC_V1973_B073_011,샤프심,명사,4,L2,단일일치,경계(L3~L4),2,REVIEW_BOUNDARY,1,일치,,
SC_V1973_B073_012,샤프펜슬,명사,4,L2,단일일치,경계(L3~L4),3,PROVISIONAL_AUTO,0,충돌,,공식대조(충돌)
SC_V1973_B073_015,서남쪽,명사,4,L2,단일일치,경계(L3~L4),2,REVIEW_BOUNDARY,1,일치,,
SC_V1973_B073_016,서낭당,명사,4,L2,단일일치,경계(L3~L4),3,PROVISIONAL_AUTO,0,충돌,,공식대조(충돌)
SC_V1973_B073_017,서너,관형사,4,L2,단일일치,경계(L3~L4),2,REVIEW_BOUNDARY,1,일치,207(레벨보류),
SC_V1973_B073_018,서녘,명사,4,L2,단일일치,경계(L3~L4),2,REVIEW_BOUNDARY,1,일치,,
SC_V1973_B073_019,서대문,명사,4,L2,단일일치,경계(L3~L4),3,PROVISIONAL_AUTO,0,충돌,,공식대조(충돌)
SC_V1973_B073_020,서먹서먹하다,형용사,3,L1,단일일치,경계(L1~L2),1,REVIEW_BOUNDARY,1,일치,,
SC_V1973_B073_021,서먹하다,형용사,3,L1,단일일치,경계(L1~L2),1,PROVISIONAL_AUTO,0,일치,,
SC_V1973_B073_022,서북쪽,명사,4,L2,단일일치,경계(L3~L4),2,REVIEW_BOUNDARY,1,일치,,
SC_V1973_B073_023,서브,명사,3,L1,단일일치,경계(L1~L2),2,REVIEW_BOUNDARY,1,충돌,,공식대조(충돌)
SC_V1973_B073_024,서성거리다,동사,3,L1,단일일치,경계(L1~L2),1,REVIEW_BOUNDARY,1,일치,,
SC_V1973_B073_025,서성이다,동사,4,L2,단일일치,경계(L3~L4),2,REVIEW_BOUNDARY,1,일치,,
SC_V1973_B073_026,서슴없이,부사,4,L2,단일일치,경계(L3~L4),2,REVIEW_BOUNDARY,1,일치,,
SC_V1973_B073_027,서식지,명사,4,L2,단일일치,경계(L3~L4),2,REVIEW_BOUNDARY,1,일치,,
SC_V1973_B073_028,서약,명사,4,L2,단일일치,경계(L3~L4),2,REVIEW_BOUNDARY,1,일치,,
SC_V1973_B073_029,서약서,명사,4,L2,단일일치,경계(L3~L4),2,REVIEW_BOUNDARY,1,일치,,
SC_V1973_B073_030,서약하다,동사,4,L2,단일일치,경계(L3~L4),2,REVIEW_BOUNDARY,1,일치,,
SC_V1973_B073_031,서양,명사,3,L1,단일일치,경계(L1~L2),1,PROVISIONAL_AUTO,0,일치,,
SC_V1973_B073_032,서양식,명사,4,L2,단일일치,경계(L3~L4),2,REVIEW_BOUNDARY,1,일치,,
SC_V1973_B073_034,서예가,명사,4,L2,단일일치,경계(L3~L4),3,PROVISIONAL_AUTO,0,충돌,,공식대조(충돌)
SC_V1973_B073_035,서울말,명사,3,L1,단일일치,경계(L1~L2),1,PROVISIONAL_AUTO,0,일치,,
SC_V1973_B073_036,서책,명사,4,L2,단일일치,경계(L3~L4),3,PROVISIONAL_AUTO,0,충돌,,공식대조(충돌)
SC_V1973_B073_037,서커스,명사,3,L1,단일일치,경계(L1~L2),1,REVIEW_BOUNDARY,1,일치,,
SC_V1973_B073_038,서클,명사,4,L2,단일일치,경계(L3~L4),3,REVIEW_BOUNDARY,1,충돌,,공식대조(충돌)
SC_V1973_B073_039,서평,명사,4,L2,단일일치,경계(L3~L4),2,REVIEW_BOUNDARY,1,일치,,
SC_V1973_B073_040,석등,명사,4,L2,단일일치,경계(L3~L4),2,REVIEW_BOUNDARY,1,일치,,
SC_V1973_B073_043,석불,명사,4,L2,단일일치,경계(L3~L4),3,PROVISIONAL_AUTO,0,충돌,,공식대조(충돌)
SC_V1973_B073_044,석빙고,명사,4,L2,단일일치,경계(L3~L4),3,PROVISIONAL_AUTO,0,충돌,,공식대조(충돌)
SC_V1974_B074_001,선명히,부사,4,L2,단일일치,경계(L3~L4),3,PROVISIONAL_AUTO,0,충돌,,공식대조(충돌)
SC_V1974_B074_002,선발대,명사,4,L2,단일일치,경계(L3~L4),2,REVIEW_BOUNDARY,1,일치,,
SC_V1974_B074_003,선발되다,동사,3,L1,단일일치,경계(L1~L2),1,PROVISIONAL_AUTO,0,일치,,
SC_V1974_B074_004,선서문,명사,4,L2,단일일치,경계(L3~L4),2,REVIEW_BOUNDARY,1,일치,,
SC_V1974_B074_005,선수권,명사,4,L2,단일일치,경계(L3~L4),3,PROVISIONAL_AUTO,0,충돌,,공식대조(충돌)
SC_V1974_B074_006,선언문,명사,3,L1,단일일치,경계(L1~L2),1,PROVISIONAL_AUTO,0,일치,,
SC_V1974_B074_007,선언서,명사,4,L2,단일일치,경계(L3~L4),2,REVIEW_BOUNDARY,1,일치,,
SC_V1974_B074_008,선임되다,동사,4,L2,단일일치,경계(L3~L4),3,PROVISIONAL_AUTO,0,충돌,,공식대조(충돌)
SC_V1974_B074_009,선입견,명사,4,L2,단일일치,경계(L3~L4),3,PROVISIONAL_AUTO,0,충돌,,공식대조(충돌)
SC_V1974_B074_010,선전탑,명사,4,L2,단일일치,경계(L3~L4),3,PROVISIONAL_AUTO,0,충돌,,공식대조(충돌)
SC_V1974_B074_011,선주민,명사,4,L2,단일일치,경계(L3~L4),2,REVIEW_BOUNDARY,1,일치,,
SC_V1974_B074_012,선진국,명사,3,L1,단일일치,경계(L1~L2),1,PROVISIONAL_AUTO,0,일치,,
SC_V1974_B074_013,선착장,명사,3,L1,단일일치,경계(L1~L2),1,PROVISIONAL_AUTO,0,일치,,
SC_V1974_B074_014,선출되다,동사,4,L2,단일일치,경계(L3~L4),2,REVIEW_BOUNDARY,1,일치,,
SC_V1974_B074_015,선출하다,동사,3,L1,단일일치,경계(L1~L2),1,PROVISIONAL_AUTO,0,일치,,
SC_V1974_B074_016,선포,명사,4,L2,단일일치,경계(L3~L4),2,REVIEW_BOUNDARY,1,일치,,
SC_V1974_B074_017,선포하다,동사,4,L2,단일일치,경계(L3~L4),2,REVIEW_BOUNDARY,1,일치,,
SC_V1974_B074_018,선호도,명사,4,L2,단일일치,경계(L3~L4),3,PROVISIONAL_AUTO,0,충돌,,공식대조(충돌)
SC_V1974_B074_019,선홍색,명사,4,L2,단일일치,경계(L3~L4),2,REVIEW_BOUNDARY,1,일치,,
SC_V1974_B074_020,선후배,명사,4,L2,단일일치,경계(L3~L4),2,REVIEW_BOUNDARY,1,일치,,
SC_V1974_B074_021,섣달,명사,3,L1,단일일치,경계(L1~L2),1,PROVISIONAL_AUTO,0,일치,,
SC_V1974_B074_022,섣불리,부사,4,L2,단일일치,경계(L3~L4),2,REVIEW_BOUNDARY,1,일치,,
SC_V1974_B074_023,설렁탕,명사,3,L1,단일일치,경계(L1~L2),1,REVIEW_BOUNDARY,1,일치,,
SC_V1974_B074_024,설립되다,동사,4,L2,단일일치,경계(L3~L4),3,PROVISIONAL_AUTO,0,충돌,,공식대조(충돌)
SC_V1974_B074_025,설립하다,동사,4,L2,단일일치,경계(L3~L4),2,REVIEW_BOUNDARY,1,일치,,
SC_V1974_B074_026,설명문,명사,4,L2,단일일치,경계(L3~L4),3,REVIEW_BOUNDARY,1,충돌,,공식대조(충돌)
SC_V1974_B074_027,설문지,명사,4,L2,단일일치,경계(L3~L4),3,PROVISIONAL_AUTO,0,충돌,,공식대조(충돌)
SC_V1974_B074_028,설빔,명사,4,L2,단일일치,경계(L3~L4),3,PROVISIONAL_AUTO,0,충돌,,공식대조(충돌)
SC_V1974_B074_029,설상가상,명사,4,L2,단일일치,경계(L3~L4),3,PROVISIONAL_AUTO,0,충돌,,공식대조(충돌)
SC_V1974_B074_030,설움,명사,3,L1,단일일치,경계(L1~L2),1,PROVISIONAL_AUTO,0,일치,,
SC_V1974_B074_031,설탕물,명사,4,L2,단일일치,경계(L3~L4),2,REVIEW_BOUNDARY,1,일치,,
SC_V1974_B074_032,섧다,형용사,4,L2,단일일치,경계(L3~L4),2,REVIEW_BOUNDARY,1,일치,207(레벨보류),
SC_V1974_B074_033,섬나라,명사,3,L1,단일일치,경계(L1~L2),1,PROVISIONAL_AUTO,0,일치,,
SC_V1974_B074_034,섬뜩하다,형용사,4,L2,단일일치,경계(L3~L4),2,REVIEW_BOUNDARY,1,일치,,
SC_V1974_B074_036,섬유질,명사,4,L2,단일일치,경계(L3~L4),2,REVIEW_BOUNDARY,1,일치,,
SC_V1974_B074_037,성가시다,형용사,3,L1,단일일치,경계(L1~L2),1,PROVISIONAL_AUTO,0,일치,,
SC_V1974_B074_038,성교육,명사,4,L2,단일일치,경계(L3~L4),3,REVIEW_BOUNDARY,1,충돌,,공식대조(충돌)
SC_V1974_B074_040,성냥갑,명사,3,L1,단일일치,경계(L1~L2),1,PROVISIONAL_AUTO,0,일치,,
SC_V1974_B074_041,성냥불,명사,3,L1,단일일치,경계(L1~L2),1,PROVISIONAL_AUTO,0,일치,,
SC_V1974_B074_042,성대하다,형용사,3,L1,단일일치,경계(L1~L2),1,PROVISIONAL_AUTO,0,일치,,
SC_V1974_B074_043,성대히,부사,4,L2,단일일치,경계(L3~L4),2,REVIEW_BOUNDARY,1,일치,207(레벨보류),
SC_V1974_B074_044,성명서,명사,4,L2,단일일치,경계(L3~L4),3,PROVISIONAL_AUTO,0,충돌,,공식대조(충돌)
SC_V1974_B074_046,성스럽다,형용사,4,L2,단일일치,경계(L3~L4),2,REVIEW_BOUNDARY,1,일치,,
SC_V1974_B074_047,성심껏,부사,4,L2,단일일치,경계(L3~L4),2,REVIEW_BOUNDARY,1,일치,,
SC_V1974_B074_048,성악가,명사,3,L1,단일일치,경계(L1~L2),1,REVIEW_BOUNDARY,1,일치,,
SC_V1974_B074_049,성악곡,명사,4,L2,단일일치,경계(L3~L4),3,PROVISIONAL_AUTO,0,충돌,,공식대조(충돌)
SC_V1974_B074_050,성의껏,부사,3,L1,단일일치,경계(L1~L2),1,PROVISIONAL_AUTO,0,일치,,
SC_V1975_B075_002,성취도,명사,4,L2,단일일치,경계(L3~L4),3,PROVISIONAL_AUTO,0,충돌,,공식대조(충돌)
SC_V1975_B075_003,성큼성큼,부사,3,L1,단일일치,경계(L1~L2),1,PROVISIONAL_AUTO,0,일치,,
SC_V1975_B075_005,성터,명사,4,L2,단일일치,경계(L3~L4),2,REVIEW_BOUNDARY,1,일치,,
SC_V1975_B075_006,성평등,명사,4,L2,단일일치,경계(L3~L4),3,REVIEW_BOUNDARY,1,충돌,,공식대조(충돌)
SC_V1975_B075_009,성행하다,동사,4,L2,단일일치,경계(L3~L4),2,REVIEW_BOUNDARY,1,일치,,
SC_V1975_B075_011,세계화하다,동사,4,L2,단일일치,경계(L3~L4),3,PROVISIONAL_AUTO,0,충돌,,공식대조(충돌)
SC_V1975_B075_012,세관원,명사,4,L2,단일일치,경계(L3~L4),3,REVIEW_BOUNDARY,1,충돌,207(레벨보류),공식대조(충돌)
SC_V1975_B075_013,세끼,명사,3,L1,단일일치,경계(L1~L2),1,REVIEW_BOUNDARY,1,일치,,
SC_V1975_B075_014,세력가,명사,4,L2,단일일치,경계(L3~L4),2,REVIEW_BOUNDARY,1,일치,,
SC_V1975_B075_015,세면기,명사,4,L2,단일일치,경계(L3~L4),2,REVIEW_BOUNDARY,1,일치,,
SC_V1975_B075_016,세면장,명사,4,L2,단일일치,경계(L3~L4),2,REVIEW_BOUNDARY,1,일치,,
SC_V1975_B075_017,세모나다,형용사,4,L2,단일일치,경계(L3~L4),2,REVIEW_BOUNDARY,1,일치,,
SC_V1975_B075_018,세모지다,형용사,4,L2,단일일치,경계(L3~L4),2,REVIEW_BOUNDARY,1,일치,,
SC_V1975_B075_019,세밀하다,형용사,3,L1,단일일치,경계(L1~L2),1,PROVISIONAL_AUTO,0,일치,,
SC_V1975_B075_020,세배하다,동사,3,L1,단일일치,경계(L1~L2),1,PROVISIONAL_AUTO,0,일치,,
SC_V1975_B075_021,세상살이,명사,4,L2,단일일치,경계(L3~L4),2,REVIEW_BOUNDARY,1,일치,,
SC_V1975_B075_022,세상에,감탄사,3,L1,단일일치,경계(L1~L2),1,PROVISIONAL_AUTO,0,일치,,
SC_V1975_B075_023,세수수건,명사,4,L2,단일일치,경계(L3~L4),2,REVIEW_BOUNDARY,1,일치,,
SC_V1975_B075_024,세숫대야,명사,3,L1,단일일치,경계(L1~L2),1,PROVISIONAL_AUTO,0,일치,,
SC_V1975_B075_025,세숫물,명사,4,L2,단일일치,경계(L3~L4),2,REVIEW_BOUNDARY,1,일치,,
SC_V1975_B075_026,세숫비누,명사,4,L2,단일일치,경계(L3~L4),2,REVIEW_BOUNDARY,1,일치,,
SC_V1975_B075_027,세정제,명사,4,L2,단일일치,경계(L3~L4),3,REVIEW_BOUNDARY,1,충돌,,공식대조(충돌)
SC_V1975_B075_028,세탁물,명사,3,L1,단일일치,경계(L1~L2),1,PROVISIONAL_AUTO,0,일치,,
SC_V1975_B075_029,세탁비,명사,4,L2,단일일치,경계(L3~L4),2,REVIEW_BOUNDARY,1,일치,,
SC_V1975_B075_030,세탁실,명사,4,L2,단일일치,경계(L3~L4),2,REVIEW_BOUNDARY,1,일치,,
SC_V1975_B075_031,세트장,명사,4,L2,단일일치,경계(L3~L4),3,PROVISIONAL_AUTO,0,충돌,,공식대조(충돌)
SC_V1975_B075_032,센서,명사,3,L1,단일일치,경계(L1~L2),2,PROVISIONAL_AUTO,0,충돌,17(L2_PROVISIONAL_AUTO),공식대조(충돌)
SC_V1975_B075_033,센스,명사,3,L1,단일일치,경계(L1~L2),1,REVIEW_BOUNDARY,1,일치,,
SC_V1975_B075_034,셀로판,명사,4,L2,단일일치,경계(L3~L4),3,PROVISIONAL_AUTO,0,충돌,,공식대조(충돌)
SC_V1975_B075_035,셀로판지,명사,4,L2,단일일치,경계(L3~L4),3,PROVISIONAL_AUTO,0,충돌,,공식대조(충돌)
SC_V1975_B075_036,셀프,명사,4,L2,단일일치,경계(L3~L4),3,REVIEW_BOUNDARY,1,충돌,,공식대조(충돌)
SC_V1975_B075_037,셔틀,명사,4,L2,단일일치,경계(L3~L4),3,PROVISIONAL_AUTO,0,충돌,,공식대조(충돌)
SC_V1975_B075_038,소각장,명사,4,L2,단일일치,경계(L3~L4),3,PROVISIONAL_AUTO,0,충돌,,공식대조(충돌)
SC_V1975_B075_039,소개서,명사,3,L1,단일일치,경계(L1~L2),1,PROVISIONAL_AUTO,0,일치,,
SC_V1975_B075_040,소개업,명사,4,L2,단일일치,경계(L3~L4),3,PROVISIONAL_AUTO,0,충돌,,공식대조(충돌)
SC_V1975_B075_041,소곤거리다,동사,4,L2,단일일치,경계(L3~L4),3,PROVISIONAL_AUTO,0,충돌,,공식대조(충돌)
SC_V1975_B075_043,소규모,명사,4,L2,단일일치,경계(L3~L4),2,REVIEW_BOUNDARY,1,일치,,
SC_V1975_B075_044,소금기,명사,4,L2,단일일치,경계(L3~L4),2,REVIEW_BOUNDARY,1,일치,,
SC_V1975_B075_045,소꿉장난,명사,3,L1,단일일치,경계(L1~L2),1,PROVISIONAL_AUTO,0,일치,,
SC_V1975_B075_046,소낙비,명사,4,L2,단일일치,경계(L3~L4),3,PROVISIONAL_AUTO,0,충돌,,공식대조(충돌)
SC_V1975_B075_049,소도구,명사,4,L2,단일일치,경계(L3~L4),3,PROVISIONAL_AUTO,0,충돌,,공식대조(충돌)
SC_V1975_B075_050,소도시,명사,3,L1,단일일치,경계(L1~L2),1,PROVISIONAL_AUTO,0,일치,,
SC_V1976_B076_001,소란하다,형용사,4,L2,단일일치,경계(L3~L4),2,REVIEW_BOUNDARY,1,일치,,
SC_V1976_B076_002,소리글자,명사,4,L2,단일일치,경계(L3~L4),3,PROVISIONAL_AUTO,0,충돌,,공식대조(충돌)
SC_V1976_B076_004,소맷자락,명사,4,L2,단일일치,경계(L3~L4),2,REVIEW_BOUNDARY,1,일치,,
SC_V1976_B076_005,소몰이,명사,4,L2,단일일치,경계(L3~L4),2,REVIEW_BOUNDARY,1,일치,,
SC_V1976_B076_006,소변기,명사,4,L2,단일일치,경계(L3~L4),2,REVIEW_BOUNDARY,1,일치,,
SC_V1976_B076_007,소비량,명사,4,L2,단일일치,경계(L3~L4),2,REVIEW_BOUNDARY,1,일치,,
SC_V1976_B076_008,소비재,명사,4,L2,단일일치,경계(L3~L4),3,PROVISIONAL_AUTO,0,충돌,,공식대조(충돌)
SC_V1976_B076_009,소설책,명사,3,L1,단일일치,경계(L1~L2),1,PROVISIONAL_AUTO,0,일치,,
SC_V1976_B076_010,소속감,명사,4,L2,단일일치,경계(L3~L4),2,REVIEW_BOUNDARY,1,일치,,
SC_V1976_B076_011,소속되다,동사,3,L1,단일일치,경계(L1~L2),1,PROVISIONAL_AUTO,0,일치,,
SC_V1976_B076_012,소스라치다,동사,4,L2,단일일치,경계(L3~L4),3,PROVISIONAL_AUTO,0,충돌,,공식대조(충돌)
SC_V1976_B076_013,소시민,명사,4,L2,단일일치,경계(L3~L4),4,REVIEW_BOUNDARY,1,충돌,,공식대조(충돌)
SC_V1976_B076_014,소식지,명사,3,L1,단일일치,경계(L1~L2),1,PROVISIONAL_AUTO,0,일치,,
SC_V1976_B076_015,소신껏,부사,4,L2,단일일치,경계(L3~L4),3,PROVISIONAL_AUTO,0,충돌,,공식대조(충돌)
SC_V1976_B076_016,소심하다,형용사,3,L1,단일일치,경계(L1~L2),1,PROVISIONAL_AUTO,0,일치,,
SC_V1976_B076_019,소외감,명사,3,L1,단일일치,경계(L1~L2),1,PROVISIONAL_AUTO,0,일치,,
SC_V1976_B076_020,소외되다,동사,3,L1,단일일치,경계(L1~L2),1,PROVISIONAL_AUTO,0,일치,,
SC_V1976_B076_021,소요량,명사,4,L2,단일일치,경계(L3~L4),2,REVIEW_BOUNDARY,1,일치,,
SC_V1976_B076_022,소용없다,형용사,3,L1,단일일치,경계(L1~L2),1,PROVISIONAL_AUTO,0,일치,,
SC_V1976_B076_023,소유권,명사,4,L2,단일일치,경계(L3~L4),4,REVIEW_BOUNDARY,1,충돌,,공식대조(충돌)
SC_V1976_B076_025,소작인,명사,4,L2,단일일치,경계(L3~L4),3,PROVISIONAL_AUTO,0,충돌,,공식대조(충돌)
SC_V1976_B076_026,소재지,명사,4,L2,단일일치,경계(L3~L4),2,REVIEW_BOUNDARY,1,일치,,
SC_V1976_B076_027,소제목,명사,4,L2,단일일치,경계(L3~L4),2,REVIEW_BOUNDARY,1,일치,,
SC_V1976_B076_028,소책자,명사,4,L2,단일일치,경계(L3~L4),2,REVIEW_BOUNDARY,1,일치,,
SC_V1976_B076_029,소쿠리,명사,4,L2,단일일치,경계(L3~L4),2,REVIEW_BOUNDARY,1,일치,,
SC_V1976_B076_030,소풍날,명사,4,L2,단일일치,경계(L3~L4),2,REVIEW_BOUNDARY,1,일치,,
SC_V1976_B076_031,소프라노,명사,3,L1,단일일치,경계(L1~L2),1,REVIEW_BOUNDARY,1,일치,,
SC_V1976_B076_033,소행성,명사,4,L2,단일일치,경계(L3~L4),4,REVIEW_BOUNDARY,1,충돌,,공식대조(충돌)
SC_V1976_B076_034,소홀하다,형용사,3,L1,단일일치,경계(L1~L2),1,PROVISIONAL_AUTO,0,일치,,
SC_V1976_B076_035,소홀히,부사,3,L1,단일일치,경계(L1~L2),1,PROVISIONAL_AUTO,0,일치,,
SC_V1976_B076_036,소화액,명사,4,L2,단일일치,경계(L3~L4),3,PROVISIONAL_AUTO,0,충돌,,공식대조(충돌)
SC_V1976_B076_037,속내,명사,4,L2,단일일치,경계(L3~L4),3,PROVISIONAL_AUTO,0,충돌,,공식대조(충돌)
SC_V1976_B076_038,속눈썹,명사,3,L1,단일일치,경계(L1~L2),1,PROVISIONAL_AUTO,0,일치,,
SC_V1976_B076_039,속닥속닥,부사,4,L2,단일일치,경계(L3~L4),3,PROVISIONAL_AUTO,0,충돌,,공식대조(충돌)
SC_V1976_B076_040,속사정,명사,4,L2,단일일치,경계(L3~L4),2,REVIEW_BOUNDARY,1,일치,,
SC_V1976_B076_041,속속들이,부사,3,L1,단일일치,경계(L1~L2),1,PROVISIONAL_AUTO,0,일치,,
SC_V1976_B076_042,속수무책,명사,4,L2,단일일치,경계(L3~L4),3,PROVISIONAL_AUTO,0,충돌,,공식대조(충돌)
SC_V1976_B076_043,속출하다,동사,4,L2,단일일치,경계(L3~L4),2,REVIEW_BOUNDARY,1,일치,,
SC_V1976_B076_044,속치마,명사,4,L2,단일일치,경계(L3~L4),3,PROVISIONAL_AUTO,0,충돌,,공식대조(충돌)
SC_V1976_B076_045,솎다,동사,4,L2,단일일치,경계(L3~L4),3,PROVISIONAL_AUTO,0,충돌,,공식대조(충돌)
SC_V1976_B076_046,솎아베기,명사,4,L2,단일일치,경계(L3~L4),3,PROVISIONAL_AUTO,0,충돌,,공식대조(충돌)
SC_V1976_B076_047,솎음질,명사,4,L2,단일일치,경계(L3~L4),2,REVIEW_BOUNDARY,1,일치,,
SC_V1976_B076_048,손가방,명사,4,L2,단일일치,경계(L3~L4),2,REVIEW_BOUNDARY,1,일치,,
SC_V1976_B076_049,손거울,명사,4,L2,단일일치,경계(L3~L4),2,REVIEW_BOUNDARY,1,일치,,
SC_V1976_B076_050,손난로,명사,3,L1,단일일치,경계(L1~L2),1,PROVISIONAL_AUTO,0,일치,,
SC_V1977_B077_001,손날,명사,4,L2,단일일치,경계(L3~L4),3,PROVISIONAL_AUTO,0,충돌,,공식대조(충돌)
SC_V1977_B077_002,손녀딸,명사,4,L2,단일일치,경계(L3~L4),2,REVIEW_BOUNDARY,1,일치,,
SC_V1977_B077_003,손놀림,명사,4,L2,단일일치,경계(L3~L4),2,REVIEW_BOUNDARY,1,일치,,
SC_V1977_B077_004,손님맞이,명사,4,L2,단일일치,경계(L3~L4),2,REVIEW_BOUNDARY,1,일치,,
SC_V1977_B077_005,손도장,명사,4,L2,단일일치,경계(L3~L4),3,PROVISIONAL_AUTO,0,충돌,,공식대조(충돌)
SC_V1977_B077_006,손목시계,명사,3,L1,단일일치,경계(L1~L2),1,PROVISIONAL_AUTO,0,일치,,
SC_V1977_B077_007,손바느질,명사,4,L2,단일일치,경계(L3~L4),3,PROVISIONAL_AUTO,0,충돌,,공식대조(충돌)
SC_V1977_B077_008,손빨래,명사,4,L2,단일일치,경계(L3~L4),3,PROVISIONAL_AUTO,0,충돌,,공식대조(충돌)
SC_V1977_B077_009,손사래,명사,4,L2,단일일치,경계(L3~L4),3,PROVISIONAL_AUTO,0,충돌,,공식대조(충돌)
SC_V1977_B077_010,손색,명사,4,L2,단일일치,경계(L3~L4),2,REVIEW_BOUNDARY,1,일치,,
SC_V1977_B077_011,손수레,명사,3,L1,단일일치,경계(L1~L2),1,PROVISIONAL_AUTO,0,일치,,
SC_V1977_B077_012,손실,명사,3,L1,단일일치,경계(L1~L2),1,PROVISIONAL_AUTO,0,일치,,
SC_V1977_B077_013,손실되다,동사,4,L2,단일일치,경계(L3~L4),2,REVIEW_BOUNDARY,1,일치,,
SC_V1977_B077_014,손아랫사람,명사,4,L2,단일일치,경계(L3~L4),3,PROVISIONAL_AUTO,0,충돌,,공식대조(충돌)
SC_V1977_B077_015,손윗사람,명사,4,L2,단일일치,경계(L3~L4),3,PROVISIONAL_AUTO,0,충돌,,공식대조(충돌)
SC_V1977_B077_016,손자국,명사,4,L2,단일일치,경계(L3~L4),2,REVIEW_BOUNDARY,1,일치,,
SC_V1977_B077_017,손전등,명사,3,L1,단일일치,경계(L1~L2),1,PROVISIONAL_AUTO,0,일치,,
SC_V1977_B077_018,손주,명사,3,L1,단일일치,경계(L1~L2),1,PROVISIONAL_AUTO,0,일치,,
SC_V1977_B077_019,솔깃하다,형용사,3,L1,단일일치,경계(L1~L2),1,PROVISIONAL_AUTO,0,일치,,
SC_V1977_B077_020,솔방울,명사,3,L1,단일일치,경계(L1~L2),1,PROVISIONAL_AUTO,0,일치,,
SC_V1977_B077_021,솔밭,명사,4,L2,단일일치,경계(L3~L4),2,REVIEW_BOUNDARY,1,일치,,
SC_V1977_B077_022,솔선수범하다,동사,4,L2,단일일치,경계(L3~L4),3,PROVISIONAL_AUTO,0,충돌,,공식대조(충돌)
SC_V1977_B077_023,솔숲,명사,4,L2,단일일치,경계(L3~L4),2,REVIEW_BOUNDARY,1,일치,,
SC_V1977_B077_024,솔질,명사,4,L2,단일일치,경계(L3~L4),2,REVIEW_BOUNDARY,1,일치,,
SC_V1977_B077_025,솔질하다,동사,4,L2,단일일치,경계(L3~L4),2,REVIEW_BOUNDARY,1,일치,,
SC_V1977_B077_026,솜덩이,명사,4,L2,단일일치,경계(L3~L4),2,REVIEW_BOUNDARY,1,일치,,
SC_V1977_B077_027,솜뭉치,명사,3,L1,단일일치,경계(L1~L2),1,PROVISIONAL_AUTO,0,일치,,
SC_V1977_B077_028,솜옷,명사,4,L2,단일일치,경계(L3~L4),2,REVIEW_BOUNDARY,1,일치,,
SC_V1977_B077_029,송골송골,부사,4,L2,단일일치,경계(L3~L4),3,PROVISIONAL_AUTO,0,충돌,,공식대조(충돌)
SC_V1977_B077_030,송곳,명사,3,L1,단일일치,경계(L1~L2),1,PROVISIONAL_AUTO,0,일치,,
SC_V1977_B077_031,송곳니,명사,3,L1,단일일치,경계(L1~L2),1,REVIEW_BOUNDARY,1,일치,,
SC_V1977_B077_032,송구스럽다,형용사,4,L2,단일일치,경계(L3~L4),3,PROVISIONAL_AUTO,0,충돌,,공식대조(충돌)
SC_V1977_B077_033,송두리째,부사,3,L1,단일일치,경계(L1~L2),1,PROVISIONAL_AUTO,0,일치,,
SC_V1977_B077_034,송료,명사,4,L2,단일일치,경계(L3~L4),2,REVIEW_BOUNDARY,1,일치,,
SC_V1977_B077_035,송신기,명사,4,L2,단일일치,경계(L3~L4),3,REVIEW_BOUNDARY,1,충돌,,공식대조(충돌)
SC_V1977_B077_036,송신탑,명사,4,L2,단일일치,경계(L3~L4),3,PROVISIONAL_AUTO,0,충돌,,공식대조(충돌)
SC_V1977_B077_037,송유관,명사,4,L2,단일일치,경계(L3~L4),3,PROVISIONAL_AUTO,0,충돌,,공식대조(충돌)
SC_V1977_B077_038,송이송이,부사,3,L1,단일일치,경계(L1~L2),1,PROVISIONAL_AUTO,0,일치,,
SC_V1977_B077_039,송전선,명사,4,L2,단일일치,경계(L3~L4),4,REVIEW_BOUNDARY,1,충돌,,공식대조(충돌)
SC_V1977_B077_040,송진,명사,4,L2,단일일치,경계(L3~L4),3,PROVISIONAL_AUTO,0,충돌,,공식대조(충돌)
SC_V1977_B077_041,쇠고리,명사,4,L2,단일일치,경계(L3~L4),3,PROVISIONAL_AUTO,0,충돌,,공식대조(충돌)
SC_V1977_B077_042,쇠기름,명사,4,L2,단일일치,경계(L3~L4),3,PROVISIONAL_AUTO,0,충돌,,공식대조(충돌)
SC_V1977_B077_043,쇠막대기,명사,4,L2,단일일치,경계(L3~L4),2,REVIEW_BOUNDARY,1,일치,,
SC_V1977_B077_044,쇠망치,명사,4,L2,단일일치,경계(L3~L4),2,REVIEW_BOUNDARY,1,일치,,
SC_V1977_B077_046,쇠스랑,명사,4,L2,단일일치,경계(L3~L4),3,REVIEW_BOUNDARY,1,충돌,,공식대조(충돌)
SC_V1977_B077_048,쇠죽,명사,4,L2,단일일치,경계(L3~L4),3,PROVISIONAL_AUTO,0,충돌,,공식대조(충돌)
SC_V1977_B077_049,쇠줄,명사,3,L1,단일일치,경계(L1~L2),1,PROVISIONAL_AUTO,0,일치,,
SC_V1977_B077_050,쇠창살,명사,4,L2,단일일치,경계(L3~L4),2,REVIEW_BOUNDARY,1,일치,,
SC_V1978_B078_001,쇠톱,명사,4,L2,단일일치,경계(L3~L4),2,REVIEW_BOUNDARY,1,일치,,
SC_V1978_B078_002,쇠퇴,명사,4,L2,단일일치,경계(L3~L4),3,PROVISIONAL_AUTO,0,충돌,,공식대조(충돌)
SC_V1978_B078_003,쇠퇴하다,동사,4,L2,단일일치,경계(L3~L4),3,PROVISIONAL_AUTO,0,충돌,,공식대조(충돌)
SC_V1978_B078_004,쇳덩어리,명사,3,L1,단일일치,경계(L1~L2),1,PROVISIONAL_AUTO,0,일치,,
SC_V1978_B078_005,쇼핑몰,명사,4,L2,단일일치,경계(L3~L4),3,PROVISIONAL_AUTO,0,충돌,,공식대조(충돌)
SC_V1978_B078_006,쇼핑백,명사,3,L1,단일일치,경계(L1~L2),1,PROVISIONAL_AUTO,0,일치,,
SC_V1978_B078_007,쇼핑하다,동사,4,L2,단일일치,경계(L3~L4),2,REVIEW_BOUNDARY,1,일치,,
SC_V1978_B078_008,수고비,명사,4,L2,단일일치,경계(L3~L4),2,REVIEW_BOUNDARY,1,일치,,
SC_V1978_B078_009,수공업,명사,4,L2,단일일치,경계(L3~L4),3,PROVISIONAL_AUTO,0,충돌,,공식대조(충돌)
SC_V1978_B078_010,수공업자,명사,4,L2,단일일치,경계(L3~L4),2,REVIEW_BOUNDARY,1,일치,,
SC_V1978_B078_011,수공예,명사,4,L2,단일일치,경계(L3~L4),2,REVIEW_BOUNDARY,1,일치,,
SC_V1978_B078_012,수군거리다,동사,3,L1,단일일치,경계(L1~L2),1,REVIEW_BOUNDARY,1,일치,,
SC_V1978_B078_013,수꽃,명사,4,L2,단일일치,경계(L3~L4),3,PROVISIONAL_AUTO,0,충돌,,공식대조(충돌)
SC_V1978_B078_014,수능,명사,4,L2,단일일치,경계(L3~L4),3,PROVISIONAL_AUTO,0,충돌,,공식대조(충돌)
SC_V1978_B078_017,수도관,명사,3,L1,단일일치,경계(L1~L2),1,PROVISIONAL_AUTO,0,일치,,
SC_V1978_B078_018,수도권,명사,3,L1,단일일치,경계(L1~L2),1,REVIEW_BOUNDARY,1,일치,207(레벨보류),
SC_V1978_B078_020,수돗가,명사,3,L1,단일일치,경계(L1~L2),1,PROVISIONAL_AUTO,0,일치,,
SC_V1978_B078_021,수두룩하다,형용사,3,L1,단일일치,경계(L1~L2),1,REVIEW_BOUNDARY,1,일치,207(레벨보류),
SC_V1978_B078_022,수레바퀴,명사,3,L1,단일일치,경계(L1~L2),1,PROVISIONAL_AUTO,0,일치,,
SC_V1978_B078_023,수려하다,형용사,4,L2,단일일치,경계(L3~L4),2,REVIEW_BOUNDARY,1,일치,,
SC_V1978_B078_024,수료증,명사,4,L2,단일일치,경계(L3~L4),3,PROVISIONAL_AUTO,0,충돌,,공식대조(충돌)
SC_V1978_B078_025,수료하다,동사,4,L2,단일일치,경계(L3~L4),2,REVIEW_BOUNDARY,1,일치,,
SC_V1978_B078_027,수리공,명사,4,L2,단일일치,경계(L3~L4),3,PROVISIONAL_AUTO,0,충돌,,공식대조(충돌)
SC_V1978_B078_028,수리비,명사,3,L1,단일일치,경계(L1~L2),1,PROVISIONAL_AUTO,0,일치,,
SC_V1978_B078_029,수리소,명사,4,L2,단일일치,경계(L3~L4),3,PROVISIONAL_AUTO,0,충돌,,공식대조(충돌)
SC_V1978_B078_030,수면제,명사,4,L2,단일일치,경계(L3~L4),3,REVIEW_BOUNDARY,1,충돌,,공식대조(충돌)
SC_V1978_B078_031,수목원,명사,3,L1,단일일치,경계(L1~L2),1,REVIEW_BOUNDARY,1,일치,,
SC_V1978_B078_032,수묵화,명사,4,L2,단일일치,경계(L3~L4),3,PROVISIONAL_AUTO,0,충돌,,공식대조(충돌)
SC_V1978_B078_036,수비수,명사,4,L2,단일일치,경계(L3~L4),3,PROVISIONAL_AUTO,0,충돌,,공식대조(충돌)
SC_V1978_B078_038,수산물,명사,4,L2,단일일치,경계(L3~L4),2,REVIEW_BOUNDARY,1,일치,,
SC_V1978_B078_039,수산업,명사,4,L2,단일일치,경계(L3~L4),3,PROVISIONAL_AUTO,0,충돌,,공식대조(충돌)
SC_V1978_B078_040,수산업자,명사,4,L2,단일일치,경계(L3~L4),3,PROVISIONAL_AUTO,0,충돌,,공식대조(충돌)
SC_V1978_B078_041,수상자,명사,3,L1,단일일치,경계(L1~L2),1,PROVISIONAL_AUTO,0,일치,,
SC_V1978_B078_044,수선공,명사,4,L2,단일일치,경계(L3~L4),2,REVIEW_BOUNDARY,1,일치,,
SC_V1978_B078_045,수세식,명사,4,L2,단일일치,경계(L3~L4),3,REVIEW_BOUNDARY,1,충돌,,공식대조(충돌)
SC_V1978_B078_046,수소문하다,동사,4,L2,단일일치,경계(L3~L4),3,PROVISIONAL_AUTO,0,충돌,,공식대조(충돌)
SC_V1978_B078_047,수송,명사,4,L2,단일일치,경계(L3~L4),3,PROVISIONAL_AUTO,0,충돌,,공식대조(충돌)
SC_V1978_B078_048,수송하다,동사,4,L2,단일일치,경계(L3~L4),3,PROVISIONAL_AUTO,0,충돌,,공식대조(충돌)
SC_V1978_B078_049,수수팥떡,명사,4,L2,단일일치,경계(L3~L4),2,REVIEW_BOUNDARY,1,일치,,
SC_V1979_B079_002,수신자,명사,4,L2,단일일치,경계(L3~L4),3,PROVISIONAL_AUTO,0,충돌,,공식대조(충돌)
SC_V1979_B079_004,수없다,형용사,4,L2,단일일치,경계(L3~L4),2,REVIEW_BOUNDARY,1,일치,,
SC_V1979_B079_005,수여되다,동사,4,L2,단일일치,경계(L3~L4),2,REVIEW_BOUNDARY,1,일치,,
SC_V1979_B079_006,수여하다,동사,4,L2,단일일치,경계(L3~L4),2,REVIEW_BOUNDARY,1,일치,,
SC_V1979_B079_007,수영모,명사,3,L1,단일일치,경계(L1~L2),1,PROVISIONAL_AUTO,0,일치,,
SC_V1979_B079_009,수의사,명사,3,L1,단일일치,경계(L1~L2),1,PROVISIONAL_AUTO,0,일치,,
SC_V1979_B079_010,수익금,명사,4,L2,단일일치,경계(L3~L4),2,REVIEW_BOUNDARY,1,일치,,
SC_V1979_B079_011,수자원,명사,4,L2,단일일치,경계(L3~L4),2,REVIEW_BOUNDARY,1,일치,,
SC_V1979_B079_013,수정과,명사,4,L2,단일일치,경계(L3~L4),3,PROVISIONAL_AUTO,0,충돌,,공식대조(충돌)
SC_V1979_B079_014,수정테이프,명사,4,L2,단일일치,경계(L3~L4),3,PROVISIONAL_AUTO,0,충돌,,공식대조(충돌)
SC_V1979_B079_015,수줍다,형용사,4,L2,단일일치,경계(L3~L4),3,PROVISIONAL_AUTO,0,충돌,,공식대조(충돌)
SC_V1979_B079_016,수줍어하다,동사,4,L2,단일일치,경계(L3~L4),3,PROVISIONAL_AUTO,0,충돌,,공식대조(충돌)
SC_V1979_B079_017,수줍음,명사,3,L1,단일일치,경계(L1~L2),1,PROVISIONAL_AUTO,0,일치,,
SC_V1979_B079_018,수집상,명사,4,L2,단일일치,경계(L3~L4),3,PROVISIONAL_AUTO,0,충돌,,공식대조(충돌)
SC_V1979_B079_019,수채화,명사,3,L1,단일일치,경계(L1~L2),2,REVIEW_BOUNDARY,1,충돌,,공식대조(충돌)
SC_V1979_B079_020,수척하다,형용사,4,L2,단일일치,경계(L3~L4),2,REVIEW_BOUNDARY,1,일치,,
SC_V1979_B079_021,수출국,명사,4,L2,단일일치,경계(L3~L4),2,REVIEW_BOUNDARY,1,일치,,
SC_V1979_B079_022,수출되다,동사,4,L2,단일일치,경계(L3~L4),3,PROVISIONAL_AUTO,0,충돌,,공식대조(충돌)
SC_V1979_B079_023,수출액,명사,4,L2,단일일치,경계(L3~L4),2,REVIEW_BOUNDARY,1,일치,,
SC_V1979_B079_024,수출입,명사,4,L2,단일일치,경계(L3~L4),2,REVIEW_BOUNDARY,1,일치,,
SC_V1979_B079_025,수출품,명사,4,L2,단일일치,경계(L3~L4),2,REVIEW_BOUNDARY,1,일치,,
SC_V1979_B079_026,수출항,명사,4,L2,단일일치,경계(L3~L4),3,PROVISIONAL_AUTO,0,충돌,,공식대조(충돌)
SC_V1979_B079_027,수치스럽다,형용사,4,L2,단일일치,경계(L3~L4),3,PROVISIONAL_AUTO,0,충돌,,공식대조(충돌)
SC_V1979_B079_028,수치심,명사,3,L1,단일일치,경계(L1~L2),1,PROVISIONAL_AUTO,0,일치,,
SC_V1979_B079_030,수프,명사,3,L1,단일일치,경계(L1~L2),1,REVIEW_BOUNDARY,1,일치,,
SC_V1979_B079_031,수학자,명사,4,L2,단일일치,경계(L3~L4),2,REVIEW_BOUNDARY,1,일치,,
SC_V1979_B079_032,수행원,명사,4,L2,단일일치,경계(L3~L4),3,PROVISIONAL_AUTO,0,충돌,,공식대조(충돌)
SC_V1979_B079_033,수험생,명사,3,L1,단일일치,경계(L1~L2),1,PROVISIONAL_AUTO,0,일치,,
SC_V1979_B079_035,수화기,명사,4,L2,단일일치,경계(L3~L4),3,PROVISIONAL_AUTO,0,충돌,,공식대조(충돌)
SC_V1979_B079_036,수확량,명사,4,L2,단일일치,경계(L3~L4),2,REVIEW_BOUNDARY,1,일치,,
SC_V1979_B079_037,숙련되다,동사,4,L2,단일일치,경계(L3~L4),2,REVIEW_BOUNDARY,1,일치,,
SC_V1979_B079_038,숙모님,명사,4,L2,단일일치,경계(L3~L4),2,REVIEW_BOUNDARY,1,일치,,
SC_V1979_B079_039,숙박,명사,3,L1,단일일치,경계(L1~L2),1,PROVISIONAL_AUTO,0,일치,,
SC_V1979_B079_041,순두부찌개,명사,3,L1,단일일치,경계(L1~L2),1,REVIEW_BOUNDARY,1,일치,,
SC_V1979_B079_042,순박하다,형용사,4,L2,단일일치,경계(L3~L4),3,PROVISIONAL_AUTO,0,충돌,,공식대조(충돌)
SC_V1979_B079_043,순이익,명사,4,L2,단일일치,경계(L3~L4),3,PROVISIONAL_AUTO,0,충돌,,공식대조(충돌)
SC_V1979_B079_044,순전히,부사,3,L1,단일일치,경계(L1~L2),1,PROVISIONAL_AUTO,0,일치,,
SC_V1979_B079_045,순조롭다,형용사,3,L1,단일일치,경계(L1~L2),2,REVIEW_BOUNDARY,1,충돌,,공식대조(충돌)
SC_V1979_B079_046,순찰,명사,4,L2,단일일치,경계(L3~L4),2,REVIEW_BOUNDARY,1,일치,,
SC_V1979_B079_047,순찰대,명사,4,L2,단일일치,경계(L3~L4),3,PROVISIONAL_AUTO,0,충돌,,공식대조(충돌)
SC_V1979_B079_048,순찰하다,동사,4,L2,단일일치,경계(L3~L4),2,REVIEW_BOUNDARY,1,일치,,
SC_V1980_B080_001,술래,명사,3,L1,단일일치,경계(L1~L2),1,PROVISIONAL_AUTO,0,일치,,
SC_V1980_B080_002,술렁거리다,동사,4,L2,단일일치,경계(L3~L4),3,PROVISIONAL_AUTO,0,충돌,,공식대조(충돌)
SC_V1980_B080_003,술렁이다,동사,3,L1,단일일치,경계(L1~L2),1,PROVISIONAL_AUTO,0,일치,,
SC_V1980_B080_007,숨김없이,부사,4,L2,단일일치,경계(L3~L4),2,REVIEW_BOUNDARY,1,일치,,
SC_V1980_B080_008,숨소리,명사,3,L1,단일일치,경계(L1~L2),1,PROVISIONAL_AUTO,0,일치,,
SC_V1980_B080_009,숨어들다,동사,4,L2,단일일치,경계(L3~L4),2,REVIEW_BOUNDARY,1,일치,,
SC_V1980_B080_010,숨은그림찾기,명사,3,L1,단일일치,경계(L1~L2),1,REVIEW_BOUNDARY,1,일치,,
SC_V1980_B080_011,숨통,명사,3,L1,단일일치,경계(L1~L2),2,REVIEW_BOUNDARY,1,충돌,,공식대조(충돌)
SC_V1980_B080_012,숫돌,명사,4,L2,단일일치,경계(L3~L4),3,PROVISIONAL_AUTO,0,충돌,,공식대조(충돌)
SC_V1980_B080_013,숭늉,명사,3,L1,단일일치,경계(L1~L2),1,PROVISIONAL_AUTO,0,일치,,
SC_V1980_B080_015,쉬쉬하다,동사,4,L2,단일일치,경계(L3~L4),3,PROVISIONAL_AUTO,0,충돌,,공식대조(충돌)
SC_V1980_B080_016,쉽사리,부사,4,L2,단일일치,경계(L3~L4),2,REVIEW_BOUNDARY,1,일치,,
SC_V1980_B080_017,스르륵,부사,3,L1,단일일치,경계(L1~L2),1,PROVISIONAL_AUTO,0,일치,,
SC_V1980_B080_018,스릴,명사,3,L1,단일일치,경계(L1~L2),1,REVIEW_BOUNDARY,1,일치,,
SC_V1980_B080_019,스무고개,명사,3,L1,단일일치,경계(L1~L2),1,PROVISIONAL_AUTO,0,일치,,
SC_V1980_B080_020,스스럼없이,부사,3,L1,단일일치,경계(L1~L2),1,REVIEW_BOUNDARY,1,일치,,
SC_V1980_B080_021,스승님,명사,4,L2,단일일치,경계(L3~L4),2,REVIEW_BOUNDARY,1,일치,,
SC_V1980_B080_022,스카치테이프,명사,4,L2,단일일치,경계(L3~L4),3,PROVISIONAL_AUTO,0,충돌,,공식대조(충돌)
SC_V1980_B080_023,스카프,명사,3,L1,단일일치,경계(L1~L2),1,PROVISIONAL_AUTO,0,일치,,
SC_V1980_B080_024,스캔들,명사,4,L2,단일일치,경계(L3~L4),3,PROVISIONAL_AUTO,0,충돌,,공식대조(충돌)
SC_V1980_B080_025,스케이팅,명사,4,L2,단일일치,경계(L3~L4),3,PROVISIONAL_AUTO,0,충돌,,공식대조(충돌)
SC_V1980_B080_026,스크랩북,명사,4,L2,단일일치,경계(L3~L4),3,PROVISIONAL_AUTO,0,충돌,,공식대조(충돌)
SC_V1980_B080_027,스킬,명사,4,L2,단일일치,경계(L3~L4),3,PROVISIONAL_AUTO,0,충돌,,공식대조(충돌)
SC_V1980_B080_028,스테인리스,명사,4,L2,단일일치,경계(L3~L4),3,PROVISIONAL_AUTO,0,충돌,,공식대조(충돌)
SC_V1980_B080_030,스트레칭,명사,4,L2,단일일치,경계(L3~L4),3,PROVISIONAL_AUTO,0,충돌,,공식대조(충돌)
SC_V1980_B080_031,스팀,명사,4,L2,단일일치,경계(L3~L4),3,PROVISIONAL_AUTO,0,충돌,,공식대조(충돌)
SC_V1980_B080_032,스파게티,명사,3,L1,단일일치,경계(L1~L2),1,PROVISIONAL_AUTO,0,일치,,
SC_V1980_B080_033,스파이,명사,3,L1,단일일치,경계(L1~L2),1,PROVISIONAL_AUTO,0,일치,,
SC_V1980_B080_034,스펠링,명사,3,L1,단일일치,경계(L1~L2),1,PROVISIONAL_AUTO,0,일치,,
SC_V1980_B080_035,스포츠맨,명사,4,L2,단일일치,경계(L3~L4),3,PROVISIONAL_AUTO,0,충돌,,공식대조(충돌)
SC_V1980_B080_036,스프레이,명사,3,L1,단일일치,경계(L1~L2),1,PROVISIONAL_AUTO,0,일치,,
SC_V1980_B080_037,스피드,명사,3,L1,단일일치,경계(L1~L2),1,PROVISIONAL_AUTO,0,일치,,
SC_V1980_B080_038,슬기,명사,3,L1,단일일치,경계(L1~L2),1,PROVISIONAL_AUTO,0,일치,,
SC_V1980_B080_039,슬피,부사,3,L1,단일일치,경계(L1~L2),1,REVIEW_BOUNDARY,1,일치,,
SC_V1980_B080_042,습관화하다,동사,4,L2,단일일치,경계(L3~L4),3,PROVISIONAL_AUTO,0,충돌,,공식대조(충돌)
SC_V1980_B080_043,습도계,명사,4,L2,단일일치,경계(L3~L4),3,PROVISIONAL_AUTO,0,충돌,,공식대조(충돌)
SC_V1980_B080_044,승강기,명사,4,L2,단일일치,경계(L3~L4),3,PROVISIONAL_AUTO,0,충돌,,공식대조(충돌)
SC_V1980_B080_045,승강장,명사,3,L1,단일일치,경계(L1~L2),1,PROVISIONAL_AUTO,0,일치,,
SC_V1980_B080_046,승격되다,동사,4,L2,단일일치,경계(L3~L4),2,REVIEW_BOUNDARY,1,일치,,
SC_V1980_B080_047,승무원,명사,3,L1,단일일치,경계(L1~L2),1,REVIEW_BOUNDARY,1,일치,,
SC_V1980_B080_048,승진하다,동사,3,L1,단일일치,경계(L1~L2),1,PROVISIONAL_AUTO,0,일치,,
SC_V1980_B080_049,승차권,명사,4,L2,단일일치,경계(L3~L4),3,PROVISIONAL_AUTO,0,충돌,,공식대조(충돌)
SC_V1980_B080_050,승합차,명사,4,L2,단일일치,경계(L3~L4),2,REVIEW_BOUNDARY,1,일치,,
SC_V1981_B081_001,시가지,명사,4,L2,단일일치,경계(L3~L4),2,REVIEW_BOUNDARY,1,일치,,
SC_V1981_B081_002,시간대,명사,3,L1,단일일치,경계(L1~L2),1,PROVISIONAL_AUTO,0,일치,,
SC_V1981_B081_003,시간문제,명사,3,L1,단일일치,경계(L1~L2),1,REVIEW_BOUNDARY,1,일치,,
SC_V1981_B081_004,시계탑,명사,4,L2,단일일치,경계(L3~L4),2,REVIEW_BOUNDARY,1,일치,,
SC_V1981_B081_005,시곗바늘,명사,3,L1,단일일치,경계(L1~L2),1,PROVISIONAL_AUTO,0,일치,,
SC_V1981_B081_006,시급하다,형용사,3,L1,단일일치,경계(L1~L2),1,PROVISIONAL_AUTO,0,일치,,
SC_V1981_B081_007,시급히,부사,4,L2,단일일치,경계(L3~L4),2,REVIEW_BOUNDARY,1,일치,,
SC_V1981_B081_008,시기심,명사,4,L2,단일일치,경계(L3~L4),2,REVIEW_BOUNDARY,1,일치,,
SC_V1981_B081_009,시기하다,동사,3,L1,단일일치,경계(L1~L2),1,PROVISIONAL_AUTO,0,일치,,
SC_V1981_B081_010,시끌벅적,부사,4,L2,단일일치,경계(L3~L4),3,PROVISIONAL_AUTO,0,충돌,,공식대조(충돌)
SC_V1981_B081_011,시끌벅적하다,형용사,3,L1,단일일치,경계(L1~L2),1,REVIEW_BOUNDARY,1,일치,,
SC_V1981_B081_012,시나브로,부사,4,L2,단일일치,경계(L3~L4),2,REVIEW_BOUNDARY,1,일치,,
SC_V1981_B081_013,시냇가,명사,3,L1,단일일치,경계(L1~L2),1,PROVISIONAL_AUTO,0,일치,,
SC_V1981_B081_014,시달리다,동사,3,L1,단일일치,경계(L1~L2),1,PROVISIONAL_AUTO,0,일치,,
SC_V1981_B081_015,시달림,명사,4,L2,단일일치,경계(L3~L4),2,REVIEW_BOUNDARY,1,일치,,
SC_V1981_B081_016,시댁,명사,3,L1,단일일치,경계(L1~L2),1,PROVISIONAL_AUTO,0,일치,,
SC_V1981_B081_017,시들시들,부사,4,L2,단일일치,경계(L3~L4),2,REVIEW_BOUNDARY,1,일치,,
SC_V1981_B081_018,시름,명사,3,L1,단일일치,경계(L1~L2),1,PROVISIONAL_AUTO,0,일치,,
SC_V1981_B081_019,시상대,명사,4,L2,단일일치,경계(L3~L4),3,PROVISIONAL_AUTO,0,충돌,,공식대조(충돌)
SC_V1981_B081_020,시상식,명사,3,L1,단일일치,경계(L1~L2),1,PROVISIONAL_AUTO,0,일치,,
SC_V1981_B081_021,시샘,명사,4,L2,단일일치,경계(L3~L4),2,REVIEW_BOUNDARY,1,일치,,
SC_V1981_B081_022,시샘하다,동사,4,L2,단일일치,경계(L3~L4),2,REVIEW_BOUNDARY,1,일치,,
SC_V1981_B081_023,시설물,명사,3,L1,단일일치,경계(L1~L2),1,REVIEW_BOUNDARY,1,일치,,
SC_V1981_B081_024,시아버님,명사,4,L2,단일일치,경계(L3~L4),2,REVIEW_BOUNDARY,1,일치,,
SC_V1981_B081_025,시아주버니,명사,4,L2,단일일치,경계(L3~L4),3,PROVISIONAL_AUTO,0,충돌,,공식대조(충돌)
SC_V1981_B081_026,시어머님,명사,4,L2,단일일치,경계(L3~L4),2,REVIEW_BOUNDARY,1,일치,,
SC_V1981_B081_027,시외버스,명사,3,L1,단일일치,경계(L1~L2),1,PROVISIONAL_AUTO,0,일치,,
SC_V1981_B081_028,시정되다,동사,4,L2,단일일치,경계(L3~L4),2,REVIEW_BOUNDARY,1,일치,,
SC_V1981_B081_029,시중들다,동사,4,L2,단일일치,경계(L3~L4),3,PROVISIONAL_AUTO,0,충돌,,공식대조(충돌)
SC_V1981_B081_030,시즌,명사,4,L2,단일일치,경계(L3~L4),3,PROVISIONAL_AUTO,0,충돌,,공식대조(충돌)
SC_V1981_B081_033,시청각,명사,4,L2,단일일치,경계(L3~L4),3,PROVISIONAL_AUTO,0,충돌,,공식대조(충돌)
SC_V1981_B081_034,시청료,명사,4,L2,단일일치,경계(L3~L4),3,PROVISIONAL_AUTO,0,충돌,,공식대조(충돌)
SC_V1981_B081_035,시청률,명사,4,L2,단일일치,경계(L3~L4),3,REVIEW_BOUNDARY,1,충돌,,공식대조(충돌)
SC_V1981_B081_036,시침질,명사,4,L2,단일일치,경계(L3~L4),3,PROVISIONAL_AUTO,0,충돌,,공식대조(충돌)
SC_V1981_B081_037,시침질하다,동사,4,L2,단일일치,경계(L3~L4),3,PROVISIONAL_AUTO,0,충돌,,공식대조(충돌)
SC_V1981_B081_039,시큼하다,형용사,3,L1,단일일치,경계(L1~L2),1,PROVISIONAL_AUTO,0,일치,,
SC_V1981_B081_040,시판되다,동사,4,L2,단일일치,경계(L3~L4),3,PROVISIONAL_AUTO,0,충돌,,공식대조(충돌)
SC_V1981_B081_041,시한부,명사,3,L1,단일일치,경계(L1~L2),1,REVIEW_BOUNDARY,1,일치,,
SC_V1981_B081_043,시험공부,명사,3,L1,단일일치,경계(L1~L2),1,PROVISIONAL_AUTO,0,일치,,
SC_V1981_B081_044,시화전,명사,4,L2,단일일치,경계(L3~L4),2,REVIEW_BOUNDARY,1,일치,,
SC_V1981_B081_045,식기장,명사,4,L2,단일일치,경계(L3~L4),2,REVIEW_BOUNDARY,1,일치,,
SC_V1981_B081_046,식단표,명사,4,L2,단일일치,경계(L3~L4),3,PROVISIONAL_AUTO,0,충돌,,공식대조(충돌)
SC_V1981_B081_047,식량난,명사,4,L2,단일일치,경계(L3~L4),2,REVIEW_BOUNDARY,1,일치,,
SC_V1981_B081_048,식료품,명사,3,L1,단일일치,경계(L1~L2),1,PROVISIONAL_AUTO,0,일치,,
SC_V1981_B081_049,식목일,명사,4,L2,단일일치,경계(L3~L4),3,PROVISIONAL_AUTO,0,충돌,,공식대조(충돌)
SC_V1981_B081_050,식물원,명사,3,L1,단일일치,경계(L1~L2),1,REVIEW_BOUNDARY,1,일치,,
SC_V1982_B082_001,식사량,명사,4,L2,단일일치,경계(L3~L4),2,REVIEW_BOUNDARY,1,일치,,
SC_V1982_B082_002,식생활,명사,3,L1,단일일치,경계(L1~L2),1,PROVISIONAL_AUTO,0,일치,,
SC_V1982_B082_003,식수난,명사,4,L2,단일일치,경계(L3~L4),2,REVIEW_BOUNDARY,1,일치,,
SC_V1982_B082_004,식습관,명사,4,L2,단일일치,경계(L3~L4),3,PROVISIONAL_AUTO,0,충돌,,공식대조(충돌)
SC_V1982_B082_005,식용,명사,3,L1,단일일치,경계(L1~L2),1,PROVISIONAL_AUTO,0,일치,,
SC_V1982_B082_006,식칼,명사,3,L1,단일일치,경계(L1~L2),1,PROVISIONAL_AUTO,0,일치,,
SC_V1982_B082_007,식탁보,명사,3,L1,단일일치,경계(L1~L2),1,PROVISIONAL_AUTO,0,일치,,
SC_V1982_B082_008,식품점,명사,4,L2,단일일치,경계(L3~L4),2,REVIEW_BOUNDARY,1,일치,,
SC_V1982_B082_010,신대륙,명사,4,L2,단일일치,경계(L3~L4),3,PROVISIONAL_AUTO,0,충돌,,공식대조(충돌)
SC_V1982_B082_011,신도시,명사,3,L1,단일일치,경계(L1~L2),1,REVIEW_BOUNDARY,1,일치,,
SC_V1982_B082_014,신맛,명사,3,L1,단일일치,경계(L1~L2),1,PROVISIONAL_AUTO,0,일치,,
SC_V1982_B082_015,신문고,명사,4,L2,단일일치,경계(L3~L4),3,PROVISIONAL_AUTO,0,충돌,,공식대조(충돌)
SC_V1982_B082_016,신바람,명사,3,L1,단일일치,경계(L1~L2),1,PROVISIONAL_AUTO,0,일치,,
SC_V1982_B082_018,신비감,명사,4,L2,단일일치,경계(L3~L4),3,REVIEW_BOUNDARY,1,충돌,,공식대조(충돌)
SC_V1982_B082_019,신비스럽다,형용사,4,L2,단일일치,경계(L3~L4),3,REVIEW_BOUNDARY,1,충돌,,공식대조(충돌)
SC_V1982_B082_020,신빙성,명사,4,L2,단일일치,경계(L3~L4),3,REVIEW_BOUNDARY,1,충돌,,공식대조(충돌)
SC_V1982_B082_022,신석기,명사,3,L1,단일일치,경계(L1~L2),1,REVIEW_BOUNDARY,1,일치,,
SC_V1982_B082_023,신소재,명사,4,L2,단일일치,경계(L3~L4),3,REVIEW_BOUNDARY,1,충돌,207(레벨보류),공식대조(충돌)
SC_V1982_B082_025,신제품,명사,3,L1,단일일치,경계(L1~L2),1,PROVISIONAL_AUTO,0,일치,,
SC_V1982_B082_026,신조어,명사,3,L1,단일일치,경계(L1~L2),2,REVIEW_BOUNDARY,1,충돌,,공식대조(충돌)
SC_V1982_B082_027,신주머니,명사,4,L2,단일일치,경계(L3~L4),2,REVIEW_BOUNDARY,1,일치,,
SC_V1982_B082_028,신중하다,형용사,3,L1,단일일치,경계(L1~L2),1,PROVISIONAL_AUTO,0,일치,,
SC_V1982_B082_029,신중히,부사,3,L1,단일일치,경계(L1~L2),1,PROVISIONAL_AUTO,0,일치,,
SC_V1982_B082_030,신청자,명사,4,L2,단일일치,경계(L3~L4),3,PROVISIONAL_AUTO,0,충돌,,공식대조(충돌)
SC_V1982_B082_032,신학기,명사,4,L2,단일일치,경계(L3~L4),2,REVIEW_BOUNDARY,1,일치,,
SC_V1982_B082_033,신학문,명사,4,L2,단일일치,경계(L3~L4),3,PROVISIONAL_AUTO,0,충돌,,공식대조(충돌)
SC_V1982_B082_035,신호하다,동사,4,L2,단일일치,경계(L3~L4),3,PROVISIONAL_AUTO,0,충돌,,공식대조(충돌)
SC_V1982_B082_036,신혼살림,명사,4,L2,단일일치,경계(L3~L4),2,REVIEW_BOUNDARY,1,일치,,
SC_V1982_B082_037,신혼여행,명사,3,L1,단일일치,경계(L1~L2),1,PROVISIONAL_AUTO,0,일치,,
SC_V1982_B082_038,실감,명사,3,L1,단일일치,경계(L1~L2),1,PROVISIONAL_AUTO,0,일치,,
SC_V1982_B082_039,실감하다,동사,3,L1,단일일치,경계(L1~L2),1,PROVISIONAL_AUTO,0,일치,,
SC_V1982_B082_040,실개울,명사,4,L2,단일일치,경계(L3~L4),2,REVIEW_BOUNDARY,1,일치,,
SC_V1982_B082_041,실고추,명사,4,L2,단일일치,경계(L3~L4),2,REVIEW_BOUNDARY,1,일치,,
SC_V1982_B082_042,실뜨기,명사,4,L2,단일일치,경계(L3~L4),3,PROVISIONAL_AUTO,0,충돌,,공식대조(충돌)
SC_V1982_B082_043,실력자,명사,3,L1,단일일치,경계(L1~L2),1,PROVISIONAL_AUTO,0,일치,,
SC_V1982_B082_044,실례하다,동사,3,L1,단일일치,경계(L1~L2),1,PROVISIONAL_AUTO,0,일치,,
SC_V1982_B082_045,실룩거리다,동사,4,L2,단일일치,경계(L3~L4),3,PROVISIONAL_AUTO,0,충돌,,공식대조(충돌)
SC_V1982_B082_046,실망감,명사,3,L1,단일일치,경계(L1~L2),1,PROVISIONAL_AUTO,0,일치,,
SC_V1982_B082_047,실망스럽다,형용사,3,L1,단일일치,경계(L1~L2),2,PROVISIONAL_AUTO,0,충돌,,공식대조(충돌)
SC_V1982_B082_048,실매듭,명사,4,L2,단일일치,경계(L3~L4),2,REVIEW_BOUNDARY,1,일치,,
SC_V1982_B082_049,실바람,명사,4,L2,단일일치,경계(L3~L4),3,PROVISIONAL_AUTO,0,충돌,,공식대조(충돌)
SC_V1982_B082_050,실생활,명사,3,L1,단일일치,경계(L1~L2),1,REVIEW_BOUNDARY,1,일치,,
SC_V1983_B083_001,실선,명사,4,L2,단일일치,경계(L3~L4),3,PROVISIONAL_AUTO,0,충돌,,공식대조(충돌)
SC_V1983_B083_003,실습생,명사,4,L2,단일일치,경계(L3~L4),3,PROVISIONAL_AUTO,0,충돌,,공식대조(충돌)
SC_V1983_B083_004,실습지,명사,4,L2,단일일치,경계(L3~L4),2,REVIEW_BOUNDARY,1,일치,,
SC_V1983_B083_005,실습하다,동사,4,L2,단일일치,경계(L3~L4),3,PROVISIONAL_AUTO,0,충돌,,공식대조(충돌)
SC_V1983_B083_006,실시간,명사,3,L1,단일일치,경계(L1~L2),1,PROVISIONAL_AUTO,0,일치,,
SC_V1983_B083_007,실업가,명사,4,L2,단일일치,경계(L3~L4),3,PROVISIONAL_AUTO,0,충돌,,공식대조(충돌)
SC_V1983_B083_008,실업률,명사,4,L2,단일일치,경계(L3~L4),4,REVIEW_BOUNDARY,1,충돌,,공식대조(충돌)
SC_V1983_B083_009,실업자,명사,3,L1,단일일치,경계(L1~L2),2,REVIEW_BOUNDARY,1,충돌,,공식대조(충돌)
SC_V1983_B083_010,실없이,부사,4,L2,단일일치,경계(L3~L4),2,REVIEW_BOUNDARY,1,일치,,
SC_V1983_B083_011,실오라기,명사,4,L2,단일일치,경계(L3~L4),2,REVIEW_BOUNDARY,1,일치,,
SC_V1983_B083_012,실온,명사,4,L2,단일일치,경계(L3~L4),2,REVIEW_BOUNDARY,1,일치,,
SC_V1983_B083_013,실외,명사,4,L2,단일일치,경계(L3~L4),2,REVIEW_BOUNDARY,1,일치,,
SC_V1983_B083_014,실은,부사,3,L1,단일일치,경계(L1~L2),1,PROVISIONAL_AUTO,0,일치,,
SC_V1983_B083_015,실장,명사,4,L2,단일일치,경계(L3~L4),3,PROVISIONAL_AUTO,0,충돌,,공식대조(충돌)
SC_V1983_B083_016,실점,명사,4,L2,단일일치,경계(L3~L4),3,PROVISIONAL_AUTO,0,충돌,,공식대조(충돌)
SC_V1983_B083_017,실종,명사,4,L2,단일일치,경계(L3~L4),2,REVIEW_BOUNDARY,1,일치,,
SC_V1983_B083_018,실종되다,동사,4,L2,단일일치,경계(L3~L4),2,REVIEW_BOUNDARY,1,일치,207(레벨보류),
SC_V1983_B083_019,실직자,명사,4,L2,단일일치,경계(L3~L4),2,REVIEW_BOUNDARY,1,일치,,
SC_V1983_B083_020,실크,명사,4,L2,단일일치,경계(L3~L4),2,REVIEW_BOUNDARY,1,일치,,
SC_V1983_B083_021,실타래,명사,4,L2,단일일치,경계(L3~L4),3,PROVISIONAL_AUTO,0,충돌,,공식대조(충돌)
SC_V1983_B083_022,실톱,명사,4,L2,단일일치,경계(L3~L4),3,PROVISIONAL_AUTO,0,충돌,,공식대조(충돌)
SC_V1983_B083_023,실향민,명사,4,L2,단일일치,경계(L3~L4),3,PROVISIONAL_AUTO,0,충돌,,공식대조(충돌)
SC_V1983_B083_025,심벌즈,명사,4,L2,단일일치,경계(L3~L4),3,PROVISIONAL_AUTO,0,충돌,,공식대조(충돌)
SC_V1983_B083_027,심부름꾼,명사,3,L1,단일일치,경계(L1~L2),1,PROVISIONAL_AUTO,0,일치,,
SC_V1983_B083_028,심술궂다,형용사,3,L1,단일일치,경계(L1~L2),1,PROVISIONAL_AUTO,0,일치,,
SC_V1983_B083_031,심심찮다,형용사,4,L2,단일일치,경계(L3~L4),2,REVIEW_BOUNDARY,1,일치,,
SC_V1983_B083_032,심의하다,동사,4,L2,단일일치,경계(L3~L4),2,REVIEW_BOUNDARY,1,일치,,
SC_V1983_B083_034,심지어,부사,3,L1,단일일치,경계(L1~L2),1,PROVISIONAL_AUTO,0,일치,,
SC_V1983_B083_035,심판원,명사,4,L2,단일일치,경계(L3~L4),3,PROVISIONAL_AUTO,0,충돌,,공식대조(충돌)
SC_V1983_B083_036,심포니,명사,4,L2,단일일치,경계(L3~L4),3,PROVISIONAL_AUTO,0,충돌,,공식대조(충돌)
SC_V1983_B083_037,심호흡,명사,4,L2,단일일치,경계(L3~L4),3,PROVISIONAL_AUTO,0,충돌,,공식대조(충돌)
SC_V1983_B083_038,심히,부사,3,L1,단일일치,경계(L1~L2),1,REVIEW_BOUNDARY,1,일치,207(레벨보류),
SC_V1983_B083_039,십이지장,명사,4,L2,단일일치,경계(L3~L4),3,PROVISIONAL_AUTO,0,충돌,,공식대조(충돌)
SC_V1983_B083_040,십자형,명사,4,L2,단일일치,경계(L3~L4),2,REVIEW_BOUNDARY,1,일치,,
SC_V1983_B083_041,싱그럽다,형용사,3,L1,단일일치,경계(L1~L2),1,PROVISIONAL_AUTO,0,일치,,
SC_V1983_B083_042,싱글거리다,동사,4,L2,단일일치,경계(L3~L4),3,PROVISIONAL_AUTO,0,충돌,,공식대조(충돌)
SC_V1983_B083_043,싱글벙글,부사,3,L1,단일일치,경계(L1~L2),1,REVIEW_BOUNDARY,1,일치,,
SC_V1983_B083_044,싱글싱글,부사,4,L2,단일일치,경계(L3~L4),3,PROVISIONAL_AUTO,0,충돌,,공식대조(충돌)
SC_V1983_B083_045,싱긋,부사,4,L2,단일일치,경계(L3~L4),3,PROVISIONAL_AUTO,0,충돌,,공식대조(충돌)
SC_V1983_B083_046,싱긋싱긋,부사,4,L2,단일일치,경계(L3~L4),3,PROVISIONAL_AUTO,0,충돌,,공식대조(충돌)
SC_V1983_B083_047,싱긋이,부사,4,L2,단일일치,경계(L3~L4),3,PROVISIONAL_AUTO,0,충돌,,공식대조(충돌)
SC_V1983_B083_048,싱크대,명사,3,L1,단일일치,경계(L1~L2),1,REVIEW_BOUNDARY,1,일치,,
SC_V1983_B083_049,싸매다,동사,3,L1,단일일치,경계(L1~L2),1,PROVISIONAL_AUTO,0,일치,,
SC_V1984_B084_002,싹싹하다,형용사,4,L2,단일일치,경계(L3~L4),2,REVIEW_BOUNDARY,1,일치,207(레벨보류),
SC_V1984_B084_003,싼값,명사,4,L2,단일일치,경계(L3~L4),2,REVIEW_BOUNDARY,1,일치,207(레벨보류),
SC_V1984_B084_004,쌀가게,명사,4,L2,단일일치,경계(L3~L4),3,PROVISIONAL_AUTO,0,충돌,,공식대조(충돌)
SC_V1984_B084_005,쌀가루,명사,4,L2,단일일치,경계(L3~L4),2,REVIEW_BOUNDARY,1,일치,,
SC_V1984_B084_006,쌀값,명사,4,L2,단일일치,경계(L3~L4),2,REVIEW_BOUNDARY,1,일치,,
SC_V1984_B084_007,쌀겨,명사,4,L2,단일일치,경계(L3~L4),2,REVIEW_BOUNDARY,1,일치,,
SC_V1984_B084_008,쌀농사,명사,4,L2,단일일치,경계(L3~L4),3,PROVISIONAL_AUTO,0,충돌,,공식대조(충돌)
SC_V1984_B084_009,쌀뜨물,명사,4,L2,단일일치,경계(L3~L4),2,REVIEW_BOUNDARY,1,일치,,
SC_V1984_B084_010,쌀알,명사,3,L1,단일일치,경계(L1~L2),1,PROVISIONAL_AUTO,0,일치,,
SC_V1984_B084_011,쌀자루,명사,4,L2,단일일치,경계(L3~L4),2,REVIEW_BOUNDARY,1,일치,,
SC_V1984_B084_012,쌀집,명사,4,L2,단일일치,경계(L3~L4),3,PROVISIONAL_AUTO,0,충돌,,공식대조(충돌)
SC_V1984_B084_013,쌀통,명사,4,L2,단일일치,경계(L3~L4),2,REVIEW_BOUNDARY,1,일치,,
SC_V1984_B084_014,쌈밥,명사,4,L2,단일일치,경계(L3~L4),3,PROVISIONAL_AUTO,0,충돌,,공식대조(충돌)
SC_V1984_B084_015,쌍기역,명사,3,L1,단일일치,경계(L1~L2),2,REVIEW_BOUNDARY,1,충돌,,공식대조(충돌)
SC_V1984_B084_016,쌍디귿,명사,3,L1,단일일치,경계(L1~L2),2,REVIEW_BOUNDARY,1,충돌,,공식대조(충돌)
SC_V1984_B084_017,쌍방,명사,4,L2,단일일치,경계(L3~L4),3,PROVISIONAL_AUTO,0,충돌,,공식대조(충돌)
SC_V1984_B084_018,쌍비읍,명사,3,L1,단일일치,경계(L1~L2),2,REVIEW_BOUNDARY,1,충돌,,공식대조(충돌)
SC_V1984_B084_019,쌍시옷,명사,3,L1,단일일치,경계(L1~L2),2,REVIEW_BOUNDARY,1,충돌,,공식대조(충돌)
SC_V1984_B084_020,쌍쌍이,부사,4,L2,단일일치,경계(L3~L4),3,PROVISIONAL_AUTO,0,충돌,,공식대조(충돌)
SC_V1984_B084_021,쌍지읒,명사,3,L1,단일일치,경계(L1~L2),2,REVIEW_BOUNDARY,1,충돌,,공식대조(충돌)
SC_V1984_B084_022,쌍화탕,명사,4,L2,단일일치,경계(L3~L4),3,PROVISIONAL_AUTO,0,충돌,,공식대조(충돌)
SC_V1984_B084_023,써먹다,동사,3,L1,단일일치,경계(L1~L2),1,PROVISIONAL_AUTO,0,일치,,
SC_V1984_B084_024,쏘다니다,동사,3,L1,단일일치,경계(L1~L2),1,PROVISIONAL_AUTO,0,일치,,
SC_V1984_B084_025,쏘아보다,동사,4,L2,단일일치,경계(L3~L4),2,REVIEW_BOUNDARY,1,일치,,
SC_V1984_B084_026,쏘아붙이다,동사,3,L1,단일일치,경계(L1~L2),1,REVIEW_BOUNDARY,1,일치,,
SC_V1984_B084_027,쏜살같이,부사,3,L1,단일일치,경계(L1~L2),1,PROVISIONAL_AUTO,0,일치,,
SC_V1984_B084_028,쑤다,동사,3,L1,단일일치,경계(L1~L2),1,REVIEW_BOUNDARY,1,일치,,
SC_V1984_B084_029,쑥덕거리다,동사,4,L2,단일일치,경계(L3~L4),3,PROVISIONAL_AUTO,0,충돌,,공식대조(충돌)
SC_V1984_B084_030,쑥떡,명사,4,L2,단일일치,경계(L3~L4),2,REVIEW_BOUNDARY,1,일치,,
SC_V1984_B084_031,쓰개치마,명사,4,L2,단일일치,경계(L3~L4),3,PROVISIONAL_AUTO,0,충돌,,공식대조(충돌)
SC_V1984_B084_032,쓰레기봉투,명사,3,L1,단일일치,경계(L1~L2),1,REVIEW_BOUNDARY,1,일치,,
SC_V1984_B084_033,쓰레기장,명사,3,L1,단일일치,경계(L1~L2),1,PROVISIONAL_AUTO,0,일치,,
SC_V1984_B084_034,쓰레받기,명사,3,L1,단일일치,경계(L1~L2),1,PROVISIONAL_AUTO,0,일치,,
SC_V1984_B084_035,쓴웃음,명사,4,L2,단일일치,경계(L3~L4),2,REVIEW_BOUNDARY,1,일치,,
SC_V1984_B084_036,쓸데,명사,4,L2,단일일치,경계(L3~L4),2,REVIEW_BOUNDARY,1,일치,,
SC_V1984_B084_037,쓸쓸히,부사,3,L1,단일일치,경계(L1~L2),1,PROVISIONAL_AUTO,0,일치,,
SC_V1984_B084_038,씀씀이,명사,3,L1,단일일치,경계(L1~L2),1,PROVISIONAL_AUTO,0,일치,,
SC_V1984_B084_039,씨름꾼,명사,4,L2,단일일치,경계(L3~L4),2,REVIEW_BOUNDARY,1,일치,,
SC_V1984_B084_040,씨방,명사,4,L2,단일일치,경계(L3~L4),3,PROVISIONAL_AUTO,0,충돌,,공식대조(충돌)
SC_V1984_B084_041,씨암탉,명사,4,L2,단일일치,경계(L3~L4),2,REVIEW_BOUNDARY,1,일치,,
SC_V1984_B084_042,씨족,명사,4,L2,단일일치,경계(L3~L4),3,PROVISIONAL_AUTO,0,충돌,,공식대조(충돌)
SC_V1984_B084_043,씽긋,부사,3,L1,단일일치,경계(L1~L2),1,PROVISIONAL_AUTO,0,일치,,
SC_V1984_B084_044,아궁이,명사,3,L1,단일일치,경계(L1~L2),1,REVIEW_BOUNDARY,1,일치,,
SC_V1984_B084_045,아낌없다,형용사,4,L2,단일일치,경계(L3~L4),2,REVIEW_BOUNDARY,1,일치,,
SC_V1984_B084_047,아드님,명사,3,L1,단일일치,경계(L1~L2),1,PROVISIONAL_AUTO,0,일치,,
SC_V1984_B084_049,아들딸,명사,3,L1,단일일치,경계(L1~L2),1,PROVISIONAL_AUTO,0,일치,,
SC_V1984_B084_050,아랑곳하다,동사,4,L2,단일일치,경계(L3~L4),3,PROVISIONAL_AUTO,0,충돌,,공식대조(충돌)
SC_V1985_B085_001,아래옷,명사,4,L2,단일일치,경계(L3~L4),2,REVIEW_BOUNDARY,1,일치,,
SC_V1985_B085_002,아랫동네,명사,3,L1,단일일치,경계(L1~L2),1,PROVISIONAL_AUTO,0,일치,,
SC_V1985_B085_003,아랫마을,명사,3,L1,단일일치,경계(L1~L2),1,PROVISIONAL_AUTO,0,일치,,
SC_V1985_B085_004,아랫배,명사,3,L1,단일일치,경계(L1~L2),1,PROVISIONAL_AUTO,0,일치,,
SC_V1985_B085_005,아랫입술,명사,3,L1,단일일치,경계(L1~L2),1,PROVISIONAL_AUTO,0,일치,,
SC_V1985_B085_006,아련하다,형용사,4,L2,단일일치,경계(L3~L4),2,REVIEW_BOUNDARY,1,일치,,
SC_V1985_B085_007,아령,명사,4,L2,단일일치,경계(L3~L4),3,PROVISIONAL_AUTO,0,충돌,,공식대조(충돌)
SC_V1985_B085_009,아무쪼록,부사,3,L1,단일일치,경계(L1~L2),1,PROVISIONAL_AUTO,0,일치,,
SC_V1985_B085_010,아바마마,명사,4,L2,단일일치,경계(L3~L4),3,PROVISIONAL_AUTO,0,충돌,,공식대조(충돌)
SC_V1985_B085_011,아씨,명사,3,L1,단일일치,경계(L1~L2),1,PROVISIONAL_AUTO,0,일치,,
SC_V1985_B085_012,아열대,명사,4,L2,단일일치,경계(L3~L4),3,PROVISIONAL_AUTO,0,충돌,,공식대조(충돌)
SC_V1985_B085_013,아예,부사,3,L1,단일일치,경계(L1~L2),1,PROVISIONAL_AUTO,0,일치,,
SC_V1985_B085_014,아우성,명사,4,L2,단일일치,경계(L3~L4),3,PROVISIONAL_AUTO,0,충돌,,공식대조(충돌)
SC_V1985_B085_015,아이디,명사,3,L1,단일일치,경계(L1~L2),2,REVIEW_BOUNDARY,1,충돌,207(레벨보류),공식대조(충돌)
SC_V1985_B085_016,아이스케이크,명사,4,L2,단일일치,경계(L3~L4),3,PROVISIONAL_AUTO,0,충돌,,공식대조(충돌)
SC_V1985_B085_017,아이템,명사,3,L1,단일일치,경계(L1~L2),1,REVIEW_BOUNDARY,1,일치,,
SC_V1985_B085_018,아작아작,부사,4,L2,단일일치,경계(L3~L4),3,PROVISIONAL_AUTO,0,충돌,,공식대조(충돌)
SC_V1985_B085_019,아주버니,명사,4,L2,단일일치,경계(L3~L4),3,PROVISIONAL_AUTO,0,충돌,,공식대조(충돌)
SC_V1985_B085_020,아지랑이,명사,3,L1,단일일치,경계(L1~L2),2,REVIEW_BOUNDARY,1,충돌,207(레벨보류),공식대조(충돌)
SC_V1985_B085_021,아첨,명사,4,L2,단일일치,경계(L3~L4),3,PROVISIONAL_AUTO,0,충돌,,공식대조(충돌)
SC_V1985_B085_022,아첨하다,동사,4,L2,단일일치,경계(L3~L4),3,PROVISIONAL_AUTO,0,충돌,,공식대조(충돌)
SC_V1985_B085_023,아카시아,명사,3,L1,단일일치,경계(L1~L2),1,PROVISIONAL_AUTO,0,일치,,
SC_V1985_B085_024,아코디언,명사,4,L2,단일일치,경계(L3~L4),3,PROVISIONAL_AUTO,0,충돌,,공식대조(충돌)
SC_V1985_B085_025,아휴,감탄사,4,L2,단일일치,경계(L3~L4),2,REVIEW_BOUNDARY,1,일치,,
SC_V1985_B085_026,악덕,명사,3,L1,단일일치,경계(L1~L2),1,PROVISIONAL_AUTO,0,일치,,
SC_V1985_B085_027,악독하다,형용사,4,L2,단일일치,경계(L3~L4),3,PROVISIONAL_AUTO,0,충돌,,공식대조(충돌)
SC_V1985_B085_028,악랄하다,형용사,3,L1,단일일치,경계(L1~L2),1,PROVISIONAL_AUTO,0,일치,,
SC_V1985_B085_031,악착같이,부사,3,L1,단일일치,경계(L1~L2),1,PROVISIONAL_AUTO,0,일치,,
SC_V1985_B085_032,악착스럽다,형용사,4,L2,단일일치,경계(L3~L4),3,PROVISIONAL_AUTO,0,충돌,,공식대조(충돌)
SC_V1985_B085_033,악평,명사,4,L2,단일일치,경계(L3~L4),2,REVIEW_BOUNDARY,1,일치,,
SC_V1985_B085_034,악하다,형용사,3,L1,단일일치,경계(L1~L2),1,PROVISIONAL_AUTO,0,일치,,
SC_V1985_B085_035,안개비,명사,4,L2,단일일치,경계(L3~L4),3,PROVISIONAL_AUTO,0,충돌,,공식대조(충돌)
SC_V1985_B085_036,안건,명사,3,L1,단일일치,경계(L1~L2),1,PROVISIONAL_AUTO,0,일치,,
SC_V1985_B085_037,안경알,명사,3,L1,단일일치,경계(L1~L2),1,PROVISIONAL_AUTO,0,일치,,
SC_V1985_B085_038,안경점,명사,3,L1,단일일치,경계(L1~L2),1,PROVISIONAL_AUTO,0,일치,,
SC_V1985_B085_039,안경집,명사,4,L2,단일일치,경계(L3~L4),2,REVIEW_BOUNDARY,1,일치,,
SC_V1985_B085_040,안경테,명사,4,L2,단일일치,경계(L3~L4),2,REVIEW_BOUNDARY,1,일치,,
SC_V1985_B085_041,안내도,명사,4,L2,단일일치,경계(L3~L4),2,REVIEW_BOUNDARY,1,일치,,
SC_V1985_B085_042,안내문,명사,3,L1,단일일치,경계(L1~L2),1,PROVISIONAL_AUTO,0,일치,,
SC_V1985_B085_043,안내소,명사,4,L2,단일일치,경계(L3~L4),3,PROVISIONAL_AUTO,0,충돌,,공식대조(충돌)
SC_V1985_B085_044,안내자,명사,3,L1,단일일치,경계(L1~L2),1,PROVISIONAL_AUTO,0,일치,,
SC_V1985_B085_045,안내장,명사,4,L2,단일일치,경계(L3~L4),2,REVIEW_BOUNDARY,1,일치,,
SC_V1985_B085_046,안내판,명사,3,L1,단일일치,경계(L1~L2),1,PROVISIONAL_AUTO,0,일치,,
SC_V1985_B085_047,안도감,명사,4,L2,단일일치,경계(L3~L4),2,REVIEW_BOUNDARY,1,일치,,
SC_V1985_B085_048,안락의자,명사,4,L2,단일일치,경계(L3~L4),3,PROVISIONAL_AUTO,0,충돌,,공식대조(충돌)
SC_V1985_B085_049,안마당,명사,4,L2,단일일치,경계(L3~L4),2,REVIEW_BOUNDARY,1,일치,,
SC_V1986_B086_001,안색,명사,3,L1,단일일치,경계(L1~L2),1,PROVISIONAL_AUTO,0,일치,,
SC_V1986_B086_002,안식처,명사,4,L2,단일일치,경계(L3~L4),2,REVIEW_BOUNDARY,1,일치,,
SC_V1986_B086_003,안전띠,명사,3,L1,단일일치,경계(L1~L2),2,REVIEW_BOUNDARY,1,충돌,,공식대조(충돌)
SC_V1986_B086_004,안전모,명사,4,L2,단일일치,경계(L3~L4),3,PROVISIONAL_AUTO,0,충돌,,공식대조(충돌)
SC_V1986_B086_005,안전사고,명사,3,L1,단일일치,경계(L1~L2),1,REVIEW_BOUNDARY,1,일치,,
SC_V1986_B086_006,안절부절,부사,3,L1,단일일치,경계(L1~L2),1,PROVISIONAL_AUTO,0,일치,,
SC_V1986_B086_008,앉은키,명사,4,L2,단일일치,경계(L3~L4),3,PROVISIONAL_AUTO,0,충돌,,공식대조(충돌)
SC_V1986_B086_009,알껍데기,명사,4,L2,단일일치,경계(L3~L4),3,PROVISIONAL_AUTO,0,충돌,,공식대조(충돌)
SC_V1986_B086_010,알뜰,명사,3,L1,단일일치,경계(L1~L2),1,PROVISIONAL_AUTO,0,일치,,
SC_V1986_B086_011,알루미늄박,명사,4,L2,단일일치,경계(L3~L4),3,REVIEW_BOUNDARY,1,충돌,,공식대조(충돌)
SC_V1986_B086_012,알림판,명사,3,L1,단일일치,경계(L1~L2),1,PROVISIONAL_AUTO,0,일치,,
SC_V1986_B086_013,알사탕,명사,3,L1,단일일치,경계(L1~L2),1,PROVISIONAL_AUTO,0,일치,,
SC_V1986_B086_014,알차다,형용사,3,L1,단일일치,경계(L1~L2),1,PROVISIONAL_AUTO,0,일치,,
SC_V1986_B086_015,알칼리,명사,4,L2,단일일치,경계(L3~L4),3,PROVISIONAL_AUTO,0,충돌,,공식대조(충돌)
SC_V1986_B086_016,알코올램프,명사,4,L2,단일일치,경계(L3~L4),3,PROVISIONAL_AUTO,0,충돌,,공식대조(충돌)
SC_V1986_B086_017,알콩달콩,부사,4,L2,단일일치,경계(L3~L4),2,REVIEW_BOUNDARY,1,일치,,
SC_V1986_B086_018,알파벳,명사,3,L1,단일일치,경계(L1~L2),2,PROVISIONAL_AUTO,0,충돌,17(L2_PROVISIONAL_AUTO),공식대조(충돌)
SC_V1986_B086_020,암각화,명사,4,L2,단일일치,경계(L3~L4),4,PROVISIONAL_AUTO,0,충돌,,공식대조(충돌)
SC_V1986_B086_021,암꽃,명사,4,L2,단일일치,경계(L3~L4),3,PROVISIONAL_AUTO,0,충돌,,공식대조(충돌)
SC_V1986_B086_022,암벽,명사,4,L2,단일일치,경계(L3~L4),2,REVIEW_BOUNDARY,1,일치,,
SC_V1986_B086_023,암산하다,동사,4,L2,단일일치,경계(L3~L4),3,PROVISIONAL_AUTO,0,충돌,,공식대조(충돌)
SC_V1986_B086_024,암송,명사,4,L2,단일일치,경계(L3~L4),2,REVIEW_BOUNDARY,1,일치,,
SC_V1986_B086_025,암송하다,동사,4,L2,단일일치,경계(L3~L4),2,REVIEW_BOUNDARY,1,일치,,
SC_V1986_B086_026,암술,명사,3,L1,단일일치,경계(L1~L2),1,REVIEW_BOUNDARY,1,일치,,
SC_V1986_B086_027,암암리,명사,4,L2,단일일치,경계(L3~L4),2,REVIEW_BOUNDARY,1,일치,,
SC_V1986_B086_028,암튼,부사,3,L1,단일일치,경계(L1~L2),1,PROVISIONAL_AUTO,0,일치,,
SC_V1986_B086_029,암호문,명사,4,L2,단일일치,경계(L3~L4),2,REVIEW_BOUNDARY,1,일치,,
SC_V1986_B086_030,압도하다,동사,4,L2,단일일치,경계(L3~L4),3,PROVISIONAL_AUTO,0,충돌,,공식대조(충돌)
SC_V1986_B086_031,압박감,명사,4,L2,단일일치,경계(L3~L4),3,PROVISIONAL_AUTO,0,충돌,,공식대조(충돌)
SC_V1986_B086_032,압핀,명사,4,L2,단일일치,경계(L3~L4),3,PROVISIONAL_AUTO,0,충돌,,공식대조(충돌)
SC_V1986_B086_033,앙갚음,명사,4,L2,단일일치,경계(L3~L4),3,PROVISIONAL_AUTO,0,충돌,,공식대조(충돌)
SC_V1986_B086_034,앙증맞다,형용사,4,L2,단일일치,경계(L3~L4),3,PROVISIONAL_AUTO,0,충돌,,공식대조(충돌)
SC_V1986_B086_035,앞다투다,동사,3,L1,단일일치,경계(L1~L2),1,PROVISIONAL_AUTO,0,일치,,
SC_V1986_B086_036,앞동산,명사,3,L1,단일일치,경계(L1~L2),1,PROVISIONAL_AUTO,0,일치,,
SC_V1986_B086_037,앞뜰,명사,4,L2,단일일치,경계(L3~L4),2,REVIEW_BOUNDARY,1,일치,,
SC_V1986_B086_038,앞마당,명사,3,L1,단일일치,경계(L1~L2),1,PROVISIONAL_AUTO,0,일치,,
SC_V1986_B086_039,앞마을,명사,4,L2,단일일치,경계(L3~L4),2,REVIEW_BOUNDARY,1,일치,,
SC_V1986_B086_040,앞모습,명사,4,L2,단일일치,경계(L3~L4),2,REVIEW_BOUNDARY,1,일치,,
SC_V1986_B086_041,앞바퀴,명사,3,L1,단일일치,경계(L1~L2),1,PROVISIONAL_AUTO,0,일치,,
SC_V1986_B086_042,애걸복걸하다,동사,4,L2,단일일치,경계(L3~L4),3,PROVISIONAL_AUTO,0,충돌,,공식대조(충돌)
SC_V1986_B086_043,애걸하다,동사,4,L2,단일일치,경계(L3~L4),3,PROVISIONAL_AUTO,0,충돌,,공식대조(충돌)
SC_V1986_B086_044,애국심,명사,3,L1,단일일치,경계(L1~L2),1,PROVISIONAL_AUTO,0,일치,,
SC_V1986_B086_045,애국하다,동사,3,L1,단일일치,경계(L1~L2),1,PROVISIONAL_AUTO,0,일치,,
SC_V1986_B086_047,애끓다,동사,4,L2,단일일치,경계(L3~L4),2,REVIEW_BOUNDARY,1,일치,,
SC_V1986_B086_048,애니메이션,명사,3,L1,단일일치,경계(L1~L2),2,PROVISIONAL_AUTO,0,충돌,17(L2_PROVISIONAL_AUTO),공식대조(충돌)
SC_V1986_B086_049,애당초,명사,4,L2,단일일치,경계(L3~L4),3,PROVISIONAL_AUTO,0,충돌,,공식대조(충돌)
SC_V1987_B087_001,애드벌룬,명사,4,L2,단일일치,경계(L3~L4),3,PROVISIONAL_AUTO,0,충돌,,공식대조(충돌)
SC_V1987_B087_002,애매모호하다,형용사,4,L2,단일일치,경계(L3~L4),3,PROVISIONAL_AUTO,0,충돌,,공식대조(충돌)
SC_V1987_B087_003,애벌,명사,4,L2,단일일치,경계(L3~L4),3,PROVISIONAL_AUTO,0,충돌,,공식대조(충돌)
SC_V1987_B087_004,애완견,명사,4,L2,단일일치,경계(L3~L4),3,PROVISIONAL_AUTO,0,충돌,,공식대조(충돌)
SC_V1987_B087_005,애완용,명사,4,L2,단일일치,경계(L3~L4),3,PROVISIONAL_AUTO,0,충돌,,공식대조(충돌)
SC_V1987_B087_007,애지중지,부사,4,L2,단일일치,경계(L3~L4),2,REVIEW_BOUNDARY,1,일치,,
SC_V1987_B087_008,애처롭다,형용사,3,L1,단일일치,경계(L1~L2),1,PROVISIONAL_AUTO,0,일치,,
SC_V1987_B087_009,애칭,명사,4,L2,단일일치,경계(L3~L4),3,PROVISIONAL_AUTO,0,충돌,,공식대조(충돌)
SC_V1987_B087_010,애호박,명사,4,L2,단일일치,경계(L3~L4),2,REVIEW_BOUNDARY,1,일치,,
SC_V1987_B087_011,애환,명사,4,L2,단일일치,경계(L3~L4),2,REVIEW_BOUNDARY,1,일치,,
SC_V1987_B087_012,액세서리,명사,4,L2,단일일치,경계(L3~L4),2,REVIEW_BOUNDARY,1,일치,,
SC_V1987_B087_013,앵두꽃,명사,4,L2,단일일치,경계(L3~L4),2,REVIEW_BOUNDARY,1,일치,,
SC_V1987_B087_014,앵앵거리다,동사,4,L2,단일일치,경계(L3~L4),3,PROVISIONAL_AUTO,0,충돌,,공식대조(충돌)
SC_V1987_B087_015,야광침,명사,4,L2,단일일치,경계(L3~L4),3,PROVISIONAL_AUTO,0,충돌,,공식대조(충돌)
SC_V1987_B087_016,야단맞다,동사,3,L1,단일일치,경계(L1~L2),1,PROVISIONAL_AUTO,0,일치,,
SC_V1987_B087_017,야릇하다,형용사,4,L2,단일일치,경계(L3~L4),2,REVIEW_BOUNDARY,1,일치,,
SC_V1987_B087_018,야망,명사,4,L2,단일일치,경계(L3~L4),2,REVIEW_BOUNDARY,1,일치,,
SC_V1987_B087_019,야무지다,형용사,3,L1,단일일치,경계(L1~L2),2,REVIEW_BOUNDARY,1,충돌,,공식대조(충돌)
SC_V1987_B087_020,야속하다,형용사,4,L2,단일일치,경계(L3~L4),3,PROVISIONAL_AUTO,0,충돌,,공식대조(충돌)
SC_V1987_B087_021,야영장,명사,4,L2,단일일치,경계(L3~L4),3,PROVISIONAL_AUTO,0,충돌,,공식대조(충돌)
SC_V1987_B087_022,야영지,명사,4,L2,단일일치,경계(L3~L4),3,PROVISIONAL_AUTO,0,충돌,,공식대조(충돌)
SC_V1987_B087_023,야옹거리다,동사,4,L2,단일일치,경계(L3~L4),3,PROVISIONAL_AUTO,0,충돌,,공식대조(충돌)
SC_V1987_B087_024,야옹야옹하다,동사,4,L2,단일일치,경계(L3~L4),3,PROVISIONAL_AUTO,0,충돌,,공식대조(충돌)
SC_V1987_B087_025,야위다,동사,3,L1,단일일치,경계(L1~L2),1,PROVISIONAL_AUTO,0,일치,,
SC_V1987_B087_026,야자수,명사,3,L1,단일일치,경계(L1~L2),2,REVIEW_BOUNDARY,1,충돌,,공식대조(충돌)
SC_V1987_B087_027,야자열매,명사,4,L2,단일일치,경계(L3~L4),3,PROVISIONAL_AUTO,0,충돌,,공식대조(충돌)
SC_V1987_B087_028,야트막하다,형용사,4,L2,단일일치,경계(L3~L4),3,PROVISIONAL_AUTO,0,충돌,,공식대조(충돌)
SC_V1987_B087_029,야행성,명사,3,L1,단일일치,경계(L1~L2),2,REVIEW_BOUNDARY,1,충돌,,공식대조(충돌)
SC_V1987_B087_030,약도,명사,3,L1,단일일치,경계(L1~L2),1,PROVISIONAL_AUTO,0,일치,,
SC_V1987_B087_031,약밥,명사,4,L2,단일일치,경계(L3~L4),3,PROVISIONAL_AUTO,0,충돌,,공식대조(충돌)
SC_V1987_B087_032,약분하다,동사,4,L2,단일일치,경계(L3~L4),3,PROVISIONAL_AUTO,0,충돌,,공식대조(충돌)
SC_V1987_B087_034,약속되다,동사,3,L1,단일일치,경계(L1~L2),1,PROVISIONAL_AUTO,0,일치,,
SC_V1987_B087_035,약손가락,명사,4,L2,단일일치,경계(L3~L4),2,REVIEW_BOUNDARY,1,일치,,
SC_V1987_B087_036,약수터,명사,3,L1,단일일치,경계(L1~L2),1,PROVISIONAL_AUTO,0,일치,,
SC_V1987_B087_040,약풀,명사,4,L2,단일일치,경계(L3~L4),2,REVIEW_BOUNDARY,1,일치,,
SC_V1987_B087_041,약혼,명사,3,L1,단일일치,경계(L1~L2),1,PROVISIONAL_AUTO,0,일치,,
SC_V1987_B087_042,양계장,명사,3,L1,단일일치,경계(L1~L2),1,PROVISIONAL_AUTO,0,일치,,
SC_V1987_B087_043,양과자,명사,4,L2,단일일치,경계(L3~L4),3,PROVISIONAL_AUTO,0,충돌,,공식대조(충돌)
SC_V1987_B087_044,양껏,부사,4,L2,단일일치,경계(L3~L4),2,REVIEW_BOUNDARY,1,일치,,
SC_V1987_B087_045,양날톱,명사,4,L2,단일일치,경계(L3~L4),3,PROVISIONAL_AUTO,0,충돌,,공식대조(충돌)
SC_V1987_B087_046,양동이,명사,3,L1,단일일치,경계(L1~L2),1,PROVISIONAL_AUTO,0,일치,,
SC_V1987_B087_048,양반집,명사,4,L2,단일일치,경계(L3~L4),2,REVIEW_BOUNDARY,1,일치,,
SC_V1987_B087_049,양복바지,명사,4,L2,단일일치,경계(L3~L4),2,REVIEW_BOUNDARY,1,일치,,
SC_V1987_B087_050,양부모,명사,4,L2,단일일치,경계(L3~L4),2,REVIEW_BOUNDARY,1,일치,,
SC_V1988_B088_001,양수장,명사,4,L2,단일일치,경계(L3~L4),3,PROVISIONAL_AUTO,0,충돌,,공식대조(충돌)
SC_V1988_B088_002,양식업,명사,4,L2,단일일치,경계(L3~L4),3,PROVISIONAL_AUTO,0,충돌,,공식대조(충돌)
SC_V1988_B088_003,양식장,명사,4,L2,단일일치,경계(L3~L4),3,PROVISIONAL_AUTO,0,충돌,,공식대조(충돌)
SC_V1988_B088_004,양식하다,동사,4,L2,단일일치,경계(L3~L4),3,PROVISIONAL_AUTO,0,충돌,,공식대조(충돌)
SC_V1988_B088_006,양아버지,명사,4,L2,단일일치,경계(L3~L4),2,REVIEW_BOUNDARY,1,일치,,
SC_V1988_B088_007,양옆,명사,3,L1,단일일치,경계(L1~L2),1,PROVISIONAL_AUTO,0,일치,,
SC_V1988_B088_008,양잠,명사,4,L2,단일일치,경계(L3~L4),3,PROVISIONAL_AUTO,0,충돌,,공식대조(충돌)
SC_V1988_B088_010,양지바르다,형용사,4,L2,단일일치,경계(L3~L4),3,PROVISIONAL_AUTO,0,충돌,,공식대조(충돌)
SC_V1988_B088_011,양지쪽,명사,4,L2,단일일치,경계(L3~L4),2,REVIEW_BOUNDARY,1,일치,,
SC_V1988_B088_012,양질,명사,4,L2,단일일치,경계(L3~L4),2,REVIEW_BOUNDARY,1,일치,,
SC_V1988_B088_013,양칫물,명사,4,L2,단일일치,경계(L3~L4),2,REVIEW_BOUNDARY,1,일치,,
SC_V1988_B088_014,양털,명사,3,L1,단일일치,경계(L1~L2),1,PROVISIONAL_AUTO,0,일치,,
SC_V1988_B088_015,양푼,명사,3,L1,단일일치,경계(L1~L2),1,PROVISIONAL_AUTO,0,일치,,
SC_V1988_B088_016,양품점,명사,4,L2,단일일치,경계(L3~L4),2,REVIEW_BOUNDARY,1,일치,,
SC_V1988_B088_021,어감,명사,4,L2,단일일치,경계(L3~L4),2,REVIEW_BOUNDARY,1,일치,,
SC_V1988_B088_022,어기야,감탄사,4,L2,단일일치,경계(L3~L4),2,REVIEW_BOUNDARY,1,일치,,
SC_V1988_B088_023,어깨띠,명사,4,L2,단일일치,경계(L3~L4),3,PROVISIONAL_AUTO,0,충돌,,공식대조(충돌)
SC_V1988_B088_024,어깨춤,명사,4,L2,단일일치,경계(L3~L4),3,PROVISIONAL_AUTO,0,충돌,,공식대조(충돌)
SC_V1988_B088_025,어깻죽지,명사,4,L2,단일일치,경계(L3~L4),2,REVIEW_BOUNDARY,1,일치,,
SC_V1988_B088_026,어깻짓,명사,4,L2,단일일치,경계(L3~L4),2,REVIEW_BOUNDARY,1,일치,,
SC_V1988_B088_028,어두움,명사,3,L1,단일일치,경계(L1~L2),1,PROVISIONAL_AUTO,0,일치,,
SC_V1988_B088_029,어둑어둑,부사,3,L1,단일일치,경계(L1~L2),1,PROVISIONAL_AUTO,0,일치,,
SC_V1988_B088_030,어떠어떠하다,형용사,4,L2,단일일치,경계(L3~L4),3,REVIEW_BOUNDARY,1,충돌,,공식대조(충돌)
SC_V1988_B088_031,어른스럽다,형용사,3,L1,단일일치,경계(L1~L2),1,REVIEW_BOUNDARY,1,일치,,
SC_V1988_B088_032,어리광,명사,3,L1,단일일치,경계(L1~L2),1,PROVISIONAL_AUTO,0,일치,,
SC_V1988_B088_033,어린이회,명사,3,L1,단일일치,경계(L1~L2),1,REVIEW_BOUNDARY,1,일치,,
SC_V1988_B088_034,어림잡다,동사,4,L2,단일일치,경계(L3~L4),2,REVIEW_BOUNDARY,1,일치,,
SC_V1988_B088_035,어물전,명사,4,L2,단일일치,경계(L3~L4),3,PROVISIONAL_AUTO,0,충돌,,공식대조(충돌)
SC_V1988_B088_036,어민,명사,3,L1,단일일치,경계(L1~L2),1,PROVISIONAL_AUTO,0,일치,,
SC_V1988_B088_037,어버이,명사,3,L1,단일일치,경계(L1~L2),1,PROVISIONAL_AUTO,0,일치,,
SC_V1988_B088_038,어슬렁어슬렁,부사,3,L1,단일일치,경계(L1~L2),2,REVIEW_BOUNDARY,1,충돌,,공식대조(충돌)
SC_V1988_B088_039,어시스트,명사,4,L2,단일일치,경계(L3~L4),3,REVIEW_BOUNDARY,1,충돌,,공식대조(충돌)
SC_V1988_B088_040,어엿하다,형용사,4,L2,단일일치,경계(L3~L4),2,REVIEW_BOUNDARY,1,일치,,
SC_V1988_B088_041,어영부영,부사,4,L2,단일일치,경계(L3~L4),3,PROVISIONAL_AUTO,0,충돌,,공식대조(충돌)
SC_V1988_B088_042,어울림,명사,3,L1,단일일치,경계(L1~L2),1,PROVISIONAL_AUTO,0,일치,,
SC_V1988_B088_043,어이없이,부사,4,L2,단일일치,경계(L3~L4),2,REVIEW_BOUNDARY,1,일치,,
SC_V1988_B088_044,어지르다,동사,3,L1,단일일치,경계(L1~L2),1,PROVISIONAL_AUTO,0,일치,,
SC_V1988_B088_045,어질다,형용사,3,L1,단일일치,경계(L1~L2),1,PROVISIONAL_AUTO,0,일치,,
SC_V1988_B088_046,어처구니,명사,3,L1,단일일치,경계(L1~L2),1,PROVISIONAL_AUTO,0,일치,,
SC_V1988_B088_047,어처구니없다,형용사,3,L1,단일일치,경계(L1~L2),1,REVIEW_BOUNDARY,1,일치,,
SC_V1988_B088_048,어패류,명사,4,L2,단일일치,경계(L3~L4),2,REVIEW_BOUNDARY,1,일치,,
SC_V1988_B088_049,어학원,명사,4,L2,단일일치,경계(L3~L4),3,PROVISIONAL_AUTO,0,충돌,,공식대조(충돌)
SC_V1988_B088_050,어획량,명사,4,L2,단일일치,경계(L3~L4),3,PROVISIONAL_AUTO,0,충돌,,공식대조(충돌)
SC_V1989_B089_001,어휴,감탄사,4,L2,단일일치,경계(L3~L4),3,PROVISIONAL_AUTO,0,충돌,,공식대조(충돌)
SC_V1989_B089_002,억만,관형사,4,L2,단일일치,경계(L3~L4),3,PROVISIONAL_AUTO,0,충돌,,공식대조(충돌)
SC_V1989_B089_003,억측,명사,4,L2,단일일치,경계(L3~L4),2,REVIEW_BOUNDARY,1,일치,,
SC_V1989_B089_004,언덕길,명사,3,L1,단일일치,경계(L1~L2),1,PROVISIONAL_AUTO,0,일치,,
SC_V1989_B089_005,언덕배기,명사,4,L2,단일일치,경계(L3~L4),2,REVIEW_BOUNDARY,1,일치,,
SC_V1989_B089_006,언론사,명사,4,L2,단일일치,경계(L3~L4),3,PROVISIONAL_AUTO,0,충돌,,공식대조(충돌)
SC_V1989_B089_007,언론인,명사,3,L1,단일일치,경계(L1~L2),2,REVIEW_BOUNDARY,1,충돌,,공식대조(충돌)
SC_V1989_B089_008,언어생활,명사,4,L2,단일일치,경계(L3~L4),3,PROVISIONAL_AUTO,0,충돌,,공식대조(충돌)
SC_V1989_B089_009,언어학자,명사,4,L2,단일일치,경계(L3~L4),2,REVIEW_BOUNDARY,1,일치,,
SC_V1989_B089_010,언짢다,형용사,3,L1,단일일치,경계(L1~L2),1,PROVISIONAL_AUTO,0,일치,,
SC_V1989_B089_011,언행,명사,4,L2,단일일치,경계(L3~L4),2,REVIEW_BOUNDARY,1,일치,,
SC_V1989_B089_012,얼굴빛,명사,4,L2,단일일치,경계(L3~L4),2,REVIEW_BOUNDARY,1,일치,,
SC_V1989_B089_013,얼굴색,명사,4,L2,단일일치,경계(L3~L4),2,REVIEW_BOUNDARY,1,일치,,
SC_V1989_B089_014,얼룩덜룩하다,형용사,4,L2,단일일치,경계(L3~L4),3,PROVISIONAL_AUTO,0,충돌,,공식대조(충돌)
SC_V1989_B089_015,얼룩소,명사,4,L2,단일일치,경계(L3~L4),2,REVIEW_BOUNDARY,1,일치,,
SC_V1989_B089_016,얼룩얼룩,부사,4,L2,단일일치,경계(L3~L4),2,REVIEW_BOUNDARY,1,일치,,
SC_V1989_B089_018,얼싸안다,동사,3,L1,단일일치,경계(L1~L2),1,PROVISIONAL_AUTO,0,일치,,
SC_V1989_B089_019,얼음과자,명사,4,L2,단일일치,경계(L3~L4),3,PROVISIONAL_AUTO,0,충돌,,공식대조(충돌)
SC_V1989_B089_020,얼음덩이,명사,4,L2,단일일치,경계(L3~L4),2,REVIEW_BOUNDARY,1,일치,,
SC_V1989_B089_021,얼음물,명사,3,L1,단일일치,경계(L1~L2),1,PROVISIONAL_AUTO,0,일치,,
SC_V1989_B089_022,얼음지치기,명사,4,L2,단일일치,경계(L3~L4),3,PROVISIONAL_AUTO,0,충돌,,공식대조(충돌)
SC_V1989_B089_023,얼음집,명사,4,L2,단일일치,경계(L3~L4),3,PROVISIONAL_AUTO,0,충돌,,공식대조(충돌)
SC_V1989_B089_024,엄격히,부사,3,L1,단일일치,경계(L1~L2),1,PROVISIONAL_AUTO,0,일치,,
SC_V1989_B089_025,엄니,명사,4,L2,단일일치,경계(L3~L4),3,PROVISIONAL_AUTO,0,충돌,,공식대조(충돌)
SC_V1989_B089_026,엄동설한,명사,4,L2,단일일치,경계(L3~L4),2,REVIEW_BOUNDARY,1,일치,,
SC_V1989_B089_027,엄선하다,동사,4,L2,단일일치,경계(L3~L4),2,REVIEW_BOUNDARY,1,일치,,
SC_V1989_B089_028,엄포,명사,4,L2,단일일치,경계(L3~L4),3,PROVISIONAL_AUTO,0,충돌,,공식대조(충돌)
SC_V1989_B089_029,업그레이드,명사,3,L1,단일일치,경계(L1~L2),2,PROVISIONAL_AUTO,0,충돌,17(L2_PROVISIONAL_AUTO),공식대조(충돌)
SC_V1989_B089_030,업소,명사,4,L2,단일일치,경계(L3~L4),2,REVIEW_BOUNDARY,1,일치,207(레벨보류),
SC_V1989_B089_033,업자,명사,4,L2,단일일치,경계(L3~L4),2,REVIEW_BOUNDARY,1,일치,,
SC_V1989_B089_034,업체,명사,3,L1,단일일치,경계(L1~L2),1,PROVISIONAL_AUTO,0,일치,,
SC_V1989_B089_035,엉덩방아,명사,3,L1,단일일치,경계(L1~L2),1,REVIEW_BOUNDARY,1,일치,,
SC_V1989_B089_036,엉덩이뼈,명사,4,L2,단일일치,경계(L3~L4),3,REVIEW_BOUNDARY,1,충돌,,공식대조(충돌)
SC_V1989_B089_037,엎치락뒤치락,부사,4,L2,단일일치,경계(L3~L4),3,PROVISIONAL_AUTO,0,충돌,,공식대조(충돌)
SC_V1989_B089_038,에구머니,감탄사,4,L2,단일일치,경계(L3~L4),2,REVIEW_BOUNDARY,1,일치,,
SC_V1989_B089_039,에너지원,명사,4,L2,단일일치,경계(L3~L4),2,REVIEW_BOUNDARY,1,일치,,
SC_V1989_B089_040,에어백,명사,4,L2,단일일치,경계(L3~L4),3,PROVISIONAL_AUTO,0,충돌,,공식대조(충돌)
SC_V1989_B089_041,에취,부사,4,L2,단일일치,경계(L3~L4),2,REVIEW_BOUNDARY,1,일치,207(레벨보류),
SC_V1989_B089_042,에티켓,명사,4,L2,단일일치,경계(L3~L4),2,REVIEW_BOUNDARY,1,일치,,
SC_V1989_B089_043,여간,부사,3,L1,단일일치,경계(L1~L2),1,REVIEW_BOUNDARY,1,일치,,
SC_V1989_B089_044,여간하다,형용사,4,L2,단일일치,경계(L3~L4),2,REVIEW_BOUNDARY,1,일치,,
SC_V1989_B089_045,여객기,명사,3,L1,단일일치,경계(L1~L2),1,PROVISIONAL_AUTO,0,일치,,
SC_V1989_B089_046,여객선,명사,4,L2,단일일치,경계(L3~L4),2,REVIEW_BOUNDARY,1,일치,,
SC_V1989_B089_047,여고생,명사,4,L2,단일일치,경계(L3~L4),2,REVIEW_BOUNDARY,1,일치,,
SC_V1989_B089_048,여관업,명사,4,L2,단일일치,경계(L3~L4),2,REVIEW_BOUNDARY,1,일치,207(레벨보류),
SC_V1989_B089_049,여느,관형사,4,L2,단일일치,경계(L3~L4),2,REVIEW_BOUNDARY,1,일치,207(레벨보류),
SC_V1989_B089_050,여닫다,동사,4,L2,단일일치,경계(L3~L4),2,REVIEW_BOUNDARY,1,일치,,
SC_V1990_B090_001,여드름,명사,3,L1,단일일치,경계(L1~L2),1,REVIEW_BOUNDARY,1,일치,,
SC_V1990_B090_003,여러모로,부사,3,L1,단일일치,경계(L1~L2),1,PROVISIONAL_AUTO,0,일치,,
SC_V1990_B090_004,여러해살이,명사,4,L2,단일일치,경계(L3~L4),3,REVIEW_BOUNDARY,1,충돌,,공식대조(충돌)
SC_V1990_B090_005,여름내,부사,4,L2,단일일치,경계(L3~L4),2,REVIEW_BOUNDARY,1,일치,207(레벨보류),
SC_V1990_B090_006,여름새,명사,4,L2,단일일치,경계(L3~L4),3,REVIEW_BOUNDARY,1,충돌,,공식대조(충돌)
SC_V1990_B090_007,여보시오,감탄사,3,L1,단일일치,경계(L1~L2),1,PROVISIONAL_AUTO,0,일치,,
SC_V1990_B090_008,여봐라,감탄사,4,L2,단일일치,경계(L3~L4),3,PROVISIONAL_AUTO,0,충돌,,공식대조(충돌)
SC_V1990_B090_009,여생,명사,4,L2,단일일치,경계(L3~L4),2,REVIEW_BOUNDARY,1,일치,,
SC_V1990_B090_011,여왕개미,명사,4,L2,단일일치,경계(L3~L4),3,PROVISIONAL_AUTO,0,충돌,,공식대조(충돌)
SC_V1990_B090_012,여우비,명사,4,L2,단일일치,경계(L3~L4),2,REVIEW_BOUNDARY,1,일치,,
SC_V1990_B090_013,여울물,명사,4,L2,단일일치,경계(L3~L4),2,REVIEW_BOUNDARY,1,일치,,
SC_V1990_B090_015,여장부,명사,4,L2,단일일치,경계(L3~L4),2,REVIEW_BOUNDARY,1,일치,,
SC_V1990_B090_016,여주인공,명사,4,L2,단일일치,경계(L3~L4),3,PROVISIONAL_AUTO,0,충돌,,공식대조(충돌)
SC_V1990_B090_017,여학교,명사,3,L1,단일일치,경계(L1~L2),1,PROVISIONAL_AUTO,0,일치,,
SC_V1990_B090_018,여행객,명사,4,L2,단일일치,경계(L3~L4),2,REVIEW_BOUNDARY,1,일치,,
SC_V1990_B090_019,여행기,명사,4,L2,단일일치,경계(L3~L4),3,PROVISIONAL_AUTO,0,충돌,,공식대조(충돌)
SC_V1990_B090_020,여행길,명사,3,L1,단일일치,경계(L1~L2),1,PROVISIONAL_AUTO,0,일치,,
SC_V1990_B090_021,여행담,명사,4,L2,단일일치,경계(L3~L4),3,PROVISIONAL_AUTO,0,충돌,,공식대조(충돌)
SC_V1990_B090_022,여행사,명사,3,L1,단일일치,경계(L1~L2),1,PROVISIONAL_AUTO,0,일치,,
SC_V1990_B090_023,여행자,명사,3,L1,단일일치,경계(L1~L2),1,PROVISIONAL_AUTO,0,일치,,
SC_V1990_B090_024,역겹다,형용사,4,L2,단일일치,경계(L3~L4),3,PROVISIONAL_AUTO,0,충돌,,공식대조(충돌)
SC_V1990_B090_026,역마차,명사,4,L2,단일일치,경계(L3~L4),3,PROVISIONAL_AUTO,0,충돌,,공식대조(충돌)
SC_V1990_B090_027,역무원,명사,4,L2,단일일치,경계(L3~L4),3,PROVISIONAL_AUTO,0,충돌,,공식대조(충돌)
SC_V1990_B090_028,역부족,명사,3,L1,단일일치,경계(L1~L2),1,PROVISIONAL_AUTO,0,일치,,
SC_V1990_B090_029,역사가,명사,4,L2,단일일치,경계(L3~L4),2,REVIEW_BOUNDARY,1,일치,,
SC_V1990_B090_030,역사관,명사,4,L2,단일일치,경계(L3~L4),3,PROVISIONAL_AUTO,0,충돌,,공식대조(충돌)
SC_V1990_B090_031,역사책,명사,3,L1,단일일치,경계(L1~L2),1,PROVISIONAL_AUTO,0,일치,,
SC_V1990_B090_032,역임하다,동사,4,L2,단일일치,경계(L3~L4),2,REVIEW_BOUNDARY,1,일치,,
SC_V1990_B090_033,역지사지,명사,4,L2,단일일치,경계(L3~L4),2,REVIEW_BOUNDARY,1,일치,,
SC_V1990_B090_034,역할극,명사,4,L2,단일일치,경계(L3~L4),3,PROVISIONAL_AUTO,0,충돌,,공식대조(충돌)
SC_V1990_B090_035,역효과,명사,4,L2,단일일치,경계(L3~L4),3,PROVISIONAL_AUTO,0,충돌,,공식대조(충돌)
SC_V1990_B090_036,연거푸,부사,4,L2,단일일치,경계(L3~L4),2,REVIEW_BOUNDARY,1,일치,,
SC_V1990_B090_037,연구자,명사,4,L2,단일일치,경계(L3~L4),2,REVIEW_BOUNDARY,1,일치,,
SC_V1990_B090_038,연구회,명사,4,L2,단일일치,경계(L3~L4),3,PROVISIONAL_AUTO,0,충돌,,공식대조(충돌)
SC_V1990_B090_039,연기자,명사,4,L2,단일일치,경계(L3~L4),3,PROVISIONAL_AUTO,0,충돌,,공식대조(충돌)
SC_V1990_B090_040,연대순,명사,4,L2,단일일치,경계(L3~L4),2,REVIEW_BOUNDARY,1,일치,,
SC_V1990_B090_041,연대표,명사,4,L2,단일일치,경계(L3~L4),3,PROVISIONAL_AUTO,0,충돌,,공식대조(충돌)
SC_V1990_B090_042,연둣빛,명사,3,L1,단일일치,경계(L1~L2),1,PROVISIONAL_AUTO,0,일치,,
SC_V1990_B090_043,연락망,명사,4,L2,단일일치,경계(L3~L4),3,PROVISIONAL_AUTO,0,충돌,,공식대조(충돌)
SC_V1990_B090_044,연령층,명사,4,L2,단일일치,경계(L3~L4),2,REVIEW_BOUNDARY,1,일치,,
SC_V1990_B090_045,연맹,명사,4,L2,단일일치,경계(L3~L4),3,PROVISIONAL_AUTO,0,충돌,,공식대조(충돌)
SC_V1990_B090_046,연못가,명사,3,L1,단일일치,경계(L1~L2),1,PROVISIONAL_AUTO,0,일치,,
SC_V1990_B090_047,연민,명사,4,L2,단일일치,경계(L3~L4),3,PROVISIONAL_AUTO,0,충돌,,공식대조(충돌)
SC_V1990_B090_048,연상되다,동사,4,L2,단일일치,경계(L3~L4),3,PROVISIONAL_AUTO,0,충돌,,공식대조(충돌)
SC_V1990_B090_049,연설문,명사,4,L2,단일일치,경계(L3~L4),2,REVIEW_BOUNDARY,1,일치,,
SC_V1990_B090_050,연소기,명사,4,L2,단일일치,경계(L3~L4),3,PROVISIONAL_AUTO,0,충돌,,공식대조(충돌)
SC_V1991_B091_001,연쇄점,명사,4,L2,단일일치,경계(L3~L4),3,PROVISIONAL_AUTO,0,충돌,,공식대조(충돌)
SC_V1991_B091_002,연수원,명사,4,L2,단일일치,경계(L3~L4),3,PROVISIONAL_AUTO,0,충돌,,공식대조(충돌)
SC_V1991_B091_003,연습량,명사,4,L2,단일일치,경계(L3~L4),2,REVIEW_BOUNDARY,1,일치,,
SC_V1991_B091_004,연싸움,명사,4,L2,단일일치,경계(L3~L4),3,PROVISIONAL_AUTO,0,충돌,,공식대조(충돌)
SC_V1991_B091_005,연월일,명사,4,L2,단일일치,경계(L3~L4),2,REVIEW_BOUNDARY,1,일치,,
SC_V1991_B091_006,연이율,명사,4,L2,단일일치,경계(L3~L4),3,PROVISIONAL_AUTO,0,충돌,,공식대조(충돌)
SC_V1991_B091_007,연잇다,동사,3,L1,단일일치,경계(L1~L2),1,REVIEW_BOUNDARY,1,일치,,
SC_V1991_B091_008,연장전,명사,4,L2,단일일치,경계(L3~L4),3,REVIEW_BOUNDARY,1,충돌,,공식대조(충돌)
SC_V1991_B091_009,연주되다,동사,4,L2,단일일치,경계(L3~L4),2,REVIEW_BOUNDARY,1,일치,,
SC_V1991_B091_010,연주법,명사,4,L2,단일일치,경계(L3~L4),3,PROVISIONAL_AUTO,0,충돌,,공식대조(충돌)
SC_V1991_B091_011,연주자,명사,3,L1,단일일치,경계(L1~L2),1,PROVISIONAL_AUTO,0,일치,,
SC_V1991_B091_012,연출자,명사,4,L2,단일일치,경계(L3~L4),2,REVIEW_BOUNDARY,1,일치,,
SC_V1991_B091_013,연탄불,명사,4,L2,단일일치,경계(L3~L4),2,REVIEW_BOUNDARY,1,일치,,
SC_V1991_B091_014,연탄재,명사,4,L2,단일일치,경계(L3~L4),2,REVIEW_BOUNDARY,1,일치,,
SC_V1991_B091_015,연평균,명사,4,L2,단일일치,경계(L3~L4),2,REVIEW_BOUNDARY,1,일치,,
SC_V1991_B091_016,연표,명사,4,L2,단일일치,경계(L3~L4),3,PROVISIONAL_AUTO,0,충돌,,공식대조(충돌)
SC_V1991_B091_017,연필통,명사,4,L2,단일일치,경계(L3~L4),2,REVIEW_BOUNDARY,1,일치,,
SC_V1991_B091_018,연하장,명사,4,L2,단일일치,경계(L3~L4),3,PROVISIONAL_AUTO,0,충돌,,공식대조(충돌)
SC_V1991_B091_019,연합회,명사,4,L2,단일일치,경계(L3~L4),3,PROVISIONAL_AUTO,0,충돌,,공식대조(충돌)
SC_V1991_B091_020,연회장,명사,4,L2,단일일치,경계(L3~L4),2,REVIEW_BOUNDARY,1,일치,,
SC_V1991_B091_021,열대림,명사,4,L2,단일일치,경계(L3~L4),3,PROVISIONAL_AUTO,0,충돌,,공식대조(충돌)
SC_V1991_B091_023,열등감,명사,4,L2,단일일치,경계(L3~L4),3,PROVISIONAL_AUTO,0,충돌,,공식대조(충돌)
SC_V1991_B091_024,열람,명사,4,L2,단일일치,경계(L3~L4),3,PROVISIONAL_AUTO,0,충돌,,공식대조(충돌)
SC_V1991_B091_025,열람실,명사,3,L1,단일일치,경계(L1~L2),1,PROVISIONAL_AUTO,0,일치,,
SC_V1991_B091_026,열람하다,동사,4,L2,단일일치,경계(L3~L4),3,PROVISIONAL_AUTO,0,충돌,,공식대조(충돌)
SC_V1991_B091_027,열망,명사,4,L2,단일일치,경계(L3~L4),2,REVIEW_BOUNDARY,1,일치,,
SC_V1991_B091_029,열쇠고리,명사,3,L1,단일일치,경계(L1~L2),1,PROVISIONAL_AUTO,0,일치,,
SC_V1991_B091_030,열악하다,형용사,3,L1,단일일치,경계(L1~L2),1,PROVISIONAL_AUTO,0,일치,,
SC_V1991_B091_031,열의,명사,4,L2,단일일치,경계(L3~L4),3,PROVISIONAL_AUTO,0,충돌,,공식대조(충돌)
SC_V1991_B091_032,염려되다,동사,4,L2,단일일치,경계(L3~L4),3,PROVISIONAL_AUTO,0,충돌,,공식대조(충돌)
SC_V1991_B091_033,염려스럽다,형용사,4,L2,단일일치,경계(L3~L4),3,PROVISIONAL_AUTO,0,충돌,,공식대조(충돌)
SC_V1991_B091_034,염료,명사,4,L2,단일일치,경계(L3~L4),2,REVIEW_BOUNDARY,1,일치,,
SC_V1991_B091_035,염원,명사,3,L1,단일일치,경계(L1~L2),1,PROVISIONAL_AUTO,0,일치,,
SC_V1991_B091_036,염원하다,동사,4,L2,단일일치,경계(L3~L4),2,REVIEW_BOUNDARY,1,일치,,
SC_V1991_B091_037,염치,명사,3,L1,단일일치,경계(L1~L2),1,PROVISIONAL_AUTO,0,일치,,
SC_V1991_B091_038,엿가락,명사,4,L2,단일일치,경계(L3~L4),2,REVIEW_BOUNDARY,1,일치,,
SC_V1991_B091_039,엿기름,명사,4,L2,단일일치,경계(L3~L4),3,PROVISIONAL_AUTO,0,충돌,,공식대조(충돌)
SC_V1991_B091_040,엿장수,명사,3,L1,단일일치,경계(L1~L2),1,PROVISIONAL_AUTO,0,일치,,
SC_V1991_B091_041,영광스럽다,형용사,3,L1,단일일치,경계(L1~L2),1,REVIEW_BOUNDARY,1,일치,,
SC_V1991_B091_042,영구치,명사,4,L2,단일일치,경계(L3~L4),3,PROVISIONAL_AUTO,0,충돌,,공식대조(충돌)
SC_V1991_B091_043,영국인,명사,4,L2,단일일치,경계(L3~L4),2,REVIEW_BOUNDARY,1,일치,,
SC_V1991_B091_044,영락없다,형용사,4,L2,단일일치,경계(L3~L4),2,REVIEW_BOUNDARY,1,일치,,
SC_V1991_B091_045,영락없이,부사,4,L2,단일일치,경계(L3~L4),2,REVIEW_BOUNDARY,1,일치,,
SC_V1991_B091_046,영상물,명사,4,L2,단일일치,경계(L3~L4),3,PROVISIONAL_AUTO,0,충돌,,공식대조(충돌)
SC_V1991_B091_047,영양사,명사,4,L2,단일일치,경계(L3~L4),3,PROVISIONAL_AUTO,0,충돌,,공식대조(충돌)
SC_V1991_B091_048,영양식,명사,4,L2,단일일치,경계(L3~L4),2,REVIEW_BOUNDARY,1,일치,,
SC_V1991_B091_050,영업소,명사,4,L2,단일일치,경계(L3~L4),2,REVIEW_BOUNDARY,1,일치,,
SC_V1992_B092_001,영업용,명사,4,L2,단일일치,경계(L3~L4),2,REVIEW_BOUNDARY,1,일치,,
SC_V1992_B092_002,영업하다,동사,3,L1,단일일치,경계(L1~L2),2,REVIEW_BOUNDARY,1,충돌,,공식대조(충돌)
SC_V1992_B092_003,영의정,명사,4,L2,단일일치,경계(L3~L4),3,PROVISIONAL_AUTO,0,충돌,,공식대조(충돌)
SC_V1992_B092_004,영향권,명사,4,L2,단일일치,경계(L3~L4),3,REVIEW_BOUNDARY,1,충돌,,공식대조(충돌)
SC_V1992_B092_005,영화제,명사,4,L2,단일일치,경계(L3~L4),3,REVIEW_BOUNDARY,1,충돌,,공식대조(충돌)
SC_V1992_B092_006,옆모습,명사,4,L2,단일일치,경계(L3~L4),2,REVIEW_BOUNDARY,1,일치,,
SC_V1992_B092_007,예견하다,동사,4,L2,단일일치,경계(L3~L4),2,REVIEW_BOUNDARY,1,일치,207(레벨보류),
SC_V1992_B092_008,예고편,명사,3,L1,단일일치,경계(L1~L2),1,REVIEW_BOUNDARY,1,일치,,
SC_V1992_B092_009,예금되다,동사,4,L2,단일일치,경계(L3~L4),3,REVIEW_BOUNDARY,1,충돌,207(레벨보류),공식대조(충돌)
SC_V1992_B092_010,예금액,명사,4,L2,단일일치,경계(L3~L4),2,REVIEW_BOUNDARY,1,일치,,
SC_V1992_B092_011,예금주,명사,4,L2,단일일치,경계(L3~L4),3,PROVISIONAL_AUTO,0,충돌,,공식대조(충돌)
SC_V1992_B092_012,예금하다,동사,4,L2,단일일치,경계(L3~L4),3,PROVISIONAL_AUTO,0,충돌,,공식대조(충돌)
SC_V1992_B092_013,예끼,감탄사,4,L2,단일일치,경계(L3~L4),3,PROVISIONAL_AUTO,0,충돌,,공식대조(충돌)
SC_V1992_B092_014,예방법,명사,3,L1,단일일치,경계(L1~L2),1,REVIEW_BOUNDARY,1,일치,,
SC_V1992_B092_017,예산서,명사,4,L2,단일일치,경계(L3~L4),3,PROVISIONAL_AUTO,0,충돌,,공식대조(충돌)
SC_V1992_B092_018,예상외,명사,4,L2,단일일치,경계(L3~L4),2,REVIEW_BOUNDARY,1,일치,,
SC_V1992_B092_019,예술가,명사,3,L1,단일일치,경계(L1~L2),1,PROVISIONAL_AUTO,0,일치,,
SC_V1992_B092_020,예술단,명사,4,L2,단일일치,경계(L3~L4),3,PROVISIONAL_AUTO,0,충돌,,공식대조(충돌)
SC_V1992_B092_021,예술성,명사,4,L2,단일일치,경계(L3~L4),3,REVIEW_BOUNDARY,1,충돌,,공식대조(충돌)
SC_V1992_B092_022,예술인,명사,3,L1,단일일치,경계(L1~L2),1,PROVISIONAL_AUTO,0,일치,,
SC_V1992_B092_023,예술제,명사,4,L2,단일일치,경계(L3~L4),3,REVIEW_BOUNDARY,1,충돌,,공식대조(충돌)
SC_V1992_B092_024,예술품,명사,4,L2,단일일치,경계(L3~L4),3,PROVISIONAL_AUTO,0,충돌,,공식대조(충돌)
SC_V1992_B092_025,예습하다,동사,3,L1,단일일치,경계(L1~L2),1,PROVISIONAL_AUTO,0,일치,,
SC_V1992_B092_026,예식장,명사,3,L1,단일일치,경계(L1~L2),1,PROVISIONAL_AUTO,0,일치,,
SC_V1992_B092_027,예약석,명사,4,L2,단일일치,경계(L3~L4),2,REVIEW_BOUNDARY,1,일치,,
SC_V1992_B092_028,예약제,명사,4,L2,단일일치,경계(L3~L4),3,REVIEW_BOUNDARY,1,충돌,,공식대조(충돌)
SC_V1992_B092_029,예의범절,명사,4,L2,단일일치,경계(L3~L4),2,REVIEW_BOUNDARY,1,일치,,
SC_V1992_B092_030,예정일,명사,4,L2,단일일치,경계(L3~L4),2,REVIEW_BOUNDARY,1,일치,,
SC_V1992_B092_031,예정하다,동사,3,L1,단일일치,경계(L1~L2),1,PROVISIONAL_AUTO,0,일치,,
SC_V1992_B092_032,예체능,명사,3,L1,단일일치,경계(L1~L2),1,PROVISIONAL_AUTO,0,일치,,
SC_V1992_B092_033,옛것,명사,3,L1,단일일치,경계(L1~L2),1,PROVISIONAL_AUTO,0,일치,,
SC_V1992_B092_034,옛길,명사,4,L2,단일일치,경계(L3~L4),2,REVIEW_BOUNDARY,1,일치,207(레벨보류),
SC_V1992_B092_035,옛사람,명사,4,L2,단일일치,경계(L3~L4),2,REVIEW_BOUNDARY,1,일치,207(레벨보류),
SC_V1992_B092_036,오곡밥,명사,4,L2,단일일치,경계(L3~L4),3,PROVISIONAL_AUTO,0,충돌,,공식대조(충돌)
SC_V1992_B092_037,오너,명사,4,L2,단일일치,경계(L3~L4),3,PROVISIONAL_AUTO,0,충돌,,공식대조(충돌)
SC_V1992_B092_038,오누이,명사,4,L2,단일일치,경계(L3~L4),2,REVIEW_BOUNDARY,1,일치,,
SC_V1992_B092_040,오래다,형용사,3,L1,단일일치,경계(L1~L2),1,PROVISIONAL_AUTO,0,일치,,
SC_V1992_B092_041,오래달리기,명사,4,L2,단일일치,경계(L3~L4),3,PROVISIONAL_AUTO,0,충돌,,공식대조(충돌)
SC_V1992_B092_042,오로지,부사,3,L1,단일일치,경계(L1~L2),1,PROVISIONAL_AUTO,0,일치,,
SC_V1992_B092_043,오륙,관형사,3,L1,단일일치,경계(L1~L2),1,PROVISIONAL_AUTO,0,일치,,
SC_V1992_B092_044,오르간,명사,4,L2,단일일치,경계(L3~L4),3,PROVISIONAL_AUTO,0,충돌,,공식대조(충돌)
SC_V1992_B092_045,오른,관형사,3,L1,단일일치,경계(L1~L2),1,PROVISIONAL_AUTO,0,일치,,
SC_V1992_B092_046,오른손잡이,명사,4,L2,단일일치,경계(L3~L4),3,PROVISIONAL_AUTO,0,충돌,,공식대조(충돌)
SC_V1992_B092_047,오름세,명사,4,L2,단일일치,경계(L3~L4),2,REVIEW_BOUNDARY,1,일치,,
SC_V1992_B092_048,오막살이집,명사,4,L2,단일일치,경계(L3~L4),3,PROVISIONAL_AUTO,0,충돌,,공식대조(충돌)
SC_V1992_B092_050,오목오목,부사,4,L2,단일일치,경계(L3~L4),3,PROVISIONAL_AUTO,0,충돌,,공식대조(충돌)
SC_V1993_B093_001,오목하다,형용사,4,L2,단일일치,경계(L3~L4),3,PROVISIONAL_AUTO,0,충돌,,공식대조(충돌)
SC_V1993_B093_002,오묘하다,형용사,4,L2,단일일치,경계(L3~L4),2,REVIEW_BOUNDARY,1,일치,,
SC_V1993_B093_003,오므라이스,명사,4,L2,단일일치,경계(L3~L4),3,PROVISIONAL_AUTO,0,충돌,,공식대조(충돌)
SC_V1993_B093_004,오색구름,명사,4,L2,단일일치,경계(L3~L4),3,PROVISIONAL_AUTO,0,충돌,,공식대조(충돌)
SC_V1993_B093_005,오선지,명사,4,L2,단일일치,경계(L3~L4),3,PROVISIONAL_AUTO,0,충돌,,공식대조(충돌)
SC_V1993_B093_006,오솔길,명사,3,L1,단일일치,경계(L1~L2),1,PROVISIONAL_AUTO,0,일치,,
SC_V1993_B093_007,오싹오싹,부사,4,L2,단일일치,경계(L3~L4),3,PROVISIONAL_AUTO,0,충돌,,공식대조(충돌)
SC_V1993_B093_008,오염원,명사,4,L2,단일일치,경계(L3~L4),3,PROVISIONAL_AUTO,0,충돌,,공식대조(충돌)
SC_V1993_B093_010,오이김치,명사,4,L2,단일일치,경계(L3~L4),2,REVIEW_BOUNDARY,1,일치,,
SC_V1993_B093_011,오이꽃,명사,4,L2,단일일치,경계(L3~L4),3,PROVISIONAL_AUTO,0,충돌,,공식대조(충돌)
SC_V1993_B093_012,오일,명사,3,L1,단일일치,경계(L1~L2),1,REVIEW_BOUNDARY,1,일치,,
SC_V1993_B093_013,오작교,명사,4,L2,단일일치,경계(L3~L4),3,PROVISIONAL_AUTO,0,충돌,,공식대조(충돌)
SC_V1993_B093_014,오줌똥,명사,4,L2,단일일치,경계(L3~L4),2,REVIEW_BOUNDARY,1,일치,,
SC_V1993_B093_015,오지랖,명사,4,L2,단일일치,경계(L3~L4),2,REVIEW_BOUNDARY,1,일치,,
SC_V1993_B093_016,오케스트라,명사,3,L1,단일일치,경계(L1~L2),2,REVIEW_BOUNDARY,1,충돌,,공식대조(충돌)
SC_V1993_B093_018,오페라,명사,3,L1,단일일치,경계(L1~L2),1,REVIEW_BOUNDARY,1,일치,,
SC_V1993_B093_019,오프닝,명사,4,L2,단일일치,경계(L3~L4),3,PROVISIONAL_AUTO,0,충돌,,공식대조(충돌)
SC_V1993_B093_020,오프라인,명사,4,L2,단일일치,경계(L3~L4),4,PROVISIONAL_AUTO,0,충돌,,공식대조(충돌)
SC_V1993_B093_022,옥신각신하다,동사,3,L1,단일일치,경계(L1~L2),1,REVIEW_BOUNDARY,1,일치,,
SC_V1993_B093_023,옥외,명사,4,L2,단일일치,경계(L3~L4),2,REVIEW_BOUNDARY,1,일치,,
SC_V1993_B093_024,옥좌,명사,4,L2,단일일치,경계(L3~L4),2,REVIEW_BOUNDARY,1,일치,,
SC_V1993_B093_026,온난화,명사,4,L2,단일일치,경계(L3~L4),4,REVIEW_BOUNDARY,1,충돌,,공식대조(충돌)
SC_V1993_B093_027,온대림,명사,4,L2,단일일치,경계(L3~L4),3,PROVISIONAL_AUTO,0,충돌,,공식대조(충돌)
SC_V1993_B093_028,온도계,명사,3,L1,단일일치,경계(L1~L2),2,REVIEW_BOUNDARY,1,충돌,,공식대조(충돌)
SC_V1993_B093_029,온돌방,명사,4,L2,단일일치,경계(L3~L4),2,REVIEW_BOUNDARY,1,일치,,
SC_V1993_B093_030,온수기,명사,4,L2,단일일치,경계(L3~L4),2,REVIEW_BOUNDARY,1,일치,,
SC_V1993_B093_031,온음,명사,4,L2,단일일치,경계(L3~L4),3,PROVISIONAL_AUTO,0,충돌,,공식대조(충돌)
SC_V1993_B093_032,온천물,명사,4,L2,단일일치,경계(L3~L4),2,REVIEW_BOUNDARY,1,일치,,
SC_V1993_B093_033,온탕,명사,4,L2,단일일치,경계(L3~L4),2,REVIEW_BOUNDARY,1,일치,,
SC_V1993_B093_034,온풍기,명사,4,L2,단일일치,경계(L3~L4),3,PROVISIONAL_AUTO,0,충돌,,공식대조(충돌)
SC_V1993_B093_035,올록볼록,부사,4,L2,단일일치,경계(L3~L4),3,PROVISIONAL_AUTO,0,충돌,,공식대조(충돌)
SC_V1993_B093_036,옳아,감탄사,4,L2,단일일치,경계(L3~L4),3,PROVISIONAL_AUTO,0,충돌,,공식대조(충돌)
SC_V1993_B093_037,옴폭,부사,4,L2,단일일치,경계(L3~L4),2,REVIEW_BOUNDARY,1,일치,,
SC_V1993_B093_038,옷가지,명사,4,L2,단일일치,경계(L3~L4),2,REVIEW_BOUNDARY,1,일치,,
SC_V1993_B093_039,옷감,명사,3,L1,단일일치,경계(L1~L2),1,PROVISIONAL_AUTO,0,일치,,
SC_V1993_B093_040,옷걸이,명사,3,L1,단일일치,경계(L1~L2),1,PROVISIONAL_AUTO,0,일치,,
SC_V1993_B093_041,옷고름,명사,4,L2,단일일치,경계(L3~L4),3,PROVISIONAL_AUTO,0,충돌,,공식대조(충돌)
SC_V1993_B093_042,옷소매,명사,3,L1,단일일치,경계(L1~L2),1,PROVISIONAL_AUTO,0,일치,,
SC_V1993_B093_043,옷솔,명사,4,L2,단일일치,경계(L3~L4),2,REVIEW_BOUNDARY,1,일치,,
SC_V1993_B093_044,옷자락,명사,3,L1,단일일치,경계(L1~L2),1,PROVISIONAL_AUTO,0,일치,,
SC_V1993_B093_045,옷핀,명사,4,L2,단일일치,경계(L3~L4),2,REVIEW_BOUNDARY,1,일치,,
SC_V1993_B093_046,옹기종기,부사,3,L1,단일일치,경계(L1~L2),1,REVIEW_BOUNDARY,1,일치,,
SC_V1993_B093_047,옹달샘,명사,3,L1,단일일치,경계(L1~L2),1,PROVISIONAL_AUTO,0,일치,,
SC_V1993_B093_048,옹알이,명사,4,L2,단일일치,경계(L3~L4),3,PROVISIONAL_AUTO,0,충돌,,공식대조(충돌)
SC_V1993_B093_049,옹호하다,동사,4,L2,단일일치,경계(L3~L4),3,PROVISIONAL_AUTO,0,충돌,,공식대조(충돌)
SC_V1994_B094_001,와이샤쓰,명사,4,L2,단일일치,경계(L3~L4),3,PROVISIONAL_AUTO,0,충돌,,공식대조(충돌)
SC_V1994_B094_003,와장창,부사,3,L1,단일일치,경계(L1~L2),1,PROVISIONAL_AUTO,0,일치,,
SC_V1994_B094_004,와해되다,동사,4,L2,단일일치,경계(L3~L4),3,PROVISIONAL_AUTO,0,충돌,,공식대조(충돌)
SC_V1994_B094_005,왁자지껄,부사,3,L1,단일일치,경계(L1~L2),1,PROVISIONAL_AUTO,0,일치,,
SC_V1994_B094_006,완공되다,동사,3,L1,단일일치,경계(L1~L2),1,PROVISIONAL_AUTO,0,일치,,
SC_V1994_B094_007,완공하다,동사,4,L2,단일일치,경계(L3~L4),2,REVIEW_BOUNDARY,1,일치,,
SC_V1994_B094_008,완두콩,명사,3,L1,단일일치,경계(L1~L2),1,PROVISIONAL_AUTO,0,일치,,
SC_V1994_B094_009,완벽히,부사,4,L2,단일일치,경계(L3~L4),2,REVIEW_BOUNDARY,1,일치,207(레벨보류),
SC_V1994_B094_010,완비되다,동사,4,L2,단일일치,경계(L3~L4),2,REVIEW_BOUNDARY,1,일치,,
SC_V1994_B094_011,완성도,명사,4,L2,단일일치,경계(L3~L4),3,PROVISIONAL_AUTO,0,충돌,,공식대조(충돌)
SC_V1994_B094_012,완주,명사,4,L2,단일일치,경계(L3~L4),2,REVIEW_BOUNDARY,1,일치,,
SC_V1994_B094_013,완주하다,동사,4,L2,단일일치,경계(L3~L4),2,REVIEW_BOUNDARY,1,일치,,
SC_V1994_B094_014,완충되다,동사,4,L2,단일일치,경계(L3~L4),3,PROVISIONAL_AUTO,0,충돌,,공식대조(충돌)
SC_V1994_B094_015,왈츠,명사,3,L1,단일일치,경계(L1~L2),1,REVIEW_BOUNDARY,1,일치,,
SC_V1994_B094_016,왕궁,명사,3,L1,단일일치,경계(L1~L2),1,PROVISIONAL_AUTO,0,일치,,
SC_V1994_B094_017,왕권,명사,4,L2,단일일치,경계(L3~L4),3,REVIEW_BOUNDARY,1,충돌,,공식대조(충돌)
SC_V1994_B094_019,왕립,명사,4,L2,단일일치,경계(L3~L4),2,REVIEW_BOUNDARY,1,일치,,
SC_V1994_B094_020,왕복,명사,4,L2,단일일치,경계(L3~L4),2,REVIEW_BOUNDARY,1,일치,,
SC_V1994_B094_021,왕복하다,동사,4,L2,단일일치,경계(L3~L4),2,REVIEW_BOUNDARY,1,일치,,
SC_V1994_B094_022,왕새우,명사,4,L2,단일일치,경계(L3~L4),2,REVIEW_BOUNDARY,1,일치,,
SC_V1994_B094_028,외가,명사,3,L1,단일일치,경계(L1~L2),1,PROVISIONAL_AUTO,0,일치,,
SC_V1994_B094_029,외가댁,명사,3,L1,단일일치,경계(L1~L2),1,PROVISIONAL_AUTO,0,일치,,
SC_V1994_B094_030,외겹,명사,4,L2,단일일치,경계(L3~L4),2,REVIEW_BOUNDARY,1,일치,,
SC_V1994_B094_031,외교권,명사,4,L2,단일일치,경계(L3~L4),4,REVIEW_BOUNDARY,1,충돌,,공식대조(충돌)
SC_V1994_B094_032,외국계,명사,4,L2,단일일치,경계(L3~L4),2,REVIEW_BOUNDARY,1,일치,,
SC_V1994_B094_033,외국산,명사,3,L1,단일일치,경계(L1~L2),1,PROVISIONAL_AUTO,0,일치,,
SC_V1994_B094_034,외나무다리,명사,4,L2,단일일치,경계(L3~L4),3,PROVISIONAL_AUTO,0,충돌,,공식대조(충돌)
SC_V1994_B094_035,외동딸,명사,3,L1,단일일치,경계(L1~L2),1,PROVISIONAL_AUTO,0,일치,,
SC_V1994_B094_036,외동아들,명사,3,L1,단일일치,경계(L1~L2),1,PROVISIONAL_AUTO,0,일치,,
SC_V1994_B094_037,외딴길,명사,4,L2,단일일치,경계(L3~L4),2,REVIEW_BOUNDARY,1,일치,207(레벨보류),
SC_V1994_B094_038,외딴섬,명사,4,L2,단일일치,경계(L3~L4),2,REVIEW_BOUNDARY,1,일치,,
SC_V1994_B094_039,외딴집,명사,4,L2,단일일치,경계(L3~L4),2,REVIEW_BOUNDARY,1,일치,,
SC_V1994_B094_040,외래어,명사,3,L1,단일일치,경계(L1~L2),2,REVIEW_BOUNDARY,1,충돌,,공식대조(충돌)
SC_V1994_B094_041,외로이,부사,3,L1,단일일치,경계(L1~L2),1,PROVISIONAL_AUTO,0,일치,,
SC_V1994_B094_044,외사촌,명사,3,L1,단일일치,경계(L1~L2),1,PROVISIONAL_AUTO,0,일치,,
SC_V1994_B094_045,외손녀,명사,4,L2,단일일치,경계(L3~L4),2,REVIEW_BOUNDARY,1,일치,,
SC_V1994_B094_046,외손자,명사,4,L2,단일일치,경계(L3~L4),2,REVIEW_BOUNDARY,1,일치,,
SC_V1994_B094_047,외숙부,명사,4,L2,단일일치,경계(L3~L4),2,REVIEW_BOUNDARY,1,일치,,
SC_V1994_B094_048,외양간,명사,3,L1,단일일치,경계(L1~L2),1,PROVISIONAL_AUTO,0,일치,,
SC_V1994_B094_049,외줄,명사,4,L2,단일일치,경계(L3~L4),2,REVIEW_BOUNDARY,1,일치,,
SC_V1994_B094_050,외지다,형용사,4,L2,단일일치,경계(L3~L4),2,REVIEW_BOUNDARY,1,일치,,
SC_V1995_B095_001,외출복,명사,3,L1,단일일치,경계(L1~L2),1,PROVISIONAL_AUTO,0,일치,,
SC_V1995_B095_002,왼편,명사,3,L1,단일일치,경계(L1~L2),1,PROVISIONAL_AUTO,0,일치,,
SC_V1995_B095_003,요긴하다,형용사,4,L2,단일일치,경계(L3~L4),2,REVIEW_BOUNDARY,1,일치,,
SC_V1995_B095_005,요만하다,형용사,3,L1,단일일치,경계(L1~L2),2,REVIEW_BOUNDARY,1,충돌,,공식대조(충돌)
SC_V1995_B095_006,요모조모,명사,4,L2,단일일치,경계(L3~L4),2,REVIEW_BOUNDARY,1,일치,,
SC_V1995_B095_009,요트,명사,3,L1,단일일치,경계(L1~L2),1,REVIEW_BOUNDARY,1,일치,,
SC_V1995_B095_010,요판,명사,4,L2,단일일치,경계(L3~L4),3,PROVISIONAL_AUTO,0,충돌,,공식대조(충돌)
SC_V1995_B095_011,욕되다,형용사,4,L2,단일일치,경계(L3~L4),2,REVIEW_BOUNDARY,1,일치,,
SC_V1995_B095_012,욕망,명사,3,L1,단일일치,경계(L1~L2),1,PROVISIONAL_AUTO,0,일치,,
SC_V1995_B095_013,욕설,명사,4,L2,단일일치,경계(L3~L4),3,PROVISIONAL_AUTO,0,충돌,,공식대조(충돌)
SC_V1995_B095_014,욕심내다,동사,3,L1,단일일치,경계(L1~L2),1,REVIEW_BOUNDARY,1,일치,,
SC_V1995_B095_015,용감성,명사,4,L2,단일일치,경계(L3~L4),3,REVIEW_BOUNDARY,1,충돌,,공식대조(충돌)
SC_V1995_B095_016,용감히,부사,4,L2,단일일치,경계(L3~L4),2,REVIEW_BOUNDARY,1,일치,,
SC_V1995_B095_021,용접기,명사,4,L2,단일일치,경계(L3~L4),3,PROVISIONAL_AUTO,0,충돌,,공식대조(충돌)
SC_V1995_B095_022,우거지다,동사,3,L1,단일일치,경계(L1~L2),1,PROVISIONAL_AUTO,0,일치,,
SC_V1995_B095_023,우당탕,부사,4,L2,단일일치,경계(L3~L4),3,PROVISIONAL_AUTO,0,충돌,,공식대조(충돌)
SC_V1995_B095_024,우두커니,부사,4,L2,단일일치,경계(L3~L4),3,PROVISIONAL_AUTO,0,충돌,,공식대조(충돌)
SC_V1995_B095_025,우등상,명사,4,L2,단일일치,경계(L3~L4),3,PROVISIONAL_AUTO,0,충돌,,공식대조(충돌)
SC_V1995_B095_026,우러나오다,동사,4,L2,단일일치,경계(L3~L4),3,PROVISIONAL_AUTO,0,충돌,,공식대조(충돌)
SC_V1995_B095_028,우리글,명사,4,L2,단일일치,경계(L3~L4),3,PROVISIONAL_AUTO,0,충돌,,공식대조(충돌)
SC_V1995_B095_029,우림,명사,4,L2,단일일치,경계(L3~L4),3,PROVISIONAL_AUTO,0,충돌,,공식대조(충돌)
SC_V1995_B095_030,우물쭈물,부사,3,L1,단일일치,경계(L1~L2),1,PROVISIONAL_AUTO,0,일치,,
SC_V1995_B095_031,우물쭈물하다,동사,3,L1,단일일치,경계(L1~L2),1,REVIEW_BOUNDARY,1,일치,207(레벨보류),
SC_V1995_B095_032,우방국,명사,4,L2,단일일치,경계(L3~L4),3,PROVISIONAL_AUTO,0,충돌,,공식대조(충돌)
SC_V1995_B095_033,우산살,명사,4,L2,단일일치,경계(L3~L4),3,PROVISIONAL_AUTO,0,충돌,,공식대조(충돌)
SC_V1995_B095_034,우선순위,명사,3,L1,단일일치,경계(L1~L2),1,PROVISIONAL_AUTO,0,일치,,
SC_V1995_B095_035,우승기,명사,4,L2,단일일치,경계(L3~L4),2,REVIEW_BOUNDARY,1,일치,,
SC_V1995_B095_036,우승자,명사,4,L2,단일일치,경계(L3~L4),3,PROVISIONAL_AUTO,0,충돌,,공식대조(충돌)
SC_V1995_B095_037,우연찮다,형용사,4,L2,단일일치,경계(L3~L4),2,REVIEW_BOUNDARY,1,일치,,
SC_V1995_B095_039,우월감,명사,4,L2,단일일치,경계(L3~L4),2,REVIEW_BOUNDARY,1,일치,,
SC_V1995_B095_040,우월하다,형용사,3,L1,단일일치,경계(L1~L2),1,PROVISIONAL_AUTO,0,일치,,
SC_V1995_B095_041,우유갑,명사,4,L2,단일일치,경계(L3~L4),2,REVIEW_BOUNDARY,1,일치,,
SC_V1995_B095_042,우유병,명사,3,L1,단일일치,경계(L1~L2),1,PROVISIONAL_AUTO,0,일치,,
SC_V1995_B095_043,우윳빛,명사,4,L2,단일일치,경계(L3~L4),2,REVIEW_BOUNDARY,1,일치,,
SC_V1995_B095_044,우의정,명사,4,L2,단일일치,경계(L3~L4),3,PROVISIONAL_AUTO,0,충돌,,공식대조(충돌)
SC_V1995_B095_045,우지끈,부사,4,L2,단일일치,경계(L3~L4),3,PROVISIONAL_AUTO,0,충돌,,공식대조(충돌)
SC_V1995_B095_047,우측,명사,3,L1,단일일치,경계(L1~L2),1,PROVISIONAL_AUTO,0,일치,,
SC_V1995_B095_048,우편료,명사,4,L2,단일일치,경계(L3~L4),3,PROVISIONAL_AUTO,0,충돌,,공식대조(충돌)
SC_V1995_B095_049,우편물,명사,3,L1,단일일치,경계(L1~L2),1,PROVISIONAL_AUTO,0,일치,,
SC_V1995_B095_050,우편집배원,명사,4,L2,단일일치,경계(L3~L4),4,REVIEW_BOUNDARY,1,충돌,,공식대조(충돌)
SC_V1996_B096_001,우회전,명사,3,L1,단일일치,경계(L1~L2),1,PROVISIONAL_AUTO,0,일치,,
SC_V1996_B096_003,운동복,명사,3,L1,단일일치,경계(L1~L2),1,PROVISIONAL_AUTO,0,일치,,
SC_V1996_B096_004,운동부,명사,3,L1,단일일치,경계(L1~L2),1,PROVISIONAL_AUTO,0,일치,,
SC_V1996_B096_005,운동선수,명사,3,L1,단일일치,경계(L1~L2),1,REVIEW_BOUNDARY,1,일치,,
SC_V1996_B096_006,운반비,명사,4,L2,단일일치,경계(L3~L4),2,REVIEW_BOUNDARY,1,일치,,
SC_V1996_B096_007,운반차,명사,4,L2,단일일치,경계(L3~L4),2,REVIEW_BOUNDARY,1,일치,,
SC_V1996_B096_009,운송,명사,4,L2,단일일치,경계(L3~L4),2,REVIEW_BOUNDARY,1,일치,,
SC_V1996_B096_010,운수업,명사,4,L2,단일일치,경계(L3~L4),3,PROVISIONAL_AUTO,0,충돌,,공식대조(충돌)
SC_V1996_B096_011,운율,명사,4,L2,단일일치,경계(L3~L4),3,REVIEW_BOUNDARY,1,충돌,,공식대조(충돌)
SC_V1996_B096_012,운임,명사,4,L2,단일일치,경계(L3~L4),2,REVIEW_BOUNDARY,1,일치,,
SC_V1996_B096_013,운전면허,명사,3,L1,단일일치,경계(L1~L2),1,PROVISIONAL_AUTO,0,일치,,
SC_V1996_B096_014,운전석,명사,4,L2,단일일치,경계(L3~L4),2,REVIEW_BOUNDARY,1,일치,,
SC_V1996_B096_015,운전자,명사,3,L1,단일일치,경계(L1~L2),1,PROVISIONAL_AUTO,0,일치,,
SC_V1996_B096_016,울긋불긋,부사,3,L1,단일일치,경계(L1~L2),1,REVIEW_BOUNDARY,1,일치,,
SC_V1996_B096_017,울먹거리다,동사,3,L1,단일일치,경계(L1~L2),1,REVIEW_BOUNDARY,1,일치,,
SC_V1996_B096_018,울먹이다,동사,3,L1,단일일치,경계(L1~L2),1,PROVISIONAL_AUTO,0,일치,,
SC_V1996_B096_020,울분,명사,4,L2,단일일치,경계(L3~L4),2,REVIEW_BOUNDARY,1,일치,,
SC_V1996_B096_021,울창하다,형용사,3,L1,단일일치,경계(L1~L2),1,PROVISIONAL_AUTO,0,일치,,
SC_V1996_B096_022,움막,명사,4,L2,단일일치,경계(L3~L4),3,PROVISIONAL_AUTO,0,충돌,,공식대조(충돌)
SC_V1996_B096_023,움집,명사,4,L2,단일일치,경계(L3~L4),2,REVIEW_BOUNDARY,1,일치,,
SC_V1996_B096_024,움찔하다,동사,4,L2,단일일치,경계(L3~L4),3,PROVISIONAL_AUTO,0,충돌,,공식대조(충돌)
SC_V1996_B096_025,움켜잡다,동사,4,L2,단일일치,경계(L3~L4),2,REVIEW_BOUNDARY,1,일치,,
SC_V1996_B096_026,움푹,부사,3,L1,단일일치,경계(L1~L2),1,PROVISIONAL_AUTO,0,일치,,
SC_V1996_B096_027,웃돌다,동사,4,L2,단일일치,경계(L3~L4),3,PROVISIONAL_AUTO,0,충돌,,공식대조(충돌)
SC_V1996_B096_028,웃어른,명사,3,L1,단일일치,경계(L1~L2),1,PROVISIONAL_AUTO,0,일치,,
SC_V1996_B096_029,웃옷,명사,4,L2,단일일치,경계(L3~L4),2,REVIEW_BOUNDARY,1,일치,,
SC_V1996_B096_031,웅대하다,형용사,4,L2,단일일치,경계(L3~L4),2,REVIEW_BOUNDARY,1,일치,,
SC_V1996_B096_032,웅덩이,명사,3,L1,단일일치,경계(L1~L2),1,PROVISIONAL_AUTO,0,일치,,
SC_V1996_B096_033,웅성거리다,동사,3,L1,단일일치,경계(L1~L2),1,REVIEW_BOUNDARY,1,일치,,
SC_V1996_B096_034,웅성이다,동사,4,L2,단일일치,경계(L3~L4),3,PROVISIONAL_AUTO,0,충돌,,공식대조(충돌)
SC_V1996_B096_036,원두막,명사,3,L1,단일일치,경계(L1~L2),1,REVIEW_BOUNDARY,1,일치,,
SC_V1996_B096_037,원두커피,명사,4,L2,단일일치,경계(L3~L4),3,PROVISIONAL_AUTO,0,충돌,,공식대조(충돌)
SC_V1996_B096_038,원료비,명사,4,L2,단일일치,경계(L3~L4),3,PROVISIONAL_AUTO,0,충돌,,공식대조(충돌)
SC_V1996_B096_039,원반던지기,명사,4,L2,단일일치,경계(L3~L4),3,REVIEW_BOUNDARY,1,충돌,,공식대조(충돌)
SC_V1996_B096_040,원뿔,명사,4,L2,단일일치,경계(L3~L4),3,REVIEW_BOUNDARY,1,충돌,,공식대조(충돌)
SC_V1996_B096_041,원시림,명사,4,L2,단일일치,경계(L3~L4),2,REVIEW_BOUNDARY,1,일치,,
SC_V1996_B096_042,원어,명사,4,L2,단일일치,경계(L3~L4),2,REVIEW_BOUNDARY,1,일치,,
SC_V1996_B096_043,원어민,명사,3,L1,단일일치,경계(L1~L2),1,PROVISIONAL_AUTO,0,일치,,
SC_V1996_B096_044,원자재,명사,4,L2,단일일치,경계(L3~L4),2,REVIEW_BOUNDARY,1,일치,,
SC_V1996_B096_045,원재료,명사,4,L2,단일일치,경계(L3~L4),2,REVIEW_BOUNDARY,1,일치,,
SC_V1996_B096_047,원주율,명사,4,L2,단일일치,경계(L3~L4),3,REVIEW_BOUNDARY,1,충돌,,공식대조(충돌)
SC_V1996_B096_048,원통형,명사,4,L2,단일일치,경계(L3~L4),2,REVIEW_BOUNDARY,1,일치,,
SC_V1996_B096_049,원한,명사,3,L1,단일일치,경계(L1~L2),1,PROVISIONAL_AUTO,0,일치,,
SC_V1996_B096_050,월급날,명사,4,L2,단일일치,경계(L3~L4),2,REVIEW_BOUNDARY,1,일치,,
SC_V1997_B097_001,월등하다,형용사,3,L1,단일일치,경계(L1~L2),1,REVIEW_BOUNDARY,1,일치,,
SC_V1997_B097_002,월말,명사,3,L1,단일일치,경계(L1~L2),1,PROVISIONAL_AUTO,0,일치,,
SC_V1997_B097_003,월평균,명사,4,L2,단일일치,경계(L3~L4),2,REVIEW_BOUNDARY,1,일치,207(레벨보류),
SC_V1997_B097_004,웨딩드레스,명사,3,L1,단일일치,경계(L1~L2),1,REVIEW_BOUNDARY,1,일치,,
SC_V1997_B097_005,웨이브,명사,4,L2,단일일치,경계(L3~L4),3,PROVISIONAL_AUTO,0,충돌,,공식대조(충돌)
SC_V1997_B097_006,웹툰,명사,3,L1,단일일치,경계(L1~L2),1,PROVISIONAL_AUTO,0,일치,,
SC_V1997_B097_008,위문,명사,4,L2,단일일치,경계(L3~L4),3,PROVISIONAL_AUTO,0,충돌,,공식대조(충돌)
SC_V1997_B097_009,위문하다,동사,4,L2,단일일치,경계(L3~L4),3,PROVISIONAL_AUTO,0,충돌,,공식대조(충돌)
SC_V1997_B097_010,위배되다,동사,4,L2,단일일치,경계(L3~L4),3,PROVISIONAL_AUTO,0,충돌,,공식대조(충돌)
SC_V1997_B097_012,위생비,명사,4,L2,단일일치,경계(L3~L4),3,PROVISIONAL_AUTO,0,충돌,,공식대조(충돌)
SC_V1997_B097_013,위압감,명사,4,L2,단일일치,경계(L3~L4),3,PROVISIONAL_AUTO,0,충돌,,공식대조(충돌)
SC_V1997_B097_014,위엄,명사,3,L1,단일일치,경계(L1~L2),1,PROVISIONAL_AUTO,0,일치,,
SC_V1997_B097_015,위원단,명사,4,L2,단일일치,경계(L3~L4),3,PROVISIONAL_AUTO,0,충돌,,공식대조(충돌)
SC_V1997_B097_016,위원장,명사,4,L2,단일일치,경계(L3~L4),2,REVIEW_BOUNDARY,1,일치,,
SC_V1997_B097_017,위인전,명사,3,L1,단일일치,경계(L1~L2),1,PROVISIONAL_AUTO,0,일치,,
SC_V1997_B097_018,위태롭다,형용사,3,L1,단일일치,경계(L1~L2),1,PROVISIONAL_AUTO,0,일치,,
SC_V1997_B097_019,위태위태하다,형용사,4,L2,단일일치,경계(L3~L4),3,PROVISIONAL_AUTO,0,충돌,,공식대조(충돌)
SC_V1997_B097_020,위태하다,형용사,3,L1,단일일치,경계(L1~L2),1,PROVISIONAL_AUTO,0,일치,,
SC_V1997_B097_021,위트,명사,4,L2,단일일치,경계(L3~L4),3,PROVISIONAL_AUTO,0,충돌,,공식대조(충돌)
SC_V1997_B097_022,위헌,명사,4,L2,단일일치,경계(L3~L4),3,REVIEW_BOUNDARY,1,충돌,,공식대조(충돌)
SC_V1997_B097_023,위험성,명사,3,L1,단일일치,경계(L1~L2),2,REVIEW_BOUNDARY,1,충돌,,공식대조(충돌)
SC_V1997_B097_024,윗니,명사,3,L1,단일일치,경계(L1~L2),1,PROVISIONAL_AUTO,0,일치,,
SC_V1997_B097_025,윗동네,명사,3,L1,단일일치,경계(L1~L2),1,PROVISIONAL_AUTO,0,일치,,
SC_V1997_B097_026,윗마을,명사,3,L1,단일일치,경계(L1~L2),1,PROVISIONAL_AUTO,0,일치,,
SC_V1997_B097_027,윗면,명사,4,L2,단일일치,경계(L3~L4),2,REVIEW_BOUNDARY,1,일치,,
SC_V1997_B097_028,윗몸,명사,3,L1,단일일치,경계(L1~L2),1,PROVISIONAL_AUTO,0,일치,,
SC_V1997_B097_029,윗옷,명사,3,L1,단일일치,경계(L1~L2),1,PROVISIONAL_AUTO,0,일치,,
SC_V1997_B097_034,유난히,부사,3,L1,단일일치,경계(L1~L2),1,REVIEW_BOUNDARY,1,일치,,
SC_V1997_B097_035,유념하다,동사,4,L2,단일일치,경계(L3~L4),3,PROVISIONAL_AUTO,0,충돌,,공식대조(충돌)
SC_V1997_B097_036,유능하다,형용사,3,L1,단일일치,경계(L1~L2),1,PROVISIONAL_AUTO,0,일치,,
SC_V1997_B097_037,유단자,명사,4,L2,단일일치,경계(L3~L4),3,REVIEW_BOUNDARY,1,충돌,,공식대조(충돌)
SC_V1997_B097_038,유달리,부사,4,L2,단일일치,경계(L3~L4),2,REVIEW_BOUNDARY,1,일치,,
SC_V1997_B097_039,유대감,명사,4,L2,단일일치,경계(L3~L4),2,REVIEW_BOUNDARY,1,일치,207(레벨보류),
SC_V1997_B097_040,유리관,명사,4,L2,단일일치,경계(L3~L4),3,PROVISIONAL_AUTO,0,충돌,,공식대조(충돌)
SC_V1997_B097_041,유리구슬,명사,4,L2,단일일치,경계(L3~L4),2,REVIEW_BOUNDARY,1,일치,,
SC_V1997_B097_042,유리그릇,명사,4,L2,단일일치,경계(L3~L4),2,REVIEW_BOUNDARY,1,일치,,
SC_V1997_B097_043,유리문,명사,3,L1,단일일치,경계(L1~L2),1,PROVISIONAL_AUTO,0,일치,,
SC_V1997_B097_044,유리컵,명사,3,L1,단일일치,경계(L1~L2),1,PROVISIONAL_AUTO,0,일치,,
SC_V1997_B097_045,유리판,명사,4,L2,단일일치,경계(L3~L4),2,REVIEW_BOUNDARY,1,일치,,
SC_V1997_B097_046,유명세,명사,4,L2,단일일치,경계(L3~L4),3,PROVISIONAL_AUTO,0,충돌,,공식대조(충돌)
SC_V1997_B097_047,유명인,명사,3,L1,단일일치,경계(L1~L2),1,PROVISIONAL_AUTO,0,일치,,
SC_V1997_B097_048,유모차,명사,3,L1,단일일치,경계(L1~L2),1,PROVISIONAL_AUTO,0,일치,,
SC_V1997_B097_050,유배되다,동사,4,L2,단일일치,경계(L3~L4),3,PROVISIONAL_AUTO,0,충돌,,공식대조(충돌)
SC_V1998_B098_003,유산균,명사,4,L2,단일일치,경계(L3~L4),3,PROVISIONAL_AUTO,0,충돌,,공식대조(충돌)
SC_V1998_B098_004,유소년,명사,4,L2,단일일치,경계(L3~L4),2,REVIEW_BOUNDARY,1,일치,,
SC_V1998_B098_005,유실수,명사,4,L2,단일일치,경계(L3~L4),3,PROVISIONAL_AUTO,0,충돌,,공식대조(충돌)
SC_V1998_B098_009,유유자적,명사,4,L2,단일일치,경계(L3~L4),3,PROVISIONAL_AUTO,0,충돌,,공식대조(충돌)
SC_V1998_B098_010,유의어,명사,4,L2,단일일치,경계(L3~L4),3,PROVISIONAL_AUTO,0,충돌,,공식대조(충돌)
SC_V1998_B098_012,유적지,명사,3,L1,단일일치,경계(L1~L2),1,PROVISIONAL_AUTO,0,일치,,
SC_V1998_B098_013,유제품,명사,4,L2,단일일치,경계(L3~L4),3,PROVISIONAL_AUTO,0,충돌,,공식대조(충돌)
SC_V1998_B098_014,유조선,명사,4,L2,단일일치,경계(L3~L4),2,REVIEW_BOUNDARY,1,일치,,
SC_V1998_B098_015,유창하다,형용사,3,L1,단일일치,경계(L1~L2),1,PROVISIONAL_AUTO,0,일치,,
SC_V1998_B098_016,유채색,명사,4,L2,단일일치,경계(L3~L4),3,PROVISIONAL_AUTO,0,충돌,,공식대조(충돌)
SC_V1998_B098_017,유학자,명사,4,L2,단일일치,경계(L3~L4),2,REVIEW_BOUNDARY,1,일치,,
SC_V1998_B098_019,유행가,명사,3,L1,단일일치,경계(L1~L2),1,REVIEW_BOUNDARY,1,일치,,
SC_V1998_B098_020,유행성,명사,4,L2,단일일치,경계(L3~L4),3,REVIEW_BOUNDARY,1,충돌,,공식대조(충돌)
SC_V1998_B098_021,육각기둥,명사,4,L2,단일일치,경계(L3~L4),3,PROVISIONAL_AUTO,0,충돌,,공식대조(충돌)
SC_V1998_B098_022,육개장,명사,3,L1,단일일치,경계(L1~L2),1,REVIEW_BOUNDARY,1,일치,,
SC_V1998_B098_023,육대주,명사,4,L2,단일일치,경계(L3~L4),3,PROVISIONAL_AUTO,0,충돌,,공식대조(충돌)
SC_V1998_B098_024,육로,명사,4,L2,단일일치,경계(L3~L4),2,REVIEW_BOUNDARY,1,일치,,
SC_V1998_B098_025,육면체,명사,4,L2,단일일치,경계(L3~L4),3,PROVISIONAL_AUTO,0,충돌,,공식대조(충돌)
SC_V1998_B098_026,육중하다,형용사,4,L2,단일일치,경계(L3~L4),2,REVIEW_BOUNDARY,1,일치,,
SC_V1998_B098_028,융성,명사,4,L2,단일일치,경계(L3~L4),3,PROVISIONAL_AUTO,0,충돌,,공식대조(충돌)
SC_V1998_B098_029,융숭하다,형용사,4,L2,단일일치,경계(L3~L4),2,REVIEW_BOUNDARY,1,일치,,
SC_V1998_B098_030,으뜸음,명사,4,L2,단일일치,경계(L3~L4),3,PROVISIONAL_AUTO,0,충돌,,공식대조(충돌)
SC_V1998_B098_031,으리으리하다,형용사,3,L1,단일일치,경계(L1~L2),1,REVIEW_BOUNDARY,1,일치,,
SC_V1998_B098_033,으스스,부사,3,L1,단일일치,경계(L1~L2),1,PROVISIONAL_AUTO,0,일치,,
SC_V1998_B098_034,으스스하다,형용사,3,L1,단일일치,경계(L1~L2),2,REVIEW_BOUNDARY,1,충돌,,공식대조(충돌)
SC_V1998_B098_035,으앙,부사,3,L1,단일일치,경계(L1~L2),1,PROVISIONAL_AUTO,0,일치,,
SC_V1998_B098_036,으하하,부사,4,L2,단일일치,경계(L3~L4),3,PROVISIONAL_AUTO,0,충돌,,공식대조(충돌)
SC_V1998_B098_037,으허허,부사,4,L2,단일일치,경계(L3~L4),3,PROVISIONAL_AUTO,0,충돌,,공식대조(충돌)
SC_V1998_B098_038,으흐흑,부사,4,L2,단일일치,경계(L3~L4),3,PROVISIONAL_AUTO,0,충돌,,공식대조(충돌)
SC_V1998_B098_039,윽박지르다,동사,4,L2,단일일치,경계(L3~L4),3,PROVISIONAL_AUTO,0,충돌,,공식대조(충돌)
SC_V1998_B098_040,은구슬,명사,4,L2,단일일치,경계(L3~L4),2,REVIEW_BOUNDARY,1,일치,207(레벨보류),
SC_V1998_B098_041,은근슬쩍,부사,3,L1,단일일치,경계(L1~L2),1,PROVISIONAL_AUTO,0,일치,,
SC_V1998_B098_042,은돈,명사,4,L2,단일일치,경계(L3~L4),2,REVIEW_BOUNDARY,1,일치,,
SC_V1998_B098_043,은메달,명사,3,L1,단일일치,경계(L1~L2),1,PROVISIONAL_AUTO,0,일치,,
SC_V1998_B098_044,은밀하다,형용사,3,L1,단일일치,경계(L1~L2),1,PROVISIONAL_AUTO,0,일치,,
SC_V1998_B098_045,은방울,명사,4,L2,단일일치,경계(L3~L4),2,REVIEW_BOUNDARY,1,일치,,
SC_V1998_B098_046,은빛,명사,3,L1,단일일치,경계(L1~L2),1,PROVISIONAL_AUTO,0,일치,,
SC_V1998_B098_047,은신처,명사,4,L2,단일일치,경계(L3~L4),2,REVIEW_BOUNDARY,1,일치,,
SC_V1998_B098_048,은실,명사,4,L2,단일일치,경계(L3~L4),2,REVIEW_BOUNDARY,1,일치,,
SC_V1998_B098_049,은유법,명사,4,L2,단일일치,경계(L3~L4),4,REVIEW_BOUNDARY,1,충돌,,공식대조(충돌)
SC_V1998_B098_050,은퇴,명사,4,L2,단일일치,경계(L3~L4),3,PROVISIONAL_AUTO,0,충돌,,공식대조(충돌)
SC_V1999_B099_001,은퇴하다,동사,3,L1,단일일치,경계(L1~L2),1,REVIEW_BOUNDARY,1,일치,,
SC_V1999_B099_002,은하,명사,4,L2,단일일치,경계(L3~L4),3,REVIEW_BOUNDARY,1,충돌,,공식대조(충돌)
SC_V1999_B099_003,은하수,명사,3,L1,단일일치,경계(L1~L2),1,PROVISIONAL_AUTO,0,일치,,
SC_V1999_B099_004,은행원,명사,3,L1,단일일치,경계(L1~L2),1,PROVISIONAL_AUTO,0,일치,,
SC_V1999_B099_005,은행장,명사,4,L2,단일일치,경계(L3~L4),3,PROVISIONAL_AUTO,0,충돌,,공식대조(충돌)
SC_V1999_B099_006,읊조리다,동사,4,L2,단일일치,경계(L3~L4),2,REVIEW_BOUNDARY,1,일치,,
SC_V1999_B099_008,음반,명사,4,L2,단일일치,경계(L3~L4),3,PROVISIONAL_AUTO,0,충돌,,공식대조(충돌)
SC_V1999_B099_009,음식상,명사,4,L2,단일일치,경계(L3~L4),2,REVIEW_BOUNDARY,1,일치,,
SC_V1999_B099_010,음악가,명사,3,L1,단일일치,경계(L1~L2),1,PROVISIONAL_AUTO,0,일치,,
SC_V1999_B099_011,음악대,명사,4,L2,단일일치,경계(L3~L4),3,PROVISIONAL_AUTO,0,충돌,,공식대조(충돌)
SC_V1999_B099_012,음악인,명사,4,L2,단일일치,경계(L3~L4),3,PROVISIONAL_AUTO,0,충돌,,공식대조(충돌)
SC_V1999_B099_013,음파,명사,4,L2,단일일치,경계(L3~L4),3,REVIEW_BOUNDARY,1,충돌,,공식대조(충돌)
SC_V1999_B099_014,음표,명사,3,L1,단일일치,경계(L1~L2),1,REVIEW_BOUNDARY,1,일치,,
SC_V1999_B099_015,음향,명사,3,L1,단일일치,경계(L1~L2),1,PROVISIONAL_AUTO,0,일치,,
SC_V1999_B099_017,읍사무소,명사,4,L2,단일일치,경계(L3~L4),3,PROVISIONAL_AUTO,0,충돌,,공식대조(충돌)
SC_V1999_B099_018,읍장,명사,4,L2,단일일치,경계(L3~L4),3,PROVISIONAL_AUTO,0,충돌,,공식대조(충돌)
SC_V1999_B099_020,응낙하다,동사,4,L2,단일일치,경계(L3~L4),3,PROVISIONAL_AUTO,0,충돌,,공식대조(충돌)
SC_V1999_B099_021,응달,명사,4,L2,단일일치,경계(L3~L4),2,REVIEW_BOUNDARY,1,일치,,
SC_V1999_B099_022,응답자,명사,4,L2,단일일치,경계(L3~L4),2,REVIEW_BOUNDARY,1,일치,,
SC_V1999_B099_023,응답하다,동사,4,L2,단일일치,경계(L3~L4),2,REVIEW_BOUNDARY,1,일치,,
SC_V1999_B099_024,응모하다,동사,4,L2,단일일치,경계(L3~L4),2,REVIEW_BOUNDARY,1,일치,,
SC_V1999_B099_026,응원가,명사,4,L2,단일일치,경계(L3~L4),3,PROVISIONAL_AUTO,0,충돌,,공식대조(충돌)
SC_V1999_B099_027,응원기,명사,4,L2,단일일치,경계(L3~L4),2,REVIEW_BOUNDARY,1,일치,,
SC_V1999_B099_028,응접실,명사,4,L2,단일일치,경계(L3~L4),3,PROVISIONAL_AUTO,0,충돌,,공식대조(충돌)
SC_V1999_B099_029,응하다,동사,3,L1,단일일치,경계(L1~L2),1,PROVISIONAL_AUTO,0,일치,,
SC_V1999_B099_030,의견서,명사,4,L2,단일일치,경계(L3~L4),2,REVIEW_BOUNDARY,1,일치,,
SC_V1999_B099_031,의결하다,동사,4,L2,단일일치,경계(L3~L4),2,REVIEW_BOUNDARY,1,일치,,
SC_V1999_B099_032,의기소침하다,형용사,4,L2,단일일치,경계(L3~L4),3,PROVISIONAL_AUTO,0,충돌,,공식대조(충돌)
SC_V1999_B099_033,의기양양하다,형용사,4,L2,단일일치,경계(L3~L4),3,PROVISIONAL_AUTO,0,충돌,,공식대조(충돌)
SC_V1999_B099_034,의롭다,형용사,3,L1,단일일치,경계(L1~L2),1,PROVISIONAL_AUTO,0,일치,,
SC_V1999_B099_035,의뢰인,명사,4,L2,단일일치,경계(L3~L4),2,REVIEW_BOUNDARY,1,일치,,
SC_V1999_B099_036,의료비,명사,4,L2,단일일치,경계(L3~L4),3,PROVISIONAL_AUTO,0,충돌,,공식대조(충돌)
SC_V1999_B099_037,의류,명사,3,L1,단일일치,경계(L1~L2),1,PROVISIONAL_AUTO,0,일치,,
SC_V1999_B099_038,의무화,명사,4,L2,단일일치,경계(L3~L4),3,PROVISIONAL_AUTO,0,충돌,,공식대조(충돌)
SC_V1999_B099_039,의문사,명사,4,L2,단일일치,경계(L3~L4),3,PROVISIONAL_AUTO,0,충돌,,공식대조(충돌)
SC_V1999_B099_040,의문스럽다,형용사,4,L2,단일일치,경계(L3~L4),3,PROVISIONAL_AUTO,0,충돌,,공식대조(충돌)
SC_V1999_B099_041,의미심장하다,형용사,4,L2,단일일치,경계(L3~L4),3,PROVISIONAL_AUTO,0,충돌,,공식대조(충돌)
SC_V1999_B099_043,의사당,명사,4,L2,단일일치,경계(L3~L4),3,PROVISIONAL_AUTO,0,충돌,,공식대조(충돌)
SC_V1999_B099_044,의사소통하다,동사,4,L2,단일일치,경계(L3~L4),3,PROVISIONAL_AUTO,0,충돌,,공식대조(충돌)
SC_V1999_B099_045,의생활,명사,4,L2,단일일치,경계(L3~L4),2,REVIEW_BOUNDARY,1,일치,,
SC_V1999_B099_046,의성어,명사,4,L2,단일일치,경계(L3~L4),3,PROVISIONAL_AUTO,0,충돌,,공식대조(충돌)
SC_V1999_B099_048,의식주,명사,3,L1,단일일치,경계(L1~L2),1,PROVISIONAL_AUTO,0,일치,,
SC_V1999_B099_049,의심되다,동사,3,L1,단일일치,경계(L1~L2),1,PROVISIONAL_AUTO,0,일치,,
SC_V1999_B099_050,의심쩍다,형용사,4,L2,단일일치,경계(L3~L4),2,REVIEW_BOUNDARY,1,일치,,
SC_V19100_B100_001,의아스럽다,형용사,4,L2,단일일치,경계(L3~L4),3,PROVISIONAL_AUTO,0,충돌,,공식대조(충돌)
SC_V19100_B100_002,의약품,명사,4,L2,단일일치,경계(L3~L4),2,REVIEW_BOUNDARY,1,일치,,
SC_V19100_B100_003,의외,명사,3,L1,단일일치,경계(L1~L2),1,PROVISIONAL_AUTO,0,일치,,
SC_V19100_B100_005,의좋다,형용사,4,L2,단일일치,경계(L3~L4),2,REVIEW_BOUNDARY,1,일치,207(레벨보류),
SC_V19100_B100_006,의지력,명사,3,L1,단일일치,경계(L1~L2),1,REVIEW_BOUNDARY,1,일치,,
SC_V19100_B100_007,의태어,명사,4,L2,단일일치,경계(L3~L4),3,PROVISIONAL_AUTO,0,충돌,,공식대조(충돌)
SC_V19100_B100_009,의혹,명사,4,L2,단일일치,경계(L3~L4),2,REVIEW_BOUNDARY,1,일치,,
SC_V19100_B100_010,이기심,명사,3,L1,단일일치,경계(L1~L2),1,PROVISIONAL_AUTO,0,일치,,
SC_V19100_B100_012,이까짓,관형사,4,L2,단일일치,경계(L3~L4),3,PROVISIONAL_AUTO,0,충돌,,공식대조(충돌)
SC_V19100_B100_013,이듬해,명사,4,L2,단일일치,경계(L3~L4),2,REVIEW_BOUNDARY,1,일치,,
SC_V19100_B100_014,이따금,부사,3,L1,단일일치,경계(L1~L2),1,PROVISIONAL_AUTO,0,일치,,
SC_V19100_B100_015,이래저래,부사,3,L1,단일일치,경계(L1~L2),1,PROVISIONAL_AUTO,0,일치,,
SC_V19100_B100_016,이러저러하다,형용사,4,L2,단일일치,경계(L3~L4),3,PROVISIONAL_AUTO,0,충돌,,공식대조(충돌)
SC_V19100_B100_017,이륙하다,동사,3,L1,단일일치,경계(L1~L2),1,PROVISIONAL_AUTO,0,일치,,
SC_V19100_B100_018,이를테면,부사,3,L1,단일일치,경계(L1~L2),1,PROVISIONAL_AUTO,0,일치,,
SC_V19100_B100_019,이름나다,동사,3,L1,단일일치,경계(L1~L2),1,PROVISIONAL_AUTO,0,일치,,
SC_V19100_B100_020,이리하여,부사,4,L2,단일일치,경계(L3~L4),3,PROVISIONAL_AUTO,0,충돌,,공식대조(충돌)
SC_V19100_B100_021,이맘때,명사,3,L1,단일일치,경계(L1~L2),1,PROVISIONAL_AUTO,0,일치,,
SC_V19100_B100_022,이메일,명사,3,L1,단일일치,경계(L1~L2),2,REVIEW_BOUNDARY,1,충돌,,공식대조(충돌)
SC_V19100_B100_023,이모님,명사,4,L2,단일일치,경계(L3~L4),2,REVIEW_BOUNDARY,1,일치,,
SC_V19100_B100_024,이모부님,명사,4,L2,단일일치,경계(L3~L4),2,REVIEW_BOUNDARY,1,일치,,
SC_V19100_B100_025,이모저모,명사,4,L2,단일일치,경계(L3~L4),2,REVIEW_BOUNDARY,1,일치,,
SC_V19100_B100_026,이모티콘,명사,4,L2,단일일치,경계(L3~L4),3,PROVISIONAL_AUTO,0,충돌,,공식대조(충돌)
SC_V19100_B100_027,이목구비,명사,3,L1,단일일치,경계(L1~L2),1,PROVISIONAL_AUTO,0,일치,,
SC_V19100_B100_028,이물질,명사,3,L1,단일일치,경계(L1~L2),1,PROVISIONAL_AUTO,0,일치,,
SC_V19100_B100_029,이민자,명사,4,L2,단일일치,경계(L3~L4),3,PROVISIONAL_AUTO,0,충돌,,공식대조(충돌)
SC_V19100_B100_030,이민하다,동사,4,L2,단일일치,경계(L3~L4),2,REVIEW_BOUNDARY,1,일치,,
SC_V19100_B100_031,이발사,명사,4,L2,단일일치,경계(L3~L4),3,PROVISIONAL_AUTO,0,충돌,,공식대조(충돌)
SC_V19100_B100_032,이별하다,동사,3,L1,단일일치,경계(L1~L2),1,PROVISIONAL_AUTO,0,일치,,
SC_V19100_B100_033,이부자리,명사,3,L1,단일일치,경계(L1~L2),1,PROVISIONAL_AUTO,0,일치,,
SC_V19100_B100_037,이슬비,명사,3,L1,단일일치,경계(L1~L2),1,PROVISIONAL_AUTO,0,일치,,
SC_V19100_B100_039,이야기꽃,명사,4,L2,단일일치,경계(L3~L4),3,PROVISIONAL_AUTO,0,충돌,,공식대조(충돌)
SC_V19100_B100_040,이야깃거리,명사,3,L1,단일일치,경계(L1~L2),1,REVIEW_BOUNDARY,1,일치,,
SC_V19100_B100_041,이야아,감탄사,4,L2,단일일치,경계(L3~L4),2,REVIEW_BOUNDARY,1,일치,,
SC_V19100_B100_042,이어받다,동사,3,L1,단일일치,경계(L1~L2),1,REVIEW_BOUNDARY,1,일치,,
SC_V19100_B100_043,이에,부사,4,L2,단일일치,경계(L3~L4),2,REVIEW_BOUNDARY,1,일치,,
SC_V19100_B100_044,이왕이면,부사,3,L1,단일일치,경계(L1~L2),1,PROVISIONAL_AUTO,0,일치,,
SC_V19100_B100_045,이용자,명사,3,L1,단일일치,경계(L1~L2),1,PROVISIONAL_AUTO,0,일치,,
SC_V19100_B100_046,이웃사촌,명사,4,L2,단일일치,경계(L3~L4),3,PROVISIONAL_AUTO,0,충돌,,공식대조(충돌)
SC_V19100_B100_047,이웃하다,동사,4,L2,단일일치,경계(L3~L4),3,PROVISIONAL_AUTO,0,충돌,,공식대조(충돌)
SC_V19100_B100_048,이윽고,부사,3,L1,단일일치,경계(L1~L2),1,PROVISIONAL_AUTO,0,일치,,
SC_V19100_B100_049,이음매,명사,4,L2,단일일치,경계(L3~L4),2,REVIEW_BOUNDARY,1,일치,,
SC_V19100_B100_050,이익금,명사,4,L2,단일일치,경계(L3~L4),2,REVIEW_BOUNDARY,1,일치,,
SC_V19101_B101_001,이자율,명사,4,L2,단일일치,경계(L3~L4),3,REVIEW_BOUNDARY,1,충돌,207(레벨보류),공식대조(충돌)
SC_V19101_B101_003,이종사촌,명사,3,L1,단일일치,경계(L1~L2),1,PROVISIONAL_AUTO,0,일치,,
SC_V19101_B101_004,이주민,명사,3,L1,단일일치,경계(L1~L2),1,PROVISIONAL_AUTO,0,일치,,
SC_V19101_B101_005,이즈음,명사,4,L2,단일일치,경계(L3~L4),2,REVIEW_BOUNDARY,1,일치,,
SC_V19101_B101_007,이쪽저쪽,명사,4,L2,단일일치,경계(L3~L4),2,REVIEW_BOUNDARY,1,일치,,
SC_V19101_B101_008,이탈,명사,4,L2,단일일치,경계(L3~L4),3,PROVISIONAL_AUTO,0,충돌,,공식대조(충돌)
SC_V19101_B101_009,이토록,부사,3,L1,단일일치,경계(L1~L2),1,REVIEW_BOUNDARY,1,일치,,
SC_V19101_B101_010,이파리,명사,4,L2,단일일치,경계(L3~L4),2,REVIEW_BOUNDARY,1,일치,,
SC_V19101_B101_011,이해심,명사,4,L2,단일일치,경계(L3~L4),2,REVIEW_BOUNDARY,1,일치,,
SC_V19101_B101_014,익살,명사,4,L2,단일일치,경계(L3~L4),3,PROVISIONAL_AUTO,0,충돌,,공식대조(충돌)
SC_V19101_B101_015,익살스럽다,형용사,4,L2,단일일치,경계(L3~L4),3,PROVISIONAL_AUTO,0,충돌,,공식대조(충돌)
SC_V19101_B101_016,인간관계,명사,3,L1,단일일치,경계(L1~L2),2,PROVISIONAL_AUTO,0,충돌,17(L2_PROVISIONAL_AUTO),공식대조(충돌)
SC_V19101_B101_017,인간미,명사,4,L2,단일일치,경계(L3~L4),2,REVIEW_BOUNDARY,1,일치,,
SC_V19101_B101_018,인공호,명사,4,L2,단일일치,경계(L3~L4),3,PROVISIONAL_AUTO,0,충돌,,공식대조(충돌)
SC_V19101_B101_020,인구수,명사,4,L2,단일일치,경계(L3~L4),2,REVIEW_BOUNDARY,1,일치,,
SC_V19101_B101_021,인근,명사,4,L2,단일일치,경계(L3~L4),2,REVIEW_BOUNDARY,1,일치,,
SC_V19101_B101_022,인기척,명사,3,L1,단일일치,경계(L1~L2),1,PROVISIONAL_AUTO,0,일치,,
SC_V19101_B101_023,인내력,명사,4,L2,단일일치,경계(L3~L4),3,PROVISIONAL_AUTO,0,충돌,,공식대조(충돌)
SC_V19101_B101_024,인내하다,동사,3,L1,단일일치,경계(L1~L2),1,PROVISIONAL_AUTO,0,일치,,
SC_V19101_B101_026,인류애,명사,4,L2,단일일치,경계(L3~L4),2,REVIEW_BOUNDARY,1,일치,,
SC_V19101_B101_027,인명사전,명사,4,L2,단일일치,경계(L3~L4),3,PROVISIONAL_AUTO,0,충돌,,공식대조(충돌)
SC_V19101_B101_028,인문계,명사,4,L2,단일일치,경계(L3~L4),2,REVIEW_BOUNDARY,1,일치,,
SC_V19101_B101_029,인문학,명사,4,L2,단일일치,경계(L3~L4),3,PROVISIONAL_AUTO,0,충돌,,공식대조(충돌)
SC_V19101_B101_031,인삼차,명사,4,L2,단일일치,경계(L3~L4),2,REVIEW_BOUNDARY,1,일치,,
SC_V19101_B101_032,인생사,명사,4,L2,단일일치,경계(L3~L4),3,PROVISIONAL_AUTO,0,충돌,,공식대조(충돌)
SC_V19101_B101_033,인솔하다,동사,4,L2,단일일치,경계(L3~L4),2,REVIEW_BOUNDARY,1,일치,,
SC_V19101_B101_034,인쇄되다,동사,3,L1,단일일치,경계(L1~L2),2,PROVISIONAL_AUTO,0,충돌,,공식대조(충돌)
SC_V19101_B101_035,인쇄물,명사,4,L2,단일일치,경계(L3~L4),2,REVIEW_BOUNDARY,1,일치,,
SC_V19101_B101_036,인쇄소,명사,3,L1,단일일치,경계(L1~L2),1,PROVISIONAL_AUTO,0,일치,,
SC_V19101_B101_037,인쇄술,명사,4,L2,단일일치,경계(L3~L4),2,REVIEW_BOUNDARY,1,일치,,
SC_V19101_B101_038,인절미,명사,3,L1,단일일치,경계(L1~L2),1,PROVISIONAL_AUTO,0,일치,,
SC_V19101_B101_039,인지도,명사,4,L2,단일일치,경계(L3~L4),3,PROVISIONAL_AUTO,0,충돌,,공식대조(충돌)
SC_V19101_B101_040,인터폰,명사,4,L2,단일일치,경계(L3~L4),3,PROVISIONAL_AUTO,0,충돌,,공식대조(충돌)
SC_V19101_B101_041,인파,명사,4,L2,단일일치,경계(L3~L4),3,PROVISIONAL_AUTO,0,충돌,,공식대조(충돌)
SC_V19101_B101_042,인품,명사,3,L1,단일일치,경계(L1~L2),1,PROVISIONAL_AUTO,0,일치,,
SC_V19101_B101_043,인화지,명사,4,L2,단일일치,경계(L3~L4),3,PROVISIONAL_AUTO,0,충돌,,공식대조(충돌)
SC_V19101_B101_044,일가족,명사,4,L2,단일일치,경계(L3~L4),2,REVIEW_BOUNDARY,1,일치,,
SC_V19101_B101_045,일가친척,명사,4,L2,단일일치,경계(L3~L4),2,REVIEW_BOUNDARY,1,일치,,
SC_V19101_B101_046,일간지,명사,4,L2,단일일치,경계(L3~L4),3,PROVISIONAL_AUTO,0,충돌,,공식대조(충돌)
SC_V19101_B101_047,일개미,명사,3,L1,단일일치,경계(L1~L2),1,REVIEW_BOUNDARY,1,일치,,
SC_V19101_B101_048,일과표,명사,4,L2,단일일치,경계(L3~L4),2,REVIEW_BOUNDARY,1,일치,,
SC_V19101_B101_049,일교차,명사,4,L2,단일일치,경계(L3~L4),3,REVIEW_BOUNDARY,1,충돌,,공식대조(충돌)
SC_V19101_B101_050,일그러지다,동사,3,L1,단일일치,경계(L1~L2),1,REVIEW_BOUNDARY,1,일치,,
SC_V19102_B102_001,일대기,명사,4,L2,단일일치,경계(L3~L4),2,REVIEW_BOUNDARY,1,일치,,
SC_V19102_B102_002,일대일,명사,3,L1,단일일치,경계(L1~L2),1,REVIEW_BOUNDARY,1,일치,,
SC_V19102_B102_004,일렬,명사,3,L1,단일일치,경계(L1~L2),1,PROVISIONAL_AUTO,0,일치,,
SC_V19102_B102_005,일석이조,명사,3,L1,단일일치,경계(L1~L2),1,REVIEW_BOUNDARY,1,일치,,
SC_V19102_B102_006,일요,명사,4,L2,단일일치,경계(L3~L4),2,REVIEW_BOUNDARY,1,일치,,
SC_V19102_B102_007,일용품,명사,4,L2,단일일치,경계(L3~L4),2,REVIEW_BOUNDARY,1,일치,,
SC_V19102_B102_009,일정량,명사,4,L2,단일일치,경계(L3~L4),2,REVIEW_BOUNDARY,1,일치,,
SC_V19102_B102_010,일제히,부사,3,L1,단일일치,경계(L1~L2),1,PROVISIONAL_AUTO,0,일치,,
SC_V19102_B102_011,일조량,명사,4,L2,단일일치,경계(L3~L4),3,PROVISIONAL_AUTO,0,충돌,,공식대조(충돌)
SC_V19102_B102_012,일직선,명사,3,L1,단일일치,경계(L1~L2),1,PROVISIONAL_AUTO,0,일치,,
SC_V19102_B102_013,일층,부사,4,L2,단일일치,경계(L3~L4),3,PROVISIONAL_AUTO,0,충돌,,공식대조(충돌)
SC_V19102_B102_014,일편단심,명사,4,L2,단일일치,경계(L3~L4),3,PROVISIONAL_AUTO,0,충돌,,공식대조(충돌)
SC_V19102_B102_015,일평생,명사,3,L1,단일일치,경계(L1~L2),1,PROVISIONAL_AUTO,0,일치,,
SC_V19102_B102_017,일회용품,명사,4,L2,단일일치,경계(L3~L4),2,REVIEW_BOUNDARY,1,일치,,
SC_V19102_B102_018,읽을거리,명사,3,L1,단일일치,경계(L1~L2),1,PROVISIONAL_AUTO,0,일치,,
SC_V19102_B102_019,임기응변,명사,4,L2,단일일치,경계(L3~L4),3,PROVISIONAL_AUTO,0,충돌,,공식대조(충돌)
SC_V19102_B102_020,임대료,명사,4,L2,단일일치,경계(L3~L4),3,PROVISIONAL_AUTO,0,충돌,,공식대조(충돌)
SC_V19102_B102_021,임명되다,동사,3,L1,단일일치,경계(L1~L2),1,PROVISIONAL_AUTO,0,일치,,
SC_V19102_B102_022,임명식,명사,4,L2,단일일치,경계(L3~L4),2,REVIEW_BOUNDARY,1,일치,,
SC_V19102_B102_023,임명장,명사,4,L2,단일일치,경계(L3~L4),3,PROVISIONAL_AUTO,0,충돌,,공식대조(충돌)
SC_V19102_B102_024,임산물,명사,4,L2,단일일치,경계(L3~L4),3,PROVISIONAL_AUTO,0,충돌,,공식대조(충돌)
SC_V19102_B102_026,임야,명사,4,L2,단일일치,경계(L3~L4),2,REVIEW_BOUNDARY,1,일치,,
SC_V19102_B102_027,임원회,명사,4,L2,단일일치,경계(L3~L4),3,PROVISIONAL_AUTO,0,충돌,,공식대조(충돌)
SC_V19102_B102_029,입바람,명사,4,L2,단일일치,경계(L3~L4),3,PROVISIONAL_AUTO,0,충돌,,공식대조(충돌)
SC_V19102_B102_030,입법부,명사,4,L2,단일일치,경계(L3~L4),3,PROVISIONAL_AUTO,0,충돌,,공식대조(충돌)
SC_V19102_B102_031,입상하다,동사,4,L2,단일일치,경계(L3~L4),2,REVIEW_BOUNDARY,1,일치,,
SC_V19102_B102_032,입속,명사,4,L2,단일일치,경계(L3~L4),3,PROVISIONAL_AUTO,0,충돌,,공식대조(충돌)
SC_V19102_B102_033,입양되다,동사,4,L2,단일일치,경계(L3~L4),2,REVIEW_BOUNDARY,1,일치,,
SC_V19102_B102_035,입양하다,동사,3,L1,단일일치,경계(L1~L2),1,PROVISIONAL_AUTO,0,일치,,
SC_V19102_B102_037,입장객,명사,4,L2,단일일치,경계(L3~L4),2,REVIEW_BOUNDARY,1,일치,,
SC_V19102_B102_038,입천장,명사,3,L1,단일일치,경계(L1~L2),2,REVIEW_BOUNDARY,1,충돌,,공식대조(충돌)
SC_V19102_B102_039,입후보자,명사,4,L2,단일일치,경계(L3~L4),2,REVIEW_BOUNDARY,1,일치,,
SC_V19102_B102_040,입후보하다,동사,4,L2,단일일치,경계(L3~L4),3,PROVISIONAL_AUTO,0,충돌,,공식대조(충돌)
SC_V19102_B102_041,잇닿다,동사,4,L2,단일일치,경계(L3~L4),2,REVIEW_BOUNDARY,1,일치,,
SC_V19102_B102_042,잇몸,명사,3,L1,단일일치,경계(L1~L2),2,REVIEW_BOUNDARY,1,충돌,207(레벨보류),공식대조(충돌)
SC_V19102_B102_043,잇새,명사,4,L2,단일일치,경계(L3~L4),2,REVIEW_BOUNDARY,1,일치,,
SC_V19102_B102_045,잎새,명사,3,L1,단일일치,경계(L1~L2),1,PROVISIONAL_AUTO,0,일치,,
SC_V19102_B102_046,잎자루,명사,4,L2,단일일치,경계(L3~L4),3,PROVISIONAL_AUTO,0,충돌,,공식대조(충돌)
SC_V19102_B102_048,자격증,명사,4,L2,단일일치,경계(L3~L4),2,REVIEW_BOUNDARY,1,일치,,
SC_V19102_B102_049,자고로,부사,4,L2,단일일치,경계(L3~L4),2,REVIEW_BOUNDARY,1,일치,,
SC_V19102_B102_050,자급자족,명사,4,L2,단일일치,경계(L3~L4),2,REVIEW_BOUNDARY,1,일치,,
SC_V19103_B103_001,자급자족하다,동사,4,L2,단일일치,경계(L3~L4),3,PROVISIONAL_AUTO,0,충돌,,공식대조(충돌)
SC_V19103_B103_002,자긍심,명사,3,L1,단일일치,경계(L1~L2),1,PROVISIONAL_AUTO,0,일치,,
SC_V19103_B103_003,자기주장,명사,3,L1,단일일치,경계(L1~L2),1,PROVISIONAL_AUTO,0,일치,,
SC_V19103_B103_004,자기편,명사,3,L1,단일일치,경계(L1~L2),1,REVIEW_BOUNDARY,1,일치,,
SC_V19103_B103_005,자동식,명사,4,L2,단일일치,경계(L3~L4),3,REVIEW_BOUNDARY,1,충돌,,공식대조(충돌)
SC_V19103_B103_006,자랑거리,명사,3,L1,단일일치,경계(L1~L2),2,REVIEW_BOUNDARY,1,충돌,,공식대조(충돌)
SC_V19103_B103_007,자랑삼다,동사,4,L2,단일일치,경계(L3~L4),2,REVIEW_BOUNDARY,1,일치,,
SC_V19103_B103_008,자료집,명사,4,L2,단일일치,경계(L3~L4),2,REVIEW_BOUNDARY,1,일치,,
SC_V19103_B103_010,자막,명사,3,L1,단일일치,경계(L1~L2),1,REVIEW_BOUNDARY,1,일치,,
SC_V19103_B103_011,자물통,명사,4,L2,단일일치,경계(L3~L4),2,REVIEW_BOUNDARY,1,일치,,
SC_V19103_B103_012,자박자박,부사,3,L1,단일일치,경계(L1~L2),1,PROVISIONAL_AUTO,0,일치,,
SC_V19103_B103_013,자부심,명사,3,L1,단일일치,경계(L1~L2),2,PROVISIONAL_AUTO,0,충돌,17(L2_PROVISIONAL_AUTO),공식대조(충돌)
SC_V19103_B103_014,자비롭다,형용사,4,L2,단일일치,경계(L3~L4),3,PROVISIONAL_AUTO,0,충돌,,공식대조(충돌)
SC_V19103_B103_016,자서전,명사,3,L1,단일일치,경계(L1~L2),2,PROVISIONAL_AUTO,0,충돌,17(L2_PROVISIONAL_AUTO),공식대조(충돌)
SC_V19103_B103_017,자애롭다,형용사,4,L2,단일일치,경계(L3~L4),3,PROVISIONAL_AUTO,0,충돌,,공식대조(충돌)
SC_V19103_B103_018,자연산,명사,4,L2,단일일치,경계(L3~L4),3,PROVISIONAL_AUTO,0,충돌,,공식대조(충돌)
SC_V19103_B103_019,자연석,명사,4,L2,단일일치,경계(L3~L4),2,REVIEW_BOUNDARY,1,일치,,
SC_V19103_B103_020,자연재해,명사,3,L1,단일일치,경계(L1~L2),1,REVIEW_BOUNDARY,1,일치,,
SC_V19103_B103_021,자연히,부사,3,L1,단일일치,경계(L1~L2),1,PROVISIONAL_AUTO,0,일치,,
SC_V19103_B103_022,자욱이,부사,4,L2,단일일치,경계(L3~L4),2,REVIEW_BOUNDARY,1,일치,,
SC_V19103_B103_023,자원하다,동사,4,L2,단일일치,경계(L3~L4),2,REVIEW_BOUNDARY,1,일치,,
SC_V19103_B103_024,자유로이,부사,4,L2,단일일치,경계(L3~L4),2,REVIEW_BOUNDARY,1,일치,,
SC_V19103_B103_025,자유분방하다,형용사,3,L1,단일일치,경계(L1~L2),1,REVIEW_BOUNDARY,1,일치,,
SC_V19103_B103_026,자유스럽다,형용사,3,L1,단일일치,경계(L1~L2),2,PROVISIONAL_AUTO,0,충돌,,공식대조(충돌)
SC_V19103_B103_027,자제력,명사,4,L2,단일일치,경계(L3~L4),3,PROVISIONAL_AUTO,0,충돌,,공식대조(충돌)
SC_V19103_B103_029,자주자주,부사,4,L2,단일일치,경계(L3~L4),2,REVIEW_BOUNDARY,1,일치,,
SC_V19103_B103_030,자줏빛,명사,4,L2,단일일치,경계(L3~L4),2,REVIEW_BOUNDARY,1,일치,,
SC_V19103_B103_031,자책하다,동사,4,L2,단일일치,경계(L3~L4),3,PROVISIONAL_AUTO,0,충돌,,공식대조(충돌)
SC_V19103_B103_032,자초지종,명사,4,L2,단일일치,경계(L3~L4),3,PROVISIONAL_AUTO,0,충돌,,공식대조(충돌)
SC_V19103_B103_033,자치제,명사,4,L2,단일일치,경계(L3~L4),4,PROVISIONAL_AUTO,0,충돌,,공식대조(충돌)
SC_V19103_B103_034,자칫하다,동사,3,L1,단일일치,경계(L1~L2),1,PROVISIONAL_AUTO,0,일치,,
SC_V19103_B103_036,작곡가,명사,3,L1,단일일치,경계(L1~L2),2,REVIEW_BOUNDARY,1,충돌,,공식대조(충돌)
SC_V19103_B103_037,작곡되다,동사,4,L2,단일일치,경계(L3~L4),3,PROVISIONAL_AUTO,0,충돌,,공식대조(충돌)
SC_V19103_B103_038,작곡자,명사,4,L2,단일일치,경계(L3~L4),3,PROVISIONAL_AUTO,0,충돌,,공식대조(충돌)
SC_V19103_B103_039,작동되다,동사,3,L1,단일일치,경계(L1~L2),1,REVIEW_BOUNDARY,1,일치,,
SC_V19103_B103_040,작디작다,형용사,4,L2,단일일치,경계(L3~L4),3,PROVISIONAL_AUTO,0,충돌,,공식대조(충돌)
SC_V19103_B103_041,작물,명사,3,L1,단일일치,경계(L1~L2),1,PROVISIONAL_AUTO,0,일치,,
SC_V19103_B103_042,작별하다,동사,4,L2,단일일치,경계(L3~L4),2,REVIEW_BOUNDARY,1,일치,,
SC_V19103_B103_043,작사자,명사,4,L2,단일일치,경계(L3~L4),2,REVIEW_BOUNDARY,1,일치,,
SC_V19103_B103_044,작심,명사,4,L2,단일일치,경계(L3~L4),2,REVIEW_BOUNDARY,1,일치,,
SC_V19103_B103_045,작심삼일,명사,4,L2,단일일치,경계(L3~L4),3,PROVISIONAL_AUTO,0,충돌,,공식대조(충돌)
SC_V19103_B103_046,작업복,명사,3,L1,단일일치,경계(L1~L2),1,PROVISIONAL_AUTO,0,일치,,
SC_V19103_B103_047,작업실,명사,3,L1,단일일치,경계(L1~L2),1,PROVISIONAL_AUTO,0,일치,,
SC_V19103_B103_048,작업장,명사,3,L1,단일일치,경계(L1~L2),1,PROVISIONAL_AUTO,0,일치,,
SC_V19103_B103_049,작은누나,명사,3,L1,단일일치,경계(L1~L2),1,REVIEW_BOUNDARY,1,일치,,
SC_V19103_B103_050,작은북,명사,4,L2,단일일치,경계(L3~L4),3,PROVISIONAL_AUTO,0,충돌,,공식대조(충돌)
SC_V19104_B104_001,작은아버님,명사,3,L1,단일일치,경계(L1~L2),1,REVIEW_BOUNDARY,1,일치,,
SC_V19104_B104_002,작은어머님,명사,3,L1,단일일치,경계(L1~L2),1,REVIEW_BOUNDARY,1,일치,,
SC_V19104_B104_003,작은언니,명사,3,L1,단일일치,경계(L1~L2),1,REVIEW_BOUNDARY,1,일치,,
SC_V19104_B104_004,작은오빠,명사,3,L1,단일일치,경계(L1~L2),1,REVIEW_BOUNDARY,1,일치,,
SC_V19104_B104_005,작은형,명사,3,L1,단일일치,경계(L1~L2),1,PROVISIONAL_AUTO,0,일치,,
SC_V19104_B104_006,작품집,명사,4,L2,단일일치,경계(L3~L4),2,REVIEW_BOUNDARY,1,일치,,
SC_V19104_B104_007,잔가지,명사,4,L2,단일일치,경계(L3~L4),2,REVIEW_BOUNDARY,1,일치,207(레벨보류),
SC_V19104_B104_011,잔뿌리,명사,4,L2,단일일치,경계(L3~L4),3,PROVISIONAL_AUTO,0,충돌,,공식대조(충돌)
SC_V19104_B104_012,잔여,명사,4,L2,단일일치,경계(L3~L4),2,REVIEW_BOUNDARY,1,일치,,
SC_V19104_B104_014,잔주름,명사,3,L1,단일일치,경계(L1~L2),1,PROVISIONAL_AUTO,0,일치,,
SC_V19104_B104_015,잔칫날,명사,4,L2,단일일치,경계(L3~L4),2,REVIEW_BOUNDARY,1,일치,,
SC_V19104_B104_016,잔칫집,명사,4,L2,단일일치,경계(L3~L4),2,REVIEW_BOUNDARY,1,일치,,
SC_V19104_B104_017,잔털,명사,3,L1,단일일치,경계(L1~L2),1,PROVISIONAL_AUTO,0,일치,,
SC_V19104_B104_019,잘록하다,형용사,3,L1,단일일치,경계(L1~L2),1,PROVISIONAL_AUTO,0,일치,,
SC_V19104_B104_020,잘잘못,명사,3,L1,단일일치,경계(L1~L2),1,PROVISIONAL_AUTO,0,일치,,
SC_V19104_B104_021,잠금장치,명사,4,L2,단일일치,경계(L3~L4),2,REVIEW_BOUNDARY,1,일치,,
SC_V19104_B104_022,잠망경,명사,4,L2,단일일치,경계(L3~L4),3,REVIEW_BOUNDARY,1,충돌,,공식대조(충돌)
SC_V19104_B104_023,잠수부,명사,4,L2,단일일치,경계(L3~L4),2,REVIEW_BOUNDARY,1,일치,,
SC_V19104_B104_024,잠자코,부사,3,L1,단일일치,경계(L1~L2),1,PROVISIONAL_AUTO,0,일치,,
SC_V19104_B104_025,잠재되다,동사,4,L2,단일일치,경계(L3~L4),3,PROVISIONAL_AUTO,0,충돌,,공식대조(충돌)
SC_V19104_B104_026,잠재하다,동사,4,L2,단일일치,경계(L3~L4),3,PROVISIONAL_AUTO,0,충돌,,공식대조(충돌)
SC_V19104_B104_027,잡다하다,형용사,4,L2,단일일치,경계(L3~L4),3,PROVISIONAL_AUTO,0,충돌,,공식대조(충돌)
SC_V19104_B104_028,잡담,명사,3,L1,단일일치,경계(L1~L2),1,PROVISIONAL_AUTO,0,일치,,
SC_V19104_B104_029,잡아끌다,동사,3,L1,단일일치,경계(L1~L2),1,PROVISIONAL_AUTO,0,일치,,
SC_V19104_B104_030,잡아타다,동사,4,L2,단일일치,경계(L3~L4),2,REVIEW_BOUNDARY,1,일치,,
SC_V19104_B104_031,잡일,명사,3,L1,단일일치,경계(L1~L2),1,PROVISIONAL_AUTO,0,일치,,
SC_V19104_B104_032,잡지사,명사,4,L2,단일일치,경계(L3~L4),3,PROVISIONAL_AUTO,0,충돌,,공식대조(충돌)
SC_V19104_B104_033,잡티,명사,4,L2,단일일치,경계(L3~L4),2,REVIEW_BOUNDARY,1,일치,,
SC_V19104_B104_034,잡화점,명사,4,L2,단일일치,경계(L3~L4),2,REVIEW_BOUNDARY,1,일치,,
SC_V19104_B104_035,장가가다,동사,3,L1,단일일치,경계(L1~L2),1,PROVISIONAL_AUTO,0,일치,,
SC_V19104_B104_036,장난기,명사,3,L1,단일일치,경계(L1~L2),1,PROVISIONAL_AUTO,0,일치,,
SC_V19104_B104_037,장난삼다,동사,4,L2,단일일치,경계(L3~L4),3,PROVISIONAL_AUTO,0,충돌,,공식대조(충돌)
SC_V19104_B104_038,장날,명사,4,L2,단일일치,경계(L3~L4),3,PROVISIONAL_AUTO,0,충돌,,공식대조(충돌)
SC_V19104_B104_040,장대비,명사,4,L2,단일일치,경계(L3~L4),2,REVIEW_BOUNDARY,1,일치,,
SC_V19104_B104_041,장도리,명사,4,L2,단일일치,경계(L3~L4),3,PROVISIONAL_AUTO,0,충돌,,공식대조(충돌)
SC_V19104_B104_042,장독간,명사,4,L2,단일일치,경계(L3~L4),2,REVIEW_BOUNDARY,1,일치,,
SC_V19104_B104_043,장독대,명사,4,L2,단일일치,경계(L3~L4),3,PROVISIONAL_AUTO,0,충돌,,공식대조(충돌)
SC_V19104_B104_044,장딴지,명사,4,L2,단일일치,경계(L3~L4),2,REVIEW_BOUNDARY,1,일치,,
SC_V19104_B104_045,장려금,명사,4,L2,단일일치,경계(L3~L4),3,PROVISIONAL_AUTO,0,충돌,,공식대조(충돌)
SC_V19104_B104_047,장만하다,동사,3,L1,단일일치,경계(L1~L2),1,PROVISIONAL_AUTO,0,일치,,
SC_V19104_B104_048,장맛,명사,4,L2,단일일치,경계(L3~L4),2,REVIEW_BOUNDARY,1,일치,,
SC_V19104_B104_049,장맛비,명사,4,L2,단일일치,경계(L3~L4),2,REVIEW_BOUNDARY,1,일치,,
SC_V19104_B104_050,장보기,명사,4,L2,단일일치,경계(L3~L4),2,REVIEW_BOUNDARY,1,일치,,
SC_V19105_B105_001,장본인,명사,4,L2,단일일치,경계(L3~L4),2,REVIEW_BOUNDARY,1,일치,,
SC_V19105_B105_004,장삿배,명사,4,L2,단일일치,경계(L3~L4),3,PROVISIONAL_AUTO,0,충돌,,공식대조(충돌)
SC_V19105_B105_005,장손,명사,4,L2,단일일치,경계(L3~L4),3,PROVISIONAL_AUTO,0,충돌,,공식대조(충돌)
SC_V19105_B105_006,장식물,명사,4,L2,단일일치,경계(L3~L4),2,REVIEW_BOUNDARY,1,일치,,
SC_V19105_B105_007,장아찌,명사,4,L2,단일일치,경계(L3~L4),3,PROVISIONAL_AUTO,0,충돌,,공식대조(충돌)
SC_V19105_B105_010,장작,명사,3,L1,단일일치,경계(L1~L2),1,PROVISIONAL_AUTO,0,일치,,
SC_V19105_B105_011,장작불,명사,3,L1,단일일치,경계(L1~L2),1,PROVISIONAL_AUTO,0,일치,,
SC_V19105_B105_012,장착되다,동사,4,L2,단일일치,경계(L3~L4),2,REVIEW_BOUNDARY,1,일치,,
SC_V19105_B105_013,장착하다,동사,4,L2,단일일치,경계(L3~L4),2,REVIEW_BOUNDARY,1,일치,,
SC_V19105_B105_014,장타,명사,4,L2,단일일치,경계(L3~L4),3,PROVISIONAL_AUTO,0,충돌,,공식대조(충돌)
SC_V19105_B105_015,장판방,명사,4,L2,단일일치,경계(L3~L4),2,REVIEW_BOUNDARY,1,일치,,
SC_V19105_B105_016,재개되다,동사,4,L2,단일일치,경계(L3~L4),3,PROVISIONAL_AUTO,0,충돌,,공식대조(충돌)
SC_V19105_B105_017,재검토하다,동사,4,L2,단일일치,경계(L3~L4),3,PROVISIONAL_AUTO,0,충돌,,공식대조(충돌)
SC_V19105_B105_019,재래시장,명사,4,L2,단일일치,경계(L3~L4),3,PROVISIONAL_AUTO,0,충돌,,공식대조(충돌)
SC_V19105_B105_020,재래식,명사,4,L2,단일일치,경계(L3~L4),3,PROVISIONAL_AUTO,0,충돌,,공식대조(충돌)
SC_V19105_B105_021,재료비,명사,4,L2,단일일치,경계(L3~L4),2,REVIEW_BOUNDARY,1,일치,,
SC_V19105_B105_022,재발급,명사,4,L2,단일일치,경계(L3~L4),3,PROVISIONAL_AUTO,0,충돌,,공식대조(충돌)
SC_V19105_B105_023,재배되다,동사,4,L2,단일일치,경계(L3~L4),2,REVIEW_BOUNDARY,1,일치,,
SC_V19105_B105_024,재봉틀,명사,3,L1,단일일치,경계(L1~L2),1,PROVISIONAL_AUTO,0,일치,,
SC_V19105_B105_025,재산권,명사,4,L2,단일일치,경계(L3~L4),4,REVIEW_BOUNDARY,1,충돌,,공식대조(충돌)
SC_V19105_B105_026,재생비누,명사,4,L2,단일일치,경계(L3~L4),2,REVIEW_BOUNDARY,1,일치,,
SC_V19105_B105_027,재앙,명사,4,L2,단일일치,경계(L3~L4),3,PROVISIONAL_AUTO,0,충돌,,공식대조(충돌)
SC_V19105_B105_028,재위,명사,4,L2,단일일치,경계(L3~L4),2,REVIEW_BOUNDARY,1,일치,,
SC_V19105_B105_029,재정비,명사,4,L2,단일일치,경계(L3~L4),2,REVIEW_BOUNDARY,1,일치,,
SC_V19105_B105_030,재주꾼,명사,4,L2,단일일치,경계(L3~L4),2,REVIEW_BOUNDARY,1,일치,,
SC_V19105_B105_031,재촉,명사,4,L2,단일일치,경계(L3~L4),2,REVIEW_BOUNDARY,1,일치,,
SC_V19105_B105_032,재택근무,명사,4,L2,단일일치,경계(L3~L4),3,PROVISIONAL_AUTO,0,충돌,,공식대조(충돌)
SC_V19105_B105_033,재판관,명사,4,L2,단일일치,경계(L3~L4),3,REVIEW_BOUNDARY,1,충돌,,공식대조(충돌)
SC_V19105_B105_034,재판부,명사,4,L2,단일일치,경계(L3~L4),3,REVIEW_BOUNDARY,1,충돌,,공식대조(충돌)
SC_V19105_B105_035,재해,명사,3,L1,단일일치,경계(L1~L2),1,REVIEW_BOUNDARY,1,일치,,
SC_V19105_B105_036,재혼하다,동사,4,L2,단일일치,경계(L3~L4),2,REVIEW_BOUNDARY,1,일치,,
SC_V19105_B105_038,잿빛,명사,4,L2,단일일치,경계(L3~L4),2,REVIEW_BOUNDARY,1,일치,,
SC_V19105_B105_039,쟁반,명사,3,L1,단일일치,경계(L1~L2),1,PROVISIONAL_AUTO,0,일치,,
SC_V19105_B105_040,쟁취하다,동사,4,L2,단일일치,경계(L3~L4),2,REVIEW_BOUNDARY,1,일치,,
SC_V19105_B105_041,쟁탈전,명사,3,L1,단일일치,경계(L1~L2),1,PROVISIONAL_AUTO,0,일치,,
SC_V19105_B105_043,저공해,명사,4,L2,단일일치,경계(L3~L4),3,PROVISIONAL_AUTO,0,충돌,,공식대조(충돌)
SC_V19105_B105_044,저녁나절,명사,4,L2,단일일치,경계(L3~L4),2,REVIEW_BOUNDARY,1,일치,,
SC_V19105_B105_045,저녁놀,명사,4,L2,단일일치,경계(L3~L4),2,REVIEW_BOUNDARY,1,일치,,
SC_V19105_B105_046,저녁상,명사,4,L2,단일일치,경계(L3~L4),2,REVIEW_BOUNDARY,1,일치,,
SC_V19105_B105_047,저러하다,형용사,3,L1,단일일치,경계(L1~L2),1,PROVISIONAL_AUTO,0,일치,,
SC_V19105_B105_048,저벅저벅,부사,4,L2,단일일치,경계(L3~L4),3,PROVISIONAL_AUTO,0,충돌,,공식대조(충돌)
SC_V19106_B106_001,저울대,명사,4,L2,단일일치,경계(L3~L4),3,PROVISIONAL_AUTO,0,충돌,,공식대조(충돌)
SC_V19106_B106_002,저작물,명사,4,L2,단일일치,경계(L3~L4),3,PROVISIONAL_AUTO,0,충돌,,공식대조(충돌)
SC_V19106_B106_003,저작자,명사,4,L2,단일일치,경계(L3~L4),3,PROVISIONAL_AUTO,0,충돌,,공식대조(충돌)
SC_V19106_B106_004,저장고,명사,4,L2,단일일치,경계(L3~L4),3,PROVISIONAL_AUTO,0,충돌,,공식대조(충돌)
SC_V19106_B106_005,저장되다,동사,3,L1,단일일치,경계(L1~L2),1,PROVISIONAL_AUTO,0,일치,,
SC_V19106_B106_006,저토록,부사,4,L2,단일일치,경계(L3~L4),3,PROVISIONAL_AUTO,0,충돌,,공식대조(충돌)
SC_V19106_B106_007,저학년,명사,3,L1,단일일치,경계(L1~L2),1,PROVISIONAL_AUTO,0,일치,,
SC_V19106_B106_008,저항하다,동사,3,L1,단일일치,경계(L1~L2),1,PROVISIONAL_AUTO,0,일치,,
SC_V19106_B106_009,적당량,명사,4,L2,단일일치,경계(L3~L4),2,REVIEW_BOUNDARY,1,일치,,
SC_V19106_B106_010,적대감,명사,4,L2,단일일치,경계(L3~L4),3,PROVISIONAL_AUTO,0,충돌,,공식대조(충돌)
SC_V19106_B106_011,적삼,명사,4,L2,단일일치,경계(L3~L4),2,REVIEW_BOUNDARY,1,일치,,
SC_V19106_B106_012,적응력,명사,3,L1,단일일치,경계(L1~L2),2,PROVISIONAL_AUTO,0,충돌,17(L2_PROVISIONAL_AUTO),공식대조(충돌)
SC_V19106_B106_016,전광판,명사,4,L2,단일일치,경계(L3~L4),3,PROVISIONAL_AUTO,0,충돌,,공식대조(충돌)
SC_V19106_B106_017,전기료,명사,4,L2,단일일치,경계(L3~L4),2,REVIEW_BOUNDARY,1,일치,,
SC_V19106_B106_018,전기밥솥,명사,4,L2,단일일치,경계(L3~L4),3,PROVISIONAL_AUTO,0,충돌,,공식대조(충돌)
SC_V19106_B106_019,전기세,명사,4,L2,단일일치,경계(L3~L4),3,PROVISIONAL_AUTO,0,충돌,,공식대조(충돌)
SC_V19106_B106_020,전기솥,명사,4,L2,단일일치,경계(L3~L4),3,PROVISIONAL_AUTO,0,충돌,,공식대조(충돌)
SC_V19106_B106_021,전기스탠드,명사,4,L2,단일일치,경계(L3~L4),3,PROVISIONAL_AUTO,0,충돌,,공식대조(충돌)
SC_V19106_B106_022,전기차,명사,4,L2,단일일치,경계(L3~L4),3,PROVISIONAL_AUTO,0,충돌,,공식대조(충돌)
SC_V19106_B106_023,전깃불,명사,3,L1,단일일치,경계(L1~L2),1,PROVISIONAL_AUTO,0,일치,,
SC_V19106_B106_024,전깃줄,명사,3,L1,단일일치,경계(L1~L2),1,PROVISIONAL_AUTO,0,일치,,
SC_V19106_B106_025,전등갓,명사,4,L2,단일일치,경계(L3~L4),3,PROVISIONAL_AUTO,0,충돌,,공식대조(충돌)
SC_V19106_B106_026,전등불,명사,4,L2,단일일치,경계(L3~L4),2,REVIEW_BOUNDARY,1,일치,,
SC_V19106_B106_027,전람회,명사,4,L2,단일일치,경계(L3~L4),3,PROVISIONAL_AUTO,0,충돌,,공식대조(충돌)
SC_V19106_B106_030,전문점,명사,3,L1,단일일치,경계(L1~L2),1,REVIEW_BOUNDARY,1,일치,,
SC_V19106_B106_031,전문직,명사,4,L2,단일일치,경계(L3~L4),2,REVIEW_BOUNDARY,1,일치,,
SC_V19106_B106_032,전반전,명사,4,L2,단일일치,경계(L3~L4),3,PROVISIONAL_AUTO,0,충돌,,공식대조(충돌)
SC_V19106_B106_033,전산망,명사,4,L2,단일일치,경계(L3~L4),2,REVIEW_BOUNDARY,1,일치,,
SC_V19106_B106_034,전성시대,명사,4,L2,단일일치,경계(L3~L4),2,REVIEW_BOUNDARY,1,일치,,
SC_V19106_B106_035,전속력,명사,3,L1,단일일치,경계(L1~L2),1,REVIEW_BOUNDARY,1,일치,,
SC_V19106_B106_036,전승되다,동사,4,L2,단일일치,경계(L3~L4),3,PROVISIONAL_AUTO,0,충돌,,공식대조(충돌)
SC_V19106_B106_037,전시관,명사,3,L1,단일일치,경계(L1~L2),1,PROVISIONAL_AUTO,0,일치,,
SC_V19106_B106_038,전시물,명사,4,L2,단일일치,경계(L3~L4),2,REVIEW_BOUNDARY,1,일치,,
SC_V19106_B106_039,전시실,명사,4,L2,단일일치,경계(L3~L4),2,REVIEW_BOUNDARY,1,일치,,
SC_V19106_B106_040,전시품,명사,4,L2,단일일치,경계(L3~L4),2,REVIEW_BOUNDARY,1,일치,,
SC_V19106_B106_041,전시회장,명사,3,L1,단일일치,경계(L1~L2),1,REVIEW_BOUNDARY,1,일치,,
SC_V19106_B106_042,전신기,명사,4,L2,단일일치,경계(L3~L4),3,PROVISIONAL_AUTO,0,충돌,,공식대조(충돌)
SC_V19106_B106_043,전신주,명사,4,L2,단일일치,경계(L3~L4),3,PROVISIONAL_AUTO,0,충돌,,공식대조(충돌)
SC_V19106_B106_044,전열기,명사,4,L2,단일일치,경계(L3~L4),3,PROVISIONAL_AUTO,0,충돌,,공식대조(충돌)
SC_V19106_B106_045,전원주택,명사,4,L2,단일일치,경계(L3~L4),3,PROVISIONAL_AUTO,0,충돌,,공식대조(충돌)
SC_V19106_B106_046,전유물,명사,4,L2,단일일치,경계(L3~L4),3,PROVISIONAL_AUTO,0,충돌,,공식대조(충돌)
SC_V19106_B106_047,전자시계,명사,4,L2,단일일치,경계(L3~L4),3,PROVISIONAL_AUTO,0,충돌,,공식대조(충돌)
SC_V19106_B106_048,전자저울,명사,4,L2,단일일치,경계(L3~L4),3,PROVISIONAL_AUTO,0,충돌,,공식대조(충돌)
SC_V19106_B106_049,전자책,명사,4,L2,단일일치,경계(L3~L4),3,PROVISIONAL_AUTO,0,충돌,,공식대조(충돌)
SC_V19107_B107_003,전전긍긍하다,동사,3,L1,단일일치,경계(L1~L2),1,REVIEW_BOUNDARY,1,일치,,
SC_V19107_B107_004,전조등,명사,4,L2,단일일치,경계(L3~L4),3,PROVISIONAL_AUTO,0,충돌,,공식대조(충돌)
SC_V19107_B107_005,전철역,명사,3,L1,단일일치,경계(L1~L2),1,PROVISIONAL_AUTO,0,일치,,
SC_V19107_B107_006,전통문화,명사,3,L1,단일일치,경계(L1~L2),1,REVIEW_BOUNDARY,1,일치,,
SC_V19107_B107_009,전학생,명사,4,L2,단일일치,경계(L3~L4),3,PROVISIONAL_AUTO,0,충돌,,공식대조(충돌)
SC_V19107_B107_010,전학하다,동사,4,L2,단일일치,경계(L3~L4),3,PROVISIONAL_AUTO,0,충돌,,공식대조(충돌)
SC_V19107_B107_011,전화국,명사,4,L2,단일일치,경계(L3~L4),3,PROVISIONAL_AUTO,0,충돌,,공식대조(충돌)
SC_V19107_B107_012,전화료,명사,4,L2,단일일치,경계(L3~L4),2,REVIEW_BOUNDARY,1,일치,,
SC_V19107_B107_013,전화벨,명사,3,L1,단일일치,경계(L1~L2),1,REVIEW_BOUNDARY,1,일치,,
SC_V19107_B107_014,전화선,명사,4,L2,단일일치,경계(L3~L4),3,PROVISIONAL_AUTO,0,충돌,,공식대조(충돌)
SC_V19107_B107_015,전환점,명사,4,L2,단일일치,경계(L3~L4),3,PROVISIONAL_AUTO,0,충돌,,공식대조(충돌)
SC_V19107_B107_016,전후좌우,명사,4,L2,단일일치,경계(L3~L4),3,PROVISIONAL_AUTO,0,충돌,,공식대조(충돌)
SC_V19107_B107_017,절굿공이,명사,4,L2,단일일치,경계(L3~L4),3,PROVISIONAL_AUTO,0,충돌,,공식대조(충돌)
SC_V19107_B107_018,절규,명사,3,L1,단일일치,경계(L1~L2),1,PROVISIONAL_AUTO,0,일치,,
SC_V19107_B107_019,절단기,명사,4,L2,단일일치,경계(L3~L4),3,PROVISIONAL_AUTO,0,충돌,,공식대조(충돌)
SC_V19107_B107_021,절레절레,부사,4,L2,단일일치,경계(L3~L4),2,REVIEW_BOUNDARY,1,일치,,
SC_V19107_B107_024,절약되다,동사,4,L2,단일일치,경계(L3~L4),3,PROVISIONAL_AUTO,0,충돌,,공식대조(충돌)
SC_V19107_B107_025,절친하다,형용사,3,L1,단일일치,경계(L1~L2),1,PROVISIONAL_AUTO,0,일치,,
SC_V19107_B107_026,절터,명사,4,L2,단일일치,경계(L3~L4),2,REVIEW_BOUNDARY,1,일치,,
SC_V19107_B107_027,점찍다,동사,4,L2,단일일치,경계(L3~L4),3,PROVISIONAL_AUTO,0,충돌,,공식대조(충돌)
SC_V19107_B107_028,점판,명사,4,L2,단일일치,경계(L3~L4),3,PROVISIONAL_AUTO,0,충돌,,공식대조(충돌)
SC_V19107_B107_029,점퍼,명사,3,L1,단일일치,경계(L1~L2),1,PROVISIONAL_AUTO,0,일치,,
SC_V19107_B107_030,점포,명사,3,L1,단일일치,경계(L1~L2),1,PROVISIONAL_AUTO,0,일치,,
SC_V19107_B107_031,접눈,명사,4,L2,단일일치,경계(L3~L4),3,PROVISIONAL_AUTO,0,충돌,,공식대조(충돌)
SC_V19107_B107_032,접붙이기,명사,4,L2,단일일치,경계(L3~L4),3,PROVISIONAL_AUTO,0,충돌,,공식대조(충돌)
SC_V19107_B107_033,접영,명사,4,L2,단일일치,경계(L3~L4),3,PROVISIONAL_AUTO,0,충돌,,공식대조(충돌)
SC_V19107_B107_034,접이식,명사,4,L2,단일일치,경계(L3~L4),3,PROVISIONAL_AUTO,0,충돌,,공식대조(충돌)
SC_V19107_B107_035,접착제,명사,3,L1,단일일치,경계(L1~L2),1,REVIEW_BOUNDARY,1,일치,,
SC_V19107_B107_036,정갈하다,형용사,4,L2,단일일치,경계(L3~L4),2,REVIEW_BOUNDARY,1,일치,,
SC_V19107_B107_037,정강이,명사,4,L2,단일일치,경계(L3~L4),2,REVIEW_BOUNDARY,1,일치,,
SC_V19107_B107_038,정겹다,형용사,3,L1,단일일치,경계(L1~L2),1,REVIEW_BOUNDARY,1,일치,,
SC_V19107_B107_039,정글짐,명사,4,L2,단일일치,경계(L3~L4),3,PROVISIONAL_AUTO,0,충돌,,공식대조(충돌)
SC_V19107_B107_040,정년퇴직,명사,4,L2,단일일치,경계(L3~L4),3,PROVISIONAL_AUTO,0,충돌,,공식대조(충돌)
SC_V19107_B107_041,정다각형,명사,4,L2,단일일치,경계(L3~L4),3,PROVISIONAL_AUTO,0,충돌,,공식대조(충돌)
SC_V19107_B107_042,정답다,형용사,3,L1,단일일치,경계(L1~L2),1,PROVISIONAL_AUTO,0,일치,,
SC_V19107_B107_043,정박,명사,4,L2,단일일치,경계(L3~L4),2,REVIEW_BOUNDARY,1,일치,,
SC_V19107_B107_044,정반대되다,동사,4,L2,단일일치,경계(L3~L4),3,PROVISIONAL_AUTO,0,충돌,,공식대조(충돌)
SC_V19107_B107_047,정비례하다,동사,4,L2,단일일치,경계(L3~L4),3,REVIEW_BOUNDARY,1,충돌,,공식대조(충돌)
SC_V19107_B107_048,정사각형,명사,3,L1,단일일치,경계(L1~L2),1,REVIEW_BOUNDARY,1,일치,,
SC_V19107_B107_049,정삼각형,명사,3,L1,단일일치,경계(L1~L2),1,REVIEW_BOUNDARY,1,일치,,
SC_V19108_B108_001,정성스레,부사,4,L2,단일일치,경계(L3~L4),3,PROVISIONAL_AUTO,0,충돌,,공식대조(충돌)
SC_V19108_B108_002,정수기,명사,3,L1,단일일치,경계(L1~L2),1,PROVISIONAL_AUTO,0,일치,,
SC_V19108_B108_003,정신력,명사,3,L1,단일일치,경계(L1~L2),1,REVIEW_BOUNDARY,1,일치,,
SC_V19108_B108_004,정액권,명사,4,L2,단일일치,경계(L3~L4),3,REVIEW_BOUNDARY,1,충돌,,공식대조(충돌)
SC_V19108_B108_005,정열,명사,4,L2,단일일치,경계(L3~L4),3,PROVISIONAL_AUTO,0,충돌,,공식대조(충돌)
SC_V19108_B108_006,정오각형,명사,4,L2,단일일치,경계(L3~L4),3,PROVISIONAL_AUTO,0,충돌,,공식대조(충돌)
SC_V19108_B108_007,정원사,명사,4,L2,단일일치,경계(L3~L4),3,PROVISIONAL_AUTO,0,충돌,,공식대조(충돌)
SC_V19108_B108_008,정육각형,명사,3,L1,단일일치,경계(L1~L2),1,REVIEW_BOUNDARY,1,일치,,
SC_V19108_B108_009,정육면체,명사,4,L2,단일일치,경계(L3~L4),3,REVIEW_BOUNDARY,1,충돌,,공식대조(충돌)
SC_V19108_B108_010,정의감,명사,3,L1,단일일치,경계(L1~L2),1,PROVISIONAL_AUTO,0,일치,,
SC_V19108_B108_011,정의롭다,형용사,3,L1,단일일치,경계(L1~L2),1,PROVISIONAL_AUTO,0,일치,,
SC_V19108_B108_012,정자나무,명사,4,L2,단일일치,경계(L3~L4),3,PROVISIONAL_AUTO,0,충돌,,공식대조(충돌)
SC_V19108_B108_013,정정당당히,부사,4,L2,단일일치,경계(L3~L4),3,PROVISIONAL_AUTO,0,충돌,,공식대조(충돌)
SC_V19108_B108_014,정중하다,형용사,3,L1,단일일치,경계(L1~L2),1,PROVISIONAL_AUTO,0,일치,,
SC_V19108_B108_015,정중히,부사,4,L2,단일일치,경계(L3~L4),2,REVIEW_BOUNDARY,1,일치,,
SC_V19108_B108_016,정직성,명사,4,L2,단일일치,경계(L3~L4),3,REVIEW_BOUNDARY,1,충돌,,공식대조(충돌)
SC_V19108_B108_018,정탐,명사,4,L2,단일일치,경계(L3~L4),3,PROVISIONAL_AUTO,0,충돌,,공식대조(충돌)
SC_V19108_B108_019,젖니,명사,4,L2,단일일치,경계(L3~L4),3,PROVISIONAL_AUTO,0,충돌,,공식대조(충돌)
SC_V19108_B108_020,제값,명사,4,L2,단일일치,경계(L3~L4),3,PROVISIONAL_AUTO,0,충돌,,공식대조(충돌)
SC_V19108_B108_021,제격,명사,4,L2,단일일치,경계(L3~L4),3,PROVISIONAL_AUTO,0,충돌,,공식대조(충돌)
SC_V19108_B108_022,제과점,명사,4,L2,단일일치,경계(L3~L4),2,REVIEW_BOUNDARY,1,일치,,
SC_V19108_B108_023,제기차기,명사,3,L1,단일일치,경계(L1~L2),1,PROVISIONAL_AUTO,0,일치,,
SC_V19108_B108_024,제날짜,명사,4,L2,단일일치,경계(L3~L4),3,PROVISIONAL_AUTO,0,충돌,,공식대조(충돌)
SC_V19108_B108_026,제도지,명사,4,L2,단일일치,경계(L3~L4),3,REVIEW_BOUNDARY,1,충돌,,공식대조(충돌)
SC_V19108_B108_027,제멋,명사,4,L2,단일일치,경계(L3~L4),2,REVIEW_BOUNDARY,1,일치,207(레벨보류),
SC_V19108_B108_028,제보,명사,3,L1,단일일치,경계(L1~L2),1,PROVISIONAL_AUTO,0,일치,,
SC_V19108_B108_029,제비뽑기,명사,3,L1,단일일치,경계(L1~L2),1,PROVISIONAL_AUTO,0,일치,,
SC_V19108_B108_030,제빵사,명사,4,L2,단일일치,경계(L3~L4),2,REVIEW_BOUNDARY,1,일치,,
SC_V19108_B108_033,제안자,명사,4,L2,단일일치,경계(L3~L4),3,PROVISIONAL_AUTO,0,충돌,,공식대조(충돌)
SC_V19108_B108_034,제압하다,동사,3,L1,단일일치,경계(L1~L2),1,PROVISIONAL_AUTO,0,일치,,
SC_V19108_B108_035,제의하다,동사,4,L2,단일일치,경계(L3~L4),2,REVIEW_BOUNDARY,1,일치,,
SC_V19108_B108_036,제일가다,동사,4,L2,단일일치,경계(L3~L4),2,REVIEW_BOUNDARY,1,일치,,
SC_V19108_B108_037,제자리멀리뛰기,명사,4,L2,단일일치,경계(L3~L4),3,REVIEW_BOUNDARY,1,충돌,,공식대조(충돌)
SC_V19108_B108_038,제작되다,동사,3,L1,단일일치,경계(L1~L2),2,REVIEW_BOUNDARY,1,충돌,,공식대조(충돌)
SC_V19108_B108_039,제작비,명사,4,L2,단일일치,경계(L3~L4),2,REVIEW_BOUNDARY,1,일치,,
SC_V19108_B108_040,제작사,명사,4,L2,단일일치,경계(L3~L4),2,REVIEW_BOUNDARY,1,일치,,
SC_V19108_B108_041,제작진,명사,4,L2,단일일치,경계(L3~L4),3,REVIEW_BOUNDARY,1,충돌,,공식대조(충돌)
SC_V19108_B108_042,제정되다,동사,4,L2,단일일치,경계(L3~L4),3,PROVISIONAL_AUTO,0,충돌,,공식대조(충돌)
SC_V19108_B108_043,제조법,명사,4,L2,단일일치,경계(L3~L4),3,PROVISIONAL_AUTO,0,충돌,,공식대조(충돌)
SC_V19108_B108_044,제조업,명사,4,L2,단일일치,경계(L3~L4),2,REVIEW_BOUNDARY,1,일치,,
SC_V19108_B108_045,제휴,명사,4,L2,단일일치,경계(L3~L4),2,REVIEW_BOUNDARY,1,일치,207(레벨보류),
SC_V19108_B108_047,조각가,명사,3,L1,단일일치,경계(L1~L2),1,PROVISIONAL_AUTO,0,일치,,
SC_V19108_B108_048,조각구름,명사,4,L2,단일일치,경계(L3~L4),2,REVIEW_BOUNDARY,1,일치,,
SC_V19108_B108_049,조각상,명사,3,L1,단일일치,경계(L1~L2),1,REVIEW_BOUNDARY,1,일치,,
SC_V19108_B108_050,조감도,명사,4,L2,단일일치,경계(L3~L4),3,PROVISIONAL_AUTO,0,충돌,,공식대조(충돌)
SC_V19109_B109_001,조개류,명사,4,L2,단일일치,경계(L3~L4),3,PROVISIONAL_AUTO,0,충돌,,공식대조(충돌)
SC_V19109_B109_003,조깅,명사,3,L1,단일일치,경계(L1~L2),1,REVIEW_BOUNDARY,1,일치,,
SC_V19109_B109_004,조난,명사,4,L2,단일일치,경계(L3~L4),3,PROVISIONAL_AUTO,0,충돌,,공식대조(충돌)
SC_V19109_B109_005,조련사,명사,4,L2,단일일치,경계(L3~L4),3,PROVISIONAL_AUTO,0,충돌,,공식대조(충돌)
SC_V19109_B109_006,조리법,명사,4,L2,단일일치,경계(L3~L4),3,PROVISIONAL_AUTO,0,충돌,,공식대조(충돌)
SC_V19109_B109_007,조리용,명사,4,L2,단일일치,경계(L3~L4),2,REVIEW_BOUNDARY,1,일치,,
SC_V19109_B109_008,조립되다,동사,4,L2,단일일치,경계(L3~L4),3,PROVISIONAL_AUTO,0,충돌,,공식대조(충돌)
SC_V19109_B109_009,조립식,명사,4,L2,단일일치,경계(L3~L4),3,REVIEW_BOUNDARY,1,충돌,,공식대조(충돌)
SC_V19109_B109_010,조명등,명사,4,L2,단일일치,경계(L3~L4),2,REVIEW_BOUNDARY,1,일치,,
SC_V19109_B109_012,조물조물,부사,4,L2,단일일치,경계(L3~L4),3,PROVISIONAL_AUTO,0,충돌,,공식대조(충돌)
SC_V19109_B109_013,조미료,명사,3,L1,단일일치,경계(L1~L2),1,PROVISIONAL_AUTO,0,일치,,
SC_V19109_B109_014,조부모,명사,4,L2,단일일치,경계(L3~L4),2,REVIEW_BOUNDARY,1,일치,,
SC_V19109_B109_015,조사단,명사,4,L2,단일일치,경계(L3~L4),3,PROVISIONAL_AUTO,0,충돌,,공식대조(충돌)
SC_V19109_B109_016,조사실,명사,4,L2,단일일치,경계(L3~L4),3,PROVISIONAL_AUTO,0,충돌,,공식대조(충돌)
SC_V19109_B109_017,조사표,명사,4,L2,단일일치,경계(L3~L4),3,PROVISIONAL_AUTO,0,충돌,,공식대조(충돌)
SC_V19109_B109_020,조심성,명사,3,L1,단일일치,경계(L1~L2),2,PROVISIONAL_AUTO,0,충돌,17(L2_PROVISIONAL_AUTO),공식대조(충돌)
SC_V19109_B109_021,조아리다,동사,3,L1,단일일치,경계(L1~L2),1,PROVISIONAL_AUTO,0,일치,,
SC_V19109_B109_022,조약돌,명사,3,L1,단일일치,경계(L1~L2),1,PROVISIONAL_AUTO,0,일치,,
SC_V19109_B109_023,조용조용,부사,3,L1,단일일치,경계(L1~L2),1,PROVISIONAL_AUTO,0,일치,,
SC_V19109_B109_024,조정력,명사,4,L2,단일일치,경계(L3~L4),3,PROVISIONAL_AUTO,0,충돌,,공식대조(충돌)
SC_V19109_B109_026,조청,명사,4,L2,단일일치,경계(L3~L4),3,PROVISIONAL_AUTO,0,충돌,,공식대조(충돌)
SC_V19109_B109_028,조합원,명사,4,L2,단일일치,경계(L3~L4),2,REVIEW_BOUNDARY,1,일치,,
SC_V19109_B109_029,조형물,명사,4,L2,단일일치,경계(L3~L4),3,PROVISIONAL_AUTO,0,충돌,,공식대조(충돌)
SC_V19109_B109_030,조형미,명사,4,L2,단일일치,경계(L3~L4),3,PROVISIONAL_AUTO,0,충돌,,공식대조(충돌)
SC_V19109_B109_031,조화롭다,형용사,3,L1,단일일치,경계(L1~L2),1,PROVISIONAL_AUTO,0,일치,,
SC_V19109_B109_032,족발,명사,3,L1,단일일치,경계(L1~L2),1,PROVISIONAL_AUTO,0,일치,,
SC_V19109_B109_033,존경심,명사,4,L2,단일일치,경계(L3~L4),3,PROVISIONAL_AUTO,0,충돌,,공식대조(충돌)
SC_V19109_B109_034,존엄성,명사,4,L2,단일일치,경계(L3~L4),3,REVIEW_BOUNDARY,1,충돌,,공식대조(충돌)
SC_V19109_B109_035,존엄하다,형용사,4,L2,단일일치,경계(L3~L4),3,REVIEW_BOUNDARY,1,충돌,,공식대조(충돌)
SC_V19109_B109_036,존중되다,동사,4,L2,단일일치,경계(L3~L4),2,REVIEW_BOUNDARY,1,일치,,
SC_V19109_B109_037,졸업장,명사,3,L1,단일일치,경계(L1~L2),1,PROVISIONAL_AUTO,0,일치,,
SC_V19109_B109_038,좁다랗다,형용사,4,L2,단일일치,경계(L3~L4),2,REVIEW_BOUNDARY,1,일치,,
SC_V19109_B109_039,종각,명사,4,L2,단일일치,경계(L3~L4),2,REVIEW_BOUNDARY,1,일치,,
SC_V19109_B109_042,종량제,명사,4,L2,단일일치,경계(L3~L4),4,REVIEW_BOUNDARY,1,충돌,,공식대조(충돌)
SC_V19109_B109_043,종례,명사,4,L2,단일일치,경계(L3~L4),3,PROVISIONAL_AUTO,0,충돌,,공식대조(충돌)
SC_V19109_B109_044,종료되다,동사,3,L1,단일일치,경계(L1~L2),1,PROVISIONAL_AUTO,0,일치,,
SC_V19109_B109_045,종료하다,동사,4,L2,단일일치,경계(L3~L4),3,PROVISIONAL_AUTO,0,충돌,,공식대조(충돌)
SC_V19109_B109_047,종사자,명사,4,L2,단일일치,경계(L3~L4),3,PROVISIONAL_AUTO,0,충돌,,공식대조(충돌)
SC_V19109_B109_048,종알종알,부사,4,L2,단일일치,경계(L3~L4),3,REVIEW_BOUNDARY,1,충돌,,공식대조(충돌)
SC_V19109_B109_049,종이쪽,명사,4,L2,단일일치,경계(L3~L4),2,REVIEW_BOUNDARY,1,일치,,
SC_V19109_B109_050,종이쪽지,명사,3,L1,단일일치,경계(L1~L2),1,PROVISIONAL_AUTO,0,일치,,
SC_V19110_B110_001,종이학,명사,3,L1,단일일치,경계(L1~L2),1,PROVISIONAL_AUTO,0,일치,,
SC_V19110_B110_002,종종걸음,명사,4,L2,단일일치,경계(L3~L4),2,REVIEW_BOUNDARY,1,일치,,
SC_V19110_B110_003,좋아,감탄사,3,L1,단일일치,경계(L1~L2),1,PROVISIONAL_AUTO,0,일치,,
SC_V19110_B110_004,좌우간,명사,4,L2,단일일치,경계(L3~L4),2,REVIEW_BOUNDARY,1,일치,,
SC_V19110_B110_005,좌우되다,동사,4,L2,단일일치,경계(L3~L4),2,REVIEW_BOUNDARY,1,일치,,
SC_V19110_B110_006,좌우명,명사,3,L1,단일일치,경계(L1~L2),1,PROVISIONAL_AUTO,0,일치,,
SC_V19110_B110_007,좌우하다,동사,4,L2,단일일치,경계(L3~L4),2,REVIEW_BOUNDARY,1,일치,,
SC_V19110_B110_008,좌절감,명사,3,L1,단일일치,경계(L1~L2),1,PROVISIONAL_AUTO,0,일치,,
SC_V19110_B110_009,좌측,명사,4,L2,단일일치,경계(L3~L4),2,REVIEW_BOUNDARY,1,일치,,
SC_V19110_B110_010,좌회전,명사,3,L1,단일일치,경계(L1~L2),1,PROVISIONAL_AUTO,0,일치,,
SC_V19110_B110_011,죄송스럽다,형용사,3,L1,단일일치,경계(L1~L2),1,REVIEW_BOUNDARY,1,일치,,
SC_V19110_B110_013,죄악,명사,3,L1,단일일치,경계(L1~L2),1,PROVISIONAL_AUTO,0,일치,,
SC_V19110_B110_014,죄의식,명사,4,L2,단일일치,경계(L3~L4),3,PROVISIONAL_AUTO,0,충돌,,공식대조(충돌)
SC_V19110_B110_015,죄책감,명사,4,L2,단일일치,경계(L3~L4),3,PROVISIONAL_AUTO,0,충돌,,공식대조(충돌)
SC_V19110_B110_016,죗값,명사,4,L2,단일일치,경계(L3~L4),2,REVIEW_BOUNDARY,1,일치,,
SC_V19110_B110_017,주거비,명사,4,L2,단일일치,경계(L3~L4),3,PROVISIONAL_AUTO,0,충돌,,공식대조(충돌)
SC_V19110_B110_018,주근깨,명사,3,L1,단일일치,경계(L1~L2),1,PROVISIONAL_AUTO,0,일치,,
SC_V19110_B110_020,주도권,명사,4,L2,단일일치,경계(L3~L4),3,PROVISIONAL_AUTO,0,충돌,,공식대조(충돌)
SC_V19110_B110_021,주도자,명사,4,L2,단일일치,경계(L3~L4),2,REVIEW_BOUNDARY,1,일치,,
SC_V19110_B110_025,주름잡다,동사,4,L2,단일일치,경계(L3~L4),3,PROVISIONAL_AUTO,0,충돌,,공식대조(충돌)
SC_V19110_B110_030,주목적,명사,4,L2,단일일치,경계(L3~L4),3,PROVISIONAL_AUTO,0,충돌,,공식대조(충돌)
SC_V19110_B110_031,주물럭거리다,동사,4,L2,단일일치,경계(L3~L4),3,PROVISIONAL_AUTO,0,충돌,,공식대조(충돌)
SC_V19110_B110_032,주방장,명사,3,L1,단일일치,경계(L1~L2),1,PROVISIONAL_AUTO,0,일치,,
SC_V19110_B110_033,주사약,명사,4,L2,단일일치,경계(L3~L4),3,PROVISIONAL_AUTO,0,충돌,,공식대조(충돌)
SC_V19110_B110_034,주생활,명사,4,L2,단일일치,경계(L3~L4),2,REVIEW_BOUNDARY,1,일치,,
SC_V19110_B110_035,주소록,명사,3,L1,단일일치,경계(L1~L2),1,PROVISIONAL_AUTO,0,일치,,
SC_V19110_B110_036,주의보,명사,4,L2,단일일치,경계(L3~L4),4,PROVISIONAL_AUTO,0,충돌,,공식대조(충돌)
SC_V19110_B110_038,주인집,명사,3,L1,단일일치,경계(L1~L2),1,PROVISIONAL_AUTO,0,일치,,
SC_V19110_B110_039,주재료,명사,4,L2,단일일치,경계(L3~L4),2,REVIEW_BOUNDARY,1,일치,,
SC_V19110_B110_041,주제가,명사,3,L1,단일일치,경계(L1~L2),1,REVIEW_BOUNDARY,1,일치,,
SC_V19110_B110_042,주제곡,명사,3,L1,단일일치,경계(L1~L2),1,REVIEW_BOUNDARY,1,일치,,
SC_V19110_B110_044,주제어,명사,4,L2,단일일치,경계(L3~L4),3,PROVISIONAL_AUTO,0,충돌,,공식대조(충돌)
SC_V19110_B110_045,주차비,명사,4,L2,단일일치,경계(L3~L4),2,REVIEW_BOUNDARY,1,일치,,
SC_V19110_B110_047,주최,명사,4,L2,단일일치,경계(L3~L4),2,REVIEW_BOUNDARY,1,일치,,
SC_V19110_B110_048,주최하다,동사,3,L1,단일일치,경계(L1~L2),1,PROVISIONAL_AUTO,0,일치,,
SC_V19110_B110_049,주춤,부사,4,L2,단일일치,경계(L3~L4),3,PROVISIONAL_AUTO,0,충돌,,공식대조(충돌)
SC_V19110_B110_050,주춤하다,동사,3,L1,단일일치,경계(L1~L2),1,REVIEW_BOUNDARY,1,일치,,
SC_V19111_B111_001,주춧돌,명사,4,L2,단일일치,경계(L3~L4),3,PROVISIONAL_AUTO,0,충돌,,공식대조(충돌)
SC_V19111_B111_002,주택가,명사,3,L1,단일일치,경계(L1~L2),1,REVIEW_BOUNDARY,1,일치,,
SC_V19111_B111_003,주홍색,명사,4,L2,단일일치,경계(L3~L4),2,REVIEW_BOUNDARY,1,일치,,
SC_V19111_B111_004,죽순,명사,4,L2,단일일치,경계(L3~L4),3,PROVISIONAL_AUTO,0,충돌,,공식대조(충돌)
SC_V19111_B111_006,준결승,명사,4,L2,단일일치,경계(L3~L4),3,PROVISIONAL_AUTO,0,충돌,,공식대조(충돌)
SC_V19111_B111_007,준말,명사,4,L2,단일일치,경계(L3~L4),3,PROVISIONAL_AUTO,0,충돌,,공식대조(충돌)
SC_V19111_B111_008,준법성,명사,4,L2,단일일치,경계(L3~L4),3,REVIEW_BOUNDARY,1,충돌,,공식대조(충돌)
SC_V19111_B111_009,준우승,명사,4,L2,단일일치,경계(L3~L4),3,PROVISIONAL_AUTO,0,충돌,,공식대조(충돌)
SC_V19111_B111_010,줄곧,부사,4,L2,단일일치,경계(L3~L4),2,REVIEW_BOUNDARY,1,일치,,
SC_V19111_B111_011,줄글,명사,4,L2,단일일치,경계(L3~L4),3,REVIEW_BOUNDARY,1,충돌,,공식대조(충돌)
SC_V19111_B111_012,줄기차다,형용사,3,L1,단일일치,경계(L1~L2),1,PROVISIONAL_AUTO,0,일치,,
SC_V19111_B111_013,줄무늬,명사,3,L1,단일일치,경계(L1~L2),1,PROVISIONAL_AUTO,0,일치,,
SC_V19111_B111_014,줄뿌림,명사,4,L2,단일일치,경계(L3~L4),3,PROVISIONAL_AUTO,0,충돌,,공식대조(충돌)
SC_V19111_B111_015,줄어지다,동사,3,L1,단일일치,경계(L1~L2),1,PROVISIONAL_AUTO,0,일치,,
SC_V19111_B111_016,줄자,명사,3,L1,단일일치,경계(L1~L2),1,PROVISIONAL_AUTO,0,일치,,
SC_V19111_B111_017,중간고사,명사,3,L1,단일일치,경계(L1~L2),1,REVIEW_BOUNDARY,1,일치,,
SC_V19111_B111_018,중간중간,명사,4,L2,단일일치,경계(L3~L4),3,PROVISIONAL_AUTO,0,충돌,,공식대조(충돌)
SC_V19111_B111_019,중고등학교,명사,4,L2,단일일치,경계(L3~L4),3,REVIEW_BOUNDARY,1,충돌,,공식대조(충돌)
SC_V19111_B111_020,중고등학생,명사,4,L2,단일일치,경계(L3~L4),3,PROVISIONAL_AUTO,0,충돌,,공식대조(충돌)
SC_V19111_B111_021,중고생,명사,4,L2,단일일치,경계(L3~L4),2,REVIEW_BOUNDARY,1,일치,,
SC_V19111_B111_022,중고차,명사,4,L2,단일일치,경계(L3~L4),2,REVIEW_BOUNDARY,1,일치,,
SC_V19111_B111_023,중고품,명사,4,L2,단일일치,경계(L3~L4),2,REVIEW_BOUNDARY,1,일치,,
SC_V19111_B111_025,중공업,명사,4,L2,단일일치,경계(L3~L4),3,PROVISIONAL_AUTO,0,충돌,,공식대조(충돌)
SC_V19111_B111_026,중국어,명사,3,L1,단일일치,경계(L1~L2),2,REVIEW_BOUNDARY,1,충돌,,공식대조(충돌)
SC_V19111_B111_027,중금속,명사,4,L2,단일일치,경계(L3~L4),3,PROVISIONAL_AUTO,0,충돌,,공식대조(충돌)
SC_V19111_B111_028,중급,명사,3,L1,단일일치,경계(L1~L2),1,PROVISIONAL_AUTO,0,일치,,
SC_V19111_B111_031,중심가,명사,4,L2,단일일치,경계(L3~L4),2,REVIEW_BOUNDARY,1,일치,,
SC_V19111_B111_032,중심인물,명사,4,L2,단일일치,경계(L3~L4),3,PROVISIONAL_AUTO,0,충돌,,공식대조(충돌)
SC_V19111_B111_033,중얼중얼,부사,3,L1,단일일치,경계(L1~L2),2,REVIEW_BOUNDARY,1,충돌,,공식대조(충돌)
SC_V19111_B111_034,중장비,명사,4,L2,단일일치,경계(L3~L4),3,PROVISIONAL_AUTO,0,충돌,,공식대조(충돌)
SC_V19111_B111_035,중지되다,동사,3,L1,단일일치,경계(L1~L2),1,PROVISIONAL_AUTO,0,일치,,
SC_V19111_B111_036,중화학,명사,4,L2,단일일치,경계(L3~L4),3,PROVISIONAL_AUTO,0,충돌,,공식대조(충돌)
SC_V19111_B111_039,쥐색,명사,4,L2,단일일치,경계(L3~L4),2,REVIEW_BOUNDARY,1,일치,,
SC_V19111_B111_041,즉석,명사,3,L1,단일일치,경계(L1~L2),1,PROVISIONAL_AUTO,0,일치,,
SC_V19111_B111_042,즉위,명사,4,L2,단일일치,경계(L3~L4),3,PROVISIONAL_AUTO,0,충돌,,공식대조(충돌)
SC_V19111_B111_043,즉위식,명사,4,L2,단일일치,경계(L3~L4),3,PROVISIONAL_AUTO,0,충돌,,공식대조(충돌)
SC_V19111_B111_044,즉위하다,동사,4,L2,단일일치,경계(L3~L4),3,PROVISIONAL_AUTO,0,충돌,,공식대조(충돌)
SC_V19111_B111_045,즉흥,명사,4,L2,단일일치,경계(L3~L4),3,PROVISIONAL_AUTO,0,충돌,,공식대조(충돌)
SC_V19111_B111_046,즐거이,부사,4,L2,단일일치,경계(L3~L4),2,REVIEW_BOUNDARY,1,일치,,
SC_V19111_B111_047,증강,명사,4,L2,단일일치,경계(L3~L4),2,REVIEW_BOUNDARY,1,일치,,
SC_V19111_B111_049,증류수,명사,4,L2,단일일치,경계(L3~L4),3,PROVISIONAL_AUTO,0,충돌,,공식대조(충돌)
SC_V19111_B111_050,증손녀,명사,4,L2,단일일치,경계(L3~L4),2,REVIEW_BOUNDARY,1,일치,,
SC_V19112_B112_001,증조,명사,4,L2,단일일치,경계(L3~L4),3,PROVISIONAL_AUTO,0,충돌,,공식대조(충돌)
SC_V19112_B112_002,증조모,명사,4,L2,단일일치,경계(L3~L4),3,PROVISIONAL_AUTO,0,충돌,,공식대조(충돌)
SC_V19112_B112_003,증조부,명사,4,L2,단일일치,경계(L3~L4),3,PROVISIONAL_AUTO,0,충돌,,공식대조(충돌)
SC_V19112_B112_004,증조할머니,명사,4,L2,단일일치,경계(L3~L4),3,PROVISIONAL_AUTO,0,충돌,,공식대조(충돌)
SC_V19112_B112_005,증조할머님,명사,4,L2,단일일치,경계(L3~L4),3,PROVISIONAL_AUTO,0,충돌,,공식대조(충돌)
SC_V19112_B112_006,증조할아버지,명사,4,L2,단일일치,경계(L3~L4),3,PROVISIONAL_AUTO,0,충돌,,공식대조(충돌)
SC_V19112_B112_007,증표,명사,4,L2,단일일치,경계(L3~L4),2,REVIEW_BOUNDARY,1,일치,,
SC_V19112_B112_009,지구력,명사,4,L2,단일일치,경계(L3~L4),3,PROVISIONAL_AUTO,0,충돌,,공식대조(충돌)
SC_V19112_B112_010,지구촌,명사,4,L2,단일일치,경계(L3~L4),2,REVIEW_BOUNDARY,1,일치,,
SC_V19112_B112_011,지극하다,형용사,3,L1,단일일치,경계(L1~L2),1,PROVISIONAL_AUTO,0,일치,,
SC_V19112_B112_012,지나다니다,동사,3,L1,단일일치,경계(L1~L2),1,REVIEW_BOUNDARY,1,일치,,
SC_V19112_B112_013,지난여름,명사,3,L1,단일일치,경계(L1~L2),1,PROVISIONAL_AUTO,0,일치,,
SC_V19112_B112_014,지느러미,명사,3,L1,단일일치,경계(L1~L2),2,REVIEW_BOUNDARY,1,충돌,207(레벨보류),공식대조(충돌)
SC_V19112_B112_015,지도력,명사,3,L1,단일일치,경계(L1~L2),1,REVIEW_BOUNDARY,1,일치,,
SC_V19112_B112_018,지명되다,동사,4,L2,단일일치,경계(L3~L4),3,PROVISIONAL_AUTO,0,충돌,,공식대조(충돌)
SC_V19112_B112_019,지목되다,동사,4,L2,단일일치,경계(L3~L4),3,PROVISIONAL_AUTO,0,충돌,,공식대조(충돌)
SC_V19112_B112_020,지목하다,동사,3,L1,단일일치,경계(L1~L2),1,PROVISIONAL_AUTO,0,일치,,
SC_V19112_B112_022,지사제,명사,4,L2,단일일치,경계(L3~L4),3,REVIEW_BOUNDARY,1,충돌,,공식대조(충돌)
SC_V19112_B112_023,지새우다,동사,4,L2,단일일치,경계(L3~L4),2,REVIEW_BOUNDARY,1,일치,,
SC_V19112_B112_024,지압하다,동사,4,L2,단일일치,경계(L3~L4),2,REVIEW_BOUNDARY,1,일치,,
SC_V19112_B112_026,지온,명사,4,L2,단일일치,경계(L3~L4),2,REVIEW_BOUNDARY,1,일치,207(레벨보류),
SC_V19112_B112_027,지원금,명사,4,L2,단일일치,경계(L3~L4),2,REVIEW_BOUNDARY,1,일치,,
SC_V19112_B112_029,지점토,명사,4,L2,단일일치,경계(L3~L4),3,PROVISIONAL_AUTO,0,충돌,,공식대조(충돌)
SC_V19112_B112_030,지정사,명사,4,L2,단일일치,경계(L3~L4),3,REVIEW_BOUNDARY,1,충돌,,공식대조(충돌)
SC_V19112_B112_031,지정석,명사,4,L2,단일일치,경계(L3~L4),3,PROVISIONAL_AUTO,0,충돌,,공식대조(충돌)
SC_V19112_B112_032,지지배배,부사,4,L2,단일일치,경계(L3~L4),2,REVIEW_BOUNDARY,1,일치,,
SC_V19112_B112_033,지체하다,동사,3,L1,단일일치,경계(L1~L2),1,PROVISIONAL_AUTO,0,일치,,
SC_V19112_B112_034,지출액,명사,4,L2,단일일치,경계(L3~L4),2,REVIEW_BOUNDARY,1,일치,,
SC_V19112_B112_035,지탱하다,동사,3,L1,단일일치,경계(L1~L2),1,PROVISIONAL_AUTO,0,일치,,
SC_V19112_B112_036,지표면,명사,4,L2,단일일치,경계(L3~L4),2,REVIEW_BOUNDARY,1,일치,207(레벨보류),
SC_V19112_B112_037,지하자원,명사,4,L2,단일일치,경계(L3~L4),3,PROVISIONAL_AUTO,0,충돌,,공식대조(충돌)
SC_V19112_B112_040,지휘법,명사,4,L2,단일일치,경계(L3~L4),4,REVIEW_BOUNDARY,1,충돌,,공식대조(충돌)
SC_V19112_B112_041,직거래,명사,4,L2,단일일치,경계(L3~L4),3,PROVISIONAL_AUTO,0,충돌,,공식대조(충돌)
SC_V19112_B112_042,직매장,명사,4,L2,단일일치,경계(L3~L4),3,PROVISIONAL_AUTO,0,충돌,,공식대조(충돌)
SC_V19112_B112_043,직매점,명사,4,L2,단일일치,경계(L3~L4),3,PROVISIONAL_AUTO,0,충돌,,공식대조(충돌)
SC_V19112_B112_044,직무,명사,4,L2,단일일치,경계(L3~L4),3,PROVISIONAL_AUTO,0,충돌,,공식대조(충돌)
SC_V19112_B112_045,직사각형,명사,3,L1,단일일치,경계(L1~L2),1,REVIEW_BOUNDARY,1,일치,,
SC_V19112_B112_046,직사광선,명사,4,L2,단일일치,경계(L3~L4),2,REVIEW_BOUNDARY,1,일치,,
SC_V19112_B112_048,직속,명사,4,L2,단일일치,경계(L3~L4),2,REVIEW_BOUNDARY,1,일치,,
SC_V19112_B112_049,직업관,명사,4,L2,단일일치,경계(L3~L4),2,REVIEW_BOUNDARY,1,일치,,
SC_V19112_B112_050,직업인,명사,4,L2,단일일치,경계(L3~L4),2,REVIEW_BOUNDARY,1,일치,,
SC_V19113_B113_001,직장인,명사,3,L1,단일일치,경계(L1~L2),1,PROVISIONAL_AUTO,0,일치,,
SC_V19113_B113_002,직진하다,동사,3,L1,단일일치,경계(L1~L2),1,PROVISIONAL_AUTO,0,일치,,
SC_V19113_B113_003,직책,명사,4,L2,단일일치,경계(L3~L4),2,REVIEW_BOUNDARY,1,일치,,
SC_V19113_B113_006,진귀하다,형용사,4,L2,단일일치,경계(L3~L4),2,REVIEW_BOUNDARY,1,일치,,
SC_V19113_B113_007,진눈깨비,명사,4,L2,단일일치,경계(L3~L4),2,REVIEW_BOUNDARY,1,일치,,
SC_V19113_B113_009,진딧물,명사,4,L2,단일일치,경계(L3~L4),3,PROVISIONAL_AUTO,0,충돌,,공식대조(충돌)
SC_V19113_B113_015,진미채,명사,4,L2,단일일치,경계(L3~L4),3,PROVISIONAL_AUTO,0,충돌,,공식대조(충돌)
SC_V19113_B113_016,진솔하다,형용사,4,L2,단일일치,경계(L3~L4),2,REVIEW_BOUNDARY,1,일치,,
SC_V19113_B113_017,진수성찬,명사,3,L1,단일일치,경계(L1~L2),1,PROVISIONAL_AUTO,0,일치,,
SC_V19113_B113_018,진실되다,형용사,3,L1,단일일치,경계(L1~L2),1,PROVISIONAL_AUTO,0,일치,,
SC_V19113_B113_019,진실로,부사,3,L1,단일일치,경계(L1~L2),1,PROVISIONAL_AUTO,0,일치,,
SC_V19113_B113_023,진열대,명사,3,L1,단일일치,경계(L1~L2),1,PROVISIONAL_AUTO,0,일치,,
SC_V19113_B113_024,진열되다,동사,4,L2,단일일치,경계(L3~L4),3,PROVISIONAL_AUTO,0,충돌,,공식대조(충돌)
SC_V19113_B113_025,진입하다,동사,3,L1,단일일치,경계(L1~L2),1,PROVISIONAL_AUTO,0,일치,,
SC_V19113_B113_026,진정제,명사,4,L2,단일일치,경계(L3~L4),4,PROVISIONAL_AUTO,0,충돌,,공식대조(충돌)
SC_V19113_B113_030,진행자,명사,3,L1,단일일치,경계(L1~L2),1,REVIEW_BOUNDARY,1,일치,,
SC_V19113_B113_031,진흙탕,명사,3,L1,단일일치,경계(L1~L2),1,PROVISIONAL_AUTO,0,일치,,
SC_V19113_B113_032,질겁,명사,3,L1,단일일치,경계(L1~L2),1,REVIEW_BOUNDARY,1,일치,,
SC_V19113_B113_033,질겁하다,동사,4,L2,단일일치,경계(L3~L4),3,PROVISIONAL_AUTO,0,충돌,,공식대조(충돌)
SC_V19113_B113_034,질겅질겅,부사,4,L2,단일일치,경계(L3~L4),2,REVIEW_BOUNDARY,1,일치,,
SC_V19113_B113_035,질문지,명사,4,L2,단일일치,경계(L3~L4),2,REVIEW_BOUNDARY,1,일치,,
SC_V19113_B113_038,질척거리다,동사,4,L2,단일일치,경계(L3~L4),3,PROVISIONAL_AUTO,0,충돌,,공식대조(충돌)
SC_V19113_B113_039,질투심,명사,3,L1,단일일치,경계(L1~L2),1,PROVISIONAL_AUTO,0,일치,,
SC_V19113_B113_041,짐작되다,동사,4,L2,단일일치,경계(L3~L4),2,REVIEW_BOUNDARY,1,일치,,
SC_V19113_B113_042,짐짝,명사,4,L2,단일일치,경계(L3~L4),2,REVIEW_BOUNDARY,1,일치,,
SC_V19113_B113_043,짐칸,명사,3,L1,단일일치,경계(L1~L2),1,PROVISIONAL_AUTO,0,일치,,
SC_V19113_B113_044,집게발,명사,4,L2,단일일치,경계(L3~L4),3,PROVISIONAL_AUTO,0,충돌,,공식대조(충돌)
SC_V19113_B113_045,집게손가락,명사,3,L1,단일일치,경계(L1~L2),1,REVIEW_BOUNDARY,1,일치,,
SC_V19113_B113_046,집결하다,동사,4,L2,단일일치,경계(L3~L4),3,PROVISIONAL_AUTO,0,충돌,,공식대조(충돌)
SC_V19113_B113_047,집계하다,동사,4,L2,단일일치,경계(L3~L4),3,PROVISIONAL_AUTO,0,충돌,,공식대조(충돌)
SC_V19113_B113_048,집념,명사,4,L2,단일일치,경계(L3~L4),3,PROVISIONAL_AUTO,0,충돌,,공식대조(충돌)
SC_V19113_B113_050,집세,명사,4,L2,단일일치,경계(L3~L4),2,REVIEW_BOUNDARY,1,일치,,
SC_V19114_B114_001,집어던지다,동사,3,L1,단일일치,경계(L1~L2),1,REVIEW_BOUNDARY,1,일치,,
SC_V19114_B114_002,집짐승,명사,4,L2,단일일치,경계(L3~L4),3,PROVISIONAL_AUTO,0,충돌,,공식대조(충돌)
SC_V19114_B114_004,집필하다,동사,4,L2,단일일치,경계(L3~L4),3,PROVISIONAL_AUTO,0,충돌,,공식대조(충돌)
SC_V19114_B114_007,짓궂다,형용사,4,L2,단일일치,경계(L3~L4),3,PROVISIONAL_AUTO,0,충돌,,공식대조(충돌)
SC_V19114_B114_008,짓이기다,동사,4,L2,단일일치,경계(L3~L4),2,REVIEW_BOUNDARY,1,일치,,
SC_V19114_B114_011,징조,명사,3,L1,단일일치,경계(L1~L2),1,PROVISIONAL_AUTO,0,일치,,
SC_V19114_B114_012,짚단,명사,4,L2,단일일치,경계(L3~L4),2,REVIEW_BOUNDARY,1,일치,,
SC_V19114_B114_013,짜개다,동사,4,L2,단일일치,경계(L3~L4),3,PROVISIONAL_AUTO,0,충돌,,공식대조(충돌)
SC_V19114_B114_014,짜증스럽다,형용사,3,L1,단일일치,경계(L1~L2),1,REVIEW_BOUNDARY,1,일치,,
SC_V19114_B114_015,짜증스레,부사,3,L1,단일일치,경계(L1~L2),1,PROVISIONAL_AUTO,0,일치,,
SC_V19114_B114_016,짝사랑,명사,3,L1,단일일치,경계(L1~L2),1,PROVISIONAL_AUTO,0,일치,,
SC_V19114_B114_017,짝사랑하다,동사,3,L1,단일일치,경계(L1~L2),1,REVIEW_BOUNDARY,1,일치,,
SC_V19114_B114_018,짠하다,형용사,4,L2,단일일치,경계(L3~L4),3,PROVISIONAL_AUTO,0,충돌,,공식대조(충돌)
SC_V19114_B114_019,짤막하다,형용사,3,L1,단일일치,경계(L1~L2),1,PROVISIONAL_AUTO,0,일치,,
SC_V19114_B114_021,째려보다,동사,3,L1,단일일치,경계(L1~L2),1,PROVISIONAL_AUTO,0,일치,,
SC_V19114_B114_022,짹짹,부사,3,L1,단일일치,경계(L1~L2),1,PROVISIONAL_AUTO,0,일치,,
SC_V19114_B114_023,짹짹거리다,동사,4,L2,단일일치,경계(L3~L4),3,PROVISIONAL_AUTO,0,충돌,,공식대조(충돌)
SC_V19114_B114_024,쪼끄맣다,형용사,3,L1,단일일치,경계(L1~L2),1,PROVISIONAL_AUTO,0,일치,,
SC_V19114_B114_025,쪽배,명사,4,L2,단일일치,경계(L3~L4),2,REVIEW_BOUNDARY,1,일치,,
SC_V19114_B114_026,쪽수,명사,4,L2,단일일치,경계(L3~L4),2,REVIEW_BOUNDARY,1,일치,,
SC_V19114_B114_028,쫄깃쫄깃,부사,3,L1,단일일치,경계(L1~L2),1,PROVISIONAL_AUTO,0,일치,,
SC_V19114_B114_029,쫄깃하다,형용사,3,L1,단일일치,경계(L1~L2),1,PROVISIONAL_AUTO,0,일치,,
SC_V19114_B114_031,쫒다,동사,4,L2,단일일치,경계(L3~L4),2,REVIEW_BOUNDARY,1,일치,,
SC_V19114_B114_032,쭈글쭈글,부사,4,L2,단일일치,경계(L3~L4),3,PROVISIONAL_AUTO,0,충돌,,공식대조(충돌)
SC_V19114_B114_033,쭈글쭈글하다,형용사,3,L1,단일일치,경계(L1~L2),1,REVIEW_BOUNDARY,1,일치,,
SC_V19114_B114_034,찐만두,명사,4,L2,단일일치,경계(L3~L4),2,REVIEW_BOUNDARY,1,일치,,
SC_V19114_B114_036,찜통,명사,4,L2,단일일치,경계(L3~L4),2,REVIEW_BOUNDARY,1,일치,,
SC_V19114_B114_037,찝찝하다,형용사,3,L1,단일일치,경계(L1~L2),1,PROVISIONAL_AUTO,0,일치,,
SC_V19114_B114_038,찡긋,부사,4,L2,단일일치,경계(L3~L4),2,REVIEW_BOUNDARY,1,일치,,
SC_V19114_B114_039,찡긋하다,동사,4,L2,단일일치,경계(L3~L4),2,REVIEW_BOUNDARY,1,일치,,
SC_V19114_B114_040,차기작,명사,4,L2,단일일치,경계(L3~L4),2,REVIEW_BOUNDARY,1,일치,,
SC_V19114_B114_041,차려입다,동사,3,L1,단일일치,경계(L1~L2),1,PROVISIONAL_AUTO,0,일치,,
SC_V19114_B114_042,차림새,명사,4,L2,단일일치,경계(L3~L4),2,REVIEW_BOUNDARY,1,일치,,
SC_V19114_B114_043,차림표,명사,4,L2,단일일치,경계(L3~L4),3,PROVISIONAL_AUTO,0,충돌,,공식대조(충돌)
SC_V19114_B114_044,차마,부사,3,L1,단일일치,경계(L1~L2),1,PROVISIONAL_AUTO,0,일치,,
SC_V19114_B114_045,차분차분,부사,4,L2,단일일치,경계(L3~L4),3,PROVISIONAL_AUTO,0,충돌,,공식대조(충돌)
SC_V19114_B114_047,차창,명사,3,L1,단일일치,경계(L1~L2),1,PROVISIONAL_AUTO,0,일치,,
SC_V19114_B114_048,차체,명사,4,L2,단일일치,경계(L3~L4),2,REVIEW_BOUNDARY,1,일치,,
SC_V19114_B114_049,차츰차츰,부사,4,L2,단일일치,경계(L3~L4),4,REVIEW_BOUNDARY,1,충돌,,공식대조(충돌)
SC_V19114_B114_050,차표,명사,3,L1,단일일치,경계(L1~L2),1,PROVISIONAL_AUTO,0,일치,,
SC_V19115_B115_001,착륙하다,동사,3,L1,단일일치,경계(L1~L2),1,PROVISIONAL_AUTO,0,일치,,
SC_V19115_B115_002,착시,명사,4,L2,단일일치,경계(L3~L4),3,REVIEW_BOUNDARY,1,충돌,,공식대조(충돌)
SC_V19115_B115_003,착잡하다,형용사,4,L2,단일일치,경계(L3~L4),2,REVIEW_BOUNDARY,1,일치,,
SC_V19115_B115_004,찬반,명사,4,L2,단일일치,경계(L3~L4),2,REVIEW_BOUNDARY,1,일치,,
SC_V19115_B115_005,찬장,명사,4,L2,단일일치,경계(L3~L4),2,REVIEW_BOUNDARY,1,일치,,
SC_V19115_B115_007,찰떡,명사,4,L2,단일일치,경계(L3~L4),2,REVIEW_BOUNDARY,1,일치,,
SC_V19115_B115_008,찰밥,명사,4,L2,단일일치,경계(L3~L4),3,PROVISIONAL_AUTO,0,충돌,,공식대조(충돌)
SC_V19115_B115_009,참가비,명사,3,L1,단일일치,경계(L1~L2),1,PROVISIONAL_AUTO,0,일치,,
SC_V19115_B115_010,참값,명사,4,L2,단일일치,경계(L3~L4),3,REVIEW_BOUNDARY,1,충돌,,공식대조(충돌)
SC_V19115_B115_011,참답다,형용사,4,L2,단일일치,경계(L3~L4),3,PROVISIONAL_AUTO,0,충돌,,공식대조(충돌)
SC_V19115_B115_012,참되다,형용사,3,L1,단일일치,경계(L1~L2),1,PROVISIONAL_AUTO,0,일치,,
SC_V19115_B115_013,참뜻,명사,4,L2,단일일치,경계(L3~L4),2,REVIEW_BOUNDARY,1,일치,,
SC_V19115_B115_014,참말로,부사,3,L1,단일일치,경계(L1~L2),1,PROVISIONAL_AUTO,0,일치,,
SC_V19115_B115_015,참모습,명사,4,L2,단일일치,경계(L3~L4),2,REVIEW_BOUNDARY,1,일치,,
SC_V19115_B115_016,참사랑,명사,4,L2,단일일치,경계(L3~L4),2,REVIEW_BOUNDARY,1,일치,,
SC_V19115_B115_017,참석자,명사,3,L1,단일일치,경계(L1~L2),1,PROVISIONAL_AUTO,0,일치,,
SC_V19115_B115_018,참숯,명사,4,L2,단일일치,경계(L3~L4),2,REVIEW_BOUNDARY,1,일치,,
SC_V19115_B115_019,참으로,부사,3,L1,단일일치,경계(L1~L2),1,PROVISIONAL_AUTO,0,일치,,
SC_V19115_B115_020,참판,명사,4,L2,단일일치,경계(L3~L4),3,PROVISIONAL_AUTO,0,충돌,,공식대조(충돌)
SC_V19115_B115_021,참흙,명사,4,L2,단일일치,경계(L3~L4),3,PROVISIONAL_AUTO,0,충돌,,공식대조(충돌)
SC_V19115_B115_022,찹쌀,명사,3,L1,단일일치,경계(L1~L2),1,PROVISIONAL_AUTO,0,일치,,
SC_V19115_B115_023,찹쌀가루,명사,4,L2,단일일치,경계(L3~L4),2,REVIEW_BOUNDARY,1,일치,,
SC_V19115_B115_024,찹쌀떡,명사,3,L1,단일일치,경계(L1~L2),1,PROVISIONAL_AUTO,0,일치,,
SC_V19115_B115_025,찻삯,명사,4,L2,단일일치,경계(L3~L4),2,REVIEW_BOUNDARY,1,일치,207(레벨보류),
SC_V19115_B115_026,찻잔,명사,3,L1,단일일치,경계(L1~L2),1,PROVISIONAL_AUTO,0,일치,,
SC_V19115_B115_027,창간하다,동사,4,L2,단일일치,경계(L3~L4),3,PROVISIONAL_AUTO,0,충돌,,공식대조(충돌)
SC_V19115_B115_028,창문가,명사,3,L1,단일일치,경계(L1~L2),1,PROVISIONAL_AUTO,0,일치,,
SC_V19115_B115_029,창설,명사,4,L2,단일일치,경계(L3~L4),2,REVIEW_BOUNDARY,1,일치,,
SC_V19115_B115_030,창설하다,동사,4,L2,단일일치,경계(L3~L4),2,REVIEW_BOUNDARY,1,일치,,
SC_V19115_B115_031,창시자,명사,4,L2,단일일치,경계(L3~L4),3,PROVISIONAL_AUTO,0,충돌,,공식대조(충돌)
SC_V19115_B115_032,창시하다,동사,4,L2,단일일치,경계(L3~L4),3,PROVISIONAL_AUTO,0,충돌,,공식대조(충돌)
SC_V19115_B115_033,창안하다,동사,4,L2,단일일치,경계(L3~L4),3,PROVISIONAL_AUTO,0,충돌,,공식대조(충돌)
SC_V19115_B115_034,창틀,명사,3,L1,단일일치,경계(L1~L2),1,REVIEW_BOUNDARY,1,일치,,
SC_V19115_B115_035,창포물,명사,4,L2,단일일치,경계(L3~L4),3,PROVISIONAL_AUTO,0,충돌,,공식대조(충돌)
SC_V19115_B115_036,찾아뵈다,동사,3,L1,단일일치,경계(L1~L2),1,PROVISIONAL_AUTO,0,일치,,
SC_V19115_B115_037,채비,명사,4,L2,단일일치,경계(L3~L4),3,PROVISIONAL_AUTO,0,충돌,,공식대조(충돌)
SC_V19115_B115_038,채색하다,동사,4,L2,단일일치,경계(L3~L4),2,REVIEW_BOUNDARY,1,일치,,
SC_V19115_B115_039,채소밭,명사,3,L1,단일일치,경계(L1~L2),1,PROVISIONAL_AUTO,0,일치,,
SC_V19115_B115_040,채집하다,동사,3,L1,단일일치,경계(L1~L2),1,PROVISIONAL_AUTO,0,일치,,
SC_V19115_B115_043,책망하다,동사,4,L2,단일일치,경계(L3~L4),2,REVIEW_BOUNDARY,1,일치,207(레벨보류),
SC_V19115_B115_045,책임자,명사,4,L2,단일일치,경계(L3~L4),3,PROVISIONAL_AUTO,0,충돌,,공식대조(충돌)
SC_V19115_B115_046,책자,명사,3,L1,단일일치,경계(L1~L2),1,PROVISIONAL_AUTO,0,일치,,
SC_V19115_B115_049,처마,명사,3,L1,단일일치,경계(L1~L2),1,REVIEW_BOUNDARY,1,일치,,
SC_V19116_B116_005,척박하다,형용사,4,L2,단일일치,경계(L3~L4),2,REVIEW_BOUNDARY,1,일치,,
SC_V19116_B116_006,척척박사,명사,4,L2,단일일치,경계(L3~L4),2,REVIEW_BOUNDARY,1,일치,,
SC_V19116_B116_007,천년만년,명사,4,L2,단일일치,경계(L3~L4),2,REVIEW_BOUNDARY,1,일치,,
SC_V19116_B116_008,천둥소리,명사,3,L1,단일일치,경계(L1~L2),1,PROVISIONAL_AUTO,0,일치,,
SC_V19116_B116_009,천막,명사,3,L1,단일일치,경계(L1~L2),2,REVIEW_BOUNDARY,1,충돌,,공식대조(충돌)
SC_V19116_B116_010,천문대,명사,4,L2,단일일치,경계(L3~L4),3,REVIEW_BOUNDARY,1,충돌,,공식대조(충돌)
SC_V19116_B116_011,천문학자,명사,4,L2,단일일치,경계(L3~L4),2,REVIEW_BOUNDARY,1,일치,,
SC_V19116_B116_013,천연기념물,명사,4,L2,단일일치,경계(L3~L4),3,REVIEW_BOUNDARY,1,충돌,,공식대조(충돌)
SC_V19116_B116_014,천연색,명사,4,L2,단일일치,경계(L3~L4),2,REVIEW_BOUNDARY,1,일치,,
SC_V19116_B116_018,천하장사,명사,4,L2,단일일치,경계(L3~L4),2,REVIEW_BOUNDARY,1,일치,,
SC_V19116_B116_019,천하제일,명사,4,L2,단일일치,경계(L3~L4),2,REVIEW_BOUNDARY,1,일치,,
SC_V19116_B116_020,천혜,명사,4,L2,단일일치,경계(L3~L4),2,REVIEW_BOUNDARY,1,일치,,
SC_V19116_B116_021,철거,명사,4,L2,단일일치,경계(L3~L4),3,PROVISIONAL_AUTO,0,충돌,,공식대조(충돌)
SC_V19116_B116_022,철거되다,동사,4,L2,단일일치,경계(L3~L4),3,PROVISIONAL_AUTO,0,충돌,,공식대조(충돌)
SC_V19116_B116_023,철공소,명사,4,L2,단일일치,경계(L3~L4),3,PROVISIONAL_AUTO,0,충돌,,공식대조(충돌)
SC_V19116_B116_024,철광석,명사,4,L2,단일일치,경계(L3~L4),3,PROVISIONAL_AUTO,0,충돌,,공식대조(충돌)
SC_V19116_B116_025,철근,명사,3,L1,단일일치,경계(L1~L2),2,REVIEW_BOUNDARY,1,충돌,,공식대조(충돌)
SC_V19116_B116_026,철길,명사,4,L2,단일일치,경계(L3~L4),3,PROVISIONAL_AUTO,0,충돌,,공식대조(충돌)
SC_V19116_B116_028,철로,명사,3,L1,단일일치,경계(L1~L2),1,REVIEW_BOUNDARY,1,일치,,
SC_V19116_B116_029,철마,명사,4,L2,단일일치,경계(L3~L4),3,PROVISIONAL_AUTO,0,충돌,,공식대조(충돌)
SC_V19116_B116_032,철벅철벅,부사,4,L2,단일일치,경계(L3~L4),2,REVIEW_BOUNDARY,1,일치,,
SC_V19116_B116_033,철재,명사,4,L2,단일일치,경계(L3~L4),2,REVIEW_BOUNDARY,1,일치,,
SC_V19116_B116_036,철칙,명사,4,L2,단일일치,경계(L3~L4),3,PROVISIONAL_AUTO,0,충돌,,공식대조(충돌)
SC_V19116_B116_038,철학자,명사,4,L2,단일일치,경계(L3~L4),2,REVIEW_BOUNDARY,1,일치,,
SC_V19116_B116_039,첨가,명사,3,L1,단일일치,경계(L1~L2),1,PROVISIONAL_AUTO,0,일치,,
SC_V19116_B116_040,첨가되다,동사,4,L2,단일일치,경계(L3~L4),2,REVIEW_BOUNDARY,1,일치,,
SC_V19116_B116_041,첨가물,명사,4,L2,단일일치,경계(L3~L4),2,REVIEW_BOUNDARY,1,일치,,
SC_V19116_B116_042,첫돌,명사,3,L1,단일일치,경계(L1~L2),1,PROVISIONAL_AUTO,0,일치,,
SC_V19116_B116_043,첫마디,명사,4,L2,단일일치,경계(L3~L4),2,REVIEW_BOUNDARY,1,일치,,
SC_V19116_B116_044,첫사랑,명사,4,L2,단일일치,경계(L3~L4),2,REVIEW_BOUNDARY,1,일치,,
SC_V19116_B116_045,첫소리,명사,4,L2,단일일치,경계(L3~L4),3,PROVISIONAL_AUTO,0,충돌,,공식대조(충돌)
SC_V19116_B116_046,첫여름,명사,4,L2,단일일치,경계(L3~L4),2,REVIEW_BOUNDARY,1,일치,,
SC_V19116_B116_047,첫인사,명사,4,L2,단일일치,경계(L3~L4),3,PROVISIONAL_AUTO,0,충돌,,공식대조(충돌)
SC_V19116_B116_048,청과물,명사,4,L2,단일일치,경계(L3~L4),2,REVIEW_BOUNDARY,1,일치,,
SC_V19116_B116_049,청구서,명사,4,L2,단일일치,경계(L3~L4),2,REVIEW_BOUNDARY,1,일치,,
SC_V19116_B116_050,청국장찌개,명사,4,L2,단일일치,경계(L3~L4),3,PROVISIONAL_AUTO,0,충돌,,공식대조(충돌)
SC_V19117_B117_001,청군,명사,3,L1,단일일치,경계(L1~L2),1,REVIEW_BOUNDARY,1,일치,,
SC_V19117_B117_003,청동기,명사,4,L2,단일일치,경계(L3~L4),2,REVIEW_BOUNDARY,1,일치,,
SC_V19117_B117_005,청록색,명사,3,L1,단일일치,경계(L1~L2),1,PROVISIONAL_AUTO,0,일치,,
SC_V19117_B117_006,청색,명사,3,L1,단일일치,경계(L1~L2),1,PROVISIONAL_AUTO,0,일치,,
SC_V19117_B117_007,청소년기,명사,3,L1,단일일치,경계(L1~L2),2,PROVISIONAL_AUTO,0,충돌,17(L2_PROVISIONAL_AUTO),공식대조(충돌)
SC_V19117_B117_008,청소되다,동사,4,L2,단일일치,경계(L3~L4),3,PROVISIONAL_AUTO,0,충돌,,공식대조(충돌)
SC_V19117_B117_010,청양고추,명사,4,L2,단일일치,경계(L3~L4),3,PROVISIONAL_AUTO,0,충돌,,공식대조(충돌)
SC_V19117_B117_011,청운교,명사,4,L2,단일일치,경계(L3~L4),3,PROVISIONAL_AUTO,0,충돌,,공식대조(충돌)
SC_V19117_B117_012,청중,명사,4,L2,단일일치,경계(L3~L4),3,PROVISIONAL_AUTO,0,충돌,,공식대조(충돌)
SC_V19117_B117_013,청취자,명사,4,L2,단일일치,경계(L3~L4),2,REVIEW_BOUNDARY,1,일치,,
SC_V19117_B117_014,청취하다,동사,4,L2,단일일치,경계(L3~L4),2,REVIEW_BOUNDARY,1,일치,,
SC_V19117_B117_015,체류,명사,4,L2,단일일치,경계(L3~L4),2,REVIEW_BOUNDARY,1,일치,,
SC_V19117_B117_018,체크아웃,명사,4,L2,단일일치,경계(L3~L4),3,PROVISIONAL_AUTO,0,충돌,,공식대조(충돌)
SC_V19117_B117_020,초가지붕,명사,4,L2,단일일치,경계(L3~L4),2,REVIEW_BOUNDARY,1,일치,,
SC_V19117_B117_021,초고속,명사,3,L1,단일일치,경계(L1~L2),1,PROVISIONAL_AUTO,0,일치,,
SC_V19117_B117_022,초록빛,명사,3,L1,단일일치,경계(L1~L2),1,PROVISIONAL_AUTO,0,일치,,
SC_V19117_B117_023,초밥,명사,3,L1,단일일치,경계(L1~L2),1,PROVISIONAL_AUTO,0,일치,,
SC_V19117_B117_024,초벌,명사,4,L2,단일일치,경계(L3~L4),3,PROVISIONAL_AUTO,0,충돌,,공식대조(충돌)
SC_V19117_B117_025,초벌구이,명사,4,L2,단일일치,경계(L3~L4),3,PROVISIONAL_AUTO,0,충돌,,공식대조(충돌)
SC_V19117_B117_026,초보자,명사,3,L1,단일일치,경계(L1~L2),1,REVIEW_BOUNDARY,1,일치,,
SC_V19117_B117_027,초빙하다,동사,4,L2,단일일치,경계(L3~L4),2,REVIEW_BOUNDARY,1,일치,,
SC_V19117_B117_028,초사흘,명사,4,L2,단일일치,경계(L3~L4),2,REVIEW_BOUNDARY,1,일치,,
SC_V19117_B117_030,초승달,명사,3,L1,단일일치,경계(L1~L2),1,PROVISIONAL_AUTO,0,일치,,
SC_V19117_B117_031,초시계,명사,4,L2,단일일치,경계(L3~L4),3,PROVISIONAL_AUTO,0,충돌,,공식대조(충돌)
SC_V19117_B117_032,초인종,명사,3,L1,단일일치,경계(L1~L2),1,PROVISIONAL_AUTO,0,일치,,
SC_V19117_B117_033,초창기,명사,3,L1,단일일치,경계(L1~L2),1,PROVISIONAL_AUTO,0,일치,,
SC_V19117_B117_034,초청되다,동사,4,L2,단일일치,경계(L3~L4),2,REVIEW_BOUNDARY,1,일치,,
SC_V19117_B117_035,초청장,명사,4,L2,단일일치,경계(L3~L4),2,REVIEW_BOUNDARY,1,일치,,
SC_V19117_B117_036,초청하다,동사,3,L1,단일일치,경계(L1~L2),1,PROVISIONAL_AUTO,0,일치,,
SC_V19117_B117_037,초췌하다,형용사,4,L2,단일일치,경계(L3~L4),3,PROVISIONAL_AUTO,0,충돌,,공식대조(충돌)
SC_V19117_B117_038,초하루,명사,4,L2,단일일치,경계(L3~L4),2,REVIEW_BOUNDARY,1,일치,,
SC_V19117_B117_039,초하룻날,명사,4,L2,단일일치,경계(L3~L4),2,REVIEW_BOUNDARY,1,일치,,
SC_V19117_B117_040,초현실,명사,4,L2,단일일치,경계(L3~L4),3,PROVISIONAL_AUTO,0,충돌,,공식대조(충돌)
SC_V19117_B117_041,촉구하다,동사,4,L2,단일일치,경계(L3~L4),2,REVIEW_BOUNDARY,1,일치,,
SC_V19117_B117_042,촘촘하다,형용사,3,L1,단일일치,경계(L1~L2),1,PROVISIONAL_AUTO,0,일치,,
SC_V19117_B117_043,촘촘히,부사,3,L1,단일일치,경계(L1~L2),1,PROVISIONAL_AUTO,0,일치,,
SC_V19117_B117_044,촛농,명사,4,L2,단일일치,경계(L3~L4),2,REVIEW_BOUNDARY,1,일치,,
SC_V19117_B117_045,총각김치,명사,4,L2,단일일치,경계(L3~L4),3,PROVISIONAL_AUTO,0,충돌,,공식대조(충돌)
SC_V19117_B117_046,총각무,명사,4,L2,단일일치,경계(L3~L4),3,PROVISIONAL_AUTO,0,충돌,,공식대조(충돌)
SC_V19118_B118_001,총동원하다,동사,4,L2,단일일치,경계(L3~L4),3,PROVISIONAL_AUTO,0,충돌,,공식대조(충돌)
SC_V19118_B118_002,총량,명사,4,L2,단일일치,경계(L3~L4),2,REVIEW_BOUNDARY,1,일치,,
SC_V19118_B118_011,총연습,명사,4,L2,단일일치,경계(L3~L4),3,PROVISIONAL_AUTO,0,충돌,,공식대조(충돌)
SC_V19118_B118_012,총인구,명사,4,L2,단일일치,경계(L3~L4),2,REVIEW_BOUNDARY,1,일치,,
SC_V19118_B118_013,총점,명사,4,L2,단일일치,경계(L3~L4),2,REVIEW_BOUNDARY,1,일치,207(레벨보류),
SC_V19118_B118_015,촬영지,명사,4,L2,단일일치,경계(L3~L4),2,REVIEW_BOUNDARY,1,일치,,
SC_V19118_B118_016,최강,명사,3,L1,단일일치,경계(L1~L2),1,PROVISIONAL_AUTO,0,일치,,
SC_V19118_B118_017,최강자,명사,4,L2,단일일치,경계(L3~L4),3,PROVISIONAL_AUTO,0,충돌,,공식대조(충돌)
SC_V19118_B118_018,최고급,명사,3,L1,단일일치,경계(L1~L2),1,PROVISIONAL_AUTO,0,일치,,
SC_V19118_B118_019,최다,명사,4,L2,단일일치,경계(L3~L4),2,REVIEW_BOUNDARY,1,일치,,
SC_V19118_B118_020,최신형,명사,4,L2,단일일치,경계(L3~L4),2,REVIEW_BOUNDARY,1,일치,,
SC_V19118_B118_021,최우선,명사,3,L1,단일일치,경계(L1~L2),1,REVIEW_BOUNDARY,1,일치,,
SC_V19118_B118_025,추대되다,동사,4,L2,단일일치,경계(L3~L4),3,PROVISIONAL_AUTO,0,충돌,,공식대조(충돌)
SC_V19118_B118_026,추리다,동사,4,L2,단일일치,경계(L3~L4),3,PROVISIONAL_AUTO,0,충돌,,공식대조(충돌)
SC_V19118_B118_027,추석빔,명사,4,L2,단일일치,경계(L3~L4),3,PROVISIONAL_AUTO,0,충돌,,공식대조(충돌)
SC_V19118_B118_028,추수철,명사,4,L2,단일일치,경계(L3~L4),2,REVIEW_BOUNDARY,1,일치,,
SC_V19118_B118_029,추시계,명사,4,L2,단일일치,경계(L3~L4),2,REVIEW_BOUNDARY,1,일치,,
SC_V19118_B118_031,추억하다,동사,4,L2,단일일치,경계(L3~L4),2,REVIEW_BOUNDARY,1,일치,207(레벨보류),
SC_V19118_B118_032,추월하다,동사,4,L2,단일일치,경계(L3~L4),3,PROVISIONAL_AUTO,0,충돌,,공식대조(충돌)
SC_V19118_B118_033,추이,명사,4,L2,단일일치,경계(L3~L4),3,PROVISIONAL_AUTO,0,충돌,,공식대조(충돌)
SC_V19118_B118_034,추임새,명사,4,L2,단일일치,경계(L3~L4),3,REVIEW_BOUNDARY,1,충돌,,공식대조(충돌)
SC_V19118_B118_035,추천되다,동사,3,L1,단일일치,경계(L1~L2),1,REVIEW_BOUNDARY,1,일치,,
SC_V19118_B118_036,추천서,명사,4,L2,단일일치,경계(L3~L4),2,REVIEW_BOUNDARY,1,일치,,
SC_V19118_B118_037,추켜들다,동사,4,L2,단일일치,경계(L3~L4),2,REVIEW_BOUNDARY,1,일치,,
SC_V19118_B118_038,축구단,명사,4,L2,단일일치,경계(L3~L4),2,REVIEW_BOUNDARY,1,일치,,
SC_V19118_B118_039,축구팀,명사,3,L1,단일일치,경계(L1~L2),1,PROVISIONAL_AUTO,0,일치,,
SC_V19118_B118_040,축구하다,동사,4,L2,단일일치,경계(L3~L4),2,REVIEW_BOUNDARY,1,일치,,
SC_V19118_B118_041,축구화,명사,3,L1,단일일치,경계(L1~L2),1,REVIEW_BOUNDARY,1,일치,,
SC_V19118_B118_043,축산,명사,4,L2,단일일치,경계(L3~L4),3,PROVISIONAL_AUTO,0,충돌,,공식대조(충돌)
SC_V19118_B118_044,축산물,명사,4,L2,단일일치,경계(L3~L4),3,PROVISIONAL_AUTO,0,충돌,,공식대조(충돌)
SC_V19118_B118_045,축산업,명사,4,L2,단일일치,경계(L3~L4),2,REVIEW_BOUNDARY,1,일치,,
SC_V19118_B118_046,축이다,동사,4,L2,단일일치,경계(L3~L4),2,REVIEW_BOUNDARY,1,일치,,
SC_V19118_B118_048,축하연,명사,4,L2,단일일치,경계(L3~L4),2,REVIEW_BOUNDARY,1,일치,,
SC_V19118_B118_049,축협,명사,4,L2,단일일치,경계(L3~L4),3,PROVISIONAL_AUTO,0,충돌,,공식대조(충돌)
SC_V19118_B118_050,춘향가,명사,4,L2,단일일치,경계(L3~L4),3,PROVISIONAL_AUTO,0,충돌,,공식대조(충돌)
SC_V19119_B119_001,출간되다,동사,4,L2,단일일치,경계(L3~L4),3,PROVISIONAL_AUTO,0,충돌,,공식대조(충돌)
SC_V19119_B119_002,출국,명사,3,L1,단일일치,경계(L1~L2),1,PROVISIONAL_AUTO,0,일치,,
SC_V19119_B119_003,출근길,명사,3,L1,단일일치,경계(L1~L2),1,PROVISIONAL_AUTO,0,일치,,
SC_V19119_B119_004,출몰하다,동사,3,L1,단일일치,경계(L1~L2),1,REVIEW_BOUNDARY,1,일치,,
SC_V19119_B119_005,출발지,명사,4,L2,단일일치,경계(L3~L4),2,REVIEW_BOUNDARY,1,일치,207(레벨보류),
SC_V19119_B119_006,출생률,명사,4,L2,단일일치,경계(L3~L4),3,REVIEW_BOUNDARY,1,충돌,,공식대조(충돌)
SC_V19119_B119_007,출생하다,동사,4,L2,단일일치,경계(L3~L4),2,REVIEW_BOUNDARY,1,일치,,
SC_V19119_B119_008,출석부,명사,3,L1,단일일치,경계(L1~L2),1,PROVISIONAL_AUTO,0,일치,,
SC_V19119_B119_009,출석하다,동사,4,L2,단일일치,경계(L3~L4),2,REVIEW_BOUNDARY,1,일치,,
SC_V19119_B119_010,출시되다,동사,4,L2,단일일치,경계(L3~L4),2,REVIEW_BOUNDARY,1,일치,,
SC_V19119_B119_011,출연진,명사,4,L2,단일일치,경계(L3~L4),3,PROVISIONAL_AUTO,0,충돌,,공식대조(충돌)
SC_V19119_B119_012,출입구,명사,3,L1,단일일치,경계(L1~L2),1,PROVISIONAL_AUTO,0,일치,,
SC_V19119_B119_013,출토,명사,4,L2,단일일치,경계(L3~L4),3,PROVISIONAL_AUTO,0,충돌,,공식대조(충돌)
SC_V19119_B119_014,출판되다,동사,4,L2,단일일치,경계(L3~L4),3,PROVISIONAL_AUTO,0,충돌,,공식대조(충돌)
SC_V19119_B119_015,출판물,명사,4,L2,단일일치,경계(L3~L4),3,PROVISIONAL_AUTO,0,충돌,,공식대조(충돌)
SC_V19119_B119_016,출판사,명사,3,L1,단일일치,경계(L1~L2),1,REVIEW_BOUNDARY,1,일치,,
SC_V19119_B119_017,출품되다,동사,4,L2,단일일치,경계(L3~L4),3,PROVISIONAL_AUTO,0,충돌,,공식대조(충돌)
SC_V19119_B119_018,출품하다,동사,4,L2,단일일치,경계(L3~L4),3,PROVISIONAL_AUTO,0,충돌,,공식대조(충돌)
SC_V19119_B119_019,춤곡,명사,3,L1,단일일치,경계(L1~L2),2,REVIEW_BOUNDARY,1,충돌,,공식대조(충돌)
SC_V19119_B119_020,춤사위,명사,4,L2,단일일치,경계(L3~L4),3,PROVISIONAL_AUTO,0,충돌,,공식대조(충돌)
SC_V19119_B119_021,충고하다,동사,3,L1,단일일치,경계(L1~L2),1,PROVISIONAL_AUTO,0,일치,,
SC_V19119_B119_022,충성스럽다,형용사,3,L1,단일일치,경계(L1~L2),1,REVIEW_BOUNDARY,1,일치,,
SC_V19119_B119_023,충성하다,동사,3,L1,단일일치,경계(L1~L2),1,PROVISIONAL_AUTO,0,일치,,
SC_V19119_B119_024,충전기,명사,4,L2,단일일치,경계(L3~L4),3,PROVISIONAL_AUTO,0,충돌,,공식대조(충돌)
SC_V19119_B119_025,충직하다,형용사,4,L2,단일일치,경계(L3~L4),3,PROVISIONAL_AUTO,0,충돌,,공식대조(충돌)
SC_V19119_B119_028,충효,명사,4,L2,단일일치,경계(L3~L4),3,PROVISIONAL_AUTO,0,충돌,,공식대조(충돌)
SC_V19119_B119_029,취나물,명사,4,L2,단일일치,경계(L3~L4),3,PROVISIONAL_AUTO,0,충돌,,공식대조(충돌)
SC_V19119_B119_030,취득,명사,4,L2,단일일치,경계(L3~L4),2,REVIEW_BOUNDARY,1,일치,,
SC_V19119_B119_031,취득하다,동사,4,L2,단일일치,경계(L3~L4),2,REVIEW_BOUNDARY,1,일치,,
SC_V19119_B119_032,취업률,명사,4,L2,단일일치,경계(L3~L4),3,PROVISIONAL_AUTO,0,충돌,,공식대조(충돌)
SC_V19119_B119_033,취업하다,동사,3,L1,단일일치,경계(L1~L2),1,PROVISIONAL_AUTO,0,일치,,
SC_V19119_B119_034,취임,명사,4,L2,단일일치,경계(L3~L4),3,PROVISIONAL_AUTO,0,충돌,,공식대조(충돌)
SC_V19119_B119_035,취임식,명사,4,L2,단일일치,경계(L3~L4),3,PROVISIONAL_AUTO,0,충돌,,공식대조(충돌)
SC_V19119_B119_036,취임하다,동사,4,L2,단일일치,경계(L3~L4),3,PROVISIONAL_AUTO,0,충돌,,공식대조(충돌)
SC_V19119_B119_037,취재진,명사,4,L2,단일일치,경계(L3~L4),3,PROVISIONAL_AUTO,0,충돌,,공식대조(충돌)
SC_V19119_B119_038,취직되다,동사,3,L1,단일일치,경계(L1~L2),1,PROVISIONAL_AUTO,0,일치,,
SC_V19119_B119_039,취침,명사,3,L1,단일일치,경계(L1~L2),1,PROVISIONAL_AUTO,0,일치,,
SC_V19119_B119_040,측우기,명사,4,L2,단일일치,경계(L3~L4),3,PROVISIONAL_AUTO,0,충돌,,공식대조(충돌)
SC_V19119_B119_041,측은하다,형용사,4,L2,단일일치,경계(L3~L4),3,PROVISIONAL_AUTO,0,충돌,,공식대조(충돌)
SC_V19119_B119_042,층계,명사,4,L2,단일일치,경계(L3~L4),3,PROVISIONAL_AUTO,0,충돌,,공식대조(충돌)
SC_V19119_B119_046,치맛자락,명사,4,L2,단일일치,경계(L3~L4),2,REVIEW_BOUNDARY,1,일치,,
SC_V19119_B119_047,치켜들다,동사,4,L2,단일일치,경계(L3~L4),2,REVIEW_BOUNDARY,1,일치,,
SC_V19119_B119_048,치켜뜨다,동사,4,L2,단일일치,경계(L3~L4),2,REVIEW_BOUNDARY,1,일치,,
SC_V19119_B119_049,치키다,동사,3,L1,단일일치,경계(L1~L2),1,PROVISIONAL_AUTO,0,일치,,
SC_V19120_B120_001,친근감,명사,3,L1,단일일치,경계(L1~L2),1,PROVISIONAL_AUTO,0,일치,,
SC_V19120_B120_002,친동생,명사,3,L1,단일일치,경계(L1~L2),1,PROVISIONAL_AUTO,0,일치,,
SC_V19120_B120_003,친딸,명사,4,L2,단일일치,경계(L3~L4),2,REVIEW_BOUNDARY,1,일치,,
SC_V19120_B120_004,친목,명사,3,L1,단일일치,경계(L1~L2),1,PROVISIONAL_AUTO,0,일치,,
SC_V19120_B120_005,친밀감,명사,3,L1,단일일치,경계(L1~L2),1,PROVISIONAL_AUTO,0,일치,,
SC_V19120_B120_006,친밀하다,형용사,3,L1,단일일치,경계(L1~L2),1,PROVISIONAL_AUTO,0,일치,,
SC_V19120_B120_007,친부,명사,4,L2,단일일치,경계(L3~L4),2,REVIEW_BOUNDARY,1,일치,,
SC_V19120_B120_008,친부모,명사,3,L1,단일일치,경계(L1~L2),1,PROVISIONAL_AUTO,0,일치,,
SC_V19120_B120_009,친분,명사,4,L2,단일일치,경계(L3~L4),2,REVIEW_BOUNDARY,1,일치,,
SC_V19120_B120_010,친손자,명사,4,L2,단일일치,경계(L3~L4),3,PROVISIONAL_AUTO,0,충돌,,공식대조(충돌)
SC_V19120_B120_011,친아들,명사,3,L1,단일일치,경계(L1~L2),1,PROVISIONAL_AUTO,0,일치,,
SC_V19120_B120_012,친아버지,명사,4,L2,단일일치,경계(L3~L4),2,REVIEW_BOUNDARY,1,일치,,
SC_V19120_B120_013,친애하다,동사,4,L2,단일일치,경계(L3~L4),2,REVIEW_BOUNDARY,1,일치,,
SC_V19120_B120_014,친어머니,명사,4,L2,단일일치,경계(L3~L4),2,REVIEW_BOUNDARY,1,일치,,
SC_V19120_B120_015,친언니,명사,4,L2,단일일치,경계(L3~L4),2,REVIEW_BOUNDARY,1,일치,,
SC_V19120_B120_016,친자식,명사,4,L2,단일일치,경계(L3~L4),2,REVIEW_BOUNDARY,1,일치,,
SC_V19120_B120_017,친절히,부사,3,L1,단일일치,경계(L1~L2),1,PROVISIONAL_AUTO,0,일치,,
SC_V19120_B120_018,친정아버지,명사,4,L2,단일일치,경계(L3~L4),3,PROVISIONAL_AUTO,0,충돌,,공식대조(충돌)
SC_V19120_B120_019,친정어머니,명사,4,L2,단일일치,경계(L3~L4),3,PROVISIONAL_AUTO,0,충돌,,공식대조(충돌)
SC_V19120_B120_020,친지,명사,4,L2,단일일치,경계(L3~L4),2,REVIEW_BOUNDARY,1,일치,,
SC_V19120_B120_021,친필,명사,4,L2,단일일치,경계(L3~L4),2,REVIEW_BOUNDARY,1,일치,,
SC_V19120_B120_022,친할머니,명사,3,L1,단일일치,경계(L1~L2),1,REVIEW_BOUNDARY,1,일치,,
SC_V19120_B120_024,친할아버지,명사,3,L1,단일일치,경계(L1~L2),2,REVIEW_BOUNDARY,1,충돌,,공식대조(충돌)
SC_V19120_B120_025,친형,명사,3,L1,단일일치,경계(L1~L2),1,PROVISIONAL_AUTO,0,일치,,
SC_V19120_B120_026,친형제,명사,3,L1,단일일치,경계(L1~L2),1,REVIEW_BOUNDARY,1,일치,,
SC_V19120_B120_027,친환경,명사,4,L2,단일일치,경계(L3~L4),3,PROVISIONAL_AUTO,0,충돌,,공식대조(충돌)
SC_V19120_B120_028,친히,부사,4,L2,단일일치,경계(L3~L4),3,PROVISIONAL_AUTO,0,충돌,,공식대조(충돌)
SC_V19120_B120_029,칠석날,명사,4,L2,단일일치,경계(L3~L4),2,REVIEW_BOUNDARY,1,일치,,
SC_V19120_B120_030,칠팔,관형사,4,L2,단일일치,경계(L3~L4),2,REVIEW_BOUNDARY,1,일치,,
SC_V19120_B120_031,칡덩굴,명사,4,L2,단일일치,경계(L3~L4),2,REVIEW_BOUNDARY,1,일치,,
SC_V19120_B120_032,침낭,명사,3,L1,단일일치,경계(L1~L2),1,REVIEW_BOUNDARY,1,일치,,
SC_V19120_B120_036,침범,명사,3,L1,단일일치,경계(L1~L2),2,REVIEW_BOUNDARY,1,충돌,,공식대조(충돌)
SC_V19120_B120_037,침범하다,동사,3,L1,단일일치,경계(L1~L2),1,REVIEW_BOUNDARY,1,일치,,
SC_V19120_B120_039,침착히,부사,4,L2,단일일치,경계(L3~L4),2,REVIEW_BOUNDARY,1,일치,,
SC_V19120_B120_040,침해,명사,4,L2,단일일치,경계(L3~L4),2,REVIEW_BOUNDARY,1,일치,,
SC_V19120_B120_041,침해하다,동사,4,L2,단일일치,경계(L3~L4),2,REVIEW_BOUNDARY,1,일치,,
SC_V19120_B120_043,칭칭,부사,3,L1,단일일치,경계(L1~L2),1,PROVISIONAL_AUTO,0,일치,,
SC_V19120_B120_044,칭하다,동사,4,L2,단일일치,경계(L3~L4),2,REVIEW_BOUNDARY,1,일치,,
SC_V19120_B120_045,칭호,명사,4,L2,단일일치,경계(L3~L4),3,PROVISIONAL_AUTO,0,충돌,,공식대조(충돌)
SC_V19120_B120_046,카드놀이,명사,3,L1,단일일치,경계(L1~L2),1,PROVISIONAL_AUTO,0,일치,,
SC_V19120_B120_047,카레라이스,명사,4,L2,단일일치,경계(L3~L4),3,PROVISIONAL_AUTO,0,충돌,,공식대조(충돌)
SC_V19120_B120_048,카스텔라,명사,4,L2,단일일치,경계(L3~L4),3,PROVISIONAL_AUTO,0,충돌,,공식대조(충돌)
SC_V19120_B120_049,칸막이,명사,4,L2,단일일치,경계(L3~L4),3,PROVISIONAL_AUTO,0,충돌,,공식대조(충돌)
SC_V19121_B121_002,칼자국,명사,4,L2,단일일치,경계(L3~L4),2,REVIEW_BOUNDARY,1,일치,,
SC_V19121_B121_004,캐스터,명사,4,L2,단일일치,경계(L3~L4),3,PROVISIONAL_AUTO,0,충돌,,공식대조(충돌)
SC_V19121_B121_005,캠퍼스,명사,3,L1,단일일치,경계(L1~L2),1,PROVISIONAL_AUTO,0,일치,,
SC_V19121_B121_006,캠페인,명사,3,L1,단일일치,경계(L1~L2),1,REVIEW_BOUNDARY,1,일치,,
SC_V19121_B121_007,캠프파이어,명사,4,L2,단일일치,경계(L3~L4),3,PROVISIONAL_AUTO,0,충돌,,공식대조(충돌)
SC_V19121_B121_008,커뮤니케이션,명사,4,L2,단일일치,경계(L3~L4),3,PROVISIONAL_AUTO,0,충돌,,공식대조(충돌)
SC_V19121_B121_009,커뮤니티,명사,4,L2,단일일치,경계(L3~L4),3,PROVISIONAL_AUTO,0,충돌,,공식대조(충돌)
SC_V19121_B121_010,커트라인,명사,4,L2,단일일치,경계(L3~L4),3,PROVISIONAL_AUTO,0,충돌,,공식대조(충돌)
SC_V19121_B121_012,컨설턴트,명사,4,L2,단일일치,경계(L3~L4),3,PROVISIONAL_AUTO,0,충돌,,공식대조(충돌)
SC_V19121_B121_013,컨테이너,명사,4,L2,단일일치,경계(L3~L4),3,PROVISIONAL_AUTO,0,충돌,,공식대조(충돌)
SC_V19121_B121_014,컬러텔레비전,명사,4,L2,단일일치,경계(L3~L4),3,PROVISIONAL_AUTO,0,충돌,,공식대조(충돌)
SC_V19121_B121_015,컴백하다,동사,4,L2,단일일치,경계(L3~L4),2,REVIEW_BOUNDARY,1,일치,,
SC_V19121_B121_016,컹컹,부사,4,L2,단일일치,경계(L3~L4),2,REVIEW_BOUNDARY,1,일치,,
SC_V19121_B121_017,케첩,명사,3,L1,단일일치,경계(L1~L2),2,REVIEW_BOUNDARY,1,충돌,,공식대조(충돌)
SC_V19121_B121_018,켄트지,명사,4,L2,단일일치,경계(L3~L4),3,PROVISIONAL_AUTO,0,충돌,,공식대조(충돌)
SC_V19121_B121_019,코디네이터,명사,4,L2,단일일치,경계(L3~L4),3,REVIEW_BOUNDARY,1,충돌,,공식대조(충돌)
SC_V19121_B121_020,코믹,명사,4,L2,단일일치,경계(L3~L4),2,REVIEW_BOUNDARY,1,일치,,
SC_V19121_B121_021,코믹하다,형용사,4,L2,단일일치,경계(L3~L4),2,REVIEW_BOUNDARY,1,일치,,
SC_V19121_B121_022,코바늘,명사,4,L2,단일일치,경계(L3~L4),3,PROVISIONAL_AUTO,0,충돌,,공식대조(충돌)
SC_V19121_B121_023,코털,명사,3,L1,단일일치,경계(L1~L2),1,PROVISIONAL_AUTO,0,일치,,
SC_V19121_B121_024,코팅,명사,3,L1,단일일치,경계(L1~L2),2,REVIEW_BOUNDARY,1,충돌,,공식대조(충돌)
SC_V19121_B121_025,콘트라베이스,명사,4,L2,단일일치,경계(L3~L4),3,REVIEW_BOUNDARY,1,충돌,,공식대조(충돌)
SC_V19121_B121_027,콤바인,명사,4,L2,단일일치,경계(L3~L4),3,PROVISIONAL_AUTO,0,충돌,,공식대조(충돌)
SC_V19121_B121_028,콧날,명사,4,L2,단일일치,경계(L3~L4),2,REVIEW_BOUNDARY,1,일치,,
SC_V19121_B121_029,콧노래,명사,3,L1,단일일치,경계(L1~L2),1,PROVISIONAL_AUTO,0,일치,,
SC_V19121_B121_030,콧물감기,명사,4,L2,단일일치,경계(L3~L4),3,PROVISIONAL_AUTO,0,충돌,,공식대조(충돌)
SC_V19121_B121_034,콧속,명사,4,L2,단일일치,경계(L3~L4),3,PROVISIONAL_AUTO,0,충돌,,공식대조(충돌)
SC_V19121_B121_035,콧수염,명사,3,L1,단일일치,경계(L1~L2),1,PROVISIONAL_AUTO,0,일치,,
SC_V19121_B121_037,콩고물,명사,4,L2,단일일치,경계(L3~L4),2,REVIEW_BOUNDARY,1,일치,,
SC_V19121_B121_038,콩국수,명사,4,L2,단일일치,경계(L3~L4),3,PROVISIONAL_AUTO,0,충돌,,공식대조(충돌)
SC_V19121_B121_039,콩기름,명사,4,L2,단일일치,경계(L3~L4),3,PROVISIONAL_AUTO,0,충돌,,공식대조(충돌)
SC_V19121_B121_040,콩깍지,명사,4,L2,단일일치,경계(L3~L4),2,REVIEW_BOUNDARY,1,일치,,
SC_V19121_B121_041,콩깻묵,명사,4,L2,단일일치,경계(L3~L4),3,PROVISIONAL_AUTO,0,충돌,,공식대조(충돌)
SC_V19121_B121_042,콩꼬투리,명사,4,L2,단일일치,경계(L3~L4),2,REVIEW_BOUNDARY,1,일치,,
SC_V19121_B121_043,콩나물국,명사,3,L1,단일일치,경계(L1~L2),1,PROVISIONAL_AUTO,0,일치,,
SC_V19121_B121_044,콩떡,명사,3,L1,단일일치,경계(L1~L2),1,PROVISIONAL_AUTO,0,일치,,
SC_V19121_B121_045,콩밭,명사,4,L2,단일일치,경계(L3~L4),2,REVIEW_BOUNDARY,1,일치,,
SC_V19121_B121_046,콩자반,명사,3,L1,단일일치,경계(L1~L2),1,REVIEW_BOUNDARY,1,일치,,
SC_V19121_B121_047,콸콸,부사,4,L2,단일일치,경계(L3~L4),3,PROVISIONAL_AUTO,0,충돌,,공식대조(충돌)
SC_V19121_B121_048,쾌속선,명사,4,L2,단일일치,경계(L3~L4),2,REVIEW_BOUNDARY,1,일치,,
SC_V19121_B121_049,쾌적하다,형용사,4,L2,단일일치,경계(L3~L4),2,REVIEW_BOUNDARY,1,일치,,
SC_V19122_B122_001,쿵덕,부사,4,L2,단일일치,경계(L3~L4),2,REVIEW_BOUNDARY,1,일치,,
SC_V19122_B122_002,퀭하다,형용사,4,L2,단일일치,경계(L3~L4),2,REVIEW_BOUNDARY,1,일치,,
SC_V19122_B122_003,퀴퀴하다,형용사,4,L2,단일일치,경계(L3~L4),3,PROVISIONAL_AUTO,0,충돌,,공식대조(충돌)
SC_V19122_B122_004,큐레이터,명사,4,L2,단일일치,경계(L3~L4),3,PROVISIONAL_AUTO,0,충돌,,공식대조(충돌)
SC_V19122_B122_008,크림빵,명사,3,L1,단일일치,경계(L1~L2),1,PROVISIONAL_AUTO,0,일치,,
SC_V19122_B122_009,크림수프,명사,4,L2,단일일치,경계(L3~L4),2,REVIEW_BOUNDARY,1,일치,,
SC_V19122_B122_010,큰곰자리,명사,4,L2,단일일치,경계(L3~L4),3,PROVISIONAL_AUTO,0,충돌,,공식대조(충돌)
SC_V19122_B122_011,큰기침,명사,3,L1,단일일치,경계(L1~L2),1,REVIEW_BOUNDARY,1,일치,,
SC_V19122_B122_012,큰누나,명사,3,L1,단일일치,경계(L1~L2),1,PROVISIONAL_AUTO,0,일치,,
SC_V19122_B122_013,큰비,명사,4,L2,단일일치,경계(L3~L4),2,REVIEW_BOUNDARY,1,일치,,
SC_V19122_B122_014,큰아버님,명사,3,L1,단일일치,경계(L1~L2),1,PROVISIONAL_AUTO,0,일치,,
SC_V19122_B122_015,큰어머님,명사,3,L1,단일일치,경계(L1~L2),1,PROVISIONAL_AUTO,0,일치,,
SC_V19122_B122_016,큰언니,명사,3,L1,단일일치,경계(L1~L2),1,PROVISIONAL_AUTO,0,일치,,
SC_V19122_B122_017,큰오빠,명사,3,L1,단일일치,경계(L1~L2),1,PROVISIONAL_AUTO,0,일치,,
SC_V19122_B122_018,큰형,명사,3,L1,단일일치,경계(L1~L2),1,PROVISIONAL_AUTO,0,일치,,
SC_V19122_B122_019,클래식,명사,3,L1,단일일치,경계(L1~L2),1,REVIEW_BOUNDARY,1,일치,,
SC_V19122_B122_020,클리닝,명사,4,L2,단일일치,경계(L3~L4),3,PROVISIONAL_AUTO,0,충돌,,공식대조(충돌)
SC_V19122_B122_021,클릭,명사,4,L2,단일일치,경계(L3~L4),3,PROVISIONAL_AUTO,0,충돌,,공식대조(충돌)
SC_V19122_B122_022,클릭하다,동사,4,L2,단일일치,경계(L3~L4),3,PROVISIONAL_AUTO,0,충돌,,공식대조(충돌)
SC_V19122_B122_023,킁킁,부사,4,L2,단일일치,경계(L3~L4),3,PROVISIONAL_AUTO,0,충돌,,공식대조(충돌)
SC_V19122_B122_024,킁킁거리다,동사,3,L1,단일일치,경계(L1~L2),1,REVIEW_BOUNDARY,1,일치,,
SC_V19122_B122_026,키득거리다,동사,4,L2,단일일치,경계(L3~L4),3,PROVISIONAL_AUTO,0,충돌,,공식대조(충돌)
SC_V19122_B122_027,킥킥,부사,4,L2,단일일치,경계(L3~L4),3,PROVISIONAL_AUTO,0,충돌,,공식대조(충돌)
SC_V19122_B122_028,킬킬거리다,동사,4,L2,단일일치,경계(L3~L4),3,PROVISIONAL_AUTO,0,충돌,,공식대조(충돌)
SC_V19122_B122_030,타다닥,부사,4,L2,단일일치,경계(L3~L4),3,PROVISIONAL_AUTO,0,충돌,,공식대조(충돌)
SC_V19122_B122_033,타원형,명사,3,L1,단일일치,경계(L1~L2),1,REVIEW_BOUNDARY,1,일치,207(레벨보류),
SC_V19122_B122_034,타월,명사,4,L2,단일일치,경계(L3~L4),3,PROVISIONAL_AUTO,0,충돌,,공식대조(충돌)
SC_V19122_B122_035,타이르다,동사,3,L1,단일일치,경계(L1~L2),1,PROVISIONAL_AUTO,0,일치,,
SC_V19122_B122_036,타임머신,명사,3,L1,단일일치,경계(L1~L2),1,PROVISIONAL_AUTO,0,일치,,
SC_V19122_B122_037,타입,명사,3,L1,단일일치,경계(L1~L2),1,PROVISIONAL_AUTO,0,일치,,
SC_V19122_B122_038,타자기,명사,4,L2,단일일치,경계(L3~L4),3,PROVISIONAL_AUTO,0,충돌,,공식대조(충돌)
SC_V19122_B122_039,타파하다,동사,4,L2,단일일치,경계(L3~L4),3,PROVISIONAL_AUTO,0,충돌,,공식대조(충돌)
SC_V19122_B122_040,타향살이,명사,4,L2,단일일치,경계(L3~L4),2,REVIEW_BOUNDARY,1,일치,,
SC_V19122_B122_041,타협,명사,3,L1,단일일치,경계(L1~L2),1,PROVISIONAL_AUTO,0,일치,,
SC_V19122_B122_042,타협하다,동사,3,L1,단일일치,경계(L1~L2),1,PROVISIONAL_AUTO,0,일치,,
SC_V19122_B122_043,탁구공,명사,4,L2,단일일치,경계(L3~L4),3,PROVISIONAL_AUTO,0,충돌,,공식대조(충돌)
SC_V19122_B122_044,탁구대,명사,4,L2,단일일치,경계(L3~L4),3,PROVISIONAL_AUTO,0,충돌,,공식대조(충돌)
SC_V19122_B122_045,탁구장,명사,3,L1,단일일치,경계(L1~L2),1,PROVISIONAL_AUTO,0,일치,,
SC_V19122_B122_046,탄산수,명사,4,L2,단일일치,경계(L3~L4),3,PROVISIONAL_AUTO,0,충돌,,공식대조(충돌)
SC_V19122_B122_047,탄산음료,명사,3,L1,단일일치,경계(L1~L2),1,PROVISIONAL_AUTO,0,일치,,
SC_V19123_B123_001,탈것,명사,3,L1,단일일치,경계(L1~L2),1,REVIEW_BOUNDARY,1,일치,,
SC_V19123_B123_002,탈놀이,명사,4,L2,단일일치,경계(L3~L4),3,PROVISIONAL_AUTO,0,충돌,,공식대조(충돌)
SC_V19123_B123_006,탈춤,명사,3,L1,단일일치,경계(L1~L2),1,REVIEW_BOUNDARY,1,일치,,
SC_V19123_B123_007,탈춤놀이,명사,4,L2,단일일치,경계(L3~L4),2,REVIEW_BOUNDARY,1,일치,,
SC_V19123_B123_008,탈퇴,명사,4,L2,단일일치,경계(L3~L4),3,PROVISIONAL_AUTO,0,충돌,,공식대조(충돌)
SC_V19123_B123_009,탈퇴하다,동사,4,L2,단일일치,경계(L3~L4),3,REVIEW_BOUNDARY,1,충돌,,공식대조(충돌)
SC_V19123_B123_013,탐사,명사,3,L1,단일일치,경계(L1~L2),1,PROVISIONAL_AUTO,0,일치,,
SC_V19123_B123_014,탐사선,명사,4,L2,단일일치,경계(L3~L4),3,PROVISIONAL_AUTO,0,충돌,,공식대조(충돌)
SC_V19123_B123_015,탐사하다,동사,4,L2,단일일치,경계(L3~L4),3,PROVISIONAL_AUTO,0,충돌,,공식대조(충돌)
SC_V19123_B123_016,탐스럽다,형용사,3,L1,단일일치,경계(L1~L2),2,REVIEW_BOUNDARY,1,충돌,,공식대조(충돌)
SC_V19123_B123_017,탐지기,명사,4,L2,단일일치,경계(L3~L4),3,PROVISIONAL_AUTO,0,충돌,,공식대조(충돌)
SC_V19123_B123_018,탐지하다,동사,4,L2,단일일치,경계(L3~L4),3,PROVISIONAL_AUTO,0,충돌,,공식대조(충돌)
SC_V19123_B123_019,탐하다,동사,4,L2,단일일치,경계(L3~L4),3,PROVISIONAL_AUTO,0,충돌,,공식대조(충돌)
SC_V19123_B123_020,탐험,명사,3,L1,단일일치,경계(L1~L2),1,PROVISIONAL_AUTO,0,일치,,
SC_V19123_B123_021,탐험가,명사,4,L2,단일일치,경계(L3~L4),3,PROVISIONAL_AUTO,0,충돌,,공식대조(충돌)
SC_V19123_B123_022,탐험대,명사,4,L2,단일일치,경계(L3~L4),3,PROVISIONAL_AUTO,0,충돌,,공식대조(충돌)
SC_V19123_B123_023,탐험하다,동사,3,L1,단일일치,경계(L1~L2),1,PROVISIONAL_AUTO,0,일치,,
SC_V19123_B123_024,탑승,명사,3,L1,단일일치,경계(L1~L2),1,PROVISIONAL_AUTO,0,일치,,
SC_V19123_B123_025,탑승객,명사,4,L2,단일일치,경계(L3~L4),2,REVIEW_BOUNDARY,1,일치,,
SC_V19123_B123_026,탑승구,명사,4,L2,단일일치,경계(L3~L4),2,REVIEW_BOUNDARY,1,일치,,
SC_V19123_B123_027,탑재하다,동사,4,L2,단일일치,경계(L3~L4),2,REVIEW_BOUNDARY,1,일치,,
SC_V19123_B123_028,태연하다,형용사,4,L2,단일일치,경계(L3~L4),3,PROVISIONAL_AUTO,0,충돌,,공식대조(충돌)
SC_V19123_B123_029,태연히,부사,4,L2,단일일치,경계(L3~L4),3,PROVISIONAL_AUTO,0,충돌,,공식대조(충돌)
SC_V19123_B123_030,태엽,명사,4,L2,단일일치,경계(L3~L4),3,PROVISIONAL_AUTO,0,충돌,,공식대조(충돌)
SC_V19123_B123_032,택하다,동사,3,L1,단일일치,경계(L1~L2),1,PROVISIONAL_AUTO,0,일치,,
SC_V19123_B123_033,탱자,명사,4,L2,단일일치,경계(L3~L4),3,PROVISIONAL_AUTO,0,충돌,,공식대조(충돌)
SC_V19123_B123_034,터득하다,동사,3,L1,단일일치,경계(L1~L2),1,PROVISIONAL_AUTO,0,일치,,
SC_V19123_B123_035,터무니없다,형용사,4,L2,단일일치,경계(L3~L4),3,PROVISIONAL_AUTO,0,충돌,,공식대조(충돌)
SC_V19123_B123_036,터무니없이,부사,4,L2,단일일치,경계(L3~L4),3,PROVISIONAL_AUTO,0,충돌,,공식대조(충돌)
SC_V19123_B123_038,털가죽,명사,4,L2,단일일치,경계(L3~L4),3,PROVISIONAL_AUTO,0,충돌,,공식대조(충돌)
SC_V19123_B123_039,털갈이,명사,4,L2,단일일치,경계(L3~L4),3,PROVISIONAL_AUTO,0,충돌,,공식대조(충돌)
SC_V19123_B123_041,털신,명사,4,L2,단일일치,경계(L3~L4),2,REVIEW_BOUNDARY,1,일치,,
SC_V19123_B123_042,털실,명사,3,L1,단일일치,경계(L1~L2),1,PROVISIONAL_AUTO,0,일치,,
SC_V19123_B123_043,털양말,명사,4,L2,단일일치,경계(L3~L4),2,REVIEW_BOUNDARY,1,일치,207(레벨보류),
SC_V19123_B123_044,털외투,명사,4,L2,단일일치,경계(L3~L4),2,REVIEW_BOUNDARY,1,일치,,
SC_V19123_B123_045,텃새,명사,4,L2,단일일치,경계(L3~L4),3,REVIEW_BOUNDARY,1,충돌,,공식대조(충돌)
SC_V19123_B123_046,테니스장,명사,4,L2,단일일치,경계(L3~L4),2,REVIEW_BOUNDARY,1,일치,,
SC_V19123_B123_047,테마,명사,3,L1,단일일치,경계(L1~L2),2,REVIEW_BOUNDARY,1,충돌,,공식대조(충돌)
SC_V19123_B123_048,테마파크,명사,4,L2,단일일치,경계(L3~L4),3,PROVISIONAL_AUTO,0,충돌,,공식대조(충돌)
SC_V19123_B123_049,테스트하다,동사,4,L2,단일일치,경계(L3~L4),3,PROVISIONAL_AUTO,0,충돌,,공식대조(충돌)
SC_V19124_B124_001,토닥거리다,동사,4,L2,단일일치,경계(L3~L4),3,PROVISIONAL_AUTO,0,충돌,,공식대조(충돌)
SC_V19124_B124_002,토닥이다,동사,4,L2,단일일치,경계(L3~L4),3,PROVISIONAL_AUTO,0,충돌,,공식대조(충돌)
SC_V19124_B124_003,토론자,명사,3,L1,단일일치,경계(L1~L2),1,PROVISIONAL_AUTO,0,일치,,
SC_V19124_B124_004,토론하다,동사,3,L1,단일일치,경계(L1~L2),1,REVIEW_BOUNDARY,1,일치,,
SC_V19124_B124_005,토론회,명사,3,L1,단일일치,경계(L1~L2),1,REVIEW_BOUNDARY,1,일치,,
SC_V19124_B124_006,토박이,명사,4,L2,단일일치,경계(L3~L4),3,PROVISIONAL_AUTO,0,충돌,,공식대조(충돌)
SC_V19124_B124_007,토산품,명사,4,L2,단일일치,경계(L3~L4),2,REVIEW_BOUNDARY,1,일치,,
SC_V19124_B124_008,토스터,명사,4,L2,단일일치,경계(L3~L4),2,REVIEW_BOUNDARY,1,일치,,
SC_V19124_B124_009,토스트,명사,3,L1,단일일치,경계(L1~L2),1,PROVISIONAL_AUTO,0,일치,,
SC_V19124_B124_010,토실토실,부사,4,L2,단일일치,경계(L3~L4),2,REVIEW_BOUNDARY,1,일치,,
SC_V19124_B124_011,토실토실하다,형용사,3,L1,단일일치,경계(L1~L2),1,REVIEW_BOUNDARY,1,일치,,
SC_V19124_B124_012,토의하다,동사,3,L1,단일일치,경계(L1~L2),1,PROVISIONAL_AUTO,0,일치,,
SC_V19124_B124_013,토장국,명사,4,L2,단일일치,경계(L3~L4),2,REVIEW_BOUNDARY,1,일치,,
SC_V19124_B124_014,토종닭,명사,4,L2,단일일치,경계(L3~L4),3,PROVISIONAL_AUTO,0,충돌,,공식대조(충돌)
SC_V19124_B124_015,톨게이트,명사,3,L1,단일일치,경계(L1~L2),1,PROVISIONAL_AUTO,0,일치,,
SC_V19124_B124_017,톱니바퀴,명사,4,L2,단일일치,경계(L3~L4),3,PROVISIONAL_AUTO,0,충돌,,공식대조(충돌)
SC_V19124_B124_020,통계청,명사,4,L2,단일일치,경계(L3~L4),3,PROVISIONAL_AUTO,0,충돌,,공식대조(충돌)
SC_V19124_B124_021,통곡하다,동사,3,L1,단일일치,경계(L1~L2),1,PROVISIONAL_AUTO,0,일치,,
SC_V19124_B124_022,통근,명사,4,L2,단일일치,경계(L3~L4),2,REVIEW_BOUNDARY,1,일치,207(레벨보류),
SC_V19124_B124_023,통근하다,동사,4,L2,단일일치,경계(L3~L4),2,REVIEW_BOUNDARY,1,일치,,
SC_V19124_B124_024,통나무,명사,3,L1,단일일치,경계(L1~L2),1,PROVISIONAL_AUTO,0,일치,,
SC_V19124_B124_025,통나무배,명사,4,L2,단일일치,경계(L3~L4),2,REVIEW_BOUNDARY,1,일치,,
SC_V19124_B124_026,통나무집,명사,4,L2,단일일치,경계(L3~L4),2,REVIEW_BOUNDARY,1,일치,,
SC_V19124_B124_027,통솔력,명사,4,L2,단일일치,경계(L3~L4),3,PROVISIONAL_AUTO,0,충돌,,공식대조(충돌)
SC_V19124_B124_028,통솔하다,동사,4,L2,단일일치,경계(L3~L4),3,PROVISIONAL_AUTO,0,충돌,,공식대조(충돌)
SC_V19124_B124_029,통신문,명사,3,L1,단일일치,경계(L1~L2),1,PROVISIONAL_AUTO,0,일치,,
SC_V19124_B124_030,통신비,명사,4,L2,단일일치,경계(L3~L4),2,REVIEW_BOUNDARY,1,일치,,
SC_V19124_B124_031,통역,명사,3,L1,단일일치,경계(L1~L2),1,REVIEW_BOUNDARY,1,일치,,
SC_V19124_B124_032,통역하다,동사,3,L1,단일일치,경계(L1~L2),1,REVIEW_BOUNDARY,1,일치,,
SC_V19124_B124_034,통통배,명사,4,L2,단일일치,경계(L3~L4),2,REVIEW_BOUNDARY,1,일치,,
SC_V19124_B124_035,통틀다,동사,3,L1,단일일치,경계(L1~L2),1,PROVISIONAL_AUTO,0,일치,,
SC_V19124_B124_036,통틀어,부사,4,L2,단일일치,경계(L3~L4),2,REVIEW_BOUNDARY,1,일치,,
SC_V19124_B124_037,통학,명사,4,L2,단일일치,경계(L3~L4),2,REVIEW_BOUNDARY,1,일치,,
SC_V19124_B124_038,통학하다,동사,4,L2,단일일치,경계(L3~L4),3,PROVISIONAL_AUTO,0,충돌,,공식대조(충돌)
SC_V19124_B124_039,퇴근길,명사,3,L1,단일일치,경계(L1~L2),1,PROVISIONAL_AUTO,0,일치,,
SC_V19124_B124_040,퇴임,명사,4,L2,단일일치,경계(L3~L4),2,REVIEW_BOUNDARY,1,일치,,
SC_V19124_B124_041,퇴임하다,동사,4,L2,단일일치,경계(L3~L4),2,REVIEW_BOUNDARY,1,일치,,
SC_V19124_B124_042,퇴직하다,동사,3,L1,단일일치,경계(L1~L2),1,PROVISIONAL_AUTO,0,일치,,
SC_V19124_B124_043,툇마루,명사,4,L2,단일일치,경계(L3~L4),3,PROVISIONAL_AUTO,0,충돌,,공식대조(충돌)
SC_V19124_B124_044,투고,명사,4,L2,단일일치,경계(L3~L4),3,PROVISIONAL_AUTO,0,충돌,,공식대조(충돌)
SC_V19124_B124_045,투덜거리다,동사,3,L1,단일일치,경계(L1~L2),1,REVIEW_BOUNDARY,1,일치,,
SC_V19124_B124_046,투덜투덜,부사,3,L1,단일일치,경계(L1~L2),1,PROVISIONAL_AUTO,0,일치,,
SC_V19124_B124_047,투두둑,부사,4,L2,단일일치,경계(L3~L4),3,PROVISIONAL_AUTO,0,충돌,,공식대조(충돌)
SC_V19125_B125_003,투피스,명사,4,L2,단일일치,경계(L3~L4),3,PROVISIONAL_AUTO,0,충돌,,공식대조(충돌)
SC_V19125_B125_005,툭하면,부사,3,L1,단일일치,경계(L1~L2),1,PROVISIONAL_AUTO,0,일치,,
SC_V19125_B125_006,툴툴거리다,동사,4,L2,단일일치,경계(L3~L4),3,PROVISIONAL_AUTO,0,충돌,,공식대조(충돌)
SC_V19125_B125_007,퉁명스럽다,형용사,3,L1,단일일치,경계(L1~L2),1,REVIEW_BOUNDARY,1,일치,,
SC_V19125_B125_009,트레이닝,명사,4,L2,단일일치,경계(L3~L4),2,REVIEW_BOUNDARY,1,일치,,
SC_V19125_B125_010,트로트,명사,4,L2,단일일치,경계(L3~L4),3,PROVISIONAL_AUTO,0,충돌,,공식대조(충돌)
SC_V19125_B125_011,트로피,명사,3,L1,단일일치,경계(L1~L2),1,REVIEW_BOUNDARY,1,일치,,
SC_V19125_B125_012,특강,명사,3,L1,단일일치,경계(L1~L2),1,PROVISIONAL_AUTO,0,일치,,
SC_V19125_B125_014,특기하다,동사,4,L2,단일일치,경계(L3~L4),2,REVIEW_BOUNDARY,1,일치,,
SC_V19125_B125_015,특보,명사,4,L2,단일일치,경계(L3~L4),2,REVIEW_BOUNDARY,1,일치,,
SC_V19125_B125_016,특산품,명사,4,L2,단일일치,경계(L3~L4),2,REVIEW_BOUNDARY,1,일치,,
SC_V19125_B125_017,특석,명사,4,L2,단일일치,경계(L3~L4),2,REVIEW_BOUNDARY,1,일치,,
SC_V19125_B125_018,특성화,명사,4,L2,단일일치,경계(L3~L4),3,REVIEW_BOUNDARY,1,충돌,,공식대조(충돌)
SC_V19125_B125_019,특실,명사,4,L2,단일일치,경계(L3~L4),3,PROVISIONAL_AUTO,0,충돌,,공식대조(충돌)
SC_V19125_B125_020,특유,명사,4,L2,단일일치,경계(L3~L4),2,REVIEW_BOUNDARY,1,일치,,
SC_V19125_B125_021,특정인,명사,4,L2,단일일치,경계(L3~L4),2,REVIEW_BOUNDARY,1,일치,,
SC_V19125_B125_022,특출하다,형용사,4,L2,단일일치,경계(L3~L4),2,REVIEW_BOUNDARY,1,일치,,
SC_V19125_B125_023,특허품,명사,4,L2,단일일치,경계(L3~L4),3,PROVISIONAL_AUTO,0,충돌,,공식대조(충돌)
SC_V19125_B125_024,특화,명사,4,L2,단일일치,경계(L3~L4),4,REVIEW_BOUNDARY,1,충돌,,공식대조(충돌)
SC_V19125_B125_026,틈나다,동사,4,L2,단일일치,경계(L3~L4),2,REVIEW_BOUNDARY,1,일치,,
SC_V19125_B125_028,티격태격,부사,4,L2,단일일치,경계(L3~L4),3,PROVISIONAL_AUTO,0,충돌,,공식대조(충돌)
SC_V19125_B125_029,티슈,명사,4,L2,단일일치,경계(L3~L4),2,REVIEW_BOUNDARY,1,일치,,
SC_V19125_B125_030,티스푼,명사,4,L2,단일일치,경계(L3~L4),2,REVIEW_BOUNDARY,1,일치,,
SC_V19125_B125_031,팀원,명사,4,L2,단일일치,경계(L3~L4),2,REVIEW_BOUNDARY,1,일치,207(레벨보류),
SC_V19125_B125_033,파급력,명사,4,L2,단일일치,경계(L3~L4),3,PROVISIONAL_AUTO,0,충돌,,공식대조(충돌)
SC_V19125_B125_034,파도타기,명사,4,L2,단일일치,경계(L3~L4),3,PROVISIONAL_AUTO,0,충돌,,공식대조(충돌)
SC_V19125_B125_035,파란만장하다,형용사,4,L2,단일일치,경계(L3~L4),3,PROVISIONAL_AUTO,0,충돌,,공식대조(충돌)
SC_V19125_B125_036,파래,명사,4,L2,단일일치,경계(L3~L4),3,PROVISIONAL_AUTO,0,충돌,,공식대조(충돌)
SC_V19125_B125_037,파리하다,형용사,4,L2,단일일치,경계(L3~L4),2,REVIEW_BOUNDARY,1,일치,,
SC_V19125_B125_038,파마,명사,3,L1,단일일치,경계(L1~L2),1,REVIEW_BOUNDARY,1,일치,,
SC_V19125_B125_039,파마하다,동사,4,L2,단일일치,경계(L3~L4),3,PROVISIONAL_AUTO,0,충돌,,공식대조(충돌)
SC_V19125_B125_040,파멸,명사,3,L1,단일일치,경계(L1~L2),1,PROVISIONAL_AUTO,0,일치,,
SC_V19125_B125_041,파밭,명사,4,L2,단일일치,경계(L3~L4),2,REVIEW_BOUNDARY,1,일치,,
SC_V19125_B125_043,파손,명사,4,L2,단일일치,경계(L3~L4),2,REVIEW_BOUNDARY,1,일치,,
SC_V19125_B125_044,파손되다,동사,3,L1,단일일치,경계(L1~L2),1,PROVISIONAL_AUTO,0,일치,,
SC_V19125_B125_045,파손하다,동사,4,L2,단일일치,경계(L3~L4),3,PROVISIONAL_AUTO,0,충돌,,공식대조(충돌)
SC_V19125_B125_046,파워,명사,4,L2,단일일치,경계(L3~L4),3,PROVISIONAL_AUTO,0,충돌,,공식대조(충돌)
SC_V19125_B125_047,판결문,명사,4,L2,단일일치,경계(L3~L4),3,REVIEW_BOUNDARY,1,충돌,,공식대조(충돌)
SC_V19125_B125_048,판매되다,동사,4,L2,단일일치,경계(L3~L4),2,REVIEW_BOUNDARY,1,일치,,
SC_V19125_B125_049,판매량,명사,4,L2,단일일치,경계(L3~L4),2,REVIEW_BOUNDARY,1,일치,,
SC_V19125_B125_050,판매업,명사,4,L2,단일일치,경계(L3~L4),2,REVIEW_BOUNDARY,1,일치,,
SC_V19126_B126_001,판매용,명사,4,L2,단일일치,경계(L3~L4),2,REVIEW_BOUNDARY,1,일치,,
SC_V19126_B126_002,판매자,명사,4,L2,단일일치,경계(L3~L4),3,PROVISIONAL_AUTO,0,충돌,,공식대조(충돌)
SC_V19126_B126_003,판매장,명사,4,L2,단일일치,경계(L3~L4),3,PROVISIONAL_AUTO,0,충돌,,공식대조(충돌)
SC_V19126_B126_006,판정,명사,3,L1,단일일치,경계(L1~L2),1,PROVISIONAL_AUTO,0,일치,,
SC_V19126_B126_007,판정하다,동사,4,L2,단일일치,경계(L3~L4),2,REVIEW_BOUNDARY,1,일치,,
SC_V19126_B126_008,판타지,명사,4,L2,단일일치,경계(L3~L4),3,PROVISIONAL_AUTO,0,충돌,,공식대조(충돌)
SC_V19126_B126_009,판판하다,형용사,4,L2,단일일치,경계(L3~L4),3,PROVISIONAL_AUTO,0,충돌,,공식대조(충돌)
SC_V19126_B126_010,팔꿈치,명사,3,L1,단일일치,경계(L1~L2),1,PROVISIONAL_AUTO,0,일치,,
SC_V19126_B126_011,팔레트,명사,4,L2,단일일치,경계(L3~L4),3,PROVISIONAL_AUTO,0,충돌,,공식대조(충돌)
SC_V19126_B126_012,팔뼈,명사,4,L2,단일일치,경계(L3~L4),3,PROVISIONAL_AUTO,0,충돌,,공식대조(충돌)
SC_V19126_B126_013,팔씨름,명사,4,L2,단일일치,경계(L3~L4),3,PROVISIONAL_AUTO,0,충돌,,공식대조(충돌)
SC_V19126_B126_015,팝송,명사,4,L2,단일일치,경계(L3~L4),3,PROVISIONAL_AUTO,0,충돌,,공식대조(충돌)
SC_V19126_B126_016,팥고물,명사,4,L2,단일일치,경계(L3~L4),3,PROVISIONAL_AUTO,0,충돌,,공식대조(충돌)
SC_V19126_B126_017,팥떡,명사,4,L2,단일일치,경계(L3~L4),3,PROVISIONAL_AUTO,0,충돌,,공식대조(충돌)
SC_V19126_B126_018,팥밥,명사,4,L2,단일일치,경계(L3~L4),2,REVIEW_BOUNDARY,1,일치,,
SC_V19126_B126_019,팥빵,명사,3,L1,단일일치,경계(L1~L2),1,PROVISIONAL_AUTO,0,일치,,
SC_V19126_B126_020,패션쇼,명사,4,L2,단일일치,경계(L3~L4),3,PROVISIONAL_AUTO,0,충돌,,공식대조(충돌)
SC_V19126_B126_021,팽글팽글,부사,4,L2,단일일치,경계(L3~L4),3,PROVISIONAL_AUTO,0,충돌,,공식대조(충돌)
SC_V19126_B126_022,팽이채,명사,4,L2,단일일치,경계(L3~L4),3,PROVISIONAL_AUTO,0,충돌,,공식대조(충돌)
SC_V19126_B126_023,팽이치기,명사,3,L1,단일일치,경계(L1~L2),1,PROVISIONAL_AUTO,0,일치,,
SC_V19126_B126_024,퍼트리다,동사,3,L1,단일일치,경계(L1~L2),1,PROVISIONAL_AUTO,0,일치,,
SC_V19126_B126_025,펄럭이다,동사,3,L1,단일일치,경계(L1~L2),1,PROVISIONAL_AUTO,0,일치,,
SC_V19126_B126_026,펄프,명사,4,L2,단일일치,경계(L3~L4),3,PROVISIONAL_AUTO,0,충돌,,공식대조(충돌)
SC_V19126_B126_027,페르시아,명사,4,L2,단일일치,경계(L3~L4),3,REVIEW_BOUNDARY,1,충돌,,공식대조(충돌)
SC_V19126_B126_028,페스티벌,명사,4,L2,단일일치,경계(L3~L4),2,REVIEW_BOUNDARY,1,일치,,
SC_V19126_B126_029,페인트칠,명사,4,L2,단일일치,경계(L3~L4),2,REVIEW_BOUNDARY,1,일치,,
SC_V19126_B126_031,펴놓다,동사,3,L1,단일일치,경계(L1~L2),1,PROVISIONAL_AUTO,0,일치,,
SC_V19126_B126_033,편들다,동사,3,L1,단일일치,경계(L1~L2),1,PROVISIONAL_AUTO,0,일치,,
SC_V19126_B126_035,편중되다,동사,4,L2,단일일치,경계(L3~L4),2,REVIEW_BOUNDARY,1,일치,,
SC_V19126_B126_036,편지글,명사,4,L2,단일일치,경계(L3~L4),2,REVIEW_BOUNDARY,1,일치,,
SC_V19126_B126_037,편지꽂이,명사,4,L2,단일일치,경계(L3~L4),2,REVIEW_BOUNDARY,1,일치,,
SC_V19126_B126_038,편지하다,동사,3,L1,단일일치,경계(L1~L2),1,PROVISIONAL_AUTO,0,일치,,
SC_V19126_B126_039,편집자,명사,4,L2,단일일치,경계(L3~L4),2,REVIEW_BOUNDARY,1,일치,,
SC_V19126_B126_040,편찬,명사,4,L2,단일일치,경계(L3~L4),3,PROVISIONAL_AUTO,0,충돌,,공식대조(충돌)
SC_V19126_B126_041,편찬하다,동사,4,L2,단일일치,경계(L3~L4),3,PROVISIONAL_AUTO,0,충돌,,공식대조(충돌)
SC_V19126_B126_042,편평하다,형용사,4,L2,단일일치,경계(L3~L4),2,REVIEW_BOUNDARY,1,일치,,
SC_V19126_B126_043,평론,명사,4,L2,단일일치,경계(L3~L4),3,REVIEW_BOUNDARY,1,충돌,,공식대조(충돌)
SC_V19126_B126_044,평사원,명사,4,L2,단일일치,경계(L3~L4),3,PROVISIONAL_AUTO,0,충돌,,공식대조(충돌)
SC_V19126_B126_045,평상복,명사,3,L1,단일일치,경계(L1~L2),1,PROVISIONAL_AUTO,0,일치,,
SC_V19126_B126_046,평생토록,부사,4,L2,단일일치,경계(L3~L4),2,REVIEW_BOUNDARY,1,일치,,
SC_V19126_B126_047,평안하다,형용사,3,L1,단일일치,경계(L1~L2),1,PROVISIONAL_AUTO,0,일치,,
SC_V19126_B126_048,평야,명사,3,L1,단일일치,경계(L1~L2),1,PROVISIONAL_AUTO,0,일치,,
SC_V19126_B126_049,평영,명사,4,L2,단일일치,경계(L3~L4),3,PROVISIONAL_AUTO,0,충돌,,공식대조(충돌)
SC_V19126_B126_050,평온하다,형용사,3,L1,단일일치,경계(L1~L2),1,PROVISIONAL_AUTO,0,일치,,
SC_V19127_B127_001,평하다,동사,3,L1,단일일치,경계(L1~L2),1,REVIEW_BOUNDARY,1,일치,,
SC_V19127_B127_003,평화스럽다,형용사,4,L2,단일일치,경계(L3~L4),3,PROVISIONAL_AUTO,0,충돌,,공식대조(충돌)
SC_V19127_B127_004,폐광,명사,4,L2,단일일치,경계(L3~L4),3,PROVISIONAL_AUTO,0,충돌,,공식대조(충돌)
SC_V19127_B127_005,폐기물,명사,4,L2,단일일치,경계(L3~L4),2,REVIEW_BOUNDARY,1,일치,,
SC_V19127_B127_006,폐막식,명사,4,L2,단일일치,경계(L3~L4),3,PROVISIONAL_AUTO,0,충돌,,공식대조(충돌)
SC_V19127_B127_007,폐차장,명사,4,L2,단일일치,경계(L3~L4),2,REVIEW_BOUNDARY,1,일치,,
SC_V19127_B127_008,폐해,명사,4,L2,단일일치,경계(L3~L4),3,PROVISIONAL_AUTO,0,충돌,,공식대조(충돌)
SC_V19127_B127_010,폐회,명사,4,L2,단일일치,경계(L3~L4),3,PROVISIONAL_AUTO,0,충돌,,공식대조(충돌)
SC_V19127_B127_011,폐회식,명사,4,L2,단일일치,경계(L3~L4),2,REVIEW_BOUNDARY,1,일치,,
SC_V19127_B127_012,포대기,명사,3,L1,단일일치,경계(L1~L2),1,PROVISIONAL_AUTO,0,일치,,
SC_V19127_B127_015,포스터컬러,명사,4,L2,단일일치,경계(L3~L4),3,PROVISIONAL_AUTO,0,충돌,,공식대조(충돌)
SC_V19127_B127_017,포용력,명사,4,L2,단일일치,경계(L3~L4),3,PROVISIONAL_AUTO,0,충돌,,공식대조(충돌)
SC_V19127_B127_018,포용하다,동사,3,L1,단일일치,경계(L1~L2),1,PROVISIONAL_AUTO,0,일치,,
SC_V19127_B127_021,포유동물,명사,4,L2,단일일치,경계(L3~L4),3,PROVISIONAL_AUTO,0,충돌,,공식대조(충돌)
SC_V19127_B127_022,포환던지기,명사,4,L2,단일일치,경계(L3~L4),4,REVIEW_BOUNDARY,1,충돌,,공식대조(충돌)
SC_V19127_B127_030,폭신폭신,부사,3,L1,단일일치,경계(L1~L2),1,PROVISIONAL_AUTO,0,일치,,
SC_V19127_B127_031,폭신하다,형용사,3,L1,단일일치,경계(L1~L2),1,PROVISIONAL_AUTO,0,일치,,
SC_V19127_B127_034,폭염,명사,4,L2,단일일치,경계(L3~L4),2,REVIEW_BOUNDARY,1,일치,,
SC_V19127_B127_039,폭포수,명사,3,L1,단일일치,경계(L1~L2),1,PROVISIONAL_AUTO,0,일치,,
SC_V19127_B127_040,폴카,명사,4,L2,단일일치,경계(L3~L4),3,PROVISIONAL_AUTO,0,충돌,,공식대조(충돌)
SC_V19127_B127_041,퐁당,부사,3,L1,단일일치,경계(L1~L2),1,REVIEW_BOUNDARY,1,일치,,
SC_V19127_B127_042,표본실,명사,4,L2,단일일치,경계(L3~L4),3,PROVISIONAL_AUTO,0,충돌,,공식대조(충돌)
SC_V19127_B127_043,표어,명사,3,L1,단일일치,경계(L1~L2),1,PROVISIONAL_AUTO,0,일치,,
SC_V19127_B127_044,표절,명사,4,L2,단일일치,경계(L3~L4),3,PROVISIONAL_AUTO,0,충돌,,공식대조(충돌)
SC_V19127_B127_045,표주박,명사,4,L2,단일일치,경계(L3~L4),3,PROVISIONAL_AUTO,0,충돌,,공식대조(충돌)
SC_V19127_B127_046,표창장,명사,3,L1,단일일치,경계(L1~L2),1,PROVISIONAL_AUTO,0,일치,,
SC_V19127_B127_047,표출,명사,4,L2,단일일치,경계(L3~L4),2,REVIEW_BOUNDARY,1,일치,,
SC_V19127_B127_048,표출되다,동사,4,L2,단일일치,경계(L3~L4),2,REVIEW_BOUNDARY,1,일치,,
SC_V19127_B127_049,표현력,명사,4,L2,단일일치,경계(L3~L4),3,REVIEW_BOUNDARY,1,충돌,,공식대조(충돌)
SC_V19127_B127_050,푯말,명사,3,L1,단일일치,경계(L1~L2),1,PROVISIONAL_AUTO,0,일치,,
SC_V19128_B128_001,푸대접,명사,4,L2,단일일치,경계(L3~L4),2,REVIEW_BOUNDARY,1,일치,,
SC_V19128_B128_002,푸드,의존 명사,4,L2,단일일치,경계(L3~L4),3,PROVISIONAL_AUTO,0,충돌,,공식대조(충돌)
SC_V19128_B128_003,푸르뎅뎅하다,형용사,4,L2,단일일치,경계(L3~L4),3,PROVISIONAL_AUTO,0,충돌,,공식대조(충돌)
SC_V19128_B128_004,푸르르다,형용사,3,L1,단일일치,경계(L1~L2),1,PROVISIONAL_AUTO,0,일치,,
SC_V19128_B128_005,푸른빛,명사,3,L1,단일일치,경계(L1~L2),1,REVIEW_BOUNDARY,1,일치,,
SC_V19128_B128_006,푸성귀,명사,4,L2,단일일치,경계(L3~L4),3,PROVISIONAL_AUTO,0,충돌,,공식대조(충돌)
SC_V19128_B128_008,푸푸,부사,4,L2,단일일치,경계(L3~L4),3,PROVISIONAL_AUTO,0,충돌,,공식대조(충돌)
SC_V19128_B128_009,풀꽃,명사,3,L1,단일일치,경계(L1~L2),1,PROVISIONAL_AUTO,0,일치,,
SC_V19128_B128_010,풀무,명사,4,L2,단일일치,경계(L3~L4),3,PROVISIONAL_AUTO,0,충돌,,공식대조(충돌)
SC_V19128_B128_011,풀벌레,명사,4,L2,단일일치,경계(L3~L4),2,REVIEW_BOUNDARY,1,일치,,
SC_V19128_B128_012,풀빛,명사,4,L2,단일일치,경계(L3~L4),2,REVIEW_BOUNDARY,1,일치,,
SC_V19128_B128_013,풀색,명사,4,L2,단일일치,경계(L3~L4),2,REVIEW_BOUNDARY,1,일치,,
SC_V19128_B128_014,풀숲,명사,3,L1,단일일치,경계(L1~L2),1,PROVISIONAL_AUTO,0,일치,,
SC_V19128_B128_015,풀어헤치다,동사,3,L1,단일일치,경계(L1~L2),1,REVIEW_BOUNDARY,1,일치,,
SC_V19128_B128_016,풀장,명사,3,L1,단일일치,경계(L1~L2),1,REVIEW_BOUNDARY,1,일치,,
SC_V19128_B128_017,풀피리,명사,4,L2,단일일치,경계(L3~L4),2,REVIEW_BOUNDARY,1,일치,,
SC_V19128_B128_018,품값,명사,4,L2,단일일치,경계(L3~L4),3,PROVISIONAL_AUTO,0,충돌,,공식대조(충돌)
SC_V19128_B128_019,품삯,명사,4,L2,단일일치,경계(L3~L4),3,PROVISIONAL_AUTO,0,충돌,,공식대조(충돌)
SC_V19128_B128_020,품앗이,명사,4,L2,단일일치,경계(L3~L4),3,PROVISIONAL_AUTO,0,충돌,,공식대조(충돌)
SC_V19128_B128_021,품앗이하다,동사,4,L2,단일일치,경계(L3~L4),3,PROVISIONAL_AUTO,0,충돌,,공식대조(충돌)
SC_V19128_B128_022,품행,명사,4,L2,단일일치,경계(L3~L4),3,PROVISIONAL_AUTO,0,충돌,,공식대조(충돌)
SC_V19128_B128_023,풋과일,명사,4,L2,단일일치,경계(L3~L4),2,REVIEW_BOUNDARY,1,일치,,
SC_V19128_B128_024,풋풋하다,형용사,4,L2,단일일치,경계(L3~L4),2,REVIEW_BOUNDARY,1,일치,,
SC_V19128_B128_025,풍경화,명사,4,L2,단일일치,경계(L3~L4),3,PROVISIONAL_AUTO,0,충돌,,공식대조(충돌)
SC_V19128_B128_026,풍덩,부사,3,L1,단일일치,경계(L1~L2),1,REVIEW_BOUNDARY,1,일치,207(레벨보류),
SC_V19128_B128_027,풍덩풍덩,부사,4,L2,단일일치,경계(L3~L4),3,PROVISIONAL_AUTO,0,충돌,,공식대조(충돌)
SC_V19128_B128_028,풍부히,부사,4,L2,단일일치,경계(L3~L4),2,REVIEW_BOUNDARY,1,일치,,
SC_V19128_B128_029,풍속화,명사,4,L2,단일일치,경계(L3~L4),3,PROVISIONAL_AUTO,0,충돌,,공식대조(충돌)
SC_V19128_B128_030,풍요롭다,형용사,4,L2,단일일치,경계(L3~L4),2,REVIEW_BOUNDARY,1,일치,,
SC_V19128_B128_031,풍요하다,형용사,4,L2,단일일치,경계(L3~L4),2,REVIEW_BOUNDARY,1,일치,207(레벨보류),
SC_V19128_B128_032,풍작,명사,4,L2,단일일치,경계(L3~L4),3,PROVISIONAL_AUTO,0,충돌,,공식대조(충돌)
SC_V19128_B128_033,풍채,명사,4,L2,단일일치,경계(L3~L4),3,PROVISIONAL_AUTO,0,충돌,,공식대조(충돌)
SC_V19128_B128_034,풍향계,명사,4,L2,단일일치,경계(L3~L4),3,PROVISIONAL_AUTO,0,충돌,,공식대조(충돌)
SC_V19128_B128_035,프라이팬,명사,3,L1,단일일치,경계(L1~L2),1,REVIEW_BOUNDARY,1,일치,,
SC_V19128_B128_036,프레젠테이션,명사,4,L2,단일일치,경계(L3~L4),3,REVIEW_BOUNDARY,1,충돌,,공식대조(충돌)
SC_V19128_B128_037,프로듀서,명사,4,L2,단일일치,경계(L3~L4),3,PROVISIONAL_AUTO,0,충돌,,공식대조(충돌)
SC_V19128_B128_038,프로펠러,명사,3,L1,단일일치,경계(L1~L2),1,REVIEW_BOUNDARY,1,일치,,
SC_V19128_B128_039,프리즘,명사,4,L2,단일일치,경계(L3~L4),3,REVIEW_BOUNDARY,1,충돌,,공식대조(충돌)
SC_V19128_B128_040,플라스크,명사,4,L2,단일일치,경계(L3~L4),3,PROVISIONAL_AUTO,0,충돌,,공식대조(충돌)
SC_V19128_B128_041,피고인,명사,4,L2,단일일치,경계(L3~L4),3,REVIEW_BOUNDARY,1,충돌,,공식대조(충돌)
SC_V19128_B128_042,피난,명사,3,L1,단일일치,경계(L1~L2),1,PROVISIONAL_AUTO,0,일치,,
SC_V19128_B128_045,피난하다,동사,3,L1,단일일치,경계(L1~L2),1,PROVISIONAL_AUTO,0,일치,,
SC_V19128_B128_048,피로감,명사,3,L1,단일일치,경계(L1~L2),1,PROVISIONAL_AUTO,0,일치,,
SC_V19129_B129_003,피서지,명사,4,L2,단일일치,경계(L3~L4),2,REVIEW_BOUNDARY,1,일치,,
SC_V19129_B129_004,피스,명사,4,L2,단일일치,경계(L3~L4),3,PROVISIONAL_AUTO,0,충돌,,공식대조(충돌)
SC_V19129_B129_005,피시방,명사,3,L1,단일일치,경계(L1~L2),1,REVIEW_BOUNDARY,1,일치,,
SC_V19129_B129_006,피식,부사,3,L1,단일일치,경계(L1~L2),1,PROVISIONAL_AUTO,0,일치,,
SC_V19129_B129_007,피신하다,동사,3,L1,단일일치,경계(L1~L2),1,PROVISIONAL_AUTO,0,일치,,
SC_V19129_B129_009,피클,명사,3,L1,단일일치,경계(L1~L2),2,REVIEW_BOUNDARY,1,충돌,,공식대조(충돌)
SC_V19129_B129_011,핀잔,명사,4,L2,단일일치,경계(L3~L4),2,REVIEW_BOUNDARY,1,일치,,
SC_V19129_B129_012,필기구,명사,3,L1,단일일치,경계(L1~L2),1,PROVISIONAL_AUTO,0,일치,,
SC_V19129_B129_013,필기도구,명사,4,L2,단일일치,경계(L3~L4),3,PROVISIONAL_AUTO,0,충돌,,공식대조(충돌)
SC_V19129_B129_014,필기체,명사,4,L2,단일일치,경계(L3~L4),2,REVIEW_BOUNDARY,1,일치,,
SC_V19129_B129_015,필라멘트,명사,4,L2,단일일치,경계(L3~L4),3,PROVISIONAL_AUTO,0,충돌,,공식대조(충돌)
SC_V19129_B129_016,필사본,명사,4,L2,단일일치,경계(L3~L4),2,REVIEW_BOUNDARY,1,일치,,
SC_V19129_B129_017,필수품,명사,3,L1,단일일치,경계(L1~L2),1,PROVISIONAL_AUTO,0,일치,,
SC_V19129_B129_018,필요량,명사,4,L2,단일일치,경계(L3~L4),2,REVIEW_BOUNDARY,1,일치,,
SC_V19129_B129_019,필체,명사,4,L2,단일일치,경계(L3~L4),2,REVIEW_BOUNDARY,1,일치,,
SC_V19129_B129_022,하객,명사,4,L2,단일일치,경계(L3~L4),2,REVIEW_BOUNDARY,1,일치,,
SC_V19129_B129_023,하권,명사,4,L2,단일일치,경계(L3~L4),3,PROVISIONAL_AUTO,0,충돌,,공식대조(충돌)
SC_V19129_B129_024,하급,명사,4,L2,단일일치,경계(L3~L4),3,PROVISIONAL_AUTO,0,충돌,,공식대조(충돌)
SC_V19129_B129_025,하급생,명사,4,L2,단일일치,경계(L3~L4),2,REVIEW_BOUNDARY,1,일치,,
SC_V19129_B129_026,하기는,부사,4,L2,단일일치,경계(L3~L4),3,PROVISIONAL_AUTO,0,충돌,,공식대조(충돌)
SC_V19129_B129_027,하기야,부사,3,L1,단일일치,경계(L1~L2),2,REVIEW_BOUNDARY,1,충돌,,공식대조(충돌)
SC_V19129_B129_028,하긴,부사,4,L2,단일일치,경계(L3~L4),2,REVIEW_BOUNDARY,1,일치,,
SC_V19129_B129_030,하늬바람,명사,4,L2,단일일치,경계(L3~L4),3,PROVISIONAL_AUTO,0,충돌,,공식대조(충돌)
SC_V19129_B129_031,하다못해,부사,3,L1,단일일치,경계(L1~L2),1,PROVISIONAL_AUTO,0,일치,,
SC_V19129_B129_032,하락,명사,3,L1,단일일치,경계(L1~L2),1,PROVISIONAL_AUTO,0,일치,,
SC_V19129_B129_034,하루바삐,부사,4,L2,단일일치,경계(L3~L4),2,REVIEW_BOUNDARY,1,일치,,
SC_V19129_B129_036,하루아침,명사,3,L1,단일일치,경계(L1~L2),1,REVIEW_BOUNDARY,1,일치,,
SC_V19129_B129_037,하물며,부사,4,L2,단일일치,경계(L3~L4),3,PROVISIONAL_AUTO,0,충돌,,공식대조(충돌)
SC_V19129_B129_038,하반기,명사,4,L2,단일일치,경계(L3~L4),3,PROVISIONAL_AUTO,0,충돌,,공식대조(충돌)
SC_V19129_B129_039,하소연,명사,4,L2,단일일치,경계(L3~L4),3,PROVISIONAL_AUTO,0,충돌,,공식대조(충돌)
SC_V19129_B129_040,하소연하다,동사,4,L2,단일일치,경계(L3~L4),3,PROVISIONAL_AUTO,0,충돌,,공식대조(충돌)
SC_V19129_B129_041,하수관,명사,4,L2,단일일치,경계(L3~L4),3,PROVISIONAL_AUTO,0,충돌,,공식대조(충돌)
SC_V19129_B129_042,하수도,명사,3,L1,단일일치,경계(L1~L2),1,REVIEW_BOUNDARY,1,일치,,
SC_V19129_B129_043,하여금,부사,4,L2,단일일치,경계(L3~L4),2,REVIEW_BOUNDARY,1,일치,,
SC_V19129_B129_045,하이킹,명사,4,L2,단일일치,경계(L3~L4),3,PROVISIONAL_AUTO,0,충돌,,공식대조(충돌)
SC_V19129_B129_047,하품하다,동사,4,L2,단일일치,경계(L3~L4),3,PROVISIONAL_AUTO,0,충돌,,공식대조(충돌)
SC_V19129_B129_048,하현달,명사,4,L2,단일일치,경계(L3~L4),3,REVIEW_BOUNDARY,1,충돌,,공식대조(충돌)
SC_V19129_B129_049,학년도,명사,4,L2,단일일치,경계(L3~L4),3,REVIEW_BOUNDARY,1,충돌,,공식대조(충돌)
SC_V19129_B129_050,학년생,명사,4,L2,단일일치,경계(L3~L4),2,REVIEW_BOUNDARY,1,일치,,
SC_V19130_B130_003,학비,명사,3,L1,단일일치,경계(L1~L2),1,PROVISIONAL_AUTO,0,일치,,
SC_V19130_B130_006,학생증,명사,4,L2,단일일치,경계(L3~L4),2,REVIEW_BOUNDARY,1,일치,,
SC_V19130_B130_007,학생회,명사,3,L1,단일일치,경계(L1~L2),1,REVIEW_BOUNDARY,1,일치,,
SC_V19130_B130_008,학생회장,명사,3,L1,단일일치,경계(L1~L2),1,PROVISIONAL_AUTO,0,일치,,
SC_V19130_B130_009,학수고대하다,동사,4,L2,단일일치,경계(L3~L4),3,PROVISIONAL_AUTO,0,충돌,,공식대조(충돌)
SC_V19130_B130_011,학용품,명사,3,L1,단일일치,경계(L1~L2),1,PROVISIONAL_AUTO,0,일치,,
SC_V19130_B130_012,학위,명사,4,L2,단일일치,경계(L3~L4),4,REVIEW_BOUNDARY,1,충돌,,공식대조(충돌)
SC_V19130_B130_014,한가로이,부사,4,L2,단일일치,경계(L3~L4),2,REVIEW_BOUNDARY,1,일치,,
SC_V19130_B130_015,한가롭다,형용사,3,L1,단일일치,경계(L1~L2),1,PROVISIONAL_AUTO,0,일치,,
SC_V19130_B130_016,한가지,명사,3,L1,단일일치,경계(L1~L2),1,REVIEW_BOUNDARY,1,일치,207(레벨보류),
SC_V19130_B130_017,한갓,부사,4,L2,단일일치,경계(L3~L4),3,PROVISIONAL_AUTO,0,충돌,,공식대조(충돌)
SC_V19130_B130_018,한국학,명사,4,L2,단일일치,경계(L3~L4),3,PROVISIONAL_AUTO,0,충돌,,공식대조(충돌)
SC_V19130_B130_019,한국화,명사,4,L2,단일일치,경계(L3~L4),3,REVIEW_BOUNDARY,1,충돌,,공식대조(충돌)
SC_V19130_B130_020,한군데,명사,3,L1,단일일치,경계(L1~L2),1,PROVISIONAL_AUTO,0,일치,,
SC_V19130_B130_021,한낮,명사,3,L1,단일일치,경계(L1~L2),1,PROVISIONAL_AUTO,0,일치,,
SC_V19130_B130_022,한낱,부사,4,L2,단일일치,경계(L3~L4),3,PROVISIONAL_AUTO,0,충돌,,공식대조(충돌)
SC_V19130_B130_023,한눈팔다,동사,3,L1,단일일치,경계(L1~L2),1,PROVISIONAL_AUTO,0,일치,,
SC_V19130_B130_024,한들한들,부사,4,L2,단일일치,경계(L3~L4),3,PROVISIONAL_AUTO,0,충돌,,공식대조(충돌)
SC_V19130_B130_025,한사코,부사,4,L2,단일일치,경계(L3~L4),2,REVIEW_BOUNDARY,1,일치,,
SC_V19130_B130_026,한솥밥,명사,4,L2,단일일치,경계(L3~L4),3,PROVISIONAL_AUTO,0,충돌,,공식대조(충돌)
SC_V19130_B130_028,한숨에,부사,4,L2,단일일치,경계(L3~L4),2,REVIEW_BOUNDARY,1,일치,,
SC_V19130_B130_029,한스럽다,형용사,4,L2,단일일치,경계(L3~L4),2,REVIEW_BOUNDARY,1,일치,,
SC_V19130_B130_036,한자어,명사,3,L1,단일일치,경계(L1~L2),1,PROVISIONAL_AUTO,0,일치,,
SC_V19130_B130_038,한층,부사,3,L1,단일일치,경계(L1~L2),1,REVIEW_BOUNDARY,1,일치,,
SC_V19130_B130_039,한탄하다,동사,4,L2,단일일치,경계(L3~L4),3,PROVISIONAL_AUTO,0,충돌,,공식대조(충돌)
SC_V19130_B130_040,한턱,명사,4,L2,단일일치,경계(L3~L4),2,REVIEW_BOUNDARY,1,일치,,
SC_V19130_B130_041,한파,명사,4,L2,단일일치,경계(L3~L4),3,REVIEW_BOUNDARY,1,충돌,,공식대조(충돌)
SC_V19130_B130_042,할애하다,동사,4,L2,단일일치,경계(L3~L4),3,PROVISIONAL_AUTO,0,충돌,,공식대조(충돌)
SC_V19130_B130_043,할인율,명사,4,L2,단일일치,경계(L3~L4),3,REVIEW_BOUNDARY,1,충돌,,공식대조(충돌)
SC_V19130_B130_044,할인점,명사,4,L2,단일일치,경계(L3~L4),2,REVIEW_BOUNDARY,1,일치,,
SC_V19130_B130_046,함량,명사,4,L2,단일일치,경계(L3~L4),2,REVIEW_BOUNDARY,1,일치,,
SC_V19130_B130_047,함박눈,명사,3,L1,단일일치,경계(L1~L2),1,PROVISIONAL_AUTO,0,일치,,
SC_V19130_B130_048,함박웃음,명사,4,L2,단일일치,경계(L3~L4),2,REVIEW_BOUNDARY,1,일치,,
SC_V19130_B130_050,함유되다,동사,4,L2,단일일치,경계(L3~L4),2,REVIEW_BOUNDARY,1,일치,,
SC_V19131_B131_001,함유량,명사,4,L2,단일일치,경계(L3~L4),2,REVIEW_BOUNDARY,1,일치,,
SC_V19131_B131_002,합격증,명사,4,L2,단일일치,경계(L3~L4),3,PROVISIONAL_AUTO,0,충돌,,공식대조(충돌)
SC_V19131_B131_004,합산,명사,4,L2,단일일치,경계(L3~L4),2,REVIEW_BOUNDARY,1,일치,,
SC_V19131_B131_005,합산하다,동사,4,L2,단일일치,경계(L3~L4),2,REVIEW_BOUNDARY,1,일치,,
SC_V19131_B131_006,합세하다,동사,3,L1,단일일치,경계(L1~L2),1,PROVISIONAL_AUTO,0,일치,,
SC_V19131_B131_007,합심하다,동사,3,L1,단일일치,경계(L1~L2),1,PROVISIONAL_AUTO,0,일치,,
SC_V19131_B131_008,합주하다,동사,4,L2,단일일치,경계(L3~L4),3,PROVISIONAL_AUTO,0,충돌,,공식대조(충돌)
SC_V19131_B131_009,합창곡,명사,4,L2,단일일치,경계(L3~L4),3,PROVISIONAL_AUTO,0,충돌,,공식대조(충돌)
SC_V19131_B131_011,항공,명사,3,L1,단일일치,경계(L1~L2),1,PROVISIONAL_AUTO,0,일치,,
SC_V19131_B131_012,항공기,명사,3,L1,단일일치,경계(L1~L2),1,REVIEW_BOUNDARY,1,일치,,
SC_V19131_B131_013,항공로,명사,4,L2,단일일치,경계(L3~L4),3,PROVISIONAL_AUTO,0,충돌,,공식대조(충돌)
SC_V19131_B131_018,해돋이,명사,3,L1,단일일치,경계(L1~L2),1,PROVISIONAL_AUTO,0,일치,,
SC_V19131_B131_019,해물,명사,4,L2,단일일치,경계(L3~L4),2,REVIEW_BOUNDARY,1,일치,,
SC_V19131_B131_020,해발,명사,4,L2,단일일치,경계(L3~L4),3,PROVISIONAL_AUTO,0,충돌,,공식대조(충돌)
SC_V19131_B131_022,해산물,명사,3,L1,단일일치,경계(L1~L2),1,PROVISIONAL_AUTO,0,일치,,
SC_V19131_B131_023,해설자,명사,3,L1,단일일치,경계(L1~L2),1,PROVISIONAL_AUTO,0,일치,,
SC_V19131_B131_024,해수욕,명사,4,L2,단일일치,경계(L3~L4),2,REVIEW_BOUNDARY,1,일치,,
SC_V19131_B131_025,해시계,명사,4,L2,단일일치,경계(L3~L4),4,PROVISIONAL_AUTO,0,충돌,,공식대조(충돌)
SC_V19131_B131_026,해안가,명사,3,L1,단일일치,경계(L1~L2),1,PROVISIONAL_AUTO,0,일치,,
SC_V19131_B131_027,해어지다,동사,4,L2,단일일치,경계(L3~L4),2,REVIEW_BOUNDARY,1,일치,,
SC_V19131_B131_028,해임,명사,4,L2,단일일치,경계(L3~L4),2,REVIEW_BOUNDARY,1,일치,,
SC_V19131_B131_032,해지다,동사,4,L2,단일일치,경계(L3~L4),3,PROVISIONAL_AUTO,0,충돌,,공식대조(충돌)
SC_V19131_B131_033,해초류,명사,4,L2,단일일치,경계(L3~L4),3,PROVISIONAL_AUTO,0,충돌,,공식대조(충돌)
SC_V19131_B131_036,해협,명사,4,L2,단일일치,경계(L3~L4),3,PROVISIONAL_AUTO,0,충돌,,공식대조(충돌)
SC_V19131_B131_038,핸드볼,명사,4,L2,단일일치,경계(L3~L4),3,PROVISIONAL_AUTO,0,충돌,,공식대조(충돌)
SC_V19131_B131_039,핼쑥하다,형용사,4,L2,단일일치,경계(L3~L4),2,REVIEW_BOUNDARY,1,일치,,
SC_V19131_B131_040,햅쌀,명사,3,L1,단일일치,경계(L1~L2),1,PROVISIONAL_AUTO,0,일치,,
SC_V19131_B131_041,햇곡식,명사,3,L1,단일일치,경계(L1~L2),1,PROVISIONAL_AUTO,0,일치,,
SC_V19131_B131_042,햇과일,명사,3,L1,단일일치,경계(L1~L2),1,PROVISIONAL_AUTO,0,일치,,
SC_V19131_B131_043,햇발,명사,4,L2,단일일치,경계(L3~L4),2,REVIEW_BOUNDARY,1,일치,,
SC_V19131_B131_044,행동거지,명사,3,L1,단일일치,경계(L1~L2),1,PROVISIONAL_AUTO,0,일치,,
SC_V19131_B131_046,행사장,명사,4,L2,단일일치,경계(L3~L4),2,REVIEW_BOUNDARY,1,일치,,
SC_V19131_B131_047,행선지,명사,4,L2,단일일치,경계(L3~L4),2,REVIEW_BOUNDARY,1,일치,,
SC_V19131_B131_048,행실,명사,4,L2,단일일치,경계(L3~L4),2,REVIEW_BOUNDARY,1,일치,,
SC_V19131_B131_049,행여,부사,4,L2,단일일치,경계(L3~L4),2,REVIEW_BOUNDARY,1,일치,,
SC_V19131_B131_050,행여나,부사,4,L2,단일일치,경계(L3~L4),2,REVIEW_BOUNDARY,1,일치,,
SC_V19132_B132_002,행진곡,명사,3,L1,단일일치,경계(L1~L2),1,REVIEW_BOUNDARY,1,일치,,
SC_V19132_B132_003,행차,명사,4,L2,단일일치,경계(L3~L4),3,PROVISIONAL_AUTO,0,충돌,,공식대조(충돌)
SC_V19132_B132_004,행차하다,동사,4,L2,단일일치,경계(L3~L4),3,PROVISIONAL_AUTO,0,충돌,,공식대조(충돌)
SC_V19132_B132_005,행태,명사,4,L2,단일일치,경계(L3~L4),3,PROVISIONAL_AUTO,0,충돌,,공식대조(충돌)
SC_V19132_B132_008,향신료,명사,4,L2,단일일치,경계(L3~L4),3,PROVISIONAL_AUTO,0,충돌,,공식대조(충돌)
SC_V19132_B132_009,향유하다,동사,4,L2,단일일치,경계(L3~L4),2,REVIEW_BOUNDARY,1,일치,207(레벨보류),
SC_V19132_B132_010,향후,명사,4,L2,단일일치,경계(L3~L4),2,REVIEW_BOUNDARY,1,일치,,
SC_V19132_B132_011,허둥거리다,동사,4,L2,단일일치,경계(L3~L4),3,PROVISIONAL_AUTO,0,충돌,,공식대조(충돌)
SC_V19132_B132_012,허둥지둥,부사,3,L1,단일일치,경계(L1~L2),1,PROVISIONAL_AUTO,0,일치,,
SC_V19132_B132_013,허드렛일,명사,4,L2,단일일치,경계(L3~L4),2,REVIEW_BOUNDARY,1,일치,,
SC_V19132_B132_014,허락되다,동사,3,L1,단일일치,경계(L1~L2),1,PROVISIONAL_AUTO,0,일치,,
SC_V19132_B132_015,허리끈,명사,4,L2,단일일치,경계(L3~L4),2,REVIEW_BOUNDARY,1,일치,,
SC_V19132_B132_016,허리춤,명사,4,L2,단일일치,경계(L3~L4),3,PROVISIONAL_AUTO,0,충돌,,공식대조(충돌)
SC_V19132_B132_017,허리케인,명사,4,L2,단일일치,경계(L3~L4),3,PROVISIONAL_AUTO,0,충돌,,공식대조(충돌)
SC_V19132_B132_018,허벅다리,명사,4,L2,단일일치,경계(L3~L4),2,REVIEW_BOUNDARY,1,일치,207(레벨보류),
SC_V19132_B132_022,허우대,명사,4,L2,단일일치,경계(L3~L4),3,PROVISIONAL_AUTO,0,충돌,,공식대조(충돌)
SC_V19132_B132_023,허파,명사,3,L1,단일일치,경계(L1~L2),2,PROVISIONAL_AUTO,0,충돌,,공식대조(충돌)
SC_V19132_B132_024,허풍,명사,4,L2,단일일치,경계(L3~L4),3,PROVISIONAL_AUTO,0,충돌,,공식대조(충돌)
SC_V19132_B132_025,허허벌판,명사,4,L2,단일일치,경계(L3~L4),2,REVIEW_BOUNDARY,1,일치,,
SC_V19132_B132_026,허황되다,형용사,4,L2,단일일치,경계(L3~L4),2,REVIEW_BOUNDARY,1,일치,207(레벨보류),
SC_V19132_B132_028,헌신,명사,3,L1,단일일치,경계(L1~L2),1,PROVISIONAL_AUTO,0,일치,,
SC_V19132_B132_030,헌신하다,동사,4,L2,단일일치,경계(L3~L4),3,PROVISIONAL_AUTO,0,충돌,,공식대조(충돌)
SC_V19132_B132_033,헐값,명사,3,L1,단일일치,경계(L1~L2),1,REVIEW_BOUNDARY,1,일치,207(레벨보류),
SC_V19132_B132_038,험준하다,형용사,4,L2,단일일치,경계(L3~L4),2,REVIEW_BOUNDARY,1,일치,,
SC_V19132_B132_039,헛간,명사,4,L2,단일일치,경계(L3~L4),3,PROVISIONAL_AUTO,0,충돌,,공식대조(충돌)
SC_V19132_B132_040,헛걸음,명사,4,L2,단일일치,경계(L3~L4),3,PROVISIONAL_AUTO,0,충돌,,공식대조(충돌)
SC_V19132_B132_041,헛걸음하다,동사,4,L2,단일일치,경계(L3~L4),3,PROVISIONAL_AUTO,0,충돌,,공식대조(충돌)
SC_V19132_B132_042,헛기침,명사,4,L2,단일일치,경계(L3~L4),3,PROVISIONAL_AUTO,0,충돌,,공식대조(충돌)
SC_V19132_B132_043,헛되이,부사,4,L2,단일일치,경계(L3~L4),3,PROVISIONAL_AUTO,0,충돌,,공식대조(충돌)
SC_V19132_B132_045,헛발질,명사,4,L2,단일일치,경계(L3~L4),2,REVIEW_BOUNDARY,1,일치,,
SC_V19132_B132_046,헛소문,명사,3,L1,단일일치,경계(L1~L2),1,PROVISIONAL_AUTO,0,일치,,
SC_V19132_B132_047,헛수고,명사,3,L1,단일일치,경계(L1~L2),1,PROVISIONAL_AUTO,0,일치,,
SC_V19132_B132_048,헛일,명사,4,L2,단일일치,경계(L3~L4),2,REVIEW_BOUNDARY,1,일치,,
SC_V19132_B132_049,헤어나다,동사,3,L1,단일일치,경계(L1~L2),1,REVIEW_BOUNDARY,1,일치,,
SC_V19132_B132_050,헤어스타일,명사,4,L2,단일일치,경계(L3~L4),3,PROVISIONAL_AUTO,0,충돌,,공식대조(충돌)
SC_V19133_B133_001,헤엄,명사,3,L1,단일일치,경계(L1~L2),1,REVIEW_BOUNDARY,1,일치,,
SC_V19133_B133_002,헬멧,명사,3,L1,단일일치,경계(L1~L2),1,PROVISIONAL_AUTO,0,일치,,
SC_V19133_B133_003,헬스,명사,3,L1,단일일치,경계(L1~L2),1,PROVISIONAL_AUTO,0,일치,,
SC_V19133_B133_004,헬스장,명사,4,L2,단일일치,경계(L3~L4),3,PROVISIONAL_AUTO,0,충돌,,공식대조(충돌)
SC_V19133_B133_005,혀뿌리,명사,4,L2,단일일치,경계(L3~L4),3,PROVISIONAL_AUTO,0,충돌,,공식대조(충돌)
SC_V19133_B133_006,혁신,명사,4,L2,단일일치,경계(L3~L4),3,PROVISIONAL_AUTO,0,충돌,,공식대조(충돌)
SC_V19133_B133_008,현대식,명사,4,L2,단일일치,경계(L3~L4),3,PROVISIONAL_AUTO,0,충돌,,공식대조(충돌)
SC_V19133_B133_009,현악,명사,4,L2,단일일치,경계(L3~L4),3,PROVISIONAL_AUTO,0,충돌,,공식대조(충돌)
SC_V19133_B133_010,현악기,명사,4,L2,단일일치,경계(L3~L4),3,PROVISIONAL_AUTO,0,충돌,,공식대조(충돌)
SC_V19133_B133_013,현혹,명사,4,L2,단일일치,경계(L3~L4),3,PROVISIONAL_AUTO,0,충돌,,공식대조(충돌)
SC_V19133_B133_017,혈연관계,명사,4,L2,단일일치,경계(L3~L4),3,REVIEW_BOUNDARY,1,충돌,,공식대조(충돌)
SC_V19133_B133_018,협동성,명사,4,L2,단일일치,경계(L3~L4),3,REVIEW_BOUNDARY,1,충돌,,공식대조(충돌)
SC_V19133_B133_019,협동심,명사,3,L1,단일일치,경계(L1~L2),1,PROVISIONAL_AUTO,0,일치,,
SC_V19133_B133_020,협의회,명사,4,L2,단일일치,경계(L3~L4),3,PROVISIONAL_AUTO,0,충돌,,공식대조(충돌)
SC_V19133_B133_021,협주곡,명사,4,L2,단일일치,경계(L3~L4),3,REVIEW_BOUNDARY,1,충돌,,공식대조(충돌)
SC_V19133_B133_022,협회,명사,3,L1,단일일치,경계(L1~L2),1,PROVISIONAL_AUTO,0,일치,,
SC_V19133_B133_024,형용사,명사,4,L2,단일일치,경계(L3~L4),4,REVIEW_BOUNDARY,1,충돌,,공식대조(충돌)
SC_V19133_B133_025,형제간,명사,3,L1,단일일치,경계(L1~L2),1,PROVISIONAL_AUTO,0,일치,,
SC_V19133_B133_026,형제애,명사,4,L2,단일일치,경계(L3~L4),2,REVIEW_BOUNDARY,1,일치,,
SC_V19133_B133_027,형제자매,명사,3,L1,단일일치,경계(L1~L2),1,PROVISIONAL_AUTO,0,일치,,
SC_V19133_B133_028,형체,명사,3,L1,단일일치,경계(L1~L2),1,PROVISIONAL_AUTO,0,일치,,
SC_V19133_B133_030,형평성,명사,4,L2,단일일치,경계(L3~L4),3,REVIEW_BOUNDARY,1,충돌,,공식대조(충돌)
SC_V19133_B133_031,형형색색,명사,4,L2,단일일치,경계(L3~L4),2,REVIEW_BOUNDARY,1,일치,,
SC_V19133_B133_032,호감,명사,3,L1,단일일치,경계(L1~L2),1,PROVISIONAL_AUTO,0,일치,,
SC_V19133_B133_033,호두과자,명사,3,L1,단일일치,경계(L1~L2),1,PROVISIONAL_AUTO,0,일치,,
SC_V19133_B133_035,호떡,명사,3,L1,단일일치,경계(L1~L2),1,PROVISIONAL_AUTO,0,일치,,
SC_V19133_B133_036,호롱불,명사,4,L2,단일일치,경계(L3~L4),2,REVIEW_BOUNDARY,1,일치,,
SC_V19133_B133_037,호른,명사,4,L2,단일일치,경계(L3~L4),3,PROVISIONAL_AUTO,0,충돌,,공식대조(충돌)
SC_V19133_B133_038,호박고지,명사,4,L2,단일일치,경계(L3~L4),3,PROVISIONAL_AUTO,0,충돌,,공식대조(충돌)
SC_V19133_B133_039,호박엿,명사,4,L2,단일일치,경계(L3~L4),2,REVIEW_BOUNDARY,1,일치,,
SC_V19133_B133_040,호박잎,명사,4,L2,단일일치,경계(L3~L4),2,REVIEW_BOUNDARY,1,일치,,
SC_V19133_B133_041,호박전,명사,3,L1,단일일치,경계(L1~L2),1,REVIEW_BOUNDARY,1,일치,,
SC_V19133_B133_042,호사스럽다,형용사,4,L2,단일일치,경계(L3~L4),3,PROVISIONAL_AUTO,0,충돌,,공식대조(충돌)
SC_V19133_B133_043,호숫가,명사,3,L1,단일일치,경계(L1~L2),1,PROVISIONAL_AUTO,0,일치,,
SC_V19133_B133_044,호주머니,명사,3,L1,단일일치,경계(L1~L2),2,REVIEW_BOUNDARY,1,충돌,,공식대조(충돌)
SC_V19133_B133_045,호호백발,명사,4,L2,단일일치,경계(L3~L4),3,PROVISIONAL_AUTO,0,충돌,,공식대조(충돌)
SC_V19133_B133_046,호화롭다,형용사,3,L1,단일일치,경계(L1~L2),1,PROVISIONAL_AUTO,0,일치,,
SC_V19133_B133_047,호화스럽다,형용사,4,L2,단일일치,경계(L3~L4),3,PROVISIONAL_AUTO,0,충돌,,공식대조(충돌)
SC_V19133_B133_049,혹평,명사,3,L1,단일일치,경계(L1~L2),1,PROVISIONAL_AUTO,0,일치,,
SC_V19133_B133_050,혹평하다,동사,4,L2,단일일치,경계(L3~L4),2,REVIEW_BOUNDARY,1,일치,,
SC_V19134_B134_001,혼돈하다,형용사,4,L2,단일일치,경계(L3~L4),3,PROVISIONAL_AUTO,0,충돌,,공식대조(충돌)
SC_V19134_B134_003,혼비백산,명사,4,L2,단일일치,경계(L3~L4),3,PROVISIONAL_AUTO,0,충돌,,공식대조(충돌)
SC_V19134_B134_004,혼색,명사,4,L2,단일일치,경계(L3~L4),2,REVIEW_BOUNDARY,1,일치,,
SC_V19134_B134_005,혼인,명사,3,L1,단일일치,경계(L1~L2),1,PROVISIONAL_AUTO,0,일치,,
SC_V19134_B134_006,혼인하다,동사,3,L1,단일일치,경계(L1~L2),1,PROVISIONAL_AUTO,0,일치,,
SC_V19134_B134_007,혼잡하다,형용사,3,L1,단일일치,경계(L1~L2),1,PROVISIONAL_AUTO,0,일치,,
SC_V19134_B134_009,홀씨,명사,4,L2,단일일치,경계(L3~L4),3,PROVISIONAL_AUTO,0,충돌,,공식대조(충돌)
SC_V19134_B134_010,홀아버지,명사,4,L2,단일일치,경계(L3~L4),2,REVIEW_BOUNDARY,1,일치,,
SC_V19134_B134_012,홀어머니,명사,4,L2,단일일치,경계(L3~L4),2,REVIEW_BOUNDARY,1,일치,,
SC_V19134_B134_014,홀연히,부사,4,L2,단일일치,경계(L3~L4),2,REVIEW_BOUNDARY,1,일치,,
SC_V19134_B134_015,홍길동,명사,4,L2,단일일치,경계(L3~L4),3,REVIEW_BOUNDARY,1,충돌,,공식대조(충돌)
SC_V19134_B134_016,홍보물,명사,4,L2,단일일치,경계(L3~L4),3,PROVISIONAL_AUTO,0,충돌,,공식대조(충돌)
SC_V19134_B134_017,홍시,명사,3,L1,단일일치,경계(L1~L2),1,PROVISIONAL_AUTO,0,일치,,
SC_V19134_B134_018,화기애애하다,형용사,4,L2,단일일치,경계(L3~L4),3,PROVISIONAL_AUTO,0,충돌,,공식대조(충돌)
SC_V19134_B134_020,화들짝,부사,3,L1,단일일치,경계(L1~L2),1,PROVISIONAL_AUTO,0,일치,,
SC_V19134_B134_021,화로,명사,3,L1,단일일치,경계(L1~L2),1,PROVISIONAL_AUTO,0,일치,,
SC_V19134_B134_022,화롯불,명사,4,L2,단일일치,경계(L3~L4),2,REVIEW_BOUNDARY,1,일치,,
SC_V19134_B134_023,화문석,명사,4,L2,단일일치,경계(L3~L4),3,PROVISIONAL_AUTO,0,충돌,,공식대조(충돌)
SC_V19134_B134_024,화물,명사,3,L1,단일일치,경계(L1~L2),2,PROVISIONAL_AUTO,0,충돌,17(L2_PROVISIONAL_AUTO),공식대조(충돌)
SC_V19134_B134_025,화물선,명사,4,L2,단일일치,경계(L3~L4),2,REVIEW_BOUNDARY,1,일치,,
SC_V19134_B134_026,화물차,명사,3,L1,단일일치,경계(L1~L2),1,PROVISIONAL_AUTO,0,일치,,
SC_V19134_B134_027,화산섬,명사,4,L2,단일일치,경계(L3~L4),3,REVIEW_BOUNDARY,1,충돌,,공식대조(충돌)
SC_V19134_B134_028,화산재,명사,4,L2,단일일치,경계(L3~L4),3,REVIEW_BOUNDARY,1,충돌,,공식대조(충돌)
SC_V19134_B134_030,화선지,명사,4,L2,단일일치,경계(L3~L4),3,PROVISIONAL_AUTO,0,충돌,,공식대조(충돌)
SC_V19134_B134_031,화장대,명사,3,L1,단일일치,경계(L1~L2),1,PROVISIONAL_AUTO,0,일치,,
SC_V19134_B134_032,화장술,명사,4,L2,단일일치,경계(L3~L4),3,PROVISIONAL_AUTO,0,충돌,,공식대조(충돌)
SC_V19134_B134_033,화젯거리,명사,4,L2,단일일치,경계(L3~L4),2,REVIEW_BOUNDARY,1,일치,207(레벨보류),
SC_V19134_B134_034,화질,명사,4,L2,단일일치,경계(L3~L4),3,PROVISIONAL_AUTO,0,충돌,,공식대조(충돌)
SC_V19134_B134_035,화창하다,형용사,3,L1,단일일치,경계(L1~L2),1,PROVISIONAL_AUTO,0,일치,,
SC_V19134_B134_036,화톳불,명사,4,L2,단일일치,경계(L3~L4),2,REVIEW_BOUNDARY,1,일치,,
SC_V19134_B134_037,화폭,명사,4,L2,단일일치,경계(L3~L4),2,REVIEW_BOUNDARY,1,일치,,
SC_V19134_B134_039,화학자,명사,4,L2,단일일치,경계(L3~L4),2,REVIEW_BOUNDARY,1,일치,,
SC_V19134_B134_040,확대도,명사,4,L2,단일일치,경계(L3~L4),2,REVIEW_BOUNDARY,1,일치,,
SC_V19134_B134_041,확성기,명사,3,L1,단일일치,경계(L1~L2),1,PROVISIONAL_AUTO,0,일치,,
SC_V19134_B134_042,확인서,명사,4,L2,단일일치,경계(L3~L4),2,REVIEW_BOUNDARY,1,일치,,
SC_V19134_B134_044,환경미화원,명사,3,L1,단일일치,경계(L1~L2),1,REVIEW_BOUNDARY,1,일치,,
SC_V19134_B134_045,환경부,명사,4,L2,단일일치,경계(L3~L4),3,PROVISIONAL_AUTO,0,충돌,,공식대조(충돌)
SC_V19134_B134_047,환풍기,명사,4,L2,단일일치,경계(L3~L4),3,PROVISIONAL_AUTO,0,충돌,,공식대조(충돌)
SC_V19134_B134_048,환호성,명사,4,L2,단일일치,경계(L3~L4),3,PROVISIONAL_AUTO,0,충돌,,공식대조(충돌)
SC_V19134_B134_049,활력,명사,3,L1,단일일치,경계(L1~L2),1,REVIEW_BOUNDARY,1,일치,,
SC_V19134_B134_050,활력소,명사,4,L2,단일일치,경계(L3~L4),2,REVIEW_BOUNDARY,1,일치,,
SC_V19135_B135_003,활약상,명사,4,L2,단일일치,경계(L3~L4),2,REVIEW_BOUNDARY,1,일치,,
SC_V19135_B135_004,활엽수,명사,4,L2,단일일치,경계(L3~L4),3,PROVISIONAL_AUTO,0,충돌,,공식대조(충돌)
SC_V19135_B135_005,활용법,명사,4,L2,단일일치,경계(L3~L4),3,PROVISIONAL_AUTO,0,충돌,,공식대조(충돌)
SC_V19135_B135_006,활주로,명사,4,L2,단일일치,경계(L3~L4),3,PROVISIONAL_AUTO,0,충돌,,공식대조(충돌)
SC_V19135_B135_007,황갈색,명사,4,L2,단일일치,경계(L3~L4),2,REVIEW_BOUNDARY,1,일치,,
SC_V19135_B135_008,황금기,명사,4,L2,단일일치,경계(L3~L4),2,REVIEW_BOUNDARY,1,일치,,
SC_V19135_B135_009,황금빛,명사,3,L1,단일일치,경계(L1~L2),1,PROVISIONAL_AUTO,0,일치,,
SC_V19135_B135_010,황금색,명사,4,L2,단일일치,경계(L3~L4),2,REVIEW_BOUNDARY,1,일치,,
SC_V19135_B135_011,황색,명사,4,L2,단일일치,경계(L3~L4),2,REVIEW_BOUNDARY,1,일치,207(레벨보류),
SC_V19135_B135_012,황송하다,형용사,4,L2,단일일치,경계(L3~L4),3,PROVISIONAL_AUTO,0,충돌,,공식대조(충돌)
SC_V19135_B135_014,회갑연,명사,4,L2,단일일치,경계(L3~L4),2,REVIEW_BOUNDARY,1,일치,,
SC_V19135_B135_015,회견,명사,4,L2,단일일치,경계(L3~L4),3,PROVISIONAL_AUTO,0,충돌,,공식대조(충돌)
SC_V19135_B135_020,회색빛,명사,3,L1,단일일치,경계(L1~L2),1,PROVISIONAL_AUTO,0,일치,,
SC_V19135_B135_021,회오리,명사,3,L1,단일일치,경계(L1~L2),2,REVIEW_BOUNDARY,1,충돌,,공식대조(충돌)
SC_V19135_B135_022,회원,명사,3,L1,단일일치,경계(L1~L2),1,PROVISIONAL_AUTO,0,일치,,
SC_V19135_B135_023,회원국,명사,4,L2,단일일치,경계(L3~L4),2,REVIEW_BOUNDARY,1,일치,,
SC_V19135_B135_024,회의록,명사,4,L2,단일일치,경계(L3~L4),3,PROVISIONAL_AUTO,0,충돌,,공식대조(충돌)
SC_V19135_B135_025,회의장,명사,3,L1,단일일치,경계(L1~L2),1,PROVISIONAL_AUTO,0,일치,,
SC_V19135_B135_026,회장단,명사,4,L2,단일일치,경계(L3~L4),3,PROVISIONAL_AUTO,0,충돌,,공식대조(충돌)
SC_V19135_B135_027,회전문,명사,3,L1,단일일치,경계(L1~L2),1,PROVISIONAL_AUTO,0,일치,,
SC_V19135_B135_028,회전수,명사,4,L2,단일일치,경계(L3~L4),3,PROVISIONAL_AUTO,0,충돌,,공식대조(충돌)
SC_V19135_B135_034,효과음,명사,4,L2,단일일치,경계(L3~L4),3,PROVISIONAL_AUTO,0,충돌,,공식대조(충돌)
SC_V19135_B135_040,후계자,명사,3,L1,단일일치,경계(L1~L2),1,PROVISIONAL_AUTO,0,일치,,
SC_V19135_B135_042,후덥지근하다,형용사,3,L1,단일일치,경계(L1~L2),2,REVIEW_BOUNDARY,1,충돌,,공식대조(충돌)
SC_V19135_B135_045,후반부,명사,4,L2,단일일치,경계(L3~L4),2,REVIEW_BOUNDARY,1,일치,,
SC_V19135_B135_046,후반전,명사,4,L2,단일일치,경계(L3~L4),3,PROVISIONAL_AUTO,0,충돌,,공식대조(충돌)
SC_V19135_B135_048,후보지,명사,4,L2,단일일치,경계(L3~L4),2,REVIEW_BOUNDARY,1,일치,,
SC_V19135_B135_049,후원금,명사,4,L2,단일일치,경계(L3~L4),3,PROVISIONAL_AUTO,0,충돌,,공식대조(충돌)
SC_V19135_B135_050,후원자,명사,4,L2,단일일치,경계(L3~L4),3,PROVISIONAL_AUTO,0,충돌,,공식대조(충돌)
SC_V19136_B136_001,후원하다,동사,4,L2,단일일치,경계(L3~L4),3,PROVISIONAL_AUTO,0,충돌,,공식대조(충돌)
SC_V19136_B136_002,후일,명사,4,L2,단일일치,경계(L3~L4),2,REVIEW_BOUNDARY,1,일치,,
SC_V19136_B136_005,후춧가루,명사,4,L2,단일일치,경계(L3~L4),2,REVIEW_BOUNDARY,1,일치,,
SC_V19136_B136_006,후텁지근하다,형용사,3,L1,단일일치,경계(L1~L2),2,REVIEW_BOUNDARY,1,충돌,,공식대조(충돌)
SC_V19136_B136_007,후회되다,동사,3,L1,단일일치,경계(L1~L2),1,PROVISIONAL_AUTO,0,일치,,
SC_V19136_B136_008,후회막심,명사,4,L2,단일일치,경계(L3~L4),2,REVIEW_BOUNDARY,1,일치,,
SC_V19136_B136_012,훗날,명사,3,L1,단일일치,경계(L1~L2),1,PROVISIONAL_AUTO,0,일치,,
SC_V19136_B136_013,휘둘러보다,동사,4,L2,단일일치,경계(L3~L4),3,PROVISIONAL_AUTO,0,충돌,,공식대조(충돌)
SC_V19136_B136_015,휘몰아치다,동사,3,L1,단일일치,경계(L1~L2),1,REVIEW_BOUNDARY,1,일치,,
SC_V19136_B136_016,휘발성,명사,4,L2,단일일치,경계(L3~L4),3,REVIEW_BOUNDARY,1,충돌,,공식대조(충돌)
SC_V19136_B136_017,휘어지다,동사,3,L1,단일일치,경계(L1~L2),1,PROVISIONAL_AUTO,0,일치,,
SC_V19136_B136_018,휴가철,명사,4,L2,단일일치,경계(L3~L4),2,REVIEW_BOUNDARY,1,일치,,
SC_V19136_B136_019,휴관,명사,4,L2,단일일치,경계(L3~L4),3,PROVISIONAL_AUTO,0,충돌,,공식대조(충돌)
SC_V19136_B136_020,휴관하다,동사,4,L2,단일일치,경계(L3~L4),3,PROVISIONAL_AUTO,0,충돌,,공식대조(충돌)
SC_V19136_B136_021,휴대하다,동사,4,L2,단일일치,경계(L3~L4),2,REVIEW_BOUNDARY,1,일치,,
SC_V19136_B136_022,휴양림,명사,4,L2,단일일치,경계(L3~L4),3,PROVISIONAL_AUTO,0,충돌,,공식대조(충돌)
SC_V19136_B136_023,휴양소,명사,4,L2,단일일치,경계(L3~L4),3,PROVISIONAL_AUTO,0,충돌,,공식대조(충돌)
SC_V19136_B136_024,휴업,명사,3,L1,단일일치,경계(L1~L2),1,REVIEW_BOUNDARY,1,일치,,
SC_V19136_B136_025,휴직,명사,4,L2,단일일치,경계(L3~L4),3,PROVISIONAL_AUTO,0,충돌,,공식대조(충돌)
SC_V19136_B136_026,휴직하다,동사,4,L2,단일일치,경계(L3~L4),3,PROVISIONAL_AUTO,0,충돌,,공식대조(충돌)
SC_V19136_B136_033,흐느끼다,동사,3,L1,단일일치,경계(L1~L2),1,PROVISIONAL_AUTO,0,일치,,
SC_V19136_B136_034,흐지부지,부사,3,L1,단일일치,경계(L1~L2),1,PROVISIONAL_AUTO,0,일치,,
SC_V19136_B136_035,흑갈색,명사,4,L2,단일일치,경계(L3~L4),2,REVIEW_BOUNDARY,1,일치,,
SC_V19136_B136_036,흑설탕,명사,4,L2,단일일치,경계(L3~L4),3,PROVISIONAL_AUTO,0,충돌,,공식대조(충돌)
SC_V19136_B136_037,흔들의자,명사,3,L1,단일일치,경계(L1~L2),1,PROVISIONAL_AUTO,0,일치,,
SC_V19136_B136_038,흔쾌히,부사,3,L1,단일일치,경계(L1~L2),1,PROVISIONAL_AUTO,0,일치,,
SC_V19136_B136_039,흘겨보다,동사,3,L1,단일일치,경계(L1~L2),1,PROVISIONAL_AUTO,0,일치,,
SC_V19136_B136_040,흘기다,동사,4,L2,단일일치,경계(L3~L4),2,REVIEW_BOUNDARY,1,일치,,
SC_V19136_B136_044,흙담,명사,4,L2,단일일치,경계(L3~L4),2,REVIEW_BOUNDARY,1,일치,,
SC_V19136_B136_045,흙더미,명사,3,L1,단일일치,경계(L1~L2),1,PROVISIONAL_AUTO,0,일치,,
SC_V19136_B136_046,흙덩어리,명사,4,L2,단일일치,경계(L3~L4),2,REVIEW_BOUNDARY,1,일치,,
SC_V19136_B136_047,흙덩이,명사,4,L2,단일일치,경계(L3~L4),2,REVIEW_BOUNDARY,1,일치,,
SC_V19136_B136_048,흙먼지,명사,3,L1,단일일치,경계(L1~L2),1,PROVISIONAL_AUTO,0,일치,,
SC_V19136_B136_049,흙바닥,명사,3,L1,단일일치,경계(L1~L2),1,PROVISIONAL_AUTO,0,일치,,
SC_V19136_B136_050,흙집,명사,3,L1,단일일치,경계(L1~L2),1,PROVISIONAL_AUTO,0,일치,,
SC_V19137_B137_001,흙투성이,명사,3,L1,단일일치,경계(L1~L2),1,REVIEW_BOUNDARY,1,일치,,
SC_V19137_B137_003,흠집,명사,3,L1,단일일치,경계(L1~L2),1,PROVISIONAL_AUTO,0,일치,,
SC_V19137_B137_004,흠칫,부사,4,L2,단일일치,경계(L3~L4),2,REVIEW_BOUNDARY,1,일치,207(레벨보류),
SC_V19137_B137_005,흡사,부사,4,L2,단일일치,경계(L3~L4),3,PROVISIONAL_AUTO,0,충돌,,공식대조(충돌)
SC_V19137_B137_008,흡족하다,형용사,3,L1,단일일치,경계(L1~L2),1,PROVISIONAL_AUTO,0,일치,,
SC_V19137_B137_009,흥건하다,형용사,4,L2,단일일치,경계(L3~L4),3,PROVISIONAL_AUTO,0,충돌,,공식대조(충돌)
SC_V19137_B137_010,흥망,명사,4,L2,단일일치,경계(L3~L4),2,REVIEW_BOUNDARY,1,일치,,
SC_V19137_B137_011,흥하다,동사,3,L1,단일일치,경계(L1~L2),1,PROVISIONAL_AUTO,0,일치,,
SC_V19137_B137_012,흩날리다,동사,3,L1,단일일치,경계(L1~L2),1,PROVISIONAL_AUTO,0,일치,,
SC_V19137_B137_013,흩다,동사,4,L2,단일일치,경계(L3~L4),2,REVIEW_BOUNDARY,1,일치,,
SC_V19137_B137_014,희귀,명사,4,L2,단일일치,경계(L3~L4),2,REVIEW_BOUNDARY,1,일치,,
SC_V19137_B137_015,희귀종,명사,4,L2,단일일치,경계(L3~L4),2,REVIEW_BOUNDARY,1,일치,,
SC_V19137_B137_016,희귀하다,형용사,3,L1,단일일치,경계(L1~L2),1,PROVISIONAL_AUTO,0,일치,,
SC_V19137_B137_017,희망자,명사,3,L1,단일일치,경계(L1~L2),1,PROVISIONAL_AUTO,0,일치,,
SC_V19137_B137_018,희망차다,형용사,4,L2,단일일치,경계(L3~L4),2,REVIEW_BOUNDARY,1,일치,,
SC_V19137_B137_019,희뿌옇다,형용사,3,L1,단일일치,경계(L1~L2),1,PROVISIONAL_AUTO,0,일치,,
SC_V19137_B137_020,희석,명사,4,L2,단일일치,경계(L3~L4),3,PROVISIONAL_AUTO,0,충돌,,공식대조(충돌)
SC_V19137_B137_021,흰빛,명사,4,L2,단일일치,경계(L3~L4),2,REVIEW_BOUNDARY,1,일치,,
SC_V19137_B137_022,흰쌀,명사,4,L2,단일일치,경계(L3~L4),2,REVIEW_BOUNDARY,1,일치,,
SC_V19137_B137_023,흰옷,명사,4,L2,단일일치,경계(L3~L4),2,REVIEW_BOUNDARY,1,일치,,
SC_V19137_B137_024,히터,명사,3,L1,단일일치,경계(L1~L2),1,PROVISIONAL_AUTO,0,일치,,
SC_V19137_B137_030,힘닿다,동사,4,L2,단일일치,경계(L3~L4),2,REVIEW_BOUNDARY,1,일치,,
SC_V19137_B137_031,힘살,명사,4,L2,단일일치,경계(L3~L4),3,PROVISIONAL_AUTO,0,충돌,,공식대조(충돌)
SC_V19137_B137_032,힘자랑,명사,4,L2,단일일치,경계(L3~L4),2,REVIEW_BOUNDARY,1,일치,,
SC_V19137_B137_033,힘자랑하다,동사,4,L2,단일일치,경계(L3~L4),3,PROVISIONAL_AUTO,0,충돌,,공식대조(충돌)
SC_V19137_B137_034,힘줄,명사,4,L2,단일일치,경계(L3~L4),3,PROVISIONAL_AUTO,0,충돌,,공식대조(충돌)
SR_L4CORE_4813,착수,명사,5,경계(L3~L4),단일일치,제외(자동분류 범위 밖 - 수동 배치),4,REVIEW_BOUNDARY,1,경계(공식5등급),,
SR_L4CORE_4794,조치,명사,3,L1,단일일치,제외(자동분류 범위 밖 - 수동 배치),4,REVIEW_BOUNDARY,1,충돌,,공식대조(충돌)
SR_L4CORE_4812,집단,명사,2,L0,단일일치,제외(자동분류 범위 밖 - 수동 배치),4,REVIEW_BOUNDARY,1,충돌,,공식대조(충돌)
SR_L4CORE_4796,종속,명사,5,경계(L3~L4),단일일치,제외(자동분류 범위 밖 - 수동 배치),4,REVIEW_BOUNDARY,1,경계(공식5등급),,
SR_L4CORE_4787,정상,명사,다중,다중후보(L0이전참고/L1/경계(L3~L4)),다중후보,제외(자동분류 범위 밖 - 수동 배치),4,REVIEW_BOUNDARY,1,다중의미위험,78(뜻풀이위험),공식대조(다중의미위험)
SR_L4CORE_4827,합성,명사,3,L1,단일일치,제외(자동분류 범위 밖 - 수동 배치),4,REVIEW_BOUNDARY,1,충돌,,공식대조(충돌)
SR_L4CORE_4825,하위,명사,5,경계(L3~L4),단일일치,제외(자동분류 범위 밖 - 수동 배치),4,REVIEW_BOUNDARY,1,경계(공식5등급),,
SR_L4CORE_4801,중복,명사,4,L2,단일일치(동형이의있음·등급일치),제외(자동분류 범위 밖 - 수동 배치),4,REVIEW_BOUNDARY,1,충돌,,공식대조(충돌)
SR_L4CORE_4786,정기,명사,4,L2,단일일치(동형이의있음·등급일치),제외(자동분류 범위 밖 - 수동 배치),4,REVIEW_BOUNDARY,1,충돌,78(뜻풀이위험),공식대조(충돌)
SR_L4CORE_4767,유추,명사,5,경계(L3~L4),단일일치,제외(자동분류 범위 밖 - 수동 배치),4,REVIEW_BOUNDARY,1,경계(공식5등급),,
SR_L4CORE_4749,간과,명사,-,해당없음,매칭없음,제외(자동분류 범위 밖 - 수동 배치),4,REVIEW_BOUNDARY,1,공식근거없음(매칭없음),,
SR_L4CORE_4750,공간,명사,1,L0이전참고,단일일치,제외(자동분류 범위 밖 - 수동 배치),4,REVIEW_BOUNDARY,1,참고전용(학령전),,
SR_L4CORE_4751,기억,명사,1,L0이전참고,단일일치,제외(자동분류 범위 밖 - 수동 배치),4,REVIEW_BOUNDARY,1,참고전용(학령전),,
SR_L4CORE_4752,만족,명사,1,L0이전참고,단일일치,제외(자동분류 범위 밖 - 수동 배치),4,REVIEW_BOUNDARY,1,참고전용(학령전),,
SR_L4CORE_4753,문자,명사,2,L0,단일일치,제외(자동분류 범위 밖 - 수동 배치),4,REVIEW_BOUNDARY,1,충돌,,공식대조(충돌)
SR_L4CORE_4754,보수,명사,4,L2,단일일치(동형이의있음·등급일치),제외(자동분류 범위 밖 - 수동 배치),4,REVIEW_BOUNDARY,1,충돌,78(뜻풀이위험),공식대조(충돌)
SR_L4CORE_4755,불가피하다,형용사,4,L2,단일일치,제외(자동분류 범위 밖 - 수동 배치),4,REVIEW_BOUNDARY,1,충돌,,공식대조(충돌)
SR_L4CORE_4759,완료,명사,4,L2,단일일치,제외(자동분류 범위 밖 - 수동 배치),4,REVIEW_BOUNDARY,1,충돌,,공식대조(충돌)
SR_L4CORE_4760,요건,명사,4,L2,단일일치,제외(자동분류 범위 밖 - 수동 배치),4,REVIEW_BOUNDARY,1,충돌,,공식대조(충돌)
SR_L4CORE_4761,원천,명사,4,L2,단일일치,제외(자동분류 범위 밖 - 수동 배치),4,REVIEW_BOUNDARY,1,충돌,,공식대조(충돌)
SR_L4CORE_4762,유동,명사,-,해당없음,매칭없음,제외(자동분류 범위 밖 - 수동 배치),4,REVIEW_BOUNDARY,1,공식근거없음(매칭없음),,
SR_L4CORE_4765,유사,명사,-,해당없음,매칭없음,제외(자동분류 범위 밖 - 수동 배치),4,REVIEW_BOUNDARY,1,공식근거없음(매칭없음),,
SR_L4CORE_4773,인지,명사,다중,다중후보(L2/경계(L3~L4)),다중후보,제외(자동분류 범위 밖 - 수동 배치),4,REVIEW_BOUNDARY,1,다중의미위험,,공식대조(다중의미위험)
SR_L4CORE_4774,일관성,명사,4,L2,단일일치,제외(자동분류 범위 밖 - 수동 배치),4,REVIEW_BOUNDARY,1,충돌,,공식대조(충돌)
SR_L4CORE_4776,임의,명사,4,L2,단일일치,제외(자동분류 범위 밖 - 수동 배치),4,REVIEW_BOUNDARY,1,충돌,,공식대조(충돌)
SR_L4CORE_4778,자연적,"명사, 관형사",-,해당없음,표제어만일치,제외(자동분류 범위 밖 - 수동 배치),4,REVIEW_BOUNDARY,1,공식근거없음(표제어만일치),,
SR_L4CORE_4780,저하,명사,4,L2,단일일치,제외(자동분류 범위 밖 - 수동 배치),4,REVIEW_BOUNDARY,1,충돌,,공식대조(충돌)
SR_L4CORE_4782,적절,명사,-,해당없음,매칭없음,제외(자동분류 범위 밖 - 수동 배치),4,REVIEW_BOUNDARY,1,공식근거없음(매칭없음),,
SR_L4CORE_4784,점진,명사,5,경계(L3~L4),단일일치,제외(자동분류 범위 밖 - 수동 배치),4,REVIEW_BOUNDARY,1,경계(공식5등급),,
SR_L4CORE_4785,정교,명사,-,해당없음,매칭없음,제외(자동분류 범위 밖 - 수동 배치),4,REVIEW_BOUNDARY,1,공식근거없음(매칭없음),,
SR_L4CORE_4795,존중,명사,1,L0이전참고,단일일치,제외(자동분류 범위 밖 - 수동 배치),4,REVIEW_BOUNDARY,1,참고전용(학령전),,
SR_L4CORE_4799,준거,명사,5,경계(L3~L4),단일일치,제외(자동분류 범위 밖 - 수동 배치),4,REVIEW_BOUNDARY,1,경계(공식5등급),,
SR_L4CORE_4808,지향,명사,4,L2,단일일치,제외(자동분류 범위 밖 - 수동 배치),4,REVIEW_BOUNDARY,1,충돌,,공식대조(충돌)
SR_L4CORE_4810,직면,명사,5,경계(L3~L4),단일일치,제외(자동분류 범위 밖 - 수동 배치),4,REVIEW_BOUNDARY,1,경계(공식5등급),,
SR_L4CORE_4816,축적,명사,5,경계(L3~L4),단일일치,제외(자동분류 범위 밖 - 수동 배치),4,REVIEW_BOUNDARY,1,경계(공식5등급),,
SR_L4CORE_4823,필연,명사,5,경계(L3~L4),단일일치,제외(자동분류 범위 밖 - 수동 배치),4,REVIEW_BOUNDARY,1,경계(공식5등급),,
SR_L4CORE_6392,자기장,명사,4,L2,단일일치,제외(자동분류 범위 밖 - 수동 배치),4,REVIEW_BOUNDARY,1,충돌,,공식대조(충돌)
SR_L4CORE_6400,비열,명사,-,해당없음,매칭없음,제외(자동분류 범위 밖 - 수동 배치),4,REVIEW_BOUNDARY,1,공식근거없음(매칭없음),,
SR_L4CORE_6403,이동거리,명사,-,해당없음,매칭없음,제외(자동분류 범위 밖 - 수동 배치),4,REVIEW_BOUNDARY,1,공식근거없음(매칭없음),,
SR_L4CORE_6418,해류,명사,5,경계(L3~L4),단일일치,제외(자동분류 범위 밖 - 수동 배치),4,REVIEW_BOUNDARY,1,경계(공식5등급),,
SR_L4CORE_6426,기권의 층상구조,명사,-,해당없음,매칭없음,제외(자동분류 범위 밖 - 수동 배치),4,REVIEW_BOUNDARY,1,공식근거없음(매칭없음),,
SR_L4CORE_6460,세포분열,명사,-,해당없음,매칭없음,제외(자동분류 범위 밖 - 수동 배치),4,REVIEW_BOUNDARY,1,공식근거없음(매칭없음),,
SR_L4CORE_6476,순물질,명사,-,해당없음,매칭없음,제외(자동분류 범위 밖 - 수동 배치),4,REVIEW_BOUNDARY,1,공식근거없음(매칭없음),,
SR_L4CORE_5410,사회변동,명사,-,해당없음,매칭없음,제외(자동분류 범위 밖 - 수동 배치),4,REVIEW_BOUNDARY,1,공식근거없음(매칭없음),,
SR_L4CORE_5427,고원,명사,4,L2,단일일치,제외(자동분류 범위 밖 - 수동 배치),4,REVIEW_BOUNDARY,1,충돌,,공식대조(충돌)
SR_L4CORE_5431,곶,명사,5,경계(L3~L4),단일일치,제외(자동분류 범위 밖 - 수동 배치),4,REVIEW_BOUNDARY,1,경계(공식5등급),,
SR_L4CORE_5488,대통령,명사,1,L0이전참고,단일일치,제외(자동분류 범위 밖 - 수동 배치),4,REVIEW_BOUNDARY,1,참고전용(학령전),,
SR_L4CORE_5495,사법권,명사,5,경계(L3~L4),단일일치,제외(자동분류 범위 밖 - 수동 배치),4,REVIEW_BOUNDARY,1,경계(공식5등급),,
SR_L4CORE_5518,균형 가격,명사,-,해당없음,매칭없음,제외(자동분류 범위 밖 - 수동 배치),4,REVIEW_BOUNDARY,1,공식근거없음(매칭없음),,
SR_L5CORE_4868,대등,명사,5,경계(L3~L4),단일일치,제외(자동분류 범위 밖 - 수동 배치),5,REVIEW_BOUNDARY,1,경계(공식5등급),,
SR_L5CORE_4920,사후,명사,다중,다중후보(L2/경계(L3~L4)),다중후보,제외(자동분류 범위 밖 - 수동 배치),5,REVIEW_BOUNDARY,1,다중의미위험,,공식대조(다중의미위험)
SR_L5CORE_4904,본론,명사,3,L1,단일일치,제외(자동분류 범위 밖 - 수동 배치),5,REVIEW_BOUNDARY,1,충돌,,공식대조(충돌)
SR_L5CORE_4859,논술,명사,5,경계(L3~L4),단일일치,제외(자동분류 범위 밖 - 수동 배치),5,REVIEW_BOUNDARY,1,경계(공식5등급),,
SR_L5CORE_4906,부가,명사,5,경계(L3~L4),단일일치,제외(자동분류 범위 밖 - 수동 배치),5,REVIEW_BOUNDARY,1,경계(공식5등급),,
SR_L5CORE_4934,성향,명사,4,L2,단일일치,제외(자동분류 범위 밖 - 수동 배치),5,REVIEW_BOUNDARY,1,충돌,,공식대조(충돌)
SR_L5CORE_4834,가변,명사,-,해당없음,매칭없음,제외(자동분류 범위 밖 - 수동 배치),5,REVIEW_BOUNDARY,1,공식근거없음(매칭없음),,
SR_L5CORE_4835,가치관,명사,4,L2,단일일치,제외(자동분류 범위 밖 - 수동 배치),5,REVIEW_BOUNDARY,1,충돌,,공식대조(충돌)
SR_L5CORE_4836,간략,명사,-,해당없음,매칭없음,제외(자동분류 범위 밖 - 수동 배치),5,REVIEW_BOUNDARY,1,공식근거없음(매칭없음),,
SR_L5CORE_4837,감안,명사,-,해당없음,매칭없음,제외(자동분류 범위 밖 - 수동 배치),5,REVIEW_BOUNDARY,1,공식근거없음(매칭없음),,
SR_L5CORE_4838,개관,명사,5,경계(L3~L4),단일일치(동형이의있음·등급일치),제외(자동분류 범위 밖 - 수동 배치),5,REVIEW_BOUNDARY,1,경계(공식5등급),,
SR_L5CORE_4839,개괄,명사,-,해당없음,매칭없음,제외(자동분류 범위 밖 - 수동 배치),5,REVIEW_BOUNDARY,1,공식근거없음(매칭없음),,
SR_L5CORE_4840,거시,명사,-,해당없음,매칭없음,제외(자동분류 범위 밖 - 수동 배치),5,REVIEW_BOUNDARY,1,공식근거없음(매칭없음),,
SR_L5CORE_4843,계승,명사,3,L1,단일일치,제외(자동분류 범위 밖 - 수동 배치),5,REVIEW_BOUNDARY,1,충돌,,공식대조(충돌)
SR_L5CORE_4844,계통,명사,4,L2,단일일치,제외(자동분류 범위 밖 - 수동 배치),5,REVIEW_BOUNDARY,1,충돌,,공식대조(충돌)
SR_L5CORE_4845,광범위,명사,-,해당없음,매칭없음,제외(자동분류 범위 밖 - 수동 배치),5,REVIEW_BOUNDARY,1,공식근거없음(매칭없음),,
SR_L5CORE_4846,구축,명사,다중,다중후보(L2/경계(L3~L4)),다중후보,제외(자동분류 범위 밖 - 수동 배치),5,REVIEW_BOUNDARY,1,다중의미위험,,공식대조(다중의미위험)
SR_L5CORE_4847,구현,명사,4,L2,단일일치,제외(자동분류 범위 밖 - 수동 배치),5,REVIEW_BOUNDARY,1,충돌,,공식대조(충돌)
SR_L5CORE_4848,국면,명사,5,경계(L3~L4),단일일치,제외(자동분류 범위 밖 - 수동 배치),5,REVIEW_BOUNDARY,1,경계(공식5등급),,
SR_L5CORE_4849,급진,명사,-,해당없음,매칭없음,제외(자동분류 범위 밖 - 수동 배치),5,REVIEW_BOUNDARY,1,공식근거없음(매칭없음),,
SR_L5CORE_4854,난점,명사,5,경계(L3~L4),단일일치,제외(자동분류 범위 밖 - 수동 배치),5,REVIEW_BOUNDARY,1,경계(공식5등급),,
SR_L5CORE_4856,내재,명사,-,해당없음,매칭없음,제외(자동분류 범위 밖 - 수동 배치),5,REVIEW_BOUNDARY,1,공식근거없음(매칭없음),,
SR_L5CORE_4857,논거,명사,5,경계(L3~L4),단일일치,제외(자동분류 범위 밖 - 수동 배치),5,REVIEW_BOUNDARY,1,경계(공식5등급),,
SR_L5CORE_4858,논리적,명사,4,L2,단일일치,제외(자동분류 범위 밖 - 수동 배치),5,REVIEW_BOUNDARY,1,충돌,,공식대조(충돌)
SR_L5CORE_6494,연약권,명사,-,해당없음,매칭없음,제외(자동분류 범위 밖 - 수동 배치),5,REVIEW_BOUNDARY,1,공식근거없음(매칭없음),,
SR_L5CORE_6495,맨틀,명사,-,해당없음,매칭없음,제외(자동분류 범위 밖 - 수동 배치),5,REVIEW_BOUNDARY,1,공식근거없음(매칭없음),,
SR_L5CORE_6498,발산형 경계,명사,-,해당없음,매칭없음,제외(자동분류 범위 밖 - 수동 배치),5,REVIEW_BOUNDARY,1,공식근거없음(매칭없음),,
SR_L5CORE_6499,해령,명사,-,해당없음,매칭없음,제외(자동분류 범위 밖 - 수동 배치),5,REVIEW_BOUNDARY,1,공식근거없음(매칭없음),,
SR_L5CORE_6500,열곡,명사,-,해당없음,매칭없음,제외(자동분류 범위 밖 - 수동 배치),5,REVIEW_BOUNDARY,1,공식근거없음(매칭없음),,
SR_L5CORE_6501,수렴형 경계,명사,-,해당없음,매칭없음,제외(자동분류 범위 밖 - 수동 배치),5,REVIEW_BOUNDARY,1,공식근거없음(매칭없음),,
SR_L5CORE_6502,해구,명사,-,해당없음,매칭없음,제외(자동분류 범위 밖 - 수동 배치),5,REVIEW_BOUNDARY,1,공식근거없음(매칭없음),,
SR_L5CORE_6508,열점,명사,-,해당없음,매칭없음,제외(자동분류 범위 밖 - 수동 배치),5,REVIEW_BOUNDARY,1,공식근거없음(매칭없음),,
SR_L5CORE_6509,광물,명사,3,L1,단일일치,제외(자동분류 범위 밖 - 수동 배치),5,REVIEW_BOUNDARY,1,충돌,,공식대조(충돌)
SR_L5CORE_6510,결정형,명사,-,해당없음,매칭없음,제외(자동분류 범위 밖 - 수동 배치),5,REVIEW_BOUNDARY,1,공식근거없음(매칭없음),,
SR_L5CORE_6513,쪼개짐,명사,-,해당없음,매칭없음,제외(자동분류 범위 밖 - 수동 배치),5,REVIEW_BOUNDARY,1,공식근거없음(매칭없음),,
SR_L5CORE_6514,깨짐,명사,-,해당없음,매칭없음,제외(자동분류 범위 밖 - 수동 배치),5,REVIEW_BOUNDARY,1,공식근거없음(매칭없음),,
SR_L5CORE_5531,사회구조,명사,-,해당없음,매칭없음,제외(자동분류 범위 밖 - 수동 배치),5,REVIEW_BOUNDARY,1,공식근거없음(매칭없음),,
SR_L5CORE_5532,사회제도,명사,-,해당없음,매칭없음,제외(자동분류 범위 밖 - 수동 배치),5,REVIEW_BOUNDARY,1,공식근거없음(매칭없음),,
SR_L5CORE_5536,정주환경,명사,-,해당없음,매칭없음,제외(자동분류 범위 밖 - 수동 배치),5,REVIEW_BOUNDARY,1,공식근거없음(매칭없음),,
SR_L5CORE_5542,인간중심주의 자연관,명사,-,해당없음,매칭없음,제외(자동분류 범위 밖 - 수동 배치),5,REVIEW_BOUNDARY,1,공식근거없음(매칭없음),,
SR_L5CORE_5543,생태중심주의 자연관,명사,-,해당없음,매칭없음,제외(자동분류 범위 밖 - 수동 배치),5,REVIEW_BOUNDARY,1,공식근거없음(매칭없음),,
SR_L5CORE_5546,생태도시,명사,-,해당없음,매칭없음,제외(자동분류 범위 밖 - 수동 배치),5,REVIEW_BOUNDARY,1,공식근거없음(매칭없음),,
SR_L5CORE_5547,슬로시티,명사,-,해당없음,매칭없음,제외(자동분류 범위 밖 - 수동 배치),5,REVIEW_BOUNDARY,1,공식근거없음(매칭없음),,
SR_L5CORE_5550,녹색소비,명사,-,해당없음,매칭없음,제외(자동분류 범위 밖 - 수동 배치),5,REVIEW_BOUNDARY,1,공식근거없음(매칭없음),,
SR_L5CORE_5551,도시화,명사,4,L2,단일일치,제외(자동분류 범위 밖 - 수동 배치),5,REVIEW_BOUNDARY,1,충돌,,공식대조(충돌)
SR_L5CORE_5552,교외화,명사,-,해당없음,매칭없음,제외(자동분류 범위 밖 - 수동 배치),5,REVIEW_BOUNDARY,1,공식근거없음(매칭없음),,
SR_L5CORE_5553,도시문제,명사,-,해당없음,매칭없음,제외(자동분류 범위 밖 - 수동 배치),5,REVIEW_BOUNDARY,1,공식근거없음(매칭없음),,
SR_L5CORE_5554,인구공동화,명사,-,해당없음,매칭없음,제외(자동분류 범위 밖 - 수동 배치),5,REVIEW_BOUNDARY,1,공식근거없음(매칭없음),,
SR_L6CORE_6018,죄형법정주의,명사,-,해당없음,매칭없음,제외(자동분류 범위 밖 - 수동 배치),6,REVIEW_BOUNDARY,1,공식근거없음(매칭없음),,
SR_L6CORE_6019,범죄,명사,2,L0,단일일치,제외(자동분류 범위 밖 - 수동 배치),6,REVIEW_BOUNDARY,1,충돌,,공식대조(충돌)
SR_L6CORE_6021,형벌,명사,3,L1,단일일치,제외(자동분류 범위 밖 - 수동 배치),6,REVIEW_BOUNDARY,1,충돌,,공식대조(충돌)
SR_L6CORE_6030,적법절차의 원칙,명사,-,해당없음,매칭없음,제외(자동분류 범위 밖 - 수동 배치),6,REVIEW_BOUNDARY,1,공식근거없음(매칭없음),,
SR_L6CORE_6031,무죄추정의 원칙,명사,-,해당없음,매칭없음,제외(자동분류 범위 밖 - 수동 배치),6,REVIEW_BOUNDARY,1,공식근거없음(매칭없음),,
SR_L6CORE_6036,실체법,명사,-,해당없음,매칭없음,제외(자동분류 범위 밖 - 수동 배치),6,REVIEW_BOUNDARY,1,공식근거없음(매칭없음),,
SR_L6CORE_6037,절차법,명사,-,해당없음,매칭없음,제외(자동분류 범위 밖 - 수동 배치),6,REVIEW_BOUNDARY,1,공식근거없음(매칭없음),,
SR_L6CORE_6038,일반법,명사,-,해당없음,매칭없음,제외(자동분류 범위 밖 - 수동 배치),6,REVIEW_BOUNDARY,1,공식근거없음(매칭없음),,
SR_L6CORE_6039,특별법,명사,4,L2,단일일치,제외(자동분류 범위 밖 - 수동 배치),6,REVIEW_BOUNDARY,1,충돌,,공식대조(충돌)
SR_L6CORE_6040,노동법,명사,5,경계(L3~L4),단일일치,제외(자동분류 범위 밖 - 수동 배치),6,REVIEW_BOUNDARY,1,경계(공식5등급),,
SR_L6CORE_6041,사회보장법,명사,-,해당없음,매칭없음,제외(자동분류 범위 밖 - 수동 배치),6,REVIEW_BOUNDARY,1,공식근거없음(매칭없음),,
SR_L6CORE_6042,경제법,명사,5,경계(L3~L4),단일일치,제외(자동분류 범위 밖 - 수동 배치),6,REVIEW_BOUNDARY,1,경계(공식5등급),,
SR_L6CORE_6043,행정법,명사,5,경계(L3~L4),단일일치,제외(자동분류 범위 밖 - 수동 배치),6,REVIEW_BOUNDARY,1,경계(공식5등급),,
SR_L6CORE_4942,아이디어,명사,2,L0,단일일치,제외(자동분류 범위 밖 - 수동 배치),6,REVIEW_BOUNDARY,1,충돌,,공식대조(충돌)
SR_L6CORE_4943,야기,명사,-,해당없음,매칭없음,제외(자동분류 범위 밖 - 수동 배치),6,REVIEW_BOUNDARY,1,공식근거없음(매칭없음),,
SR_L6CORE_4944,엄밀,명사,-,해당없음,매칭없음,제외(자동분류 범위 밖 - 수동 배치),6,REVIEW_BOUNDARY,1,공식근거없음(매칭없음),,
SR_L6CORE_4945,오류,명사,2,L0,단일일치,제외(자동분류 범위 밖 - 수동 배치),6,REVIEW_BOUNDARY,1,충돌,,공식대조(충돌)
SR_L6CORE_4946,완결,명사,5,경계(L3~L4),단일일치,제외(자동분류 범위 밖 - 수동 배치),6,REVIEW_BOUNDARY,1,경계(공식5등급),,
SR_L6CORE_4947,왜곡,명사,4,L2,단일일치,제외(자동분류 범위 밖 - 수동 배치),6,REVIEW_BOUNDARY,1,충돌,,공식대조(충돌)
SR_L6CORE_4948,용이,명사,-,해당없음,매칭없음,제외(자동분류 범위 밖 - 수동 배치),6,REVIEW_BOUNDARY,1,공식근거없음(매칭없음),,
SR_L6CORE_4950,운용,명사,5,경계(L3~L4),단일일치,제외(자동분류 범위 밖 - 수동 배치),6,REVIEW_BOUNDARY,1,경계(공식5등급),,
SR_L6CORE_4951,위계,명사,-,해당없음,매칭없음,제외(자동분류 범위 밖 - 수동 배치),6,REVIEW_BOUNDARY,1,공식근거없음(매칭없음),,
SR_L6CORE_4953,의지,명사,다중,다중후보(L0/경계(L3~L4)),다중후보,제외(자동분류 범위 밖 - 수동 배치),6,REVIEW_BOUNDARY,1,다중의미위험,,공식대조(다중의미위험)
SR_L6CORE_4955,일괄,명사,5,경계(L3~L4),단일일치,제외(자동분류 범위 밖 - 수동 배치),6,REVIEW_BOUNDARY,1,경계(공식5등급),,
SR_L6CORE_4956,자발적,명사,2,L0,단일일치,제외(자동분류 범위 밖 - 수동 배치),6,REVIEW_BOUNDARY,1,충돌,,공식대조(충돌)
SR_L6CORE_4957,자아,명사,4,L2,단일일치,제외(자동분류 범위 밖 - 수동 배치),6,REVIEW_BOUNDARY,1,충돌,,공식대조(충돌)
SR_L6CORE_4958,잠정,명사,5,경계(L3~L4),단일일치,제외(자동분류 범위 밖 - 수동 배치),6,REVIEW_BOUNDARY,1,경계(공식5등급),,
SR_L6CORE_4960,전이,명사,5,경계(L3~L4),단일일치,제외(자동분류 범위 밖 - 수동 배치),6,REVIEW_BOUNDARY,1,경계(공식5등급),,
SR_L6CORE_4961,전제,명사,5,경계(L3~L4),단일일치,제외(자동분류 범위 밖 - 수동 배치),6,REVIEW_BOUNDARY,1,경계(공식5등급),,
SR_L6CORE_4962,전형적,명사,3,L1,단일일치,제외(자동분류 범위 밖 - 수동 배치),6,REVIEW_BOUNDARY,1,충돌,,공식대조(충돌)
SR_L6CORE_4964,창출,명사,4,L2,단일일치,제외(자동분류 범위 밖 - 수동 배치),6,REVIEW_BOUNDARY,1,충돌,,공식대조(충돌)
SR_L6CORE_4965,체재,명사,5,경계(L3~L4),단일일치,제외(자동분류 범위 밖 - 수동 배치),6,REVIEW_BOUNDARY,1,경계(공식5등급),,
SR_L6CORE_4966,총합,명사,4,L2,단일일치,제외(자동분류 범위 밖 - 수동 배치),6,REVIEW_BOUNDARY,1,충돌,,공식대조(충돌)
SR_L6CORE_4967,추진,명사,4,L2,단일일치,제외(자동분류 범위 밖 - 수동 배치),6,REVIEW_BOUNDARY,1,충돌,,공식대조(충돌)
SR_L6CORE_4968,취하,명사,-,해당없음,매칭없음,제외(자동분류 범위 밖 - 수동 배치),6,REVIEW_BOUNDARY,1,공식근거없음(매칭없음),,
SR_L6CORE_4969,타당성,명사,4,L2,단일일치,제외(자동분류 범위 밖 - 수동 배치),6,REVIEW_BOUNDARY,1,충돌,,공식대조(충돌)
SR_L6CORE_4970,탈피,명사,4,L2,단일일치,제외(자동분류 범위 밖 - 수동 배치),6,REVIEW_BOUNDARY,1,충돌,,공식대조(충돌)
SR_L6CORE_4972,합리적,명사,5,경계(L3~L4),단일일치,제외(자동분류 범위 밖 - 수동 배치),6,REVIEW_BOUNDARY,1,경계(공식5등급),,
SR_L6CORE_4973,개략,명사,-,해당없음,매칭없음,제외(자동분류 범위 밖 - 수동 배치),6,REVIEW_BOUNDARY,1,공식근거없음(매칭없음),,
SR_L6CORE_4975,개진,명사,-,해당없음,매칭없음,제외(자동분류 범위 밖 - 수동 배치),6,REVIEW_BOUNDARY,1,공식근거없음(매칭없음),,
SR_L6CORE_4978,객체,명사,-,해당없음,매칭없음,제외(자동분류 범위 밖 - 수동 배치),6,REVIEW_BOUNDARY,1,공식근거없음(매칭없음),,
SR_L6CORE_4979,견지,명사,-,해당없음,매칭없음,제외(자동분류 범위 밖 - 수동 배치),6,REVIEW_BOUNDARY,1,공식근거없음(매칭없음),,
SR_L6CORE_4980,결속,명사,5,경계(L3~L4),단일일치,제외(자동분류 범위 밖 - 수동 배치),6,REVIEW_BOUNDARY,1,경계(공식5등급),,
SR_L6CORE_4981,결여,명사,5,경계(L3~L4),단일일치,제외(자동분류 범위 밖 - 수동 배치),6,REVIEW_BOUNDARY,1,경계(공식5등급),,
SR_L6CORE_4984,관통,명사,5,경계(L3~L4),단일일치,제외(자동분류 범위 밖 - 수동 배치),6,REVIEW_BOUNDARY,1,경계(공식5등급),,
SR_L6CORE_4985,궁극,명사,4,L2,단일일치,제외(자동분류 범위 밖 - 수동 배치),6,REVIEW_BOUNDARY,1,충돌,,공식대조(충돌)
SR_L6CORE_4986,극단,명사,다중,다중후보(L2/경계(L3~L4)),다중후보,제외(자동분류 범위 밖 - 수동 배치),6,REVIEW_BOUNDARY,1,다중의미위험,,공식대조(다중의미위험)
SR_L6CORE_4987,극대,명사,5,경계(L3~L4),단일일치,제외(자동분류 범위 밖 - 수동 배치),6,REVIEW_BOUNDARY,1,경계(공식5등급),,
SR_L6CORE_4988,기각,명사,5,경계(L3~L4),단일일치,제외(자동분류 범위 밖 - 수동 배치),6,REVIEW_BOUNDARY,1,경계(공식5등급),,
SR_L6CORE_4989,기인,명사,5,경계(L3~L4),단일일치,제외(자동분류 범위 밖 - 수동 배치),6,REVIEW_BOUNDARY,1,경계(공식5등급),,
SR_L6COREV2_4959,전면,명사,다중,다중후보(L2/경계(L3~L4)),다중후보,제외(자동분류 범위 밖 - 수동 배치),6,REVIEW_BOUNDARY,1,다중의미위험,,공식대조(다중의미위험)
SR_L6COREV2_4971,통찰,명사,4,L2,단일일치,제외(자동분류 범위 밖 - 수동 배치),6,REVIEW_BOUNDARY,1,충돌,,공식대조(충돌)
SR_L6COREV2_4976,객관성,명사,5,경계(L3~L4),단일일치,제외(자동분류 범위 밖 - 수동 배치),6,REVIEW_BOUNDARY,1,경계(공식5등급),,
SR_L6COREV2_4977,객관적,명사,4,L2,단일일치,제외(자동분류 범위 밖 - 수동 배치),6,REVIEW_BOUNDARY,1,충돌,,공식대조(충돌)
SR_L6COREV2_4982,고찰,명사,5,경계(L3~L4),단일일치,제외(자동분류 범위 밖 - 수동 배치),6,REVIEW_BOUNDARY,1,경계(공식5등급),,
SR_L6COREV2_4990,기호성,명사,-,해당없음,매칭없음,제외(자동분류 범위 밖 - 수동 배치),6,REVIEW_BOUNDARY,1,공식근거없음(매칭없음),,
SR_L6COREV2_4992,논증,명사,5,경계(L3~L4),단일일치,제외(자동분류 범위 밖 - 수동 배치),6,REVIEW_BOUNDARY,1,경계(공식5등급),,
SR_L6COREV2_4993,논지,명사,5,경계(L3~L4),단일일치,제외(자동분류 범위 밖 - 수동 배치),6,REVIEW_BOUNDARY,1,경계(공식5등급),,
SR_L6COREV2_4994,논하다,동사,4,L2,단일일치,제외(자동분류 범위 밖 - 수동 배치),6,REVIEW_BOUNDARY,1,충돌,,공식대조(충돌)
SR_L6COREV2_4996,명확성,명사,5,경계(L3~L4),단일일치,제외(자동분류 범위 밖 - 수동 배치),6,REVIEW_BOUNDARY,1,경계(공식5등급),,
SR_L6COREV2_4997,반문,명사,4,L2,단일일치,제외(자동분류 범위 밖 - 수동 배치),6,REVIEW_BOUNDARY,1,충돌,,공식대조(충돌)
SR_L6COREV2_4998,배타,명사,-,해당없음,매칭없음,제외(자동분류 범위 밖 - 수동 배치),6,REVIEW_BOUNDARY,1,공식근거없음(매칭없음),,
SR_L6COREV2_4999,범주,명사,5,경계(L3~L4),단일일치,제외(자동분류 범위 밖 - 수동 배치),6,REVIEW_BOUNDARY,1,경계(공식5등급),,
SR_L6COREV2_5000,법칙,명사,2,L0,단일일치,제외(자동분류 범위 밖 - 수동 배치),6,REVIEW_BOUNDARY,1,충돌,,공식대조(충돌)
SR_L6COREV2_5001,분절성,명사,-,해당없음,매칭없음,제외(자동분류 범위 밖 - 수동 배치),6,REVIEW_BOUNDARY,1,공식근거없음(매칭없음),,
SR_L6COREV2_5003,실재,명사,5,경계(L3~L4),단일일치,제외(자동분류 범위 밖 - 수동 배치),6,REVIEW_BOUNDARY,1,경계(공식5등급),,
SR_L6COREV2_5004,실증,명사,-,해당없음,매칭없음,제외(자동분류 범위 밖 - 수동 배치),6,REVIEW_BOUNDARY,1,공식근거없음(매칭없음),,
SR_L6COREV2_5005,실질,명사,4,L2,단일일치,제외(자동분류 범위 밖 - 수동 배치),6,REVIEW_BOUNDARY,1,충돌,,공식대조(충돌)
SR_L6COREV2_5006,심층,명사,4,L2,단일일치,제외(자동분류 범위 밖 - 수동 배치),6,REVIEW_BOUNDARY,1,충돌,,공식대조(충돌)
SR_L6COREV2_5007,아래,명사,1,L0이전참고,단일일치,제외(자동분류 범위 밖 - 수동 배치),6,REVIEW_BOUNDARY,1,참고전용(학령전),,
SR_L6COREV2_5008,암시,명사,5,경계(L3~L4),단일일치,제외(자동분류 범위 밖 - 수동 배치),6,REVIEW_BOUNDARY,1,경계(공식5등급),,
SR_L6COREV2_5010,양극화,명사,-,해당없음,매칭없음,제외(자동분류 범위 밖 - 수동 배치),6,REVIEW_BOUNDARY,1,공식근거없음(매칭없음),,
SR_L6COREV2_5011,양상,명사,5,경계(L3~L4),단일일치,제외(자동분류 범위 밖 - 수동 배치),6,REVIEW_BOUNDARY,1,경계(공식5등급),,
SR_L6COREV2_5012,언급,명사,4,L2,단일일치,제외(자동분류 범위 밖 - 수동 배치),6,REVIEW_BOUNDARY,1,충돌,,공식대조(충돌)
SR_L6COREV2_5014,역점,명사,5,경계(L3~L4),단일일치,제외(자동분류 범위 밖 - 수동 배치),6,REVIEW_BOUNDARY,1,경계(공식5등급),,
SR_L6COREV2_5015,연쇄,명사,5,경계(L3~L4),단일일치,제외(자동분류 범위 밖 - 수동 배치),6,REVIEW_BOUNDARY,1,경계(공식5등급),,
SR_L6COREV2_5016,여지,의존명사,5,경계(L3~L4),단일일치,제외(자동분류 범위 밖 - 수동 배치),6,REVIEW_BOUNDARY,1,경계(공식5등급),,
SR_L6COREV2_5020,이룩,명사,-,해당없음,매칭없음,제외(자동분류 범위 밖 - 수동 배치),6,REVIEW_BOUNDARY,1,공식근거없음(매칭없음),,
SR_L6COREV2_5021,이면,명사,4,L2,단일일치,제외(자동분류 범위 밖 - 수동 배치),6,REVIEW_BOUNDARY,1,충돌,,공식대조(충돌)
SR_L6COREV2_5023,이상하다,형용사,1,L0이전참고,단일일치,제외(자동분류 범위 밖 - 수동 배치),6,REVIEW_BOUNDARY,1,참고전용(학령전),,
SR_L6COREV2_5025,입각,명사,5,경계(L3~L4),단일일치,제외(자동분류 범위 밖 - 수동 배치),6,REVIEW_BOUNDARY,1,경계(공식5등급),,
SR_L6COREV2_5026,패러다임,명사,-,해당없음,매칭없음,제외(자동분류 범위 밖 - 수동 배치),6,REVIEW_BOUNDARY,1,공식근거없음(매칭없음),,
SR_L6EVIDENCEV1_5881,공권력,,-,해당없음,표제어만일치,제외(자동분류 범위 밖 - 수동 배치),6,REVIEW_BOUNDARY,1,공식근거없음(표제어만일치),,
SR_L6EVIDENCEV1_5980,엽관제도,,-,해당없음,매칭없음,제외(자동분류 범위 밖 - 수동 배치),6,REVIEW_BOUNDARY,1,공식근거없음(매칭없음),,
SR_L6EVIDENCEV1_6881,생명의 기원과 종의 진화,,-,해당없음,매칭없음,제외(자동분류 범위 밖 - 수동 배치),6,REVIEW_BOUNDARY,1,공식근거없음(매칭없음),,
SR_L6EVIDENCEV1_5924,정치의 의미,,-,해당없음,매칭없음,제외(자동분류 범위 밖 - 수동 배치),6,REVIEW_BOUNDARY,1,공식근거없음(매칭없음),,
SR_L6EVIDENCEV1_5945,탄핵소추,,-,해당없음,매칭없음,제외(자동분류 범위 밖 - 수동 배치),6,REVIEW_BOUNDARY,1,공식근거없음(매칭없음),,
SR_L6EVIDENCEV1_7025,전도성과 반도체,,-,해당없음,매칭없음,제외(자동분류 범위 밖 - 수동 배치),6,REVIEW_BOUNDARY,1,공식근거없음(매칭없음),,
SR_L6EVIDENCEV1_7045,강유전체,,-,해당없음,매칭없음,제외(자동분류 범위 밖 - 수동 배치),6,REVIEW_BOUNDARY,1,공식근거없음(매칭없음),,
SR_L6EVIDENCEV1_6832,면역,,-,해당없음,표제어만일치,제외(자동분류 범위 밖 - 수동 배치),6,REVIEW_BOUNDARY,1,공식근거없음(표제어만일치),,
SR_L6EVIDENCEV1_6851,백신,,-,해당없음,표제어만일치,제외(자동분류 범위 밖 - 수동 배치),6,REVIEW_BOUNDARY,1,공식근거없음(표제어만일치),,
SR_L6EVIDENCEV1_6990,양자,,-,해당없음,표제어만일치,제외(자동분류 범위 밖 - 수동 배치),6,REVIEW_BOUNDARY,1,공식근거없음(표제어만일치),,
SR_L6EVIDENCEV1_7009,양자 컴퓨터,,-,해당없음,매칭없음,제외(자동분류 범위 밖 - 수동 배치),6,REVIEW_BOUNDARY,1,공식근거없음(매칭없음),,
SR_L6EVIDENCEV1_5747,합리성,,-,해당없음,표제어만일치,제외(자동분류 범위 밖 - 수동 배치),6,REVIEW_BOUNDARY,1,공식근거없음(표제어만일치),,
SR_L6EVIDENCEV1_5766,소득탄력성,,-,해당없음,매칭없음,제외(자동분류 범위 밖 - 수동 배치),6,REVIEW_BOUNDARY,1,공식근거없음(매칭없음),,
SR_L6EVIDENCEV1_5844,환율의 경기자동조절기능,,-,해당없음,매칭없음,제외(자동분류 범위 밖 - 수동 배치),6,REVIEW_BOUNDARY,1,공식근거없음(매칭없음),,
SR_L6EVIDENCEV1_6799,항성,,-,해당없음,표제어만일치,제외(자동분류 범위 밖 - 수동 배치),6,REVIEW_BOUNDARY,1,공식근거없음(표제어만일치),,
SR_L6EVIDENCEV1_6816,지구중심설(천동설),,-,해당없음,매칭없음,제외(자동분류 범위 밖 - 수동 배치),6,REVIEW_BOUNDARY,1,공식근거없음(매칭없음),,
SR_L6EVIDENCEV1_6863,줄기세포 연구,,-,해당없음,매칭없음,제외(자동분류 범위 밖 - 수동 배치),6,REVIEW_BOUNDARY,1,공식근거없음(매칭없음),,
SR_L6EVIDENCEV1_6880,단일클론항체,,-,해당없음,매칭없음,제외(자동분류 범위 밖 - 수동 배치),6,REVIEW_BOUNDARY,1,공식근거없음(매칭없음),,
SR_L6EVIDENCEV1_6784,지구공전궤도의 이심률변화,,-,해당없음,매칭없음,제외(자동분류 범위 밖 - 수동 배치),6,REVIEW_BOUNDARY,1,공식근거없음(매칭없음),,
SR_L6EVIDENCEV1_6938,모세관 현상,,-,해당없음,매칭없음,제외(자동분류 범위 밖 - 수동 배치),6,REVIEW_BOUNDARY,1,공식근거없음(매칭없음),,
SR_L6EVIDENCEV1_7017,열적 평형,,-,해당없음,매칭없음,제외(자동분류 범위 밖 - 수동 배치),6,REVIEW_BOUNDARY,1,공식근거없음(매칭없음),,
SR_L6EVIDENCEV1_5825,스놉효과,,-,해당없음,매칭없음,제외(자동분류 범위 밖 - 수동 배치),6,REVIEW_BOUNDARY,1,공식근거없음(매칭없음),,
SR_L6EVIDENCEV1_6777,연안쇄파,,-,해당없음,매칭없음,제외(자동분류 범위 밖 - 수동 배치),6,REVIEW_BOUNDARY,1,공식근거없음(매칭없음),,
SR_L6EVIDENCEV1_5775,기펜재,,-,해당없음,매칭없음,제외(자동분류 범위 밖 - 수동 배치),6,REVIEW_BOUNDARY,1,공식근거없음(매칭없음),,
SR_L6EVIDENCEV1_7053,형광 단백질,,-,해당없음,매칭없음,제외(자동분류 범위 밖 - 수동 배치),6,REVIEW_BOUNDARY,1,공식근거없음(매칭없음),,
SR_L6EVIDENCEV1_6763,포화수증기압,,-,해당없음,매칭없음,제외(자동분류 범위 밖 - 수동 배치),6,REVIEW_BOUNDARY,1,공식근거없음(매칭없음),,
SR_L6EVIDENCEV1_6918,이상 기체,,-,해당없음,매칭없음,제외(자동분류 범위 밖 - 수동 배치),6,REVIEW_BOUNDARY,1,공식근거없음(매칭없음),,
SR_L6EVIDENCEV1_5839,파생통화,,-,해당없음,매칭없음,제외(자동분류 범위 밖 - 수동 배치),6,REVIEW_BOUNDARY,1,공식근거없음(매칭없음),,
SR_L6EVIDENCEV1_5786,직접세,,-,해당없음,표제어만일치,제외(자동분류 범위 밖 - 수동 배치),6,REVIEW_BOUNDARY,1,공식근거없음(표제어만일치),,
SR_L6EVIDENCEV1_5876,실질적평등,,-,해당없음,매칭없음,제외(자동분류 범위 밖 - 수동 배치),6,REVIEW_BOUNDARY,1,공식근거없음(매칭없음),,
SR_L6EVIDENCEV1_6956,가역 반응,,-,해당없음,매칭없음,제외(자동분류 범위 밖 - 수동 배치),6,REVIEW_BOUNDARY,1,공식근거없음(매칭없음),,
SR_L6EVIDENCEV1_5796,국민총소득,,-,해당없음,매칭없음,제외(자동분류 범위 밖 - 수동 배치),6,REVIEW_BOUNDARY,1,공식근거없음(매칭없음),,
SR_L6EVIDENCEV1_5868,도덕적 자율,,-,해당없음,매칭없음,제외(자동분류 범위 밖 - 수동 배치),6,REVIEW_BOUNDARY,1,공식근거없음(매칭없음),,
SR_L6EVIDENCEV1_5950,형사재판,,-,해당없음,매칭없음,제외(자동분류 범위 밖 - 수동 배치),6,REVIEW_BOUNDARY,1,공식근거없음(매칭없음),,
SR_L6EVIDENCEV1_6904,엑손,,-,해당없음,매칭없음,제외(자동분류 범위 밖 - 수동 배치),6,REVIEW_BOUNDARY,1,공식근거없음(매칭없음),,
SR_L6EVIDENCEV1_6856,유전자,,-,해당없음,표제어만일치,제외(자동분류 범위 밖 - 수동 배치),6,REVIEW_BOUNDARY,1,공식근거없음(표제어만일치),,
SR_L6EVIDENCEV1_6867,줄기세포,,-,해당없음,매칭없음,제외(자동분류 범위 밖 - 수동 배치),6,REVIEW_BOUNDARY,1,공식근거없음(매칭없음),,
SR_L6EVIDENCEV1_6756,고기압,,-,해당없음,표제어만일치,제외(자동분류 범위 밖 - 수동 배치),6,REVIEW_BOUNDARY,1,공식근거없음(표제어만일치),,
SR_L6EVIDENCEV1_6820,초신성,,-,해당없음,매칭없음,제외(자동분류 범위 밖 - 수동 배치),6,REVIEW_BOUNDARY,1,공식근거없음(매칭없음),,
SR_L6EVIDENCEV1_6962,활성화 에너지,,-,해당없음,매칭없음,제외(자동분류 범위 밖 - 수동 배치),6,REVIEW_BOUNDARY,1,공식근거없음(매칭없음),,
SR_L6EVIDENCEV1_6993,광전효과,,-,해당없음,매칭없음,제외(자동분류 범위 밖 - 수동 배치),6,REVIEW_BOUNDARY,1,공식근거없음(매칭없음),,
SR_L6EVIDENCEV1_7027,반도체,,-,해당없음,표제어만일치,제외(자동분류 범위 밖 - 수동 배치),6,REVIEW_BOUNDARY,1,공식근거없음(표제어만일치),,
SR_L6EVIDENCEV1_5749,상품,,-,해당없음,표제어만일치,제외(자동분류 범위 밖 - 수동 배치),6,REVIEW_BOUNDARY,1,공식근거없음(표제어만일치),78(뜻풀이위험),
SR_L6EVIDENCEV1_5794,국민소득,,-,해당없음,매칭없음,제외(자동분류 범위 밖 - 수동 배치),6,REVIEW_BOUNDARY,1,공식근거없음(매칭없음),,
SR_L6EVIDENCEV1_5834,지급준비제도,,-,해당없음,매칭없음,제외(자동분류 범위 밖 - 수동 배치),6,REVIEW_BOUNDARY,1,공식근거없음(매칭없음),,
SR_L6EVIDENCEV1_5845,고정환율제도,,-,해당없음,매칭없음,제외(자동분류 범위 밖 - 수동 배치),6,REVIEW_BOUNDARY,1,공식근거없음(매칭없음),,
SR_L6EVIDENCEV1_5884,공화제,,-,해당없음,표제어만일치,제외(자동분류 범위 밖 - 수동 배치),6,REVIEW_BOUNDARY,1,공식근거없음(표제어만일치),,
SR_L6EVIDENCEV1_5968,포퓰리즘,,-,해당없음,매칭없음,제외(자동분류 범위 밖 - 수동 배치),6,REVIEW_BOUNDARY,1,공식근거없음(매칭없음),,
