content_id,lemma,pos,official_grade,proposed_base_level,proposed_base_level_note,current_vocab_level,exception_reason,exception_reason_secondary,review_status,textbook_grade_auxiliary,level_source,standard_homonym_number,pattern_id,공식_대조_결과,내부_김광해계열_변환등급
SC_V191_B001_001,가루약,명사,2,L0,,0,교과_전문_의미,,INDIVIDUAL_REVIEW_REQUIRED,해당없음(교재 연계 없음),NIKL_GRADE_PLUS_DETERMINISTIC_RULES,0,,일치,L0
SC_V191_B001_018,장터,명사,2,L0,,0,뜻이_다를_가능성(뜻풀이위험78),,INDIVIDUAL_REVIEW_REQUIRED,해당없음(교재 연계 없음),NIKL_GRADE_PLUS_DETERMINISTIC_RULES,0,,일치,L0
SC_V191_B001_043,등교,명사,2,L0,,0,뜻이_다를_가능성(뜻풀이위험78),,INDIVIDUAL_REVIEW_REQUIRED,해당없음(교재 연계 없음),NIKL_GRADE_PLUS_DETERMINISTIC_RULES,0,,일치,L0
SC_V192_B002_013,거름,명사,2,L0,,0,뜻이_다를_가능성(뜻풀이위험78),,INDIVIDUAL_REVIEW_REQUIRED,해당없음(교재 연계 없음),NIKL_GRADE_PLUS_DETERMINISTIC_RULES,0,,일치,L0
SC_V192_B002_014,거만하다,형용사,2,L0,,0,뜻이_다를_가능성(뜻풀이위험78),,INDIVIDUAL_REVIEW_REQUIRED,해당없음(교재 연계 없음),NIKL_GRADE_PLUS_DETERMINISTIC_RULES,0,,일치,L0
SC_V192_B002_018,겉보기,명사,2,L0,,0,뜻이_다를_가능성(뜻풀이위험78),,INDIVIDUAL_REVIEW_REQUIRED,해당없음(교재 연계 없음),NIKL_GRADE_PLUS_DETERMINISTIC_RULES,0,,일치,L0
SC_V192_B002_030,고등학교,명사,2,L0,,1,뜻이_다를_가능성(뜻풀이위험78),교과_전문_의미,INDIVIDUAL_REVIEW_REQUIRED,해당없음(교재 연계 없음),NIKL_GRADE_PLUS_DETERMINISTIC_RULES,0,,충돌,L0
SC_V192_B002_032,고릴라,명사,2,L0,,0,교과_전문_의미,,INDIVIDUAL_REVIEW_REQUIRED,해당없음(교재 연계 없음),NIKL_GRADE_PLUS_DETERMINISTIC_RULES,0,,일치,L0
SC_V192_B002_038,골대,명사,2,L0,,0,교과_전문_의미,,INDIVIDUAL_REVIEW_REQUIRED,해당없음(교재 연계 없음),NIKL_GRADE_PLUS_DETERMINISTIC_RULES,0,,일치,L0
SC_V192_B002_040,곱셈,명사,2,L0,,0,교과_전문_의미,,INDIVIDUAL_REVIEW_REQUIRED,해당없음(교재 연계 없음),NIKL_GRADE_PLUS_DETERMINISTIC_RULES,0,,일치,L0
SC_V192_B002_041,곱하다,동사,2,L0,,0,교과_전문_의미,,INDIVIDUAL_REVIEW_REQUIRED,해당없음(교재 연계 없음),NIKL_GRADE_PLUS_DETERMINISTIC_RULES,0,,일치,L0
SC_V193_B003_004,괄호,명사,2,L0,,0,교과_전문_의미,,INDIVIDUAL_REVIEW_REQUIRED,해당없음(교재 연계 없음),NIKL_GRADE_PLUS_DETERMINISTIC_RULES,0,,일치,L0
SC_V193_B003_005,교무실,명사,2,L0,,0,교과_전문_의미,,INDIVIDUAL_REVIEW_REQUIRED,해당없음(교재 연계 없음),NIKL_GRADE_PLUS_DETERMINISTIC_RULES,0,,일치,L0
SC_V193_B003_006,교육청,명사,2,L0,,0,교과_전문_의미,,INDIVIDUAL_REVIEW_REQUIRED,해당없음(교재 연계 없음),NIKL_GRADE_PLUS_DETERMINISTIC_RULES,0,,일치,L0
SC_V193_B003_024,기껏,부사,2,L0,,0,뜻이_다를_가능성(뜻풀이위험78),,INDIVIDUAL_REVIEW_REQUIRED,해당없음(교재 연계 없음),NIKL_GRADE_PLUS_DETERMINISTIC_RULES,0,,일치,L0
SC_V193_B003_032,꾀꼴꾀꼴,부사,2,L0,,0,뜻이_다를_가능성(뜻풀이위험78),,INDIVIDUAL_REVIEW_REQUIRED,해당없음(교재 연계 없음),NIKL_GRADE_PLUS_DETERMINISTIC_RULES,0,,일치,L0
SC_V193_B003_044,날아오르다,동사,2,L0,,0,뜻이_다를_가능성(뜻풀이위험78),,INDIVIDUAL_REVIEW_REQUIRED,해당없음(교재 연계 없음),NIKL_GRADE_PLUS_DETERMINISTIC_RULES,0,,일치,L0
SC_V194_B004_012,니은,명사,2,L0,,0,교과_전문_의미,,INDIVIDUAL_REVIEW_REQUIRED,해당없음(교재 연계 없음),NIKL_GRADE_PLUS_DETERMINISTIC_RULES,0,,일치,L0
SC_V194_B004_021,대롱대롱,부사,2,L0,,0,뜻이_다를_가능성(뜻풀이위험78),,INDIVIDUAL_REVIEW_REQUIRED,해당없음(교재 연계 없음),NIKL_GRADE_PLUS_DETERMINISTIC_RULES,0,,일치,L0
SC_V194_B004_022,대피하다,동사,2,L0,,0,뜻이_다를_가능성(뜻풀이위험78),,INDIVIDUAL_REVIEW_REQUIRED,해당없음(교재 연계 없음),NIKL_GRADE_PLUS_DETERMINISTIC_RULES,0,,일치,L0
SC_V194_B004_026,덧셈,명사,2,L0,,0,교과_전문_의미,,INDIVIDUAL_REVIEW_REQUIRED,해당없음(교재 연계 없음),NIKL_GRADE_PLUS_DETERMINISTIC_RULES,0,,일치,L0
SC_V194_B004_034,동사무소,명사,2,L0,,0,교과_전문_의미,,INDIVIDUAL_REVIEW_REQUIRED,해당없음(교재 연계 없음),NIKL_GRADE_PLUS_DETERMINISTIC_RULES,0,,일치,L0
SC_V194_B004_035,동영상,명사,2,L0,,0,교과_전문_의미,,INDIVIDUAL_REVIEW_REQUIRED,해당없음(교재 연계 없음),NIKL_GRADE_PLUS_DETERMINISTIC_RULES,0,,일치,L0
SC_V194_B004_039,뒤처리,명사,2,L0,,0,뜻이_다를_가능성(뜻풀이위험78),,INDIVIDUAL_REVIEW_REQUIRED,해당없음(교재 연계 없음),NIKL_GRADE_PLUS_DETERMINISTIC_RULES,0,,일치,L0
SC_V194_B004_040,듣기,명사,2,L0,,0,교과_전문_의미,,INDIVIDUAL_REVIEW_REQUIRED,해당없음(교재 연계 없음),NIKL_GRADE_PLUS_DETERMINISTIC_RULES,0,,일치,L0
SC_V194_B004_041,들락거리다,동사,2,L0,,0,뜻이_다를_가능성(뜻풀이위험78),,INDIVIDUAL_REVIEW_REQUIRED,해당없음(교재 연계 없음),NIKL_GRADE_PLUS_DETERMINISTIC_RULES,0,,일치,L0
SC_V194_B004_043,등교하다,동사,2,L0,,0,뜻이_다를_가능성(뜻풀이위험78),,INDIVIDUAL_REVIEW_REQUIRED,해당없음(교재 연계 없음),NIKL_GRADE_PLUS_DETERMINISTIC_RULES,0,,일치,L0
SC_V194_B004_044,등장인물,명사,2,L0,,0,뜻이_다를_가능성(뜻풀이위험78),,INDIVIDUAL_REVIEW_REQUIRED,해당없음(교재 연계 없음),NIKL_GRADE_PLUS_DETERMINISTIC_RULES,0,,일치,L0
SC_V194_B004_045,디귿,명사,2,L0,,0,교과_전문_의미,,INDIVIDUAL_REVIEW_REQUIRED,해당없음(교재 연계 없음),NIKL_GRADE_PLUS_DETERMINISTIC_RULES,0,,일치,L0
SC_V194_B004_049,따끈하다,형용사,2,L0,,0,뜻이_다를_가능성(뜻풀이위험78),,INDIVIDUAL_REVIEW_REQUIRED,해당없음(교재 연계 없음),NIKL_GRADE_PLUS_DETERMINISTIC_RULES,0,,일치,L0
SC_V195_B005_006,떳떳하다,형용사,2,L0,,0,뜻이_다를_가능성(뜻풀이위험78),,INDIVIDUAL_REVIEW_REQUIRED,해당없음(교재 연계 없음),NIKL_GRADE_PLUS_DETERMINISTIC_RULES,0,,일치,L0
SC_V195_B005_008,뜻깊다,형용사,2,L0,,0,뜻이_다를_가능성(뜻풀이위험78),,INDIVIDUAL_REVIEW_REQUIRED,해당없음(교재 연계 없음),NIKL_GRADE_PLUS_DETERMINISTIC_RULES,0,,일치,L0
SC_V195_B005_011,리더,명사,2,L0,,0,뜻이_다를_가능성(뜻풀이위험78),,INDIVIDUAL_REVIEW_REQUIRED,해당없음(교재 연계 없음),NIKL_GRADE_PLUS_DETERMINISTIC_RULES,0,,일치,L0
SC_V195_B005_012,리을,명사,2,L0,,0,교과_전문_의미,,INDIVIDUAL_REVIEW_REQUIRED,해당없음(교재 연계 없음),NIKL_GRADE_PLUS_DETERMINISTIC_RULES,0,,일치,L0
SC_V195_B005_013,리코더,명사,2,L0,,0,교과_전문_의미,,INDIVIDUAL_REVIEW_REQUIRED,해당없음(교재 연계 없음),NIKL_GRADE_PLUS_DETERMINISTIC_RULES,0,,일치,L0
SC_V195_B005_022,만지작거리다,동사,2,L0,,0,뜻이_다를_가능성(뜻풀이위험78),,INDIVIDUAL_REVIEW_REQUIRED,해당없음(교재 연계 없음),NIKL_GRADE_PLUS_DETERMINISTIC_RULES,0,,일치,L0
SC_V195_B005_024,망토,명사,2,L0,,0,뜻이_다를_가능성(뜻풀이위험78),,INDIVIDUAL_REVIEW_REQUIRED,해당없음(교재 연계 없음),NIKL_GRADE_PLUS_DETERMINISTIC_RULES,0,,일치,L0
SC_V195_B005_033,명품,명사,2,L0,,0,뜻이_다를_가능성(뜻풀이위험78),,INDIVIDUAL_REVIEW_REQUIRED,해당없음(교재 연계 없음),NIKL_GRADE_PLUS_DETERMINISTIC_RULES,0,,일치,L0
SC_V195_B005_035,모둠,명사,2,L0,,0,교과_전문_의미,,INDIVIDUAL_REVIEW_REQUIRED,해당없음(교재 연계 없음),NIKL_GRADE_PLUS_DETERMINISTIC_RULES,0,,일치,L0
SC_V195_B005_040,무뚝뚝하다,형용사,2,L0,,0,뜻이_다를_가능성(뜻풀이위험78),,INDIVIDUAL_REVIEW_REQUIRED,해당없음(교재 연계 없음),NIKL_GRADE_PLUS_DETERMINISTIC_RULES,0,,일치,L0
SC_V195_B005_041,무인도,명사,2,L0,,0,뜻이_다를_가능성(뜻풀이위험78),,INDIVIDUAL_REVIEW_REQUIRED,해당없음(교재 연계 없음),NIKL_GRADE_PLUS_DETERMINISTIC_RULES,0,,일치,L0
SC_V195_B005_044,문지기,명사,2,L0,,0,뜻이_다를_가능성(뜻풀이위험78),,INDIVIDUAL_REVIEW_REQUIRED,해당없음(교재 연계 없음),NIKL_GRADE_PLUS_DETERMINISTIC_RULES,0,,일치,L0
SC_V196_B006_006,반말하다,동사,2,L0,,0,교과_전문_의미,,INDIVIDUAL_REVIEW_REQUIRED,해당없음(교재 연계 없음),NIKL_GRADE_PLUS_DETERMINISTIC_RULES,0,,일치,L0
SC_V196_B006_008,발차기,명사,2,L0,,0,교과_전문_의미,,INDIVIDUAL_REVIEW_REQUIRED,해당없음(교재 연계 없음),NIKL_GRADE_PLUS_DETERMINISTIC_RULES,0,,일치,L0
SC_V196_B006_013,배신하다,동사,2,L0,,0,뜻이_다를_가능성(뜻풀이위험78),,INDIVIDUAL_REVIEW_REQUIRED,해당없음(교재 연계 없음),NIKL_GRADE_PLUS_DETERMINISTIC_RULES,0,,일치,L0
SC_V196_B006_015,병균,명사,2,L0,,0,뜻이_다를_가능성(뜻풀이위험78),교과_전문_의미,INDIVIDUAL_REVIEW_REQUIRED,해당없음(교재 연계 없음),NIKL_GRADE_PLUS_DETERMINISTIC_RULES,0,,일치,L0
SC_V196_B006_029,부랴부랴,부사,2,L0,,0,뜻이_다를_가능성(뜻풀이위험78),,INDIVIDUAL_REVIEW_REQUIRED,해당없음(교재 연계 없음),NIKL_GRADE_PLUS_DETERMINISTIC_RULES,0,,일치,L0
SC_V196_B006_030,부상자,명사,2,L0,,0,뜻이_다를_가능성(뜻풀이위험78),,INDIVIDUAL_REVIEW_REQUIRED,해당없음(교재 연계 없음),NIKL_GRADE_PLUS_DETERMINISTIC_RULES,0,,일치,L0
SC_V196_B006_034,불길하다,형용사,2,L0,,0,뜻이_다를_가능성(뜻풀이위험78),,INDIVIDUAL_REVIEW_REQUIRED,해당없음(교재 연계 없음),NIKL_GRADE_PLUS_DETERMINISTIC_RULES,0,,일치,L0
SC_V196_B006_035,불안감,명사,2,L0,,0,뜻이_다를_가능성(뜻풀이위험78),,INDIVIDUAL_REVIEW_REQUIRED,해당없음(교재 연계 없음),NIKL_GRADE_PLUS_DETERMINISTIC_RULES,0,,일치,L0
SC_V196_B006_036,붉어지다,동사,2,L0,,0,뜻이_다를_가능성(뜻풀이위험78),,INDIVIDUAL_REVIEW_REQUIRED,해당없음(교재 연계 없음),NIKL_GRADE_PLUS_DETERMINISTIC_RULES,0,,일치,L0
SC_V196_B006_043,비틀비틀,부사,2,L0,,0,뜻이_다를_가능성(뜻풀이위험78),,INDIVIDUAL_REVIEW_REQUIRED,해당없음(교재 연계 없음),NIKL_GRADE_PLUS_DETERMINISTIC_RULES,0,,일치,L0
SC_V196_B006_046,뺄셈,명사,2,L0,,0,교과_전문_의미,,INDIVIDUAL_REVIEW_REQUIRED,해당없음(교재 연계 없음),NIKL_GRADE_PLUS_DETERMINISTIC_RULES,0,,일치,L0
SC_V196_B006_048,삐걱거리다,동사,2,L0,,0,뜻이_다를_가능성(뜻풀이위험78),,INDIVIDUAL_REVIEW_REQUIRED,해당없음(교재 연계 없음),NIKL_GRADE_PLUS_DETERMINISTIC_RULES,0,,일치,L0
SC_V196_B006_049,삐걱삐걱,부사,2,L0,,0,뜻이_다를_가능성(뜻풀이위험78),,INDIVIDUAL_REVIEW_REQUIRED,해당없음(교재 연계 없음),NIKL_GRADE_PLUS_DETERMINISTIC_RULES,0,,일치,L0
SC_V197_B007_004,사투리,명사,2,L0,,0,교과_전문_의미,,INDIVIDUAL_REVIEW_REQUIRED,해당없음(교재 연계 없음),NIKL_GRADE_PLUS_DETERMINISTIC_RULES,0,,일치,L0
SC_V197_B007_027,솜이불,명사,2,L0,,0,뜻이_다를_가능성(뜻풀이위험78),,INDIVIDUAL_REVIEW_REQUIRED,해당없음(교재 연계 없음),NIKL_GRADE_PLUS_DETERMINISTIC_RULES,0,,일치,L0
SC_V197_B007_028,솥뚜껑,명사,2,L0,,0,뜻이_다를_가능성(뜻풀이위험78),,INDIVIDUAL_REVIEW_REQUIRED,해당없음(교재 연계 없음),NIKL_GRADE_PLUS_DETERMINISTIC_RULES,0,,일치,L0
SC_V197_B007_037,스케이트장,명사,2,L0,,0,교과_전문_의미,,INDIVIDUAL_REVIEW_REQUIRED,해당없음(교재 연계 없음),NIKL_GRADE_PLUS_DETERMINISTIC_RULES,0,,일치,L0
SC_V197_B007_044,시멘트,명사,2,L0,,0,교과_전문_의미,,INDIVIDUAL_REVIEW_REQUIRED,해당없음(교재 연계 없음),NIKL_GRADE_PLUS_DETERMINISTIC_RULES,0,,일치,L0
SC_V197_B007_048,시옷,명사,2,L0,,0,교과_전문_의미,,INDIVIDUAL_REVIEW_REQUIRED,해당없음(교재 연계 없음),NIKL_GRADE_PLUS_DETERMINISTIC_RULES,0,,일치,L0
SC_V198_B008_001,신기록,명사,2,L0,,0,뜻이_다를_가능성(뜻풀이위험78),,INDIVIDUAL_REVIEW_REQUIRED,해당없음(교재 연계 없음),NIKL_GRADE_PLUS_DETERMINISTIC_RULES,0,,일치,L0
SC_V198_B008_024,안절부절못하다,동사,2,L0,,0,뜻이_다를_가능성(뜻풀이위험78),,INDIVIDUAL_REVIEW_REQUIRED,해당없음(교재 연계 없음),NIKL_GRADE_PLUS_DETERMINISTIC_RULES,0,,일치,L0
SC_V198_B008_027,알록달록,부사,2,L0,,0,뜻이_다를_가능성(뜻풀이위험78),,INDIVIDUAL_REVIEW_REQUIRED,해당없음(교재 연계 없음),NIKL_GRADE_PLUS_DETERMINISTIC_RULES,0,,일치,L0
SC_V198_B008_032,애타다,동사,2,L0,,0,뜻이_다를_가능성(뜻풀이위험78),,INDIVIDUAL_REVIEW_REQUIRED,"level=2(grade_level=6, source=momo-textbook)",NIKL_GRADE_PLUS_DETERMINISTIC_RULES,0,,일치,L0
SC_V199_B009_004,여백,명사,2,L0,,0,뜻이_다를_가능성(뜻풀이위험78),,INDIVIDUAL_REVIEW_REQUIRED,해당없음(교재 연계 없음),NIKL_GRADE_PLUS_DETERMINISTIC_RULES,0,,일치,L0
SC_V199_B009_017,영업,명사,2,L0,,0,교과_전문_의미,,INDIVIDUAL_REVIEW_REQUIRED,해당없음(교재 연계 없음),NIKL_GRADE_PLUS_DETERMINISTIC_RULES,0,,일치,L0
SC_V199_B009_027,오순도순,부사,2,L0,,0,뜻이_다를_가능성(뜻풀이위험78),,INDIVIDUAL_REVIEW_REQUIRED,해당없음(교재 연계 없음),NIKL_GRADE_PLUS_DETERMINISTIC_RULES,0,,일치,L0
SC_V199_B009_028,오죽하다,형용사,2,L0,,0,뜻이_다를_가능성(뜻풀이위험78),,INDIVIDUAL_REVIEW_REQUIRED,해당없음(교재 연계 없음),NIKL_GRADE_PLUS_DETERMINISTIC_RULES,0,,일치,L0
SC_V199_B009_042,울퉁불퉁,부사,2,L0,,0,뜻이_다를_가능성(뜻풀이위험78),,INDIVIDUAL_REVIEW_REQUIRED,해당없음(교재 연계 없음),NIKL_GRADE_PLUS_DETERMINISTIC_RULES,0,,일치,L0
SC_V1910_B010_008,의외로,부사,2,L0,,0,뜻이_다를_가능성(뜻풀이위험78),,INDIVIDUAL_REVIEW_REQUIRED,해당없음(교재 연계 없음),NIKL_GRADE_PLUS_DETERMINISTIC_RULES,0,,일치,L0
SC_V1910_B010_010,이발소,명사,2,L0,,0,뜻이_다를_가능성(뜻풀이위험78),,INDIVIDUAL_REVIEW_REQUIRED,해당없음(교재 연계 없음),NIKL_GRADE_PLUS_DETERMINISTIC_RULES,0,,일치,L0
SC_V1910_B010_012,이응,명사,2,L0,,0,교과_전문_의미,,INDIVIDUAL_REVIEW_REQUIRED,해당없음(교재 연계 없음),NIKL_GRADE_PLUS_DETERMINISTIC_RULES,0,,일치,L0
SC_V1910_B010_014,인내심,명사,2,L0,,0,뜻이_다를_가능성(뜻풀이위험78),,INDIVIDUAL_REVIEW_REQUIRED,해당없음(교재 연계 없음),NIKL_GRADE_PLUS_DETERMINISTIC_RULES,0,,일치,L0
SC_V1910_B010_015,인쇄하다,동사,2,L0,,0,교과_전문_의미,,INDIVIDUAL_REVIEW_REQUIRED,해당없음(교재 연계 없음),NIKL_GRADE_PLUS_DETERMINISTIC_RULES,0,,일치,L0
SC_V1910_B010_021,자욱하다,형용사,2,L0,,0,뜻이_다를_가능성(뜻풀이위험78),,INDIVIDUAL_REVIEW_REQUIRED,해당없음(교재 연계 없음),NIKL_GRADE_PLUS_DETERMINISTIC_RULES,0,,일치,L0
SC_V1910_B010_024,작별,명사,2,L0,,0,뜻이_다를_가능성(뜻풀이위험78),,INDIVIDUAL_REVIEW_REQUIRED,해당없음(교재 연계 없음),NIKL_GRADE_PLUS_DETERMINISTIC_RULES,0,,일치,L0
SC_V1910_B010_035,재촉하다,동사,2,L0,,0,뜻이_다를_가능성(뜻풀이위험78),,INDIVIDUAL_REVIEW_REQUIRED,해당없음(교재 연계 없음),NIKL_GRADE_PLUS_DETERMINISTIC_RULES,0,,일치,L0
SC_V1910_B010_047,전학,명사,2,L0,,0,뜻이_다를_가능성(뜻풀이위험78),,INDIVIDUAL_REVIEW_REQUIRED,해당없음(교재 연계 없음),NIKL_GRADE_PLUS_DETERMINISTIC_RULES,0,,일치,L0
SC_V1910_B010_048,점선,명사,2,L0,,0,뜻이_다를_가능성(뜻풀이위험78),,INDIVIDUAL_REVIEW_REQUIRED,해당없음(교재 연계 없음),NIKL_GRADE_PLUS_DETERMINISTIC_RULES,0,,일치,L0
SC_V1911_B011_002,정정당당하다,형용사,2,L0,,0,뜻이_다를_가능성(뜻풀이위험78),,INDIVIDUAL_REVIEW_REQUIRED,해당없음(교재 연계 없음),NIKL_GRADE_PLUS_DETERMINISTIC_RULES,0,,일치,L0
SC_V1911_B011_005,조마조마,부사,2,L0,,0,뜻이_다를_가능성(뜻풀이위험78),,INDIVIDUAL_REVIEW_REQUIRED,해당없음(교재 연계 없음),NIKL_GRADE_PLUS_DETERMINISTIC_RULES,0,,일치,L0
SC_V1911_B011_006,조마조마하다,형용사,2,L0,,0,뜻이_다를_가능성(뜻풀이위험78),,INDIVIDUAL_REVIEW_REQUIRED,해당없음(교재 연계 없음),NIKL_GRADE_PLUS_DETERMINISTIC_RULES,0,,일치,L0
SC_V1911_B011_011,종알거리다,동사,2,L0,,0,뜻이_다를_가능성(뜻풀이위험78),,INDIVIDUAL_REVIEW_REQUIRED,해당없음(교재 연계 없음),NIKL_GRADE_PLUS_DETERMINISTIC_RULES,0,,일치,L0
SC_V1911_B011_012,종알대다,동사,2,L0,,0,뜻이_다를_가능성(뜻풀이위험78),,INDIVIDUAL_REVIEW_REQUIRED,해당없음(교재 연계 없음),NIKL_GRADE_PLUS_DETERMINISTIC_RULES,0,,일치,L0
SC_V1911_B011_016,중지하다,동사,2,L0,,0,뜻이_다를_가능성(뜻풀이위험78),,INDIVIDUAL_REVIEW_REQUIRED,해당없음(교재 연계 없음),NIKL_GRADE_PLUS_DETERMINISTIC_RULES,0,,일치,L0
SC_V1911_B011_024,지읒,명사,2,L0,,0,교과_전문_의미,,INDIVIDUAL_REVIEW_REQUIRED,해당없음(교재 연계 없음),NIKL_GRADE_PLUS_DETERMINISTIC_RULES,0,,일치,L0
SC_V1911_B011_025,진공청소기,명사,2,L0,,0,뜻이_다를_가능성(뜻풀이위험78),,INDIVIDUAL_REVIEW_REQUIRED,해당없음(교재 연계 없음),NIKL_GRADE_PLUS_DETERMINISTIC_RULES,0,,일치,L0
SC_V1911_B011_031,짝수,명사,2,L0,,0,교과_전문_의미,,INDIVIDUAL_REVIEW_REQUIRED,해당없음(교재 연계 없음),NIKL_GRADE_PLUS_DETERMINISTIC_RULES,0,,일치,L0
SC_V1911_B011_033,쪼글쪼글,부사,2,L0,,0,뜻이_다를_가능성(뜻풀이위험78),,INDIVIDUAL_REVIEW_REQUIRED,해당없음(교재 연계 없음),NIKL_GRADE_PLUS_DETERMINISTIC_RULES,0,,일치,L0
SC_V1911_B011_046,채팅,명사,2,L0,,0,교과_전문_의미,,INDIVIDUAL_REVIEW_REQUIRED,해당없음(교재 연계 없음),NIKL_GRADE_PLUS_DETERMINISTIC_RULES,0,,일치,L0
SC_V1912_B012_010,초상화,명사,2,L0,,0,교과_전문_의미,,INDIVIDUAL_REVIEW_REQUIRED,해당없음(교재 연계 없음),NIKL_GRADE_PLUS_DETERMINISTIC_RULES,0,,일치,L0
SC_V1912_B012_014,최우수,명사,2,L0,,0,뜻이_다를_가능성(뜻풀이위험78),,INDIVIDUAL_REVIEW_REQUIRED,해당없음(교재 연계 없음),NIKL_GRADE_PLUS_DETERMINISTIC_RULES,0,,일치,L0
SC_V1912_B012_023,치읓,명사,2,L0,,0,교과_전문_의미,,INDIVIDUAL_REVIEW_REQUIRED,해당없음(교재 연계 없음),NIKL_GRADE_PLUS_DETERMINISTIC_RULES,0,,일치,L0
SC_V1912_B012_030,크레용,명사,2,L0,,0,교과_전문_의미,,INDIVIDUAL_REVIEW_REQUIRED,해당없음(교재 연계 없음),NIKL_GRADE_PLUS_DETERMINISTIC_RULES,0,,일치,L0
SC_V1912_B012_031,키읔,명사,2,L0,,0,교과_전문_의미,,INDIVIDUAL_REVIEW_REQUIRED,해당없음(교재 연계 없음),NIKL_GRADE_PLUS_DETERMINISTIC_RULES,0,,일치,L0
SC_V1912_B012_040,테니스,명사,2,L0,,0,교과_전문_의미,,INDIVIDUAL_REVIEW_REQUIRED,해당없음(교재 연계 없음),NIKL_GRADE_PLUS_DETERMINISTIC_RULES,0,,일치,L0
SC_V1912_B012_047,투호,명사,2,L0,,0,교과_전문_의미,,INDIVIDUAL_REVIEW_REQUIRED,해당없음(교재 연계 없음),NIKL_GRADE_PLUS_DETERMINISTIC_RULES,0,,일치,L0
SC_V1912_B012_048,트라이앵글,명사,2,L0,,0,교과_전문_의미,,INDIVIDUAL_REVIEW_REQUIRED,해당없음(교재 연계 없음),NIKL_GRADE_PLUS_DETERMINISTIC_RULES,0,,일치,L0
SC_V1912_B012_049,특산물,명사,2,L0,,0,뜻이_다를_가능성(뜻풀이위험78),,INDIVIDUAL_REVIEW_REQUIRED,해당없음(교재 연계 없음),NIKL_GRADE_PLUS_DETERMINISTIC_RULES,0,,일치,L0
SC_V1913_B013_001,티읕,명사,2,L0,,0,교과_전문_의미,,INDIVIDUAL_REVIEW_REQUIRED,해당없음(교재 연계 없음),NIKL_GRADE_PLUS_DETERMINISTIC_RULES,0,,일치,L0
SC_V1913_B013_015,포도밭,명사,2,L0,,0,뜻이_다를_가능성(뜻풀이위험78),,INDIVIDUAL_REVIEW_REQUIRED,해당없음(교재 연계 없음),NIKL_GRADE_PLUS_DETERMINISTIC_RULES,0,,일치,L0
SC_V1913_B013_021,푹신푹신하다,형용사,2,L0,,0,뜻이_다를_가능성(뜻풀이위험78),,INDIVIDUAL_REVIEW_REQUIRED,해당없음(교재 연계 없음),NIKL_GRADE_PLUS_DETERMINISTIC_RULES,0,,일치,L0
SC_V1913_B013_022,풍족하다,형용사,2,L0,,0,뜻이_다를_가능성(뜻풀이위험78),,INDIVIDUAL_REVIEW_REQUIRED,해당없음(교재 연계 없음),NIKL_GRADE_PLUS_DETERMINISTIC_RULES,0,,일치,L0
SC_V1913_B013_024,피아니스트,명사,2,L0,,0,교과_전문_의미,,INDIVIDUAL_REVIEW_REQUIRED,해당없음(교재 연계 없음),NIKL_GRADE_PLUS_DETERMINISTIC_RULES,0,,일치,L0
SC_V1913_B013_025,피읖,명사,2,L0,,0,교과_전문_의미,,INDIVIDUAL_REVIEW_REQUIRED,해당없음(교재 연계 없음),NIKL_GRADE_PLUS_DETERMINISTIC_RULES,0,,일치,L0
SC_V1913_B013_030,학교생활,명사,2,L0,,0,교과_전문_의미,,INDIVIDUAL_REVIEW_REQUIRED,해당없음(교재 연계 없음),NIKL_GRADE_PLUS_DETERMINISTIC_RULES,0,,일치,L0
SC_V1913_B013_033,한껏,부사,2,L0,,0,뜻이_다를_가능성(뜻풀이위험78),,INDIVIDUAL_REVIEW_REQUIRED,해당없음(교재 연계 없음),NIKL_GRADE_PLUS_DETERMINISTIC_RULES,0,,일치,L0
SC_V1913_B013_042,헐레벌떡,부사,2,L0,,0,뜻이_다를_가능성(뜻풀이위험78),,INDIVIDUAL_REVIEW_REQUIRED,해당없음(교재 연계 없음),NIKL_GRADE_PLUS_DETERMINISTIC_RULES,0,,일치,L0
SC_V1913_B013_049,홀수,명사,2,L0,,0,교과_전문_의미,,INDIVIDUAL_REVIEW_REQUIRED,해당없음(교재 연계 없음),NIKL_GRADE_PLUS_DETERMINISTIC_RULES,0,,일치,L0
SC_V1913_B013_050,홈런,명사,2,L0,,0,교과_전문_의미,,INDIVIDUAL_REVIEW_REQUIRED,해당없음(교재 연계 없음),NIKL_GRADE_PLUS_DETERMINISTIC_RULES,0,,일치,L0
SC_V1914_B014_001,홈페이지,명사,2,L0,,0,교과_전문_의미,,INDIVIDUAL_REVIEW_REQUIRED,해당없음(교재 연계 없음),NIKL_GRADE_PLUS_DETERMINISTIC_RULES,0,,일치,L0
SC_V1914_B014_002,화폐,명사,2,L0,,0,교과_전문_의미,,INDIVIDUAL_REVIEW_REQUIRED,해당없음(교재 연계 없음),NIKL_GRADE_PLUS_DETERMINISTIC_RULES,0,,일치,L0
SC_V1914_B014_008,훌라후프,명사,2,L0,,0,뜻이_다를_가능성(뜻풀이위험78),,INDIVIDUAL_REVIEW_REQUIRED,해당없음(교재 연계 없음),NIKL_GRADE_PLUS_DETERMINISTIC_RULES,0,,일치,L0
SC_V1914_B014_012,휴대용,명사,2,L0,,0,뜻이_다를_가능성(뜻풀이위험78),,INDIVIDUAL_REVIEW_REQUIRED,해당없음(교재 연계 없음),NIKL_GRADE_PLUS_DETERMINISTIC_RULES,0,,일치,L0
SC_V1914_B014_015,흐릿하다,형용사,2,L0,,0,뜻이_다를_가능성(뜻풀이위험78),,INDIVIDUAL_REVIEW_REQUIRED,해당없음(교재 연계 없음),NIKL_GRADE_PLUS_DETERMINISTIC_RULES,0,,일치,L0
SC_V1914_B014_016,흐뭇하다,형용사,2,L0,,0,뜻이_다를_가능성(뜻풀이위험78),,INDIVIDUAL_REVIEW_REQUIRED,"level=0(grade_level=1, source=momo-textbook)",NIKL_GRADE_PLUS_DETERMINISTIC_RULES,0,,일치,L0
SC_V1914_B014_017,흙냄새,명사,2,L0,,0,뜻이_다를_가능성(뜻풀이위험78),,INDIVIDUAL_REVIEW_REQUIRED,해당없음(교재 연계 없음),NIKL_GRADE_PLUS_DETERMINISTIC_RULES,0,,일치,L0
SC_V1914_B014_020,흥부,명사,2,L0,,0,교과_전문_의미,,INDIVIDUAL_REVIEW_REQUIRED,해당없음(교재 연계 없음),NIKL_GRADE_PLUS_DETERMINISTIC_RULES,0,,일치,L0
SC_V1914_B014_024,희한하다,형용사,2,L0,,0,뜻이_다를_가능성(뜻풀이위험78),,INDIVIDUAL_REVIEW_REQUIRED,"level=0(grade_level=2, source=momo-textbook)",NIKL_GRADE_PLUS_DETERMINISTIC_RULES,0,,일치,L0
SC_V1914_B014_025,히읗,명사,2,L0,,0,교과_전문_의미,,INDIVIDUAL_REVIEW_REQUIRED,해당없음(교재 연계 없음),NIKL_GRADE_PLUS_DETERMINISTIC_RULES,0,,일치,L0
SC_V1914_B014_030,가공업,명사,4,L2,,3,교과_전문_의미,,INDIVIDUAL_REVIEW_REQUIRED,해당없음(교재 연계 없음),NIKL_GRADE_PLUS_DETERMINISTIC_RULES,0,,충돌,경계(L3~L4)
SC_V1914_B014_042,가루받이,명사,4,L2,,3,교과_전문_의미,,INDIVIDUAL_REVIEW_REQUIRED,해당없음(교재 연계 없음),NIKL_GRADE_PLUS_DETERMINISTIC_RULES,0,,충돌,경계(L3~L4)
SC_V1914_B014_045,가리비,명사,4,L2,,3,교과_전문_의미,,INDIVIDUAL_REVIEW_REQUIRED,해당없음(교재 연계 없음),NIKL_GRADE_PLUS_DETERMINISTIC_RULES,0,,충돌,경계(L3~L4)
SC_V1914_B014_049,가면극,명사,4,L2,,3,교과_전문_의미,,INDIVIDUAL_REVIEW_REQUIRED,해당없음(교재 연계 없음),NIKL_GRADE_PLUS_DETERMINISTIC_RULES,0,,충돌,경계(L3~L4)
SC_V1915_B015_011,가슴뼈,명사,4,L2,,3,교과_전문_의미,,INDIVIDUAL_REVIEW_REQUIRED,해당없음(교재 연계 없음),NIKL_GRADE_PLUS_DETERMINISTIC_RULES,0,,충돌,경계(L3~L4)
SC_V1915_B015_012,가시덩굴,명사,4,L2,,3,교과_전문_의미,,INDIVIDUAL_REVIEW_REQUIRED,해당없음(교재 연계 없음),NIKL_GRADE_PLUS_DETERMINISTIC_RULES,0,,충돌,경계(L3~L4)
SC_V1915_B015_016,가요계,명사,4,L2,,3,교과_전문_의미,,INDIVIDUAL_REVIEW_REQUIRED,해당없음(교재 연계 없음),NIKL_GRADE_PLUS_DETERMINISTIC_RULES,0,,충돌,경계(L3~L4)
SC_V1915_B015_018,가을걷이,명사,4,L2,,3,교과_전문_의미,,INDIVIDUAL_REVIEW_REQUIRED,해당없음(교재 연계 없음),NIKL_GRADE_PLUS_DETERMINISTIC_RULES,0,,충돌,경계(L3~L4)
SC_V1915_B015_037,가지치기,명사,4,L2,,3,교과_전문_의미,,INDIVIDUAL_REVIEW_REQUIRED,해당없음(교재 연계 없음),NIKL_GRADE_PLUS_DETERMINISTIC_RULES,0,,충돌,경계(L3~L4)
SC_V1915_B015_045,각기둥,명사,4,L2,,3,교과_전문_의미,,INDIVIDUAL_REVIEW_REQUIRED,해당없음(교재 연계 없음),NIKL_GRADE_PLUS_DETERMINISTIC_RULES,0,,충돌,경계(L3~L4)
SC_V1915_B015_049,각뿔,명사,4,L2,,3,교과_전문_의미,,INDIVIDUAL_REVIEW_REQUIRED,해당없음(교재 연계 없음),NIKL_GRADE_PLUS_DETERMINISTIC_RULES,0,,충돌,경계(L3~L4)
SC_V1916_B016_039,감상문,명사,3,L1,,2,교과_전문_의미,,INDIVIDUAL_REVIEW_REQUIRED,해당없음(교재 연계 없음),NIKL_GRADE_PLUS_DETERMINISTIC_RULES,0,,충돌,경계(L1~L2)
SC_V1916_B016_047,감탄사,명사,4,L2,,3,교과_전문_의미,,INDIVIDUAL_REVIEW_REQUIRED,해당없음(교재 연계 없음),NIKL_GRADE_PLUS_DETERMINISTIC_RULES,0,,충돌,경계(L3~L4)
SC_V1917_B017_046,갯지렁이,명사,4,L2,,3,교과_전문_의미,,INDIVIDUAL_REVIEW_REQUIRED,해당없음(교재 연계 없음),NIKL_GRADE_PLUS_DETERMINISTIC_RULES,0,,충돌,경계(L3~L4)
SC_V1918_B018_012,거름기,명사,4,L2,,3,교과_전문_의미,,INDIVIDUAL_REVIEW_REQUIRED,해당없음(교재 연계 없음),NIKL_GRADE_PLUS_DETERMINISTIC_RULES,0,,충돌,경계(L3~L4)
SC_V1918_B018_013,거름종이,명사,4,L2,,3,교과_전문_의미,,INDIVIDUAL_REVIEW_REQUIRED,해당없음(교재 연계 없음),NIKL_GRADE_PLUS_DETERMINISTIC_RULES,0,,충돌,경계(L3~L4)
SC_V1918_B018_030,거중기,명사,4,L2,,3,교과_전문_의미,,INDIVIDUAL_REVIEW_REQUIRED,해당없음(교재 연계 없음),NIKL_GRADE_PLUS_DETERMINISTIC_RULES,0,,충돌,경계(L3~L4)
SC_V1919_B019_015,걸그물,명사,4,L2,,3,교과_전문_의미,,INDIVIDUAL_REVIEW_REQUIRED,해당없음(교재 연계 없음),NIKL_GRADE_PLUS_DETERMINISTIC_RULES,0,,충돌,경계(L3~L4)
SC_V1919_B019_026,검사기,명사,4,L2,,3,교과_전문_의미,,INDIVIDUAL_REVIEW_REQUIRED,해당없음(교재 연계 없음),NIKL_GRADE_PLUS_DETERMINISTIC_RULES,0,,충돌,경계(L3~L4)
SC_V1919_B019_027,검산하다,동사,4,L2,,3,교과_전문_의미,,INDIVIDUAL_REVIEW_REQUIRED,해당없음(교재 연계 없음),NIKL_GRADE_PLUS_DETERMINISTIC_RULES,0,,충돌,경계(L3~L4)
SC_V1919_B019_034,검출되다,동사,4,L2,,3,교과_전문_의미,,INDIVIDUAL_REVIEW_REQUIRED,해당없음(교재 연계 없음),NIKL_GRADE_PLUS_DETERMINISTIC_RULES,0,,충돌,경계(L3~L4)
SC_V1919_B019_041,겉넓이,명사,4,L2,,3,교과_전문_의미,,INDIVIDUAL_REVIEW_REQUIRED,해당없음(교재 연계 없음),NIKL_GRADE_PLUS_DETERMINISTIC_RULES,0,,충돌,경계(L3~L4)
SC_V1920_B020_008,겨루기,명사,4,L2,,3,교과_전문_의미,,INDIVIDUAL_REVIEW_REQUIRED,해당없음(교재 연계 없음),NIKL_GRADE_PLUS_DETERMINISTIC_RULES,0,,충돌,경계(L3~L4)
SC_V1920_B020_012,겨울눈,명사,4,L2,,3,교과_전문_의미,,INDIVIDUAL_REVIEW_REQUIRED,해당없음(교재 연계 없음),NIKL_GRADE_PLUS_DETERMINISTIC_RULES,0,,충돌,경계(L3~L4)
SC_V1920_B020_023,견직물,명사,4,L2,,3,교과_전문_의미,,INDIVIDUAL_REVIEW_REQUIRED,해당없음(교재 연계 없음),NIKL_GRADE_PLUS_DETERMINISTIC_RULES,0,,충돌,경계(L3~L4)
SC_V1920_B020_029,결산서,명사,4,L2,,3,교과_전문_의미,,INDIVIDUAL_REVIEW_REQUIRED,해당없음(교재 연계 없음),NIKL_GRADE_PLUS_DETERMINISTIC_RULES,0,,충돌,경계(L3~L4)
SC_V1920_B020_030,결승선,명사,3,L1,,1,교과_전문_의미,,INDIVIDUAL_REVIEW_REQUIRED,해당없음(교재 연계 없음),NIKL_GRADE_PLUS_DETERMINISTIC_RULES,0,,일치,경계(L1~L2)
SC_V1920_B020_038,겹받침,명사,4,L2,,3,교과_전문_의미,,INDIVIDUAL_REVIEW_REQUIRED,해당없음(교재 연계 없음),NIKL_GRADE_PLUS_DETERMINISTIC_RULES,0,,충돌,경계(L3~L4)
SC_V1921_B021_015,경제생활,명사,4,L2,,3,교과_전문_의미,,INDIVIDUAL_REVIEW_REQUIRED,해당없음(교재 연계 없음),NIKL_GRADE_PLUS_DETERMINISTIC_RULES,0,,충돌,경계(L3~L4)
SC_V1922_B022_009,고둥,명사,4,L2,,3,교과_전문_의미,,INDIVIDUAL_REVIEW_REQUIRED,해당없음(교재 연계 없음),NIKL_GRADE_PLUS_DETERMINISTIC_RULES,0,,충돌,경계(L3~L4)
SC_V1922_B022_013,고랭지,명사,4,L2,,3,교과_전문_의미,,INDIVIDUAL_REVIEW_REQUIRED,해당없음(교재 연계 없음),NIKL_GRADE_PLUS_DETERMINISTIC_RULES,0,,충돌,경계(L3~L4)
SC_V1922_B022_015,고려청자,명사,4,L2,,3,교과_전문_의미,,INDIVIDUAL_REVIEW_REQUIRED,해당없음(교재 연계 없음),NIKL_GRADE_PLUS_DETERMINISTIC_RULES,0,,충돌,경계(L3~L4)
SC_V1922_B022_016,고령토,명사,4,L2,,3,교과_전문_의미,,INDIVIDUAL_REVIEW_REQUIRED,해당없음(교재 연계 없음),NIKL_GRADE_PLUS_DETERMINISTIC_RULES,0,,충돌,경계(L3~L4)
SC_V1922_B022_040,고인돌,명사,4,L2,,3,교과_전문_의미,,INDIVIDUAL_REVIEW_REQUIRED,해당없음(교재 연계 없음),NIKL_GRADE_PLUS_DETERMINISTIC_RULES,0,,충돌,경계(L3~L4)
SC_V1922_B022_044,고주파,명사,4,L2,,3,교과_전문_의미,,INDIVIDUAL_REVIEW_REQUIRED,해당없음(교재 연계 없음),NIKL_GRADE_PLUS_DETERMINISTIC_RULES,0,,충돌,경계(L3~L4)
SC_V1923_B023_013,골문,명사,4,L2,,3,교과_전문_의미,,INDIVIDUAL_REVIEW_REQUIRED,해당없음(교재 연계 없음),NIKL_GRADE_PLUS_DETERMINISTIC_RULES,0,,충돌,경계(L3~L4)
SC_V1923_B023_014,골반,명사,3,L1,,2,교과_전문_의미,,INDIVIDUAL_REVIEW_REQUIRED,해당없음(교재 연계 없음),NIKL_GRADE_PLUS_DETERMINISTIC_RULES,0,,충돌,경계(L1~L2)
SC_V1923_B023_017,골키퍼,명사,3,L1,,1,교과_전문_의미,,INDIVIDUAL_REVIEW_REQUIRED,해당없음(교재 연계 없음),NIKL_GRADE_PLUS_DETERMINISTIC_RULES,0,,일치,경계(L1~L2)
SC_V1923_B023_019,골프장,명사,3,L1,,1,교과_전문_의미,,INDIVIDUAL_REVIEW_REQUIRED,해당없음(교재 연계 없음),NIKL_GRADE_PLUS_DETERMINISTIC_RULES,0,,일치,경계(L1~L2)
SC_V1923_B023_020,골프채,명사,3,L1,,1,교과_전문_의미,,INDIVIDUAL_REVIEW_REQUIRED,해당없음(교재 연계 없음),NIKL_GRADE_PLUS_DETERMINISTIC_RULES,0,,일치,경계(L1~L2)
SC_V1923_B023_024,곱셈표,명사,4,L2,,3,교과_전문_의미,,INDIVIDUAL_REVIEW_REQUIRED,해당없음(교재 연계 없음),NIKL_GRADE_PLUS_DETERMINISTIC_RULES,0,,충돌,경계(L3~L4)
SC_V1923_B023_029,공격수,명사,3,L1,,1,교과_전문_의미,,INDIVIDUAL_REVIEW_REQUIRED,해당없음(교재 연계 없음),NIKL_GRADE_PLUS_DETERMINISTIC_RULES,0,,일치,경계(L1~L2)
SC_V1923_B023_040,공동생활,명사,4,L2,,3,교과_전문_의미,,INDIVIDUAL_REVIEW_REQUIRED,해당없음(교재 연계 없음),NIKL_GRADE_PLUS_DETERMINISTIC_RULES,0,,충돌,경계(L3~L4)
SC_V1923_B023_045,공배수,명사,4,L2,,3,교과_전문_의미,,INDIVIDUAL_REVIEW_REQUIRED,해당없음(교재 연계 없음),NIKL_GRADE_PLUS_DETERMINISTIC_RULES,0,,충돌,경계(L3~L4)
SC_V1924_B024_015,공판장,명사,4,L2,,3,교과_전문_의미,,INDIVIDUAL_REVIEW_REQUIRED,해당없음(교재 연계 없음),NIKL_GRADE_PLUS_DETERMINISTIC_RULES,0,,충돌,경계(L3~L4)
SC_V1924_B024_023,공회전,명사,4,L2,,3,교과_전문_의미,,INDIVIDUAL_REVIEW_REQUIRED,해당없음(교재 연계 없음),NIKL_GRADE_PLUS_DETERMINISTIC_RULES,0,,충돌,경계(L3~L4)
SC_V1924_B024_047,관광업,명사,4,L2,,3,교과_전문_의미,,INDIVIDUAL_REVIEW_REQUIRED,해당없음(교재 연계 없음),NIKL_GRADE_PLUS_DETERMINISTIC_RULES,0,,충돌,경계(L3~L4)
SC_V1925_B025_009,관악기,명사,4,L2,,3,교과_전문_의미,,INDIVIDUAL_REVIEW_REQUIRED,해당없음(교재 연계 없음),NIKL_GRADE_PLUS_DETERMINISTIC_RULES,0,,충돌,경계(L3~L4)
SC_V1925_B025_017,관현악단,명사,4,L2,,3,교과_전문_의미,,INDIVIDUAL_REVIEW_REQUIRED,해당없음(교재 연계 없음),NIKL_GRADE_PLUS_DETERMINISTIC_RULES,0,,충돌,경계(L3~L4)
SC_V1925_B025_024,광대뼈,명사,4,L2,,3,교과_전문_의미,,INDIVIDUAL_REVIEW_REQUIRED,해당없음(교재 연계 없음),NIKL_GRADE_PLUS_DETERMINISTIC_RULES,0,,충돌,경계(L3~L4)
SC_V1925_B025_027,광석,명사,4,L2,,3,교과_전문_의미,,INDIVIDUAL_REVIEW_REQUIRED,해당없음(교재 연계 없음),NIKL_GRADE_PLUS_DETERMINISTIC_RULES,0,,충돌,경계(L3~L4)
SC_V1925_B025_036,교과목,명사,4,L2,,3,교과_전문_의미,,INDIVIDUAL_REVIEW_REQUIRED,해당없음(교재 연계 없음),NIKL_GRADE_PLUS_DETERMINISTIC_RULES,0,,충돌,경계(L3~L4)
SC_V1926_B026_004,교향곡,명사,4,L2,,3,교과_전문_의미,,INDIVIDUAL_REVIEW_REQUIRED,해당없음(교재 연계 없음),NIKL_GRADE_PLUS_DETERMINISTIC_RULES,0,,충돌,경계(L3~L4)
SC_V1926_B026_005,교향악,명사,4,L2,,3,교과_전문_의미,,INDIVIDUAL_REVIEW_REQUIRED,해당없음(교재 연계 없음),NIKL_GRADE_PLUS_DETERMINISTIC_RULES,0,,충돌,경계(L3~L4)
SC_V1926_B026_006,교향악단,명사,4,L2,,3,교과_전문_의미,,INDIVIDUAL_REVIEW_REQUIRED,해당없음(교재 연계 없음),NIKL_GRADE_PLUS_DETERMINISTIC_RULES,0,,충돌,경계(L3~L4)
SC_V1926_B026_014,구들,명사,4,L2,,3,교과_전문_의미,,INDIVIDUAL_REVIEW_REQUIRED,해당없음(교재 연계 없음),NIKL_GRADE_PLUS_DETERMINISTIC_RULES,0,,충돌,경계(L3~L4)
SC_V1926_B026_015,구름다리,명사,4,L2,,3,교과_전문_의미,,INDIVIDUAL_REVIEW_REQUIRED,해당없음(교재 연계 없음),NIKL_GRADE_PLUS_DETERMINISTIC_RULES,0,,충돌,경계(L3~L4)
SC_V1926_B026_021,구석기,명사,4,L2,,3,교과_전문_의미,,INDIVIDUAL_REVIEW_REQUIRED,해당없음(교재 연계 없음),NIKL_GRADE_PLUS_DETERMINISTIC_RULES,0,,충돌,경계(L3~L4)
SC_V1926_B026_048,국악기,명사,4,L2,,3,교과_전문_의미,,INDIVIDUAL_REVIEW_REQUIRED,해당없음(교재 연계 없음),NIKL_GRADE_PLUS_DETERMINISTIC_RULES,0,,충돌,경계(L3~L4)
SC_V1926_B026_050,국어학,명사,4,L2,,3,교과_전문_의미,,INDIVIDUAL_REVIEW_REQUIRED,해당없음(교재 연계 없음),NIKL_GRADE_PLUS_DETERMINISTIC_RULES,0,,충돌,경계(L3~L4)
SC_V1927_B027_042,귀농,명사,4,L2,,3,교과_전문_의미,,INDIVIDUAL_REVIEW_REQUIRED,해당없음(교재 연계 없음),NIKL_GRADE_PLUS_DETERMINISTIC_RULES,0,,충돌,경계(L3~L4)
SC_V1928_B028_007,귓바퀴,명사,4,L2,,3,교과_전문_의미,,INDIVIDUAL_REVIEW_REQUIRED,해당없음(교재 연계 없음),NIKL_GRADE_PLUS_DETERMINISTIC_RULES,0,,충돌,경계(L3~L4)
SC_V1928_B028_017,그라운드,명사,4,L2,,3,교과_전문_의미,,INDIVIDUAL_REVIEW_REQUIRED,해당없음(교재 연계 없음),NIKL_GRADE_PLUS_DETERMINISTIC_RULES,0,,충돌,경계(L3~L4)
SC_V1928_B028_021,그리기,명사,4,L2,,3,교과_전문_의미,,INDIVIDUAL_REVIEW_REQUIRED,해당없음(교재 연계 없음),NIKL_GRADE_PLUS_DETERMINISTIC_RULES,0,,충돌,경계(L3~L4)
SC_V1928_B028_025,그림물감,명사,3,L1,,1,교과_전문_의미,,INDIVIDUAL_REVIEW_REQUIRED,해당없음(교재 연계 없음),NIKL_GRADE_PLUS_DETERMINISTIC_RULES,0,,일치,경계(L1~L2)
SC_V1928_B028_035,극본,명사,3,L1,,1,교과_전문_의미,,INDIVIDUAL_REVIEW_REQUIRED,해당없음(교재 연계 없음),NIKL_GRADE_PLUS_DETERMINISTIC_RULES,0,,일치,경계(L1~L2)
SC_V1929_B029_002,글감,명사,4,L2,,3,교과_전문_의미,,INDIVIDUAL_REVIEW_REQUIRED,해당없음(교재 연계 없음),NIKL_GRADE_PLUS_DETERMINISTIC_RULES,0,,충돌,경계(L3~L4)
SC_V1929_B029_004,글러브,명사,3,L1,,1,교과_전문_의미,,INDIVIDUAL_REVIEW_REQUIRED,해당없음(교재 연계 없음),NIKL_GRADE_PLUS_DETERMINISTIC_RULES,0,,일치,경계(L1~L2)
SC_V1929_B029_021,금융,명사,4,L2,,3,교과_전문_의미,,INDIVIDUAL_REVIEW_REQUIRED,해당없음(교재 연계 없음),NIKL_GRADE_PLUS_DETERMINISTIC_RULES,0,,충돌,경계(L3~L4)
SC_V1929_B029_041,기계톱,명사,4,L2,,3,교과_전문_의미,,INDIVIDUAL_REVIEW_REQUIRED,해당없음(교재 연계 없음),NIKL_GRADE_PLUS_DETERMINISTIC_RULES,0,,충돌,경계(L3~L4)
SC_V1930_B030_008,기말고사,명사,3,L1,,1,교과_전문_의미,,INDIVIDUAL_REVIEW_REQUIRED,해당없음(교재 연계 없음),NIKL_GRADE_PLUS_DETERMINISTIC_RULES,0,,일치,경계(L1~L2)
SC_V1930_B030_019,기악곡,명사,4,L2,,3,교과_전문_의미,,INDIVIDUAL_REVIEW_REQUIRED,해당없음(교재 연계 없음),NIKL_GRADE_PLUS_DETERMINISTIC_RULES,0,,충돌,경계(L3~L4)
SC_V1930_B030_034,기중기,명사,4,L2,,3,교과_전문_의미,,INDIVIDUAL_REVIEW_REQUIRED,해당없음(교재 연계 없음),NIKL_GRADE_PLUS_DETERMINISTIC_RULES,0,,충돌,경계(L3~L4)
SC_V1930_B030_040,기행문,명사,4,L2,,3,교과_전문_의미,,INDIVIDUAL_REVIEW_REQUIRED,해당없음(교재 연계 없음),NIKL_GRADE_PLUS_DETERMINISTIC_RULES,0,,충돌,경계(L3~L4)
SC_V1930_B030_043,기후표,명사,4,L2,,3,교과_전문_의미,,INDIVIDUAL_REVIEW_REQUIRED,해당없음(교재 연계 없음),NIKL_GRADE_PLUS_DETERMINISTIC_RULES,0,,충돌,경계(L3~L4)
SC_V1931_B031_033,꺾꽂이,명사,4,L2,,3,교과_전문_의미,,INDIVIDUAL_REVIEW_REQUIRED,해당없음(교재 연계 없음),NIKL_GRADE_PLUS_DETERMINISTIC_RULES,0,,충돌,경계(L3~L4)
SC_V1931_B031_034,꺾꽂이하다,동사,4,L2,,3,교과_전문_의미,,INDIVIDUAL_REVIEW_REQUIRED,해당없음(교재 연계 없음),NIKL_GRADE_PLUS_DETERMINISTIC_RULES,0,,충돌,경계(L3~L4)
SC_V1931_B031_040,꼬리지느러미,명사,4,L2,,3,교과_전문_의미,,INDIVIDUAL_REVIEW_REQUIRED,해당없음(교재 연계 없음),NIKL_GRADE_PLUS_DETERMINISTIC_RULES,0,,충돌,경계(L3~L4)
SC_V1931_B031_045,꼴뚜기,명사,4,L2,,3,교과_전문_의미,,INDIVIDUAL_REVIEW_REQUIRED,해당없음(교재 연계 없음),NIKL_GRADE_PLUS_DETERMINISTIC_RULES,0,,충돌,경계(L3~L4)
SC_V1931_B031_050,꽃가루,명사,3,L1,,1,교과_전문_의미,,INDIVIDUAL_REVIEW_REQUIRED,해당없음(교재 연계 없음),NIKL_GRADE_PLUS_DETERMINISTIC_RULES,0,,일치,경계(L1~L2)
SC_V1932_B032_003,꽃나비,명사,4,L2,,3,교과_전문_의미,,INDIVIDUAL_REVIEW_REQUIRED,해당없음(교재 연계 없음),NIKL_GRADE_PLUS_DETERMINISTIC_RULES,0,,충돌,경계(L3~L4)
SC_V1932_B032_005,꽃눈,명사,4,L2,,3,교과_전문_의미,,INDIVIDUAL_REVIEW_REQUIRED,해당없음(교재 연계 없음),NIKL_GRADE_PLUS_DETERMINISTIC_RULES,0,,충돌,경계(L3~L4)
SC_V1932_B032_011,꽃받침,명사,3,L1,,1,교과_전문_의미,,INDIVIDUAL_REVIEW_REQUIRED,해당없음(교재 연계 없음),NIKL_GRADE_PLUS_DETERMINISTIC_RULES,0,,일치,경계(L1~L2)
SC_V1933_B033_003,나노,명사,4,L2,,3,교과_전문_의미,,INDIVIDUAL_REVIEW_REQUIRED,해당없음(교재 연계 없음),NIKL_GRADE_PLUS_DETERMINISTIC_RULES,0,,충돌,경계(L3~L4)
SC_V1933_B033_004,나눗셈,명사,3,L1,,1,교과_전문_의미,,INDIVIDUAL_REVIEW_REQUIRED,해당없음(교재 연계 없음),NIKL_GRADE_PLUS_DETERMINISTIC_RULES,0,,일치,경계(L1~L2)
SC_V1933_B033_015,나무줄기,명사,4,L2,,3,교과_전문_의미,,INDIVIDUAL_REVIEW_REQUIRED,해당없음(교재 연계 없음),NIKL_GRADE_PLUS_DETERMINISTIC_RULES,0,,충돌,경계(L3~L4)
SC_V1933_B033_027,낙농,명사,4,L2,,3,교과_전문_의미,,INDIVIDUAL_REVIEW_REQUIRED,해당없음(교재 연계 없음),NIKL_GRADE_PLUS_DETERMINISTIC_RULES,0,,충돌,경계(L3~L4)
SC_V1933_B033_028,낙농업,명사,4,L2,,3,교과_전문_의미,,INDIVIDUAL_REVIEW_REQUIRED,해당없음(교재 연계 없음),NIKL_GRADE_PLUS_DETERMINISTIC_RULES,0,,충돌,경계(L3~L4)
SC_V1935_B035_021,너와집,명사,4,L2,,3,교과_전문_의미,,INDIVIDUAL_REVIEW_REQUIRED,해당없음(교재 연계 없음),NIKL_GRADE_PLUS_DETERMINISTIC_RULES,0,,충돌,경계(L3~L4)
SC_V1935_B035_022,너트,명사,4,L2,,3,교과_전문_의미,,INDIVIDUAL_REVIEW_REQUIRED,해당없음(교재 연계 없음),NIKL_GRADE_PLUS_DETERMINISTIC_RULES,0,,충돌,경계(L3~L4)
SC_V1935_B035_029,넝쿨,명사,3,L1,,1,교과_전문_의미,,INDIVIDUAL_REVIEW_REQUIRED,해당없음(교재 연계 없음),NIKL_GRADE_PLUS_DETERMINISTIC_RULES,0,,일치,경계(L1~L2)
SC_V1935_B035_038,노동력,명사,3,L1,,2,교과_전문_의미,,INDIVIDUAL_REVIEW_REQUIRED,해당없음(교재 연계 없음),NIKL_GRADE_PLUS_DETERMINISTIC_RULES,0,,충돌,경계(L1~L2)
SC_V1936_B036_007,노트북,명사,3,L1,,1,교과_전문_의미,,INDIVIDUAL_REVIEW_REQUIRED,해당없음(교재 연계 없음),NIKL_GRADE_PLUS_DETERMINISTIC_RULES,0,,일치,경계(L1~L2)
SC_V1936_B036_011,녹지대,명사,4,L2,,3,교과_전문_의미,,INDIVIDUAL_REVIEW_REQUIRED,해당없음(교재 연계 없음),NIKL_GRADE_PLUS_DETERMINISTIC_RULES,0,,충돌,경계(L3~L4)
SC_V1936_B036_015,논설문,명사,4,L2,,3,교과_전문_의미,,INDIVIDUAL_REVIEW_REQUIRED,해당없음(교재 연계 없음),NIKL_GRADE_PLUS_DETERMINISTIC_RULES,0,,충돌,경계(L3~L4)
SC_V1936_B036_024,놋쇠,명사,4,L2,,3,교과_전문_의미,,INDIVIDUAL_REVIEW_REQUIRED,해당없음(교재 연계 없음),NIKL_GRADE_PLUS_DETERMINISTIC_RULES,0,,충돌,경계(L3~L4)
SC_V1936_B036_029,농기계,명사,4,L2,,3,교과_전문_의미,,INDIVIDUAL_REVIEW_REQUIRED,해당없음(교재 연계 없음),NIKL_GRADE_PLUS_DETERMINISTIC_RULES,0,,충돌,경계(L3~L4)
SC_V1936_B036_044,농업국,명사,4,L2,,3,교과_전문_의미,,INDIVIDUAL_REVIEW_REQUIRED,해당없음(교재 연계 없음),NIKL_GRADE_PLUS_DETERMINISTIC_RULES,0,,충돌,경계(L3~L4)
SC_V1936_B036_045,농업용수,명사,4,L2,,3,교과_전문_의미,,INDIVIDUAL_REVIEW_REQUIRED,해당없음(교재 연계 없음),NIKL_GRADE_PLUS_DETERMINISTIC_RULES,0,,충돌,경계(L3~L4)
SC_V1936_B036_046,농원,명사,4,L2,,3,교과_전문_의미,,INDIVIDUAL_REVIEW_REQUIRED,해당없음(교재 연계 없음),NIKL_GRADE_PLUS_DETERMINISTIC_RULES,0,,충돌,경계(L3~L4)
SC_V1936_B036_049,높이뛰기,명사,3,L1,,1,교과_전문_의미,,INDIVIDUAL_REVIEW_REQUIRED,해당없음(교재 연계 없음),NIKL_GRADE_PLUS_DETERMINISTIC_RULES,0,,일치,경계(L1~L2)
SC_V1936_B036_050,높임,명사,4,L2,,3,교과_전문_의미,,INDIVIDUAL_REVIEW_REQUIRED,해당없음(교재 연계 없음),NIKL_GRADE_PLUS_DETERMINISTIC_RULES,0,,충돌,경계(L3~L4)
SC_V1937_B037_001,높임법,명사,4,L2,,3,교과_전문_의미,,INDIVIDUAL_REVIEW_REQUIRED,해당없음(교재 연계 없음),NIKL_GRADE_PLUS_DETERMINISTIC_RULES,0,,충돌,경계(L3~L4)
SC_V1937_B037_013,누에고치,명사,4,L2,,3,교과_전문_의미,,INDIVIDUAL_REVIEW_REQUIRED,해당없음(교재 연계 없음),NIKL_GRADE_PLUS_DETERMINISTIC_RULES,0,,충돌,경계(L3~L4)
SC_V1937_B037_014,누에치기,명사,4,L2,,3,교과_전문_의미,,INDIVIDUAL_REVIEW_REQUIRED,해당없음(교재 연계 없음),NIKL_GRADE_PLUS_DETERMINISTIC_RULES,0,,충돌,경계(L3~L4)
SC_V1937_B037_027,눈물샘,명사,4,L2,,3,교과_전문_의미,,INDIVIDUAL_REVIEW_REQUIRED,해당없음(교재 연계 없음),NIKL_GRADE_PLUS_DETERMINISTIC_RULES,0,,충돌,경계(L3~L4)
SC_V1938_B038_015,늴리리야,명사,4,L2,,3,교과_전문_의미,,INDIVIDUAL_REVIEW_REQUIRED,해당없음(교재 연계 없음),NIKL_GRADE_PLUS_DETERMINISTIC_RULES,0,,충돌,경계(L3~L4)
SC_V1938_B038_016,니크롬선,명사,4,L2,,3,교과_전문_의미,,INDIVIDUAL_REVIEW_REQUIRED,해당없음(교재 연계 없음),NIKL_GRADE_PLUS_DETERMINISTIC_RULES,0,,충돌,경계(L3~L4)
SC_V1938_B038_018,다각형,명사,4,L2,,3,교과_전문_의미,,INDIVIDUAL_REVIEW_REQUIRED,해당없음(교재 연계 없음),NIKL_GRADE_PLUS_DETERMINISTIC_RULES,0,,충돌,경계(L3~L4)
SC_V1938_B038_021,다년생,명사,4,L2,,3,교과_전문_의미,,INDIVIDUAL_REVIEW_REQUIRED,해당없음(교재 연계 없음),NIKL_GRADE_PLUS_DETERMINISTIC_RULES,0,,충돌,경계(L3~L4)
SC_V1938_B038_039,다운로드,명사,4,L2,,3,교과_전문_의미,,INDIVIDUAL_REVIEW_REQUIRED,해당없음(교재 연계 없음),NIKL_GRADE_PLUS_DETERMINISTIC_RULES,0,,충돌,경계(L3~L4)
SC_V1938_B038_046,다큐멘터리,명사,4,L2,,3,교과_전문_의미,,INDIVIDUAL_REVIEW_REQUIRED,해당없음(교재 연계 없음),NIKL_GRADE_PLUS_DETERMINISTIC_RULES,0,,충돌,경계(L3~L4)
SC_V1938_B038_050,단감,명사,3,L1,,1,교과_전문_의미,,INDIVIDUAL_REVIEW_REQUIRED,해당없음(교재 연계 없음),NIKL_GRADE_PLUS_DETERMINISTIC_RULES,0,,일치,경계(L1~L2)
SC_V1939_B039_009,단옷날,명사,4,L2,,3,교과_전문_의미,,INDIVIDUAL_REVIEW_REQUIRED,해당없음(교재 연계 없음),NIKL_GRADE_PLUS_DETERMINISTIC_RULES,0,,충돌,경계(L3~L4)
SC_V1939_B039_010,단일어,명사,4,L2,,3,교과_전문_의미,,INDIVIDUAL_REVIEW_REQUIRED,해당없음(교재 연계 없음),NIKL_GRADE_PLUS_DETERMINISTIC_RULES,0,,충돌,경계(L3~L4)
SC_V1939_B039_015,단체전,명사,4,L2,,3,교과_전문_의미,,INDIVIDUAL_REVIEW_REQUIRED,해당없음(교재 연계 없음),NIKL_GRADE_PLUS_DETERMINISTIC_RULES,0,,충돌,경계(L3~L4)
SC_V1939_B039_045,닮은꼴,명사,3,L1,,2,교과_전문_의미,,INDIVIDUAL_REVIEW_REQUIRED,해당없음(교재 연계 없음),NIKL_GRADE_PLUS_DETERMINISTIC_RULES,0,,충돌,경계(L1~L2)
SC_V1940_B040_012,대각선,명사,3,L1,,1,교과_전문_의미,,INDIVIDUAL_REVIEW_REQUIRED,해당없음(교재 연계 없음),NIKL_GRADE_PLUS_DETERMINISTIC_RULES,0,,일치,경계(L1~L2)
SC_V1940_B040_038,대보름,명사,3,L1,,1,교과_전문_의미,,INDIVIDUAL_REVIEW_REQUIRED,해당없음(교재 연계 없음),NIKL_GRADE_PLUS_DETERMINISTIC_RULES,0,,일치,경계(L1~L2)
SC_V1940_B040_039,대보름날,명사,4,L2,,3,교과_전문_의미,,INDIVIDUAL_REVIEW_REQUIRED,해당없음(교재 연계 없음),NIKL_GRADE_PLUS_DETERMINISTIC_RULES,0,,충돌,경계(L3~L4)
SC_V1941_B041_021,대학원,명사,4,L2,,3,교과_전문_의미,,INDIVIDUAL_REVIEW_REQUIRED,해당없음(교재 연계 없음),NIKL_GRADE_PLUS_DETERMINISTIC_RULES,0,,충돌,경계(L3~L4)
SC_V1941_B041_026,댓글,명사,4,L2,,3,교과_전문_의미,,INDIVIDUAL_REVIEW_REQUIRED,해당없음(교재 연계 없음),NIKL_GRADE_PLUS_DETERMINISTIC_RULES,0,,충돌,경계(L3~L4)
SC_V1941_B041_044,덧거름,명사,4,L2,,3,교과_전문_의미,,INDIVIDUAL_REVIEW_REQUIRED,해당없음(교재 연계 없음),NIKL_GRADE_PLUS_DETERMINISTIC_RULES,0,,충돌,경계(L3~L4)
SC_V1941_B041_047,덩굴,명사,3,L1,,1,교과_전문_의미,,INDIVIDUAL_REVIEW_REQUIRED,해당없음(교재 연계 없음),NIKL_GRADE_PLUS_DETERMINISTIC_RULES,0,,일치,경계(L1~L2)
SC_V1942_B042_005,데스크톱,명사,4,L2,,3,교과_전문_의미,,INDIVIDUAL_REVIEW_REQUIRED,해당없음(교재 연계 없음),NIKL_GRADE_PLUS_DETERMINISTIC_RULES,0,,충돌,경계(L3~L4)
SC_V1942_B042_019,도시권,명사,4,L2,,3,교과_전문_의미,,INDIVIDUAL_REVIEW_REQUIRED,해당없음(교재 연계 없음),NIKL_GRADE_PLUS_DETERMINISTIC_RULES,0,,충돌,경계(L3~L4)
SC_V1942_B042_021,도움닫기,명사,4,L2,,3,교과_전문_의미,,INDIVIDUAL_REVIEW_REQUIRED,해당없음(교재 연계 없음),NIKL_GRADE_PLUS_DETERMINISTIC_RULES,0,,충돌,경계(L3~L4)
SC_V1942_B042_024,도장공,명사,4,L2,,3,교과_전문_의미,,INDIVIDUAL_REVIEW_REQUIRED,해당없음(교재 연계 없음),NIKL_GRADE_PLUS_DETERMINISTIC_RULES,0,,충돌,경계(L3~L4)
SC_V1942_B042_030,독거미,명사,3,L1,,1,교과_전문_의미,,INDIVIDUAL_REVIEW_REQUIRED,해당없음(교재 연계 없음),NIKL_GRADE_PLUS_DETERMINISTIC_RULES,0,,일치,경계(L1~L2)
SC_V1942_B042_038,독창회,명사,4,L2,,3,교과_전문_의미,,INDIVIDUAL_REVIEW_REQUIRED,해당없음(교재 연계 없음),NIKL_GRADE_PLUS_DETERMINISTIC_RULES,0,,충돌,경계(L3~L4)
SC_V1942_B042_048,돌도끼,명사,4,L2,,3,교과_전문_의미,,INDIVIDUAL_REVIEW_REQUIRED,해당없음(교재 연계 없음),NIKL_GRADE_PLUS_DETERMINISTIC_RULES,0,,충돌,경계(L3~L4)
SC_V1943_B043_032,동심원,명사,4,L2,,3,교과_전문_의미,,INDIVIDUAL_REVIEW_REQUIRED,해당없음(교재 연계 없음),NIKL_GRADE_PLUS_DETERMINISTIC_RULES,0,,충돌,경계(L3~L4)
SC_V1943_B043_035,동음이의어,명사,4,L2,,3,교과_전문_의미,,INDIVIDUAL_REVIEW_REQUIRED,해당없음(교재 연계 없음),NIKL_GRADE_PLUS_DETERMINISTIC_RULES,0,,충돌,경계(L3~L4)
SC_V1944_B044_003,되새김질하다,동사,4,L2,,3,교과_전문_의미,,INDIVIDUAL_REVIEW_REQUIRED,해당없음(교재 연계 없음),NIKL_GRADE_PLUS_DETERMINISTIC_RULES,0,,충돌,경계(L3~L4)
SC_V1944_B044_007,된소리,명사,4,L2,,3,교과_전문_의미,,INDIVIDUAL_REVIEW_REQUIRED,해당없음(교재 연계 없음),NIKL_GRADE_PLUS_DETERMINISTIC_RULES,0,,충돌,경계(L3~L4)
SC_V1944_B044_026,둔각,명사,4,L2,,3,교과_전문_의미,,INDIVIDUAL_REVIEW_REQUIRED,해당없음(교재 연계 없음),NIKL_GRADE_PLUS_DETERMINISTIC_RULES,0,,충돌,경계(L3~L4)
SC_V1945_B045_038,등고선,명사,4,L2,,3,교과_전문_의미,,INDIVIDUAL_REVIEW_REQUIRED,해당없음(교재 연계 없음),NIKL_GRADE_PLUS_DETERMINISTIC_RULES,0,,충돌,경계(L3~L4)
SC_V1946_B046_010,디지털,명사,3,L1,,2,교과_전문_의미,,INDIVIDUAL_REVIEW_REQUIRED,해당없음(교재 연계 없음),NIKL_GRADE_PLUS_DETERMINISTIC_RULES,0,,충돌,경계(L1~L2)
SC_V1946_B046_011,따개비,명사,4,L2,,3,교과_전문_의미,,INDIVIDUAL_REVIEW_REQUIRED,해당없음(교재 연계 없음),NIKL_GRADE_PLUS_DETERMINISTIC_RULES,0,,충돌,경계(L3~L4)
SC_V1946_B046_021,따옴표,명사,3,L1,,2,교과_전문_의미,,INDIVIDUAL_REVIEW_REQUIRED,해당없음(교재 연계 없음),NIKL_GRADE_PLUS_DETERMINISTIC_RULES,0,,충돌,경계(L1~L2)
SC_V1947_B047_035,뜻글자,명사,4,L2,,3,교과_전문_의미,,INDIVIDUAL_REVIEW_REQUIRED,해당없음(교재 연계 없음),NIKL_GRADE_PLUS_DETERMINISTIC_RULES,0,,충돌,경계(L3~L4)
SC_V1947_B047_037,뜻풀이,명사,4,L2,,3,교과_전문_의미,,INDIVIDUAL_REVIEW_REQUIRED,해당없음(교재 연계 없음),NIKL_GRADE_PLUS_DETERMINISTIC_RULES,0,,충돌,경계(L3~L4)
SC_V1947_B047_038,띄어쓰기,명사,3,L1,,2,교과_전문_의미,,INDIVIDUAL_REVIEW_REQUIRED,해당없음(교재 연계 없음),NIKL_GRADE_PLUS_DETERMINISTIC_RULES,0,,충돌,경계(L1~L2)
SC_V1947_B047_040,라스,명사,4,L2,,3,교과_전문_의미,,INDIVIDUAL_REVIEW_REQUIRED,해당없음(교재 연계 없음),NIKL_GRADE_PLUS_DETERMINISTIC_RULES,0,,충돌,경계(L3~L4)
SC_V1947_B047_042,라켓,명사,4,L2,,3,교과_전문_의미,,INDIVIDUAL_REVIEW_REQUIRED,해당없음(교재 연계 없음),NIKL_GRADE_PLUS_DETERMINISTIC_RULES,0,,충돌,경계(L3~L4)
SC_V1947_B047_045,러시아어,명사,4,L2,,3,교과_전문_의미,,INDIVIDUAL_REVIEW_REQUIRED,해당없음(교재 연계 없음),NIKL_GRADE_PLUS_DETERMINISTIC_RULES,0,,충돌,경계(L3~L4)
SC_V1947_B047_049,레이더,명사,4,L2,,3,교과_전문_의미,,INDIVIDUAL_REVIEW_REQUIRED,해당없음(교재 연계 없음),NIKL_GRADE_PLUS_DETERMINISTIC_RULES,0,,충돌,경계(L3~L4)
SC_V1948_B048_004,롤러스케이트,명사,4,L2,,3,교과_전문_의미,,INDIVIDUAL_REVIEW_REQUIRED,해당없음(교재 연계 없음),NIKL_GRADE_PLUS_DETERMINISTIC_RULES,0,,충돌,경계(L3~L4)
SC_V1948_B048_023,마루방,명사,4,L2,,3,교과_전문_의미,,INDIVIDUAL_REVIEW_REQUIRED,해당없음(교재 연계 없음),NIKL_GRADE_PLUS_DETERMINISTIC_RULES,0,,충돌,경계(L3~L4)
SC_V1948_B048_030,마름모,명사,3,L1,,1,교과_전문_의미,,INDIVIDUAL_REVIEW_REQUIRED,해당없음(교재 연계 없음),NIKL_GRADE_PLUS_DETERMINISTIC_RULES,0,,일치,경계(L1~L2)
SC_V1948_B048_042,마케팅,명사,4,L2,,3,교과_전문_의미,,INDIVIDUAL_REVIEW_REQUIRED,해당없음(교재 연계 없음),NIKL_GRADE_PLUS_DETERMINISTIC_RULES,0,,충돌,경계(L3~L4)
SC_V1949_B049_025,말굽자석,명사,4,L2,,3,교과_전문_의미,,INDIVIDUAL_REVIEW_REQUIRED,해당없음(교재 연계 없음),NIKL_GRADE_PLUS_DETERMINISTIC_RULES,0,,충돌,경계(L3~L4)
SC_V1950_B050_020,매립지,명사,4,L2,,3,교과_전문_의미,,INDIVIDUAL_REVIEW_REQUIRED,해당없음(교재 연계 없음),NIKL_GRADE_PLUS_DETERMINISTIC_RULES,0,,충돌,경계(L3~L4)
SC_V1950_B050_025,매스,명사,4,L2,,3,교과_전문_의미,,INDIVIDUAL_REVIEW_REQUIRED,해당없음(교재 연계 없음),NIKL_GRADE_PLUS_DETERMINISTIC_RULES,0,,충돌,경계(L3~L4)
SC_V1951_B051_008,멀리뛰기,명사,3,L1,,1,교과_전문_의미,,INDIVIDUAL_REVIEW_REQUIRED,해당없음(교재 연계 없음),NIKL_GRADE_PLUS_DETERMINISTIC_RULES,0,,일치,경계(L1~L2)
SC_V1951_B051_012,멀티미디어,명사,4,L2,,4,교과_전문_의미,레벨격차과대(2단계이상),INDIVIDUAL_REVIEW_REQUIRED,해당없음(교재 연계 없음),NIKL_GRADE_PLUS_DETERMINISTIC_RULES,0,,충돌,경계(L3~L4)
SC_V1951_B051_024,메일,명사,3,L1,,1,교과_전문_의미,,INDIVIDUAL_REVIEW_REQUIRED,해당없음(교재 연계 없음),NIKL_GRADE_PLUS_DETERMINISTIC_RULES,0,,일치,경계(L1~L2)
SC_V1951_B051_028,멜로디,명사,3,L1,,1,교과_전문_의미,,INDIVIDUAL_REVIEW_REQUIRED,해당없음(교재 연계 없음),NIKL_GRADE_PLUS_DETERMINISTIC_RULES,0,,일치,경계(L1~L2)
SC_V1951_B051_029,멜로디언,명사,4,L2,,3,교과_전문_의미,,INDIVIDUAL_REVIEW_REQUIRED,해당없음(교재 연계 없음),NIKL_GRADE_PLUS_DETERMINISTIC_RULES,0,,충돌,경계(L3~L4)
SC_V1951_B051_035,면사무소,명사,3,L1,,2,교과_전문_의미,,INDIVIDUAL_REVIEW_REQUIRED,해당없음(교재 연계 없음),NIKL_GRADE_PLUS_DETERMINISTIC_RULES,0,,충돌,경계(L1~L2)
SC_V1951_B051_036,면적,명사,3,L1,,2,교과_전문_의미,,INDIVIDUAL_REVIEW_REQUIRED,해당없음(교재 연계 없음),NIKL_GRADE_PLUS_DETERMINISTIC_RULES,0,,충돌,경계(L1~L2)
SC_V1951_B051_037,면직물,명사,4,L2,,3,교과_전문_의미,,INDIVIDUAL_REVIEW_REQUIRED,해당없음(교재 연계 없음),NIKL_GRADE_PLUS_DETERMINISTIC_RULES,0,,충돌,경계(L3~L4)
SC_V1951_B051_048,명령어,명사,4,L2,,3,교과_전문_의미,,INDIVIDUAL_REVIEW_REQUIRED,해당없음(교재 연계 없음),NIKL_GRADE_PLUS_DETERMINISTIC_RULES,0,,충돌,경계(L3~L4)
SC_V1952_B052_017,모내기,명사,3,L1,,1,교과_전문_의미,,INDIVIDUAL_REVIEW_REQUIRED,해당없음(교재 연계 없음),NIKL_GRADE_PLUS_DETERMINISTIC_RULES,0,,일치,경계(L1~L2)
SC_V1952_B052_018,모내기하다,동사,4,L2,,3,교과_전문_의미,,INDIVIDUAL_REVIEW_REQUIRED,해당없음(교재 연계 없음),NIKL_GRADE_PLUS_DETERMINISTIC_RULES,0,,충돌,경계(L3~L4)
SC_V1952_B052_019,모눈종이,명사,3,L1,,1,교과_전문_의미,,INDIVIDUAL_REVIEW_REQUIRED,해당없음(교재 연계 없음),NIKL_GRADE_PLUS_DETERMINISTIC_RULES,0,,일치,경계(L1~L2)
SC_V1952_B052_026,모래사막,명사,4,L2,,3,교과_전문_의미,,INDIVIDUAL_REVIEW_REQUIRED,해당없음(교재 연계 없음),NIKL_GRADE_PLUS_DETERMINISTIC_RULES,0,,충돌,경계(L3~L4)
SC_V1952_B052_031,모래흙,명사,4,L2,,3,교과_전문_의미,,INDIVIDUAL_REVIEW_REQUIRED,해당없음(교재 연계 없음),NIKL_GRADE_PLUS_DETERMINISTIC_RULES,0,,충돌,경계(L3~L4)
SC_V1952_B052_036,모심기,명사,4,L2,,3,교과_전문_의미,,INDIVIDUAL_REVIEW_REQUIRED,해당없음(교재 연계 없음),NIKL_GRADE_PLUS_DETERMINISTIC_RULES,0,,충돌,경계(L3~L4)
SC_V1952_B052_038,모음자,명사,4,L2,,3,교과_전문_의미,,INDIVIDUAL_REVIEW_REQUIRED,해당없음(교재 연계 없음),NIKL_GRADE_PLUS_DETERMINISTIC_RULES,0,,충돌,경계(L3~L4)
SC_V1952_B052_042,모직,명사,4,L2,,3,교과_전문_의미,,INDIVIDUAL_REVIEW_REQUIRED,해당없음(교재 연계 없음),NIKL_GRADE_PLUS_DETERMINISTIC_RULES,0,,충돌,경계(L3~L4)
SC_V1953_B053_012,목적어,명사,4,L2,,3,교과_전문_의미,,INDIVIDUAL_REVIEW_REQUIRED,해당없음(교재 연계 없음),NIKL_GRADE_PLUS_DETERMINISTIC_RULES,0,,충돌,경계(L3~L4)
SC_V1953_B053_029,몸길이,명사,4,L2,,3,교과_전문_의미,,INDIVIDUAL_REVIEW_REQUIRED,해당없음(교재 연계 없음),NIKL_GRADE_PLUS_DETERMINISTIC_RULES,0,,충돌,경계(L3~L4)
SC_V1953_B053_045,못줄,명사,4,L2,,3,교과_전문_의미,,INDIVIDUAL_REVIEW_REQUIRED,해당없음(교재 연계 없음),NIKL_GRADE_PLUS_DETERMINISTIC_RULES,0,,충돌,경계(L3~L4)
SC_V1954_B054_018,무생물,명사,4,L2,,3,교과_전문_의미,,INDIVIDUAL_REVIEW_REQUIRED,해당없음(교재 연계 없음),NIKL_GRADE_PLUS_DETERMINISTIC_RULES,0,,충돌,경계(L3~L4)
SC_V1954_B054_024,무언극,명사,4,L2,,3,교과_전문_의미,,INDIVIDUAL_REVIEW_REQUIRED,해당없음(교재 연계 없음),NIKL_GRADE_PLUS_DETERMINISTIC_RULES,0,,충돌,경계(L3~L4)
SC_V1955_B055_003,문맥,명사,4,L2,,3,교과_전문_의미,,INDIVIDUAL_REVIEW_REQUIRED,해당없음(교재 연계 없음),NIKL_GRADE_PLUS_DETERMINISTIC_RULES,0,,충돌,경계(L3~L4)
SC_V1955_B055_011,문지방,명사,4,L2,,3,교과_전문_의미,,INDIVIDUAL_REVIEW_REQUIRED,해당없음(교재 연계 없음),NIKL_GRADE_PLUS_DETERMINISTIC_RULES,0,,충돌,경계(L3~L4)
SC_V1955_B055_014,문틀,명사,4,L2,,3,교과_전문_의미,,INDIVIDUAL_REVIEW_REQUIRED,해당없음(교재 연계 없음),NIKL_GRADE_PLUS_DETERMINISTIC_RULES,0,,충돌,경계(L3~L4)
SC_V1955_B055_021,물구나무서기,명사,3,L1,,2,교과_전문_의미,,INDIVIDUAL_REVIEW_REQUIRED,해당없음(교재 연계 없음),NIKL_GRADE_PLUS_DETERMINISTIC_RULES,0,,충돌,경계(L1~L2)
SC_V1955_B055_030,물리학,명사,4,L2,,4,교과_전문_의미,레벨격차과대(2단계이상),INDIVIDUAL_REVIEW_REQUIRED,해당없음(교재 연계 없음),NIKL_GRADE_PLUS_DETERMINISTIC_RULES,0,,충돌,경계(L3~L4)
SC_V1956_B056_005,물풀,명사,3,L1,,1,교과_전문_의미,,INDIVIDUAL_REVIEW_REQUIRED,해당없음(교재 연계 없음),NIKL_GRADE_PLUS_DETERMINISTIC_RULES,0,,일치,경계(L1~L2)
SC_V1956_B056_022,미생물,명사,4,L2,,3,교과_전문_의미,,INDIVIDUAL_REVIEW_REQUIRED,해당없음(교재 연계 없음),NIKL_GRADE_PLUS_DETERMINISTIC_RULES,0,,충돌,경계(L3~L4)
SC_V1956_B056_044,민물고기,명사,4,L2,,3,교과_전문_의미,,INDIVIDUAL_REVIEW_REQUIRED,해당없음(교재 연계 없음),NIKL_GRADE_PLUS_DETERMINISTIC_RULES,0,,충돌,경계(L3~L4)
SC_V1956_B056_047,민속춤,명사,3,L1,,1,교과_전문_의미,,INDIVIDUAL_REVIEW_REQUIRED,해당없음(교재 연계 없음),NIKL_GRADE_PLUS_DETERMINISTIC_RULES,0,,일치,경계(L1~L2)
SC_V1956_B056_048,민요풍,명사,4,L2,,3,교과_전문_의미,,INDIVIDUAL_REVIEW_REQUIRED,해당없음(교재 연계 없음),NIKL_GRADE_PLUS_DETERMINISTIC_RULES,0,,충돌,경계(L3~L4)
SC_V1957_B057_016,밑넓이,명사,4,L2,,3,교과_전문_의미,,INDIVIDUAL_REVIEW_REQUIRED,해당없음(교재 연계 없음),NIKL_GRADE_PLUS_DETERMINISTIC_RULES,0,,충돌,경계(L3~L4)
SC_V1957_B057_027,바닷물고기,명사,4,L2,,3,교과_전문_의미,,INDIVIDUAL_REVIEW_REQUIRED,해당없음(교재 연계 없음),NIKL_GRADE_PLUS_DETERMINISTIC_RULES,0,,충돌,경계(L3~L4)
SC_V1957_B057_028,바둑알,명사,3,L1,,1,교과_전문_의미,,INDIVIDUAL_REVIEW_REQUIRED,해당없음(교재 연계 없음),NIKL_GRADE_PLUS_DETERMINISTIC_RULES,0,,일치,경계(L1~L2)
SC_V1958_B058_006,반사경,명사,4,L2,,3,교과_전문_의미,,INDIVIDUAL_REVIEW_REQUIRED,해당없음(교재 연계 없음),NIKL_GRADE_PLUS_DETERMINISTIC_RULES,0,,충돌,경계(L3~L4)
SC_V1958_B058_014,반지름,명사,4,L2,,3,교과_전문_의미,,INDIVIDUAL_REVIEW_REQUIRED,해당없음(교재 연계 없음),NIKL_GRADE_PLUS_DETERMINISTIC_RULES,0,,충돌,경계(L3~L4)
SC_V1958_B058_019,반환점,명사,3,L1,,1,교과_전문_의미,,INDIVIDUAL_REVIEW_REQUIRED,해당없음(교재 연계 없음),NIKL_GRADE_PLUS_DETERMINISTIC_RULES,0,,일치,경계(L1~L2)
SC_V1958_B058_027,발동선,명사,4,L2,,3,교과_전문_의미,,INDIVIDUAL_REVIEW_REQUIRED,해당없음(교재 연계 없음),NIKL_GRADE_PLUS_DETERMINISTIC_RULES,0,,충돌,경계(L3~L4)
SC_V1958_B058_042,발야구,명사,4,L2,,3,교과_전문_의미,,INDIVIDUAL_REVIEW_REQUIRED,해당없음(교재 연계 없음),NIKL_GRADE_PLUS_DETERMINISTIC_RULES,0,,충돌,경계(L3~L4)
SC_V1959_B059_025,방부제,명사,4,L2,,4,교과_전문_의미,레벨격차과대(2단계이상),INDIVIDUAL_REVIEW_REQUIRED,해당없음(교재 연계 없음),NIKL_GRADE_PLUS_DETERMINISTIC_RULES,0,,충돌,경계(L3~L4)
SC_V1959_B059_026,방송극,명사,4,L2,,3,교과_전문_의미,,INDIVIDUAL_REVIEW_REQUIRED,해당없음(교재 연계 없음),NIKL_GRADE_PLUS_DETERMINISTIC_RULES,0,,충돌,경계(L3~L4)
SC_V1959_B059_037,방음벽,명사,4,L2,,3,교과_전문_의미,,INDIVIDUAL_REVIEW_REQUIRED,해당없음(교재 연계 없음),NIKL_GRADE_PLUS_DETERMINISTIC_RULES,0,,충돌,경계(L3~L4)
SC_V1959_B059_038,방정식,명사,4,L2,,3,교과_전문_의미,,INDIVIDUAL_REVIEW_REQUIRED,해당없음(교재 연계 없음),NIKL_GRADE_PLUS_DETERMINISTIC_RULES,0,,충돌,경계(L3~L4)
SC_V1959_B059_044,방파제,명사,4,L2,,3,교과_전문_의미,,INDIVIDUAL_REVIEW_REQUIRED,해당없음(교재 연계 없음),NIKL_GRADE_PLUS_DETERMINISTIC_RULES,0,,충돌,경계(L3~L4)
SC_V1959_B059_046,밭갈이,명사,4,L2,,3,교과_전문_의미,,INDIVIDUAL_REVIEW_REQUIRED,해당없음(교재 연계 없음),NIKL_GRADE_PLUS_DETERMINISTIC_RULES,0,,충돌,경계(L3~L4)
SC_V1960_B060_005,배드민턴,명사,3,L1,,1,교과_전문_의미,,INDIVIDUAL_REVIEW_REQUIRED,해당없음(교재 연계 없음),NIKL_GRADE_PLUS_DETERMINISTIC_RULES,0,,일치,경계(L1~L2)
SC_V1960_B060_010,배수로,명사,4,L2,,3,교과_전문_의미,,INDIVIDUAL_REVIEW_REQUIRED,해당없음(교재 연계 없음),NIKL_GRADE_PLUS_DETERMINISTIC_RULES,0,,충돌,경계(L3~L4)
SC_V1960_B060_012,배영,명사,4,L2,,3,교과_전문_의미,,INDIVIDUAL_REVIEW_REQUIRED,해당없음(교재 연계 없음),NIKL_GRADE_PLUS_DETERMINISTIC_RULES,0,,충돌,경계(L3~L4)
SC_V1960_B060_019,배턴,명사,4,L2,,3,교과_전문_의미,,INDIVIDUAL_REVIEW_REQUIRED,해당없음(교재 연계 없음),NIKL_GRADE_PLUS_DETERMINISTIC_RULES,0,,충돌,경계(L3~L4)
SC_V1960_B060_028,백열등,명사,4,L2,,3,교과_전문_의미,,INDIVIDUAL_REVIEW_REQUIRED,해당없음(교재 연계 없음),NIKL_GRADE_PLUS_DETERMINISTIC_RULES,0,,충돌,경계(L3~L4)
SC_V1960_B060_031,백지도,명사,4,L2,,3,교과_전문_의미,,INDIVIDUAL_REVIEW_REQUIRED,해당없음(교재 연계 없음),NIKL_GRADE_PLUS_DETERMINISTIC_RULES,0,,충돌,경계(L3~L4)
SC_V1960_B060_038,버그,명사,3,L1,,1,교과_전문_의미,,INDIVIDUAL_REVIEW_REQUIRED,해당없음(교재 연계 없음),NIKL_GRADE_PLUS_DETERMINISTIC_RULES,0,,일치,경계(L1~L2)
SC_V1960_B060_040,버너,명사,4,L2,,3,교과_전문_의미,,INDIVIDUAL_REVIEW_REQUIRED,해당없음(교재 연계 없음),NIKL_GRADE_PLUS_DETERMINISTIC_RULES,0,,충돌,경계(L3~L4)
SC_V1960_B060_041,버들강아지,명사,4,L2,,3,교과_전문_의미,,INDIVIDUAL_REVIEW_REQUIRED,해당없음(교재 연계 없음),NIKL_GRADE_PLUS_DETERMINISTIC_RULES,0,,충돌,경계(L3~L4)
SC_V1961_B061_010,번트,명사,4,L2,,3,교과_전문_의미,,INDIVIDUAL_REVIEW_REQUIRED,해당없음(교재 연계 없음),NIKL_GRADE_PLUS_DETERMINISTIC_RULES,0,,충돌,경계(L3~L4)
SC_V1961_B061_025,범칙금,명사,4,L2,,3,교과_전문_의미,,INDIVIDUAL_REVIEW_REQUIRED,해당없음(교재 연계 없음),NIKL_GRADE_PLUS_DETERMINISTIC_RULES,0,,충돌,경계(L3~L4)
SC_V1961_B061_026,법관,명사,4,L2,,3,교과_전문_의미,,INDIVIDUAL_REVIEW_REQUIRED,해당없음(교재 연계 없음),NIKL_GRADE_PLUS_DETERMINISTIC_RULES,0,,충돌,경계(L3~L4)
SC_V1961_B061_037,벼농사,명사,3,L1,,1,교과_전문_의미,,INDIVIDUAL_REVIEW_REQUIRED,해당없음(교재 연계 없음),NIKL_GRADE_PLUS_DETERMINISTIC_RULES,0,,일치,경계(L1~L2)
SC_V1961_B061_039,벼룩,명사,4,L2,,3,교과_전문_의미,,INDIVIDUAL_REVIEW_REQUIRED,해당없음(교재 연계 없음),NIKL_GRADE_PLUS_DETERMINISTIC_RULES,0,,충돌,경계(L3~L4)
SC_V1961_B061_047,벽돌집,명사,4,L2,,3,교과_전문_의미,,INDIVIDUAL_REVIEW_REQUIRED,해당없음(교재 연계 없음),NIKL_GRADE_PLUS_DETERMINISTIC_RULES,0,,충돌,경계(L3~L4)
SC_V1962_B062_006,변주곡,명사,4,L2,,3,교과_전문_의미,,INDIVIDUAL_REVIEW_REQUIRED,해당없음(교재 연계 없음),NIKL_GRADE_PLUS_DETERMINISTIC_RULES,0,,충돌,경계(L3~L4)
SC_V1962_B062_010,변호인,명사,4,L2,,3,교과_전문_의미,,INDIVIDUAL_REVIEW_REQUIRED,해당없음(교재 연계 없음),NIKL_GRADE_PLUS_DETERMINISTIC_RULES,0,,충돌,경계(L3~L4)
SC_V1962_B062_022,볍씨,명사,4,L2,,3,교과_전문_의미,,INDIVIDUAL_REVIEW_REQUIRED,해당없음(교재 연계 없음),NIKL_GRADE_PLUS_DETERMINISTIC_RULES,0,,충돌,경계(L3~L4)
SC_V1962_B062_031,병원균,명사,4,L2,,3,교과_전문_의미,,INDIVIDUAL_REVIEW_REQUIRED,해당없음(교재 연계 없음),NIKL_GRADE_PLUS_DETERMINISTIC_RULES,0,,충돌,경계(L3~L4)
SC_V1962_B062_038,보급로,명사,4,L2,,3,교과_전문_의미,,INDIVIDUAL_REVIEW_REQUIRED,해당없음(교재 연계 없음),NIKL_GRADE_PLUS_DETERMINISTIC_RULES,0,,충돌,경계(L3~L4)
SC_V1963_B063_011,보조선,명사,4,L2,,4,교과_전문_의미,레벨격차과대(2단계이상),INDIVIDUAL_REVIEW_REQUIRED,해당없음(교재 연계 없음),NIKL_GRADE_PLUS_DETERMINISTIC_RULES,0,,충돌,경계(L3~L4)
SC_V1963_B063_012,보청기,명사,4,L2,,3,교과_전문_의미,,INDIVIDUAL_REVIEW_REQUIRED,해당없음(교재 연계 없음),NIKL_GRADE_PLUS_DETERMINISTIC_RULES,0,,충돌,경계(L3~L4)
SC_V1963_B063_016,보험금,명사,4,L2,,3,교과_전문_의미,,INDIVIDUAL_REVIEW_REQUIRED,해당없음(교재 연계 없음),NIKL_GRADE_PLUS_DETERMINISTIC_RULES,0,,충돌,경계(L3~L4)
SC_V1963_B063_017,보험증,명사,4,L2,,4,교과_전문_의미,레벨격차과대(2단계이상),INDIVIDUAL_REVIEW_REQUIRED,해당없음(교재 연계 없음),NIKL_GRADE_PLUS_DETERMINISTIC_RULES,0,,충돌,경계(L3~L4)
SC_V1963_B063_021,복날,명사,4,L2,,3,교과_전문_의미,,INDIVIDUAL_REVIEW_REQUIRED,해당없음(교재 연계 없음),NIKL_GRADE_PLUS_DETERMINISTIC_RULES,0,,충돌,경계(L3~L4)
SC_V1964_B064_042,부엽토,명사,4,L2,,3,교과_전문_의미,,INDIVIDUAL_REVIEW_REQUIRED,해당없음(교재 연계 없음),NIKL_GRADE_PLUS_DETERMINISTIC_RULES,0,,충돌,경계(L3~L4)
SC_V1965_B065_006,부채춤,명사,4,L2,,3,교과_전문_의미,,INDIVIDUAL_REVIEW_REQUIRED,해당없음(교재 연계 없음),NIKL_GRADE_PLUS_DETERMINISTIC_RULES,0,,충돌,경계(L3~L4)
SC_V1965_B065_022,북장단,명사,4,L2,,3,교과_전문_의미,,INDIVIDUAL_REVIEW_REQUIRED,해당없음(교재 연계 없음),NIKL_GRADE_PLUS_DETERMINISTIC_RULES,0,,충돌,경계(L3~L4)
SC_V1965_B065_025,분교,명사,3,L1,,1,교과_전문_의미,,INDIVIDUAL_REVIEW_REQUIRED,해당없음(교재 연계 없음),NIKL_GRADE_PLUS_DETERMINISTIC_RULES,0,,일치,경계(L1~L2)
SC_V1965_B065_030,분모,명사,3,L1,,1,교과_전문_의미,,INDIVIDUAL_REVIEW_REQUIRED,해당없음(교재 연계 없음),NIKL_GRADE_PLUS_DETERMINISTIC_RULES,0,,일치,경계(L1~L2)
SC_V1965_B065_031,분비되다,동사,4,L2,,3,교과_전문_의미,,INDIVIDUAL_REVIEW_REQUIRED,해당없음(교재 연계 없음),NIKL_GRADE_PLUS_DETERMINISTIC_RULES,0,,충돌,경계(L3~L4)
SC_V1965_B065_032,분비물,명사,4,L2,,3,교과_전문_의미,,INDIVIDUAL_REVIEW_REQUIRED,해당없음(교재 연계 없음),NIKL_GRADE_PLUS_DETERMINISTIC_RULES,0,,충돌,경계(L3~L4)
SC_V1965_B065_039,분해자,명사,4,L2,,3,교과_전문_의미,,INDIVIDUAL_REVIEW_REQUIRED,해당없음(교재 연계 없음),NIKL_GRADE_PLUS_DETERMINISTIC_RULES,0,,충돌,경계(L3~L4)
SC_V1965_B065_041,분화구,명사,4,L2,,3,교과_전문_의미,,INDIVIDUAL_REVIEW_REQUIRED,해당없음(교재 연계 없음),NIKL_GRADE_PLUS_DETERMINISTIC_RULES,0,,충돌,경계(L3~L4)
SC_V1966_B066_037,브랜드,명사,3,L1,,2,교과_전문_의미,,INDIVIDUAL_REVIEW_REQUIRED,해당없음(교재 연계 없음),NIKL_GRADE_PLUS_DETERMINISTIC_RULES,0,,충돌,경계(L1~L2)
SC_V1966_B066_038,브이,명사,4,L2,,3,교과_전문_의미,,INDIVIDUAL_REVIEW_REQUIRED,해당없음(교재 연계 없음),NIKL_GRADE_PLUS_DETERMINISTIC_RULES,0,,충돌,경계(L3~L4)
SC_V1966_B066_041,블로그,명사,4,L2,,3,교과_전문_의미,,INDIVIDUAL_REVIEW_REQUIRED,해당없음(교재 연계 없음),NIKL_GRADE_PLUS_DETERMINISTIC_RULES,0,,충돌,경계(L3~L4)
SC_V1966_B066_043,비구름,명사,3,L1,,1,교과_전문_의미,,INDIVIDUAL_REVIEW_REQUIRED,해당없음(교재 연계 없음),NIKL_GRADE_PLUS_DETERMINISTIC_RULES,0,,일치,경계(L1~L2)
SC_V1967_B067_006,비례식,명사,4,L2,,3,교과_전문_의미,,INDIVIDUAL_REVIEW_REQUIRED,해당없음(교재 연계 없음),NIKL_GRADE_PLUS_DETERMINISTIC_RULES,0,,충돌,경계(L3~L4)
SC_V1967_B067_032,비커,명사,4,L2,,3,교과_전문_의미,,INDIVIDUAL_REVIEW_REQUIRED,해당없음(교재 연계 없음),NIKL_GRADE_PLUS_DETERMINISTIC_RULES,0,,충돌,경계(L3~L4)
SC_V1968_B068_007,빠르기,명사,4,L2,,3,교과_전문_의미,,INDIVIDUAL_REVIEW_REQUIRED,해당없음(교재 연계 없음),NIKL_GRADE_PLUS_DETERMINISTIC_RULES,0,,충돌,경계(L3~L4)
SC_V1968_B068_030,뼈마디,명사,4,L2,,3,교과_전문_의미,,INDIVIDUAL_REVIEW_REQUIRED,해당없음(교재 연계 없음),NIKL_GRADE_PLUS_DETERMINISTIC_RULES,0,,충돌,경계(L3~L4)
SC_V1968_B068_032,뽕잎,명사,4,L2,,3,교과_전문_의미,,INDIVIDUAL_REVIEW_REQUIRED,해당없음(교재 연계 없음),NIKL_GRADE_PLUS_DETERMINISTIC_RULES,0,,충돌,경계(L3~L4)
SC_V1968_B068_045,사각뿔,명사,4,L2,,3,교과_전문_의미,,INDIVIDUAL_REVIEW_REQUIRED,해당없음(교재 연계 없음),NIKL_GRADE_PLUS_DETERMINISTIC_RULES,0,,충돌,경계(L3~L4)
SC_V1969_B069_004,사다리꼴,명사,4,L2,,3,교과_전문_의미,,INDIVIDUAL_REVIEW_REQUIRED,해당없음(교재 연계 없음),NIKL_GRADE_PLUS_DETERMINISTIC_RULES,0,,충돌,경계(L3~L4)
SC_V1969_B069_005,사대문,명사,4,L2,,3,교과_전문_의미,,INDIVIDUAL_REVIEW_REQUIRED,해당없음(교재 연계 없음),NIKL_GRADE_PLUS_DETERMINISTIC_RULES,0,,충돌,경계(L3~L4)
SC_V1969_B069_015,사무라이,명사,4,L2,,3,교과_전문_의미,,INDIVIDUAL_REVIEW_REQUIRED,해당없음(교재 연계 없음),NIKL_GRADE_PLUS_DETERMINISTIC_RULES,0,,충돌,경계(L3~L4)
SC_V1969_B069_019,사물놀이,명사,4,L2,,3,교과_전문_의미,,INDIVIDUAL_REVIEW_REQUIRED,해당없음(교재 연계 없음),NIKL_GRADE_PLUS_DETERMINISTIC_RULES,0,,충돌,경계(L3~L4)
SC_V1969_B069_021,사법부,명사,4,L2,,3,교과_전문_의미,,INDIVIDUAL_REVIEW_REQUIRED,해당없음(교재 연계 없음),NIKL_GRADE_PLUS_DETERMINISTIC_RULES,0,,충돌,경계(L3~L4)
SC_V1969_B069_034,사이트,명사,3,L1,,2,교과_전문_의미,,INDIVIDUAL_REVIEW_REQUIRED,해당없음(교재 연계 없음),NIKL_GRADE_PLUS_DETERMINISTIC_RULES,0,,충돌,경계(L1~L2)
SC_V1969_B069_036,사자탈,명사,4,L2,,3,교과_전문_의미,,INDIVIDUAL_REVIEW_REQUIRED,해당없음(교재 연계 없음),NIKL_GRADE_PLUS_DETERMINISTIC_RULES,0,,충돌,경계(L3~L4)
SC_V1969_B069_050,사회과,명사,4,L2,,4,교과_전문_의미,레벨격차과대(2단계이상),INDIVIDUAL_REVIEW_REQUIRED,해당없음(교재 연계 없음),NIKL_GRADE_PLUS_DETERMINISTIC_RULES,0,,충돌,경계(L3~L4)
SC_V1970_B070_001,사회면,명사,4,L2,,3,교과_전문_의미,,INDIVIDUAL_REVIEW_REQUIRED,해당없음(교재 연계 없음),NIKL_GRADE_PLUS_DETERMINISTIC_RULES,0,,충돌,경계(L3~L4)
SC_V1970_B070_013,산바람,명사,4,L2,,3,교과_전문_의미,,INDIVIDUAL_REVIEW_REQUIRED,해당없음(교재 연계 없음),NIKL_GRADE_PLUS_DETERMINISTIC_RULES,0,,충돌,경계(L3~L4)
SC_V1970_B070_018,산삼,명사,3,L1,,1,교과_전문_의미,,INDIVIDUAL_REVIEW_REQUIRED,해당없음(교재 연계 없음),NIKL_GRADE_PLUS_DETERMINISTIC_RULES,0,,일치,경계(L1~L2)
SC_V1970_B070_022,산수화,명사,4,L2,,3,교과_전문_의미,,INDIVIDUAL_REVIEW_REQUIRED,해당없음(교재 연계 없음),NIKL_GRADE_PLUS_DETERMINISTIC_RULES,0,,충돌,경계(L3~L4)
SC_V1970_B070_023,산신령,명사,4,L2,,3,교과_전문_의미,,INDIVIDUAL_REVIEW_REQUIRED,해당없음(교재 연계 없음),NIKL_GRADE_PLUS_DETERMINISTIC_RULES,0,,충돌,경계(L3~L4)
SC_V1970_B070_032,산호초,명사,3,L1,,2,교과_전문_의미,,INDIVIDUAL_REVIEW_REQUIRED,해당없음(교재 연계 없음),NIKL_GRADE_PLUS_DETERMINISTIC_RULES,0,,충돌,경계(L1~L2)
SC_V1970_B070_048,살충제,명사,4,L2,,3,교과_전문_의미,,INDIVIDUAL_REVIEW_REQUIRED,해당없음(교재 연계 없음),NIKL_GRADE_PLUS_DETERMINISTIC_RULES,0,,충돌,경계(L3~L4)
SC_V1971_B071_002,삼각뿔,명사,4,L2,,3,교과_전문_의미,,INDIVIDUAL_REVIEW_REQUIRED,해당없음(교재 연계 없음),NIKL_GRADE_PLUS_DETERMINISTIC_RULES,0,,충돌,경계(L3~L4)
SC_V1971_B071_005,삼권,명사,4,L2,,3,교과_전문_의미,,INDIVIDUAL_REVIEW_REQUIRED,해당없음(교재 연계 없음),NIKL_GRADE_PLUS_DETERMINISTIC_RULES,0,,충돌,경계(L3~L4)
SC_V1971_B071_011,삼원색,명사,4,L2,,3,교과_전문_의미,,INDIVIDUAL_REVIEW_REQUIRED,해당없음(교재 연계 없음),NIKL_GRADE_PLUS_DETERMINISTIC_RULES,0,,충돌,경계(L3~L4)
SC_V1971_B071_012,삼팔선,명사,4,L2,,3,교과_전문_의미,,INDIVIDUAL_REVIEW_REQUIRED,해당없음(교재 연계 없음),NIKL_GRADE_PLUS_DETERMINISTIC_RULES,0,,충돌,경계(L3~L4)
SC_V1971_B071_026,상상화,명사,4,L2,,3,교과_전문_의미,,INDIVIDUAL_REVIEW_REQUIRED,해당없음(교재 연계 없음),NIKL_GRADE_PLUS_DETERMINISTIC_RULES,0,,충돌,경계(L3~L4)
SC_V1971_B071_036,상품권,명사,3,L1,,2,교과_전문_의미,,INDIVIDUAL_REVIEW_REQUIRED,해당없음(교재 연계 없음),NIKL_GRADE_PLUS_DETERMINISTIC_RULES,0,,충돌,경계(L1~L2)
SC_V1971_B071_041,상현달,명사,4,L2,,3,교과_전문_의미,,INDIVIDUAL_REVIEW_REQUIRED,해당없음(교재 연계 없음),NIKL_GRADE_PLUS_DETERMINISTIC_RULES,0,,충돌,경계(L3~L4)
SC_V1972_B072_033,생방송,명사,3,L1,,2,교과_전문_의미,,INDIVIDUAL_REVIEW_REQUIRED,해당없음(교재 연계 없음),NIKL_GRADE_PLUS_DETERMINISTIC_RULES,0,,충돌,경계(L1~L2)
SC_V1972_B072_034,생산량,명사,4,L2,,3,교과_전문_의미,,INDIVIDUAL_REVIEW_REQUIRED,해당없음(교재 연계 없음),NIKL_GRADE_PLUS_DETERMINISTIC_RULES,0,,충돌,경계(L3~L4)
SC_V1972_B072_035,생산력,명사,4,L2,,3,교과_전문_의미,,INDIVIDUAL_REVIEW_REQUIRED,해당없음(교재 연계 없음),NIKL_GRADE_PLUS_DETERMINISTIC_RULES,0,,충돌,경계(L3~L4)
SC_V1972_B072_036,생산물,명사,4,L2,,3,교과_전문_의미,,INDIVIDUAL_REVIEW_REQUIRED,해당없음(교재 연계 없음),NIKL_GRADE_PLUS_DETERMINISTIC_RULES,0,,충돌,경계(L3~L4)
SC_V1972_B072_037,생산비,명사,4,L2,,4,교과_전문_의미,레벨격차과대(2단계이상),INDIVIDUAL_REVIEW_REQUIRED,해당없음(교재 연계 없음),NIKL_GRADE_PLUS_DETERMINISTIC_RULES,0,,충돌,경계(L3~L4)
SC_V1972_B072_039,생산품,명사,4,L2,,3,교과_전문_의미,,INDIVIDUAL_REVIEW_REQUIRED,해당없음(교재 연계 없음),NIKL_GRADE_PLUS_DETERMINISTIC_RULES,0,,충돌,경계(L3~L4)
SC_V1973_B073_016,서낭당,명사,4,L2,,3,교과_전문_의미,,INDIVIDUAL_REVIEW_REQUIRED,해당없음(교재 연계 없음),NIKL_GRADE_PLUS_DETERMINISTIC_RULES,0,,충돌,경계(L3~L4)
SC_V1973_B073_019,서대문,명사,4,L2,,3,교과_전문_의미,,INDIVIDUAL_REVIEW_REQUIRED,해당없음(교재 연계 없음),NIKL_GRADE_PLUS_DETERMINISTIC_RULES,0,,충돌,경계(L3~L4)
SC_V1973_B073_023,서브,명사,3,L1,,2,교과_전문_의미,,INDIVIDUAL_REVIEW_REQUIRED,해당없음(교재 연계 없음),NIKL_GRADE_PLUS_DETERMINISTIC_RULES,0,,충돌,경계(L1~L2)
SC_V1973_B073_043,석불,명사,4,L2,,3,교과_전문_의미,,INDIVIDUAL_REVIEW_REQUIRED,해당없음(교재 연계 없음),NIKL_GRADE_PLUS_DETERMINISTIC_RULES,0,,충돌,경계(L3~L4)
SC_V1974_B074_005,선수권,명사,4,L2,,3,교과_전문_의미,,INDIVIDUAL_REVIEW_REQUIRED,해당없음(교재 연계 없음),NIKL_GRADE_PLUS_DETERMINISTIC_RULES,0,,충돌,경계(L3~L4)
SC_V1974_B074_026,설명문,명사,4,L2,,3,교과_전문_의미,,INDIVIDUAL_REVIEW_REQUIRED,해당없음(교재 연계 없음),NIKL_GRADE_PLUS_DETERMINISTIC_RULES,0,,충돌,경계(L3~L4)
SC_V1974_B074_038,성교육,명사,4,L2,,3,교과_전문_의미,,INDIVIDUAL_REVIEW_REQUIRED,해당없음(교재 연계 없음),NIKL_GRADE_PLUS_DETERMINISTIC_RULES,0,,충돌,경계(L3~L4)
SC_V1974_B074_048,성악가,명사,3,L1,,1,교과_전문_의미,,INDIVIDUAL_REVIEW_REQUIRED,해당없음(교재 연계 없음),NIKL_GRADE_PLUS_DETERMINISTIC_RULES,0,,일치,경계(L1~L2)
SC_V1974_B074_049,성악곡,명사,4,L2,,3,교과_전문_의미,,INDIVIDUAL_REVIEW_REQUIRED,해당없음(교재 연계 없음),NIKL_GRADE_PLUS_DETERMINISTIC_RULES,0,,충돌,경계(L3~L4)
SC_V1975_B075_012,세관원,명사,4,L2,,3,교과_전문_의미,,INDIVIDUAL_REVIEW_REQUIRED,해당없음(교재 연계 없음),NIKL_GRADE_PLUS_DETERMINISTIC_RULES,0,,충돌,경계(L3~L4)
SC_V1975_B075_032,센서,명사,3,L1,,2,교과_전문_의미,,INDIVIDUAL_REVIEW_REQUIRED,해당없음(교재 연계 없음),NIKL_GRADE_PLUS_DETERMINISTIC_RULES,0,,충돌,경계(L1~L2)
SC_V1975_B075_034,셀로판,명사,4,L2,,3,교과_전문_의미,,INDIVIDUAL_REVIEW_REQUIRED,해당없음(교재 연계 없음),NIKL_GRADE_PLUS_DETERMINISTIC_RULES,0,,충돌,경계(L3~L4)
SC_V1975_B075_035,셀로판지,명사,4,L2,,3,교과_전문_의미,,INDIVIDUAL_REVIEW_REQUIRED,해당없음(교재 연계 없음),NIKL_GRADE_PLUS_DETERMINISTIC_RULES,0,,충돌,경계(L3~L4)
SC_V1975_B075_036,셀프,명사,4,L2,,3,교과_전문_의미,,INDIVIDUAL_REVIEW_REQUIRED,해당없음(교재 연계 없음),NIKL_GRADE_PLUS_DETERMINISTIC_RULES,0,,충돌,경계(L3~L4)
SC_V1975_B075_037,셔틀,명사,4,L2,,3,교과_전문_의미,,INDIVIDUAL_REVIEW_REQUIRED,해당없음(교재 연계 없음),NIKL_GRADE_PLUS_DETERMINISTIC_RULES,0,,충돌,경계(L3~L4)
SC_V1975_B075_049,소도구,명사,4,L2,,3,교과_전문_의미,,INDIVIDUAL_REVIEW_REQUIRED,해당없음(교재 연계 없음),NIKL_GRADE_PLUS_DETERMINISTIC_RULES,0,,충돌,경계(L3~L4)
SC_V1976_B076_002,소리글자,명사,4,L2,,3,교과_전문_의미,,INDIVIDUAL_REVIEW_REQUIRED,해당없음(교재 연계 없음),NIKL_GRADE_PLUS_DETERMINISTIC_RULES,0,,충돌,경계(L3~L4)
SC_V1976_B076_008,소비재,명사,4,L2,,3,교과_전문_의미,,INDIVIDUAL_REVIEW_REQUIRED,해당없음(교재 연계 없음),NIKL_GRADE_PLUS_DETERMINISTIC_RULES,0,,충돌,경계(L3~L4)
SC_V1976_B076_013,소시민,명사,4,L2,,4,교과_전문_의미,레벨격차과대(2단계이상),INDIVIDUAL_REVIEW_REQUIRED,해당없음(교재 연계 없음),NIKL_GRADE_PLUS_DETERMINISTIC_RULES,0,,충돌,경계(L3~L4)
SC_V1976_B076_023,소유권,명사,4,L2,,4,교과_전문_의미,레벨격차과대(2단계이상),INDIVIDUAL_REVIEW_REQUIRED,해당없음(교재 연계 없음),NIKL_GRADE_PLUS_DETERMINISTIC_RULES,0,,충돌,경계(L3~L4)
SC_V1976_B076_031,소프라노,명사,3,L1,,1,교과_전문_의미,,INDIVIDUAL_REVIEW_REQUIRED,해당없음(교재 연계 없음),NIKL_GRADE_PLUS_DETERMINISTIC_RULES,0,,일치,경계(L1~L2)
SC_V1976_B076_033,소행성,명사,4,L2,,4,교과_전문_의미,레벨격차과대(2단계이상),INDIVIDUAL_REVIEW_REQUIRED,해당없음(교재 연계 없음),NIKL_GRADE_PLUS_DETERMINISTIC_RULES,0,,충돌,경계(L3~L4)
SC_V1976_B076_036,소화액,명사,4,L2,,3,교과_전문_의미,,INDIVIDUAL_REVIEW_REQUIRED,해당없음(교재 연계 없음),NIKL_GRADE_PLUS_DETERMINISTIC_RULES,0,,충돌,경계(L3~L4)
SC_V1976_B076_046,솎아베기,명사,4,L2,,3,교과_전문_의미,,INDIVIDUAL_REVIEW_REQUIRED,해당없음(교재 연계 없음),NIKL_GRADE_PLUS_DETERMINISTIC_RULES,0,,충돌,경계(L3~L4)
SC_V1977_B077_031,송곳니,명사,3,L1,,1,교과_전문_의미,,INDIVIDUAL_REVIEW_REQUIRED,해당없음(교재 연계 없음),NIKL_GRADE_PLUS_DETERMINISTIC_RULES,0,,일치,경계(L1~L2)
SC_V1977_B077_035,송신기,명사,4,L2,,3,교과_전문_의미,,INDIVIDUAL_REVIEW_REQUIRED,해당없음(교재 연계 없음),NIKL_GRADE_PLUS_DETERMINISTIC_RULES,0,,충돌,경계(L3~L4)
SC_V1977_B077_036,송신탑,명사,4,L2,,3,교과_전문_의미,,INDIVIDUAL_REVIEW_REQUIRED,해당없음(교재 연계 없음),NIKL_GRADE_PLUS_DETERMINISTIC_RULES,0,,충돌,경계(L3~L4)
SC_V1977_B077_039,송전선,명사,4,L2,,4,교과_전문_의미,레벨격차과대(2단계이상),INDIVIDUAL_REVIEW_REQUIRED,해당없음(교재 연계 없음),NIKL_GRADE_PLUS_DETERMINISTIC_RULES,0,,충돌,경계(L3~L4)
SC_V1977_B077_046,쇠스랑,명사,4,L2,,3,교과_전문_의미,,INDIVIDUAL_REVIEW_REQUIRED,해당없음(교재 연계 없음),NIKL_GRADE_PLUS_DETERMINISTIC_RULES,0,,충돌,경계(L3~L4)
SC_V1978_B078_013,수꽃,명사,4,L2,,3,교과_전문_의미,,INDIVIDUAL_REVIEW_REQUIRED,해당없음(교재 연계 없음),NIKL_GRADE_PLUS_DETERMINISTIC_RULES,0,,충돌,경계(L3~L4)
SC_V1978_B078_014,수능,명사,4,L2,,3,교과_전문_의미,,INDIVIDUAL_REVIEW_REQUIRED,해당없음(교재 연계 없음),NIKL_GRADE_PLUS_DETERMINISTIC_RULES,0,,충돌,경계(L3~L4)
SC_V1978_B078_030,수면제,명사,4,L2,,3,교과_전문_의미,,INDIVIDUAL_REVIEW_REQUIRED,해당없음(교재 연계 없음),NIKL_GRADE_PLUS_DETERMINISTIC_RULES,0,,충돌,경계(L3~L4)
SC_V1978_B078_032,수묵화,명사,4,L2,,3,교과_전문_의미,,INDIVIDUAL_REVIEW_REQUIRED,해당없음(교재 연계 없음),NIKL_GRADE_PLUS_DETERMINISTIC_RULES,0,,충돌,경계(L3~L4)
SC_V1978_B078_036,수비수,명사,4,L2,,3,교과_전문_의미,,INDIVIDUAL_REVIEW_REQUIRED,해당없음(교재 연계 없음),NIKL_GRADE_PLUS_DETERMINISTIC_RULES,0,,충돌,경계(L3~L4)
SC_V1979_B079_019,수채화,명사,3,L1,,2,교과_전문_의미,,INDIVIDUAL_REVIEW_REQUIRED,해당없음(교재 연계 없음),NIKL_GRADE_PLUS_DETERMINISTIC_RULES,0,,충돌,경계(L1~L2)
SC_V1979_B079_026,수출항,명사,4,L2,,3,교과_전문_의미,,INDIVIDUAL_REVIEW_REQUIRED,해당없음(교재 연계 없음),NIKL_GRADE_PLUS_DETERMINISTIC_RULES,0,,충돌,경계(L3~L4)
SC_V1980_B080_011,숨통,명사,3,L1,,2,교과_전문_의미,,INDIVIDUAL_REVIEW_REQUIRED,해당없음(교재 연계 없음),NIKL_GRADE_PLUS_DETERMINISTIC_RULES,0,,충돌,경계(L1~L2)
SC_V1980_B080_025,스케이팅,명사,4,L2,,3,교과_전문_의미,,INDIVIDUAL_REVIEW_REQUIRED,해당없음(교재 연계 없음),NIKL_GRADE_PLUS_DETERMINISTIC_RULES,0,,충돌,경계(L3~L4)
SC_V1980_B080_027,스킬,명사,4,L2,,3,교과_전문_의미,,INDIVIDUAL_REVIEW_REQUIRED,해당없음(교재 연계 없음),NIKL_GRADE_PLUS_DETERMINISTIC_RULES,0,,충돌,경계(L3~L4)
SC_V1980_B080_043,습도계,명사,4,L2,,3,교과_전문_의미,,INDIVIDUAL_REVIEW_REQUIRED,해당없음(교재 연계 없음),NIKL_GRADE_PLUS_DETERMINISTIC_RULES,0,,충돌,경계(L3~L4)
SC_V1981_B081_040,시판되다,동사,4,L2,,3,교과_전문_의미,,INDIVIDUAL_REVIEW_REQUIRED,해당없음(교재 연계 없음),NIKL_GRADE_PLUS_DETERMINISTIC_RULES,0,,충돌,경계(L3~L4)
SC_V1981_B081_049,식목일,명사,4,L2,,3,교과_전문_의미,,INDIVIDUAL_REVIEW_REQUIRED,해당없음(교재 연계 없음),NIKL_GRADE_PLUS_DETERMINISTIC_RULES,0,,충돌,경계(L3~L4)
SC_V1982_B082_010,신대륙,명사,4,L2,,3,교과_전문_의미,,INDIVIDUAL_REVIEW_REQUIRED,해당없음(교재 연계 없음),NIKL_GRADE_PLUS_DETERMINISTIC_RULES,0,,충돌,경계(L3~L4)
SC_V1982_B082_011,신도시,명사,3,L1,,1,교과_전문_의미,,INDIVIDUAL_REVIEW_REQUIRED,해당없음(교재 연계 없음),NIKL_GRADE_PLUS_DETERMINISTIC_RULES,0,,일치,경계(L1~L2)
SC_V1982_B082_015,신문고,명사,4,L2,,3,교과_전문_의미,,INDIVIDUAL_REVIEW_REQUIRED,해당없음(교재 연계 없음),NIKL_GRADE_PLUS_DETERMINISTIC_RULES,0,,충돌,경계(L3~L4)
SC_V1982_B082_022,신석기,명사,3,L1,,1,교과_전문_의미,,INDIVIDUAL_REVIEW_REQUIRED,해당없음(교재 연계 없음),NIKL_GRADE_PLUS_DETERMINISTIC_RULES,0,,일치,경계(L1~L2)
SC_V1982_B082_026,신조어,명사,3,L1,,2,교과_전문_의미,,INDIVIDUAL_REVIEW_REQUIRED,해당없음(교재 연계 없음),NIKL_GRADE_PLUS_DETERMINISTIC_RULES,0,,충돌,경계(L1~L2)
SC_V1982_B082_049,실바람,명사,4,L2,,3,교과_전문_의미,,INDIVIDUAL_REVIEW_REQUIRED,해당없음(교재 연계 없음),NIKL_GRADE_PLUS_DETERMINISTIC_RULES,0,,충돌,경계(L3~L4)
SC_V1983_B083_008,실업률,명사,4,L2,,4,교과_전문_의미,레벨격차과대(2단계이상),INDIVIDUAL_REVIEW_REQUIRED,해당없음(교재 연계 없음),NIKL_GRADE_PLUS_DETERMINISTIC_RULES,0,,충돌,경계(L3~L4)
SC_V1983_B083_009,실업자,명사,3,L1,,2,교과_전문_의미,,INDIVIDUAL_REVIEW_REQUIRED,해당없음(교재 연계 없음),NIKL_GRADE_PLUS_DETERMINISTIC_RULES,0,,충돌,경계(L1~L2)
SC_V1983_B083_025,심벌즈,명사,4,L2,,3,교과_전문_의미,,INDIVIDUAL_REVIEW_REQUIRED,해당없음(교재 연계 없음),NIKL_GRADE_PLUS_DETERMINISTIC_RULES,0,,충돌,경계(L3~L4)
SC_V1983_B083_035,심판원,명사,4,L2,,3,교과_전문_의미,,INDIVIDUAL_REVIEW_REQUIRED,해당없음(교재 연계 없음),NIKL_GRADE_PLUS_DETERMINISTIC_RULES,0,,충돌,경계(L3~L4)
SC_V1983_B083_036,심포니,명사,4,L2,,3,교과_전문_의미,,INDIVIDUAL_REVIEW_REQUIRED,해당없음(교재 연계 없음),NIKL_GRADE_PLUS_DETERMINISTIC_RULES,0,,충돌,경계(L3~L4)
SC_V1983_B083_039,십이지장,명사,4,L2,,3,교과_전문_의미,,INDIVIDUAL_REVIEW_REQUIRED,해당없음(교재 연계 없음),NIKL_GRADE_PLUS_DETERMINISTIC_RULES,0,,충돌,경계(L3~L4)
SC_V1984_B084_008,쌀농사,명사,4,L2,,3,교과_전문_의미,,INDIVIDUAL_REVIEW_REQUIRED,해당없음(교재 연계 없음),NIKL_GRADE_PLUS_DETERMINISTIC_RULES,0,,충돌,경계(L3~L4)
SC_V1984_B084_015,쌍기역,명사,3,L1,,2,교과_전문_의미,,INDIVIDUAL_REVIEW_REQUIRED,해당없음(교재 연계 없음),NIKL_GRADE_PLUS_DETERMINISTIC_RULES,0,,충돌,경계(L1~L2)
SC_V1984_B084_016,쌍디귿,명사,3,L1,,2,교과_전문_의미,,INDIVIDUAL_REVIEW_REQUIRED,해당없음(교재 연계 없음),NIKL_GRADE_PLUS_DETERMINISTIC_RULES,0,,충돌,경계(L1~L2)
SC_V1984_B084_018,쌍비읍,명사,3,L1,,2,교과_전문_의미,,INDIVIDUAL_REVIEW_REQUIRED,해당없음(교재 연계 없음),NIKL_GRADE_PLUS_DETERMINISTIC_RULES,0,,충돌,경계(L1~L2)
SC_V1984_B084_019,쌍시옷,명사,3,L1,,2,교과_전문_의미,,INDIVIDUAL_REVIEW_REQUIRED,해당없음(교재 연계 없음),NIKL_GRADE_PLUS_DETERMINISTIC_RULES,0,,충돌,경계(L1~L2)
SC_V1984_B084_021,쌍지읒,명사,3,L1,,2,교과_전문_의미,,INDIVIDUAL_REVIEW_REQUIRED,해당없음(교재 연계 없음),NIKL_GRADE_PLUS_DETERMINISTIC_RULES,0,,충돌,경계(L1~L2)
SC_V1984_B084_022,쌍화탕,명사,4,L2,,3,교과_전문_의미,,INDIVIDUAL_REVIEW_REQUIRED,해당없음(교재 연계 없음),NIKL_GRADE_PLUS_DETERMINISTIC_RULES,0,,충돌,경계(L3~L4)
SC_V1984_B084_040,씨방,명사,4,L2,,3,교과_전문_의미,,INDIVIDUAL_REVIEW_REQUIRED,해당없음(교재 연계 없음),NIKL_GRADE_PLUS_DETERMINISTIC_RULES,0,,충돌,경계(L3~L4)
SC_V1984_B084_042,씨족,명사,4,L2,,3,교과_전문_의미,,INDIVIDUAL_REVIEW_REQUIRED,해당없음(교재 연계 없음),NIKL_GRADE_PLUS_DETERMINISTIC_RULES,0,,충돌,경계(L3~L4)
SC_V1984_B084_044,아궁이,명사,3,L1,,1,교과_전문_의미,,INDIVIDUAL_REVIEW_REQUIRED,해당없음(교재 연계 없음),NIKL_GRADE_PLUS_DETERMINISTIC_RULES,0,,일치,경계(L1~L2)
SC_V1985_B085_007,아령,명사,4,L2,,3,교과_전문_의미,,INDIVIDUAL_REVIEW_REQUIRED,해당없음(교재 연계 없음),NIKL_GRADE_PLUS_DETERMINISTIC_RULES,0,,충돌,경계(L3~L4)
SC_V1985_B085_012,아열대,명사,4,L2,,3,교과_전문_의미,,INDIVIDUAL_REVIEW_REQUIRED,해당없음(교재 연계 없음),NIKL_GRADE_PLUS_DETERMINISTIC_RULES,0,,충돌,경계(L3~L4)
SC_V1985_B085_015,아이디,명사,3,L1,,2,교과_전문_의미,,INDIVIDUAL_REVIEW_REQUIRED,해당없음(교재 연계 없음),NIKL_GRADE_PLUS_DETERMINISTIC_RULES,0,,충돌,경계(L1~L2)
SC_V1985_B085_017,아이템,명사,3,L1,,1,교과_전문_의미,,INDIVIDUAL_REVIEW_REQUIRED,해당없음(교재 연계 없음),NIKL_GRADE_PLUS_DETERMINISTIC_RULES,0,,일치,경계(L1~L2)
SC_V1985_B085_024,아코디언,명사,4,L2,,3,교과_전문_의미,,INDIVIDUAL_REVIEW_REQUIRED,해당없음(교재 연계 없음),NIKL_GRADE_PLUS_DETERMINISTIC_RULES,0,,충돌,경계(L3~L4)
SC_V1986_B086_009,알껍데기,명사,4,L2,,3,교과_전문_의미,,INDIVIDUAL_REVIEW_REQUIRED,해당없음(교재 연계 없음),NIKL_GRADE_PLUS_DETERMINISTIC_RULES,0,,충돌,경계(L3~L4)
SC_V1986_B086_011,알루미늄박,명사,4,L2,,3,교과_전문_의미,,INDIVIDUAL_REVIEW_REQUIRED,해당없음(교재 연계 없음),NIKL_GRADE_PLUS_DETERMINISTIC_RULES,0,,충돌,경계(L3~L4)
SC_V1986_B086_015,알칼리,명사,4,L2,,3,교과_전문_의미,,INDIVIDUAL_REVIEW_REQUIRED,해당없음(교재 연계 없음),NIKL_GRADE_PLUS_DETERMINISTIC_RULES,0,,충돌,경계(L3~L4)
SC_V1986_B086_018,알파벳,명사,3,L1,,2,교과_전문_의미,,INDIVIDUAL_REVIEW_REQUIRED,해당없음(교재 연계 없음),NIKL_GRADE_PLUS_DETERMINISTIC_RULES,0,,충돌,경계(L1~L2)
SC_V1986_B086_020,암각화,명사,4,L2,,4,교과_전문_의미,레벨격차과대(2단계이상),INDIVIDUAL_REVIEW_REQUIRED,해당없음(교재 연계 없음),NIKL_GRADE_PLUS_DETERMINISTIC_RULES,0,,충돌,경계(L3~L4)
SC_V1986_B086_021,암꽃,명사,4,L2,,3,교과_전문_의미,,INDIVIDUAL_REVIEW_REQUIRED,해당없음(교재 연계 없음),NIKL_GRADE_PLUS_DETERMINISTIC_RULES,0,,충돌,경계(L3~L4)
SC_V1986_B086_026,암술,명사,3,L1,,1,교과_전문_의미,,INDIVIDUAL_REVIEW_REQUIRED,해당없음(교재 연계 없음),NIKL_GRADE_PLUS_DETERMINISTIC_RULES,0,,일치,경계(L1~L2)
SC_V1986_B086_048,애니메이션,명사,3,L1,,2,교과_전문_의미,,INDIVIDUAL_REVIEW_REQUIRED,해당없음(교재 연계 없음),NIKL_GRADE_PLUS_DETERMINISTIC_RULES,0,,충돌,경계(L1~L2)
SC_V1987_B087_026,야자수,명사,3,L1,,2,교과_전문_의미,,INDIVIDUAL_REVIEW_REQUIRED,해당없음(교재 연계 없음),NIKL_GRADE_PLUS_DETERMINISTIC_RULES,0,,충돌,경계(L1~L2)
SC_V1987_B087_029,야행성,명사,3,L1,,2,교과_전문_의미,,INDIVIDUAL_REVIEW_REQUIRED,해당없음(교재 연계 없음),NIKL_GRADE_PLUS_DETERMINISTIC_RULES,0,,충돌,경계(L1~L2)
SC_V1987_B087_032,약분하다,동사,4,L2,,3,교과_전문_의미,,INDIVIDUAL_REVIEW_REQUIRED,해당없음(교재 연계 없음),NIKL_GRADE_PLUS_DETERMINISTIC_RULES,0,,충돌,경계(L3~L4)
SC_V1988_B088_008,양잠,명사,4,L2,,3,교과_전문_의미,,INDIVIDUAL_REVIEW_REQUIRED,해당없음(교재 연계 없음),NIKL_GRADE_PLUS_DETERMINISTIC_RULES,0,,충돌,경계(L3~L4)
SC_V1988_B088_039,어시스트,명사,4,L2,,3,교과_전문_의미,,INDIVIDUAL_REVIEW_REQUIRED,해당없음(교재 연계 없음),NIKL_GRADE_PLUS_DETERMINISTIC_RULES,0,,충돌,경계(L3~L4)
SC_V1988_B088_049,어학원,명사,4,L2,,3,교과_전문_의미,,INDIVIDUAL_REVIEW_REQUIRED,해당없음(교재 연계 없음),NIKL_GRADE_PLUS_DETERMINISTIC_RULES,0,,충돌,경계(L3~L4)
SC_V1988_B088_050,어획량,명사,4,L2,,3,교과_전문_의미,,INDIVIDUAL_REVIEW_REQUIRED,해당없음(교재 연계 없음),NIKL_GRADE_PLUS_DETERMINISTIC_RULES,0,,충돌,경계(L3~L4)
SC_V1989_B089_029,업그레이드,명사,3,L1,,2,교과_전문_의미,,INDIVIDUAL_REVIEW_REQUIRED,해당없음(교재 연계 없음),NIKL_GRADE_PLUS_DETERMINISTIC_RULES,0,,충돌,경계(L1~L2)
SC_V1989_B089_036,엉덩이뼈,명사,4,L2,,3,교과_전문_의미,,INDIVIDUAL_REVIEW_REQUIRED,해당없음(교재 연계 없음),NIKL_GRADE_PLUS_DETERMINISTIC_RULES,0,,충돌,경계(L3~L4)
SC_V1990_B090_004,여러해살이,명사,4,L2,,3,교과_전문_의미,,INDIVIDUAL_REVIEW_REQUIRED,해당없음(교재 연계 없음),NIKL_GRADE_PLUS_DETERMINISTIC_RULES,0,,충돌,경계(L3~L4)
SC_V1990_B090_006,여름새,명사,4,L2,,3,교과_전문_의미,,INDIVIDUAL_REVIEW_REQUIRED,해당없음(교재 연계 없음),NIKL_GRADE_PLUS_DETERMINISTIC_RULES,0,,충돌,경계(L3~L4)
SC_V1990_B090_011,여왕개미,명사,4,L2,,3,교과_전문_의미,,INDIVIDUAL_REVIEW_REQUIRED,해당없음(교재 연계 없음),NIKL_GRADE_PLUS_DETERMINISTIC_RULES,0,,충돌,경계(L3~L4)
SC_V1990_B090_019,여행기,명사,4,L2,,3,교과_전문_의미,,INDIVIDUAL_REVIEW_REQUIRED,해당없음(교재 연계 없음),NIKL_GRADE_PLUS_DETERMINISTIC_RULES,0,,충돌,경계(L3~L4)
SC_V1990_B090_034,역할극,명사,4,L2,,3,교과_전문_의미,,INDIVIDUAL_REVIEW_REQUIRED,해당없음(교재 연계 없음),NIKL_GRADE_PLUS_DETERMINISTIC_RULES,0,,충돌,경계(L3~L4)
SC_V1990_B090_039,연기자,명사,4,L2,,3,교과_전문_의미,,INDIVIDUAL_REVIEW_REQUIRED,해당없음(교재 연계 없음),NIKL_GRADE_PLUS_DETERMINISTIC_RULES,0,,충돌,경계(L3~L4)
SC_V1990_B090_048,연상되다,동사,4,L2,,3,교과_전문_의미,,INDIVIDUAL_REVIEW_REQUIRED,해당없음(교재 연계 없음),NIKL_GRADE_PLUS_DETERMINISTIC_RULES,0,,충돌,경계(L3~L4)
SC_V1990_B090_050,연소기,명사,4,L2,,3,교과_전문_의미,,INDIVIDUAL_REVIEW_REQUIRED,해당없음(교재 연계 없음),NIKL_GRADE_PLUS_DETERMINISTIC_RULES,0,,충돌,경계(L3~L4)
SC_V1991_B091_001,연쇄점,명사,4,L2,,3,교과_전문_의미,,INDIVIDUAL_REVIEW_REQUIRED,해당없음(교재 연계 없음),NIKL_GRADE_PLUS_DETERMINISTIC_RULES,0,,충돌,경계(L3~L4)
SC_V1991_B091_004,연싸움,명사,4,L2,,3,교과_전문_의미,,INDIVIDUAL_REVIEW_REQUIRED,해당없음(교재 연계 없음),NIKL_GRADE_PLUS_DETERMINISTIC_RULES,0,,충돌,경계(L3~L4)
SC_V1991_B091_008,연장전,명사,4,L2,,3,교과_전문_의미,,INDIVIDUAL_REVIEW_REQUIRED,해당없음(교재 연계 없음),NIKL_GRADE_PLUS_DETERMINISTIC_RULES,0,,충돌,경계(L3~L4)
SC_V1991_B091_010,연주법,명사,4,L2,,3,교과_전문_의미,,INDIVIDUAL_REVIEW_REQUIRED,해당없음(교재 연계 없음),NIKL_GRADE_PLUS_DETERMINISTIC_RULES,0,,충돌,경계(L3~L4)
SC_V1991_B091_021,열대림,명사,4,L2,,3,교과_전문_의미,,INDIVIDUAL_REVIEW_REQUIRED,해당없음(교재 연계 없음),NIKL_GRADE_PLUS_DETERMINISTIC_RULES,0,,충돌,경계(L3~L4)
SC_V1991_B091_023,열등감,명사,4,L2,,3,교과_전문_의미,,INDIVIDUAL_REVIEW_REQUIRED,해당없음(교재 연계 없음),NIKL_GRADE_PLUS_DETERMINISTIC_RULES,0,,충돌,경계(L3~L4)
SC_V1991_B091_042,영구치,명사,4,L2,,3,교과_전문_의미,,INDIVIDUAL_REVIEW_REQUIRED,해당없음(교재 연계 없음),NIKL_GRADE_PLUS_DETERMINISTIC_RULES,0,,충돌,경계(L3~L4)
SC_V1992_B092_002,영업하다,동사,3,L1,,2,교과_전문_의미,,INDIVIDUAL_REVIEW_REQUIRED,해당없음(교재 연계 없음),NIKL_GRADE_PLUS_DETERMINISTIC_RULES,0,,충돌,경계(L1~L2)
SC_V1992_B092_003,영의정,명사,4,L2,,3,교과_전문_의미,,INDIVIDUAL_REVIEW_REQUIRED,해당없음(교재 연계 없음),NIKL_GRADE_PLUS_DETERMINISTIC_RULES,0,,충돌,경계(L3~L4)
SC_V1992_B092_009,예금되다,동사,4,L2,,3,교과_전문_의미,,INDIVIDUAL_REVIEW_REQUIRED,해당없음(교재 연계 없음),NIKL_GRADE_PLUS_DETERMINISTIC_RULES,0,,충돌,경계(L3~L4)
SC_V1992_B092_012,예금하다,동사,4,L2,,3,교과_전문_의미,,INDIVIDUAL_REVIEW_REQUIRED,해당없음(교재 연계 없음),NIKL_GRADE_PLUS_DETERMINISTIC_RULES,0,,충돌,경계(L3~L4)
SC_V1992_B092_037,오너,명사,4,L2,,3,교과_전문_의미,,INDIVIDUAL_REVIEW_REQUIRED,해당없음(교재 연계 없음),NIKL_GRADE_PLUS_DETERMINISTIC_RULES,0,,충돌,경계(L3~L4)
SC_V1992_B092_041,오래달리기,명사,4,L2,,3,교과_전문_의미,,INDIVIDUAL_REVIEW_REQUIRED,해당없음(교재 연계 없음),NIKL_GRADE_PLUS_DETERMINISTIC_RULES,0,,충돌,경계(L3~L4)
SC_V1992_B092_044,오르간,명사,4,L2,,3,교과_전문_의미,,INDIVIDUAL_REVIEW_REQUIRED,해당없음(교재 연계 없음),NIKL_GRADE_PLUS_DETERMINISTIC_RULES,0,,충돌,경계(L3~L4)
SC_V1993_B093_005,오선지,명사,4,L2,,3,교과_전문_의미,,INDIVIDUAL_REVIEW_REQUIRED,해당없음(교재 연계 없음),NIKL_GRADE_PLUS_DETERMINISTIC_RULES,0,,충돌,경계(L3~L4)
SC_V1993_B093_012,오일,명사,3,L1,,1,교과_전문_의미,,INDIVIDUAL_REVIEW_REQUIRED,해당없음(교재 연계 없음),NIKL_GRADE_PLUS_DETERMINISTIC_RULES,0,,일치,경계(L1~L2)
SC_V1993_B093_013,오작교,명사,4,L2,,3,교과_전문_의미,,INDIVIDUAL_REVIEW_REQUIRED,해당없음(교재 연계 없음),NIKL_GRADE_PLUS_DETERMINISTIC_RULES,0,,충돌,경계(L3~L4)
SC_V1993_B093_016,오케스트라,명사,3,L1,,2,교과_전문_의미,,INDIVIDUAL_REVIEW_REQUIRED,해당없음(교재 연계 없음),NIKL_GRADE_PLUS_DETERMINISTIC_RULES,0,,충돌,경계(L1~L2)
SC_V1993_B093_018,오페라,명사,3,L1,,1,교과_전문_의미,,INDIVIDUAL_REVIEW_REQUIRED,해당없음(교재 연계 없음),NIKL_GRADE_PLUS_DETERMINISTIC_RULES,0,,일치,경계(L1~L2)
SC_V1993_B093_020,오프라인,명사,4,L2,,4,교과_전문_의미,레벨격차과대(2단계이상),INDIVIDUAL_REVIEW_REQUIRED,해당없음(교재 연계 없음),NIKL_GRADE_PLUS_DETERMINISTIC_RULES,0,,충돌,경계(L3~L4)
SC_V1993_B093_026,온난화,명사,4,L2,,4,교과_전문_의미,레벨격차과대(2단계이상),INDIVIDUAL_REVIEW_REQUIRED,해당없음(교재 연계 없음),NIKL_GRADE_PLUS_DETERMINISTIC_RULES,0,,충돌,경계(L3~L4)
SC_V1993_B093_027,온대림,명사,4,L2,,3,교과_전문_의미,,INDIVIDUAL_REVIEW_REQUIRED,해당없음(교재 연계 없음),NIKL_GRADE_PLUS_DETERMINISTIC_RULES,0,,충돌,경계(L3~L4)
SC_V1993_B093_028,온도계,명사,3,L1,,2,교과_전문_의미,,INDIVIDUAL_REVIEW_REQUIRED,해당없음(교재 연계 없음),NIKL_GRADE_PLUS_DETERMINISTIC_RULES,0,,충돌,경계(L1~L2)
SC_V1993_B093_031,온음,명사,4,L2,,3,교과_전문_의미,,INDIVIDUAL_REVIEW_REQUIRED,해당없음(교재 연계 없음),NIKL_GRADE_PLUS_DETERMINISTIC_RULES,0,,충돌,경계(L3~L4)
SC_V1994_B094_015,왈츠,명사,3,L1,,1,교과_전문_의미,,INDIVIDUAL_REVIEW_REQUIRED,해당없음(교재 연계 없음),NIKL_GRADE_PLUS_DETERMINISTIC_RULES,0,,일치,경계(L1~L2)
SC_V1994_B094_031,외교권,명사,4,L2,,4,교과_전문_의미,레벨격차과대(2단계이상),INDIVIDUAL_REVIEW_REQUIRED,해당없음(교재 연계 없음),NIKL_GRADE_PLUS_DETERMINISTIC_RULES,0,,충돌,경계(L3~L4)
SC_V1994_B094_040,외래어,명사,3,L1,,2,교과_전문_의미,,INDIVIDUAL_REVIEW_REQUIRED,해당없음(교재 연계 없음),NIKL_GRADE_PLUS_DETERMINISTIC_RULES,0,,충돌,경계(L1~L2)
SC_V1995_B095_010,요판,명사,4,L2,,3,교과_전문_의미,,INDIVIDUAL_REVIEW_REQUIRED,해당없음(교재 연계 없음),NIKL_GRADE_PLUS_DETERMINISTIC_RULES,0,,충돌,경계(L3~L4)
SC_V1995_B095_021,용접기,명사,4,L2,,3,교과_전문_의미,,INDIVIDUAL_REVIEW_REQUIRED,해당없음(교재 연계 없음),NIKL_GRADE_PLUS_DETERMINISTIC_RULES,0,,충돌,경계(L3~L4)
SC_V1995_B095_029,우림,명사,4,L2,,3,교과_전문_의미,,INDIVIDUAL_REVIEW_REQUIRED,해당없음(교재 연계 없음),NIKL_GRADE_PLUS_DETERMINISTIC_RULES,0,,충돌,경계(L3~L4)
SC_V1995_B095_036,우승자,명사,4,L2,,3,교과_전문_의미,,INDIVIDUAL_REVIEW_REQUIRED,해당없음(교재 연계 없음),NIKL_GRADE_PLUS_DETERMINISTIC_RULES,0,,충돌,경계(L3~L4)
SC_V1995_B095_044,우의정,명사,4,L2,,3,교과_전문_의미,,INDIVIDUAL_REVIEW_REQUIRED,해당없음(교재 연계 없음),NIKL_GRADE_PLUS_DETERMINISTIC_RULES,0,,충돌,경계(L3~L4)
SC_V1995_B095_048,우편료,명사,4,L2,,3,교과_전문_의미,,INDIVIDUAL_REVIEW_REQUIRED,해당없음(교재 연계 없음),NIKL_GRADE_PLUS_DETERMINISTIC_RULES,0,,충돌,경계(L3~L4)
SC_V1995_B095_050,우편집배원,명사,4,L2,,4,교과_전문_의미,레벨격차과대(2단계이상),INDIVIDUAL_REVIEW_REQUIRED,해당없음(교재 연계 없음),NIKL_GRADE_PLUS_DETERMINISTIC_RULES,0,,충돌,경계(L3~L4)
SC_V1996_B096_011,운율,명사,4,L2,,3,교과_전문_의미,,INDIVIDUAL_REVIEW_REQUIRED,해당없음(교재 연계 없음),NIKL_GRADE_PLUS_DETERMINISTIC_RULES,0,,충돌,경계(L3~L4)
SC_V1996_B096_038,원료비,명사,4,L2,,3,교과_전문_의미,,INDIVIDUAL_REVIEW_REQUIRED,해당없음(교재 연계 없음),NIKL_GRADE_PLUS_DETERMINISTIC_RULES,0,,충돌,경계(L3~L4)
SC_V1996_B096_039,원반던지기,명사,4,L2,,3,교과_전문_의미,,INDIVIDUAL_REVIEW_REQUIRED,해당없음(교재 연계 없음),NIKL_GRADE_PLUS_DETERMINISTIC_RULES,0,,충돌,경계(L3~L4)
SC_V1996_B096_040,원뿔,명사,4,L2,,3,교과_전문_의미,,INDIVIDUAL_REVIEW_REQUIRED,해당없음(교재 연계 없음),NIKL_GRADE_PLUS_DETERMINISTIC_RULES,0,,충돌,경계(L3~L4)
SC_V1996_B096_047,원주율,명사,4,L2,,3,교과_전문_의미,,INDIVIDUAL_REVIEW_REQUIRED,해당없음(교재 연계 없음),NIKL_GRADE_PLUS_DETERMINISTIC_RULES,0,,충돌,경계(L3~L4)
SC_V1997_B097_022,위헌,명사,4,L2,,3,교과_전문_의미,,INDIVIDUAL_REVIEW_REQUIRED,해당없음(교재 연계 없음),NIKL_GRADE_PLUS_DETERMINISTIC_RULES,0,,충돌,경계(L3~L4)
SC_V1997_B097_040,유리관,명사,4,L2,,3,교과_전문_의미,,INDIVIDUAL_REVIEW_REQUIRED,해당없음(교재 연계 없음),NIKL_GRADE_PLUS_DETERMINISTIC_RULES,0,,충돌,경계(L3~L4)
SC_V1997_B097_050,유배되다,동사,4,L2,,3,교과_전문_의미,,INDIVIDUAL_REVIEW_REQUIRED,해당없음(교재 연계 없음),NIKL_GRADE_PLUS_DETERMINISTIC_RULES,0,,충돌,경계(L3~L4)
SC_V1998_B098_003,유산균,명사,4,L2,,3,교과_전문_의미,,INDIVIDUAL_REVIEW_REQUIRED,해당없음(교재 연계 없음),NIKL_GRADE_PLUS_DETERMINISTIC_RULES,0,,충돌,경계(L3~L4)
SC_V1998_B098_010,유의어,명사,4,L2,,3,교과_전문_의미,,INDIVIDUAL_REVIEW_REQUIRED,해당없음(교재 연계 없음),NIKL_GRADE_PLUS_DETERMINISTIC_RULES,0,,충돌,경계(L3~L4)
SC_V1998_B098_016,유채색,명사,4,L2,,3,교과_전문_의미,,INDIVIDUAL_REVIEW_REQUIRED,해당없음(교재 연계 없음),NIKL_GRADE_PLUS_DETERMINISTIC_RULES,0,,충돌,경계(L3~L4)
SC_V1998_B098_021,육각기둥,명사,4,L2,,3,교과_전문_의미,,INDIVIDUAL_REVIEW_REQUIRED,해당없음(교재 연계 없음),NIKL_GRADE_PLUS_DETERMINISTIC_RULES,0,,충돌,경계(L3~L4)
SC_V1998_B098_023,육대주,명사,4,L2,,3,교과_전문_의미,,INDIVIDUAL_REVIEW_REQUIRED,해당없음(교재 연계 없음),NIKL_GRADE_PLUS_DETERMINISTIC_RULES,0,,충돌,경계(L3~L4)
SC_V1998_B098_025,육면체,명사,4,L2,,3,교과_전문_의미,,INDIVIDUAL_REVIEW_REQUIRED,해당없음(교재 연계 없음),NIKL_GRADE_PLUS_DETERMINISTIC_RULES,0,,충돌,경계(L3~L4)
SC_V1998_B098_030,으뜸음,명사,4,L2,,3,교과_전문_의미,,INDIVIDUAL_REVIEW_REQUIRED,해당없음(교재 연계 없음),NIKL_GRADE_PLUS_DETERMINISTIC_RULES,0,,충돌,경계(L3~L4)
SC_V1998_B098_049,은유법,명사,4,L2,,4,교과_전문_의미,레벨격차과대(2단계이상),INDIVIDUAL_REVIEW_REQUIRED,해당없음(교재 연계 없음),NIKL_GRADE_PLUS_DETERMINISTIC_RULES,0,,충돌,경계(L3~L4)
SC_V1999_B099_002,은하,명사,4,L2,,3,교과_전문_의미,,INDIVIDUAL_REVIEW_REQUIRED,해당없음(교재 연계 없음),NIKL_GRADE_PLUS_DETERMINISTIC_RULES,0,,충돌,경계(L3~L4)
SC_V1999_B099_013,음파,명사,4,L2,,3,교과_전문_의미,,INDIVIDUAL_REVIEW_REQUIRED,해당없음(교재 연계 없음),NIKL_GRADE_PLUS_DETERMINISTIC_RULES,0,,충돌,경계(L3~L4)
SC_V1999_B099_014,음표,명사,3,L1,,1,교과_전문_의미,,INDIVIDUAL_REVIEW_REQUIRED,해당없음(교재 연계 없음),NIKL_GRADE_PLUS_DETERMINISTIC_RULES,0,,일치,경계(L1~L2)
SC_V1999_B099_017,읍사무소,명사,4,L2,,3,교과_전문_의미,,INDIVIDUAL_REVIEW_REQUIRED,해당없음(교재 연계 없음),NIKL_GRADE_PLUS_DETERMINISTIC_RULES,0,,충돌,경계(L3~L4)
SC_V1999_B099_018,읍장,명사,4,L2,,3,교과_전문_의미,,INDIVIDUAL_REVIEW_REQUIRED,해당없음(교재 연계 없음),NIKL_GRADE_PLUS_DETERMINISTIC_RULES,0,,충돌,경계(L3~L4)
SC_V1999_B099_039,의문사,명사,4,L2,,3,교과_전문_의미,,INDIVIDUAL_REVIEW_REQUIRED,해당없음(교재 연계 없음),NIKL_GRADE_PLUS_DETERMINISTIC_RULES,0,,충돌,경계(L3~L4)
SC_V1999_B099_046,의성어,명사,4,L2,,3,교과_전문_의미,,INDIVIDUAL_REVIEW_REQUIRED,해당없음(교재 연계 없음),NIKL_GRADE_PLUS_DETERMINISTIC_RULES,0,,충돌,경계(L3~L4)
SC_V19100_B100_007,의태어,명사,4,L2,,3,교과_전문_의미,,INDIVIDUAL_REVIEW_REQUIRED,해당없음(교재 연계 없음),NIKL_GRADE_PLUS_DETERMINISTIC_RULES,0,,충돌,경계(L3~L4)
SC_V19100_B100_022,이메일,명사,3,L1,,2,교과_전문_의미,,INDIVIDUAL_REVIEW_REQUIRED,해당없음(교재 연계 없음),NIKL_GRADE_PLUS_DETERMINISTIC_RULES,0,,충돌,경계(L1~L2)
SC_V19100_B100_026,이모티콘,명사,4,L2,,3,교과_전문_의미,,INDIVIDUAL_REVIEW_REQUIRED,해당없음(교재 연계 없음),NIKL_GRADE_PLUS_DETERMINISTIC_RULES,0,,충돌,경계(L3~L4)
SC_V19101_B101_001,이자율,명사,4,L2,,3,교과_전문_의미,,INDIVIDUAL_REVIEW_REQUIRED,해당없음(교재 연계 없음),NIKL_GRADE_PLUS_DETERMINISTIC_RULES,0,,충돌,경계(L3~L4)
SC_V19101_B101_018,인공호,명사,4,L2,,3,교과_전문_의미,,INDIVIDUAL_REVIEW_REQUIRED,해당없음(교재 연계 없음),NIKL_GRADE_PLUS_DETERMINISTIC_RULES,0,,충돌,경계(L3~L4)
SC_V19101_B101_029,인문학,명사,4,L2,,3,교과_전문_의미,,INDIVIDUAL_REVIEW_REQUIRED,해당없음(교재 연계 없음),NIKL_GRADE_PLUS_DETERMINISTIC_RULES,0,,충돌,경계(L3~L4)
SC_V19101_B101_034,인쇄되다,동사,3,L1,,2,교과_전문_의미,,INDIVIDUAL_REVIEW_REQUIRED,해당없음(교재 연계 없음),NIKL_GRADE_PLUS_DETERMINISTIC_RULES,0,,충돌,경계(L1~L2)
SC_V19101_B101_043,인화지,명사,4,L2,,3,교과_전문_의미,,INDIVIDUAL_REVIEW_REQUIRED,해당없음(교재 연계 없음),NIKL_GRADE_PLUS_DETERMINISTIC_RULES,0,,충돌,경계(L3~L4)
SC_V19101_B101_046,일간지,명사,4,L2,,3,교과_전문_의미,,INDIVIDUAL_REVIEW_REQUIRED,해당없음(교재 연계 없음),NIKL_GRADE_PLUS_DETERMINISTIC_RULES,0,,충돌,경계(L3~L4)
SC_V19101_B101_047,일개미,명사,3,L1,,1,교과_전문_의미,,INDIVIDUAL_REVIEW_REQUIRED,해당없음(교재 연계 없음),NIKL_GRADE_PLUS_DETERMINISTIC_RULES,0,,일치,경계(L1~L2)
SC_V19101_B101_049,일교차,명사,4,L2,,3,교과_전문_의미,,INDIVIDUAL_REVIEW_REQUIRED,해당없음(교재 연계 없음),NIKL_GRADE_PLUS_DETERMINISTIC_RULES,0,,충돌,경계(L3~L4)
SC_V19102_B102_024,임산물,명사,4,L2,,3,교과_전문_의미,,INDIVIDUAL_REVIEW_REQUIRED,해당없음(교재 연계 없음),NIKL_GRADE_PLUS_DETERMINISTIC_RULES,0,,충돌,경계(L3~L4)
SC_V19102_B102_030,입법부,명사,4,L2,,3,교과_전문_의미,,INDIVIDUAL_REVIEW_REQUIRED,해당없음(교재 연계 없음),NIKL_GRADE_PLUS_DETERMINISTIC_RULES,0,,충돌,경계(L3~L4)
SC_V19102_B102_032,입속,명사,4,L2,,3,교과_전문_의미,,INDIVIDUAL_REVIEW_REQUIRED,해당없음(교재 연계 없음),NIKL_GRADE_PLUS_DETERMINISTIC_RULES,0,,충돌,경계(L3~L4)
SC_V19102_B102_038,입천장,명사,3,L1,,2,교과_전문_의미,,INDIVIDUAL_REVIEW_REQUIRED,해당없음(교재 연계 없음),NIKL_GRADE_PLUS_DETERMINISTIC_RULES,0,,충돌,경계(L1~L2)
SC_V19102_B102_042,잇몸,명사,3,L1,,2,교과_전문_의미,,INDIVIDUAL_REVIEW_REQUIRED,해당없음(교재 연계 없음),NIKL_GRADE_PLUS_DETERMINISTIC_RULES,0,,충돌,경계(L1~L2)
SC_V19102_B102_046,잎자루,명사,4,L2,,3,교과_전문_의미,,INDIVIDUAL_REVIEW_REQUIRED,해당없음(교재 연계 없음),NIKL_GRADE_PLUS_DETERMINISTIC_RULES,0,,충돌,경계(L3~L4)
SC_V19103_B103_016,자서전,명사,3,L1,,2,교과_전문_의미,,INDIVIDUAL_REVIEW_REQUIRED,해당없음(교재 연계 없음),NIKL_GRADE_PLUS_DETERMINISTIC_RULES,0,,충돌,경계(L1~L2)
SC_V19103_B103_033,자치제,명사,4,L2,,4,교과_전문_의미,레벨격차과대(2단계이상),INDIVIDUAL_REVIEW_REQUIRED,해당없음(교재 연계 없음),NIKL_GRADE_PLUS_DETERMINISTIC_RULES,0,,충돌,경계(L3~L4)
SC_V19103_B103_036,작곡가,명사,3,L1,,2,교과_전문_의미,,INDIVIDUAL_REVIEW_REQUIRED,해당없음(교재 연계 없음),NIKL_GRADE_PLUS_DETERMINISTIC_RULES,0,,충돌,경계(L1~L2)
SC_V19103_B103_037,작곡되다,동사,4,L2,,3,교과_전문_의미,,INDIVIDUAL_REVIEW_REQUIRED,해당없음(교재 연계 없음),NIKL_GRADE_PLUS_DETERMINISTIC_RULES,0,,충돌,경계(L3~L4)
SC_V19103_B103_038,작곡자,명사,4,L2,,3,교과_전문_의미,,INDIVIDUAL_REVIEW_REQUIRED,해당없음(교재 연계 없음),NIKL_GRADE_PLUS_DETERMINISTIC_RULES,0,,충돌,경계(L3~L4)
SC_V19103_B103_050,작은북,명사,4,L2,,3,교과_전문_의미,,INDIVIDUAL_REVIEW_REQUIRED,해당없음(교재 연계 없음),NIKL_GRADE_PLUS_DETERMINISTIC_RULES,0,,충돌,경계(L3~L4)
SC_V19104_B104_011,잔뿌리,명사,4,L2,,3,교과_전문_의미,,INDIVIDUAL_REVIEW_REQUIRED,해당없음(교재 연계 없음),NIKL_GRADE_PLUS_DETERMINISTIC_RULES,0,,충돌,경계(L3~L4)
SC_V19104_B104_022,잠망경,명사,4,L2,,3,교과_전문_의미,,INDIVIDUAL_REVIEW_REQUIRED,해당없음(교재 연계 없음),NIKL_GRADE_PLUS_DETERMINISTIC_RULES,0,,충돌,경계(L3~L4)
SC_V19105_B105_014,장타,명사,4,L2,,3,교과_전문_의미,,INDIVIDUAL_REVIEW_REQUIRED,해당없음(교재 연계 없음),NIKL_GRADE_PLUS_DETERMINISTIC_RULES,0,,충돌,경계(L3~L4)
SC_V19105_B105_025,재산권,명사,4,L2,,4,교과_전문_의미,레벨격차과대(2단계이상),INDIVIDUAL_REVIEW_REQUIRED,해당없음(교재 연계 없음),NIKL_GRADE_PLUS_DETERMINISTIC_RULES,0,,충돌,경계(L3~L4)
SC_V19105_B105_033,재판관,명사,4,L2,,3,교과_전문_의미,,INDIVIDUAL_REVIEW_REQUIRED,해당없음(교재 연계 없음),NIKL_GRADE_PLUS_DETERMINISTIC_RULES,0,,충돌,경계(L3~L4)
SC_V19105_B105_034,재판부,명사,4,L2,,3,교과_전문_의미,,INDIVIDUAL_REVIEW_REQUIRED,해당없음(교재 연계 없음),NIKL_GRADE_PLUS_DETERMINISTIC_RULES,0,,충돌,경계(L3~L4)
SC_V19106_B106_030,전문점,명사,3,L1,,1,교과_전문_의미,,INDIVIDUAL_REVIEW_REQUIRED,해당없음(교재 연계 없음),NIKL_GRADE_PLUS_DETERMINISTIC_RULES,0,,일치,경계(L1~L2)
SC_V19106_B106_032,전반전,명사,4,L2,,3,교과_전문_의미,,INDIVIDUAL_REVIEW_REQUIRED,해당없음(교재 연계 없음),NIKL_GRADE_PLUS_DETERMINISTIC_RULES,0,,충돌,경계(L3~L4)
SC_V19106_B106_042,전신기,명사,4,L2,,3,교과_전문_의미,,INDIVIDUAL_REVIEW_REQUIRED,해당없음(교재 연계 없음),NIKL_GRADE_PLUS_DETERMINISTIC_RULES,0,,충돌,경계(L3~L4)
SC_V19106_B106_044,전열기,명사,4,L2,,3,교과_전문_의미,,INDIVIDUAL_REVIEW_REQUIRED,해당없음(교재 연계 없음),NIKL_GRADE_PLUS_DETERMINISTIC_RULES,0,,충돌,경계(L3~L4)
SC_V19107_B107_019,절단기,명사,4,L2,,3,교과_전문_의미,,INDIVIDUAL_REVIEW_REQUIRED,해당없음(교재 연계 없음),NIKL_GRADE_PLUS_DETERMINISTIC_RULES,0,,충돌,경계(L3~L4)
SC_V19107_B107_028,점판,명사,4,L2,,3,교과_전문_의미,,INDIVIDUAL_REVIEW_REQUIRED,해당없음(교재 연계 없음),NIKL_GRADE_PLUS_DETERMINISTIC_RULES,0,,충돌,경계(L3~L4)
SC_V19107_B107_031,접눈,명사,4,L2,,3,교과_전문_의미,,INDIVIDUAL_REVIEW_REQUIRED,해당없음(교재 연계 없음),NIKL_GRADE_PLUS_DETERMINISTIC_RULES,0,,충돌,경계(L3~L4)
SC_V19107_B107_032,접붙이기,명사,4,L2,,3,교과_전문_의미,,INDIVIDUAL_REVIEW_REQUIRED,해당없음(교재 연계 없음),NIKL_GRADE_PLUS_DETERMINISTIC_RULES,0,,충돌,경계(L3~L4)
SC_V19107_B107_033,접영,명사,4,L2,,3,교과_전문_의미,,INDIVIDUAL_REVIEW_REQUIRED,해당없음(교재 연계 없음),NIKL_GRADE_PLUS_DETERMINISTIC_RULES,0,,충돌,경계(L3~L4)
SC_V19107_B107_041,정다각형,명사,4,L2,,3,교과_전문_의미,,INDIVIDUAL_REVIEW_REQUIRED,해당없음(교재 연계 없음),NIKL_GRADE_PLUS_DETERMINISTIC_RULES,0,,충돌,경계(L3~L4)
SC_V19107_B107_047,정비례하다,동사,4,L2,,3,교과_전문_의미,,INDIVIDUAL_REVIEW_REQUIRED,해당없음(교재 연계 없음),NIKL_GRADE_PLUS_DETERMINISTIC_RULES,0,,충돌,경계(L3~L4)
SC_V19107_B107_048,정사각형,명사,3,L1,,1,교과_전문_의미,,INDIVIDUAL_REVIEW_REQUIRED,해당없음(교재 연계 없음),NIKL_GRADE_PLUS_DETERMINISTIC_RULES,0,,일치,경계(L1~L2)
SC_V19107_B107_049,정삼각형,명사,3,L1,,1,교과_전문_의미,,INDIVIDUAL_REVIEW_REQUIRED,해당없음(교재 연계 없음),NIKL_GRADE_PLUS_DETERMINISTIC_RULES,0,,일치,경계(L1~L2)
SC_V19108_B108_004,정액권,명사,4,L2,,3,교과_전문_의미,,INDIVIDUAL_REVIEW_REQUIRED,해당없음(교재 연계 없음),NIKL_GRADE_PLUS_DETERMINISTIC_RULES,0,,충돌,경계(L3~L4)
SC_V19108_B108_006,정오각형,명사,4,L2,,3,교과_전문_의미,,INDIVIDUAL_REVIEW_REQUIRED,해당없음(교재 연계 없음),NIKL_GRADE_PLUS_DETERMINISTIC_RULES,0,,충돌,경계(L3~L4)
SC_V19108_B108_008,정육각형,명사,3,L1,,1,교과_전문_의미,,INDIVIDUAL_REVIEW_REQUIRED,해당없음(교재 연계 없음),NIKL_GRADE_PLUS_DETERMINISTIC_RULES,0,,일치,경계(L1~L2)
SC_V19108_B108_009,정육면체,명사,4,L2,,3,교과_전문_의미,,INDIVIDUAL_REVIEW_REQUIRED,해당없음(교재 연계 없음),NIKL_GRADE_PLUS_DETERMINISTIC_RULES,0,,충돌,경계(L3~L4)
SC_V19108_B108_026,제도지,명사,4,L2,,3,교과_전문_의미,,INDIVIDUAL_REVIEW_REQUIRED,해당없음(교재 연계 없음),NIKL_GRADE_PLUS_DETERMINISTIC_RULES,0,,충돌,경계(L3~L4)
SC_V19108_B108_037,제자리멀리뛰기,명사,4,L2,,3,교과_전문_의미,,INDIVIDUAL_REVIEW_REQUIRED,해당없음(교재 연계 없음),NIKL_GRADE_PLUS_DETERMINISTIC_RULES,0,,충돌,경계(L3~L4)
SC_V19108_B108_041,제작진,명사,4,L2,,3,교과_전문_의미,,INDIVIDUAL_REVIEW_REQUIRED,해당없음(교재 연계 없음),NIKL_GRADE_PLUS_DETERMINISTIC_RULES,0,,충돌,경계(L3~L4)
SC_V19108_B108_049,조각상,명사,3,L1,,1,교과_전문_의미,,INDIVIDUAL_REVIEW_REQUIRED,해당없음(교재 연계 없음),NIKL_GRADE_PLUS_DETERMINISTIC_RULES,0,,일치,경계(L1~L2)
SC_V19109_B109_030,조형미,명사,4,L2,,3,교과_전문_의미,,INDIVIDUAL_REVIEW_REQUIRED,해당없음(교재 연계 없음),NIKL_GRADE_PLUS_DETERMINISTIC_RULES,0,,충돌,경계(L3~L4)
SC_V19109_B109_042,종량제,명사,4,L2,,4,"레벨격차과대(2단계이상, 표본검수 결과 학술어휘 다수)",,INDIVIDUAL_REVIEW_REQUIRED,해당없음(교재 연계 없음),NIKL_GRADE_PLUS_DETERMINISTIC_RULES,0,,충돌,경계(L3~L4)
SC_V19110_B110_033,주사약,명사,4,L2,,3,교과_전문_의미,,INDIVIDUAL_REVIEW_REQUIRED,해당없음(교재 연계 없음),NIKL_GRADE_PLUS_DETERMINISTIC_RULES,0,,충돌,경계(L3~L4)
SC_V19110_B110_036,주의보,명사,4,L2,,4,교과_전문_의미,레벨격차과대(2단계이상),INDIVIDUAL_REVIEW_REQUIRED,해당없음(교재 연계 없음),NIKL_GRADE_PLUS_DETERMINISTIC_RULES,0,,충돌,경계(L3~L4)
SC_V19111_B111_001,주춧돌,명사,4,L2,,3,교과_전문_의미,,INDIVIDUAL_REVIEW_REQUIRED,해당없음(교재 연계 없음),NIKL_GRADE_PLUS_DETERMINISTIC_RULES,0,,충돌,경계(L3~L4)
SC_V19111_B111_006,준결승,명사,4,L2,,3,교과_전문_의미,,INDIVIDUAL_REVIEW_REQUIRED,해당없음(교재 연계 없음),NIKL_GRADE_PLUS_DETERMINISTIC_RULES,0,,충돌,경계(L3~L4)
SC_V19111_B111_007,준말,명사,4,L2,,3,교과_전문_의미,,INDIVIDUAL_REVIEW_REQUIRED,해당없음(교재 연계 없음),NIKL_GRADE_PLUS_DETERMINISTIC_RULES,0,,충돌,경계(L3~L4)
SC_V19111_B111_011,줄글,명사,4,L2,,3,교과_전문_의미,,INDIVIDUAL_REVIEW_REQUIRED,해당없음(교재 연계 없음),NIKL_GRADE_PLUS_DETERMINISTIC_RULES,0,,충돌,경계(L3~L4)
SC_V19111_B111_014,줄뿌림,명사,4,L2,,3,교과_전문_의미,,INDIVIDUAL_REVIEW_REQUIRED,해당없음(교재 연계 없음),NIKL_GRADE_PLUS_DETERMINISTIC_RULES,0,,충돌,경계(L3~L4)
SC_V19111_B111_017,중간고사,명사,3,L1,,1,교과_전문_의미,,INDIVIDUAL_REVIEW_REQUIRED,해당없음(교재 연계 없음),NIKL_GRADE_PLUS_DETERMINISTIC_RULES,0,,일치,경계(L1~L2)
SC_V19111_B111_019,중고등학교,명사,4,L2,,3,교과_전문_의미,,INDIVIDUAL_REVIEW_REQUIRED,해당없음(교재 연계 없음),NIKL_GRADE_PLUS_DETERMINISTIC_RULES,0,,충돌,경계(L3~L4)
SC_V19111_B111_025,중공업,명사,4,L2,,3,교과_전문_의미,,INDIVIDUAL_REVIEW_REQUIRED,해당없음(교재 연계 없음),NIKL_GRADE_PLUS_DETERMINISTIC_RULES,0,,충돌,경계(L3~L4)
SC_V19111_B111_026,중국어,명사,3,L1,,2,교과_전문_의미,,INDIVIDUAL_REVIEW_REQUIRED,해당없음(교재 연계 없음),NIKL_GRADE_PLUS_DETERMINISTIC_RULES,0,,충돌,경계(L1~L2)
SC_V19111_B111_027,중금속,명사,4,L2,,3,교과_전문_의미,,INDIVIDUAL_REVIEW_REQUIRED,해당없음(교재 연계 없음),NIKL_GRADE_PLUS_DETERMINISTIC_RULES,0,,충돌,경계(L3~L4)
SC_V19111_B111_036,중화학,명사,4,L2,,3,교과_전문_의미,,INDIVIDUAL_REVIEW_REQUIRED,해당없음(교재 연계 없음),NIKL_GRADE_PLUS_DETERMINISTIC_RULES,0,,충돌,경계(L3~L4)
SC_V19111_B111_049,증류수,명사,4,L2,,3,교과_전문_의미,,INDIVIDUAL_REVIEW_REQUIRED,해당없음(교재 연계 없음),NIKL_GRADE_PLUS_DETERMINISTIC_RULES,0,,충돌,경계(L3~L4)
SC_V19112_B112_014,지느러미,명사,3,L1,,2,교과_전문_의미,,INDIVIDUAL_REVIEW_REQUIRED,해당없음(교재 연계 없음),NIKL_GRADE_PLUS_DETERMINISTIC_RULES,0,,충돌,경계(L1~L2)
SC_V19112_B112_022,지사제,명사,4,L2,,3,교과_전문_의미,,INDIVIDUAL_REVIEW_REQUIRED,해당없음(교재 연계 없음),NIKL_GRADE_PLUS_DETERMINISTIC_RULES,0,,충돌,경계(L3~L4)
SC_V19112_B112_030,지정사,명사,4,L2,,3,교과_전문_의미,,INDIVIDUAL_REVIEW_REQUIRED,해당없음(교재 연계 없음),NIKL_GRADE_PLUS_DETERMINISTIC_RULES,0,,충돌,경계(L3~L4)
SC_V19112_B112_040,지휘법,명사,4,L2,,4,교과_전문_의미,레벨격차과대(2단계이상),INDIVIDUAL_REVIEW_REQUIRED,해당없음(교재 연계 없음),NIKL_GRADE_PLUS_DETERMINISTIC_RULES,0,,충돌,경계(L3~L4)
SC_V19112_B112_041,직거래,명사,4,L2,,3,교과_전문_의미,,INDIVIDUAL_REVIEW_REQUIRED,해당없음(교재 연계 없음),NIKL_GRADE_PLUS_DETERMINISTIC_RULES,0,,충돌,경계(L3~L4)
SC_V19112_B112_045,직사각형,명사,3,L1,,1,교과_전문_의미,,INDIVIDUAL_REVIEW_REQUIRED,해당없음(교재 연계 없음),NIKL_GRADE_PLUS_DETERMINISTIC_RULES,0,,일치,경계(L1~L2)
SC_V19113_B113_009,진딧물,명사,4,L2,,3,교과_전문_의미,,INDIVIDUAL_REVIEW_REQUIRED,해당없음(교재 연계 없음),NIKL_GRADE_PLUS_DETERMINISTIC_RULES,0,,충돌,경계(L3~L4)
SC_V19113_B113_026,진정제,명사,4,L2,,4,교과_전문_의미,레벨격차과대(2단계이상),INDIVIDUAL_REVIEW_REQUIRED,해당없음(교재 연계 없음),NIKL_GRADE_PLUS_DETERMINISTIC_RULES,0,,충돌,경계(L3~L4)
SC_V19113_B113_044,집게발,명사,4,L2,,3,교과_전문_의미,,INDIVIDUAL_REVIEW_REQUIRED,해당없음(교재 연계 없음),NIKL_GRADE_PLUS_DETERMINISTIC_RULES,0,,충돌,경계(L3~L4)
SC_V19114_B114_049,차츰차츰,부사,4,L2,,4,"레벨격차과대(2단계이상, 표본검수 결과 학술어휘 다수)",,INDIVIDUAL_REVIEW_REQUIRED,해당없음(교재 연계 없음),NIKL_GRADE_PLUS_DETERMINISTIC_RULES,0,,충돌,경계(L3~L4)
SC_V19115_B115_002,착시,명사,4,L2,,3,교과_전문_의미,,INDIVIDUAL_REVIEW_REQUIRED,해당없음(교재 연계 없음),NIKL_GRADE_PLUS_DETERMINISTIC_RULES,0,,충돌,경계(L3~L4)
SC_V19115_B115_010,참값,명사,4,L2,,3,교과_전문_의미,,INDIVIDUAL_REVIEW_REQUIRED,해당없음(교재 연계 없음),NIKL_GRADE_PLUS_DETERMINISTIC_RULES,0,,충돌,경계(L3~L4)
SC_V19115_B115_020,참판,명사,4,L2,,3,교과_전문_의미,,INDIVIDUAL_REVIEW_REQUIRED,해당없음(교재 연계 없음),NIKL_GRADE_PLUS_DETERMINISTIC_RULES,0,,충돌,경계(L3~L4)
SC_V19115_B115_034,창틀,명사,3,L1,,1,교과_전문_의미,,INDIVIDUAL_REVIEW_REQUIRED,해당없음(교재 연계 없음),NIKL_GRADE_PLUS_DETERMINISTIC_RULES,0,,일치,경계(L1~L2)
SC_V19115_B115_035,창포물,명사,4,L2,,3,교과_전문_의미,,INDIVIDUAL_REVIEW_REQUIRED,해당없음(교재 연계 없음),NIKL_GRADE_PLUS_DETERMINISTIC_RULES,0,,충돌,경계(L3~L4)
SC_V19115_B115_049,처마,명사,3,L1,,1,교과_전문_의미,,INDIVIDUAL_REVIEW_REQUIRED,해당없음(교재 연계 없음),NIKL_GRADE_PLUS_DETERMINISTIC_RULES,0,,일치,경계(L1~L2)
SC_V19116_B116_010,천문대,명사,4,L2,,3,교과_전문_의미,,INDIVIDUAL_REVIEW_REQUIRED,해당없음(교재 연계 없음),NIKL_GRADE_PLUS_DETERMINISTIC_RULES,0,,충돌,경계(L3~L4)
SC_V19116_B116_013,천연기념물,명사,4,L2,,3,교과_전문_의미,,INDIVIDUAL_REVIEW_REQUIRED,해당없음(교재 연계 없음),NIKL_GRADE_PLUS_DETERMINISTIC_RULES,0,,충돌,경계(L3~L4)
SC_V19116_B116_024,철광석,명사,4,L2,,3,교과_전문_의미,,INDIVIDUAL_REVIEW_REQUIRED,해당없음(교재 연계 없음),NIKL_GRADE_PLUS_DETERMINISTIC_RULES,0,,충돌,경계(L3~L4)
SC_V19116_B116_025,철근,명사,3,L1,,2,교과_전문_의미,,INDIVIDUAL_REVIEW_REQUIRED,해당없음(교재 연계 없음),NIKL_GRADE_PLUS_DETERMINISTIC_RULES,0,,충돌,경계(L1~L2)
SC_V19116_B116_045,첫소리,명사,4,L2,,3,교과_전문_의미,,INDIVIDUAL_REVIEW_REQUIRED,해당없음(교재 연계 없음),NIKL_GRADE_PLUS_DETERMINISTIC_RULES,0,,충돌,경계(L3~L4)
SC_V19117_B117_007,청소년기,명사,3,L1,,2,교과_전문_의미,,INDIVIDUAL_REVIEW_REQUIRED,해당없음(교재 연계 없음),NIKL_GRADE_PLUS_DETERMINISTIC_RULES,0,,충돌,경계(L1~L2)
SC_V19117_B117_010,청양고추,명사,4,L2,,3,교과_전문_의미,,INDIVIDUAL_REVIEW_REQUIRED,해당없음(교재 연계 없음),NIKL_GRADE_PLUS_DETERMINISTIC_RULES,0,,충돌,경계(L3~L4)
SC_V19117_B117_011,청운교,명사,4,L2,,3,교과_전문_의미,,INDIVIDUAL_REVIEW_REQUIRED,해당없음(교재 연계 없음),NIKL_GRADE_PLUS_DETERMINISTIC_RULES,0,,충돌,경계(L3~L4)
SC_V19117_B117_025,초벌구이,명사,4,L2,,3,교과_전문_의미,,INDIVIDUAL_REVIEW_REQUIRED,해당없음(교재 연계 없음),NIKL_GRADE_PLUS_DETERMINISTIC_RULES,0,,충돌,경계(L3~L4)
SC_V19117_B117_046,총각무,명사,4,L2,,3,교과_전문_의미,,INDIVIDUAL_REVIEW_REQUIRED,해당없음(교재 연계 없음),NIKL_GRADE_PLUS_DETERMINISTIC_RULES,0,,충돌,경계(L3~L4)
SC_V19118_B118_034,추임새,명사,4,L2,,3,교과_전문_의미,,INDIVIDUAL_REVIEW_REQUIRED,해당없음(교재 연계 없음),NIKL_GRADE_PLUS_DETERMINISTIC_RULES,0,,충돌,경계(L3~L4)
SC_V19118_B118_049,축협,명사,4,L2,,3,교과_전문_의미,,INDIVIDUAL_REVIEW_REQUIRED,해당없음(교재 연계 없음),NIKL_GRADE_PLUS_DETERMINISTIC_RULES,0,,충돌,경계(L3~L4)
SC_V19118_B118_050,춘향가,명사,4,L2,,3,교과_전문_의미,,INDIVIDUAL_REVIEW_REQUIRED,해당없음(교재 연계 없음),NIKL_GRADE_PLUS_DETERMINISTIC_RULES,0,,충돌,경계(L3~L4)
SC_V19119_B119_019,춤곡,명사,3,L1,,2,교과_전문_의미,,INDIVIDUAL_REVIEW_REQUIRED,해당없음(교재 연계 없음),NIKL_GRADE_PLUS_DETERMINISTIC_RULES,0,,충돌,경계(L1~L2)
SC_V19119_B119_020,춤사위,명사,4,L2,,3,교과_전문_의미,,INDIVIDUAL_REVIEW_REQUIRED,해당없음(교재 연계 없음),NIKL_GRADE_PLUS_DETERMINISTIC_RULES,0,,충돌,경계(L3~L4)
SC_V19119_B119_024,충전기,명사,4,L2,,3,교과_전문_의미,,INDIVIDUAL_REVIEW_REQUIRED,해당없음(교재 연계 없음),NIKL_GRADE_PLUS_DETERMINISTIC_RULES,0,,충돌,경계(L3~L4)
SC_V19119_B119_040,측우기,명사,4,L2,,3,교과_전문_의미,,INDIVIDUAL_REVIEW_REQUIRED,해당없음(교재 연계 없음),NIKL_GRADE_PLUS_DETERMINISTIC_RULES,0,,충돌,경계(L3~L4)
SC_V19121_B121_009,커뮤니티,명사,4,L2,,3,교과_전문_의미,,INDIVIDUAL_REVIEW_REQUIRED,해당없음(교재 연계 없음),NIKL_GRADE_PLUS_DETERMINISTIC_RULES,0,,충돌,경계(L3~L4)
SC_V19121_B121_012,컨설턴트,명사,4,L2,,3,교과_전문_의미,,INDIVIDUAL_REVIEW_REQUIRED,해당없음(교재 연계 없음),NIKL_GRADE_PLUS_DETERMINISTIC_RULES,0,,충돌,경계(L3~L4)
SC_V19121_B121_024,코팅,명사,3,L1,,2,교과_전문_의미,,INDIVIDUAL_REVIEW_REQUIRED,해당없음(교재 연계 없음),NIKL_GRADE_PLUS_DETERMINISTIC_RULES,0,,충돌,경계(L1~L2)
SC_V19121_B121_025,콘트라베이스,명사,4,L2,,3,교과_전문_의미,,INDIVIDUAL_REVIEW_REQUIRED,해당없음(교재 연계 없음),NIKL_GRADE_PLUS_DETERMINISTIC_RULES,0,,충돌,경계(L3~L4)
SC_V19121_B121_027,콤바인,명사,4,L2,,3,교과_전문_의미,,INDIVIDUAL_REVIEW_REQUIRED,해당없음(교재 연계 없음),NIKL_GRADE_PLUS_DETERMINISTIC_RULES,0,,충돌,경계(L3~L4)
SC_V19121_B121_030,콧물감기,명사,4,L2,,3,교과_전문_의미,,INDIVIDUAL_REVIEW_REQUIRED,해당없음(교재 연계 없음),NIKL_GRADE_PLUS_DETERMINISTIC_RULES,0,,충돌,경계(L3~L4)
SC_V19121_B121_034,콧속,명사,4,L2,,3,교과_전문_의미,,INDIVIDUAL_REVIEW_REQUIRED,해당없음(교재 연계 없음),NIKL_GRADE_PLUS_DETERMINISTIC_RULES,0,,충돌,경계(L3~L4)
SC_V19122_B122_004,큐레이터,명사,4,L2,,3,교과_전문_의미,,INDIVIDUAL_REVIEW_REQUIRED,해당없음(교재 연계 없음),NIKL_GRADE_PLUS_DETERMINISTIC_RULES,0,,충돌,경계(L3~L4)
SC_V19122_B122_010,큰곰자리,명사,4,L2,,3,교과_전문_의미,,INDIVIDUAL_REVIEW_REQUIRED,해당없음(교재 연계 없음),NIKL_GRADE_PLUS_DETERMINISTIC_RULES,0,,충돌,경계(L3~L4)
SC_V19122_B122_019,클래식,명사,3,L1,,1,교과_전문_의미,,INDIVIDUAL_REVIEW_REQUIRED,해당없음(교재 연계 없음),NIKL_GRADE_PLUS_DETERMINISTIC_RULES,0,,일치,경계(L1~L2)
SC_V19122_B122_021,클릭,명사,4,L2,,3,교과_전문_의미,,INDIVIDUAL_REVIEW_REQUIRED,해당없음(교재 연계 없음),NIKL_GRADE_PLUS_DETERMINISTIC_RULES,0,,충돌,경계(L3~L4)
SC_V19122_B122_022,클릭하다,동사,4,L2,,3,교과_전문_의미,,INDIVIDUAL_REVIEW_REQUIRED,해당없음(교재 연계 없음),NIKL_GRADE_PLUS_DETERMINISTIC_RULES,0,,충돌,경계(L3~L4)
SC_V19122_B122_033,타원형,명사,3,L1,,1,교과_전문_의미,,INDIVIDUAL_REVIEW_REQUIRED,해당없음(교재 연계 없음),NIKL_GRADE_PLUS_DETERMINISTIC_RULES,0,,일치,경계(L1~L2)
SC_V19122_B122_043,탁구공,명사,4,L2,,3,교과_전문_의미,,INDIVIDUAL_REVIEW_REQUIRED,해당없음(교재 연계 없음),NIKL_GRADE_PLUS_DETERMINISTIC_RULES,0,,충돌,경계(L3~L4)
SC_V19122_B122_046,탄산수,명사,4,L2,,3,교과_전문_의미,,INDIVIDUAL_REVIEW_REQUIRED,해당없음(교재 연계 없음),NIKL_GRADE_PLUS_DETERMINISTIC_RULES,0,,충돌,경계(L3~L4)
SC_V19123_B123_002,탈놀이,명사,4,L2,,3,교과_전문_의미,,INDIVIDUAL_REVIEW_REQUIRED,해당없음(교재 연계 없음),NIKL_GRADE_PLUS_DETERMINISTIC_RULES,0,,충돌,경계(L3~L4)
SC_V19123_B123_006,탈춤,명사,3,L1,,1,교과_전문_의미,,INDIVIDUAL_REVIEW_REQUIRED,해당없음(교재 연계 없음),NIKL_GRADE_PLUS_DETERMINISTIC_RULES,0,,일치,경계(L1~L2)
SC_V19123_B123_045,텃새,명사,4,L2,,3,교과_전문_의미,,INDIVIDUAL_REVIEW_REQUIRED,해당없음(교재 연계 없음),NIKL_GRADE_PLUS_DETERMINISTIC_RULES,0,,충돌,경계(L3~L4)
SC_V19123_B123_047,테마,명사,3,L1,,2,교과_전문_의미,,INDIVIDUAL_REVIEW_REQUIRED,해당없음(교재 연계 없음),NIKL_GRADE_PLUS_DETERMINISTIC_RULES,0,,충돌,경계(L1~L2)
SC_V19124_B124_020,통계청,명사,4,L2,,3,교과_전문_의미,,INDIVIDUAL_REVIEW_REQUIRED,해당없음(교재 연계 없음),NIKL_GRADE_PLUS_DETERMINISTIC_RULES,0,,충돌,경계(L3~L4)
SC_V19124_B124_043,툇마루,명사,4,L2,,3,교과_전문_의미,,INDIVIDUAL_REVIEW_REQUIRED,해당없음(교재 연계 없음),NIKL_GRADE_PLUS_DETERMINISTIC_RULES,0,,충돌,경계(L3~L4)
SC_V19125_B125_010,트로트,명사,4,L2,,3,교과_전문_의미,,INDIVIDUAL_REVIEW_REQUIRED,해당없음(교재 연계 없음),NIKL_GRADE_PLUS_DETERMINISTIC_RULES,0,,충돌,경계(L3~L4)
SC_V19125_B125_023,특허품,명사,4,L2,,3,교과_전문_의미,,INDIVIDUAL_REVIEW_REQUIRED,해당없음(교재 연계 없음),NIKL_GRADE_PLUS_DETERMINISTIC_RULES,0,,충돌,경계(L3~L4)
SC_V19125_B125_024,특화,명사,4,L2,,4,"레벨격차과대(2단계이상, 표본검수 결과 학술어휘 다수)",,INDIVIDUAL_REVIEW_REQUIRED,해당없음(교재 연계 없음),NIKL_GRADE_PLUS_DETERMINISTIC_RULES,0,,충돌,경계(L3~L4)
SC_V19125_B125_047,판결문,명사,4,L2,,3,교과_전문_의미,,INDIVIDUAL_REVIEW_REQUIRED,해당없음(교재 연계 없음),NIKL_GRADE_PLUS_DETERMINISTIC_RULES,0,,충돌,경계(L3~L4)
SC_V19126_B126_002,판매자,명사,4,L2,,3,교과_전문_의미,,INDIVIDUAL_REVIEW_REQUIRED,해당없음(교재 연계 없음),NIKL_GRADE_PLUS_DETERMINISTIC_RULES,0,,충돌,경계(L3~L4)
SC_V19126_B126_008,판타지,명사,4,L2,,3,교과_전문_의미,,INDIVIDUAL_REVIEW_REQUIRED,해당없음(교재 연계 없음),NIKL_GRADE_PLUS_DETERMINISTIC_RULES,0,,충돌,경계(L3~L4)
SC_V19126_B126_011,팔레트,명사,4,L2,,3,교과_전문_의미,,INDIVIDUAL_REVIEW_REQUIRED,해당없음(교재 연계 없음),NIKL_GRADE_PLUS_DETERMINISTIC_RULES,0,,충돌,경계(L3~L4)
SC_V19126_B126_012,팔뼈,명사,4,L2,,3,교과_전문_의미,,INDIVIDUAL_REVIEW_REQUIRED,해당없음(교재 연계 없음),NIKL_GRADE_PLUS_DETERMINISTIC_RULES,0,,충돌,경계(L3~L4)
SC_V19126_B126_015,팝송,명사,4,L2,,3,교과_전문_의미,,INDIVIDUAL_REVIEW_REQUIRED,해당없음(교재 연계 없음),NIKL_GRADE_PLUS_DETERMINISTIC_RULES,0,,충돌,경계(L3~L4)
SC_V19126_B126_026,펄프,명사,4,L2,,3,교과_전문_의미,,INDIVIDUAL_REVIEW_REQUIRED,해당없음(교재 연계 없음),NIKL_GRADE_PLUS_DETERMINISTIC_RULES,0,,충돌,경계(L3~L4)
SC_V19126_B126_027,페르시아,명사,4,L2,,3,교과_전문_의미,,INDIVIDUAL_REVIEW_REQUIRED,해당없음(교재 연계 없음),NIKL_GRADE_PLUS_DETERMINISTIC_RULES,0,,충돌,경계(L3~L4)
SC_V19126_B126_049,평영,명사,4,L2,,3,교과_전문_의미,,INDIVIDUAL_REVIEW_REQUIRED,해당없음(교재 연계 없음),NIKL_GRADE_PLUS_DETERMINISTIC_RULES,0,,충돌,경계(L3~L4)
SC_V19127_B127_022,포환던지기,명사,4,L2,,4,교과_전문_의미,레벨격차과대(2단계이상),INDIVIDUAL_REVIEW_REQUIRED,해당없음(교재 연계 없음),NIKL_GRADE_PLUS_DETERMINISTIC_RULES,0,,충돌,경계(L3~L4)
SC_V19127_B127_040,폴카,명사,4,L2,,3,교과_전문_의미,,INDIVIDUAL_REVIEW_REQUIRED,해당없음(교재 연계 없음),NIKL_GRADE_PLUS_DETERMINISTIC_RULES,0,,충돌,경계(L3~L4)
SC_V19128_B128_025,풍경화,명사,4,L2,,3,교과_전문_의미,,INDIVIDUAL_REVIEW_REQUIRED,해당없음(교재 연계 없음),NIKL_GRADE_PLUS_DETERMINISTIC_RULES,0,,충돌,경계(L3~L4)
SC_V19128_B128_029,풍속화,명사,4,L2,,3,교과_전문_의미,,INDIVIDUAL_REVIEW_REQUIRED,해당없음(교재 연계 없음),NIKL_GRADE_PLUS_DETERMINISTIC_RULES,0,,충돌,경계(L3~L4)
SC_V19128_B128_034,풍향계,명사,4,L2,,3,교과_전문_의미,,INDIVIDUAL_REVIEW_REQUIRED,해당없음(교재 연계 없음),NIKL_GRADE_PLUS_DETERMINISTIC_RULES,0,,충돌,경계(L3~L4)
SC_V19128_B128_036,프레젠테이션,명사,4,L2,,3,교과_전문_의미,,INDIVIDUAL_REVIEW_REQUIRED,해당없음(교재 연계 없음),NIKL_GRADE_PLUS_DETERMINISTIC_RULES,0,,충돌,경계(L3~L4)
SC_V19128_B128_037,프로듀서,명사,4,L2,,3,교과_전문_의미,,INDIVIDUAL_REVIEW_REQUIRED,해당없음(교재 연계 없음),NIKL_GRADE_PLUS_DETERMINISTIC_RULES,0,,충돌,경계(L3~L4)
SC_V19128_B128_039,프리즘,명사,4,L2,,3,교과_전문_의미,,INDIVIDUAL_REVIEW_REQUIRED,해당없음(교재 연계 없음),NIKL_GRADE_PLUS_DETERMINISTIC_RULES,0,,충돌,경계(L3~L4)
SC_V19128_B128_040,플라스크,명사,4,L2,,3,교과_전문_의미,,INDIVIDUAL_REVIEW_REQUIRED,해당없음(교재 연계 없음),NIKL_GRADE_PLUS_DETERMINISTIC_RULES,0,,충돌,경계(L3~L4)
SC_V19128_B128_041,피고인,명사,4,L2,,3,교과_전문_의미,,INDIVIDUAL_REVIEW_REQUIRED,해당없음(교재 연계 없음),NIKL_GRADE_PLUS_DETERMINISTIC_RULES,0,,충돌,경계(L3~L4)
SC_V19129_B129_004,피스,명사,4,L2,,3,교과_전문_의미,,INDIVIDUAL_REVIEW_REQUIRED,해당없음(교재 연계 없음),NIKL_GRADE_PLUS_DETERMINISTIC_RULES,0,,충돌,경계(L3~L4)
SC_V19129_B129_015,필라멘트,명사,4,L2,,3,교과_전문_의미,,INDIVIDUAL_REVIEW_REQUIRED,해당없음(교재 연계 없음),NIKL_GRADE_PLUS_DETERMINISTIC_RULES,0,,충돌,경계(L3~L4)
SC_V19129_B129_048,하현달,명사,4,L2,,3,교과_전문_의미,,INDIVIDUAL_REVIEW_REQUIRED,해당없음(교재 연계 없음),NIKL_GRADE_PLUS_DETERMINISTIC_RULES,0,,충돌,경계(L3~L4)
SC_V19129_B129_049,학년도,명사,4,L2,,3,교과_전문_의미,,INDIVIDUAL_REVIEW_REQUIRED,해당없음(교재 연계 없음),NIKL_GRADE_PLUS_DETERMINISTIC_RULES,0,,충돌,경계(L3~L4)
SC_V19130_B130_012,학위,명사,4,L2,,4,교과_전문_의미,레벨격차과대(2단계이상),INDIVIDUAL_REVIEW_REQUIRED,해당없음(교재 연계 없음),NIKL_GRADE_PLUS_DETERMINISTIC_RULES,0,,충돌,경계(L3~L4)
SC_V19130_B130_019,한국화,명사,4,L2,,3,교과_전문_의미,,INDIVIDUAL_REVIEW_REQUIRED,해당없음(교재 연계 없음),NIKL_GRADE_PLUS_DETERMINISTIC_RULES,0,,충돌,경계(L3~L4)
SC_V19130_B130_041,한파,명사,4,L2,,3,교과_전문_의미,,INDIVIDUAL_REVIEW_REQUIRED,해당없음(교재 연계 없음),NIKL_GRADE_PLUS_DETERMINISTIC_RULES,0,,충돌,경계(L3~L4)
SC_V19130_B130_043,할인율,명사,4,L2,,3,교과_전문_의미,,INDIVIDUAL_REVIEW_REQUIRED,해당없음(교재 연계 없음),NIKL_GRADE_PLUS_DETERMINISTIC_RULES,0,,충돌,경계(L3~L4)
SC_V19131_B131_008,합주하다,동사,4,L2,,3,교과_전문_의미,,INDIVIDUAL_REVIEW_REQUIRED,해당없음(교재 연계 없음),NIKL_GRADE_PLUS_DETERMINISTIC_RULES,0,,충돌,경계(L3~L4)
SC_V19131_B131_009,합창곡,명사,4,L2,,3,교과_전문_의미,,INDIVIDUAL_REVIEW_REQUIRED,해당없음(교재 연계 없음),NIKL_GRADE_PLUS_DETERMINISTIC_RULES,0,,충돌,경계(L3~L4)
SC_V19131_B131_025,해시계,명사,4,L2,,4,교과_전문_의미,레벨격차과대(2단계이상),INDIVIDUAL_REVIEW_REQUIRED,해당없음(교재 연계 없음),NIKL_GRADE_PLUS_DETERMINISTIC_RULES,0,,충돌,경계(L3~L4)
SC_V19131_B131_033,해초류,명사,4,L2,,3,교과_전문_의미,,INDIVIDUAL_REVIEW_REQUIRED,해당없음(교재 연계 없음),NIKL_GRADE_PLUS_DETERMINISTIC_RULES,0,,충돌,경계(L3~L4)
SC_V19131_B131_036,해협,명사,4,L2,,3,교과_전문_의미,,INDIVIDUAL_REVIEW_REQUIRED,해당없음(교재 연계 없음),NIKL_GRADE_PLUS_DETERMINISTIC_RULES,0,,충돌,경계(L3~L4)
SC_V19131_B131_038,핸드볼,명사,4,L2,,3,교과_전문_의미,,INDIVIDUAL_REVIEW_REQUIRED,해당없음(교재 연계 없음),NIKL_GRADE_PLUS_DETERMINISTIC_RULES,0,,충돌,경계(L3~L4)
SC_V19132_B132_002,행진곡,명사,3,L1,,1,교과_전문_의미,,INDIVIDUAL_REVIEW_REQUIRED,해당없음(교재 연계 없음),NIKL_GRADE_PLUS_DETERMINISTIC_RULES,0,,일치,경계(L1~L2)
SC_V19132_B132_017,허리케인,명사,4,L2,,3,교과_전문_의미,,INDIVIDUAL_REVIEW_REQUIRED,해당없음(교재 연계 없음),NIKL_GRADE_PLUS_DETERMINISTIC_RULES,0,,충돌,경계(L3~L4)
SC_V19132_B132_023,허파,명사,3,L1,,2,교과_전문_의미,,INDIVIDUAL_REVIEW_REQUIRED,해당없음(교재 연계 없음),NIKL_GRADE_PLUS_DETERMINISTIC_RULES,0,,충돌,경계(L1~L2)
SC_V19133_B133_005,혀뿌리,명사,4,L2,,3,교과_전문_의미,,INDIVIDUAL_REVIEW_REQUIRED,해당없음(교재 연계 없음),NIKL_GRADE_PLUS_DETERMINISTIC_RULES,0,,충돌,경계(L3~L4)
SC_V19133_B133_009,현악,명사,4,L2,,3,교과_전문_의미,,INDIVIDUAL_REVIEW_REQUIRED,해당없음(교재 연계 없음),NIKL_GRADE_PLUS_DETERMINISTIC_RULES,0,,충돌,경계(L3~L4)
SC_V19133_B133_010,현악기,명사,4,L2,,3,교과_전문_의미,,INDIVIDUAL_REVIEW_REQUIRED,해당없음(교재 연계 없음),NIKL_GRADE_PLUS_DETERMINISTIC_RULES,0,,충돌,경계(L3~L4)
SC_V19133_B133_021,협주곡,명사,4,L2,,3,교과_전문_의미,,INDIVIDUAL_REVIEW_REQUIRED,해당없음(교재 연계 없음),NIKL_GRADE_PLUS_DETERMINISTIC_RULES,0,,충돌,경계(L3~L4)
SC_V19133_B133_024,형용사,명사,4,L2,,4,교과_전문_의미,레벨격차과대(2단계이상),INDIVIDUAL_REVIEW_REQUIRED,해당없음(교재 연계 없음),NIKL_GRADE_PLUS_DETERMINISTIC_RULES,0,,충돌,경계(L3~L4)
SC_V19133_B133_037,호른,명사,4,L2,,3,교과_전문_의미,,INDIVIDUAL_REVIEW_REQUIRED,해당없음(교재 연계 없음),NIKL_GRADE_PLUS_DETERMINISTIC_RULES,0,,충돌,경계(L3~L4)
SC_V19134_B134_009,홀씨,명사,4,L2,,3,교과_전문_의미,,INDIVIDUAL_REVIEW_REQUIRED,해당없음(교재 연계 없음),NIKL_GRADE_PLUS_DETERMINISTIC_RULES,0,,충돌,경계(L3~L4)
SC_V19134_B134_015,홍길동,명사,4,L2,,3,교과_전문_의미,,INDIVIDUAL_REVIEW_REQUIRED,해당없음(교재 연계 없음),NIKL_GRADE_PLUS_DETERMINISTIC_RULES,0,,충돌,경계(L3~L4)
SC_V19134_B134_024,화물,명사,3,L1,,2,교과_전문_의미,,INDIVIDUAL_REVIEW_REQUIRED,해당없음(교재 연계 없음),NIKL_GRADE_PLUS_DETERMINISTIC_RULES,0,,충돌,경계(L1~L2)
SC_V19134_B134_027,화산섬,명사,4,L2,,3,교과_전문_의미,,INDIVIDUAL_REVIEW_REQUIRED,해당없음(교재 연계 없음),NIKL_GRADE_PLUS_DETERMINISTIC_RULES,0,,충돌,경계(L3~L4)
SC_V19134_B134_028,화산재,명사,4,L2,,3,교과_전문_의미,,INDIVIDUAL_REVIEW_REQUIRED,해당없음(교재 연계 없음),NIKL_GRADE_PLUS_DETERMINISTIC_RULES,0,,충돌,경계(L3~L4)
SC_V19134_B134_045,환경부,명사,4,L2,,3,교과_전문_의미,,INDIVIDUAL_REVIEW_REQUIRED,해당없음(교재 연계 없음),NIKL_GRADE_PLUS_DETERMINISTIC_RULES,0,,충돌,경계(L3~L4)
SC_V19135_B135_004,활엽수,명사,4,L2,,3,교과_전문_의미,,INDIVIDUAL_REVIEW_REQUIRED,해당없음(교재 연계 없음),NIKL_GRADE_PLUS_DETERMINISTIC_RULES,0,,충돌,경계(L3~L4)
SC_V19135_B135_028,회전수,명사,4,L2,,3,교과_전문_의미,,INDIVIDUAL_REVIEW_REQUIRED,해당없음(교재 연계 없음),NIKL_GRADE_PLUS_DETERMINISTIC_RULES,0,,충돌,경계(L3~L4)
SC_V19135_B135_034,효과음,명사,4,L2,,3,교과_전문_의미,,INDIVIDUAL_REVIEW_REQUIRED,해당없음(교재 연계 없음),NIKL_GRADE_PLUS_DETERMINISTIC_RULES,0,,충돌,경계(L3~L4)
SC_V19135_B135_046,후반전,명사,4,L2,,3,교과_전문_의미,,INDIVIDUAL_REVIEW_REQUIRED,해당없음(교재 연계 없음),NIKL_GRADE_PLUS_DETERMINISTIC_RULES,0,,충돌,경계(L3~L4)
SC_V19137_B137_020,희석,명사,4,L2,,3,교과_전문_의미,,INDIVIDUAL_REVIEW_REQUIRED,해당없음(교재 연계 없음),NIKL_GRADE_PLUS_DETERMINISTIC_RULES,0,,충돌,경계(L3~L4)
SC_V19137_B137_031,힘살,명사,4,L2,,3,교과_전문_의미,,INDIVIDUAL_REVIEW_REQUIRED,해당없음(교재 연계 없음),NIKL_GRADE_PLUS_DETERMINISTIC_RULES,0,,충돌,경계(L3~L4)
SC_V19137_B137_034,힘줄,명사,4,L2,,3,교과_전문_의미,,INDIVIDUAL_REVIEW_REQUIRED,해당없음(교재 연계 없음),NIKL_GRADE_PLUS_DETERMINISTIC_RULES,0,,충돌,경계(L3~L4)
SR_L4CORE_4813,착수,명사,5,경계(L3~L4),공식5등급-강제분할안함,4,동형이의어,,INDIVIDUAL_REVIEW_REQUIRED,해당없음(교재 연계 없음),MANUAL_LITERACY_L4_MATCH,3,,경계(공식5등급),제외(자동분류 범위 밖 - 수동 배치)
SR_L4CORE_4794,조치,명사,3,L1,,4,동형이의어,레벨격차과대(2단계이상),INDIVIDUAL_REVIEW_REQUIRED,해당없음(교재 연계 없음),MANUAL_LITERACY_L4_MATCH,3,,충돌,제외(자동분류 범위 밖 - 수동 배치)
SR_L4CORE_4812,집단,명사,2,L0,,4,"레벨격차과대(2단계이상, 표본검수 결과 학술어휘 다수)",,INDIVIDUAL_REVIEW_REQUIRED,해당없음(교재 연계 없음),MANUAL_LITERACY_L4_MATCH,0,,충돌,제외(자동분류 범위 밖 - 수동 배치)
SR_L4CORE_4796,종속,명사,5,경계(L3~L4),공식5등급-강제분할안함,4,동형이의어,,INDIVIDUAL_REVIEW_REQUIRED,해당없음(교재 연계 없음),MANUAL_LITERACY_L4_MATCH,2,,경계(공식5등급),제외(자동분류 범위 밖 - 수동 배치)
SR_L4CORE_4787,정상,명사,다중,,,4,뜻이_다를_가능성(뜻풀이위험78),동형이의어;공식목록_다중후보,INDIVIDUAL_REVIEW_REQUIRED,해당없음(교재 연계 없음),MANUAL_LITERACY_L4_MATCH,2;7;10,,다중의미위험,제외(자동분류 범위 밖 - 수동 배치)
SR_L4CORE_4827,합성,명사,3,L1,,4,동형이의어,레벨격차과대(2단계이상),INDIVIDUAL_REVIEW_REQUIRED,해당없음(교재 연계 없음),MANUAL_LITERACY_L4_MATCH,1,,충돌,제외(자동분류 범위 밖 - 수동 배치)
SR_L4CORE_4825,하위,명사,5,경계(L3~L4),공식5등급-강제분할안함,4,동형이의어,,INDIVIDUAL_REVIEW_REQUIRED,해당없음(교재 연계 없음),MANUAL_LITERACY_L4_MATCH,2,,경계(공식5등급),제외(자동분류 범위 밖 - 수동 배치)
SR_L4CORE_4801,중복,명사,4,L2,,4,동형이의어,레벨격차과대(2단계이상),INDIVIDUAL_REVIEW_REQUIRED,해당없음(교재 연계 없음),MANUAL_LITERACY_L4_MATCH,1;5,,충돌,제외(자동분류 범위 밖 - 수동 배치)
SR_L4CORE_4786,정기,명사,4,L2,,4,뜻이_다를_가능성(뜻풀이위험78),동형이의어;레벨격차과대(2단계이상),INDIVIDUAL_REVIEW_REQUIRED,해당없음(교재 연계 없음),MANUAL_LITERACY_L4_MATCH,6;11,,충돌,제외(자동분류 범위 밖 - 수동 배치)
SR_L4CORE_4767,유추,명사,5,경계(L3~L4),공식5등급-강제분할안함,4,동형이의어,,INDIVIDUAL_REVIEW_REQUIRED,해당없음(교재 연계 없음),MANUAL_LITERACY_L4_MATCH,2,,경계(공식5등급),제외(자동분류 범위 밖 - 수동 배치)
SR_L4CORE_4750,공간,명사,1,L0,기초,4,동형이의어,레벨격차과대(2단계이상),INDIVIDUAL_REVIEW_REQUIRED,해당없음(교재 연계 없음),MANUAL_LITERACY_L4_MATCH,5,,참고전용(학령전),제외(자동분류 범위 밖 - 수동 배치)
SR_L4CORE_4751,기억,명사,1,L0,기초,4,동형이의어,레벨격차과대(2단계이상),INDIVIDUAL_REVIEW_REQUIRED,해당없음(교재 연계 없음),MANUAL_LITERACY_L4_MATCH,2,,참고전용(학령전),제외(자동분류 범위 밖 - 수동 배치)
SR_L4CORE_4752,만족,명사,1,L0,기초,4,동형이의어,레벨격차과대(2단계이상),INDIVIDUAL_REVIEW_REQUIRED,해당없음(교재 연계 없음),MANUAL_LITERACY_L4_MATCH,1,,참고전용(학령전),제외(자동분류 범위 밖 - 수동 배치)
SR_L4CORE_4753,문자,명사,2,L0,,4,동형이의어,레벨격차과대(2단계이상),INDIVIDUAL_REVIEW_REQUIRED,해당없음(교재 연계 없음),MANUAL_LITERACY_L4_MATCH,2,,충돌,제외(자동분류 범위 밖 - 수동 배치)
SR_L4CORE_4754,보수,명사,4,L2,,4,뜻이_다를_가능성(뜻풀이위험78),동형이의어;레벨격차과대(2단계이상),INDIVIDUAL_REVIEW_REQUIRED,해당없음(교재 연계 없음),MANUAL_LITERACY_L4_MATCH,5;8;10,,충돌,제외(자동분류 범위 밖 - 수동 배치)
SR_L4CORE_4755,불가피하다,형용사,4,L2,,4,"레벨격차과대(2단계이상, 표본검수 결과 학술어휘 다수)",,INDIVIDUAL_REVIEW_REQUIRED,해당없음(교재 연계 없음),MANUAL_LITERACY_L4_MATCH,0,,충돌,제외(자동분류 범위 밖 - 수동 배치)
SR_L4CORE_4759,완료,명사,4,L2,,4,"레벨격차과대(2단계이상, 표본검수 결과 학술어휘 다수)",,INDIVIDUAL_REVIEW_REQUIRED,해당없음(교재 연계 없음),MANUAL_LITERACY_L4_MATCH,0,,충돌,제외(자동분류 범위 밖 - 수동 배치)
SR_L4CORE_4760,요건,명사,4,L2,,4,"레벨격차과대(2단계이상, 표본검수 결과 학술어휘 다수)",,INDIVIDUAL_REVIEW_REQUIRED,해당없음(교재 연계 없음),MANUAL_LITERACY_L4_MATCH,0,,충돌,제외(자동분류 범위 밖 - 수동 배치)
SR_L4CORE_4761,원천,명사,4,L2,,4,동형이의어,레벨격차과대(2단계이상),INDIVIDUAL_REVIEW_REQUIRED,해당없음(교재 연계 없음),MANUAL_LITERACY_L4_MATCH,2,,충돌,제외(자동분류 범위 밖 - 수동 배치)
SR_L4CORE_4773,인지,명사,다중,,,4,동형이의어,공식목록_다중후보,INDIVIDUAL_REVIEW_REQUIRED,해당없음(교재 연계 없음),MANUAL_LITERACY_L4_MATCH,6;8,,다중의미위험,제외(자동분류 범위 밖 - 수동 배치)
SR_L4CORE_4774,일관성,명사,4,L2,,4,"레벨격차과대(2단계이상, 표본검수 결과 학술어휘 다수)",,INDIVIDUAL_REVIEW_REQUIRED,해당없음(교재 연계 없음),MANUAL_LITERACY_L4_MATCH,0,,충돌,제외(자동분류 범위 밖 - 수동 배치)
SR_L4CORE_4776,임의,명사,4,L2,,4,"레벨격차과대(2단계이상, 표본검수 결과 학술어휘 다수)",,INDIVIDUAL_REVIEW_REQUIRED,해당없음(교재 연계 없음),MANUAL_LITERACY_L4_MATCH,0,,충돌,제외(자동분류 범위 밖 - 수동 배치)
SR_L4CORE_4780,저하,명사,4,L2,,4,동형이의어,레벨격차과대(2단계이상),INDIVIDUAL_REVIEW_REQUIRED,해당없음(교재 연계 없음),MANUAL_LITERACY_L4_MATCH,1,,충돌,제외(자동분류 범위 밖 - 수동 배치)
SR_L4CORE_4795,존중,명사,1,L0,기초,4,"레벨격차과대(2단계이상, 표본검수 결과 학술어휘 다수)",,INDIVIDUAL_REVIEW_REQUIRED,해당없음(교재 연계 없음),MANUAL_LITERACY_L4_MATCH,0,,참고전용(학령전),제외(자동분류 범위 밖 - 수동 배치)
SR_L4CORE_4799,준거,명사,5,경계(L3~L4),공식5등급-강제분할안함,4,동형이의어,,INDIVIDUAL_REVIEW_REQUIRED,해당없음(교재 연계 없음),MANUAL_LITERACY_L4_MATCH,2,,경계(공식5등급),제외(자동분류 범위 밖 - 수동 배치)
SR_L4CORE_4808,지향,명사,4,L2,,4,동형이의어,레벨격차과대(2단계이상),INDIVIDUAL_REVIEW_REQUIRED,해당없음(교재 연계 없음),MANUAL_LITERACY_L4_MATCH,2,,충돌,제외(자동분류 범위 밖 - 수동 배치)
SR_L4CORE_4823,필연,명사,5,경계(L3~L4),공식5등급-강제분할안함,4,동형이의어,,INDIVIDUAL_REVIEW_REQUIRED,해당없음(교재 연계 없음),MANUAL_LITERACY_L4_MATCH,1,,경계(공식5등급),제외(자동분류 범위 밖 - 수동 배치)
SR_L4CORE_6392,자기장,명사,4,L2,,4,"레벨격차과대(2단계이상, 표본검수 결과 학술어휘 다수)",,INDIVIDUAL_REVIEW_REQUIRED,해당없음(교재 연계 없음),MANUAL_LITERACY_L4_MATCH,0,,충돌,제외(자동분류 범위 밖 - 수동 배치)
SR_L4CORE_6418,해류,명사,5,경계(L3~L4),공식5등급-강제분할안함,4,동형이의어,,INDIVIDUAL_REVIEW_REQUIRED,해당없음(교재 연계 없음),MANUAL_LITERACY_L4_MATCH,2,,경계(공식5등급),제외(자동분류 범위 밖 - 수동 배치)
SR_L4CORE_5427,고원,명사,4,L2,,4,동형이의어,레벨격차과대(2단계이상),INDIVIDUAL_REVIEW_REQUIRED,해당없음(교재 연계 없음),MANUAL_LITERACY_L4_MATCH,2,,충돌,제외(자동분류 범위 밖 - 수동 배치)
SR_L4CORE_5431,곶,명사,5,경계(L3~L4),공식5등급-강제분할안함,4,동형이의어,,INDIVIDUAL_REVIEW_REQUIRED,해당없음(교재 연계 없음),MANUAL_LITERACY_L4_MATCH,1,,경계(공식5등급),제외(자동분류 범위 밖 - 수동 배치)
SR_L4CORE_5488,대통령,명사,1,L0,기초,4,"레벨격차과대(2단계이상, 표본검수 결과 학술어휘 다수)",,INDIVIDUAL_REVIEW_REQUIRED,해당없음(교재 연계 없음),MANUAL_LITERACY_L4_MATCH,0,,참고전용(학령전),제외(자동분류 범위 밖 - 수동 배치)
SR_L5CORE_4868,대등,명사,5,경계(L3~L4),공식5등급-강제분할안함,5,동형이의어,,INDIVIDUAL_REVIEW_REQUIRED,해당없음(교재 연계 없음),MANUAL_LITERACY_L5_MATCH,4,,경계(공식5등급),제외(자동분류 범위 밖 - 수동 배치)
SR_L5CORE_4920,사후,명사,다중,,,5,동형이의어,공식목록_다중후보,INDIVIDUAL_REVIEW_REQUIRED,해당없음(교재 연계 없음),MANUAL_LITERACY_L5_MATCH,1;3,,다중의미위험,제외(자동분류 범위 밖 - 수동 배치)
SR_L5CORE_4904,본론,명사,3,L1,,5,"레벨격차과대(2단계이상, 표본검수 결과 학술어휘 다수)",,INDIVIDUAL_REVIEW_REQUIRED,해당없음(교재 연계 없음),MANUAL_LITERACY_L5_MATCH,0,,충돌,제외(자동분류 범위 밖 - 수동 배치)
SR_L5CORE_4859,논술,명사,5,경계(L3~L4),공식5등급-강제분할안함,5,동형이의어,,INDIVIDUAL_REVIEW_REQUIRED,해당없음(교재 연계 없음),MANUAL_LITERACY_L5_MATCH,1,,경계(공식5등급),제외(자동분류 범위 밖 - 수동 배치)
SR_L5CORE_4906,부가,명사,5,경계(L3~L4),공식5등급-강제분할안함,5,동형이의어,,INDIVIDUAL_REVIEW_REQUIRED,해당없음(교재 연계 없음),MANUAL_LITERACY_L5_MATCH,2,,경계(공식5등급),제외(자동분류 범위 밖 - 수동 배치)
SR_L5CORE_4934,성향,명사,4,L2,,5,동형이의어,레벨격차과대(2단계이상),INDIVIDUAL_REVIEW_REQUIRED,해당없음(교재 연계 없음),MANUAL_LITERACY_L5_MATCH,2,,충돌,제외(자동분류 범위 밖 - 수동 배치)
SR_L5CORE_4835,가치관,명사,4,L2,,5,"레벨격차과대(2단계이상, 표본검수 결과 학술어휘 다수)",,INDIVIDUAL_REVIEW_REQUIRED,해당없음(교재 연계 없음),MANUAL_LITERACY_L5_MATCH,0,,충돌,제외(자동분류 범위 밖 - 수동 배치)
SR_L5CORE_4838,개관,명사,5,경계(L3~L4),공식5등급-강제분할안함,5,동형이의어,,INDIVIDUAL_REVIEW_REQUIRED,해당없음(교재 연계 없음),MANUAL_LITERACY_L5_MATCH,4;8,,경계(공식5등급),제외(자동분류 범위 밖 - 수동 배치)
SR_L5CORE_4843,계승,명사,3,L1,,5,동형이의어,레벨격차과대(2단계이상),INDIVIDUAL_REVIEW_REQUIRED,해당없음(교재 연계 없음),MANUAL_LITERACY_L5_MATCH,2,,충돌,제외(자동분류 범위 밖 - 수동 배치)
SR_L5CORE_4844,계통,명사,4,L2,,5,동형이의어,레벨격차과대(2단계이상),INDIVIDUAL_REVIEW_REQUIRED,해당없음(교재 연계 없음),MANUAL_LITERACY_L5_MATCH,1,,충돌,제외(자동분류 범위 밖 - 수동 배치)
SR_L5CORE_4846,구축,명사,다중,,,5,동형이의어,공식목록_다중후보,INDIVIDUAL_REVIEW_REQUIRED,해당없음(교재 연계 없음),MANUAL_LITERACY_L5_MATCH,3;4,,다중의미위험,제외(자동분류 범위 밖 - 수동 배치)
SR_L5CORE_4847,구현,명사,4,L2,,5,동형이의어,레벨격차과대(2단계이상),INDIVIDUAL_REVIEW_REQUIRED,해당없음(교재 연계 없음),MANUAL_LITERACY_L5_MATCH,4,,충돌,제외(자동분류 범위 밖 - 수동 배치)
SR_L5CORE_4858,논리적,명사,4,L2,,5,동형이의어,레벨격차과대(2단계이상),INDIVIDUAL_REVIEW_REQUIRED,해당없음(교재 연계 없음),MANUAL_LITERACY_L5_MATCH,1,,충돌,제외(자동분류 범위 밖 - 수동 배치)
SR_L5CORE_6509,광물,명사,3,L1,,5,"레벨격차과대(2단계이상, 표본검수 결과 학술어휘 다수)",,INDIVIDUAL_REVIEW_REQUIRED,해당없음(교재 연계 없음),MANUAL_LITERACY_L5_MATCH,0,,충돌,제외(자동분류 범위 밖 - 수동 배치)
SR_L5CORE_5551,도시화,명사,4,L2,,5,"레벨격차과대(2단계이상, 표본검수 결과 학술어휘 다수)",,INDIVIDUAL_REVIEW_REQUIRED,해당없음(교재 연계 없음),MANUAL_LITERACY_L5_MATCH,0,,충돌,제외(자동분류 범위 밖 - 수동 배치)
SR_L6CORE_6019,범죄,명사,2,L0,,6,"레벨격차과대(2단계이상, 표본검수 결과 학술어휘 다수)",,INDIVIDUAL_REVIEW_REQUIRED,해당없음(교재 연계 없음),MANUAL_LITERACY_L6_MATCH,0,,충돌,제외(자동분류 범위 밖 - 수동 배치)
SR_L6CORE_6021,형벌,명사,3,L1,,6,"레벨격차과대(2단계이상, 표본검수 결과 학술어휘 다수)",,INDIVIDUAL_REVIEW_REQUIRED,해당없음(교재 연계 없음),MANUAL_LITERACY_L6_MATCH,0,,충돌,제외(자동분류 범위 밖 - 수동 배치)
SR_L6CORE_6039,특별법,명사,4,L2,,6,"레벨격차과대(2단계이상, 표본검수 결과 학술어휘 다수)",,INDIVIDUAL_REVIEW_REQUIRED,해당없음(교재 연계 없음),MANUAL_LITERACY_L6_MATCH,0,,충돌,제외(자동분류 범위 밖 - 수동 배치)
SR_L6CORE_4942,아이디어,명사,2,L0,,6,"레벨격차과대(2단계이상, 표본검수 결과 학술어휘 다수)",,INDIVIDUAL_REVIEW_REQUIRED,해당없음(교재 연계 없음),MANUAL_LITERACY_L6_MATCH,0,,충돌,제외(자동분류 범위 밖 - 수동 배치)
SR_L6CORE_4945,오류,명사,2,L0,,6,동형이의어,레벨격차과대(2단계이상),INDIVIDUAL_REVIEW_REQUIRED,해당없음(교재 연계 없음),MANUAL_LITERACY_L6_MATCH,3,,충돌,제외(자동분류 범위 밖 - 수동 배치)
SR_L6CORE_4946,완결,명사,5,경계(L3~L4),공식5등급-강제분할안함,6,동형이의어,,INDIVIDUAL_REVIEW_REQUIRED,해당없음(교재 연계 없음),MANUAL_LITERACY_L6_MATCH,3,,경계(공식5등급),제외(자동분류 범위 밖 - 수동 배치)
SR_L6CORE_4947,왜곡,명사,4,L2,,6,동형이의어,레벨격차과대(2단계이상),INDIVIDUAL_REVIEW_REQUIRED,해당없음(교재 연계 없음),MANUAL_LITERACY_L6_MATCH,1,,충돌,제외(자동분류 범위 밖 - 수동 배치)
SR_L6CORE_4953,의지,명사,다중,,,6,동형이의어,공식목록_다중후보,INDIVIDUAL_REVIEW_REQUIRED,해당없음(교재 연계 없음),MANUAL_LITERACY_L6_MATCH,4;6,,다중의미위험,제외(자동분류 범위 밖 - 수동 배치)
SR_L6CORE_4956,자발적,명사,2,L0,,6,"레벨격차과대(2단계이상, 표본검수 결과 학술어휘 다수)",,INDIVIDUAL_REVIEW_REQUIRED,해당없음(교재 연계 없음),MANUAL_LITERACY_L6_MATCH,0,,충돌,제외(자동분류 범위 밖 - 수동 배치)
SR_L6CORE_4957,자아,명사,4,L2,,6,"레벨격차과대(2단계이상, 표본검수 결과 학술어휘 다수)",,INDIVIDUAL_REVIEW_REQUIRED,해당없음(교재 연계 없음),MANUAL_LITERACY_L6_MATCH,0,,충돌,제외(자동분류 범위 밖 - 수동 배치)
SR_L6CORE_4960,전이,명사,5,경계(L3~L4),공식5등급-강제분할안함,6,동형이의어,,INDIVIDUAL_REVIEW_REQUIRED,해당없음(교재 연계 없음),MANUAL_LITERACY_L6_MATCH,3,,경계(공식5등급),제외(자동분류 범위 밖 - 수동 배치)
SR_L6CORE_4961,전제,명사,5,경계(L3~L4),공식5등급-강제분할안함,6,동형이의어,,INDIVIDUAL_REVIEW_REQUIRED,해당없음(교재 연계 없음),MANUAL_LITERACY_L6_MATCH,8,,경계(공식5등급),제외(자동분류 범위 밖 - 수동 배치)
SR_L6CORE_4962,전형적,명사,3,L1,,6,"레벨격차과대(2단계이상, 표본검수 결과 학술어휘 다수)",,INDIVIDUAL_REVIEW_REQUIRED,해당없음(교재 연계 없음),MANUAL_LITERACY_L6_MATCH,0,,충돌,제외(자동분류 범위 밖 - 수동 배치)
SR_L6CORE_4964,창출,명사,4,L2,,6,동형이의어,레벨격차과대(2단계이상),INDIVIDUAL_REVIEW_REQUIRED,해당없음(교재 연계 없음),MANUAL_LITERACY_L6_MATCH,1,,충돌,제외(자동분류 범위 밖 - 수동 배치)
SR_L6CORE_4965,체재,명사,5,경계(L3~L4),공식5등급-강제분할안함,6,동형이의어,,INDIVIDUAL_REVIEW_REQUIRED,해당없음(교재 연계 없음),MANUAL_LITERACY_L6_MATCH,3,,경계(공식5등급),제외(자동분류 범위 밖 - 수동 배치)
SR_L6CORE_4966,총합,명사,4,L2,,6,"레벨격차과대(2단계이상, 표본검수 결과 학술어휘 다수)",,INDIVIDUAL_REVIEW_REQUIRED,해당없음(교재 연계 없음),MANUAL_LITERACY_L6_MATCH,0,,충돌,제외(자동분류 범위 밖 - 수동 배치)
SR_L6CORE_4967,추진,명사,4,L2,,6,동형이의어,레벨격차과대(2단계이상),INDIVIDUAL_REVIEW_REQUIRED,해당없음(교재 연계 없음),MANUAL_LITERACY_L6_MATCH,2,,충돌,제외(자동분류 범위 밖 - 수동 배치)
SR_L6CORE_4969,타당성,명사,4,L2,,6,"레벨격차과대(2단계이상, 표본검수 결과 학술어휘 다수)",,INDIVIDUAL_REVIEW_REQUIRED,해당없음(교재 연계 없음),MANUAL_LITERACY_L6_MATCH,0,,충돌,제외(자동분류 범위 밖 - 수동 배치)
SR_L6CORE_4970,탈피,명사,4,L2,,6,"레벨격차과대(2단계이상, 표본검수 결과 학술어휘 다수)",,INDIVIDUAL_REVIEW_REQUIRED,해당없음(교재 연계 없음),MANUAL_LITERACY_L6_MATCH,0,,충돌,제외(자동분류 범위 밖 - 수동 배치)
SR_L6CORE_4981,결여,명사,5,경계(L3~L4),공식5등급-강제분할안함,6,동형이의어,,INDIVIDUAL_REVIEW_REQUIRED,해당없음(교재 연계 없음),MANUAL_LITERACY_L6_MATCH,1,,경계(공식5등급),제외(자동분류 범위 밖 - 수동 배치)
SR_L6CORE_4984,관통,명사,5,경계(L3~L4),공식5등급-강제분할안함,6,동형이의어,,INDIVIDUAL_REVIEW_REQUIRED,해당없음(교재 연계 없음),MANUAL_LITERACY_L6_MATCH,2,,경계(공식5등급),제외(자동분류 범위 밖 - 수동 배치)
SR_L6CORE_4985,궁극,명사,4,L2,,6,"레벨격차과대(2단계이상, 표본검수 결과 학술어휘 다수)",,INDIVIDUAL_REVIEW_REQUIRED,해당없음(교재 연계 없음),MANUAL_LITERACY_L6_MATCH,0,,충돌,제외(자동분류 범위 밖 - 수동 배치)
SR_L6CORE_4986,극단,명사,다중,,,6,동형이의어,공식목록_다중후보,INDIVIDUAL_REVIEW_REQUIRED,해당없음(교재 연계 없음),MANUAL_LITERACY_L6_MATCH,1;2,,다중의미위험,제외(자동분류 범위 밖 - 수동 배치)
SR_L6CORE_4987,극대,명사,5,경계(L3~L4),공식5등급-강제분할안함,6,동형이의어,,INDIVIDUAL_REVIEW_REQUIRED,해당없음(교재 연계 없음),MANUAL_LITERACY_L6_MATCH,1,,경계(공식5등급),제외(자동분류 범위 밖 - 수동 배치)
SR_L6CORE_4988,기각,명사,5,경계(L3~L4),공식5등급-강제분할안함,6,동형이의어,,INDIVIDUAL_REVIEW_REQUIRED,해당없음(교재 연계 없음),MANUAL_LITERACY_L6_MATCH,4,,경계(공식5등급),제외(자동분류 범위 밖 - 수동 배치)
SR_L6CORE_4989,기인,명사,5,경계(L3~L4),공식5등급-강제분할안함,6,동형이의어,,INDIVIDUAL_REVIEW_REQUIRED,해당없음(교재 연계 없음),MANUAL_LITERACY_L6_MATCH,2,,경계(공식5등급),제외(자동분류 범위 밖 - 수동 배치)
SR_L6COREV2_4959,전면,명사,다중,,,6,동형이의어,공식목록_다중후보,INDIVIDUAL_REVIEW_REQUIRED,해당없음(교재 연계 없음),MANUAL_LITERACY_L6_MATCH,1;2,,다중의미위험,제외(자동분류 범위 밖 - 수동 배치)
SR_L6COREV2_4971,통찰,명사,4,L2,,6,동형이의어,레벨격차과대(2단계이상),INDIVIDUAL_REVIEW_REQUIRED,해당없음(교재 연계 없음),MANUAL_LITERACY_L6_MATCH,1,,충돌,제외(자동분류 범위 밖 - 수동 배치)
SR_L6COREV2_4977,객관적,명사,4,L2,,6,"레벨격차과대(2단계이상, 표본검수 결과 학술어휘 다수)",,INDIVIDUAL_REVIEW_REQUIRED,해당없음(교재 연계 없음),MANUAL_LITERACY_L6_MATCH,0,,충돌,제외(자동분류 범위 밖 - 수동 배치)
SR_L6COREV2_4982,고찰,명사,5,경계(L3~L4),공식5등급-강제분할안함,6,동형이의어,,INDIVIDUAL_REVIEW_REQUIRED,해당없음(교재 연계 없음),MANUAL_LITERACY_L6_MATCH,2,,경계(공식5등급),제외(자동분류 범위 밖 - 수동 배치)
SR_L6COREV2_4992,논증,명사,5,경계(L3~L4),공식5등급-강제분할안함,6,동형이의어,,INDIVIDUAL_REVIEW_REQUIRED,해당없음(교재 연계 없음),MANUAL_LITERACY_L6_MATCH,2,,경계(공식5등급),제외(자동분류 범위 밖 - 수동 배치)
SR_L6COREV2_4993,논지,명사,5,경계(L3~L4),공식5등급-강제분할안함,6,동형이의어,,INDIVIDUAL_REVIEW_REQUIRED,해당없음(교재 연계 없음),MANUAL_LITERACY_L6_MATCH,2,,경계(공식5등급),제외(자동분류 범위 밖 - 수동 배치)
SR_L6COREV2_4994,논하다,동사,4,L2,,6,"레벨격차과대(2단계이상, 표본검수 결과 학술어휘 다수)",,INDIVIDUAL_REVIEW_REQUIRED,해당없음(교재 연계 없음),MANUAL_LITERACY_L6_MATCH,0,,충돌,제외(자동분류 범위 밖 - 수동 배치)
SR_L6COREV2_4997,반문,명사,4,L2,,6,동형이의어,레벨격차과대(2단계이상),INDIVIDUAL_REVIEW_REQUIRED,해당없음(교재 연계 없음),MANUAL_LITERACY_L6_MATCH,1,,충돌,제외(자동분류 범위 밖 - 수동 배치)
SR_L6COREV2_4999,범주,명사,5,경계(L3~L4),공식5등급-강제분할안함,6,동형이의어,,INDIVIDUAL_REVIEW_REQUIRED,해당없음(교재 연계 없음),MANUAL_LITERACY_L6_MATCH,5,,경계(공식5등급),제외(자동분류 범위 밖 - 수동 배치)
SR_L6COREV2_5000,법칙,명사,2,L0,,6,"레벨격차과대(2단계이상, 표본검수 결과 학술어휘 다수)",,INDIVIDUAL_REVIEW_REQUIRED,해당없음(교재 연계 없음),MANUAL_LITERACY_L6_MATCH,0,,충돌,제외(자동분류 범위 밖 - 수동 배치)
SR_L6COREV2_5003,실재,명사,5,경계(L3~L4),공식5등급-강제분할안함,6,동형이의어,,INDIVIDUAL_REVIEW_REQUIRED,해당없음(교재 연계 없음),MANUAL_LITERACY_L6_MATCH,2,,경계(공식5등급),제외(자동분류 범위 밖 - 수동 배치)
SR_L6COREV2_5005,실질,명사,4,L2,,6,"레벨격차과대(2단계이상, 표본검수 결과 학술어휘 다수)",,INDIVIDUAL_REVIEW_REQUIRED,해당없음(교재 연계 없음),MANUAL_LITERACY_L6_MATCH,0,,충돌,제외(자동분류 범위 밖 - 수동 배치)
SR_L6COREV2_5006,심층,명사,4,L2,,6,"레벨격차과대(2단계이상, 표본검수 결과 학술어휘 다수)",,INDIVIDUAL_REVIEW_REQUIRED,해당없음(교재 연계 없음),MANUAL_LITERACY_L6_MATCH,0,,충돌,제외(자동분류 범위 밖 - 수동 배치)
SR_L6COREV2_5007,아래,명사,1,L0,기초,6,"레벨격차과대(2단계이상, 표본검수 결과 학술어휘 다수)",,INDIVIDUAL_REVIEW_REQUIRED,해당없음(교재 연계 없음),MANUAL_LITERACY_L6_MATCH,0,,참고전용(학령전),제외(자동분류 범위 밖 - 수동 배치)
SR_L6COREV2_5008,암시,명사,5,경계(L3~L4),공식5등급-강제분할안함,6,동형이의어,,INDIVIDUAL_REVIEW_REQUIRED,해당없음(교재 연계 없음),MANUAL_LITERACY_L6_MATCH,1,,경계(공식5등급),제외(자동분류 범위 밖 - 수동 배치)
SR_L6COREV2_5011,양상,명사,5,경계(L3~L4),공식5등급-강제분할안함,6,동형이의어,,INDIVIDUAL_REVIEW_REQUIRED,해당없음(교재 연계 없음),MANUAL_LITERACY_L6_MATCH,7,,경계(공식5등급),제외(자동분류 범위 밖 - 수동 배치)
SR_L6COREV2_5012,언급,명사,4,L2,,6,"레벨격차과대(2단계이상, 표본검수 결과 학술어휘 다수)",,INDIVIDUAL_REVIEW_REQUIRED,해당없음(교재 연계 없음),MANUAL_LITERACY_L6_MATCH,0,,충돌,제외(자동분류 범위 밖 - 수동 배치)
SR_L6COREV2_5014,역점,명사,5,경계(L3~L4),공식5등급-강제분할안함,6,동형이의어,,INDIVIDUAL_REVIEW_REQUIRED,해당없음(교재 연계 없음),MANUAL_LITERACY_L6_MATCH,1,,경계(공식5등급),제외(자동분류 범위 밖 - 수동 배치)
SR_L6COREV2_5015,연쇄,명사,5,경계(L3~L4),공식5등급-강제분할안함,6,동형이의어,,INDIVIDUAL_REVIEW_REQUIRED,해당없음(교재 연계 없음),MANUAL_LITERACY_L6_MATCH,1,,경계(공식5등급),제외(자동분류 범위 밖 - 수동 배치)
SR_L6COREV2_5016,여지,의존명사,5,경계(L3~L4),공식5등급-강제분할안함,6,동형이의어,,INDIVIDUAL_REVIEW_REQUIRED,해당없음(교재 연계 없음),MANUAL_LITERACY_L6_MATCH,2,,경계(공식5등급),제외(자동분류 범위 밖 - 수동 배치)
SR_L6COREV2_5021,이면,명사,4,L2,,6,동형이의어,레벨격차과대(2단계이상),INDIVIDUAL_REVIEW_REQUIRED,해당없음(교재 연계 없음),MANUAL_LITERACY_L6_MATCH,1,,충돌,제외(자동분류 범위 밖 - 수동 배치)
SR_L6COREV2_5023,이상하다,형용사,1,L0,기초,6,"레벨격차과대(2단계이상, 표본검수 결과 학술어휘 다수)",,INDIVIDUAL_REVIEW_REQUIRED,해당없음(교재 연계 없음),MANUAL_LITERACY_L6_MATCH,0,,참고전용(학령전),제외(자동분류 범위 밖 - 수동 배치)
SR_L6COREV2_5025,입각,명사,5,경계(L3~L4),공식5등급-강제분할안함,6,동형이의어,,INDIVIDUAL_REVIEW_REQUIRED,해당없음(교재 연계 없음),MANUAL_LITERACY_L6_MATCH,2,,경계(공식5등급),제외(자동분류 범위 밖 - 수동 배치)
SR_L6EVIDENCEV1_6832,면역,,-,,,6,동형이의어,,INDIVIDUAL_REVIEW_REQUIRED,해당없음(교재 연계 없음),MANUAL_LITERACY_L6_MATCH,0,,공식근거없음(표제어만일치),제외(자동분류 범위 밖 - 수동 배치)
SR_L6EVIDENCEV1_6851,백신,,-,,,6,동형이의어,,INDIVIDUAL_REVIEW_REQUIRED,해당없음(교재 연계 없음),MANUAL_LITERACY_L6_MATCH,0,,공식근거없음(표제어만일치),제외(자동분류 범위 밖 - 수동 배치)
SR_L6EVIDENCEV1_6990,양자,,-,,,6,동형이의어,,INDIVIDUAL_REVIEW_REQUIRED,해당없음(교재 연계 없음),MANUAL_LITERACY_L6_MATCH,0,,공식근거없음(표제어만일치),제외(자동분류 범위 밖 - 수동 배치)
SR_L6EVIDENCEV1_6799,항성,,-,,,6,동형이의어,,INDIVIDUAL_REVIEW_REQUIRED,해당없음(교재 연계 없음),MANUAL_LITERACY_L6_MATCH,0,,공식근거없음(표제어만일치),제외(자동분류 범위 밖 - 수동 배치)
SR_L6EVIDENCEV1_5749,상품,,-,,,6,뜻이_다를_가능성(뜻풀이위험78),동형이의어,INDIVIDUAL_REVIEW_REQUIRED,해당없음(교재 연계 없음),MANUAL_LITERACY_L6_MATCH,0,,공식근거없음(표제어만일치),제외(자동분류 범위 밖 - 수동 배치)
