source_content_id,source_content_ids_json,sense_id,sense_ids_json,lemma,pos,options_json,correct_option,public_payload_json,answer_payload_json,cognitive_level,qa_flags_json,generator_version,source_version,item_id,item_type,prompt,explanation
G5-0c775f5c27362d4a,,,,수시,명사,"[""미리 정해 놓은 시각에 맞추어 함."", ""필요할 때 임시로 잠깐 정하여 함."", ""정해진 때가 없이 그때그때 상황에 따라 함."", ""일정한 때를 정해 놓고 반복하여 함.""]",3,"{""options"": [""미리 정해 놓은 시각에 맞추어 함."", ""필요할 때 임시로 잠깐 정하여 함."", ""정해진 때가 없이 그때그때 상황에 따라 함."", ""일정한 때를 정해 놓고 반복하여 함.""]}","{""correct_option"": 3}",,"[{""flag"": ""NIKL_GRADE5_L3_BATCH2_ADMIN_PREVIEW"", ""source_version_isolation"": ""source_version deliberately set to nikl_grade5_l3_batch2_v1 (not 2.1.29, not nikl_grade5_l3_batch1_v1, not any existing pilot source_version) so this batch is structurally excluded from general/level-mode selection and every other batch/pilot - admin preview only"", ""human_level_judgment"": ""L3"", ""human_level_judgment_source"": ""vocabulary_grade5_candidate_judgments(최신 유효 판정)"", ""content_review_status"": ""검수 전(미승인) - vocabulary_publish_reviews류 별도 테이블에만 기록되며 이 레벨 판정과 무관"", ""expert_review_status"": ""검수자 확인 안 됨(자동 1차 초안 - 사람이 직접 작성했지만 공식 승인 절차 거치지 않음)"", ""auto_validation_status"": ""PASS"", ""auto_validation_notes"": ""이상 없음"", ""auto_validation_report"": ""reports/nikl_grade5_l3_batch2_dryrun_20261007.md 참고"", ""generator_version"": ""nikl_grade5_l3_batch2_dryrun_v1"", ""distractor_design_version"": ""v2 기준 처음부터 적용(2026-10-07) - 1차 v2에서 검수된 의미 분야 근접 오답 설계 기준을 신규 작성 시점부터 적용, 배치 내 무작위 재사용(v1 방식) 미사용"", ""wrong_option_reasons"": [{""option_text"": ""미리 정해 놓은 시각에 맞추어 함."", ""confusion_point"": ""반대 개념(정시)"", ""reason"": ""'정해진 때가 없이'가 아니라 '정해진 시각에 맞추어' 한다는 점이 반대.""}, {""option_text"": ""필요할 때 임시로 잠깐 정하여 함."", ""confusion_point"": ""유사 개념(임시)"", ""reason"": ""'그때그때 상황에 따름'이 아니라 '한시적으로 잠깐' 정한다는 점이 다름.""}, {""option_text"": ""일정한 때를 정해 놓고 반복하여 함."", ""confusion_point"": ""유사 빈도 개념(정기적)"", ""reason"": ""'그때그때'가 아니라 '일정한 간격으로 반복'한다는 점이 다름.""}], ""key_clue"": ""'정해진 때가 없음' + '그때그때 상황에 따름' - 두 가지가 모두 있어야 함."", ""admin_only_note"": ""wrong_option_reasons/key_clue는 검수 화면(관리자)에만 노출 - 응시 화면(제출 전)에는 노출하지 않음""}]",nikl_grade5_l3_batch2_dryrun_v1,nikl_grade5_l3_batch2_v1,MF_G5L3B2_M_G5-0c775f5c27362d4a,MEANING_CHOICE,'수시'의 뜻으로 가장 알맞은 것은?,'수시'는 '정해진 때가 없이 그때그때 상황에 따라 함.'이라는 뜻입니다.
G5-0c775f5c27362d4a,,,,수시,명사,"[""미리 정해 놓은 시각에 맞추어 함."", ""필요할 때 임시로 잠깐 정하여 함."", ""정해진 때가 없이 그때그때 상황에 따라 함."", ""일정한 때를 정해 놓고 반복하여 함.""]",3,"{""options"": [""미리 정해 놓은 시각에 맞추어 함."", ""필요할 때 임시로 잠깐 정하여 함."", ""정해진 때가 없이 그때그때 상황에 따라 함."", ""일정한 때를 정해 놓고 반복하여 함.""]}","{""correct_option"": 3}",,"[{""flag"": ""NIKL_GRADE5_L3_BATCH2_ADMIN_PREVIEW"", ""source_version_isolation"": ""source_version deliberately set to nikl_grade5_l3_batch2_v1 (not 2.1.29, not nikl_grade5_l3_batch1_v1, not any existing pilot source_version) so this batch is structurally excluded from general/level-mode selection and every other batch/pilot - admin preview only"", ""human_level_judgment"": ""L3"", ""human_level_judgment_source"": ""vocabulary_grade5_candidate_judgments(최신 유효 판정)"", ""content_review_status"": ""검수 전(미승인) - vocabulary_publish_reviews류 별도 테이블에만 기록되며 이 레벨 판정과 무관"", ""expert_review_status"": ""검수자 확인 안 됨(자동 1차 초안 - 사람이 직접 작성했지만 공식 승인 절차 거치지 않음)"", ""auto_validation_status"": ""PASS"", ""auto_validation_notes"": ""이상 없음"", ""auto_validation_report"": ""reports/nikl_grade5_l3_batch2_dryrun_20261007.md 참고"", ""generator_version"": ""nikl_grade5_l3_batch2_dryrun_v1"", ""distractor_design_version"": ""v2 기준 처음부터 적용(2026-10-07) - 1차 v2에서 검수된 의미 분야 근접 오답 설계 기준을 신규 작성 시점부터 적용, 배치 내 무작위 재사용(v1 방식) 미사용"", ""wrong_option_reasons"": [{""option_text"": ""미리 정해 놓은 시각에 맞추어 함."", ""confusion_point"": ""반대 개념(정시)"", ""reason"": ""'정해진 때가 없이'가 아니라 '정해진 시각에 맞추어' 한다는 점이 반대.""}, {""option_text"": ""필요할 때 임시로 잠깐 정하여 함."", ""confusion_point"": ""유사 개념(임시)"", ""reason"": ""'그때그때 상황에 따름'이 아니라 '한시적으로 잠깐' 정한다는 점이 다름.""}, {""option_text"": ""일정한 때를 정해 놓고 반복하여 함."", ""confusion_point"": ""유사 빈도 개념(정기적)"", ""reason"": ""'그때그때'가 아니라 '일정한 간격으로 반복'한다는 점이 다름.""}], ""key_clue"": ""'정해진 때가 없음' + '그때그때 상황에 따름' - 두 가지가 모두 있어야 함."", ""admin_only_note"": ""wrong_option_reasons/key_clue는 검수 화면(관리자)에만 노출 - 응시 화면(제출 전)에는 노출하지 않음""}]",nikl_grade5_l3_batch2_dryrun_v1,nikl_grade5_l3_batch2_v1,MF_G5L3B2_C_G5-0c775f5c27362d4a,CONTEXT_MEANING,"다음 문장에서 표시된 낱말의 뜻으로 가장 알맞은 것은?

선생님께서는 수업 중 【수시】로 학생들의 이해도를 확인하셨다.",문장 속 '수시'는 '정해진 때가 없이 그때그때 상황에 따라 함.'을 뜻합니다.
G5-2fac71523c3c7e31,,,,숙련,명사,"[""처음 배워서 아직 서투름."", ""같은 일을 여러 번 되풀이해서 솜씨가 좋아짐."", ""남에게 배우지 않고 저절로 터득함."", ""여러 가지 일을 동시에 처리하는 능력.""]",2,"{""options"": [""처음 배워서 아직 서투름."", ""같은 일을 여러 번 되풀이해서 솜씨가 좋아짐."", ""남에게 배우지 않고 저절로 터득함."", ""여러 가지 일을 동시에 처리하는 능력.""]}","{""correct_option"": 2}",,"[{""flag"": ""NIKL_GRADE5_L3_BATCH2_ADMIN_PREVIEW"", ""source_version_isolation"": ""source_version deliberately set to nikl_grade5_l3_batch2_v1 (not 2.1.29, not nikl_grade5_l3_batch1_v1, not any existing pilot source_version) so this batch is structurally excluded from general/level-mode selection and every other batch/pilot - admin preview only"", ""human_level_judgment"": ""L3"", ""human_level_judgment_source"": ""vocabulary_grade5_candidate_judgments(최신 유효 판정)"", ""content_review_status"": ""검수 전(미승인) - vocabulary_publish_reviews류 별도 테이블에만 기록되며 이 레벨 판정과 무관"", ""expert_review_status"": ""검수자 확인 안 됨(자동 1차 초안 - 사람이 직접 작성했지만 공식 승인 절차 거치지 않음)"", ""auto_validation_status"": ""PASS"", ""auto_validation_notes"": ""이상 없음"", ""auto_validation_report"": ""reports/nikl_grade5_l3_batch2_dryrun_20261007.md 참고"", ""generator_version"": ""nikl_grade5_l3_batch2_dryrun_v1"", ""distractor_design_version"": ""v2 기준 처음부터 적용(2026-10-07) - 1차 v2에서 검수된 의미 분야 근접 오답 설계 기준을 신규 작성 시점부터 적용, 배치 내 무작위 재사용(v1 방식) 미사용"", ""wrong_option_reasons"": [{""option_text"": ""처음 배워서 아직 서투름."", ""confusion_point"": ""반대 개념(미숙)"", ""reason"": ""'능숙해짐'이 아니라 '아직 서투름'이라는 반대 뜻.""}, {""option_text"": ""남에게 배우지 않고 저절로 터득함."", ""confusion_point"": ""유사 습득 경로(독학)"", ""reason"": ""'연습을 많이 해서'가 아니라 '배우지 않고 스스로' 터득한다는 점이 다름.""}, {""option_text"": ""여러 가지 일을 동시에 처리하는 능력."", ""confusion_point"": ""다른 능력 개념(다재다능)"", ""reason"": ""'한 가지를 연습해 능숙해짐'이 아니라 '여러 일을 동시에 하는 능력'이라 다름.""}], ""key_clue"": ""'연습을 많이 해서' + '능숙해짐' - 반복 훈련의 결과라는 점."", ""admin_only_note"": ""wrong_option_reasons/key_clue는 검수 화면(관리자)에만 노출 - 응시 화면(제출 전)에는 노출하지 않음""}]",nikl_grade5_l3_batch2_dryrun_v1,nikl_grade5_l3_batch2_v1,MF_G5L3B2_M_G5-2fac71523c3c7e31,MEANING_CHOICE,'숙련'의 뜻으로 가장 알맞은 것은?,'숙련'은 '같은 일을 여러 번 되풀이해서 솜씨가 좋아짐.'이라는 뜻입니다.
G5-2fac71523c3c7e31,,,,숙련,명사,"[""처음 배워서 아직 서투름."", ""같은 일을 여러 번 되풀이해서 솜씨가 좋아짐."", ""남에게 배우지 않고 저절로 터득함."", ""여러 가지 일을 동시에 처리하는 능력.""]",2,"{""options"": [""처음 배워서 아직 서투름."", ""같은 일을 여러 번 되풀이해서 솜씨가 좋아짐."", ""남에게 배우지 않고 저절로 터득함."", ""여러 가지 일을 동시에 처리하는 능력.""]}","{""correct_option"": 2}",,"[{""flag"": ""NIKL_GRADE5_L3_BATCH2_ADMIN_PREVIEW"", ""source_version_isolation"": ""source_version deliberately set to nikl_grade5_l3_batch2_v1 (not 2.1.29, not nikl_grade5_l3_batch1_v1, not any existing pilot source_version) so this batch is structurally excluded from general/level-mode selection and every other batch/pilot - admin preview only"", ""human_level_judgment"": ""L3"", ""human_level_judgment_source"": ""vocabulary_grade5_candidate_judgments(최신 유효 판정)"", ""content_review_status"": ""검수 전(미승인) - vocabulary_publish_reviews류 별도 테이블에만 기록되며 이 레벨 판정과 무관"", ""expert_review_status"": ""검수자 확인 안 됨(자동 1차 초안 - 사람이 직접 작성했지만 공식 승인 절차 거치지 않음)"", ""auto_validation_status"": ""PASS"", ""auto_validation_notes"": ""이상 없음"", ""auto_validation_report"": ""reports/nikl_grade5_l3_batch2_dryrun_20261007.md 참고"", ""generator_version"": ""nikl_grade5_l3_batch2_dryrun_v1"", ""distractor_design_version"": ""v2 기준 처음부터 적용(2026-10-07) - 1차 v2에서 검수된 의미 분야 근접 오답 설계 기준을 신규 작성 시점부터 적용, 배치 내 무작위 재사용(v1 방식) 미사용"", ""wrong_option_reasons"": [{""option_text"": ""처음 배워서 아직 서투름."", ""confusion_point"": ""반대 개념(미숙)"", ""reason"": ""'능숙해짐'이 아니라 '아직 서투름'이라는 반대 뜻.""}, {""option_text"": ""남에게 배우지 않고 저절로 터득함."", ""confusion_point"": ""유사 습득 경로(독학)"", ""reason"": ""'연습을 많이 해서'가 아니라 '배우지 않고 스스로' 터득한다는 점이 다름.""}, {""option_text"": ""여러 가지 일을 동시에 처리하는 능력."", ""confusion_point"": ""다른 능력 개념(다재다능)"", ""reason"": ""'한 가지를 연습해 능숙해짐'이 아니라 '여러 일을 동시에 하는 능력'이라 다름.""}], ""key_clue"": ""'연습을 많이 해서' + '능숙해짐' - 반복 훈련의 결과라는 점."", ""admin_only_note"": ""wrong_option_reasons/key_clue는 검수 화면(관리자)에만 노출 - 응시 화면(제출 전)에는 노출하지 않음""}]",nikl_grade5_l3_batch2_dryrun_v1,nikl_grade5_l3_batch2_v1,MF_G5L3B2_C_G5-2fac71523c3c7e31,CONTEXT_MEANING,"다음 문장에서 표시된 낱말의 뜻으로 가장 알맞은 것은?

그는 오랜 【숙련】 끝에 능숙한 목수가 되었다.",문장 속 '숙련'은 '같은 일을 여러 번 되풀이해서 솜씨가 좋아짐.'을 뜻합니다.
G5-3aedc662710832d4,,,,순서도,명사,"[""컴퓨터로 처리할 일의 차례를 약속된 기호와 그림으로 나타낸 표."", ""여러 가지 수나 양을 비교하기 쉽게 막대나 선으로 나타낸 그림."", ""건물이나 물건을 만들기 전에 크기와 모양을 자세히 그린 그림."", ""어떤 조직에서 사람들의 위아래 관계를 나타낸 그림.""]",1,"{""options"": [""컴퓨터로 처리할 일의 차례를 약속된 기호와 그림으로 나타낸 표."", ""여러 가지 수나 양을 비교하기 쉽게 막대나 선으로 나타낸 그림."", ""건물이나 물건을 만들기 전에 크기와 모양을 자세히 그린 그림."", ""어떤 조직에서 사람들의 위아래 관계를 나타낸 그림.""]}","{""correct_option"": 1}",,"[{""flag"": ""NIKL_GRADE5_L3_BATCH2_ADMIN_PREVIEW"", ""source_version_isolation"": ""source_version deliberately set to nikl_grade5_l3_batch2_v1 (not 2.1.29, not nikl_grade5_l3_batch1_v1, not any existing pilot source_version) so this batch is structurally excluded from general/level-mode selection and every other batch/pilot - admin preview only"", ""human_level_judgment"": ""L3"", ""human_level_judgment_source"": ""vocabulary_grade5_candidate_judgments(최신 유효 판정)"", ""content_review_status"": ""검수 전(미승인) - vocabulary_publish_reviews류 별도 테이블에만 기록되며 이 레벨 판정과 무관"", ""expert_review_status"": ""검수자 확인 안 됨(자동 1차 초안 - 사람이 직접 작성했지만 공식 승인 절차 거치지 않음)"", ""auto_validation_status"": ""PASS"", ""auto_validation_notes"": ""이상 없음"", ""auto_validation_report"": ""reports/nikl_grade5_l3_batch2_dryrun_20261007.md 참고"", ""generator_version"": ""nikl_grade5_l3_batch2_dryrun_v1"", ""distractor_design_version"": ""v2 기준 처음부터 적용(2026-10-07) - 1차 v2에서 검수된 의미 분야 근접 오답 설계 기준을 신규 작성 시점부터 적용, 배치 내 무작위 재사용(v1 방식) 미사용"", ""wrong_option_reasons"": [{""option_text"": ""여러 가지 수나 양을 비교하기 쉽게 막대나 선으로 나타낸 그림."", ""confusion_point"": ""비슷한 범주(그래프)"", ""reason"": ""'처리 순서를 기호로 나타냄'이 아니라 '수량을 비교하는 그림'이라 다름.""}, {""option_text"": ""건물이나 물건을 만들기 전에 크기와 모양을 자세히 그린 그림."", ""confusion_point"": ""유사 범주(설계도)"", ""reason"": ""'문제 처리 과정'이 아니라 '건물·물건의 크기와 모양'을 그린다는 점이 다름.""}, {""option_text"": ""어떤 조직에서 사람들의 위아래 관계를 나타낸 그림."", ""confusion_point"": ""비슷한 범주(조직도)"", ""reason"": ""'일의 처리 순서'가 아니라 '사람들 사이의 위아래 관계'를 나타낸다는 점이 다름.""}], ""key_clue"": ""'문제를 처리하는 순서'를 '기호와 도형'으로 나타낸 것 - 그래프·설계도·조직도와 다름."", ""admin_only_note"": ""wrong_option_reasons/key_clue는 검수 화면(관리자)에만 노출 - 응시 화면(제출 전)에는 노출하지 않음""}]",nikl_grade5_l3_batch2_dryrun_v1,nikl_grade5_l3_batch2_v1,MF_G5L3B2_M_G5-3aedc662710832d4,MEANING_CHOICE,'순서도'의 뜻으로 가장 알맞은 것은?,'순서도'는 '컴퓨터로 처리할 일의 차례를 약속된 기호와 그림으로 나타낸 표.'라는 뜻입니다.
G5-3aedc662710832d4,,,,순서도,명사,"[""컴퓨터로 처리할 일의 차례를 약속된 기호와 그림으로 나타낸 표."", ""여러 가지 수나 양을 비교하기 쉽게 막대나 선으로 나타낸 그림."", ""건물이나 물건을 만들기 전에 크기와 모양을 자세히 그린 그림."", ""어떤 조직에서 사람들의 위아래 관계를 나타낸 그림.""]",1,"{""options"": [""컴퓨터로 처리할 일의 차례를 약속된 기호와 그림으로 나타낸 표."", ""여러 가지 수나 양을 비교하기 쉽게 막대나 선으로 나타낸 그림."", ""건물이나 물건을 만들기 전에 크기와 모양을 자세히 그린 그림."", ""어떤 조직에서 사람들의 위아래 관계를 나타낸 그림.""]}","{""correct_option"": 1}",,"[{""flag"": ""NIKL_GRADE5_L3_BATCH2_ADMIN_PREVIEW"", ""source_version_isolation"": ""source_version deliberately set to nikl_grade5_l3_batch2_v1 (not 2.1.29, not nikl_grade5_l3_batch1_v1, not any existing pilot source_version) so this batch is structurally excluded from general/level-mode selection and every other batch/pilot - admin preview only"", ""human_level_judgment"": ""L3"", ""human_level_judgment_source"": ""vocabulary_grade5_candidate_judgments(최신 유효 판정)"", ""content_review_status"": ""검수 전(미승인) - vocabulary_publish_reviews류 별도 테이블에만 기록되며 이 레벨 판정과 무관"", ""expert_review_status"": ""검수자 확인 안 됨(자동 1차 초안 - 사람이 직접 작성했지만 공식 승인 절차 거치지 않음)"", ""auto_validation_status"": ""PASS"", ""auto_validation_notes"": ""이상 없음"", ""auto_validation_report"": ""reports/nikl_grade5_l3_batch2_dryrun_20261007.md 참고"", ""generator_version"": ""nikl_grade5_l3_batch2_dryrun_v1"", ""distractor_design_version"": ""v2 기준 처음부터 적용(2026-10-07) - 1차 v2에서 검수된 의미 분야 근접 오답 설계 기준을 신규 작성 시점부터 적용, 배치 내 무작위 재사용(v1 방식) 미사용"", ""wrong_option_reasons"": [{""option_text"": ""여러 가지 수나 양을 비교하기 쉽게 막대나 선으로 나타낸 그림."", ""confusion_point"": ""비슷한 범주(그래프)"", ""reason"": ""'처리 순서를 기호로 나타냄'이 아니라 '수량을 비교하는 그림'이라 다름.""}, {""option_text"": ""건물이나 물건을 만들기 전에 크기와 모양을 자세히 그린 그림."", ""confusion_point"": ""유사 범주(설계도)"", ""reason"": ""'문제 처리 과정'이 아니라 '건물·물건의 크기와 모양'을 그린다는 점이 다름.""}, {""option_text"": ""어떤 조직에서 사람들의 위아래 관계를 나타낸 그림."", ""confusion_point"": ""비슷한 범주(조직도)"", ""reason"": ""'일의 처리 순서'가 아니라 '사람들 사이의 위아래 관계'를 나타낸다는 점이 다름.""}], ""key_clue"": ""'문제를 처리하는 순서'를 '기호와 도형'으로 나타낸 것 - 그래프·설계도·조직도와 다름."", ""admin_only_note"": ""wrong_option_reasons/key_clue는 검수 화면(관리자)에만 노출 - 응시 화면(제출 전)에는 노출하지 않음""}]",nikl_grade5_l3_batch2_dryrun_v1,nikl_grade5_l3_batch2_v1,MF_G5L3B2_C_G5-3aedc662710832d4,CONTEXT_MEANING,"다음 문장에서 표시된 낱말의 뜻으로 가장 알맞은 것은?

프로그램을 만들기 전에 먼저 【순서도】를 그려 처리 과정을 정리했다.",문장 속 '순서도'는 '컴퓨터로 처리할 일의 차례를 약속된 기호와 그림으로 나타낸 표.'를 뜻합니다.
G5-cb0ca8ec0b1687e8,,,,시찰,명사,"[""남몰래 숨어서 상대의 움직임을 엿봄."", ""이미 일어난 사고의 원인을 밝히기 위해 자세히 따짐."", ""여러 사람의 의견을 모아 공식적으로 결정함."", ""어떤 곳을 두루 돌아다니며 실제 상황을 직접 보고 살핌.""]",4,"{""options"": [""남몰래 숨어서 상대의 움직임을 엿봄."", ""이미 일어난 사고의 원인을 밝히기 위해 자세히 따짐."", ""여러 사람의 의견을 모아 공식적으로 결정함."", ""어떤 곳을 두루 돌아다니며 실제 상황을 직접 보고 살핌.""]}","{""correct_option"": 4}",,"[{""flag"": ""NIKL_GRADE5_L3_BATCH2_ADMIN_PREVIEW"", ""source_version_isolation"": ""source_version deliberately set to nikl_grade5_l3_batch2_v1 (not 2.1.29, not nikl_grade5_l3_batch1_v1, not any existing pilot source_version) so this batch is structurally excluded from general/level-mode selection and every other batch/pilot - admin preview only"", ""human_level_judgment"": ""L3"", ""human_level_judgment_source"": ""vocabulary_grade5_candidate_judgments(최신 유효 판정)"", ""content_review_status"": ""검수 전(미승인) - vocabulary_publish_reviews류 별도 테이블에만 기록되며 이 레벨 판정과 무관"", ""expert_review_status"": ""검수자 확인 안 됨(자동 1차 초안 - 사람이 직접 작성했지만 공식 승인 절차 거치지 않음)"", ""auto_validation_status"": ""PASS"", ""auto_validation_notes"": ""이상 없음"", ""auto_validation_report"": ""reports/nikl_grade5_l3_batch2_dryrun_20261007.md 참고"", ""generator_version"": ""nikl_grade5_l3_batch2_dryrun_v1"", ""distractor_design_version"": ""v2 기준 처음부터 적용(2026-10-07) - 1차 v2에서 검수된 의미 분야 근접 오답 설계 기준을 신규 작성 시점부터 적용, 배치 내 무작위 재사용(v1 방식) 미사용"", ""wrong_option_reasons"": [{""option_text"": ""남몰래 숨어서 상대의 움직임을 엿봄."", ""confusion_point"": ""유사 관찰 행위(감시)"", ""reason"": ""'두루 돌아다니며 공개적으로 살핌'이 아니라 '몰래 숨어서 엿봄'이라는 점이 다름.""}, {""option_text"": ""이미 일어난 사고의 원인을 밝히기 위해 자세히 따짐."", ""confusion_point"": ""유사 조사 활동(수사)"", ""reason"": ""'현장을 두루 돌아다니며 살핌'이 아니라 '사고 원인을 따지는 조사'라는 점이 다름.""}, {""option_text"": ""여러 사람의 의견을 모아 공식적으로 결정함."", ""confusion_point"": ""비슷한 공적 활동(심의)"", ""reason"": ""'현장을 돌아보고 살핌'이 아니라 '의견을 모아 결정함'이라는 점이 다름.""}], ""key_clue"": ""'두루 돌아다니며' + '실제 사정을 직접 살핌' - 현장을 공식적으로 둘러본다는 점."", ""admin_only_note"": ""wrong_option_reasons/key_clue는 검수 화면(관리자)에만 노출 - 응시 화면(제출 전)에는 노출하지 않음""}]",nikl_grade5_l3_batch2_dryrun_v1,nikl_grade5_l3_batch2_v1,MF_G5L3B2_M_G5-cb0ca8ec0b1687e8,MEANING_CHOICE,'시찰'의 뜻으로 가장 알맞은 것은?,'시찰'은 '어떤 곳을 두루 돌아다니며 실제 상황을 직접 보고 살핌.'이라는 뜻입니다.
G5-cb0ca8ec0b1687e8,,,,시찰,명사,"[""남몰래 숨어서 상대의 움직임을 엿봄."", ""이미 일어난 사고의 원인을 밝히기 위해 자세히 따짐."", ""여러 사람의 의견을 모아 공식적으로 결정함."", ""어떤 곳을 두루 돌아다니며 실제 상황을 직접 보고 살핌.""]",4,"{""options"": [""남몰래 숨어서 상대의 움직임을 엿봄."", ""이미 일어난 사고의 원인을 밝히기 위해 자세히 따짐."", ""여러 사람의 의견을 모아 공식적으로 결정함."", ""어떤 곳을 두루 돌아다니며 실제 상황을 직접 보고 살핌.""]}","{""correct_option"": 4}",,"[{""flag"": ""NIKL_GRADE5_L3_BATCH2_ADMIN_PREVIEW"", ""source_version_isolation"": ""source_version deliberately set to nikl_grade5_l3_batch2_v1 (not 2.1.29, not nikl_grade5_l3_batch1_v1, not any existing pilot source_version) so this batch is structurally excluded from general/level-mode selection and every other batch/pilot - admin preview only"", ""human_level_judgment"": ""L3"", ""human_level_judgment_source"": ""vocabulary_grade5_candidate_judgments(최신 유효 판정)"", ""content_review_status"": ""검수 전(미승인) - vocabulary_publish_reviews류 별도 테이블에만 기록되며 이 레벨 판정과 무관"", ""expert_review_status"": ""검수자 확인 안 됨(자동 1차 초안 - 사람이 직접 작성했지만 공식 승인 절차 거치지 않음)"", ""auto_validation_status"": ""PASS"", ""auto_validation_notes"": ""이상 없음"", ""auto_validation_report"": ""reports/nikl_grade5_l3_batch2_dryrun_20261007.md 참고"", ""generator_version"": ""nikl_grade5_l3_batch2_dryrun_v1"", ""distractor_design_version"": ""v2 기준 처음부터 적용(2026-10-07) - 1차 v2에서 검수된 의미 분야 근접 오답 설계 기준을 신규 작성 시점부터 적용, 배치 내 무작위 재사용(v1 방식) 미사용"", ""wrong_option_reasons"": [{""option_text"": ""남몰래 숨어서 상대의 움직임을 엿봄."", ""confusion_point"": ""유사 관찰 행위(감시)"", ""reason"": ""'두루 돌아다니며 공개적으로 살핌'이 아니라 '몰래 숨어서 엿봄'이라는 점이 다름.""}, {""option_text"": ""이미 일어난 사고의 원인을 밝히기 위해 자세히 따짐."", ""confusion_point"": ""유사 조사 활동(수사)"", ""reason"": ""'현장을 두루 돌아다니며 살핌'이 아니라 '사고 원인을 따지는 조사'라는 점이 다름.""}, {""option_text"": ""여러 사람의 의견을 모아 공식적으로 결정함."", ""confusion_point"": ""비슷한 공적 활동(심의)"", ""reason"": ""'현장을 돌아보고 살핌'이 아니라 '의견을 모아 결정함'이라는 점이 다름.""}], ""key_clue"": ""'두루 돌아다니며' + '실제 사정을 직접 살핌' - 현장을 공식적으로 둘러본다는 점."", ""admin_only_note"": ""wrong_option_reasons/key_clue는 검수 화면(관리자)에만 노출 - 응시 화면(제출 전)에는 노출하지 않음""}]",nikl_grade5_l3_batch2_dryrun_v1,nikl_grade5_l3_batch2_v1,MF_G5L3B2_C_G5-cb0ca8ec0b1687e8,CONTEXT_MEANING,"다음 문장에서 표시된 낱말의 뜻으로 가장 알맞은 것은?

국회의원들은 수해를 입은 지역을 【시찰】하기 위해 현장을 방문했다.",문장 속 '시찰'은 '어떤 곳을 두루 돌아다니며 실제 상황을 직접 보고 살핌.'을 뜻합니다.
G5-39a4e81b714f5ff4,,,,아무개,대명사,"[""여러 사람 모두를 한꺼번에 가리키는 말."", ""말하는 사람 자신을 낮추어 이르는 말."", ""누구인지 이름을 밝히지 않고 사람을 가리킬 때 쓰는 말."", ""두 사람 가운데 앞서 말한 사람을 다시 가리키는 말.""]",3,"{""options"": [""여러 사람 모두를 한꺼번에 가리키는 말."", ""말하는 사람 자신을 낮추어 이르는 말."", ""누구인지 이름을 밝히지 않고 사람을 가리킬 때 쓰는 말."", ""두 사람 가운데 앞서 말한 사람을 다시 가리키는 말.""]}","{""correct_option"": 3}",,"[{""flag"": ""NIKL_GRADE5_L3_BATCH2_ADMIN_PREVIEW"", ""source_version_isolation"": ""source_version deliberately set to nikl_grade5_l3_batch2_v1 (not 2.1.29, not nikl_grade5_l3_batch1_v1, not any existing pilot source_version) so this batch is structurally excluded from general/level-mode selection and every other batch/pilot - admin preview only"", ""human_level_judgment"": ""L3"", ""human_level_judgment_source"": ""vocabulary_grade5_candidate_judgments(최신 유효 판정)"", ""content_review_status"": ""검수 전(미승인) - vocabulary_publish_reviews류 별도 테이블에만 기록되며 이 레벨 판정과 무관"", ""expert_review_status"": ""검수자 확인 안 됨(자동 1차 초안 - 사람이 직접 작성했지만 공식 승인 절차 거치지 않음)"", ""auto_validation_status"": ""PASS"", ""auto_validation_notes"": ""이상 없음"", ""auto_validation_report"": ""reports/nikl_grade5_l3_batch2_dryrun_20261007.md 참고"", ""generator_version"": ""nikl_grade5_l3_batch2_dryrun_v1"", ""distractor_design_version"": ""v2 기준 처음부터 적용(2026-10-07) - 1차 v2에서 검수된 의미 분야 근접 오답 설계 기준을 신규 작성 시점부터 적용, 배치 내 무작위 재사용(v1 방식) 미사용"", ""wrong_option_reasons"": [{""option_text"": ""여러 사람 모두를 한꺼번에 가리키는 말."", ""confusion_point"": ""범위 혼동(전체를 가리키는 말)"", ""reason"": ""'이름을 밝히지 않은 한 사람'이 아니라 '여러 사람 전체'를 가리킨다는 점이 다름.""}, {""option_text"": ""말하는 사람 자신을 낮추어 이르는 말."", ""confusion_point"": ""유사 대명사 범주(자신을 낮추는 말)"", ""reason"": ""'다른 사람'이 아니라 '말하는 사람 자신'을 가리킨다는 점이 다름.""}, {""option_text"": ""두 사람 가운데 앞서 말한 사람을 다시 가리키는 말."", ""confusion_point"": ""유사 지시 범주(전자)"", ""reason"": ""'이름 대신 가리키는 사람'이 아니라 '앞서 말한 두 사람 중 한 명'을 다시 가리킨다는 점이 다름.""}], ""key_clue"": ""'구체적인 이름 대신' + '어떤 사람을 가리킴' - 누구인지 밝히지 않은 사람을 가리킨다는 점."", ""admin_only_note"": ""wrong_option_reasons/key_clue는 검수 화면(관리자)에만 노출 - 응시 화면(제출 전)에는 노출하지 않음""}]",nikl_grade5_l3_batch2_dryrun_v1,nikl_grade5_l3_batch2_v1,MF_G5L3B2_M_G5-39a4e81b714f5ff4,MEANING_CHOICE,'아무개'의 뜻으로 가장 알맞은 것은?,'아무개'는 '누구인지 이름을 밝히지 않고 사람을 가리킬 때 쓰는 말.'이라는 뜻입니다.
G5-39a4e81b714f5ff4,,,,아무개,대명사,"[""여러 사람 모두를 한꺼번에 가리키는 말."", ""말하는 사람 자신을 낮추어 이르는 말."", ""누구인지 이름을 밝히지 않고 사람을 가리킬 때 쓰는 말."", ""두 사람 가운데 앞서 말한 사람을 다시 가리키는 말.""]",3,"{""options"": [""여러 사람 모두를 한꺼번에 가리키는 말."", ""말하는 사람 자신을 낮추어 이르는 말."", ""누구인지 이름을 밝히지 않고 사람을 가리킬 때 쓰는 말."", ""두 사람 가운데 앞서 말한 사람을 다시 가리키는 말.""]}","{""correct_option"": 3}",,"[{""flag"": ""NIKL_GRADE5_L3_BATCH2_ADMIN_PREVIEW"", ""source_version_isolation"": ""source_version deliberately set to nikl_grade5_l3_batch2_v1 (not 2.1.29, not nikl_grade5_l3_batch1_v1, not any existing pilot source_version) so this batch is structurally excluded from general/level-mode selection and every other batch/pilot - admin preview only"", ""human_level_judgment"": ""L3"", ""human_level_judgment_source"": ""vocabulary_grade5_candidate_judgments(최신 유효 판정)"", ""content_review_status"": ""검수 전(미승인) - vocabulary_publish_reviews류 별도 테이블에만 기록되며 이 레벨 판정과 무관"", ""expert_review_status"": ""검수자 확인 안 됨(자동 1차 초안 - 사람이 직접 작성했지만 공식 승인 절차 거치지 않음)"", ""auto_validation_status"": ""PASS"", ""auto_validation_notes"": ""이상 없음"", ""auto_validation_report"": ""reports/nikl_grade5_l3_batch2_dryrun_20261007.md 참고"", ""generator_version"": ""nikl_grade5_l3_batch2_dryrun_v1"", ""distractor_design_version"": ""v2 기준 처음부터 적용(2026-10-07) - 1차 v2에서 검수된 의미 분야 근접 오답 설계 기준을 신규 작성 시점부터 적용, 배치 내 무작위 재사용(v1 방식) 미사용"", ""wrong_option_reasons"": [{""option_text"": ""여러 사람 모두를 한꺼번에 가리키는 말."", ""confusion_point"": ""범위 혼동(전체를 가리키는 말)"", ""reason"": ""'이름을 밝히지 않은 한 사람'이 아니라 '여러 사람 전체'를 가리킨다는 점이 다름.""}, {""option_text"": ""말하는 사람 자신을 낮추어 이르는 말."", ""confusion_point"": ""유사 대명사 범주(자신을 낮추는 말)"", ""reason"": ""'다른 사람'이 아니라 '말하는 사람 자신'을 가리킨다는 점이 다름.""}, {""option_text"": ""두 사람 가운데 앞서 말한 사람을 다시 가리키는 말."", ""confusion_point"": ""유사 지시 범주(전자)"", ""reason"": ""'이름 대신 가리키는 사람'이 아니라 '앞서 말한 두 사람 중 한 명'을 다시 가리킨다는 점이 다름.""}], ""key_clue"": ""'구체적인 이름 대신' + '어떤 사람을 가리킴' - 누구인지 밝히지 않은 사람을 가리킨다는 점."", ""admin_only_note"": ""wrong_option_reasons/key_clue는 검수 화면(관리자)에만 노출 - 응시 화면(제출 전)에는 노출하지 않음""}]",nikl_grade5_l3_batch2_dryrun_v1,nikl_grade5_l3_batch2_v1,MF_G5L3B2_C_G5-39a4e81b714f5ff4,CONTEXT_MEANING,"다음 문장에서 표시된 낱말의 뜻으로 가장 알맞은 것은?

그는 범인을 【아무개】라고만 부르며 이름을 밝히지 않았다.",문장 속 '아무개'는 '누구인지 이름을 밝히지 않고 사람을 가리킬 때 쓰는 말.'을 뜻합니다.
G5-3f37a66e5d7c35c6,,,,아무렴,감탄사,"[""뜻밖의 일에 놀라서 내는 소리."", ""상대방의 말에 '정말 그렇다'며 강하게 동의할 때 하는 말."", ""상대방의 말을 듣고 반대하는 뜻을 나타내는 말."", ""잘 모르겠다는 뜻으로 망설일 때 내는 말.""]",2,"{""options"": [""뜻밖의 일에 놀라서 내는 소리."", ""상대방의 말에 '정말 그렇다'며 강하게 동의할 때 하는 말."", ""상대방의 말을 듣고 반대하는 뜻을 나타내는 말."", ""잘 모르겠다는 뜻으로 망설일 때 내는 말.""]}","{""correct_option"": 2}",,"[{""flag"": ""NIKL_GRADE5_L3_BATCH2_ADMIN_PREVIEW"", ""source_version_isolation"": ""source_version deliberately set to nikl_grade5_l3_batch2_v1 (not 2.1.29, not nikl_grade5_l3_batch1_v1, not any existing pilot source_version) so this batch is structurally excluded from general/level-mode selection and every other batch/pilot - admin preview only"", ""human_level_judgment"": ""L3"", ""human_level_judgment_source"": ""vocabulary_grade5_candidate_judgments(최신 유효 판정)"", ""content_review_status"": ""검수 전(미승인) - vocabulary_publish_reviews류 별도 테이블에만 기록되며 이 레벨 판정과 무관"", ""expert_review_status"": ""검수자 확인 안 됨(자동 1차 초안 - 사람이 직접 작성했지만 공식 승인 절차 거치지 않음)"", ""auto_validation_status"": ""PASS"", ""auto_validation_notes"": ""이상 없음"", ""auto_validation_report"": ""reports/nikl_grade5_l3_batch2_dryrun_20261007.md 참고"", ""generator_version"": ""nikl_grade5_l3_batch2_dryrun_v1"", ""distractor_design_version"": ""v2 기준 처음부터 적용(2026-10-07) - 1차 v2에서 검수된 의미 분야 근접 오답 설계 기준을 신규 작성 시점부터 적용, 배치 내 무작위 재사용(v1 방식) 미사용"", ""wrong_option_reasons"": [{""option_text"": ""뜻밖의 일에 놀라서 내는 소리."", ""confusion_point"": ""다른 감정의 감탄사(놀람)"", ""reason"": ""'강하게 동의함'이 아니라 '놀라움'을 나타내는 말이라는 점이 다름.""}, {""option_text"": ""상대방의 말을 듣고 반대하는 뜻을 나타내는 말."", ""confusion_point"": ""반대 뜻(부정 응답)"", ""reason"": ""'강한 긍정'이 아니라 '반대·거절'을 나타내는 말이라는 점이 다름.""}, {""option_text"": ""잘 모르겠다는 뜻으로 망설일 때 내는 말."", ""confusion_point"": ""유사 응답어(망설임)"", ""reason"": ""'강하게 그렇다고 함'이 아니라 '확신 없이 망설임'을 나타낸다는 점이 다름.""}], ""key_clue"": ""'말할 나위 없이 그렇다' - 강하게 동의·긍정하는 느낌의 말이라는 점."", ""admin_only_note"": ""wrong_option_reasons/key_clue는 검수 화면(관리자)에만 노출 - 응시 화면(제출 전)에는 노출하지 않음""}]",nikl_grade5_l3_batch2_dryrun_v1,nikl_grade5_l3_batch2_v1,MF_G5L3B2_M_G5-3f37a66e5d7c35c6,MEANING_CHOICE,'아무렴'의 뜻으로 가장 알맞은 것은?,'아무렴'은 '상대방의 말에 '정말 그렇다'며 강하게 동의할 때 하는 말.'이라는 뜻입니다.
G5-3f37a66e5d7c35c6,,,,아무렴,감탄사,"[""뜻밖의 일에 놀라서 내는 소리."", ""상대방의 말에 '정말 그렇다'며 강하게 동의할 때 하는 말."", ""상대방의 말을 듣고 반대하는 뜻을 나타내는 말."", ""잘 모르겠다는 뜻으로 망설일 때 내는 말.""]",2,"{""options"": [""뜻밖의 일에 놀라서 내는 소리."", ""상대방의 말에 '정말 그렇다'며 강하게 동의할 때 하는 말."", ""상대방의 말을 듣고 반대하는 뜻을 나타내는 말."", ""잘 모르겠다는 뜻으로 망설일 때 내는 말.""]}","{""correct_option"": 2}",,"[{""flag"": ""NIKL_GRADE5_L3_BATCH2_ADMIN_PREVIEW"", ""source_version_isolation"": ""source_version deliberately set to nikl_grade5_l3_batch2_v1 (not 2.1.29, not nikl_grade5_l3_batch1_v1, not any existing pilot source_version) so this batch is structurally excluded from general/level-mode selection and every other batch/pilot - admin preview only"", ""human_level_judgment"": ""L3"", ""human_level_judgment_source"": ""vocabulary_grade5_candidate_judgments(최신 유효 판정)"", ""content_review_status"": ""검수 전(미승인) - vocabulary_publish_reviews류 별도 테이블에만 기록되며 이 레벨 판정과 무관"", ""expert_review_status"": ""검수자 확인 안 됨(자동 1차 초안 - 사람이 직접 작성했지만 공식 승인 절차 거치지 않음)"", ""auto_validation_status"": ""PASS"", ""auto_validation_notes"": ""이상 없음"", ""auto_validation_report"": ""reports/nikl_grade5_l3_batch2_dryrun_20261007.md 참고"", ""generator_version"": ""nikl_grade5_l3_batch2_dryrun_v1"", ""distractor_design_version"": ""v2 기준 처음부터 적용(2026-10-07) - 1차 v2에서 검수된 의미 분야 근접 오답 설계 기준을 신규 작성 시점부터 적용, 배치 내 무작위 재사용(v1 방식) 미사용"", ""wrong_option_reasons"": [{""option_text"": ""뜻밖의 일에 놀라서 내는 소리."", ""confusion_point"": ""다른 감정의 감탄사(놀람)"", ""reason"": ""'강하게 동의함'이 아니라 '놀라움'을 나타내는 말이라는 점이 다름.""}, {""option_text"": ""상대방의 말을 듣고 반대하는 뜻을 나타내는 말."", ""confusion_point"": ""반대 뜻(부정 응답)"", ""reason"": ""'강한 긍정'이 아니라 '반대·거절'을 나타내는 말이라는 점이 다름.""}, {""option_text"": ""잘 모르겠다는 뜻으로 망설일 때 내는 말."", ""confusion_point"": ""유사 응답어(망설임)"", ""reason"": ""'강하게 그렇다고 함'이 아니라 '확신 없이 망설임'을 나타낸다는 점이 다름.""}], ""key_clue"": ""'말할 나위 없이 그렇다' - 강하게 동의·긍정하는 느낌의 말이라는 점."", ""admin_only_note"": ""wrong_option_reasons/key_clue는 검수 화면(관리자)에만 노출 - 응시 화면(제출 전)에는 노출하지 않음""}]",nikl_grade5_l3_batch2_dryrun_v1,nikl_grade5_l3_batch2_v1,MF_G5L3B2_C_G5-3f37a66e5d7c35c6,CONTEXT_MEANING,"다음 문장에서 표시된 낱말의 뜻으로 가장 알맞은 것은?

""우리 내일도 같이 놀 거지?"" ""【아무렴】, 당연하지!""",문장 속 '아무렴'은 '상대방의 말에 '정말 그렇다'며 강하게 동의할 때 하는 말.'을 뜻합니다.
G5-6a7b802b9c395b22,,,,아이스박스,명사,"[""물건을 따뜻하게 데워서 보관하는 상자."", ""얼음을 넣어 음식을 차갑게 보관하는 상자."", ""물건을 얼릴 수 있을 만큼 낮은 온도까지 내리는 커다란 기계."", ""짐을 담아 들고 다니기 편하게 만든 바퀴 달린 가방.""]",2,"{""options"": [""물건을 따뜻하게 데워서 보관하는 상자."", ""얼음을 넣어 음식을 차갑게 보관하는 상자."", ""물건을 얼릴 수 있을 만큼 낮은 온도까지 내리는 커다란 기계."", ""짐을 담아 들고 다니기 편하게 만든 바퀴 달린 가방.""]}","{""correct_option"": 2}",,"[{""flag"": ""NIKL_GRADE5_L3_BATCH2_ADMIN_PREVIEW"", ""source_version_isolation"": ""source_version deliberately set to nikl_grade5_l3_batch2_v1 (not 2.1.29, not nikl_grade5_l3_batch1_v1, not any existing pilot source_version) so this batch is structurally excluded from general/level-mode selection and every other batch/pilot - admin preview only"", ""human_level_judgment"": ""L3"", ""human_level_judgment_source"": ""vocabulary_grade5_candidate_judgments(최신 유효 판정)"", ""content_review_status"": ""검수 전(미승인) - vocabulary_publish_reviews류 별도 테이블에만 기록되며 이 레벨 판정과 무관"", ""expert_review_status"": ""검수자 확인 안 됨(자동 1차 초안 - 사람이 직접 작성했지만 공식 승인 절차 거치지 않음)"", ""auto_validation_status"": ""PASS"", ""auto_validation_notes"": ""이상 없음"", ""auto_validation_report"": ""reports/nikl_grade5_l3_batch2_dryrun_20261007.md 참고"", ""generator_version"": ""nikl_grade5_l3_batch2_dryrun_v1"", ""distractor_design_version"": ""v2 기준 처음부터 적용(2026-10-07) - 1차 v2에서 검수된 의미 분야 근접 오답 설계 기준을 신규 작성 시점부터 적용, 배치 내 무작위 재사용(v1 방식) 미사용"", ""wrong_option_reasons"": [{""option_text"": ""물건을 따뜻하게 데워서 보관하는 상자."", ""confusion_point"": ""반대 기능(보온)"", ""reason"": ""'차갑게' 보관하는 게 아니라 '따뜻하게' 보관한다는 반대 기능.""}, {""option_text"": ""물건을 얼릴 수 있을 만큼 낮은 온도까지 내리는 커다란 기계."", ""confusion_point"": ""유사 기능(냉동고)"", ""reason"": ""얼음을 넣어 쓰는 '상자'가 아니라 전기로 작동하는 '큰 기계'라는 점이 다름.""}, {""option_text"": ""짐을 담아 들고 다니기 편하게 만든 바퀴 달린 가방."", ""confusion_point"": ""비슷한 범주(이동용 가방)"", ""reason"": ""'음식을 차갑게 보관'하는 게 아니라 '짐을 들고 다니기' 위한 가방이라는 점이 다름.""}], ""key_clue"": ""'얼음을 넣어' + '냉기로 음식물을 차게 보관' - 전기 없이 얼음으로 차갑게 유지한다는 점."", ""admin_only_note"": ""wrong_option_reasons/key_clue는 검수 화면(관리자)에만 노출 - 응시 화면(제출 전)에는 노출하지 않음""}]",nikl_grade5_l3_batch2_dryrun_v1,nikl_grade5_l3_batch2_v1,MF_G5L3B2_M_G5-6a7b802b9c395b22,MEANING_CHOICE,'아이스박스'의 뜻으로 가장 알맞은 것은?,'아이스박스'는 '얼음을 넣어 음식을 차갑게 보관하는 상자.'라는 뜻입니다.
G5-6a7b802b9c395b22,,,,아이스박스,명사,"[""물건을 따뜻하게 데워서 보관하는 상자."", ""얼음을 넣어 음식을 차갑게 보관하는 상자."", ""물건을 얼릴 수 있을 만큼 낮은 온도까지 내리는 커다란 기계."", ""짐을 담아 들고 다니기 편하게 만든 바퀴 달린 가방.""]",2,"{""options"": [""물건을 따뜻하게 데워서 보관하는 상자."", ""얼음을 넣어 음식을 차갑게 보관하는 상자."", ""물건을 얼릴 수 있을 만큼 낮은 온도까지 내리는 커다란 기계."", ""짐을 담아 들고 다니기 편하게 만든 바퀴 달린 가방.""]}","{""correct_option"": 2}",,"[{""flag"": ""NIKL_GRADE5_L3_BATCH2_ADMIN_PREVIEW"", ""source_version_isolation"": ""source_version deliberately set to nikl_grade5_l3_batch2_v1 (not 2.1.29, not nikl_grade5_l3_batch1_v1, not any existing pilot source_version) so this batch is structurally excluded from general/level-mode selection and every other batch/pilot - admin preview only"", ""human_level_judgment"": ""L3"", ""human_level_judgment_source"": ""vocabulary_grade5_candidate_judgments(최신 유효 판정)"", ""content_review_status"": ""검수 전(미승인) - vocabulary_publish_reviews류 별도 테이블에만 기록되며 이 레벨 판정과 무관"", ""expert_review_status"": ""검수자 확인 안 됨(자동 1차 초안 - 사람이 직접 작성했지만 공식 승인 절차 거치지 않음)"", ""auto_validation_status"": ""PASS"", ""auto_validation_notes"": ""이상 없음"", ""auto_validation_report"": ""reports/nikl_grade5_l3_batch2_dryrun_20261007.md 참고"", ""generator_version"": ""nikl_grade5_l3_batch2_dryrun_v1"", ""distractor_design_version"": ""v2 기준 처음부터 적용(2026-10-07) - 1차 v2에서 검수된 의미 분야 근접 오답 설계 기준을 신규 작성 시점부터 적용, 배치 내 무작위 재사용(v1 방식) 미사용"", ""wrong_option_reasons"": [{""option_text"": ""물건을 따뜻하게 데워서 보관하는 상자."", ""confusion_point"": ""반대 기능(보온)"", ""reason"": ""'차갑게' 보관하는 게 아니라 '따뜻하게' 보관한다는 반대 기능.""}, {""option_text"": ""물건을 얼릴 수 있을 만큼 낮은 온도까지 내리는 커다란 기계."", ""confusion_point"": ""유사 기능(냉동고)"", ""reason"": ""얼음을 넣어 쓰는 '상자'가 아니라 전기로 작동하는 '큰 기계'라는 점이 다름.""}, {""option_text"": ""짐을 담아 들고 다니기 편하게 만든 바퀴 달린 가방."", ""confusion_point"": ""비슷한 범주(이동용 가방)"", ""reason"": ""'음식을 차갑게 보관'하는 게 아니라 '짐을 들고 다니기' 위한 가방이라는 점이 다름.""}], ""key_clue"": ""'얼음을 넣어' + '냉기로 음식물을 차게 보관' - 전기 없이 얼음으로 차갑게 유지한다는 점."", ""admin_only_note"": ""wrong_option_reasons/key_clue는 검수 화면(관리자)에만 노출 - 응시 화면(제출 전)에는 노출하지 않음""}]",nikl_grade5_l3_batch2_dryrun_v1,nikl_grade5_l3_batch2_v1,MF_G5L3B2_C_G5-6a7b802b9c395b22,CONTEXT_MEANING,"다음 문장에서 표시된 낱말의 뜻으로 가장 알맞은 것은?

우리 가족은 캠핑을 갈 때 【아이스박스】에 음료수와 과일을 담아 갔다.",문장 속 '아이스박스'는 '얼음을 넣어 음식을 차갑게 보관하는 상자.'를 뜻합니다.
G5-ebf10f49fc3e8e8c,,,,앎,명사,"[""아직 모르는 것을 알아내려고 애쓰는 과정."", ""무엇을 알고 있는 것. 또는 안다는 사실 그 자체."", ""남이 가르쳐 준 것을 그대로 외워서 기억하는 것."", ""겪어 보지 않은 일을 머릿속으로 그려 보는 것.""]",2,"{""options"": [""아직 모르는 것을 알아내려고 애쓰는 과정."", ""무엇을 알고 있는 것. 또는 안다는 사실 그 자체."", ""남이 가르쳐 준 것을 그대로 외워서 기억하는 것."", ""겪어 보지 않은 일을 머릿속으로 그려 보는 것.""]}","{""correct_option"": 2}",,"[{""flag"": ""NIKL_GRADE5_L3_BATCH2_ADMIN_PREVIEW"", ""source_version_isolation"": ""source_version deliberately set to nikl_grade5_l3_batch2_v1 (not 2.1.29, not nikl_grade5_l3_batch1_v1, not any existing pilot source_version) so this batch is structurally excluded from general/level-mode selection and every other batch/pilot - admin preview only"", ""human_level_judgment"": ""L3"", ""human_level_judgment_source"": ""vocabulary_grade5_candidate_judgments(최신 유효 판정)"", ""content_review_status"": ""검수 전(미승인) - vocabulary_publish_reviews류 별도 테이블에만 기록되며 이 레벨 판정과 무관"", ""expert_review_status"": ""검수자 확인 안 됨(자동 1차 초안 - 사람이 직접 작성했지만 공식 승인 절차 거치지 않음)"", ""auto_validation_status"": ""PASS"", ""auto_validation_notes"": ""이상 없음"", ""auto_validation_report"": ""reports/nikl_grade5_l3_batch2_dryrun_20261007.md 참고"", ""generator_version"": ""nikl_grade5_l3_batch2_dryrun_v1"", ""distractor_design_version"": ""v2 기준 처음부터 적용(2026-10-07) - 1차 v2에서 검수된 의미 분야 근접 오답 설계 기준을 신규 작성 시점부터 적용, 배치 내 무작위 재사용(v1 방식) 미사용"", ""wrong_option_reasons"": [{""option_text"": ""아직 모르는 것을 알아내려고 애쓰는 과정."", ""confusion_point"": ""유사 인지 활동(탐구)"", ""reason"": ""'이미 알고 있는 상태'가 아니라 '알아내려고 애쓰는 과정'이라는 점이 다름.""}, {""option_text"": ""남이 가르쳐 준 것을 그대로 외워서 기억하는 것."", ""confusion_point"": ""유사 인지 활동(암기)"", ""reason"": ""'아는 것 자체'가 아니라 '그대로 외워 기억하는 행동'이라는 점이 다름.""}, {""option_text"": ""겪어 보지 않은 일을 머릿속으로 그려 보는 것."", ""confusion_point"": ""유사 인지 활동(상상)"", ""reason"": ""'실제로 아는 것'이 아니라 '머릿속으로 그려 보는 것'이라는 점이 다름.""}], ""key_clue"": ""'아는 일' 그 자체 - 알아 가는 과정·방법이 아니라 '알고 있는 상태'를 가리킨다는 점."", ""admin_only_note"": ""wrong_option_reasons/key_clue는 검수 화면(관리자)에만 노출 - 응시 화면(제출 전)에는 노출하지 않음""}]",nikl_grade5_l3_batch2_dryrun_v1,nikl_grade5_l3_batch2_v1,MF_G5L3B2_M_G5-ebf10f49fc3e8e8c,MEANING_CHOICE,'앎'의 뜻으로 가장 알맞은 것은?,'앎'은 '무엇을 알고 있는 것. 또는 안다는 사실 그 자체.'라는 뜻입니다.
G5-ebf10f49fc3e8e8c,,,,앎,명사,"[""아직 모르는 것을 알아내려고 애쓰는 과정."", ""무엇을 알고 있는 것. 또는 안다는 사실 그 자체."", ""남이 가르쳐 준 것을 그대로 외워서 기억하는 것."", ""겪어 보지 않은 일을 머릿속으로 그려 보는 것.""]",2,"{""options"": [""아직 모르는 것을 알아내려고 애쓰는 과정."", ""무엇을 알고 있는 것. 또는 안다는 사실 그 자체."", ""남이 가르쳐 준 것을 그대로 외워서 기억하는 것."", ""겪어 보지 않은 일을 머릿속으로 그려 보는 것.""]}","{""correct_option"": 2}",,"[{""flag"": ""NIKL_GRADE5_L3_BATCH2_ADMIN_PREVIEW"", ""source_version_isolation"": ""source_version deliberately set to nikl_grade5_l3_batch2_v1 (not 2.1.29, not nikl_grade5_l3_batch1_v1, not any existing pilot source_version) so this batch is structurally excluded from general/level-mode selection and every other batch/pilot - admin preview only"", ""human_level_judgment"": ""L3"", ""human_level_judgment_source"": ""vocabulary_grade5_candidate_judgments(최신 유효 판정)"", ""content_review_status"": ""검수 전(미승인) - vocabulary_publish_reviews류 별도 테이블에만 기록되며 이 레벨 판정과 무관"", ""expert_review_status"": ""검수자 확인 안 됨(자동 1차 초안 - 사람이 직접 작성했지만 공식 승인 절차 거치지 않음)"", ""auto_validation_status"": ""PASS"", ""auto_validation_notes"": ""이상 없음"", ""auto_validation_report"": ""reports/nikl_grade5_l3_batch2_dryrun_20261007.md 참고"", ""generator_version"": ""nikl_grade5_l3_batch2_dryrun_v1"", ""distractor_design_version"": ""v2 기준 처음부터 적용(2026-10-07) - 1차 v2에서 검수된 의미 분야 근접 오답 설계 기준을 신규 작성 시점부터 적용, 배치 내 무작위 재사용(v1 방식) 미사용"", ""wrong_option_reasons"": [{""option_text"": ""아직 모르는 것을 알아내려고 애쓰는 과정."", ""confusion_point"": ""유사 인지 활동(탐구)"", ""reason"": ""'이미 알고 있는 상태'가 아니라 '알아내려고 애쓰는 과정'이라는 점이 다름.""}, {""option_text"": ""남이 가르쳐 준 것을 그대로 외워서 기억하는 것."", ""confusion_point"": ""유사 인지 활동(암기)"", ""reason"": ""'아는 것 자체'가 아니라 '그대로 외워 기억하는 행동'이라는 점이 다름.""}, {""option_text"": ""겪어 보지 않은 일을 머릿속으로 그려 보는 것."", ""confusion_point"": ""유사 인지 활동(상상)"", ""reason"": ""'실제로 아는 것'이 아니라 '머릿속으로 그려 보는 것'이라는 점이 다름.""}], ""key_clue"": ""'아는 일' 그 자체 - 알아 가는 과정·방법이 아니라 '알고 있는 상태'를 가리킨다는 점."", ""admin_only_note"": ""wrong_option_reasons/key_clue는 검수 화면(관리자)에만 노출 - 응시 화면(제출 전)에는 노출하지 않음""}]",nikl_grade5_l3_batch2_dryrun_v1,nikl_grade5_l3_batch2_v1,MF_G5L3B2_C_G5-ebf10f49fc3e8e8c,CONTEXT_MEANING,"다음 문장에서 표시된 낱말의 뜻으로 가장 알맞은 것은?

스스로 모른다는 것을 깨닫는 것도 하나의 【앎】이다.",문장 속 '앎'은 '무엇을 알고 있는 것. 또는 안다는 사실 그 자체.'를 뜻합니다.
G5-91f5a77a39d93785,,,,연중행사,명사,"[""해마다 정해진 시기에 되풀이하여 열리는 행사."", ""특별한 일이 생겼을 때만 갑자기 여는 모임."", ""일생에 단 한 번뿐인 특별한 의식."", ""매일 같은 시간에 꾸준히 하는 생활 습관.""]",1,"{""options"": [""해마다 정해진 시기에 되풀이하여 열리는 행사."", ""특별한 일이 생겼을 때만 갑자기 여는 모임."", ""일생에 단 한 번뿐인 특별한 의식."", ""매일 같은 시간에 꾸준히 하는 생활 습관.""]}","{""correct_option"": 1}",,"[{""flag"": ""NIKL_GRADE5_L3_BATCH2_ADMIN_PREVIEW"", ""source_version_isolation"": ""source_version deliberately set to nikl_grade5_l3_batch2_v1 (not 2.1.29, not nikl_grade5_l3_batch1_v1, not any existing pilot source_version) so this batch is structurally excluded from general/level-mode selection and every other batch/pilot - admin preview only"", ""human_level_judgment"": ""L3"", ""human_level_judgment_source"": ""vocabulary_grade5_candidate_judgments(최신 유효 판정)"", ""content_review_status"": ""검수 전(미승인) - vocabulary_publish_reviews류 별도 테이블에만 기록되며 이 레벨 판정과 무관"", ""expert_review_status"": ""검수자 확인 안 됨(자동 1차 초안 - 사람이 직접 작성했지만 공식 승인 절차 거치지 않음)"", ""auto_validation_status"": ""PASS"", ""auto_validation_notes"": ""이상 없음"", ""auto_validation_report"": ""reports/nikl_grade5_l3_batch2_dryrun_20261007.md 참고"", ""generator_version"": ""nikl_grade5_l3_batch2_dryrun_v1"", ""distractor_design_version"": ""v2 기준 처음부터 적용(2026-10-07) - 1차 v2에서 검수된 의미 분야 근접 오답 설계 기준을 신규 작성 시점부터 적용, 배치 내 무작위 재사용(v1 방식) 미사용"", ""wrong_option_reasons"": [{""option_text"": ""특별한 일이 생겼을 때만 갑자기 여는 모임."", ""confusion_point"": ""반대 개념(비정기적 모임)"", ""reason"": ""'해마다 정해진 시기'가 아니라 '갑자기 필요할 때만' 여는 모임이라는 점이 다름.""}, {""option_text"": ""일생에 단 한 번뿐인 특별한 의식."", ""confusion_point"": ""유사 범주(일생 의례)"", ""reason"": ""'해마다 되풀이됨'이 아니라 '평생 한 번뿐'인 의식이라는 점이 다름.""}, {""option_text"": ""매일 같은 시간에 꾸준히 하는 생활 습관."", ""confusion_point"": ""빈도 혼동(매일 하는 일과)"", ""reason"": ""'해마다 한 번'이 아니라 '매일' 되풀이한다는 점이 다름.""}], ""key_clue"": ""'해마다' + '일정한 시기를 정해' + '행사' - 1년 주기로 반복된다는 점."", ""admin_only_note"": ""wrong_option_reasons/key_clue는 검수 화면(관리자)에만 노출 - 응시 화면(제출 전)에는 노출하지 않음""}]",nikl_grade5_l3_batch2_dryrun_v1,nikl_grade5_l3_batch2_v1,MF_G5L3B2_M_G5-91f5a77a39d93785,MEANING_CHOICE,'연중행사'의 뜻으로 가장 알맞은 것은?,'연중행사'는 '해마다 정해진 시기에 되풀이하여 열리는 행사.'라는 뜻입니다.
G5-91f5a77a39d93785,,,,연중행사,명사,"[""해마다 정해진 시기에 되풀이하여 열리는 행사."", ""특별한 일이 생겼을 때만 갑자기 여는 모임."", ""일생에 단 한 번뿐인 특별한 의식."", ""매일 같은 시간에 꾸준히 하는 생활 습관.""]",1,"{""options"": [""해마다 정해진 시기에 되풀이하여 열리는 행사."", ""특별한 일이 생겼을 때만 갑자기 여는 모임."", ""일생에 단 한 번뿐인 특별한 의식."", ""매일 같은 시간에 꾸준히 하는 생활 습관.""]}","{""correct_option"": 1}",,"[{""flag"": ""NIKL_GRADE5_L3_BATCH2_ADMIN_PREVIEW"", ""source_version_isolation"": ""source_version deliberately set to nikl_grade5_l3_batch2_v1 (not 2.1.29, not nikl_grade5_l3_batch1_v1, not any existing pilot source_version) so this batch is structurally excluded from general/level-mode selection and every other batch/pilot - admin preview only"", ""human_level_judgment"": ""L3"", ""human_level_judgment_source"": ""vocabulary_grade5_candidate_judgments(최신 유효 판정)"", ""content_review_status"": ""검수 전(미승인) - vocabulary_publish_reviews류 별도 테이블에만 기록되며 이 레벨 판정과 무관"", ""expert_review_status"": ""검수자 확인 안 됨(자동 1차 초안 - 사람이 직접 작성했지만 공식 승인 절차 거치지 않음)"", ""auto_validation_status"": ""PASS"", ""auto_validation_notes"": ""이상 없음"", ""auto_validation_report"": ""reports/nikl_grade5_l3_batch2_dryrun_20261007.md 참고"", ""generator_version"": ""nikl_grade5_l3_batch2_dryrun_v1"", ""distractor_design_version"": ""v2 기준 처음부터 적용(2026-10-07) - 1차 v2에서 검수된 의미 분야 근접 오답 설계 기준을 신규 작성 시점부터 적용, 배치 내 무작위 재사용(v1 방식) 미사용"", ""wrong_option_reasons"": [{""option_text"": ""특별한 일이 생겼을 때만 갑자기 여는 모임."", ""confusion_point"": ""반대 개념(비정기적 모임)"", ""reason"": ""'해마다 정해진 시기'가 아니라 '갑자기 필요할 때만' 여는 모임이라는 점이 다름.""}, {""option_text"": ""일생에 단 한 번뿐인 특별한 의식."", ""confusion_point"": ""유사 범주(일생 의례)"", ""reason"": ""'해마다 되풀이됨'이 아니라 '평생 한 번뿐'인 의식이라는 점이 다름.""}, {""option_text"": ""매일 같은 시간에 꾸준히 하는 생활 습관."", ""confusion_point"": ""빈도 혼동(매일 하는 일과)"", ""reason"": ""'해마다 한 번'이 아니라 '매일' 되풀이한다는 점이 다름.""}], ""key_clue"": ""'해마다' + '일정한 시기를 정해' + '행사' - 1년 주기로 반복된다는 점."", ""admin_only_note"": ""wrong_option_reasons/key_clue는 검수 화면(관리자)에만 노출 - 응시 화면(제출 전)에는 노출하지 않음""}]",nikl_grade5_l3_batch2_dryrun_v1,nikl_grade5_l3_batch2_v1,MF_G5L3B2_C_G5-91f5a77a39d93785,CONTEXT_MEANING,"다음 문장에서 표시된 낱말의 뜻으로 가장 알맞은 것은?

체육 대회는 우리 학교의 대표적인 【연중행사】이다.",문장 속 '연중행사'는 '해마다 정해진 시기에 되풀이하여 열리는 행사.'를 뜻합니다.
G5-e15695de1f4b174e,,,,열등하다,형용사,"[""보통의 수준이나 등급보다 낮다."", ""보통의 수준이나 등급보다 뛰어나다."", ""여럿 가운데 어느 하나와도 차이가 없다."", ""전과 비교해 수준이 점점 나아지고 있다.""]",1,"{""options"": [""보통의 수준이나 등급보다 낮다."", ""보통의 수준이나 등급보다 뛰어나다."", ""여럿 가운데 어느 하나와도 차이가 없다."", ""전과 비교해 수준이 점점 나아지고 있다.""]}","{""correct_option"": 1}",,"[{""flag"": ""NIKL_GRADE5_L3_BATCH2_ADMIN_PREVIEW"", ""source_version_isolation"": ""source_version deliberately set to nikl_grade5_l3_batch2_v1 (not 2.1.29, not nikl_grade5_l3_batch1_v1, not any existing pilot source_version) so this batch is structurally excluded from general/level-mode selection and every other batch/pilot - admin preview only"", ""human_level_judgment"": ""L3"", ""human_level_judgment_source"": ""vocabulary_grade5_candidate_judgments(최신 유효 판정)"", ""content_review_status"": ""검수 전(미승인) - vocabulary_publish_reviews류 별도 테이블에만 기록되며 이 레벨 판정과 무관"", ""expert_review_status"": ""검수자 확인 안 됨(자동 1차 초안 - 사람이 직접 작성했지만 공식 승인 절차 거치지 않음)"", ""auto_validation_status"": ""PASS"", ""auto_validation_notes"": ""이상 없음"", ""auto_validation_report"": ""reports/nikl_grade5_l3_batch2_dryrun_20261007.md 참고"", ""generator_version"": ""nikl_grade5_l3_batch2_dryrun_v1"", ""distractor_design_version"": ""v2 기준 처음부터 적용(2026-10-07) - 1차 v2에서 검수된 의미 분야 근접 오답 설계 기준을 신규 작성 시점부터 적용, 배치 내 무작위 재사용(v1 방식) 미사용"", ""wrong_option_reasons"": [{""option_text"": ""보통의 수준이나 등급보다 뛰어나다."", ""confusion_point"": ""반대 개념(우수하다)"", ""reason"": ""'수준이 낮다'가 아니라 '뛰어나다'는 반대 뜻.""}, {""option_text"": ""여럿 가운데 어느 하나와도 차이가 없다."", ""confusion_point"": ""유사 비교 개념(동등하다)"", ""reason"": ""'낮다'는 차이가 있다는 뜻인데, 이 말은 '차이가 없다'는 뜻이라 다름.""}, {""option_text"": ""전과 비교해 수준이 점점 나아지고 있다."", ""confusion_point"": ""유사 평가 개념(향상되다)"", ""reason"": ""'현재 수준이 낮다'는 상태가 아니라 '점점 나아지는 변화'를 나타낸다는 점이 다름.""}], ""key_clue"": ""'보통보다 낮다' - 비교했을 때 수준·등급이 아래라는 뜻."", ""admin_only_note"": ""wrong_option_reasons/key_clue는 검수 화면(관리자)에만 노출 - 응시 화면(제출 전)에는 노출하지 않음""}]",nikl_grade5_l3_batch2_dryrun_v1,nikl_grade5_l3_batch2_v1,MF_G5L3B2_M_G5-e15695de1f4b174e,MEANING_CHOICE,'열등하다'의 뜻으로 가장 알맞은 것은?,'열등하다'는 '보통의 수준이나 등급보다 낮다.'라는 뜻입니다.
G5-e15695de1f4b174e,,,,열등하다,형용사,"[""보통의 수준이나 등급보다 낮다."", ""보통의 수준이나 등급보다 뛰어나다."", ""여럿 가운데 어느 하나와도 차이가 없다."", ""전과 비교해 수준이 점점 나아지고 있다.""]",1,"{""options"": [""보통의 수준이나 등급보다 낮다."", ""보통의 수준이나 등급보다 뛰어나다."", ""여럿 가운데 어느 하나와도 차이가 없다."", ""전과 비교해 수준이 점점 나아지고 있다.""]}","{""correct_option"": 1}",,"[{""flag"": ""NIKL_GRADE5_L3_BATCH2_ADMIN_PREVIEW"", ""source_version_isolation"": ""source_version deliberately set to nikl_grade5_l3_batch2_v1 (not 2.1.29, not nikl_grade5_l3_batch1_v1, not any existing pilot source_version) so this batch is structurally excluded from general/level-mode selection and every other batch/pilot - admin preview only"", ""human_level_judgment"": ""L3"", ""human_level_judgment_source"": ""vocabulary_grade5_candidate_judgments(최신 유효 판정)"", ""content_review_status"": ""검수 전(미승인) - vocabulary_publish_reviews류 별도 테이블에만 기록되며 이 레벨 판정과 무관"", ""expert_review_status"": ""검수자 확인 안 됨(자동 1차 초안 - 사람이 직접 작성했지만 공식 승인 절차 거치지 않음)"", ""auto_validation_status"": ""PASS"", ""auto_validation_notes"": ""이상 없음"", ""auto_validation_report"": ""reports/nikl_grade5_l3_batch2_dryrun_20261007.md 참고"", ""generator_version"": ""nikl_grade5_l3_batch2_dryrun_v1"", ""distractor_design_version"": ""v2 기준 처음부터 적용(2026-10-07) - 1차 v2에서 검수된 의미 분야 근접 오답 설계 기준을 신규 작성 시점부터 적용, 배치 내 무작위 재사용(v1 방식) 미사용"", ""wrong_option_reasons"": [{""option_text"": ""보통의 수준이나 등급보다 뛰어나다."", ""confusion_point"": ""반대 개념(우수하다)"", ""reason"": ""'수준이 낮다'가 아니라 '뛰어나다'는 반대 뜻.""}, {""option_text"": ""여럿 가운데 어느 하나와도 차이가 없다."", ""confusion_point"": ""유사 비교 개념(동등하다)"", ""reason"": ""'낮다'는 차이가 있다는 뜻인데, 이 말은 '차이가 없다'는 뜻이라 다름.""}, {""option_text"": ""전과 비교해 수준이 점점 나아지고 있다."", ""confusion_point"": ""유사 평가 개념(향상되다)"", ""reason"": ""'현재 수준이 낮다'는 상태가 아니라 '점점 나아지는 변화'를 나타낸다는 점이 다름.""}], ""key_clue"": ""'보통보다 낮다' - 비교했을 때 수준·등급이 아래라는 뜻."", ""admin_only_note"": ""wrong_option_reasons/key_clue는 검수 화면(관리자)에만 노출 - 응시 화면(제출 전)에는 노출하지 않음""}]",nikl_grade5_l3_batch2_dryrun_v1,nikl_grade5_l3_batch2_v1,MF_G5L3B2_C_G5-e15695de1f4b174e,CONTEXT_MEANING,"다음 문장에서 표시된 낱말의 뜻으로 가장 알맞은 것은?

이 기계는 최신 기계보다 성능이 【열등하다】.",문장 속 '열등하다'는 '보통의 수준이나 등급보다 낮다.'를 뜻합니다.
G5-954dcec048fcf60e,,,,외박하다,동사,"[""집에만 있고 바깥출입을 전혀 하지 않다."", ""아주 짧은 시간만 잠깐 들렀다가 바로 돌아오다."", ""자기 집이나 머물던 곳에서 자지 않고 다른 곳에서 밤을 지내다."", ""여행을 가서 여러 날 동안 계속 머물다.""]",3,"{""options"": [""집에만 있고 바깥출입을 전혀 하지 않다."", ""아주 짧은 시간만 잠깐 들렀다가 바로 돌아오다."", ""자기 집이나 머물던 곳에서 자지 않고 다른 곳에서 밤을 지내다."", ""여행을 가서 여러 날 동안 계속 머물다.""]}","{""correct_option"": 3}",,"[{""flag"": ""NIKL_GRADE5_L3_BATCH2_ADMIN_PREVIEW"", ""source_version_isolation"": ""source_version deliberately set to nikl_grade5_l3_batch2_v1 (not 2.1.29, not nikl_grade5_l3_batch1_v1, not any existing pilot source_version) so this batch is structurally excluded from general/level-mode selection and every other batch/pilot - admin preview only"", ""human_level_judgment"": ""L3"", ""human_level_judgment_source"": ""vocabulary_grade5_candidate_judgments(최신 유효 판정)"", ""content_review_status"": ""검수 전(미승인) - vocabulary_publish_reviews류 별도 테이블에만 기록되며 이 레벨 판정과 무관"", ""expert_review_status"": ""검수자 확인 안 됨(자동 1차 초안 - 사람이 직접 작성했지만 공식 승인 절차 거치지 않음)"", ""auto_validation_status"": ""PASS"", ""auto_validation_notes"": ""이상 없음"", ""auto_validation_report"": ""reports/nikl_grade5_l3_batch2_dryrun_20261007.md 참고"", ""generator_version"": ""nikl_grade5_l3_batch2_dryrun_v1"", ""distractor_design_version"": ""v2 기준 처음부터 적용(2026-10-07) - 1차 v2에서 검수된 의미 분야 근접 오답 설계 기준을 신규 작성 시점부터 적용, 배치 내 무작위 재사용(v1 방식) 미사용"", ""wrong_option_reasons"": [{""option_text"": ""집에만 있고 바깥출입을 전혀 하지 않다."", ""confusion_point"": ""반대 개념(집에만 머묾)"", ""reason"": ""'다른 곳에서 밤을 지냄'이 아니라 '집 밖으로 전혀 나가지 않음'이라는 반대 뜻.""}, {""option_text"": ""아주 짧은 시간만 잠깐 들렀다가 바로 돌아오다."", ""confusion_point"": ""체류 시간 혼동(잠깐 들름)"", ""reason"": ""'밤을 지내고 옴'이 아니라 '아주 잠깐 들렀다 바로 돌아옴'이라는 점이 다름.""}, {""option_text"": ""여행을 가서 여러 날 동안 계속 머물다."", ""confusion_point"": ""기간 혼동(장기 체류)"", ""reason"": ""'하룻밤'을 다른 데서 자는 것이 아니라 '여러 날' 계속 머문다는 점이 다름.""}], ""key_clue"": ""'자기 집·숙소가 아닌 딴 데서' + '잠을 잠' - 하룻밤을 다른 곳에서 보낸다는 점."", ""admin_only_note"": ""wrong_option_reasons/key_clue는 검수 화면(관리자)에만 노출 - 응시 화면(제출 전)에는 노출하지 않음""}]",nikl_grade5_l3_batch2_dryrun_v1,nikl_grade5_l3_batch2_v1,MF_G5L3B2_M_G5-954dcec048fcf60e,MEANING_CHOICE,'외박하다'의 뜻으로 가장 알맞은 것은?,'외박하다'는 '자기 집이나 머물던 곳에서 자지 않고 다른 곳에서 밤을 지내다.'라는 뜻입니다.
G5-954dcec048fcf60e,,,,외박하다,동사,"[""집에만 있고 바깥출입을 전혀 하지 않다."", ""아주 짧은 시간만 잠깐 들렀다가 바로 돌아오다."", ""자기 집이나 머물던 곳에서 자지 않고 다른 곳에서 밤을 지내다."", ""여행을 가서 여러 날 동안 계속 머물다.""]",3,"{""options"": [""집에만 있고 바깥출입을 전혀 하지 않다."", ""아주 짧은 시간만 잠깐 들렀다가 바로 돌아오다."", ""자기 집이나 머물던 곳에서 자지 않고 다른 곳에서 밤을 지내다."", ""여행을 가서 여러 날 동안 계속 머물다.""]}","{""correct_option"": 3}",,"[{""flag"": ""NIKL_GRADE5_L3_BATCH2_ADMIN_PREVIEW"", ""source_version_isolation"": ""source_version deliberately set to nikl_grade5_l3_batch2_v1 (not 2.1.29, not nikl_grade5_l3_batch1_v1, not any existing pilot source_version) so this batch is structurally excluded from general/level-mode selection and every other batch/pilot - admin preview only"", ""human_level_judgment"": ""L3"", ""human_level_judgment_source"": ""vocabulary_grade5_candidate_judgments(최신 유효 판정)"", ""content_review_status"": ""검수 전(미승인) - vocabulary_publish_reviews류 별도 테이블에만 기록되며 이 레벨 판정과 무관"", ""expert_review_status"": ""검수자 확인 안 됨(자동 1차 초안 - 사람이 직접 작성했지만 공식 승인 절차 거치지 않음)"", ""auto_validation_status"": ""PASS"", ""auto_validation_notes"": ""이상 없음"", ""auto_validation_report"": ""reports/nikl_grade5_l3_batch2_dryrun_20261007.md 참고"", ""generator_version"": ""nikl_grade5_l3_batch2_dryrun_v1"", ""distractor_design_version"": ""v2 기준 처음부터 적용(2026-10-07) - 1차 v2에서 검수된 의미 분야 근접 오답 설계 기준을 신규 작성 시점부터 적용, 배치 내 무작위 재사용(v1 방식) 미사용"", ""wrong_option_reasons"": [{""option_text"": ""집에만 있고 바깥출입을 전혀 하지 않다."", ""confusion_point"": ""반대 개념(집에만 머묾)"", ""reason"": ""'다른 곳에서 밤을 지냄'이 아니라 '집 밖으로 전혀 나가지 않음'이라는 반대 뜻.""}, {""option_text"": ""아주 짧은 시간만 잠깐 들렀다가 바로 돌아오다."", ""confusion_point"": ""체류 시간 혼동(잠깐 들름)"", ""reason"": ""'밤을 지내고 옴'이 아니라 '아주 잠깐 들렀다 바로 돌아옴'이라는 점이 다름.""}, {""option_text"": ""여행을 가서 여러 날 동안 계속 머물다."", ""confusion_point"": ""기간 혼동(장기 체류)"", ""reason"": ""'하룻밤'을 다른 데서 자는 것이 아니라 '여러 날' 계속 머문다는 점이 다름.""}], ""key_clue"": ""'자기 집·숙소가 아닌 딴 데서' + '잠을 잠' - 하룻밤을 다른 곳에서 보낸다는 점."", ""admin_only_note"": ""wrong_option_reasons/key_clue는 검수 화면(관리자)에만 노출 - 응시 화면(제출 전)에는 노출하지 않음""}]",nikl_grade5_l3_batch2_dryrun_v1,nikl_grade5_l3_batch2_v1,MF_G5L3B2_C_G5-954dcec048fcf60e,CONTEXT_MEANING,"다음 문장에서 표시된 낱말의 뜻으로 가장 알맞은 것은?

그는 친구 집에서 【외박하고】 다음 날 아침에 돌아왔다.",문장 속 '외박하다'는 '자기 집이나 머물던 곳에서 자지 않고 다른 곳에서 밤을 지내다.'를 뜻합니다.
G5-656d62d62cc25ae5,,,,용감무쌍하다,형용사,"[""비교할 데가 없을 만큼 용기가 있고 씩씩하다."", ""겁이 많아 작은 일에도 쉽게 놀라고 두려워하다."", ""앞뒤를 재지 않고 무모하게 행동하다."", ""다른 사람에게 자기 의견을 잘 내세우지 않고 조용하다.""]",1,"{""options"": [""비교할 데가 없을 만큼 용기가 있고 씩씩하다."", ""겁이 많아 작은 일에도 쉽게 놀라고 두려워하다."", ""앞뒤를 재지 않고 무모하게 행동하다."", ""다른 사람에게 자기 의견을 잘 내세우지 않고 조용하다.""]}","{""correct_option"": 1}",,"[{""flag"": ""NIKL_GRADE5_L3_BATCH2_ADMIN_PREVIEW"", ""source_version_isolation"": ""source_version deliberately set to nikl_grade5_l3_batch2_v1 (not 2.1.29, not nikl_grade5_l3_batch1_v1, not any existing pilot source_version) so this batch is structurally excluded from general/level-mode selection and every other batch/pilot - admin preview only"", ""human_level_judgment"": ""L3"", ""human_level_judgment_source"": ""vocabulary_grade5_candidate_judgments(최신 유효 판정)"", ""content_review_status"": ""검수 전(미승인) - vocabulary_publish_reviews류 별도 테이블에만 기록되며 이 레벨 판정과 무관"", ""expert_review_status"": ""검수자 확인 안 됨(자동 1차 초안 - 사람이 직접 작성했지만 공식 승인 절차 거치지 않음)"", ""auto_validation_status"": ""PASS"", ""auto_validation_notes"": ""이상 없음"", ""auto_validation_report"": ""reports/nikl_grade5_l3_batch2_dryrun_20261007.md 참고"", ""generator_version"": ""nikl_grade5_l3_batch2_dryrun_v1"", ""distractor_design_version"": ""v2 기준 처음부터 적용(2026-10-07) - 1차 v2에서 검수된 의미 분야 근접 오답 설계 기준을 신규 작성 시점부터 적용, 배치 내 무작위 재사용(v1 방식) 미사용"", ""wrong_option_reasons"": [{""option_text"": ""겁이 많아 작은 일에도 쉽게 놀라고 두려워하다."", ""confusion_point"": ""반대 개념(겁이 많다)"", ""reason"": ""'용기 있고 씩씩함'이 아니라 '겁이 많고 두려워함'이라는 반대 뜻.""}, {""option_text"": ""앞뒤를 재지 않고 무모하게 행동하다."", ""confusion_point"": ""유사 성격(무모하다)"", ""reason"": ""용기 있어 보이지만 '앞뒤 생각 없이 함부로' 행동한다는 부정적인 뜻이라 다름.""}, {""option_text"": ""다른 사람에게 자기 의견을 잘 내세우지 않고 조용하다."", ""confusion_point"": ""비슷한 범주(소극적 성격)"", ""reason"": ""'기운차고 씩씩함'이 아니라 '조용하고 나서지 않음'이라는 점이 다름.""}], ""key_clue"": ""'용기' + '씩씩하고 기운참' + '짝이 없을 만큼' - 매우 뛰어난 용기를 뜻함."", ""admin_only_note"": ""wrong_option_reasons/key_clue는 검수 화면(관리자)에만 노출 - 응시 화면(제출 전)에는 노출하지 않음""}]",nikl_grade5_l3_batch2_dryrun_v1,nikl_grade5_l3_batch2_v1,MF_G5L3B2_M_G5-656d62d62cc25ae5,MEANING_CHOICE,'용감무쌍하다'의 뜻으로 가장 알맞은 것은?,'용감무쌍하다'는 '비교할 데가 없을 만큼 용기가 있고 씩씩하다.'라는 뜻입니다.
G5-656d62d62cc25ae5,,,,용감무쌍하다,형용사,"[""비교할 데가 없을 만큼 용기가 있고 씩씩하다."", ""겁이 많아 작은 일에도 쉽게 놀라고 두려워하다."", ""앞뒤를 재지 않고 무모하게 행동하다."", ""다른 사람에게 자기 의견을 잘 내세우지 않고 조용하다.""]",1,"{""options"": [""비교할 데가 없을 만큼 용기가 있고 씩씩하다."", ""겁이 많아 작은 일에도 쉽게 놀라고 두려워하다."", ""앞뒤를 재지 않고 무모하게 행동하다."", ""다른 사람에게 자기 의견을 잘 내세우지 않고 조용하다.""]}","{""correct_option"": 1}",,"[{""flag"": ""NIKL_GRADE5_L3_BATCH2_ADMIN_PREVIEW"", ""source_version_isolation"": ""source_version deliberately set to nikl_grade5_l3_batch2_v1 (not 2.1.29, not nikl_grade5_l3_batch1_v1, not any existing pilot source_version) so this batch is structurally excluded from general/level-mode selection and every other batch/pilot - admin preview only"", ""human_level_judgment"": ""L3"", ""human_level_judgment_source"": ""vocabulary_grade5_candidate_judgments(최신 유효 판정)"", ""content_review_status"": ""검수 전(미승인) - vocabulary_publish_reviews류 별도 테이블에만 기록되며 이 레벨 판정과 무관"", ""expert_review_status"": ""검수자 확인 안 됨(자동 1차 초안 - 사람이 직접 작성했지만 공식 승인 절차 거치지 않음)"", ""auto_validation_status"": ""PASS"", ""auto_validation_notes"": ""이상 없음"", ""auto_validation_report"": ""reports/nikl_grade5_l3_batch2_dryrun_20261007.md 참고"", ""generator_version"": ""nikl_grade5_l3_batch2_dryrun_v1"", ""distractor_design_version"": ""v2 기준 처음부터 적용(2026-10-07) - 1차 v2에서 검수된 의미 분야 근접 오답 설계 기준을 신규 작성 시점부터 적용, 배치 내 무작위 재사용(v1 방식) 미사용"", ""wrong_option_reasons"": [{""option_text"": ""겁이 많아 작은 일에도 쉽게 놀라고 두려워하다."", ""confusion_point"": ""반대 개념(겁이 많다)"", ""reason"": ""'용기 있고 씩씩함'이 아니라 '겁이 많고 두려워함'이라는 반대 뜻.""}, {""option_text"": ""앞뒤를 재지 않고 무모하게 행동하다."", ""confusion_point"": ""유사 성격(무모하다)"", ""reason"": ""용기 있어 보이지만 '앞뒤 생각 없이 함부로' 행동한다는 부정적인 뜻이라 다름.""}, {""option_text"": ""다른 사람에게 자기 의견을 잘 내세우지 않고 조용하다."", ""confusion_point"": ""비슷한 범주(소극적 성격)"", ""reason"": ""'기운차고 씩씩함'이 아니라 '조용하고 나서지 않음'이라는 점이 다름.""}], ""key_clue"": ""'용기' + '씩씩하고 기운참' + '짝이 없을 만큼' - 매우 뛰어난 용기를 뜻함."", ""admin_only_note"": ""wrong_option_reasons/key_clue는 검수 화면(관리자)에만 노출 - 응시 화면(제출 전)에는 노출하지 않음""}]",nikl_grade5_l3_batch2_dryrun_v1,nikl_grade5_l3_batch2_v1,MF_G5L3B2_C_G5-656d62d62cc25ae5,CONTEXT_MEANING,"다음 문장에서 표시된 낱말의 뜻으로 가장 알맞은 것은?

소방관은 불길 속에서도 【용감무쌍하게】 사람들을 구해 냈다.",문장 속 '용감무쌍하다'는 '비교할 데가 없을 만큼 용기가 있고 씩씩하다.'를 뜻합니다.
G5-6de00460b8d3f2ed,,,,유공자,명사,"[""죄를 지어 벌을 받는 사람."", ""어떤 분야에서 가장 높은 자리에 오른 사람."", ""나라나 사회를 위해 힘써 큰 공을 세운 사람."", ""다른 사람의 도움 없이는 혼자 살아가기 힘든 사람.""]",3,"{""options"": [""죄를 지어 벌을 받는 사람."", ""어떤 분야에서 가장 높은 자리에 오른 사람."", ""나라나 사회를 위해 힘써 큰 공을 세운 사람."", ""다른 사람의 도움 없이는 혼자 살아가기 힘든 사람.""]}","{""correct_option"": 3}",,"[{""flag"": ""NIKL_GRADE5_L3_BATCH2_ADMIN_PREVIEW"", ""source_version_isolation"": ""source_version deliberately set to nikl_grade5_l3_batch2_v1 (not 2.1.29, not nikl_grade5_l3_batch1_v1, not any existing pilot source_version) so this batch is structurally excluded from general/level-mode selection and every other batch/pilot - admin preview only"", ""human_level_judgment"": ""L3"", ""human_level_judgment_source"": ""vocabulary_grade5_candidate_judgments(최신 유효 판정)"", ""content_review_status"": ""검수 전(미승인) - vocabulary_publish_reviews류 별도 테이블에만 기록되며 이 레벨 판정과 무관"", ""expert_review_status"": ""검수자 확인 안 됨(자동 1차 초안 - 사람이 직접 작성했지만 공식 승인 절차 거치지 않음)"", ""auto_validation_status"": ""PASS"", ""auto_validation_notes"": ""이상 없음"", ""auto_validation_report"": ""reports/nikl_grade5_l3_batch2_dryrun_20261007.md 참고"", ""generator_version"": ""nikl_grade5_l3_batch2_dryrun_v1"", ""distractor_design_version"": ""v2 기준 처음부터 적용(2026-10-07) - 1차 v2에서 검수된 의미 분야 근접 오답 설계 기준을 신규 작성 시점부터 적용, 배치 내 무작위 재사용(v1 방식) 미사용"", ""wrong_option_reasons"": [{""option_text"": ""죄를 지어 벌을 받는 사람."", ""confusion_point"": ""반대 개념(죄를 지은 사람)"", ""reason"": ""'공로를 세운 사람'이 아니라 '죄를 지어 벌받는 사람'이라는 반대 뜻.""}, {""option_text"": ""어떤 분야에서 가장 높은 자리에 오른 사람."", ""confusion_point"": ""유사 범주(최고 직위자)"", ""reason"": ""'공로가 있는 사람'이 아니라 '가장 높은 자리에 있는 사람'을 뜻해 공로와는 상관없다는 점이 다름.""}, {""option_text"": ""다른 사람의 도움 없이는 혼자 살아가기 힘든 사람."", ""confusion_point"": ""비슷한 사회적 범주(보호가 필요한 사람)"", ""reason"": ""'공을 세운 사람'이 아니라 '도움이 필요한 사람'이라는 점이 다름.""}], ""key_clue"": ""'공로가 있는' + '사람' - 큰 업적이나 기여를 한 사람을 높여 부르는 말."", ""admin_only_note"": ""wrong_option_reasons/key_clue는 검수 화면(관리자)에만 노출 - 응시 화면(제출 전)에는 노출하지 않음""}]",nikl_grade5_l3_batch2_dryrun_v1,nikl_grade5_l3_batch2_v1,MF_G5L3B2_M_G5-6de00460b8d3f2ed,MEANING_CHOICE,'유공자'의 뜻으로 가장 알맞은 것은?,'유공자'는 '나라나 사회를 위해 힘써 큰 공을 세운 사람.'이라는 뜻입니다.
G5-6de00460b8d3f2ed,,,,유공자,명사,"[""죄를 지어 벌을 받는 사람."", ""어떤 분야에서 가장 높은 자리에 오른 사람."", ""나라나 사회를 위해 힘써 큰 공을 세운 사람."", ""다른 사람의 도움 없이는 혼자 살아가기 힘든 사람.""]",3,"{""options"": [""죄를 지어 벌을 받는 사람."", ""어떤 분야에서 가장 높은 자리에 오른 사람."", ""나라나 사회를 위해 힘써 큰 공을 세운 사람."", ""다른 사람의 도움 없이는 혼자 살아가기 힘든 사람.""]}","{""correct_option"": 3}",,"[{""flag"": ""NIKL_GRADE5_L3_BATCH2_ADMIN_PREVIEW"", ""source_version_isolation"": ""source_version deliberately set to nikl_grade5_l3_batch2_v1 (not 2.1.29, not nikl_grade5_l3_batch1_v1, not any existing pilot source_version) so this batch is structurally excluded from general/level-mode selection and every other batch/pilot - admin preview only"", ""human_level_judgment"": ""L3"", ""human_level_judgment_source"": ""vocabulary_grade5_candidate_judgments(최신 유효 판정)"", ""content_review_status"": ""검수 전(미승인) - vocabulary_publish_reviews류 별도 테이블에만 기록되며 이 레벨 판정과 무관"", ""expert_review_status"": ""검수자 확인 안 됨(자동 1차 초안 - 사람이 직접 작성했지만 공식 승인 절차 거치지 않음)"", ""auto_validation_status"": ""PASS"", ""auto_validation_notes"": ""이상 없음"", ""auto_validation_report"": ""reports/nikl_grade5_l3_batch2_dryrun_20261007.md 참고"", ""generator_version"": ""nikl_grade5_l3_batch2_dryrun_v1"", ""distractor_design_version"": ""v2 기준 처음부터 적용(2026-10-07) - 1차 v2에서 검수된 의미 분야 근접 오답 설계 기준을 신규 작성 시점부터 적용, 배치 내 무작위 재사용(v1 방식) 미사용"", ""wrong_option_reasons"": [{""option_text"": ""죄를 지어 벌을 받는 사람."", ""confusion_point"": ""반대 개념(죄를 지은 사람)"", ""reason"": ""'공로를 세운 사람'이 아니라 '죄를 지어 벌받는 사람'이라는 반대 뜻.""}, {""option_text"": ""어떤 분야에서 가장 높은 자리에 오른 사람."", ""confusion_point"": ""유사 범주(최고 직위자)"", ""reason"": ""'공로가 있는 사람'이 아니라 '가장 높은 자리에 있는 사람'을 뜻해 공로와는 상관없다는 점이 다름.""}, {""option_text"": ""다른 사람의 도움 없이는 혼자 살아가기 힘든 사람."", ""confusion_point"": ""비슷한 사회적 범주(보호가 필요한 사람)"", ""reason"": ""'공을 세운 사람'이 아니라 '도움이 필요한 사람'이라는 점이 다름.""}], ""key_clue"": ""'공로가 있는' + '사람' - 큰 업적이나 기여를 한 사람을 높여 부르는 말."", ""admin_only_note"": ""wrong_option_reasons/key_clue는 검수 화면(관리자)에만 노출 - 응시 화면(제출 전)에는 노출하지 않음""}]",nikl_grade5_l3_batch2_dryrun_v1,nikl_grade5_l3_batch2_v1,MF_G5L3B2_C_G5-6de00460b8d3f2ed,CONTEXT_MEANING,"다음 문장에서 표시된 낱말의 뜻으로 가장 알맞은 것은?

현충일에는 나라를 위해 희생한 【유공자】들을 기리는 행사가 열린다.",문장 속 '유공자'는 '나라나 사회를 위해 힘써 큰 공을 세운 사람.'을 뜻합니다.
G5-62db44d358bd9745,,,,유치장,명사,"[""법원이 유죄를 확정한 사람을 오랫동안 가두어 두는 곳."", ""몸이 아픈 환자를 치료하기 위해 머물게 하는 곳."", ""물건을 잃어버렸을 때 찾아가는 곳."", ""경찰서에서 죄를 지었다고 의심되는 사람을 잠시 가두어 두는 곳.""]",4,"{""options"": [""법원이 유죄를 확정한 사람을 오랫동안 가두어 두는 곳."", ""몸이 아픈 환자를 치료하기 위해 머물게 하는 곳."", ""물건을 잃어버렸을 때 찾아가는 곳."", ""경찰서에서 죄를 지었다고 의심되는 사람을 잠시 가두어 두는 곳.""]}","{""correct_option"": 4}",,"[{""flag"": ""NIKL_GRADE5_L3_BATCH2_ADMIN_PREVIEW"", ""source_version_isolation"": ""source_version deliberately set to nikl_grade5_l3_batch2_v1 (not 2.1.29, not nikl_grade5_l3_batch1_v1, not any existing pilot source_version) so this batch is structurally excluded from general/level-mode selection and every other batch/pilot - admin preview only"", ""human_level_judgment"": ""L3"", ""human_level_judgment_source"": ""vocabulary_grade5_candidate_judgments(최신 유효 판정)"", ""content_review_status"": ""검수 전(미승인) - vocabulary_publish_reviews류 별도 테이블에만 기록되며 이 레벨 판정과 무관"", ""expert_review_status"": ""검수자 확인 안 됨(자동 1차 초안 - 사람이 직접 작성했지만 공식 승인 절차 거치지 않음)"", ""auto_validation_status"": ""PASS"", ""auto_validation_notes"": ""이상 없음"", ""auto_validation_report"": ""reports/nikl_grade5_l3_batch2_dryrun_20261007.md 참고"", ""generator_version"": ""nikl_grade5_l3_batch2_dryrun_v1"", ""distractor_design_version"": ""v2 기준 처음부터 적용(2026-10-07) - 1차 v2에서 검수된 의미 분야 근접 오답 설계 기준을 신규 작성 시점부터 적용, 배치 내 무작위 재사용(v1 방식) 미사용"", ""wrong_option_reasons"": [{""option_text"": ""법원이 유죄를 확정한 사람을 오랫동안 가두어 두는 곳."", ""confusion_point"": ""유사 범주(교도소)"", ""reason"": ""'경찰서에서 잠시' 가두는 곳이 아니라 '재판 후 오랫동안' 가두는 곳이라는 점이 다름.""}, {""option_text"": ""몸이 아픈 환자를 치료하기 위해 머물게 하는 곳."", ""confusion_point"": ""비슷한 범주(머무는 시설)"", ""reason"": ""'죄를 지었다고 의심되는 사람을 가둠'이 아니라 '환자를 치료하기 위해 머물게 함'이라는 점이 다름.""}, {""option_text"": ""물건을 잃어버렸을 때 찾아가는 곳."", ""confusion_point"": ""비슷한 범주(경찰서 관련 시설)"", ""reason"": ""'사람을 가두는 곳'이 아니라 '물건을 보관하는 곳'이라는 점이 다름.""}], ""key_clue"": ""'경찰서'에 있으며 '피의자·경범죄자를 한때(잠시) 가둠' - 재판 전 짧게 머무는 곳이라는 점."", ""admin_only_note"": ""wrong_option_reasons/key_clue는 검수 화면(관리자)에만 노출 - 응시 화면(제출 전)에는 노출하지 않음""}]",nikl_grade5_l3_batch2_dryrun_v1,nikl_grade5_l3_batch2_v1,MF_G5L3B2_M_G5-62db44d358bd9745,MEANING_CHOICE,'유치장'의 뜻으로 가장 알맞은 것은?,'유치장'은 '경찰서에서 죄를 지었다고 의심되는 사람을 잠시 가두어 두는 곳.'이라는 뜻입니다.
G5-62db44d358bd9745,,,,유치장,명사,"[""법원이 유죄를 확정한 사람을 오랫동안 가두어 두는 곳."", ""몸이 아픈 환자를 치료하기 위해 머물게 하는 곳."", ""물건을 잃어버렸을 때 찾아가는 곳."", ""경찰서에서 죄를 지었다고 의심되는 사람을 잠시 가두어 두는 곳.""]",4,"{""options"": [""법원이 유죄를 확정한 사람을 오랫동안 가두어 두는 곳."", ""몸이 아픈 환자를 치료하기 위해 머물게 하는 곳."", ""물건을 잃어버렸을 때 찾아가는 곳."", ""경찰서에서 죄를 지었다고 의심되는 사람을 잠시 가두어 두는 곳.""]}","{""correct_option"": 4}",,"[{""flag"": ""NIKL_GRADE5_L3_BATCH2_ADMIN_PREVIEW"", ""source_version_isolation"": ""source_version deliberately set to nikl_grade5_l3_batch2_v1 (not 2.1.29, not nikl_grade5_l3_batch1_v1, not any existing pilot source_version) so this batch is structurally excluded from general/level-mode selection and every other batch/pilot - admin preview only"", ""human_level_judgment"": ""L3"", ""human_level_judgment_source"": ""vocabulary_grade5_candidate_judgments(최신 유효 판정)"", ""content_review_status"": ""검수 전(미승인) - vocabulary_publish_reviews류 별도 테이블에만 기록되며 이 레벨 판정과 무관"", ""expert_review_status"": ""검수자 확인 안 됨(자동 1차 초안 - 사람이 직접 작성했지만 공식 승인 절차 거치지 않음)"", ""auto_validation_status"": ""PASS"", ""auto_validation_notes"": ""이상 없음"", ""auto_validation_report"": ""reports/nikl_grade5_l3_batch2_dryrun_20261007.md 참고"", ""generator_version"": ""nikl_grade5_l3_batch2_dryrun_v1"", ""distractor_design_version"": ""v2 기준 처음부터 적용(2026-10-07) - 1차 v2에서 검수된 의미 분야 근접 오답 설계 기준을 신규 작성 시점부터 적용, 배치 내 무작위 재사용(v1 방식) 미사용"", ""wrong_option_reasons"": [{""option_text"": ""법원이 유죄를 확정한 사람을 오랫동안 가두어 두는 곳."", ""confusion_point"": ""유사 범주(교도소)"", ""reason"": ""'경찰서에서 잠시' 가두는 곳이 아니라 '재판 후 오랫동안' 가두는 곳이라는 점이 다름.""}, {""option_text"": ""몸이 아픈 환자를 치료하기 위해 머물게 하는 곳."", ""confusion_point"": ""비슷한 범주(머무는 시설)"", ""reason"": ""'죄를 지었다고 의심되는 사람을 가둠'이 아니라 '환자를 치료하기 위해 머물게 함'이라는 점이 다름.""}, {""option_text"": ""물건을 잃어버렸을 때 찾아가는 곳."", ""confusion_point"": ""비슷한 범주(경찰서 관련 시설)"", ""reason"": ""'사람을 가두는 곳'이 아니라 '물건을 보관하는 곳'이라는 점이 다름.""}], ""key_clue"": ""'경찰서'에 있으며 '피의자·경범죄자를 한때(잠시) 가둠' - 재판 전 짧게 머무는 곳이라는 점."", ""admin_only_note"": ""wrong_option_reasons/key_clue는 검수 화면(관리자)에만 노출 - 응시 화면(제출 전)에는 노출하지 않음""}]",nikl_grade5_l3_batch2_dryrun_v1,nikl_grade5_l3_batch2_v1,MF_G5L3B2_C_G5-62db44d358bd9745,CONTEXT_MEANING,"다음 문장에서 표시된 낱말의 뜻으로 가장 알맞은 것은?

경찰은 사건의 용의자를 【유치장】에 가두고 조사를 시작했다.",문장 속 '유치장'은 '경찰서에서 죄를 지었다고 의심되는 사람을 잠시 가두어 두는 곳.'을 뜻합니다.
G5-33e172c1fb916e0d,,,,의혹하다,동사,"[""아무 의심 없이 그대로 믿다."", ""여러 가지를 비교해 보고 옳고 그름을 판단하다."", ""진실을 알고 있으면서도 일부러 모른 척하다."", ""무엇이 수상하다고 느껴 의심하다.""]",4,"{""options"": [""아무 의심 없이 그대로 믿다."", ""여러 가지를 비교해 보고 옳고 그름을 판단하다."", ""진실을 알고 있으면서도 일부러 모른 척하다."", ""무엇이 수상하다고 느껴 의심하다.""]}","{""correct_option"": 4}",,"[{""flag"": ""NIKL_GRADE5_L3_BATCH2_ADMIN_PREVIEW"", ""source_version_isolation"": ""source_version deliberately set to nikl_grade5_l3_batch2_v1 (not 2.1.29, not nikl_grade5_l3_batch1_v1, not any existing pilot source_version) so this batch is structurally excluded from general/level-mode selection and every other batch/pilot - admin preview only"", ""human_level_judgment"": ""L3"", ""human_level_judgment_source"": ""vocabulary_grade5_candidate_judgments(최신 유효 판정)"", ""content_review_status"": ""검수 전(미승인) - vocabulary_publish_reviews류 별도 테이블에만 기록되며 이 레벨 판정과 무관"", ""expert_review_status"": ""검수자 확인 안 됨(자동 1차 초안 - 사람이 직접 작성했지만 공식 승인 절차 거치지 않음)"", ""auto_validation_status"": ""PASS"", ""auto_validation_notes"": ""이상 없음"", ""auto_validation_report"": ""reports/nikl_grade5_l3_batch2_dryrun_20261007.md 참고"", ""generator_version"": ""nikl_grade5_l3_batch2_dryrun_v1"", ""distractor_design_version"": ""v2 기준 처음부터 적용(2026-10-07) - 1차 v2에서 검수된 의미 분야 근접 오답 설계 기준을 신규 작성 시점부터 적용, 배치 내 무작위 재사용(v1 방식) 미사용"", ""wrong_option_reasons"": [{""option_text"": ""아무 의심 없이 그대로 믿다."", ""confusion_point"": ""반대 개념(믿다)"", ""reason"": ""'수상히 여겨 의심함'이 아니라 '의심 없이 믿음'이라는 반대 뜻.""}, {""option_text"": ""여러 가지를 비교해 보고 옳고 그름을 판단하다."", ""confusion_point"": ""유사 인지 활동(판단하다)"", ""reason"": ""'수상하다고 느껴 의심함'이 아니라 '비교해서 옳고 그름을 가림'이라는 점이 다름.""}, {""option_text"": ""진실을 알고 있으면서도 일부러 모른 척하다."", ""confusion_point"": ""비슷한 태도(모른 척함)"", ""reason"": ""'의심을 품는 것'이 아니라 '알면서도 모르는 척하는 것'이라는 점이 다름.""}], ""key_clue"": ""'의심하여' + '수상히 여김' - 믿지 못하고 이상하게 생각한다는 점."", ""admin_only_note"": ""wrong_option_reasons/key_clue는 검수 화면(관리자)에만 노출 - 응시 화면(제출 전)에는 노출하지 않음""}]",nikl_grade5_l3_batch2_dryrun_v1,nikl_grade5_l3_batch2_v1,MF_G5L3B2_M_G5-33e172c1fb916e0d,MEANING_CHOICE,'의혹하다'의 뜻으로 가장 알맞은 것은?,'의혹하다'는 '무엇이 수상하다고 느껴 의심하다.'라는 뜻입니다.
G5-33e172c1fb916e0d,,,,의혹하다,동사,"[""아무 의심 없이 그대로 믿다."", ""여러 가지를 비교해 보고 옳고 그름을 판단하다."", ""진실을 알고 있으면서도 일부러 모른 척하다."", ""무엇이 수상하다고 느껴 의심하다.""]",4,"{""options"": [""아무 의심 없이 그대로 믿다."", ""여러 가지를 비교해 보고 옳고 그름을 판단하다."", ""진실을 알고 있으면서도 일부러 모른 척하다."", ""무엇이 수상하다고 느껴 의심하다.""]}","{""correct_option"": 4}",,"[{""flag"": ""NIKL_GRADE5_L3_BATCH2_ADMIN_PREVIEW"", ""source_version_isolation"": ""source_version deliberately set to nikl_grade5_l3_batch2_v1 (not 2.1.29, not nikl_grade5_l3_batch1_v1, not any existing pilot source_version) so this batch is structurally excluded from general/level-mode selection and every other batch/pilot - admin preview only"", ""human_level_judgment"": ""L3"", ""human_level_judgment_source"": ""vocabulary_grade5_candidate_judgments(최신 유효 판정)"", ""content_review_status"": ""검수 전(미승인) - vocabulary_publish_reviews류 별도 테이블에만 기록되며 이 레벨 판정과 무관"", ""expert_review_status"": ""검수자 확인 안 됨(자동 1차 초안 - 사람이 직접 작성했지만 공식 승인 절차 거치지 않음)"", ""auto_validation_status"": ""PASS"", ""auto_validation_notes"": ""이상 없음"", ""auto_validation_report"": ""reports/nikl_grade5_l3_batch2_dryrun_20261007.md 참고"", ""generator_version"": ""nikl_grade5_l3_batch2_dryrun_v1"", ""distractor_design_version"": ""v2 기준 처음부터 적용(2026-10-07) - 1차 v2에서 검수된 의미 분야 근접 오답 설계 기준을 신규 작성 시점부터 적용, 배치 내 무작위 재사용(v1 방식) 미사용"", ""wrong_option_reasons"": [{""option_text"": ""아무 의심 없이 그대로 믿다."", ""confusion_point"": ""반대 개념(믿다)"", ""reason"": ""'수상히 여겨 의심함'이 아니라 '의심 없이 믿음'이라는 반대 뜻.""}, {""option_text"": ""여러 가지를 비교해 보고 옳고 그름을 판단하다."", ""confusion_point"": ""유사 인지 활동(판단하다)"", ""reason"": ""'수상하다고 느껴 의심함'이 아니라 '비교해서 옳고 그름을 가림'이라는 점이 다름.""}, {""option_text"": ""진실을 알고 있으면서도 일부러 모른 척하다."", ""confusion_point"": ""비슷한 태도(모른 척함)"", ""reason"": ""'의심을 품는 것'이 아니라 '알면서도 모르는 척하는 것'이라는 점이 다름.""}], ""key_clue"": ""'의심하여' + '수상히 여김' - 믿지 못하고 이상하게 생각한다는 점."", ""admin_only_note"": ""wrong_option_reasons/key_clue는 검수 화면(관리자)에만 노출 - 응시 화면(제출 전)에는 노출하지 않음""}]",nikl_grade5_l3_batch2_dryrun_v1,nikl_grade5_l3_batch2_v1,MF_G5L3B2_C_G5-33e172c1fb916e0d,CONTEXT_MEANING,"다음 문장에서 표시된 낱말의 뜻으로 가장 알맞은 것은?

사람들은 그의 갑작스러운 행동을 【의혹하기】 시작했다.",문장 속 '의혹하다'는 '무엇이 수상하다고 느껴 의심하다.'를 뜻합니다.
G5-7f73a436a64e023d,,,,자전축,명사,"[""지구와 같은 천체가 스스로 돌 때 중심이 되는 가상의 선."", ""천체가 다른 천체의 둘레를 돌 때 그리는 길."", ""지구 표면에서 남극과 북극을 잇는 가장 긴 선."", ""태양에서 지구까지의 거리를 나타내는 기준선.""]",1,"{""options"": [""지구와 같은 천체가 스스로 돌 때 중심이 되는 가상의 선."", ""천체가 다른 천체의 둘레를 돌 때 그리는 길."", ""지구 표면에서 남극과 북극을 잇는 가장 긴 선."", ""태양에서 지구까지의 거리를 나타내는 기준선.""]}","{""correct_option"": 1}",,"[{""flag"": ""NIKL_GRADE5_L3_BATCH2_ADMIN_PREVIEW"", ""source_version_isolation"": ""source_version deliberately set to nikl_grade5_l3_batch2_v1 (not 2.1.29, not nikl_grade5_l3_batch1_v1, not any existing pilot source_version) so this batch is structurally excluded from general/level-mode selection and every other batch/pilot - admin preview only"", ""human_level_judgment"": ""L3"", ""human_level_judgment_source"": ""vocabulary_grade5_candidate_judgments(최신 유효 판정)"", ""content_review_status"": ""검수 전(미승인) - vocabulary_publish_reviews류 별도 테이블에만 기록되며 이 레벨 판정과 무관"", ""expert_review_status"": ""검수자 확인 안 됨(자동 1차 초안 - 사람이 직접 작성했지만 공식 승인 절차 거치지 않음)"", ""auto_validation_status"": ""PASS"", ""auto_validation_notes"": ""이상 없음"", ""auto_validation_report"": ""reports/nikl_grade5_l3_batch2_dryrun_20261007.md 참고"", ""generator_version"": ""nikl_grade5_l3_batch2_dryrun_v1"", ""distractor_design_version"": ""v2 기준 처음부터 적용(2026-10-07) - 1차 v2에서 검수된 의미 분야 근접 오답 설계 기준을 신규 작성 시점부터 적용, 배치 내 무작위 재사용(v1 방식) 미사용"", ""wrong_option_reasons"": [{""option_text"": ""천체가 다른 천체의 둘레를 돌 때 그리는 길."", ""confusion_point"": ""유사 천문 개념(공전 궤도)"", ""reason"": ""'스스로 도는(자전) 중심축'이 아니라 '다른 천체 둘레를 도는(공전) 길'이라는 점이 다름.""}, {""option_text"": ""지구 표면에서 남극과 북극을 잇는 가장 긴 선."", ""confusion_point"": ""비슷한 범주(지리 선)"", ""reason"": ""'천체가 도는 중심'이 아니라 '지구 표면에 그은 선'이라는 점이 다름.""}, {""option_text"": ""태양에서 지구까지의 거리를 나타내는 기준선."", ""confusion_point"": ""비슷한 범주(천문 거리 기준)"", ""reason"": ""'자전의 중심축'이 아니라 '거리를 재는 기준'이라는 점이 다름.""}], ""key_clue"": ""'천체가 자전할 때' + '중심이 되는 축' - 스스로 도는 운동의 중심선이라는 점."", ""admin_only_note"": ""wrong_option_reasons/key_clue는 검수 화면(관리자)에만 노출 - 응시 화면(제출 전)에는 노출하지 않음""}]",nikl_grade5_l3_batch2_dryrun_v1,nikl_grade5_l3_batch2_v1,MF_G5L3B2_M_G5-7f73a436a64e023d,MEANING_CHOICE,'자전축'의 뜻으로 가장 알맞은 것은?,'자전축'은 '지구와 같은 천체가 스스로 돌 때 중심이 되는 가상의 선.'이라는 뜻입니다.
G5-7f73a436a64e023d,,,,자전축,명사,"[""지구와 같은 천체가 스스로 돌 때 중심이 되는 가상의 선."", ""천체가 다른 천체의 둘레를 돌 때 그리는 길."", ""지구 표면에서 남극과 북극을 잇는 가장 긴 선."", ""태양에서 지구까지의 거리를 나타내는 기준선.""]",1,"{""options"": [""지구와 같은 천체가 스스로 돌 때 중심이 되는 가상의 선."", ""천체가 다른 천체의 둘레를 돌 때 그리는 길."", ""지구 표면에서 남극과 북극을 잇는 가장 긴 선."", ""태양에서 지구까지의 거리를 나타내는 기준선.""]}","{""correct_option"": 1}",,"[{""flag"": ""NIKL_GRADE5_L3_BATCH2_ADMIN_PREVIEW"", ""source_version_isolation"": ""source_version deliberately set to nikl_grade5_l3_batch2_v1 (not 2.1.29, not nikl_grade5_l3_batch1_v1, not any existing pilot source_version) so this batch is structurally excluded from general/level-mode selection and every other batch/pilot - admin preview only"", ""human_level_judgment"": ""L3"", ""human_level_judgment_source"": ""vocabulary_grade5_candidate_judgments(최신 유효 판정)"", ""content_review_status"": ""검수 전(미승인) - vocabulary_publish_reviews류 별도 테이블에만 기록되며 이 레벨 판정과 무관"", ""expert_review_status"": ""검수자 확인 안 됨(자동 1차 초안 - 사람이 직접 작성했지만 공식 승인 절차 거치지 않음)"", ""auto_validation_status"": ""PASS"", ""auto_validation_notes"": ""이상 없음"", ""auto_validation_report"": ""reports/nikl_grade5_l3_batch2_dryrun_20261007.md 참고"", ""generator_version"": ""nikl_grade5_l3_batch2_dryrun_v1"", ""distractor_design_version"": ""v2 기준 처음부터 적용(2026-10-07) - 1차 v2에서 검수된 의미 분야 근접 오답 설계 기준을 신규 작성 시점부터 적용, 배치 내 무작위 재사용(v1 방식) 미사용"", ""wrong_option_reasons"": [{""option_text"": ""천체가 다른 천체의 둘레를 돌 때 그리는 길."", ""confusion_point"": ""유사 천문 개념(공전 궤도)"", ""reason"": ""'스스로 도는(자전) 중심축'이 아니라 '다른 천체 둘레를 도는(공전) 길'이라는 점이 다름.""}, {""option_text"": ""지구 표면에서 남극과 북극을 잇는 가장 긴 선."", ""confusion_point"": ""비슷한 범주(지리 선)"", ""reason"": ""'천체가 도는 중심'이 아니라 '지구 표면에 그은 선'이라는 점이 다름.""}, {""option_text"": ""태양에서 지구까지의 거리를 나타내는 기준선."", ""confusion_point"": ""비슷한 범주(천문 거리 기준)"", ""reason"": ""'자전의 중심축'이 아니라 '거리를 재는 기준'이라는 점이 다름.""}], ""key_clue"": ""'천체가 자전할 때' + '중심이 되는 축' - 스스로 도는 운동의 중심선이라는 점."", ""admin_only_note"": ""wrong_option_reasons/key_clue는 검수 화면(관리자)에만 노출 - 응시 화면(제출 전)에는 노출하지 않음""}]",nikl_grade5_l3_batch2_dryrun_v1,nikl_grade5_l3_batch2_v1,MF_G5L3B2_C_G5-7f73a436a64e023d,CONTEXT_MEANING,"다음 문장에서 표시된 낱말의 뜻으로 가장 알맞은 것은?

지구는 【자전축】이 23.5도 기울어진 채로 돈다.",문장 속 '자전축'은 '지구와 같은 천체가 스스로 돌 때 중심이 되는 가상의 선.'을 뜻합니다.
G5-7d4953428e8c29c6,,,,자질구레하다,형용사,"[""크고 중요해서 신경을 많이 써야 하다."", ""종류가 한 가지뿐이라 단순하고 간단하다."", ""보기만 해도 아름답고 정교하게 잘 만들어지다."", ""여러 가지가 다 작고 하찮아서 별로 중요하지 않다.""]",4,"{""options"": [""크고 중요해서 신경을 많이 써야 하다."", ""종류가 한 가지뿐이라 단순하고 간단하다."", ""보기만 해도 아름답고 정교하게 잘 만들어지다."", ""여러 가지가 다 작고 하찮아서 별로 중요하지 않다.""]}","{""correct_option"": 4}",,"[{""flag"": ""NIKL_GRADE5_L3_BATCH2_ADMIN_PREVIEW"", ""source_version_isolation"": ""source_version deliberately set to nikl_grade5_l3_batch2_v1 (not 2.1.29, not nikl_grade5_l3_batch1_v1, not any existing pilot source_version) so this batch is structurally excluded from general/level-mode selection and every other batch/pilot - admin preview only"", ""human_level_judgment"": ""L3"", ""human_level_judgment_source"": ""vocabulary_grade5_candidate_judgments(최신 유효 판정)"", ""content_review_status"": ""검수 전(미승인) - vocabulary_publish_reviews류 별도 테이블에만 기록되며 이 레벨 판정과 무관"", ""expert_review_status"": ""검수자 확인 안 됨(자동 1차 초안 - 사람이 직접 작성했지만 공식 승인 절차 거치지 않음)"", ""auto_validation_status"": ""PASS"", ""auto_validation_notes"": ""이상 없음"", ""auto_validation_report"": ""reports/nikl_grade5_l3_batch2_dryrun_20261007.md 참고"", ""generator_version"": ""nikl_grade5_l3_batch2_dryrun_v1"", ""distractor_design_version"": ""v2 기준 처음부터 적용(2026-10-07) - 1차 v2에서 검수된 의미 분야 근접 오답 설계 기준을 신규 작성 시점부터 적용, 배치 내 무작위 재사용(v1 방식) 미사용"", ""wrong_option_reasons"": [{""option_text"": ""크고 중요해서 신경을 많이 써야 하다."", ""confusion_point"": ""반대 개념(중대하다)"", ""reason"": ""'작고 하찮음'이 아니라 '크고 중요함'이라는 반대 뜻.""}, {""option_text"": ""종류가 한 가지뿐이라 단순하고 간단하다."", ""confusion_point"": ""비슷한 범주(단순함)"", ""reason"": ""'여러 가지가 다 작고 하찮음'이 아니라 '한 가지뿐이라 간단함'이라는 점이 다름.""}, {""option_text"": ""보기만 해도 아름답고 정교하게 잘 만들어지다."", ""confusion_point"": ""비슷한 범주(정교함)"", ""reason"": ""'하찮고 시시함'이 아니라 '아름답고 정교함'이라는 점이 다름.""}], ""key_clue"": ""'여럿이 다 잘고' + '시시하여 대수롭지 않음' - 작고 하찮은 것들이 많다는 점."", ""admin_only_note"": ""wrong_option_reasons/key_clue는 검수 화면(관리자)에만 노출 - 응시 화면(제출 전)에는 노출하지 않음""}]",nikl_grade5_l3_batch2_dryrun_v1,nikl_grade5_l3_batch2_v1,MF_G5L3B2_M_G5-7d4953428e8c29c6,MEANING_CHOICE,'자질구레하다'의 뜻으로 가장 알맞은 것은?,'자질구레하다'는 '여러 가지가 다 작고 하찮아서 별로 중요하지 않다.'라는 뜻입니다.
G5-7d4953428e8c29c6,,,,자질구레하다,형용사,"[""크고 중요해서 신경을 많이 써야 하다."", ""종류가 한 가지뿐이라 단순하고 간단하다."", ""보기만 해도 아름답고 정교하게 잘 만들어지다."", ""여러 가지가 다 작고 하찮아서 별로 중요하지 않다.""]",4,"{""options"": [""크고 중요해서 신경을 많이 써야 하다."", ""종류가 한 가지뿐이라 단순하고 간단하다."", ""보기만 해도 아름답고 정교하게 잘 만들어지다."", ""여러 가지가 다 작고 하찮아서 별로 중요하지 않다.""]}","{""correct_option"": 4}",,"[{""flag"": ""NIKL_GRADE5_L3_BATCH2_ADMIN_PREVIEW"", ""source_version_isolation"": ""source_version deliberately set to nikl_grade5_l3_batch2_v1 (not 2.1.29, not nikl_grade5_l3_batch1_v1, not any existing pilot source_version) so this batch is structurally excluded from general/level-mode selection and every other batch/pilot - admin preview only"", ""human_level_judgment"": ""L3"", ""human_level_judgment_source"": ""vocabulary_grade5_candidate_judgments(최신 유효 판정)"", ""content_review_status"": ""검수 전(미승인) - vocabulary_publish_reviews류 별도 테이블에만 기록되며 이 레벨 판정과 무관"", ""expert_review_status"": ""검수자 확인 안 됨(자동 1차 초안 - 사람이 직접 작성했지만 공식 승인 절차 거치지 않음)"", ""auto_validation_status"": ""PASS"", ""auto_validation_notes"": ""이상 없음"", ""auto_validation_report"": ""reports/nikl_grade5_l3_batch2_dryrun_20261007.md 참고"", ""generator_version"": ""nikl_grade5_l3_batch2_dryrun_v1"", ""distractor_design_version"": ""v2 기준 처음부터 적용(2026-10-07) - 1차 v2에서 검수된 의미 분야 근접 오답 설계 기준을 신규 작성 시점부터 적용, 배치 내 무작위 재사용(v1 방식) 미사용"", ""wrong_option_reasons"": [{""option_text"": ""크고 중요해서 신경을 많이 써야 하다."", ""confusion_point"": ""반대 개념(중대하다)"", ""reason"": ""'작고 하찮음'이 아니라 '크고 중요함'이라는 반대 뜻.""}, {""option_text"": ""종류가 한 가지뿐이라 단순하고 간단하다."", ""confusion_point"": ""비슷한 범주(단순함)"", ""reason"": ""'여러 가지가 다 작고 하찮음'이 아니라 '한 가지뿐이라 간단함'이라는 점이 다름.""}, {""option_text"": ""보기만 해도 아름답고 정교하게 잘 만들어지다."", ""confusion_point"": ""비슷한 범주(정교함)"", ""reason"": ""'하찮고 시시함'이 아니라 '아름답고 정교함'이라는 점이 다름.""}], ""key_clue"": ""'여럿이 다 잘고' + '시시하여 대수롭지 않음' - 작고 하찮은 것들이 많다는 점."", ""admin_only_note"": ""wrong_option_reasons/key_clue는 검수 화면(관리자)에만 노출 - 응시 화면(제출 전)에는 노출하지 않음""}]",nikl_grade5_l3_batch2_dryrun_v1,nikl_grade5_l3_batch2_v1,MF_G5L3B2_C_G5-7d4953428e8c29c6,CONTEXT_MEANING,"다음 문장에서 표시된 낱말의 뜻으로 가장 알맞은 것은?

서랍 속에는 【자질구레한】 물건들이 잔뜩 들어 있었다.",문장 속 '자질구레하다'는 '여러 가지가 다 작고 하찮아서 별로 중요하지 않다.'를 뜻합니다.
G5-2fd478453d644311,,,,자책감,명사,"[""남의 잘못을 따지며 화를 내는 마음."", ""앞으로 좋은 일이 생길 것이라 믿는 밝은 마음."", ""자기 잘못이나 실수를 깊이 뉘우치며 스스로를 탓하는 마음."", ""자신이 이룬 일에 대해 떳떳하고 뿌듯해하는 마음.""]",3,"{""options"": [""남의 잘못을 따지며 화를 내는 마음."", ""앞으로 좋은 일이 생길 것이라 믿는 밝은 마음."", ""자기 잘못이나 실수를 깊이 뉘우치며 스스로를 탓하는 마음."", ""자신이 이룬 일에 대해 떳떳하고 뿌듯해하는 마음.""]}","{""correct_option"": 3}",,"[{""flag"": ""NIKL_GRADE5_L3_BATCH2_ADMIN_PREVIEW"", ""source_version_isolation"": ""source_version deliberately set to nikl_grade5_l3_batch2_v1 (not 2.1.29, not nikl_grade5_l3_batch1_v1, not any existing pilot source_version) so this batch is structurally excluded from general/level-mode selection and every other batch/pilot - admin preview only"", ""human_level_judgment"": ""L3"", ""human_level_judgment_source"": ""vocabulary_grade5_candidate_judgments(최신 유효 판정)"", ""content_review_status"": ""검수 전(미승인) - vocabulary_publish_reviews류 별도 테이블에만 기록되며 이 레벨 판정과 무관"", ""expert_review_status"": ""검수자 확인 안 됨(자동 1차 초안 - 사람이 직접 작성했지만 공식 승인 절차 거치지 않음)"", ""auto_validation_status"": ""PASS"", ""auto_validation_notes"": ""이상 없음"", ""auto_validation_report"": ""reports/nikl_grade5_l3_batch2_dryrun_20261007.md 참고"", ""generator_version"": ""nikl_grade5_l3_batch2_dryrun_v1"", ""distractor_design_version"": ""v2 기준 처음부터 적용(2026-10-07) - 1차 v2에서 검수된 의미 분야 근접 오답 설계 기준을 신규 작성 시점부터 적용, 배치 내 무작위 재사용(v1 방식) 미사용"", ""wrong_option_reasons"": [{""option_text"": ""남의 잘못을 따지며 화를 내는 마음."", ""confusion_point"": ""대상 혼동(남을 탓하는 마음)"", ""reason"": ""'자기 자신을 책망함'이 아니라 '남을 탓하며 화냄'이라는 점이 다름.""}, {""option_text"": ""앞으로 좋은 일이 생길 것이라 믿는 밝은 마음."", ""confusion_point"": ""비슷한 범주(긍정적 감정)"", ""reason"": ""'잘못을 뉘우치는 마음'이 아니라 '좋은 일을 기대하는 밝은 마음'이라는 점이 다름.""}, {""option_text"": ""자신이 이룬 일에 대해 떳떳하고 뿌듯해하는 마음."", ""confusion_point"": ""반대 개념(자부심)"", ""reason"": ""'잘못을 뉘우침'이 아니라 '잘한 일에 뿌듯해함'이라는 반대 뜻.""}], ""key_clue"": ""'자신의 잘못' + '뉘우치고' + '자신을 책망함' - 스스로를 탓하는 마음이라는 점."", ""admin_only_note"": ""wrong_option_reasons/key_clue는 검수 화면(관리자)에만 노출 - 응시 화면(제출 전)에는 노출하지 않음""}]",nikl_grade5_l3_batch2_dryrun_v1,nikl_grade5_l3_batch2_v1,MF_G5L3B2_M_G5-2fd478453d644311,MEANING_CHOICE,'자책감'의 뜻으로 가장 알맞은 것은?,'자책감'은 '자기 잘못이나 실수를 깊이 뉘우치며 스스로를 탓하는 마음.'이라는 뜻입니다.
G5-2fd478453d644311,,,,자책감,명사,"[""남의 잘못을 따지며 화를 내는 마음."", ""앞으로 좋은 일이 생길 것이라 믿는 밝은 마음."", ""자기 잘못이나 실수를 깊이 뉘우치며 스스로를 탓하는 마음."", ""자신이 이룬 일에 대해 떳떳하고 뿌듯해하는 마음.""]",3,"{""options"": [""남의 잘못을 따지며 화를 내는 마음."", ""앞으로 좋은 일이 생길 것이라 믿는 밝은 마음."", ""자기 잘못이나 실수를 깊이 뉘우치며 스스로를 탓하는 마음."", ""자신이 이룬 일에 대해 떳떳하고 뿌듯해하는 마음.""]}","{""correct_option"": 3}",,"[{""flag"": ""NIKL_GRADE5_L3_BATCH2_ADMIN_PREVIEW"", ""source_version_isolation"": ""source_version deliberately set to nikl_grade5_l3_batch2_v1 (not 2.1.29, not nikl_grade5_l3_batch1_v1, not any existing pilot source_version) so this batch is structurally excluded from general/level-mode selection and every other batch/pilot - admin preview only"", ""human_level_judgment"": ""L3"", ""human_level_judgment_source"": ""vocabulary_grade5_candidate_judgments(최신 유효 판정)"", ""content_review_status"": ""검수 전(미승인) - vocabulary_publish_reviews류 별도 테이블에만 기록되며 이 레벨 판정과 무관"", ""expert_review_status"": ""검수자 확인 안 됨(자동 1차 초안 - 사람이 직접 작성했지만 공식 승인 절차 거치지 않음)"", ""auto_validation_status"": ""PASS"", ""auto_validation_notes"": ""이상 없음"", ""auto_validation_report"": ""reports/nikl_grade5_l3_batch2_dryrun_20261007.md 참고"", ""generator_version"": ""nikl_grade5_l3_batch2_dryrun_v1"", ""distractor_design_version"": ""v2 기준 처음부터 적용(2026-10-07) - 1차 v2에서 검수된 의미 분야 근접 오답 설계 기준을 신규 작성 시점부터 적용, 배치 내 무작위 재사용(v1 방식) 미사용"", ""wrong_option_reasons"": [{""option_text"": ""남의 잘못을 따지며 화를 내는 마음."", ""confusion_point"": ""대상 혼동(남을 탓하는 마음)"", ""reason"": ""'자기 자신을 책망함'이 아니라 '남을 탓하며 화냄'이라는 점이 다름.""}, {""option_text"": ""앞으로 좋은 일이 생길 것이라 믿는 밝은 마음."", ""confusion_point"": ""비슷한 범주(긍정적 감정)"", ""reason"": ""'잘못을 뉘우치는 마음'이 아니라 '좋은 일을 기대하는 밝은 마음'이라는 점이 다름.""}, {""option_text"": ""자신이 이룬 일에 대해 떳떳하고 뿌듯해하는 마음."", ""confusion_point"": ""반대 개념(자부심)"", ""reason"": ""'잘못을 뉘우침'이 아니라 '잘한 일에 뿌듯해함'이라는 반대 뜻.""}], ""key_clue"": ""'자신의 잘못' + '뉘우치고' + '자신을 책망함' - 스스로를 탓하는 마음이라는 점."", ""admin_only_note"": ""wrong_option_reasons/key_clue는 검수 화면(관리자)에만 노출 - 응시 화면(제출 전)에는 노출하지 않음""}]",nikl_grade5_l3_batch2_dryrun_v1,nikl_grade5_l3_batch2_v1,MF_G5L3B2_C_G5-2fd478453d644311,CONTEXT_MEANING,"다음 문장에서 표시된 낱말의 뜻으로 가장 알맞은 것은?

그는 약속을 지키지 못한 것에 대해 깊은 【자책감】을 느꼈다.",문장 속 '자책감'은 '자기 잘못이나 실수를 깊이 뉘우치며 스스로를 탓하는 마음.'을 뜻합니다.
G5-41d7d493497694bb,,,,조달,명사,"[""쓰고 남은 돈이나 물건을 따로 모아 둠."", ""가지고 있던 돈이나 물건을 다른 사람에게 거저 줌."", ""필요한 돈이나 물건을 구하여 마련해 줌."", ""값을 깎아서 더 싸게 사거나 팔게 함.""]",3,"{""options"": [""쓰고 남은 돈이나 물건을 따로 모아 둠."", ""가지고 있던 돈이나 물건을 다른 사람에게 거저 줌."", ""필요한 돈이나 물건을 구하여 마련해 줌."", ""값을 깎아서 더 싸게 사거나 팔게 함.""]}","{""correct_option"": 3}",,"[{""flag"": ""NIKL_GRADE5_L3_BATCH2_ADMIN_PREVIEW"", ""source_version_isolation"": ""source_version deliberately set to nikl_grade5_l3_batch2_v1 (not 2.1.29, not nikl_grade5_l3_batch1_v1, not any existing pilot source_version) so this batch is structurally excluded from general/level-mode selection and every other batch/pilot - admin preview only"", ""human_level_judgment"": ""L3"", ""human_level_judgment_source"": ""vocabulary_grade5_candidate_judgments(최신 유효 판정)"", ""content_review_status"": ""검수 전(미승인) - vocabulary_publish_reviews류 별도 테이블에만 기록되며 이 레벨 판정과 무관"", ""expert_review_status"": ""검수자 확인 안 됨(자동 1차 초안 - 사람이 직접 작성했지만 공식 승인 절차 거치지 않음)"", ""auto_validation_status"": ""PASS"", ""auto_validation_notes"": ""이상 없음"", ""auto_validation_report"": ""reports/nikl_grade5_l3_batch2_dryrun_20261007.md 참고"", ""generator_version"": ""nikl_grade5_l3_batch2_dryrun_v1"", ""distractor_design_version"": ""v2 기준 처음부터 적용(2026-10-07) - 1차 v2에서 검수된 의미 분야 근접 오답 설계 기준을 신규 작성 시점부터 적용, 배치 내 무작위 재사용(v1 방식) 미사용"", ""wrong_option_reasons"": [{""option_text"": ""쓰고 남은 돈이나 물건을 따로 모아 둠."", ""confusion_point"": ""유사 경제 개념(저축)"", ""reason"": ""'필요한 것을 구해서 대어 줌'이 아니라 '쓰고 남은 것을 모아 둠'이라는 점이 다름.""}, {""option_text"": ""가지고 있던 돈이나 물건을 다른 사람에게 거저 줌."", ""confusion_point"": ""유사 경제 활동(기부)"", ""reason"": ""'필요에 따라 구해 마련해 줌'이 아니라 '대가 없이 거저 줌'이라는 점이 다름.""}, {""option_text"": ""값을 깎아서 더 싸게 사거나 팔게 함."", ""confusion_point"": ""비슷한 범주(가격 조정)"", ""reason"": ""'자금·물자를 구해 마련함'이 아니라 '값을 깎는 것'이라는 점이 다름.""}], ""key_clue"": ""'자금이나 물자를' + '대어 줌' - 필요한 것을 구해서 마련해 준다는 점."", ""admin_only_note"": ""wrong_option_reasons/key_clue는 검수 화면(관리자)에만 노출 - 응시 화면(제출 전)에는 노출하지 않음""}]",nikl_grade5_l3_batch2_dryrun_v1,nikl_grade5_l3_batch2_v1,MF_G5L3B2_M_G5-41d7d493497694bb,MEANING_CHOICE,'조달'의 뜻으로 가장 알맞은 것은?,'조달'은 '필요한 돈이나 물건을 구하여 마련해 줌.'이라는 뜻입니다.
G5-41d7d493497694bb,,,,조달,명사,"[""쓰고 남은 돈이나 물건을 따로 모아 둠."", ""가지고 있던 돈이나 물건을 다른 사람에게 거저 줌."", ""필요한 돈이나 물건을 구하여 마련해 줌."", ""값을 깎아서 더 싸게 사거나 팔게 함.""]",3,"{""options"": [""쓰고 남은 돈이나 물건을 따로 모아 둠."", ""가지고 있던 돈이나 물건을 다른 사람에게 거저 줌."", ""필요한 돈이나 물건을 구하여 마련해 줌."", ""값을 깎아서 더 싸게 사거나 팔게 함.""]}","{""correct_option"": 3}",,"[{""flag"": ""NIKL_GRADE5_L3_BATCH2_ADMIN_PREVIEW"", ""source_version_isolation"": ""source_version deliberately set to nikl_grade5_l3_batch2_v1 (not 2.1.29, not nikl_grade5_l3_batch1_v1, not any existing pilot source_version) so this batch is structurally excluded from general/level-mode selection and every other batch/pilot - admin preview only"", ""human_level_judgment"": ""L3"", ""human_level_judgment_source"": ""vocabulary_grade5_candidate_judgments(최신 유효 판정)"", ""content_review_status"": ""검수 전(미승인) - vocabulary_publish_reviews류 별도 테이블에만 기록되며 이 레벨 판정과 무관"", ""expert_review_status"": ""검수자 확인 안 됨(자동 1차 초안 - 사람이 직접 작성했지만 공식 승인 절차 거치지 않음)"", ""auto_validation_status"": ""PASS"", ""auto_validation_notes"": ""이상 없음"", ""auto_validation_report"": ""reports/nikl_grade5_l3_batch2_dryrun_20261007.md 참고"", ""generator_version"": ""nikl_grade5_l3_batch2_dryrun_v1"", ""distractor_design_version"": ""v2 기준 처음부터 적용(2026-10-07) - 1차 v2에서 검수된 의미 분야 근접 오답 설계 기준을 신규 작성 시점부터 적용, 배치 내 무작위 재사용(v1 방식) 미사용"", ""wrong_option_reasons"": [{""option_text"": ""쓰고 남은 돈이나 물건을 따로 모아 둠."", ""confusion_point"": ""유사 경제 개념(저축)"", ""reason"": ""'필요한 것을 구해서 대어 줌'이 아니라 '쓰고 남은 것을 모아 둠'이라는 점이 다름.""}, {""option_text"": ""가지고 있던 돈이나 물건을 다른 사람에게 거저 줌."", ""confusion_point"": ""유사 경제 활동(기부)"", ""reason"": ""'필요에 따라 구해 마련해 줌'이 아니라 '대가 없이 거저 줌'이라는 점이 다름.""}, {""option_text"": ""값을 깎아서 더 싸게 사거나 팔게 함."", ""confusion_point"": ""비슷한 범주(가격 조정)"", ""reason"": ""'자금·물자를 구해 마련함'이 아니라 '값을 깎는 것'이라는 점이 다름.""}], ""key_clue"": ""'자금이나 물자를' + '대어 줌' - 필요한 것을 구해서 마련해 준다는 점."", ""admin_only_note"": ""wrong_option_reasons/key_clue는 검수 화면(관리자)에만 노출 - 응시 화면(제출 전)에는 노출하지 않음""}]",nikl_grade5_l3_batch2_dryrun_v1,nikl_grade5_l3_batch2_v1,MF_G5L3B2_C_G5-41d7d493497694bb,CONTEXT_MEANING,"다음 문장에서 표시된 낱말의 뜻으로 가장 알맞은 것은?

회사는 새로운 공장을 짓기 위한 자금 【조달】 방법을 고민했다.",문장 속 '조달'은 '필요한 돈이나 물건을 구하여 마련해 줌.'을 뜻합니다.
G5-9407574f98d8223a,,,,종잡다,동사,"[""분명한 증거를 가지고 확실하게 밝혀내다."", ""대강 짐작하여 알아내다."", ""여러 사람의 말을 그대로 옮겨 전하다."", ""일이 벌어지기 전에 미리 대비하여 준비하다.""]",2,"{""options"": [""분명한 증거를 가지고 확실하게 밝혀내다."", ""대강 짐작하여 알아내다."", ""여러 사람의 말을 그대로 옮겨 전하다."", ""일이 벌어지기 전에 미리 대비하여 준비하다.""]}","{""correct_option"": 2}",,"[{""flag"": ""NIKL_GRADE5_L3_BATCH2_ADMIN_PREVIEW"", ""source_version_isolation"": ""source_version deliberately set to nikl_grade5_l3_batch2_v1 (not 2.1.29, not nikl_grade5_l3_batch1_v1, not any existing pilot source_version) so this batch is structurally excluded from general/level-mode selection and every other batch/pilot - admin preview only"", ""human_level_judgment"": ""L3"", ""human_level_judgment_source"": ""vocabulary_grade5_candidate_judgments(최신 유효 판정)"", ""content_review_status"": ""검수 전(미승인) - vocabulary_publish_reviews류 별도 테이블에만 기록되며 이 레벨 판정과 무관"", ""expert_review_status"": ""검수자 확인 안 됨(자동 1차 초안 - 사람이 직접 작성했지만 공식 승인 절차 거치지 않음)"", ""auto_validation_status"": ""PASS"", ""auto_validation_notes"": ""이상 없음"", ""auto_validation_report"": ""reports/nikl_grade5_l3_batch2_dryrun_20261007.md 참고"", ""generator_version"": ""nikl_grade5_l3_batch2_dryrun_v1"", ""distractor_design_version"": ""v2 기준 처음부터 적용(2026-10-07) - 1차 v2에서 검수된 의미 분야 근접 오답 설계 기준을 신규 작성 시점부터 적용, 배치 내 무작위 재사용(v1 방식) 미사용"", ""wrong_option_reasons"": [{""option_text"": ""분명한 증거를 가지고 확실하게 밝혀내다."", ""confusion_point"": ""반대 개념(확실하게 밝힘)"", ""reason"": ""'대강 짐작해 헤아림'이 아니라 '확실한 증거로 밝힘'이라는 반대 뜻.""}, {""option_text"": ""여러 사람의 말을 그대로 옮겨 전하다."", ""confusion_point"": ""비슷한 범주(말 전달)"", ""reason"": ""'짐작해서 헤아림'이 아니라 '들은 말을 그대로 옮김'이라는 점이 다름.""}, {""option_text"": ""일이 벌어지기 전에 미리 대비하여 준비하다."", ""confusion_point"": ""비슷한 범주(미리 준비함)"", ""reason"": ""'짐작하여 알아냄'이 아니라 '미리 준비함'이라는 점이 다름.""}], ""key_clue"": ""'대중으로' + '헤아려 잡음' - 정확하지 않게 대강 짐작한다는 점(주로 '종잡을 수 없다'로 쓰임)."", ""admin_only_note"": ""wrong_option_reasons/key_clue는 검수 화면(관리자)에만 노출 - 응시 화면(제출 전)에는 노출하지 않음""}]",nikl_grade5_l3_batch2_dryrun_v1,nikl_grade5_l3_batch2_v1,MF_G5L3B2_M_G5-9407574f98d8223a,MEANING_CHOICE,'종잡다'의 뜻으로 가장 알맞은 것은?,'종잡다'는 '대강 짐작하여 알아내다.'라는 뜻입니다.
G5-9407574f98d8223a,,,,종잡다,동사,"[""분명한 증거를 가지고 확실하게 밝혀내다."", ""대강 짐작하여 알아내다."", ""여러 사람의 말을 그대로 옮겨 전하다."", ""일이 벌어지기 전에 미리 대비하여 준비하다.""]",2,"{""options"": [""분명한 증거를 가지고 확실하게 밝혀내다."", ""대강 짐작하여 알아내다."", ""여러 사람의 말을 그대로 옮겨 전하다."", ""일이 벌어지기 전에 미리 대비하여 준비하다.""]}","{""correct_option"": 2}",,"[{""flag"": ""NIKL_GRADE5_L3_BATCH2_ADMIN_PREVIEW"", ""source_version_isolation"": ""source_version deliberately set to nikl_grade5_l3_batch2_v1 (not 2.1.29, not nikl_grade5_l3_batch1_v1, not any existing pilot source_version) so this batch is structurally excluded from general/level-mode selection and every other batch/pilot - admin preview only"", ""human_level_judgment"": ""L3"", ""human_level_judgment_source"": ""vocabulary_grade5_candidate_judgments(최신 유효 판정)"", ""content_review_status"": ""검수 전(미승인) - vocabulary_publish_reviews류 별도 테이블에만 기록되며 이 레벨 판정과 무관"", ""expert_review_status"": ""검수자 확인 안 됨(자동 1차 초안 - 사람이 직접 작성했지만 공식 승인 절차 거치지 않음)"", ""auto_validation_status"": ""PASS"", ""auto_validation_notes"": ""이상 없음"", ""auto_validation_report"": ""reports/nikl_grade5_l3_batch2_dryrun_20261007.md 참고"", ""generator_version"": ""nikl_grade5_l3_batch2_dryrun_v1"", ""distractor_design_version"": ""v2 기준 처음부터 적용(2026-10-07) - 1차 v2에서 검수된 의미 분야 근접 오답 설계 기준을 신규 작성 시점부터 적용, 배치 내 무작위 재사용(v1 방식) 미사용"", ""wrong_option_reasons"": [{""option_text"": ""분명한 증거를 가지고 확실하게 밝혀내다."", ""confusion_point"": ""반대 개념(확실하게 밝힘)"", ""reason"": ""'대강 짐작해 헤아림'이 아니라 '확실한 증거로 밝힘'이라는 반대 뜻.""}, {""option_text"": ""여러 사람의 말을 그대로 옮겨 전하다."", ""confusion_point"": ""비슷한 범주(말 전달)"", ""reason"": ""'짐작해서 헤아림'이 아니라 '들은 말을 그대로 옮김'이라는 점이 다름.""}, {""option_text"": ""일이 벌어지기 전에 미리 대비하여 준비하다."", ""confusion_point"": ""비슷한 범주(미리 준비함)"", ""reason"": ""'짐작하여 알아냄'이 아니라 '미리 준비함'이라는 점이 다름.""}], ""key_clue"": ""'대중으로' + '헤아려 잡음' - 정확하지 않게 대강 짐작한다는 점(주로 '종잡을 수 없다'로 쓰임)."", ""admin_only_note"": ""wrong_option_reasons/key_clue는 검수 화면(관리자)에만 노출 - 응시 화면(제출 전)에는 노출하지 않음""}]",nikl_grade5_l3_batch2_dryrun_v1,nikl_grade5_l3_batch2_v1,MF_G5L3B2_C_G5-9407574f98d8223a,CONTEXT_MEANING,"다음 문장에서 표시된 낱말의 뜻으로 가장 알맞은 것은?

그의 속마음을 도무지 【종잡을】 수가 없었다.",문장 속 '종잡다'는 '대강 짐작하여 알아내다.'를 뜻합니다.
G5-298c9f8edb0f38fe,,,,중심각,명사,"[""원의 중심에서 두 반지름이 만나 이루는 각."", ""원 위의 한 점에서 그은 두 현이 만드는 각."", ""삼각형의 세 각의 크기를 모두 더한 값."", ""원의 가장자리를 둘러싼 선의 길이.""]",1,"{""options"": [""원의 중심에서 두 반지름이 만나 이루는 각."", ""원 위의 한 점에서 그은 두 현이 만드는 각."", ""삼각형의 세 각의 크기를 모두 더한 값."", ""원의 가장자리를 둘러싼 선의 길이.""]}","{""correct_option"": 1}",,"[{""flag"": ""NIKL_GRADE5_L3_BATCH2_ADMIN_PREVIEW"", ""source_version_isolation"": ""source_version deliberately set to nikl_grade5_l3_batch2_v1 (not 2.1.29, not nikl_grade5_l3_batch1_v1, not any existing pilot source_version) so this batch is structurally excluded from general/level-mode selection and every other batch/pilot - admin preview only"", ""human_level_judgment"": ""L3"", ""human_level_judgment_source"": ""vocabulary_grade5_candidate_judgments(최신 유효 판정)"", ""content_review_status"": ""검수 전(미승인) - vocabulary_publish_reviews류 별도 테이블에만 기록되며 이 레벨 판정과 무관"", ""expert_review_status"": ""검수자 확인 안 됨(자동 1차 초안 - 사람이 직접 작성했지만 공식 승인 절차 거치지 않음)"", ""auto_validation_status"": ""PASS"", ""auto_validation_notes"": ""이상 없음"", ""auto_validation_report"": ""reports/nikl_grade5_l3_batch2_dryrun_20261007.md 참고"", ""generator_version"": ""nikl_grade5_l3_batch2_dryrun_v1"", ""distractor_design_version"": ""v2 기준 처음부터 적용(2026-10-07) - 1차 v2에서 검수된 의미 분야 근접 오답 설계 기준을 신규 작성 시점부터 적용, 배치 내 무작위 재사용(v1 방식) 미사용"", ""wrong_option_reasons"": [{""option_text"": ""원 위의 한 점에서 그은 두 현이 만드는 각."", ""confusion_point"": ""유사 수학 개념(원주각)"", ""reason"": ""'원의 중심'에서 만들어지는 각이 아니라 '원 위의 한 점'에서 만들어지는 각이라는 점이 다름.""}, {""option_text"": ""삼각형의 세 각의 크기를 모두 더한 값."", ""confusion_point"": ""비슷한 범주(각의 합)"", ""reason"": ""'두 반지름이 이루는 하나의 각'이 아니라 '세 각을 더한 값'이라는 점이 다름.""}, {""option_text"": ""원의 가장자리를 둘러싼 선의 길이."", ""confusion_point"": ""비슷한 범주(원의 둘레)"", ""reason"": ""'각의 크기'가 아니라 '선의 길이'를 나타낸다는 점이 다름.""}], ""key_clue"": ""'원의 두 반지름이' + '만드는 각' - 원의 중심에서 이루어지는 각이라는 점."", ""admin_only_note"": ""wrong_option_reasons/key_clue는 검수 화면(관리자)에만 노출 - 응시 화면(제출 전)에는 노출하지 않음""}]",nikl_grade5_l3_batch2_dryrun_v1,nikl_grade5_l3_batch2_v1,MF_G5L3B2_M_G5-298c9f8edb0f38fe,MEANING_CHOICE,'중심각'의 뜻으로 가장 알맞은 것은?,'중심각'은 '원의 중심에서 두 반지름이 만나 이루는 각.'이라는 뜻입니다.
G5-298c9f8edb0f38fe,,,,중심각,명사,"[""원의 중심에서 두 반지름이 만나 이루는 각."", ""원 위의 한 점에서 그은 두 현이 만드는 각."", ""삼각형의 세 각의 크기를 모두 더한 값."", ""원의 가장자리를 둘러싼 선의 길이.""]",1,"{""options"": [""원의 중심에서 두 반지름이 만나 이루는 각."", ""원 위의 한 점에서 그은 두 현이 만드는 각."", ""삼각형의 세 각의 크기를 모두 더한 값."", ""원의 가장자리를 둘러싼 선의 길이.""]}","{""correct_option"": 1}",,"[{""flag"": ""NIKL_GRADE5_L3_BATCH2_ADMIN_PREVIEW"", ""source_version_isolation"": ""source_version deliberately set to nikl_grade5_l3_batch2_v1 (not 2.1.29, not nikl_grade5_l3_batch1_v1, not any existing pilot source_version) so this batch is structurally excluded from general/level-mode selection and every other batch/pilot - admin preview only"", ""human_level_judgment"": ""L3"", ""human_level_judgment_source"": ""vocabulary_grade5_candidate_judgments(최신 유효 판정)"", ""content_review_status"": ""검수 전(미승인) - vocabulary_publish_reviews류 별도 테이블에만 기록되며 이 레벨 판정과 무관"", ""expert_review_status"": ""검수자 확인 안 됨(자동 1차 초안 - 사람이 직접 작성했지만 공식 승인 절차 거치지 않음)"", ""auto_validation_status"": ""PASS"", ""auto_validation_notes"": ""이상 없음"", ""auto_validation_report"": ""reports/nikl_grade5_l3_batch2_dryrun_20261007.md 참고"", ""generator_version"": ""nikl_grade5_l3_batch2_dryrun_v1"", ""distractor_design_version"": ""v2 기준 처음부터 적용(2026-10-07) - 1차 v2에서 검수된 의미 분야 근접 오답 설계 기준을 신규 작성 시점부터 적용, 배치 내 무작위 재사용(v1 방식) 미사용"", ""wrong_option_reasons"": [{""option_text"": ""원 위의 한 점에서 그은 두 현이 만드는 각."", ""confusion_point"": ""유사 수학 개념(원주각)"", ""reason"": ""'원의 중심'에서 만들어지는 각이 아니라 '원 위의 한 점'에서 만들어지는 각이라는 점이 다름.""}, {""option_text"": ""삼각형의 세 각의 크기를 모두 더한 값."", ""confusion_point"": ""비슷한 범주(각의 합)"", ""reason"": ""'두 반지름이 이루는 하나의 각'이 아니라 '세 각을 더한 값'이라는 점이 다름.""}, {""option_text"": ""원의 가장자리를 둘러싼 선의 길이."", ""confusion_point"": ""비슷한 범주(원의 둘레)"", ""reason"": ""'각의 크기'가 아니라 '선의 길이'를 나타낸다는 점이 다름.""}], ""key_clue"": ""'원의 두 반지름이' + '만드는 각' - 원의 중심에서 이루어지는 각이라는 점."", ""admin_only_note"": ""wrong_option_reasons/key_clue는 검수 화면(관리자)에만 노출 - 응시 화면(제출 전)에는 노출하지 않음""}]",nikl_grade5_l3_batch2_dryrun_v1,nikl_grade5_l3_batch2_v1,MF_G5L3B2_C_G5-298c9f8edb0f38fe,CONTEXT_MEANING,"다음 문장에서 표시된 낱말의 뜻으로 가장 알맞은 것은?

부채꼴의 【중심각】이 90도이면 그 부채꼴은 원의 4분의 1이다.",문장 속 '중심각'은 '원의 중심에서 두 반지름이 만나 이루는 각.'을 뜻합니다.
G5-a1d45cd61a3f5e0b,,,,지근지근,부사,"[""몸이 가볍고 상쾌하게 느껴지는 모양."", ""머리가 자꾸 쑤시듯이 아픈 모양."", ""심장이 매우 빠르고 세게 뛰는 모양."", ""졸음이 와서 눈이 자꾸 감기는 모양.""]",2,"{""options"": [""몸이 가볍고 상쾌하게 느껴지는 모양."", ""머리가 자꾸 쑤시듯이 아픈 모양."", ""심장이 매우 빠르고 세게 뛰는 모양."", ""졸음이 와서 눈이 자꾸 감기는 모양.""]}","{""correct_option"": 2}",,"[{""flag"": ""NIKL_GRADE5_L3_BATCH2_ADMIN_PREVIEW"", ""source_version_isolation"": ""source_version deliberately set to nikl_grade5_l3_batch2_v1 (not 2.1.29, not nikl_grade5_l3_batch1_v1, not any existing pilot source_version) so this batch is structurally excluded from general/level-mode selection and every other batch/pilot - admin preview only"", ""human_level_judgment"": ""L3"", ""human_level_judgment_source"": ""vocabulary_grade5_candidate_judgments(최신 유효 판정)"", ""content_review_status"": ""검수 전(미승인) - vocabulary_publish_reviews류 별도 테이블에만 기록되며 이 레벨 판정과 무관"", ""expert_review_status"": ""검수자 확인 안 됨(자동 1차 초안 - 사람이 직접 작성했지만 공식 승인 절차 거치지 않음)"", ""auto_validation_status"": ""PASS"", ""auto_validation_notes"": ""이상 없음"", ""auto_validation_report"": ""reports/nikl_grade5_l3_batch2_dryrun_20261007.md 참고"", ""generator_version"": ""nikl_grade5_l3_batch2_dryrun_v1"", ""distractor_design_version"": ""v2 기준 처음부터 적용(2026-10-07) - 1차 v2에서 검수된 의미 분야 근접 오답 설계 기준을 신규 작성 시점부터 적용, 배치 내 무작위 재사용(v1 방식) 미사용"", ""wrong_option_reasons"": [{""option_text"": ""몸이 가볍고 상쾌하게 느껴지는 모양."", ""confusion_point"": ""반대 느낌(상쾌함)"", ""reason"": ""'자꾸 쑤시듯 아픔'이 아니라 '가볍고 상쾌함'이라는 반대 느낌.""}, {""option_text"": ""심장이 매우 빠르고 세게 뛰는 모양."", ""confusion_point"": ""유사 신체 감각 표현(두근두근)"", ""reason"": ""'머리가 쑤시듯 아픔'이 아니라 '심장이 빠르게 뜀'을 나타내는 말이라는 점이 다름.""}, {""option_text"": ""졸음이 와서 눈이 자꾸 감기는 모양."", ""confusion_point"": ""비슷한 범주(신체 상태를 나타내는 부사)"", ""reason"": ""'머리가 아픈 느낌'이 아니라 '졸려서 눈이 감기는 모습'을 나타낸다는 점이 다름.""}], ""key_clue"": ""'머리가' + '자꾸 쑤시듯' + '아픈 모양' - 머리가 계속 욱신거리는 통증을 나타낸다는 점."", ""admin_only_note"": ""wrong_option_reasons/key_clue는 검수 화면(관리자)에만 노출 - 응시 화면(제출 전)에는 노출하지 않음""}]",nikl_grade5_l3_batch2_dryrun_v1,nikl_grade5_l3_batch2_v1,MF_G5L3B2_M_G5-a1d45cd61a3f5e0b,MEANING_CHOICE,'지근지근'의 뜻으로 가장 알맞은 것은?,'지근지근'은 '머리가 자꾸 쑤시듯이 아픈 모양.'이라는 뜻입니다.
G5-a1d45cd61a3f5e0b,,,,지근지근,부사,"[""몸이 가볍고 상쾌하게 느껴지는 모양."", ""머리가 자꾸 쑤시듯이 아픈 모양."", ""심장이 매우 빠르고 세게 뛰는 모양."", ""졸음이 와서 눈이 자꾸 감기는 모양.""]",2,"{""options"": [""몸이 가볍고 상쾌하게 느껴지는 모양."", ""머리가 자꾸 쑤시듯이 아픈 모양."", ""심장이 매우 빠르고 세게 뛰는 모양."", ""졸음이 와서 눈이 자꾸 감기는 모양.""]}","{""correct_option"": 2}",,"[{""flag"": ""NIKL_GRADE5_L3_BATCH2_ADMIN_PREVIEW"", ""source_version_isolation"": ""source_version deliberately set to nikl_grade5_l3_batch2_v1 (not 2.1.29, not nikl_grade5_l3_batch1_v1, not any existing pilot source_version) so this batch is structurally excluded from general/level-mode selection and every other batch/pilot - admin preview only"", ""human_level_judgment"": ""L3"", ""human_level_judgment_source"": ""vocabulary_grade5_candidate_judgments(최신 유효 판정)"", ""content_review_status"": ""검수 전(미승인) - vocabulary_publish_reviews류 별도 테이블에만 기록되며 이 레벨 판정과 무관"", ""expert_review_status"": ""검수자 확인 안 됨(자동 1차 초안 - 사람이 직접 작성했지만 공식 승인 절차 거치지 않음)"", ""auto_validation_status"": ""PASS"", ""auto_validation_notes"": ""이상 없음"", ""auto_validation_report"": ""reports/nikl_grade5_l3_batch2_dryrun_20261007.md 참고"", ""generator_version"": ""nikl_grade5_l3_batch2_dryrun_v1"", ""distractor_design_version"": ""v2 기준 처음부터 적용(2026-10-07) - 1차 v2에서 검수된 의미 분야 근접 오답 설계 기준을 신규 작성 시점부터 적용, 배치 내 무작위 재사용(v1 방식) 미사용"", ""wrong_option_reasons"": [{""option_text"": ""몸이 가볍고 상쾌하게 느껴지는 모양."", ""confusion_point"": ""반대 느낌(상쾌함)"", ""reason"": ""'자꾸 쑤시듯 아픔'이 아니라 '가볍고 상쾌함'이라는 반대 느낌.""}, {""option_text"": ""심장이 매우 빠르고 세게 뛰는 모양."", ""confusion_point"": ""유사 신체 감각 표현(두근두근)"", ""reason"": ""'머리가 쑤시듯 아픔'이 아니라 '심장이 빠르게 뜀'을 나타내는 말이라는 점이 다름.""}, {""option_text"": ""졸음이 와서 눈이 자꾸 감기는 모양."", ""confusion_point"": ""비슷한 범주(신체 상태를 나타내는 부사)"", ""reason"": ""'머리가 아픈 느낌'이 아니라 '졸려서 눈이 감기는 모습'을 나타낸다는 점이 다름.""}], ""key_clue"": ""'머리가' + '자꾸 쑤시듯' + '아픈 모양' - 머리가 계속 욱신거리는 통증을 나타낸다는 점."", ""admin_only_note"": ""wrong_option_reasons/key_clue는 검수 화면(관리자)에만 노출 - 응시 화면(제출 전)에는 노출하지 않음""}]",nikl_grade5_l3_batch2_dryrun_v1,nikl_grade5_l3_batch2_v1,MF_G5L3B2_C_G5-a1d45cd61a3f5e0b,CONTEXT_MEANING,"다음 문장에서 표시된 낱말의 뜻으로 가장 알맞은 것은?

감기에 걸렸는지 머리가 【지근지근】 아팠다.",문장 속 '지근지근'은 '머리가 자꾸 쑤시듯이 아픈 모양.'을 뜻합니다.
G5-040795386d94973e,,,,차렷하다,동사,"[""몸을 똑바로 세우고 움직이지 않는 차렷 자세를 하다."", ""몸의 긴장을 풀고 편안하게 쉬는 자세를 하다."", ""두 팔을 벌리고 제자리에서 힘차게 뛰다."", ""허리를 굽혀 공손하게 인사하다.""]",1,"{""options"": [""몸을 똑바로 세우고 움직이지 않는 차렷 자세를 하다."", ""몸의 긴장을 풀고 편안하게 쉬는 자세를 하다."", ""두 팔을 벌리고 제자리에서 힘차게 뛰다."", ""허리를 굽혀 공손하게 인사하다.""]}","{""correct_option"": 1}",,"[{""flag"": ""NIKL_GRADE5_L3_BATCH2_ADMIN_PREVIEW"", ""source_version_isolation"": ""source_version deliberately set to nikl_grade5_l3_batch2_v1 (not 2.1.29, not nikl_grade5_l3_batch1_v1, not any existing pilot source_version) so this batch is structurally excluded from general/level-mode selection and every other batch/pilot - admin preview only"", ""human_level_judgment"": ""L3"", ""human_level_judgment_source"": ""vocabulary_grade5_candidate_judgments(최신 유효 판정)"", ""content_review_status"": ""검수 전(미승인) - vocabulary_publish_reviews류 별도 테이블에만 기록되며 이 레벨 판정과 무관"", ""expert_review_status"": ""검수자 확인 안 됨(자동 1차 초안 - 사람이 직접 작성했지만 공식 승인 절차 거치지 않음)"", ""auto_validation_status"": ""PASS"", ""auto_validation_notes"": ""이상 없음"", ""auto_validation_report"": ""reports/nikl_grade5_l3_batch2_dryrun_20261007.md 참고"", ""generator_version"": ""nikl_grade5_l3_batch2_dryrun_v1"", ""distractor_design_version"": ""v2 기준 처음부터 적용(2026-10-07) - 1차 v2에서 검수된 의미 분야 근접 오답 설계 기준을 신규 작성 시점부터 적용, 배치 내 무작위 재사용(v1 방식) 미사용"", ""wrong_option_reasons"": [{""option_text"": ""몸의 긴장을 풀고 편안하게 쉬는 자세를 하다."", ""confusion_point"": ""반대 개념(쉬어 자세)"", ""reason"": ""'똑바로 세우고 움직이지 않음'이 아니라 '긴장을 풀고 편안히 쉼'이라는 반대 뜻.""}, {""option_text"": ""두 팔을 벌리고 제자리에서 힘차게 뛰다."", ""confusion_point"": ""비슷한 범주(체조 동작)"", ""reason"": ""'움직이지 않고 서 있음'이 아니라 '팔을 벌리고 뛰는 동작'이라는 점이 다름.""}, {""option_text"": ""허리를 굽혀 공손하게 인사하다."", ""confusion_point"": ""비슷한 범주(예절 동작)"", ""reason"": ""'똑바로 서서 움직이지 않음'이 아니라 '허리를 굽혀 인사함'이라는 점이 다름.""}], ""key_clue"": ""'차렷 자세를' + '취함' - 몸을 똑바로 세우고 움직이지 않는 구령 동작이라는 점."", ""admin_only_note"": ""wrong_option_reasons/key_clue는 검수 화면(관리자)에만 노출 - 응시 화면(제출 전)에는 노출하지 않음""}]",nikl_grade5_l3_batch2_dryrun_v1,nikl_grade5_l3_batch2_v1,MF_G5L3B2_M_G5-040795386d94973e,MEANING_CHOICE,'차렷하다'의 뜻으로 가장 알맞은 것은?,'차렷하다'는 '몸을 똑바로 세우고 움직이지 않는 차렷 자세를 하다.'라는 뜻입니다.
G5-040795386d94973e,,,,차렷하다,동사,"[""몸을 똑바로 세우고 움직이지 않는 차렷 자세를 하다."", ""몸의 긴장을 풀고 편안하게 쉬는 자세를 하다."", ""두 팔을 벌리고 제자리에서 힘차게 뛰다."", ""허리를 굽혀 공손하게 인사하다.""]",1,"{""options"": [""몸을 똑바로 세우고 움직이지 않는 차렷 자세를 하다."", ""몸의 긴장을 풀고 편안하게 쉬는 자세를 하다."", ""두 팔을 벌리고 제자리에서 힘차게 뛰다."", ""허리를 굽혀 공손하게 인사하다.""]}","{""correct_option"": 1}",,"[{""flag"": ""NIKL_GRADE5_L3_BATCH2_ADMIN_PREVIEW"", ""source_version_isolation"": ""source_version deliberately set to nikl_grade5_l3_batch2_v1 (not 2.1.29, not nikl_grade5_l3_batch1_v1, not any existing pilot source_version) so this batch is structurally excluded from general/level-mode selection and every other batch/pilot - admin preview only"", ""human_level_judgment"": ""L3"", ""human_level_judgment_source"": ""vocabulary_grade5_candidate_judgments(최신 유효 판정)"", ""content_review_status"": ""검수 전(미승인) - vocabulary_publish_reviews류 별도 테이블에만 기록되며 이 레벨 판정과 무관"", ""expert_review_status"": ""검수자 확인 안 됨(자동 1차 초안 - 사람이 직접 작성했지만 공식 승인 절차 거치지 않음)"", ""auto_validation_status"": ""PASS"", ""auto_validation_notes"": ""이상 없음"", ""auto_validation_report"": ""reports/nikl_grade5_l3_batch2_dryrun_20261007.md 참고"", ""generator_version"": ""nikl_grade5_l3_batch2_dryrun_v1"", ""distractor_design_version"": ""v2 기준 처음부터 적용(2026-10-07) - 1차 v2에서 검수된 의미 분야 근접 오답 설계 기준을 신규 작성 시점부터 적용, 배치 내 무작위 재사용(v1 방식) 미사용"", ""wrong_option_reasons"": [{""option_text"": ""몸의 긴장을 풀고 편안하게 쉬는 자세를 하다."", ""confusion_point"": ""반대 개념(쉬어 자세)"", ""reason"": ""'똑바로 세우고 움직이지 않음'이 아니라 '긴장을 풀고 편안히 쉼'이라는 반대 뜻.""}, {""option_text"": ""두 팔을 벌리고 제자리에서 힘차게 뛰다."", ""confusion_point"": ""비슷한 범주(체조 동작)"", ""reason"": ""'움직이지 않고 서 있음'이 아니라 '팔을 벌리고 뛰는 동작'이라는 점이 다름.""}, {""option_text"": ""허리를 굽혀 공손하게 인사하다."", ""confusion_point"": ""비슷한 범주(예절 동작)"", ""reason"": ""'똑바로 서서 움직이지 않음'이 아니라 '허리를 굽혀 인사함'이라는 점이 다름.""}], ""key_clue"": ""'차렷 자세를' + '취함' - 몸을 똑바로 세우고 움직이지 않는 구령 동작이라는 점."", ""admin_only_note"": ""wrong_option_reasons/key_clue는 검수 화면(관리자)에만 노출 - 응시 화면(제출 전)에는 노출하지 않음""}]",nikl_grade5_l3_batch2_dryrun_v1,nikl_grade5_l3_batch2_v1,MF_G5L3B2_C_G5-040795386d94973e,CONTEXT_MEANING,"다음 문장에서 표시된 낱말의 뜻으로 가장 알맞은 것은?

선생님의 구령에 맞춰 학생들은 일제히 【차렷했다】.",문장 속 '차렷하다'는 '몸을 똑바로 세우고 움직이지 않는 차렷 자세를 하다.'를 뜻합니다.
G5-5e94775bbb42107e,,,,총합계,명사,"[""전체에서 일부를 빼고 남은 수."", ""여러 수를 더한 뒤 그 개수로 나눈 수."", ""모든 것을 다 더해서 셈한 수."", ""여러 수 가운데 가장 큰 수.""]",3,"{""options"": [""전체에서 일부를 빼고 남은 수."", ""여러 수를 더한 뒤 그 개수로 나눈 수."", ""모든 것을 다 더해서 셈한 수."", ""여러 수 가운데 가장 큰 수.""]}","{""correct_option"": 3}",,"[{""flag"": ""NIKL_GRADE5_L3_BATCH2_ADMIN_PREVIEW"", ""source_version_isolation"": ""source_version deliberately set to nikl_grade5_l3_batch2_v1 (not 2.1.29, not nikl_grade5_l3_batch1_v1, not any existing pilot source_version) so this batch is structurally excluded from general/level-mode selection and every other batch/pilot - admin preview only"", ""human_level_judgment"": ""L3"", ""human_level_judgment_source"": ""vocabulary_grade5_candidate_judgments(최신 유효 판정)"", ""content_review_status"": ""검수 전(미승인) - vocabulary_publish_reviews류 별도 테이블에만 기록되며 이 레벨 판정과 무관"", ""expert_review_status"": ""검수자 확인 안 됨(자동 1차 초안 - 사람이 직접 작성했지만 공식 승인 절차 거치지 않음)"", ""auto_validation_status"": ""PASS"", ""auto_validation_notes"": ""이상 없음"", ""auto_validation_report"": ""reports/nikl_grade5_l3_batch2_dryrun_20261007.md 참고"", ""generator_version"": ""nikl_grade5_l3_batch2_dryrun_v1"", ""distractor_design_version"": ""v2 기준 처음부터 적용(2026-10-07) - 1차 v2에서 검수된 의미 분야 근접 오답 설계 기준을 신규 작성 시점부터 적용, 배치 내 무작위 재사용(v1 방식) 미사용"", ""wrong_option_reasons"": [{""option_text"": ""전체에서 일부를 빼고 남은 수."", ""confusion_point"": ""반대 연산 개념(뺀 나머지)"", ""reason"": ""'모두 더한 수'가 아니라 '빼고 남은 수'라는 반대 뜻.""}, {""option_text"": ""여러 수를 더한 뒤 그 개수로 나눈 수."", ""confusion_point"": ""유사 연산 개념(평균)"", ""reason"": ""'모두 더한 수 그 자체'가 아니라 '더한 뒤 개수로 나눈 수'라는 점이 다름.""}, {""option_text"": ""여러 수 가운데 가장 큰 수."", ""confusion_point"": ""비슷한 범주(가장 큰 값)"", ""reason"": ""'모두를 더한 수'가 아니라 '그 가운데 가장 큰 하나의 수'라는 점이 다름.""}], ""key_clue"": ""'모두를 합하여' + '셈함' - 여러 수를 빠짐없이 다 더한 값이라는 점."", ""admin_only_note"": ""wrong_option_reasons/key_clue는 검수 화면(관리자)에만 노출 - 응시 화면(제출 전)에는 노출하지 않음""}]",nikl_grade5_l3_batch2_dryrun_v1,nikl_grade5_l3_batch2_v1,MF_G5L3B2_M_G5-5e94775bbb42107e,MEANING_CHOICE,'총합계'의 뜻으로 가장 알맞은 것은?,'총합계'는 '모든 것을 다 더해서 셈한 수.'라는 뜻입니다.
G5-5e94775bbb42107e,,,,총합계,명사,"[""전체에서 일부를 빼고 남은 수."", ""여러 수를 더한 뒤 그 개수로 나눈 수."", ""모든 것을 다 더해서 셈한 수."", ""여러 수 가운데 가장 큰 수.""]",3,"{""options"": [""전체에서 일부를 빼고 남은 수."", ""여러 수를 더한 뒤 그 개수로 나눈 수."", ""모든 것을 다 더해서 셈한 수."", ""여러 수 가운데 가장 큰 수.""]}","{""correct_option"": 3}",,"[{""flag"": ""NIKL_GRADE5_L3_BATCH2_ADMIN_PREVIEW"", ""source_version_isolation"": ""source_version deliberately set to nikl_grade5_l3_batch2_v1 (not 2.1.29, not nikl_grade5_l3_batch1_v1, not any existing pilot source_version) so this batch is structurally excluded from general/level-mode selection and every other batch/pilot - admin preview only"", ""human_level_judgment"": ""L3"", ""human_level_judgment_source"": ""vocabulary_grade5_candidate_judgments(최신 유효 판정)"", ""content_review_status"": ""검수 전(미승인) - vocabulary_publish_reviews류 별도 테이블에만 기록되며 이 레벨 판정과 무관"", ""expert_review_status"": ""검수자 확인 안 됨(자동 1차 초안 - 사람이 직접 작성했지만 공식 승인 절차 거치지 않음)"", ""auto_validation_status"": ""PASS"", ""auto_validation_notes"": ""이상 없음"", ""auto_validation_report"": ""reports/nikl_grade5_l3_batch2_dryrun_20261007.md 참고"", ""generator_version"": ""nikl_grade5_l3_batch2_dryrun_v1"", ""distractor_design_version"": ""v2 기준 처음부터 적용(2026-10-07) - 1차 v2에서 검수된 의미 분야 근접 오답 설계 기준을 신규 작성 시점부터 적용, 배치 내 무작위 재사용(v1 방식) 미사용"", ""wrong_option_reasons"": [{""option_text"": ""전체에서 일부를 빼고 남은 수."", ""confusion_point"": ""반대 연산 개념(뺀 나머지)"", ""reason"": ""'모두 더한 수'가 아니라 '빼고 남은 수'라는 반대 뜻.""}, {""option_text"": ""여러 수를 더한 뒤 그 개수로 나눈 수."", ""confusion_point"": ""유사 연산 개념(평균)"", ""reason"": ""'모두 더한 수 그 자체'가 아니라 '더한 뒤 개수로 나눈 수'라는 점이 다름.""}, {""option_text"": ""여러 수 가운데 가장 큰 수."", ""confusion_point"": ""비슷한 범주(가장 큰 값)"", ""reason"": ""'모두를 더한 수'가 아니라 '그 가운데 가장 큰 하나의 수'라는 점이 다름.""}], ""key_clue"": ""'모두를 합하여' + '셈함' - 여러 수를 빠짐없이 다 더한 값이라는 점."", ""admin_only_note"": ""wrong_option_reasons/key_clue는 검수 화면(관리자)에만 노출 - 응시 화면(제출 전)에는 노출하지 않음""}]",nikl_grade5_l3_batch2_dryrun_v1,nikl_grade5_l3_batch2_v1,MF_G5L3B2_C_G5-5e94775bbb42107e,CONTEXT_MEANING,"다음 문장에서 표시된 낱말의 뜻으로 가장 알맞은 것은?

이번 달 용돈을 모두 더하니 【총합계】가 오만 원이었다.",문장 속 '총합계'는 '모든 것을 다 더해서 셈한 수.'를 뜻합니다.
G5-ab0a37f0461f391b,,,,축하문,명사,"[""슬픈 일을 당한 사람을 위로하기 위해 적은 글."", ""잘못을 저지른 것에 대해 용서를 구하며 적은 글."", ""축하하는 마음을 담아 쓴 글."", ""앞으로 지켜야 할 약속이나 규칙을 적어 알리는 글.""]",3,"{""options"": [""슬픈 일을 당한 사람을 위로하기 위해 적은 글."", ""잘못을 저지른 것에 대해 용서를 구하며 적은 글."", ""축하하는 마음을 담아 쓴 글."", ""앞으로 지켜야 할 약속이나 규칙을 적어 알리는 글.""]}","{""correct_option"": 3}",,"[{""flag"": ""NIKL_GRADE5_L3_BATCH2_ADMIN_PREVIEW"", ""source_version_isolation"": ""source_version deliberately set to nikl_grade5_l3_batch2_v1 (not 2.1.29, not nikl_grade5_l3_batch1_v1, not any existing pilot source_version) so this batch is structurally excluded from general/level-mode selection and every other batch/pilot - admin preview only"", ""human_level_judgment"": ""L3"", ""human_level_judgment_source"": ""vocabulary_grade5_candidate_judgments(최신 유효 판정)"", ""content_review_status"": ""검수 전(미승인) - vocabulary_publish_reviews류 별도 테이블에만 기록되며 이 레벨 판정과 무관"", ""expert_review_status"": ""검수자 확인 안 됨(자동 1차 초안 - 사람이 직접 작성했지만 공식 승인 절차 거치지 않음)"", ""auto_validation_status"": ""PASS"", ""auto_validation_notes"": ""이상 없음"", ""auto_validation_report"": ""reports/nikl_grade5_l3_batch2_dryrun_20261007.md 참고"", ""generator_version"": ""nikl_grade5_l3_batch2_dryrun_v1"", ""distractor_design_version"": ""v2 기준 처음부터 적용(2026-10-07) - 1차 v2에서 검수된 의미 분야 근접 오답 설계 기준을 신규 작성 시점부터 적용, 배치 내 무작위 재사용(v1 방식) 미사용"", ""wrong_option_reasons"": [{""option_text"": ""슬픈 일을 당한 사람을 위로하기 위해 적은 글."", ""confusion_point"": ""반대 상황(위로의 글)"", ""reason"": ""'축하하는 마음'이 아니라 '슬픔을 위로하는 마음'을 담은 글이라는 반대 뜻.""}, {""option_text"": ""잘못을 저지른 것에 대해 용서를 구하며 적은 글."", ""confusion_point"": ""비슷한 범주(마음을 전하는 글)"", ""reason"": ""'축하하는 뜻'이 아니라 '용서를 구하는 뜻'을 담은 글이라는 점이 다름.""}, {""option_text"": ""앞으로 지켜야 할 약속이나 규칙을 적어 알리는 글."", ""confusion_point"": ""비슷한 범주(공지 글)"", ""reason"": ""'마음을 전하는 글'이 아니라 '규칙을 알리는 글'이라는 점이 다름.""}], ""key_clue"": ""'축하하는 뜻을 나타내기 위해' + '적은 글' - 기쁜 일을 축하하는 마음을 담은 글이라는 점."", ""admin_only_note"": ""wrong_option_reasons/key_clue는 검수 화면(관리자)에만 노출 - 응시 화면(제출 전)에는 노출하지 않음""}]",nikl_grade5_l3_batch2_dryrun_v1,nikl_grade5_l3_batch2_v1,MF_G5L3B2_M_G5-ab0a37f0461f391b,MEANING_CHOICE,'축하문'의 뜻으로 가장 알맞은 것은?,'축하문'은 '축하하는 마음을 담아 쓴 글.'이라는 뜻입니다.
G5-ab0a37f0461f391b,,,,축하문,명사,"[""슬픈 일을 당한 사람을 위로하기 위해 적은 글."", ""잘못을 저지른 것에 대해 용서를 구하며 적은 글."", ""축하하는 마음을 담아 쓴 글."", ""앞으로 지켜야 할 약속이나 규칙을 적어 알리는 글.""]",3,"{""options"": [""슬픈 일을 당한 사람을 위로하기 위해 적은 글."", ""잘못을 저지른 것에 대해 용서를 구하며 적은 글."", ""축하하는 마음을 담아 쓴 글."", ""앞으로 지켜야 할 약속이나 규칙을 적어 알리는 글.""]}","{""correct_option"": 3}",,"[{""flag"": ""NIKL_GRADE5_L3_BATCH2_ADMIN_PREVIEW"", ""source_version_isolation"": ""source_version deliberately set to nikl_grade5_l3_batch2_v1 (not 2.1.29, not nikl_grade5_l3_batch1_v1, not any existing pilot source_version) so this batch is structurally excluded from general/level-mode selection and every other batch/pilot - admin preview only"", ""human_level_judgment"": ""L3"", ""human_level_judgment_source"": ""vocabulary_grade5_candidate_judgments(최신 유효 판정)"", ""content_review_status"": ""검수 전(미승인) - vocabulary_publish_reviews류 별도 테이블에만 기록되며 이 레벨 판정과 무관"", ""expert_review_status"": ""검수자 확인 안 됨(자동 1차 초안 - 사람이 직접 작성했지만 공식 승인 절차 거치지 않음)"", ""auto_validation_status"": ""PASS"", ""auto_validation_notes"": ""이상 없음"", ""auto_validation_report"": ""reports/nikl_grade5_l3_batch2_dryrun_20261007.md 참고"", ""generator_version"": ""nikl_grade5_l3_batch2_dryrun_v1"", ""distractor_design_version"": ""v2 기준 처음부터 적용(2026-10-07) - 1차 v2에서 검수된 의미 분야 근접 오답 설계 기준을 신규 작성 시점부터 적용, 배치 내 무작위 재사용(v1 방식) 미사용"", ""wrong_option_reasons"": [{""option_text"": ""슬픈 일을 당한 사람을 위로하기 위해 적은 글."", ""confusion_point"": ""반대 상황(위로의 글)"", ""reason"": ""'축하하는 마음'이 아니라 '슬픔을 위로하는 마음'을 담은 글이라는 반대 뜻.""}, {""option_text"": ""잘못을 저지른 것에 대해 용서를 구하며 적은 글."", ""confusion_point"": ""비슷한 범주(마음을 전하는 글)"", ""reason"": ""'축하하는 뜻'이 아니라 '용서를 구하는 뜻'을 담은 글이라는 점이 다름.""}, {""option_text"": ""앞으로 지켜야 할 약속이나 규칙을 적어 알리는 글."", ""confusion_point"": ""비슷한 범주(공지 글)"", ""reason"": ""'마음을 전하는 글'이 아니라 '규칙을 알리는 글'이라는 점이 다름.""}], ""key_clue"": ""'축하하는 뜻을 나타내기 위해' + '적은 글' - 기쁜 일을 축하하는 마음을 담은 글이라는 점."", ""admin_only_note"": ""wrong_option_reasons/key_clue는 검수 화면(관리자)에만 노출 - 응시 화면(제출 전)에는 노출하지 않음""}]",nikl_grade5_l3_batch2_dryrun_v1,nikl_grade5_l3_batch2_v1,MF_G5L3B2_C_G5-ab0a37f0461f391b,CONTEXT_MEANING,"다음 문장에서 표시된 낱말의 뜻으로 가장 알맞은 것은?

졸업식에서 후배들이 쓴 【축하문】을 선배들에게 전달했다.",문장 속 '축하문'은 '축하하는 마음을 담아 쓴 글.'을 뜻합니다.
G5-5a852850f4ed0e6f,,,,춘곤증,명사,"[""더운 여름철에 땀을 많이 흘려 기운이 없어지는 증상."", ""봄이 되면 몸이 나른하고 쉽게 피곤해지는 증상."", ""추운 겨울에 손발이 얼어 감각이 둔해지는 증상."", ""환절기에 콧물과 재채기가 계속 나는 증상.""]",2,"{""options"": [""더운 여름철에 땀을 많이 흘려 기운이 없어지는 증상."", ""봄이 되면 몸이 나른하고 쉽게 피곤해지는 증상."", ""추운 겨울에 손발이 얼어 감각이 둔해지는 증상."", ""환절기에 콧물과 재채기가 계속 나는 증상.""]}","{""correct_option"": 2}",,"[{""flag"": ""NIKL_GRADE5_L3_BATCH2_ADMIN_PREVIEW"", ""source_version_isolation"": ""source_version deliberately set to nikl_grade5_l3_batch2_v1 (not 2.1.29, not nikl_grade5_l3_batch1_v1, not any existing pilot source_version) so this batch is structurally excluded from general/level-mode selection and every other batch/pilot - admin preview only"", ""human_level_judgment"": ""L3"", ""human_level_judgment_source"": ""vocabulary_grade5_candidate_judgments(최신 유효 판정)"", ""content_review_status"": ""검수 전(미승인) - vocabulary_publish_reviews류 별도 테이블에만 기록되며 이 레벨 판정과 무관"", ""expert_review_status"": ""검수자 확인 안 됨(자동 1차 초안 - 사람이 직접 작성했지만 공식 승인 절차 거치지 않음)"", ""auto_validation_status"": ""PASS"", ""auto_validation_notes"": ""이상 없음"", ""auto_validation_report"": ""reports/nikl_grade5_l3_batch2_dryrun_20261007.md 참고"", ""generator_version"": ""nikl_grade5_l3_batch2_dryrun_v1"", ""distractor_design_version"": ""v2 기준 처음부터 적용(2026-10-07) - 1차 v2에서 검수된 의미 분야 근접 오답 설계 기준을 신규 작성 시점부터 적용, 배치 내 무작위 재사용(v1 방식) 미사용"", ""wrong_option_reasons"": [{""option_text"": ""더운 여름철에 땀을 많이 흘려 기운이 없어지는 증상."", ""confusion_point"": ""계절 혼동(여름 증상)"", ""reason"": ""'봄철'이 아니라 '더운 여름철'에 나타나는 증상이라는 점이 다름.""}, {""option_text"": ""추운 겨울에 손발이 얼어 감각이 둔해지는 증상."", ""confusion_point"": ""계절 혼동(겨울 증상)"", ""reason"": ""'봄철 나른함'이 아니라 '겨울철 손발이 어는 증상'이라는 점이 다름.""}, {""option_text"": ""환절기에 콧물과 재채기가 계속 나는 증상."", ""confusion_point"": ""유사 계절 증상(알레르기)"", ""reason"": ""'나른하고 피로함'이 아니라 '콧물·재채기가 남'이라는 다른 증상이라는 점이 다름.""}], ""key_clue"": ""'봄철에' + '나른하고 피로를 쉽게 느낌' - 환경 변화에 몸이 적응하지 못해 생기는 봄철 증상이라는 점."", ""admin_only_note"": ""wrong_option_reasons/key_clue는 검수 화면(관리자)에만 노출 - 응시 화면(제출 전)에는 노출하지 않음""}]",nikl_grade5_l3_batch2_dryrun_v1,nikl_grade5_l3_batch2_v1,MF_G5L3B2_M_G5-5a852850f4ed0e6f,MEANING_CHOICE,'춘곤증'의 뜻으로 가장 알맞은 것은?,'춘곤증'은 '봄이 되면 몸이 나른하고 쉽게 피곤해지는 증상.'이라는 뜻입니다.
G5-5a852850f4ed0e6f,,,,춘곤증,명사,"[""더운 여름철에 땀을 많이 흘려 기운이 없어지는 증상."", ""봄이 되면 몸이 나른하고 쉽게 피곤해지는 증상."", ""추운 겨울에 손발이 얼어 감각이 둔해지는 증상."", ""환절기에 콧물과 재채기가 계속 나는 증상.""]",2,"{""options"": [""더운 여름철에 땀을 많이 흘려 기운이 없어지는 증상."", ""봄이 되면 몸이 나른하고 쉽게 피곤해지는 증상."", ""추운 겨울에 손발이 얼어 감각이 둔해지는 증상."", ""환절기에 콧물과 재채기가 계속 나는 증상.""]}","{""correct_option"": 2}",,"[{""flag"": ""NIKL_GRADE5_L3_BATCH2_ADMIN_PREVIEW"", ""source_version_isolation"": ""source_version deliberately set to nikl_grade5_l3_batch2_v1 (not 2.1.29, not nikl_grade5_l3_batch1_v1, not any existing pilot source_version) so this batch is structurally excluded from general/level-mode selection and every other batch/pilot - admin preview only"", ""human_level_judgment"": ""L3"", ""human_level_judgment_source"": ""vocabulary_grade5_candidate_judgments(최신 유효 판정)"", ""content_review_status"": ""검수 전(미승인) - vocabulary_publish_reviews류 별도 테이블에만 기록되며 이 레벨 판정과 무관"", ""expert_review_status"": ""검수자 확인 안 됨(자동 1차 초안 - 사람이 직접 작성했지만 공식 승인 절차 거치지 않음)"", ""auto_validation_status"": ""PASS"", ""auto_validation_notes"": ""이상 없음"", ""auto_validation_report"": ""reports/nikl_grade5_l3_batch2_dryrun_20261007.md 참고"", ""generator_version"": ""nikl_grade5_l3_batch2_dryrun_v1"", ""distractor_design_version"": ""v2 기준 처음부터 적용(2026-10-07) - 1차 v2에서 검수된 의미 분야 근접 오답 설계 기준을 신규 작성 시점부터 적용, 배치 내 무작위 재사용(v1 방식) 미사용"", ""wrong_option_reasons"": [{""option_text"": ""더운 여름철에 땀을 많이 흘려 기운이 없어지는 증상."", ""confusion_point"": ""계절 혼동(여름 증상)"", ""reason"": ""'봄철'이 아니라 '더운 여름철'에 나타나는 증상이라는 점이 다름.""}, {""option_text"": ""추운 겨울에 손발이 얼어 감각이 둔해지는 증상."", ""confusion_point"": ""계절 혼동(겨울 증상)"", ""reason"": ""'봄철 나른함'이 아니라 '겨울철 손발이 어는 증상'이라는 점이 다름.""}, {""option_text"": ""환절기에 콧물과 재채기가 계속 나는 증상."", ""confusion_point"": ""유사 계절 증상(알레르기)"", ""reason"": ""'나른하고 피로함'이 아니라 '콧물·재채기가 남'이라는 다른 증상이라는 점이 다름.""}], ""key_clue"": ""'봄철에' + '나른하고 피로를 쉽게 느낌' - 환경 변화에 몸이 적응하지 못해 생기는 봄철 증상이라는 점."", ""admin_only_note"": ""wrong_option_reasons/key_clue는 검수 화면(관리자)에만 노출 - 응시 화면(제출 전)에는 노출하지 않음""}]",nikl_grade5_l3_batch2_dryrun_v1,nikl_grade5_l3_batch2_v1,MF_G5L3B2_C_G5-5a852850f4ed0e6f,CONTEXT_MEANING,"다음 문장에서 표시된 낱말의 뜻으로 가장 알맞은 것은?

따뜻한 봄날 오후가 되면 【춘곤증】 때문에 자꾸 졸음이 쏟아졌다.",문장 속 '춘곤증'은 '봄이 되면 몸이 나른하고 쉽게 피곤해지는 증상.'을 뜻합니다.
G5-3a3fa28212cbd5ef,,,,치어,명사,"[""다 자라서 알을 낳을 수 있게 된 물고기."", ""아직 껍데기를 깨고 나오지 않은 물고기의 알."", ""올챙이에서 다리가 나오며 개구리로 변해 가는 단계."", ""알에서 깨어난 지 얼마 안 된 어린 물고기.""]",4,"{""options"": [""다 자라서 알을 낳을 수 있게 된 물고기."", ""아직 껍데기를 깨고 나오지 않은 물고기의 알."", ""올챙이에서 다리가 나오며 개구리로 변해 가는 단계."", ""알에서 깨어난 지 얼마 안 된 어린 물고기.""]}","{""correct_option"": 4}",,"[{""flag"": ""NIKL_GRADE5_L3_BATCH2_ADMIN_PREVIEW"", ""source_version_isolation"": ""source_version deliberately set to nikl_grade5_l3_batch2_v1 (not 2.1.29, not nikl_grade5_l3_batch1_v1, not any existing pilot source_version) so this batch is structurally excluded from general/level-mode selection and every other batch/pilot - admin preview only"", ""human_level_judgment"": ""L3"", ""human_level_judgment_source"": ""vocabulary_grade5_candidate_judgments(최신 유효 판정)"", ""content_review_status"": ""검수 전(미승인) - vocabulary_publish_reviews류 별도 테이블에만 기록되며 이 레벨 판정과 무관"", ""expert_review_status"": ""검수자 확인 안 됨(자동 1차 초안 - 사람이 직접 작성했지만 공식 승인 절차 거치지 않음)"", ""auto_validation_status"": ""PASS"", ""auto_validation_notes"": ""이상 없음"", ""auto_validation_report"": ""reports/nikl_grade5_l3_batch2_dryrun_20261007.md 참고"", ""generator_version"": ""nikl_grade5_l3_batch2_dryrun_v1"", ""distractor_design_version"": ""v2 기준 처음부터 적용(2026-10-07) - 1차 v2에서 검수된 의미 분야 근접 오답 설계 기준을 신규 작성 시점부터 적용, 배치 내 무작위 재사용(v1 방식) 미사용"", ""wrong_option_reasons"": [{""option_text"": ""다 자라서 알을 낳을 수 있게 된 물고기."", ""confusion_point"": ""반대 성장 단계(다 자란 물고기)"", ""reason"": ""'갓 깨어난 어린 물고기'가 아니라 '다 자란 물고기'라는 반대 뜻.""}, {""option_text"": ""아직 껍데기를 깨고 나오지 않은 물고기의 알."", ""confusion_point"": ""이전 성장 단계(물고기 알)"", ""reason"": ""'이미 알에서 깨어난' 상태가 아니라 '아직 알인' 상태라는 점이 다름.""}, {""option_text"": ""올챙이에서 다리가 나오며 개구리로 변해 가는 단계."", ""confusion_point"": ""비슷한 범주(다른 동물의 어린 단계)"", ""reason"": ""'물고기'가 아니라 '개구리가 되어 가는 올챙이'를 가리킨다는 점이 다름.""}], ""key_clue"": ""'알에서 깬 지 얼마 안 된' + '어린 물고기' - 막 태어난 새끼 물고기라는 점."", ""admin_only_note"": ""wrong_option_reasons/key_clue는 검수 화면(관리자)에만 노출 - 응시 화면(제출 전)에는 노출하지 않음""}]",nikl_grade5_l3_batch2_dryrun_v1,nikl_grade5_l3_batch2_v1,MF_G5L3B2_M_G5-3a3fa28212cbd5ef,MEANING_CHOICE,'치어'의 뜻으로 가장 알맞은 것은?,'치어'는 '알에서 깨어난 지 얼마 안 된 어린 물고기.'라는 뜻입니다.
G5-3a3fa28212cbd5ef,,,,치어,명사,"[""다 자라서 알을 낳을 수 있게 된 물고기."", ""아직 껍데기를 깨고 나오지 않은 물고기의 알."", ""올챙이에서 다리가 나오며 개구리로 변해 가는 단계."", ""알에서 깨어난 지 얼마 안 된 어린 물고기.""]",4,"{""options"": [""다 자라서 알을 낳을 수 있게 된 물고기."", ""아직 껍데기를 깨고 나오지 않은 물고기의 알."", ""올챙이에서 다리가 나오며 개구리로 변해 가는 단계."", ""알에서 깨어난 지 얼마 안 된 어린 물고기.""]}","{""correct_option"": 4}",,"[{""flag"": ""NIKL_GRADE5_L3_BATCH2_ADMIN_PREVIEW"", ""source_version_isolation"": ""source_version deliberately set to nikl_grade5_l3_batch2_v1 (not 2.1.29, not nikl_grade5_l3_batch1_v1, not any existing pilot source_version) so this batch is structurally excluded from general/level-mode selection and every other batch/pilot - admin preview only"", ""human_level_judgment"": ""L3"", ""human_level_judgment_source"": ""vocabulary_grade5_candidate_judgments(최신 유효 판정)"", ""content_review_status"": ""검수 전(미승인) - vocabulary_publish_reviews류 별도 테이블에만 기록되며 이 레벨 판정과 무관"", ""expert_review_status"": ""검수자 확인 안 됨(자동 1차 초안 - 사람이 직접 작성했지만 공식 승인 절차 거치지 않음)"", ""auto_validation_status"": ""PASS"", ""auto_validation_notes"": ""이상 없음"", ""auto_validation_report"": ""reports/nikl_grade5_l3_batch2_dryrun_20261007.md 참고"", ""generator_version"": ""nikl_grade5_l3_batch2_dryrun_v1"", ""distractor_design_version"": ""v2 기준 처음부터 적용(2026-10-07) - 1차 v2에서 검수된 의미 분야 근접 오답 설계 기준을 신규 작성 시점부터 적용, 배치 내 무작위 재사용(v1 방식) 미사용"", ""wrong_option_reasons"": [{""option_text"": ""다 자라서 알을 낳을 수 있게 된 물고기."", ""confusion_point"": ""반대 성장 단계(다 자란 물고기)"", ""reason"": ""'갓 깨어난 어린 물고기'가 아니라 '다 자란 물고기'라는 반대 뜻.""}, {""option_text"": ""아직 껍데기를 깨고 나오지 않은 물고기의 알."", ""confusion_point"": ""이전 성장 단계(물고기 알)"", ""reason"": ""'이미 알에서 깨어난' 상태가 아니라 '아직 알인' 상태라는 점이 다름.""}, {""option_text"": ""올챙이에서 다리가 나오며 개구리로 변해 가는 단계."", ""confusion_point"": ""비슷한 범주(다른 동물의 어린 단계)"", ""reason"": ""'물고기'가 아니라 '개구리가 되어 가는 올챙이'를 가리킨다는 점이 다름.""}], ""key_clue"": ""'알에서 깬 지 얼마 안 된' + '어린 물고기' - 막 태어난 새끼 물고기라는 점."", ""admin_only_note"": ""wrong_option_reasons/key_clue는 검수 화면(관리자)에만 노출 - 응시 화면(제출 전)에는 노출하지 않음""}]",nikl_grade5_l3_batch2_dryrun_v1,nikl_grade5_l3_batch2_v1,MF_G5L3B2_C_G5-3a3fa28212cbd5ef,CONTEXT_MEANING,"다음 문장에서 표시된 낱말의 뜻으로 가장 알맞은 것은?

양식장에서는 【치어】를 길러 바다로 방류하는 행사를 열었다.",문장 속 '치어'는 '알에서 깨어난 지 얼마 안 된 어린 물고기.'를 뜻합니다.
G5-4e23b8f2082b588a,,,,쾌속,명사,"[""속도가 매우 빠름. 또는 그런 빠른 속도."", ""속도가 매우 느림. 또는 그런 느린 속도."", ""속도를 서서히 늦추어 가는 과정."", ""일정한 빠르기를 계속 유지하는 것.""]",1,"{""options"": [""속도가 매우 빠름. 또는 그런 빠른 속도."", ""속도가 매우 느림. 또는 그런 느린 속도."", ""속도를 서서히 늦추어 가는 과정."", ""일정한 빠르기를 계속 유지하는 것.""]}","{""correct_option"": 1}",,"[{""flag"": ""NIKL_GRADE5_L3_BATCH2_ADMIN_PREVIEW"", ""source_version_isolation"": ""source_version deliberately set to nikl_grade5_l3_batch2_v1 (not 2.1.29, not nikl_grade5_l3_batch1_v1, not any existing pilot source_version) so this batch is structurally excluded from general/level-mode selection and every other batch/pilot - admin preview only"", ""human_level_judgment"": ""L3"", ""human_level_judgment_source"": ""vocabulary_grade5_candidate_judgments(최신 유효 판정)"", ""content_review_status"": ""검수 전(미승인) - vocabulary_publish_reviews류 별도 테이블에만 기록되며 이 레벨 판정과 무관"", ""expert_review_status"": ""검수자 확인 안 됨(자동 1차 초안 - 사람이 직접 작성했지만 공식 승인 절차 거치지 않음)"", ""auto_validation_status"": ""PASS"", ""auto_validation_notes"": ""이상 없음"", ""auto_validation_report"": ""reports/nikl_grade5_l3_batch2_dryrun_20261007.md 참고"", ""generator_version"": ""nikl_grade5_l3_batch2_dryrun_v1"", ""distractor_design_version"": ""v2 기준 처음부터 적용(2026-10-07) - 1차 v2에서 검수된 의미 분야 근접 오답 설계 기준을 신규 작성 시점부터 적용, 배치 내 무작위 재사용(v1 방식) 미사용"", ""wrong_option_reasons"": [{""option_text"": ""속도가 매우 느림. 또는 그런 느린 속도."", ""confusion_point"": ""반대 개념(저속)"", ""reason"": ""'매우 빠름'이 아니라 '매우 느림'이라는 반대 뜻.""}, {""option_text"": ""속도를 서서히 늦추어 가는 과정."", ""confusion_point"": ""유사 속도 개념(감속)"", ""reason"": ""'빠른 속도 그 자체'가 아니라 '속도를 점점 늦추는 과정'이라는 점이 다름.""}, {""option_text"": ""일정한 빠르기를 계속 유지하는 것."", ""confusion_point"": ""유사 속도 개념(정속)"", ""reason"": ""'매우 빠름'이 아니라 '빠르기를 일정하게 유지함'이라는 점이 다름(느릴 수도 있음).""}], ""key_clue"": ""'속도가' + '매우 빠름' - 아주 빠른 속도 자체를 가리킨다는 점."", ""admin_only_note"": ""wrong_option_reasons/key_clue는 검수 화면(관리자)에만 노출 - 응시 화면(제출 전)에는 노출하지 않음""}]",nikl_grade5_l3_batch2_dryrun_v1,nikl_grade5_l3_batch2_v1,MF_G5L3B2_M_G5-4e23b8f2082b588a,MEANING_CHOICE,'쾌속'의 뜻으로 가장 알맞은 것은?,'쾌속'은 '속도가 매우 빠름. 또는 그런 빠른 속도.'라는 뜻입니다.
G5-4e23b8f2082b588a,,,,쾌속,명사,"[""속도가 매우 빠름. 또는 그런 빠른 속도."", ""속도가 매우 느림. 또는 그런 느린 속도."", ""속도를 서서히 늦추어 가는 과정."", ""일정한 빠르기를 계속 유지하는 것.""]",1,"{""options"": [""속도가 매우 빠름. 또는 그런 빠른 속도."", ""속도가 매우 느림. 또는 그런 느린 속도."", ""속도를 서서히 늦추어 가는 과정."", ""일정한 빠르기를 계속 유지하는 것.""]}","{""correct_option"": 1}",,"[{""flag"": ""NIKL_GRADE5_L3_BATCH2_ADMIN_PREVIEW"", ""source_version_isolation"": ""source_version deliberately set to nikl_grade5_l3_batch2_v1 (not 2.1.29, not nikl_grade5_l3_batch1_v1, not any existing pilot source_version) so this batch is structurally excluded from general/level-mode selection and every other batch/pilot - admin preview only"", ""human_level_judgment"": ""L3"", ""human_level_judgment_source"": ""vocabulary_grade5_candidate_judgments(최신 유효 판정)"", ""content_review_status"": ""검수 전(미승인) - vocabulary_publish_reviews류 별도 테이블에만 기록되며 이 레벨 판정과 무관"", ""expert_review_status"": ""검수자 확인 안 됨(자동 1차 초안 - 사람이 직접 작성했지만 공식 승인 절차 거치지 않음)"", ""auto_validation_status"": ""PASS"", ""auto_validation_notes"": ""이상 없음"", ""auto_validation_report"": ""reports/nikl_grade5_l3_batch2_dryrun_20261007.md 참고"", ""generator_version"": ""nikl_grade5_l3_batch2_dryrun_v1"", ""distractor_design_version"": ""v2 기준 처음부터 적용(2026-10-07) - 1차 v2에서 검수된 의미 분야 근접 오답 설계 기준을 신규 작성 시점부터 적용, 배치 내 무작위 재사용(v1 방식) 미사용"", ""wrong_option_reasons"": [{""option_text"": ""속도가 매우 느림. 또는 그런 느린 속도."", ""confusion_point"": ""반대 개념(저속)"", ""reason"": ""'매우 빠름'이 아니라 '매우 느림'이라는 반대 뜻.""}, {""option_text"": ""속도를 서서히 늦추어 가는 과정."", ""confusion_point"": ""유사 속도 개념(감속)"", ""reason"": ""'빠른 속도 그 자체'가 아니라 '속도를 점점 늦추는 과정'이라는 점이 다름.""}, {""option_text"": ""일정한 빠르기를 계속 유지하는 것."", ""confusion_point"": ""유사 속도 개념(정속)"", ""reason"": ""'매우 빠름'이 아니라 '빠르기를 일정하게 유지함'이라는 점이 다름(느릴 수도 있음).""}], ""key_clue"": ""'속도가' + '매우 빠름' - 아주 빠른 속도 자체를 가리킨다는 점."", ""admin_only_note"": ""wrong_option_reasons/key_clue는 검수 화면(관리자)에만 노출 - 응시 화면(제출 전)에는 노출하지 않음""}]",nikl_grade5_l3_batch2_dryrun_v1,nikl_grade5_l3_batch2_v1,MF_G5L3B2_C_G5-4e23b8f2082b588a,CONTEXT_MEANING,"다음 문장에서 표시된 낱말의 뜻으로 가장 알맞은 것은?

이 여객선은 【쾌속】으로 운항해 목적지까지 금방 도착한다.",문장 속 '쾌속'은 '속도가 매우 빠름. 또는 그런 빠른 속도.'를 뜻합니다.
G5-9f8a5cc594e60916,,,,큰곰,명사,"[""몸집이 매우 크고 힘이 센 곰의 한 종류로, 북반구의 산속에 사는 동물."", ""몸집이 작고 가슴에 하얀 반달무늬가 있는 곰."", ""하얀 털로 덮여 있으며 북극의 얼음 위에서 사는 곰."", ""나무 위에서만 살며 대나무를 주로 먹는 동물.""]",1,"{""options"": [""몸집이 매우 크고 힘이 센 곰의 한 종류로, 북반구의 산속에 사는 동물."", ""몸집이 작고 가슴에 하얀 반달무늬가 있는 곰."", ""하얀 털로 덮여 있으며 북극의 얼음 위에서 사는 곰."", ""나무 위에서만 살며 대나무를 주로 먹는 동물.""]}","{""correct_option"": 1}",,"[{""flag"": ""NIKL_GRADE5_L3_BATCH2_ADMIN_PREVIEW"", ""source_version_isolation"": ""source_version deliberately set to nikl_grade5_l3_batch2_v1 (not 2.1.29, not nikl_grade5_l3_batch1_v1, not any existing pilot source_version) so this batch is structurally excluded from general/level-mode selection and every other batch/pilot - admin preview only"", ""human_level_judgment"": ""L3"", ""human_level_judgment_source"": ""vocabulary_grade5_candidate_judgments(최신 유효 판정)"", ""content_review_status"": ""검수 전(미승인) - vocabulary_publish_reviews류 별도 테이블에만 기록되며 이 레벨 판정과 무관"", ""expert_review_status"": ""검수자 확인 안 됨(자동 1차 초안 - 사람이 직접 작성했지만 공식 승인 절차 거치지 않음)"", ""auto_validation_status"": ""PASS"", ""auto_validation_notes"": ""이상 없음"", ""auto_validation_report"": ""reports/nikl_grade5_l3_batch2_dryrun_20261007.md 참고"", ""generator_version"": ""nikl_grade5_l3_batch2_dryrun_v1"", ""distractor_design_version"": ""v2 기준 처음부터 적용(2026-10-07) - 1차 v2에서 검수된 의미 분야 근접 오답 설계 기준을 신규 작성 시점부터 적용, 배치 내 무작위 재사용(v1 방식) 미사용"", ""wrong_option_reasons"": [{""option_text"": ""몸집이 작고 가슴에 하얀 반달무늬가 있는 곰."", ""confusion_point"": ""유사 동물(반달가슴곰)"", ""reason"": ""'몸집이 매우 큰' 곰이 아니라 '몸집이 작고 반달무늬가 있는' 다른 종류의 곰이라는 점이 다름.""}, {""option_text"": ""하얀 털로 덮여 있으며 북극의 얼음 위에서 사는 곰."", ""confusion_point"": ""유사 동물(북극곰)"", ""reason"": ""'산속'에 사는 곰이 아니라 '북극의 얼음 위'에 사는 흰색 곰이라는 점이 다름.""}, {""option_text"": ""나무 위에서만 살며 대나무를 주로 먹는 동물."", ""confusion_point"": ""비슷한 범주(다른 곰과 동물)"", ""reason"": ""'산지에 분포하며 잡식성'인 곰이 아니라 '대나무만 먹고 나무 위에 사는' 동물이라는 점이 다름.""}], ""key_clue"": ""'몸집이 거대하고' + '산지에 분포' + '잡식성' - 덩치가 매우 큰 곰의 한 종류라는 점(흰색·반달무늬가 아님)."", ""admin_only_note"": ""wrong_option_reasons/key_clue는 검수 화면(관리자)에만 노출 - 응시 화면(제출 전)에는 노출하지 않음""}]",nikl_grade5_l3_batch2_dryrun_v1,nikl_grade5_l3_batch2_v1,MF_G5L3B2_M_G5-9f8a5cc594e60916,MEANING_CHOICE,'큰곰'의 뜻으로 가장 알맞은 것은?,"'큰곰'은 '몸집이 매우 크고 힘이 센 곰의 한 종류로, 북반구의 산속에 사는 동물.'이라는 뜻입니다."
G5-9f8a5cc594e60916,,,,큰곰,명사,"[""몸집이 매우 크고 힘이 센 곰의 한 종류로, 북반구의 산속에 사는 동물."", ""몸집이 작고 가슴에 하얀 반달무늬가 있는 곰."", ""하얀 털로 덮여 있으며 북극의 얼음 위에서 사는 곰."", ""나무 위에서만 살며 대나무를 주로 먹는 동물.""]",1,"{""options"": [""몸집이 매우 크고 힘이 센 곰의 한 종류로, 북반구의 산속에 사는 동물."", ""몸집이 작고 가슴에 하얀 반달무늬가 있는 곰."", ""하얀 털로 덮여 있으며 북극의 얼음 위에서 사는 곰."", ""나무 위에서만 살며 대나무를 주로 먹는 동물.""]}","{""correct_option"": 1}",,"[{""flag"": ""NIKL_GRADE5_L3_BATCH2_ADMIN_PREVIEW"", ""source_version_isolation"": ""source_version deliberately set to nikl_grade5_l3_batch2_v1 (not 2.1.29, not nikl_grade5_l3_batch1_v1, not any existing pilot source_version) so this batch is structurally excluded from general/level-mode selection and every other batch/pilot - admin preview only"", ""human_level_judgment"": ""L3"", ""human_level_judgment_source"": ""vocabulary_grade5_candidate_judgments(최신 유효 판정)"", ""content_review_status"": ""검수 전(미승인) - vocabulary_publish_reviews류 별도 테이블에만 기록되며 이 레벨 판정과 무관"", ""expert_review_status"": ""검수자 확인 안 됨(자동 1차 초안 - 사람이 직접 작성했지만 공식 승인 절차 거치지 않음)"", ""auto_validation_status"": ""PASS"", ""auto_validation_notes"": ""이상 없음"", ""auto_validation_report"": ""reports/nikl_grade5_l3_batch2_dryrun_20261007.md 참고"", ""generator_version"": ""nikl_grade5_l3_batch2_dryrun_v1"", ""distractor_design_version"": ""v2 기준 처음부터 적용(2026-10-07) - 1차 v2에서 검수된 의미 분야 근접 오답 설계 기준을 신규 작성 시점부터 적용, 배치 내 무작위 재사용(v1 방식) 미사용"", ""wrong_option_reasons"": [{""option_text"": ""몸집이 작고 가슴에 하얀 반달무늬가 있는 곰."", ""confusion_point"": ""유사 동물(반달가슴곰)"", ""reason"": ""'몸집이 매우 큰' 곰이 아니라 '몸집이 작고 반달무늬가 있는' 다른 종류의 곰이라는 점이 다름.""}, {""option_text"": ""하얀 털로 덮여 있으며 북극의 얼음 위에서 사는 곰."", ""confusion_point"": ""유사 동물(북극곰)"", ""reason"": ""'산속'에 사는 곰이 아니라 '북극의 얼음 위'에 사는 흰색 곰이라는 점이 다름.""}, {""option_text"": ""나무 위에서만 살며 대나무를 주로 먹는 동물."", ""confusion_point"": ""비슷한 범주(다른 곰과 동물)"", ""reason"": ""'산지에 분포하며 잡식성'인 곰이 아니라 '대나무만 먹고 나무 위에 사는' 동물이라는 점이 다름.""}], ""key_clue"": ""'몸집이 거대하고' + '산지에 분포' + '잡식성' - 덩치가 매우 큰 곰의 한 종류라는 점(흰색·반달무늬가 아님)."", ""admin_only_note"": ""wrong_option_reasons/key_clue는 검수 화면(관리자)에만 노출 - 응시 화면(제출 전)에는 노출하지 않음""}]",nikl_grade5_l3_batch2_dryrun_v1,nikl_grade5_l3_batch2_v1,MF_G5L3B2_C_G5-9f8a5cc594e60916,CONTEXT_MEANING,"다음 문장에서 표시된 낱말의 뜻으로 가장 알맞은 것은?

【큰곰】은 겨울이 되면 굴속에서 겨울잠을 잔다.","문장 속 '큰곰'은 '몸집이 매우 크고 힘이 센 곰의 한 종류로, 북반구의 산속에 사는 동물.'을 뜻합니다."
G5-44a69a009f753aa8,,,,타향,명사,"[""자기가 태어나고 자란 고장."", ""한 나라 안에서 수도 다음으로 큰 도시."", ""나라와 나라 사이에 경계가 되는 곳."", ""자기가 태어나 자란 고향이 아닌 다른 고장.""]",4,"{""options"": [""자기가 태어나고 자란 고장."", ""한 나라 안에서 수도 다음으로 큰 도시."", ""나라와 나라 사이에 경계가 되는 곳."", ""자기가 태어나 자란 고향이 아닌 다른 고장.""]}","{""correct_option"": 4}",,"[{""flag"": ""NIKL_GRADE5_L3_BATCH2_ADMIN_PREVIEW"", ""source_version_isolation"": ""source_version deliberately set to nikl_grade5_l3_batch2_v1 (not 2.1.29, not nikl_grade5_l3_batch1_v1, not any existing pilot source_version) so this batch is structurally excluded from general/level-mode selection and every other batch/pilot - admin preview only"", ""human_level_judgment"": ""L3"", ""human_level_judgment_source"": ""vocabulary_grade5_candidate_judgments(최신 유효 판정)"", ""content_review_status"": ""검수 전(미승인) - vocabulary_publish_reviews류 별도 테이블에만 기록되며 이 레벨 판정과 무관"", ""expert_review_status"": ""검수자 확인 안 됨(자동 1차 초안 - 사람이 직접 작성했지만 공식 승인 절차 거치지 않음)"", ""auto_validation_status"": ""PASS"", ""auto_validation_notes"": ""이상 없음"", ""auto_validation_report"": ""reports/nikl_grade5_l3_batch2_dryrun_20261007.md 참고"", ""generator_version"": ""nikl_grade5_l3_batch2_dryrun_v1"", ""distractor_design_version"": ""v2 기준 처음부터 적용(2026-10-07) - 1차 v2에서 검수된 의미 분야 근접 오답 설계 기준을 신규 작성 시점부터 적용, 배치 내 무작위 재사용(v1 방식) 미사용"", ""wrong_option_reasons"": [{""option_text"": ""자기가 태어나고 자란 고장."", ""confusion_point"": ""반대 개념(고향)"", ""reason"": ""'자기 고향이 아닌 곳'이 아니라 '자기가 태어나고 자란 바로 그 고장'이라는 반대 뜻.""}, {""option_text"": ""한 나라 안에서 수도 다음으로 큰 도시."", ""confusion_point"": ""비슷한 범주(도시 규모 개념)"", ""reason"": ""'고향인지 아닌지'와 상관없이 '도시의 크기'를 기준으로 하는 말이라는 점이 다름.""}, {""option_text"": ""나라와 나라 사이에 경계가 되는 곳."", ""confusion_point"": ""비슷한 범주(지리적 경계)"", ""reason"": ""'고향이 아닌 고장'이 아니라 '나라 사이의 경계'를 뜻한다는 점이 다름.""}], ""key_clue"": ""'자기 고향이' + '아닌' + '고장' - 태어나 자란 곳과 다른 지역이라는 점."", ""admin_only_note"": ""wrong_option_reasons/key_clue는 검수 화면(관리자)에만 노출 - 응시 화면(제출 전)에는 노출하지 않음""}]",nikl_grade5_l3_batch2_dryrun_v1,nikl_grade5_l3_batch2_v1,MF_G5L3B2_M_G5-44a69a009f753aa8,MEANING_CHOICE,'타향'의 뜻으로 가장 알맞은 것은?,'타향'은 '자기가 태어나 자란 고향이 아닌 다른 고장.'이라는 뜻입니다.
G5-44a69a009f753aa8,,,,타향,명사,"[""자기가 태어나고 자란 고장."", ""한 나라 안에서 수도 다음으로 큰 도시."", ""나라와 나라 사이에 경계가 되는 곳."", ""자기가 태어나 자란 고향이 아닌 다른 고장.""]",4,"{""options"": [""자기가 태어나고 자란 고장."", ""한 나라 안에서 수도 다음으로 큰 도시."", ""나라와 나라 사이에 경계가 되는 곳."", ""자기가 태어나 자란 고향이 아닌 다른 고장.""]}","{""correct_option"": 4}",,"[{""flag"": ""NIKL_GRADE5_L3_BATCH2_ADMIN_PREVIEW"", ""source_version_isolation"": ""source_version deliberately set to nikl_grade5_l3_batch2_v1 (not 2.1.29, not nikl_grade5_l3_batch1_v1, not any existing pilot source_version) so this batch is structurally excluded from general/level-mode selection and every other batch/pilot - admin preview only"", ""human_level_judgment"": ""L3"", ""human_level_judgment_source"": ""vocabulary_grade5_candidate_judgments(최신 유효 판정)"", ""content_review_status"": ""검수 전(미승인) - vocabulary_publish_reviews류 별도 테이블에만 기록되며 이 레벨 판정과 무관"", ""expert_review_status"": ""검수자 확인 안 됨(자동 1차 초안 - 사람이 직접 작성했지만 공식 승인 절차 거치지 않음)"", ""auto_validation_status"": ""PASS"", ""auto_validation_notes"": ""이상 없음"", ""auto_validation_report"": ""reports/nikl_grade5_l3_batch2_dryrun_20261007.md 참고"", ""generator_version"": ""nikl_grade5_l3_batch2_dryrun_v1"", ""distractor_design_version"": ""v2 기준 처음부터 적용(2026-10-07) - 1차 v2에서 검수된 의미 분야 근접 오답 설계 기준을 신규 작성 시점부터 적용, 배치 내 무작위 재사용(v1 방식) 미사용"", ""wrong_option_reasons"": [{""option_text"": ""자기가 태어나고 자란 고장."", ""confusion_point"": ""반대 개념(고향)"", ""reason"": ""'자기 고향이 아닌 곳'이 아니라 '자기가 태어나고 자란 바로 그 고장'이라는 반대 뜻.""}, {""option_text"": ""한 나라 안에서 수도 다음으로 큰 도시."", ""confusion_point"": ""비슷한 범주(도시 규모 개념)"", ""reason"": ""'고향인지 아닌지'와 상관없이 '도시의 크기'를 기준으로 하는 말이라는 점이 다름.""}, {""option_text"": ""나라와 나라 사이에 경계가 되는 곳."", ""confusion_point"": ""비슷한 범주(지리적 경계)"", ""reason"": ""'고향이 아닌 고장'이 아니라 '나라 사이의 경계'를 뜻한다는 점이 다름.""}], ""key_clue"": ""'자기 고향이' + '아닌' + '고장' - 태어나 자란 곳과 다른 지역이라는 점."", ""admin_only_note"": ""wrong_option_reasons/key_clue는 검수 화면(관리자)에만 노출 - 응시 화면(제출 전)에는 노출하지 않음""}]",nikl_grade5_l3_batch2_dryrun_v1,nikl_grade5_l3_batch2_v1,MF_G5L3B2_C_G5-44a69a009f753aa8,CONTEXT_MEANING,"다음 문장에서 표시된 낱말의 뜻으로 가장 알맞은 것은?

그는 젊은 시절 【타향】에서 혼자 힘들게 생활했다.",문장 속 '타향'은 '자기가 태어나 자란 고향이 아닌 다른 고장.'을 뜻합니다.
G5-9a8bb8abc0cfa4da,,,,탄생석,명사,"[""결혼할 때 부부가 서로 나누어 끼는 반지."", ""상을 받은 사람에게 기념으로 주는 반짝이는 트로피."", ""나라마다 그 나라를 대표하는 것으로 정한 꽃."", ""태어난 달을 상징하여 몸에 지니면 행운을 준다고 알려진 보석.""]",4,"{""options"": [""결혼할 때 부부가 서로 나누어 끼는 반지."", ""상을 받은 사람에게 기념으로 주는 반짝이는 트로피."", ""나라마다 그 나라를 대표하는 것으로 정한 꽃."", ""태어난 달을 상징하여 몸에 지니면 행운을 준다고 알려진 보석.""]}","{""correct_option"": 4}",,"[{""flag"": ""NIKL_GRADE5_L3_BATCH2_ADMIN_PREVIEW"", ""source_version_isolation"": ""source_version deliberately set to nikl_grade5_l3_batch2_v1 (not 2.1.29, not nikl_grade5_l3_batch1_v1, not any existing pilot source_version) so this batch is structurally excluded from general/level-mode selection and every other batch/pilot - admin preview only"", ""human_level_judgment"": ""L3"", ""human_level_judgment_source"": ""vocabulary_grade5_candidate_judgments(최신 유효 판정)"", ""content_review_status"": ""검수 전(미승인) - vocabulary_publish_reviews류 별도 테이블에만 기록되며 이 레벨 판정과 무관"", ""expert_review_status"": ""검수자 확인 안 됨(자동 1차 초안 - 사람이 직접 작성했지만 공식 승인 절차 거치지 않음)"", ""auto_validation_status"": ""PASS"", ""auto_validation_notes"": ""이상 없음"", ""auto_validation_report"": ""reports/nikl_grade5_l3_batch2_dryrun_20261007.md 참고"", ""generator_version"": ""nikl_grade5_l3_batch2_dryrun_v1"", ""distractor_design_version"": ""v2 기준 처음부터 적용(2026-10-07) - 1차 v2에서 검수된 의미 분야 근접 오답 설계 기준을 신규 작성 시점부터 적용, 배치 내 무작위 재사용(v1 방식) 미사용"", ""wrong_option_reasons"": [{""option_text"": ""결혼할 때 부부가 서로 나누어 끼는 반지."", ""confusion_point"": ""비슷한 범주(상징적인 장신구)"", ""reason"": ""'태어난 달을 상징'하는 게 아니라 '결혼을 상징'하는 반지라는 점이 다름.""}, {""option_text"": ""상을 받은 사람에게 기념으로 주는 반짝이는 트로피."", ""confusion_point"": ""비슷한 범주(기념 상징물)"", ""reason"": ""'태어난 달'과 관련된 보석이 아니라 '상을 받은 것'을 기념하는 물건이라는 점이 다름.""}, {""option_text"": ""나라마다 그 나라를 대표하는 것으로 정한 꽃."", ""confusion_point"": ""유사 상징 개념(국화)"", ""reason"": ""'태어난 달'을 상징하는 보석이 아니라 '나라'를 상징하는 꽃이라는 점이 다름.""}], ""key_clue"": ""'태어난 달을 상징하는' + '보석' + '행운을 불러들인다고 하여 몸에 지님'."", ""admin_only_note"": ""wrong_option_reasons/key_clue는 검수 화면(관리자)에만 노출 - 응시 화면(제출 전)에는 노출하지 않음""}]",nikl_grade5_l3_batch2_dryrun_v1,nikl_grade5_l3_batch2_v1,MF_G5L3B2_M_G5-9a8bb8abc0cfa4da,MEANING_CHOICE,'탄생석'의 뜻으로 가장 알맞은 것은?,'탄생석'은 '태어난 달을 상징하여 몸에 지니면 행운을 준다고 알려진 보석.'이라는 뜻입니다.
G5-9a8bb8abc0cfa4da,,,,탄생석,명사,"[""결혼할 때 부부가 서로 나누어 끼는 반지."", ""상을 받은 사람에게 기념으로 주는 반짝이는 트로피."", ""나라마다 그 나라를 대표하는 것으로 정한 꽃."", ""태어난 달을 상징하여 몸에 지니면 행운을 준다고 알려진 보석.""]",4,"{""options"": [""결혼할 때 부부가 서로 나누어 끼는 반지."", ""상을 받은 사람에게 기념으로 주는 반짝이는 트로피."", ""나라마다 그 나라를 대표하는 것으로 정한 꽃."", ""태어난 달을 상징하여 몸에 지니면 행운을 준다고 알려진 보석.""]}","{""correct_option"": 4}",,"[{""flag"": ""NIKL_GRADE5_L3_BATCH2_ADMIN_PREVIEW"", ""source_version_isolation"": ""source_version deliberately set to nikl_grade5_l3_batch2_v1 (not 2.1.29, not nikl_grade5_l3_batch1_v1, not any existing pilot source_version) so this batch is structurally excluded from general/level-mode selection and every other batch/pilot - admin preview only"", ""human_level_judgment"": ""L3"", ""human_level_judgment_source"": ""vocabulary_grade5_candidate_judgments(최신 유효 판정)"", ""content_review_status"": ""검수 전(미승인) - vocabulary_publish_reviews류 별도 테이블에만 기록되며 이 레벨 판정과 무관"", ""expert_review_status"": ""검수자 확인 안 됨(자동 1차 초안 - 사람이 직접 작성했지만 공식 승인 절차 거치지 않음)"", ""auto_validation_status"": ""PASS"", ""auto_validation_notes"": ""이상 없음"", ""auto_validation_report"": ""reports/nikl_grade5_l3_batch2_dryrun_20261007.md 참고"", ""generator_version"": ""nikl_grade5_l3_batch2_dryrun_v1"", ""distractor_design_version"": ""v2 기준 처음부터 적용(2026-10-07) - 1차 v2에서 검수된 의미 분야 근접 오답 설계 기준을 신규 작성 시점부터 적용, 배치 내 무작위 재사용(v1 방식) 미사용"", ""wrong_option_reasons"": [{""option_text"": ""결혼할 때 부부가 서로 나누어 끼는 반지."", ""confusion_point"": ""비슷한 범주(상징적인 장신구)"", ""reason"": ""'태어난 달을 상징'하는 게 아니라 '결혼을 상징'하는 반지라는 점이 다름.""}, {""option_text"": ""상을 받은 사람에게 기념으로 주는 반짝이는 트로피."", ""confusion_point"": ""비슷한 범주(기념 상징물)"", ""reason"": ""'태어난 달'과 관련된 보석이 아니라 '상을 받은 것'을 기념하는 물건이라는 점이 다름.""}, {""option_text"": ""나라마다 그 나라를 대표하는 것으로 정한 꽃."", ""confusion_point"": ""유사 상징 개념(국화)"", ""reason"": ""'태어난 달'을 상징하는 보석이 아니라 '나라'를 상징하는 꽃이라는 점이 다름.""}], ""key_clue"": ""'태어난 달을 상징하는' + '보석' + '행운을 불러들인다고 하여 몸에 지님'."", ""admin_only_note"": ""wrong_option_reasons/key_clue는 검수 화면(관리자)에만 노출 - 응시 화면(제출 전)에는 노출하지 않음""}]",nikl_grade5_l3_batch2_dryrun_v1,nikl_grade5_l3_batch2_v1,MF_G5L3B2_C_G5-9a8bb8abc0cfa4da,CONTEXT_MEANING,"다음 문장에서 표시된 낱말의 뜻으로 가장 알맞은 것은?

내 【탄생석】은 7월을 상징하는 루비이다.",문장 속 '탄생석'은 '태어난 달을 상징하여 몸에 지니면 행운을 준다고 알려진 보석.'을 뜻합니다.
G5-849d93d9dbaa799b,,,,턱수염,명사,"[""윗입술 위쪽에 난 수염."", ""귀 앞쪽 뺨에 길게 자라난 수염."", ""아래턱 부분에 자라난 수염."", ""눈썹 위쪽에 가지런히 자란 짧은 털.""]",3,"{""options"": [""윗입술 위쪽에 난 수염."", ""귀 앞쪽 뺨에 길게 자라난 수염."", ""아래턱 부분에 자라난 수염."", ""눈썹 위쪽에 가지런히 자란 짧은 털.""]}","{""correct_option"": 3}",,"[{""flag"": ""NIKL_GRADE5_L3_BATCH2_ADMIN_PREVIEW"", ""source_version_isolation"": ""source_version deliberately set to nikl_grade5_l3_batch2_v1 (not 2.1.29, not nikl_grade5_l3_batch1_v1, not any existing pilot source_version) so this batch is structurally excluded from general/level-mode selection and every other batch/pilot - admin preview only"", ""human_level_judgment"": ""L3"", ""human_level_judgment_source"": ""vocabulary_grade5_candidate_judgments(최신 유효 판정)"", ""content_review_status"": ""검수 전(미승인) - vocabulary_publish_reviews류 별도 테이블에만 기록되며 이 레벨 판정과 무관"", ""expert_review_status"": ""검수자 확인 안 됨(자동 1차 초안 - 사람이 직접 작성했지만 공식 승인 절차 거치지 않음)"", ""auto_validation_status"": ""PASS"", ""auto_validation_notes"": ""이상 없음"", ""auto_validation_report"": ""reports/nikl_grade5_l3_batch2_dryrun_20261007.md 참고"", ""generator_version"": ""nikl_grade5_l3_batch2_dryrun_v1"", ""distractor_design_version"": ""v2 기준 처음부터 적용(2026-10-07) - 1차 v2에서 검수된 의미 분야 근접 오답 설계 기준을 신규 작성 시점부터 적용, 배치 내 무작위 재사용(v1 방식) 미사용"", ""wrong_option_reasons"": [{""option_text"": ""윗입술 위쪽에 난 수염."", ""confusion_point"": ""위치 혼동(콧수염)"", ""reason"": ""'아래턱'이 아니라 '윗입술 위쪽'에 난 수염이라는 점이 다름.""}, {""option_text"": ""귀 앞쪽 뺨에 길게 자라난 수염."", ""confusion_point"": ""위치 혼동(구레나룻)"", ""reason"": ""'아래턱'이 아니라 '귀 앞쪽 뺨'에 난 수염이라는 점이 다름.""}, {""option_text"": ""눈썹 위쪽에 가지런히 자란 짧은 털."", ""confusion_point"": ""비슷한 범주(얼굴의 털)"", ""reason"": ""'수염'이 아니라 '눈썹'을 가리킨다는 점이 다름.""}], ""key_clue"": ""'아래턱에' + '난 수염' - 얼굴에서도 턱 아래 부분에 자란 털이라는 점."", ""admin_only_note"": ""wrong_option_reasons/key_clue는 검수 화면(관리자)에만 노출 - 응시 화면(제출 전)에는 노출하지 않음""}]",nikl_grade5_l3_batch2_dryrun_v1,nikl_grade5_l3_batch2_v1,MF_G5L3B2_M_G5-849d93d9dbaa799b,MEANING_CHOICE,'턱수염'의 뜻으로 가장 알맞은 것은?,'턱수염'은 '아래턱 부분에 자라난 수염.'이라는 뜻입니다.
G5-849d93d9dbaa799b,,,,턱수염,명사,"[""윗입술 위쪽에 난 수염."", ""귀 앞쪽 뺨에 길게 자라난 수염."", ""아래턱 부분에 자라난 수염."", ""눈썹 위쪽에 가지런히 자란 짧은 털.""]",3,"{""options"": [""윗입술 위쪽에 난 수염."", ""귀 앞쪽 뺨에 길게 자라난 수염."", ""아래턱 부분에 자라난 수염."", ""눈썹 위쪽에 가지런히 자란 짧은 털.""]}","{""correct_option"": 3}",,"[{""flag"": ""NIKL_GRADE5_L3_BATCH2_ADMIN_PREVIEW"", ""source_version_isolation"": ""source_version deliberately set to nikl_grade5_l3_batch2_v1 (not 2.1.29, not nikl_grade5_l3_batch1_v1, not any existing pilot source_version) so this batch is structurally excluded from general/level-mode selection and every other batch/pilot - admin preview only"", ""human_level_judgment"": ""L3"", ""human_level_judgment_source"": ""vocabulary_grade5_candidate_judgments(최신 유효 판정)"", ""content_review_status"": ""검수 전(미승인) - vocabulary_publish_reviews류 별도 테이블에만 기록되며 이 레벨 판정과 무관"", ""expert_review_status"": ""검수자 확인 안 됨(자동 1차 초안 - 사람이 직접 작성했지만 공식 승인 절차 거치지 않음)"", ""auto_validation_status"": ""PASS"", ""auto_validation_notes"": ""이상 없음"", ""auto_validation_report"": ""reports/nikl_grade5_l3_batch2_dryrun_20261007.md 참고"", ""generator_version"": ""nikl_grade5_l3_batch2_dryrun_v1"", ""distractor_design_version"": ""v2 기준 처음부터 적용(2026-10-07) - 1차 v2에서 검수된 의미 분야 근접 오답 설계 기준을 신규 작성 시점부터 적용, 배치 내 무작위 재사용(v1 방식) 미사용"", ""wrong_option_reasons"": [{""option_text"": ""윗입술 위쪽에 난 수염."", ""confusion_point"": ""위치 혼동(콧수염)"", ""reason"": ""'아래턱'이 아니라 '윗입술 위쪽'에 난 수염이라는 점이 다름.""}, {""option_text"": ""귀 앞쪽 뺨에 길게 자라난 수염."", ""confusion_point"": ""위치 혼동(구레나룻)"", ""reason"": ""'아래턱'이 아니라 '귀 앞쪽 뺨'에 난 수염이라는 점이 다름.""}, {""option_text"": ""눈썹 위쪽에 가지런히 자란 짧은 털."", ""confusion_point"": ""비슷한 범주(얼굴의 털)"", ""reason"": ""'수염'이 아니라 '눈썹'을 가리킨다는 점이 다름.""}], ""key_clue"": ""'아래턱에' + '난 수염' - 얼굴에서도 턱 아래 부분에 자란 털이라는 점."", ""admin_only_note"": ""wrong_option_reasons/key_clue는 검수 화면(관리자)에만 노출 - 응시 화면(제출 전)에는 노출하지 않음""}]",nikl_grade5_l3_batch2_dryrun_v1,nikl_grade5_l3_batch2_v1,MF_G5L3B2_C_G5-849d93d9dbaa799b,CONTEXT_MEANING,"다음 문장에서 표시된 낱말의 뜻으로 가장 알맞은 것은?

할아버지는 하얗게 센 【턱수염】을 기르고 계셨다.",문장 속 '턱수염'은 '아래턱 부분에 자라난 수염.'을 뜻합니다.
G5-36deb023167c53ff,,,,포장도로,명사,"[""시멘트나 아스팔트 따위로 단단하게 덮어 차와 사람이 다니기 좋게 만든 길."", ""돌과 흙이 그대로 드러나 있어 비가 오면 질퍽거리는 길."", ""자동차는 다닐 수 없고 사람만 걸어 다닐 수 있게 만든 좁은 길."", ""기차가 다닐 수 있도록 철을 깔아 만든 길.""]",1,"{""options"": [""시멘트나 아스팔트 따위로 단단하게 덮어 차와 사람이 다니기 좋게 만든 길."", ""돌과 흙이 그대로 드러나 있어 비가 오면 질퍽거리는 길."", ""자동차는 다닐 수 없고 사람만 걸어 다닐 수 있게 만든 좁은 길."", ""기차가 다닐 수 있도록 철을 깔아 만든 길.""]}","{""correct_option"": 1}",,"[{""flag"": ""NIKL_GRADE5_L3_BATCH2_ADMIN_PREVIEW"", ""source_version_isolation"": ""source_version deliberately set to nikl_grade5_l3_batch2_v1 (not 2.1.29, not nikl_grade5_l3_batch1_v1, not any existing pilot source_version) so this batch is structurally excluded from general/level-mode selection and every other batch/pilot - admin preview only"", ""human_level_judgment"": ""L3"", ""human_level_judgment_source"": ""vocabulary_grade5_candidate_judgments(최신 유효 판정)"", ""content_review_status"": ""검수 전(미승인) - vocabulary_publish_reviews류 별도 테이블에만 기록되며 이 레벨 판정과 무관"", ""expert_review_status"": ""검수자 확인 안 됨(자동 1차 초안 - 사람이 직접 작성했지만 공식 승인 절차 거치지 않음)"", ""auto_validation_status"": ""PASS"", ""auto_validation_notes"": ""이상 없음"", ""auto_validation_report"": ""reports/nikl_grade5_l3_batch2_dryrun_20261007.md 참고"", ""generator_version"": ""nikl_grade5_l3_batch2_dryrun_v1"", ""distractor_design_version"": ""v2 기준 처음부터 적용(2026-10-07) - 1차 v2에서 검수된 의미 분야 근접 오답 설계 기준을 신규 작성 시점부터 적용, 배치 내 무작위 재사용(v1 방식) 미사용"", ""wrong_option_reasons"": [{""option_text"": ""돌과 흙이 그대로 드러나 있어 비가 오면 질퍽거리는 길."", ""confusion_point"": ""반대 개념(비포장도로)"", ""reason"": ""'시멘트·아스팔트로 단단하게 다진'이 아니라 '돌과 흙이 그대로 드러난' 길이라는 반대 뜻.""}, {""option_text"": ""자동차는 다닐 수 없고 사람만 걸어 다닐 수 있게 만든 좁은 길."", ""confusion_point"": ""비슷한 범주(사람만 다니는 길)"", ""reason"": ""'사람이나 자동차가 다님'이 아니라 '사람만 걸어 다님'이라는 점이 다름.""}, {""option_text"": ""기차가 다닐 수 있도록 철을 깔아 만든 길."", ""confusion_point"": ""비슷한 범주(교통용 길)"", ""reason"": ""'자동차·사람이 다니는 넓은 길'이 아니라 '기차가 다니는 철길'이라는 점이 다름.""}], ""key_clue"": ""'시멘트나 아스팔트로 덮어' + '단단하게 다진' + '넓은 길' - 사람·자동차가 다니기 좋게 포장한 길이라는 점."", ""admin_only_note"": ""wrong_option_reasons/key_clue는 검수 화면(관리자)에만 노출 - 응시 화면(제출 전)에는 노출하지 않음""}]",nikl_grade5_l3_batch2_dryrun_v1,nikl_grade5_l3_batch2_v1,MF_G5L3B2_M_G5-36deb023167c53ff,MEANING_CHOICE,'포장도로'의 뜻으로 가장 알맞은 것은?,'포장도로'는 '시멘트나 아스팔트 따위로 단단하게 덮어 차와 사람이 다니기 좋게 만든 길.'이라는 뜻입니다.
G5-36deb023167c53ff,,,,포장도로,명사,"[""시멘트나 아스팔트 따위로 단단하게 덮어 차와 사람이 다니기 좋게 만든 길."", ""돌과 흙이 그대로 드러나 있어 비가 오면 질퍽거리는 길."", ""자동차는 다닐 수 없고 사람만 걸어 다닐 수 있게 만든 좁은 길."", ""기차가 다닐 수 있도록 철을 깔아 만든 길.""]",1,"{""options"": [""시멘트나 아스팔트 따위로 단단하게 덮어 차와 사람이 다니기 좋게 만든 길."", ""돌과 흙이 그대로 드러나 있어 비가 오면 질퍽거리는 길."", ""자동차는 다닐 수 없고 사람만 걸어 다닐 수 있게 만든 좁은 길."", ""기차가 다닐 수 있도록 철을 깔아 만든 길.""]}","{""correct_option"": 1}",,"[{""flag"": ""NIKL_GRADE5_L3_BATCH2_ADMIN_PREVIEW"", ""source_version_isolation"": ""source_version deliberately set to nikl_grade5_l3_batch2_v1 (not 2.1.29, not nikl_grade5_l3_batch1_v1, not any existing pilot source_version) so this batch is structurally excluded from general/level-mode selection and every other batch/pilot - admin preview only"", ""human_level_judgment"": ""L3"", ""human_level_judgment_source"": ""vocabulary_grade5_candidate_judgments(최신 유효 판정)"", ""content_review_status"": ""검수 전(미승인) - vocabulary_publish_reviews류 별도 테이블에만 기록되며 이 레벨 판정과 무관"", ""expert_review_status"": ""검수자 확인 안 됨(자동 1차 초안 - 사람이 직접 작성했지만 공식 승인 절차 거치지 않음)"", ""auto_validation_status"": ""PASS"", ""auto_validation_notes"": ""이상 없음"", ""auto_validation_report"": ""reports/nikl_grade5_l3_batch2_dryrun_20261007.md 참고"", ""generator_version"": ""nikl_grade5_l3_batch2_dryrun_v1"", ""distractor_design_version"": ""v2 기준 처음부터 적용(2026-10-07) - 1차 v2에서 검수된 의미 분야 근접 오답 설계 기준을 신규 작성 시점부터 적용, 배치 내 무작위 재사용(v1 방식) 미사용"", ""wrong_option_reasons"": [{""option_text"": ""돌과 흙이 그대로 드러나 있어 비가 오면 질퍽거리는 길."", ""confusion_point"": ""반대 개념(비포장도로)"", ""reason"": ""'시멘트·아스팔트로 단단하게 다진'이 아니라 '돌과 흙이 그대로 드러난' 길이라는 반대 뜻.""}, {""option_text"": ""자동차는 다닐 수 없고 사람만 걸어 다닐 수 있게 만든 좁은 길."", ""confusion_point"": ""비슷한 범주(사람만 다니는 길)"", ""reason"": ""'사람이나 자동차가 다님'이 아니라 '사람만 걸어 다님'이라는 점이 다름.""}, {""option_text"": ""기차가 다닐 수 있도록 철을 깔아 만든 길."", ""confusion_point"": ""비슷한 범주(교통용 길)"", ""reason"": ""'자동차·사람이 다니는 넓은 길'이 아니라 '기차가 다니는 철길'이라는 점이 다름.""}], ""key_clue"": ""'시멘트나 아스팔트로 덮어' + '단단하게 다진' + '넓은 길' - 사람·자동차가 다니기 좋게 포장한 길이라는 점."", ""admin_only_note"": ""wrong_option_reasons/key_clue는 검수 화면(관리자)에만 노출 - 응시 화면(제출 전)에는 노출하지 않음""}]",nikl_grade5_l3_batch2_dryrun_v1,nikl_grade5_l3_batch2_v1,MF_G5L3B2_C_G5-36deb023167c53ff,CONTEXT_MEANING,"다음 문장에서 표시된 낱말의 뜻으로 가장 알맞은 것은?

공사가 끝나자 울퉁불퉁하던 흙길이 매끈한 【포장도로】로 바뀌었다.",문장 속 '포장도로'는 '시멘트나 아스팔트 따위로 단단하게 덮어 차와 사람이 다니기 좋게 만든 길.'을 뜻합니다.
G5-25ba52eb835b5d79,,,,품팔이,명사,"[""아무런 대가도 받지 않고 스스로 나서서 돕는 일."", ""자기 땅과 가게를 가지고 직접 운영하는 일."", ""한 회사에 오래 소속되어 정해진 월급을 받는 일."", ""삯을 받고 남의 일을 해 주는 일. 또는 그 일을 하는 사람.""]",4,"{""options"": [""아무런 대가도 받지 않고 스스로 나서서 돕는 일."", ""자기 땅과 가게를 가지고 직접 운영하는 일."", ""한 회사에 오래 소속되어 정해진 월급을 받는 일."", ""삯을 받고 남의 일을 해 주는 일. 또는 그 일을 하는 사람.""]}","{""correct_option"": 4}",,"[{""flag"": ""NIKL_GRADE5_L3_BATCH2_ADMIN_PREVIEW"", ""source_version_isolation"": ""source_version deliberately set to nikl_grade5_l3_batch2_v1 (not 2.1.29, not nikl_grade5_l3_batch1_v1, not any existing pilot source_version) so this batch is structurally excluded from general/level-mode selection and every other batch/pilot - admin preview only"", ""human_level_judgment"": ""L3"", ""human_level_judgment_source"": ""vocabulary_grade5_candidate_judgments(최신 유효 판정)"", ""content_review_status"": ""검수 전(미승인) - vocabulary_publish_reviews류 별도 테이블에만 기록되며 이 레벨 판정과 무관"", ""expert_review_status"": ""검수자 확인 안 됨(자동 1차 초안 - 사람이 직접 작성했지만 공식 승인 절차 거치지 않음)"", ""auto_validation_status"": ""PASS"", ""auto_validation_notes"": ""이상 없음"", ""auto_validation_report"": ""reports/nikl_grade5_l3_batch2_dryrun_20261007.md 참고"", ""generator_version"": ""nikl_grade5_l3_batch2_dryrun_v1"", ""distractor_design_version"": ""v2 기준 처음부터 적용(2026-10-07) - 1차 v2에서 검수된 의미 분야 근접 오답 설계 기준을 신규 작성 시점부터 적용, 배치 내 무작위 재사용(v1 방식) 미사용"", ""wrong_option_reasons"": [{""option_text"": ""아무런 대가도 받지 않고 스스로 나서서 돕는 일."", ""confusion_point"": ""반대 개념(무료 봉사)"", ""reason"": ""'삯(돈)을 받고' 하는 일이 아니라 '대가 없이' 돕는 일이라는 반대 뜻.""}, {""option_text"": ""자기 땅과 가게를 가지고 직접 운영하는 일."", ""confusion_point"": ""반대 개념(자영업)"", ""reason"": ""'남의 일을 해 줌'이 아니라 '자기 땅·가게를 직접 운영함'이라는 반대 뜻.""}, {""option_text"": ""한 회사에 오래 소속되어 정해진 월급을 받는 일."", ""confusion_point"": ""유사 노동 형태(정규직)"", ""reason"": ""'그때그때 삯을 받는 일'이 아니라 '한 곳에 오래 소속되어 정해진 월급을 받는 일'이라는 점이 다름.""}], ""key_clue"": ""'품삯을 받고' + '남의 일을 해 줌' - 대가를 받고 남의 일을 돕는다는 점."", ""admin_only_note"": ""wrong_option_reasons/key_clue는 검수 화면(관리자)에만 노출 - 응시 화면(제출 전)에는 노출하지 않음""}]",nikl_grade5_l3_batch2_dryrun_v1,nikl_grade5_l3_batch2_v1,MF_G5L3B2_M_G5-25ba52eb835b5d79,MEANING_CHOICE,'품팔이'의 뜻으로 가장 알맞은 것은?,'품팔이'는 '삯을 받고 남의 일을 해 주는 일. 또는 그 일을 하는 사람.'이라는 뜻입니다.
G5-25ba52eb835b5d79,,,,품팔이,명사,"[""아무런 대가도 받지 않고 스스로 나서서 돕는 일."", ""자기 땅과 가게를 가지고 직접 운영하는 일."", ""한 회사에 오래 소속되어 정해진 월급을 받는 일."", ""삯을 받고 남의 일을 해 주는 일. 또는 그 일을 하는 사람.""]",4,"{""options"": [""아무런 대가도 받지 않고 스스로 나서서 돕는 일."", ""자기 땅과 가게를 가지고 직접 운영하는 일."", ""한 회사에 오래 소속되어 정해진 월급을 받는 일."", ""삯을 받고 남의 일을 해 주는 일. 또는 그 일을 하는 사람.""]}","{""correct_option"": 4}",,"[{""flag"": ""NIKL_GRADE5_L3_BATCH2_ADMIN_PREVIEW"", ""source_version_isolation"": ""source_version deliberately set to nikl_grade5_l3_batch2_v1 (not 2.1.29, not nikl_grade5_l3_batch1_v1, not any existing pilot source_version) so this batch is structurally excluded from general/level-mode selection and every other batch/pilot - admin preview only"", ""human_level_judgment"": ""L3"", ""human_level_judgment_source"": ""vocabulary_grade5_candidate_judgments(최신 유효 판정)"", ""content_review_status"": ""검수 전(미승인) - vocabulary_publish_reviews류 별도 테이블에만 기록되며 이 레벨 판정과 무관"", ""expert_review_status"": ""검수자 확인 안 됨(자동 1차 초안 - 사람이 직접 작성했지만 공식 승인 절차 거치지 않음)"", ""auto_validation_status"": ""PASS"", ""auto_validation_notes"": ""이상 없음"", ""auto_validation_report"": ""reports/nikl_grade5_l3_batch2_dryrun_20261007.md 참고"", ""generator_version"": ""nikl_grade5_l3_batch2_dryrun_v1"", ""distractor_design_version"": ""v2 기준 처음부터 적용(2026-10-07) - 1차 v2에서 검수된 의미 분야 근접 오답 설계 기준을 신규 작성 시점부터 적용, 배치 내 무작위 재사용(v1 방식) 미사용"", ""wrong_option_reasons"": [{""option_text"": ""아무런 대가도 받지 않고 스스로 나서서 돕는 일."", ""confusion_point"": ""반대 개념(무료 봉사)"", ""reason"": ""'삯(돈)을 받고' 하는 일이 아니라 '대가 없이' 돕는 일이라는 반대 뜻.""}, {""option_text"": ""자기 땅과 가게를 가지고 직접 운영하는 일."", ""confusion_point"": ""반대 개념(자영업)"", ""reason"": ""'남의 일을 해 줌'이 아니라 '자기 땅·가게를 직접 운영함'이라는 반대 뜻.""}, {""option_text"": ""한 회사에 오래 소속되어 정해진 월급을 받는 일."", ""confusion_point"": ""유사 노동 형태(정규직)"", ""reason"": ""'그때그때 삯을 받는 일'이 아니라 '한 곳에 오래 소속되어 정해진 월급을 받는 일'이라는 점이 다름.""}], ""key_clue"": ""'품삯을 받고' + '남의 일을 해 줌' - 대가를 받고 남의 일을 돕는다는 점."", ""admin_only_note"": ""wrong_option_reasons/key_clue는 검수 화면(관리자)에만 노출 - 응시 화면(제출 전)에는 노출하지 않음""}]",nikl_grade5_l3_batch2_dryrun_v1,nikl_grade5_l3_batch2_v1,MF_G5L3B2_C_G5-25ba52eb835b5d79,CONTEXT_MEANING,"다음 문장에서 표시된 낱말의 뜻으로 가장 알맞은 것은?

옛날 가난한 농민들은 【품팔이】로 생계를 이어 가기도 했다.",문장 속 '품팔이'는 '삯을 받고 남의 일을 해 주는 일. 또는 그 일을 하는 사람.'을 뜻합니다.
G5-80c717622f097d44,,,,해명하다,동사,"[""잘못한 일에 대해 용서를 구하며 사과하다."", ""어떤 일의 까닭이나 속사정을 자세히 풀어서 밝히다."", ""중요한 비밀을 다른 사람에게 몰래 알려 주다."", ""자신의 생각을 굽히지 않고 끝까지 주장하다.""]",2,"{""options"": [""잘못한 일에 대해 용서를 구하며 사과하다."", ""어떤 일의 까닭이나 속사정을 자세히 풀어서 밝히다."", ""중요한 비밀을 다른 사람에게 몰래 알려 주다."", ""자신의 생각을 굽히지 않고 끝까지 주장하다.""]}","{""correct_option"": 2}",,"[{""flag"": ""NIKL_GRADE5_L3_BATCH2_ADMIN_PREVIEW"", ""source_version_isolation"": ""source_version deliberately set to nikl_grade5_l3_batch2_v1 (not 2.1.29, not nikl_grade5_l3_batch1_v1, not any existing pilot source_version) so this batch is structurally excluded from general/level-mode selection and every other batch/pilot - admin preview only"", ""human_level_judgment"": ""L3"", ""human_level_judgment_source"": ""vocabulary_grade5_candidate_judgments(최신 유효 판정)"", ""content_review_status"": ""검수 전(미승인) - vocabulary_publish_reviews류 별도 테이블에만 기록되며 이 레벨 판정과 무관"", ""expert_review_status"": ""검수자 확인 안 됨(자동 1차 초안 - 사람이 직접 작성했지만 공식 승인 절차 거치지 않음)"", ""auto_validation_status"": ""PASS"", ""auto_validation_notes"": ""이상 없음"", ""auto_validation_report"": ""reports/nikl_grade5_l3_batch2_dryrun_20261007.md 참고"", ""generator_version"": ""nikl_grade5_l3_batch2_dryrun_v1"", ""distractor_design_version"": ""v2 기준 처음부터 적용(2026-10-07) - 1차 v2에서 검수된 의미 분야 근접 오답 설계 기준을 신규 작성 시점부터 적용, 배치 내 무작위 재사용(v1 방식) 미사용"", ""wrong_option_reasons"": [{""option_text"": ""잘못한 일에 대해 용서를 구하며 사과하다."", ""confusion_point"": ""유사 상황(사죄하다)"", ""reason"": ""'까닭을 풀어서 밝힘'이 아니라 '잘못을 인정하고 용서를 구함'이라는 점이 다름.""}, {""option_text"": ""중요한 비밀을 다른 사람에게 몰래 알려 주다."", ""confusion_point"": ""비슷한 범주(정보를 알림)"", ""reason"": ""'까닭을 풀어서 밝힘'이 아니라 '비밀을 몰래 알려 줌'이라는 점이 다름.""}, {""option_text"": ""자신의 생각을 굽히지 않고 끝까지 주장하다."", ""confusion_point"": ""반대 태도(고집하다)"", ""reason"": ""'까닭을 풀어서 밝혀 이해시킴'이 아니라 '자기 생각만 끝까지 주장함'이라는 반대 뜻.""}], ""key_clue"": ""'까닭이나 내용을' + '풀어서 밝힘' - 오해나 의문이 들 만한 일의 속사정을 설명한다는 점."", ""admin_only_note"": ""wrong_option_reasons/key_clue는 검수 화면(관리자)에만 노출 - 응시 화면(제출 전)에는 노출하지 않음""}]",nikl_grade5_l3_batch2_dryrun_v1,nikl_grade5_l3_batch2_v1,MF_G5L3B2_M_G5-80c717622f097d44,MEANING_CHOICE,'해명하다'의 뜻으로 가장 알맞은 것은?,'해명하다'는 '어떤 일의 까닭이나 속사정을 자세히 풀어서 밝히다.'라는 뜻입니다.
G5-80c717622f097d44,,,,해명하다,동사,"[""잘못한 일에 대해 용서를 구하며 사과하다."", ""어떤 일의 까닭이나 속사정을 자세히 풀어서 밝히다."", ""중요한 비밀을 다른 사람에게 몰래 알려 주다."", ""자신의 생각을 굽히지 않고 끝까지 주장하다.""]",2,"{""options"": [""잘못한 일에 대해 용서를 구하며 사과하다."", ""어떤 일의 까닭이나 속사정을 자세히 풀어서 밝히다."", ""중요한 비밀을 다른 사람에게 몰래 알려 주다."", ""자신의 생각을 굽히지 않고 끝까지 주장하다.""]}","{""correct_option"": 2}",,"[{""flag"": ""NIKL_GRADE5_L3_BATCH2_ADMIN_PREVIEW"", ""source_version_isolation"": ""source_version deliberately set to nikl_grade5_l3_batch2_v1 (not 2.1.29, not nikl_grade5_l3_batch1_v1, not any existing pilot source_version) so this batch is structurally excluded from general/level-mode selection and every other batch/pilot - admin preview only"", ""human_level_judgment"": ""L3"", ""human_level_judgment_source"": ""vocabulary_grade5_candidate_judgments(최신 유효 판정)"", ""content_review_status"": ""검수 전(미승인) - vocabulary_publish_reviews류 별도 테이블에만 기록되며 이 레벨 판정과 무관"", ""expert_review_status"": ""검수자 확인 안 됨(자동 1차 초안 - 사람이 직접 작성했지만 공식 승인 절차 거치지 않음)"", ""auto_validation_status"": ""PASS"", ""auto_validation_notes"": ""이상 없음"", ""auto_validation_report"": ""reports/nikl_grade5_l3_batch2_dryrun_20261007.md 참고"", ""generator_version"": ""nikl_grade5_l3_batch2_dryrun_v1"", ""distractor_design_version"": ""v2 기준 처음부터 적용(2026-10-07) - 1차 v2에서 검수된 의미 분야 근접 오답 설계 기준을 신규 작성 시점부터 적용, 배치 내 무작위 재사용(v1 방식) 미사용"", ""wrong_option_reasons"": [{""option_text"": ""잘못한 일에 대해 용서를 구하며 사과하다."", ""confusion_point"": ""유사 상황(사죄하다)"", ""reason"": ""'까닭을 풀어서 밝힘'이 아니라 '잘못을 인정하고 용서를 구함'이라는 점이 다름.""}, {""option_text"": ""중요한 비밀을 다른 사람에게 몰래 알려 주다."", ""confusion_point"": ""비슷한 범주(정보를 알림)"", ""reason"": ""'까닭을 풀어서 밝힘'이 아니라 '비밀을 몰래 알려 줌'이라는 점이 다름.""}, {""option_text"": ""자신의 생각을 굽히지 않고 끝까지 주장하다."", ""confusion_point"": ""반대 태도(고집하다)"", ""reason"": ""'까닭을 풀어서 밝혀 이해시킴'이 아니라 '자기 생각만 끝까지 주장함'이라는 반대 뜻.""}], ""key_clue"": ""'까닭이나 내용을' + '풀어서 밝힘' - 오해나 의문이 들 만한 일의 속사정을 설명한다는 점."", ""admin_only_note"": ""wrong_option_reasons/key_clue는 검수 화면(관리자)에만 노출 - 응시 화면(제출 전)에는 노출하지 않음""}]",nikl_grade5_l3_batch2_dryrun_v1,nikl_grade5_l3_batch2_v1,MF_G5L3B2_C_G5-80c717622f097d44,CONTEXT_MEANING,"다음 문장에서 표시된 낱말의 뜻으로 가장 알맞은 것은?

그는 오해를 풀기 위해 사건의 전말을 차근차근 【해명했다】.",문장 속 '해명하다'는 '어떤 일의 까닭이나 속사정을 자세히 풀어서 밝히다.'를 뜻합니다.
G5-907a1f279a938291,,,,호위하다,동사,"[""몰래 뒤따라가며 행동을 살피다."", ""위험한 곳에 가지 못하게 막아서다."", ""길을 잃은 사람에게 가는 방향을 알려 주다."", ""곁에서 따라다니며 위험하지 않도록 보호하고 지키다.""]",4,"{""options"": [""몰래 뒤따라가며 행동을 살피다."", ""위험한 곳에 가지 못하게 막아서다."", ""길을 잃은 사람에게 가는 방향을 알려 주다."", ""곁에서 따라다니며 위험하지 않도록 보호하고 지키다.""]}","{""correct_option"": 4}",,"[{""flag"": ""NIKL_GRADE5_L3_BATCH2_ADMIN_PREVIEW"", ""source_version_isolation"": ""source_version deliberately set to nikl_grade5_l3_batch2_v1 (not 2.1.29, not nikl_grade5_l3_batch1_v1, not any existing pilot source_version) so this batch is structurally excluded from general/level-mode selection and every other batch/pilot - admin preview only"", ""human_level_judgment"": ""L3"", ""human_level_judgment_source"": ""vocabulary_grade5_candidate_judgments(최신 유효 판정)"", ""content_review_status"": ""검수 전(미승인) - vocabulary_publish_reviews류 별도 테이블에만 기록되며 이 레벨 판정과 무관"", ""expert_review_status"": ""검수자 확인 안 됨(자동 1차 초안 - 사람이 직접 작성했지만 공식 승인 절차 거치지 않음)"", ""auto_validation_status"": ""PASS"", ""auto_validation_notes"": ""이상 없음"", ""auto_validation_report"": ""reports/nikl_grade5_l3_batch2_dryrun_20261007.md 참고"", ""generator_version"": ""nikl_grade5_l3_batch2_dryrun_v1"", ""distractor_design_version"": ""v2 기준 처음부터 적용(2026-10-07) - 1차 v2에서 검수된 의미 분야 근접 오답 설계 기준을 신규 작성 시점부터 적용, 배치 내 무작위 재사용(v1 방식) 미사용"", ""wrong_option_reasons"": [{""option_text"": ""몰래 뒤따라가며 행동을 살피다."", ""confusion_point"": ""유사 동작(미행하다)"", ""reason"": ""'곁에서 보호하고 지킴'이 아니라 '몰래 뒤쫓으며 살핌'이라는 점이 다름(목적이 보호가 아니라 감시).""}, {""option_text"": ""위험한 곳에 가지 못하게 막아서다."", ""confusion_point"": ""비슷한 범주(막아서는 행동)"", ""reason"": ""'따라다니며 보호함'이 아니라 '가지 못하게 막음'이라는 점이 다름.""}, {""option_text"": ""길을 잃은 사람에게 가는 방향을 알려 주다."", ""confusion_point"": ""비슷한 범주(동행하며 돕는 행동)"", ""reason"": ""'보호하고 지킴'이 아니라 '길을 알려 줌'이라는 점이 다름.""}], ""key_clue"": ""'따라다니며' + '곁에서 보호하고 지킴' - 위험으로부터 지켜 준다는 점."", ""admin_only_note"": ""wrong_option_reasons/key_clue는 검수 화면(관리자)에만 노출 - 응시 화면(제출 전)에는 노출하지 않음""}]",nikl_grade5_l3_batch2_dryrun_v1,nikl_grade5_l3_batch2_v1,MF_G5L3B2_M_G5-907a1f279a938291,MEANING_CHOICE,'호위하다'의 뜻으로 가장 알맞은 것은?,'호위하다'는 '곁에서 따라다니며 위험하지 않도록 보호하고 지키다.'라는 뜻입니다.
G5-907a1f279a938291,,,,호위하다,동사,"[""몰래 뒤따라가며 행동을 살피다."", ""위험한 곳에 가지 못하게 막아서다."", ""길을 잃은 사람에게 가는 방향을 알려 주다."", ""곁에서 따라다니며 위험하지 않도록 보호하고 지키다.""]",4,"{""options"": [""몰래 뒤따라가며 행동을 살피다."", ""위험한 곳에 가지 못하게 막아서다."", ""길을 잃은 사람에게 가는 방향을 알려 주다."", ""곁에서 따라다니며 위험하지 않도록 보호하고 지키다.""]}","{""correct_option"": 4}",,"[{""flag"": ""NIKL_GRADE5_L3_BATCH2_ADMIN_PREVIEW"", ""source_version_isolation"": ""source_version deliberately set to nikl_grade5_l3_batch2_v1 (not 2.1.29, not nikl_grade5_l3_batch1_v1, not any existing pilot source_version) so this batch is structurally excluded from general/level-mode selection and every other batch/pilot - admin preview only"", ""human_level_judgment"": ""L3"", ""human_level_judgment_source"": ""vocabulary_grade5_candidate_judgments(최신 유효 판정)"", ""content_review_status"": ""검수 전(미승인) - vocabulary_publish_reviews류 별도 테이블에만 기록되며 이 레벨 판정과 무관"", ""expert_review_status"": ""검수자 확인 안 됨(자동 1차 초안 - 사람이 직접 작성했지만 공식 승인 절차 거치지 않음)"", ""auto_validation_status"": ""PASS"", ""auto_validation_notes"": ""이상 없음"", ""auto_validation_report"": ""reports/nikl_grade5_l3_batch2_dryrun_20261007.md 참고"", ""generator_version"": ""nikl_grade5_l3_batch2_dryrun_v1"", ""distractor_design_version"": ""v2 기준 처음부터 적용(2026-10-07) - 1차 v2에서 검수된 의미 분야 근접 오답 설계 기준을 신규 작성 시점부터 적용, 배치 내 무작위 재사용(v1 방식) 미사용"", ""wrong_option_reasons"": [{""option_text"": ""몰래 뒤따라가며 행동을 살피다."", ""confusion_point"": ""유사 동작(미행하다)"", ""reason"": ""'곁에서 보호하고 지킴'이 아니라 '몰래 뒤쫓으며 살핌'이라는 점이 다름(목적이 보호가 아니라 감시).""}, {""option_text"": ""위험한 곳에 가지 못하게 막아서다."", ""confusion_point"": ""비슷한 범주(막아서는 행동)"", ""reason"": ""'따라다니며 보호함'이 아니라 '가지 못하게 막음'이라는 점이 다름.""}, {""option_text"": ""길을 잃은 사람에게 가는 방향을 알려 주다."", ""confusion_point"": ""비슷한 범주(동행하며 돕는 행동)"", ""reason"": ""'보호하고 지킴'이 아니라 '길을 알려 줌'이라는 점이 다름.""}], ""key_clue"": ""'따라다니며' + '곁에서 보호하고 지킴' - 위험으로부터 지켜 준다는 점."", ""admin_only_note"": ""wrong_option_reasons/key_clue는 검수 화면(관리자)에만 노출 - 응시 화면(제출 전)에는 노출하지 않음""}]",nikl_grade5_l3_batch2_dryrun_v1,nikl_grade5_l3_batch2_v1,MF_G5L3B2_C_G5-907a1f279a938291,CONTEXT_MEANING,"다음 문장에서 표시된 낱말의 뜻으로 가장 알맞은 것은?

경호원들은 대통령의 곁에서 그를 【호위했다】.",문장 속 '호위하다'는 '곁에서 따라다니며 위험하지 않도록 보호하고 지키다.'를 뜻합니다.
G5-04c5b7256a520ffc,,,,화전민,명사,"[""바닷가에 살며 고기잡이로 생계를 이어 가는 사람."", ""산에 불을 질러 밭을 만들고 그 땅에서 농사를 짓는 사람."", ""한곳에 머물지 않고 가축과 함께 풀밭을 옮겨 다니며 사는 사람."", ""물건을 만들어 시장에 내다 파는 것을 직업으로 하는 사람.""]",2,"{""options"": [""바닷가에 살며 고기잡이로 생계를 이어 가는 사람."", ""산에 불을 질러 밭을 만들고 그 땅에서 농사를 짓는 사람."", ""한곳에 머물지 않고 가축과 함께 풀밭을 옮겨 다니며 사는 사람."", ""물건을 만들어 시장에 내다 파는 것을 직업으로 하는 사람.""]}","{""correct_option"": 2}",,"[{""flag"": ""NIKL_GRADE5_L3_BATCH2_ADMIN_PREVIEW"", ""source_version_isolation"": ""source_version deliberately set to nikl_grade5_l3_batch2_v1 (not 2.1.29, not nikl_grade5_l3_batch1_v1, not any existing pilot source_version) so this batch is structurally excluded from general/level-mode selection and every other batch/pilot - admin preview only"", ""human_level_judgment"": ""L3"", ""human_level_judgment_source"": ""vocabulary_grade5_candidate_judgments(최신 유효 판정)"", ""content_review_status"": ""검수 전(미승인) - vocabulary_publish_reviews류 별도 테이블에만 기록되며 이 레벨 판정과 무관"", ""expert_review_status"": ""검수자 확인 안 됨(자동 1차 초안 - 사람이 직접 작성했지만 공식 승인 절차 거치지 않음)"", ""auto_validation_status"": ""PASS"", ""auto_validation_notes"": ""이상 없음"", ""auto_validation_report"": ""reports/nikl_grade5_l3_batch2_dryrun_20261007.md 참고"", ""generator_version"": ""nikl_grade5_l3_batch2_dryrun_v1"", ""distractor_design_version"": ""v2 기준 처음부터 적용(2026-10-07) - 1차 v2에서 검수된 의미 분야 근접 오답 설계 기준을 신규 작성 시점부터 적용, 배치 내 무작위 재사용(v1 방식) 미사용"", ""wrong_option_reasons"": [{""option_text"": ""바닷가에 살며 고기잡이로 생계를 이어 가는 사람."", ""confusion_point"": ""유사 범주(어민)"", ""reason"": ""'산에 불을 질러 밭을 일굼'이 아니라 '바다에서 고기잡이를 함'이라는 점이 다름.""}, {""option_text"": ""한곳에 머물지 않고 가축과 함께 풀밭을 옮겨 다니며 사는 사람."", ""confusion_point"": ""유사 범주(유목민)"", ""reason"": ""'한곳의 밭에서 농사를 지음'이 아니라 '옮겨 다니며 가축을 기름'이라는 점이 다름.""}, {""option_text"": ""물건을 만들어 시장에 내다 파는 것을 직업으로 하는 사람."", ""confusion_point"": ""비슷한 범주(전통 직업)"", ""reason"": ""'불을 질러 밭을 일구어 농사지음'이 아니라 '물건을 사고파는 일을 함'이라는 점이 다름.""}], ""key_clue"": ""'화전을 일구어' + '농사를 지음' - 산에 불을 놓아 만든 밭에서 농사짓는 사람이라는 점."", ""admin_only_note"": ""wrong_option_reasons/key_clue는 검수 화면(관리자)에만 노출 - 응시 화면(제출 전)에는 노출하지 않음""}]",nikl_grade5_l3_batch2_dryrun_v1,nikl_grade5_l3_batch2_v1,MF_G5L3B2_M_G5-04c5b7256a520ffc,MEANING_CHOICE,'화전민'의 뜻으로 가장 알맞은 것은?,'화전민'은 '산에 불을 질러 밭을 만들고 그 땅에서 농사를 짓는 사람.'이라는 뜻입니다.
G5-04c5b7256a520ffc,,,,화전민,명사,"[""바닷가에 살며 고기잡이로 생계를 이어 가는 사람."", ""산에 불을 질러 밭을 만들고 그 땅에서 농사를 짓는 사람."", ""한곳에 머물지 않고 가축과 함께 풀밭을 옮겨 다니며 사는 사람."", ""물건을 만들어 시장에 내다 파는 것을 직업으로 하는 사람.""]",2,"{""options"": [""바닷가에 살며 고기잡이로 생계를 이어 가는 사람."", ""산에 불을 질러 밭을 만들고 그 땅에서 농사를 짓는 사람."", ""한곳에 머물지 않고 가축과 함께 풀밭을 옮겨 다니며 사는 사람."", ""물건을 만들어 시장에 내다 파는 것을 직업으로 하는 사람.""]}","{""correct_option"": 2}",,"[{""flag"": ""NIKL_GRADE5_L3_BATCH2_ADMIN_PREVIEW"", ""source_version_isolation"": ""source_version deliberately set to nikl_grade5_l3_batch2_v1 (not 2.1.29, not nikl_grade5_l3_batch1_v1, not any existing pilot source_version) so this batch is structurally excluded from general/level-mode selection and every other batch/pilot - admin preview only"", ""human_level_judgment"": ""L3"", ""human_level_judgment_source"": ""vocabulary_grade5_candidate_judgments(최신 유효 판정)"", ""content_review_status"": ""검수 전(미승인) - vocabulary_publish_reviews류 별도 테이블에만 기록되며 이 레벨 판정과 무관"", ""expert_review_status"": ""검수자 확인 안 됨(자동 1차 초안 - 사람이 직접 작성했지만 공식 승인 절차 거치지 않음)"", ""auto_validation_status"": ""PASS"", ""auto_validation_notes"": ""이상 없음"", ""auto_validation_report"": ""reports/nikl_grade5_l3_batch2_dryrun_20261007.md 참고"", ""generator_version"": ""nikl_grade5_l3_batch2_dryrun_v1"", ""distractor_design_version"": ""v2 기준 처음부터 적용(2026-10-07) - 1차 v2에서 검수된 의미 분야 근접 오답 설계 기준을 신규 작성 시점부터 적용, 배치 내 무작위 재사용(v1 방식) 미사용"", ""wrong_option_reasons"": [{""option_text"": ""바닷가에 살며 고기잡이로 생계를 이어 가는 사람."", ""confusion_point"": ""유사 범주(어민)"", ""reason"": ""'산에 불을 질러 밭을 일굼'이 아니라 '바다에서 고기잡이를 함'이라는 점이 다름.""}, {""option_text"": ""한곳에 머물지 않고 가축과 함께 풀밭을 옮겨 다니며 사는 사람."", ""confusion_point"": ""유사 범주(유목민)"", ""reason"": ""'한곳의 밭에서 농사를 지음'이 아니라 '옮겨 다니며 가축을 기름'이라는 점이 다름.""}, {""option_text"": ""물건을 만들어 시장에 내다 파는 것을 직업으로 하는 사람."", ""confusion_point"": ""비슷한 범주(전통 직업)"", ""reason"": ""'불을 질러 밭을 일구어 농사지음'이 아니라 '물건을 사고파는 일을 함'이라는 점이 다름.""}], ""key_clue"": ""'화전을 일구어' + '농사를 지음' - 산에 불을 놓아 만든 밭에서 농사짓는 사람이라는 점."", ""admin_only_note"": ""wrong_option_reasons/key_clue는 검수 화면(관리자)에만 노출 - 응시 화면(제출 전)에는 노출하지 않음""}]",nikl_grade5_l3_batch2_dryrun_v1,nikl_grade5_l3_batch2_v1,MF_G5L3B2_C_G5-04c5b7256a520ffc,CONTEXT_MEANING,"다음 문장에서 표시된 낱말의 뜻으로 가장 알맞은 것은?

산골짜기의 【화전민】들은 나무를 베고 불을 질러 밭을 일구었다.",문장 속 '화전민'은 '산에 불을 질러 밭을 만들고 그 땅에서 농사를 짓는 사람.'을 뜻합니다.
G5-36f40d4775d9e761,,,,희희낙락거리다,동사,"[""매우 슬퍼하며 계속 눈물을 흘리다."", ""매우 기뻐하며 계속 즐거워하다."", ""화가 나서 계속 씩씩거리며 성을 내다."", ""무섭거나 긴장되어 몸을 자꾸 떨다.""]",2,"{""options"": [""매우 슬퍼하며 계속 눈물을 흘리다."", ""매우 기뻐하며 계속 즐거워하다."", ""화가 나서 계속 씩씩거리며 성을 내다."", ""무섭거나 긴장되어 몸을 자꾸 떨다.""]}","{""correct_option"": 2}",,"[{""flag"": ""NIKL_GRADE5_L3_BATCH2_ADMIN_PREVIEW"", ""source_version_isolation"": ""source_version deliberately set to nikl_grade5_l3_batch2_v1 (not 2.1.29, not nikl_grade5_l3_batch1_v1, not any existing pilot source_version) so this batch is structurally excluded from general/level-mode selection and every other batch/pilot - admin preview only"", ""human_level_judgment"": ""L3"", ""human_level_judgment_source"": ""vocabulary_grade5_candidate_judgments(최신 유효 판정)"", ""content_review_status"": ""검수 전(미승인) - vocabulary_publish_reviews류 별도 테이블에만 기록되며 이 레벨 판정과 무관"", ""expert_review_status"": ""검수자 확인 안 됨(자동 1차 초안 - 사람이 직접 작성했지만 공식 승인 절차 거치지 않음)"", ""auto_validation_status"": ""PASS"", ""auto_validation_notes"": ""이상 없음"", ""auto_validation_report"": ""reports/nikl_grade5_l3_batch2_dryrun_20261007.md 참고"", ""generator_version"": ""nikl_grade5_l3_batch2_dryrun_v1"", ""distractor_design_version"": ""v2 기준 처음부터 적용(2026-10-07) - 1차 v2에서 검수된 의미 분야 근접 오답 설계 기준을 신규 작성 시점부터 적용, 배치 내 무작위 재사용(v1 방식) 미사용"", ""wrong_option_reasons"": [{""option_text"": ""매우 슬퍼하며 계속 눈물을 흘리다."", ""confusion_point"": ""반대 개념(슬퍼함)"", ""reason"": ""'매우 기뻐하고 즐거워함'이 아니라 '매우 슬퍼하며 욺'이라는 반대 뜻.""}, {""option_text"": ""화가 나서 계속 씩씩거리며 성을 내다."", ""confusion_point"": ""반대 개념(화를 냄)"", ""reason"": ""'기뻐하고 즐거워함'이 아니라 '화가 나서 성을 냄'이라는 반대 뜻.""}, {""option_text"": ""무섭거나 긴장되어 몸을 자꾸 떨다."", ""confusion_point"": ""비슷한 범주(감정에 따른 몸동작)"", ""reason"": ""'기뻐하며 즐거워함'이 아니라 '무서워서 떪'이라는 점이 다름.""}], ""key_clue"": ""'계속' + '매우 기뻐하고 즐거워함' - 밝고 신나는 기쁜 감정이 계속된다는 점."", ""admin_only_note"": ""wrong_option_reasons/key_clue는 검수 화면(관리자)에만 노출 - 응시 화면(제출 전)에는 노출하지 않음""}]",nikl_grade5_l3_batch2_dryrun_v1,nikl_grade5_l3_batch2_v1,MF_G5L3B2_M_G5-36f40d4775d9e761,MEANING_CHOICE,'희희낙락거리다'의 뜻으로 가장 알맞은 것은?,'희희낙락거리다'는 '매우 기뻐하며 계속 즐거워하다.'라는 뜻입니다.
G5-36f40d4775d9e761,,,,희희낙락거리다,동사,"[""매우 슬퍼하며 계속 눈물을 흘리다."", ""매우 기뻐하며 계속 즐거워하다."", ""화가 나서 계속 씩씩거리며 성을 내다."", ""무섭거나 긴장되어 몸을 자꾸 떨다.""]",2,"{""options"": [""매우 슬퍼하며 계속 눈물을 흘리다."", ""매우 기뻐하며 계속 즐거워하다."", ""화가 나서 계속 씩씩거리며 성을 내다."", ""무섭거나 긴장되어 몸을 자꾸 떨다.""]}","{""correct_option"": 2}",,"[{""flag"": ""NIKL_GRADE5_L3_BATCH2_ADMIN_PREVIEW"", ""source_version_isolation"": ""source_version deliberately set to nikl_grade5_l3_batch2_v1 (not 2.1.29, not nikl_grade5_l3_batch1_v1, not any existing pilot source_version) so this batch is structurally excluded from general/level-mode selection and every other batch/pilot - admin preview only"", ""human_level_judgment"": ""L3"", ""human_level_judgment_source"": ""vocabulary_grade5_candidate_judgments(최신 유효 판정)"", ""content_review_status"": ""검수 전(미승인) - vocabulary_publish_reviews류 별도 테이블에만 기록되며 이 레벨 판정과 무관"", ""expert_review_status"": ""검수자 확인 안 됨(자동 1차 초안 - 사람이 직접 작성했지만 공식 승인 절차 거치지 않음)"", ""auto_validation_status"": ""PASS"", ""auto_validation_notes"": ""이상 없음"", ""auto_validation_report"": ""reports/nikl_grade5_l3_batch2_dryrun_20261007.md 참고"", ""generator_version"": ""nikl_grade5_l3_batch2_dryrun_v1"", ""distractor_design_version"": ""v2 기준 처음부터 적용(2026-10-07) - 1차 v2에서 검수된 의미 분야 근접 오답 설계 기준을 신규 작성 시점부터 적용, 배치 내 무작위 재사용(v1 방식) 미사용"", ""wrong_option_reasons"": [{""option_text"": ""매우 슬퍼하며 계속 눈물을 흘리다."", ""confusion_point"": ""반대 개념(슬퍼함)"", ""reason"": ""'매우 기뻐하고 즐거워함'이 아니라 '매우 슬퍼하며 욺'이라는 반대 뜻.""}, {""option_text"": ""화가 나서 계속 씩씩거리며 성을 내다."", ""confusion_point"": ""반대 개념(화를 냄)"", ""reason"": ""'기뻐하고 즐거워함'이 아니라 '화가 나서 성을 냄'이라는 반대 뜻.""}, {""option_text"": ""무섭거나 긴장되어 몸을 자꾸 떨다."", ""confusion_point"": ""비슷한 범주(감정에 따른 몸동작)"", ""reason"": ""'기뻐하며 즐거워함'이 아니라 '무서워서 떪'이라는 점이 다름.""}], ""key_clue"": ""'계속' + '매우 기뻐하고 즐거워함' - 밝고 신나는 기쁜 감정이 계속된다는 점."", ""admin_only_note"": ""wrong_option_reasons/key_clue는 검수 화면(관리자)에만 노출 - 응시 화면(제출 전)에는 노출하지 않음""}]",nikl_grade5_l3_batch2_dryrun_v1,nikl_grade5_l3_batch2_v1,MF_G5L3B2_C_G5-36f40d4775d9e761,CONTEXT_MEANING,"다음 문장에서 표시된 낱말의 뜻으로 가장 알맞은 것은?

아이들은 눈싸움을 하며 【희희낙락거렸다】.",문장 속 '희희낙락거리다'는 '매우 기뻐하며 계속 즐거워하다.'를 뜻합니다.
