content_id,lemma,pos,공식_대조_결과,공식_후보_상세
SC_V191_B001_018,장터,명사,일치,2등급/동형0/장이 서는 터.
SC_V191_B001_043,등교,명사,일치,2등급/동형0/학생이 학교에 감.
SC_V192_B002_013,거름,명사,일치,"2등급/동형0/식물이 잘 자라도록 땅을 기름지게 하기 위하여 주는 물질. 똥, 오줌, 썩은 동식물, 광물질 따위가 있다."
SC_V192_B002_014,거만하다,형용사,일치,2등급/동형0/잘난 체하며 남을 업신여기는 데가 있다.
SC_V192_B002_018,겉보기,명사,일치,2등급/동형0/겉으로 드러나 보이는 모양새.
SC_V192_B002_030,고등학교,명사,충돌,2등급/동형0/중학교를 졸업한 사람에게 고등 보통 교육과 실업 교육을 실시하는 학교. 인문계와 실업계의 두 종류가 있고 수
SC_V193_B003_024,기껏,부사,일치,2등급/동형0/힘이나 정도가 미치는 데까지.
SC_V193_B003_032,꾀꼴꾀꼴,부사,일치,2등급/동형0/꾀꼬리가 잇따라 우는 소리.
SC_V193_B003_044,날아오르다,동사,일치,2등급/동형0/날아서 공중으로 오르다.
SC_V194_B004_021,대롱대롱,부사,일치,2등급/동형0/작은 물건이 매달려 가볍게 잇따라 흔들리는 모양.
SC_V194_B004_022,대피하다,동사,일치,2등급/동형0/위험이나 피해를 입지 않도록 일시적으로 피하다.
SC_V194_B004_039,뒤처리,명사,일치,2등급/동형0/일이 벌어진 뒤나 끝난 뒤끝을 처리하는 일.
SC_V194_B004_041,들락거리다,동사,일치,2등급/동형0/들어왔다 나갔다를 자꾸 하다.
SC_V194_B004_043,등교하다,동사,일치,2등급/동형0/학생이 학교에 가다.
SC_V194_B004_044,등장인물,명사,일치,"2등급/동형0/연극, 영화, 소설 따위에 나오는 인물."
SC_V194_B004_049,따끈하다,형용사,일치,2등급/동형0/꽤 따뜻하고 더운 느낌이 있다.
SC_V195_B005_006,떳떳하다,형용사,일치,2등급/동형0/굽힐 것이 없이 당당하다.
SC_V195_B005_008,뜻깊다,형용사,일치,2등급/동형0/가치나 중요성이 크다.
SC_V195_B005_011,리더,명사,일치,2등급/동형0/조직이나 단체 따위에서 전체를 이끌어 가는 위치에 있는 사람.
SC_V195_B005_012,리을,명사,일치,2등급/동형0/한글 자모 ‘ㄹ’의 이름.
SC_V195_B005_022,만지작거리다,동사,일치,2등급/동형0/가볍게 주무르듯이 자꾸 만지다.
SC_V195_B005_024,망토,명사,일치,"2등급/동형0/소매가 없이 어깨 위로 걸쳐 둘러 입도록 만든 외투. 남녀가 다 입으며, 손을 내놓는 아귀가 있다."
SC_V195_B005_033,명품,명사,일치,2등급/동형0/뛰어나거나 이름난 물건. 또는 그런 작품.
SC_V195_B005_040,무뚝뚝하다,형용사,일치,"2등급/동형0/말이나 행동, 표정 따위가 부드럽고 상냥스러운 면이 없어 정답지가 않다."
SC_V195_B005_041,무인도,명사,일치,2등급/동형0/사람이 살지 않는 섬.
SC_V195_B005_044,문지기,명사,일치,2등급/동형0/드나드는 문을 지키는 사람.
SC_V196_B006_013,배신하다,동사,일치,2등급/동형0/믿음이나 의리를 저버리다.
SC_V196_B006_015,병균,명사,일치,2등급/동형0/병의 원인이 되는 균.
SC_V196_B006_029,부랴부랴,부사,일치,2등급/동형0/매우 급하게 서두르는 모양.
SC_V196_B006_030,부상자,명사,일치,2등급/동형0/몸에 상처를 입은 사람.
SC_V196_B006_034,불길하다,형용사,일치,2등급/동형0/운수 따위가 좋지 아니하다. 또는 일이 예사롭지 아니하다.
SC_V196_B006_035,불안감,명사,일치,2등급/동형0/마음이 편하지 아니하고 조마조마한 느낌.
SC_V196_B006_036,붉어지다,동사,일치,2등급/동형0/빛깔이 점점 붉게 되어 가다.
SC_V196_B006_043,비틀비틀,부사,일치,2등급/동형0/힘이 없거나 어지러워서 몸을 바로 가누지 못하고 계속 이리저리 쓰러질 듯이 걷는 모양.
SC_V196_B006_048,삐걱거리다,동사,일치,2등급/동형0/‘삐거덕거리다’의 준말.
SC_V196_B006_049,삐걱삐걱,부사,일치,2등급/동형0/‘삐거덕삐거덕’의 준말.
SC_V197_B007_027,솜이불,명사,일치,2등급/동형0/안에 솜을 두어 만든 이불.
SC_V197_B007_028,솥뚜껑,명사,일치,2등급/동형0/솥의 아가리를 덮는 것.
SC_V198_B008_001,신기록,명사,일치,2등급/동형0/기존의 기록보다 뛰어난 새로운 기록.
SC_V198_B008_024,안절부절못하다,동사,일치,2등급/동형0/마음이 초조하고 불안하여 어찌할 바를 모르다.
SC_V198_B008_027,알록달록,부사,일치,2등급/동형0/‘알로록달로록’의 준말.
SC_V198_B008_032,애타다,동사,일치,2등급/동형0/몹시 답답하거나 안타까워 속이 끓는 듯하다.
SC_V199_B009_004,여백,명사,일치,"2등급/동형0/종이 따위에, 글씨를 쓰거나 그림을 그리고 남은 빈 자리."
SC_V199_B009_027,오순도순,부사,일치,2등급/동형0/정답게 이야기하거나 의좋게 지내는 모양. ‘오손도손’보다 큰 느낌을 준다.
SC_V199_B009_028,오죽하다,형용사,일치,2등급/동형0/정도가 매우 심하거나 대단하다.
SC_V199_B009_042,울퉁불퉁,부사,일치,2등급/동형0/물체의 거죽이나 면이 고르지 않게 여기저기 몹시 나오고 들어간 모양.
SC_V1910_B010_008,의외로,부사,일치,2등급/동형0/생각이나 기대 또는 예상과 달리.
SC_V1910_B010_010,이발소,명사,일치,2등급/동형0/일정한 시설을 갖추고 주로 남자의 머리털을 깎아 다듬어 주는 곳.
SC_V1910_B010_012,이응,명사,일치,2등급/동형0/한글 자모 ‘ㅇ’의 이름.
SC_V1910_B010_014,인내심,명사,일치,2등급/동형0/괴로움이나 어려움을 참고 견디는 마음.
SC_V1910_B010_021,자욱하다,형용사,일치,2등급/동형0/연기나 안개 따위가 잔뜩 끼어 흐릿하다.
SC_V1910_B010_024,작별,명사,일치,2등급/동형0/인사를 나누고 헤어짐. 또는 그 인사.
SC_V1910_B010_035,재촉하다,동사,일치,2등급/동형0/어떤 일을 빨리하도록 조르다.
SC_V1910_B010_047,전학,명사,일치,2등급/동형0/다니던 학교에서 다른 학교로 학적을 옮겨 가서 배움.
SC_V1910_B010_048,점선,명사,일치,2등급/동형0/점 또는 짧은 선 토막으로 이루어진 선.
SC_V1911_B011_002,정정당당하다,형용사,일치,2등급/동형0/태도나 수단이 정당하고 떳떳하다.
SC_V1911_B011_005,조마조마,부사,일치,2등급/동형0/닥쳐올 일에 대하여 염려가 되어 마음이 초조하고 불안한 모양.
SC_V1911_B011_006,조마조마하다,형용사,일치,2등급/동형0/닥쳐올 일에 대하여 염려가 되어 마음이 불안하다.
SC_V1911_B011_011,종알거리다,동사,일치,2등급/동형0/남이 잘 알아듣지 못할 정도의 작은 목소리로 혼잣말을 자꾸 하다.
SC_V1911_B011_012,종알대다,동사,일치,2등급/동형0/남이 잘 알아듣지 못할 정도의 작은 목소리로 혼잣말을 자꾸 하다.
SC_V1911_B011_016,중지하다,동사,일치,2등급/동형0/하던 일을 중도에서 그만두다.
SC_V1911_B011_025,진공청소기,명사,일치,2등급/동형0/전동기를 이용한 흡인력으로 티끌과 먼지를 빨아들여 청소하는 기구.
SC_V1911_B011_033,쪼글쪼글,부사,일치,2등급/동형0/쪼그라지거나 구겨져서 고르지 아니하게 주름이 많이 잡힌 모양.
SC_V1912_B012_014,최우수,명사,일치,2등급/동형0/여럿 가운데 가장 뛰어남.
SC_V1912_B012_049,특산물,명사,일치,2등급/동형0/어떤 지역의 특별한 산물.
SC_V1913_B013_015,포도밭,명사,일치,2등급/동형0/포도를 재배하는 밭.
SC_V1913_B013_021,푹신푹신하다,형용사,일치,2등급/동형0/여럿이 다 또는 매우 푸근하게 부드럽고 탄력이 있다.
SC_V1913_B013_022,풍족하다,형용사,일치,2등급/동형0/매우 넉넉하여 부족함이 없다.
SC_V1913_B013_033,한껏,부사,일치,2등급/동형0/할 수 있는 데까지. 또는 한도에 이르는 데까지.
SC_V1913_B013_042,헐레벌떡,부사,일치,2등급/동형0/숨을 가쁘고 거칠게 몰아쉬는 모양.
SC_V1914_B014_008,훌라후프,명사,일치,2등급/동형0/플라스틱으로 만든 둥근 테를 허리나 목으로 빙빙 돌리는 놀이. 또는 그 테.
SC_V1914_B014_012,휴대용,명사,일치,2등급/동형0/손에 들거나 몸에 지니고 다닐 수 있게 만든 물건.
SC_V1914_B014_015,흐릿하다,형용사,일치,2등급/동형0/조금 흐린 듯하다.
SC_V1914_B014_016,흐뭇하다,형용사,일치,2등급/동형0/마음에 흡족하여 매우 만족스럽다.
SC_V1914_B014_017,흙냄새,명사,일치,2등급/동형0/흙에서 나는 냄새.
SC_V1914_B014_024,희한하다,형용사,일치,2등급/동형0/매우 드물거나 신기하다.
SC_V1914_B014_026,가건물,명사,일치,4등급/동형0/임시로 지은 건물.
SC_V1914_B014_028,가곡집,명사,충돌,4등급/동형0/가곡을 모아 엮은 책이나 음반.
SC_V1914_B014_029,가공식품,명사,충돌,"4등급/동형0/농산물, 축산물, 수산물 따위를 인공적으로 처리하여 만든 식품. 보존과 조리가 간편하다."
SC_V1914_B014_030,가공업,명사,충돌,4등급/동형0/가공을 전문으로 하는 산업 분야.
SC_V1914_B014_036,가락가락,부사,일치,4등급/동형0/한 가락 한 가락씩.
SC_V1914_B014_042,가루받이,명사,충돌,"4등급/동형0/종자식물에서 수술의 화분(花粉)이 암술머리에 옮겨 붙는 일. 바람, 곤충, 새, 또는 사람의 손에 의해 이루"
SC_V1914_B014_043,가루우유,명사,충돌,4등급/동형0/우유 속의 수분을 증발시키고 농축하여 가루로 만든 것.
SC_V1914_B014_045,가리비,명사,충돌,4등급/동형0/가리빗과와 큰집가리빗과의 조개를 통틀어 이르는 말.
SC_V1914_B014_049,가면극,명사,충돌,4등급/동형0/탈을 쓰고 하는 연극.
SC_V1914_B014_050,가무스름하다,형용사,충돌,4등급/동형0/빛깔이 조금 감은 듯하다.
SC_V1915_B015_001,가무잡잡하다,형용사,일치,3등급/동형0/약간 짙게 가무스름하다.
SC_V1915_B015_006,가스관,명사,일치,4등급/동형0/가스가 통할 수 있게 만든 연결관.
SC_V1915_B015_008,가스보일러,명사,충돌,4등급/동형0/가스를 연료로 물을 끓이는 난방 기구.
SC_V1915_B015_009,가스오븐레인지,명사,충돌,"4등급/동형0/가스를 연료로 하는, 레인지에 오븐이 달린 조리 기구."
SC_V1915_B015_010,가슴둘레,명사,일치,4등급/동형0/가슴의 가장 굵은 부분을 둘러 잰 길이.
SC_V1915_B015_011,가슴뼈,명사,충돌,4등급/동형0/‘복장뼈’의 전 용어.
SC_V1915_B015_012,가시덩굴,명사,충돌,4등급/동형0/가시나무의 넝쿨.
SC_V1915_B015_014,가엾이,부사,충돌,4등급/동형0/마음이 아플 만큼 딱하고 불쌍하게.
SC_V1915_B015_015,가오리연,명사,충돌,4등급/동형0/가오리 모양으로 만들어 꼬리를 길게 단 연. 띄우면 오르면서 머리가 아래위로 흔들린다.
SC_V1915_B015_016,가요계,명사,충돌,4등급/동형0/대중가요에 관련된 일에 종사하는 사람들의 활동 분야.
SC_V1915_B015_017,가운뎃손가락,명사,충돌,4등급/동형0/다섯 손가락 가운데 셋째 손가락. 한가운데에 있으며 가장 길다.
SC_V1915_B015_018,가을걷이,명사,충돌,4등급/동형0/가을에 익은 곡식을 거두어들임.
SC_V1915_B015_021,가을벌레,명사,충돌,4등급/동형0/가을철에 주로 나타나는 벌레를 통틀어 이르는 말.
SC_V1915_B015_025,가이,명사,충돌,4등급/동형0/이(彝)의 하나. 그릇의 표면에 벼 이삭의 그림이 새겨져 있다.
SC_V1915_B015_026,가입자,명사,충돌,4등급/동형0/조직이나 단체 따위에 들어간 사람. 또는 서비스를 제공하는 상품 따위를 신청한 사람.
SC_V1915_B015_027,가장무도회,명사,충돌,4등급/동형0/사람들이 갖가지로 외모를 가장하고 춤을 추는 모임.
SC_V1915_B015_029,가전제품,명사,충돌,"4등급/동형0/가정에서 사용하는 세탁기, 냉장고, 텔레비전 따위의 전기 기기 제품."
SC_V1915_B015_037,가지치기,명사,충돌,"4등급/동형0/식물의 겉모양을 고르게 하고 웃자람을 막으며, 과실나무 따위의 생산을 늘리기 위하여 곁가지 따위를 자르고 다"
SC_V1915_B015_040,가혹,명사,충돌,4등급/동형0/몹시 모질고 혹독함.
SC_V1915_B015_041,가혹하다,형용사,충돌,4등급/동형0/몹시 모질고 혹독하다.
SC_V1915_B015_043,각계각층,명사,충돌,4등급/동형0/사회 각 분야의 여러 계층.
SC_V1915_B015_045,각기둥,명사,충돌,"4등급/동형0/옆면은 한 직선에 평행하는 세 개 이상의 평면으로, 밑면은 이 직선과 만나는 두 개의 평행한 평면으로 둘러싸"
SC_V1915_B015_046,각도기,명사,충돌,4등급/동형0/각도를 재는 도구. 투명한 반원형의 플라스틱판에 각도를 눈금으로 표시하였다.
SC_V1915_B015_047,각별하다,형용사,충돌,4등급/동형0/어떤 일에 대한 마음가짐이나 자세 따위가 유달리 특별하다.
SC_V1915_B015_048,각별히,부사,충돌,4등급/동형0/어떤 일에 대하여 유달리 특별한 마음가짐이나 자세로.
SC_V1915_B015_049,각뿔,명사,충돌,"4등급/동형0/다각형의 각 변을 밑변으로 하고, 다각형의 평면 밖의 한 점을 공통의 꼭짓점으로 하는 여러 개의 삼각형으로 "
SC_V1916_B016_003,간단명료하다,형용사,충돌,4등급/동형0/간단하고 분명하다.
SC_V1916_B016_004,간담회,명사,충돌,4등급/동형0/정답게 서로 이야기를 나누는 모임.
SC_V1916_B016_005,간소화되다,동사,충돌,4등급/동형0/일 따위가 간략하고 소박하게 되다.
SC_V1916_B016_006,간소화하다,동사,충돌,4등급/동형0/일 따위를 간략하고 소박하게 하다.
SC_V1916_B016_013,간척지,명사,충돌,4등급/동형0/바다나 호수 따위를 둘러막고 물을 빼내어 만든 땅.
SC_V1916_B016_026,갈채,명사,충돌,4등급/동형0/외침이나 박수 따위로 찬양이나 환영의 뜻을 나타냄.
SC_V1916_B016_028,갈퀴,명사,충돌,4등급/동형0/검불이나 곡식 따위를 긁어모으는 데 쓰는 기구. 한쪽 끝이 우그러진 대쪽이나 철사를 부챗살 모양으로 엮어 만
SC_V1916_B016_030,감격스럽다,형용사,일치,3등급/동형0/마음에 깊이 느끼어 크게 감동이 되는 듯하다.
SC_V1916_B016_034,감내하다,동사,일치,4등급/동형0/어려움을 참고 버티어 이겨 내다.
SC_V1916_B016_037,감미료,명사,충돌,"4등급/동형0/단맛을 내는 데 쓰는 재료를 통틀어 이르는 말. 설탕, 물엿, 과당(果糖), 포도당, 유당(乳糖), 사카린 "
SC_V1916_B016_039,감상문,명사,충돌,3등급/동형0/어떤 사물이나 현상을 보고 느낀 바를 쓴 글.
SC_V1916_B016_041,감시원,명사,충돌,4등급/동형0/감시하는 책임과 임무를 맡은 사람.
SC_V1916_B016_046,감촉,명사,충돌,4등급/동형0/외부의 자극이 피부 감각을 통하여 전해지는 느낌.
SC_V1916_B016_047,감탄사,명사,충돌,"4등급/동형0/품사의 하나. 말하는 이의 본능적인 놀람이나 느낌, 부름, 응답 따위를 나타내는 말의 부류이다."
SC_V1917_B017_001,갑작스레,부사,일치,4등급/동형0/미처 생각할 겨를이 없이 급하게.
SC_V1917_B017_003,갑판,명사,충돌,4등급/동형0/군함과 같은 큰 배 위에 나무나 철판으로 깔아 놓은 넓고 평평한 바닥.
SC_V1917_B017_004,값나가다,동사,일치,4등급/동형0/값이 많은 액수에 이르다.
SC_V1917_B017_013,강습회,명사,충돌,4등급/동형0/강습을 하기 위하여 단기간 여는 모임.
SC_V1917_B017_014,강연회,명사,충돌,4등급/동형0/강연을 하기 위한 모임.
SC_V1917_B017_015,강우량,명사,충돌,4등급/동형0/일정 기간 동안 일정한 곳에 내린 비의 분량. 단위는 mm.
SC_V1917_B017_021,개과천선,명사,충돌,4등급/동형0/지난날의 잘못이나 허물을 고쳐 올바르고 착하게 됨.
SC_V1917_B017_022,개관식,명사,충돌,"4등급/동형0/도서관, 영화관, 박물관, 회관 따위의 기관이 설비를 차려 놓고 처음으로 문을 열 때 거행하는 의식."
SC_V1917_B017_033,개인차,명사,충돌,4등급/동형0/각 개인의 정신적ㆍ신체적 능력이나 특성의 차이.
SC_V1917_B017_034,개장사,명사,충돌,4등급/동형0/개를 사고파는 일.
SC_V1917_B017_035,개찰구,명사,충돌,"4등급/동형0/예전에, ‘개표구01’를 이르던 말."
SC_V1917_B017_039,개최지,명사,일치,4등급/동형0/행사나 모임 따위를 여는 장소.
SC_V1917_B017_041,개키다,동사,충돌,4등급/동형0/옷이나 이부자리 따위를 겹치거나 접어서 단정하게 포개다.
SC_V1917_B017_046,갯지렁이,명사,충돌,4등급/동형0/다모강의 환형동물을 통틀어 이르는 말.
SC_V1918_B018_002,거닐다,동사,충돌,4등급/동형0/가까운 거리를 이리저리 한가로이 걷다.
SC_V1918_B018_003,거드럭거리다,동사,충돌,4등급/동형0/거만스럽게 잘난 체하며 자꾸 버릇없이 굴다.
SC_V1918_B018_005,거들먹거리다,동사,충돌,4등급/동형0/신이 나서 잘난 체하며 자꾸 함부로 거만하게 행동하다.
SC_V1918_B018_007,거듭되다,동사,충돌,4등급/동형0/어떤 일이나 상황이 계속 생겨나거나 되풀이되다.
SC_V1918_B018_012,거름기,명사,충돌,4등급/동형0/식물에 나타난 거름의 효과.
SC_V1918_B018_013,거름종이,명사,충돌,4등급/동형0/액체 속에 들어 있는 침전물이나 불순물을 걸러 내는 다공성 종이.
SC_V1918_B018_015,거무스름하다,형용사,충돌,4등급/동형0/빛깔이 조금 검은 듯하다.
SC_V1918_B018_016,거무죽죽하다,형용사,충돌,4등급/동형0/칙칙하고 고르지 않게 거무스름하다.
SC_V1918_B018_017,거무튀튀하다,형용사,충돌,4등급/동형0/너저분해 보일 정도로 탁하게 거무스름하다.
SC_V1918_B018_018,거뭇거뭇,부사,일치,4등급/동형0/군데군데 거무스름한 모양.
SC_V1918_B018_020,거봐라,감탄사,충돌,4등급/동형0/어떤 일이 자신의 말대로 되었음을 나타낼 때 쓰는 말. 해라할 자리에 쓴다.
SC_V1918_B018_025,거울삼다,동사,충돌,4등급/동형0/남의 일이나 지나간 일을 보아 본받거나 경계하다.
SC_V1918_B018_026,거저먹기,명사,충돌,4등급/동형0/힘을 들이지 아니하고 일을 해내거나 어떤 것을 차지하는 것.
SC_V1918_B018_030,거중기,명사,충돌,"4등급/동형0/예전에, 무거운 물건을 들어 올리는 데에 쓰던 기계. 주로 큰 건축이나 토목 공사 따위에 썼다."
SC_V1918_B018_031,거즈,명사,충돌,4등급/동형0/가볍고 부드러운 무명베. 흔히 붕대로 사용한다.
SC_V1918_B018_034,거짓말투성이,명사,충돌,4등급/동형0/온통 거짓말뿐인 것.
SC_V1918_B018_039,거칠어지다,동사,충돌,3등급/동형0/거친 상태로 되다.
SC_V1918_B018_041,거침없이,부사,충돌,4등급/동형0/일이나 행동 따위가 중간에 걸리거나 막힘이 없이.
SC_V1918_B018_048,건너다니다,동사,충돌,4등급/동형0/어떤 곳을 건너서 왔다 갔다 하다.
SC_V1919_B019_003,건설업,명사,충돌,"4등급/동형0/토목, 건축과 관련된 공사를 맡아 하는 영업."
SC_V1919_B019_004,건설업자,명사,충돌,4등급/동형0/국토 교통부 장관의 면허를 받아 토목이나 건축 산업에 종사하는 사람.
SC_V1919_B019_005,건어물,명사,일치,"4등급/동형0/생선, 조개류 따위를 말린 식품."
SC_V1919_B019_007,건조대,명사,충돌,4등급/동형0/물건 따위를 말리려고 설치한 대.
SC_V1919_B019_014,걷어붙이다,동사,충돌,4등급/동형0/소매나 바짓가랑이 따위를 말아 올리다.
SC_V1919_B019_015,걸그물,명사,충돌,4등급/동형0/바다에서 물고기 떼가 지나다니는 길목에 쳐 놓아 고기를 잡는 데 쓰는 그물. 물고기가 지나다가 그물에 말리거
SC_V1919_B019_017,걸레질하다,동사,충돌,4등급/동형0/더러움이나 때를 걸레로 닦거나 훔치다.
SC_V1919_B019_024,검불,명사,충돌,"4등급/동형0/가느다란 마른 나뭇가지, 마른 풀, 낙엽 따위를 통틀어 이르는 말."
SC_V1919_B019_026,검사기,명사,충돌,"4등급/동형0/명주실의 세기나 늘어나는 정도 따위를 재는 기계를 통틀어 이르는 말. 검력기(檢力器), 검척기(檢尺器) 따위"
SC_V1919_B019_027,검산하다,동사,충돌,4등급/동형0/계산의 결과가 맞는지를 다시 조사하다.
SC_V1919_B019_029,검소하다,형용사,충돌,4등급/동형0/사치하지 않고 꾸밈없이 수수하다.
SC_V1919_B019_034,검출되다,동사,충돌,"4등급/동형0/화학 분석에서, 물질 속에 어떤 화학 성분이나 미생물이 있는지가 검사되어 확인되다."
SC_V1919_B019_041,겉넓이,명사,충돌,4등급/동형0/물체 겉면의 넓이.
SC_V1919_B019_048,게시되다,동사,충돌,4등급/동형0/여러 사람에게 알리기 위하여 나붙거나 내걸려 두루 보이다.
SC_V1919_B019_049,게시물,명사,충돌,4등급/동형0/여러 사람에게 알리기 위하여 내붙이거나 내걸어 두루 보게 한 물건이나 글.
SC_V1919_B019_050,게시하다,동사,충돌,4등급/동형0/여러 사람에게 알리기 위하여 내붙이거나 내걸어 두루 보게 하다.
SC_V1920_B020_001,게양대,명사,충돌,4등급/동형0/기(旗) 따위를 높이 걸기 위하여 만들어 놓은 대(臺).
SC_V1920_B020_008,겨루기,명사,충돌,"4등급/동형0/태권도에서, 기본 기술과 품세로 익힌 기술을 활용하여, 두 사람이 서로 기량을 겨루어 보는 일."
SC_V1920_B020_009,겨를,의존명사,충돌,4등급/동형0/어떤 일을 하다가 생각 따위를 다른 데로 돌릴 수 있는 시간적인 여유.
SC_V1920_B020_012,겨울눈,명사,충돌,4등급/동형0/늦여름부터 가을 사이에 생겨 겨울을 넘기고 이듬해 봄에 자라는 싹.
SC_V1920_B020_017,격언,명사,충돌,4등급/동형0/오랜 역사적 생활 체험을 통하여 이루어진 인생에 대한 교훈이나 경계 따위를 간결하게 표현한 짧은 글.
SC_V1920_B020_021,견적,명사,충돌,4등급/동형0/어떤 일을 하는 데 필요한 비용 따위를 미리 어림잡아 계산함. 또는 그런 계산.
SC_V1920_B020_022,견주다,동사,충돌,4등급/동형0/둘 이상의 사물을 질(質)이나 양(量) 따위에서 어떠한 차이가 있는지 알기 위하여 서로 대어 보다.
SC_V1920_B020_023,견직물,명사,충돌,4등급/동형0/명주실로 짠 물건을 통틀어 이르는 말.
SC_V1920_B020_026,결단력,명사,충돌,4등급/동형0/결정적인 판단을 하거나 단정을 내릴 수 있는 능력.
SC_V1920_B020_029,결산서,명사,충돌,4등급/동형0/일정한 기간 동안의 영업 개황과 재정 상태를 결산하여 기록한 문서.
SC_V1920_B020_032,결점,명사,충돌,4등급/동형0/잘못되거나 부족하여 완전하지 못한 점.
SC_V1920_B020_038,겹받침,명사,충돌,"4등급/동형0/서로 다른 두 개의 자음으로 이루어진 받침. ‘ㄳ’, ‘ㄵ’, ‘ㄺ’, ‘ㄻ’, ‘ㄼ’, ‘ㄾ’, ‘ㅄ’ 따"
SC_V1920_B020_040,경계망,명사,충돌,4등급/동형0/경계를 위하여 그물처럼 여러 군데에 펴 놓은 조직.
SC_V1920_B020_043,경례하다,동사,충돌,4등급/동형0/공경의 뜻을 나타내기 위하여 인사하다.
SC_V1920_B020_047,경보기,명사,충돌,4등급/동형0/갑작스러운 사고나 위험을 광선이나 음향 따위를 이용하여 알리는 장치.
SC_V1920_B020_049,경비하다,동사,충돌,"4등급/동형0/도난, 재난, 침략 따위를 염려하여 사고가 나지 않도록 미리 살피고 지키다."
SC_V1920_B020_050,경사로,명사,충돌,"4등급/동형0/병원, 전시장, 차고 따위에서 주로 이용하는 경사진 통로. 물매는 8분의 1 이하로 하고 표면은 미끄럽지 않"
SC_V1921_B021_002,경사스럽다,형용사,충돌,4등급/동형0/경사로 여겨 기뻐하고 즐거워할 만하다.
SC_V1921_B021_010,경쟁력,명사,충돌,4등급/동형0/경쟁할 만한 힘. 또는 그런 능력.
SC_V1921_B021_011,경쟁심,명사,충돌,4등급/동형0/남과 겨루어 이기거나 앞서려는 마음.
SC_V1921_B021_015,경제생활,명사,충돌,4등급/동형0/사람이 살아가는 데 필요한 재화나 용역을 생산ㆍ교환ㆍ분배ㆍ소비하는 모든 활동.
SC_V1921_B021_019,경쾌하다,형용사,충돌,"4등급/동형0/움직임이나 모습, 기분 따위가 가볍고 상쾌하다."
SC_V1921_B021_021,경험자,명사,충돌,4등급/동형0/어떤 일을 실제로 해 보거나 겪어 본 적이 있는 사람.
SC_V1921_B021_022,경호원,명사,충돌,4등급/동형0/다른 사람의 신변의 안전을 돌보는 일을 임무로 하는 사람.
SC_V1921_B021_025,계란빵,명사,충돌,4등급/동형0/밀가루에 달걀을 넣고 둥글넓적하게 찌거나 구운 빵.
SC_V1921_B021_028,계량스푼,명사,충돌,"4등급/동형0/조리를 할 때에 가루나 조미료, 액체 따위의 용량을 재는 기구. 5mL들이부터 15mL들이까지 있다."
SC_V1921_B021_029,계량컵,명사,충돌,"4등급/동형0/조리를 할 때에 재료의 분량을 재는 데 쓰는 컵. 보통 180mL, 200mL, 500mL, 1리터, 2리터"
SC_V1921_B021_030,계몽,명사,충돌,4등급/동형0/지식수준이 낮거나 인습에 젖은 사람을 가르쳐서 깨우침.
SC_V1921_B021_031,계몽하다,동사,충돌,4등급/동형0/지식수준이 낮거나 인습에 젖은 사람을 가르쳐서 깨우치다.
SC_V1921_B021_040,고갯짓,명사,일치,4등급/동형0/고개를 흔들거나 끄덕이는 짓.
SC_V1921_B021_042,고구마튀김,명사,충돌,4등급/동형0/고구마를 길고 네모지게 썰어서 만든 튀김.
SC_V1921_B021_045,고기반찬,명사,일치,4등급/동형0/고기로 만든 반찬.
SC_V1921_B021_047,고기잡이배,명사,충돌,4등급/동형0/고기잡이를 하는 배.
SC_V1922_B022_004,고뇌,명사,충돌,4등급/동형0/괴로워하고 번뇌함.
SC_V1922_B022_009,고둥,명사,충돌,"4등급/동형0/연체동물문 복족강의 동물을 통틀어 이르는 말. 소라, 총알고둥 따위처럼 대개 말려 있는 껍데기를 가지는 종류"
SC_V1922_B022_011,고등어조림,명사,충돌,4등급/동형0/고등어를 토막 쳐서 양념하여 조린 반찬.
SC_V1922_B022_013,고랭지,명사,충돌,4등급/동형0/저위도에 위치하고 표고가 600미터 이상으로 높고 한랭한 곳.
SC_V1922_B022_015,고려청자,명사,충돌,4등급/동형0/고려 시대에 만들어진 푸른빛의 자기를 통틀어 이르는 말. 상감 청자가 특히 유명하다.
SC_V1922_B022_016,고령토,명사,충돌,4등급/동형0/바위 속의 장석(長石)이 풍화 작용을 받아 이루어진 흰색 또는 회색의 진흙. 도자기나 시멘트 따위의 원료로 
SC_V1922_B022_017,고리하다,동사,충돌,"4등급/동형0/상태, 모양, 성질 따위가 고러하게 되게 하다."
SC_V1922_B022_023,고무망치,명사,충돌,"4등급/동형0/고무로 만든 망치. 쇠붙이를 때려도 흠이 생기지 않고 쇳소리가 나지 않아, 소리굽쇠를 두드리거나 정밀 기계를"
SC_V1922_B022_024,고무보트,명사,충돌,"4등급/동형0/속에 공기를 넣어서 물 위에 뜨도록 한, 고무로 만든 작은 배."
SC_V1922_B022_027,고무호스,명사,충돌,4등급/동형0/피륙의 올 사이나 안팎에 고무를 입힌 천이나 고무로 만든 호스.
SC_V1922_B022_029,고민스럽다,형용사,일치,3등급/동형0/매우 고민하는 느낌이 있다.
SC_V1922_B022_034,고성능,명사,충돌,4등급/동형0/매우 뛰어난 성질과 기능.
SC_V1922_B022_035,고스란히,부사,충돌,4등급/동형0/건드리지 아니하여 조금도 축이 나거나 변하지 아니하고 그대로 온전한 상태로.
SC_V1922_B022_038,고안하다,동사,충돌,4등급/동형0/연구하여 새로운 안을 생각해 내다.
SC_V1922_B022_039,고위급,명사,충돌,4등급/동형0/높은 지위에 해당하는 급(級). 또는 그 급에 해당하는 사람.
SC_V1922_B022_040,고인돌,명사,충돌,4등급/동형0/큰 돌을 몇 개 둘러 세우고 그 위에 넓적한 돌을 덮어 놓은 선사 시대의 무덤. 북방식과 남방식이 있다.
SC_V1922_B022_041,고자질,명사,충돌,4등급/동형0/남의 잘못이나 비밀을 일러바치는 짓.
SC_V1922_B022_042,고자질하다,동사,충돌,4등급/동형0/남의 잘못이나 비밀을 일러바치다.
SC_V1922_B022_044,고주파,명사,충돌,4등급/동형0/주파수가 높은 파동이나 전자기파. 대체로 3~30MHz의 주파수를 가진 것이다.
SC_V1922_B022_045,고지식하다,형용사,충돌,4등급/동형0/성질이 외곬으로 곧아 융통성이 없다.
SC_V1922_B022_046,고진감래,명사,충돌,"4등급/동형0/쓴 것이 다하면 단 것이 온다는 뜻으로, 고생 끝에 즐거움이 옴을 이르는 말."
SC_V1923_B023_003,곤욕,명사,충돌,4등급/동형0/심한 모욕. 또는 참기 힘든 일.
SC_V1923_B023_006,곧이듣다,동사,충돌,4등급/동형0/남의 말을 듣고 그대로 믿다.
SC_V1923_B023_007,곧추세우다,동사,충돌,4등급/동형0/꼿꼿이 세우다. ‘곧추서다’의 사동사.
SC_V1923_B023_013,골문,명사,충돌,"4등급/동형0/축구나 하키 따위에서, 공을 넣어 득점하게 되어 있는 문."
SC_V1923_B023_014,골반,명사,충돌,3등급/동형0/몸통의 아래쪽 부분을 이루는 뼈. 양쪽 볼기뼈와 척추뼈 가운데 엉치뼈와 꼬리뼈로 구성된다.
SC_V1923_B023_018,골판지,명사,충돌,4등급/동형0/판지의 한쪽 또는 두 장의 판지 사이에 물결 모양으로 골이 진 종이를 붙인 판지. 물품의 포장에 쓴다.
SC_V1923_B023_024,곱셈표,명사,충돌,4등급/동형0/곱셈의 부호 ‘×’를 이르는 말.
SC_V1923_B023_025,곱슬곱슬하다,형용사,일치,3등급/동형0/머리카락이나 털 따위가 고불고불하거나 말려 있다.
SC_V1923_B023_028,공감대,명사,충돌,4등급/동형0/서로 공감하는 부분.
SC_V1923_B023_033,공공시설,명사,충돌,4등급/동형0/국가나 공공 단체가 공공의 편의나 복지를 위하여 설치한 시설.
SC_V1923_B023_034,공공장소,명사,충돌,4등급/동형0/사회의 여러 사람 또는 여러 단체에 공동으로 속하거나 이용되는 곳.
SC_V1923_B023_035,공공질서,명사,충돌,4등급/동형0/국가나 사회 구성원 전체에 두루 관계되는 질서.
SC_V1923_B023_040,공동생활,명사,충돌,4등급/동형0/본능적으로 일정한 시간과 공간에서 여럿이 서로 도우며 사는 생활.
SC_V1923_B023_043,공명정대하다,형용사,충돌,4등급/동형0/하는 일이나 태도가 사사로움이나 그릇됨이 없이 아주 정당하고 떳떳하다.
SC_V1923_B023_044,공모전,명사,충돌,4등급/동형0/공개 모집한 작품의 전시회.
SC_V1923_B023_045,공배수,명사,충돌,4등급/동형0/둘 이상의 정수 또는 정식에 공통되는 배수.
SC_V1924_B024_005,공업화,명사,충돌,4등급/동형0/산업 구성의 중점이 농업ㆍ광업 따위의 원시산업에서 가공 산업으로 옮아감. 또는 그렇게 함.
SC_V1924_B024_007,공예품,명사,충돌,4등급/동형0/실용적이면서 예술적 가치가 있게 만든 물품.
SC_V1924_B024_009,공정성,명사,충돌,4등급/동형0/공평하고 올바른 성질.
SC_V1924_B024_011,공중도덕,명사,충돌,4등급/동형0/공중의 복리를 위하여 여러 사람이 지켜야 할 도덕.
SC_V1924_B024_015,공판장,명사,충돌,4등급/동형0/‘공동 판매장’을 줄여 이르는 말.
SC_V1924_B024_022,공항버스,명사,충돌,"4등급/동형0/공항과 도심, 공항과 역 따위를 왕복하며 승객을 실어 나르는 버스."
SC_V1924_B024_023,공회전,명사,충돌,4등급/동형0/기계 따위가 헛도는 일.
SC_V1924_B024_024,과감성,명사,충돌,4등급/동형0/과단성이 있고 용감한 성질.
SC_V1924_B024_031,과속,명사,충돌,4등급/동형0/자동차 따위의 주행 속도를 너무 빠르게 함. 또는 그 속도.
SC_V1924_B024_033,과잉,명사,충돌,4등급/동형0/예정하거나 필요한 수량보다 많아 남음.
SC_V1924_B024_039,과학계,명사,충돌,4등급/동형0/과학에 관련된 일에 종사하는 조직체나 개인의 활동 분야.
SC_V1924_B024_041,과학화,명사,충돌,4등급/동형0/과학적으로 체계화됨. 또는 체계화함.
SC_V1924_B024_042,과학화되다,동사,충돌,4등급/동형0/과학적으로 체계화되다.
SC_V1924_B024_045,관공서,명사,충돌,4등급/동형0/관서와 공서를 아울러 이르는 말.
SC_V1924_B024_047,관광업,명사,충돌,"4등급/동형0/영리를 목적으로 관광객에게 재화나 용역을 제공하는 각종 사업. 여행 알선업, 관광 숙박업, 관광객 이용 시설"
SC_V1924_B024_050,관람료,명사,충돌,"4등급/동형0/연극, 영화, 운동 경기, 미술품 따위를 구경하기 위하여 내는 요금."
SC_V1925_B025_001,관람석,명사,충돌,"4등급/동형0/연극, 영화, 운동 경기, 미술품 따위를 구경할 수 있도록 마련한 좌석."
SC_V1925_B025_002,관련자,명사,충돌,"4등급/동형0/어떤 사건, 현상 따위에 관계를 맺고 있는 사람."
SC_V1925_B025_004,관리소,명사,충돌,"4등급/동형0/특정한 일이나 사물, 시설 따위를 유지, 보완, 통제하는 업무를 맡아 하는 곳."
SC_V1925_B025_006,관리원,명사,충돌,4등급/동형0/일정한 대상물을 관리하는 일을 맡아보는 직책에 있는 사람.
SC_V1925_B025_009,관악기,명사,충돌,4등급/동형0/입으로 불어서 관 안의 공기를 진동시켜 소리를 내는 악기. 목관 악기와 금관 악기의 두 가지가 있다.
SC_V1925_B025_012,관중석,명사,충돌,4등급/동형0/운동 경기 따위를 구경하기 위하여 모인 사람들이 앉는 자리.
SC_V1925_B025_013,관찰력,명사,충돌,4등급/동형0/사물이나 현상을 주의하여 자세히 살펴보는 능력.
SC_V1925_B025_014,관찰자,명사,충돌,4등급/동형0/관찰하는 사람.
SC_V1925_B025_017,관현악단,명사,충돌,4등급/동형0/관현악을 연주하는 단체.
SC_V1925_B025_022,광고주,명사,충돌,4등급/동형0/광고를 내는 사람.
SC_V1925_B025_024,광대뼈,명사,충돌,4등급/동형0/뺨의 튀어나온 부분을 이루는 네모꼴의 뼈. 눈구멍 아래쪽 모서리를 이룬다.
SC_V1925_B025_026,광산촌,명사,충돌,4등급/동형0/광산을 끼고 이루어진 마을. 주민의 대부분이 광산에서 일하는 사람이나 그 가족이다.
SC_V1925_B025_027,광석,명사,충돌,4등급/동형0/경제적 가치가 있고 채광할 수 있는 광물. 또는 그런 광물의 집합체.
SC_V1925_B025_033,괘종시계,명사,충돌,4등급/동형0/시간마다 종이 울리는 시계. 보통 추가 있으며 벽에 걸어 둔다.
SC_V1925_B025_036,교과목,명사,충돌,4등급/동형0/학교에서 가르쳐야 할 지식이나 경험의 체계를 세분하여 계통을 세운 영역.
SC_V1925_B025_037,교대하다,동사,충돌,4등급/동형0/어떤 일을 여럿이 나누어서 차례에 따라 맡아 하다.
SC_V1925_B025_039,교만하다,형용사,충돌,4등급/동형0/잘난 체하며 뽐내고 건방지다.
SC_V1925_B025_040,교역하다,동사,충돌,4등급/동형0/주로 나라와 나라 사이에서 물건을 사고팔고 하여 서로 바꾸다.
SC_V1925_B025_047,교통난,명사,충돌,4등급/동형0/교통 기관의 부족이나 교통의 혼잡으로 소통이 원활하게 이루어지지 않는 어려움. 또는 그런 상태.
SC_V1925_B025_048,교통로,명사,충돌,"4등급/동형0/교통에 이용하는 길. 도로, 수로, 항공로 및 통신 시설 따위를 통틀어 이른다."
SC_V1925_B025_049,교통망,명사,충돌,4등급/동형0/교통로가 이리저리 분포되어 있는 상태를 그물에 비유하여 이르는 말.
SC_V1926_B026_001,교통안전,명사,충돌,4등급/동형0/교통질서와 교통 법규를 잘 지켜 사고를 미연에 방지함. 또는 그런 일.
SC_V1926_B026_002,교통질서,명사,충돌,4등급/동형0/차와 사람이 통행하는 데 마땅히 지켜야 하는 질서.
SC_V1926_B026_003,교통편,명사,충돌,4등급/동형0/한 장소에서 다른 장소로 오고 가는 데 이용하는 자동차ㆍ기차ㆍ선박ㆍ항공기 따위의 교통수단.
SC_V1926_B026_004,교향곡,명사,충돌,"4등급/동형0/관현악을 위하여 작곡한, 소나타 형식의 규모가 큰 곡. 보통 4악장으로 이루어지며, 하이든이 시작하여 모차르"
SC_V1926_B026_005,교향악,명사,충돌,"4등급/동형0/교향곡, 교향시, 교향 모음곡 따위의 관현악을 위하여 만든 음악을 통틀어 이르는 말. 대규모의 관현악 조직에"
SC_V1926_B026_006,교향악단,명사,충돌,4등급/동형0/교향악을 연주하는 대규모의 관현악단.
SC_V1926_B026_012,구독료,명사,충돌,"4등급/동형0/책이나 신문, 잡지 따위를 정기적으로 받아 보기 위하여 지급하는 돈."
SC_V1926_B026_014,구들,명사,충돌,4등급/동형0/고래를 켜고 구들장을 덮어 흙을 발라서 방바닥을 만들고 불을 때어 난방을 하는 구조물.
SC_V1926_B026_015,구름다리,명사,충돌,4등급/동형0/도로나 계곡 따위를 건너질러 공중에 걸쳐 놓은 다리.
SC_V1926_B026_017,구멍가게,명사,충돌,4등급/동형0/조그맣게 차린 가게.
SC_V1926_B026_019,구부정하다,형용사,충돌,4등급/동형0/조금 구부러져 있다.
SC_V1926_B026_021,구석기,명사,충돌,"4등급/동형0/인류가 만들어 쓴 뗀석기. 주먹 도끼, 찍개, 찌르개 따위의 사냥 도구와 긁개, 밀개 따위의 조리 도구가 있"
SC_V1926_B026_025,구슬프다,형용사,충돌,4등급/동형0/처량하고 슬프다.
SC_V1926_B026_026,구연동화,명사,충돌,4등급/동형0/입으로 실감 나게 들려주는 동화.
SC_V1926_B026_027,구조되다,동사,충돌,4등급/동형0/재난 따위를 당하여 어려운 처지에 빠진 사람이 구해지다.
SC_V1926_B026_034,국내선,명사,충돌,"4등급/동형0/철도, 항공 노선이나 전화선 따위에서 나라 안의 교통이나 통신에만 이용하는 선."
SC_V1926_B026_048,국악기,명사,충돌,"4등급/동형0/국악에 쓰는 기구를 통틀어 이르는 말. 장구, 거문고, 가야금 따위이다."
SC_V1926_B026_049,국악인,명사,충돌,4등급/동형0/우리나라 고유의 음악을 연주하거나 작곡하는 것을 전문으로 하는 사람.
SC_V1926_B026_050,국어학,명사,충돌,"4등급/동형0/국어를 과학적으로 연구하는 학문. 국어의 음운, 문법, 의미 구조와 국어가 변천해 온 역사, 방언 따위를 연"
SC_V1927_B027_002,국제공항,명사,충돌,4등급/동형0/여러 나라의 민간 항공기가 뜨고 내릴 수 있도록 정부에서 지정한 공항.
SC_V1927_B027_003,국제기구,명사,충돌,4등급/동형0/어떤 국제적인 목적이나 활동을 위해서 두 나라 이상의 회원국으로 구성된 조직체.
SC_V1927_B027_006,군것질하다,동사,충돌,4등급/동형0/끼니 외에 과일이나 과자 따위의 군음식을 먹다.
SC_V1927_B027_011,군불,명사,충돌,4등급/동형0/음식을 하기 위해서가 아니라 오로지 방을 덥히려고 아궁이에 때는 불.
SC_V1927_B027_029,궂은비,명사,충돌,4등급/동형0/날씨가 어두침침하게 흐리면서 오랫동안 내리는 비.
SC_V1927_B027_031,권세,명사,충돌,4등급/동형0/권력과 세력을 아울러 이르는 말.
SC_V1927_B027_041,귀금속,명사,충돌,"4등급/동형0/산출량이 적어 값이 비싼 금속. 금ㆍ은ㆍ백금 따위를 이르며, 화학 반응을 거의 일으키지 않고 아름다운 광택을"
SC_V1927_B027_042,귀농,명사,충돌,4등급/동형0/다른 일을 하던 사람이 그 일을 그만두고 농사를 지으려고 농촌으로 돌아감.
SC_V1927_B027_044,귀담아듣다,동사,충돌,4등급/동형0/주의하여 잘 듣다.
SC_V1927_B027_046,귀띔하다,동사,충돌,4등급/동형0/상대편이 눈치로 알아차릴 수 있도록 미리 슬그머니 일깨워 주다.
SC_V1928_B028_003,귀환,명사,충돌,4등급/동형0/다른 곳으로 떠나 있던 사람이 본래 있던 곳으로 돌아오거나 돌아감.
SC_V1928_B028_007,귓바퀴,명사,충돌,"4등급/동형0/겉귀의 드러난 가장자리 부분. 연골(軟骨)로 되어 쭈그러져 있으며, 밖에서 들려오는 소리를 귓구멍으로 들어가"
SC_V1928_B028_012,그간,명사,충돌,4등급/동형0/조금 멀어진 어느 때부터 다른 어느 때까지의 비교적 짧은 동안.
SC_V1928_B028_017,그라운드,명사,충돌,4등급/동형0/야구나 축구 따위의 야외 경기를 하는 운동장.
SC_V1928_B028_018,그래픽,명사,충돌,"4등급/동형0/그림이나 도형, 사진 등 다양한 시각적 형상(形象)이나 작품을 통틀어 이르는 말."
SC_V1928_B028_021,그리기,명사,충돌,4등급/동형0/자와 컴퍼스만을 써서 주어진 조건에 알맞은 선이나 도형을 그림.
SC_V1928_B028_022,그리도,부사,충돌,4등급/동형0/그러한 정도로. 또는 그렇게까지.
SC_V1928_B028_023,그리되다,동사,충돌,"4등급/동형0/상태, 모양, 성질 따위가 그러하게 되다."
SC_V1928_B028_027,그믐달,명사,충돌,4등급/동형0/그믐 전 며칠 동안 보이는 달. 새벽부터 해 뜨기 직전까지 동쪽 하늘에서 볼 수 있다.
SC_V1928_B028_031,그을음,명사,충돌,4등급/동형0/어떤 물질이 불에 탈 때에 연기에 섞여 나오는 먼지 모양의 검은 가루.
SC_V1928_B028_041,근대식,명사,충돌,4등급/동형0/근대의 발전 수준에 맞는 방식.
SC_V1928_B028_042,근대화,명사,충돌,4등급/동형0/근대적인 상태가 됨. 또는 그렇게 함.
SC_V1928_B028_043,근대화되다,동사,충돌,4등급/동형0/근대적인 상태가 되다.
SC_V1928_B028_047,근면성,명사,충돌,4등급/동형0/부지런한 품성.
SC_V1928_B028_049,근심스럽다,형용사,충돌,4등급/동형0/보기에 마음이 놓이지 않아 속을 태우는 데가 있다.
SC_V1928_B028_050,근엄하다,형용사,충돌,4등급/동형0/점잖고 엄숙하다.
SC_V1929_B029_002,글감,명사,충돌,4등급/동형0/글의 내용이 되는 재료.
SC_V1929_B029_006,글썽거리다,동사,충돌,4등급/동형0/눈에 눈물이 자꾸 넘칠 듯이 그득하게 고이다. 또는 그렇게 하다.
SC_V1929_B029_007,글썽글썽,부사,충돌,4등급/동형0/눈에 눈물이 넘칠 듯이 자꾸 그득하게 고이는 모양.
SC_V1929_B029_008,글썽이다,동사,충돌,4등급/동형0/눈에 눈물이 넘칠 듯이 그득하게 고이다. 또는 그렇게 하다.
SC_V1929_B029_015,금메달리스트,명사,충돌,4등급/동형0/주로 운동 경기나 그 밖의 각종 대회에서 우승하여 금메달을 수상한 사람.
SC_V1929_B029_019,금새,명사,충돌,4등급/동형0/물건의 값. 또는 물건값의 비싸고 싼 정도.
SC_V1929_B029_020,금수강산,명사,충돌,"4등급/동형0/비단에 수를 놓은 것처럼 아름다운 산천이라는 뜻으로, 우리나라의 산천을 비유적으로 이르는 말."
SC_V1929_B029_021,금융,명사,충돌,4등급/동형0/금전을 융통하는 일. 특히 이자를 붙여서 자금을 대차하는 일과 그 수급 관계를 이른다.
SC_V1929_B029_023,금융업,명사,충돌,"4등급/동형0/자금을 융통하는 영업. 은행업, 신탁업, 증권업, 보험업 따위가 이에 해당한다."
SC_V1929_B029_032,급변하다,동사,충돌,4등급/동형0/상황이나 상태가 갑자기 달라지다.
SC_V1929_B029_039,급정거,명사,충돌,"4등급/동형0/자동차, 기차 따위가 갑자기 섬. 또는 그러한 것을 갑자기 세움."
SC_V1929_B029_041,기계톱,명사,충돌,4등급/동형0/동력으로 톱날을 움직여 물체를 자르는 톱.
SC_V1929_B029_044,기내식,명사,충돌,"4등급/동형0/비행기 안에서 승객이나 승무원에게 제공되는 식사, 음료수, 간식 따위를 이르는 말."
SC_V1929_B029_050,기대서다,동사,충돌,4등급/동형0/벽 따위에 손을 짚거나 팔을 붙여 몸을 의지하여 비스듬히 서다.
SC_V1930_B030_002,기동성,명사,충돌,4등급/동형0/상황에 따라 재빠르게 움직이거나 대처하는 특성.
SC_V1930_B030_007,기리다,동사,충돌,"4등급/동형0/뛰어난 업적이나 바람직한 정신, 위대한 사람 따위를 칭찬하고 기억하다."
SC_V1930_B030_010,기본기,명사,충돌,4등급/동형0/악기 따위를 다룰 때나 어떤 운동을 할 때 가장 기초가 되는 기술.
SC_V1930_B030_011,기본예절,명사,충돌,4등급/동형0/가장 밑바탕이 되고 중요한 예의범절.
SC_V1930_B030_012,기본자세,명사,충돌,4등급/동형0/어떤 일이나 운동을 하기 위하여 기본적으로 반드시 갖추어야 할 태도나 습관.
SC_V1930_B030_016,기세등등하다,형용사,충돌,4등급/동형0/기세가 매우 높고 힘차다.
SC_V1930_B030_018,기술력,명사,충돌,4등급/동형0/인간에게 유용한 것을 개발하거나 처리하고 문제를 해결하는 능력.
SC_V1930_B030_019,기악곡,명사,충돌,4등급/동형0/기악을 위하여 작곡한 곡.
SC_V1930_B030_024,기우뚱,부사,일치,4등급/동형0/물체가 한쪽으로 약간 기울어지는 모양.
SC_V1930_B030_027,기웃,부사,충돌,4등급/동형0/무엇을 보려고 고개나 몸 따위를 한쪽으로 조금 기울이는 모양.
SC_V1930_B030_029,기입하다,동사,일치,4등급/동형0/수첩이나 문서 따위에 적어 넣다.
SC_V1930_B030_034,기중기,명사,충돌,4등급/동형0/무거운 물건을 들어 올려 아래위나 수평으로 이동시키는 기계.
SC_V1930_B030_039,기틀,명사,충돌,4등급/동형0/어떤 일의 가장 중요한 계기나 조건.
SC_V1930_B030_040,기행문,명사,충돌,"4등급/동형0/여행하면서 보고, 듣고, 느끼고, 겪은 것을 적은 글. 대체로 일기체, 편지 형식, 수필, 보고 형식 따위로"
SC_V1930_B030_043,기후표,명사,충돌,"4등급/동형0/각 지방의 기후 자료를 정리한 표. 각 기후 요소의 평균값, 누년값, 극값, 변동도, 재현 기간 따위를 표시"
SC_V1930_B030_045,긴박감,명사,충돌,4등급/동형0/매우 다급하고 절박한 느낌.
SC_V1931_B031_002,길쌈,명사,충돌,4등급/동형0/실을 내어 옷감을 짜는 모든 일을 통틀어 이르는 말.
SC_V1931_B031_005,김장철,명사,충돌,4등급/동형0/김장을 담그는 철. 대개 늦가을과 초겨울 사이를 이른다.
SC_V1931_B031_009,까끌까끌하다,형용사,충돌,4등급/동형0/표면이 매우 거칠고 깔끄럽다.
SC_V1931_B031_013,까치밥,명사,충돌,4등급/동형0/까치 따위의 날짐승이 먹으라고 따지 않고 몇 개 남겨 두는 감.
SC_V1931_B031_018,깍듯하다,형용사,충돌,4등급/동형0/예의범절을 갖추는 태도가 분명하다.
SC_V1931_B031_019,깎아지르다,형용사,충돌,4등급/동형0/벼랑 따위가 반듯하게 깎아 세운 듯 가파르다.
SC_V1931_B031_025,깡충거리다,동사,충돌,4등급/동형0/짧은 다리를 모으고 힘 있게 자꾸 솟구쳐 뛰다. ‘강중거리다’보다 세고 거센 느낌을 준다.
SC_V1931_B031_031,꺼이꺼이,부사,충돌,4등급/동형0/목이 멜 만큼 요란하게 우는 소리. 또는 그 모양.
SC_V1931_B031_033,꺾꽂이,명사,충돌,"4등급/동형0/식물의 가지, 줄기, 잎 따위를 자르거나 꺾어 흙 속에 꽂아 뿌리 내리게 하는 일."
SC_V1931_B031_034,꺾꽂이하다,동사,충돌,"4등급/동형0/식물의 가지, 줄기, 잎 따위를 자르거나 꺾어 흙 속에 꽂아 뿌리 내리게 하다."
SC_V1931_B031_035,께름칙하다,형용사,충돌,4등급/동형0/마음에 걸려서 언짢고 싫은 느낌이 꽤 있다.
SC_V1931_B031_036,꼬깃꼬깃,부사,충돌,4등급/동형0/고김살이 생기게 자꾸 함부로 고기는 모양. ‘고깃고깃’보다 센 느낌을 준다.
SC_V1931_B031_037,꼬까신,명사,충돌,"4등급/동형0/어린아이의 말로, 알록달록하게 곱게 만든 아이의 신발을 이르는 말."
SC_V1931_B031_040,꼬리지느러미,명사,충돌,4등급/동형0/물고기의 꼬리를 이루는 지느러미. 추진력을 주며 방향을 조절한다.
SC_V1931_B031_042,꼬부리다,동사,충돌,4등급/동형0/한쪽으로 고붓하게 곱히다. ‘고부리다’보다 센 느낌을 준다.
SC_V1931_B031_045,꼴뚜기,명사,충돌,"4등급/동형0/꼴뚜깃과의 귀꼴뚜기, 좀귀꼴뚜기, 잘록귀꼴뚜기, 투구귀꼴뚜기를 통틀어 이르는 말."
SC_V1931_B031_047,꼼작,부사,충돌,4등급/동형0/몸을 둔하고 느리게 조금 움직이는 모양. ‘곰작’보다 센 느낌을 준다.
SC_V1931_B031_048,꼼지락꼼지락,부사,충돌,4등급/동형0/몸을 계속 천천히 좀스럽게 움직이는 모양. ‘곰지락곰지락’보다 센 느낌을 준다.
SC_V1931_B031_050,꽃가루,명사,일치,"3등급/동형0/종자식물의 수술의 화분낭 속에 들어 있는 꽃의 가루. 바람, 물, 곤충 따위를 매개로 암술머리에 운반된다."
SC_V1932_B032_003,꽃나비,명사,충돌,"4등급/동형0/조선 시대에, 궁중의 잔치 때 춤을 추고 노래를 부르던 아이."
SC_V1932_B032_005,꽃눈,명사,충돌,4등급/동형0/자라서 꽃이나 화서가 될 싹. 잎눈보다 굵고 크다.
SC_V1932_B032_013,꽃사슴,명사,충돌,4등급/동형0/일본사슴을 일상적으로 이르는 말.
SC_V1932_B032_016,꾀부리다,동사,충돌,4등급/동형0/일의 어려운 부분이나 책임을 살살 피하여 자기에게 이롭게만 하다.
SC_V1932_B032_018,꾸깃꾸깃,부사,충돌,4등급/동형0/구김살이 생기게 자꾸 함부로 구기는 모양. ‘구깃구깃’보다 센 느낌을 준다.
SC_V1932_B032_020,꾸부정하다,형용사,충돌,4등급/동형0/매우 구부러져 있다. ‘구부정하다’보다 센 느낌을 준다.
SC_V1932_B032_021,꾸불꾸불,부사,충돌,4등급/동형0/이리로 저리로 구부러진 모양. ‘구불구불’보다 센 느낌을 준다.
SC_V1932_B032_025,꾸지람하다,동사,충돌,4등급/동형0/아랫사람의 잘못을 꾸짖다.
SC_V1932_B032_028,꿇어앉다,동사,일치,4등급/동형0/무릎을 구부려 바닥에 대고 앉다.
SC_V1932_B032_029,꿈길,명사,충돌,4등급/동형0/꿈에서 이루어지는 일의 과정. 또는 꿈을 꾸는 과정.
SC_V1932_B032_032,꿍꿍이속,명사,충돌,4등급/동형0/남에게 드러내 보이지 아니하고 어떤 일을 꾸며 도무지 모를 셈속.
SC_V1932_B032_033,끄덕,부사,충돌,4등급/동형0/고개 따위를 아래위로 거볍게 한 번 움직이는 모양.
SC_V1932_B032_035,끄떡없다,형용사,충돌,4등급/동형0/아무런 변동이나 탈이 없이 매우 온전하다.
SC_V1932_B032_039,끔적거리다,동사,충돌,4등급/동형0/큰 눈이 자꾸 슬쩍 감겼다 뜨였다 하다. 또는 그렇게 되게 하다.
SC_V1932_B032_050,낄낄,부사,충돌,4등급/동형0/웃음을 억지로 참으면서 입속으로 웃는 소리. 또는 그 모양.
SC_V1933_B033_003,나노,명사,충돌,4등급/동형0/국제단위계에서 10억분의 1을 나타내는 분수. 기호는 n.
SC_V1933_B033_006,나라꽃,명사,충돌,"4등급/동형0/한 나라를 상징하는 꽃. 우리나라는 무궁화, 영국은 장미, 프랑스는 백합이다."
SC_V1933_B033_011,나막신,명사,충돌,4등급/동형0/신의 하나. 나무를 파서 만든 것으로 앞뒤에 높은 굽이 있어 비가 오는 날이나 땅이 진 곳에서 신었다.
SC_V1933_B033_013,나무망치,명사,충돌,4등급/동형0/나무로 만든 망치. 쇠망치로 두드리면 깨지거나 우그러지기 쉬운 물건을 두드릴 때에 쓴다.
SC_V1933_B033_014,나무뿌리,명사,충돌,"4등급/동형0/나무의 뿌리. 땅속에 묻혀 영양분을 빨아올리며, 줄기가 쓰러지지 않도록 지탱하여 주는 역할도 한다."
SC_V1933_B033_015,나무줄기,명사,충돌,"4등급/동형0/목질로 된 줄거리. 가지를 치고 잎이 돋아나게 하는 굵은 부분으로, 열매 맺은 뒤에도 마르지 않는다."
SC_V1933_B033_018,나무하다,동사,일치,4등급/동형0/땔감으로 쓸 나무를 베거나 주워 모으다.
SC_V1933_B033_021,나박김치,명사,충돌,"4등급/동형0/김치의 하나. 무를 얄팍하고 네모지게 썰어 절인 다음, 고추ㆍ파ㆍ마늘ㆍ미나리 따위를 넣고 국물을 부어 담근다"
SC_V1933_B033_026,나풀나풀,부사,충돌,4등급/동형0/얇은 물체가 바람에 날리어 자꾸 가볍게 움직이는 모양. ‘나불나불01’보다 거센 느낌을 준다.
SC_V1933_B033_027,낙농,명사,충돌,4등급/동형0/젖소나 염소 따위를 기르고 그 젖을 이용하는 산업.
SC_V1933_B033_028,낙농업,명사,충돌,4등급/동형0/젖소나 염소 따위를 기르고 그 젖을 이용하는 산업.
SC_V1933_B033_029,낙담하다,동사,충돌,4등급/동형0/바라던 일이 뜻대로 되지 않아 마음이 몹시 상하다.
SC_V1933_B033_030,낙심,명사,충돌,4등급/동형0/바라던 일이 이루어지지 아니하여 마음이 상함.
SC_V1933_B033_031,낙심하다,동사,충돌,4등급/동형0/바라던 일이 이루어지지 아니하여 마음이 상하다.
SC_V1933_B033_034,낚싯대,명사,충돌,4등급/동형0/물고기를 잡는 도구의 하나. 가늘고 긴 대에 낚싯줄을 매어 쓴다.
SC_V1933_B033_038,난이도,명사,충돌,4등급/동형0/어려움과 쉬움의 정도.
SC_V1933_B033_049,남녀평등,명사,일치,3등급/동형0/남자와 여자의 법률적 권리나 사회적 대우가 성별에 따라 차별이 없음.
SC_V1934_B034_006,남부끄럽다,형용사,충돌,4등급/동형0/창피하여 남을 대하기가 부끄럽다.
SC_V1934_B034_018,납득하다,동사,충돌,"4등급/동형0/다른 사람의 말이나 행동, 형편 따위를 잘 알아서 긍정하고 이해하다."
SC_V1934_B034_019,납땜질,명사,충돌,4등급/동형0/금이 가거나 뚫어진 쇠붙이를 땜납으로 때우는 일.
SC_V1934_B034_026,낭독회,명사,충돌,4등급/동형0/시나 수필 따위를 소리 내어 읽으며 감상하는 모임.
SC_V1934_B034_033,낱권,명사,충돌,4등급/동형0/따로따로인 한 권 한 권.
SC_V1934_B034_038,내구성,명사,충돌,4등급/동형0/물질이 원래의 상태에서 변질되거나 변형됨이 없이 오래 견디는 성질.
SC_V1934_B034_042,내로라하다,동사,충돌,4등급/동형0/어떤 분야를 대표할 만하다.
SC_V1935_B035_003,냅킨,명사,충돌,"4등급/동형0/주로 양식을 먹을 때, 무릎 위에 펴 놓거나 손이나 입을 닦는 데 쓰는 천이나 종이."
SC_V1935_B035_006,냉국,명사,충돌,4등급/동형0/찬물에 간장과 초를 쳐서 만든 국물. 또는 끓인 맑은장국을 차게 식힌 국물.
SC_V1935_B035_013,냉잇국,명사,충돌,4등급/동형0/냉이를 고추장과 된장을 섞어 푼 물에 넣어 끓인 국.
SC_V1935_B035_015,냉철하다,형용사,충돌,4등급/동형0/생각이나 판단 따위가 감정에 치우치지 않고 침착하며 사리에 밝다.
SC_V1935_B035_021,너와집,명사,충돌,4등급/동형0/너새로 지붕을 올린 집.
SC_V1935_B035_022,너트,명사,충돌,4등급/동형0/쇠붙이로 만들어 볼트에 끼워서 기계 부품 따위를 고정하는 데에 쓰는 공구(工具). 일반적으로 육각형 또는 사
SC_V1935_B035_027,넓적다리,명사,충돌,4등급/동형0/다리에서 무릎 관절 위의 부분.
SC_V1935_B035_029,넝쿨,명사,일치,3등급/동형0/길게 뻗어 나가면서 다른 물건을 감기도 하고 땅바닥에 퍼지기도 하는 식물의 줄기.
SC_V1935_B035_036,노닐다,동사,일치,4등급/동형0/한가하게 이리저리 왔다 갔다 하면서 놀다.
SC_V1935_B035_038,노동력,명사,충돌,3등급/동형0/생산품을 만드는 데에 소요되는 인간의 정신적ㆍ육체적인 모든 능력.
SC_V1935_B035_039,노래자랑,명사,충돌,4등급/동형0/여럿이 모여 누가 더 노래를 잘하는지를 겨루며 즐기는 일.
SC_V1935_B035_043,노르무레하다,형용사,충돌,4등급/동형0/산뜻하지 않고 엷게 노르다.
SC_V1936_B036_008,녹말풀,명사,충돌,4등급/동형0/녹말에 물을 붓고 가열하여 만든 반투명의 끈끈한 풀.
SC_V1936_B036_011,녹지대,명사,충돌,4등급/동형0/자연환경을 보전하거나 공해를 방지하기 위하여 도시의 안이나 그 주변에 일부러 조성한 녹지.
SC_V1936_B036_015,논설문,명사,충돌,4등급/동형0/어떤 주제에 관하여 자기의 생각이나 주장을 체계적으로 밝혀 쓴 글.
SC_V1936_B036_023,놀잇감,명사,충돌,4등급/동형0/놀이 또는 아동 교육 현장 따위에서 활용되는 물건이나 재료.
SC_V1936_B036_024,놋쇠,명사,충돌,4등급/동형0/구리에 아연을 10~45% 넣어 만든 합금. 가공하기 쉽고 녹슬지 않아 공업 재료로 널리 쓴다.
SC_V1936_B036_025,농간,명사,충돌,4등급/동형0/남을 속이거나 남의 일을 그르치게 하려는 간사한 꾀.
SC_V1936_B036_028,농구대,명사,충돌,"4등급/동형0/농구를 할 때에, 공을 던져 넣을 수 있도록 만든 대. 일정한 규격의 높이에 백보드와 바스켓이 달려 있다."
SC_V1936_B036_029,농기계,명사,충돌,"4등급/동형0/농사짓는 데 쓰는 기계. 경운기, 탈곡기, 농약 살포기 따위가 있다."
SC_V1936_B036_033,농번기,명사,충돌,"4등급/동형0/농사일이 매우 바쁜 시기. 모낼 때, 논맬 때, 추수할 때 따위가 이에 속한다."
SC_V1936_B036_037,농삿집,명사,충돌,4등급/동형0/농사를 본업으로 하는 사람의 집. 또는 그런 가정.
SC_V1936_B036_044,농업국,명사,충돌,4등급/동형0/모든 경제 분야에서 농업이 기본이 되고 농업을 주요 산업으로 하는 나라.
SC_V1936_B036_045,농업용수,명사,충돌,4등급/동형0/농사에 필요하여 논밭에 대는 데 드는 물.
SC_V1936_B036_046,농원,명사,충돌,4등급/동형0/주로 원예 작물을 심어 가꾸는 농장.
SC_V1936_B036_050,높임,명사,충돌,4등급/동형0/사람이나 사물을 높이는 뜻으로 이르는 말.
SC_V1937_B037_001,높임법,명사,충돌,"4등급/동형0/남을 높여서 말하는 법. 문장의 주체를 높이는 주체 높임법, 말을 듣는 상대편을 높이는 상대 높임법이 있다."
SC_V1937_B037_002,뇌리,명사,충돌,"4등급/동형0/사람의 의식이나 기억, 생각 따위가 들어 있는 영역."
SC_V1937_B037_012,누르께하다,형용사,충돌,4등급/동형0/곱지도 짙지도 않게 누르다.
SC_V1937_B037_013,누에고치,명사,충돌,4등급/동형0/누에가 번데기로 변할 때에 실을 토하여 제 몸을 둘러싸서 만든 둥글고 길쭉한 모양의 집. 명주실을 뽑아 내는
SC_V1937_B037_014,누에치기,명사,충돌,4등급/동형0/누에를 기름. 또는 그 일.
SC_V1937_B037_027,눈물샘,명사,충돌,4등급/동형0/눈물을 분비하는 샘. 눈알이 박혀 움푹 들어간 눈구멍의 바깥 위쪽 구석에 있다.
SC_V1937_B037_028,눈물짓다,동사,충돌,4등급/동형0/눈물을 흘리다. 또는 눈물이 고이다.
SC_V1937_B037_030,눈사태,명사,충돌,4등급/동형0/많이 쌓였던 눈이 갑자기 무너지거나 빠른 속도로 미끄러져 내리는 현상. 또는 그 눈.
SC_V1937_B037_036,눈요기,명사,충돌,4등급/동형0/눈으로 보기만 하면서 어느 정도 만족을 느끼는 일.
SC_V1937_B037_041,눈짓,명사,충돌,4등급/동형0/눈을 움직여서 상대편에게 어떤 뜻을 전달하거나 암시하는 동작.
SC_V1937_B037_042,눈짓하다,동사,충돌,4등급/동형0/눈을 움직여서 상대편에게 어떤 뜻을 전달하거나 암시하는 동작을 하다.
SC_V1937_B037_045,뉘앙스,명사,충돌,"4등급/동형0/음색, 명도, 채도, 색상, 어감 따위의 미묘한 차이. 또는 그런 차이에서 오는 느낌이나 인상."
SC_V1937_B037_047,뉘우침,명사,충돌,4등급/동형0/스스로 제 잘못을 깨닫고 가책을 느끼는 일. 또는 그런 마음.
SC_V1937_B037_048,느닷없이,부사,일치,4등급/동형0/나타나는 모양이 아주 뜻밖이고 갑작스럽게.
SC_V1938_B038_004,능가하다,동사,충돌,4등급/동형0/능력이나 수준 따위가 비교 대상을 훨씬 넘어서다.
SC_V1938_B038_015,늴리리야,명사,충돌,"4등급/동형0/‘늴리리야’를 후렴구로 가진 경기 민요의 하나. 본래 창부 타령이었던 것이 변하여 된 것으로, 굿거리장단으로"
SC_V1938_B038_016,니크롬선,명사,충돌,"4등급/동형0/니켈과 크로뮴의 합금으로 만든 선. 전기로와 같은 공업용 고온 발열체, 가정용 전기풍로 따위의 절연선으로 쓴"
SC_V1938_B038_018,다각형,명사,충돌,"4등급/동형0/셋 이상의 선분으로 둘러싸인 평면 도형. 선분의 수에 따라 삼각형, 사각형, 오각형 따위가 있다."
SC_V1938_B038_021,다년생,명사,충돌,4등급/동형0/식물이 2년 이상 생존하는 일. 또는 그런 식물.
SC_V1938_B038_022,다되다,형용사,충돌,4등급/동형0/완전히 그르친 상태에 있다.
SC_V1938_B038_023,다듬어지다,동사,충돌,"4등급/동형0/말씨나 옷차림, 태도, 솜씨 따위가 세련되고 깔끔해지다."
SC_V1938_B038_024,다듬이질,명사,충돌,4등급/동형0/옷이나 옷감 따위를 방망이로 두드려 반드럽게 하는 일.
SC_V1938_B038_025,다락집,명사,충돌,"4등급/동형0/마룻바닥이 지면보다 높거나, 이 층으로 지은 집. 사방을 바라볼 수 있도록 높은 기둥 위에 벽이 없이 마루를"
SC_V1938_B038_029,다리미질하다,동사,충돌,4등급/동형0/다리미로 옷이나 천 따위를 다리다.
SC_V1938_B038_033,다림질하다,동사,충돌,4등급/동형0/‘다리미질하다’의 준말.
SC_V1938_B038_034,다목적,명사,충돌,4등급/동형0/여러 가지 목적.
SC_V1938_B038_035,다사다난하다,형용사,충돌,4등급/동형0/여러 가지 일도 많고 어려움이나 탈도 많다.
SC_V1938_B038_039,다운로드,명사,충돌,4등급/동형0/컴퓨터 통신망을 통하여 파일이나 자료를 받아 오는 것. 멀리 떨어져 있는 다른 컴퓨터나 비비에스(BBS)에서
SC_V1938_B038_042,다정스럽다,형용사,충돌,4등급/동형0/보기에 다정하거나 정다운 데가 있다.
SC_V1938_B038_044,다짜고짜로,부사,충돌,4등급/동형0/일의 앞뒤 상황이나 사정 따위를 미리 알아보지 아니하고 단박에 들이덤벼서.
SC_V1938_B038_046,다큐멘터리,명사,충돌,4등급/동형0/실제로 있었던 어떤 사건을 사실적으로 담은 영상물이나 기록물.
SC_V1939_B039_002,단결력,명사,충돌,4등급/동형0/많은 사람이 한데 뭉치는 힘.
SC_V1939_B039_008,단연코,부사,충돌,4등급/동형0/확실히 단정할 만하게.
SC_V1939_B039_009,단옷날,명사,충돌,"4등급/동형0/우리나라 명절의 하나. 음력 5월 5일로, 단오떡을 해 먹고 여자는 창포물에 머리를 감고 그네를 뛰며 남자는"
SC_V1939_B039_010,단일어,명사,충돌,"4등급/동형0/하나의 실질 형태소로 된 말. ‘하늘’, ‘땅’, ‘밥’ 따위이다."
SC_V1939_B039_011,단일팀,명사,충돌,"4등급/동형0/일정한 나라나 지역에서, 여러 팀 가운데 인원을 선발하여 하나로 구성한 팀."
SC_V1939_B039_012,단정히,부사,충돌,4등급/동형0/옷차림새나 몸가짐 따위가 얌전하고 바르게.
SC_V1939_B039_015,단체전,명사,충돌,4등급/동형0/단체 간에 행하여지는 경기.
SC_V1939_B039_021,단합,명사,충돌,4등급/동형0/많은 사람이 마음과 힘을 한데 뭉침.
SC_V1939_B039_022,단호하다,형용사,충돌,"4등급/동형0/결심이나 태도, 입장 따위가 과단성 있고 엄격하다."
SC_V1939_B039_023,단호히,부사,충돌,"4등급/동형0/결심이나 태도, 입장 따위가 과단성 있고 엄격하게."
SC_V1939_B039_025,달걀귀신,명사,충돌,4등급/동형0/달걀 모양으로 생겼다는 귀신.
SC_V1939_B039_027,달걀부침,명사,충돌,4등급/동형0/달걀을 씌워서 번철이나 프라이팬 따위에 지진 음식을 통틀어 이르는 말.
SC_V1939_B039_028,달걀찜,명사,충돌,"4등급/동형0/달걀 푼 것에 새우젓이나 명란젓, 파, 깨 따위를 넣고 찐 음식."
SC_V1939_B039_030,달걀흰자,명사,충돌,4등급/동형0/달걀 속에서 노른자를 싸고 있는 흰 부분. 단백질이 많다.
SC_V1939_B039_032,달그락거리다,동사,충돌,4등급/동형0/작고 단단한 물건이 부딪쳐 흔들리면서 맞닿는 소리가 자꾸 나다. 또는 그런 소리를 자꾸 내다.
SC_V1939_B039_033,달그락달그락,부사,충돌,4등급/동형0/작고 단단한 물건이 잇따라 부딪쳐 흔들리면서 맞닿는 소리.
SC_V1939_B039_039,달음질치다,동사,충돌,4등급/동형0/힘 있게 급히 뛰어 달려가다.
SC_V1939_B039_043,닭조림,명사,충돌,4등급/동형0/닭고기에 간장과 소금을 치고 고명을 더하여 조린 음식.
SC_V1939_B039_044,닭튀김,명사,충돌,"4등급/동형0/닭고기에 밀가루, 겨잣가루, 소금, 후추 따위를 묻혀 기름에 튀긴 요리."
SC_V1939_B039_045,닮은꼴,명사,충돌,3등급/동형0/크기만 다르고 모양이 같은 둘 이상의 도형.
SC_V1939_B039_048,담력,명사,충돌,4등급/동형0/겁이 없고 용감한 기운.
SC_V1940_B040_002,담판하다,동사,충돌,4등급/동형0/서로 맞선 관계에 있는 쌍방이 의논하여 옳고 그름을 판단하다.
SC_V1940_B040_004,답례,명사,충돌,"4등급/동형0/말, 동작, 물건 따위로 남에게서 받은 예(禮)를 도로 갚음. 또는 그 예."
SC_V1940_B040_005,답례하다,동사,충돌,"4등급/동형0/말, 동작, 물건 따위로 남에게서 받은 예(禮)를 도로 갚다."
SC_V1940_B040_007,당구장,명사,충돌,4등급/동형0/당구를 하는 곳. 흔히 당구에 필요한 시설을 갖추어 놓고 요금을 받는 영업 장소를 이른다.
SC_V1940_B040_016,대견스레,부사,충돌,4등급/동형0/보기에 흐뭇하고 자랑스러운 데가 있게.
SC_V1940_B040_018,대관람차,명사,충돌,"4등급/동형0/바퀴 모양의 둘레에 두 명이나 세 명이 앉을 수 있는 작은 공간을 여러 개 만들어, 먼 곳을 바라볼 수 있도"
SC_V1940_B040_026,대롱거리다,동사,충돌,4등급/동형0/작은 물건이 매달려 잇따라 가볍게 흔들리다.
SC_V1940_B040_028,대리점,명사,충돌,4등급/동형0/일정한 회사 따위의 위탁을 받아 거래를 대리하거나 매개하는 일을 하는 가게.
SC_V1940_B040_030,대문자,명사,충돌,"4등급/동형0/서양 글자에서, 큰 체로 된 글자. 영어 따위에서 글의 첫머리나 고유 명사의 첫 자 따위에 쓰는 글자이다."
SC_V1940_B040_039,대보름날,명사,충돌,"4등급/동형0/음력 정월 보름날을 명절로 이르는 말. 새벽에 귀밝이술을 마시고 부럼을 깨물며 약밥, 오곡밥 따위를 먹는다."
SC_V1940_B040_040,대비책,명사,충돌,4등급/동형0/앞으로 일어날지도 모르는 어떤 일에 대응하기 위한 방책.
SC_V1940_B040_043,대소변,명사,충돌,4등급/동형0/대변과 소변을 아울러 이르는 말.
SC_V1940_B040_046,대여점,명사,충돌,4등급/동형0/돈을 받고 일정 기간 동안 특정한 물품을 빌려주는 가게.
SC_V1941_B041_009,대중화되다,동사,충돌,4등급/동형0/대중 사이에 널리 퍼져 친숙해지다.
SC_V1941_B041_010,대찬성,명사,충돌,4등급/동형0/흔쾌히 하는 찬성.
SC_V1941_B041_014,대패질하다,동사,충돌,4등급/동형0/대패로 나무를 깎다.
SC_V1941_B041_015,대팻밥,명사,일치,4등급/동형0/대패질할 때 깎여 나오는 얇은 나무오리.
SC_V1941_B041_018,대표작,명사,충돌,"4등급/동형0/개인, 집단 또는 일정한 시기의 여러 작품을 대표할 만한 전형적인 작품."
SC_V1941_B041_019,대피령,명사,충돌,4등급/동형0/위험이나 피해를 입지 않도록 일시적으로 피하게 하는 명령.
SC_V1941_B041_020,대피소,명사,충돌,4등급/동형0/비상시에 대피할 수 있도록 만들어 놓은 곳.
SC_V1941_B041_021,대학원,명사,충돌,"4등급/동형0/대학을 졸업한 사람이 보다 전문적으로 학술, 기예를 연구하는 과정. 대학 과정보다 한층 더 심오한 연구와 교"
SC_V1941_B041_023,대합실,명사,충돌,4등급/동형0/공공시설에서 손님이 기다리며 머물 수 있도록 마련한 곳.
SC_V1941_B041_026,댓글,명사,충돌,4등급/동형0/인터넷에 오른 원문에 대하여 짤막하게 답하여 올리는 글.
SC_V1941_B041_028,댕그랑,부사,충돌,"4등급/동형0/작은 쇠붙이, 방울, 종, 풍경, 워낭 따위가 흔들리거나 부딪칠 때 나는 소리."
SC_V1941_B041_033,더러움,명사,충돌,4등급/동형0/더러운 것이나 더러워지는 것.
SC_V1941_B041_037,덕담,명사,충돌,4등급/동형0/남이 잘되기를 비는 말. 주로 새해에 많이 나누는 말이다.
SC_V1941_B041_038,덕택,명사,충돌,4등급/동형0/베풀어 준 은혜나 도움.
SC_V1941_B041_039,덜거덕거리다,동사,충돌,4등급/동형0/크고 단단한 물건이 맞부딪치는 소리가 자꾸 나다. 또는 그런 소리를 자꾸 내다.
SC_V1941_B041_042,덜커덩,부사,충돌,4등급/동형0/크고 단단한 물건이 부딪쳐 울리는 소리. ‘덜거덩’보다 조금 거센 느낌을 준다.
SC_V1941_B041_043,덥수룩하다,형용사,충돌,4등급/동형0/더부룩하게 많이 난 수염이나 머리털이 어수선하게 덮여 있다.
SC_V1941_B041_044,덧거름,명사,충돌,4등급/동형0/농작물에 첫 번 거름을 준 뒤 밑거름을 보충하기 위하여 더 주는 비료.
SC_V1941_B041_047,덩굴,명사,일치,3등급/동형0/길게 뻗어 나가면서 다른 물건을 감기도 하고 땅바닥에 퍼지기도 하는 식물의 줄기.
SC_V1941_B041_048,덩달다,동사,충돌,4등급/동형0/실속도 모르고 남이 하는 대로 좇아서 하다.
SC_V1941_B041_050,덮밥,명사,충돌,"4등급/동형0/반찬이 될 만한 요리를 밥 위에 얹어 먹는 음식을 통틀어 이르는 말. 고기덮밥, 오징어덮밥 따위가 있다."
SC_V1942_B042_005,데스크톱,명사,충돌,"4등급/동형0/개인의 책상 위에 설치할 수 있는 크기의 소형 컴퓨터. 회계 업무, 사무 관리, 문서 처리 따위의 사무 자동"
SC_V1942_B042_012,도로망,명사,충돌,4등급/동형0/그물처럼 이리저리 얽힌 도로의 체계.
SC_V1942_B042_014,도리어,부사,충돌,4등급/동형0/예상이나 기대 또는 일반적인 생각과는 반대되거나 다르게.
SC_V1942_B042_015,도맡다,동사,충돌,4등급/동형0/혼자서 책임을 지고 몰아서 모든 것을 돌보거나 해내다.
SC_V1942_B042_019,도시권,명사,충돌,"4등급/동형0/도시 및 그와 밀접한 관계를 가진 주변 지역을 이르는 말. 통근권, 통학권, 쇼핑ㆍ오락권, 상권 따위의 요소"
SC_V1942_B042_021,도움닫기,명사,충돌,"4등급/동형0/높이뛰기, 멀리뛰기, 창던지기 따위에서, 뛰거나 던지는 힘을 높이기 위하여 구름판까지 일정한 거리를 달리는 "
SC_V1942_B042_024,도장공,명사,충돌,4등급/동형0/‘칠장이’를 전문적으로 이르는 말.
SC_V1942_B042_031,독려하다,동사,충돌,4등급/동형0/감독하며 격려하다.
SC_V1942_B042_038,독창회,명사,충돌,4등급/동형0/한 사람이 노래하는 음악회.
SC_V1942_B042_040,돈독하다,형용사,충돌,4등급/동형0/도탑고 성실하다.
SC_V1942_B042_048,돌도끼,명사,충돌,4등급/동형0/큰 돌 조각이나 둥근 자갈을 때려 조각을 떼어 낸 다음 다듬거나 갈아서 만든 도끼.
SC_V1943_B043_010,돌치기,명사,충돌,4등급/동형0/아이들 놀이의 하나. 손바닥만 한 납작한 돌을 세워 놓고 얼마쯤 떨어진 곳에서 돌을 던져 맞히거나 발로 돌을
SC_V1943_B043_015,동감하다,동사,충돌,4등급/동형0/어떤 견해나 의견에 같은 생각을 가지다.
SC_V1943_B043_018,동급생,명사,일치,4등급/동형0/같은 학급이나 같은 학년의 학생.
SC_V1943_B043_024,동물성,명사,충돌,4등급/동형0/동물에서만 볼 수 있는 고유한 성질. 또는 그런 성질의 것.
SC_V1943_B043_032,동심원,명사,충돌,4등급/동형0/같은 중심을 가지며 반지름이 다른 두 개 이상의 원.
SC_V1943_B043_034,동여매다,동사,충돌,"4등급/동형0/끈이나 새끼, 실 따위로 두르거나 감거나 하여 묶다."
SC_V1943_B043_035,동음이의어,명사,충돌,4등급/동형0/소리는 같으나 뜻이 다른 단어.
SC_V1943_B043_037,동장군,명사,충돌,"4등급/동형0/겨울 장군이라는 뜻으로, 혹독한 겨울 추위를 비유적으로 이르는 말."
SC_V1943_B043_038,동정심,명사,충돌,4등급/동형0/남의 어려운 처지를 안타깝게 여기는 마음.
SC_V1943_B043_039,동조하다,동사,충돌,4등급/동형0/남의 주장에 자기의 의견을 일치시키거나 보조를 맞추다.
SC_V1943_B043_043,동창회,명사,충돌,4등급/동형0/같은 학교를 졸업한 사람들이 모여 서로 친목을 도모하고 모교와의 연락을 하기 위하여 조직한 모임.
SC_V1944_B044_003,되새김질하다,동사,충돌,4등급/동형0/한번 삼킨 먹이를 다시 게워 내어 씹는 짓을 하다.
SC_V1944_B044_007,된소리,명사,충돌,"4등급/동형0/후두 근육의 긴장도를 높이면서 기식이 거의 없이 내는 자음. ‘ㄲ’, ‘ㄸ’, ‘ㅃ’, ‘ㅆ’, ‘ㅉ’ 따위"
SC_V1944_B044_014,두레박,명사,충돌,4등급/동형0/줄을 길게 달아 우물물을 퍼 올리는 데 쓰는 도구. 바가지나 판자 또는 양철 따위로 만든다.
SC_V1944_B044_016,두릅,명사,충돌,4등급/동형0/두릅나무의 어린순. 살짝 데쳐서 무쳐 먹거나 초고추장에 찍어 먹는다.
SC_V1944_B044_020,두메,명사,충돌,4등급/동형0/도회에서 멀리 떨어져 사람이 많이 살지 않는 변두리나 깊은 곳.
SC_V1944_B044_026,둔각,명사,충돌,4등급/동형0/90도보다는 크고 180도보다는 작은 각.
SC_V1944_B044_041,뒤웅박,명사,충돌,4등급/동형0/박을 쪼개지 않고 꼭지 근처에 구멍만 뚫어 속을 파낸 바가지. 마른 그릇으로 쓴다.
SC_V1944_B044_043,뒤주,명사,충돌,"4등급/동형0/쌀 따위의 곡식을 담아 두는 세간의 하나. 나무로 궤짝같이 만드는데, 네 기둥과 짧은 발이 있으며 뚜껑의 절"
SC_V1945_B045_009,뒷정리,명사,충돌,4등급/동형0/복잡한 상태나 일의 끝을 바로잡음. 또는 그런 일.
SC_V1945_B045_013,드높이다,동사,충돌,4등급/동형0/매우 높게 하다. ‘드높다’의 사동사.
SC_V1945_B045_015,득점왕,명사,충돌,"4등급/동형0/축구ㆍ농구 따위에서, 점수를 가장 많이 낸 선수. 또는 그 선수에게 주는 상."
SC_V1945_B045_020,들기름,명사,충돌,"4등급/동형0/들깨로 짠 기름. 등잔에 쓰는 것과 물건을 겯는 데에 쓰는 것은 볶지 않고 짜며, 먹는 데에 쓰는 것은 볶아"
SC_V1945_B045_023,들볶이다,동사,충돌,4등급/동형0/까다롭게 굴거나 잔소리를 하는 이에게 괴롭힘을 당하다. ‘들볶다’의 피동사.
SC_V1945_B045_033,들쭉날쭉하다,형용사,충돌,4등급/동형0/들어가기도 하고 나오기도 하여 가지런하지 아니하다.
SC_V1945_B045_036,듯싶다,보조 형용사,충돌,4등급/동형0/앞말이 뜻하는 사건이나 상태 따위를 짐작하거나 추측함을 나타내는 말.
SC_V1945_B045_038,등고선,명사,충돌,4등급/동형0/지도에서 해발 고도가 같은 지점을 연결한 곡선. 평면도에 땅의 높고 낮음을 표시하는 가장 좋은 방법이다.
SC_V1945_B045_047,등산가,명사,충돌,4등급/동형0/등산을 잘하거나 즐기는 사람.
SC_V1945_B045_050,등산복,명사,일치,4등급/동형0/등산할 때에 입는 옷.
SC_V1946_B046_001,등산화,명사,충돌,"4등급/동형0/등산할 때 신는 신. 보통 창이 두껍고 바닥이 울퉁불퉁하며, 벗겨지지 않도록 만들어졌다."
SC_V1946_B046_010,디지털,명사,충돌,3등급/동형0/여러 자료를 유한한 자릿수의 숫자로 나타내는 방식.
SC_V1946_B046_011,따개비,명사,충돌,4등급/동형0/절지동물문 따개빗과의 동물을 통틀어 이르는 말.
SC_V1946_B046_014,따끈히,부사,일치,4등급/동형0/꽤 따뜻하고 더운 느낌으로.
SC_V1946_B046_018,따사롭다,형용사,충돌,4등급/동형0/따뜻한 기운이 조금 있다. ‘다사롭다’보다 센 느낌을 준다.
SC_V1946_B046_021,따옴표,명사,충돌,"3등급/동형0/이전 문장 부호 규정에서 큰따옴표(“”), 겹낫표(『』), 작은따옴표(‘’), 낫표(「」)를 아울러 이르던 "
SC_V1946_B046_023,딴전,명사,충돌,4등급/동형0/어떤 일을 하는 데 그 일과는 전혀 관계없는 일이나 행동.
SC_V1946_B046_028,딸랑이,명사,충돌,4등급/동형0/흔들면 딸랑딸랑 소리가 나게 만든 어린아이들의 장난감.
SC_V1946_B046_030,땀구멍,명사,충돌,4등급/동형0/몸 안에서 몸 밖으로 땀을 내보내도록 피부에 난 구멍.
SC_V1946_B046_032,땅덩어리,명사,충돌,"4등급/동형0/땅의 덩이. 흔히 지구, 대륙, 국토 따위를 이른다."
SC_V1946_B046_033,땅덩이,명사,충돌,"4등급/동형0/땅의 덩이. 흔히 지구, 대륙, 국토 따위를 이른다."
SC_V1946_B046_034,땅따먹기,명사,충돌,4등급/동형0/어린이 놀이의 하나. 정한 땅에 각자의 말을 퉁긴 대로 금을 그어서 땅을 빼앗아 간다.
SC_V1946_B046_035,때굴때굴,부사,충돌,4등급/동형0/작은 물건이 잇따라 구르는 모양. ‘대굴대굴’보다 센 느낌을 준다.
SC_V1946_B046_036,때때옷,명사,충돌,"4등급/동형0/어린아이의 말로, 알록달록하게 곱게 만든 아이의 옷을 이르는 말."
SC_V1946_B046_040,땡그랑,부사,충돌,"4등급/동형0/작은 쇠붙이, 방울, 종, 풍경, 워낭 따위가 흔들리거나 부딪칠 때 나는 소리. ‘댕그랑’보다 센 느낌을 준"
SC_V1946_B046_043,떠나보내다,동사,충돌,4등급/동형0/다른 곳으로 떠나게 하다.
SC_V1946_B046_050,떠벌리다,동사,충돌,4등급/동형0/이야기를 과장하여 늘어놓다.
SC_V1947_B047_003,떡메,명사,충돌,4등급/동형0/인절미나 흰떡 따위를 만들기 위하여 찐 쌀을 치는 메. 굵고 짧은 나무토막의 중간에 구멍을 뚫어 긴 자루를 
SC_V1947_B047_005,떡시루,명사,충돌,4등급/동형0/떡을 찌는 데 쓰는 둥근 질그릇. 자배기 모양인데 바닥에 구멍이 여러 개 뚫려 있다.
SC_V1947_B047_016,또랑또랑하다,형용사,충돌,4등급/동형0/조금도 흐리지 않고 아주 밝고 똑똑하다.
SC_V1947_B047_018,똑딱단추,명사,충돌,"4등급/동형0/수단추와 암단추를 눌러 맞추어 채우는 단추. 주로 쇠붙이로 만든 단추로, 채우거나 뺄 때에 똑딱 소리가 난다"
SC_V1947_B047_019,똥그랗다,형용사,충돌,4등급/동형0/또렷하게 동글다. ‘동그랗다’보다 센 느낌을 준다.
SC_V1947_B047_020,똥글똥글,부사,충돌,4등급/동형0/여럿이 다 또는 매우 동근 모양. ‘동글동글’보다 센 느낌을 준다.
SC_V1947_B047_024,뚜뚜,부사,충돌,"4등급/동형0/고동이나 기적, 나팔 따위가 잇따라 울리는 소리."
SC_V1947_B047_028,뜀뛰다,동사,충돌,4등급/동형0/두 발을 모아 몸을 솟구쳐 앞으로 나아가거나 높은 곳으로 오르다.
SC_V1947_B047_031,뜬눈,명사,충돌,4등급/동형0/밤에 잠을 이루지 못한 눈.
SC_V1947_B047_035,뜻글자,명사,충돌,4등급/동형0/하나하나의 글자가 언어의 음과 상관없이 일정한 뜻을 나타내는 문자. 고대의 회화 문자나 상형 문자가 발달한 
SC_V1947_B047_037,뜻풀이,명사,충돌,4등급/동형0/글의 뜻을 풀이함.
SC_V1947_B047_038,띄어쓰기,명사,충돌,"3등급/동형0/글을 쓸 때, 어문 규범에 따라 어떤 말을 앞말과 띄어 쓰는 일."
SC_V1947_B047_040,라스,명사,충돌,4등급/동형0/모르타르를 바르기 위하여 밑바탕에 그물처럼 만든 철망.
SC_V1947_B047_042,라켓,명사,충돌,"4등급/동형0/테니스ㆍ배드민턴ㆍ탁구 따위에서, 공 또는 셔틀콕을 치는 기구."
SC_V1947_B047_045,러시아어,명사,충돌,4등급/동형0/인도ㆍ유럽 어족 슬라브 어파에 속한 언어. 모스크바 방언을 기초로 하는 러시아의 공용어이다.
SC_V1947_B047_049,레이더,명사,충돌,4등급/동형0/전파를 이용하여 물체를 탐지하고 거리를 측정하는 장치.
SC_V1948_B048_002,로맨틱하다,형용사,충돌,4등급/동형0/낭만적인 데가 있다.
SC_V1948_B048_004,롤러스케이트,명사,충돌,4등급/동형0/바닥에 네 개의 작은 바퀴가 달린 스케이트. 주로 아스팔트나 콘크리트 바닥에서 탄다.
SC_V1948_B048_007,리듬감,명사,충돌,4등급/동형0/일정한 음악적 규칙에 따라 반복되며 움직이는 느낌.
SC_V1948_B048_011,린스,명사,충돌,4등급/동형0/머리털을 헹구는 세제. 샴푸나 비누의 알칼리 성분을 중화(中和)하고 머리털에 적당한 기름기를 주어 윤기 있고
SC_V1948_B048_016,마네킹,명사,충돌,4등급/동형0/의류를 파는 가게에서 선전하기 위하여 옷을 입혀 놓는 사람 모형.
SC_V1948_B048_017,마늘장아찌,명사,충돌,"4등급/동형0/마늘이나 마늘종, 마늘잎을 식초와 설탕에 절여 진간장에 넣어 두었다가 간이 밴 다음에 먹는 반찬."
SC_V1948_B048_019,마당비,명사,충돌,4등급/동형0/마당을 쓰는 데 사용하는 비. 댑싸리나 싸리 따위로 만든다.
SC_V1948_B048_023,마루방,명사,충돌,4등급/동형0/구들을 놓지 아니하고 마루처럼 널을 깔아서 꾸민 방.
SC_V1948_B048_024,마른걸레,명사,일치,4등급/동형0/물기가 없는 걸레.
SC_V1948_B048_026,마른반찬,명사,충돌,"4등급/동형0/건어물, 김 따위와 같은 재료로 물기 없이 만든 반찬."
SC_V1948_B048_027,마른오징어,명사,충돌,4등급/동형0/배를 갈라 내장을 빼내고 납작하게 말린 오징어.
SC_V1948_B048_031,마름질,명사,충돌,4등급/동형0/옷감이나 재목 따위를 치수에 맞도록 재거나 자르는 일.
SC_V1948_B048_036,마시멜로,명사,충돌,"4등급/동형0/젤라틴, 달걀 흰자, 설탕, 향료, 식용 색소 따위를 섞어 거품을 일으킨 다음 굳힌 양과자."
SC_V1948_B048_042,마케팅,명사,충돌,"4등급/동형0/제품을 생산자로부터 소비자에게 원활하게 이전하기 위한 기획 활동. 시장 조사, 상품화 계획, 선전, 판매 촉"
SC_V1948_B048_044,막국수,명사,충돌,4등급/동형0/겉껍질만 벗겨 낸 거친 메밀가루로 굵게 뽑은 거무스름한 국수. 또는 그것을 삶아 만든 음식.
SC_V1949_B049_003,만날,부사,일치,4등급/동형0/매일같이 계속하여서.
SC_V1949_B049_006,만두소,명사,충돌,"4등급/동형0/만두 속에 넣는 재료. 주로 고기, 두부, 김치, 숙주나물 따위를 다진 뒤 양념을 쳐서 한데 버무려 만든다."
SC_V1949_B049_009,만백성,명사,충돌,4등급/동형0/나라 안의 모든 백성.
SC_V1949_B049_011,만석꾼,명사,충돌,4등급/동형0/곡식 만 섬가량을 거두어들일 만한 논밭을 가진 큰 부자를 비유적으로 이르는 말.
SC_V1949_B049_013,만족도,명사,충돌,4등급/동형0/만족을 느끼는 정도.
SC_V1949_B049_014,만지작만지작,부사,충돌,4등급/동형0/자꾸 가볍게 주무르듯이 만지는 모양.
SC_V1949_B049_015,만지작만지작하다,동사,충돌,4등급/동형0/자꾸 가볍게 주무르듯이 만지다.
SC_V1949_B049_025,말굽자석,명사,충돌,4등급/동형0/말굽 모양으로 구부려 만든 자석. 양극(兩極)이 서로 가까이 붙어 있기 때문에 자력이 오래 보존된다.
SC_V1949_B049_035,말버릇,명사,충돌,4등급/동형0/여러 번 거듭하는 사이에 몸에 배어 굳어 버린 말의 투.
SC_V1949_B049_037,말복,명사,충돌,4등급/동형0/삼복(三伏) 가운데 마지막에 드는 복날. 입추가 지난 뒤의 첫 번째 경일(庚日)에 든다.
SC_V1949_B049_043,말조심,명사,충돌,4등급/동형0/말이 잘못되지 아니하게 마음을 쓰는 일.
SC_V1949_B049_044,말주머니,명사,충돌,4등급/동형0/말거리를 많이 가지고 있는 것을 비유적으로 이르는 말.
SC_V1949_B049_046,말참견,명사,충돌,4등급/동형0/다른 사람이 말하는 데 끼어들어 말하는 짓.
SC_V1949_B049_047,말참견하다,동사,충돌,4등급/동형0/다른 사람이 말하는 데 끼어들어 말하다.
SC_V1950_B050_004,맙소사,감탄사,충돌,4등급/동형0/어처구니없는 일을 보거나 당할 때 탄식조로 내는 소리.
SC_V1950_B050_006,망설임,명사,충돌,4등급/동형0/이리저리 생각만 하고 태도를 결정하지 못함.
SC_V1950_B050_007,망치질,명사,충돌,4등급/동형0/망치로 무엇을 두드리거나 박는 일.
SC_V1950_B050_008,맞바꾸다,동사,충돌,4등급/동형0/더 보태거나 빼지 아니하고 어떤 것을 주고 다른 것을 받다.
SC_V1950_B050_009,맞받아치다,동사,충돌,4등급/동형0/남의 말이나 행동에 곧바로 대응하여 나서다.
SC_V1950_B050_014,매끈거리다,동사,충돌,4등급/동형0/매끄럽고 반드러워서 자꾸 밀리어 나가다.
SC_V1950_B050_017,매끌매끌하다,형용사,충돌,4등급/동형0/몹시 매끄럽다.
SC_V1950_B050_018,매립,명사,충돌,"4등급/동형0/우묵한 땅이나 하천, 바다 등을 돌이나 흙 따위로 채움."
SC_V1950_B050_019,매립장,명사,충돌,"4등급/동형0/돌이나 흙, 쓰레기 따위로 메워 올리는 우묵한 땅."
SC_V1950_B050_020,매립지,명사,충돌,4등급/동형0/낮은 땅을 돌이나 흙 따위로 메워 돋운 땅.
SC_V1950_B050_025,매스,명사,충돌,4등급/동형0/부피를 가진 하나의 덩어리로 느껴지는 물체나 인체의 부분.
SC_V1950_B050_028,매트리스,명사,충돌,"4등급/동형0/침대용의 두툼한 요. 보통 직사각형의 납작한 모양으로, 그 속에 스프링이나 스펀지 따위를 넣어 푹신하게 만든"
SC_V1950_B050_031,맥고모자,명사,충돌,4등급/동형0/맥고로 만든 모자. 개화기에 젊은 남자들이 주로 썼다.
SC_V1950_B050_032,맨눈,명사,충돌,"4등급/동형0/안경이나 망원경, 현미경 따위를 이용하지 아니하고 직접 보는 눈."
SC_V1950_B050_041,맺어지다,동사,충돌,4등급/동형0/관계나 인연 따위가 이루어지거나 만들어지다.
SC_V1950_B050_048,머슴,명사,충돌,4등급/동형0/주로 농가에 고용되어 그 집의 농사일과 잡일을 해 주고 대가를 받는 사내.
SC_V1951_B051_005,먼지떨이,명사,충돌,"4등급/동형0/먼지를 떠는 기구. 말총이나 새털, 헝겊 조각 따위를 묶고 가는 자루를 대어서 만든다."
SC_V1951_B051_006,먼지투성이,명사,충돌,4등급/동형0/온몸에 먼지가 묻어 더럽게 된 상태.
SC_V1951_B051_007,멀거니,부사,충돌,4등급/동형0/정신없이 물끄러미 보고 있는 모양.
SC_V1951_B051_012,멀티미디어,명사,충돌,"4등급/동형0/컴퓨터를 매개로 하여 영상, 음성, 문자 따위와 같은 다양한 정보 매체를 복합적으로 만든 장치나 소프트웨어의"
SC_V1951_B051_017,멋없다,형용사,충돌,4등급/동형0/격에 어울리지 않아 싱겁다.
SC_V1951_B051_018,멋없이,부사,충돌,4등급/동형0/격에 어울리지 않아 싱겁게.
SC_V1951_B051_020,메밀국수,명사,충돌,4등급/동형0/메밀가루로 만든 국수. 또는 그것을 삶아 만든 음식.
SC_V1951_B051_021,메밀묵,명사,충돌,4등급/동형0/껍질을 벗긴 메밀을 갈아서 앙금을 앉혀 그것으로 쑤어 만든 묵.
SC_V1951_B051_023,메아리치다,동사,충돌,4등급/동형0/메아리가 울려 퍼지거나 또는 어떤 소리가 메아리처럼 울려 퍼지다.
SC_V1951_B051_029,멜로디언,명사,충돌,4등급/동형0/소형의 건반 악기. 입으로 바람을 불어 넣으며 건반을 눌러 소리를 낸다.
SC_V1951_B051_035,면사무소,명사,충돌,3등급/동형0/면의 행정 사무를 맡아보는 기관.
SC_V1951_B051_036,면적,명사,충돌,3등급/동형0/면이 이차원의 공간을 차지하는 넓이의 크기.
SC_V1951_B051_037,면직물,명사,충돌,4등급/동형0/목화솜으로 짠 물건을 통틀어 이르는 말.
SC_V1951_B051_044,멸치젓,명사,일치,4등급/동형0/멸치로 담근 젓.
SC_V1951_B051_045,멸치조림,명사,충돌,4등급/동형0/머리와 내장을 제거한 멸치를 장이나 된장 국물에 넣고 조린 반찬.
SC_V1951_B051_048,명령어,명사,충돌,4등급/동형0/컴퓨터에 연산이나 일정한 동작을 명령하는 기계어.
SC_V1952_B052_004,명예스럽다,형용사,충돌,4등급/동형0/명예로 여길 만한 데가 있다.
SC_V1952_B052_006,명절날,명사,충돌,"4등급/동형0/해마다 일정하게 지키어 즐기거나 기념하는 때. 우리나라에는 설날, 대보름날, 단오, 추석, 동짓날 따위가 있"
SC_V1952_B052_015,모기향,명사,충돌,4등급/동형0/독한 연기로 모기를 잡거나 쫓기 위하여 피우는 향. 보통 제충국을 원료로 해서 봉상(棒狀)이나 나선형으로 만
SC_V1952_B052_016,모깃불,명사,충돌,4등급/동형0/모기를 쫓기 위하여 풀 따위를 태워 연기를 내는 불.
SC_V1952_B052_018,모내기하다,동사,충돌,4등급/동형0/모를 못자리에서 논으로 옮겨 심다.
SC_V1952_B052_020,모닝콜,명사,충돌,"4등급/동형0/호텔 따위에서, 투숙객을 지정한 시간에 깨워 주는 서비스. 일반적으로 전화로 해 준다."
SC_V1952_B052_023,모둠발,명사,충돌,4등급/동형0/가지런히 같은 자리에 모아 붙인 두 발.
SC_V1952_B052_026,모래사막,명사,충돌,4등급/동형0/아주 작은 모래알만이 쌓인 사막. 암반이나 돌덩이가 오랫동안의 풍화 작용으로 부서져 생긴다.
SC_V1952_B052_030,모래투성이,명사,충돌,4등급/동형0/모래가 많이 묻은 상태. 또는 그런 상태의 사물이나 사람.
SC_V1952_B052_031,모래흙,명사,충돌,4등급/동형0/모래가 많이 섞인 흙. 보통 80% 이상의 모래가 섞인 흙을 이른다.
SC_V1952_B052_032,모름지기,부사,충돌,4등급/동형0/사리를 따져 보건대 마땅히. 또는 반드시.
SC_V1952_B052_033,모방하다,동사,일치,4등급/동형0/다른 것을 본뜨거나 본받다.
SC_V1952_B052_036,모심기,명사,충돌,4등급/동형0/모를 못자리에서 논으로 옮겨 심는 일.
SC_V1952_B052_038,모음자,명사,충돌,4등급/동형0/모음을 나타내는 자모나 글자.
SC_V1952_B052_040,모조지,명사,충돌,4등급/동형0/질이 강하고 질기며 윤택이 나는 서양식 종이. 주로 인쇄지로 쓴다.
SC_V1952_B052_041,모종삽,명사,충돌,"4등급/동형0/어린 식물을 옮겨 심을 때에 사용하는, 흙손만 한 작은 삽."
SC_V1952_B052_042,모직,명사,충돌,4등급/동형0/털실로 짠 피륙.
SC_V1952_B052_043,모쪼록,부사,충돌,4등급/동형0/될 수 있는 대로.
SC_V1952_B052_045,모험가,명사,충돌,4등급/동형0/모험을 즐기거나 자주 하는 사람.
SC_V1952_B052_046,모험담,명사,충돌,4등급/동형0/모험을 하면서 겪은 사실이나 행동에 대한 이야기.
SC_V1953_B053_005,목례,명사,일치,4등급/동형0/눈짓으로 가볍게 하는 인사.
SC_V1953_B053_006,목메다,동사,충돌,4등급/동형0/기쁨이나 설움 따위의 감정이 북받쳐 솟아올라 그 기운이 목에 엉기어 막히다.
SC_V1953_B053_010,목욕통,명사,충돌,4등급/동형0/목욕을 할 수 있게 만든 통.
SC_V1953_B053_012,목적어,명사,충돌,"4등급/동형0/주요 문장 성분의 하나로, 타동사가 쓰인 문장에서 동작의 대상이 되는 말. ‘철수가 책을 읽는다.’에서 ‘책"
SC_V1953_B053_020,목표물,명사,충돌,4등급/동형0/목표로 하는 물건.
SC_V1953_B053_024,몰라주다,동사,충돌,3등급/동형0/알아주지 아니하다.
SC_V1953_B053_025,몰려나오다,동사,충돌,4등급/동형0/여럿이 떼를 지어 나오다.
SC_V1953_B053_029,몸길이,명사,충돌,4등급/동형0/동물 따위의 몸체의 길이. 특히 물고기의 경우는 주둥이 끝에서 등뼈 뒤 끝까지의 길이를 말하는데 꼬리지느러미
SC_V1953_B053_034,몸서리나다,동사,충돌,4등급/동형0/몹시 싫거나 무서워서 몸이 떨리다.
SC_V1953_B053_035,몸서리치다,동사,충돌,4등급/동형0/몹시 싫거나 무서워서 몸이 떨리다.
SC_V1953_B053_045,못줄,명사,충돌,"4등급/동형0/모를 심을 때 줄을 맞추기 위하여 쓰는, 일정한 간격마다 표시를 한 줄."
SC_V1953_B053_050,묘사되다,동사,충돌,"4등급/동형0/어떤 대상이나 사물, 현상 따위가 언어로 서술되거나 그림으로 그려져 표현되다."
SC_V1954_B054_004,무궁무진하다,형용사,충돌,4등급/동형0/끝이 없고 다함이 없다.
SC_V1954_B054_009,무나물,명사,충돌,4등급/동형0/무를 채 쳐서 삶은 뒤 바로 양념을 하거나 또는 다시 볶으면서 양념을 하여 무친 반찬.
SC_V1954_B054_011,무덤덤하다,형용사,충돌,4등급/동형0/마음에 아무 느낌이 없이 예사스럽다.
SC_V1954_B054_014,무방비,명사,충돌,4등급/동형0/적이나 해로운 것 따위를 막아 낼 준비가 되어 있지 않음.
SC_V1954_B054_015,무방하다,형용사,충돌,4등급/동형0/거리낄 것이 없이 괜찮다.
SC_V1954_B054_017,무산되다,동사,충돌,4등급/동형0/안개가 걷히듯 흩어져 없어지다. 또는 그렇게 흐지부지 취소되다.
SC_V1954_B054_018,무생물,명사,충돌,"4등급/동형0/생물이 아닌 물건. 세포로 이루어지지 않은 돌, 물, 흙 따위를 이른다."
SC_V1954_B054_020,무수하다,형용사,충돌,4등급/동형0/헤아릴 수 없다.
SC_V1954_B054_024,무언극,명사,충돌,4등급/동형0/대사 없이 표정과 몸짓만으로 내용을 전달하는 연극.
SC_V1954_B054_025,무엄하다,형용사,충돌,4등급/동형0/삼가거나 어려워함이 없이 아주 무례하다.
SC_V1954_B054_026,무역선,명사,충돌,4등급/동형0/다른 나라와 무역을 하기 위하여 물건을 실어 나르는 배.
SC_V1954_B054_029,무역항,명사,충돌,4등급/동형0/상선이나 다른 나라의 배가 드나들면서 무역을 할 수 있도록 상품 수출입의 허가를 받은 항구.
SC_V1954_B054_031,무용수,명사,충돌,4등급/동형0/극단이나 무용단 따위에서 춤을 추는 일을 전문으로 하는 사람.
SC_V1954_B054_036,무장아찌,명사,충돌,4등급/동형0/간장에 불린 무말랭이나 썰어 절여서 물을 뺀 무를 기름에 볶아서 고명을 한 반찬.
SC_V1954_B054_039,무진장하다,형용사,충돌,4등급/동형0/다함이 없이 굉장히 많다.
SC_V1954_B054_040,무턱대고,부사,충돌,4등급/동형0/잘 헤아려 보지도 아니하고 마구.
SC_V1954_B054_043,무한히,부사,충돌,"4등급/동형0/수(數), 양(量), 공간, 시간 따위에 제한이나 한계가 없이."
SC_V1954_B054_045,묵묵하다,형용사,일치,4등급/동형0/말없이 잠잠하다.
SC_V1954_B054_049,문갑,명사,충돌,"4등급/동형0/문서나 문구 따위를 넣어 두는 방세간. 서랍이 여러 개 달려 있거나 문짝이 달려 있고, 흔히 두 짝을 포개어"
SC_V1955_B055_002,문란하다,형용사,충돌,"4등급/동형0/도덕, 질서, 규범 따위가 어지럽다."
SC_V1955_B055_003,문맥,명사,충돌,4등급/동형0/글월에 표현된 의미의 앞뒤 연결.
SC_V1955_B055_005,문살,명사,충돌,4등급/동형0/문짝에 종이를 바르거나 유리를 끼우는 데에 뼈가 되는 나무오리나 대오리.
SC_V1955_B055_011,문지방,명사,충돌,"4등급/동형0/출입문 밑의, 두 문설주 사이에 마루보다 조금 높게 가로로 댄 나무."
SC_V1955_B055_014,문틀,명사,충돌,4등급/동형0/창문이나 문짝을 달거나 끼울 수 있도록 문의 양옆과 위아래에 이어 댄 테두리.
SC_V1955_B055_021,물구나무서기,명사,충돌,"3등급/동형0/체조에서, 손으로 바닥을 짚고 발로 땅을 차서 거꾸로 서는 동작."
SC_V1955_B055_022,물기둥,명사,충돌,4등급/동형0/솟구쳐 뻗치거나 내리쏟아지는 굵은 물줄기.
SC_V1955_B055_029,물레방앗간,명사,충돌,4등급/동형0/물레방아를 설치하여 놓은 곳.
SC_V1955_B055_030,물리학,명사,충돌,"4등급/동형0/물질의 물리적 성질과 그것이 나타내는 모든 현상, 그리고 그들 사이의 관계나 법칙을 연구하는 학문. 자연 과"
SC_V1955_B055_035,물방울무늬,명사,충돌,4등급/동형0/작고 동글동글한 물방울의 모양을 본떠서 늘어놓은 무늬.
SC_V1955_B055_036,물벼락,명사,충돌,4등급/동형0/갑자기 세차게 쏟아지는 물. 또는 그런 물을 뒤집어쓰게 되는 일.
SC_V1955_B055_037,물보라,명사,충돌,4등급/동형0/물결이 바위 따위에 부딪쳐 사방으로 흩어지는 자잘한 물방울.
SC_V1955_B055_038,물비누,명사,충돌,"4등급/동형0/액체로 된 비누. 야자유, 올리브유 따위로 만든 가루비누에 설탕액, 알코올, 탄산 칼륨, 글리세린 따위를 더"
SC_V1955_B055_040,물색하다,동사,충돌,"4등급/동형0/어떤 기준으로 거기에 알맞은 사람이나 물건, 장소를 고르다."
SC_V1955_B055_041,물안개,명사,일치,"4등급/동형0/강이나 호수, 바다 따위에서 피어오르는 안개."
SC_V1955_B055_044,물장난하다,동사,충돌,4등급/동형0/물을 가지고 장난을 하며 놀다.
SC_V1955_B055_045,물장수,명사,충돌,4등급/동형0/물을 길어다 팔거나 집으로 물을 길어다 주는 것을 직업으로 하는 사람.
SC_V1955_B055_048,물청소하다,동사,충돌,4등급/동형0/물로 더러운 것을 없애어 깨끗이 하다.
SC_V1955_B055_050,물컹거리다,동사,충돌,4등급/동형0/너무 익거나 곯아서 물크러질 정도로 매우 또는 여기저기가 물렁한 느낌이 들다.
SC_V1956_B056_001,물컹물컹하다,형용사,충돌,4등급/동형0/너무 익거나 곯아서 물크러질 정도로 매우 또는 여기저기가 물렁하다.
SC_V1956_B056_002,물컹하다,형용사,충돌,4등급/동형0/너무 익거나 곯아서 물크러질 정도로 물렁하다.
SC_V1956_B056_008,뭉툭하다,형용사,충돌,4등급/동형0/굵은 사물의 끝이 아주 짧고 무디다. ‘뭉뚝하다’보다 거센 느낌을 준다.
SC_V1956_B056_012,미끄럼대,명사,충돌,4등급/동형0/앉아서 미끄러져 내려오도록 비스듬하게 만든 어린이 놀이기구.
SC_V1956_B056_014,미니카,명사,충돌,4등급/동형0/소형의 자동차. 기통(氣筒)의 용적이 보통 400cc 전후인 삼륜(三輪) 또는 사륜(四輪)의 승용차를 이른다
SC_V1956_B056_015,미닫이,명사,충돌,4등급/동형0/문이나 창 따위를 옆으로 밀어서 열고 닫는 방식. 또는 그런 방식의 문이나 창을 통틀어 이르는 말.
SC_V1956_B056_022,미생물,명사,충돌,"4등급/동형0/눈으로는 볼 수 없는 아주 작은 생물. 보통 세균, 효모, 원생동물 따위를 이르는데, 바이러스를 포함하는 경"
SC_V1956_B056_026,미술사,명사,충돌,4등급/동형0/미술의 변천ㆍ발달 과정을 서술한 역사. 또는 그것을 연구하는 학문.
SC_V1956_B056_029,미심쩍다,형용사,충돌,4등급/동형0/분명하지 못하여 마음이 놓이지 않는 데가 있다.
SC_V1956_B056_032,미장원,명사,충돌,"4등급/동형0/파마, 커트, 화장, 그 밖의 미용술을 실시하여 용모, 두발, 외모 따위를 단정하고 아름답게 해 주는 것을 "
SC_V1956_B056_040,민감성,명사,충돌,4등급/동형0/느낌이나 반응이 날카롭고 빠른 성질.
SC_V1956_B056_041,민감하다,형용사,충돌,4등급/동형0/자극에 빠르게 반응을 보이거나 쉽게 영향을 받는 데가 있다.
SC_V1956_B056_043,민망스럽다,형용사,충돌,4등급/동형0/낯을 들고 대하기에 부끄러운 데가 있다.
SC_V1956_B056_044,민물고기,명사,충돌,4등급/동형0/민물에서 사는 물고기.
SC_V1956_B056_048,민요풍,명사,충돌,4등급/동형0/민요의 가락을 띤 형식.
SC_V1957_B057_003,민첩성,명사,충돌,4등급/동형0/재빠르고 날쌘 성질.
SC_V1957_B057_009,밀어닥치다,동사,충돌,4등급/동형0/여럿이 한꺼번에 닥치다.
SC_V1957_B057_016,밑넓이,명사,충돌,"4등급/동형0/원기둥, 각기둥, 원뿔, 각뿔 따위의 밑면의 넓이."
SC_V1957_B057_018,밑반찬,명사,충돌,"4등급/동형0/만들어서 오래 두고 언제나 손쉽게 내어 먹을 수 있는 반찬. 젓갈, 자반, 장아찌 따위가 있다."
SC_V1957_B057_025,바늘땀,명사,충돌,4등급/동형0/바느질할 때 실을 꿴 바늘로 한 번 뜸. 또는 그런 자국.
SC_V1957_B057_027,바닷물고기,명사,충돌,4등급/동형0/바다에서 사는 물고기.
SC_V1957_B057_032,바래다주다,동사,충돌,4등급/동형0/가는 사람을 일정한 곳까지 배웅해 주다.
SC_V1957_B057_041,바짓가랑이,명사,충돌,4등급/동형0/바지에서 다리를 꿰는 부분.
SC_V1957_B057_044,박애,명사,충돌,4등급/동형0/모든 사람을 평등하게 사랑함.
SC_V1957_B057_046,반가이,부사,충돌,4등급/동형0/그리워하던 사람을 만나거나 원하는 일이 이루어져서 즐겁고 기쁘게.
SC_V1958_B058_002,반려동물,명사,충돌,"4등급/동형0/사람이 정서적으로 의지하고자 가까이 두고 기르는 동물. 개, 고양이, 새 따위가 있다."
SC_V1958_B058_006,반사경,명사,충돌,"4등급/동형0/빛을 되비추어서 그 방향을 바꾸거나 상(像)을 맺게 하기 위하여 쓰는 광학 기계용 거울. 평면 거울, 볼록 "
SC_V1958_B058_011,반소매,명사,충돌,4등급/동형0/팔꿈치 위나 팔꿈치까지 내려오는 짧은 소매. 또는 그런 옷.
SC_V1958_B058_014,반지름,명사,충돌,4등급/동형0/원이나 구의 중심에서 그 원둘레 또는 구면상(球面上)의 한 점에 이르는 선분. 또는 그 선분의 길이.
SC_V1958_B058_015,반짇고리,명사,충돌,"4등급/동형0/바늘, 실, 골무, 헝겊 따위의 바느질 도구를 담는 그릇."
SC_V1958_B058_027,발동선,명사,충돌,4등급/동형0/내연 기관의 모터를 추진기로 사용하는 보트.
SC_V1958_B058_028,발동작,명사,충돌,4등급/동형0/발을 정해진 방식이나 순서에 따라 움직이는 일.
SC_V1958_B058_032,발명되다,동사,충돌,4등급/동형0/아직까지 없던 기술이나 물건이 새로 생각되어 만들어지다.
SC_V1958_B058_033,발명왕,명사,충돌,4등급/동형0/아직까지 없던 기술이나 물건을 새로 생각하여 만들어 내는 데 가장 뛰어난 사람.
SC_V1958_B058_036,발생률,명사,충돌,4등급/동형0/어떤 사물이 생겨나거나 나타나는 비율.
SC_V1958_B058_042,발야구,명사,충돌,"4등급/동형0/야구와 비슷한 규칙 아래, 공을 배트(bat)로 치는 대신 발로 차서 승부를 겨루는 경기."
SC_V1958_B058_043,발육,명사,충돌,4등급/동형0/생물체가 자라남.
SC_V1959_B059_008,밤송이,명사,충돌,4등급/동형0/밤알을 싸고 있는 두꺼운 겉껍데기. 가시가 많이 돋쳐 있고 밤이 여물면 네 갈래로 벌어져 밤알이 떨어진다.
SC_V1959_B059_012,밥상보,명사,충돌,"4등급/동형0/밥을 담은 그릇이나 차려 놓은 밥상을 덮어 두거나 싸는, 베나 헝겊으로 만든 보자기."
SC_V1959_B059_014,방관,명사,충돌,4등급/동형0/어떤 일에 직접 나서서 관여하지 않고 곁에서 보기만 함.
SC_V1959_B059_015,방관하다,동사,충돌,4등급/동형0/어떤 일에 직접 나서서 관여하지 않고 곁에서 보기만 하다.
SC_V1959_B059_018,방대하다,형용사,충돌,4등급/동형0/규모나 양이 매우 크거나 많다.
SC_V1959_B059_025,방부제,명사,충돌,"4등급/동형0/미생물의 활동을 막아 물건이 썩지 않게 하는 약. 살리실산, 포르말린, 나프탈렌, 소금, 알코올 따위가 있다"
SC_V1959_B059_026,방송극,명사,충돌,4등급/동형0/라디오나 텔레비전을 통하여 방송하는 드라마.
SC_V1959_B059_033,방영되다,동사,충돌,"4등급/동형0/뉴스, 드라마, 예능 따위의 프로그램이 텔레비전 화면으로 내보내어지다."
SC_V1959_B059_034,방영하다,동사,충돌,"4등급/동형0/뉴스, 드라마, 예능 따위의 프로그램을 텔레비전 화면으로 내보내다."
SC_V1959_B059_035,방위판,명사,일치,4등급/동형0/방위를 표시한 둥글넓적한 판.
SC_V1959_B059_036,방위표,명사,충돌,4등급/동형0/방위를 나타내는 표식이나 그런 표식이 그려 있는 표.
SC_V1959_B059_037,방음벽,명사,충돌,4등급/동형0/한쪽의 소리가 다른 쪽으로 새어 나가거나 새어 들어오는 것을 막기 위하여 설치한 벽.
SC_V1959_B059_038,방정식,명사,충돌,4등급/동형0/어떤 문자가 특정한 값을 취할 때에만 성립하는 등식.
SC_V1959_B059_044,방파제,명사,충돌,4등급/동형0/파도를 막기 위하여 항만에 쌓은 둑. 바다의 센 물결을 막아서 항구를 보호한다.
SC_V1959_B059_046,밭갈이,명사,충돌,4등급/동형0/밭을 가는 일.
SC_V1959_B059_047,밭고랑,명사,충돌,4등급/동형0/밭작물이 늘어서 있는 줄과 줄 사이의 고랑을 통틀어 이르는 말.
SC_V1960_B060_003,배관공,명사,충돌,4등급/동형0/배관 일을 하는 기술자.
SC_V1960_B060_010,배수로,명사,충돌,4등급/동형0/물이 빠져나갈 수 있도록 만든 길.
SC_V1960_B060_012,배영,명사,충돌,4등급/동형0/위를 향하여 반듯이 누워 양팔을 번갈아 회전하여 물을 밀치면서 두 발로 물장구를 치는 수영법.
SC_V1960_B060_016,배짱부리다,동사,충돌,4등급/동형0/배짱을 드러내어 조금도 굽히지 아니하고 버티다.
SC_V1960_B060_019,배턴,명사,충돌,"4등급/동형0/릴레이 경기에서, 앞 주자가 다음 주자에게 넘겨주는 막대기."
SC_V1960_B060_022,배포되다,동사,충돌,4등급/동형0/신문이나 책자 따위가 널리 나뉘어 주어지다.
SC_V1960_B060_026,백분율,명사,충돌,4등급/동형0/전체 수량을 100으로 하여 그것에 대해 가지는 비율.
SC_V1960_B060_028,백열등,명사,충돌,4등급/동형0/금속의 가는 선이 전류에 의해 가열되어 온도가 높아져 빛을 내는 등을 통틀어 이르는 말.
SC_V1960_B060_031,백지도,명사,충돌,4등급/동형0/각종 정보를 기입하기 위한 작업용 기본도. 지도의 윤곽ㆍ경계ㆍ하천ㆍ도시ㆍ철길 따위는 표시하나 글자는 쓰지 않
SC_V1960_B060_037,버겁다,형용사,충돌,4등급/동형0/물건이나 세력 따위가 다루기에 힘에 겹거나 거북하다.
SC_V1960_B060_040,버너,명사,충돌,"4등급/동형0/기체 또는 액체 연료를 공기와 혼합하여 연소시키는 기구. 가스버너, 석유 버너, 알코올버너 따위가 있으며, "
SC_V1960_B060_041,버들강아지,명사,충돌,4등급/동형0/버드나무의 꽃.
SC_V1960_B060_044,버릇없다,형용사,충돌,4등급/동형0/어른이나 남 앞에서 마땅히 지켜야 할 예의가 없다.
SC_V1960_B060_046,버림받다,동사,충돌,4등급/동형0/일방적으로 관계가 끊기어 배척당하다.
SC_V1960_B060_049,벅차오르다,동사,충돌,4등급/동형0/큰 감격이나 기쁨으로 가슴이 몹시 뿌듯하여 오다.
SC_V1960_B060_050,번득이다,동사,충돌,4등급/동형0/물체 따위에 반사된 큰 빛이 잠깐씩 나타나다. 또는 그렇게 되게 하다.
SC_V1961_B061_008,번쩍거리다,동사,충돌,4등급/동형0/큰 빛이 잇따라 잠깐 나타났다가 사라지다. 또는 그렇게 되게 하다.
SC_V1961_B061_010,번트,명사,충돌,"4등급/동형0/야구에서, 투수가 던진 공이 가까운 거리에 떨어지도록 타자가 배트를 공에 가볍게 대듯이 맞추는 일."
SC_V1961_B061_013,벌거숭이산,명사,충돌,4등급/동형0/나무가 없는 산.
SC_V1961_B061_015,벌꿀,명사,충돌,"4등급/동형0/꿀벌이 꽃에서 빨아들여 벌집 속에 모아 두는, 달콤하고 끈끈한 액체. 그 성분은 대부분 당분(糖分)이며 식용"
SC_V1961_B061_017,벌러덩,부사,충돌,4등급/동형0/발이나 팔을 활짝 벌린 상태로 맥없이 굼뜨게 뒤로 자빠지거나 눕는 모양.
SC_V1961_B061_018,벌름거리다,동사,충돌,4등급/동형0/탄력 있는 물체가 부드럽고 넓게 자꾸 벌어졌다 우므러졌다 하다. 또는 그렇게 되게 하다.
SC_V1961_B061_025,범칙금,명사,충돌,"4등급/동형0/도로 교통법, 경범죄 처벌법 따위를 어긴 사람에게 과하는 벌금."
SC_V1961_B061_026,법관,명사,충돌,"4등급/동형0/법원에 소속되어 소송 사건을 심리하고, 분쟁이나 이해의 대립을 법률적으로 해결하고 조정하는 권한을 가진 사람"
SC_V1961_B061_030,벙글거리다,동사,충돌,4등급/동형0/입을 조금 크게 벌리고 소리 없이 부드럽게 자꾸 웃다.
SC_V1961_B061_031,벙글벙글,부사,충돌,4등급/동형0/입을 조금 크게 벌리고 자꾸 소리 없이 부드럽게 웃는 모양.
SC_V1961_B061_032,벙글벙글하다,동사,충돌,4등급/동형0/입을 조금 크게 벌리고 자꾸 소리 없이 부드럽게 웃다.
SC_V1961_B061_035,베테랑,명사,충돌,4등급/동형0/어떤 분야에 오랫동안 종사하여 기술이 뛰어나거나 노련한 사람.
SC_V1961_B061_039,벼룩,명사,충돌,"4등급/동형0/벼룩목에 속하는 곤충을 통틀어 이르는 말. 개벼룩, 괭이벼룩, 꽃벼룩, 일본쥐벼룩 따위가 있다."
SC_V1961_B061_047,벽돌집,명사,충돌,4등급/동형0/기둥이나 도리 따위는 쓰지 않고 주로 벽돌만 쌓아 올려서 지은 집.
SC_V1962_B062_001,변덕스럽다,형용사,충돌,"4등급/동형0/이랬다저랬다 하는, 변하기 쉬운 태도나 성질이 있다."
SC_V1962_B062_005,변장하다,동사,충돌,"3등급/동형0/본래의 모습을 알아볼 수 없게 하기 위하여 옷차림이나 얼굴, 머리 모양 따위를 다르게 바꾸다."
SC_V1962_B062_006,변주곡,명사,충돌,"4등급/동형0/하나의 주제가 되는 선율을 바탕으로, 선율ㆍ리듬ㆍ화성 따위를 여러 가지로 변형하여 나가는 기악곡."
SC_V1962_B062_007,변질,명사,충돌,4등급/동형0/성질이 달라지거나 물질의 질이 변함. 또는 그런 성질이나 물질.
SC_V1962_B062_010,변호인,명사,충돌,"4등급/동형0/형사 소송에서, 피의자나 피고인의 이익을 보호하는 보조자로서 변호를 담당하는 사람."
SC_V1962_B062_011,변화무쌍하다,형용사,충돌,4등급/동형0/변하는 정도가 비할 데 없이 심하다.
SC_V1962_B062_022,볍씨,명사,충돌,4등급/동형0/못자리에 뿌리는 벼의 씨.
SC_V1962_B062_025,볏짚,명사,일치,4등급/동형0/벼의 낟알을 떨어낸 줄기.
SC_V1962_B062_031,병원균,명사,충돌,4등급/동형0/병의 원인이 되는 균.
SC_V1962_B062_036,보관소,명사,일치,4등급/동형0/다른 사람의 물품을 대신 맡아 관리하는 곳.
SC_V1962_B062_038,보급로,명사,충돌,"4등급/동형0/작전 지역에 병기, 식량 따위의 보급품을 나르기 위한 모든 길."
SC_V1962_B062_040,보도되다,동사,충돌,4등급/동형0/대중 전달 매체를 통하여 일반 사람들에게 새로운 소식이 알려지다.
SC_V1962_B062_041,보도블록,명사,충돌,"4등급/동형0/보행자가 통행하는 도로에 깔도록 만들어진 덩어리. 주로 시멘트, 벽돌 따위로 되어 있다."
SC_V1962_B062_043,보들보들하다,형용사,충돌,4등급/동형0/살갗에 닿는 느낌이 매우 보드랍다.
SC_V1962_B062_045,보디가드,명사,충돌,4등급/동형0/다른 사람의 신변의 안전을 돌보는 일을 임무로 하는 사람.
SC_V1963_B063_004,보배롭다,형용사,충돌,4등급/동형0/귀하고 소중한 가치가 있다.
SC_V1963_B063_005,보슬비,명사,충돌,4등급/동형0/바람이 없는 날 가늘고 성기게 조용히 내리는 비.
SC_V1963_B063_009,보잘것없다,형용사,충돌,4등급/동형0/볼만한 가치가 없을 정도로 하찮다.
SC_V1963_B063_011,보조선,명사,충돌,"4등급/동형0/도형에 관한 문제를 풀 때에, 문제 해결을 위하여 편의상 주어진 도형에 새로 첨가하는 직선 또는 원."
SC_V1963_B063_012,보청기,명사,충돌,4등급/동형0/청력이 약하여 잘 들리지 아니하는 것을 보강하는 기구. 소형 마이크 따위를 이용하여 소리를 모으거나 증폭하여
SC_V1963_B063_013,보폭,명사,충돌,4등급/동형0/걸음을 걸을 때 앞발 뒤축에서 뒷발 뒤축까지의 거리.
SC_V1963_B063_014,보행기,명사,충돌,"4등급/동형0/젖먹이에게 걸음을 익히게 하려고 태우는, 바퀴가 달린 기구."
SC_V1963_B063_016,보험금,명사,충돌,4등급/동형0/보험 사고가 발생하였을 때 보험 계약에 따라 보험 회사에서 손해 보험의 피보험자나 생명 보험의 보험금 수취인
SC_V1963_B063_017,보험증,명사,충돌,"4등급/동형0/보험자가 보험 계약의 요항을 적어서 보험 계약자에게 주는, 보험 계약의 성립을 증명하는 문서."
SC_V1963_B063_018,보호석,명사,충돌,"4등급/동형0/어린이나 노인, 병약자를 보호하기 위하여 기차, 버스 따위에 마련한 좌석."
SC_V1963_B063_020,복귀하다,동사,충돌,4등급/동형0/본디의 자리나 상태로 되돌아가다.
SC_V1963_B063_021,복날,명사,충돌,"4등급/동형0/초복, 중복, 말복이 되는 날. 이날이면 그해의 더위를 물리친다 하여 개장국이나 영계백숙을 먹는 사람이 많다"
SC_V1963_B063_022,복덩이,명사,충돌,4등급/동형0/매우 귀중한 사람이나 물건을 비유적으로 이르는 말.
SC_V1963_B063_027,복슬강아지,명사,충돌,4등급/동형0/털이 복슬복슬하고 탐스럽게 생긴 강아지.
SC_V1963_B063_032,본부석,명사,충돌,"4등급/동형0/운동, 대회 따위의 행사를 지휘하고 관전(觀戰)하기 위하여 지휘 본부에 마련한 귀빈과 임원의 자리."
SC_V1963_B063_034,본토박이,명사,충돌,4등급/동형0/대대로 그 땅에서 나서 오래도록 살아 내려오는 사람.
SC_V1963_B063_038,볼우물,명사,충돌,"4등급/동형0/볼에 팬 우물이라는 뜻으로, ‘보조개’를 이르는 말."
SC_V1963_B063_045,봄놀이하다,동사,충돌,4등급/동형0/봄철에 나들이하며 즐기는 놀이를 하다.
SC_V1963_B063_049,봄소식,명사,충돌,4등급/동형0/봄이 돌아왔음을 느끼게 하는 자연의 여러 가지 현상을 이르는 말.
SC_V1964_B064_001,봇짐,명사,충돌,4등급/동형0/등에 지기 위하여 물건을 보자기에 싸서 꾸린 짐.
SC_V1964_B064_003,봉돌,명사,충돌,4등급/동형0/낚싯바늘이 물속에 가라앉도록 낚싯줄 끝에 매어 다는 작은 쇳덩이나 돌덩이.
SC_V1964_B064_004,봉제품,명사,충돌,4등급/동형0/재봉틀이나 손으로 바느질하여 만든 의류나 완구 따위의 제품.
SC_V1964_B064_005,부귀영화,명사,충돌,3등급/동형0/재산이 많고 지위가 높으며 귀하게 되어서 세상에 드러나 온갖 영광을 누림.
SC_V1964_B064_007,부농,명사,충돌,4등급/동형0/농토와 농사의 규모가 크고 수입이 많은 농가나 농민.
SC_V1964_B064_008,부단히,부사,일치,4등급/동형0/꾸준하게 잇대어 끊임이 없이.
SC_V1964_B064_010,부당성,명사,충돌,4등급/동형0/이치에 맞지 않는 성질.
SC_V1964_B064_015,부뚜막,명사,충돌,4등급/동형0/아궁이 위에 솥을 걸어 놓는 언저리. 흙과 돌을 섞어 쌓아 편평하게 만든다.
SC_V1964_B064_019,부러트리다,동사,충돌,4등급/동형0/단단한 물체를 꺾어서 부러지게 하다.
SC_V1964_B064_026,부리부리하다,형용사,충돌,4등급/동형0/눈망울이 억실억실하게 크고 열기가 있다.
SC_V1964_B064_029,부산스럽다,형용사,충돌,4등급/동형0/보기에 급하게 서두르거나 시끄럽게 떠들어 어수선한 데가 있다.
SC_V1964_B064_032,부스러뜨리다,동사,충돌,4등급/동형0/깨어져 잘게 조각이 나게 하다.
SC_V1964_B064_033,부스러지다,동사,충돌,4등급/동형0/깨어져 잘게 조각이 나다.
SC_V1964_B064_034,부스럭거리다,동사,충돌,"3등급/동형0/마른 잎이나 검불, 종이 따위를 밟거나 건드리는 소리가 자꾸 나다. 또는 그런 소리를 자꾸 내다."
SC_V1964_B064_036,부싯돌,명사,충돌,"4등급/동형0/부시로 쳐서 불을 일으키는 데 쓰는 석영(石英)의 하나. 아주 단단하고 회색, 갈색, 검은색 따위를 띤다."
SC_V1964_B064_037,부어오르다,동사,충돌,4등급/동형0/살갗 따위가 부어서 부풀어 오르다.
SC_V1964_B064_039,부엌방,명사,일치,4등급/동형0/부엌에 딸린 조그마한 방.
SC_V1964_B064_042,부엽토,명사,충돌,4등급/동형0/풀이나 낙엽 따위가 썩어서 된 흙. 원예에 주로 사용한다.
SC_V1964_B064_043,부의장,명사,충돌,"4등급/동형0/의장을 보좌하며 의장의 유고 시에는 그 직무를 대리하는, 의장 다음가는 직위. 또는 그 직위에 있는 사람."
SC_V1964_B064_048,부적당하다,형용사,충돌,4등급/동형0/어떤 기준이나 정도 따위에 알맞지 아니하다.
SC_V1964_B064_049,부적절하다,형용사,충돌,4등급/동형0/어떠한 일이나 행동 따위를 하기에 알맞지 아니하다.
SC_V1964_B064_050,부적합하다,형용사,충돌,3등급/동형0/일이나 조건 따위에 꼭 알맞지 아니하다.
SC_V1965_B065_006,부채춤,명사,충돌,4등급/동형0/부채를 들고 추는 춤.
SC_V1965_B065_010,부화기,명사,충돌,4등급/동형0/달걀이나 물고기의 알을 인공적으로 까는 기구. 암탉 대신에 적당한 온도를 주어 병아리가 나오게 하며 물고기는
SC_V1965_B065_011,부흥,명사,충돌,4등급/동형0/쇠퇴하였던 것이 다시 일어남. 또는 그렇게 되게 함.
SC_V1965_B065_015,북동,명사,충돌,4등급/동형0/북쪽을 기준으로 북쪽과 동쪽 사이의 방위(方位).
SC_V1965_B065_016,북동쪽,명사,충돌,4등급/동형0/북쪽을 기준으로 북쪽과 동쪽 사이의 방위(方位).
SC_V1965_B065_017,북받치다,동사,충돌,4등급/동형0/감정이나 힘 따위가 속에서 세차게 치밀어 오르다.
SC_V1965_B065_021,북엇국,명사,충돌,4등급/동형0/북어를 잘게 뜯어 파를 넣고 달걀을 풀어 끓인 장국.
SC_V1965_B065_022,북장단,명사,충돌,4등급/동형0/북소리의 장단.
SC_V1965_B065_024,분갈이,명사,충돌,4등급/동형0/화분에 심은 풀이나 나무를 다른 화분에 옮겨 심는 일.
SC_V1965_B065_030,분모,명사,일치,"3등급/동형0/분수 또는 분수식에서, 가로줄 아래에 있는 수나 식."
SC_V1965_B065_031,분비되다,동사,충돌,4등급/동형0/샘세포의 작용에 의하여 만들어진 액즙이 배출관으로 보내지다. 외분비가 되는 일과 내분비가 되는 일이 있다.
SC_V1965_B065_032,분비물,명사,충돌,"4등급/동형0/분비샘에서 나오는 물질. 침, 위액(胃液), 땀, 젖 따위가 있다."
SC_V1965_B065_036,분지르다,동사,일치,4등급/동형0/단단한 물체를 꺾어서 부러지게 하다.
SC_V1965_B065_039,분해자,명사,충돌,"4등급/동형0/생태계에서, 죽은 생물체나 동물의 배설물 또는 그 분해물을 분해하는 미생물. 유기물을 무기물로 분해하는 세균"
SC_V1965_B065_041,분화구,명사,충돌,4등급/동형0/화산체(火山體)의 일부에 열려 있는 용암과 화산 가스 따위의 분출구.
SC_V1965_B065_043,불가사의하다,형용사,충돌,4등급/동형0/사람의 생각으로는 미루어 헤아릴 수 없이 이상하고 야릇하다.
SC_V1965_B065_044,불건전하다,형용사,충돌,4등급/동형0/건전하지 아니하다.
SC_V1965_B065_045,불공정하다,형용사,충돌,4등급/동형0/공평하고 올바르지 아니하다.
SC_V1965_B065_049,불균형하다,형용사,충돌,4등급/동형0/어느 편으로 치우쳐 고르지 아니하다.
SC_V1965_B065_050,불그레하다,형용사,충돌,4등급/동형0/엷게 불그스름하다.
SC_V1966_B066_003,불량품,명사,충돌,4등급/동형0/품질이나 상태가 나쁜 물건.
SC_V1966_B066_004,불러일으키다,동사,충돌,"3등급/동형0/어떤 마음, 행동, 상태를 일어나게 하다."
SC_V1966_B066_006,불만스럽다,형용사,일치,3등급/동형0/보기에 마음에 차지 않아 언짢은 느낌이 있다.
SC_V1966_B066_007,불만족,명사,일치,4등급/동형0/마음에 흡족하지 않음.
SC_V1966_B066_010,불볕더위,명사,일치,4등급/동형0/햇볕이 몹시 뜨겁게 내리쬘 때의 더위.
SC_V1966_B066_011,불성실하다,형용사,일치,3등급/동형0/정성스럽고 참되지 아니하다.
SC_V1966_B066_014,불안정하다,형용사,충돌,4등급/동형0/안정성이 없거나 안정되지 못한 상태이다.
SC_V1966_B066_015,불완전하다,형용사,충돌,4등급/동형0/완전하지 아니하거나 완전하지 못하다.
SC_V1966_B066_019,불참자,명사,충돌,4등급/동형0/어떤 모임에 참가하지 않거나 참석하지 않은 사람.
SC_V1966_B066_023,불쾌지수,명사,충돌,"4등급/동형0/기온과 습도 따위의 기상 요소를 자료로 무더위에 대하여 몸이 느끼는 쾌, 불쾌의 정도를 나타내는 지수."
SC_V1966_B066_025,불평등하다,형용사,충돌,4등급/동형0/차별이 있어 고르지 아니하다.
SC_V1966_B066_031,불확실하다,형용사,충돌,4등급/동형0/확실하지 아니하다.
SC_V1966_B066_035,붙임성,명사,충돌,4등급/동형0/남과 잘 사귀는 성질이나 수단.
SC_V1966_B066_037,브랜드,명사,충돌,"3등급/동형0/사업자가 자기 상품에 대하여, 경쟁업체의 것과 구별하기 위하여 사용하는 기호ㆍ문자ㆍ도형 따위의 일정한 표지."
SC_V1966_B066_038,브이,명사,충돌,4등급/동형0/영어 알파벳의 스물두 번째 자모 이름.
SC_V1966_B066_041,블로그,명사,충돌,"4등급/동형0/자신의 관심사에 따라 자유롭게 칼럼, 일기, 취재 기사 따위를 올리는 웹사이트."
SC_V1966_B066_042,비공식,명사,충돌,4등급/동형0/국가적으로나 사회적으로 인정되지 않은 사사로운 방식.
SC_V1966_B066_048,비닐우산,명사,충돌,4등급/동형0/대나무 오리로 된 살에 비닐을 씌워 만든 일회용 우산.
SC_V1967_B067_001,비단실,명사,충돌,"4등급/동형0/누에고치에서 켠 실. 마사, 면사처럼 천연 섬유이다."
SC_V1967_B067_002,비단옷,명사,일치,4등급/동형0/비단으로 지은 옷.
SC_V1967_B067_004,비디오카메라,명사,충돌,4등급/동형0/고체 촬영 소자를 내장하여 영상을 전기 신호로 변환하는 카메라.
SC_V1967_B067_005,비디오테이프,명사,충돌,4등급/동형0/영상 신호를 기록하는 데 쓰이는 자기 테이프. 음향 신호가 동시에 기록될 수 있다.
SC_V1967_B067_006,비례식,명사,충돌,4등급/동형0/두 개의 비가 같음을 나타내는 식. a:b=c:d 따위가 있다.
SC_V1967_B067_016,비범하다,형용사,일치,4등급/동형0/보통 수준보다 훨씬 뛰어나다.
SC_V1967_B067_017,비상구,명사,충돌,3등급/동형0/화재나 지진 따위의 갑작스러운 사고가 일어날 때에 급히 대피할 수 있도록 특별히 마련한 출입구.
SC_V1967_B067_018,비상금,명사,충돌,4등급/동형0/뜻밖의 긴급한 사태에 쓰기 위하여 마련하여 둔 돈.
SC_V1967_B067_025,비아냥거리다,동사,충돌,4등급/동형0/얄밉게 빈정거리며 자꾸 놀리다.
SC_V1967_B067_030,비취색,명사,일치,4등급/동형0/비취옥의 빛깔과 같이 곱고 짙은 푸른색.
SC_V1967_B067_032,비커,명사,충돌,4등급/동형0/액체를 붓는 입이 달린 원통 모양의 화학 실험용 유리그릇. 보통 유리로 만드나 플라스틱 제품도 쓴다.
SC_V1967_B067_037,비행사,명사,충돌,4등급/동형0/일정한 자격을 지니고 면허를 받아서 항공기의 조종에 종사하는 사람.
SC_V1967_B067_039,비행접시,명사,충돌,"4등급/동형0/1947년 이래 세계 여러 곳에서 보였다고 하는, 접시 비슷한 정체 불명의 비행체."
SC_V1967_B067_045,빈번히,부사,충돌,4등급/동형0/번거로울 정도로 도수(度數)가 잦게.
SC_V1967_B067_046,빈정거리다,동사,충돌,4등급/동형0/남을 은근히 비웃는 태도로 자꾸 놀리다.
SC_V1968_B068_003,빙긋,부사,충돌,4등급/동형0/입을 슬쩍 벌릴 듯하면서 소리 없이 거볍게 한 번 웃는 모양.
SC_V1968_B068_004,빙긋이,부사,충돌,4등급/동형0/입을 슬쩍 벌릴 듯하면서 소리 없이 거볍게 한 번 웃는 모양.
SC_V1968_B068_007,빠르기,명사,충돌,4등급/동형0/곡의 빠르고 느린 정도.
SC_V1968_B068_009,빨래방,명사,충돌,4등급/동형0/자동 세탁기에 빨랫감을 넣고 동전을 넣어 작동할 수 있도록 설비를 갖춘 세탁업소.
SC_V1968_B068_010,빨래집게,명사,충돌,"3등급/동형0/빨랫줄에 빨래를 널어 말릴 때, 세탁물이 날아가거나 떨어지지 아니하도록 집어서 고정시켜 두는 기구."
SC_V1968_B068_012,빨래판,명사,충돌,4등급/동형0/빨래할 때 쓰는 판. 넓적한 나무 판을 물결같이 울퉁불퉁하게 파 놓았다.
SC_V1968_B068_016,빨아올리다,동사,충돌,4등급/동형0/밑에 있는 액체를 빨아서 올라오게 하다.
SC_V1968_B068_017,빵긋빵긋,부사,충돌,4등급/동형0/입을 예쁘게 약간 벌리며 소리 없이 가볍게 자꾸 웃는 모양. ‘방긋방긋’보다 센 느낌을 준다.
SC_V1968_B068_020,빼곡하다,형용사,충돌,4등급/동형0/사람이나 물건이 어떤 공간에 빈틈없이 꽉 찬 상태에 있다.
SC_V1968_B068_024,뻐꾸기시계,명사,충돌,4등급/동형0/시간이 되면 조그맣게 만든 뻐꾸기가 문을 열고 나와서 울게 만들어진 시계.
SC_V1968_B068_030,뼈마디,명사,충돌,4등급/동형0/뼈와 뼈가 서로 맞닿아 연결되어 있는 곳. 움직일 수 없는 관절과 움직일 수 있는 관절이 있다.
SC_V1968_B068_032,뽕잎,명사,충돌,4등급/동형0/뽕나무의 잎. 누에의 먹이로 쓴다.
SC_V1968_B068_033,뾰로통하다,형용사,충돌,4등급/동형0/못마땅하여 얼굴에 성난 빛이 나타나 있다.
SC_V1968_B068_036,뿌리내리다,동사,충돌,4등급/동형0/어떤 사물이나 현상의 근원이나 바탕이 이루어지다.
SC_V1968_B068_037,뿔나다,동사,일치,4등급/동형0/(속되게) 성이 나다.
SC_V1968_B068_044,삐죽거리다,동사,충돌,4등급/동형0/비웃거나 언짢거나 울려고 할 때 소리 없이 입을 내밀고 실룩거리다. ‘비죽거리다’보다 센 느낌을 준다.
SC_V1968_B068_045,사각뿔,명사,충돌,4등급/동형0/밑면이 사각형인 각뿔.
SC_V1969_B069_004,사다리꼴,명사,충돌,4등급/동형0/한 쌍의 대변(對邊)이 평행한 사각형.
SC_V1969_B069_005,사대문,명사,충돌,"4등급/동형0/조선 시대에, 서울에 있던 네 대문. 동쪽의 흥인지문, 서쪽의 돈의문, 남쪽의 숭례문, 북쪽의 숙정문을 이른"
SC_V1969_B069_014,사무국,명사,충돌,"4등급/동형0/조직, 단체 따위에서 운영상의 여러 사무를 맡아보는 부국(部局)."
SC_V1969_B069_015,사무라이,명사,충돌,4등급/동형0/일본 봉건 시대의 무사.
SC_V1969_B069_017,사무직,명사,충돌,4등급/동형0/주로 책상에서 문서 따위를 다루는 일을 하는 직무. 또는 그런 분야에 종사하는 직원.
SC_V1969_B069_019,사물놀이,명사,충돌,"4등급/동형0/네 사람이 각기 꽹과리, 징, 장구, 북을 가지고 어우러져 치는 놀이."
SC_V1969_B069_021,사법부,명사,충돌,"4등급/동형0/대법원 및 대법원이 관할하는 모든 기관을 통틀어 이르는 말. 입법부, 행정부와 더불어 삼권 분립을 이루며, "
SC_V1969_B069_022,사사로이,부사,충돌,4등급/동형0/공적(公的)이 아닌 개인적인 범위나 관계의 성질이 있게.
SC_V1969_B069_023,사사롭다,형용사,충돌,4등급/동형0/공적(公的)이 아닌 개인적인 범위나 관계의 성질이 있다.
SC_V1969_B069_024,사상가,명사,충돌,4등급/동형0/어떤 사상을 잘 알고 이를 적극적으로 주장하는 사람.
SC_V1969_B069_034,사이트,명사,충돌,3등급/동형0/인터넷에서 사용자들이 정보가 필요할 때 언제든지 그것을 볼 수 있도록 웹 서버에 저장된 집합체.
SC_V1969_B069_035,사임하다,동사,충돌,4등급/동형0/맡아보던 일자리를 스스로 그만두고 물러나다.
SC_V1969_B069_036,사자탈,명사,충돌,4등급/동형0/사자의 형상을 본떠 만들어 연희에서 쓰는 탈.
SC_V1969_B069_037,사적지,명사,충돌,4등급/동형0/역사적으로 중요한 사건이나 시설의 자취가 남아 있는 곳.
SC_V1969_B069_038,사절단,명사,충돌,4등급/동형0/나라를 대표하여 일정한 사명을 띠고 외국에 파견되는 사람들의 무리.
SC_V1969_B069_040,사정사정하다,동사,충돌,4등급/동형0/남에게 자신의 딱한 일의 형편이나 까닭을 간곡히 하소연하거나 빌다.
SC_V1969_B069_045,사진틀,명사,충돌,4등급/동형0/사진을 끼워 넣어 벽에 걸거나 책상머리에 놓고 보는 틀.
SC_V1969_B069_046,사치스럽다,형용사,충돌,3등급/동형0/필요 이상의 돈이나 물건을 쓰거나 분수에 지나친 생활을 하는 데가 있다.
SC_V1969_B069_047,사포질,명사,충돌,4등급/동형0/까칠까칠한 물건의 표면을 매끄럽게 하려고 사포로 문지르는 일.
SC_V1969_B069_050,사회과,명사,충돌,"4등급/동형0/초등학교나 중등학교에서, 사회 현상과 사회생활을 가르치는 교과. 정치, 경제, 문화 따위의 영역을 다룬다."
SC_V1970_B070_001,사회면,명사,충돌,4등급/동형0/신문에서 사회와 관계된 기사를 싣는 지면.
SC_V1970_B070_013,산바람,명사,충돌,4등급/동형0/밤에 산꼭대기에서 평지로 부는 바람. 밤이 되면 산 중턱이 복사로 인하여 차가워지므로 산 위쪽에서 아래로 바
SC_V1970_B070_022,산수화,명사,충돌,"4등급/동형0/동양화에서, 산과 물이 어우러진 자연의 아름다움을 그린 그림."
SC_V1970_B070_023,산신령,명사,충돌,4등급/동형0/산을 지키고 다스리는 신.
SC_V1970_B070_031,산해진미,명사,충돌,"4등급/동형0/산과 바다에서 나는 온갖 진귀한 물건으로 차린, 맛이 좋은 음식."
SC_V1970_B070_032,산호초,명사,충돌,3등급/동형0/산호충의 골격과 분비물인 탄산 칼슘이 퇴적되어 형성된 암초. 열대나 아열대의 얕은 바다에 형성된다.
SC_V1970_B070_036,살균,명사,충돌,4등급/동형0/세균 따위의 미생물을 죽임. 약품에 의한 화학적 방법과 열을 이용한 물리적 방법이 있다.
SC_V1970_B070_039,살래살래,부사,충돌,4등급/동형0/작은 동작으로 몸의 한 부분을 가볍게 잇따라 가로흔드는 모양.
SC_V1970_B070_048,살충제,명사,충돌,"4등급/동형0/사람과 가축, 농작물에 해가 되는 벌레를 죽이거나 없애는 약. 파단, 수미티온, 피레트린, 파라티온, 비에이"
SC_V1971_B071_001,삼각대,명사,충돌,"4등급/동형0/사진기나 기관총, 실험 기구 따위를 얹어 놓는, 세 발이 달리고 쇠로 된 받침대."
SC_V1971_B071_002,삼각뿔,명사,충돌,4등급/동형0/밑면이 삼각형인 각뿔.
SC_V1971_B071_005,삼권,명사,충돌,"4등급/동형0/입법권, 사법권, 행정권을 통틀어 이르는 말."
SC_V1971_B071_007,삼림,명사,충돌,"4등급/동형0/나무가 많이 우거진 숲. 천연림, 시업림, 단순림, 혼효림 따위가 있다.
"
SC_V1971_B071_011,삼원색,명사,충돌,"4등급/동형0/바탕이 되는 세 가지 색. 그림물감에서는 자홍ㆍ청록ㆍ노랑이고, 빛에서는 빨강ㆍ초록ㆍ파랑이다."
SC_V1971_B071_012,삼팔선,명사,충돌,4등급/동형0/위도가 38도가 되는 선. 특히 한반도의 중앙부를 가로지르고 있는 북위 38도선을 이른다.
SC_V1971_B071_018,상담소,명사,충돌,4등급/동형0/일정한 문제에 관한 질문에 답하고 의논할 수 있도록 마련한 사회 시설.
SC_V1971_B071_022,상반기,명사,충돌,4등급/동형0/한 해나 어떤 일정한 기간을 둘로 똑같이 나눌 때에 앞의 절반 기간.
SC_V1971_B071_024,상부상조하다,동사,충돌,4등급/동형0/서로서로 돕다.
SC_V1971_B071_026,상상화,명사,충돌,4등급/동형0/실물을 보지 않고 추측과 생각으로 그린 그림.
SC_V1971_B071_028,상수도,명사,충돌,"4등급/동형0/먹는 물이나 공업, 방화(防火) 따위에 쓰는 물을 관을 통하여 보내 주는 설비."
SC_V1971_B071_033,상영되다,동사,충돌,4등급/동형0/영화와 같은 영상물이 화면에 띄워져 공개되다.
SC_V1971_B071_036,상품권,명사,충돌,3등급/동형0/액면 가격에 상당한 상품과 교환할 수 있는 표. 백화점이나 기타 상점이 발행하는 무기명 유가 증권의 하나이다
SC_V1971_B071_038,상품성,명사,충돌,4등급/동형0/상거래를 목적으로 하는 상품으로서의 가치를 가진 성질.
SC_V1971_B071_039,상품화,명사,충돌,4등급/동형0/어떤 물건이 상품이 되거나 상품으로 되게 만듦.
SC_V1971_B071_040,상품화되다,동사,충돌,4등급/동형0/어떤 물건이 상품이 되다.
SC_V1971_B071_041,상현달,명사,충돌,4등급/동형0/음력 매달 7~8일경 초저녁에 남쪽 하늘에서 떠서 자정에 서쪽 하늘로 지는 달.
SC_V1972_B072_001,새우구이,명사,일치,3등급/동형0/큰 새우의 껍질을 벗기고 반을 가른 다음 양념을 발라서 꼬챙이에 꿰어 구운 음식.
SC_V1972_B072_002,새우볶음,명사,충돌,4등급/동형0/새우를 양념과 함께 기름을 두르고 볶아서 만든 반찬.
SC_V1972_B072_003,새우젓,명사,충돌,4등급/동형0/새우로 담근 젓. 빛이 흰 작은 새우에 소금을 뿌려 담근다.
SC_V1972_B072_004,새우튀김,명사,일치,4등급/동형0/새우를 통째로 기름에 튀긴 음식.
SC_V1972_B072_013,색출하다,동사,충돌,4등급/동형0/샅샅이 뒤져서 찾아내다.
SC_V1972_B072_019,샘플,명사,충돌,"3등급/동형0/전체 물건의 품질이나 상태 따위를 알아볼 수 있도록 그 일부를 뽑아 놓거나, 미리 선보이는 물건."
SC_V1972_B072_020,생강차,명사,충돌,"4등급/동형0/생강을 넣어 달인 차. 가래를 삭게 하여 주며, 두통을 방지하는 약으로도 쓰인다."
SC_V1972_B072_025,생긋,부사,충돌,4등급/동형0/눈과 입을 살며시 움직이며 소리 없이 가볍게 웃는 모양.
SC_V1972_B072_028,생리대,명사,충돌,4등급/동형0/월경을 할 때 분비되는 피를 흡수하여 밖으로 새지 아니하게 만든 것.
SC_V1972_B072_033,생방송,명사,충돌,"3등급/동형0/미리 녹음하거나 녹화한 것을 재생하지 아니하고, 프로그램의 제작과 방송이 동시에 이루어지는 방송."
SC_V1972_B072_034,생산량,명사,충돌,4등급/동형0/일정한 기간 동안 재화가 생산되는 수량.
SC_V1972_B072_035,생산력,명사,충돌,4등급/동형0/물질적 재화를 만들어 낼 수 있는 능력. 노동력과 생산 수단의 양에 좌우된다.
SC_V1972_B072_036,생산물,명사,충돌,4등급/동형0/생산되는 물건.
SC_V1972_B072_037,생산비,명사,충돌,"4등급/동형0/물질적 재화를 생산하는 데 드는, 원료비ㆍ노력비ㆍ고정 자산비ㆍ간접 경비 따위를 통틀어 이르는 말."
SC_V1972_B072_038,생산지,명사,충돌,4등급/동형0/어떤 물품을 만들어 내는 곳. 또는 그 물품이 저절로 생겨나는 곳.
SC_V1972_B072_039,생산품,명사,충돌,4등급/동형0/생산되는 물품.
SC_V1972_B072_041,생선회,명사,충돌,4등급/동형0/싱싱한 생선 살을 얇게 저며서 간장이나 초고추장에 찍어 먹는 음식.
SC_V1972_B072_043,생이별,명사,충돌,4등급/동형0/살아 있는 혈육이나 부부 간에 어쩔 수 없는 사정으로 헤어짐.
SC_V1972_B072_045,생일잔치하다,동사,충돌,4등급/동형0/생일에 음식을 차려 놓고 여러 사람이 모여 즐기다.
SC_V1972_B072_049,생지옥,명사,충돌,"4등급/동형0/살아서 겪는 지옥이라는 뜻으로, 아주 괴롭고 힘든 곳 또는 그런 상태를 비유적으로 이르는 말."
SC_V1972_B072_050,생채기,명사,충돌,4등급/동형0/손톱 따위로 할퀴이거나 긁히어서 생긴 작은 상처.
SC_V1973_B073_003,생활고,명사,충돌,4등급/동형0/경제적인 곤란으로 겪는 생활상의 괴로움.
SC_V1973_B073_006,생활필수품,명사,충돌,4등급/동형0/일상생활에 반드시 있어야 할 물품.
SC_V1973_B073_007,생활화,명사,충돌,4등급/동형0/생활 습관이 되거나 실생활에 옮겨짐. 또는 그렇게 함.
SC_V1973_B073_008,생활화되다,동사,충돌,4등급/동형0/생활 습관이 되거나 실생활에 옮겨지다.
SC_V1973_B073_009,생활화하다,동사,충돌,4등급/동형0/생활 습관이 되게 하거나 실생활에 옮겨지게 하다.
SC_V1973_B073_010,샤쓰,명사,충돌,4등급/동형0/서양식 윗옷. 양복저고리 안에 받쳐 입거나 겉옷으로 입기도 한다.
SC_V1973_B073_012,샤프펜슬,명사,충돌,4등급/동형0/가는 심을 넣고 축의 끝부분을 돌리거나 눌러 심을 조금씩 밀어 내어 쓰게 만든 필기도구.
SC_V1973_B073_016,서낭당,명사,충돌,4등급/동형0/서낭신을 모신 집.
SC_V1973_B073_017,서너,관형사,일치,4등급/동형0/그 수량이 셋이나 넷임을 나타내는 말.
SC_V1973_B073_019,서대문,명사,충돌,"4등급/동형0/조선 시대에 건립한 한양 도성의 서쪽 정문. 사대문의 하나로, 경희궁 앞 서쪽의 마루턱인 지금의 신문로 언덕"
SC_V1973_B073_023,서브,명사,충돌,"3등급/동형0/탁구ㆍ배구ㆍ테니스 따위에서, 공격하는 쪽이 상대편 코트에 공을 쳐 넣는 일. 또는 그 공."
SC_V1973_B073_034,서예가,명사,충돌,4등급/동형0/붓글씨로 일가를 이룬 사람. 또는 붓글씨를 직업적으로 쓰는 예술가.
SC_V1973_B073_036,서책,명사,충돌,"4등급/동형0/일정한 목적, 내용, 체재에 맞추어 사상, 감정, 지식 따위를 글이나 그림으로 표현하여 적거나 인쇄하여 묶어"
SC_V1973_B073_038,서클,명사,충돌,"4등급/동형0/같은 이해관계나 같은 직업, 취미 따위로 모인 사람들의 단체."
SC_V1973_B073_043,석불,명사,충돌,4등급/동형0/돌로 만든 부처.
SC_V1973_B073_044,석빙고,명사,충돌,"4등급/동형0/얼음을 넣어 두던 창고. 경주 석빙고, 창녕 석빙고, 청도 석빙고 등이 있다."
SC_V1974_B074_001,선명히,부사,충돌,4등급/동형0/산뜻하고 뚜렷하여 다른 것과 혼동되지 아니하게.
SC_V1974_B074_005,선수권,명사,충돌,4등급/동형0/경기에서 우승한 선수나 단체에 주는 지위나 자격.
SC_V1974_B074_008,선임되다,동사,충돌,4등급/동형0/여러 사람 가운데서 어떤 직무나 임무를 맡을 사람이 골라내어지다.
SC_V1974_B074_009,선입견,명사,충돌,4등급/동형0/어떤 대상에 대하여 이미 마음속에 가지고 있는 고정적인 관념이나 관점.
SC_V1974_B074_010,선전탑,명사,충돌,4등급/동형0/선전이나 계몽을 목적으로 일정한 기간 동안 세우는 탑.
SC_V1974_B074_018,선호도,명사,충돌,4등급/동형0/좋아하는 정도.
SC_V1974_B074_024,설립되다,동사,충돌,4등급/동형0/기관이나 조직체 따위가 만들어져 일으켜지다.
SC_V1974_B074_026,설명문,명사,충돌,4등급/동형0/읽는 이들이 어떠한 사항에 대해 이해할 수 있도록 객관적이고 논리적으로 서술한 글. 문학 작품 이외의 실용적
SC_V1974_B074_027,설문지,명사,충돌,4등급/동형0/조사를 하거나 통계 자료 따위를 얻기 위하여 어떤 주제에 대해 문제를 내어 묻는 질문지.
SC_V1974_B074_028,설빔,명사,충돌,"4등급/동형0/설을 맞이하여 새로 장만하여 입거나 신는 옷, 신발 따위를 이르는 말."
SC_V1974_B074_029,설상가상,명사,충돌,"4등급/동형0/눈 위에 서리가 덮인다는 뜻으로, 난처한 일이나 불행한 일이 잇따라 일어남을 이르는 말."
SC_V1974_B074_032,섧다,형용사,일치,4등급/동형0/원통하고 슬프다.
SC_V1974_B074_038,성교육,명사,충돌,4등급/동형0/성장기의 아이들에게 성에 관한 올바른 지식을 갖도록 하는 교육.
SC_V1974_B074_043,성대히,부사,일치,4등급/동형0/행사의 규모 따위가 풍성하고 크게.
SC_V1974_B074_044,성명서,명사,충돌,4등급/동형0/정치적ㆍ사회적 단체나 그 책임자가 일정한 사항에 대한 방침이나 견해를 공표하는 글이나 문서.
SC_V1974_B074_049,성악곡,명사,충돌,4등급/동형0/성악을 위하여 만든 곡.
SC_V1975_B075_002,성취도,명사,충돌,4등급/동형0/목적한 바를 이룬 정도.
SC_V1975_B075_006,성평등,명사,충돌,"4등급/동형0/권리, 의무, 자격 따위가 성별에 따른 차별이 없이 고르고 한결같음."
SC_V1975_B075_011,세계화하다,동사,충돌,4등급/동형0/세계 여러 나라를 이해하고 받아들이다. 또는 그렇게 되게 하다.
SC_V1975_B075_012,세관원,명사,충돌,"4등급/동형0/공항ㆍ항구ㆍ국경 지대에서, 여행하는 사람들의 소지품이나 수출입 화물에 대하여 검사ㆍ허가ㆍ관세 사무를 맡아보는"
SC_V1975_B075_027,세정제,명사,충돌,4등급/동형0/물에 풀어서 고체의 표면에 붙은 이물질을 씻어 내는 데 쓰는 물질. 흔히 비누 따위를 이른다.
SC_V1975_B075_031,세트장,명사,충돌,"4등급/동형0/드라마, 영화, 광고 따위를 찍기 위하여 꾸미거나 시설을 갖추어 놓은 곳."
SC_V1975_B075_032,센서,명사,충돌,"3등급/동형0/여러 가지 물리량(物理量), 곧 소리ㆍ빛ㆍ온도ㆍ압력 따위를 검출하는 소자(素子). 또는 그 소자를 갖춘 기계"
SC_V1975_B075_034,셀로판,명사,충돌,"4등급/동형0/비스코스와 재생 셀룰로스를 이용하여 만든 얇은 막성의 물질. 무색투명하고 유리 모양의 광택이 있으며, 포장용"
SC_V1975_B075_035,셀로판지,명사,충돌,"4등급/동형0/셀로판 표면에 수지(樹脂)나 나이트로셀룰로스 따위를 발라 만든 종이. 여러 가지 색깔이 있으며, 공작용으로 "
SC_V1975_B075_036,셀프,명사,충돌,"4등급/동형0/대상의 세계와 구별된 인식ㆍ행위의 주체이며, 체험 내용이 변화해도 동일성을 지속하여, 작용ㆍ반응ㆍ체험ㆍ사고ㆍ"
SC_V1975_B075_037,셔틀,명사,충돌,4등급/동형0/직조기(織造機)나 재봉틀에서 실을 감는 실패.
SC_V1975_B075_038,소각장,명사,충돌,4등급/동형0/쓰레기나 폐기물 따위를 불에 태워 버리는 장소.
SC_V1975_B075_040,소개업,명사,충돌,"4등급/동형0/직업을 알선하거나, 집이나 토지 따위의 매매나 임대 따위의 소개를 하여 주는 업."
SC_V1975_B075_041,소곤거리다,동사,충돌,4등급/동형0/남이 알아듣지 못하도록 작은 목소리로 자꾸 가만가만 이야기하다.
SC_V1975_B075_046,소낙비,명사,충돌,"4등급/동형0/갑자기 세차게 쏟아지다가 곧 그치는 비. 특히 여름에 많으며 번개나 천둥, 강풍 따위를 동반한다."
SC_V1975_B075_049,소도구,명사,충돌,"4등급/동형0/연극이나 영화 따위에서, 무대 장치나 분장에 쓰는 작은 도구류를 통틀어 이르는 말."
SC_V1976_B076_002,소리글자,명사,충돌,"4등급/동형0/말소리를 그대로 기호로 나타낸 문자. 한글, 로마자, 아라비아 문자 따위가 있다."
SC_V1976_B076_008,소비재,명사,충돌,"4등급/동형0/개인의 욕망을 직접적으로 충족하기 위하여 소비되는 재화. 식료품, 의류, 가구, 주택 따위가 이에 해당한다."
SC_V1976_B076_012,소스라치다,동사,충돌,4등급/동형0/깜짝 놀라 몸을 갑자기 떠는 듯이 움직이다.
SC_V1976_B076_013,소시민,명사,충돌,"4등급/동형0/노동자와 자본가의 중간 계급에 속하는 소상인, 수공업자, 하급 봉급생활자, 하급 공무원 따위를 통틀어 이르는"
SC_V1976_B076_015,소신껏,부사,충돌,4등급/동형0/굳게 믿고 있는 바 또는 생각하는 바가 미치는 데까지.
SC_V1976_B076_023,소유권,명사,충돌,4등급/동형0/물건을 전면적ㆍ일반적으로 지배하는 권리. 물건이 가지는 사용 가치나 교환 가치의 전부를 지배할 수 있는 완전
SC_V1976_B076_025,소작인,명사,충돌,4등급/동형0/다른 사람의 농지를 빌려 농사를 짓고 그 대가로 사용료를 지급하는 사람.
SC_V1976_B076_033,소행성,명사,충돌,"4등급/동형0/화성과 목성 사이의 궤도에서 태양의 둘레를 공전하는 작은 행성. 무수히 많은 수가 존재하며, 대부분 반지름이"
SC_V1976_B076_036,소화액,명사,충돌,"4등급/동형0/섭취한 음식물의 소화를 돕기 위하여 샘세포에서 위창자관 내로 분비되는 액체. 침, 위액, 이자액, 쓸개즙, "
SC_V1976_B076_037,속내,명사,충돌,4등급/동형0/겉으로 드러나지 아니한 속마음이나 일의 내막.
SC_V1976_B076_039,속닥속닥,부사,충돌,4등급/동형0/남이 알아듣지 못하도록 작은 목소리로 은밀하게 자꾸 이야기하는 소리. 또는 그 모양.
SC_V1976_B076_042,속수무책,명사,충돌,4등급/동형0/손을 묶은 것처럼 어찌할 도리가 없어 꼼짝 못 함.
SC_V1976_B076_044,속치마,명사,충돌,"4등급/동형0/한복이나 양장의 치마를 입을 때, 속에 받쳐 입는 치마."
SC_V1976_B076_045,솎다,동사,충돌,4등급/동형0/촘촘히 있는 것을 군데군데 골라 뽑아 성기게 하다.
SC_V1976_B076_046,솎아베기,명사,충돌,4등급/동형0/나무를 잘 자라게 하기 위하여 불필요한 나무를 제거하는 일.
SC_V1977_B077_001,손날,명사,충돌,"4등급/동형0/손바닥을 폈을 때, 새끼손가락 끝에서 손목에 이르는 부분."
SC_V1977_B077_005,손도장,명사,충돌,4등급/동형0/도장을 대신하여 손가락에 인주 따위를 묻혀 그 지문(指紋)을 찍은 것.
SC_V1977_B077_007,손바느질,명사,충돌,4등급/동형0/기계를 쓰지 아니하고 직접 손으로 하는 바느질.
SC_V1977_B077_008,손빨래,명사,충돌,4등급/동형0/세탁기를 쓰지 아니하고 손으로 직접 하는 빨래.
SC_V1977_B077_009,손사래,명사,충돌,4등급/동형0/어떤 말이나 사실을 부인하거나 남에게 조용히 하라고 할 때 손을 펴서 휘젓는 일.
SC_V1977_B077_014,손아랫사람,명사,충돌,4등급/동형0/나이나 항렬 따위가 자기보다 아래이거나 낮은 사람.
SC_V1977_B077_015,손윗사람,명사,충돌,4등급/동형0/나이나 항렬 따위가 자기보다 위이거나 높은 사람.
SC_V1977_B077_022,솔선수범하다,동사,충돌,4등급/동형0/남보다 앞장서서 행동해서 몸소 다른 사람의 본보기가 되다.
SC_V1977_B077_029,송골송골,부사,충돌,"4등급/동형0/땀이나 소름, 물방울 따위가 살갗이나 표면에 잘게 많이 돋아나 있는 모양."
SC_V1977_B077_032,송구스럽다,형용사,충돌,4등급/동형0/마음에 두렵고 거북한 느낌이 있다.
SC_V1977_B077_035,송신기,명사,충돌,"4등급/동형0/무선 방송에서, 신호를 고주파의 전류로 바꾸어 송신 안테나에서 보내는 장치."
SC_V1977_B077_036,송신탑,명사,충돌,4등급/동형0/무선 통신의 송신 안테나 장치가 되어 있는 높은 철탑.
SC_V1977_B077_037,송유관,명사,충돌,"4등급/동형0/석유나 원유 따위를 다른 곳으로 보내기 위하여 설치한 관. 주로 철관으로 만들며, 수송할 때의 위험과 비용을"
SC_V1977_B077_039,송전선,명사,충돌,4등급/동형0/발전소에서 생산된 전력을 송전 선로의 마지막 단계인 배전 변전소로 보내기 위하여 시설한 전선.
SC_V1977_B077_040,송진,명사,충돌,4등급/동형0/소나무나 잣나무에서 분비되는 끈적끈적한 액체. 독특한 향기가 있으며 굳으면 황갈색의 무른 유리와 같은 상태가
SC_V1977_B077_041,쇠고리,명사,충돌,4등급/동형0/쇠로 만든 고리. 주로 문을 잠그거나 물건을 끼워 두는 데 쓴다.
SC_V1977_B077_042,쇠기름,명사,충돌,"4등급/동형0/소의 지방 조직에서 얻은 기름. 백색의 덩어리로 특이한 냄새가 있으며 기름불, 연고류, 식용유, 비누의 제조"
SC_V1977_B077_046,쇠스랑,명사,충돌,"4등급/동형0/땅을 파헤쳐 고르거나 두엄, 풀 무덤 따위를 쳐내는 데 쓰는 갈퀴 모양의 농기구. 쇠로 서너 개의 발을 만들"
SC_V1977_B077_048,쇠죽,명사,충돌,"4등급/동형0/소에게 먹이려고 짚, 콩, 풀 따위를 섞어 끓인 죽."
SC_V1978_B078_002,쇠퇴,명사,충돌,4등급/동형0/기세나 상태가 쇠하여 전보다 못하여 감.
SC_V1978_B078_003,쇠퇴하다,동사,충돌,4등급/동형0/기세나 상태가 쇠하여 전보다 못하여 가다.
SC_V1978_B078_005,쇼핑몰,명사,충돌,4등급/동형0/한군데에서 여러 가지 물건을 살 수 있도록 상점들이 모여 있는 곳.
SC_V1978_B078_009,수공업,명사,충돌,4등급/동형0/손과 간단한 도구를 사용하여 생산하는 작은 규모의 공업.
SC_V1978_B078_013,수꽃,명사,충돌,4등급/동형0/암술은 없고 수술만 있는 꽃.
SC_V1978_B078_014,수능,명사,충돌,4등급/동형0/‘대학 수학 능력 시험’을 줄여 이르는 말.
SC_V1978_B078_018,수도권,명사,일치,3등급/동형0/수도를 중심으로 이루어진 대도시권.
SC_V1978_B078_021,수두룩하다,형용사,일치,3등급/동형0/매우 많고 흔하다.
SC_V1978_B078_024,수료증,명사,충돌,4등급/동형0/일정한 학과를 다 배워 마쳤음을 증명하는 증서.
SC_V1978_B078_027,수리공,명사,충돌,4등급/동형0/헐거나 고장 난 것을 고치는 일을 맡아 하는 기능공.
SC_V1978_B078_029,수리소,명사,충돌,4등급/동형0/헐거나 고장 난 물건을 고쳐 주는 일을 전문적으로 하는 곳.
SC_V1978_B078_030,수면제,명사,충돌,4등급/동형0/잠이 들게 하는 약.
SC_V1978_B078_032,수묵화,명사,충돌,4등급/동형0/먹으로 짙고 엷음을 이용하여 그린 그림.
SC_V1978_B078_036,수비수,명사,충돌,"4등급/동형0/단체 경기에서, 수비를 기본적인 임무로 하는 선수."
SC_V1978_B078_039,수산업,명사,충돌,"4등급/동형0/수산물의 어획, 양식, 제조, 가공 따위에 관한 산업."
SC_V1978_B078_040,수산업자,명사,충돌,4등급/동형0/수산업을 경영하거나 수산업에 종사하는 사람.
SC_V1978_B078_045,수세식,명사,충돌,4등급/동형0/변소에 급수 장치를 하여 오물이 물에 씻겨 내려가게 처리하는 방식.
SC_V1978_B078_046,수소문하다,동사,충돌,4등급/동형0/세상에 떠도는 소문을 두루 찾아 살피다.
SC_V1978_B078_047,수송,명사,충돌,"4등급/동형0/기차나 자동차, 배, 항공기 따위로 사람이나 물건을 실어 옮김."
SC_V1978_B078_048,수송하다,동사,충돌,"4등급/동형0/기차나 자동차, 배, 항공기 따위로 사람이나 물건을 실어 옮기다."
SC_V1979_B079_002,수신자,명사,충돌,4등급/동형0/우편이나 택배 또는 전신이나 전화 따위를 받는 사람.
SC_V1979_B079_013,수정과,명사,충돌,4등급/동형0/우리나라 전통 음료의 하나. 잘게 다진 생강과 계핏가루를 넣어 달인 물에 설탕물이나 꿀을 타서 식힌 다음 곶
SC_V1979_B079_014,수정테이프,명사,충돌,4등급/동형0/잘못 적은 글자를 고치거나 가리기 위해 그 위에 붙이는 테이프.
SC_V1979_B079_015,수줍다,형용사,충돌,4등급/동형0/숫기가 없어 다른 사람 앞에서 말이나 행동을 하는 것이 어렵거나 부끄럽다. 또는 그런 태도가 있다.
SC_V1979_B079_016,수줍어하다,동사,충돌,4등급/동형0/수줍은 태도나 기색을 하다.
SC_V1979_B079_018,수집상,명사,충돌,"4등급/동형0/고서, 골동품 따위의 물건을 모아서 파는 장사. 또는 그런 장수."
SC_V1979_B079_019,수채화,명사,충돌,"3등급/동형0/서양화에서, 물감을 물에 풀어서 그린 그림."
SC_V1979_B079_022,수출되다,동사,충돌,4등급/동형0/국내의 상품이나 기술이 외국으로 팔려 내보내지다.
SC_V1979_B079_026,수출항,명사,충돌,4등급/동형0/주로 국내의 물품을 외국에 수출하는 항구.
SC_V1979_B079_027,수치스럽다,형용사,충돌,4등급/동형0/다른 사람들을 볼 낯이 없거나 스스로 떳떳하지 못한 느낌이 있다.
SC_V1979_B079_032,수행원,명사,충돌,4등급/동형0/높은 지위의 사람을 따라다니면서 그를 돕거나 신변을 보호하는 사람.
SC_V1979_B079_035,수화기,명사,충돌,"4등급/동형0/전화기에서, 귀에 대고 듣는 부분. 보내온 전기 신호를 소리로 바꾸어 말을 들을 수 있게 되어 있다."
SC_V1979_B079_042,순박하다,형용사,충돌,4등급/동형0/거짓이나 꾸밈이 없이 순수하며 인정이 두텁다.
SC_V1979_B079_043,순이익,명사,충돌,"4등급/동형0/총이익에서 영업비, 잡비 따위의 총비용을 빼고 남은 순전한 이익."
SC_V1979_B079_045,순조롭다,형용사,충돌,3등급/동형0/일 따위가 아무 탈이나 말썽 없이 예정대로 잘되어 가는 상태에 있다.
SC_V1979_B079_047,순찰대,명사,충돌,4등급/동형0/여러 곳을 돌아다니며 사정을 살피는 목적으로 조직된 부대나 경찰대.
SC_V1980_B080_002,술렁거리다,동사,충돌,4등급/동형0/자꾸 어수선하게 소란이 일다.
SC_V1980_B080_011,숨통,명사,충돌,"3등급/동형0/척추동물의 후두에서 허파에 이르는, 숨 쉴 때 공기가 흐르는 관. 심장 위에서 좌ㆍ우의 기관지로 갈라진다."
SC_V1980_B080_012,숫돌,명사,충돌,4등급/동형0/칼이나 낫 따위의 연장을 갈아 날을 세우는 데 쓰는 돌.
SC_V1980_B080_015,쉬쉬하다,동사,충돌,4등급/동형0/드러내어 말하지 아니하고 뒤에서 은밀히 감추다.
SC_V1980_B080_022,스카치테이프,명사,충돌,4등급/동형0/접착용 셀로판테이프. 상품명에서 나온 말이다.
SC_V1980_B080_024,스캔들,명사,충돌,4등급/동형0/매우 충격적이고 부도덕한 사건. 또는 불명예스러운 평판이나 소문.
SC_V1980_B080_025,스케이팅,명사,충돌,4등급/동형0/스케이트를 신고 얼음판 위를 지치는 일.
SC_V1980_B080_026,스크랩북,명사,충돌,"4등급/동형0/신문, 잡지 따위에서 필요한 부분만을 오린 것을 보관하기 위하여 책처럼 만든 것."
SC_V1980_B080_027,스킬,명사,충돌,"4등급/동형0/일정한 길이로 자른 털실을 갈고리 모양의 바늘로 망사에 걸어서 수를 놓는 자수. 방석, 벽걸이 따위를 만드는"
SC_V1980_B080_028,스테인리스,명사,충돌,4등급/동형0/‘스테인리스강’을 일상적으로 이르는 말.
SC_V1980_B080_030,스트레칭,명사,충돌,4등급/동형0/몸통과 팔다리를 쭉 펴거나 굽혀서 근육을 늘이는 동작 또는 그런 일.
SC_V1980_B080_031,스팀,명사,충돌,4등급/동형0/금속관에 더운물이나 뜨거운 김을 채워 열을 내는 난방 장치.
SC_V1980_B080_035,스포츠맨,명사,충돌,4등급/동형0/운동 경기에 뛰어난 재주가 있거나 전문적으로 운동을 하는 사람.
SC_V1980_B080_042,습관화하다,동사,충돌,4등급/동형0/습관으로 되거나 습관이 되게 하다.
SC_V1980_B080_043,습도계,명사,충돌,"4등급/동형0/공기 속의 습도를 재는 계기. 습기의 차이로 생기는 머리카락의 신축을 이용한 모발 습도계, 노점(露點)을 재"
SC_V1980_B080_044,승강기,명사,충돌,4등급/동형0/동력을 사용하여 사람이나 화물을 아래위로 나르는 장치.
SC_V1980_B080_049,승차권,명사,충돌,4등급/동형0/차 따위를 타기 위하여 돈을 주고 사는 표.
SC_V1981_B081_010,시끌벅적,부사,충돌,4등급/동형0/많은 사람들이 어수선하게 움직이며 시끄럽게 떠드는 모양.
SC_V1981_B081_019,시상대,명사,충돌,"4등급/동형0/주로 경기 따위에서, 등수에 든 선수들이 올라가서 상을 받도록 만든 것."
SC_V1981_B081_025,시아주버니,명사,충돌,4등급/동형0/남편과 항렬이 같은 사람 가운데 남편보다 나이가 많은 사람을 이르는 말.
SC_V1981_B081_029,시중들다,동사,충돌,4등급/동형0/옆에서 직접 보살피거나 심부름을 하다.
SC_V1981_B081_030,시즌,명사,충돌,4등급/동형0/어떤 활동이 활발히 이루어지는 시기. 또는 어떤 활동을 하기에 적절한 시기.
SC_V1981_B081_033,시청각,명사,충돌,4등급/동형0/눈으로 보는 감각과 귀로 듣는 감각을 아울러 이르는 말.
SC_V1981_B081_034,시청료,명사,충돌,4등급/동형0/텔레비전 따위를 보고 듣는 데 대하여 내는 요금.
SC_V1981_B081_035,시청률,명사,충돌,"4등급/동형0/텔레비전에서, 특정한 프로그램이 시청되고 있는 정도. 상업 방송국에서는 광고 요금의 결정이나 광고 효과 측정"
SC_V1981_B081_036,시침질,명사,충돌,4등급/동형0/바느질을 할 때 천을 맞대어 듬성듬성하게 대강 호는 일.
SC_V1981_B081_037,시침질하다,동사,충돌,4등급/동형0/바느질을 할 때 천을 맞대어 듬성듬성하게 대강 호다.
SC_V1981_B081_040,시판되다,동사,충돌,4등급/동형0/물건 따위가 시장에서 일반에게 판매되다.
SC_V1981_B081_046,식단표,명사,충돌,4등급/동형0/일정한 기간 동안 먹을 음식의 종류와 순서를 짜 놓은 표.
SC_V1981_B081_049,식목일,명사,충돌,4등급/동형0/나무를 많이 심고 아껴 가꾸도록 권장하기 위하여 국가에서 정한 날. 4월 5일이다.
SC_V1982_B082_004,식습관,명사,충돌,4등급/동형0/음식을 취하거나 먹는 과정에서 저절로 익혀진 행동 방식.
SC_V1982_B082_010,신대륙,명사,충돌,4등급/동형0/넓은 의미로 남북아메리카 대륙 및 오스트레일리아 대륙을 이르는 말.
SC_V1982_B082_015,신문고,명사,충돌,"4등급/동형0/조선 시대에, 백성이 억울한 일을 하소연할 때 치게 하던 북. 태종 때에 대궐의 문루(門樓)에 달았으며 등문"
SC_V1982_B082_018,신비감,명사,충돌,4등급/동형0/사람의 힘이나 지혜가 미치지 못할 정도로 신기하고 묘한 느낌.
SC_V1982_B082_019,신비스럽다,형용사,충돌,4등급/동형0/보기에 사람의 힘이나 지혜가 미치지 못할 정도로 신기하고 묘한 데가 있다.
SC_V1982_B082_020,신빙성,명사,충돌,4등급/동형0/믿어서 근거나 증거로 삼을 수 있는 정도나 성질.
SC_V1982_B082_023,신소재,명사,충돌,4등급/동형0/종래의 재료에는 없는 뛰어난 특성을 지닌 소재를 통틀어 이르는 말.
SC_V1982_B082_026,신조어,명사,충돌,3등급/동형0/새로 생긴 말. 또는 새로 귀화한 외래어.
SC_V1982_B082_030,신청자,명사,충돌,"4등급/동형0/관청이나 기관, 단체에 대하여 어떤 사항을 요청하는 사람."
SC_V1982_B082_033,신학문,명사,충돌,4등급/동형0/서양에서 들어온 새 학문을 재래의 한학(漢學)에 상대하여 이르는 말.
SC_V1982_B082_035,신호하다,동사,충돌,"4등급/동형0/일정한 부호, 표지, 소리, 몸짓 따위로 특정한 내용 또는 정보를 전달하거나 지시를 하다."
SC_V1982_B082_042,실뜨기,명사,충돌,4등급/동형0/실의 두 끝을 맞매어서 양쪽 손가락에 얽어 두 사람이 주고받으면서 여러 가지 꼴을 만드는 놀이.
SC_V1982_B082_045,실룩거리다,동사,충돌,4등급/동형0/근육의 한 부분이 자꾸 실그러지게 움직이다. 또는 그렇게 되게 하다.
SC_V1982_B082_047,실망스럽다,형용사,충돌,3등급/동형0/보기에 희망이나 명망을 잃거나 바라던 일이 뜻대로 되지 아니하여 마음이 몹시 상한 데가 있다.
SC_V1982_B082_049,실바람,명사,충돌,"4등급/동형0/풍력 계급 1의 바람. 10분간의 평균 풍속이 초속 0.3~1.5미터이며, 연기의 이동에 의하여 풍향을 알 "
SC_V1983_B083_001,실선,명사,충돌,4등급/동형0/끊어진 곳이 없이 이어져 있는 선. 제도(製圖)나 설계도에서 실물 외관을 표시하는 데 쓴다.
SC_V1983_B083_003,실습생,명사,충돌,4등급/동형0/이미 배운 이론을 토대로 하여 실지로 해 보고 익히는 학생.
SC_V1983_B083_005,실습하다,동사,충돌,4등급/동형0/이미 배운 이론을 토대로 하여 실지로 해 보고 익히다.
SC_V1983_B083_007,실업가,명사,충돌,4등급/동형0/상공업이나 금융업 따위의 사업을 경영하는 사람.
SC_V1983_B083_008,실업률,명사,충돌,4등급/동형0/노동할 의사와 능력을 가진 인구 가운데 실업자가 차지하는 비율.
SC_V1983_B083_009,실업자,명사,충돌,3등급/동형0/경제 활동에 참여할 연령의 사람 가운데 직업이 없는 사람.
SC_V1983_B083_015,실장,명사,충돌,"4등급/동형0/연구실, 분실 따위의 ‘실’ 자가 붙은 부서의 우두머리."
SC_V1983_B083_016,실점,명사,충돌,4등급/동형0/운동 경기나 승부 따위에서 점수를 잃음. 또는 그 점수.
SC_V1983_B083_018,실종되다,동사,일치,4등급/동형0/종적을 잃어 간 곳이나 생사를 알 수 없게 되다.
SC_V1983_B083_021,실타래,명사,충돌,4등급/동형0/실을 쉽게 풀어 쓸 수 있도록 한데 뭉치거나 감아 놓은 것.
SC_V1983_B083_022,실톱,명사,충돌,4등급/동형0/실같이 가는 톱. 얇은 널빤지에 여러 가지 모양으로 도림질을 하는 데 쓴다.
SC_V1983_B083_023,실향민,명사,충돌,4등급/동형0/고향을 잃고 타향에서 지내는 백성.
SC_V1983_B083_025,심벌즈,명사,충돌,4등급/동형0/쇠붙이로 둥글넓적하게 만든 타악기. 두 장을 맞부딪거나 한 장을 막대기로 쳐서 소리를 낸다.
SC_V1983_B083_035,심판원,명사,충돌,"4등급/동형0/운동 경기에서, 규칙의 적부 여부나 승부를 판정함. 또는 그런 일이나 사람."
SC_V1983_B083_036,심포니,명사,충돌,"4등급/동형0/관현악을 위하여 작곡한, 소나타 형식의 규모가 큰 곡. 보통 4악장으로 이루어지며, 하이든이 시작하여 모차르"
SC_V1983_B083_037,심호흡,명사,충돌,4등급/동형0/의식적으로 허파 속에 공기가 많이 드나들도록 숨 쉬는 방법. 흉식(胸式)과 복식(腹式)이 있다.
SC_V1983_B083_038,심히,부사,일치,3등급/동형0/정도가 지나치게.
SC_V1983_B083_039,십이지장,명사,충돌,4등급/동형0/위의 날문에서 빈창자 사이에 있는 작은창자의 첫 부분. 대개 ‘ㄷ’ 자 모양으로 배열되어 있고 길이는 약 2
SC_V1983_B083_042,싱글거리다,동사,충돌,4등급/동형0/눈과 입을 슬며시 움직이며 소리 없이 정답게 자꾸 웃다.
SC_V1983_B083_044,싱글싱글,부사,충돌,4등급/동형0/눈과 입을 슬며시 움직이며 소리 없이 정답게 자꾸 웃는 모양.
SC_V1983_B083_045,싱긋,부사,충돌,4등급/동형0/눈과 입을 슬며시 움직이며 소리 없이 가볍게 웃는 모양.
SC_V1983_B083_046,싱긋싱긋,부사,충돌,4등급/동형0/눈과 입을 슬며시 움직이며 소리 없이 가볍게 자꾸 웃는 모양.
SC_V1983_B083_047,싱긋이,부사,충돌,4등급/동형0/눈과 입을 슬며시 움직이며 소리 없이 가볍게 웃는 모양.
SC_V1984_B084_002,싹싹하다,형용사,일치,4등급/동형0/눈치가 빠르고 사근사근하다.
SC_V1984_B084_003,싼값,명사,일치,4등급/동형0/시세에 비하여 헐한 값.
SC_V1984_B084_004,쌀가게,명사,충돌,"4등급/동형0/쌀을 파는 가게. 보통 보리, 콩, 팥 따위의 곡식도 함께 판다."
SC_V1984_B084_008,쌀농사,명사,충돌,4등급/동형0/벼를 심어 가꾸고 거두는 일.
SC_V1984_B084_012,쌀집,명사,충돌,"4등급/동형0/쌀을 파는 가게. 보통 보리, 콩, 팥 따위의 곡식도 함께 판다."
SC_V1984_B084_014,쌈밥,명사,충돌,4등급/동형0/채소 잎에 여러 가지 재료와 쌈장을 넣어 밥과 함께 싸서 먹는 음식.
SC_V1984_B084_015,쌍기역,명사,충돌,3등급/동형0/한글 자모 ‘ㄲ’의 이름.
SC_V1984_B084_016,쌍디귿,명사,충돌,3등급/동형0/한글 자모 ‘ㄸ’의 이름.
SC_V1984_B084_017,쌍방,명사,충돌,4등급/동형0/이쪽과 저쪽 또는 이편과 저편을 아울러 이르는 말.
SC_V1984_B084_018,쌍비읍,명사,충돌,3등급/동형0/한글 자모 ‘ㅃ’의 이름.
SC_V1984_B084_019,쌍시옷,명사,충돌,3등급/동형0/한글 자모 ‘ㅆ’의 이름.
SC_V1984_B084_020,쌍쌍이,부사,충돌,4등급/동형0/여럿이 둘씩 둘씩. 또는 암수가 각각 쌍을 지은 모양.
SC_V1984_B084_021,쌍지읒,명사,충돌,3등급/동형0/한글 자모 ‘ㅉ’의 이름.
SC_V1984_B084_022,쌍화탕,명사,충돌,"4등급/동형0/백작약, 숙지황 따위를 넣어 달여 만드는 탕약. 피로 해소와 기혈(氣血)이 허한 것을 보충하여 주는 데에 쓰"
SC_V1984_B084_029,쑥덕거리다,동사,충돌,4등급/동형0/남이 알아듣지 못하도록 낮은 목소리로 은밀하게 자꾸 이야기하다. ‘숙덕거리다’보다 센 느낌을 준다.
SC_V1984_B084_031,쓰개치마,명사,충돌,"4등급/동형0/예전에, 부녀자가 나들이할 때, 내외를 하기 위하여 머리와 몸 윗부분을 가리어 쓰던 치마."
SC_V1984_B084_040,씨방,명사,충돌,4등급/동형0/속씨식물의 암술대 밑에 붙은 통통한 주머니 모양의 부분. 그 속에 밑씨가 들어 있다.
SC_V1984_B084_042,씨족,명사,충돌,"4등급/동형0/공동의 조상을 가진 혈연 공동체. 원시 사회에서 흔히 찾아볼 수 있는 부족 사회의 기초 단위로서, 대개는 족"
SC_V1984_B084_050,아랑곳하다,동사,충돌,4등급/동형0/일에 나서서 참견하거나 관심을 두다.
SC_V1985_B085_007,아령,명사,충돌,"4등급/동형0/양손에 하나씩 들고 팔 운동을 하는 운동 기구. 쇠붙이나 플라스틱 따위로 만들며, 양 끝은 공 모양으로 되어"
SC_V1985_B085_010,아바마마,명사,충돌,"4등급/동형0/궁중에서, 임금이나 임금의 아들딸이 그의 아버지를 이르던 말."
SC_V1985_B085_012,아열대,명사,충돌,4등급/동형0/열대와 온대의 중간 지대. 대체로 남북 위도 각각 20~30도 사이의 지대로 건조 지역이 많다.
SC_V1985_B085_014,아우성,명사,충돌,4등급/동형0/떠들썩하게 기세를 올려 지르는 소리.
SC_V1985_B085_015,아이디,명사,충돌,"3등급/동형0/인터넷에서, 이용자의 신분을 증명할 수 있는 고유의 체계. 문자나 숫자 따위로 이루어진다."
SC_V1985_B085_016,아이스케이크,명사,충돌,4등급/동형0/꼬챙이를 끼워 만든 얼음과자.
SC_V1985_B085_018,아작아작,부사,충돌,4등급/동형0/조금 단단한 물건을 깨물어 바스러뜨릴 때 잇따라 나는 소리.
SC_V1985_B085_019,아주버니,명사,충돌,4등급/동형0/남편과 항렬이 같은 사람 가운데 남편보다 나이가 많은 남자를 이르거나 부르는 말.
SC_V1985_B085_020,아지랑이,명사,충돌,3등급/동형0/주로 봄날 햇빛이 강하게 쬘 때 공기가 공중에서 아른아른 움직이는 현상.
SC_V1985_B085_021,아첨,명사,충돌,4등급/동형0/남의 환심을 사거나 잘 보이려고 알랑거림. 또는 그런 말이나 짓.
SC_V1985_B085_022,아첨하다,동사,충돌,4등급/동형0/남의 환심을 사거나 잘 보이려고 알랑거리다.
SC_V1985_B085_024,아코디언,명사,충돌,4등급/동형0/악기의 하나. 주름상자를 신축시키고 건반을 눌러 연주하며 경음악에 쓴다.
SC_V1985_B085_027,악독하다,형용사,충돌,4등급/동형0/마음이 흉악하고 독하다.
SC_V1985_B085_032,악착스럽다,형용사,충돌,4등급/동형0/매우 모질고 끈덕지게 일을 해 나가는 태도가 있다.
SC_V1985_B085_035,안개비,명사,충돌,4등급/동형0/내리는 빗줄기가 매우 가늘어서 안개처럼 부옇게 보이는 비.
SC_V1985_B085_043,안내소,명사,충돌,4등급/동형0/어떤 사물이나 장소에 부설되어 그 사물이나 장소를 소개하여 알려 주는 일을 맡아 하는 곳.
SC_V1985_B085_048,안락의자,명사,충돌,4등급/동형0/팔걸이가 있고 앉는 자리를 푹신하게 하여 편안하게 기대어 앉도록 만든 의자.
SC_V1986_B086_003,안전띠,명사,충돌,"3등급/동형0/자동차ㆍ비행기 따위에서, 사고 시 충격으로부터 보호하기 위하여 사람을 좌석에 고정하는 띠."
SC_V1986_B086_004,안전모,명사,충돌,"4등급/동형0/공장ㆍ작업장 또는 운동 경기 따위에서, 머리가 다치는 것을 막기 위하여 쓰는 모자."
SC_V1986_B086_008,앉은키,명사,충돌,"4등급/동형0/두 다리를 모아 넓적다리는 수평이 되게 하고 종아리와 상체는 수직이 되도록 걸상에 앉았을 때, 걸상면으로부터"
SC_V1986_B086_009,알껍데기,명사,충돌,"4등급/동형0/동물의 알의 맨 바깥층의 단단한 막. 석회질이나 단백질이 굳어진 것도 있는데, 조류ㆍ파충류의 알 따위에서 볼"
SC_V1986_B086_011,알루미늄박,명사,충돌,"4등급/동형0/알루미늄을 아주 얇게 늘여 만든 판. 내식성이 뛰어나고 인체에 해가 없어서 포장재, 단열재 따위로 쓰인다."
SC_V1986_B086_015,알칼리,명사,충돌,4등급/동형0/물에 녹으면 염기성을 나타내는 알칼리 또는 알칼리 토금속의 수용성 수산화물을 통틀어 이르는 말. 수산화 나트
SC_V1986_B086_016,알코올램프,명사,충돌,4등급/동형0/알코올을 연료로 하는 가열 장치. 그을음이 없고 화력이 세어 화학 실험 따위에 쓴다.
SC_V1986_B086_018,알파벳,명사,충돌,"3등급/동형0/그리스 문자, 로마자 따위의 구미 언어의 표기에 쓰는 문자들을 통틀어 이르는 말. 흔히 ‘로마자’를 이른다."
SC_V1986_B086_020,암각화,명사,충돌,"4등급/동형0/바위, 단애(斷崖), 동굴의 벽면 따위에 칠하기, 새기기, 쪼기 등의 수법으로 그린 그림."
SC_V1986_B086_021,암꽃,명사,충돌,"4등급/동형0/수술은 없고 암술만 있는 꽃. 밤나무, 호박 따위의 꽃이 있다."
SC_V1986_B086_023,암산하다,동사,충돌,"4등급/동형0/필기도구, 계산기, 수판 따위를 이용하지 아니하고 머릿속으로 계산하다."
SC_V1986_B086_030,압도하다,동사,충돌,4등급/동형0/보다 뛰어난 힘이나 재주로 남을 눌러 꼼짝 못 하게 하다.
SC_V1986_B086_031,압박감,명사,충돌,4등급/동형0/내리눌리는 느낌.
SC_V1986_B086_032,압핀,명사,충돌,4등급/동형0/대가리가 크고 촉이 짧아서 흔히 손가락으로 눌러 박는 쇠못.
SC_V1986_B086_033,앙갚음,명사,충돌,4등급/동형0/남이 저에게 해를 준 대로 저도 그에게 해를 줌.
SC_V1986_B086_034,앙증맞다,형용사,충돌,4등급/동형0/작으면서도 갖출 것은 다 갖추어 아주 깜찍하다.
SC_V1986_B086_042,애걸복걸하다,동사,충돌,4등급/동형0/소원 따위를 들어 달라고 애처롭게 사정하며 간절히 빌다.
SC_V1986_B086_043,애걸하다,동사,충돌,4등급/동형0/소원을 들어 달라고 애처롭게 빌다.
SC_V1986_B086_048,애니메이션,명사,충돌,3등급/동형0/만화나 인형을 이용하여 그것이 마치 살아 있는 것처럼 생동감 있게 촬영한 영화. 또는 그 영화를 만드는 기술
SC_V1986_B086_049,애당초,명사,충돌,"4등급/동형0/일의 맨 처음이라는 뜻으로, ‘당초03’를 강조하여 이르는 말."
SC_V1987_B087_001,애드벌룬,명사,충돌,4등급/동형0/광고하는 글이나 그림 따위를 매달아 공중에 띄우는 풍선.
SC_V1987_B087_002,애매모호하다,형용사,충돌,4등급/동형0/말이나 태도 따위가 희미하고 흐려 분명하지 아니하다.
SC_V1987_B087_003,애벌,명사,충돌,4등급/동형0/같은 일을 여러 차례 거듭하여야 할 때에 맨 처음 대강 하여 낸 차례.
SC_V1987_B087_004,애완견,명사,충돌,"4등급/동형0/좋아하여 가까이 두고 귀여워하며 기르는 개. 주로 실내에서 기르는데 스피츠, 테리어, 치와와 따위가 있다."
SC_V1987_B087_005,애완용,명사,충돌,4등급/동형0/좋아하여 가까이 두고 귀여워하거나 즐기기 위한 것.
SC_V1987_B087_009,애칭,명사,충돌,4등급/동형0/본래의 이름 외에 친근하고 다정하게 부를 때 쓰는 이름.
SC_V1987_B087_014,앵앵거리다,동사,충돌,4등급/동형0/모기나 벌 따위가 빨리 날아다니는 소리가 잇따라 나다.
SC_V1987_B087_015,야광침,명사,충돌,4등급/동형0/발광 도료를 발라 밤이나 어두운 데서도 볼 수 있게 된 시계나 계기의 바늘.
SC_V1987_B087_019,야무지다,형용사,충돌,"3등급/동형0/사람의 성질이나 행동, 생김새 따위가 빈틈이 없이 꽤 단단하고 굳세다."
SC_V1987_B087_020,야속하다,형용사,충돌,4등급/동형0/무정한 행동이나 그런 행동을 한 사람이 섭섭하게 여겨져 언짢다.
SC_V1987_B087_021,야영장,명사,충돌,4등급/동형0/천막 따위를 치고 훈련이나 휴양을 할 수 있도록 만들어 놓은 야외의 장소.
SC_V1987_B087_022,야영지,명사,충돌,4등급/동형0/야외에서 천막 따위를 치고 훈련이나 휴양을 하는 곳.
SC_V1987_B087_023,야옹거리다,동사,충돌,4등급/동형0/고양이 우는 소리가 자꾸 나다.
SC_V1987_B087_024,야옹야옹하다,동사,충돌,4등급/동형0/고양이가 자꾸 우는 소리가 나다.
SC_V1987_B087_026,야자수,명사,충돌,"3등급/동형0/야자과의 대추야자, 기름야자, 부채야자, 대왕야자 따위를 통틀어 이르는 말."
SC_V1987_B087_027,야자열매,명사,충돌,4등급/동형0/야자나무의 열매. 열매 속의 젖 같은 즙은 음료로 쓴다.
SC_V1987_B087_028,야트막하다,형용사,충돌,4등급/동형0/조금 얕은 듯하다.
SC_V1987_B087_029,야행성,명사,충돌,3등급/동형0/낮에는 쉬고 밤에 활동하는 동물의 습성.
SC_V1987_B087_031,약밥,명사,충돌,"4등급/동형0/찹쌀을 물에 불리어 시루에 찐 뒤에 꿀 또는 흑설탕, 참기름, 대추, 진간장, 밤, 황밤 따위를 넣고 다시 "
SC_V1987_B087_032,약분하다,동사,충돌,4등급/동형0/분수의 분모와 분자를 공약수로 나누어 간단하게 하다.
SC_V1987_B087_043,양과자,명사,충돌,"4등급/동형0/서양식으로 만든 과자. 케이크, 빵과 같은 생과자와 비스킷, 사탕과 같은 건과자로 크게 나누어진다."
SC_V1987_B087_045,양날톱,명사,충돌,4등급/동형0/양쪽에 날이 있는 톱. 한쪽은 켜는 톱니이고 다른 쪽은 자르는 톱니이다.
SC_V1988_B088_001,양수장,명사,충돌,4등급/동형0/관개나 그 밖의 필요에 의하여 양수기를 설치한 곳.
SC_V1988_B088_002,양식업,명사,충돌,"4등급/동형0/물고기나 해조, 버섯 따위의 양식을 전문으로 하는 생산업."
SC_V1988_B088_003,양식장,명사,충돌,"4등급/동형0/물고기나 해조, 버섯 따위의 양식을 전문적으로 하는 곳이나 기관."
SC_V1988_B088_004,양식하다,동사,충돌,"4등급/동형0/물고기나 해조, 버섯 따위를 인공적으로 길러서 번식하게 하다."
SC_V1988_B088_008,양잠,명사,충돌,4등급/동형0/누에를 기름. 또는 그 일.
SC_V1988_B088_010,양지바르다,형용사,충돌,4등급/동형0/땅이 볕을 잘 받게 되어 있다.
SC_V1988_B088_023,어깨띠,명사,충돌,4등급/동형0/한쪽 어깨에서 다른 쪽 겨드랑이로 걸치어 매는 띠.
SC_V1988_B088_024,어깨춤,명사,충돌,4등급/동형0/신이 나서 어깨를 위아래로 으쓱거리는 일. 또는 그렇게 추는 춤.
SC_V1988_B088_030,어떠어떠하다,형용사,충돌,4등급/동형0/성질이나 상태가 어떠하고 어떠하다. 구체적으로 밝혀 말하기 어렵거나 밝힐 필요가 없어 막연하게 말할 때 쓴다
SC_V1988_B088_035,어물전,명사,충돌,"4등급/동형0/생선, 김, 미역 따위의 어물을 전문적으로 파는 가게. 조선 시대에는 내어물전과 외어물전의 구별이 있었다."
SC_V1988_B088_038,어슬렁어슬렁,부사,충돌,3등급/동형0/몸집이 큰 사람이나 짐승이 몸을 조금 흔들며 계속 천천히 걸어 다니는 모양.
SC_V1988_B088_039,어시스트,명사,충돌,"4등급/동형0/축구ㆍ농구ㆍ아이스하키 따위에서, 득점할 수 있는 좋은 위치에 있는 선수에게 공을 보내는 일. 또는 그런 선수"
SC_V1988_B088_041,어영부영,부사,충돌,4등급/동형0/뚜렷하거나 적극적인 의지가 없이 되는대로 행동하는 모양.
SC_V1988_B088_049,어학원,명사,충돌,4등급/동형0/외국어를 전문적으로 가르치는 교육 기관.
SC_V1988_B088_050,어획량,명사,충돌,4등급/동형0/수산물을 잡거나 채취한 수량.
SC_V1989_B089_001,어휴,감탄사,충돌,4등급/동형0/몹시 힘들거나 기가 막히거나 좌절할 때 내는 소리.
SC_V1989_B089_002,억만,관형사,충돌,4등급/동형0/셀 수 없을 만큼 많은 수효를 비유적으로 이를 때 쓰는 말.
SC_V1989_B089_006,언론사,명사,충돌,"4등급/동형0/언론을 담당하는 회사. 신문사, 방송국 따위가 있다."
SC_V1989_B089_007,언론인,명사,충돌,"3등급/동형0/신문, 방송, 통신, 잡지 따위의 언론 기관에 관계하여 언론으로써 업(業)을 삼는 사람."
SC_V1989_B089_008,언어생활,명사,충돌,"4등급/동형0/말하기, 듣기, 쓰기, 읽기의 네 가지 언어 행동 면에서 본 인간의 생활."
SC_V1989_B089_014,얼룩덜룩하다,형용사,충돌,4등급/동형0/‘얼루룩덜루룩하다’의 준말.
SC_V1989_B089_019,얼음과자,명사,충돌,4등급/동형0/설탕물에 과일즙이나 우유 또는 향료 따위를 섞어 얼려서 만든 것.
SC_V1989_B089_022,얼음지치기,명사,충돌,4등급/동형0/얼음 위를 미끄러져 달림. 또는 그런 운동이나 놀이.
SC_V1989_B089_023,얼음집,명사,충돌,4등급/동형0/에스키모의 집. 얼음과 눈덩이로 둥글게 만든다.
SC_V1989_B089_025,엄니,명사,충돌,"4등급/동형0/크고 날카롭게 발달하여 있는 포유류의 이. 호랑이ㆍ사자ㆍ멧돼지 따위의 엄니는 송곳니가 발달한 것이며, 코끼리"
SC_V1989_B089_028,엄포,명사,충돌,4등급/동형0/실속 없이 호령이나 위협으로 으르는 짓.
SC_V1989_B089_029,업그레이드,명사,충돌,3등급/동형0/하드웨어나 소프트웨어의 성능을 기존 제품보다 뛰어난 새것으로 변경하는 일.
SC_V1989_B089_030,업소,명사,일치,4등급/동형0/사업을 벌이고 있는 장소.
SC_V1989_B089_036,엉덩이뼈,명사,충돌,4등급/동형0/엉치뼈의 두 끝과 볼기뼈의 뒤쪽 위에 있으며 부채 모양으로 퍼진 편평한 뼈.
SC_V1989_B089_037,엎치락뒤치락,부사,충돌,4등급/동형0/연방 엎치었다가 뒤치었다가 하는 모양.
SC_V1989_B089_040,에어백,명사,충돌,"4등급/동형0/자동차가 충돌할 때에, 순간적으로 탑승자 주위에서 공기 주머니가 부풀어 나와 충격을 완화하는 보호 장치."
SC_V1989_B089_041,에취,부사,일치,4등급/동형0/재채기할 때 나는 소리.
SC_V1989_B089_048,여관업,명사,일치,4등급/동형0/여관을 경영하는 영업.
SC_V1989_B089_049,여느,관형사,일치,4등급/동형0/그 밖의 예사로운. 또는 다른 보통의.
SC_V1990_B090_004,여러해살이,명사,충돌,4등급/동형0/식물이 2년 이상 생존하는 일. 또는 그런 식물.
SC_V1990_B090_005,여름내,부사,일치,4등급/동형0/여름 한 철 동안 내내.
SC_V1990_B090_006,여름새,명사,충돌,"4등급/동형0/봄에서 초여름에 걸쳐 남쪽에서 날아와 번식하고 가을에 다시 남쪽으로 날아가는 철새. 제비, 두견, 휘파람새 "
SC_V1990_B090_008,여봐라,감탄사,충돌,4등급/동형0/가까이 있는 사람을 부를 때 쓰는 말. 해라할 자리에 쓴다.
SC_V1990_B090_011,여왕개미,명사,충돌,4등급/동형0/알을 낳는 능력이 있는 암개미. 보통 일개미보다 크며 개미 사회의 우두머리이다.
SC_V1990_B090_016,여주인공,명사,충돌,"4등급/동형0/연극, 영화, 소설 따위에서 가장 중심적인 역할을 하는 여자."
SC_V1990_B090_019,여행기,명사,충돌,"4등급/동형0/여행하면서 보고, 듣고, 느끼고, 겪은 것을 적은 글. 대체로 일기체, 편지 형식, 수필, 보고 형식 따위로"
SC_V1990_B090_021,여행담,명사,충돌,4등급/동형0/여행하는 중에 보고 듣고 느낀 일에 대한 이야기.
SC_V1990_B090_024,역겹다,형용사,충돌,4등급/동형0/역정이 나거나 속에 거슬리게 싫다.
SC_V1990_B090_026,역마차,명사,충돌,"4등급/동형0/서양에서, 철도가 통하기 전에 정기적으로 여객이나 짐, 우편물 따위를 수송하던 마차."
SC_V1990_B090_027,역무원,명사,충돌,"4등급/동형0/철도역에서, 안내ㆍ매표ㆍ개찰ㆍ집찰 따위의 일을 맡아보는 사람."
SC_V1990_B090_030,역사관,명사,충돌,4등급/동형0/역사의 발전 법칙에 대한 체계적인 견해.
SC_V1990_B090_034,역할극,명사,충돌,4등급/동형0/참여자가 주어진 상황에서 특정 역할을 담당하여 연기하는 극.
SC_V1990_B090_035,역효과,명사,충돌,4등급/동형0/기대하였던 바와는 정반대가 되는 효과.
SC_V1990_B090_038,연구회,명사,충돌,4등급/동형0/연구를 목적으로 토론하고 의견을 교환하기 위하여 모이는 모임이나 단체.
SC_V1990_B090_039,연기자,명사,충돌,"4등급/동형0/영화나 연극 따위에서, 전문적으로 연기를 하는 사람."
SC_V1990_B090_041,연대표,명사,충돌,4등급/동형0/역사상 발생한 사건을 연대순으로 배열하여 적은 표.
SC_V1990_B090_043,연락망,명사,충돌,4등급/동형0/연락을 하기 위하여 벌여 놓은 조직 체계. 또는 무선이나 유선의 통신망.
SC_V1990_B090_045,연맹,명사,충돌,4등급/동형0/공동의 목적을 가진 단체나 국가가 서로 돕고 행동을 함께 할 것을 약속함. 또는 그런 조직체.
SC_V1990_B090_047,연민,명사,충돌,4등급/동형0/불쌍하고 가련하게 여김.
SC_V1990_B090_048,연상되다,동사,충돌,4등급/동형0/하나의 관념으로 인해 다른 관념이 불러일으켜지다.
SC_V1990_B090_050,연소기,명사,충돌,"4등급/동형0/가스 터빈에서, 압축 공기 속에 분사된 연료를 연소하여 높은 온도의 가스를 만드는 장치."
SC_V1991_B091_001,연쇄점,명사,충돌,4등급/동형0/관리와 보관 센터를 갖추고 둘 이상의 판매 단위를 연결해 경영하는 소매점.
SC_V1991_B091_002,연수원,명사,충돌,"4등급/동형0/회사, 단체 따위에서 직원이나 회원을 교육하는 기관."
SC_V1991_B091_004,연싸움,명사,충돌,4등급/동형0/연을 날리면서 서로의 연실을 마주 걸어 상대편의 연실을 끊어 버리는 싸움.
SC_V1991_B091_006,연이율,명사,충돌,4등급/동형0/일 년을 단위로 하여 정한 이율.
SC_V1991_B091_008,연장전,명사,충돌,"4등급/동형0/운동 경기에서, 정한 횟수나 정한 시간 안에 승부가 나지 않을 때, 횟수나 시간을 연장하여 계속하는 경기."
SC_V1991_B091_010,연주법,명사,충돌,4등급/동형0/악기를 연주하는 방법.
SC_V1991_B091_016,연표,명사,충돌,4등급/동형0/역사상 발생한 사건을 연대순으로 배열하여 적은 표.
SC_V1991_B091_018,연하장,명사,충돌,4등급/동형0/새해를 축하하기 위하여 간단한 글이나 그림을 담아 보내는 서장(書狀).
SC_V1991_B091_019,연합회,명사,충돌,4등급/동형0/둘 이상의 모임이나 단체가 서로 합동하여 만든 조직체. 또는 그런 모임.
SC_V1991_B091_021,열대림,명사,충돌,"4등급/동형0/열대 지방에 있는 삼림 식물대. 평균 기온은 20°C 이상으로, 식물의 종류가 풍부하다."
SC_V1991_B091_023,열등감,명사,충돌,4등급/동형0/자기를 남보다 못하거나 무가치한 인간으로 낮추어 평가하는 감정.
SC_V1991_B091_024,열람,명사,충돌,4등급/동형0/책이나 문서 따위를 죽 훑어보거나 조사하면서 봄.
SC_V1991_B091_026,열람하다,동사,충돌,4등급/동형0/책이나 문서 따위를 죽 훑어보거나 조사하면서 보다.
SC_V1991_B091_031,열의,명사,충돌,4등급/동형0/어떤 일을 이루기 위하여 온갖 정성을 다하는 마음.
SC_V1991_B091_032,염려되다,동사,충돌,4등급/동형0/앞일에 대하여 여러 가지로 마음이 쓰여 걱정되다.
SC_V1991_B091_033,염려스럽다,형용사,충돌,4등급/동형0/보기에 걱정이 되어 불안한 데가 있다.
SC_V1991_B091_039,엿기름,명사,충돌,"4등급/동형0/보리에 물을 부어 싹이 트게 한 다음에 말린 것. 녹말을 당분으로 바꾸는 효소를 함유하고 있으며, 식혜나 엿"
SC_V1991_B091_042,영구치,명사,충돌,4등급/동형0/젖니가 빠진 뒤에 나는 이와 뒤어금니를 통틀어 이르는 말. 사람은 위아래로 모두 32개가 있다.
SC_V1991_B091_046,영상물,명사,충돌,"4등급/동형0/영화나 비디오, 텔레비전 따위의 영상 매체로 전달되는 작품을 통틀어 이르는 말."
SC_V1991_B091_047,영양사,명사,충돌,"4등급/동형0/면허를 가지고, 과학적으로 식생활의 영양에 관한 지도를 하는 사람."
SC_V1992_B092_002,영업하다,동사,충돌,3등급/동형0/영리를 목적으로 사업하다.
SC_V1992_B092_003,영의정,명사,충돌,4등급/동형0/조선 시대 의정부의 으뜸 벼슬. 정일품의 품계로 서정(庶政)을 총괄하는 최고의 지위이다.
SC_V1992_B092_004,영향권,명사,충돌,4등급/동형0/어떤 사람이나 사물의 효과나 작용이 미치는 범위.
SC_V1992_B092_005,영화제,명사,충돌,4등급/동형0/많은 영화 작품을 모아서 일정 기간 내에 연속적으로 상영하는 행사.
SC_V1992_B092_007,예견하다,동사,일치,4등급/동형0/앞으로 일어날 일을 미리 짐작하다.
SC_V1992_B092_009,예금되다,동사,충돌,"4등급/동형0/일정한 계약에 의하여 은행이나 우체국 따위에 돈이 맡겨지다. 당좌 예금, 정기 예금, 보통 예금으로 맡겨지는"
SC_V1992_B092_011,예금주,명사,충돌,"4등급/동형0/금융 기관에 예금을 한 경우, 해당 예금 계좌의 주인이 되는 사람."
SC_V1992_B092_012,예금하다,동사,충돌,"4등급/동형0/일정한 계약에 의하여 은행이나 우체국 따위에 돈을 맡기다. 당좌 예금, 정기 예금, 보통 예금으로 맡기는 일"
SC_V1992_B092_013,예끼,감탄사,충돌,4등급/동형0/때릴 듯한 기세로 나무라거나 화가 났을 때 내는 소리. 주로 나이가 비슷한 사람이나 아랫사람에게 쓴다.
SC_V1992_B092_017,예산서,명사,충돌,4등급/동형0/수입과 지출을 미리 어림잡아 셈한 것을 적은 서류.
SC_V1992_B092_020,예술단,명사,충돌,4등급/동형0/예술 작품을 창작하거나 재현하기 위하여 예술가들로 조직한 단체.
SC_V1992_B092_021,예술성,명사,충돌,4등급/동형0/예술 작품이 지닌 예술적인 특성.
SC_V1992_B092_023,예술제,명사,충돌,"4등급/동형0/음악, 연극, 무용, 문학 따위를 공연하거나 발표하는 예술 행사. 예술의 향상ㆍ발전ㆍ보급을 위하여 열린다."
SC_V1992_B092_024,예술품,명사,충돌,4등급/동형0/예술적 가치가 있는 작품.
SC_V1992_B092_028,예약제,명사,충돌,4등급/동형0/상품 구매나 서비스 이용 따위를 미리 약속하는 제도나 방식.
SC_V1992_B092_034,옛길,명사,일치,4등급/동형0/예전에 다니던 길.
SC_V1992_B092_035,옛사람,명사,일치,4등급/동형0/옛날에 살았던 사람.
SC_V1992_B092_036,오곡밥,명사,충돌,"4등급/동형0/찹쌀에 기장, 찰수수, 검정콩, 붉은팥의 다섯 가지 곡식을 섞어 지은 밥. 대개 음력 정월 보름에 지어 먹는"
SC_V1992_B092_037,오너,명사,충돌,"4등급/동형0/골프에서, 함께 경기하는 팀 구성원 가운데 최초로 타구하는 사람."
SC_V1992_B092_041,오래달리기,명사,충돌,"4등급/동형0/오랫동안 하는 달리기. 예전에 체력장에서의 800미터 달리기, 1,000미터 달리기나 육상 경기에서의 마라톤"
SC_V1992_B092_044,오르간,명사,충돌,"4등급/동형0/파이프 오르간, 리드 오르간 따위를 통틀어 이르는 말. 본래는 교회용으로 발달한 파이프 오르간을 가리킨다."
SC_V1992_B092_046,오른손잡이,명사,충돌,"4등급/동형0/한 손으로 일을 할 때에, 주로 오른손을 사용하는 사람. 또는 왼손보다 오른손을 더 잘 쓰는 사람."
SC_V1992_B092_048,오막살이집,명사,충돌,4등급/동형0/허술하고 초라한 작은 집.
SC_V1992_B092_050,오목오목,부사,충돌,4등급/동형0/군데군데 동그스름하게 푹 패거나 들어가 있는 모양.
SC_V1993_B093_001,오목하다,형용사,충돌,4등급/동형0/가운데가 동그스름하게 폭 패거나 들어가 있는 상태이다.
SC_V1993_B093_003,오므라이스,명사,충돌,4등급/동형0/밥을 고기나 야채 따위와 함께 볶고 그 위에 달걀을 얇게 부쳐서 씌운 요리.
SC_V1993_B093_004,오색구름,명사,충돌,4등급/동형0/여러 가지 빛깔로 빛나는 구름. 고적운 따위에서 태양에 가까운 가장자리 부분이 회절(回折) 현상에 의하여 아
SC_V1993_B093_005,오선지,명사,충돌,4등급/동형0/악보를 그릴 수 있도록 오선을 그은 종이.
SC_V1993_B093_007,오싹오싹,부사,충돌,4등급/동형0/몹시 무섭거나 추워서 자꾸 몸이 움츠러들거나 소름이 끼치는 모양.
SC_V1993_B093_008,오염원,명사,충돌,"4등급/동형0/환경 오염의 근원이 되는 것. 자동차의 배기가스, 공장 폐수 따위이다."
SC_V1993_B093_011,오이꽃,명사,충돌,4등급/동형0/오이 덩굴에 피는 꽃. 노란색의 통꽃으로 여름에 핀다.
SC_V1993_B093_013,오작교,명사,충돌,"4등급/동형0/까마귀와 까치가 은하수에 놓는다는 다리. 칠월 칠석날 저녁에, 견우와 직녀를 만나게 하기 위하여 이 다리를 "
SC_V1993_B093_016,오케스트라,명사,충돌,3등급/동형0/관현악을 연주하는 단체.
SC_V1993_B093_019,오프닝,명사,충돌,4등급/동형0/방송 프로그램 따위에서 첫 부분을 시작하는 일.
SC_V1993_B093_020,오프라인,명사,충돌,4등급/동형0/단말기의 입출력 장치 따위가 연결되어 있지 아니하여 중앙 처리 장치의 직접적인 제어를 받지 아니하는 상태.
SC_V1993_B093_026,온난화,명사,충돌,4등급/동형0/지구의 기온이 높아지는 현상.
SC_V1993_B093_027,온대림,명사,충돌,4등급/동형0/온대 지방에 발달하는 삼림. 참나무ㆍ밤나무 따위의 낙엽 활엽수와 소나무ㆍ일본잎갈나무 따위의 침엽수가 많다.
SC_V1993_B093_028,온도계,명사,충돌,"3등급/동형0/물체의 온도를 재는 계기. 기체 온도계와 액체 온도계, 정압(定壓) 기체 온도계, 저항 온도계, 열전기 온도"
SC_V1993_B093_031,온음,명사,충돌,"4등급/동형0/장음계에서, ‘미ㆍ파’, ‘시ㆍ도’ 이외의 장2도 음정. 두 개의 반음을 가진 음의 간격이다."
SC_V1993_B093_034,온풍기,명사,충돌,"4등급/동형0/열원(熱源)에 공기를 넣어, 따뜻해진 공기를 실내로 돌게 하여 덥히는 기구."
SC_V1993_B093_035,올록볼록,부사,충돌,4등급/동형0/물체의 거죽이나 면이 고르지 않게 높고 낮은 모양.
SC_V1993_B093_036,옳아,감탄사,충돌,4등급/동형0/어떤 사실을 비로소 깨닫거나 납득했을 때 하는 말.
SC_V1993_B093_041,옷고름,명사,충돌,4등급/동형0/저고리나 두루마기의 깃 끝과 그 맞은편에 하나씩 달아 양편 옷깃을 여밀 수 있도록 한 헝겊 끈.
SC_V1993_B093_048,옹알이,명사,충돌,4등급/동형0/아직 말을 못 하는 어린아이가 혼자 입속말처럼 자꾸 소리를 내는 짓.
SC_V1993_B093_049,옹호하다,동사,충돌,4등급/동형0/두둔하고 편들어 지키다.
SC_V1994_B094_001,와이샤쓰,명사,충돌,4등급/동형0/양복 바로 안에 입는 서양식 윗옷. 칼라와 소매가 달려 있고 목에 넥타이를 매게 되어 있다.
SC_V1994_B094_004,와해되다,동사,충돌,4등급/동형0/조직이나 계획 따위가 산산이 무너지고 흩어지게 되다. 기와가 깨진다는 뜻에서 나온 말이다.
SC_V1994_B094_009,완벽히,부사,일치,4등급/동형0/결함이 없이 완전하게.
SC_V1994_B094_011,완성도,명사,충돌,4등급/동형0/어떤 일이나 예술 작품 따위가 질적으로 완성된 정도.
SC_V1994_B094_014,완충되다,동사,충돌,4등급/동형0/대립하는 것 사이의 불화나 충돌이 누그러지다.
SC_V1994_B094_017,왕권,명사,충돌,4등급/동형0/임금이 지닌 권력이나 권리.
SC_V1994_B094_031,외교권,명사,충돌,"4등급/동형0/국제법에서, 주권 국가로서 외국과 외교를 할 수 있는 권리."
SC_V1994_B094_034,외나무다리,명사,충돌,4등급/동형0/한 개의 통나무로 놓은 다리.
SC_V1994_B094_037,외딴길,명사,일치,4등급/동형0/홀로 따로 나 있는 작은 길.
SC_V1994_B094_040,외래어,명사,충돌,"3등급/동형0/외국에서 들어온 말로 국어에서 널리 쓰이는 단어. 버스, 컴퓨터, 피아노 따위가 있다."
SC_V1995_B095_005,요만하다,형용사,충돌,"3등급/동형0/상태, 모양, 성질 따위의 정도가 요러하다."
SC_V1995_B095_010,요판,명사,충돌,4등급/동형0/인쇄할 문자나 도형 부분이 동철이나 동판의 표면보다 오목하게 들어간 판.
SC_V1995_B095_013,욕설,명사,충돌,4등급/동형0/남의 인격을 무시하는 모욕적인 말. 또는 남을 저주하는 말.
SC_V1995_B095_015,용감성,명사,충돌,4등급/동형0/용기가 있으며 씩씩하고 기운찬 성질.
SC_V1995_B095_021,용접기,명사,충돌,4등급/동형0/두 개의 금속ㆍ유리ㆍ플라스틱 따위를 용접할 때 쓰는 기구.
SC_V1995_B095_023,우당탕,부사,충돌,4등급/동형0/잘 울리는 바닥에 무엇이 몹시 요란하게 떨어지거나 부딪칠 때 나는 소리.
SC_V1995_B095_024,우두커니,부사,충돌,4등급/동형0/넋이 나간 듯이 가만히 한자리에 서 있거나 앉아 있는 모양.
SC_V1995_B095_025,우등상,명사,충돌,4등급/동형0/우등한 사람에게 주는 상.
SC_V1995_B095_026,우러나오다,동사,충돌,"4등급/동형0/생각, 감정, 성질 따위가 마음속에서 저절로 생겨나다."
SC_V1995_B095_028,우리글,명사,충돌,"4등급/동형0/우리나라의 글자라는 뜻으로, ‘한글01’을 이르는 말."
SC_V1995_B095_029,우림,명사,충돌,4등급/동형0/적도 상우대 안에 드는 무성한 열대 식물의 숲.
SC_V1995_B095_031,우물쭈물하다,동사,일치,3등급/동형0/행동 따위를 분명하게 하지 못하고 자꾸 망설이며 몹시 흐리멍덩하게 하다.
SC_V1995_B095_032,우방국,명사,충돌,4등급/동형0/서로 우호적인 관계를 맺고 있는 나라.
SC_V1995_B095_033,우산살,명사,충돌,"4등급/동형0/천, 종이, 비닐 따위로 된 우산의 덮개 부분을 얽어 받치는 뼈대. 가는 대나 철사로 되어 있다."
SC_V1995_B095_036,우승자,명사,충돌,"4등급/동형0/운동 종목 따위에서, 선수권을 보유하고 있는 사람."
SC_V1995_B095_044,우의정,명사,충돌,"4등급/동형0/조선 시대에, 의정부에 속한 정일품 벼슬."
SC_V1995_B095_045,우지끈,부사,충돌,4등급/동형0/크고 단단한 물건이 부러지거나 부서지는 소리. 또는 그 모양.
SC_V1995_B095_048,우편료,명사,충돌,4등급/동형0/우편물을 부치는 사람 또는 받는 사람이 우체국에 내는 수수료.
SC_V1995_B095_050,우편집배원,명사,충돌,"4등급/동형0/과학 기술 정보 통신부에 소속되어, 우편물을 우체통에서 거두어 모으고, 받을 대상자에게 배달하는 사람."
SC_V1996_B096_010,운수업,명사,충돌,4등급/동형0/규모가 크게 사람을 태워 나르거나 물건을 실어 나르는 영업.
SC_V1996_B096_011,운율,명사,충돌,"4등급/동형0/시문(詩文)의 음성적 형식. 음의 강약, 장단, 고저 또는 동음이나 유음의 반복으로 이루어진다."
SC_V1996_B096_022,움막,명사,충돌,4등급/동형0/땅을 파고 위에 거적 따위를 얹고 흙을 덮어 추위나 비바람만 가릴 정도로 임시로 지은 집. 움집보다 작다.
SC_V1996_B096_024,움찔하다,동사,충돌,4등급/동형0/깜짝 놀라 갑자기 몸이 움츠러들다. 또는 몸을 움츠리다.
SC_V1996_B096_027,웃돌다,동사,충돌,4등급/동형0/어떤 정도를 넘어서다.
SC_V1996_B096_034,웅성이다,동사,충돌,4등급/동형0/여러 사람이 모여 소란스럽게 떠들다. 또는 그런 소리가 나다.
SC_V1996_B096_037,원두커피,명사,충돌,4등급/동형0/커피 열매를 볶은 후 갈거나 빻은 가루를 여과지나 기구 따위를 이용하여 내려 마시는 커피.
SC_V1996_B096_038,원료비,명사,충돌,4등급/동형0/원료를 사들이는 데 쓰는 비용.
SC_V1996_B096_039,원반던지기,명사,충돌,4등급/동형0/지름 2.5미터의 원 안에서 원반을 던져 멀리 가기를 겨루는 육상 경기.
SC_V1996_B096_040,원뿔,명사,충돌,4등급/동형0/원의 평면 밖의 한 정점(定點)과 원주 위의 모든 점을 연결하여 생긴 면으로 둘러싸인 입체.
SC_V1996_B096_047,원주율,명사,충돌,4등급/동형0/원둘레와 지름의 비. 약 3.14:1이며 기호는 π.
SC_V1997_B097_003,월평균,명사,일치,4등급/동형0/한 달을 단위로 하여 내는 평균.
SC_V1997_B097_005,웨이브,명사,충돌,4등급/동형0/머리 모양 따위가 물결처럼 이리저리 굽어져 있는 것.
SC_V1997_B097_008,위문,명사,충돌,4등급/동형0/위로하기 위하여 문안하거나 방문함.
SC_V1997_B097_009,위문하다,동사,충돌,4등급/동형0/위로하기 위하여 문안하거나 방문하다.
SC_V1997_B097_010,위배되다,동사,충돌,"4등급/동형0/법률, 명령, 약속 따위가 지켜지지 않고 어겨지다."
SC_V1997_B097_012,위생비,명사,충돌,"4등급/동형0/건강을 지키기 위한 설비, 예방, 치료에 소요되는 비용."
SC_V1997_B097_013,위압감,명사,충돌,4등급/동형0/위엄이나 위력 따위로 압박당하거나 정신적으로 억눌리는 느낌.
SC_V1997_B097_015,위원단,명사,충돌,4등급/동형0/일정한 일의 처리를 맡은 위원들로 구성된 단체.
SC_V1997_B097_019,위태위태하다,형용사,충돌,4등급/동형0/어떤 형세가 마음을 놓을 수 없을 만큼 매우 위험하다.
SC_V1997_B097_021,위트,명사,충돌,4등급/동형0/말이나 글을 즐겁고 재치 있고 능란하게 구사하는 능력.
SC_V1997_B097_022,위헌,명사,충돌,"4등급/동형0/법률 또는 명령, 규칙, 처분 따위가 헌법의 조항이나 정신에 위배되는 일."
SC_V1997_B097_023,위험성,명사,충돌,3등급/동형0/위험하거나 그렇게 될 가능성이 있는 성질.
SC_V1997_B097_035,유념하다,동사,충돌,4등급/동형0/잊거나 소홀히 하지 않도록 마음속에 깊이 간직하여 생각하다.
SC_V1997_B097_037,유단자,명사,충돌,4등급/동형0/단으로 능력의 정도를 나타내는 검도ㆍ유도ㆍ태권도 따위의 운동 종목이나 바둑 따위에서 초단 이상의 사람.
SC_V1997_B097_039,유대감,명사,일치,4등급/동형0/서로 밀접하게 연결되어 있는 공통된 느낌.
SC_V1997_B097_040,유리관,명사,충돌,4등급/동형0/유리로 만든 가느다란 관. 흔히 화학 실험용으로 쓴다.
SC_V1997_B097_046,유명세,명사,충돌,4등급/동형0/세상에 이름이 널리 알려져 있는 탓으로 당하는 불편이나 곤욕을 속되게 이르는 말.
SC_V1997_B097_050,유배되다,동사,충돌,"4등급/동형0/죄인이 귀양 보내지다. 오형(五刑)의 하나로, 그 죄의 가볍고 무거움에 따라 원근(遠近)의 등급이 있었다."
SC_V1998_B098_003,유산균,명사,충돌,4등급/동형0/당류(糖類)를 분해하여 젖산을 만드는 균의 하나.
SC_V1998_B098_005,유실수,명사,충돌,"4등급/동형0/먹을 수 있거나 유용한 열매가 열리는 나무. 밤나무, 잣나무, 감나무, 대추나무 따위를 이른다."
SC_V1998_B098_009,유유자적,명사,충돌,4등급/동형0/속세를 떠나 아무 속박 없이 조용하고 편안하게 삶.
SC_V1998_B098_010,유의어,명사,충돌,4등급/동형0/뜻이 서로 비슷한 말.
SC_V1998_B098_013,유제품,명사,충돌,"4등급/동형0/우유를 가공하여 만든 식품을 통틀어 이르는 말. 버터, 치즈, 분유, 연유 따위가 있다."
SC_V1998_B098_016,유채색,명사,충돌,"4등급/동형0/색상, 명도, 채도를 가진 빛깔. 빨강ㆍ노랑ㆍ파랑과 이들이 섞인 색들로, 검정ㆍ하양ㆍ회색을 제외한 모든 색이"
SC_V1998_B098_020,유행성,명사,충돌,4등급/동형0/일시적으로 널리 퍼지는 성질.
SC_V1998_B098_021,육각기둥,명사,충돌,4등급/동형0/밑면이 육각형으로 된 기둥체.
SC_V1998_B098_023,육대주,명사,충돌,"4등급/동형0/지구 위의 여섯 대륙. 아시아, 아프리카, 유럽, 오세아니아, 남아메리카, 북아메리카를 이른다."
SC_V1998_B098_025,육면체,명사,충돌,4등급/동형0/여섯 개의 평면으로 둘러싸인 입체.
SC_V1998_B098_028,융성,명사,충돌,4등급/동형0/기운차게 일어나거나 대단히 번성함.
SC_V1998_B098_030,으뜸음,명사,충돌,"4등급/동형0/음계의 첫째 음. 음계의 기초가 되는 음으로 장조에서는 ‘도’, 단조에서는 ‘라’이다."
SC_V1998_B098_034,으스스하다,형용사,충돌,3등급/동형0/차거나 싫은 것이 몸에 닿았을 때 크게 소름이 돋는 느낌이 있다.
SC_V1998_B098_036,으하하,부사,충돌,4등급/동형0/입을 크게 벌리며 거리낌 없이 크게 웃는 소리. 또는 그 모양.
SC_V1998_B098_037,으허허,부사,충돌,4등급/동형0/입을 조금 크게 벌리며 거리낌 없이 크게 웃는 소리. 또는 그 모양.
SC_V1998_B098_038,으흐흑,부사,충돌,4등급/동형0/몹시 놀라거나 슬퍼서 흐느껴 우는 소리. 또는 그 모양.
SC_V1998_B098_039,윽박지르다,동사,충돌,4등급/동형0/심하게 짓눌러 기를 꺾다.
SC_V1998_B098_040,은구슬,명사,일치,4등급/동형0/은으로 만든 구슬.
SC_V1998_B098_049,은유법,명사,충돌,4등급/동형0/사물의 상태나 움직임을 암시적으로 나타내는 수사법. 예로는 “내 마음은 호수요.” 따위가 있다.
SC_V1998_B098_050,은퇴,명사,충돌,4등급/동형0/직임에서 물러나거나 사회 활동에서 손을 떼고 한가히 지냄.
SC_V1999_B099_002,은하,명사,충돌,4등급/동형0/천구(天球) 위에 구름 띠 모양으로 길게 분포되어 있는 수많은 천체의 무리.
SC_V1999_B099_005,은행장,명사,충돌,4등급/동형0/은행을 대표하여 직무상의 최고 책임을 맡고 있는 사람.
SC_V1999_B099_008,음반,명사,충돌,4등급/동형0/전축이나 오디오 따위의 회전판에 걸어 소리를 들을 수 있게 만든 동그란 물건을 통틀어 이르는 말.
SC_V1999_B099_011,음악대,명사,충돌,"4등급/동형0/음악을 연주하는 단체. 주로 관악기나 타악기를 쓰며, 대개 야외에서 연주한다."
SC_V1999_B099_012,음악인,명사,충돌,4등급/동형0/음악에 종사하는 사람. 또는 음악을 즐기는 사람.
SC_V1999_B099_013,음파,명사,충돌,4등급/동형0/공기나 그 밖의 매질(媒質)이 발음체의 진동을 받아서 생기는 파동.
SC_V1999_B099_017,읍사무소,명사,충돌,4등급/동형0/읍의 행정 사무를 맡아보는 기관.
SC_V1999_B099_018,읍장,명사,충돌,4등급/동형0/지방 행정 구역인 읍의 우두머리. 읍의 행정 사무를 맡아서 처리한다.
SC_V1999_B099_020,응낙하다,동사,충돌,4등급/동형0/상대편의 요청에 응하여 승낙하다. 또는 상대편의 말을 들어주다.
SC_V1999_B099_026,응원가,명사,충돌,"4등급/동형0/운동 경기 따위에서, 선수들의 사기를 북돋워 주기 위하여 여럿이 부르는 노래."
SC_V1999_B099_028,응접실,명사,충돌,4등급/동형0/손님을 맞아들여 접대하기 위하여 꾸며 놓은 방.
SC_V1999_B099_032,의기소침하다,형용사,충돌,4등급/동형0/기운이 없어지고 풀이 죽은 상태이다.
SC_V1999_B099_033,의기양양하다,형용사,충돌,4등급/동형0/뜻한 바를 이루어 만족한 마음이 얼굴에 나타난 상태이다.
SC_V1999_B099_036,의료비,명사,충돌,4등급/동형0/병을 치료하는 데 드는 돈.
SC_V1999_B099_038,의무화,명사,충돌,4등급/동형0/하여야 하는 것으로 만듦.
SC_V1999_B099_039,의문사,명사,충돌,"4등급/동형0/의문의 초점이 되는 사물이나 사태를 지시하는 말. ‘누구’, ‘언제’, ‘어디’, ‘무엇’, ‘왜’, ‘어떻"
SC_V1999_B099_040,의문스럽다,형용사,충돌,4등급/동형0/보기에 의문 나는 데가 있다.
SC_V1999_B099_041,의미심장하다,형용사,충돌,4등급/동형0/뜻이 매우 깊다.
SC_V1999_B099_043,의사당,명사,충돌,4등급/동형0/의원들이 모여서 회의하기 위한 건물. 주로 국회 의사당을 이른다.
SC_V1999_B099_044,의사소통하다,동사,충돌,4등급/동형0/가지고 있는 생각이나 뜻이 서로 통하다.
SC_V1999_B099_046,의성어,명사,충돌,"4등급/동형0/사람이나 사물의 소리를 흉내 낸 말. ‘쌕쌕’, ‘멍멍’, ‘땡땡’, ‘우당탕’, ‘퍼덕퍼덕’ 따위가 있다."
SC_V19100_B100_001,의아스럽다,형용사,충돌,4등급/동형0/의심스럽고 이상한 데가 있다.
SC_V19100_B100_005,의좋다,형용사,일치,4등급/동형0/정의(情誼)가 두텁다.
SC_V19100_B100_007,의태어,명사,충돌,"4등급/동형0/사람이나 사물의 모양이나 움직임을 흉내 낸 말. ‘아장아장’, ‘엉금엉금’, ‘번쩍번쩍’ 따위가 있다."
SC_V19100_B100_012,이까짓,관형사,충돌,4등급/동형0/겨우 이만한 정도의.
SC_V19100_B100_016,이러저러하다,형용사,충돌,4등급/동형0/이러하고 저러하다.
SC_V19100_B100_020,이리하여,부사,충돌,4등급/동형0/앞 내용이 뒤 내용의 원인임을 나타내거나 앞 내용이 발전하여 뒤 내용이 전개됨을 나타내는 접속 부사. 주로 
SC_V19100_B100_022,이메일,명사,충돌,3등급/동형0/컴퓨터의 단말기 이용자끼리 통신 회선을 이용하여 주고받는 글.
SC_V19100_B100_026,이모티콘,명사,충돌,"4등급/동형0/컴퓨터나 휴대 전화의 문자와 기호, 숫자 등을 조합하여 만든 그림 문자. 감정이나 느낌을 전달할 때 사용한다"
SC_V19100_B100_029,이민자,명사,충돌,4등급/동형0/자기 나라를 떠나 다른 나라로 이주하여 사는 사람.
SC_V19100_B100_031,이발사,명사,충돌,4등급/동형0/일정한 자격을 가지고 남의 머리털을 깎아 다듬는 일을 직업으로 하는 사람.
SC_V19100_B100_039,이야기꽃,명사,충돌,4등급/동형0/즐겁고 재미나는 이야기나 이야기판을 비유적으로 이르는 말.
SC_V19100_B100_046,이웃사촌,명사,충돌,4등급/동형0/서로 이웃에 살면서 정이 들어 사촌 형제나 다를 바 없이 가까운 이웃.
SC_V19100_B100_047,이웃하다,동사,충돌,4등급/동형0/나란히 또는 가까이 있어 경계가 서로 붙어 있다.
SC_V19101_B101_001,이자율,명사,충돌,4등급/동형0/원금에 대한 이자의 비율.
SC_V19101_B101_008,이탈,명사,충돌,4등급/동형0/어떤 범위나 대열 따위에서 떨어져 나오거나 떨어져 나감.
SC_V19101_B101_014,익살,명사,충돌,4등급/동형0/남을 웃기려고 일부러 하는 말이나 몸짓.
SC_V19101_B101_015,익살스럽다,형용사,충돌,4등급/동형0/남을 웃기려고 일부러 우스운 말이나 행동을 하는 데가 있다.
SC_V19101_B101_016,인간관계,명사,충돌,"3등급/동형0/인간과 인간, 또는 인간과 집단과의 관계를 통틀어 이르는 말."
SC_V19101_B101_018,인공호,명사,충돌,"4등급/동형0/자연적으로 생긴 것이 아닌, 사람이 만든 호수."
SC_V19101_B101_023,인내력,명사,충돌,4등급/동형0/괴로움이나 어려움을 참고 견디는 힘.
SC_V19101_B101_027,인명사전,명사,충돌,4등급/동형0/사람의 이름이나 행적을 모아 이름 순서로 실은 사전.
SC_V19101_B101_029,인문학,명사,충돌,"4등급/동형0/언어, 문학, 역사, 철학 따위를 연구하는 학문."
SC_V19101_B101_032,인생사,명사,충돌,4등급/동형0/사람이 세상을 살아온 과정이나 살면서 겪어 온 일.
SC_V19101_B101_034,인쇄되다,동사,충돌,"3등급/동형0/잉크가 사용되어 판면(版面)에 그려져 있는 글이나 그림 따위가 종이, 천 따위에 박혀 나오다."
SC_V19101_B101_039,인지도,명사,충돌,4등급/동형0/어떤 사람이나 물건을 알아보는 정도.
SC_V19101_B101_040,인터폰,명사,충돌,"4등급/동형0/동일 건물이나 선박 따위에서, 방과 방 사이의 통화를 위한 유선 전환 장치."
SC_V19101_B101_041,인파,명사,충돌,"4등급/동형0/사람의 물결이란 뜻으로, 수많은 사람을 이르는 말."
SC_V19101_B101_043,인화지,명사,충돌,4등급/동형0/사진 원판으로 사진을 인화하기 위하여 감광 유제를 바른 종이.
SC_V19101_B101_046,일간지,명사,충돌,4등급/동형0/날마다 발행하는 신문.
SC_V19101_B101_049,일교차,명사,충돌,"4등급/동형0/기온, 습도, 기압 따위가 하루 동안에 변화하는 차이. 맑게 갠 날이 비 오는 날이나 흐린 날보다 크고, 또"
SC_V19102_B102_011,일조량,명사,충돌,4등급/동형0/일정한 물체의 표면이나 지표면에 비치는 햇볕의 양.
SC_V19102_B102_013,일층,부사,충돌,4등급/동형0/일정한 정도에서 한 단계 더.
SC_V19102_B102_014,일편단심,명사,충돌,"4등급/동형0/한 조각의 붉은 마음이라는 뜻으로, 진심에서 우러나오는 변치 아니하는 마음을 이르는 말."
SC_V19102_B102_019,임기응변,명사,충돌,4등급/동형0/그때그때 처한 사태에 맞추어 즉각 그 자리에서 결정하거나 처리함.
SC_V19102_B102_020,임대료,명사,충돌,4등급/동형0/남에게 물건이나 건물 따위를 빌려준 대가로 받는 돈.
SC_V19102_B102_023,임명장,명사,충돌,4등급/동형0/어떤 사람을 무엇으로 임명한다는 내용을 적은 문서.
SC_V19102_B102_024,임산물,명사,충돌,4등급/동형0/산림에서 나는 물품.
SC_V19102_B102_027,임원회,명사,충돌,4등급/동형0/안건을 토의하고 결정하기 위하여 이루어진 임원의 모임.
SC_V19102_B102_029,입바람,명사,충돌,4등급/동형0/입으로 불어 넣는 공기. 또는 입으로 불어서 일으키는 바람.
SC_V19102_B102_030,입법부,명사,충돌,4등급/동형0/법률 제정을 담당하는 국가 기관. 원칙적으로 국회(國會)를 이르는 말이다.
SC_V19102_B102_032,입속,명사,충돌,"4등급/동형0/입에서 목구멍에 이르는 빈 곳. 음식물을 섭취ㆍ소화하며, 발음 기관의 일부분이 된다."
SC_V19102_B102_038,입천장,명사,충돌,3등급/동형0/입의 천장을 이루는 부분으로 코안과 입안을 나누는 부분.
SC_V19102_B102_040,입후보하다,동사,충돌,4등급/동형0/선거에 후보자로 나서다.
SC_V19102_B102_042,잇몸,명사,충돌,3등급/동형0/이뿌리를 둘러싸고 있는 살.
SC_V19102_B102_046,잎자루,명사,충돌,4등급/동형0/잎몸을 줄기나 가지에 붙게 하는 꼭지 부분. 잎을 햇빛의 방향으로 향하게 한다.
SC_V19103_B103_001,자급자족하다,동사,충돌,4등급/동형0/필요한 물자를 스스로 생산하여 충당하다.
SC_V19103_B103_005,자동식,명사,충돌,4등급/동형0/기계 장치가 사람의 손을 빌리지 아니하고 스스로 작동하거나 작업을 하게 되어 있는 방식. 또는 그런 것.
SC_V19103_B103_006,자랑거리,명사,충돌,3등급/동형0/자기와 관계있는 일이나 물건으로 남에게 드러내어 뽐낼 만한 거리.
SC_V19103_B103_013,자부심,명사,충돌,3등급/동형0/자기 자신 또는 자기와 관련되어 있는 것에 대하여 스스로 그 가치나 능력을 믿고 당당히 여기는 마음.
SC_V19103_B103_014,자비롭다,형용사,충돌,4등급/동형0/남을 깊이 사랑하고 가엾게 여기는 마음이 있는 듯하다.
SC_V19103_B103_016,자서전,명사,충돌,"3등급/동형0/작자 자신의 일생을 소재로 스스로 짓거나, 남에게 구술하여 쓰게 한 전기."
SC_V19103_B103_017,자애롭다,형용사,충돌,4등급/동형0/자애를 베푸는 사랑과 정이 깊다.
SC_V19103_B103_018,자연산,명사,충돌,4등급/동형0/양식한 것이 아니라 자연에서 저절로 생산되는 것.
SC_V19103_B103_026,자유스럽다,형용사,충돌,3등급/동형0/구속이나 속박 따위가 없이 제 마음대로 할 수 있는 상태에 있다.
SC_V19103_B103_027,자제력,명사,충돌,4등급/동형0/자기의 감정이나 욕망을 스스로 억제하는 힘.
SC_V19103_B103_031,자책하다,동사,충돌,4등급/동형0/자신의 결함이나 잘못에 대하여 스스로 깊이 뉘우치고 자신을 책망하다.
SC_V19103_B103_032,자초지종,명사,충돌,4등급/동형0/처음부터 끝까지의 과정.
SC_V19103_B103_033,자치제,명사,충돌,4등급/동형0/지방의 행정을 지방 주민이 선출한 기관을 통하여 처리하는 제도.
SC_V19103_B103_036,작곡가,명사,충돌,3등급/동형0/작곡에 정통하여 전문적인 기술을 가지고 음악 창작에 종사하는 사람.
SC_V19103_B103_037,작곡되다,동사,충돌,4등급/동형0/음악 작품이 창작되다. 또는 시(詩)나 가사에 가락이 붙여지다.
SC_V19103_B103_038,작곡자,명사,충돌,4등급/동형0/악곡(樂曲)을 창작한 사람.
SC_V19103_B103_040,작디작다,형용사,충돌,"4등급/동형0/사물의 크기나 범위, 정도 따위가 보통보다 매우 작다."
SC_V19103_B103_045,작심삼일,명사,충돌,"4등급/동형0/단단히 먹은 마음이 사흘을 가지 못한다는 뜻으로, 결심이 굳지 못함을 이르는 말."
SC_V19103_B103_050,작은북,명사,충돌,4등급/동형0/서양 타악기의 하나. 앞에 걸어 메거나 대(臺) 위에 올려놓고 두 개의 가는 나무 막대기로 두드려 소리를 낸
SC_V19104_B104_007,잔가지,명사,일치,4등급/동형0/풀과 나무의 작은 가지. 또는 자질구레한 가지.
SC_V19104_B104_011,잔뿌리,명사,충돌,4등급/동형0/풀이나 나무 따위의 굵은 뿌리에서 돋아나는 작은 뿌리. 양분과 수분을 직접 흡수한다.
SC_V19104_B104_022,잠망경,명사,충돌,4등급/동형0/목표물을 직접 볼 수 없는 참호나 잠수함 따위에서 쓰는 반사식 망원경. 두 개의 프리즘을 양 끝에 장치한 긴
SC_V19104_B104_025,잠재되다,동사,충돌,4등급/동형0/겉으로 드러나지 않고 속에 잠겨 있거나 숨어 있게 되다.
SC_V19104_B104_026,잠재하다,동사,충돌,4등급/동형0/겉으로 드러나지 않고 속에 잠겨 있거나 숨어 있다.
SC_V19104_B104_027,잡다하다,형용사,충돌,4등급/동형0/잡스러운 여러 가지가 뒤섞여 너저분하다.
SC_V19104_B104_032,잡지사,명사,충돌,4등급/동형0/영리를 목적으로 잡지를 편집하고 간행하는 회사.
SC_V19104_B104_037,장난삼다,동사,충돌,4등급/동형0/목적이나 의도 따위를 가지지 아니하고 심심풀이로 실없게 행동하다.
SC_V19104_B104_038,장날,명사,충돌,4등급/동형0/장이 서는 날. 보통 닷새 만에 서며 사흘 만에 서기도 한다.
SC_V19104_B104_041,장도리,명사,충돌,"4등급/동형0/한쪽은 뭉뚝하여 못을 박는 데 쓰고, 다른 한쪽은 넓적하고 둘로 갈라져 있어 못을 빼는 데 쓰는 연장."
SC_V19104_B104_043,장독대,명사,충돌,4등급/동형0/장독 따위를 놓아두려고 뜰 안에 좀 높직하게 만들어 놓은 곳.
SC_V19104_B104_045,장려금,명사,충돌,4등급/동형0/어떤 특정한 일을 장려하는 뜻으로 보조하여 주는 돈.
SC_V19105_B105_004,장삿배,명사,충돌,"4등급/동형0/장사할 물건을 싣고 다니는, 그리 크지 아니한 배."
SC_V19105_B105_005,장손,명사,충돌,4등급/동형0/한집안에서 맏이가 되는 후손.
SC_V19105_B105_007,장아찌,명사,충돌,"4등급/동형0/오이, 무, 마늘 따위의 채소를 간장이나 소금물에 담가 놓거나 된장, 고추장에 박았다가 조금씩 꺼내 양념하여"
SC_V19105_B105_014,장타,명사,충돌,"4등급/동형0/야구에서, 이루타 이상의 안타를 이르는 말."
SC_V19105_B105_016,재개되다,동사,충돌,4등급/동형0/어떤 활동이나 회의 따위가 한동안 중단되었다가 다시 시작되다.
SC_V19105_B105_017,재검토하다,동사,충돌,4등급/동형0/한 번 검토한 것을 다시 검토하다.
SC_V19105_B105_019,재래시장,명사,충돌,4등급/동형0/예전부터 있어 오던 시장을 백화점 따위의 물건 판매 장소에 상대하여 이르는 말.
SC_V19105_B105_020,재래식,명사,충돌,4등급/동형0/예전부터 전하여 내려오는 방식.
SC_V19105_B105_022,재발급,명사,충돌,4등급/동형0/이전에 발행했던 증명서 따위를 다시 발행하여 줌.
SC_V19105_B105_025,재산권,명사,충돌,"4등급/동형0/경제적 이익을 목적으로 하는 법적인 권리. 물권, 채권, 무체 재산권 따위이다."
SC_V19105_B105_027,재앙,명사,충돌,4등급/동형0/뜻하지 아니하게 생긴 불행한 변고. 또는 천재지변으로 인한 불행한 사고.
SC_V19105_B105_032,재택근무,명사,충돌,4등급/동형0/집에 회사와 통신 회선으로 연결된 정보 통신 기기를 설치하여 놓고 집에서 회사의 업무를 보는 일.
SC_V19105_B105_033,재판관,명사,충돌,4등급/동형0/법원에 소속되어 재판 사무를 담당하며 재판권을 행사하는 국가 공무원.
SC_V19105_B105_034,재판부,명사,충돌,4등급/동형0/특정 소송 사건을 심판하기 위하여 법관으로 구성하는 재판 부서. 판사 한 사람으로 구성하는 단독제와 두 사람
SC_V19105_B105_043,저공해,명사,충돌,4등급/동형0/공해를 일으키는 정도가 적은 것.
SC_V19105_B105_048,저벅저벅,부사,충돌,4등급/동형0/발을 크고 묵직하게 내디디며 잇따라 걷는 소리. 또는 그 모양.
SC_V19106_B106_001,저울대,명사,충돌,4등급/동형0/대저울의 눈금이 새겨져 있는 몸 부분. 또는 저울추를 거는 막대기.
SC_V19106_B106_002,저작물,명사,충돌,"4등급/동형0/사상이나 기술, 연구 결과, 문예 작품 따위를 글로 써서 책으로 펴낸 것."
SC_V19106_B106_003,저작자,명사,충돌,4등급/동형0/예술이나 학문에 관한 책이나 작품 따위를 지은 사람.
SC_V19106_B106_004,저장고,명사,충돌,4등급/동형0/물건이나 재화 따위를 모아서 간수하여 두는 창고.
SC_V19106_B106_006,저토록,부사,충돌,4등급/동형0/저러한 정도로까지.
SC_V19106_B106_010,적대감,명사,충돌,4등급/동형0/적으로 여기는 감정.
SC_V19106_B106_012,적응력,명사,충돌,3등급/동형0/일정한 조건이나 환경 따위에 맞추어 응하거나 알맞게 되는 능력.
SC_V19106_B106_016,전광판,명사,충돌,4등급/동형0/여러 개의 전구를 평면에 배열하고 전류를 통하여 그림이나 문자 따위가 나타나도록 만든 판.
SC_V19106_B106_018,전기밥솥,명사,충돌,4등급/동형0/전기 저항에 의하여 발생하는 열을 이용하여 밥을 짓도록 만든 솥.
SC_V19106_B106_019,전기세,명사,충돌,4등급/동형0/전기를 사용하고 내는 요금을 세금처럼 여겨 이르는 말.
SC_V19106_B106_020,전기솥,명사,충돌,4등급/동형0/전기 저항에 의하여 발생하는 열을 이용하여 밥을 짓도록 만든 솥.
SC_V19106_B106_021,전기스탠드,명사,충돌,4등급/동형0/책상 위에 올려놓거나 방구석 따위에 놓아서 그 부분을 밝게 하여 주는 이동식 전등.
SC_V19106_B106_022,전기차,명사,충돌,4등급/동형0/전기 에너지를 동력원으로 하여 운행하는 차. 전력은 차량에 적재한 축전지에서 얻는다. 
SC_V19106_B106_025,전등갓,명사,충돌,"4등급/동형0/전등의 위에 덧씌우는 물건. 베나 금속 따위로 만들며, 빛을 한곳에 집중시켜 조명도를 높이는 동시에 눈이 부"
SC_V19106_B106_027,전람회,명사,충돌,"4등급/동형0/소개, 교육, 선전 따위를 목적으로 물건이나 예술 작품을 진열하여 놓고 여러 사람에게 보이는 모임."
SC_V19106_B106_032,전반전,명사,충돌,"4등급/동형0/축구, 핸드볼 따위의 운동 경기에서, 경기 시간을 반씩 둘로 나눈 것의 앞쪽 경기."
SC_V19106_B106_036,전승되다,동사,충돌,"4등급/동형0/문화, 풍속, 제도 따위가 이어받아져 계승되다. 또는 그것이 물려받아져 잇게 되다."
SC_V19106_B106_042,전신기,명사,충돌,4등급/동형0/전류나 전파를 이용하여 통신하는 기계.
SC_V19106_B106_043,전신주,명사,충돌,4등급/동형0/전선이나 통신선을 늘여 매기 위하여 세운 기둥.
SC_V19106_B106_044,전열기,명사,충돌,"4등급/동형0/저항선에 전류를 통하여 발생하는 열을 이용하는 기구. 전기난로, 전기다리미, 전기밥솥 따위에 사용된다."
SC_V19106_B106_045,전원주택,명사,충돌,4등급/동형0/농경지나 녹지 따위가 있어서 시골의 정취를 느낄 수 있게 교외에 지은 주택.
SC_V19106_B106_046,전유물,명사,충돌,4등급/동형0/한 사람이나 특정한 부류만 소유하거나 누리는 물건.
SC_V19106_B106_047,전자시계,명사,충돌,4등급/동형0/전자 장치와 수정(水晶) 발진기 및 액정에 의한 숫자 표시 장치로 시간을 알리는 시계.
SC_V19106_B106_048,전자저울,명사,충돌,4등급/동형0/전자식 장치를 이용하여 저울판 위에 올려놓은 상품의 무게와 가격이 숫자로 표시되는 저울.
SC_V19106_B106_049,전자책,명사,충돌,4등급/동형0/컴퓨터 화면에 떠올려 읽을 수 있게 만든 전자 매체형 책.
SC_V19107_B107_004,전조등,명사,충돌,4등급/동형0/기차나 자동차 따위의 앞에 단 등. 앞을 비추는 데에 쓴다.
SC_V19107_B107_009,전학생,명사,충돌,4등급/동형0/다니던 학교에서 다른 학교로 학적을 옮긴 학생.
SC_V19107_B107_010,전학하다,동사,충돌,4등급/동형0/다니던 학교에서 다른 학교로 학적을 옮겨 가서 배우다.
SC_V19107_B107_011,전화국,명사,충돌,4등급/동형0/신규 가입자들의 전화 가입 신청을 접수하거나 전화를 가설ㆍ교환하여 주는 따위의 일을 맡아보는 기관.
SC_V19107_B107_014,전화선,명사,충돌,4등급/동형0/유선 전화기에 전류를 보내어 통화가 되게 하는 전선.
SC_V19107_B107_015,전환점,명사,충돌,4등급/동형0/다른 방향이나 상태로 바뀌는 계기. 또는 그런 고비.
SC_V19107_B107_016,전후좌우,명사,충돌,"4등급/동형0/앞과 뒤, 왼쪽과 오른쪽. 곧, 사방(四方)을 이른다."
SC_V19107_B107_017,절굿공이,명사,충돌,"4등급/동형0/절구에 곡식 따위를 빻거나 찧거나 할 때에 쓰는 공이. 나무, 돌, 쇠 따위로 만든다."
SC_V19107_B107_019,절단기,명사,충돌,4등급/동형0/물건을 자르는 기계.
SC_V19107_B107_024,절약되다,동사,충돌,4등급/동형0/함부로 쓰이지 아니하고 꼭 필요한 데에만 쓰여 아껴지다.
SC_V19107_B107_027,점찍다,동사,충돌,4등급/동형0/어떻게 될 것이라고 또는 어느 것이라고 마음속으로 정하다.
SC_V19107_B107_028,점판,명사,충돌,"4등급/동형0/금, 은, 구리 따위의 광구(鑛區)를 통틀어 이르는 말. 금점판, 은점판 따위가 있다."
SC_V19107_B107_031,접눈,명사,충돌,4등급/동형0/접목할 때 접지(椄枝)에 함께 붙여서 자른 눈.
SC_V19107_B107_032,접붙이기,명사,충돌,4등급/동형0/접을 붙임. 또는 그 일.
SC_V19107_B107_033,접영,명사,충돌,4등급/동형0/두 손을 동시에 앞으로 뻗쳐 물을 아래로 끌어 내리고 양다리를 모아 상하로 움직이며 발등으로 물을 치면서 나
SC_V19107_B107_034,접이식,명사,충돌,4등급/동형0/접었다 폈다 할 수 있는 방식. 또는 그런 방식으로 만든 것.
SC_V19107_B107_039,정글짐,명사,충돌,4등급/동형0/아이들이 오르내리며 놀도록 만든 운동 기구. 둥근 나무나 철봉을 가로세로로 얽어서 만든다.
SC_V19107_B107_040,정년퇴직,명사,충돌,4등급/동형0/정하여진 나이가 되어 직장에서 물러남. 또는 그런 일.
SC_V19107_B107_041,정다각형,명사,충돌,4등급/동형0/변의 길이가 같고 내각의 크기가 모두 같은 다각형.
SC_V19107_B107_044,정반대되다,동사,충돌,4등급/동형0/완전히 반대되다.
SC_V19107_B107_047,정비례하다,동사,충돌,4등급/동형0/두 양이 서로 같은 비율로 늘거나 줄다.
SC_V19108_B108_001,정성스레,부사,충돌,4등급/동형0/보기에 온갖 힘을 다하려는 참되고 성실한 마음이 있게.
SC_V19108_B108_004,정액권,명사,충돌,4등급/동형0/일정한 금액을 미리 지불하고 그 금액만큼 기차나 전철 따위를 이용할 수 있는 승차권.
SC_V19108_B108_005,정열,명사,충돌,4등급/동형0/가슴속에서 맹렬하게 일어나는 적극적인 감정.
SC_V19108_B108_006,정오각형,명사,충돌,4등급/동형0/변의 길이가 모두 같고 내각의 크기가 모두 같은 오각형.
SC_V19108_B108_007,정원사,명사,충돌,4등급/동형0/정원의 꽃밭이나 수목을 가꾸는 일을 직업으로 하는 사람.
SC_V19108_B108_009,정육면체,명사,충돌,4등급/동형0/여섯 개의 면이 모두 합동인 정사각형으로 이루어진 정다면체.
SC_V19108_B108_012,정자나무,명사,충돌,4등급/동형0/집 근처나 길가에 있는 큰 나무. 가지가 많고 잎이 무성하여 그 그늘 밑에서 사람들이 모여 놀거나 쉰다.
SC_V19108_B108_013,정정당당히,부사,충돌,4등급/동형0/태도나 수단이 정당하고 떳떳하게.
SC_V19108_B108_016,정직성,명사,충돌,4등급/동형0/마음에 거짓이나 꾸밈이 없이 바르고 곧은 특성.
SC_V19108_B108_018,정탐,명사,충돌,4등급/동형0/드러나지 않은 사정을 몰래 살펴 알아냄. 또는 그런 일을 하는 사람.
SC_V19108_B108_019,젖니,명사,충돌,"4등급/동형0/유아기에 사용한 뒤 갈게 되어 있는 이. 출생 후 6개월부터 시작하여 3세 전에 모두 나며, 다섯 종류로 상"
SC_V19108_B108_020,제값,명사,충돌,4등급/동형0/물건의 가치에 맞는 가격.
SC_V19108_B108_021,제격,명사,충돌,4등급/동형0/그 지닌 바의 정도나 신분에 알맞은 격식.
SC_V19108_B108_024,제날짜,명사,충돌,"4등급/동형0/미리 정해지거나, 어떤 일이 이루어져야 할 날짜."
SC_V19108_B108_026,제도지,명사,충돌,"4등급/동형0/제도하는 데에 쓰는 종이. 켄트지나 모눈종이, 트레이싱 페이퍼 따위가 있다."
SC_V19108_B108_027,제멋,명사,일치,4등급/동형0/제 스스로 느끼고 생각하는 멋.
SC_V19108_B108_033,제안자,명사,충돌,4등급/동형0/법률안이나 예산안을 제출하는 기관이나 사람.
SC_V19108_B108_037,제자리멀리뛰기,명사,충돌,4등급/동형0/도움닫기 없이 구름판 위에 두 발을 놓고 멀리 뛰는 육상 경기.
SC_V19108_B108_038,제작되다,동사,충돌,3등급/동형0/재료를 가지고 기능과 내용을 가진 새로운 물건이나 예술 작품이 만들어지다.
SC_V19108_B108_041,제작진,명사,충돌,"4등급/동형0/연기자를 제외한 연극, 영화, 방송의 제작에 관계하는 모든 사람."
SC_V19108_B108_042,제정되다,동사,충돌,4등급/동형0/제도나 법률 따위가 만들어져서 정하여지다.
SC_V19108_B108_043,제조법,명사,충돌,4등급/동형0/물건을 만드는 방법.
SC_V19108_B108_045,제휴,명사,일치,4등급/동형0/행동을 함께하기 위하여 서로 붙들어 도와줌.
SC_V19108_B108_050,조감도,명사,충돌,4등급/동형0/높은 곳에서 내려다본 상태의 그림이나 지도.
SC_V19109_B109_001,조개류,명사,충돌,4등급/동형0/연체동물 가운데 조가비를 가진 동물을 일상적으로 통틀어 이르는 말.
SC_V19109_B109_004,조난,명사,충돌,4등급/동형0/항해나 등산 따위를 하는 도중에 재난을 만남.
SC_V19109_B109_005,조련사,명사,충돌,"4등급/동형0/개, 돌고래, 코끼리 따위의 동물에게 재주를 가르치고 훈련하는 사람."
SC_V19109_B109_006,조리법,명사,충돌,4등급/동형0/음식을 만드는 방법.
SC_V19109_B109_008,조립되다,동사,충돌,4등급/동형0/여러 부품이 하나의 구조물로 짜맞추어지다.
SC_V19109_B109_009,조립식,명사,충돌,4등급/동형0/여러 부품을 하나의 구조물로 맞추어 짜는 방법으로 꾸미는 방식.
SC_V19109_B109_012,조물조물,부사,충돌,4등급/동형0/작은 손놀림으로 자꾸 주물러 만지작거리는 모양.
SC_V19109_B109_015,조사단,명사,충돌,4등급/동형0/사건이나 사실을 명확하게 알아내기 위하여 만든 단체.
SC_V19109_B109_016,조사실,명사,충돌,4등급/동형0/사건이나 사물의 내용을 명확히 알아내는 일을 하는 데 쓰는 방.
SC_V19109_B109_017,조사표,명사,충돌,4등급/동형0/사건이나 사실을 명확하게 알아내 그 내용을 나타낸 도표.
SC_V19109_B109_020,조심성,명사,충돌,3등급/동형0/잘못이나 실수가 없도록 말이나 행동에 마음을 쓰는 성질이나 태도.
SC_V19109_B109_024,조정력,명사,충돌,4등급/동형0/마음대로 자기 몸을 가눌 수 있는 능력.
SC_V19109_B109_026,조청,명사,충돌,4등급/동형0/엿 따위를 고는 과정에서 묽게 고아서 굳지 않은 엿.
SC_V19109_B109_029,조형물,명사,충돌,4등급/동형0/여러 가지 재료를 이용하여 구체적인 형태나 형상으로 만든 물체.
SC_V19109_B109_030,조형미,명사,충돌,4등급/동형0/어떤 모습을 입체감 있게 예술적으로 형상하여 표현하는 아름다움.
SC_V19109_B109_033,존경심,명사,충돌,"4등급/동형0/남의 인격, 사상, 행위 따위를 받들어 공경하는 마음."
SC_V19109_B109_034,존엄성,명사,충돌,4등급/동형0/감히 범할 수 없는 높고 엄숙한 성질.
SC_V19109_B109_035,존엄하다,형용사,충돌,4등급/동형0/인물이나 지위 따위가 감히 범할 수 없을 정도로 높고 엄숙하다.
SC_V19109_B109_042,종량제,명사,충돌,"4등급/동형0/물품의 무게나 길이, 용량에 따라 세금이나 이용 요금을 매기는 제도."
SC_V19109_B109_043,종례,명사,충돌,"4등급/동형0/학교에서, 하루 일과를 마친 뒤에 담임 교사와 학생이 한자리에 모여 나누는 인사. 주의 사항이나 지시 사항 "
SC_V19109_B109_045,종료하다,동사,충돌,4등급/동형0/어떤 행동이나 일 따위가 끝나다. 또는 행동이나 일 따위를 끝마치다.
SC_V19109_B109_047,종사자,명사,충돌,"4등급/동형0/일정한 직업이나 부문, 일 따위에 종사하는 사람."
SC_V19109_B109_048,종알종알,부사,충돌,4등급/동형0/남이 잘 알아듣지 못할 정도의 작은 목소리로 혼잣말을 자꾸 하는 소리. 또는 그 모양.
SC_V19110_B110_014,죄의식,명사,충돌,4등급/동형0/저지른 죄과나 잘못에 대하여 스스로 느끼고 깨닫는 것.
SC_V19110_B110_015,죄책감,명사,충돌,4등급/동형0/저지른 잘못에 대하여 책임을 느끼는 마음.
SC_V19110_B110_017,주거비,명사,충돌,"4등급/동형0/가계 지출 가운데, 주거에 소요되는 경비. 집세, 수도 요금, 화재 보험료 따위가 있다."
SC_V19110_B110_020,주도권,명사,충돌,4등급/동형0/주동적인 위치에서 이끌어 나갈 수 있는 권리나 권력.
SC_V19110_B110_025,주름잡다,동사,충돌,4등급/동형0/모든 일을 자기가 하고 싶은 대로 주동이 되어 처리하다.
SC_V19110_B110_030,주목적,명사,충돌,4등급/동형0/주가 되는 목적.
SC_V19110_B110_031,주물럭거리다,동사,충돌,4등급/동형0/물건 따위를 자꾸 주무르다.
SC_V19110_B110_033,주사약,명사,충돌,"4등급/동형0/주사기를 통하여 몸 안의 조직이나 근육, 혈관 속에 넣는 액체 약물."
SC_V19110_B110_036,주의보,명사,충돌,4등급/동형0/폭풍ㆍ해일ㆍ홍수 따위의 지표에 일어나는 현상으로 피해를 입을 염려가 있을 때 기상청에서 주의를 주는 예보.
SC_V19110_B110_044,주제어,명사,충돌,4등급/동형0/말이나 글 따위에서 주제를 담고 있거나 전체 내용을 대표하는 단어.
SC_V19110_B110_049,주춤,부사,충돌,4등급/동형0/망설이거나 가볍게 놀라서 갑자기 멈칫하거나 몸을 움츠리는 모양.
SC_V19111_B111_001,주춧돌,명사,충돌,4등급/동형0/기둥 밑에 기초로 받쳐 놓은 돌.
SC_V19111_B111_004,죽순,명사,충돌,4등급/동형0/대의 땅속줄기에서 돋아나는 어린싹. 식용한다.
SC_V19111_B111_006,준결승,명사,충돌,"4등급/동형0/운동 경기 따위에서, 결승전에 나갈 자격을 겨루는 경기."
SC_V19111_B111_007,준말,명사,충돌,"4등급/동형0/단어의 일부분이 줄어든 것. ‘사이’가 ‘새’로, ‘잘가닥’이 ‘잘각’으로 된 것 따위이다."
SC_V19111_B111_008,준법성,명사,충돌,4등급/동형0/법률이나 규칙을 잘 지키는 성질.
SC_V19111_B111_009,준우승,명사,충돌,"4등급/동형0/운동 경기 따위에서, 우승 다음가는 등위를 차지함. 또는 그 등위."
SC_V19111_B111_011,줄글,명사,충돌,"4등급/동형0/한문에서, 구나 글자 수를 맞추지 아니하고 죽 잇따라 지은 글."
SC_V19111_B111_014,줄뿌림,명사,충돌,4등급/동형0/밭에 고랑을 내어 줄이 지게 씨를 뿌리는 일. 또는 그런 방법.
SC_V19111_B111_018,중간중간,명사,충돌,"4등급/동형0/어떤 장소나 사물, 행위, 사건 따위의 틈과 틈 사이."
SC_V19111_B111_019,중고등학교,명사,충돌,4등급/동형0/중학교와 고등학교를 아울러 이르는 말.
SC_V19111_B111_020,중고등학생,명사,충돌,4등급/동형0/중학생과 고등학생을 아울러 이르는 말.
SC_V19111_B111_025,중공업,명사,충돌,"4등급/동형0/부피에 비하여 무게가 비교적 무거운 물건을 만드는 공업. 제철업, 조선업, 기계 제조업 따위가 있다."
SC_V19111_B111_026,중국어,명사,충돌,3등급/동형0/중국인이 쓰는 말.
SC_V19111_B111_027,중금속,명사,충돌,"4등급/동형0/비중이 4 이상인 금속을 통틀어 이르는 말. 철, 금, 백금 따위가 있다."
SC_V19111_B111_032,중심인물,명사,충돌,4등급/동형0/어떤 사건의 중심이 되는 인물. 또는 어떤 단체나 사회의 가장 핵심적인 인물.
SC_V19111_B111_033,중얼중얼,부사,충돌,3등급/동형0/남이 알아듣지 못할 정도의 작고 낮은 목소리로 혼잣말을 자꾸 하는 소리. 또는 그 모양.
SC_V19111_B111_034,중장비,명사,충돌,4등급/동형0/토목 공사에 쓰는 중량이 큰 기계를 통틀어 이르는 말.
SC_V19111_B111_036,중화학,명사,충돌,4등급/동형0/중화학 공업을 이르는 말.
SC_V19111_B111_042,즉위,명사,충돌,4등급/동형0/임금이 될 사람이 예식을 치른 뒤 임금의 자리에 오름.
SC_V19111_B111_043,즉위식,명사,충돌,4등급/동형0/임금 자리에 오르는 것을 백성과 조상에게 알리기 위하여 치르는 의식.
SC_V19111_B111_044,즉위하다,동사,충돌,4등급/동형0/임금이 될 사람이 예식을 치른 뒤 임금의 자리에 오르다.
SC_V19111_B111_045,즉흥,명사,충돌,4등급/동형0/그 자리에서 바로 일어나는 감흥. 또는 그런 기분.
SC_V19111_B111_049,증류수,명사,충돌,"4등급/동형0/자연수를 증류하여 불순물을 제거한 물. 무색투명하고 무미ㆍ무취하며, 화학 실험, 의약품 따위에 쓰인다."
SC_V19112_B112_001,증조,명사,충돌,4등급/동형0/아버지의 할아버지. 또는 할아버지의 아버지를 이르는 말.
SC_V19112_B112_002,증조모,명사,충돌,4등급/동형0/아버지의 할머니. 또는 할아버지의 어머니를 이르는 말.
SC_V19112_B112_003,증조부,명사,충돌,4등급/동형0/아버지의 할아버지. 또는 할아버지의 아버지를 이르는 말.
SC_V19112_B112_004,증조할머니,명사,충돌,4등급/동형0/아버지의 할머니. 또는 할아버지의 어머니를 이르는 말.
SC_V19112_B112_005,증조할머님,명사,충돌,4등급/동형0/‘증조할머니’의 높임말.
SC_V19112_B112_006,증조할아버지,명사,충돌,4등급/동형0/아버지의 할아버지. 또는 할아버지의 아버지를 이르는 말.
SC_V19112_B112_009,지구력,명사,충돌,4등급/동형0/오랫동안 버티며 견디는 힘.
SC_V19112_B112_014,지느러미,명사,충돌,"3등급/동형0/물고기 또는 물에 사는 포유류가 몸의 균형을 유지하거나 헤엄치는 데 쓰는 기관. 등, 배, 가슴, 꼬리 따위"
SC_V19112_B112_018,지명되다,동사,충돌,4등급/동형0/여러 사람 가운데 누구의 이름이 지정되어 가리켜지다.
SC_V19112_B112_019,지목되다,동사,충돌,4등급/동형0/사람이나 사물이 어떠하다고 가리켜져 정해지다.
SC_V19112_B112_022,지사제,명사,충돌,4등급/동형0/설사를 멎게 하는 약. 창자 운동 억제 약물과 흡착제를 주로 사용한다.
SC_V19112_B112_026,지온,명사,일치,4등급/동형0/땅의 겉면이나 땅속의 온도.
SC_V19112_B112_029,지점토,명사,충돌,"4등급/동형0/종이, 점토, 접착제 따위를 섞어서 만든 공예 재료."
SC_V19112_B112_030,지정사,명사,충돌,"4등급/동형0/최현배 문법 체계에 설정된 품사의 하나. 무엇이 무엇이라고 지정하는 단어로, 긍정의 ‘이다’와 부정의 ‘아니"
SC_V19112_B112_031,지정석,명사,충돌,"4등급/동형0/정하여진 좌석. 주로 극장, 열차, 항공기, 선박 따위에서 볼 수 있다."
SC_V19112_B112_036,지표면,명사,일치,4등급/동형0/지구의 표면. 또는 땅의 겉면.
SC_V19112_B112_037,지하자원,명사,충돌,"4등급/동형0/땅속에 묻혀 있는 자원. 철, 석탄, 석유와 같이 인간 생활에 도움을 주는 광산물을 이른다."
SC_V19112_B112_040,지휘법,명사,충돌,"4등급/동형0/합창, 합주 따위에서 노래나 연주를 조화롭게 이끌기 위하여 손, 몸, 얼굴 표정 따위로 지휘하는 방법."
SC_V19112_B112_041,직거래,명사,충돌,4등급/동형0/중개인을 거치지 아니하고 살 사람과 팔 사람이 직접 거래함.
SC_V19112_B112_042,직매장,명사,충돌,4등급/동형0/중간 상인을 거치지 아니하고 생산자가 소비자에게 제품을 직접 파는 장소.
SC_V19112_B112_043,직매점,명사,충돌,4등급/동형0/중간 상인을 거치지 아니하고 생산자가 소비자에게 제품을 직접 파는 상점.
SC_V19112_B112_044,직무,명사,충돌,4등급/동형0/직책이나 직업상에서 책임을 지고 담당하여 맡은 사무.
SC_V19113_B113_009,진딧물,명사,충돌,4등급/동형0/진딧물과의 곤충을 통틀어 이르는 말. 풀이나 나무의 잎 또는 가지에 붙어서 진을 빨아 먹는다.
SC_V19113_B113_015,진미채,명사,충돌,"4등급/동형0/맛있는 오징어채라는 뜻으로, 껍질을 벗긴 오징어에 소금, 설탕 따위를 넣은 다음 말려서 잘게 찢은 것."
SC_V19113_B113_024,진열되다,동사,충돌,4등급/동형0/여러 사람에게 보일 목적으로 물건이 죽 벌여져 놓이다.
SC_V19113_B113_026,진정제,명사,충돌,"4등급/동형0/대뇌 겉질의 기능이 이상 항진되었을 때에 이를 완화할 목적으로 쓰는 약물. 불안, 고민, 동통(疼痛) 따위의"
SC_V19113_B113_033,질겁하다,동사,충돌,4등급/동형0/뜻밖의 일에 자지러질 정도로 깜짝 놀라다.
SC_V19113_B113_038,질척거리다,동사,충돌,4등급/동형0/진흙이나 반죽 따위가 물기가 매우 많아 차지고 진 느낌이 자꾸 들다.
SC_V19113_B113_044,집게발,명사,충돌,"4등급/동형0/게, 가재 따위의 발끝이 집게처럼 생긴 발."
SC_V19113_B113_046,집결하다,동사,충돌,4등급/동형0/한군데로 모이거나 모여 뭉치다. 또는 한군데로 모으거나 모아 뭉치게 하다.
SC_V19113_B113_047,집계하다,동사,충돌,4등급/동형0/따로따로 계산된 것들을 한데 모아서 계산하다.
SC_V19113_B113_048,집념,명사,충돌,4등급/동형0/한 가지 일에 매달려 마음을 쏟음. 또는 그 마음이나 생각.
SC_V19114_B114_002,집짐승,명사,충돌,"4등급/동형0/집에서 기르는 짐승. 소, 말, 돼지, 닭, 개 따위를 통틀어 이른다."
SC_V19114_B114_004,집필하다,동사,충돌,4등급/동형0/어떤 내용을 책이나 논문 따위의 형식으로 쓰다.
SC_V19114_B114_007,짓궂다,형용사,충돌,4등급/동형0/장난스럽게 남을 괴롭고 귀찮게 하여 달갑지 아니하다.
SC_V19114_B114_013,짜개다,동사,충돌,4등급/동형0/나무 따위의 단단한 물건을 연장으로 베거나 찍어서 갈라지게 하다.
SC_V19114_B114_018,짠하다,형용사,충돌,4등급/동형0/안타깝게 뉘우쳐져 마음이 조금 언짢고 아프다.
SC_V19114_B114_023,짹짹거리다,동사,충돌,4등급/동형0/참새 따위가 자꾸 울다.
SC_V19114_B114_032,쭈글쭈글,부사,충돌,4등급/동형0/쭈그러지거나 구겨져서 고르지 않게 주름이 많이 잡힌 모양.
SC_V19114_B114_043,차림표,명사,충돌,"4등급/동형0/식당이나 음식점 따위에서, 파는 음식의 종류와 가격을 적은 표."
SC_V19114_B114_045,차분차분,부사,충돌,4등급/동형0/성질이나 태도가 부드럽고 조용하며 찬찬한 모양. ‘자분자분03’보다 거센 느낌을 준다.
SC_V19114_B114_049,차츰차츰,부사,충돌,4등급/동형0/어떤 사물의 상태나 정도가 시간의 흐름에 따라 일정한 방향으로 조금씩 자꾸 변화하는 모양.
SC_V19115_B115_002,착시,명사,충돌,4등급/동형0/시각적인 착각 현상.
SC_V19115_B115_008,찰밥,명사,충돌,"4등급/동형0/찹쌀과 팥, 밤, 대추, 검은콩 따위를 섞어서 지은 밥."
SC_V19115_B115_010,참값,명사,충돌,"4등급/동형0/일정한 측정에 의하여 얻은, 길이ㆍ무게ㆍ부피 따위의 정확한 값."
SC_V19115_B115_011,참답다,형용사,충돌,4등급/동형0/거짓이나 꾸밈이 없이 진실하고 올바른 데가 있다.
SC_V19115_B115_020,참판,명사,충돌,"4등급/동형0/조선 시대에, 육조(六曹)에 둔 종이품 벼슬. 판서의 다음 서열이다."
SC_V19115_B115_021,참흙,명사,충돌,4등급/동형0/모래와 찰흙이 알맞게 섞여 농작물이 잘 자랄 수 있는 흙.
SC_V19115_B115_025,찻삯,명사,일치,4등급/동형0/차를 타는 데에 드는 비용.
SC_V19115_B115_027,창간하다,동사,충돌,"4등급/동형0/신문, 잡지 따위의 정기 간행물의 첫 번째 호(號)를 펴내다."
SC_V19115_B115_031,창시자,명사,충돌,4등급/동형0/어떤 사상이나 학설 따위를 처음으로 시작하거나 내세운 사람.
SC_V19115_B115_032,창시하다,동사,충돌,4등급/동형0/어떤 사상이나 학설 따위를 처음으로 시작하거나 내세우다.
SC_V19115_B115_033,창안하다,동사,충돌,"4등급/동형0/어떤 방안, 물건 따위를 처음으로 생각하여 내다."
SC_V19115_B115_035,창포물,명사,충돌,4등급/동형0/창포의 잎과 뿌리를 우려낸 물. 단오에 머리를 감거나 몸을 씻는 데 쓴다.
SC_V19115_B115_037,채비,명사,충돌,"4등급/동형0/어떤 일이 되기 위하여 필요한 물건, 자세 따위가 미리 갖추어져 차려지거나 그렇게 되게 함. 또는 그 물건이"
SC_V19115_B115_043,책망하다,동사,일치,4등급/동형0/잘못을 꾸짖거나 나무라며 못마땅하게 여기다.
SC_V19115_B115_045,책임자,명사,충돌,4등급/동형0/어떤 일에 대하여 책임을 지고 있거나 책임을 져야 할 위치에 있는 사람.
SC_V19116_B116_009,천막,명사,충돌,"3등급/동형0/비바람이나 이슬, 볕 따위를 가리기 위하여 말뚝을 박고 기둥을 세우고 천을 씌워 막처럼 지어 놓은 것. 또는"
SC_V19116_B116_010,천문대,명사,충돌,4등급/동형0/천문 현상을 관측하고 연구하기 위하여 설치한 시설. 또는 그런 기관.
SC_V19116_B116_013,천연기념물,명사,충돌,"4등급/동형0/국가에서 지정하여 법률로 보호하는 동물, 식물, 지형 따위의 자연유산."
SC_V19116_B116_021,철거,명사,충돌,"4등급/동형0/건물, 시설 따위를 무너뜨려 없애거나 걷어치움."
SC_V19116_B116_022,철거되다,동사,충돌,"4등급/동형0/건물, 시설 따위가 무너뜨려져 없어지거나 걷어치워지다."
SC_V19116_B116_023,철공소,명사,충돌,4등급/동형0/쇠로 된 재료로 온갖 기구를 만드는 소규모 공장.
SC_V19116_B116_024,철광석,명사,충돌,"4등급/동형0/철을 함유하고 있어서 제철의 원료로 쓰이는 광석. 자철석, 적철석, 갈철석 따위가 있다."
SC_V19116_B116_025,철근,명사,충돌,3등급/동형0/콘크리트 속에 묻어서 콘크리트를 보강하기 위하여 쓰는 막대 모양의 철재.
SC_V19116_B116_026,철길,명사,충돌,"4등급/동형0/침목 위에 철제의 궤도를 설치하고, 그 위로 차량을 운전하여 여객과 화물을 운송하는 시설."
SC_V19116_B116_029,철마,명사,충돌,"4등급/동형0/쇠로 만든 말이라는 뜻으로, ‘기차01’를 비유적으로 이르는 말."
SC_V19116_B116_036,철칙,명사,충돌,4등급/동형0/바꾸거나 어길 수 없는 중요한 법칙.
SC_V19116_B116_045,첫소리,명사,충돌,4등급/동형0/음절의 구성에서 처음 소리인 자음. ‘님’에서 ‘ㄴ’ 따위이다.
SC_V19116_B116_047,첫인사,명사,충돌,"4등급/동형0/사람을 처음 만났을 때, 또는 편지 따위에서 처음으로 하는 인사."
SC_V19116_B116_050,청국장찌개,명사,충돌,"4등급/동형0/청국장과 채소, 쇠고기, 두부, 북어 따위를 넣고 양념을 해서 만든 찌개."
SC_V19117_B117_007,청소년기,명사,충돌,3등급/동형0/아동이 신체적ㆍ정신적ㆍ사회적으로 성인이 되어 가는 도중의 시기. 주변적 위치에 따른 갈등과 방황으로 정체성의
SC_V19117_B117_008,청소되다,동사,충돌,4등급/동형0/더럽거나 어지러운 것이 쓸리고 닦여서 깨끗하게 되다.
SC_V19117_B117_010,청양고추,명사,충돌,"4등급/동형0/우리나라에서 개발된, 매운맛이 강한 고추."
SC_V19117_B117_011,청운교,명사,충돌,"4등급/동형0/경주 불국사의 남동쪽에 있는 돌계단 다리의 하나. 자하문으로 이르는 계단으로, 아랫단인 백운교와 함께 우리나"
SC_V19117_B117_012,청중,명사,충돌,"4등급/동형0/강연이나 설교, 음악 따위를 듣기 위하여 모인 사람들."
SC_V19117_B117_018,체크아웃,명사,충돌,4등급/동형0/호텔 따위에서 묵었던 날들의 숙박료를 계산하고 떠남.
SC_V19117_B117_024,초벌,명사,충돌,4등급/동형0/같은 일을 여러 차례 거듭하여야 할 때에 맨 처음 대강 하여 낸 차례.
SC_V19117_B117_025,초벌구이,명사,충돌,4등급/동형0/잿물을 바르지 않고 낮은 온도의 열로 굽는 일. 또는 그렇게 구워 낸 도자기.
SC_V19117_B117_031,초시계,명사,충돌,"4등급/동형0/운동 경기나 학술 연구 따위에서, 시간을 정확히 재는 데에 쓰는 시계."
SC_V19117_B117_037,초췌하다,형용사,충돌,"4등급/동형0/병, 근심, 고생 따위로 얼굴이나 몸이 여위고 파리하다."
SC_V19117_B117_040,초현실,명사,충돌,4등급/동형0/어떠한 사실이나 상태가 실제로 존재하는 것을 넘어선 상태.
SC_V19117_B117_045,총각김치,명사,충돌,4등급/동형0/굵기가 손가락만 한 또는 그보다 조금 큰 어린 무를 무청째로 여러 가지 양념을 하여 버무려 담근 김치.
SC_V19117_B117_046,총각무,명사,충돌,"4등급/동형0/무청째로 김치를 담그는, 뿌리가 잔 무."
SC_V19118_B118_001,총동원하다,동사,충돌,"4등급/동형0/사람, 물자 따위의 모든 역량을 집중시키다."
SC_V19118_B118_011,총연습,명사,충돌,"4등급/동형0/음악ㆍ연극ㆍ운동 따위에서, 끝마무리를 위하여 전원이 모여서 하는 연습. 각 부분에서 연습하던 것을 정식으로 "
SC_V19118_B118_013,총점,명사,일치,4등급/동형0/얻은 점수 전체를 합한 것.
SC_V19118_B118_017,최강자,명사,충돌,4등급/동형0/어떤 분야에서 가장 힘이 세거나 실력이 뛰어난 사람이나 집단.
SC_V19118_B118_025,추대되다,동사,충돌,4등급/동형0/윗사람으로 떠받들어지다.
SC_V19118_B118_026,추리다,동사,충돌,4등급/동형0/섞여 있는 것에서 여럿을 뽑아내거나 골라내다.
SC_V19118_B118_027,추석빔,명사,충돌,4등급/동형0/추석날에 입거나 신는 새 옷이나 새 신발 따위를 이르는 말.
SC_V19118_B118_031,추억하다,동사,일치,4등급/동형0/지나간 일을 돌이켜 생각하다.
SC_V19118_B118_032,추월하다,동사,충돌,4등급/동형0/뒤에서 따라잡아서 앞의 것보다 먼저 나아가다.
SC_V19118_B118_033,추이,명사,충돌,4등급/동형0/일이나 형편이 시간의 경과에 따라 변하여 나감. 또는 그런 경향.
SC_V19118_B118_034,추임새,명사,충돌,"4등급/동형0/판소리에서, 장단을 짚는 고수(鼓手)가 창(唱)의 사이사이에 흥을 돋우기 위하여 삽입하는 소리. ‘좋지’, "
SC_V19118_B118_043,축산,명사,충돌,4등급/동형0/가축을 길러 생활에 유용한 물질을 생산하는 일.
SC_V19118_B118_044,축산물,명사,충돌,4등급/동형0/축산업의 생산물. 가축의 가공품 및 공업의 원료까지도 포함한다.
SC_V19118_B118_049,축협,명사,충돌,4등급/동형0/‘축산업 협동조합’을 줄여 이르는 말.
SC_V19118_B118_050,춘향가,명사,충돌,"4등급/동형0/판소리 열두 마당의 하나. 고전 소설 <춘향전>을 바탕으로 한 판소리로, 현재까지 전해 내려오는 판소리 다섯"
SC_V19119_B119_001,출간되다,동사,충돌,4등급/동형0/서적이나 회화 따위가 인쇄되어 세상에 내놓아지다.
SC_V19119_B119_005,출발지,명사,일치,4등급/동형0/어디를 향하여 떠나는 곳.
SC_V19119_B119_006,출생률,명사,충돌,4등급/동형0/일정한 기간에 태어난 사람의 수가 전체 인구에 대하여 차지하는 비율.
SC_V19119_B119_011,출연진,명사,충돌,"4등급/동형0/연기, 공연, 연설 따위에 참여하는 사람들로 구성된 집단."
SC_V19119_B119_013,출토,명사,충돌,4등급/동형0/땅속에 묻혀 있던 물건이 밖으로 나옴. 또는 그것을 파냄.
SC_V19119_B119_014,출판되다,동사,충돌,4등급/동형0/서적이나 회화 따위가 인쇄되어 세상에 내놓아지다.
SC_V19119_B119_015,출판물,명사,충돌,4등급/동형0/팔거나 퍼뜨릴 목적으로 인쇄한 서적이나 회화 따위를 통틀어 이르는 말.
SC_V19119_B119_017,출품되다,동사,충돌,"4등급/동형0/전람회, 전시회, 품평회 따위에 작품이나 물품이 내어놓아지다."
SC_V19119_B119_018,출품하다,동사,충돌,"4등급/동형0/전람회, 전시회, 품평회 따위에 작품이나 물품을 내어놓다."
SC_V19119_B119_019,춤곡,명사,충돌,3등급/동형0/춤을 출 때에 맞추어 추도록 연주하는 악곡을 통틀어 이르는 말.
SC_V19119_B119_020,춤사위,명사,충돌,"4등급/동형0/민속무에서, 춤의 기본이 되는 낱낱의 일정한 동작."
SC_V19119_B119_024,충전기,명사,충돌,4등급/동형0/축전지의 충전에 쓰는 장치.
SC_V19119_B119_025,충직하다,형용사,충돌,4등급/동형0/충성스럽고 정직하다.
SC_V19119_B119_028,충효,명사,충돌,4등급/동형0/충성과 효도를 아울러 이르는 말.
SC_V19119_B119_029,취나물,명사,충돌,"4등급/동형0/어린 참취 또는 그 잎을 삶아 쇠고기, 파, 기름, 깨소금 따위의 양념을 쳐서 볶은 나물."
SC_V19119_B119_032,취업률,명사,충돌,4등급/동형0/취업하고자 하는 사람 중에 실제 취업한 사람의 비율.
SC_V19119_B119_034,취임,명사,충돌,4등급/동형0/새로운 직무를 수행하기 위하여 맡은 자리에 처음으로 나아감.
SC_V19119_B119_035,취임식,명사,충돌,4등급/동형0/취임할 때 관계자를 모아 놓고 행하는 의식.
SC_V19119_B119_036,취임하다,동사,충돌,4등급/동형0/새로운 직무를 수행하기 위하여 맡은 자리에 처음으로 나아가다.
SC_V19119_B119_037,취재진,명사,충돌,4등급/동형0/신문사나 잡지사 따위에서 기사의 재료를 찾거나 모으는 일을 맡은 사람들로 구성된 집단.
SC_V19119_B119_040,측우기,명사,충돌,4등급/동형0/조선 세종 23년(1441)에 만든 세계 최초의 우량계. 서울뿐만 아니라 각 지방에도 설치하여 강우량을 측정
SC_V19119_B119_041,측은하다,형용사,충돌,4등급/동형0/가엾고 불쌍하다.
SC_V19119_B119_042,층계,명사,충돌,4등급/동형0/걸어서 층 사이를 오르내릴 수 있도록 턱이 지게 만들어 놓은 설비.
SC_V19120_B120_010,친손자,명사,충돌,4등급/동형0/자기 아들의 아들.
SC_V19120_B120_018,친정아버지,명사,충돌,4등급/동형0/결혼한 여자의 아버지를 이르는 말.
SC_V19120_B120_019,친정어머니,명사,충돌,4등급/동형0/결혼한 여자의 어머니를 이르는 말.
SC_V19120_B120_024,친할아버지,명사,충돌,3등급/동형0/아버지의 아버지를 이르는 말.
SC_V19120_B120_027,친환경,명사,충돌,4등급/동형0/자연환경을 오염하지 않고 자연 그대로의 환경과 잘 어울리는 일.
SC_V19120_B120_028,친히,부사,충돌,4등급/동형0/직접 제 몸으로.
SC_V19120_B120_036,침범,명사,충돌,"3등급/동형0/남의 영토나 권리, 재산, 신분 따위를 침노하여 범하거나 해를 끼침."
SC_V19120_B120_045,칭호,명사,충돌,4등급/동형0/어떠한 뜻으로 일컫는 이름.
SC_V19120_B120_047,카레라이스,명사,충돌,"4등급/동형0/인도 요리의 하나. 고기와 감자, 양파 따위의 채소를 넣어 익힌 국물에 카레 가루와 밀가루를 섞어 되직하게 "
SC_V19120_B120_048,카스텔라,명사,충돌,"4등급/동형0/밀가루에 설탕, 달걀, 물엿 따위를 넣고 반죽하여 오븐에 구운 빵."
SC_V19120_B120_049,칸막이,명사,충돌,4등급/동형0/둘러싸인 공간의 사이를 가로질러 막음. 또는 그렇게 막은 물건.
SC_V19121_B121_004,캐스터,명사,충돌,4등급/동형0/텔레비전 보도 프로그램의 진행을 맡은 사람. 또는 해설자.
SC_V19121_B121_007,캠프파이어,명사,충돌,4등급/동형0/야영지에서 피우는 모닥불. 또는 그것을 둘러싸고 하는 간담회나 놀이.
SC_V19121_B121_008,커뮤니케이션,명사,충돌,"4등급/동형0/사람들끼리 서로 생각, 느낌 따위의 정보를 주고받는 일. 말이나 글, 그 밖의 소리, 표정, 몸짓 따위로 이"
SC_V19121_B121_009,커뮤니티,명사,충돌,"4등급/동형0/지연에 의하여 자연 발생적으로 이루어진 공동 사회. 주민은 공통의 사회 관념, 생활 양식, 전통, 공동체 의"
SC_V19121_B121_010,커트라인,명사,충돌,4등급/동형0/일정한 인원을 뽑는 시험에서 합격권에 든 마지막 점수.
SC_V19121_B121_012,컨설턴트,명사,충돌,4등급/동형0/기업 경영에 관한 전문적인 의견이나 조언을 말하여 주는 사람.
SC_V19121_B121_013,컨테이너,명사,충돌,"4등급/동형0/화물 수송에 주로 쓰는, 쇠로 만들어진 큰 상자. 짐 꾸리기가 편하고 운반이 쉬우며, 안에 들어 있는 화물을"
SC_V19121_B121_014,컬러텔레비전,명사,충돌,4등급/동형0/화면이 찍힌 사물의 원래 색깔에 가까운 원색으로 나타나는 텔레비전 수상기. 또는 그런 방송 방식.
SC_V19121_B121_017,케첩,명사,충돌,"3등급/동형0/과일, 채소 따위를 끓여서 걸러 낸 것에 설탕, 소금, 향신료, 식초 따위를 섞어서 걸쭉하게 만든 소스."
SC_V19121_B121_018,켄트지,명사,충돌,4등급/동형0/그림이나 제도 따위에 쓰는 빳빳한 흰 종이. 영국의 켄트주에서 처음으로 생산된 데서 그 이름이 유래하였다.
SC_V19121_B121_019,코디네이터,명사,충돌,"4등급/동형0/의상, 화장, 액세서리, 구두 따위를 전체적으로 조화롭게 갖추어 꾸미는 일을 전문적으로 하는 사람."
SC_V19121_B121_022,코바늘,명사,충돌,4등급/동형0/한쪽 또는 양쪽 끝이 갈고리처럼 되어 있어 실을 걸 수 있도록 만든 뜨개바늘.
SC_V19121_B121_024,코팅,명사,충돌,"3등급/동형0/물체의 겉면을 수지 따위의 엷은 막으로 입히는 일. 렌즈 겉면에 반사 방지막을 만들거나, 피륙에 방수 또는 "
SC_V19121_B121_025,콘트라베이스,명사,충돌,"4등급/동형0/바이올린류(類)의 현악기 가운데 가장 크면서, 가장 낮은 음역의 악기. 보통 4~5현(絃)으로 음색이 중후하"
SC_V19121_B121_027,콤바인,명사,충돌,4등급/동형0/곡식을 베는 일과 탈곡하는 일을 한꺼번에 하는 농업 기계.
SC_V19121_B121_030,콧물감기,명사,충돌,4등급/동형0/코가 메고 콧물이 나오는 가벼운 증상의 감기.
SC_V19121_B121_034,콧속,명사,충돌,"4등급/동형0/콧구멍에서 목젖 윗부분에 이르는 빈 곳. 냄새를 맡고, 공기 속의 이물을 제거하며, 들이마시는 공기를 따뜻하"
SC_V19121_B121_038,콩국수,명사,충돌,4등급/동형0/콩국에 말아서 만든 국수. 주로 여름에 얼음을 띄워서 먹는다.
SC_V19121_B121_039,콩기름,명사,충돌,4등급/동형0/콩에서 짜낸 기름. 리놀산이 많이 들어 있어서 정제하여 식용한다.
SC_V19121_B121_041,콩깻묵,명사,충돌,4등급/동형0/콩에서 기름을 짜내고 남은 찌꺼기. 가축의 사료나 비료 따위로 쓴다.
SC_V19121_B121_047,콸콸,부사,충돌,4등급/동형0/많은 양의 액체가 급히 쏟아져 흐르는 소리. ‘꽐꽐’보다 거센 느낌을 준다.
SC_V19122_B122_003,퀴퀴하다,형용사,충돌,4등급/동형0/상하고 찌들어 비위에 거슬릴 정도로 냄새가 구리다.
SC_V19122_B122_004,큐레이터,명사,충돌,"4등급/동형0/박물관이나 미술관에서 재정 확보, 유물 관리, 자료 전시, 홍보 활동 따위를 하는 사람."
SC_V19122_B122_010,큰곰자리,명사,충돌,"4등급/동형0/북두칠성을 중심으로 북극에 가까이 있는 별자리. 북극성 주위에서 가장 크고 밝게 빛나는 별자리로, 5월 초순"
SC_V19122_B122_020,클리닝,명사,충돌,4등급/동형0/서양식의 세탁. 주로 드라이클리닝을 가리키는 말로 쓴다.
SC_V19122_B122_021,클릭,명사,충돌,4등급/동형0/마우스의 단추를 누름. 또는 그런 행위.
SC_V19122_B122_022,클릭하다,동사,충돌,4등급/동형0/마우스의 단추를 누르다.
SC_V19122_B122_023,킁킁,부사,충돌,4등급/동형0/콧구멍으로 숨을 세차게 띄엄띄엄 내쉬는 소리.
SC_V19122_B122_026,키득거리다,동사,충돌,4등급/동형0/‘키드득거리다’의 준말.
SC_V19122_B122_027,킥킥,부사,충돌,4등급/동형0/나오려는 웃음을 참을 수 없어 잇따라 터뜨리는 웃음소리.
SC_V19122_B122_028,킬킬거리다,동사,충돌,4등급/동형0/웃음을 억지로 참으면서 입속으로 웃는 소리를 자꾸 내다. ‘낄낄거리다’보다 거센 느낌을 준다.
SC_V19122_B122_030,타다닥,부사,충돌,4등급/동형0/구르는 바퀴의 살 따위에 무엇인가가 닿는 소리. ‘다다닥’보다 거센 느낌을 준다.
SC_V19122_B122_033,타원형,명사,일치,3등급/동형0/길쭉하게 둥근 타원으로 된 평면 도형. 또는 그런 모양.
SC_V19122_B122_034,타월,명사,충돌,4등급/동형0/무명실이 보풀보풀하게 나오도록 짠 천. 또는 그것으로 만든 수건.
SC_V19122_B122_038,타자기,명사,충돌,4등급/동형0/손가락으로 글자판의 키를 눌러 종이에 글자를 찍는 기계.
SC_V19122_B122_039,타파하다,동사,충돌,"4등급/동형0/부정적인 규정, 관습, 제도 따위를 깨뜨려 버리다."
SC_V19122_B122_043,탁구공,명사,충돌,4등급/동형0/탁구 경기에 쓰는 공.
SC_V19122_B122_044,탁구대,명사,충돌,"4등급/동형0/탁구 경기에 쓰는 직사각형의 탁자. 길이는 274cm, 너비는 152.5cm, 높이는 76cm이다."
SC_V19122_B122_046,탄산수,명사,충돌,"4등급/동형0/이산화 탄소의 포화 수용액. 청량음료수나 의약품, 실험 따위에 쓴다."
SC_V19123_B123_002,탈놀이,명사,충돌,"4등급/동형0/탈을 쓰고 하는 놀음놀이. 꼭두각시놀음, 산대놀음 따위가 있다."
SC_V19123_B123_008,탈퇴,명사,충돌,4등급/동형0/관계하고 있던 조직이나 단체 따위에서 관계를 끊고 물러남.
SC_V19123_B123_009,탈퇴하다,동사,충돌,4등급/동형0/관계하고 있던 조직이나 단체 따위에서 관계를 끊고 물러나다.
SC_V19123_B123_014,탐사선,명사,충돌,4등급/동형0/우주 공간에서 지구나 다른 행성들을 탐사하기 위해 쏘아 올린 비행 물체.
SC_V19123_B123_015,탐사하다,동사,충돌,4등급/동형0/알려지지 않은 사물이나 사실 따위를 샅샅이 더듬어 조사하다.
SC_V19123_B123_016,탐스럽다,형용사,충돌,3등급/동형0/가지거나 차지하고 싶은 마음이 들 정도로 보기가 좋고 끌리는 데가 있다.
SC_V19123_B123_017,탐지기,명사,충돌,4등급/동형0/어떤 사물의 소재나 진부(眞否)를 알아내는 데 쓰는 기계를 통틀어 이르는 말.
SC_V19123_B123_018,탐지하다,동사,충돌,4등급/동형0/숨겨지거나 드러나지 않은 사물이나 사실 따위를 자세히 살펴 알아내다.
SC_V19123_B123_019,탐하다,동사,충돌,4등급/동형0/어떤 것을 가지거나 차지하고 싶어 지나치게 욕심을 내다.
SC_V19123_B123_021,탐험가,명사,충돌,4등급/동형0/위험을 무릅쓰고 어떤 곳을 찾아가서 살펴보고 조사하는 일을 전문으로 하는 사람.
SC_V19123_B123_022,탐험대,명사,충돌,4등급/동형0/위험을 무릅쓰고 어떤 곳을 찾아가 살피고 조사할 목적으로 조직된 무리.
SC_V19123_B123_028,태연하다,형용사,충돌,4등급/동형0/마땅히 머뭇거리거나 두려워할 상황에서 태도나 기색이 아무렇지도 않은 듯이 예사롭다.
SC_V19123_B123_029,태연히,부사,충돌,4등급/동형0/마땅히 머뭇거리거나 두려워할 상황에서 태도나 기색이 아무렇지도 않은 듯이 예사롭게.
SC_V19123_B123_030,태엽,명사,충돌,4등급/동형0/얇고 긴 강철 띠를 돌돌 말아 그 풀리는 힘으로 시계 따위를 움직이게 하는 장치.
SC_V19123_B123_033,탱자,명사,충돌,4등급/동형0/탱자나무의 열매. 향기가 좋으며 약용하기도 한다.
SC_V19123_B123_035,터무니없다,형용사,충돌,4등급/동형0/허황하여 전혀 근거가 없다.
SC_V19123_B123_036,터무니없이,부사,충돌,4등급/동형0/허황하여 전혀 근거가 없이.
SC_V19123_B123_038,털가죽,명사,충돌,4등급/동형0/털이 그대로 붙어 있는 짐승의 가죽.
SC_V19123_B123_039,털갈이,명사,충돌,4등급/동형0/짐승이나 새의 묵은 털이 빠지고 새 털이 남. 또는 그런 일.
SC_V19123_B123_043,털양말,명사,일치,4등급/동형0/털실로 짜거나 뜬 양말.
SC_V19123_B123_045,텃새,명사,충돌,"4등급/동형0/철을 따라 자리를 옮기지 아니하고 거의 한 지방에서만 사는 새. 참새, 까마귀, 꿩 따위가 있다."
SC_V19123_B123_047,테마,명사,충돌,3등급/동형0/창작이나 논의의 중심 과제나 주된 내용.
SC_V19123_B123_048,테마파크,명사,충돌,"4등급/동형0/특정한 주제를 정하여, 사람들이 즐길 수 있도록 만든 공간."
SC_V19123_B123_049,테스트하다,동사,충돌,"4등급/동형0/사람의 학력, 지능, 능력이나 제품의 성능 따위를 알아보기 위하여 검사하거나 시험하다."
SC_V19124_B124_001,토닥거리다,동사,충돌,4등급/동형0/잘 울리지 아니하는 물체를 가볍게 두드리는 소리를 잇따라 내다. ‘도닥거리다’보다 거센 느낌을 준다.
SC_V19124_B124_002,토닥이다,동사,충돌,4등급/동형0/잘 울리지 아니하는 물체를 가볍게 두드리는 소리를 내다. ‘도닥이다’보다 거센 느낌을 준다.
SC_V19124_B124_006,토박이,명사,충돌,4등급/동형0/대대로 그 땅에서 나서 오래도록 살아 내려오는 사람.
SC_V19124_B124_014,토종닭,명사,충돌,4등급/동형0/그 지방에서 예전부터 길러 오던 고유한 품종의 닭.
SC_V19124_B124_017,톱니바퀴,명사,충돌,4등급/동형0/둘레에 일정한 간격으로 톱니를 내어 만든 바퀴. 이가 서로 맞물려 돌아감으로써 동력을 전달한다.
SC_V19124_B124_020,통계청,명사,충돌,"4등급/동형0/중앙 행정 기관의 하나. 기획 재정부 소속으로, 통계의 기준 설정과 인구 조사 및 각종 통계에 관한 사무를 "
SC_V19124_B124_022,통근,명사,일치,4등급/동형0/집에서 직장에 근무하러 다님.
SC_V19124_B124_027,통솔력,명사,충돌,4등급/동형0/무리를 거느려 다스리는 능력.
SC_V19124_B124_028,통솔하다,동사,충돌,4등급/동형0/무리를 거느려 다스리다.
SC_V19124_B124_038,통학하다,동사,충돌,4등급/동형0/자기 집이나 유숙하는 집에서 학교까지 다니다.
SC_V19124_B124_043,툇마루,명사,충돌,4등급/동형0/툇간에 놓은 마루.
SC_V19124_B124_044,투고,명사,충돌,4등급/동형0/의뢰를 받지 아니한 사람이 신문이나 잡지 따위에 실어 달라고 원고를 써서 보냄. 또는 그 원고.
SC_V19124_B124_047,투두둑,부사,충돌,4등급/동형0/우박 따위가 바닥이나 나뭇잎 위에 세게 떨어지는 소리.
SC_V19125_B125_003,투피스,명사,충돌,"4등급/동형0/여성복에서, 주로 같은 천으로 하여 윗옷과 아래옷이 따로 되어 한 벌을 이룬 옷."
SC_V19125_B125_006,툴툴거리다,동사,충돌,4등급/동형0/마음에 차지 아니하여서 잇따라 몹시 투덜거리다.
SC_V19125_B125_010,트로트,명사,충돌,4등급/동형0/우리나라 대중가요의 하나. 정형화된 리듬에 일본 엔카(演歌)에서 들어온 음계를 사용하여 구성지고 애상적인 느
SC_V19125_B125_018,특성화,명사,충돌,4등급/동형0/특정 분야에서 뛰어난 상태가 됨. 또는 그렇게 되게 함.
SC_V19125_B125_019,특실,명사,충돌,"4등급/동형0/병원, 기차, 기선, 호텔 따위에 마련한 가장 좋은 방."
SC_V19125_B125_023,특허품,명사,충돌,4등급/동형0/특허권을 얻은 발명품이나 상품.
SC_V19125_B125_024,특화,명사,충돌,4등급/동형0/한 나라의 산업 구조나 수출 구성에서 특정 산업이나 상품이 상대적으로 큰 비중을 차지함. 또는 그런 상태.
SC_V19125_B125_028,티격태격,부사,충돌,4등급/동형0/서로 뜻이 맞지 아니하여 이러니저러니 시비를 따지며 가리는 모양.
SC_V19125_B125_031,팀원,명사,일치,4등급/동형0/같은 일에 종사하는 한 팀의 구성원.
SC_V19125_B125_033,파급력,명사,충돌,4등급/동형0/어떤 일의 여파나 영향이 차차 다른 데로 미치는 힘.
SC_V19125_B125_034,파도타기,명사,충돌,4등급/동형0/파도를 이용하여 타원형의 널빤지를 타고 파도 속을 교묘히 빠져나가며 즐기는 놀이.
SC_V19125_B125_035,파란만장하다,형용사,충돌,4등급/동형0/사람의 생활이나 일의 진행이 여러 가지 곡절과 시련이 많고 변화가 심하다.
SC_V19125_B125_036,파래,명사,충돌,4등급/동형0/식용할 수 있는 참홑파래 따위를 일상적으로 이르는 말.
SC_V19125_B125_039,파마하다,동사,충돌,4등급/동형0/머리를 전열기나 화학 약품을 이용하여 구불구불하게 하거나 곧게 펴 그런 모양으로 오랫동안 지속되도록 만들다.
SC_V19125_B125_045,파손하다,동사,충돌,4등급/동형0/깨어져 못 쓰게 되다. 또는 깨뜨려 못 쓰게 하다.
SC_V19125_B125_046,파워,명사,충돌,4등급/동형0/남을 복종시키거나 지배할 수 있는 공인된 권리와 힘.
SC_V19125_B125_047,판결문,명사,충돌,"4등급/동형0/법원이 판결을 내린 사실, 이유 및 판결 주문 따위를 적은 문서."
SC_V19126_B126_002,판매자,명사,충돌,4등급/동형0/상품 따위를 파는 사람. 또는 그 기관.
SC_V19126_B126_003,판매장,명사,충돌,"4등급/동형0/상품 따위의 판매에 관한 일을 기록하는 장부. 날짜, 상품명, 수량, 가격 따위를 알아보기 쉽도록 차례대로 "
SC_V19126_B126_008,판타지,명사,충돌,4등급/동형0/형식의 제약을 받지 아니하고 악상의 자유로운 전개에 의하여 작곡한 낭만적인 악곡.
SC_V19126_B126_009,판판하다,형용사,충돌,4등급/동형0/물건의 표면이 높낮이가 없이 평평하고 너르다.
SC_V19126_B126_011,팔레트,명사,충돌,"4등급/동형0/수채화나 유화를 그릴 때에, 그림물감을 짜내어 섞기 위한 판."
SC_V19126_B126_012,팔뼈,명사,충돌,4등급/동형0/팔과 손을 이루는 뼈를 통틀어 이르는 말.
SC_V19126_B126_013,팔씨름,명사,충돌,4등급/동형0/팔심을 겨루는 내기. 두 사람이 각기 팔꿈치를 바닥에 대고 손을 마주잡아 힘껏 버티어 상대편 손등이 먼저 바
SC_V19126_B126_015,팝송,명사,충돌,4등급/동형0/구미에서 유행하는 대중가요.
SC_V19126_B126_016,팥고물,명사,충돌,4등급/동형0/팥을 삶아 으깨어 만든 가루. 떡에 묻히거나 켜켜로 뿌리는 떡고물로 쓴다.
SC_V19126_B126_017,팥떡,명사,충돌,"4등급/동형0/팥고물을 묻힌 떡. 시루에 떡을 안칠 때, 켜마다 팥고물을 뿌려서 찐다."
SC_V19126_B126_020,패션쇼,명사,충돌,4등급/동형0/모델들이 새로운 양식이나 최신 유행의 여러 가지 옷을 입고 나와 관객에게 선보이는 일.
SC_V19126_B126_021,팽글팽글,부사,충돌,4등급/동형0/작은 것이 잇따라 매끄럽게 도는 모양. ‘뱅글뱅글02’보다 거센 느낌을 준다.
SC_V19126_B126_022,팽이채,명사,충돌,"4등급/동형0/팽이를 돌리는 채. 가는 나무 끝에 끈을 매달아 만들며, 끈의 끝부분으로 팽이의 몸통을 쳐서 돌린다."
SC_V19126_B126_026,펄프,명사,충돌,4등급/동형0/기계적ㆍ화학적 처리에 의하여 식물체의 섬유를 추출한 것. 섬유나 종이 따위의 원료로 쓴다.
SC_V19126_B126_027,페르시아,명사,충돌,"4등급/동형0/기원전 559년에 키루스 이세가 현재의 이란 땅에 세운 나라. 다리우스 일세 때 전성기를 이루었으나, 마케도"
SC_V19126_B126_040,편찬,명사,충돌,4등급/동형0/여러 가지 자료를 모아 체계적으로 정리하여 책을 만듦.
SC_V19126_B126_041,편찬하다,동사,충돌,4등급/동형0/여러 가지 자료를 모아 체계적으로 정리하여 책을 만들다.
SC_V19126_B126_043,평론,명사,충돌,"4등급/동형0/사물의 가치, 우열, 선악 따위를 평가하여 논함. 또는 그런 글."
SC_V19126_B126_044,평사원,명사,충돌,4등급/동형0/지위가 높지 않고 특수한 직무나 직책을 맡고 있지 않은 보통의 사원.
SC_V19126_B126_049,평영,명사,충돌,"4등급/동형0/개구리처럼 물과 수평을 이루며, 두 발과 양팔을 오므렸다가 펴는 수영법."
SC_V19127_B127_003,평화스럽다,형용사,충돌,4등급/동형0/평온하고 화목한 데가 있다.
SC_V19127_B127_004,폐광,명사,충돌,4등급/동형0/광산에서 광물을 캐내는 일을 중지함. 또는 그 광산.
SC_V19127_B127_006,폐막식,명사,충돌,4등급/동형0/일정 기간 동안 행사를 치르고 난 뒤 그것을 끝맺기 위하여 맨 마지막으로 하는 행사.
SC_V19127_B127_008,폐해,명사,충돌,4등급/동형0/폐단으로 생기는 해.
SC_V19127_B127_010,폐회,명사,충돌,"4등급/동형0/집회나 회의가 끝남. 또는 의회, 전람회, 박람회 따위를 마침."
SC_V19127_B127_015,포스터컬러,명사,충돌,4등급/동형0/포스터를 그리는 데에 쓰는 물감.
SC_V19127_B127_017,포용력,명사,충돌,4등급/동형0/남을 너그럽게 감싸 주거나 받아들이는 힘.
SC_V19127_B127_021,포유동물,명사,충돌,4등급/동형0/포유강의 동물을 일상적으로 통틀어 이르는 말.
SC_V19127_B127_022,포환던지기,명사,충돌,"4등급/동형0/지름 2.135미터의 원 안에서 포환을 던져서, 멀리 나간 거리로써 승부를 겨루는 육상의 필드 경기."
SC_V19127_B127_040,폴카,명사,충돌,4등급/동형0/19세기 초에 보헤미아 지방에서 일어나 전 유럽에 퍼진 4분의2 박자의 경쾌한 춤곡. 또는 그런 춤.
SC_V19127_B127_042,표본실,명사,충돌,4등급/동형0/생물의 표본을 보호하거나 진열하여 놓는 방.
SC_V19127_B127_044,표절,명사,충돌,"4등급/동형0/시나 글, 노래 따위를 지을 때에 남의 작품의 일부를 몰래 따다 씀."
SC_V19127_B127_045,표주박,명사,충돌,4등급/동형0/조롱박이나 둥근 박을 반으로 쪼개어 만든 작은 바가지.
SC_V19127_B127_049,표현력,명사,충돌,4등급/동형0/생각이나 느낌 따위를 언어나 몸짓 따위의 형상으로 드러내어 나타내는 능력.
SC_V19128_B128_002,푸드,의존 명사,충돌,4등급/동형0/러시아에서 쓰는 무게의 단위. 1푸드는 약 16.38kg에 해당한다.
SC_V19128_B128_003,푸르뎅뎅하다,형용사,충돌,4등급/동형0/고르지 않게 푸르스름하다.
SC_V19128_B128_006,푸성귀,명사,충돌,4등급/동형0/사람이 가꾼 채소나 저절로 난 나물 따위를 통틀어 이르는 말.
SC_V19128_B128_008,푸푸,부사,충돌,4등급/동형0/다물었던 입술을 내밀고 조금 벌리며 잇따라 입김을 내뿜는 소리. 또는 그 모양.
SC_V19128_B128_010,풀무,명사,충돌,4등급/동형0/불을 피울 때에 바람을 일으키는 기구. 골풀무와 손풀무 두 가지가 있다.
SC_V19128_B128_018,품값,명사,충돌,"4등급/동형0/품을 판 대가로 받거나, 품을 산 대가로 주는 돈이나 물건."
SC_V19128_B128_019,품삯,명사,충돌,"4등급/동형0/품을 판 대가로 받거나, 품을 산 대가로 주는 돈이나 물건."
SC_V19128_B128_020,품앗이,명사,충돌,4등급/동형0/힘든 일을 서로 거들어 주면서 품을 지고 갚고 하는 일.
SC_V19128_B128_021,품앗이하다,동사,충돌,4등급/동형0/힘든 일을 서로 거들어 주면서 품을 지고 갚고 하다.
SC_V19128_B128_022,품행,명사,충돌,4등급/동형0/품성과 행실을 아울러 이르는 말.
SC_V19128_B128_025,풍경화,명사,충돌,4등급/동형0/자연의 경치를 그린 그림.
SC_V19128_B128_026,풍덩,부사,일치,3등급/동형0/크고 무거운 물건이 깊은 물에 떨어지거나 빠질 때 무겁게 한 번 나는 소리.
SC_V19128_B128_027,풍덩풍덩,부사,충돌,4등급/동형0/크고 무거운 물건이 깊은 물에 잇따라 떨어지거나 빠질 때 무겁게 나는 소리.
SC_V19128_B128_029,풍속화,명사,충돌,4등급/동형0/그 시대의 세정과 풍습을 그린 그림.
SC_V19128_B128_031,풍요하다,형용사,일치,4등급/동형0/흠뻑 많아서 넉넉함이 있다.
SC_V19128_B128_032,풍작,명사,충돌,4등급/동형0/농작물의 수확이 평년작을 훨씬 웃도는 일. 또는 그렇게 지은 농사.
SC_V19128_B128_033,풍채,명사,충돌,4등급/동형0/드러나 보이는 사람의 겉모양.
SC_V19128_B128_034,풍향계,명사,충돌,4등급/동형0/바람이 부는 방향을 관측하는 계기. 보통 수직의 축에 회전이 자유로운 화살 깃을 직각으로 단 것을 사용한다.
SC_V19128_B128_036,프레젠테이션,명사,충돌,4등급/동형0/광고 대리업자가 예상 광고주를 대상으로 광고 계획서 따위를 제출하는 활동.
SC_V19128_B128_037,프로듀서,명사,충돌,"4등급/동형0/연극, 영화, 방송 따위에서 제작의 모든 관리를 책임지는 사람."
SC_V19128_B128_039,프리즘,명사,충돌,"4등급/동형0/광선을 굴절ㆍ분산시킬 때 쓰는, 유리나 수정 따위로 된 다면체의 광학 부품. 용도에 따라 분산 프리즘, 편각"
SC_V19128_B128_040,플라스크,명사,충돌,"4등급/동형0/목이 길고 몸은 둥글게 만든 화학 실험용 유리병. 둥근바닥 플라스크, 넓적바닥 플라스크, 삼각 플라스크 따위"
SC_V19128_B128_041,피고인,명사,충돌,"4등급/동형0/형사 소송에서, 검사에 의하여 형사 책임을 져야 할 자로 공소 제기를 받은 사람."
SC_V19129_B129_004,피스,명사,충돌,"4등급/동형0/음악의 곡조를 일정한 기호를 써서 기록한 것. 표음(表音) 보표식과 주법(奏法) 보표식이 있는데, 주로 오선"
SC_V19129_B129_009,피클,명사,충돌,"3등급/동형0/오이, 양배추 따위의 채소나 과일 따위를 식초ㆍ설탕ㆍ소금ㆍ향신료를 섞어 만든 액체에 담가 절여서 만든 음식."
SC_V19129_B129_013,필기도구,명사,충돌,"4등급/동형0/필기하는 데에 쓰는 여러 종류의 물건. 종이, 먹, 붓, 볼펜이나 연필 따위를 이른다."
SC_V19129_B129_015,필라멘트,명사,충돌,4등급/동형0/백열전구나 진공관의 내부에서 전류를 통하여 열전자를 방출하는 실처럼 가는 금속 선.
SC_V19129_B129_023,하권,명사,충돌,4등급/동형0/두 권이나 세 권으로 된 책의 맨 끝 권.
SC_V19129_B129_024,하급,명사,충돌,4등급/동형0/보다 낮은 등급이나 계급.
SC_V19129_B129_026,하기는,부사,충돌,"4등급/동형0/‘실상 말하자면’의 뜻으로, 이미 된 일을 긍정할 때에 쓰는 접속 부사."
SC_V19129_B129_027,하기야,부사,충돌,"3등급/동형0/‘실상 적당히 말하자면’의 뜻으로, 이미 있었던 일을 긍정하며 아래에 어떤 조건을 붙일 때에 쓰는 접속 부사"
SC_V19129_B129_030,하늬바람,명사,충돌,4등급/동형0/서쪽에서 부는 바람. 주로 농촌이나 어촌에서 이르는 말이다.
SC_V19129_B129_037,하물며,부사,충돌,4등급/동형0/그도 그러한데 더욱이. 앞의 사실이 그러하다면 뒤의 사실은 말할 것도 없다는 뜻의 접속 부사.
SC_V19129_B129_038,하반기,명사,충돌,4등급/동형0/한 해나 어떤 일정한 기간을 둘로 나누었을 때 나중 되는 기간.
SC_V19129_B129_039,하소연,명사,충돌,"4등급/동형0/억울한 일이나 잘못된 일, 딱한 사정 따위를 말함."
SC_V19129_B129_040,하소연하다,동사,충돌,"4등급/동형0/억울한 일이나 잘못된 일, 딱한 사정 따위를 말하다."
SC_V19129_B129_041,하수관,명사,충돌,4등급/동형0/수채에 버린 물이 흘러가도록 땅속에 묻은 통. 흔히 철관이나 토관을 쓴다.
SC_V19129_B129_045,하이킹,명사,충돌,4등급/동형0/심신의 단련이나 관광 따위를 목적으로 걸어서 여행하는 일.
SC_V19129_B129_047,하품하다,동사,충돌,"4등급/동형0/졸리거나 고단하거나 배부르거나 할 때, 절로 입이 벌어지면서 깊은 호흡을 하다."
SC_V19129_B129_048,하현달,명사,충돌,4등급/동형0/음력 매달 22~23일경 자정에 동쪽 하늘에서 떠서 새벽에 남쪽 하늘로 지는 달.
SC_V19129_B129_049,학년도,명사,충돌,4등급/동형0/한 학년의 과정을 배우는 기간. 우리나라에서는 보통 3월 초부터 이듬해 2월 말까지를 한 학년도로 한다.
SC_V19130_B130_009,학수고대하다,동사,충돌,4등급/동형0/학의 목처럼 목을 길게 빼고 간절히 기다리다.
SC_V19130_B130_012,학위,명사,충돌,"4등급/동형0/어떤 부문의 학문을 전문적으로 익히고 공부하여 일정한 수준에 오른 사람에게 대학에서 주는 자격. 학사, 석사"
SC_V19130_B130_016,한가지,명사,일치,"3등급/동형0/형태, 성질, 동작 따위가 서로 같은 것."
SC_V19130_B130_017,한갓,부사,충돌,4등급/동형0/다른 것 없이 겨우.
SC_V19130_B130_018,한국학,명사,충돌,"4등급/동형0/한국에 관련된 각 분야를 연구하는 학문. 한국의 역사, 지리, 정치, 경제, 사회, 문화 따위를 다룬다."
SC_V19130_B130_019,한국화,명사,충돌,4등급/동형0/우리나라 사람이 독특한 화법으로 그린 수묵화와 채색화 따위를 통틀어 이르는 말.
SC_V19130_B130_022,한낱,부사,충돌,4등급/동형0/기껏해야 대단한 것 없이 다만.
SC_V19130_B130_024,한들한들,부사,충돌,4등급/동형0/가볍게 자꾸 이리저리 흔들리거나 흔들리게 하는 모양.
SC_V19130_B130_026,한솥밥,명사,충돌,4등급/동형0/같은 솥에서 푼 밥.
SC_V19130_B130_039,한탄하다,동사,충돌,4등급/동형0/원통하거나 뉘우치는 일이 있을 때 한숨을 쉬며 탄식하다.
SC_V19130_B130_041,한파,명사,충돌,4등급/동형0/겨울철에 기온이 갑자기 내려가는 현상. 한랭 기단이 위도가 낮은 지방으로 이동하면서 생긴다.
SC_V19130_B130_042,할애하다,동사,충돌,"4등급/동형0/소중한 시간, 돈, 공간 따위를 아깝게 여기지 아니하고 선뜻 내어주다."
SC_V19130_B130_043,할인율,명사,충돌,4등급/동형0/어음을 할인할 때 빼는 이율.
SC_V19131_B131_002,합격증,명사,충돌,"4등급/동형0/시험, 검사, 심사 따위에서 합격하였음을 증명하는 문서."
SC_V19131_B131_008,합주하다,동사,충돌,4등급/동형0/두 가지 이상의 악기로 동시에 연주하다.
SC_V19131_B131_009,합창곡,명사,충돌,4등급/동형0/합창하도록 작곡한 곡.
SC_V19131_B131_013,항공로,명사,충돌,4등급/동형0/일정하게 운항하는 항공기의 지정된 공중 통로.
SC_V19131_B131_020,해발,명사,충돌,4등급/동형0/해수면으로부터 계산하여 잰 육지나 산의 높이.
SC_V19131_B131_025,해시계,명사,충돌,4등급/동형0/태양의 일주 운동 때문에 생기는 수직 물체의 그림자 길이와 위치의 변화를 이용하여 시간을 재는 시계.
SC_V19131_B131_032,해지다,동사,충돌,4등급/동형0/‘해어지다’의 준말.
SC_V19131_B131_033,해초류,명사,충돌,4등급/동형0/바닷속에 자라는 식물의 종류.
SC_V19131_B131_036,해협,명사,충돌,4등급/동형0/육지 사이에 끼어 있는 좁고 긴 바다. 양쪽이 넓은 바다로 통한다.
SC_V19131_B131_038,핸드볼,명사,충돌,4등급/동형0/손만 사용하여 공을 상대편 골에 많이 던져 넣는 것으로 승부를 겨루는 경기. 7인제와 11인제가 있다.
SC_V19132_B132_003,행차,명사,충돌,4등급/동형0/웃어른이 차리고 나서서 길을 감. 또는 그때 이루는 대열.
SC_V19132_B132_004,행차하다,동사,충돌,4등급/동형0/웃어른이 차리고 나서서 길을 가다.
SC_V19132_B132_005,행태,명사,충돌,4등급/동형0/행동하는 양상. 주로 부정적인 의미로 쓴다.
SC_V19132_B132_008,향신료,명사,충돌,"4등급/동형0/음식에 맵거나 향기로운 맛을 더하는 조미료. 고추, 후추, 파, 마늘, 생강, 겨자, 깨 따위가 있다."
SC_V19132_B132_009,향유하다,동사,일치,4등급/동형0/누리어 가지다.
SC_V19132_B132_011,허둥거리다,동사,충돌,4등급/동형0/어찌할 줄을 몰라 갈팡질팡하며 다급하게 서두르다.
SC_V19132_B132_016,허리춤,명사,충돌,4등급/동형0/바지나 치마처럼 허리가 있는 옷의 허리 안쪽. 곧 그 옷과 속옷 또는 그 옷과 살의 사이.
SC_V19132_B132_017,허리케인,명사,충돌,"4등급/동형0/대서양 서부의 카리브해, 멕시코만과 북태평양 동부에서 발생하는 강한 열대성 저기압. 많은 비를 동반한다."
SC_V19132_B132_018,허벅다리,명사,일치,4등급/동형0/넓적다리의 위쪽 부분.
SC_V19132_B132_022,허우대,명사,충돌,4등급/동형0/겉으로 드러난 체격. 주로 크거나 보기 좋은 체격을 이른다.
SC_V19132_B132_023,허파,명사,충돌,"3등급/동형0/가슴안의 양쪽에 있는, 원뿔을 반 자른 것과 비슷한 모양의 호흡을 하는 기관."
SC_V19132_B132_024,허풍,명사,충돌,4등급/동형0/실제보다 지나치게 과장하여 믿음성이 없는 말이나 행동.
SC_V19132_B132_026,허황되다,형용사,일치,4등급/동형0/헛되고 황당하며 미덥지 못하다.
SC_V19132_B132_030,헌신하다,동사,충돌,4등급/동형0/몸과 마음을 바쳐 있는 힘을 다하다.
SC_V19132_B132_033,헐값,명사,일치,3등급/동형0/그 물건의 원래 가격보다 훨씬 싼 값.
SC_V19132_B132_039,헛간,명사,충돌,4등급/동형0/막 쓰는 물건을 쌓아 두는 광. 흔히 문짝이 없이 한 면이 터져 있다.
SC_V19132_B132_040,헛걸음,명사,충돌,4등급/동형0/목적을 이루지 못하고 헛수고만 하고 가거나 옴. 또는 그런 걸음.
SC_V19132_B132_041,헛걸음하다,동사,충돌,4등급/동형0/목적을 이루지 못하고 헛수고만 하고 가거나 오다.
SC_V19132_B132_042,헛기침,명사,충돌,4등급/동형0/인기척을 내거나 목청을 가다듬거나 하기 위하여 일부러 기침함. 또는 그렇게 하는 기침.
SC_V19132_B132_043,헛되이,부사,충돌,4등급/동형0/아무 보람이나 실속이 없이.
SC_V19132_B132_050,헤어스타일,명사,충돌,4등급/동형0/머리카락의 모양을 낸 형(型).
SC_V19133_B133_004,헬스장,명사,충돌,4등급/동형0/건강이나 미용을 증진하기 위한 운동‧휴식 시설을 갖춘 체육관.
SC_V19133_B133_005,혀뿌리,명사,충돌,4등급/동형0/혀의 뿌리 부분.
SC_V19133_B133_006,혁신,명사,충돌,"4등급/동형0/묵은 풍속, 관습, 조직, 방법 따위를 완전히 바꾸어서 새롭게 함."
SC_V19133_B133_008,현대식,명사,충돌,4등급/동형0/현대에 알맞은 형식이나 방식.
SC_V19133_B133_009,현악,명사,충돌,"4등급/동형0/바이올린, 첼로, 비올라 따위의 현악기로 연주하는 음악."
SC_V19133_B133_010,현악기,명사,충돌,"4등급/동형0/현을 켜거나 타서 소리를 내는 악기. 가야금, 거문고, 바이올린, 첼로, 비올라 따위이다."
SC_V19133_B133_013,현혹,명사,충돌,4등급/동형0/정신을 빼앗겨 하여야 할 바를 잊어버림. 또는 그렇게 되게 함.
SC_V19133_B133_017,혈연관계,명사,충돌,"4등급/동형0/부모와 자식, 형제를 기본으로 하는 관계. 흔히 양자(養子) 따위를 포함한다."
SC_V19133_B133_018,협동성,명사,충돌,4등급/동형0/서로 마음과 힘을 하나로 합하는 성질.
SC_V19133_B133_020,협의회,명사,충돌,4등급/동형0/여러 사람이 모여 서로 의논하기 위하여 여는 모임.
SC_V19133_B133_021,협주곡,명사,충돌,4등급/동형0/독주 악기와 관현악이 합주하면서 독주 악기의 기교를 충분히 발휘하도록 작곡한 소나타 형식의 악곡.
SC_V19133_B133_024,형용사,명사,충돌,4등급/동형0/사물의 성질이나 상태를 나타내는 품사. 활용할 수 있어 동사와 함께 용언에 속한다.
SC_V19133_B133_030,형평성,명사,충돌,4등급/동형0/형평을 이루는 성질.
SC_V19133_B133_037,호른,명사,충돌,"4등급/동형0/금관 악기의 하나. 활짝 핀 나팔꽃 모양이며, 음색은 부드럽고 애조(哀調)를 띤다."
SC_V19133_B133_038,호박고지,명사,충돌,4등급/동형0/애호박을 얇게 썰어 말린 반찬거리. 물에 불려 볶아서 나물로 무쳐 먹는다.
SC_V19133_B133_042,호사스럽다,형용사,충돌,4등급/동형0/호화롭게 사치하는 태도가 있다.
SC_V19133_B133_044,호주머니,명사,충돌,"3등급/동형0/옷의 일정한 곳에 헝겊을 달거나 옷의 한 부분에 헝겊을 덧대어 돈, 소지품 따위를 넣도록 만든 부분."
SC_V19133_B133_045,호호백발,명사,충돌,4등급/동형0/온통 하얗게 센 머리. 또는 그 머리를 한 늙은이.
SC_V19133_B133_047,호화스럽다,형용사,충돌,4등급/동형0/보기에 사치스럽고 화려한 데가 있다.
SC_V19134_B134_001,혼돈하다,형용사,충돌,4등급/동형0/마구 뒤섞여 있어 갈피를 잡을 수 없는 상태이다.
SC_V19134_B134_003,혼비백산,명사,충돌,"4등급/동형0/혼백이 어지러이 흩어진다는 뜻으로, 몹시 놀라 넋을 잃음을 이르는 말."
SC_V19134_B134_009,홀씨,명사,충돌,4등급/동형0/식물이 무성 생식을 하기 위하여 형성하는 생식 세포. 보통 단세포로 단독 발아를 하여 새 세대 또는 새 개체
SC_V19134_B134_015,홍길동,명사,충돌,4등급/동형0/허균의 소설 <홍길동전>의 주인공. 신출귀몰하는 재주를 가진 의적의 우두머리이다.
SC_V19134_B134_016,홍보물,명사,충돌,4등급/동형0/어떤 사실이나 제품 따위를 널리 알리기 위하여 만든 인쇄물 따위의 물건.
SC_V19134_B134_018,화기애애하다,형용사,충돌,4등급/동형0/온화하고 화목한 분위기가 넘쳐흐르다.
SC_V19134_B134_023,화문석,명사,충돌,4등급/동형0/꽃의 모양을 놓아 짠 돗자리. 강화도에서 만든 것이 유명하다.
SC_V19134_B134_024,화물,명사,충돌,3등급/동형0/운반할 수 있는 유형(有形)의 재화나 물품을 통틀어 이르는 말.
SC_V19134_B134_027,화산섬,명사,충돌,"4등급/동형0/섬 전체 또는 대부분이 해저 화산의 분출물이 쌓여서 이루어진 섬. 울릉도, 하와이 제도 따위가 있다."
SC_V19134_B134_028,화산재,명사,충돌,4등급/동형0/화산에서 분출된 용암의 부스러기 가운데 크기가 4mm보다 작은 알갱이.
SC_V19134_B134_030,화선지,명사,충돌,4등급/동형0/선지의 하나. 옥판선지보다 약간 크고 질이 낮다.
SC_V19134_B134_032,화장술,명사,충돌,4등급/동형0/화장품을 바르거나 문질러 얼굴을 곱게 꾸미는 기술.
SC_V19134_B134_033,화젯거리,명사,일치,4등급/동형0/이야깃거리가 될 만한 소재.
SC_V19134_B134_034,화질,명사,충돌,"4등급/동형0/텔레비전, 컴퓨터 따위의 화면이 구현하는 색상과 명도의 품질."
SC_V19134_B134_045,환경부,명사,충돌,4등급/동형0/중앙 행정 기관의 하나. 자연환경 및 생활 환경의 보전과 환경 오염 방지에 관한 사무를 맡아본다.
SC_V19134_B134_047,환풍기,명사,충돌,4등급/동형0/실내의 더러워진 공기를 바깥의 맑은 공기와 바꾸는 기구. 대개 프로펠러 모양의 팬이 달려 있다.
SC_V19134_B134_048,환호성,명사,충돌,4등급/동형0/기뻐서 크게 부르짖는 소리.
SC_V19135_B135_004,활엽수,명사,충돌,"4등급/동형0/잎이 넓은 나무의 종류. 떡갈나무, 뽕나무, 상수리나무, 오동나무 따위가 있다."
SC_V19135_B135_005,활용법,명사,충돌,4등급/동형0/도구나 물건 따위를 충분히 잘 이용하는 방법.
SC_V19135_B135_006,활주로,명사,충돌,4등급/동형0/비행장에서 비행기가 뜨거나 내릴 때에 달리는 길.
SC_V19135_B135_011,황색,명사,일치,4등급/동형0/익은 벼의 빛깔과 같이 다소 어둡고 탁한 색.
SC_V19135_B135_012,황송하다,형용사,충돌,4등급/동형0/분에 넘쳐 고맙고도 송구하다.
SC_V19135_B135_015,회견,명사,충돌,4등급/동형0/일정한 절차를 거쳐서 서로 만나 의견이나 견해 따위를 밝힘. 또는 그런 모임.
SC_V19135_B135_021,회오리,명사,충돌,3등급/동형0/바람이 한곳에서 뱅뱅 돌아 물이나 검불 따위가 몰려 깔때기 모양으로 하늘 높이 오르는 현상.
SC_V19135_B135_024,회의록,명사,충돌,"4등급/동형0/회의의 진행 과정이나 내용, 결과 따위를 적은 기록."
SC_V19135_B135_026,회장단,명사,충돌,4등급/동형0/회장이나 부회장으로 이루어진 모임.
SC_V19135_B135_028,회전수,명사,충돌,4등급/동형0/물체가 단위 시간 동안에 회전축의 둘레를 도는 횟수.
SC_V19135_B135_034,효과음,명사,충돌,4등급/동형0/장면의 실감을 더하기 위하여 넣는 소리.
SC_V19135_B135_042,후덥지근하다,형용사,충돌,3등급/동형0/열기가 차서 조금 답답할 정도로 더운 느낌이 있다.
SC_V19135_B135_046,후반전,명사,충돌,"4등급/동형0/축구ㆍ핸드볼 따위의 운동 경기에서, 경기 시간을 반씩 둘로 나눈 것의 뒤쪽 경기."
SC_V19135_B135_049,후원금,명사,충돌,"4등급/동형0/개인이나 단체의 활동, 사업 따위를 돕기 위한 기부금."
SC_V19135_B135_050,후원자,명사,충돌,4등급/동형0/뒤에서 도와주는 사람.
SC_V19136_B136_001,후원하다,동사,충돌,4등급/동형0/뒤에서 도와주다.
SC_V19136_B136_006,후텁지근하다,형용사,충돌,3등급/동형0/조금 불쾌할 정도로 끈끈하고 무더운 기운이 있다.
SC_V19136_B136_013,휘둘러보다,동사,충돌,4등급/동형0/휘휘 둘러보다.
SC_V19136_B136_016,휘발성,명사,충돌,4등급/동형0/보통 온도에서 액체가 기체로 되어 날아 흩어지는 성질.
SC_V19136_B136_019,휴관,명사,충돌,"4등급/동형0/도서관, 미술관, 영화관 따위가 일반에 대한 공개 업무를 하루 또는 한동안 쉼."
SC_V19136_B136_020,휴관하다,동사,충돌,"4등급/동형0/도서관, 미술관, 영화관 따위가 일반에 대한 공개 업무를 하루 또는 한동안 쉬다."
SC_V19136_B136_022,휴양림,명사,충돌,4등급/동형0/편안히 쉬면서 몸과 마음을 보양할 목적으로 조성한 숲.
SC_V19136_B136_023,휴양소,명사,충돌,4등급/동형0/편안히 쉬면서 몸과 마음을 보양할 수 있도록 설비를 갖추어 놓은 곳.
SC_V19136_B136_025,휴직,명사,충돌,4등급/동형0/일정한 기간 동안 직무를 쉼. 병이나 사고 따위로 인하여 공무원이나 일반 회사원 등이 그 신분과 자격을 유지
SC_V19136_B136_026,휴직하다,동사,충돌,4등급/동형0/일정한 기간 동안 직무를 쉬다. 병이나 사고 따위로 인하여 공무원이나 일반 회사원 등이 그 신분과 자격을 유
SC_V19136_B136_036,흑설탕,명사,충돌,4등급/동형0/정제(精製)하지 아니한 검은 빛깔의 사탕가루.
SC_V19137_B137_004,흠칫,부사,일치,4등급/동형0/몸을 움츠리며 갑작스럽게 놀라는 모양.
SC_V19137_B137_005,흡사,부사,충돌,4등급/동형0/거의 같을 정도로 비슷한 모양.
SC_V19137_B137_009,흥건하다,형용사,충돌,4등급/동형0/물 따위가 푹 잠기거나 고일 정도로 많다.
SC_V19137_B137_020,희석,명사,충돌,4등급/동형0/용액에 물이나 다른 용매를 더하여 농도를 묽게 함.
SC_V19137_B137_031,힘살,명사,충돌,4등급/동형0/근육에서 근육 세포로 이루어진 부분.
SC_V19137_B137_033,힘자랑하다,동사,충돌,4등급/동형0/힘이 센 것을 자랑하다.
SC_V19137_B137_034,힘줄,명사,충돌,4등급/동형0/근육의 기초가 되는 희고 질긴 살의 줄.
SR_L4CORE_4794,조치,명사,충돌,3등급/동형3/벌어지는 사태를 잘 살펴서 필요한 대책을 세워 행함. 또는 그 대책.
SR_L4CORE_4812,집단,명사,충돌,2등급/동형0/여럿이 모여 이룬 모임.
SR_L4CORE_4787,정상,명사,다중의미위험,"1등급/동형2/특별한 변동이나 탈이 없이 제대로인 상태. | 3등급/동형10/「1」산 따위의 맨 꼭대기.
「2」그 이상 더없는 최고의 상태.
「3」한 나라의 최고 수뇌. | 5등급/동형7/「1」있는 그대로의 사정과 형편.
「2」딱하거나 가엾은 상태.
「3」구체적 범죄에서 구체적 책임의 경중에 영"
SR_L4CORE_4827,합성,명사,충돌,"3등급/동형1/「1」둘 이상의 것을 합쳐서 하나를 이룸.
「2」벡터, 힘 따위의 방향성이 있는 양을 둘 이상 합침. 또는 "
SR_L4CORE_4801,중복,명사,충돌,4등급/동형1/삼복(三伏) 가운데 중간에 드는 복날. 하지가 지난 뒤 네 번째 경일(庚日)에 든다. | 4등급/동형5/거듭하거나 겹침.
SR_L4CORE_4786,정기,명사,충돌,"4등급/동형6/기한이나 기간이 일정하게 정하여져 있는 것. 또는 그 기한이나 기간. | 4등급/동형11/「1」천지 만물을 생성하는 원천이 되는 기운.
「2」민족 따위의 정신과 기운.
「3」생기 있고 빛이 나는 기"
SR_L4CORE_4753,문자,명사,충돌,"2등급/동형2/「1」인간의 언어를 적는 데 사용하는 시각적인 기호 체계. 한자 따위의 표의 문자와 로마자, 한글 따위의 표"
SR_L4CORE_4754,보수,명사,충돌,"4등급/동형5/「1」보전하여 지킴.
「2」새로운 것이나 변화를 적극적으로 받아들이기보다는 전통적인 것을 옹호하며 유지하려  | 4등급/동형10/건물이나 시설 따위의 낡거나 부서진 것을 손보아 고침. | 4등급/동형8/「1」고맙게 해 준 데 대하여 보답을 함. 또는 그 보답.
「2」일한 대가로 주는 돈이나 물품.
「3」행위를"
SR_L4CORE_4755,불가피하다,형용사,충돌,4등급/동형0/피할 수 없다.
SR_L4CORE_4759,완료,명사,충돌,4등급/동형0/완전히 끝마침.
SR_L4CORE_4760,요건,명사,충돌,"4등급/동형0/「1」긴요한 일이나 안건.
「2」필요한 조건."
SR_L4CORE_4761,원천,명사,충돌,"4등급/동형2/「1」물이 흘러나오는 근원.
「2」사물의 근원."
SR_L4CORE_4773,인지,명사,다중의미위험,"4등급/동형8/「1」어떤 사실을 인정하여 앎.
「2」혼인 외에 출생한 자녀에 대하여 친아버지나 친어머니가 자기 자식임을 확 | 5등급/동형6/수수료나 세금 따위를 낸 것을 증명하기 위하여 서류에 붙이는 종이 표."
SR_L4CORE_4774,일관성,명사,충돌,4등급/동형0/방법이나 태도 따위가 한결같은 성질.
SR_L4CORE_4776,임의,명사,충돌,"4등급/동형0/「1」일정한 기준이나 원칙 없이 하고 싶은 대로 함.
「2」대상이나 장소 따위를 일정하게 정하지 아니함."
SR_L4CORE_4780,저하,명사,충돌,"4등급/동형1/「1」정도, 수준, 능률 따위가 떨어져 낮아짐.
「2」자기 자신을 낮춤."
SR_L4CORE_4808,지향,명사,충돌,"4등급/동형2/「1」어떤 목표로 뜻이 쏠리어 향함. 또는 그 방향이나 그쪽으로 쏠리는 의지.
「2」의식이 어떤 대상을 향하"
SR_L4CORE_6392,자기장,명사,충돌,"4등급/동형0/자석의 주위, 전류의 주위, 지구의 표면 따위와 같이 자기의 작용이 미치는 공간."
SR_L4CORE_5427,고원,명사,충돌,4등급/동형2/보통 해발 고도 600미터 이상에 있는 넓은 벌판.
SR_L5CORE_4920,사후,명사,다중의미위험,4등급/동형1/죽고 난 이후. | 5등급/동형3/일이 끝난 뒤. 또는 일을 끝낸 뒤.
SR_L5CORE_4904,본론,명사,충돌,3등급/동형0/말이나 글에서 주장이 있는 부분.
SR_L5CORE_4934,성향,명사,충돌,4등급/동형2/성질에 따른 경향.
SR_L5CORE_4835,가치관,명사,충돌,4등급/동형0/가치에 대한 관점. 인간이 자기를 포함한 세계나 그 속의 사상(事象)에 대하여 가지는 평가의 근본적 태도이다
SR_L5CORE_4843,계승,명사,충돌,"3등급/동형2/「1」조상의 전통이나 문화유산, 업적 따위를 물려받아 이어 나감.
「2」선임자의 뒤를 이어받음."
SR_L5CORE_4844,계통,명사,충돌,"4등급/동형1/「1」일정한 체계에 따라 서로 관련되어 있는 부분들의 통일적 조직.
「2」일의 체계나 순서.
「3」일정한 분"
SR_L5CORE_4846,구축,명사,다중의미위험,"4등급/동형3/「1」어떤 시설물을 쌓아 올려 만듦.
「2」체제, 체계 따위의 기초를 닦아 세움. | 5등급/동형4/어떤 세력 따위를 몰아서 쫓아냄."
SR_L5CORE_4847,구현,명사,충돌,4등급/동형4/어떤 내용이 구체적인 사실로 나타나게 함.
SR_L5CORE_4858,논리적,명사,충돌,"4등급/동형1/[Ⅰ]「1」논리에 맞는 것.
[Ⅰ]「2」사고나 추리에 능란한 것.
[Ⅰ]「3」논리학적 지식에 합당한 것.
["
SR_L5CORE_6509,광물,명사,충돌,3등급/동형0/천연으로 나며 질이 고르고 화학적 조성(組成)이 일정한 물질. 대부분 결정체 상태의 무기질이나 석탄 같은 유
SR_L5CORE_5551,도시화,명사,충돌,4등급/동형0/도시의 문화 형태가 도시 이외의 지역으로 발전ㆍ확대됨. 또는 그렇게 만듦. 구체적으로는 서비스업이나 유통 기
SR_L6CORE_6019,범죄,명사,충돌,2등급/동형0/법규를 어기고 저지른 잘못.
SR_L6CORE_6021,형벌,명사,충돌,3등급/동형0/범죄에 대한 법률의 효과로서 국가 따위가 범죄자에게 제재를 가함. 또는 그 제재.
SR_L6CORE_6039,특별법,명사,충돌,"4등급/동형0/특정한 지역, 사람, 사물, 사항에 국한하여 적용하는 법."
SR_L6CORE_4942,아이디어,명사,충돌,2등급/동형0/어떤 일에 대한 구상.
SR_L6CORE_4945,오류,명사,충돌,"2등급/동형3/「1」그릇되어 이치에 맞지 않는 일.
「2」사유의 혼란, 감정적인 동기 때문에 논리적 규칙을 소홀히 함으로써"
SR_L6CORE_4947,왜곡,명사,충돌,4등급/동형1/사실과 다르게 해석하거나 그릇되게 함.
SR_L6CORE_4953,의지,명사,다중의미위험,"2등급/동형6/「1」어떠한 일을 이루고자 하는 마음.
「2」선택이나 행위의 결정에 대한 내적이고 개인적인 역량.
「3」어떠 | 5등급/동형4/「1」다른 것에 몸을 기댐. 또는 그렇게 하는 대상.
「2」다른 것에 마음을 기대어 도움을 받음. 또는 그렇"
SR_L6CORE_4956,자발적,명사,충돌,"2등급/동형0/[Ⅰ]남이 시키거나 요청하지 아니하여도 자기 스스로 나아가 행하는 것.
[Ⅱ]남이 시키거나 요청하지 아니하여"
SR_L6CORE_4957,자아,명사,충돌,"4등급/동형0/「1」자기 자신에 대한 의식이나 관념. 정신 분석학에서는 이드(id), 초자아와 함께 성격을 구성하는 한 요"
SR_L6CORE_4962,전형적,명사,충돌,"3등급/동형0/[Ⅰ]어떤 부류의 특징을 가장 잘 나타내는 것.
[Ⅱ]어떤 부류의 특징을 가장 잘 나타내는."
SR_L6CORE_4964,창출,명사,충돌,4등급/동형1/전에 없던 것을 처음으로 생각하여 지어내거나 만들어 냄.
SR_L6CORE_4966,총합,명사,충돌,4등급/동형0/모두를 합함.
SR_L6CORE_4967,추진,명사,충돌,"4등급/동형2/「1」물체를 밀어 앞으로 내보냄.
「2」목표를 향하여 밀고 나아감."
SR_L6CORE_4969,타당성,명사,충돌,"4등급/동형0/「1」사물의 이치에 맞는 옳은 성질.
「2」어떤 판단이 가치가 있다고 인식되는 일. 곧 어떤 판단이 진실인 "
SR_L6CORE_4970,탈피,명사,충돌,"4등급/동형0/「1」껍질이나 가죽을 벗김.
「2」일정한 상태나 처지에서 완전히 벗어남.
「3」파충류, 곤충류 따위가 자라면"
SR_L6CORE_4985,궁극,명사,충돌,4등급/동형0/어떤 과정의 마지막이나 끝.
SR_L6CORE_4986,극단,명사,다중의미위험,"4등급/동형2/연극을 전문으로 공연하는 단체. | 5등급/동형1/「1」맨 끝.
「2」길이나 일의 진행이 끝까지 미쳐 더 나아갈 데가 없는 지경.
「3」중용을 잃고 한쪽으로 "
SR_L6COREV2_4959,전면,명사,다중의미위험,"4등급/동형1/「1」모든 면. 또는 모든 부문.
「2」하나의 면 전체. | 5등급/동형2/「1」물체의 앞쪽 면.
「2」향하고 있는 방향과 일치하는 쪽.
「3」절의 큰방의 정면. 주지나 강사(講師)들"
SR_L6COREV2_4971,통찰,명사,충돌,"4등급/동형1/「1」예리한 관찰력으로 사물을 꿰뚫어 봄.
「2」새로운 사태에 직면하여 장면의 의미를 재조직화함으로써 갑작스"
SR_L6COREV2_4977,객관적,명사,충돌,"4등급/동형0/[Ⅰ]「1」자기와의 관계에서 벗어나 제삼자의 입장에서 사물을 보거나 생각하는 것.
[Ⅰ]「2」세계나 자연 따"
SR_L6COREV2_4994,논하다,동사,충돌,"4등급/동형0/「1」의견이나 이론을 조리 있게 말하다.
「2」옳고 그름 따위를 따져 말하다."
SR_L6COREV2_4997,반문,명사,충돌,"4등급/동형1/「1」물음에 대답하지 아니하고 되받아 물음. 또는 그 물음.
「2」상대의 주장이나 의견에 대하여 동의하지 않"
SR_L6COREV2_5000,법칙,명사,충돌,"2등급/동형0/「1」반드시 지켜야만 하는 규범.
「2」연산(演算)의 규칙.
「3」모든 사물과 현상의 원인과 결과 사이에 내"
SR_L6COREV2_5005,실질,명사,충돌,4등급/동형0/실제로 있는 본바탕.
SR_L6COREV2_5006,심층,명사,충돌,"4등급/동형0/「1」사물의 속이나 밑에 있는 깊은 층.
「2」겉으로 드러나지 않은, 사물이나 사건의 내부 깊숙한 곳."
SR_L6COREV2_5012,언급,명사,충돌,4등급/동형0/어떤 문제에 대하여 말함.
SR_L6COREV2_5021,이면,명사,충돌,"4등급/동형1/「1」물체의 뒤쪽 면.
「2」겉으로 나타나지 않거나 눈에 보이지 않는 부분."
SR_L6EVIDENCEV1_5749,상품,,공식근거없음(표제어만일치),
