item_id,item_type,source_content_id,source_content_ids_json
MF_A_SC_V19100_B100_005,MEANING_CHOICE,SC_V19100_B100_005,
MF_B_SC_V19100_B100_005,WORD_FROM_DEFINITION,SC_V19100_B100_005,
MF_C_SC_V19100_B100_005,CONTEXT_MEANING,SC_V19100_B100_005,
MF_A_SC_V19100_B100_018,MEANING_CHOICE,SC_V19100_B100_018,
MF_B_SC_V19100_B100_018,WORD_FROM_DEFINITION,SC_V19100_B100_018,
MF_C_SC_V19100_B100_018,CONTEXT_MEANING,SC_V19100_B100_018,
MF_D_SC_V19100_B100_018,CONTEXT_CLOZE,SC_V19100_B100_018,
MF_A_SC_V19100_B100_029,MEANING_CHOICE,SC_V19100_B100_029,
MF_B_SC_V19100_B100_029,WORD_FROM_DEFINITION,SC_V19100_B100_029,
MF_C_SC_V19100_B100_029,CONTEXT_MEANING,SC_V19100_B100_029,
MF_D_SC_V19100_B100_029,CONTEXT_CLOZE,SC_V19100_B100_029,
MF_A_SC_V19100_B100_039,MEANING_CHOICE,SC_V19100_B100_039,
MF_B_SC_V19100_B100_039,WORD_FROM_DEFINITION,SC_V19100_B100_039,
MF_C_SC_V19100_B100_039,CONTEXT_MEANING,SC_V19100_B100_039,
MF_D_SC_V19100_B100_039,CONTEXT_CLOZE,SC_V19100_B100_039,
MF_A_SC_V19101_B101_001,MEANING_CHOICE,SC_V19101_B101_001,
MF_B_SC_V19101_B101_001,WORD_FROM_DEFINITION,SC_V19101_B101_001,
MF_C_SC_V19101_B101_001,CONTEXT_MEANING,SC_V19101_B101_001,
MF_D_SC_V19101_B101_001,CONTEXT_CLOZE,SC_V19101_B101_001,
MF_A_SC_V19101_B101_022,MEANING_CHOICE,SC_V19101_B101_022,
MF_B_SC_V19101_B101_022,WORD_FROM_DEFINITION,SC_V19101_B101_022,
MF_C_SC_V19101_B101_022,CONTEXT_MEANING,SC_V19101_B101_022,
MF_D_SC_V19101_B101_022,CONTEXT_CLOZE,SC_V19101_B101_022,
MF_A_SC_V19102_B102_018,MEANING_CHOICE,SC_V19102_B102_018,
MF_B_SC_V19102_B102_018,WORD_FROM_DEFINITION,SC_V19102_B102_018,
MF_C_SC_V19102_B102_018,CONTEXT_MEANING,SC_V19102_B102_018,
MF_D_SC_V19102_B102_018,CONTEXT_CLOZE,SC_V19102_B102_018,
MF_A_SC_V19102_B102_042,MEANING_CHOICE,SC_V19102_B102_042,
MF_B_SC_V19102_B102_042,WORD_FROM_DEFINITION,SC_V19102_B102_042,
MF_C_SC_V19102_B102_042,CONTEXT_MEANING,SC_V19102_B102_042,
MF_D_SC_V19102_B102_042,CONTEXT_CLOZE,SC_V19102_B102_042,
MF_A_SC_V19103_B103_046,MEANING_CHOICE,SC_V19103_B103_046,
MF_B_SC_V19103_B103_046,WORD_FROM_DEFINITION,SC_V19103_B103_046,
MF_C_SC_V19103_B103_046,CONTEXT_MEANING,SC_V19103_B103_046,
MF_D_SC_V19103_B103_046,CONTEXT_CLOZE,SC_V19103_B103_046,
MF_A_SC_V19104_B104_007,MEANING_CHOICE,SC_V19104_B104_007,
MF_B_SC_V19104_B104_007,WORD_FROM_DEFINITION,SC_V19104_B104_007,
MF_C_SC_V19104_B104_007,CONTEXT_MEANING,SC_V19104_B104_007,
MF_D_SC_V19104_B104_007,CONTEXT_CLOZE,SC_V19104_B104_007,
MF_A_SC_V19104_B104_019,MEANING_CHOICE,SC_V19104_B104_019,
MF_B_SC_V19104_B104_019,WORD_FROM_DEFINITION,SC_V19104_B104_019,
MF_C_SC_V19104_B104_019,CONTEXT_MEANING,SC_V19104_B104_019,
MF_A_SC_V19104_B104_035,MEANING_CHOICE,SC_V19104_B104_035,
MF_B_SC_V19104_B104_035,WORD_FROM_DEFINITION,SC_V19104_B104_035,
MF_C_SC_V19104_B104_035,CONTEXT_MEANING,SC_V19104_B104_035,
MF_A_SC_V19105_B105_027,MEANING_CHOICE,SC_V19105_B105_027,
MF_B_SC_V19105_B105_027,WORD_FROM_DEFINITION,SC_V19105_B105_027,
MF_C_SC_V19105_B105_027,CONTEXT_MEANING,SC_V19105_B105_027,
MF_D_SC_V19105_B105_027,CONTEXT_CLOZE,SC_V19105_B105_027,
MF_A_SC_V19105_B105_032,MEANING_CHOICE,SC_V19105_B105_032,
MF_B_SC_V19105_B105_032,WORD_FROM_DEFINITION,SC_V19105_B105_032,
MF_C_SC_V19105_B105_032,CONTEXT_MEANING,SC_V19105_B105_032,
MF_D_SC_V19105_B105_032,CONTEXT_CLOZE,SC_V19105_B105_032,
MF_A_SC_V19105_B105_039,MEANING_CHOICE,SC_V19105_B105_039,
MF_B_SC_V19105_B105_039,WORD_FROM_DEFINITION,SC_V19105_B105_039,
MF_C_SC_V19105_B105_039,CONTEXT_MEANING,SC_V19105_B105_039,
MF_D_SC_V19105_B105_039,CONTEXT_CLOZE,SC_V19105_B105_039,
MF_A_SC_V19106_B106_043,MEANING_CHOICE,SC_V19106_B106_043,
MF_B_SC_V19106_B106_043,WORD_FROM_DEFINITION,SC_V19106_B106_043,
MF_C_SC_V19106_B106_043,CONTEXT_MEANING,SC_V19106_B106_043,
MF_D_SC_V19106_B106_043,CONTEXT_CLOZE,SC_V19106_B106_043,
MF_A_SC_V19107_B107_024,MEANING_CHOICE,SC_V19107_B107_024,
MF_B_SC_V19107_B107_024,WORD_FROM_DEFINITION,SC_V19107_B107_024,
MF_C_SC_V19107_B107_024,CONTEXT_MEANING,SC_V19107_B107_024,
MF_A_SC_V19107_B107_041,MEANING_CHOICE,SC_V19107_B107_041,
MF_B_SC_V19107_B107_041,WORD_FROM_DEFINITION,SC_V19107_B107_041,
MF_C_SC_V19107_B107_041,CONTEXT_MEANING,SC_V19107_B107_041,
MF_D_SC_V19107_B107_041,CONTEXT_CLOZE,SC_V19107_B107_041,
MF_A_SC_V19108_B108_027,MEANING_CHOICE,SC_V19108_B108_027,
MF_B_SC_V19108_B108_027,WORD_FROM_DEFINITION,SC_V19108_B108_027,
MF_C_SC_V19108_B108_027,CONTEXT_MEANING,SC_V19108_B108_027,
MF_D_SC_V19108_B108_027,CONTEXT_CLOZE,SC_V19108_B108_027,
MF_A_SC_V19108_B108_045,MEANING_CHOICE,SC_V19108_B108_045,
MF_B_SC_V19108_B108_045,WORD_FROM_DEFINITION,SC_V19108_B108_045,
MF_C_SC_V19108_B108_045,CONTEXT_MEANING,SC_V19108_B108_045,
MF_D_SC_V19108_B108_045,CONTEXT_CLOZE,SC_V19108_B108_045,
MF_A_SC_V19109_B109_004,MEANING_CHOICE,SC_V19109_B109_004,
MF_B_SC_V19109_B109_004,WORD_FROM_DEFINITION,SC_V19109_B109_004,
MF_C_SC_V19109_B109_004,CONTEXT_MEANING,SC_V19109_B109_004,
MF_D_SC_V19109_B109_004,CONTEXT_CLOZE,SC_V19109_B109_004,
MF_A_SC_V19109_B109_015,MEANING_CHOICE,SC_V19109_B109_015,
MF_B_SC_V19109_B109_015,WORD_FROM_DEFINITION,SC_V19109_B109_015,
MF_C_SC_V19109_B109_015,CONTEXT_MEANING,SC_V19109_B109_015,
MF_D_SC_V19109_B109_015,CONTEXT_CLOZE,SC_V19109_B109_015,
MF_A_SC_V19109_B109_022,MEANING_CHOICE,SC_V19109_B109_022,
MF_B_SC_V19109_B109_022,WORD_FROM_DEFINITION,SC_V19109_B109_022,
MF_C_SC_V19109_B109_022,CONTEXT_MEANING,SC_V19109_B109_022,
MF_D_SC_V19109_B109_022,CONTEXT_CLOZE,SC_V19109_B109_022,
MF_A_SC_V19109_B109_026,MEANING_CHOICE,SC_V19109_B109_026,
MF_B_SC_V19109_B109_026,WORD_FROM_DEFINITION,SC_V19109_B109_026,
MF_C_SC_V19109_B109_026,CONTEXT_MEANING,SC_V19109_B109_026,
MF_D_SC_V19109_B109_026,CONTEXT_CLOZE,SC_V19109_B109_026,
MF_A_SC_V19109_B109_029,MEANING_CHOICE,SC_V19109_B109_029,
MF_B_SC_V19109_B109_029,WORD_FROM_DEFINITION,SC_V19109_B109_029,
MF_C_SC_V19109_B109_029,CONTEXT_MEANING,SC_V19109_B109_029,
MF_D_SC_V19109_B109_029,CONTEXT_CLOZE,SC_V19109_B109_029,
MF_A_SC_V1910_B010_012,MEANING_CHOICE,SC_V1910_B010_012,
MF_B_SC_V1910_B010_012,WORD_FROM_DEFINITION,SC_V1910_B010_012,
MF_C_SC_V1910_B010_012,CONTEXT_MEANING,SC_V1910_B010_012,
MF_D_SC_V1910_B010_012,CONTEXT_CLOZE,SC_V1910_B010_012,
MF_A_SC_V19111_B111_027,MEANING_CHOICE,SC_V19111_B111_027,
MF_B_SC_V19111_B111_027,WORD_FROM_DEFINITION,SC_V19111_B111_027,
MF_C_SC_V19111_B111_027,CONTEXT_MEANING,SC_V19111_B111_027,
MF_D_SC_V19111_B111_027,CONTEXT_CLOZE,SC_V19111_B111_027,
MF_A_SC_V19111_B111_045,MEANING_CHOICE,SC_V19111_B111_045,
MF_B_SC_V19111_B111_045,WORD_FROM_DEFINITION,SC_V19111_B111_045,
MF_C_SC_V19111_B111_045,CONTEXT_MEANING,SC_V19111_B111_045,
MF_D_SC_V19111_B111_045,CONTEXT_CLOZE,SC_V19111_B111_045,
MF_A_SC_V19112_B112_014,MEANING_CHOICE,SC_V19112_B112_014,
MF_B_SC_V19112_B112_014,WORD_FROM_DEFINITION,SC_V19112_B112_014,
MF_C_SC_V19112_B112_014,CONTEXT_MEANING,SC_V19112_B112_014,
MF_D_SC_V19112_B112_014,CONTEXT_CLOZE,SC_V19112_B112_014,
MF_A_SC_V19112_B112_026,MEANING_CHOICE,SC_V19112_B112_026,
MF_B_SC_V19112_B112_026,WORD_FROM_DEFINITION,SC_V19112_B112_026,
MF_C_SC_V19112_B112_026,CONTEXT_MEANING,SC_V19112_B112_026,
MF_D_SC_V19112_B112_026,CONTEXT_CLOZE,SC_V19112_B112_026,
MF_A_SC_V19112_B112_036,MEANING_CHOICE,SC_V19112_B112_036,
MF_B_SC_V19112_B112_036,WORD_FROM_DEFINITION,SC_V19112_B112_036,
MF_C_SC_V19112_B112_036,CONTEXT_MEANING,SC_V19112_B112_036,
MF_D_SC_V19112_B112_036,CONTEXT_CLOZE,SC_V19112_B112_036,
MF_A_SC_V19114_B114_023,MEANING_CHOICE,SC_V19114_B114_023,
MF_B_SC_V19114_B114_023,WORD_FROM_DEFINITION,SC_V19114_B114_023,
MF_C_SC_V19114_B114_023,CONTEXT_MEANING,SC_V19114_B114_023,
MF_A_SC_V19115_B115_025,MEANING_CHOICE,SC_V19115_B115_025,
MF_B_SC_V19115_B115_025,WORD_FROM_DEFINITION,SC_V19115_B115_025,
MF_C_SC_V19115_B115_025,CONTEXT_MEANING,SC_V19115_B115_025,
MF_D_SC_V19115_B115_025,CONTEXT_CLOZE,SC_V19115_B115_025,
MF_A_SC_V19115_B115_031,MEANING_CHOICE,SC_V19115_B115_031,
MF_B_SC_V19115_B115_031,WORD_FROM_DEFINITION,SC_V19115_B115_031,
MF_C_SC_V19115_B115_031,CONTEXT_MEANING,SC_V19115_B115_031,
MF_D_SC_V19115_B115_031,CONTEXT_CLOZE,SC_V19115_B115_031,
MF_A_SC_V19115_B115_036,MEANING_CHOICE,SC_V19115_B115_036,
MF_B_SC_V19115_B115_036,WORD_FROM_DEFINITION,SC_V19115_B115_036,
MF_C_SC_V19115_B115_036,CONTEXT_MEANING,SC_V19115_B115_036,
MF_A_SC_V19115_B115_043,MEANING_CHOICE,SC_V19115_B115_043,
MF_B_SC_V19115_B115_043,WORD_FROM_DEFINITION,SC_V19115_B115_043,
MF_C_SC_V19115_B115_043,CONTEXT_MEANING,SC_V19115_B115_043,
MF_A_SC_V19118_B118_013,MEANING_CHOICE,SC_V19118_B118_013,
MF_B_SC_V19118_B118_013,WORD_FROM_DEFINITION,SC_V19118_B118_013,
MF_C_SC_V19118_B118_013,CONTEXT_MEANING,SC_V19118_B118_013,
MF_D_SC_V19118_B118_013,CONTEXT_CLOZE,SC_V19118_B118_013,
MF_A_SC_V19118_B118_031,MEANING_CHOICE,SC_V19118_B118_031,
MF_B_SC_V19118_B118_031,WORD_FROM_DEFINITION,SC_V19118_B118_031,
MF_C_SC_V19118_B118_031,CONTEXT_MEANING,SC_V19118_B118_031,
MF_A_SC_V19119_B119_005,MEANING_CHOICE,SC_V19119_B119_005,
MF_B_SC_V19119_B119_005,WORD_FROM_DEFINITION,SC_V19119_B119_005,
MF_C_SC_V19119_B119_005,CONTEXT_MEANING,SC_V19119_B119_005,
MF_D_SC_V19119_B119_005,CONTEXT_CLOZE,SC_V19119_B119_005,
MF_A_SC_V19119_B119_028,MEANING_CHOICE,SC_V19119_B119_028,
MF_B_SC_V19119_B119_028,WORD_FROM_DEFINITION,SC_V19119_B119_028,
MF_C_SC_V19119_B119_028,CONTEXT_MEANING,SC_V19119_B119_028,
MF_D_SC_V19119_B119_028,CONTEXT_CLOZE,SC_V19119_B119_028,
MF_A_SC_V19120_B120_006,MEANING_CHOICE,SC_V19120_B120_006,
MF_B_SC_V19120_B120_006,WORD_FROM_DEFINITION,SC_V19120_B120_006,
MF_C_SC_V19120_B120_006,CONTEXT_MEANING,SC_V19120_B120_006,
MF_A_SC_V19122_B122_028,MEANING_CHOICE,SC_V19122_B122_028,
MF_B_SC_V19122_B122_028,WORD_FROM_DEFINITION,SC_V19122_B122_028,
MF_C_SC_V19122_B122_028,CONTEXT_MEANING,SC_V19122_B122_028,
MF_A_SC_V19122_B122_030,MEANING_CHOICE,SC_V19122_B122_030,
MF_B_SC_V19122_B122_030,WORD_FROM_DEFINITION,SC_V19122_B122_030,
MF_C_SC_V19122_B122_030,CONTEXT_MEANING,SC_V19122_B122_030,
MF_D_SC_V19122_B122_030,CONTEXT_CLOZE,SC_V19122_B122_030,
MF_A_SC_V19122_B122_033,MEANING_CHOICE,SC_V19122_B122_033,
MF_B_SC_V19122_B122_033,WORD_FROM_DEFINITION,SC_V19122_B122_033,
MF_C_SC_V19122_B122_033,CONTEXT_MEANING,SC_V19122_B122_033,
MF_D_SC_V19122_B122_033,CONTEXT_CLOZE,SC_V19122_B122_033,
MF_A_SC_V19123_B123_023,MEANING_CHOICE,SC_V19123_B123_023,
MF_B_SC_V19123_B123_023,WORD_FROM_DEFINITION,SC_V19123_B123_023,
MF_C_SC_V19123_B123_023,CONTEXT_MEANING,SC_V19123_B123_023,
MF_A_SC_V19123_B123_043,MEANING_CHOICE,SC_V19123_B123_043,
MF_B_SC_V19123_B123_043,WORD_FROM_DEFINITION,SC_V19123_B123_043,
MF_C_SC_V19123_B123_043,CONTEXT_MEANING,SC_V19123_B123_043,
MF_D_SC_V19123_B123_043,CONTEXT_CLOZE,SC_V19123_B123_043,
MF_A_SC_V19124_B124_022,MEANING_CHOICE,SC_V19124_B124_022,
MF_B_SC_V19124_B124_022,WORD_FROM_DEFINITION,SC_V19124_B124_022,
MF_C_SC_V19124_B124_022,CONTEXT_MEANING,SC_V19124_B124_022,
MF_D_SC_V19124_B124_022,CONTEXT_CLOZE,SC_V19124_B124_022,
MF_A_SC_V19124_B124_029,MEANING_CHOICE,SC_V19124_B124_029,
MF_B_SC_V19124_B124_029,WORD_FROM_DEFINITION,SC_V19124_B124_029,
MF_C_SC_V19124_B124_029,CONTEXT_MEANING,SC_V19124_B124_029,
MF_D_SC_V19124_B124_029,CONTEXT_CLOZE,SC_V19124_B124_029,
MF_A_SC_V19124_B124_047,MEANING_CHOICE,SC_V19124_B124_047,
MF_B_SC_V19124_B124_047,WORD_FROM_DEFINITION,SC_V19124_B124_047,
MF_C_SC_V19124_B124_047,CONTEXT_MEANING,SC_V19124_B124_047,
MF_D_SC_V19124_B124_047,CONTEXT_CLOZE,SC_V19124_B124_047,
MF_A_SC_V19125_B125_031,MEANING_CHOICE,SC_V19125_B125_031,
MF_B_SC_V19125_B125_031,WORD_FROM_DEFINITION,SC_V19125_B125_031,
MF_C_SC_V19125_B125_031,CONTEXT_MEANING,SC_V19125_B125_031,
MF_D_SC_V19125_B125_031,CONTEXT_CLOZE,SC_V19125_B125_031,
MF_A_SC_V19127_B127_021,MEANING_CHOICE,SC_V19127_B127_021,
MF_B_SC_V19127_B127_021,WORD_FROM_DEFINITION,SC_V19127_B127_021,
MF_C_SC_V19127_B127_021,CONTEXT_MEANING,SC_V19127_B127_021,
MF_D_SC_V19127_B127_021,CONTEXT_CLOZE,SC_V19127_B127_021,
MF_A_SC_V19127_B127_050,MEANING_CHOICE,SC_V19127_B127_050,
MF_B_SC_V19127_B127_050,WORD_FROM_DEFINITION,SC_V19127_B127_050,
MF_C_SC_V19127_B127_050,CONTEXT_MEANING,SC_V19127_B127_050,
MF_D_SC_V19127_B127_050,CONTEXT_CLOZE,SC_V19127_B127_050,
MF_A_SC_V19128_B128_026,MEANING_CHOICE,SC_V19128_B128_026,
MF_B_SC_V19128_B128_026,WORD_FROM_DEFINITION,SC_V19128_B128_026,
MF_C_SC_V19128_B128_026,CONTEXT_MEANING,SC_V19128_B128_026,
MF_D_SC_V19128_B128_026,CONTEXT_CLOZE,SC_V19128_B128_026,
MF_A_SC_V19128_B128_031,MEANING_CHOICE,SC_V19128_B128_031,
MF_B_SC_V19128_B128_031,WORD_FROM_DEFINITION,SC_V19128_B128_031,
MF_C_SC_V19128_B128_031,CONTEXT_MEANING,SC_V19128_B128_031,
MF_A_SC_V19129_B129_039,MEANING_CHOICE,SC_V19129_B129_039,
MF_B_SC_V19129_B129_039,WORD_FROM_DEFINITION,SC_V19129_B129_039,
MF_C_SC_V19129_B129_039,CONTEXT_MEANING,SC_V19129_B129_039,
MF_A_SC_V1912_B012_002,MEANING_CHOICE,SC_V1912_B012_002,
MF_B_SC_V1912_B012_002,WORD_FROM_DEFINITION,SC_V1912_B012_002,
MF_C_SC_V1912_B012_002,CONTEXT_MEANING,SC_V1912_B012_002,
MF_D_SC_V1912_B012_002,CONTEXT_CLOZE,SC_V1912_B012_002,
MF_A_SC_V1912_B012_020,MEANING_CHOICE,SC_V1912_B012_020,
MF_B_SC_V1912_B012_020,WORD_FROM_DEFINITION,SC_V1912_B012_020,
MF_C_SC_V1912_B012_020,CONTEXT_MEANING,SC_V1912_B012_020,
MF_D_SC_V1912_B012_020,CONTEXT_CLOZE,SC_V1912_B012_020,
MF_A_SC_V1912_B012_036,MEANING_CHOICE,SC_V1912_B012_036,
MF_B_SC_V1912_B012_036,WORD_FROM_DEFINITION,SC_V1912_B012_036,
MF_C_SC_V1912_B012_036,CONTEXT_MEANING,SC_V1912_B012_036,
MF_A_SC_V1912_B012_041,MEANING_CHOICE,SC_V1912_B012_041,
MF_B_SC_V1912_B012_041,WORD_FROM_DEFINITION,SC_V1912_B012_041,
MF_C_SC_V1912_B012_041,CONTEXT_MEANING,SC_V1912_B012_041,
MF_D_SC_V1912_B012_041,CONTEXT_CLOZE,SC_V1912_B012_041,
MF_A_SC_V19130_B130_009,MEANING_CHOICE,SC_V19130_B130_009,
MF_B_SC_V19130_B130_009,WORD_FROM_DEFINITION,SC_V19130_B130_009,
MF_C_SC_V19130_B130_009,CONTEXT_MEANING,SC_V19130_B130_009,
MF_A_SC_V19130_B130_016,MEANING_CHOICE,SC_V19130_B130_016,
MF_B_SC_V19130_B130_016,WORD_FROM_DEFINITION,SC_V19130_B130_016,
MF_C_SC_V19130_B130_016,CONTEXT_MEANING,SC_V19130_B130_016,
MF_D_SC_V19130_B130_016,CONTEXT_CLOZE,SC_V19130_B130_016,
MF_A_SC_V19131_B131_040,MEANING_CHOICE,SC_V19131_B131_040,
MF_B_SC_V19131_B131_040,WORD_FROM_DEFINITION,SC_V19131_B131_040,
MF_C_SC_V19131_B131_040,CONTEXT_MEANING,SC_V19131_B131_040,
MF_D_SC_V19131_B131_040,CONTEXT_CLOZE,SC_V19131_B131_040,
MF_A_SC_V19132_B132_009,MEANING_CHOICE,SC_V19132_B132_009,
MF_B_SC_V19132_B132_009,WORD_FROM_DEFINITION,SC_V19132_B132_009,
MF_C_SC_V19132_B132_009,CONTEXT_MEANING,SC_V19132_B132_009,
MF_A_SC_V19132_B132_018,MEANING_CHOICE,SC_V19132_B132_018,
MF_B_SC_V19132_B132_018,WORD_FROM_DEFINITION,SC_V19132_B132_018,
MF_C_SC_V19132_B132_018,CONTEXT_MEANING,SC_V19132_B132_018,
MF_D_SC_V19132_B132_018,CONTEXT_CLOZE,SC_V19132_B132_018,
MF_A_SC_V19132_B132_023,MEANING_CHOICE,SC_V19132_B132_023,
MF_B_SC_V19132_B132_023,WORD_FROM_DEFINITION,SC_V19132_B132_023,
MF_C_SC_V19132_B132_023,CONTEXT_MEANING,SC_V19132_B132_023,
MF_D_SC_V19132_B132_023,CONTEXT_CLOZE,SC_V19132_B132_023,
MF_A_SC_V19132_B132_026,MEANING_CHOICE,SC_V19132_B132_026,
MF_B_SC_V19132_B132_026,WORD_FROM_DEFINITION,SC_V19132_B132_026,
MF_C_SC_V19132_B132_026,CONTEXT_MEANING,SC_V19132_B132_026,
MF_A_SC_V19132_B132_033,MEANING_CHOICE,SC_V19132_B132_033,
MF_B_SC_V19132_B132_033,WORD_FROM_DEFINITION,SC_V19132_B132_033,
MF_C_SC_V19132_B132_033,CONTEXT_MEANING,SC_V19132_B132_033,
MF_A_SC_V19133_B133_032,MEANING_CHOICE,SC_V19133_B133_032,
MF_B_SC_V19133_B133_032,WORD_FROM_DEFINITION,SC_V19133_B133_032,
MF_C_SC_V19133_B133_032,CONTEXT_MEANING,SC_V19133_B133_032,
MF_D_SC_V19133_B133_032,CONTEXT_CLOZE,SC_V19133_B133_032,
MF_A_SC_V19134_B134_018,MEANING_CHOICE,SC_V19134_B134_018,
MF_B_SC_V19134_B134_018,WORD_FROM_DEFINITION,SC_V19134_B134_018,
MF_C_SC_V19134_B134_018,CONTEXT_MEANING,SC_V19134_B134_018,
MF_A_SC_V19134_B134_020,MEANING_CHOICE,SC_V19134_B134_020,
MF_B_SC_V19134_B134_020,WORD_FROM_DEFINITION,SC_V19134_B134_020,
MF_C_SC_V19134_B134_020,CONTEXT_MEANING,SC_V19134_B134_020,
MF_D_SC_V19134_B134_020,CONTEXT_CLOZE,SC_V19134_B134_020,
MF_A_SC_V19134_B134_033,MEANING_CHOICE,SC_V19134_B134_033,
MF_B_SC_V19134_B134_033,WORD_FROM_DEFINITION,SC_V19134_B134_033,
MF_C_SC_V19134_B134_033,CONTEXT_MEANING,SC_V19134_B134_033,
MF_D_SC_V19134_B134_033,CONTEXT_CLOZE,SC_V19134_B134_033,
MF_A_SC_V19135_B135_011,MEANING_CHOICE,SC_V19135_B135_011,
MF_B_SC_V19135_B135_011,WORD_FROM_DEFINITION,SC_V19135_B135_011,
MF_C_SC_V19135_B135_011,CONTEXT_MEANING,SC_V19135_B135_011,
MF_D_SC_V19135_B135_011,CONTEXT_CLOZE,SC_V19135_B135_011,
MF_A_SC_V19135_B135_020,MEANING_CHOICE,SC_V19135_B135_020,
MF_B_SC_V19135_B135_020,WORD_FROM_DEFINITION,SC_V19135_B135_020,
MF_C_SC_V19135_B135_020,CONTEXT_MEANING,SC_V19135_B135_020,
MF_D_SC_V19135_B135_020,CONTEXT_CLOZE,SC_V19135_B135_020,
MF_A_SC_V19135_B135_027,MEANING_CHOICE,SC_V19135_B135_027,
MF_B_SC_V19135_B135_027,WORD_FROM_DEFINITION,SC_V19135_B135_027,
MF_C_SC_V19135_B135_027,CONTEXT_MEANING,SC_V19135_B135_027,
MF_D_SC_V19135_B135_027,CONTEXT_CLOZE,SC_V19135_B135_027,
MF_A_SC_V19135_B135_028,MEANING_CHOICE,SC_V19135_B135_028,
MF_B_SC_V19135_B135_028,WORD_FROM_DEFINITION,SC_V19135_B135_028,
MF_C_SC_V19135_B135_028,CONTEXT_MEANING,SC_V19135_B135_028,
MF_D_SC_V19135_B135_028,CONTEXT_CLOZE,SC_V19135_B135_028,
MF_A_SC_V19135_B135_034,MEANING_CHOICE,SC_V19135_B135_034,
MF_B_SC_V19135_B135_034,WORD_FROM_DEFINITION,SC_V19135_B135_034,
MF_C_SC_V19135_B135_034,CONTEXT_MEANING,SC_V19135_B135_034,
MF_D_SC_V19135_B135_034,CONTEXT_CLOZE,SC_V19135_B135_034,
MF_A_SC_V19136_B136_013,MEANING_CHOICE,SC_V19136_B136_013,
MF_B_SC_V19136_B136_013,WORD_FROM_DEFINITION,SC_V19136_B136_013,
MF_C_SC_V19136_B136_013,CONTEXT_MEANING,SC_V19136_B136_013,
MF_A_SC_V19136_B136_036,MEANING_CHOICE,SC_V19136_B136_036,
MF_B_SC_V19136_B136_036,WORD_FROM_DEFINITION,SC_V19136_B136_036,
MF_C_SC_V19136_B136_036,CONTEXT_MEANING,SC_V19136_B136_036,
MF_D_SC_V19136_B136_036,CONTEXT_CLOZE,SC_V19136_B136_036,
MF_A_SC_V19137_B137_004,MEANING_CHOICE,SC_V19137_B137_004,
MF_B_SC_V19137_B137_004,WORD_FROM_DEFINITION,SC_V19137_B137_004,
MF_C_SC_V19137_B137_004,CONTEXT_MEANING,SC_V19137_B137_004,
MF_D_SC_V19137_B137_004,CONTEXT_CLOZE,SC_V19137_B137_004,
MF_A_SC_V1913_B013_027,MEANING_CHOICE,SC_V1913_B013_027,
MF_B_SC_V1913_B013_027,WORD_FROM_DEFINITION,SC_V1913_B013_027,
MF_C_SC_V1913_B013_027,CONTEXT_MEANING,SC_V1913_B013_027,
MF_D_SC_V1913_B013_027,CONTEXT_CLOZE,SC_V1913_B013_027,
MF_A_SC_V1914_B014_009,MEANING_CHOICE,SC_V1914_B014_009,
MF_B_SC_V1914_B014_009,WORD_FROM_DEFINITION,SC_V1914_B014_009,
MF_C_SC_V1914_B014_009,CONTEXT_MEANING,SC_V1914_B014_009,
MF_D_SC_V1914_B014_009,CONTEXT_CLOZE,SC_V1914_B014_009,
MF_A_SC_V1914_B014_026,MEANING_CHOICE,SC_V1914_B014_026,
MF_B_SC_V1914_B014_026,WORD_FROM_DEFINITION,SC_V1914_B014_026,
MF_C_SC_V1914_B014_026,CONTEXT_MEANING,SC_V1914_B014_026,
MF_D_SC_V1914_B014_026,CONTEXT_CLOZE,SC_V1914_B014_026,
MF_A_SC_V1914_B014_028,MEANING_CHOICE,SC_V1914_B014_028,
MF_B_SC_V1914_B014_028,WORD_FROM_DEFINITION,SC_V1914_B014_028,
MF_C_SC_V1914_B014_028,CONTEXT_MEANING,SC_V1914_B014_028,
MF_D_SC_V1914_B014_028,CONTEXT_CLOZE,SC_V1914_B014_028,
MF_A_SC_V1914_B014_036,MEANING_CHOICE,SC_V1914_B014_036,
MF_B_SC_V1914_B014_036,WORD_FROM_DEFINITION,SC_V1914_B014_036,
MF_C_SC_V1914_B014_036,CONTEXT_MEANING,SC_V1914_B014_036,
MF_D_SC_V1914_B014_036,CONTEXT_CLOZE,SC_V1914_B014_036,
MF_A_SC_V1914_B014_037,MEANING_CHOICE,SC_V1914_B014_037,
MF_B_SC_V1914_B014_037,WORD_FROM_DEFINITION,SC_V1914_B014_037,
MF_C_SC_V1914_B014_037,CONTEXT_MEANING,SC_V1914_B014_037,
MF_D_SC_V1914_B014_037,CONTEXT_CLOZE,SC_V1914_B014_037,
MF_A_SC_V1915_B015_001,MEANING_CHOICE,SC_V1915_B015_001,
MF_B_SC_V1915_B015_001,WORD_FROM_DEFINITION,SC_V1915_B015_001,
MF_C_SC_V1915_B015_001,CONTEXT_MEANING,SC_V1915_B015_001,
MF_A_SC_V1915_B015_006,MEANING_CHOICE,SC_V1915_B015_006,
MF_B_SC_V1915_B015_006,WORD_FROM_DEFINITION,SC_V1915_B015_006,
MF_C_SC_V1915_B015_006,CONTEXT_MEANING,SC_V1915_B015_006,
MF_D_SC_V1915_B015_006,CONTEXT_CLOZE,SC_V1915_B015_006,
MF_A_SC_V1915_B015_010,MEANING_CHOICE,SC_V1915_B015_010,
MF_B_SC_V1915_B015_010,WORD_FROM_DEFINITION,SC_V1915_B015_010,
MF_C_SC_V1915_B015_010,CONTEXT_MEANING,SC_V1915_B015_010,
MF_D_SC_V1915_B015_010,CONTEXT_CLOZE,SC_V1915_B015_010,
MF_A_SC_V1916_B016_028,MEANING_CHOICE,SC_V1916_B016_028,
MF_B_SC_V1916_B016_028,WORD_FROM_DEFINITION,SC_V1916_B016_028,
MF_C_SC_V1916_B016_028,CONTEXT_MEANING,SC_V1916_B016_028,
MF_D_SC_V1916_B016_028,CONTEXT_CLOZE,SC_V1916_B016_028,
MF_A_SC_V1916_B016_030,MEANING_CHOICE,SC_V1916_B016_030,
MF_B_SC_V1916_B016_030,WORD_FROM_DEFINITION,SC_V1916_B016_030,
MF_C_SC_V1916_B016_030,CONTEXT_MEANING,SC_V1916_B016_030,
MF_A_SC_V1916_B016_034,MEANING_CHOICE,SC_V1916_B016_034,
MF_B_SC_V1916_B016_034,WORD_FROM_DEFINITION,SC_V1916_B016_034,
MF_C_SC_V1916_B016_034,CONTEXT_MEANING,SC_V1916_B016_034,
MF_A_SC_V1916_B016_045,MEANING_CHOICE,SC_V1916_B016_045,
MF_B_SC_V1916_B016_045,WORD_FROM_DEFINITION,SC_V1916_B016_045,
MF_C_SC_V1916_B016_045,CONTEXT_MEANING,SC_V1916_B016_045,
MF_A_SC_V1917_B017_001,MEANING_CHOICE,SC_V1917_B017_001,
MF_B_SC_V1917_B017_001,WORD_FROM_DEFINITION,SC_V1917_B017_001,
MF_C_SC_V1917_B017_001,CONTEXT_MEANING,SC_V1917_B017_001,
MF_D_SC_V1917_B017_001,CONTEXT_CLOZE,SC_V1917_B017_001,
MF_A_SC_V1917_B017_004,MEANING_CHOICE,SC_V1917_B017_004,
MF_B_SC_V1917_B017_004,WORD_FROM_DEFINITION,SC_V1917_B017_004,
MF_C_SC_V1917_B017_004,CONTEXT_MEANING,SC_V1917_B017_004,
MF_A_SC_V1917_B017_022,MEANING_CHOICE,SC_V1917_B017_022,
MF_B_SC_V1917_B017_022,WORD_FROM_DEFINITION,SC_V1917_B017_022,
MF_C_SC_V1917_B017_022,CONTEXT_MEANING,SC_V1917_B017_022,
MF_D_SC_V1917_B017_022,CONTEXT_CLOZE,SC_V1917_B017_022,
MF_A_SC_V1917_B017_039,MEANING_CHOICE,SC_V1917_B017_039,
MF_B_SC_V1917_B017_039,WORD_FROM_DEFINITION,SC_V1917_B017_039,
MF_C_SC_V1917_B017_039,CONTEXT_MEANING,SC_V1917_B017_039,
MF_D_SC_V1917_B017_039,CONTEXT_CLOZE,SC_V1917_B017_039,
MF_A_SC_V1917_B017_044,MEANING_CHOICE,SC_V1917_B017_044,
MF_B_SC_V1917_B017_044,WORD_FROM_DEFINITION,SC_V1917_B017_044,
MF_C_SC_V1917_B017_044,CONTEXT_MEANING,SC_V1917_B017_044,
MF_D_SC_V1917_B017_044,CONTEXT_CLOZE,SC_V1917_B017_044,
MF_A_SC_V1918_B018_015,MEANING_CHOICE,SC_V1918_B018_015,
MF_B_SC_V1918_B018_015,WORD_FROM_DEFINITION,SC_V1918_B018_015,
MF_C_SC_V1918_B018_015,CONTEXT_MEANING,SC_V1918_B018_015,
MF_A_SC_V1918_B018_018,MEANING_CHOICE,SC_V1918_B018_018,
MF_B_SC_V1918_B018_018,WORD_FROM_DEFINITION,SC_V1918_B018_018,
MF_C_SC_V1918_B018_018,CONTEXT_MEANING,SC_V1918_B018_018,
MF_D_SC_V1918_B018_018,CONTEXT_CLOZE,SC_V1918_B018_018,
MF_A_SC_V1918_B018_048,MEANING_CHOICE,SC_V1918_B018_048,
MF_B_SC_V1918_B018_048,WORD_FROM_DEFINITION,SC_V1918_B018_048,
MF_C_SC_V1918_B018_048,CONTEXT_MEANING,SC_V1918_B018_048,
MF_A_SC_V1919_B019_002,MEANING_CHOICE,SC_V1919_B019_002,
MF_B_SC_V1919_B019_002,WORD_FROM_DEFINITION,SC_V1919_B019_002,
MF_C_SC_V1919_B019_002,CONTEXT_MEANING,SC_V1919_B019_002,
MF_A_SC_V1919_B019_005,MEANING_CHOICE,SC_V1919_B019_005,
MF_B_SC_V1919_B019_005,WORD_FROM_DEFINITION,SC_V1919_B019_005,
MF_C_SC_V1919_B019_005,CONTEXT_MEANING,SC_V1919_B019_005,
MF_D_SC_V1919_B019_005,CONTEXT_CLOZE,SC_V1919_B019_005,
MF_A_SC_V191_B001_026,MEANING_CHOICE,SC_V191_B001_026,
MF_B_SC_V191_B001_026,WORD_FROM_DEFINITION,SC_V191_B001_026,
MF_C_SC_V191_B001_026,CONTEXT_MEANING,SC_V191_B001_026,
MF_D_SC_V191_B001_026,CONTEXT_CLOZE,SC_V191_B001_026,
MF_A_SC_V191_B001_039,MEANING_CHOICE,SC_V191_B001_039,
MF_B_SC_V191_B001_039,WORD_FROM_DEFINITION,SC_V191_B001_039,
MF_C_SC_V191_B001_039,CONTEXT_MEANING,SC_V191_B001_039,
MF_A_SC_V1920_B020_009,MEANING_CHOICE,SC_V1920_B020_009,
MF_B_SC_V1920_B020_009,WORD_FROM_DEFINITION,SC_V1920_B020_009,
MF_C_SC_V1920_B020_009,CONTEXT_MEANING,SC_V1920_B020_009,
MF_D_SC_V1920_B020_009,CONTEXT_CLOZE,SC_V1920_B020_009,
MF_A_SC_V1920_B020_024,MEANING_CHOICE,SC_V1920_B020_024,
MF_B_SC_V1920_B020_024,WORD_FROM_DEFINITION,SC_V1920_B020_024,
MF_C_SC_V1920_B020_024,CONTEXT_MEANING,SC_V1920_B020_024,
MF_A_SC_V1920_B020_025,MEANING_CHOICE,SC_V1920_B020_025,
MF_B_SC_V1920_B020_025,WORD_FROM_DEFINITION,SC_V1920_B020_025,
MF_C_SC_V1920_B020_025,CONTEXT_MEANING,SC_V1920_B020_025,
MF_D_SC_V1920_B020_025,CONTEXT_CLOZE,SC_V1920_B020_025,
MF_A_SC_V1921_B021_013,MEANING_CHOICE,SC_V1921_B021_013,
MF_B_SC_V1921_B021_013,WORD_FROM_DEFINITION,SC_V1921_B021_013,
MF_C_SC_V1921_B021_013,CONTEXT_MEANING,SC_V1921_B021_013,
MF_A_SC_V1921_B021_024,MEANING_CHOICE,SC_V1921_B021_024,
MF_B_SC_V1921_B021_024,WORD_FROM_DEFINITION,SC_V1921_B021_024,
MF_C_SC_V1921_B021_024,CONTEXT_MEANING,SC_V1921_B021_024,
MF_D_SC_V1921_B021_024,CONTEXT_CLOZE,SC_V1921_B021_024,
MF_A_SC_V1921_B021_040,MEANING_CHOICE,SC_V1921_B021_040,
MF_B_SC_V1921_B021_040,WORD_FROM_DEFINITION,SC_V1921_B021_040,
MF_C_SC_V1921_B021_040,CONTEXT_MEANING,SC_V1921_B021_040,
MF_D_SC_V1921_B021_040,CONTEXT_CLOZE,SC_V1921_B021_040,
MF_A_SC_V1921_B021_045,MEANING_CHOICE,SC_V1921_B021_045,
MF_B_SC_V1921_B021_045,WORD_FROM_DEFINITION,SC_V1921_B021_045,
MF_C_SC_V1921_B021_045,CONTEXT_MEANING,SC_V1921_B021_045,
MF_D_SC_V1921_B021_045,CONTEXT_CLOZE,SC_V1921_B021_045,
MF_A_SC_V1922_B022_013,MEANING_CHOICE,SC_V1922_B022_013,
MF_B_SC_V1922_B022_013,WORD_FROM_DEFINITION,SC_V1922_B022_013,
MF_C_SC_V1922_B022_013,CONTEXT_MEANING,SC_V1922_B022_013,
MF_D_SC_V1922_B022_013,CONTEXT_CLOZE,SC_V1922_B022_013,
MF_A_SC_V1922_B022_029,MEANING_CHOICE,SC_V1922_B022_029,
MF_B_SC_V1922_B022_029,WORD_FROM_DEFINITION,SC_V1922_B022_029,
MF_C_SC_V1922_B022_029,CONTEXT_MEANING,SC_V1922_B022_029,
MF_A_SC_V1922_B022_043,MEANING_CHOICE,SC_V1922_B022_043,
MF_B_SC_V1922_B022_043,WORD_FROM_DEFINITION,SC_V1922_B022_043,
MF_C_SC_V1922_B022_043,CONTEXT_MEANING,SC_V1922_B022_043,
MF_D_SC_V1922_B022_043,CONTEXT_CLOZE,SC_V1922_B022_043,
MF_A_SC_V1923_B023_025,MEANING_CHOICE,SC_V1923_B023_025,
MF_B_SC_V1923_B023_025,WORD_FROM_DEFINITION,SC_V1923_B023_025,
MF_C_SC_V1923_B023_025,CONTEXT_MEANING,SC_V1923_B023_025,
MF_A_SC_V1923_B023_036,MEANING_CHOICE,SC_V1923_B023_036,
MF_B_SC_V1923_B023_036,WORD_FROM_DEFINITION,SC_V1923_B023_036,
MF_C_SC_V1923_B023_036,CONTEXT_MEANING,SC_V1923_B023_036,
MF_A_SC_V1923_B023_045,MEANING_CHOICE,SC_V1923_B023_045,
MF_B_SC_V1923_B023_045,WORD_FROM_DEFINITION,SC_V1923_B023_045,
MF_C_SC_V1923_B023_045,CONTEXT_MEANING,SC_V1923_B023_045,
MF_D_SC_V1923_B023_045,CONTEXT_CLOZE,SC_V1923_B023_045,
MF_A_SC_V1924_B024_023,MEANING_CHOICE,SC_V1924_B024_023,
MF_B_SC_V1924_B024_023,WORD_FROM_DEFINITION,SC_V1924_B024_023,
MF_C_SC_V1924_B024_023,CONTEXT_MEANING,SC_V1924_B024_023,
MF_D_SC_V1924_B024_023,CONTEXT_CLOZE,SC_V1924_B024_023,
MF_A_SC_V1924_B024_046,MEANING_CHOICE,SC_V1924_B024_046,
MF_B_SC_V1924_B024_046,WORD_FROM_DEFINITION,SC_V1924_B024_046,
MF_C_SC_V1924_B024_046,CONTEXT_MEANING,SC_V1924_B024_046,
MF_D_SC_V1924_B024_046,CONTEXT_CLOZE,SC_V1924_B024_046,
MF_A_SC_V1925_B025_012,MEANING_CHOICE,SC_V1925_B025_012,
MF_B_SC_V1925_B025_012,WORD_FROM_DEFINITION,SC_V1925_B025_012,
MF_C_SC_V1925_B025_012,CONTEXT_MEANING,SC_V1925_B025_012,
MF_D_SC_V1925_B025_012,CONTEXT_CLOZE,SC_V1925_B025_012,
MF_A_SC_V1927_B027_002,MEANING_CHOICE,SC_V1927_B027_002,
MF_B_SC_V1927_B027_002,WORD_FROM_DEFINITION,SC_V1927_B027_002,
MF_C_SC_V1927_B027_002,CONTEXT_MEANING,SC_V1927_B027_002,
MF_D_SC_V1927_B027_002,CONTEXT_CLOZE,SC_V1927_B027_002,
MF_A_SC_V1928_B028_008,MEANING_CHOICE,SC_V1928_B028_008,
MF_B_SC_V1928_B028_008,WORD_FROM_DEFINITION,SC_V1928_B028_008,
MF_C_SC_V1928_B028_008,CONTEXT_MEANING,SC_V1928_B028_008,
MF_D_SC_V1928_B028_008,CONTEXT_CLOZE,SC_V1928_B028_008,
MF_A_SC_V1928_B028_014,MEANING_CHOICE,SC_V1928_B028_014,
MF_B_SC_V1928_B028_014,WORD_FROM_DEFINITION,SC_V1928_B028_014,
MF_C_SC_V1928_B028_014,CONTEXT_MEANING,SC_V1928_B028_014,
MF_D_SC_V1928_B028_014,CONTEXT_CLOZE,SC_V1928_B028_014,
MF_A_SC_V1928_B028_047,MEANING_CHOICE,SC_V1928_B028_047,
MF_B_SC_V1928_B028_047,WORD_FROM_DEFINITION,SC_V1928_B028_047,
MF_C_SC_V1928_B028_047,CONTEXT_MEANING,SC_V1928_B028_047,
MF_D_SC_V1928_B028_047,CONTEXT_CLOZE,SC_V1928_B028_047,
MF_A_SC_V192_B002_018,MEANING_CHOICE,SC_V192_B002_018,
MF_B_SC_V192_B002_018,WORD_FROM_DEFINITION,SC_V192_B002_018,
MF_C_SC_V192_B002_018,CONTEXT_MEANING,SC_V192_B002_018,
MF_D_SC_V192_B002_018,CONTEXT_CLOZE,SC_V192_B002_018,
MF_A_SC_V192_B002_019,MEANING_CHOICE,SC_V192_B002_019,
MF_B_SC_V192_B002_019,WORD_FROM_DEFINITION,SC_V192_B002_019,
MF_C_SC_V192_B002_019,CONTEXT_MEANING,SC_V192_B002_019,
MF_D_SC_V192_B002_019,CONTEXT_CLOZE,SC_V192_B002_019,
MF_A_SC_V192_B002_037,MEANING_CHOICE,SC_V192_B002_037,
MF_B_SC_V192_B002_037,WORD_FROM_DEFINITION,SC_V192_B002_037,
MF_C_SC_V192_B002_037,CONTEXT_MEANING,SC_V192_B002_037,
MF_A_SC_V1930_B030_011,MEANING_CHOICE,SC_V1930_B030_011,
MF_B_SC_V1930_B030_011,WORD_FROM_DEFINITION,SC_V1930_B030_011,
MF_C_SC_V1930_B030_011,CONTEXT_MEANING,SC_V1930_B030_011,
MF_D_SC_V1930_B030_011,CONTEXT_CLOZE,SC_V1930_B030_011,
MF_A_SC_V1930_B030_020,MEANING_CHOICE,SC_V1930_B030_020,
MF_B_SC_V1930_B030_020,WORD_FROM_DEFINITION,SC_V1930_B030_020,
MF_C_SC_V1930_B030_020,CONTEXT_MEANING,SC_V1930_B030_020,
MF_D_SC_V1930_B030_020,CONTEXT_CLOZE,SC_V1930_B030_020,
MF_A_SC_V1930_B030_024,MEANING_CHOICE,SC_V1930_B030_024,
MF_B_SC_V1930_B030_024,WORD_FROM_DEFINITION,SC_V1930_B030_024,
MF_C_SC_V1930_B030_024,CONTEXT_MEANING,SC_V1930_B030_024,
MF_D_SC_V1930_B030_024,CONTEXT_CLOZE,SC_V1930_B030_024,
MF_A_SC_V1930_B030_029,MEANING_CHOICE,SC_V1930_B030_029,
MF_B_SC_V1930_B030_029,WORD_FROM_DEFINITION,SC_V1930_B030_029,
MF_C_SC_V1930_B030_029,CONTEXT_MEANING,SC_V1930_B030_029,
MF_A_SC_V1930_B030_047,MEANING_CHOICE,SC_V1930_B030_047,
MF_B_SC_V1930_B030_047,WORD_FROM_DEFINITION,SC_V1930_B030_047,
MF_C_SC_V1930_B030_047,CONTEXT_MEANING,SC_V1930_B030_047,
MF_D_SC_V1930_B030_047,CONTEXT_CLOZE,SC_V1930_B030_047,
MF_A_SC_V1931_B031_034,MEANING_CHOICE,SC_V1931_B031_034,
MF_B_SC_V1931_B031_034,WORD_FROM_DEFINITION,SC_V1931_B031_034,
MF_C_SC_V1931_B031_034,CONTEXT_MEANING,SC_V1931_B031_034,
MF_A_SC_V1931_B031_048,MEANING_CHOICE,SC_V1931_B031_048,
MF_B_SC_V1931_B031_048,WORD_FROM_DEFINITION,SC_V1931_B031_048,
MF_C_SC_V1931_B031_048,CONTEXT_MEANING,SC_V1931_B031_048,
MF_D_SC_V1931_B031_048,CONTEXT_CLOZE,SC_V1931_B031_048,
MF_A_SC_V1931_B031_050,MEANING_CHOICE,SC_V1931_B031_050,
MF_B_SC_V1931_B031_050,WORD_FROM_DEFINITION,SC_V1931_B031_050,
MF_C_SC_V1931_B031_050,CONTEXT_MEANING,SC_V1931_B031_050,
MF_D_SC_V1931_B031_050,CONTEXT_CLOZE,SC_V1931_B031_050,
MF_A_SC_V1932_B032_028,MEANING_CHOICE,SC_V1932_B032_028,
MF_B_SC_V1932_B032_028,WORD_FROM_DEFINITION,SC_V1932_B032_028,
MF_C_SC_V1932_B032_028,CONTEXT_MEANING,SC_V1932_B032_028,
MF_A_SC_V1933_B033_003,MEANING_CHOICE,SC_V1933_B033_003,
MF_B_SC_V1933_B033_003,WORD_FROM_DEFINITION,SC_V1933_B033_003,
MF_C_SC_V1933_B033_003,CONTEXT_MEANING,SC_V1933_B033_003,
MF_D_SC_V1933_B033_003,CONTEXT_CLOZE,SC_V1933_B033_003,
MF_A_SC_V1933_B033_018,MEANING_CHOICE,SC_V1933_B033_018,
MF_B_SC_V1933_B033_018,WORD_FROM_DEFINITION,SC_V1933_B033_018,
MF_C_SC_V1933_B033_018,CONTEXT_MEANING,SC_V1933_B033_018,
MF_A_SC_V1933_B033_049,MEANING_CHOICE,SC_V1933_B033_049,
MF_B_SC_V1933_B033_049,WORD_FROM_DEFINITION,SC_V1933_B033_049,
MF_C_SC_V1933_B033_049,CONTEXT_MEANING,SC_V1933_B033_049,
MF_D_SC_V1933_B033_049,CONTEXT_CLOZE,SC_V1933_B033_049,
MF_A_SC_V1934_B034_004,MEANING_CHOICE,SC_V1934_B034_004,
MF_B_SC_V1934_B034_004,WORD_FROM_DEFINITION,SC_V1934_B034_004,
MF_C_SC_V1934_B034_004,CONTEXT_MEANING,SC_V1934_B034_004,
MF_A_SC_V1934_B034_042,MEANING_CHOICE,SC_V1934_B034_042,
MF_B_SC_V1934_B034_042,WORD_FROM_DEFINITION,SC_V1934_B034_042,
MF_C_SC_V1934_B034_042,CONTEXT_MEANING,SC_V1934_B034_042,
MF_A_SC_V1935_B035_021,MEANING_CHOICE,SC_V1935_B035_021,
MF_B_SC_V1935_B035_021,WORD_FROM_DEFINITION,SC_V1935_B035_021,
MF_C_SC_V1935_B035_021,CONTEXT_MEANING,SC_V1935_B035_021,
MF_D_SC_V1935_B035_021,CONTEXT_CLOZE,SC_V1935_B035_021,
MF_A_SC_V1935_B035_029,MEANING_CHOICE,SC_V1935_B035_029,
MF_B_SC_V1935_B035_029,WORD_FROM_DEFINITION,SC_V1935_B035_029,
MF_C_SC_V1935_B035_029,CONTEXT_MEANING,SC_V1935_B035_029,
MF_D_SC_V1935_B035_029,CONTEXT_CLOZE,SC_V1935_B035_029,
MF_A_SC_V1935_B035_036,MEANING_CHOICE,SC_V1935_B035_036,
MF_B_SC_V1935_B035_036,WORD_FROM_DEFINITION,SC_V1935_B035_036,
MF_C_SC_V1935_B035_036,CONTEXT_MEANING,SC_V1935_B035_036,
MF_A_SC_V1936_B036_008,MEANING_CHOICE,SC_V1936_B036_008,
MF_B_SC_V1936_B036_008,WORD_FROM_DEFINITION,SC_V1936_B036_008,
MF_C_SC_V1936_B036_008,CONTEXT_MEANING,SC_V1936_B036_008,
MF_D_SC_V1936_B036_008,CONTEXT_CLOZE,SC_V1936_B036_008,
MF_A_SC_V1936_B036_021,MEANING_CHOICE,SC_V1936_B036_021,
MF_B_SC_V1936_B036_021,WORD_FROM_DEFINITION,SC_V1936_B036_021,
MF_C_SC_V1936_B036_021,CONTEXT_MEANING,SC_V1936_B036_021,
MF_D_SC_V1936_B036_021,CONTEXT_CLOZE,SC_V1936_B036_021,
MF_A_SC_V1936_B036_047,MEANING_CHOICE,SC_V1936_B036_047,
MF_B_SC_V1936_B036_047,WORD_FROM_DEFINITION,SC_V1936_B036_047,
MF_C_SC_V1936_B036_047,CONTEXT_MEANING,SC_V1936_B036_047,
MF_D_SC_V1936_B036_047,CONTEXT_CLOZE,SC_V1936_B036_047,
MF_A_SC_V1937_B037_034,MEANING_CHOICE,SC_V1937_B037_034,
MF_B_SC_V1937_B037_034,WORD_FROM_DEFINITION,SC_V1937_B037_034,
MF_C_SC_V1937_B037_034,CONTEXT_MEANING,SC_V1937_B037_034,
MF_D_SC_V1937_B037_034,CONTEXT_CLOZE,SC_V1937_B037_034,
MF_A_SC_V1937_B037_048,MEANING_CHOICE,SC_V1937_B037_048,
MF_B_SC_V1937_B037_048,WORD_FROM_DEFINITION,SC_V1937_B037_048,
MF_C_SC_V1937_B037_048,CONTEXT_MEANING,SC_V1937_B037_048,
MF_D_SC_V1937_B037_048,CONTEXT_CLOZE,SC_V1937_B037_048,
MF_A_SC_V1939_B039_009,MEANING_CHOICE,SC_V1939_B039_009,
MF_B_SC_V1939_B039_009,WORD_FROM_DEFINITION,SC_V1939_B039_009,
MF_C_SC_V1939_B039_009,CONTEXT_MEANING,SC_V1939_B039_009,
MF_D_SC_V1939_B039_009,CONTEXT_CLOZE,SC_V1939_B039_009,
MF_A_SC_V1939_B039_022,MEANING_CHOICE,SC_V1939_B039_022,
MF_B_SC_V1939_B039_022,WORD_FROM_DEFINITION,SC_V1939_B039_022,
MF_C_SC_V1939_B039_022,CONTEXT_MEANING,SC_V1939_B039_022,
MF_A_SC_V1939_B039_044,MEANING_CHOICE,SC_V1939_B039_044,
MF_B_SC_V1939_B039_044,WORD_FROM_DEFINITION,SC_V1939_B039_044,
MF_C_SC_V1939_B039_044,CONTEXT_MEANING,SC_V1939_B039_044,
MF_D_SC_V1939_B039_044,CONTEXT_CLOZE,SC_V1939_B039_044,
MF_A_SC_V193_B003_016,MEANING_CHOICE,SC_V193_B003_016,
MF_B_SC_V193_B003_016,WORD_FROM_DEFINITION,SC_V193_B003_016,
MF_C_SC_V193_B003_016,CONTEXT_MEANING,SC_V193_B003_016,
MF_A_SC_V193_B003_025,MEANING_CHOICE,SC_V193_B003_025,
MF_B_SC_V193_B003_025,WORD_FROM_DEFINITION,SC_V193_B003_025,
MF_C_SC_V193_B003_025,CONTEXT_MEANING,SC_V193_B003_025,
MF_D_SC_V193_B003_025,CONTEXT_CLOZE,SC_V193_B003_025,
MF_A_SC_V193_B003_027,MEANING_CHOICE,SC_V193_B003_027,
MF_B_SC_V193_B003_027,WORD_FROM_DEFINITION,SC_V193_B003_027,
MF_C_SC_V193_B003_027,CONTEXT_MEANING,SC_V193_B003_027,
MF_D_SC_V193_B003_027,CONTEXT_CLOZE,SC_V193_B003_027,
MF_A_SC_V193_B003_043,MEANING_CHOICE,SC_V193_B003_043,
MF_B_SC_V193_B003_043,WORD_FROM_DEFINITION,SC_V193_B003_043,
MF_C_SC_V193_B003_043,CONTEXT_MEANING,SC_V193_B003_043,
MF_D_SC_V193_B003_043,CONTEXT_CLOZE,SC_V193_B003_043,
MF_A_SC_V1940_B040_004,MEANING_CHOICE,SC_V1940_B040_004,
MF_B_SC_V1940_B040_004,WORD_FROM_DEFINITION,SC_V1940_B040_004,
MF_C_SC_V1940_B040_004,CONTEXT_MEANING,SC_V1940_B040_004,
MF_D_SC_V1940_B040_004,CONTEXT_CLOZE,SC_V1940_B040_004,
MF_A_SC_V1940_B040_037,MEANING_CHOICE,SC_V1940_B040_037,
MF_B_SC_V1940_B040_037,WORD_FROM_DEFINITION,SC_V1940_B040_037,
MF_C_SC_V1940_B040_037,CONTEXT_MEANING,SC_V1940_B040_037,
MF_A_SC_V1940_B040_043,MEANING_CHOICE,SC_V1940_B040_043,
MF_B_SC_V1940_B040_043,WORD_FROM_DEFINITION,SC_V1940_B040_043,
MF_C_SC_V1940_B040_043,CONTEXT_MEANING,SC_V1940_B040_043,
MF_D_SC_V1940_B040_043,CONTEXT_CLOZE,SC_V1940_B040_043,
MF_A_SC_V1941_B041_015,MEANING_CHOICE,SC_V1941_B041_015,
MF_B_SC_V1941_B041_015,WORD_FROM_DEFINITION,SC_V1941_B041_015,
MF_C_SC_V1941_B041_015,CONTEXT_MEANING,SC_V1941_B041_015,
MF_D_SC_V1941_B041_015,CONTEXT_CLOZE,SC_V1941_B041_015,
MF_A_SC_V1941_B041_019,MEANING_CHOICE,SC_V1941_B041_019,
MF_B_SC_V1941_B041_019,WORD_FROM_DEFINITION,SC_V1941_B041_019,
MF_C_SC_V1941_B041_019,CONTEXT_MEANING,SC_V1941_B041_019,
MF_D_SC_V1941_B041_019,CONTEXT_CLOZE,SC_V1941_B041_019,
MF_A_SC_V1941_B041_047,MEANING_CHOICE,SC_V1941_B041_047,
MF_B_SC_V1941_B041_047,WORD_FROM_DEFINITION,SC_V1941_B041_047,
MF_C_SC_V1941_B041_047,CONTEXT_MEANING,SC_V1941_B041_047,
MF_D_SC_V1941_B041_047,CONTEXT_CLOZE,SC_V1941_B041_047,
MF_A_SC_V1941_B041_049,MEANING_CHOICE,SC_V1941_B041_049,
MF_B_SC_V1941_B041_049,WORD_FROM_DEFINITION,SC_V1941_B041_049,
MF_C_SC_V1941_B041_049,CONTEXT_MEANING,SC_V1941_B041_049,
MF_D_SC_V1941_B041_049,CONTEXT_CLOZE,SC_V1941_B041_049,
MF_A_SC_V1942_B042_014,MEANING_CHOICE,SC_V1942_B042_014,
MF_B_SC_V1942_B042_014,WORD_FROM_DEFINITION,SC_V1942_B042_014,
MF_C_SC_V1942_B042_014,CONTEXT_MEANING,SC_V1942_B042_014,
MF_D_SC_V1942_B042_014,CONTEXT_CLOZE,SC_V1942_B042_014,
MF_A_SC_V1943_B043_018,MEANING_CHOICE,SC_V1943_B043_018,
MF_B_SC_V1943_B043_018,WORD_FROM_DEFINITION,SC_V1943_B043_018,
MF_C_SC_V1943_B043_018,CONTEXT_MEANING,SC_V1943_B043_018,
MF_D_SC_V1943_B043_018,CONTEXT_CLOZE,SC_V1943_B043_018,
MF_A_SC_V1943_B043_031,MEANING_CHOICE,SC_V1943_B043_031,
MF_B_SC_V1943_B043_031,WORD_FROM_DEFINITION,SC_V1943_B043_031,
MF_C_SC_V1943_B043_031,CONTEXT_MEANING,SC_V1943_B043_031,
MF_D_SC_V1943_B043_031,CONTEXT_CLOZE,SC_V1943_B043_031,
MF_A_SC_V1944_B044_042,MEANING_CHOICE,SC_V1944_B044_042,
MF_B_SC_V1944_B044_042,WORD_FROM_DEFINITION,SC_V1944_B044_042,
MF_C_SC_V1944_B044_042,CONTEXT_MEANING,SC_V1944_B044_042,
MF_A_SC_V1944_B044_043,MEANING_CHOICE,SC_V1944_B044_043,
MF_B_SC_V1944_B044_043,WORD_FROM_DEFINITION,SC_V1944_B044_043,
MF_C_SC_V1944_B044_043,CONTEXT_MEANING,SC_V1944_B044_043,
MF_D_SC_V1944_B044_043,CONTEXT_CLOZE,SC_V1944_B044_043,
MF_A_SC_V1945_B045_050,MEANING_CHOICE,SC_V1945_B045_050,
MF_B_SC_V1945_B045_050,WORD_FROM_DEFINITION,SC_V1945_B045_050,
MF_C_SC_V1945_B045_050,CONTEXT_MEANING,SC_V1945_B045_050,
MF_D_SC_V1945_B045_050,CONTEXT_CLOZE,SC_V1945_B045_050,
MF_A_SC_V1946_B046_014,MEANING_CHOICE,SC_V1946_B046_014,
MF_B_SC_V1946_B046_014,WORD_FROM_DEFINITION,SC_V1946_B046_014,
MF_C_SC_V1946_B046_014,CONTEXT_MEANING,SC_V1946_B046_014,
MF_D_SC_V1946_B046_014,CONTEXT_CLOZE,SC_V1946_B046_014,
MF_A_SC_V1948_B048_006,MEANING_CHOICE,SC_V1948_B048_006,
MF_B_SC_V1948_B048_006,WORD_FROM_DEFINITION,SC_V1948_B048_006,
MF_C_SC_V1948_B048_006,CONTEXT_MEANING,SC_V1948_B048_006,
MF_D_SC_V1948_B048_006,CONTEXT_CLOZE,SC_V1948_B048_006,
MF_A_SC_V1948_B048_017,MEANING_CHOICE,SC_V1948_B048_017,
MF_B_SC_V1948_B048_017,WORD_FROM_DEFINITION,SC_V1948_B048_017,
MF_C_SC_V1948_B048_017,CONTEXT_MEANING,SC_V1948_B048_017,
MF_D_SC_V1948_B048_017,CONTEXT_CLOZE,SC_V1948_B048_017,
MF_A_SC_V1948_B048_024,MEANING_CHOICE,SC_V1948_B048_024,
MF_B_SC_V1948_B048_024,WORD_FROM_DEFINITION,SC_V1948_B048_024,
MF_C_SC_V1948_B048_024,CONTEXT_MEANING,SC_V1948_B048_024,
MF_D_SC_V1948_B048_024,CONTEXT_CLOZE,SC_V1948_B048_024,
MF_A_SC_V1949_B049_003,MEANING_CHOICE,SC_V1949_B049_003,
MF_B_SC_V1949_B049_003,WORD_FROM_DEFINITION,SC_V1949_B049_003,
MF_C_SC_V1949_B049_003,CONTEXT_MEANING,SC_V1949_B049_003,
MF_D_SC_V1949_B049_003,CONTEXT_CLOZE,SC_V1949_B049_003,
MF_A_SC_V1949_B049_006,MEANING_CHOICE,SC_V1949_B049_006,
MF_B_SC_V1949_B049_006,WORD_FROM_DEFINITION,SC_V1949_B049_006,
MF_C_SC_V1949_B049_006,CONTEXT_MEANING,SC_V1949_B049_006,
MF_D_SC_V1949_B049_006,CONTEXT_CLOZE,SC_V1949_B049_006,
MF_A_SC_V1949_B049_013,MEANING_CHOICE,SC_V1949_B049_013,
MF_B_SC_V1949_B049_013,WORD_FROM_DEFINITION,SC_V1949_B049_013,
MF_C_SC_V1949_B049_013,CONTEXT_MEANING,SC_V1949_B049_013,
MF_D_SC_V1949_B049_013,CONTEXT_CLOZE,SC_V1949_B049_013,
MF_A_SC_V194_B004_002,MEANING_CHOICE,SC_V194_B004_002,
MF_B_SC_V194_B004_002,WORD_FROM_DEFINITION,SC_V194_B004_002,
MF_C_SC_V194_B004_002,CONTEXT_MEANING,SC_V194_B004_002,
MF_D_SC_V194_B004_002,CONTEXT_CLOZE,SC_V194_B004_002,
MF_A_SC_V194_B004_036,MEANING_CHOICE,SC_V194_B004_036,
MF_B_SC_V194_B004_036,WORD_FROM_DEFINITION,SC_V194_B004_036,
MF_C_SC_V194_B004_036,CONTEXT_MEANING,SC_V194_B004_036,
MF_D_SC_V194_B004_036,CONTEXT_CLOZE,SC_V194_B004_036,
MF_A_SC_V1951_B051_023,MEANING_CHOICE,SC_V1951_B051_023,
MF_B_SC_V1951_B051_023,WORD_FROM_DEFINITION,SC_V1951_B051_023,
MF_C_SC_V1951_B051_023,CONTEXT_MEANING,SC_V1951_B051_023,
MF_A_SC_V1951_B051_044,MEANING_CHOICE,SC_V1951_B051_044,
MF_B_SC_V1951_B051_044,WORD_FROM_DEFINITION,SC_V1951_B051_044,
MF_C_SC_V1951_B051_044,CONTEXT_MEANING,SC_V1951_B051_044,
MF_D_SC_V1951_B051_044,CONTEXT_CLOZE,SC_V1951_B051_044,
MF_A_SC_V1952_B052_032,MEANING_CHOICE,SC_V1952_B052_032,
MF_B_SC_V1952_B052_032,WORD_FROM_DEFINITION,SC_V1952_B052_032,
MF_C_SC_V1952_B052_032,CONTEXT_MEANING,SC_V1952_B052_032,
MF_D_SC_V1952_B052_032,CONTEXT_CLOZE,SC_V1952_B052_032,
MF_A_SC_V1952_B052_033,MEANING_CHOICE,SC_V1952_B052_033,
MF_B_SC_V1952_B052_033,WORD_FROM_DEFINITION,SC_V1952_B052_033,
MF_C_SC_V1952_B052_033,CONTEXT_MEANING,SC_V1952_B052_033,
MF_A_SC_V1953_B053_005,MEANING_CHOICE,SC_V1953_B053_005,
MF_B_SC_V1953_B053_005,WORD_FROM_DEFINITION,SC_V1953_B053_005,
MF_C_SC_V1953_B053_005,CONTEXT_MEANING,SC_V1953_B053_005,
MF_D_SC_V1953_B053_005,CONTEXT_CLOZE,SC_V1953_B053_005,
MF_A_SC_V1954_B054_045,MEANING_CHOICE,SC_V1954_B054_045,
MF_B_SC_V1954_B054_045,WORD_FROM_DEFINITION,SC_V1954_B054_045,
MF_C_SC_V1954_B054_045,CONTEXT_MEANING,SC_V1954_B054_045,
MF_A_SC_V1955_B055_025,MEANING_CHOICE,SC_V1955_B055_025,
MF_B_SC_V1955_B055_025,WORD_FROM_DEFINITION,SC_V1955_B055_025,
MF_C_SC_V1955_B055_025,CONTEXT_MEANING,SC_V1955_B055_025,
MF_D_SC_V1955_B055_025,CONTEXT_CLOZE,SC_V1955_B055_025,
MF_A_SC_V1955_B055_030,MEANING_CHOICE,SC_V1955_B055_030,
MF_B_SC_V1955_B055_030,WORD_FROM_DEFINITION,SC_V1955_B055_030,
MF_C_SC_V1955_B055_030,CONTEXT_MEANING,SC_V1955_B055_030,
MF_D_SC_V1955_B055_030,CONTEXT_CLOZE,SC_V1955_B055_030,
MF_A_SC_V1955_B055_041,MEANING_CHOICE,SC_V1955_B055_041,
MF_B_SC_V1955_B055_041,WORD_FROM_DEFINITION,SC_V1955_B055_041,
MF_C_SC_V1955_B055_041,CONTEXT_MEANING,SC_V1955_B055_041,
MF_D_SC_V1955_B055_041,CONTEXT_CLOZE,SC_V1955_B055_041,
MF_A_SC_V1955_B055_045,MEANING_CHOICE,SC_V1955_B055_045,
MF_B_SC_V1955_B055_045,WORD_FROM_DEFINITION,SC_V1955_B055_045,
MF_C_SC_V1955_B055_045,CONTEXT_MEANING,SC_V1955_B055_045,
MF_D_SC_V1955_B055_045,CONTEXT_CLOZE,SC_V1955_B055_045,
MF_A_SC_V1959_B059_001,MEANING_CHOICE,SC_V1959_B059_001,
MF_B_SC_V1959_B059_001,WORD_FROM_DEFINITION,SC_V1959_B059_001,
MF_C_SC_V1959_B059_001,CONTEXT_MEANING,SC_V1959_B059_001,
MF_D_SC_V1959_B059_001,CONTEXT_CLOZE,SC_V1959_B059_001,
MF_A_SC_V1959_B059_026,MEANING_CHOICE,SC_V1959_B059_026,
MF_B_SC_V1959_B059_026,WORD_FROM_DEFINITION,SC_V1959_B059_026,
MF_C_SC_V1959_B059_026,CONTEXT_MEANING,SC_V1959_B059_026,
MF_D_SC_V1959_B059_026,CONTEXT_CLOZE,SC_V1959_B059_026,
MF_A_SC_V1959_B059_035,MEANING_CHOICE,SC_V1959_B059_035,
MF_B_SC_V1959_B059_035,WORD_FROM_DEFINITION,SC_V1959_B059_035,
MF_C_SC_V1959_B059_035,CONTEXT_MEANING,SC_V1959_B059_035,
MF_D_SC_V1959_B059_035,CONTEXT_CLOZE,SC_V1959_B059_035,
MF_A_SC_V195_B005_010,MEANING_CHOICE,SC_V195_B005_010,
MF_B_SC_V195_B005_010,WORD_FROM_DEFINITION,SC_V195_B005_010,
MF_C_SC_V195_B005_010,CONTEXT_MEANING,SC_V195_B005_010,
MF_D_SC_V195_B005_010,CONTEXT_CLOZE,SC_V195_B005_010,
MF_A_SC_V195_B005_012,MEANING_CHOICE,SC_V195_B005_012,
MF_B_SC_V195_B005_012,WORD_FROM_DEFINITION,SC_V195_B005_012,
MF_C_SC_V195_B005_012,CONTEXT_MEANING,SC_V195_B005_012,
MF_D_SC_V195_B005_012,CONTEXT_CLOZE,SC_V195_B005_012,
MF_A_SC_V1961_B061_006,MEANING_CHOICE,SC_V1961_B061_006,
MF_B_SC_V1961_B061_006,WORD_FROM_DEFINITION,SC_V1961_B061_006,
MF_C_SC_V1961_B061_006,CONTEXT_MEANING,SC_V1961_B061_006,
MF_A_SC_V1961_B061_014,MEANING_CHOICE,SC_V1961_B061_014,
MF_B_SC_V1961_B061_014,WORD_FROM_DEFINITION,SC_V1961_B061_014,
MF_C_SC_V1961_B061_014,CONTEXT_MEANING,SC_V1961_B061_014,
MF_A_SC_V1961_B061_048,MEANING_CHOICE,SC_V1961_B061_048,
MF_B_SC_V1961_B061_048,WORD_FROM_DEFINITION,SC_V1961_B061_048,
MF_C_SC_V1961_B061_048,CONTEXT_MEANING,SC_V1961_B061_048,
MF_D_SC_V1961_B061_048,CONTEXT_CLOZE,SC_V1961_B061_048,
MF_A_SC_V1962_B062_025,MEANING_CHOICE,SC_V1962_B062_025,
MF_B_SC_V1962_B062_025,WORD_FROM_DEFINITION,SC_V1962_B062_025,
MF_C_SC_V1962_B062_025,CONTEXT_MEANING,SC_V1962_B062_025,
MF_D_SC_V1962_B062_025,CONTEXT_CLOZE,SC_V1962_B062_025,
MF_A_SC_V1962_B062_036,MEANING_CHOICE,SC_V1962_B062_036,
MF_B_SC_V1962_B062_036,WORD_FROM_DEFINITION,SC_V1962_B062_036,
MF_C_SC_V1962_B062_036,CONTEXT_MEANING,SC_V1962_B062_036,
MF_D_SC_V1962_B062_036,CONTEXT_CLOZE,SC_V1962_B062_036,
MF_A_SC_V1963_B063_009,MEANING_CHOICE,SC_V1963_B063_009,
MF_B_SC_V1963_B063_009,WORD_FROM_DEFINITION,SC_V1963_B063_009,
MF_C_SC_V1963_B063_009,CONTEXT_MEANING,SC_V1963_B063_009,
MF_A_SC_V1964_B064_008,MEANING_CHOICE,SC_V1964_B064_008,
MF_B_SC_V1964_B064_008,WORD_FROM_DEFINITION,SC_V1964_B064_008,
MF_C_SC_V1964_B064_008,CONTEXT_MEANING,SC_V1964_B064_008,
MF_D_SC_V1964_B064_008,CONTEXT_CLOZE,SC_V1964_B064_008,
MF_A_SC_V1964_B064_026,MEANING_CHOICE,SC_V1964_B064_026,
MF_B_SC_V1964_B064_026,WORD_FROM_DEFINITION,SC_V1964_B064_026,
MF_C_SC_V1964_B064_026,CONTEXT_MEANING,SC_V1964_B064_026,
MF_A_SC_V1964_B064_039,MEANING_CHOICE,SC_V1964_B064_039,
MF_B_SC_V1964_B064_039,WORD_FROM_DEFINITION,SC_V1964_B064_039,
MF_C_SC_V1964_B064_039,CONTEXT_MEANING,SC_V1964_B064_039,
MF_D_SC_V1964_B064_039,CONTEXT_CLOZE,SC_V1964_B064_039,
MF_A_SC_V1965_B065_030,MEANING_CHOICE,SC_V1965_B065_030,
MF_B_SC_V1965_B065_030,WORD_FROM_DEFINITION,SC_V1965_B065_030,
MF_C_SC_V1965_B065_030,CONTEXT_MEANING,SC_V1965_B065_030,
MF_D_SC_V1965_B065_030,CONTEXT_CLOZE,SC_V1965_B065_030,
MF_A_SC_V1965_B065_036,MEANING_CHOICE,SC_V1965_B065_036,
MF_B_SC_V1965_B065_036,WORD_FROM_DEFINITION,SC_V1965_B065_036,
MF_C_SC_V1965_B065_036,CONTEXT_MEANING,SC_V1965_B065_036,
MF_A_SC_V1965_B065_050,MEANING_CHOICE,SC_V1965_B065_050,
MF_B_SC_V1965_B065_050,WORD_FROM_DEFINITION,SC_V1965_B065_050,
MF_C_SC_V1965_B065_050,CONTEXT_MEANING,SC_V1965_B065_050,
MF_A_SC_V1966_B066_006,MEANING_CHOICE,SC_V1966_B066_006,
MF_B_SC_V1966_B066_006,WORD_FROM_DEFINITION,SC_V1966_B066_006,
MF_C_SC_V1966_B066_006,CONTEXT_MEANING,SC_V1966_B066_006,
MF_A_SC_V1966_B066_007,MEANING_CHOICE,SC_V1966_B066_007,
MF_B_SC_V1966_B066_007,WORD_FROM_DEFINITION,SC_V1966_B066_007,
MF_C_SC_V1966_B066_007,CONTEXT_MEANING,SC_V1966_B066_007,
MF_D_SC_V1966_B066_007,CONTEXT_CLOZE,SC_V1966_B066_007,
MF_A_SC_V1966_B066_010,MEANING_CHOICE,SC_V1966_B066_010,
MF_B_SC_V1966_B066_010,WORD_FROM_DEFINITION,SC_V1966_B066_010,
MF_C_SC_V1966_B066_010,CONTEXT_MEANING,SC_V1966_B066_010,
MF_D_SC_V1966_B066_010,CONTEXT_CLOZE,SC_V1966_B066_010,
MF_A_SC_V1966_B066_011,MEANING_CHOICE,SC_V1966_B066_011,
MF_B_SC_V1966_B066_011,WORD_FROM_DEFINITION,SC_V1966_B066_011,
MF_C_SC_V1966_B066_011,CONTEXT_MEANING,SC_V1966_B066_011,
MF_D_SC_V1966_B066_011,CONTEXT_CLOZE,SC_V1966_B066_011,
MF_A_SC_V1967_B067_002,MEANING_CHOICE,SC_V1967_B067_002,
MF_B_SC_V1967_B067_002,WORD_FROM_DEFINITION,SC_V1967_B067_002,
MF_C_SC_V1967_B067_002,CONTEXT_MEANING,SC_V1967_B067_002,
MF_D_SC_V1967_B067_002,CONTEXT_CLOZE,SC_V1967_B067_002,
MF_A_SC_V1967_B067_004,MEANING_CHOICE,SC_V1967_B067_004,
MF_B_SC_V1967_B067_004,WORD_FROM_DEFINITION,SC_V1967_B067_004,
MF_C_SC_V1967_B067_004,CONTEXT_MEANING,SC_V1967_B067_004,
MF_D_SC_V1967_B067_004,CONTEXT_CLOZE,SC_V1967_B067_004,
MF_A_SC_V1967_B067_016,MEANING_CHOICE,SC_V1967_B067_016,
MF_B_SC_V1967_B067_016,WORD_FROM_DEFINITION,SC_V1967_B067_016,
MF_C_SC_V1967_B067_016,CONTEXT_MEANING,SC_V1967_B067_016,
MF_A_SC_V1967_B067_030,MEANING_CHOICE,SC_V1967_B067_030,
MF_B_SC_V1967_B067_030,WORD_FROM_DEFINITION,SC_V1967_B067_030,
MF_C_SC_V1967_B067_030,CONTEXT_MEANING,SC_V1967_B067_030,
MF_D_SC_V1967_B067_030,CONTEXT_CLOZE,SC_V1967_B067_030,
MF_A_SC_V1967_B067_036,MEANING_CHOICE,SC_V1967_B067_036,
MF_B_SC_V1967_B067_036,WORD_FROM_DEFINITION,SC_V1967_B067_036,
MF_C_SC_V1967_B067_036,CONTEXT_MEANING,SC_V1967_B067_036,
MF_A_SC_V1968_B068_025,MEANING_CHOICE,SC_V1968_B068_025,
MF_B_SC_V1968_B068_025,WORD_FROM_DEFINITION,SC_V1968_B068_025,
MF_C_SC_V1968_B068_025,CONTEXT_MEANING,SC_V1968_B068_025,
MF_D_SC_V1968_B068_025,CONTEXT_CLOZE,SC_V1968_B068_025,
MF_A_SC_V1968_B068_029,MEANING_CHOICE,SC_V1968_B068_029,
MF_B_SC_V1968_B068_029,WORD_FROM_DEFINITION,SC_V1968_B068_029,
MF_C_SC_V1968_B068_029,CONTEXT_MEANING,SC_V1968_B068_029,
MF_A_SC_V1968_B068_037,MEANING_CHOICE,SC_V1968_B068_037,
MF_B_SC_V1968_B068_037,WORD_FROM_DEFINITION,SC_V1968_B068_037,
MF_C_SC_V1968_B068_037,CONTEXT_MEANING,SC_V1968_B068_037,
MF_A_SC_V1968_B068_040,MEANING_CHOICE,SC_V1968_B068_040,
MF_B_SC_V1968_B068_040,WORD_FROM_DEFINITION,SC_V1968_B068_040,
MF_C_SC_V1968_B068_040,CONTEXT_MEANING,SC_V1968_B068_040,
MF_A_SC_V1968_B068_048,MEANING_CHOICE,SC_V1968_B068_048,
MF_B_SC_V1968_B068_048,WORD_FROM_DEFINITION,SC_V1968_B068_048,
MF_C_SC_V1968_B068_048,CONTEXT_MEANING,SC_V1968_B068_048,
MF_A_SC_V1969_B069_046,MEANING_CHOICE,SC_V1969_B069_046,
MF_B_SC_V1969_B069_046,WORD_FROM_DEFINITION,SC_V1969_B069_046,
MF_C_SC_V1969_B069_046,CONTEXT_MEANING,SC_V1969_B069_046,
MF_D_SC_V1969_B069_046,CONTEXT_CLOZE,SC_V1969_B069_046,
MF_A_SC_V196_B006_011,MEANING_CHOICE,SC_V196_B006_011,
MF_B_SC_V196_B006_011,WORD_FROM_DEFINITION,SC_V196_B006_011,
MF_C_SC_V196_B006_011,CONTEXT_MEANING,SC_V196_B006_011,
MF_D_SC_V196_B006_011,CONTEXT_CLOZE,SC_V196_B006_011,
MF_A_SC_V196_B006_012,MEANING_CHOICE,SC_V196_B006_012,
MF_B_SC_V196_B006_012,WORD_FROM_DEFINITION,SC_V196_B006_012,
MF_C_SC_V196_B006_012,CONTEXT_MEANING,SC_V196_B006_012,
MF_A_SC_V1971_B071_024,MEANING_CHOICE,SC_V1971_B071_024,
MF_B_SC_V1971_B071_024,WORD_FROM_DEFINITION,SC_V1971_B071_024,
MF_C_SC_V1971_B071_024,CONTEXT_MEANING,SC_V1971_B071_024,
MF_A_SC_V1971_B071_042,MEANING_CHOICE,SC_V1971_B071_042,
MF_B_SC_V1971_B071_042,WORD_FROM_DEFINITION,SC_V1971_B071_042,
MF_C_SC_V1971_B071_042,CONTEXT_MEANING,SC_V1971_B071_042,
MF_D_SC_V1971_B071_042,CONTEXT_CLOZE,SC_V1971_B071_042,
MF_A_SC_V1972_B072_001,MEANING_CHOICE,SC_V1972_B072_001,
MF_B_SC_V1972_B072_001,WORD_FROM_DEFINITION,SC_V1972_B072_001,
MF_C_SC_V1972_B072_001,CONTEXT_MEANING,SC_V1972_B072_001,
MF_D_SC_V1972_B072_001,CONTEXT_CLOZE,SC_V1972_B072_001,
MF_A_SC_V1972_B072_004,MEANING_CHOICE,SC_V1972_B072_004,
MF_B_SC_V1972_B072_004,WORD_FROM_DEFINITION,SC_V1972_B072_004,
MF_C_SC_V1972_B072_004,CONTEXT_MEANING,SC_V1972_B072_004,
MF_D_SC_V1972_B072_004,CONTEXT_CLOZE,SC_V1972_B072_004,
MF_A_SC_V1973_B073_017,MEANING_CHOICE,SC_V1973_B073_017,
MF_B_SC_V1973_B073_017,WORD_FROM_DEFINITION,SC_V1973_B073_017,
MF_C_SC_V1973_B073_017,CONTEXT_MEANING,SC_V1973_B073_017,
MF_D_SC_V1973_B073_017,CONTEXT_CLOZE,SC_V1973_B073_017,
MF_A_SC_V1974_B074_008,MEANING_CHOICE,SC_V1974_B074_008,
MF_B_SC_V1974_B074_008,WORD_FROM_DEFINITION,SC_V1974_B074_008,
MF_C_SC_V1974_B074_008,CONTEXT_MEANING,SC_V1974_B074_008,
MF_A_SC_V1974_B074_032,MEANING_CHOICE,SC_V1974_B074_032,
MF_B_SC_V1974_B074_032,WORD_FROM_DEFINITION,SC_V1974_B074_032,
MF_C_SC_V1974_B074_032,CONTEXT_MEANING,SC_V1974_B074_032,
MF_D_SC_V1974_B074_032,CONTEXT_CLOZE,SC_V1974_B074_032,
MF_A_SC_V1974_B074_043,MEANING_CHOICE,SC_V1974_B074_043,
MF_B_SC_V1974_B074_043,WORD_FROM_DEFINITION,SC_V1974_B074_043,
MF_C_SC_V1974_B074_043,CONTEXT_MEANING,SC_V1974_B074_043,
MF_D_SC_V1974_B074_043,CONTEXT_CLOZE,SC_V1974_B074_043,
MF_A_SC_V1975_B075_012,MEANING_CHOICE,SC_V1975_B075_012,
MF_B_SC_V1975_B075_012,WORD_FROM_DEFINITION,SC_V1975_B075_012,
MF_C_SC_V1975_B075_012,CONTEXT_MEANING,SC_V1975_B075_012,
MF_D_SC_V1975_B075_012,CONTEXT_CLOZE,SC_V1975_B075_012,
MF_A_SC_V1975_B075_020,MEANING_CHOICE,SC_V1975_B075_020,
MF_B_SC_V1975_B075_020,WORD_FROM_DEFINITION,SC_V1975_B075_020,
MF_C_SC_V1975_B075_020,CONTEXT_MEANING,SC_V1975_B075_020,
MF_A_SC_V1976_B076_011,MEANING_CHOICE,SC_V1976_B076_011,
MF_B_SC_V1976_B076_011,WORD_FROM_DEFINITION,SC_V1976_B076_011,
MF_C_SC_V1976_B076_011,CONTEXT_MEANING,SC_V1976_B076_011,
MF_A_SC_V1977_B077_032,MEANING_CHOICE,SC_V1977_B077_032,
MF_B_SC_V1977_B077_032,WORD_FROM_DEFINITION,SC_V1977_B077_032,
MF_C_SC_V1977_B077_032,CONTEXT_MEANING,SC_V1977_B077_032,
MF_A_SC_V1978_B078_003,MEANING_CHOICE,SC_V1978_B078_003,
MF_B_SC_V1978_B078_003,WORD_FROM_DEFINITION,SC_V1978_B078_003,
MF_C_SC_V1978_B078_003,CONTEXT_MEANING,SC_V1978_B078_003,
MF_A_SC_V1978_B078_017,MEANING_CHOICE,SC_V1978_B078_017,
MF_B_SC_V1978_B078_017,WORD_FROM_DEFINITION,SC_V1978_B078_017,
MF_C_SC_V1978_B078_017,CONTEXT_MEANING,SC_V1978_B078_017,
MF_D_SC_V1978_B078_017,CONTEXT_CLOZE,SC_V1978_B078_017,
MF_A_SC_V1978_B078_018,MEANING_CHOICE,SC_V1978_B078_018,
MF_B_SC_V1978_B078_018,WORD_FROM_DEFINITION,SC_V1978_B078_018,
MF_C_SC_V1978_B078_018,CONTEXT_MEANING,SC_V1978_B078_018,
MF_D_SC_V1978_B078_018,CONTEXT_CLOZE,SC_V1978_B078_018,
MF_A_SC_V1978_B078_021,MEANING_CHOICE,SC_V1978_B078_021,
MF_B_SC_V1978_B078_021,WORD_FROM_DEFINITION,SC_V1978_B078_021,
MF_C_SC_V1978_B078_021,CONTEXT_MEANING,SC_V1978_B078_021,
MF_A_SC_V1978_B078_028,MEANING_CHOICE,SC_V1978_B078_028,
MF_B_SC_V1978_B078_028,WORD_FROM_DEFINITION,SC_V1978_B078_028,
MF_C_SC_V1978_B078_028,CONTEXT_MEANING,SC_V1978_B078_028,
MF_D_SC_V1978_B078_028,CONTEXT_CLOZE,SC_V1978_B078_028,
MF_A_SC_V1979_B079_027,MEANING_CHOICE,SC_V1979_B079_027,
MF_B_SC_V1979_B079_027,WORD_FROM_DEFINITION,SC_V1979_B079_027,
MF_C_SC_V1979_B079_027,CONTEXT_MEANING,SC_V1979_B079_027,
MF_A_SC_V1979_B079_033,MEANING_CHOICE,SC_V1979_B079_033,
MF_B_SC_V1979_B079_033,WORD_FROM_DEFINITION,SC_V1979_B079_033,
MF_C_SC_V1979_B079_033,CONTEXT_MEANING,SC_V1979_B079_033,
MF_D_SC_V1979_B079_033,CONTEXT_CLOZE,SC_V1979_B079_033,
MF_A_SC_V197_B007_021,MEANING_CHOICE,SC_V197_B007_021,
MF_B_SC_V197_B007_021,WORD_FROM_DEFINITION,SC_V197_B007_021,
MF_C_SC_V197_B007_021,CONTEXT_MEANING,SC_V197_B007_021,
MF_D_SC_V197_B007_021,CONTEXT_CLOZE,SC_V197_B007_021,
MF_A_SC_V197_B007_031,MEANING_CHOICE,SC_V197_B007_031,
MF_B_SC_V197_B007_031,WORD_FROM_DEFINITION,SC_V197_B007_031,
MF_C_SC_V197_B007_031,CONTEXT_MEANING,SC_V197_B007_031,
MF_D_SC_V197_B007_031,CONTEXT_CLOZE,SC_V197_B007_031,
MF_A_SC_V197_B007_045,MEANING_CHOICE,SC_V197_B007_045,
MF_B_SC_V197_B007_045,WORD_FROM_DEFINITION,SC_V197_B007_045,
MF_C_SC_V197_B007_045,CONTEXT_MEANING,SC_V197_B007_045,
MF_A_SC_V1980_B080_026,MEANING_CHOICE,SC_V1980_B080_026,
MF_B_SC_V1980_B080_026,WORD_FROM_DEFINITION,SC_V1980_B080_026,
MF_C_SC_V1980_B080_026,CONTEXT_MEANING,SC_V1980_B080_026,
MF_D_SC_V1980_B080_026,CONTEXT_CLOZE,SC_V1980_B080_026,
MF_A_SC_V1980_B080_028,MEANING_CHOICE,SC_V1980_B080_028,
MF_C_SC_V1980_B080_028,CONTEXT_MEANING,SC_V1980_B080_028,
MF_A_SC_V1982_B082_023,MEANING_CHOICE,SC_V1982_B082_023,
MF_B_SC_V1982_B082_023,WORD_FROM_DEFINITION,SC_V1982_B082_023,
MF_C_SC_V1982_B082_023,CONTEXT_MEANING,SC_V1982_B082_023,
MF_D_SC_V1982_B082_023,CONTEXT_CLOZE,SC_V1982_B082_023,
MF_A_SC_V1983_B083_001,MEANING_CHOICE,SC_V1983_B083_001,
MF_B_SC_V1983_B083_001,WORD_FROM_DEFINITION,SC_V1983_B083_001,
MF_C_SC_V1983_B083_001,CONTEXT_MEANING,SC_V1983_B083_001,
MF_D_SC_V1983_B083_001,CONTEXT_CLOZE,SC_V1983_B083_001,
MF_A_SC_V1983_B083_003,MEANING_CHOICE,SC_V1983_B083_003,
MF_B_SC_V1983_B083_003,WORD_FROM_DEFINITION,SC_V1983_B083_003,
MF_C_SC_V1983_B083_003,CONTEXT_MEANING,SC_V1983_B083_003,
MF_D_SC_V1983_B083_003,CONTEXT_CLOZE,SC_V1983_B083_003,
MF_A_SC_V1983_B083_018,MEANING_CHOICE,SC_V1983_B083_018,
MF_B_SC_V1983_B083_018,WORD_FROM_DEFINITION,SC_V1983_B083_018,
MF_C_SC_V1983_B083_018,CONTEXT_MEANING,SC_V1983_B083_018,
MF_A_SC_V1983_B083_038,MEANING_CHOICE,SC_V1983_B083_038,
MF_B_SC_V1983_B083_038,WORD_FROM_DEFINITION,SC_V1983_B083_038,
MF_C_SC_V1983_B083_038,CONTEXT_MEANING,SC_V1983_B083_038,
MF_D_SC_V1983_B083_038,CONTEXT_CLOZE,SC_V1983_B083_038,
MF_A_SC_V1984_B084_002,MEANING_CHOICE,SC_V1984_B084_002,
MF_B_SC_V1984_B084_002,WORD_FROM_DEFINITION,SC_V1984_B084_002,
MF_C_SC_V1984_B084_002,CONTEXT_MEANING,SC_V1984_B084_002,
MF_A_SC_V1984_B084_003,MEANING_CHOICE,SC_V1984_B084_003,
MF_B_SC_V1984_B084_003,WORD_FROM_DEFINITION,SC_V1984_B084_003,
MF_C_SC_V1984_B084_003,CONTEXT_MEANING,SC_V1984_B084_003,
MF_D_SC_V1984_B084_003,CONTEXT_CLOZE,SC_V1984_B084_003,
MF_A_SC_V1985_B085_004,MEANING_CHOICE,SC_V1985_B085_004,
MF_B_SC_V1985_B085_004,WORD_FROM_DEFINITION,SC_V1985_B085_004,
MF_C_SC_V1985_B085_004,CONTEXT_MEANING,SC_V1985_B085_004,
MF_D_SC_V1985_B085_004,CONTEXT_CLOZE,SC_V1985_B085_004,
MF_A_SC_V1985_B085_010,MEANING_CHOICE,SC_V1985_B085_010,
MF_B_SC_V1985_B085_010,WORD_FROM_DEFINITION,SC_V1985_B085_010,
MF_C_SC_V1985_B085_010,CONTEXT_MEANING,SC_V1985_B085_010,
MF_D_SC_V1985_B085_010,CONTEXT_CLOZE,SC_V1985_B085_010,
MF_A_SC_V1985_B085_015,MEANING_CHOICE,SC_V1985_B085_015,
MF_B_SC_V1985_B085_015,WORD_FROM_DEFINITION,SC_V1985_B085_015,
MF_C_SC_V1985_B085_015,CONTEXT_MEANING,SC_V1985_B085_015,
MF_D_SC_V1985_B085_015,CONTEXT_CLOZE,SC_V1985_B085_015,
MF_A_SC_V1985_B085_020,MEANING_CHOICE,SC_V1985_B085_020,
MF_B_SC_V1985_B085_020,WORD_FROM_DEFINITION,SC_V1985_B085_020,
MF_C_SC_V1985_B085_020,CONTEXT_MEANING,SC_V1985_B085_020,
MF_D_SC_V1985_B085_020,CONTEXT_CLOZE,SC_V1985_B085_020,
MF_A_SC_V1985_B085_048,MEANING_CHOICE,SC_V1985_B085_048,
MF_B_SC_V1985_B085_048,WORD_FROM_DEFINITION,SC_V1985_B085_048,
MF_C_SC_V1985_B085_048,CONTEXT_MEANING,SC_V1985_B085_048,
MF_D_SC_V1985_B085_048,CONTEXT_CLOZE,SC_V1985_B085_048,
MF_A_SC_V1987_B087_032,MEANING_CHOICE,SC_V1987_B087_032,
MF_B_SC_V1987_B087_032,WORD_FROM_DEFINITION,SC_V1987_B087_032,
MF_C_SC_V1987_B087_032,CONTEXT_MEANING,SC_V1987_B087_032,
MF_A_SC_V1988_B088_001,MEANING_CHOICE,SC_V1988_B088_001,
MF_B_SC_V1988_B088_001,WORD_FROM_DEFINITION,SC_V1988_B088_001,
MF_C_SC_V1988_B088_001,CONTEXT_MEANING,SC_V1988_B088_001,
MF_D_SC_V1988_B088_001,CONTEXT_CLOZE,SC_V1988_B088_001,
MF_A_SC_V1988_B088_042,MEANING_CHOICE,SC_V1988_B088_042,
MF_B_SC_V1988_B088_042,WORD_FROM_DEFINITION,SC_V1988_B088_042,
MF_C_SC_V1988_B088_042,CONTEXT_MEANING,SC_V1988_B088_042,
MF_D_SC_V1988_B088_042,CONTEXT_CLOZE,SC_V1988_B088_042,
MF_A_SC_V1988_B088_044,MEANING_CHOICE,SC_V1988_B088_044,
MF_B_SC_V1988_B088_044,WORD_FROM_DEFINITION,SC_V1988_B088_044,
MF_C_SC_V1988_B088_044,CONTEXT_MEANING,SC_V1988_B088_044,
MF_A_SC_V1989_B089_030,MEANING_CHOICE,SC_V1989_B089_030,
MF_B_SC_V1989_B089_030,WORD_FROM_DEFINITION,SC_V1989_B089_030,
MF_C_SC_V1989_B089_030,CONTEXT_MEANING,SC_V1989_B089_030,
MF_D_SC_V1989_B089_030,CONTEXT_CLOZE,SC_V1989_B089_030,
MF_A_SC_V1989_B089_037,MEANING_CHOICE,SC_V1989_B089_037,
MF_B_SC_V1989_B089_037,WORD_FROM_DEFINITION,SC_V1989_B089_037,
MF_C_SC_V1989_B089_037,CONTEXT_MEANING,SC_V1989_B089_037,
MF_D_SC_V1989_B089_037,CONTEXT_CLOZE,SC_V1989_B089_037,
MF_A_SC_V1989_B089_041,MEANING_CHOICE,SC_V1989_B089_041,
MF_B_SC_V1989_B089_041,WORD_FROM_DEFINITION,SC_V1989_B089_041,
MF_C_SC_V1989_B089_041,CONTEXT_MEANING,SC_V1989_B089_041,
MF_D_SC_V1989_B089_041,CONTEXT_CLOZE,SC_V1989_B089_041,
MF_A_SC_V1989_B089_045,MEANING_CHOICE,SC_V1989_B089_045,
MF_B_SC_V1989_B089_045,WORD_FROM_DEFINITION,SC_V1989_B089_045,
MF_C_SC_V1989_B089_045,CONTEXT_MEANING,SC_V1989_B089_045,
MF_D_SC_V1989_B089_045,CONTEXT_CLOZE,SC_V1989_B089_045,
MF_A_SC_V1989_B089_048,MEANING_CHOICE,SC_V1989_B089_048,
MF_B_SC_V1989_B089_048,WORD_FROM_DEFINITION,SC_V1989_B089_048,
MF_C_SC_V1989_B089_048,CONTEXT_MEANING,SC_V1989_B089_048,
MF_D_SC_V1989_B089_048,CONTEXT_CLOZE,SC_V1989_B089_048,
MF_A_SC_V1989_B089_049,MEANING_CHOICE,SC_V1989_B089_049,
MF_B_SC_V1989_B089_049,WORD_FROM_DEFINITION,SC_V1989_B089_049,
MF_C_SC_V1989_B089_049,CONTEXT_MEANING,SC_V1989_B089_049,
MF_D_SC_V1989_B089_049,CONTEXT_CLOZE,SC_V1989_B089_049,
MF_A_SC_V198_B008_003,MEANING_CHOICE,SC_V198_B008_003,
MF_B_SC_V198_B008_003,WORD_FROM_DEFINITION,SC_V198_B008_003,
MF_C_SC_V198_B008_003,CONTEXT_MEANING,SC_V198_B008_003,
MF_D_SC_V198_B008_003,CONTEXT_CLOZE,SC_V198_B008_003,
MF_A_SC_V1990_B090_005,MEANING_CHOICE,SC_V1990_B090_005,
MF_B_SC_V1990_B090_005,WORD_FROM_DEFINITION,SC_V1990_B090_005,
MF_C_SC_V1990_B090_005,CONTEXT_MEANING,SC_V1990_B090_005,
MF_D_SC_V1990_B090_005,CONTEXT_CLOZE,SC_V1990_B090_005,
MF_A_SC_V1990_B090_027,MEANING_CHOICE,SC_V1990_B090_027,
MF_B_SC_V1990_B090_027,WORD_FROM_DEFINITION,SC_V1990_B090_027,
MF_C_SC_V1990_B090_027,CONTEXT_MEANING,SC_V1990_B090_027,
MF_D_SC_V1990_B090_027,CONTEXT_CLOZE,SC_V1990_B090_027,
MF_A_SC_V1990_B090_031,MEANING_CHOICE,SC_V1990_B090_031,
MF_B_SC_V1990_B090_031,WORD_FROM_DEFINITION,SC_V1990_B090_031,
MF_C_SC_V1990_B090_031,CONTEXT_MEANING,SC_V1990_B090_031,
MF_D_SC_V1990_B090_031,CONTEXT_CLOZE,SC_V1990_B090_031,
MF_A_SC_V1990_B090_038,MEANING_CHOICE,SC_V1990_B090_038,
MF_B_SC_V1990_B090_038,WORD_FROM_DEFINITION,SC_V1990_B090_038,
MF_C_SC_V1990_B090_038,CONTEXT_MEANING,SC_V1990_B090_038,
MF_D_SC_V1990_B090_038,CONTEXT_CLOZE,SC_V1990_B090_038,
MF_A_SC_V1990_B090_048,MEANING_CHOICE,SC_V1990_B090_048,
MF_B_SC_V1990_B090_048,WORD_FROM_DEFINITION,SC_V1990_B090_048,
MF_C_SC_V1990_B090_048,CONTEXT_MEANING,SC_V1990_B090_048,
MF_A_SC_V1991_B091_033,MEANING_CHOICE,SC_V1991_B091_033,
MF_B_SC_V1991_B091_033,WORD_FROM_DEFINITION,SC_V1991_B091_033,
MF_C_SC_V1991_B091_033,CONTEXT_MEANING,SC_V1991_B091_033,
MF_A_SC_V1992_B092_007,MEANING_CHOICE,SC_V1992_B092_007,
MF_B_SC_V1992_B092_007,WORD_FROM_DEFINITION,SC_V1992_B092_007,
MF_C_SC_V1992_B092_007,CONTEXT_MEANING,SC_V1992_B092_007,
MF_A_SC_V1992_B092_009,MEANING_CHOICE,SC_V1992_B092_009,
MF_B_SC_V1992_B092_009,WORD_FROM_DEFINITION,SC_V1992_B092_009,
MF_C_SC_V1992_B092_009,CONTEXT_MEANING,SC_V1992_B092_009,
MF_A_SC_V1992_B092_034,MEANING_CHOICE,SC_V1992_B092_034,
MF_B_SC_V1992_B092_034,WORD_FROM_DEFINITION,SC_V1992_B092_034,
MF_C_SC_V1992_B092_034,CONTEXT_MEANING,SC_V1992_B092_034,
MF_D_SC_V1992_B092_034,CONTEXT_CLOZE,SC_V1992_B092_034,
MF_A_SC_V1992_B092_035,MEANING_CHOICE,SC_V1992_B092_035,
MF_B_SC_V1992_B092_035,WORD_FROM_DEFINITION,SC_V1992_B092_035,
MF_C_SC_V1992_B092_035,CONTEXT_MEANING,SC_V1992_B092_035,
MF_D_SC_V1992_B092_035,CONTEXT_CLOZE,SC_V1992_B092_035,
MF_A_SC_V1992_B092_042,MEANING_CHOICE,SC_V1992_B092_042,
MF_B_SC_V1992_B092_042,WORD_FROM_DEFINITION,SC_V1992_B092_042,
MF_C_SC_V1992_B092_042,CONTEXT_MEANING,SC_V1992_B092_042,
MF_D_SC_V1992_B092_042,CONTEXT_CLOZE,SC_V1992_B092_042,
MF_A_SC_V1994_B094_006,MEANING_CHOICE,SC_V1994_B094_006,
MF_B_SC_V1994_B094_006,WORD_FROM_DEFINITION,SC_V1994_B094_006,
MF_C_SC_V1994_B094_006,CONTEXT_MEANING,SC_V1994_B094_006,
MF_A_SC_V1994_B094_009,MEANING_CHOICE,SC_V1994_B094_009,
MF_B_SC_V1994_B094_009,WORD_FROM_DEFINITION,SC_V1994_B094_009,
MF_C_SC_V1994_B094_009,CONTEXT_MEANING,SC_V1994_B094_009,
MF_D_SC_V1994_B094_009,CONTEXT_CLOZE,SC_V1994_B094_009,
MF_A_SC_V1994_B094_037,MEANING_CHOICE,SC_V1994_B094_037,
MF_B_SC_V1994_B094_037,WORD_FROM_DEFINITION,SC_V1994_B094_037,
MF_C_SC_V1994_B094_037,CONTEXT_MEANING,SC_V1994_B094_037,
MF_D_SC_V1994_B094_037,CONTEXT_CLOZE,SC_V1994_B094_037,
MF_A_SC_V1995_B095_031,MEANING_CHOICE,SC_V1995_B095_031,
MF_B_SC_V1995_B095_031,WORD_FROM_DEFINITION,SC_V1995_B095_031,
MF_C_SC_V1995_B095_031,CONTEXT_MEANING,SC_V1995_B095_031,
MF_A_SC_V1995_B095_040,MEANING_CHOICE,SC_V1995_B095_040,
MF_B_SC_V1995_B095_040,WORD_FROM_DEFINITION,SC_V1995_B095_040,
MF_C_SC_V1995_B095_040,CONTEXT_MEANING,SC_V1995_B095_040,
MF_A_SC_V1997_B097_003,MEANING_CHOICE,SC_V1997_B097_003,
MF_B_SC_V1997_B097_003,WORD_FROM_DEFINITION,SC_V1997_B097_003,
MF_C_SC_V1997_B097_003,CONTEXT_MEANING,SC_V1997_B097_003,
MF_D_SC_V1997_B097_003,CONTEXT_CLOZE,SC_V1997_B097_003,
MF_A_SC_V1997_B097_008,MEANING_CHOICE,SC_V1997_B097_008,
MF_B_SC_V1997_B097_008,WORD_FROM_DEFINITION,SC_V1997_B097_008,
MF_C_SC_V1997_B097_008,CONTEXT_MEANING,SC_V1997_B097_008,
MF_D_SC_V1997_B097_008,CONTEXT_CLOZE,SC_V1997_B097_008,
MF_A_SC_V1997_B097_015,MEANING_CHOICE,SC_V1997_B097_015,
MF_B_SC_V1997_B097_015,WORD_FROM_DEFINITION,SC_V1997_B097_015,
MF_C_SC_V1997_B097_015,CONTEXT_MEANING,SC_V1997_B097_015,
MF_D_SC_V1997_B097_015,CONTEXT_CLOZE,SC_V1997_B097_015,
MF_A_SC_V1997_B097_029,MEANING_CHOICE,SC_V1997_B097_029,
MF_B_SC_V1997_B097_029,WORD_FROM_DEFINITION,SC_V1997_B097_029,
MF_C_SC_V1997_B097_029,CONTEXT_MEANING,SC_V1997_B097_029,
MF_D_SC_V1997_B097_029,CONTEXT_CLOZE,SC_V1997_B097_029,
MF_A_SC_V1997_B097_039,MEANING_CHOICE,SC_V1997_B097_039,
MF_B_SC_V1997_B097_039,WORD_FROM_DEFINITION,SC_V1997_B097_039,
MF_C_SC_V1997_B097_039,CONTEXT_MEANING,SC_V1997_B097_039,
MF_D_SC_V1997_B097_039,CONTEXT_CLOZE,SC_V1997_B097_039,
MF_A_SC_V1998_B098_037,MEANING_CHOICE,SC_V1998_B098_037,
MF_B_SC_V1998_B098_037,WORD_FROM_DEFINITION,SC_V1998_B098_037,
MF_C_SC_V1998_B098_037,CONTEXT_MEANING,SC_V1998_B098_037,
MF_D_SC_V1998_B098_037,CONTEXT_CLOZE,SC_V1998_B098_037,
MF_A_SC_V1998_B098_040,MEANING_CHOICE,SC_V1998_B098_040,
MF_B_SC_V1998_B098_040,WORD_FROM_DEFINITION,SC_V1998_B098_040,
MF_C_SC_V1998_B098_040,CONTEXT_MEANING,SC_V1998_B098_040,
MF_D_SC_V1998_B098_040,CONTEXT_CLOZE,SC_V1998_B098_040,
MF_A_SC_V1998_B098_049,MEANING_CHOICE,SC_V1998_B098_049,
MF_B_SC_V1998_B098_049,WORD_FROM_DEFINITION,SC_V1998_B098_049,
MF_C_SC_V1998_B098_049,CONTEXT_MEANING,SC_V1998_B098_049,
MF_D_SC_V1998_B098_049,CONTEXT_CLOZE,SC_V1998_B098_049,
MF_A_SC_V1999_B099_026,MEANING_CHOICE,SC_V1999_B099_026,
MF_B_SC_V1999_B099_026,WORD_FROM_DEFINITION,SC_V1999_B099_026,
MF_C_SC_V1999_B099_026,CONTEXT_MEANING,SC_V1999_B099_026,
MF_D_SC_V1999_B099_026,CONTEXT_CLOZE,SC_V1999_B099_026,
MF_A_SC_V199_B009_005,MEANING_CHOICE,SC_V199_B009_005,
MF_B_SC_V199_B009_005,WORD_FROM_DEFINITION,SC_V199_B009_005,
MF_C_SC_V199_B009_005,CONTEXT_MEANING,SC_V199_B009_005,
MF_D_SC_V199_B009_005,CONTEXT_CLOZE,SC_V199_B009_005,
MF_A_SC_V199_B009_008,MEANING_CHOICE,SC_V199_B009_008,
MF_B_SC_V199_B009_008,WORD_FROM_DEFINITION,SC_V199_B009_008,
MF_C_SC_V199_B009_008,CONTEXT_MEANING,SC_V199_B009_008,
MF_D_SC_V199_B009_008,CONTEXT_CLOZE,SC_V199_B009_008,
MF_A_SC_V199_B009_018,MEANING_CHOICE,SC_V199_B009_018,
MF_B_SC_V199_B009_018,WORD_FROM_DEFINITION,SC_V199_B009_018,
MF_C_SC_V199_B009_018,CONTEXT_MEANING,SC_V199_B009_018,
MF_D_SC_V199_B009_018,CONTEXT_CLOZE,SC_V199_B009_018,
MF_A_SC_V199_B009_032,MEANING_CHOICE,SC_V199_B009_032,
MF_B_SC_V199_B009_032,WORD_FROM_DEFINITION,SC_V199_B009_032,
MF_C_SC_V199_B009_032,CONTEXT_MEANING,SC_V199_B009_032,
MF_D_SC_V199_B009_032,CONTEXT_CLOZE,SC_V199_B009_032,
MF_A_SC_V199_B009_035,MEANING_CHOICE,SC_V199_B009_035,
MF_B_SC_V199_B009_035,WORD_FROM_DEFINITION,SC_V199_B009_035,
MF_C_SC_V199_B009_035,CONTEXT_MEANING,SC_V199_B009_035,
MF_A_SC_V199_B009_048,MEANING_CHOICE,SC_V199_B009_048,
MF_B_SC_V199_B009_048,WORD_FROM_DEFINITION,SC_V199_B009_048,
MF_C_SC_V199_B009_048,CONTEXT_MEANING,SC_V199_B009_048,
MF_D_SC_V199_B009_048,CONTEXT_CLOZE,SC_V199_B009_048,
MF_E_001,MATCH_WORD_MEANING,,"[""SC_V199_B009_032"", ""SC_V19105_B105_032"", ""SC_V1985_B085_010"", ""SC_V1914_B014_009""]"
MF_E_002,MATCH_WORD_MEANING,,"[""SC_V19135_B135_028"", ""SC_V1937_B037_034"", ""SC_V1915_B015_010"", ""SC_V1988_B088_001""]"
MF_E_003,MATCH_WORD_MEANING,,"[""SC_V19129_B129_039"", ""SC_V1985_B085_020"", ""SC_V193_B003_016"", ""SC_V1913_B013_027""]"
MF_E_004,MATCH_WORD_MEANING,,"[""SC_V1935_B035_036"", ""SC_V19125_B125_031"", ""SC_V1920_B020_025"", ""SC_V1955_B055_045""]"
MF_E_005,MATCH_WORD_MEANING,,"[""SC_V1997_B097_039"", ""SC_V1928_B028_014"", ""SC_V1994_B094_006"", ""SC_V1948_B048_006""]"
MF_E_006,MATCH_WORD_MEANING,,"[""SC_V1944_B044_043"", ""SC_V1951_B051_044"", ""SC_V1936_B036_008"", ""SC_V1992_B092_007""]"
MF_E_007,MATCH_WORD_MEANING,,"[""SC_V1930_B030_020"", ""SC_V1997_B097_008"", ""SC_V1994_B094_037"", ""SC_V1989_B089_045""]"
MF_E_008,MATCH_WORD_MEANING,,"[""SC_V1936_B036_047"", ""SC_V1978_B078_028"", ""SC_V1969_B069_046"", ""SC_V1977_B077_032""]"
MF_E_009,MATCH_WORD_MEANING,,"[""SC_V195_B005_010"", ""SC_V1968_B068_029"", ""SC_V1921_B021_013"", ""SC_V19111_B111_045""]"
MF_E_010,MATCH_WORD_MEANING,,"[""SC_V1988_B088_044"", ""SC_V19112_B112_014"", ""SC_V19104_B104_019"", ""SC_V193_B003_025""]"
MF_E_011,MATCH_WORD_MEANING,,"[""SC_V1948_B048_024"", ""SC_V1946_B046_014"", ""SC_V1989_B089_037"", ""SC_V1953_B053_005""]"
MF_E_012,MATCH_WORD_MEANING,,"[""SC_V1930_B030_047"", ""SC_V19104_B104_007"", ""SC_V19103_B103_046"", ""SC_V19122_B122_030""]"
MF_E_013,MATCH_WORD_MEANING,,"[""SC_V1968_B068_040"", ""SC_V19119_B119_028"", ""SC_V1964_B064_039"", ""SC_V1941_B041_015""]"
MF_E_014,MATCH_WORD_MEANING,,"[""SC_V1949_B049_013"", ""SC_V1992_B092_035"", ""SC_V1967_B067_016"", ""SC_V19133_B133_032""]"
MF_E_015,MATCH_WORD_MEANING,,"[""SC_V1952_B052_033"", ""SC_V19136_B136_036"", ""SC_V19109_B109_026"", ""SC_V1980_B080_028""]"
MF_E_016,MATCH_WORD_MEANING,,"[""SC_V192_B002_019"", ""SC_V1988_B088_042"", ""SC_V1983_B083_018"", ""SC_V1915_B015_001""]"
MF_E_017,MATCH_WORD_MEANING,,"[""SC_V19112_B112_036"", ""SC_V1917_B017_004"", ""SC_V1990_B090_027"", ""SC_V19105_B105_027""]"
MF_E_018,MATCH_WORD_MEANING,,"[""SC_V198_B008_003"", ""SC_V1966_B066_006"", ""SC_V1933_B033_018"", ""SC_V1962_B062_025""]"
MF_E_019,MATCH_WORD_MEANING,,"[""SC_V19111_B111_027"", ""SC_V1998_B098_037"", ""SC_V1959_B059_035"", ""SC_V196_B006_012""]"
MF_E_020,MATCH_WORD_MEANING,,"[""SC_V19115_B115_031"", ""SC_V1918_B018_048"", ""SC_V195_B005_012"", ""SC_V1927_B027_002""]"
MF_E_021,MATCH_WORD_MEANING,,"[""SC_V19109_B109_004"", ""SC_V199_B009_008"", ""SC_V1974_B074_032"", ""SC_V1997_B097_029""]"
MF_E_022,MATCH_WORD_MEANING,,"[""SC_V19100_B100_029"", ""SC_V1968_B068_025"", ""SC_V1982_B082_023"", ""SC_V194_B004_002""]"
MF_E_023,MATCH_WORD_MEANING,,"[""SC_V1914_B014_028"", ""SC_V197_B007_031"", ""SC_V1912_B012_020"", ""SC_V1923_B023_045""]"
MF_E_024,MATCH_WORD_MEANING,,"[""SC_V1955_B055_030"", ""SC_V1912_B012_002"", ""SC_V19122_B122_033"", ""SC_V199_B009_048""]"
MF_E_025,MATCH_WORD_MEANING,,"[""SC_V19109_B109_015"", ""SC_V1955_B055_025"", ""SC_V199_B009_018"", ""SC_V1987_B087_032""]"
MF_E_026,MATCH_WORD_MEANING,,"[""SC_V1933_B033_003"", ""SC_V1917_B017_001"", ""SC_V1964_B064_008"", ""SC_V1928_B028_047""]"
MF_E_027,MATCH_WORD_MEANING,,"[""SC_V19102_B102_042"", ""SC_V1940_B040_004"", ""SC_V1992_B092_009"", ""SC_V1985_B085_004""]"
MF_E_028,MATCH_WORD_MEANING,,"[""SC_V1940_B040_037"", ""SC_V1941_B041_047"", ""SC_V1916_B016_045"", ""SC_V1934_B034_042""]"
MF_E_029,MATCH_WORD_MEANING,,"[""SC_V19101_B101_022"", ""SC_V19128_B128_026"", ""SC_V19102_B102_018"", ""SC_V194_B004_036""]"
MF_E_030,MATCH_WORD_MEANING,,"[""SC_V1975_B075_012"", ""SC_V196_B006_011"", ""SC_V1990_B090_005"", ""SC_V1916_B016_030""]"
MF_E_031,MATCH_WORD_MEANING,,"[""SC_V1935_B035_029"", ""SC_V1984_B084_003"", ""SC_V1965_B065_036"", ""SC_V19105_B105_039""]"
MF_E_032,MATCH_WORD_MEANING,,"[""SC_V1965_B065_050"", ""SC_V191_B001_039"", ""SC_V1921_B021_040"", ""SC_V19107_B107_041""]"
MF_E_033,MATCH_WORD_MEANING,,"[""SC_V1972_B072_001"", ""SC_V1939_B039_022"", ""SC_V19123_B123_023"", ""SC_V1943_B043_018""]"
MF_E_034,MATCH_WORD_MEANING,,"[""SC_V1961_B061_006"", ""SC_V1924_B024_023"", ""SC_V19122_B122_028"", ""SC_V1989_B089_030""]"
MF_E_035,MATCH_WORD_MEANING,,"[""SC_V1919_B019_005"", ""SC_V197_B007_045"", ""SC_V1930_B030_029"", ""SC_V19123_B123_043""]"
MF_E_036,MATCH_WORD_MEANING,,"[""SC_V1978_B078_021"", ""SC_V19124_B124_022"", ""SC_V1942_B042_014"", ""SC_V1948_B048_017""]"
MF_E_037,MATCH_WORD_MEANING,,"[""SC_V1991_B091_033"", ""SC_V19101_B101_001"", ""SC_V1971_B071_024"", ""SC_V1997_B097_015""]"
MF_E_038,MATCH_WORD_MEANING,,"[""SC_V1918_B018_018"", ""SC_V192_B002_037"", ""SC_V1967_B067_030"", ""SC_V1999_B099_026""]"
MF_E_039,MATCH_WORD_MEANING,,"[""SC_V192_B002_018"", ""SC_V1949_B049_006"", ""SC_V1918_B018_015"", ""SC_V1995_B095_031""]"
MF_E_040,MATCH_WORD_MEANING,,"[""SC_V1972_B072_004"", ""SC_V1966_B066_007"", ""SC_V19124_B124_029"", ""SC_V19120_B120_006""]"
MF_E_041,MATCH_WORD_MEANING,,"[""SC_V1922_B022_013"", ""SC_V1939_B039_009"", ""SC_V1983_B083_001"", ""SC_V19112_B112_026""]"
MF_E_042,MATCH_WORD_MEANING,,"[""SC_V1935_B035_021"", ""SC_V1917_B017_039"", ""SC_V19100_B100_005"", ""SC_V1955_B055_041""]"
MF_E_043,MATCH_WORD_MEANING,,"[""SC_V1995_B095_040"", ""SC_V197_B007_021"", ""SC_V1933_B033_049"", ""SC_V19134_B134_018""]"
MF_E_044,MATCH_WORD_MEANING,,"[""SC_V1983_B083_003"", ""SC_V19119_B119_005"", ""SC_V1945_B045_050"", ""SC_V193_B003_027""]"
MF_E_045,MATCH_WORD_MEANING,,"[""SC_V19132_B132_018"", ""SC_V1924_B024_046"", ""SC_V1983_B083_038"", ""SC_V1961_B061_014""]"
MF_E_046,MATCH_WORD_MEANING,,"[""SC_V1959_B059_026"", ""SC_V19100_B100_039"", ""SC_V1944_B044_042"", ""SC_V1931_B031_034""]"
MF_E_047,MATCH_WORD_MEANING,,"[""SC_V19114_B114_023"", ""SC_V19100_B100_018"", ""SC_V193_B003_043"", ""SC_V1912_B012_041""]"
MF_E_048,MATCH_WORD_MEANING,,"[""SC_V1974_B074_043"", ""SC_V1930_B030_024"", ""SC_V19115_B115_036"", ""SC_V19108_B108_027""]"
MF_E_049,MATCH_WORD_MEANING,,"[""SC_V1914_B014_036"", ""SC_V1980_B080_026"", ""SC_V1943_B043_031"", ""SC_V1910_B010_012""]"
MF_E_050,MATCH_WORD_MEANING,,"[""SC_V1963_B063_009"", ""SC_V1992_B092_034"", ""SC_V1994_B094_009"", ""SC_V19109_B109_022""]"
MF_E_051,MATCH_WORD_MEANING,,"[""SC_V1937_B037_048"", ""SC_V1979_B079_033"", ""SC_V1922_B022_043"", ""SC_V1976_B076_011""]"
MF_E_052,MATCH_WORD_MEANING,,"[""SC_V1978_B078_018"", ""SC_V19128_B128_031"", ""SC_V19132_B132_009"", ""SC_V1928_B028_008""]"
MF_E_053,MATCH_WORD_MEANING,,"[""SC_V1920_B020_009"", ""SC_V1967_B067_002"", ""SC_V1984_B084_002"", ""SC_V1990_B090_048""]"
MF_E_054,MATCH_WORD_MEANING,,"[""SC_V19135_B135_034"", ""SC_V19127_B127_021"", ""SC_V1917_B017_044"", ""SC_V19127_B127_050""]"
MF_E_055,MATCH_WORD_MEANING,,"[""SC_V199_B009_035"", ""SC_V1974_B074_008"", ""SC_V1978_B078_003"", ""SC_V19108_B108_045""]"
MF_E_056,MATCH_WORD_MEANING,,"[""SC_V1931_B031_048"", ""SC_V1949_B049_003"", ""SC_V1966_B066_010"", ""SC_V1989_B089_049""]"
MF_E_057,MATCH_WORD_MEANING,,"[""SC_V19131_B131_040"", ""SC_V1941_B041_049"", ""SC_V1914_B014_026"", ""SC_V1920_B020_024""]"
MF_E_058,MATCH_WORD_MEANING,,"[""SC_V19130_B130_016"", ""SC_V1932_B032_028"", ""SC_V1921_B021_024"", ""SC_V1967_B067_004""]"
MF_E_059,MATCH_WORD_MEANING,,"[""SC_V1930_B030_011"", ""SC_V1990_B090_031"", ""SC_V19106_B106_043"", ""SC_V1914_B014_037""]"
MF_E_060,MATCH_WORD_MEANING,,"[""SC_V19134_B134_020"", ""SC_V1921_B021_045"", ""SC_V19132_B132_033"", ""SC_V1964_B064_026""]"
MF_E_061,MATCH_WORD_MEANING,,"[""SC_V19135_B135_011"", ""SC_V1940_B040_043"", ""SC_V1967_B067_036"", ""SC_V1962_B062_036""]"
MF_E_062,MATCH_WORD_MEANING,,"[""SC_V1968_B068_048"", ""SC_V1916_B016_034"", ""SC_V1973_B073_017"", ""SC_V19104_B104_035""]"
MF_E_063,MATCH_WORD_MEANING,,"[""SC_V1912_B012_036"", ""SC_V1917_B017_022"", ""SC_V1954_B054_045"", ""SC_V19130_B130_009""]"
MF_E_064,MATCH_WORD_MEANING,,"[""SC_V1968_B068_037"", ""SC_V1992_B092_042"", ""SC_V1978_B078_017"", ""SC_V1939_B039_044""]"
MF_E_065,MATCH_WORD_MEANING,,"[""SC_V191_B001_026"", ""SC_V1923_B023_036"", ""SC_V1985_B085_015"", ""SC_V1931_B031_050""]"
MF_E_066,MATCH_WORD_MEANING,,"[""SC_V1998_B098_049"", ""SC_V1919_B019_002"", ""SC_V19109_B109_029"", ""SC_V1925_B025_012""]"
MF_E_067,MATCH_WORD_MEANING,,"[""SC_V1923_B023_025"", ""SC_V19135_B135_027"", ""SC_V1990_B090_038"", ""SC_V1941_B041_019""]"
MF_E_068,MATCH_WORD_MEANING,,"[""SC_V19115_B115_025"", ""SC_V19115_B115_043"", ""SC_V1934_B034_004"", ""SC_V1971_B071_042""]"
MF_E_069,MATCH_WORD_MEANING,,"[""SC_V1998_B098_040"", ""SC_V1936_B036_021"", ""SC_V19134_B134_033"", ""SC_V19132_B132_023""]"
MF_E_070,MATCH_WORD_MEANING,,"[""SC_V1979_B079_027"", ""SC_V1951_B051_023"", ""SC_V19136_B136_013"", ""SC_V1975_B075_020""]"
MF_E_071,MATCH_WORD_MEANING,,"[""SC_V1989_B089_041"", ""SC_V1966_B066_011"", ""SC_V19118_B118_013"", ""SC_V1922_B022_029""]"
MF_E_072,MATCH_WORD_MEANING,,"[""SC_V1989_B089_048"", ""SC_V19132_B132_026"", ""SC_V1916_B016_028"", ""SC_V1961_B061_048""]"
MF_E_073,MATCH_WORD_MEANING,,"[""SC_V19137_B137_004"", ""SC_V1915_B015_006"", ""SC_V1997_B097_003"", ""SC_V19135_B135_020""]"
MF_E_074,MATCH_WORD_MEANING,,"[""SC_V19118_B118_031"", ""SC_V1985_B085_048"", ""SC_V1952_B052_032"", ""SC_V19107_B107_024""]"
MF_E_075,MATCH_WORD_MEANING,,"[""SC_V1959_B059_001"", ""SC_V1965_B065_030"", ""SC_V19124_B124_047"", ""SC_V199_B009_005""]"
MF_F_001,CROSSWORD,,"[""SC_V1977_B077_032"", ""SC_V1966_B066_006"", ""SC_V1920_B020_024"", ""SC_V19129_B129_039"", ""SC_V19107_B107_024"", ""SC_V1912_B012_002"", ""SC_V199_B009_008"", ""SC_V1971_B071_024"", ""SC_V19109_B109_029"", ""SC_V1919_B019_005""]"
MF_F_002,CROSSWORD,,"[""SC_V1968_B068_037"", ""SC_V19132_B132_018"", ""SC_V19132_B132_026"", ""SC_V1948_B048_006"", ""SC_V19133_B133_032"", ""SC_V1916_B016_030"", ""SC_V1918_B018_015"", ""SC_V1990_B090_048"", ""SC_V1990_B090_038"", ""SC_V19135_B135_027""]"
MF_F_003,CROSSWORD,,"[""SC_V1968_B068_048"", ""SC_V1965_B065_036"", ""SC_V19112_B112_026"", ""SC_V1914_B014_026"", ""SC_V1918_B018_048"", ""SC_V19127_B127_021"", ""SC_V1943_B043_031"", ""SC_V1955_B055_041"", ""SC_V1917_B017_022"", ""SC_V1924_B024_046""]"
MF_F_004,CROSSWORD,,"[""SC_V1946_B046_014"", ""SC_V1964_B064_008"", ""SC_V1939_B039_022"", ""SC_V1913_B013_027"", ""SC_V1940_B040_037"", ""SC_V1963_B063_009"", ""SC_V1984_B084_003"", ""SC_V1917_B017_004"", ""SC_V1915_B015_001"", ""SC_V19120_B120_006""]"
MF_F_005,CROSSWORD,,"[""SC_V1989_B089_049"", ""SC_V1990_B090_005"", ""SC_V1968_B068_040"", ""SC_V1988_B088_044"", ""SC_V1995_B095_031"", ""SC_V1936_B036_047"", ""SC_V191_B001_039"", ""SC_V1923_B023_045"", ""SC_V1955_B055_045"", ""SC_V1995_B095_040""]"
MF_F_006,CROSSWORD,,"[""SC_V1992_B092_009"", ""SC_V19111_B111_027"", ""SC_V196_B006_012"", ""SC_V196_B006_011"", ""SC_V1951_B051_023"", ""SC_V1985_B085_010"", ""SC_V19134_B134_033"", ""SC_V1930_B030_029"", ""SC_V1930_B030_024"", ""SC_V19129_B129_039""]"
MF_F_007,CROSSWORD,,"[""SC_V1983_B083_003"", ""SC_V199_B009_048"", ""SC_V1997_B097_015"", ""SC_V19109_B109_015"", ""SC_V1969_B069_046"", ""SC_V1915_B015_010"", ""SC_V1912_B012_041"", ""SC_V19136_B136_013"", ""SC_V1962_B062_036"", ""SC_V1989_B089_030""]"
MF_F_008,CROSSWORD,,"[""SC_V19124_B124_022"", ""SC_V19124_B124_029"", ""SC_V1990_B090_031"", ""SC_V191_B001_026"", ""SC_V1997_B097_008"", ""SC_V1997_B097_015"", ""SC_V19125_B125_031"", ""SC_V1949_B049_006"", ""SC_V1949_B049_003"", ""SC_V1939_B039_009""]"
MF_F_009,CROSSWORD,,"[""SC_V19118_B118_031"", ""SC_V193_B003_027"", ""SC_V1972_B072_001"", ""SC_V1992_B092_042"", ""SC_V199_B009_035"", ""SC_V1985_B085_020"", ""SC_V1985_B085_015"", ""SC_V1967_B067_004"", ""SC_V1967_B067_030"", ""SC_V1989_B089_041""]"
MF_F_010,CROSSWORD,,"[""SC_V1991_B091_033"", ""SC_V197_B007_021"", ""SC_V197_B007_031"", ""SC_V1915_B015_006"", ""SC_V1967_B067_036"", ""SC_V19112_B112_036"", ""SC_V1928_B028_047"", ""SC_V1974_B074_043"", ""SC_V1941_B041_015"", ""SC_V1983_B083_038""]"
MF_F_011,CROSSWORD,,"[""SC_V1924_B024_023"", ""SC_V1923_B023_036"", ""SC_V19106_B106_043"", ""SC_V1982_B082_023"", ""SC_V19105_B105_032"", ""SC_V19124_B124_047"", ""SC_V1978_B078_021"", ""SC_V1990_B090_027"", ""SC_V1990_B090_031"", ""SC_V19115_B115_043""]"
MF_F_012,CROSSWORD,,"[""SC_V1997_B097_003"", ""SC_V1933_B033_049"", ""SC_V1934_B034_004"", ""SC_V1965_B065_030"", ""SC_V193_B003_016"", ""SC_V1955_B055_030"", ""SC_V1964_B064_026"", ""SC_V1917_B017_039"", ""SC_V1917_B017_022"", ""SC_V1978_B078_017""]"
MF_F_013,CROSSWORD,,"[""SC_V19114_B114_023"", ""SC_V195_B005_012"", ""SC_V19132_B132_009"", ""SC_V1984_B084_002"", ""SC_V1913_B013_027"", ""SC_V1998_B098_049"", ""SC_V19115_B115_031"", ""SC_V197_B007_045"", ""SC_V19129_B129_039"", ""SC_V19100_B100_029""]"
MF_F_014,CROSSWORD,,"[""SC_V1931_B031_048"", ""SC_V1922_B022_013"", ""SC_V1914_B014_036"", ""SC_V1937_B037_034"", ""SC_V193_B003_043"", ""SC_V19112_B112_014"", ""SC_V1989_B089_037"", ""SC_V1944_B044_042"", ""SC_V1931_B031_034"", ""SC_V1910_B010_012""]"
MF_F_015,CROSSWORD,,"[""SC_V19122_B122_033"", ""SC_V19122_B122_030"", ""SC_V1916_B016_034"", ""SC_V1934_B034_042"", ""SC_V195_B005_010"", ""SC_V1936_B036_021"", ""SC_V1979_B079_027"", ""SC_V1979_B079_033"", ""SC_V1921_B021_024"", ""SC_V1943_B043_018""]"
MF_F_016,CROSSWORD,,"[""SC_V1921_B021_013"", ""SC_V199_B009_032"", ""SC_V1952_B052_033"", ""SC_V1952_B052_032"", ""SC_V19104_B104_007"", ""SC_V1930_B030_011"", ""SC_V1992_B092_007"", ""SC_V1922_B022_029"", ""SC_V1921_B021_045"", ""SC_V19105_B105_039""]"
MF_F_017,CROSSWORD,,"[""SC_V19102_B102_018"", ""SC_V19122_B122_028"", ""SC_V195_B005_012"", ""SC_V1918_B018_018"", ""SC_V19134_B134_033"", ""SC_V19109_B109_004"", ""SC_V19109_B109_029"", ""SC_V19107_B107_041"", ""SC_V1928_B028_047"", ""SC_V1955_B055_025""]"
MF_F_018,CROSSWORD,,"[""SC_V19109_B109_022"", ""SC_V1987_B087_032"", ""SC_V1913_B013_027"", ""SC_V1961_B061_006"", ""SC_V1990_B090_027"", ""SC_V1975_B075_012"", ""SC_V1975_B075_020"", ""SC_V1985_B085_004"", ""SC_V1932_B032_028"", ""SC_V1988_B088_042""]"
MF_F_019,CROSSWORD,,"[""SC_V192_B002_018"", ""SC_V193_B003_025"", ""SC_V19123_B123_023"", ""SC_V1989_B089_048"", ""SC_V1989_B089_045"", ""SC_V1989_B089_030"", ""SC_V1976_B076_011"", ""SC_V197_B007_021"", ""SC_V19101_B101_022"", ""SC_V1978_B078_018""]"
MF_F_020,CROSSWORD,,"[""SC_V1989_B089_045"", ""SC_V1973_B073_017"", ""SC_V1935_B035_021"", ""SC_V1920_B020_025"", ""SC_V1955_B055_041"", ""SC_V19100_B100_039"", ""SC_V19101_B101_001"", ""SC_V1931_B031_050"", ""SC_V1985_B085_048"", ""SC_V1914_B014_028""]"
MF_F_021,CROSSWORD,,"[""SC_V19135_B135_011"", ""SC_V19135_B135_020"", ""SC_V19135_B135_028"", ""SC_V197_B007_031"", ""SC_V1978_B078_028"", ""SC_V1967_B067_002"", ""SC_V1988_B088_001"", ""SC_V19104_B104_035"", ""SC_V1914_B014_037"", ""SC_V1999_B099_026""]"
MF_F_022,CROSSWORD,,"[""SC_V19134_B134_020"", ""SC_V19134_B134_018"", ""SC_V192_B002_018"", ""SC_V1979_B079_033"", ""SC_V19129_B129_039"", ""SC_V1990_B090_038"", ""SC_V1959_B059_001"", ""SC_V199_B009_048"", ""SC_V1997_B097_008"", ""SC_V19135_B135_027""]"
MF_F_023,CROSSWORD,,"[""SC_V1920_B020_009"", ""SC_V192_B002_019"", ""SC_V1949_B049_003"", ""SC_V1949_B049_013"", ""SC_V1966_B066_007"", ""SC_V1965_B065_050"", ""SC_V194_B004_036"", ""SC_V1942_B042_014"", ""SC_V1948_B048_024"", ""SC_V1978_B078_003""]"
MF_F_024,CROSSWORD,,"[""SC_V1961_B061_014"", ""SC_V1941_B041_049"", ""SC_V1966_B066_011"", ""SC_V1983_B083_001"", ""SC_V1974_B074_008"", ""SC_V1919_B019_002"", ""SC_V1918_B018_048"", ""SC_V19106_B106_043"", ""SC_V1944_B044_043"", ""SC_V198_B008_003""]"
MF_F_025,CROSSWORD,,"[""SC_V1946_B046_014"", ""SC_V1994_B094_009"", ""SC_V1994_B094_006"", ""SC_V1951_B051_044"", ""SC_V1985_B085_048"", ""SC_V1989_B089_037"", ""SC_V19100_B100_005"", ""SC_V19115_B115_031"", ""SC_V197_B007_045"", ""SC_V1916_B016_045""]"
MF_F_026,CROSSWORD,,"[""SC_V1910_B010_012"", ""SC_V19130_B130_016"", ""SC_V1937_B037_034"", ""SC_V1999_B099_026"", ""SC_V19112_B112_014"", ""SC_V1937_B037_048"", ""SC_V192_B002_037"", ""SC_V1921_B021_024"", ""SC_V1922_B022_043"", ""SC_V1983_B083_018""]"
MF_F_027,CROSSWORD,,"[""SC_V1933_B033_003"", ""SC_V1933_B033_018"", ""SC_V1917_B017_001"", ""SC_V194_B004_002"", ""SC_V1964_B064_039"", ""SC_V1964_B064_008"", ""SC_V1959_B059_026"", ""SC_V1913_B013_027"", ""SC_V1977_B077_032"", ""SC_V1983_B083_038""]"
MF_F_028,CROSSWORD,,"[""SC_V1951_B051_023"", ""SC_V195_B005_012"", ""SC_V1985_B085_010"", ""SC_V1948_B048_017"", ""SC_V1954_B054_045"", ""SC_V19102_B102_018"", ""SC_V1913_B013_027"", ""SC_V19100_B100_018"", ""SC_V1935_B035_036"", ""SC_V19115_B115_036""]"
MF_F_029,CROSSWORD,,"[""SC_V1955_B055_045"", ""SC_V1955_B055_030"", ""SC_V19132_B132_018"", ""SC_V19132_B132_023"", ""SC_V199_B009_018"", ""SC_V19130_B130_009"", ""SC_V1979_B079_027"", ""SC_V1980_B080_026"", ""SC_V19128_B128_031"", ""SC_V19128_B128_026""]"
MF_F_030,CROSSWORD,,"[""SC_V1968_B068_029"", ""SC_V1963_B063_009"", ""SC_V19104_B104_019"", ""SC_V19129_B129_039"", ""SC_V199_B009_008"", ""SC_V1939_B039_022"", ""SC_V1939_B039_009"", ""SC_V1997_B097_029"", ""SC_V19101_B101_022"", ""SC_V1930_B030_020""]"
MF_F_031,CROSSWORD,,"[""SC_V1923_B023_025"", ""SC_V1998_B098_040"", ""SC_V1998_B098_049"", ""SC_V1965_B065_050"", ""SC_V1966_B066_010"", ""SC_V1959_B059_035"", ""SC_V196_B006_011"", ""SC_V19115_B115_036"", ""SC_V1948_B048_017"", ""SC_V1974_B074_032""]"
MF_F_032,CROSSWORD,,"[""SC_V1994_B094_037"", ""SC_V1992_B092_034"", ""SC_V1992_B092_035"", ""SC_V1914_B014_009"", ""SC_V19136_B136_013"", ""SC_V198_B008_003"", ""SC_V1982_B082_023"", ""SC_V1962_B062_036"", ""SC_V1912_B012_036"", ""SC_V19105_B105_027""]"
MF_F_033,CROSSWORD,,"[""SC_V19119_B119_005"", ""SC_V1941_B041_019"", ""SC_V1940_B040_043"", ""SC_V1952_B052_032"", ""SC_V193_B003_025"", ""SC_V191_B001_026"", ""SC_V1969_B069_046"", ""SC_V1924_B024_046"", ""SC_V1967_B067_016"", ""SC_V1967_B067_004""]"
MF_F_034,CROSSWORD,,"[""SC_V1927_B027_002"", ""SC_V19135_B135_011"", ""SC_V1931_B031_034"", ""SC_V19135_B135_020"", ""SC_V19135_B135_028"", ""SC_V1924_B024_023"", ""SC_V1978_B078_028"", ""SC_V1967_B067_002"", ""SC_V1939_B039_022"", ""SC_V1997_B097_029""]"
MF_F_035,CROSSWORD,,"[""SC_V1978_B078_017"", ""SC_V1949_B049_013"", ""SC_V1949_B049_006"", ""SC_V1917_B017_044"", ""SC_V1925_B025_012"", ""SC_V199_B009_005"", ""SC_V1990_B090_005"", ""SC_V1940_B040_043"", ""SC_V1940_B040_037"", ""SC_V1934_B034_042""]"
MF_F_036,CROSSWORD,,"[""SC_V1927_B027_002"", ""SC_V19130_B130_009"", ""SC_V1923_B023_045"", ""SC_V1997_B097_039"", ""SC_V1972_B072_004"", ""SC_V1995_B095_031"", ""SC_V1955_B055_025"", ""SC_V1939_B039_044"", ""SC_V1928_B028_047"", ""SC_V1974_B074_043""]"
MF_F_037,CROSSWORD,,"[""SC_V19127_B127_050"", ""SC_V19123_B123_043"", ""SC_V1988_B088_001"", ""SC_V1944_B044_042"", ""SC_V19102_B102_042"", ""SC_V19104_B104_035"", ""SC_V1915_B015_006"", ""SC_V1975_B075_012"", ""SC_V1975_B075_020"", ""SC_V19118_B118_031""]"
MF_F_038,CROSSWORD,,"[""SC_V1912_B012_002"", ""SC_V1971_B071_024"", ""SC_V19109_B109_026"", ""SC_V19109_B109_015"", ""SC_V1964_B064_039"", ""SC_V1959_B059_035"", ""SC_V1997_B097_015"", ""SC_V1968_B068_037"", ""SC_V1933_B033_018"", ""SC_V1987_B087_032""]"
MF_F_039,CROSSWORD,,"[""SC_V1928_B028_014"", ""SC_V193_B003_016"", ""SC_V19112_B112_036"", ""SC_V19134_B134_018"", ""SC_V1930_B030_011"", ""SC_V19107_B107_041"", ""SC_V19107_B107_024"", ""SC_V19122_B122_033"", ""SC_V19122_B122_030"", ""SC_V19115_B115_043""]"
MF_F_040,CROSSWORD,,"[""SC_V19103_B103_046"", ""SC_V1971_B071_042"", ""SC_V1989_B089_048"", ""SC_V1989_B089_045"", ""SC_V19100_B100_039"", ""SC_V1931_B031_050"", ""SC_V1914_B014_037"", ""SC_V1967_B067_030"", ""SC_V1912_B012_020"", ""SC_V19135_B135_011""]"
MF_F_041,CROSSWORD,,"[""SC_V1948_B048_017"", ""SC_V1948_B048_024"", ""SC_V1985_B085_020"", ""SC_V19132_B132_033"", ""SC_V1917_B017_004"", ""SC_V19114_B114_023"", ""SC_V1915_B015_010"", ""SC_V19122_B122_028"", ""SC_V1965_B065_036"", ""SC_V1965_B065_030""]"
MF_F_042,CROSSWORD,,"[""SC_V1933_B033_003"", ""SC_V193_B003_043"", ""SC_V1920_B020_009"", ""SC_V19100_B100_018"", ""SC_V19100_B100_029"", ""SC_V1985_B085_048"", ""SC_V19100_B100_005"", ""SC_V1934_B034_004"", ""SC_V1933_B033_049"", ""SC_V1945_B045_050""]"
MF_F_043,CROSSWORD,,"[""SC_V192_B002_018"", ""SC_V1930_B030_024"", ""SC_V1995_B095_040"", ""SC_V199_B009_035"", ""SC_V1967_B067_036"", ""SC_V1967_B067_004"", ""SC_V19112_B112_026"", ""SC_V1968_B068_040"", ""SC_V1985_B085_015"", ""SC_V1916_B016_034""]"
MF_F_044,CROSSWORD,,"[""SC_V1931_B031_048"", ""SC_V1992_B092_042"", ""SC_V19130_B130_016"", ""SC_V1914_B014_036"", ""SC_V1914_B014_026"", ""SC_V1917_B017_039"", ""SC_V1917_B017_022"", ""SC_V1943_B043_031"", ""SC_V1943_B043_018"", ""SC_V1983_B083_003""]"
MF_F_045,CROSSWORD,,"[""SC_V1994_B094_009"", ""SC_V19105_B105_027"", ""SC_V19105_B105_032"", ""SC_V1966_B066_011"", ""SC_V1961_B061_048"", ""SC_V1921_B021_024"", ""SC_V1974_B074_043"", ""SC_V1918_B018_015"", ""SC_V1918_B018_018"", ""SC_V1980_B080_026""]"
MF_F_046,CROSSWORD,,"[""SC_V1991_B091_033"", ""SC_V195_B005_010"", ""SC_V1916_B016_045"", ""SC_V1916_B016_030"", ""SC_V1912_B012_041"", ""SC_V1992_B092_007"", ""SC_V1922_B022_013"", ""SC_V1920_B020_024"", ""SC_V1988_B088_044"", ""SC_V1988_B088_042""]"
MF_F_047,CROSSWORD,,"[""SC_V19123_B123_023"", ""SC_V1979_B079_033"", ""SC_V1923_B023_036"", ""SC_V191_B001_039"", ""SC_V19128_B128_026"", ""SC_V1971_B071_042"", ""SC_V1941_B041_049"", ""SC_V1941_B041_047"", ""SC_V1983_B083_001"", ""SC_V1974_B074_008""]"
MF_F_048,CROSSWORD,,"[""SC_V1932_B032_028"", ""SC_V1923_B023_025"", ""SC_V194_B004_036"", ""SC_V1990_B090_048"", ""SC_V1990_B090_038"", ""SC_V19135_B135_028"", ""SC_V1978_B078_018"", ""SC_V1919_B019_002"", ""SC_V1919_B019_005"", ""SC_V1942_B042_014""]"
MF_F_049,CROSSWORD,,"[""SC_V1994_B094_037"", ""SC_V1992_B092_034"", ""SC_V1992_B092_035"", ""SC_V1914_B014_009"", ""SC_V19136_B136_013"", ""SC_V1962_B062_036"", ""SC_V1976_B076_011"", ""SC_V1968_B068_029"", ""SC_V1966_B066_006"", ""SC_V1966_B066_010""]"
MF_F_050,CROSSWORD,,"[""SC_V19135_B135_020"", ""SC_V19135_B135_027"", ""SC_V1973_B073_017"", ""SC_V1935_B035_021"", ""SC_V19124_B124_029"", ""SC_V1982_B082_023"", ""SC_V1914_B014_028"", ""SC_V1915_B015_001"", ""SC_V19105_B105_032"", ""SC_V1984_B084_002""]"
MF_F_051,CROSSWORD,,"[""SC_V1912_B012_036"", ""SC_V1968_B068_037"", ""SC_V193_B003_043"", ""SC_V1930_B030_020"", ""SC_V1951_B051_044"", ""SC_V1914_B014_028"", ""SC_V1931_B031_048"", ""SC_V19112_B112_036"", ""SC_V1955_B055_025"", ""SC_V1955_B055_041""]"
MF_F_052,CROSSWORD,,"[""SC_V1975_B075_012"", ""SC_V1975_B075_020"", ""SC_V1985_B085_004"", ""SC_V1985_B085_020"", ""SC_V19119_B119_005"", ""SC_V19128_B128_031"", ""SC_V1998_B098_037"", ""SC_V199_B009_032"", ""SC_V19105_B105_039"", ""SC_V19132_B132_026""]"
MF_F_053,CROSSWORD,,"[""SC_V19124_B124_022"", ""SC_V19124_B124_029"", ""SC_V1997_B097_008"", ""SC_V199_B009_048"", ""SC_V1983_B083_003"", ""SC_V1983_B083_018"", ""SC_V1921_B021_024"", ""SC_V192_B002_037"", ""SC_V1936_B036_021"", ""SC_V1943_B043_031""]"
MF_F_054,CROSSWORD,,"[""SC_V1920_B020_009"", ""SC_V192_B002_019"", ""SC_V1949_B049_003"", ""SC_V1949_B049_013"", ""SC_V1966_B066_007"", ""SC_V1965_B065_050"", ""SC_V1978_B078_028"", ""SC_V19134_B134_033"", ""SC_V19134_B134_020"", ""SC_V1967_B067_016""]"
MF_F_055,CROSSWORD,,"[""SC_V1952_B052_033"", ""SC_V1959_B059_026"", ""SC_V1951_B051_023"", ""SC_V1985_B085_004"", ""SC_V1923_B023_045"", ""SC_V197_B007_031"", ""SC_V19108_B108_027"", ""SC_V1914_B014_037"", ""SC_V1914_B014_036"", ""SC_V19104_B104_007""]"
MF_F_056,CROSSWORD,,"[""SC_V1933_B033_003"", ""SC_V1935_B035_036"", ""SC_V196_B006_012"", ""SC_V1959_B059_035"", ""SC_V19124_B124_022"", ""SC_V1966_B066_010"", ""SC_V1966_B066_011"", ""SC_V1928_B028_047"", ""SC_V1983_B083_001"", ""SC_V1974_B074_032""]"
MF_F_057,CROSSWORD,,"[""SC_V1918_B018_048"", ""SC_V1994_B094_006"", ""SC_V1973_B073_017"", ""SC_V1924_B024_023"", ""SC_V19106_B106_043"", ""SC_V1944_B044_043"", ""SC_V198_B008_003"", ""SC_V19132_B132_009"", ""SC_V1997_B097_039"", ""SC_V19133_B133_032""]"
MF_F_058,CROSSWORD,,"[""SC_V1988_B088_001"", ""SC_V1978_B078_017"", ""SC_V1917_B017_044"", ""SC_V1925_B025_012"", ""SC_V19111_B111_027"", ""SC_V19107_B107_041"", ""SC_V1976_B076_011"", ""SC_V19109_B109_029"", ""SC_V19109_B109_004"", ""SC_V1955_B055_030""]"
MF_F_059,CROSSWORD,,"[""SC_V1917_B017_039"", ""SC_V19105_B105_039"", ""SC_V1934_B034_004"", ""SC_V1921_B021_045"", ""SC_V1930_B030_029"", ""SC_V199_B009_032"", ""SC_V1952_B052_032"", ""SC_V1930_B030_011"", ""SC_V1921_B021_013"", ""SC_V1992_B092_009""]"
MF_F_060,CROSSWORD,,"[""SC_V19127_B127_021"", ""SC_V1999_B099_026"", ""SC_V1997_B097_039"", ""SC_V1916_B016_045"", ""SC_V19125_B125_031"", ""SC_V1914_B014_026"", ""SC_V1919_B019_002"", ""SC_V1963_B063_009"", ""SC_V19104_B104_019"", ""SC_V1959_B059_001""]"
MF_F_061,CROSSWORD,,"[""SC_V1978_B078_021"", ""SC_V19124_B124_047"", ""SC_V1964_B064_026"", ""SC_V1964_B064_039"", ""SC_V196_B006_011"", ""SC_V1948_B048_017"", ""SC_V1985_B085_010"", ""SC_V1948_B048_024"", ""SC_V1936_B036_047"", ""SC_V1917_B017_001""]"
MF_F_062,CROSSWORD,,"[""SC_V1922_B022_043"", ""SC_V1921_B021_040"", ""SC_V1968_B068_048"", ""SC_V1961_B061_006"", ""SC_V19122_B122_030"", ""SC_V19122_B122_033"", ""SC_V1969_B069_046"", ""SC_V1990_B090_027"", ""SC_V1922_B022_029"", ""SC_V1921_B021_045""]"
MF_F_063,CROSSWORD,,"[""SC_V195_B005_010"", ""SC_V1978_B078_003"", ""SC_V1966_B066_006"", ""SC_V1966_B066_007"", ""SC_V1949_B049_013"", ""SC_V1949_B049_003"", ""SC_V1942_B042_014"", ""SC_V1939_B039_009"", ""SC_V1948_B048_006"", ""SC_V194_B004_036""]"
MF_F_064,CROSSWORD,,"[""SC_V1998_B098_037"", ""SC_V19132_B132_018"", ""SC_V19102_B102_018"", ""SC_V1961_B061_014"", ""SC_V1964_B064_026"", ""SC_V1964_B064_008"", ""SC_V1964_B064_039"", ""SC_V1946_B046_014"", ""SC_V1959_B059_026"", ""SC_V1977_B077_032""]"
MF_F_065,CROSSWORD,,"[""SC_V1989_B089_049"", ""SC_V1937_B037_048"", ""SC_V1985_B085_015"", ""SC_V1985_B085_004"", ""SC_V1923_B023_045"", ""SC_V191_B001_039"", ""SC_V1978_B078_018"", ""SC_V1942_B042_014"", ""SC_V1988_B088_042"", ""SC_V19120_B120_006""]"
MF_F_066,CROSSWORD,,"[""SC_V1939_B039_044"", ""SC_V1972_B072_004"", ""SC_V1972_B072_001"", ""SC_V199_B009_018"", ""SC_V19100_B100_039"", ""SC_V193_B003_025"", ""SC_V1978_B078_021"", ""SC_V1979_B079_027"", ""SC_V1924_B024_046"", ""SC_V1954_B054_045""]"
MF_F_067,CROSSWORD,,"[""SC_V1928_B028_014"", ""SC_V193_B003_016"", ""SC_V19127_B127_021"", ""SC_V1920_B020_025"", ""SC_V19112_B112_026"", ""SC_V1995_B095_031"", ""SC_V199_B009_035"", ""SC_V1963_B063_009"", ""SC_V19104_B104_019"", ""SC_V1961_B061_014""]"
MF_F_068,CROSSWORD,,"[""SC_V1915_B015_006"", ""SC_V1915_B015_010"", ""SC_V1925_B025_012"", ""SC_V19111_B111_027"", ""SC_V197_B007_021"", ""SC_V1917_B017_001"", ""SC_V19103_B103_046"", ""SC_V19130_B130_009"", ""SC_V1941_B041_019"", ""SC_V1945_B045_050""]"
MF_F_069,CROSSWORD,,"[""SC_V19118_B118_031"", ""SC_V193_B003_027"", ""SC_V19114_B114_023"", ""SC_V1918_B018_015"", ""SC_V1922_B022_029"", ""SC_V19104_B104_035"", ""SC_V1915_B015_001"", ""SC_V1968_B068_040"", ""SC_V1932_B032_028"", ""SC_V1935_B035_036""]"
MF_F_070,CROSSWORD,,"[""SC_V1934_B034_042"", ""SC_V1992_B092_042"", ""SC_V19122_B122_028"", ""SC_V19134_B134_018"", ""SC_V19134_B134_033"", ""SC_V1918_B018_018"", ""SC_V1965_B065_030"", ""SC_V1952_B052_033"", ""SC_V196_B006_012"", ""SC_V199_B009_018""]"
MF_F_071,CROSSWORD,,"[""SC_V1923_B023_025"", ""SC_V1971_B071_024"", ""SC_V1964_B064_039"", ""SC_V1959_B059_035"", ""SC_V1997_B097_015"", ""SC_V19109_B109_015"", ""SC_V191_B001_026"", ""SC_V1940_B040_043"", ""SC_V1941_B041_015"", ""SC_V1928_B028_008""]"
MF_F_072,CROSSWORD,,"[""SC_V199_B009_005"", ""SC_V1989_B089_048"", ""SC_V193_B003_025"", ""SC_V1930_B030_020"", ""SC_V1989_B089_030"", ""SC_V1976_B076_011"", ""SC_V19104_B104_007"", ""SC_V197_B007_021"", ""SC_V1944_B044_042"", ""SC_V19102_B102_042""]"
MF_F_073,CROSSWORD,,"[""SC_V1930_B030_024"", ""SC_V1930_B030_029"", ""SC_V1992_B092_007"", ""SC_V1992_B092_009"", ""SC_V19115_B115_036"", ""SC_V199_B009_035"", ""SC_V1965_B065_030"", ""SC_V1934_B034_004"", ""SC_V1933_B033_049"", ""SC_V1997_B097_003""]"
MF_F_074,CROSSWORD,,"[""SC_V1997_B097_029"", ""SC_V1967_B067_002"", ""SC_V1967_B067_004"", ""SC_V1937_B037_034"", ""SC_V1988_B088_044"", ""SC_V19112_B112_014"", ""SC_V19133_B133_032"", ""SC_V1916_B016_034"", ""SC_V1934_B034_042"", ""SC_V1968_B068_029""]"
MF_F_075,CROSSWORD,,"[""SC_V19132_B132_023"", ""SC_V19132_B132_026"", ""SC_V1984_B084_003"", ""SC_V1917_B017_004"", ""SC_V1933_B033_018"", ""SC_V1990_B090_048"", ""SC_V199_B009_008"", ""SC_V1912_B012_002"", ""SC_V1971_B071_024"", ""SC_V19109_B109_026""]"
MF_F_076,CROSSWORD,,"[""SC_V1919_B019_005"", ""SC_V1918_B018_048"", ""SC_V1955_B055_045"", ""SC_V1973_B073_017"", ""SC_V1944_B044_043"", ""SC_V1966_B066_007"", ""SC_V198_B008_003"", ""SC_V1982_B082_023"", ""SC_V1949_B049_006"", ""SC_V19105_B105_027""]"
MF_F_077,CROSSWORD,,"[""SC_V1936_B036_047"", ""SC_V1955_B055_045"", ""SC_V1978_B078_028"", ""SC_V1965_B065_036"", ""SC_V1967_B067_036"", ""SC_V19136_B136_013"", ""SC_V1914_B014_009"", ""SC_V1962_B062_036"", ""SC_V19132_B132_023"", ""SC_V1940_B040_043""]"
MF_F_078,CROSSWORD,,"[""SC_V1989_B089_045"", ""SC_V1917_B017_044"", ""SC_V192_B002_018"", ""SC_V1962_B062_036"", ""SC_V1992_B092_035"", ""SC_V191_B001_026"", ""SC_V1914_B014_009"", ""SC_V19136_B136_013"", ""SC_V19128_B128_031"", ""SC_V19128_B128_026""]"
MF_F_079,CROSSWORD,,"[""SC_V19107_B107_024"", ""SC_V19109_B109_022"", ""SC_V1923_B023_036"", ""SC_V1924_B024_023"", ""SC_V19135_B135_028"", ""SC_V19135_B135_020"", ""SC_V197_B007_031"", ""SC_V19135_B135_011"", ""SC_V1967_B067_030"", ""SC_V1912_B012_020""]"
MF_F_080,CROSSWORD,,"[""SC_V19115_B115_031"", ""SC_V19101_B101_001"", ""SC_V19100_B100_039"", ""SC_V1990_B090_005"", ""SC_V1952_B052_032"", ""SC_V1931_B031_050"", ""SC_V1914_B014_028"", ""SC_V1918_B018_048"", ""SC_V1935_B035_021"", ""SC_V1912_B012_036""]"
MF_F_081,CROSSWORD,,"[""SC_V1941_B041_047"", ""SC_V1941_B041_049"", ""SC_V19128_B128_026"", ""SC_V1983_B083_001"", ""SC_V1974_B074_008"", ""SC_V1936_B036_021"", ""SC_V1983_B083_018"", ""SC_V1983_B083_003"", ""SC_V194_B004_002"", ""SC_V1943_B043_018""]"
MF_F_082,CROSSWORD,,"[""SC_V1954_B054_045"", ""SC_V1920_B020_025"", ""SC_V1931_B031_034"", ""SC_V1995_B095_031"", ""SC_V1955_B055_025"", ""SC_V1978_B078_021"", ""SC_V19100_B100_018"", ""SC_V1912_B012_041"", ""SC_V1961_B061_048"", ""SC_V197_B007_045""]"
MF_F_083,CROSSWORD,,"[""SC_V1921_B021_040"", ""SC_V1922_B022_013"", ""SC_V192_B002_037"", ""SC_V19130_B130_016"", ""SC_V1914_B014_036"", ""SC_V1951_B051_044"", ""SC_V1915_B015_001"", ""SC_V1989_B089_037"", ""SC_V1944_B044_042"", ""SC_V1974_B074_032""]"
MF_F_084,CROSSWORD,,"[""SC_V19100_B100_029"", ""SC_V1985_B085_048"", ""SC_V19100_B100_005"", ""SC_V1961_B061_006"", ""SC_V1990_B090_031"", ""SC_V19107_B107_041"", ""SC_V19115_B115_043"", ""SC_V19109_B109_029"", ""SC_V19109_B109_004"", ""SC_V1955_B055_041""]"
MF_F_085,CROSSWORD,,"[""SC_V194_B004_002"", ""SC_V1910_B010_012"", ""SC_V1999_B099_026"", ""SC_V19104_B104_007"", ""SC_V19112_B112_036"", ""SC_V1971_B071_042"", ""SC_V19100_B100_018"", ""SC_V19101_B101_001"", ""SC_V1912_B012_041"", ""SC_V19100_B100_029""]"
MF_F_086,CROSSWORD,,"[""SC_V19127_B127_050"", ""SC_V1968_B068_048"", ""SC_V19123_B123_043"", ""SC_V1988_B088_001"", ""SC_V1921_B021_040"", ""SC_V19104_B104_035"", ""SC_V1915_B015_010"", ""SC_V1917_B017_001"", ""SC_V19103_B103_046"", ""SC_V1945_B045_050""]"
MF_F_087,CROSSWORD,,"[""SC_V1983_B083_038"", ""SC_V1994_B094_009"", ""SC_V1994_B094_006"", ""SC_V1991_B091_033"", ""SC_V19133_B133_032"", ""SC_V1916_B016_030"", ""SC_V19132_B132_009"", ""SC_V1997_B097_039"", ""SC_V19122_B122_030"", ""SC_V1916_B016_034""]"
MF_F_088,CROSSWORD,,"[""SC_V19109_B109_022"", ""SC_V1987_B087_032"", ""SC_V1939_B039_022"", ""SC_V1939_B039_009"", ""SC_V1967_B067_002"", ""SC_V1967_B067_016"", ""SC_V19122_B122_028"", ""SC_V1918_B018_015"", ""SC_V1980_B080_026"", ""SC_V19123_B123_023""]"
MF_F_089,CROSSWORD,,"[""SC_V19127_B127_021"", ""SC_V1998_B098_049"", ""SC_V1914_B014_026"", ""SC_V1914_B014_037"", ""SC_V1967_B067_004"", ""SC_V1992_B092_042"", ""SC_V1951_B051_023"", ""SC_V19119_B119_005"", ""SC_V1948_B048_006"", ""SC_V1921_B021_013""]"
MF_F_090,CROSSWORD,,"[""SC_V1989_B089_049"", ""SC_V1937_B037_048"", ""SC_V1972_B072_001"", ""SC_V1995_B095_040"", ""SC_V19129_B129_039"", ""SC_V1990_B090_038"", ""SC_V1940_B040_037"", ""SC_V1941_B041_015"", ""SC_V19135_B135_027"", ""SC_V1928_B028_008""]"
MF_F_091,CROSSWORD,,"[""SC_V19120_B120_006"", ""SC_V1984_B084_002"", ""SC_V1923_B023_036"", ""SC_V191_B001_039"", ""SC_V1992_B092_007"", ""SC_V1913_B013_027"", ""SC_V1920_B020_024"", ""SC_V1940_B040_037"", ""SC_V1941_B041_019"", ""SC_V1959_B059_001""]"
MF_F_092,CROSSWORD,,"[""SC_V1910_B010_012"", ""SC_V1999_B099_026"", ""SC_V1978_B078_003"", ""SC_V19130_B130_016"", ""SC_V19112_B112_014"", ""SC_V19136_B136_013"", ""SC_V1914_B014_009"", ""SC_V1992_B092_035"", ""SC_V1992_B092_034"", ""SC_V1994_B094_037""]"
MF_F_093,CROSSWORD,,"[""SC_V1923_B023_025"", ""SC_V1998_B098_040"", ""SC_V1975_B075_020"", ""SC_V1975_B075_012"", ""SC_V1978_B078_017"", ""SC_V1979_B079_033"", ""SC_V199_B009_048"", ""SC_V1997_B097_008"", ""SC_V19124_B124_029"", ""SC_V19124_B124_022""]"
MF_F_094,CROSSWORD,,"[""SC_V19132_B132_033"", ""SC_V1917_B017_004"", ""SC_V199_B009_005"", ""SC_V1989_B089_048"", ""SC_V1915_B015_006"", ""SC_V1974_B074_032"", ""SC_V1989_B089_030"", ""SC_V1976_B076_011"", ""SC_V1941_B041_049"", ""SC_V1983_B083_018""]"
MF_F_095,CROSSWORD,,"[""SC_V1978_B078_003"", ""SC_V1987_B087_032"", ""SC_V1965_B065_036"", ""SC_V1990_B090_048"", ""SC_V199_B009_008"", ""SC_V19101_B101_022"", ""SC_V1930_B030_011"", ""SC_V1944_B044_042"", ""SC_V19102_B102_042"", ""SC_V1992_B092_009""]"
MF_F_096,CROSSWORD,,"[""SC_V1989_B089_049"", ""SC_V1989_B089_045"", ""SC_V1988_B088_044"", ""SC_V1930_B030_020"", ""SC_V1920_B020_024"", ""SC_V19130_B130_009"", ""SC_V1941_B041_015"", ""SC_V193_B003_027"", ""SC_V19118_B118_031"", ""SC_V1928_B028_008""]"
MF_F_097,CROSSWORD,,"[""SC_V194_B004_036"", ""SC_V1939_B039_044"", ""SC_V1919_B019_005"", ""SC_V1955_B055_041"", ""SC_V1972_B072_001"", ""SC_V1972_B072_004"", ""SC_V1917_B017_039"", ""SC_V19112_B112_014"", ""SC_V1937_B037_048"", ""SC_V1937_B037_034""]"
MF_F_098,CROSSWORD,,"[""SC_V1990_B090_005"", ""SC_V19134_B134_020"", ""SC_V19134_B134_018"", ""SC_V1952_B052_032"", ""SC_V1927_B027_002"", ""SC_V1924_B024_023"", ""SC_V1944_B044_042"", ""SC_V1944_B044_043"", ""SC_V19106_B106_043"", ""SC_V198_B008_003""]"
MF_F_099,CROSSWORD,,"[""SC_V1933_B033_003"", ""SC_V1933_B033_018"", ""SC_V19105_B105_032"", ""SC_V19115_B115_036"", ""SC_V1985_B085_010"", ""SC_V1965_B065_050"", ""SC_V1928_B028_014"", ""SC_V1948_B048_024"", ""SC_V1968_B068_040"", ""SC_V1988_B088_042""]"
MF_F_100,CROSSWORD,,"[""SC_V1922_B022_043"", ""SC_V1922_B022_013"", ""SC_V19128_B128_031"", ""SC_V1985_B085_020"", ""SC_V1985_B085_015"", ""SC_V19101_B101_001"", ""SC_V199_B009_032"", ""SC_V1934_B034_004"", ""SC_V1933_B033_049"", ""SC_V1997_B097_003""]"
