어휘,동형번호,품사,공식등급,분야,분류,매칭_content_id,DB내_동일표제어_건수,공식목록내_동형이의_위험
가,5,명사,5,일반어/일반어/일반어/전문어(교육),신규_어휘_후보,,0,True
가가호호,0,명사/부사,5,일반어/일반어,신규_어휘_후보,,0,False
가감승제,0,명사,5,전문어(수학),신규_어휘_후보,,0,False
가감하다,1,동사,5,일반어,신규_어휘_후보,,0,False
가겟집,0,명사,5,일반어/일반어,신규_어휘_후보,,0,False
가결,1,명사,5,일반어,신규_어휘_후보,,0,False
가결되다,1,동사,5,일반어,신규_어휘_후보,,0,False
가결하다,1,동사,5,일반어,신규_어휘_후보,,0,False
가계,6,명사,5,일반어,신규_어휘_후보,,0,True
가공유,0,명사,5,일반어,신규_어휘_후보,,0,False
가공인물,0,명사,5,일반어,신규_어휘_후보,,0,False
가공품,0,명사,5,일반어,신규_어휘_후보,,0,False
가공하다,3,형용사,5,일반어,신규_어휘_후보,,0,False
가구상,0,명사,5,일반어/일반어,신규_어휘_후보,,0,False
가극,3,명사,5,전문어(음악),신규_어휘_후보,,0,False
가꾸로,0,부사,5,일반어,신규_어휘_후보,,0,False
가끔가다가,0,부사,5,일반어,신규_어휘_후보,,0,False
가나,2,명사,5,전문어(지명),신규_어휘_후보,,0,False
가나다순,0,명사,5,일반어,신규_어휘_후보,,0,False
가내,0,명사,5,일반어,신규_어휘_후보,,0,False
가는귀,0,명사,5,일반어,신규_어휘_후보,,0,False
가담,1,명사,5,일반어,신규_어휘_후보,,0,False
가당찮다,0,형용사,5,일반어,신규_어휘_후보,,0,False
가도,7,명사,5,일반어/일반어/일반어,신규_어휘_후보,,0,False
가동하다,2,동사,5,일반어,신규_어휘_후보,,0,False
가두,2,명사,5,일반어,신규_어휘_후보,,0,False
가드,0,명사,5,전문어(체육)/전문어(체육)/전문어(체육)/전문어(체육),신규_어휘_후보,,0,False
가드레일,0,명사,5,전문어(교통)/전문어(교통),신규_어휘_후보,,0,False
가든파티,0,명사,5,일반어,신규_어휘_후보,,0,False
가뜩,1,부사,5,일반어/일반어/일반어/일반어,신규_어휘_후보,,0,False
가락국수,0,명사,5,일반어,신규_어휘_후보,,0,False
가락지,0,명사,5,일반어/일반어,신규_어휘_후보,,0,False
가래,3,명사,5,전문어(농업)/일반어,신규_어휘_후보,,0,True
가래질,0,명사,5,전문어(농업),신규_어휘_후보,,0,False
가래침,0,명사,5,일반어/전문어(의학),신규_어휘_후보,,0,False
가려듣다,0,동사,5,일반어,신규_어휘_후보,,0,False
가려보다,0,동사,5,일반어/일반어,신규_어휘_후보,,0,False
가려움증,0,명사,5,일반어/전문어(의학),신규_어휘_후보,,0,False
가려워하다,0,동사,5,일반어,신규_어휘_후보,,0,False
가련히,0,부사,5,일반어,신규_어휘_후보,,0,False
가로막,0,명사,5,전문어(의학)/전문어(의학),신규_어휘_후보,,0,False
가로맡다,0,동사,5,일반어/일반어,신규_어휘_후보,,0,False
가로무늬,0,명사,5,일반어,신규_어휘_후보,,0,False
가로선,0,명사,5,일반어,신규_어휘_후보,,0,False
가로쓰기,0,명사,5,일반어,신규_어휘_후보,,0,False
가로축,0,명사,5,전문어(수학),신규_어휘_후보,,0,False
가로획,0,명사,5,일반어,신규_어휘_후보,,0,False
가르치심,0,명사,5,일반어,신규_어휘_후보,,0,False
가름,1,명사,5,일반어/일반어,신규_어휘_후보,,0,False
가름하다,0,동사,5,일반어/일반어,신규_어휘_후보,,0,False
가리기,0,명사,5,전문어(물리),신규_어휘_후보,,0,False
가마,1,명사,5,일반어,신규_어휘_후보,,0,True
가마꾼,0,명사,5,일반어,신규_어휘_후보,,0,False
가마솥더위,0,명사,5,일반어,신규_어휘_후보,,0,False
가마싸움,0,명사,5,전문어(민속),신규_어휘_후보,,0,False
가마우지,0,명사,5,전문어(동물)/전문어(동물),신규_어휘_후보,,0,False
가만가만히,0,부사,5,일반어,신규_어휘_후보,,0,False
가망성,0,명사,5,일반어,신규_어휘_후보,,0,False
가맹,0,명사,5,일반어,신규_어휘_후보,,0,False
가맹점,0,명사,5,일반어,신규_어휘_후보,,0,False
가무,4,명사,5,일반어/일반어,신규_어휘_후보,,0,False
가무단,0,명사,5,일반어,신규_어휘_후보,,0,False
가문비나무,0,명사,5,전문어(식물),신규_어휘_후보,,0,False
가물,1,명사,5,일반어,신규_어휘_후보,,0,False
가물치,0,명사,5,전문어(동물),신규_어휘_후보,,0,False
가뭇가뭇,0,부사,5,일반어,신규_어휘_후보,,0,False
가미되다,0,동사,5,일반어/일반어/전문어(한의),신규_어휘_후보,,0,False
가미하다,0,동사,5,일반어/일반어/전문어(한의),신규_어휘_후보,,0,False
가벼이,0,부사,5,일반어/일반어/일반어/일반어/일반어/일반어/일반어/일반어/일반어/일반어/일반어/일반어,신규_어휘_후보,,0,False
가부,1,명사,5,일반어/일반어,신규_어휘_후보,,0,False
가부장제,0,명사,5,전문어(사회 일반),신규_어휘_후보,,0,False
가부좌,0,명사,5,전문어(불교),신규_어휘_후보,,0,False
가부키,0,명사,5,전문어(예체능 일반),신규_어휘_후보,,0,False
가불,2,명사,5,일반어/일반어,신규_어휘_후보,,0,False
가불하다,0,동사,5,일반어/일반어,신규_어휘_후보,,0,False
가빠지다,0,동사,5,일반어,신규_어휘_후보,,0,False
가사,10,명사,5,전문어(문학),신규_어휘_후보,,0,True
가산금,0,명사,5,전문어(법률),신규_어휘_후보,,0,False
가산점,0,명사,5,일반어,신규_어휘_후보,,0,False
가상도,0,명사,5,일반어,신규_어휘_후보,,0,False
가상하다,1,동사,5,일반어,신규_어휘_후보,,0,False
가상하다,2,형용사,5,일반어,신규_어휘_후보,,0,False
가상훈련,0,명사,5,일반어,신규_어휘_후보,,0,False
가상히,0,부사,5,일반어,신규_어휘_후보,,0,False
가석방,0,명사,5,전문어(법률),신규_어휘_후보,,0,False
가설,3,명사,5,일반어/일반어,신규_어휘_후보,,0,True
가설랑,0,감탄사,5,일반어,신규_어휘_후보,,0,False
가설하다,2,동사,5,일반어,신규_어휘_후보,,0,True
가설하다,3,동사,5,일반어/일반어,신규_어휘_후보,,0,True
가성,6,명사,5,일반어/전문어(음악),신규_어휘_후보,,0,False
가성비,0,명사,5,일반어,신규_어휘_후보,,0,False
가세,2,명사,5,일반어,신규_어휘_후보,,0,True
가세,7,명사,5,일반어,신규_어휘_후보,,0,True
가속,1,명사,5,일반어,신규_어휘_후보,,0,False
가스난로,0,명사,5,일반어,신규_어휘_후보,,0,False
가스라이터,0,명사,5,일반어,신규_어휘_후보,,0,False
가스스토브,0,명사,5,일반어,신규_어휘_후보,,0,False
가스총,0,명사,5,일반어/전문어(군사),신규_어휘_후보,,0,False
가스탱크,0,명사,5,일반어,신규_어휘_후보,,0,False
가슴앓이,0,명사,5,일반어/전문어(의학),신규_어휘_후보,,0,False
가슴지느러미,0,명사,5,전문어(동물),신규_어휘_후보,,0,False
가시고기,0,명사,5,전문어(동물),신규_어휘_후보,,0,False
가시광선,0,명사,5,전문어(물리),신규_어휘_후보,,0,False
가시넝쿨,0,명사,5,전문어(식물),신규_어휘_후보,,0,False
가시줄,0,명사,5,일반어,신규_어휘_후보,,0,False
가식,3,명사,5,일반어/일반어,신규_어휘_후보,,0,False
가식적,0,명사/관형사,5,일반어/일반어,신규_어휘_후보,,0,False
가신,3,명사,5,전문어(역사)/전문어(역사),신규_어휘_후보,,0,False
가야,1,명사,5,전문어(역사),신규_어휘_후보,,0,False
가없이,0,부사,5,일반어,신규_어휘_후보,,0,False
가연성,0,명사,5,일반어,신규_어휘_후보,,0,False
가외,1,명사,5,일반어,신규_어휘_후보,,0,False
가요제,0,명사,5,일반어,신규_어휘_후보,,0,False
가요집,0,명사,5,일반어,신규_어휘_후보,,0,False
가운뎃점,0,명사,5,전문어(언어),신규_어휘_후보,,0,False
가위표,0,명사,5,일반어/전문어(언어),신규_어휘_후보,,0,False
가을걷이하다,0,동사,5,전문어(농업),신규_어휘_후보,,0,False
가을보리,0,명사,5,전문어(농업),신규_어휘_후보,,0,False
가입국,0,명사,5,일반어,신규_어휘_후보,,0,False
가작,1,명사,5,일반어/일반어,신규_어휘_후보,,0,False
가장조,0,명사,5,전문어(음악),신규_어휘_후보,,0,False
가장행렬,0,명사,5,일반어,신규_어휘_후보,,0,False
가재도구,0,명사,5,일반어,신규_어휘_후보,,0,False
가정배달,0,명사,5,일반어,신규_어휘_후보,,0,False
가정용품,0,명사,5,일반어,신규_어휘_후보,,0,False
가정의례,0,명사,5,일반어,신규_어휘_후보,,0,False
가정적,1,명사/관형사,5,일반어/일반어/일반어/일반어,신규_어휘_후보,,0,False
가정주부,0,명사,5,일반어,신규_어휘_후보,,0,False
가제,8,명사,5,일반어,신규_어휘_후보,,0,False
가족원,0,명사,5,일반어,신규_어휘_후보,,0,False
가족적,0,명사/관형사,5,일반어/일반어/일반어/일반어,신규_어휘_후보,,0,False
가중,1,명사,5,일반어/전문어(법률),신규_어휘_후보,,0,False
가중되다,0,동사,5,일반어/전문어(법률),신규_어휘_후보,,0,False
가증,4,명사,5,일반어,신규_어휘_후보,,0,False
가증스럽다,0,형용사,5,일반어,신규_어휘_후보,,0,False
가창력,0,명사,5,일반어,신규_어휘_후보,,0,False
가출하다,2,동사,5,일반어,신규_어휘_후보,,0,False
가칭,2,명사,5,일반어/일반어,신규_어휘_후보,,0,False
가타부타,0,명사,5,일반어,신규_어휘_후보,,0,False
가택,1,명사,5,일반어,신규_어휘_후보,,0,False
가톨릭교도,0,명사,5,전문어(가톨릭),신규_어휘_후보,,0,False
가톨릭교회,0,명사,5,전문어(가톨릭)/전문어(가톨릭),신규_어휘_후보,,0,False
가판대,2,명사,5,일반어,신규_어휘_후보,,0,False
가풍,1,명사,5,일반어,신규_어휘_후보,,0,False
가해,0,명사,5,일반어,신규_어휘_후보,,0,False
가호,2,명사,5,일반어/일반어,신규_어휘_후보,,0,False
가혹성,0,명사,5,일반어,신규_어휘_후보,,0,False
가히,0,부사,5,일반어/일반어,신규_어휘_후보,,0,False
각계,0,명사,5,일반어,신규_어휘_후보,,0,False
각고,1,명사,5,일반어,신규_어휘_후보,,0,False
각광,0,명사,5,일반어/전문어(예체능 일반),신규_어휘_후보,,0,False
각기병,0,명사,5,전문어(의학),신규_어휘_후보,,0,False
각목,1,명사,5,일반어,신규_어휘_후보,,0,False
각박하다,0,형용사,5,일반어/일반어/일반어,신규_어휘_후보,,0,False
각본가,0,명사,5,일반어/일반어,신규_어휘_후보,,0,False
각봉투,0,명사,5,일반어,신규_어휘_후보,,0,False
각색,1,명사,5,일반어/일반어,신규_어휘_후보,,0,True
각색,2,명사,5,일반어/일반어,신규_어휘_후보,,0,True
각선미,0,명사,5,일반어,신규_어휘_후보,,0,False
각설이,0,명사,5,전문어(민속),신규_어휘_후보,,0,False
각성,6,명사,5,일반어/일반어/일반어,신규_어휘_후보,,0,False
각성제,0,명사,5,전문어(약학),신규_어휘_후보,,0,False
각성하다,0,동사,5,일반어/일반어,신규_어휘_후보,,0,False
각시탈,0,명사,5,전문어(민속),신규_어휘_후보,,0,False
각의,2,명사,5,전문어(정치),신규_어휘_후보,,0,False
각인각색,0,명사,5,일반어,신규_어휘_후보,,0,False
각저총,0,명사,5,전문어(역사),신규_어휘_후보,,0,False
각주,4,명사,5,일반어,신규_어휘_후보,,0,False
각지,1,명사,5,일반어,신규_어휘_후보,,0,False
각질,1,명사,5,전문어(동물),신규_어휘_후보,,0,False
각질화되다,0,동사,5,전문어(수의),신규_어휘_후보,,0,False
각처,0,명사,5,일반어,신규_어휘_후보,,0,False
각축,0,명사,5,일반어,신규_어휘_후보,,0,False
각형,0,명사,5,일반어/일반어/전문어(수학),신규_어휘_후보,,0,False
간간하다,2,형용사,5,일반어,신규_어휘_후보,,0,False
간결성,0,명사,5,일반어,신규_어휘_후보,,0,False
간결체,0,명사,5,전문어(문학),신규_어휘_후보,,0,False
간계,1,명사,5,일반어,신규_어휘_후보,,0,False
간과하다,0,동사,5,일반어,신규_어휘_후보,,0,False
간교성,0,명사,5,일반어,신규_어휘_후보,,0,False
간교하다,2,형용사,5,일반어,신규_어휘_후보,,0,False
간구하다,2,동사,5,일반어,신규_어휘_후보,,0,False
간담,2,명사,5,일반어,신규_어휘_후보,,0,True
간덩이,0,명사,5,일반어,신규_어휘_후보,,0,False
간도,4,명사,5,전문어(지명),신규_어휘_후보,,0,False
간드러지다,0,형용사,5,일반어,신규_어휘_후보,,0,False
간디스토마,0,명사,5,전문어(생명),신규_어휘_후보,,0,False
간만,1,명사,5,전문어(해양),신규_어휘_후보,,0,False
간명히,0,부사,5,일반어,신규_어휘_후보,,0,False
간병,1,명사,5,일반어,신규_어휘_후보,,0,False
간병인,0,명사,5,일반어,신규_어휘_후보,,0,False
간병하다,1,동사,5,일반어,신규_어휘_후보,,0,False
간사스럽다,1,형용사,5,일반어,신규_어휘_후보,,0,True
간사스럽다,2,형용사,5,일반어/일반어,신규_어휘_후보,,0,True
간석기,0,명사,5,전문어(역사),신규_어휘_후보,,0,False
간선,4,명사,5,일반어,신규_어휘_후보,,0,False
간선제,0,명사,5,전문어(정치),신규_어휘_후보,,0,False
간세포,1,명사,5,전문어(생명),신규_어휘_후보,,0,False
간소히,0,부사,5,일반어,신규_어휘_후보,,0,False
간수,1,명사,5,일반어,신규_어휘_후보,,0,True
간수,3,명사,5,일반어,신규_어휘_후보,,0,True
간수,4,명사,5,일반어/전문어(행정)/일반어/전문어(역사),신규_어휘_후보,,0,True
간악하다,1,형용사,5,일반어,신규_어휘_후보,,0,False
간여,0,명사,5,일반어,신규_어휘_후보,,0,False
간웅,0,명사,5,일반어,신규_어휘_후보,,0,False
간유리,0,명사,5,일반어,신규_어휘_후보,,0,False
간음,2,명사,5,일반어,신규_어휘_후보,,0,False
간의,3,명사,5,전문어(천문),신규_어휘_후보,,0,False
간이매점,0,명사,5,일반어,신규_어휘_후보,,0,False
간이식당,0,명사,5,일반어,신규_어휘_후보,,0,False
간이역,0,명사,5,일반어,신규_어휘_후보,,0,False
간이음식점,0,명사,5,일반어,신규_어휘_후보,,0,False
간이주점,0,명사,5,일반어,신규_어휘_후보,,0,False
간이침대,0,명사,5,일반어,신규_어휘_후보,,0,False
간장약,0,명사,5,전문어(약학),신규_어휘_후보,,0,False
간접세,0,명사,5,전문어(법률),신규_어휘_후보,,0,False
간접흡연,0,명사,5,일반어,신규_어휘_후보,,0,False
간조,1,명사,5,전문어(해양),신규_어휘_후보,,0,False
간주,1,명사,5,일반어,신규_어휘_후보,,0,False
간주곡,0,명사,5,전문어(음악)/전문어(음악),신규_어휘_후보,,0,False
간주하다,0,동사,5,일반어,신규_어휘_후보,,0,False
간질,4,명사,5,전문어(의학),신규_어휘_후보,,0,False
간척,2,명사,5,일반어,신규_어휘_후보,,0,False
간척하다,0,동사,5,일반어,신규_어휘_후보,,0,False
간청,0,명사,5,일반어,신규_어휘_후보,,0,False
간택,1,명사,5,일반어/전문어(역사),신규_어휘_후보,,0,False
간택하다,1,동사,5,일반어/전문어(역사),신규_어휘_후보,,0,False
간통,2,명사,5,일반어,신규_어휘_후보,,0,False
간통죄,0,명사,5,전문어(법률),신규_어휘_후보,,0,False
간판선수,0,명사,5,일반어,신규_어휘_후보,,0,False
간판스타,0,명사,5,일반어,신규_어휘_후보,,0,False
간하다,3,동사,5,일반어,신규_어휘_후보,,0,True
간행,1,명사,5,일반어,신규_어휘_후보,,0,False
간행되다,0,동사,5,일반어,신규_어휘_후보,,0,False
간행물,0,명사,5,일반어,신규_어휘_후보,,0,False
간행하다,1,동사,5,일반어,신규_어휘_후보,,0,False
간헐천,2,명사,5,전문어(지구),신규_어휘_후보,,0,False
간호보조원,0,명사,5,일반어,신규_어휘_후보,,0,False
간호인,0,명사,5,일반어,신규_어휘_후보,,0,False
간호학,0,명사,5,전문어(의학),신규_어휘_후보,,0,False
갈가리,0,부사,5,일반어,신규_어휘_후보,,0,False
갈겨니,0,명사,5,전문어(동물),신규_어휘_후보,,0,False
갈구,0,명사,5,일반어,신규_어휘_후보,,0,False
갈구하다,0,동사,5,일반어,신규_어휘_후보,,0,False
갈기다,0,동사,5,일반어/일반어/일반어/일반어/일반어/일반어/일반어,신규_어휘_후보,,0,False
갈꽃,0,명사,5,전문어(식물),신규_어휘_후보,,0,False
갈댓잎,0,명사,5,일반어,신규_어휘_후보,,0,False
갈돌,0,명사,5,전문어(역사),신규_어휘_후보,,0,False
갈등상태,0,명사,5,전문어(심리),신규_어휘_후보,,0,False
갈라내다,0,동사,5,일반어,신규_어휘_후보,,0,False
갈라서다,0,동사,5,일반어/일반어/일반어,신규_어휘_후보,,0,False
갈래꽃,0,명사,5,전문어(식물),신규_어휘_후보,,0,False
갈리다,6,동사,5,일반어,신규_어휘_후보,,0,True
갈마들다,0,동사,5,일반어,신규_어휘_후보,,0,False
갈망하다,2,동사,5,일반어,신규_어휘_후보,,0,False
갈바람,0,명사,5,일반어/일반어,신규_어휘_후보,,0,False
갈밭,0,명사,5,일반어,신규_어휘_후보,,0,False
갈밭머리,0,명사,5,일반어,신규_어휘_후보,,0,False
갈빗살,0,명사,5,일반어,신규_어휘_후보,,0,False
갈잎,1,명사,5,일반어/전문어(식물),신규_어휘_후보,,0,False
갈조류,0,명사,5,전문어(생명),신규_어휘_후보,,0,False
갈파래,0,명사,5,전문어(생명),신규_어휘_후보,,0,False
갈판,3,명사,5,일반어,신규_어휘_후보,,0,False
갈피,1,명사,5,일반어/일반어,신규_어휘_후보,,0,False
감,3,명사,5,일반어/일반어/일반어/일반어/일반어,신규_어휘_후보,,0,True
감,7,명사,5,전문어(민속)/전문어(민속),신규_어휘_후보,,0,True
감감무소식,0,명사,5,일반어,신규_어휘_후보,,0,False
감감하다,0,형용사,5,일반어/일반어/일반어,신규_어휘_후보,,0,False
감개,2,명사,5,일반어,신규_어휘_후보,,0,False
감개무량하다,0,형용사,5,일반어,신규_어휘_후보,,0,False
감겨들다,0,동사,5,일반어,신규_어휘_후보,,0,False
감격성,0,명사,5,일반어,신규_어휘_후보,,0,False
감격적,0,명사/관형사,5,일반어/일반어,신규_어휘_후보,,0,False
감광지,0,명사,5,전문어(화학),신규_어휘_후보,,0,False
감금하다,0,동사,5,일반어,신규_어휘_후보,,0,False
감꼭지,0,명사,5,일반어,신규_어휘_후보,,0,False
감꽃,0,명사,5,일반어,신규_어휘_후보,,0,False
감리교,0,명사,5,전문어(기독교),신규_어휘_후보,,0,False
감마선,0,명사,5,전문어(물리),신규_어휘_후보,,0,False
감발,3,명사,5,일반어,신규_어휘_후보,,0,False
감복하다,0,동사,5,일반어,신규_어휘_후보,,0,False
감빛,0,명사,5,일반어,신규_어휘_후보,,0,False
감사,9,명사,5,전문어(역사),신규_어휘_후보,,0,True
감사,13,명사,5,일반어,신규_어휘_후보,,0,True
감사문,0,명사,5,일반어,신규_어휘_후보,,0,False
감사원,1,명사,5,전문어(행정),신규_어휘_후보,,0,False
감사장,0,명사,5,일반어,신규_어휘_후보,,0,False
감사절,0,명사,5,전문어(기독교),신규_어휘_후보,,0,False
감사하다,6,동사,5,일반어,신규_어휘_후보,,0,True
감산,2,명사,5,일반어/일반어,신규_어휘_후보,,0,False
감상법,0,명사,5,일반어,신규_어휘_후보,,0,False
감상적,0,명사/관형사,5,일반어/일반어,신규_어휘_후보,,0,False
감성적,0,명사/관형사,5,일반어/일반어/일반어/일반어,신규_어휘_후보,,0,False
감수,15,명사,5,일반어,신규_어휘_후보,,0,False
감시병,0,명사,5,일반어,신규_어휘_후보,,0,False
감시소,0,명사,5,일반어,신규_어휘_후보,,0,False
감시자,0,명사,5,일반어,신규_어휘_후보,,0,False
감식,4,명사,5,일반어/일반어,신규_어휘_후보,,0,False
감아올리다,0,동사,5,일반어,신규_어휘_후보,,0,False
감안하다,0,동사,5,일반어,신규_어휘_후보,,0,False
감언이설,0,명사,5,일반어,신규_어휘_후보,,0,False
감영,2,명사,5,전문어(역사),신규_어휘_후보,,0,False
감옥행,0,명사,5,일반어,신규_어휘_후보,,0,False
감원,2,명사,5,일반어,신규_어휘_후보,,0,False
감자녹말,0,명사,5,일반어,신규_어휘_후보,,0,False
감자밥,0,명사,5,일반어,신규_어휘_후보,,0,False
감자찌개,0,명사,5,일반어,신규_어휘_후보,,0,False
감자채,0,명사,5,일반어,신규_어휘_후보,,0,False
감자탕,0,명사,5,일반어,신규_어휘_후보,,0,False
감잣국,0,명사,5,일반어,신규_어휘_후보,,0,False
감장,1,명사,5,일반어,신규_어휘_후보,,0,False
감정,9,명사,5,일반어,신규_어휘_후보,,0,True
감정사,0,명사,5,일반어,신규_어휘_후보,,0,False
감정싸움,0,명사,5,일반어,신규_어휘_후보,,0,False
감정적,1,명사/관형사,5,일반어/일반어,신규_어휘_후보,,0,False
감주,1,명사,5,일반어/일반어,신규_어휘_후보,,0,False
감지기,0,명사,5,전문어(물리),신규_어휘_후보,,0,False
감지덕지,0,부사,5,일반어,신규_어휘_후보,,0,False
감질나다,0,동사,5,일반어,신규_어휘_후보,,0,False
감찰,1,명사,5,일반어/전문어(행정)/전문어(역사),신규_어휘_후보,,0,False
감천,2,명사,5,일반어,신규_어휘_후보,,0,False
감탄문,0,명사,5,전문어(언어),신규_어휘_후보,,0,False
감탄스럽다,0,형용사,5,일반어,신규_어휘_후보,,0,False
감탄형,0,명사,5,전문어(언어),신규_어휘_후보,,0,False
감퇴,0,명사,5,일반어,신규_어휘_후보,,0,False
감퇴하다,0,동사,5,일반어,신규_어휘_후보,,0,False
감투,1,명사,5,일반어/일반어/일반어/일반어/전문어(건설),신규_어휘_후보,,0,False
감하다,1,동사,5,일반어,신규_어휘_후보,,0,True
감하다,2,동사,5,일반어/일반어/전문어(수학),신규_어휘_후보,,0,True
감행,0,명사,5,일반어,신규_어휘_후보,,0,False
감화,1,명사,5,일반어,신규_어휘_후보,,0,False
감화되다,1,동사,5,일반어,신규_어휘_후보,,0,False
감회,1,명사,5,일반어,신규_어휘_후보,,0,False
감흥,2,명사,5,일반어,신규_어휘_후보,,0,False
갑,1,명사,5,일반어/일반어/일반어/전문어(민속)/전문어(민속)/전문어(민속)/전문어(체육),신규_어휘_후보,,0,True
갑각류,0,명사,5,일반어,신규_어휘_후보,,0,False
갑근세,0,명사,5,전문어(법률),신규_어휘_후보,,0,False
갑론을박,0,명사,5,일반어,신규_어휘_후보,,0,False
갑상샘,0,명사,5,전문어(의학),신규_어휘_후보,,0,False
갑신정변,0,명사,5,전문어(역사),신규_어휘_후보,,0,False
갑오개혁,0,명사,5,전문어(역사),신규_어휘_후보,,0,False
갑을,0,명사,5,일반어/일반어/전문어(책명),신규_어휘_후보,,0,False
갑인자,0,명사,5,전문어(역사),신규_어휘_후보,,0,False
갑자,0,명사,5,전문어(민속),신규_어휘_후보,,0,False
갑절,0,명사,5,일반어,신규_어휘_후보,,0,False
갑판장,0,명사,5,전문어(교통),신규_어휘_후보,,0,False
값없다,0,형용사,5,일반어/일반어/일반어,신규_어휘_후보,,0,False
값하다,0,동사,5,일반어/일반어,신규_어휘_후보,,0,False
갓,3,명사,5,전문어(식물),신규_어휘_후보,,0,True
갓길,0,명사,5,일반어,신규_어휘_후보,,0,False
갓끈,0,명사,5,일반어,신규_어휘_후보,,0,False
갓난것,0,명사,5,일반어,신규_어휘_후보,,0,False
갓난쟁이,0,명사,5,일반어,신규_어휘_후보,,0,False
강간,2,명사,5,일반어,신규_어휘_후보,,0,False
강건체,0,명사,5,전문어(문학),신규_어휘_후보,,0,False
강건하다,1,형용사,5,일반어/일반어,신규_어휘_후보,,0,True
강건하다,5,형용사,5,일반어,신규_어휘_후보,,0,True
강경론,0,명사,5,일반어,신규_어휘_후보,,0,False
강경파,0,명사,5,일반어,신규_어휘_후보,,0,False
강경하다,1,형용사,5,일반어,신규_어휘_후보,,0,True
강구하다,3,동사,5,일반어,신규_어휘_후보,,0,False
강권,1,명사,5,일반어,신규_어휘_후보,,0,False
강기슭,0,명사,5,일반어,신규_어휘_후보,,0,False
강냉이밥,0,명사,5,일반어,신규_어휘_후보,,0,False
강년,0,명사,5,일반어,신규_어휘_후보,,0,False
강녕전,0,명사,5,전문어(역사),신규_어휘_후보,,0,False
강단,2,명사,5,일반어/일반어,신규_어휘_후보,,0,True
강대국가,0,명사,5,일반어,신규_어휘_후보,,0,False
강도래,0,명사,5,전문어(동물),신규_어휘_후보,,0,False
강도질,0,명사,5,일반어,신규_어휘_후보,,0,False
강독,2,명사,5,일반어,신규_어휘_후보,,0,False
강둑길,0,명사,5,일반어,신규_어휘_후보,,0,False
강력범,0,명사,5,전문어(법률),신규_어휘_후보,,0,False
강렬하다,1,형용사,5,일반어,신규_어휘_후보,,0,True
강렬히,0,부사,5,일반어,신규_어휘_후보,,0,False
강령,2,명사,5,일반어/일반어,신규_어휘_후보,,0,False
강론,0,명사,5,일반어/전문어(종교 일반),신규_어휘_후보,,0,False
강릉,1,명사,5,전문어(지명),신규_어휘_후보,,0,False
강매되다,2,동사,5,일반어,신규_어휘_후보,,0,False
강매하다,2,동사,5,일반어,신규_어휘_후보,,0,False
강박,4,명사,5,일반어/일반어/전문어(법률),신규_어휘_후보,,0,False
강변도로,0,명사,5,일반어,신규_어휘_후보,,0,False
강보,3,명사,5,일반어,신규_어휘_후보,,0,False
강사진,0,명사,5,일반어,신규_어휘_후보,,0,False
강사포,0,명사,5,전문어(복식),신규_어휘_후보,,0,False
강설량,0,명사,5,일반어,신규_어휘_후보,,0,False
강성하다,0,형용사,5,일반어,신규_어휘_후보,,0,False
강속구,0,명사,5,전문어(체육),신규_어휘_후보,,0,False
강수일,0,명사,5,전문어(지구),신규_어휘_후보,,0,False
강슛하다,0,동사,5,전문어(체육),신규_어휘_후보,,0,False
강습료,0,명사,5,일반어,신규_어휘_후보,,0,False
강습반,0,명사,5,일반어,신규_어휘_후보,,0,False
강습생,0,명사,5,일반어,신규_어휘_후보,,0,False
강습소,0,명사,5,일반어,신규_어휘_후보,,0,False
강압되다,1,동사,5,전문어(전기·전자),신규_어휘_후보,,0,False
강어귀,0,명사,5,일반어,신규_어휘_후보,,0,False
강연장,0,명사,5,일반어,신규_어휘_후보,,0,False
강연하다,0,동사,5,일반어,신규_어휘_후보,,0,False
강의실,0,명사,5,일반어,신규_어휘_후보,,0,False
강의하다,1,형용사,5,일반어,신규_어휘_후보,,0,False
강적,0,명사,5,일반어,신규_어휘_후보,,0,False
강점,1,명사,5,일반어,신규_어휘_후보,,0,True
강점하다,0,동사,5,일반어,신규_어휘_후보,,0,False
강중,2,명사,5,일반어/일반어,신규_어휘_후보,,0,False
강직하다,1,동사,5,일반어,신규_어휘_후보,,0,False
강직하다,2,형용사,5,일반어,신규_어휘_후보,,0,False
강진,6,명사,5,일반어,신규_어휘_후보,,0,False
강타,0,명사,5,일반어/일반어/전문어(체육),신규_어휘_후보,,0,False
강탈,0,명사,5,일반어,신규_어휘_후보,,0,False
강탈되다,0,동사,5,일반어,신규_어휘_후보,,0,False
강탈자,0,명사,5,일반어,신규_어휘_후보,,0,False
강탈하다,0,동사,5,일반어,신규_어휘_후보,,0,False
강토,0,명사,5,일반어,신규_어휘_후보,,0,False
강판,2,명사,5,일반어/일반어,신규_어휘_후보,,0,True
강판,4,명사,5,일반어,신규_어휘_후보,,0,True
강펀치,0,명사,5,일반어,신규_어휘_후보,,0,False
강하,2,명사,5,일반어/일반어,신규_어휘_후보,,0,False
강행,0,명사,5,일반어/일반어/일반어,신규_어휘_후보,,0,False
강행군,0,명사,5,일반어/전문어(군사),신규_어휘_후보,,0,False
강행되다,0,동사,5,일반어/일반어/일반어,신규_어휘_후보,,0,False
강호,2,명사,5,일반어/일반어/일반어,신규_어휘_후보,,0,True
강호,7,명사,5,일반어,신규_어휘_후보,,0,True
강화,6,명사,5,일반어,신규_어휘_후보,,0,True
강화도,0,명사,5,전문어(지명),신규_어휘_후보,,0,False
강화하다,3,동사,5,일반어,신규_어휘_후보,,0,True
갖바치,0,명사,5,일반어,신규_어휘_후보,,0,False
갖은,0,관형사,5,일반어,신규_어휘_후보,,0,False
갖춘꽃,0,명사,5,전문어(식물),신규_어휘_후보,,0,False
같잖다,0,형용사,5,일반어/일반어,신규_어휘_후보,,0,False
갚음,0,명사,5,일반어,신규_어휘_후보,,0,False
개가,1,명사,5,일반어,신규_어휘_후보,,0,False
개각,2,명사,5,일반어,신규_어휘_후보,,0,False
개각하다,1,동사,5,일반어,신규_어휘_후보,,0,False
개간,3,명사,5,일반어,신규_어휘_후보,,0,False
개간자,0,명사,5,일반어,신규_어휘_후보,,0,False
개간지,0,명사,5,일반어,신규_어휘_후보,,0,False
개간하다,3,동사,5,일반어,신규_어휘_후보,,0,False
개강,0,명사,5,일반어,신규_어휘_후보,,0,False
개강하다,0,동사,5,일반어,신규_어휘_후보,,0,False
개개,0,명사/부사,5,일반어/일반어,신규_어휘_후보,,0,False
개경,1,명사,5,전문어(지명),신규_어휘_후보,,0,False
개고생,0,명사,5,일반어,신규_어휘_후보,,0,False
개골산,0,명사,5,일반어,신규_어휘_후보,,0,False
개관,4,명사,5,일반어/일반어,동형이의_품사_확인_필요,SR_L5CORE_4838,1,True
개관,8,명사,5,일반어/일반어,동형이의_품사_확인_필요,SR_L5CORE_4838,1,True
개교식,0,명사,5,일반어,신규_어휘_후보,,0,False
개교하다,1,동사,5,전문어(종교 일반),신규_어휘_후보,,0,True
개구리참외,0,명사,5,전문어(식물),신규_어휘_후보,,0,False
개구리헤엄,0,명사,5,일반어,신규_어휘_후보,,0,False
개구멍,0,명사,5,일반어,신규_어휘_후보,,0,False
개국,2,명사,5,일반어/일반어,신규_어휘_후보,,0,True
개국,3,명사,5,일반어/일반어,신규_어휘_후보,,0,True
개그맨,0,명사,5,일반어/일반어,신규_어휘_후보,,0,False
개그우먼,0,명사,5,일반어,신규_어휘_후보,,0,False
개근,0,명사,5,일반어,신규_어휘_후보,,0,False
개근상,0,명사,5,일반어,신규_어휘_후보,,0,False
개근하다,0,동사,5,일반어,신규_어휘_후보,,0,False
개기다,0,동사,5,일반어,신규_어휘_후보,,0,False
개년,3,의존 명사,5,일반어,신규_어휘_후보,,0,False
개다,2,동사,5,일반어,신규_어휘_후보,,0,True
개도국,0,명사,5,전문어(사회 일반),신규_어휘_후보,,0,False
개똥철학,0,명사,5,일반어,신규_어휘_후보,,0,False
개량,1,명사,5,일반어,신규_어휘_후보,,0,False
개량되다,1,동사,5,일반어,신규_어휘_후보,,0,False
개량식,1,명사,5,일반어,신규_어휘_후보,,0,False
개량아궁이,0,명사,5,일반어,신규_어휘_후보,,0,False
개량종,0,명사,5,일반어,신규_어휘_후보,,0,False
개량하다,1,동사,5,일반어,신규_어휘_후보,,0,False
개마고원,0,명사,5,전문어(지명),신규_어휘_후보,,0,False
개머리판,0,명사,5,전문어(군사),신규_어휘_후보,,0,False
개발력,0,명사,5,일반어,신규_어휘_후보,,0,False
개밥,0,명사,5,일반어,신규_어휘_후보,,0,False
개방하다,3,동사,5,일반어/일반어,신규_어휘_후보,,0,False
개벽,1,명사,5,일반어/일반어/일반어,신규_어휘_후보,,0,False
개벽하다,0,동사,5,일반어/일반어/일반어,신규_어휘_후보,,0,False
개별성,0,명사,5,일반어,신규_어휘_후보,,0,False
개별적,0,명사/관형사,5,일반어/일반어,신규_어휘_후보,,0,False
개봉관,0,명사,5,일반어,신규_어휘_후보,,0,False
개비,1,명사,5,일반어/일반어,신규_어휘_후보,,0,False
개뿔,0,명사,5,일반어,신규_어휘_후보,,0,False
개살구,0,명사,5,일반어/일반어,신규_어휘_후보,,0,False
개선,4,명사,5,일반어,신규_어휘_후보,,0,True
개선가,0,명사,5,일반어/일반어,신규_어휘_후보,,0,False
개선문,1,명사,5,일반어,신규_어휘_후보,,0,False
개선하다,3,동사,5,일반어,신규_어휘_후보,,0,True
개설,2,명사,5,일반어/전문어(경제)/전문어(경제),신규_어휘_후보,,0,False
개성,6,명사,5,전문어(지명),신규_어휘_후보,,0,True
개성상인,0,명사,5,전문어(역사),신규_어휘_후보,,0,False
개성적,0,명사/관형사,5,일반어/일반어,신규_어휘_후보,,0,False
개수,2,명사,5,일반어,신규_어휘_후보,,0,True
개수대,0,명사,5,일반어,신규_어휘_후보,,0,False
개숫물,0,명사,5,일반어,신규_어휘_후보,,0,False
개시,5,명사,5,일반어/일반어/일반어,신규_어휘_후보,,0,True
개시하다,3,동사,5,일반어/일반어/일반어,신규_어휘_후보,,0,True
개암,1,명사,5,일반어,신규_어휘_후보,,0,False
개암나무,0,명사,5,전문어(식물),신규_어휘_후보,,0,False
개요,0,명사,5,일반어,신규_어휘_후보,,0,False
개원,3,명사,5,일반어/일반어,신규_어휘_후보,,0,True
개원,4,명사,5,일반어/일반어,신규_어휘_후보,,0,True
개원식,0,명사,5,일반어/일반어,신규_어휘_후보,,0,False
개인기,0,명사,5,일반어,신규_어휘_후보,,0,False
개인적,0,명사/관형사,5,일반어/일반어,신규_어휘_후보,,0,False
개인택시,0,명사,5,일반어,신규_어휘_후보,,0,False
개인행동,0,명사,5,일반어,신규_어휘_후보,,0,False
개입되다,0,동사,5,일반어,신규_어휘_후보,,0,False
개작,1,명사,5,일반어,신규_어휘_후보,,0,False
개장,7,명사,5,일반어/전문어(경제)/전문어(역사),신규_어휘_후보,,0,False
개점,0,명사,5,일반어/일반어,신규_어휘_후보,,0,False
개정,2,명사,5,일반어,신규_어휘_후보,,0,True
개정,3,명사,5,일반어,신규_어휘_후보,,0,True
개정판,0,명사,5,전문어(매체),신규_어휘_후보,,0,False
개조,1,명사,5,일반어,신규_어휘_후보,,0,False
개종,1,명사,5,전문어(종교 일반),신규_어휘_후보,,0,False
개죽,0,명사,5,일반어/일반어/일반어,신규_어휘_후보,,0,False
개중,0,명사,5,일반어,신규_어휘_후보,,0,False
개찰,1,명사,5,일반어,신규_어휘_후보,,0,False
개창하다,2,동사,5,일반어,신규_어휘_후보,,0,False
개최권,0,명사,5,일반어,신규_어휘_후보,,0,False
개축,0,명사,5,일반어,신규_어휘_후보,,0,False
개칭하다,0,동사,5,일반어,신규_어휘_후보,,0,False
개탄,0,명사,5,일반어,신규_어휘_후보,,0,False
개탄하다,0,동사,5,일반어,신규_어휘_후보,,0,False
개통하다,0,동사,5,일반어,신규_어휘_후보,,0,False
개편하다,0,동사,5,일반어/일반어,신규_어휘_후보,,0,False
개폐,2,명사,5,일반어,신규_어휘_후보,,0,False
개폐되다,1,동사,5,일반어,신규_어휘_후보,,0,False
개표,1,명사,5,일반어,신규_어휘_후보,,0,True
개표구,2,명사,5,일반어,신규_어휘_후보,,0,False
개표하다,1,동사,5,일반어,신규_어휘_후보,,0,True
개표하다,3,동사,5,일반어,신규_어휘_후보,,0,True
개헌안,0,명사,5,전문어(법률),신규_어휘_후보,,0,False
개헤엄,0,명사,5,일반어/일반어,신규_어휘_후보,,0,False
개화,4,명사,5,일반어/일반어,신규_어휘_후보,,0,True
개화기,1,명사,5,전문어(역사),신규_어휘_후보,,0,True
개화되다,1,동사,5,일반어/전문어(역사),신규_어휘_후보,,0,True
개화되다,2,동사,5,일반어/일반어,신규_어휘_후보,,0,True
개화사상,0,명사,5,전문어(역사),신규_어휘_후보,,0,False
개화하다,1,동사,5,일반어,신규_어휘_후보,,0,True
개화하다,3,동사,5,일반어/전문어(역사),신규_어휘_후보,,0,True
개화하다,4,동사,5,일반어/일반어,신규_어휘_후보,,0,True
개회사,0,명사,5,일반어,신규_어휘_후보,,0,False
개회하다,3,동사,5,일반어,신규_어휘_후보,,0,False
객관성,0,명사,5,전문어(철학)/전문어(철학),기존_콘텐츠와_연결_후보,SR_L6COREV2_4976,1,False
객관식,0,명사,5,일반어,신규_어휘_후보,,0,False
객기,0,명사,5,일반어,신규_어휘_후보,,0,False
객사,2,명사,5,일반어,신규_어휘_후보,,0,False
객선,1,명사,5,일반어/일반어,신규_어휘_후보,,0,False
객주,1,명사,5,전문어(역사),신규_어휘_후보,,0,False
객줏집,0,명사,5,일반어,신규_어휘_후보,,0,False
객지,0,명사,5,일반어,신규_어휘_후보,,0,False
객차,0,명사,5,전문어(교통),신규_어휘_후보,,0,False
갯가,0,명사,5,일반어/일반어,신규_어휘_후보,,0,False
갯바람,0,명사,5,일반어,신규_어휘_후보,,0,False
갯버들,0,명사,5,전문어(임업),신규_어휘_후보,,0,False
갱,1,명사,5,전문어(광업)/전문어(광업)/전문어(광업),신규_어휘_후보,,0,True
갱,4,명사,5,일반어,신규_어휘_후보,,0,True
갱년기,0,명사,5,일반어,신규_어휘_후보,,0,False
갱도,1,명사,5,전문어(광업)/전문어(건설),신규_어휘_후보,,0,False
갱목,0,명사,5,일반어/전문어(광업),신규_어휘_후보,,0,False
갱지,2,명사,5,일반어,신규_어휘_후보,,0,False
갸륵하다,2,형용사,5,일반어,신규_어휘_후보,,0,True
갹출,0,명사,5,일반어,신규_어휘_후보,,0,False
걀걀,0,부사,5,일반어,신규_어휘_후보,,0,False
거간,2,명사,5,일반어/일반어,신규_어휘_후보,,0,False
거구,2,명사,5,일반어,신규_어휘_후보,,0,False
거국적,0,명사/관형사,5,일반어/일반어,신규_어휘_후보,,0,False
거꾸러뜨리다,0,동사,5,일반어/일반어/일반어,신규_어휘_후보,,0,False
거나하다,0,형용사,5,일반어,신규_어휘_후보,,0,False
거동하다,0,동사,5,일반어,신규_어휘_후보,,0,False
거두,1,명사,5,일반어,신규_어휘_후보,,0,False
거두절미하다,0,동사,5,일반어/일반어,신규_어휘_후보,,0,False
거드름,0,명사,5,일반어,신규_어휘_후보,,0,False
거들뜨다,0,동사,5,일반어,신규_어휘_후보,,0,False
거듭제곱,0,명사,5,전문어(수학),신규_어휘_후보,,0,False
거래일,0,명사,5,전문어(경제),신규_어휘_후보,,0,False
거래처,0,명사,5,일반어,신규_어휘_후보,,0,False
거론,0,명사,5,일반어,신규_어휘_후보,,0,False
거론하다,0,동사,5,일반어,신규_어휘_후보,,0,False
거룻배,0,명사,5,일반어,신규_어휘_후보,,0,False
거류민,0,명사,5,일반어,신규_어휘_후보,,0,False
거름망,0,명사,5,일반어,신규_어휘_후보,,0,False
거름주기,0,명사,5,전문어(농업),신규_어휘_후보,,0,False
거리끼다,0,동사,5,일반어/일반어,신규_어휘_후보,,0,False
거마비,0,명사,5,일반어,신규_어휘_후보,,0,False
거만,3,명사,5,일반어,신규_어휘_후보,,0,False
거머리,2,명사,5,전문어(동물)/일반어/일반어,신규_어휘_후보,,0,False
거머쥐다,0,동사,5,일반어/일반어,신규_어휘_후보,,0,False
거멀못,0,명사,5,일반어,신규_어휘_후보,,0,False
거목,1,명사,5,일반어/일반어,신규_어휘_후보,,0,False
거무칙칙하다,0,형용사,5,일반어,신규_어휘_후보,,0,False
거문도,0,명사,5,전문어(지명),신규_어휘_후보,,0,False
거물,2,명사,5,일반어/일반어,신규_어휘_후보,,0,False
거뭇거뭇하다,0,형용사,5,일반어,신규_어휘_후보,,0,False
거북손,0,명사,5,전문어(동물),신규_어휘_후보,,0,False
거북이걸음,0,명사,5,일반어/일반어,신규_어휘_후보,,0,False
거상,2,명사,5,일반어,신규_어휘_후보,,0,False
거센소리,0,명사,5,전문어(언어),신규_어휘_후보,,0,False
거수,8,명사,5,일반어,신규_어휘_후보,,0,False
거수경례,0,명사,5,일반어,신규_어휘_후보,,0,False
거수기,0,명사,5,일반어,신규_어휘_후보,,0,False
거수투표,0,명사,5,일반어,신규_어휘_후보,,0,False
거식,2,명사,5,일반어,신규_어휘_후보,,0,False
거액,0,명사,5,일반어,신규_어휘_후보,,0,False
거역,2,명사,5,일반어,신규_어휘_후보,,0,False
거울상,0,명사,5,일반어,신규_어휘_후보,,0,False
거위벌레,0,명사,5,전문어(동물),신규_어휘_후보,,0,False
거인국,0,명사,5,일반어,신규_어휘_후보,,0,False
거인적,0,명사/관형사,5,일반어/일반어/일반어/일반어,신규_어휘_후보,,0,False
거장,1,명사,5,일반어,신규_어휘_후보,,0,False
거저줍다,0,동사,5,일반어/일반어,신규_어휘_후보,,0,False
거제도,0,명사,5,전문어(지명),신규_어휘_후보,,0,False
거주민,0,명사,5,일반어,신규_어휘_후보,,0,False
거죽,0,명사,5,일반어,신규_어휘_후보,,0,False
거짓부렁,0,명사,5,일반어,신규_어휘_후보,,0,False
거찰,0,명사,5,전문어(불교),신규_어휘_후보,,0,False
거처,2,명사,5,일반어,신규_어휘_후보,,0,False
거처하다,0,동사,5,일반어,신규_어휘_후보,,0,False
거취,2,명사,5,일반어/일반어,신규_어휘_후보,,0,False
거치적거리다,0,동사,5,일반어/일반어,신규_어휘_후보,,0,False
거칠하다,0,형용사,5,일반어,신규_어휘_후보,,0,False
거침,0,명사,5,일반어/일반어/일반어,신규_어휘_후보,,0,False
거포,1,명사,5,일반어/일반어,신규_어휘_후보,,0,False
거푸,0,부사,5,일반어,신규_어휘_후보,,0,False
거푸집,1,명사,5,일반어/일반어/일반어/전문어(건설),신규_어휘_후보,,0,False
거품기,0,명사,5,일반어,신규_어휘_후보,,0,False
거피,1,명사,5,일반어/일반어,신규_어휘_후보,,0,False
거행,0,명사,5,일반어/일반어,신규_어휘_후보,,0,False
거행되다,0,동사,5,일반어/일반어,신규_어휘_후보,,0,False
거행하다,0,동사,5,일반어/일반어,신규_어휘_후보,,0,False
건,3,명사/의존 명사,5,일반어/일반어,신규_어휘_후보,,0,False
건강미,0,명사,5,일반어,신규_어휘_후보,,0,False
건강하다,1,형용사,5,일반어,신규_어휘_후보,,0,True
건건이,2,부사,5,일반어,신규_어휘_후보,,0,False
건곤감리,0,명사,5,일반어,신규_어휘_후보,,0,False
건괘,1,명사,5,전문어(민속)/전문어(민속),신규_어휘_후보,,0,False
건기,2,명사,5,일반어,신규_어휘_후보,,0,False
건너다보이다,0,동사,5,일반어/일반어,신규_어휘_후보,,0,False
건넌방,0,명사,5,일반어,신규_어휘_후보,,0,False
건넛방,0,명사,5,일반어,신규_어휘_후보,,0,False
건달패,0,명사,5,일반어,신규_어휘_후보,,0,False
건들거리다,0,동사,5,일반어/일반어/일반어/일반어,신규_어휘_후보,,0,False
건들바람,0,명사,5,일반어/전문어(지구),신규_어휘_후보,,0,False
건립되다,0,동사,5,일반어/일반어,신규_어휘_후보,,0,False
건망증,0,명사,5,전문어(의학),신규_어휘_후보,,0,False
건방,1,명사,5,일반어,신규_어휘_후보,,0,False
건배,0,명사,5,일반어/일반어,신규_어휘_후보,,0,False
건배하다,0,동사,5,일반어,신규_어휘_후보,,0,False
건사,1,명사,5,일반어/일반어/일반어,신규_어휘_후보,,0,False
건설비,0,명사,5,일반어,신규_어휘_후보,,0,False
건설적,0,명사/관형사,5,일반어/일반어,신규_어휘_후보,,0,False
건성,3,명사,5,일반어/일반어/전문어(의학),신규_어휘_후보,,0,True
건실하다,0,형용사,5,일반어/일반어/일반어,신규_어휘_후보,,0,False
건아,2,명사,5,일반어,신규_어휘_후보,,0,False
건의서,0,명사,5,일반어,신규_어휘_후보,,0,False
건재,3,명사,5,전문어(한의),신규_어휘_후보,,0,False
건재하다,0,형용사,5,일반어,신규_어휘_후보,,0,False
건전히,0,부사,5,일반어/일반어,신규_어휘_후보,,0,False
건조,1,명사,5,일반어,신규_어휘_후보,,0,True
건조기,1,명사,5,일반어,신규_어휘_후보,,0,True
건조장,1,명사,5,일반어,신규_어휘_후보,,0,False
건조체,0,명사,5,전문어(문학),신규_어휘_후보,,0,False
건조하다,1,동사,5,일반어,신규_어휘_후보,,0,True
건축학,0,명사,5,전문어(건설),신규_어휘_후보,,0,False
건투,0,명사,5,일반어,신규_어휘_후보,,0,False
건평,0,명사,5,전문어(건설)/전문어(건설),신규_어휘_후보,,0,False
걷다,1,동사,5,일반어/일반어,신규_어휘_후보,,0,True
걷어채다,0,동사,5,일반어/일반어,신규_어휘_후보,,0,False
걷잡다,0,동사,5,일반어/일반어,신규_어휘_후보,,0,False
걸걸하다,2,형용사,5,일반어/일반어,신규_어휘_후보,,0,False
걸다,1,형용사,5,일반어/일반어/일반어/일반어/일반어,신규_어휘_후보,,0,False
걸레짝,0,명사,5,일반어,신규_어휘_후보,,0,False
걸레쪽,0,명사,5,일반어/일반어,신규_어휘_후보,,0,False
걸머지다,0,동사,5,일반어/일반어,신규_어휘_후보,,0,False
걸상,0,명사,5,일반어,신규_어휘_후보,,0,False
걸식,0,명사,5,일반어,신규_어휘_후보,,0,False
걸신,2,명사,5,일반어/일반어,신규_어휘_후보,,0,False
걸음걸음,0,명사/부사,5,일반어/일반어,신규_어휘_후보,,0,False
걸인,1,명사,5,일반어,신규_어휘_후보,,0,False
걸쭉하다,0,형용사,5,일반어/일반어/일반어/일반어,신규_어휘_후보,,0,False
검객,0,명사,5,일반어,신규_어휘_후보,,0,False
검거,2,명사,5,전문어(법률),신규_어휘_후보,,0,False
검거하다,0,동사,5,전문어(법률),신규_어휘_후보,,0,False
검문하다,0,동사,5,일반어,신규_어휘_후보,,0,False
검버섯,0,명사,5,일반어/일반어,신규_어휘_후보,,0,False
검사료,0,명사,5,일반어,신규_어휘_후보,,0,False
검사제,0,명사,5,일반어,신규_어휘_후보,,0,False
검사필,0,명사,5,일반어,신규_어휘_후보,,0,False
검색창,0,명사,5,전문어(정보·통신),신규_어휘_후보,,0,False
검소,0,명사,5,일반어,신규_어휘_후보,,0,False
검술,0,명사,5,일반어/전문어(체육),신규_어휘_후보,,0,False
검시,1,명사,5,전문어(법률),신규_어휘_후보,,0,False
검시하다,1,동사,5,전문어(의학),신규_어휘_후보,,0,False
검약,1,명사,5,일반어,신규_어휘_후보,,0,False
검역소,0,명사,5,전문어(보건 일반),신규_어휘_후보,,0,False
검열,1,명사,5,일반어/전문어(군사)/전문어(매체)/전문어(심리),신규_어휘_후보,,0,False
검열하다,0,동사,5,일반어/전문어(군사)/전문어(법률)/전문어(심리),신규_어휘_후보,,0,False
검은손,0,명사,5,일반어,신규_어휘_후보,,0,False
검은자,0,명사,5,일반어,신규_어휘_후보,,0,False
검은자위,0,명사,5,일반어,신규_어휘_후보,,0,False
검인,3,명사,5,일반어/일반어,신규_어휘_후보,,0,False
검인정,0,명사,5,일반어/일반어,신규_어휘_후보,,0,False
검잡다,0,동사,5,일반어,신규_어휘_후보,,0,False
검정,3,명사,5,일반어/일반어,신규_어휘_후보,,0,True
검정고시,0,명사,5,일반어,신규_어휘_후보,,0,False
검정이,0,명사,5,일반어/일반어,신규_어휘_후보,,0,False
검진하다,2,동사,5,전문어(의학),신규_어휘_후보,,0,False
검출,0,명사,5,전문어(화학),신규_어휘_후보,,0,False
검출하다,0,동사,5,전문어(화학),신규_어휘_후보,,0,False
검침,1,명사,5,일반어,신규_어휘_후보,,0,False
검침하다,1,동사,5,일반어,신규_어휘_후보,,0,False
겁나하다,0,형용사,5,일반어,신규_어휘_후보,,0,False
겅둥겅둥,0,부사,5,일반어/일반어,신규_어휘_후보,,0,False
겅정거리다,0,동사,5,일반어,신규_어휘_후보,,0,False
겅중,0,부사,5,일반어,신규_어휘_후보,,0,False
겉늙다,0,동사,5,일반어,신규_어휘_후보,,0,False
겉돌다,0,동사,5,일반어/일반어/일반어/일반어,신규_어휘_후보,,0,False
겉뜨기,0,명사,5,전문어(공예),신규_어휘_후보,,0,False
겉봉,0,명사,5,일반어/일반어/일반어,신규_어휘_후보,,0,False
겉봉투,0,명사,5,일반어/일반어/일반어,신규_어휘_후보,,0,False
겉장,0,명사,5,일반어/일반어,신규_어휘_후보,,0,False
겉절이,0,명사,5,일반어,신규_어휘_후보,,0,False
겉흙,0,명사,5,일반어/전문어(농업),신규_어휘_후보,,0,False
게걸스럽다,0,형용사,5,일반어,신규_어휘_후보,,0,False
게걸스레,0,부사,5,일반어,신규_어휘_후보,,0,False
게걸음,0,명사,5,일반어/전문어(민속),신규_어휘_후보,,0,False
게딱지,0,명사,5,일반어/일반어,신규_어휘_후보,,0,False
게릴라,0,명사,5,전문어(군사)/전문어(군사),신규_어휘_후보,,0,False
게릴라전,0,명사,5,전문어(군사),신규_어휘_후보,,0,False
게슴츠레하다,0,형용사,5,일반어,신규_어휘_후보,,0,False
게시문,0,명사,5,일반어,신규_어휘_후보,,0,False
게양,0,명사,5,일반어,신규_어휘_후보,,0,False
게양하다,0,동사,5,일반어,신규_어휘_후보,,0,False
게우다,0,동사,5,일반어/일반어,신규_어휘_후보,,0,False
게이트볼,0,명사,5,전문어(체육),신규_어휘_후보,,0,False
게장,0,명사,5,일반어/일반어/일반어,신규_어휘_후보,,0,False
게재,0,명사,5,일반어,신규_어휘_후보,,0,False
게재되다,0,동사,5,일반어,신규_어휘_후보,,0,False
게재하다,0,동사,5,일반어,신규_어휘_후보,,0,False
겨냥,0,명사,5,일반어/일반어,신규_어휘_후보,,0,False
겨냥도,0,명사,5,일반어,신규_어휘_후보,,0,False
겨레붙이,0,명사,5,일반어,신규_어휘_후보,,0,False
겨우살이,1,명사,5,일반어/일반어,신규_어휘_후보,,0,True
겨우살이,2,명사,5,전문어(식물)/전문어(식물),신규_어휘_후보,,0,True
격,1,명사/의존 명사,5,일반어/전문어(철학)/전문어(체육)/일반어/전문어(철학)/전문어(체육),신규_어휘_후보,,0,False
격감,0,명사,5,일반어,신규_어휘_후보,,0,False
격감하다,0,동사,5,일반어,신규_어휘_후보,,0,False
격납고,0,명사,5,일반어,신규_어휘_후보,,0,False
격노,0,명사,5,일반어,신규_어휘_후보,,0,False
격돌,0,명사,5,일반어,신규_어휘_후보,,0,False
격돌하다,0,동사,5,일반어,신규_어휘_후보,,0,False
격동,2,명사,5,일반어/일반어,신규_어휘_후보,,0,False
격동기,0,명사,5,일반어,신규_어휘_후보,,0,False
격동하다,0,동사,5,일반어/일반어,신규_어휘_후보,,0,False
격랑,0,명사,5,일반어/일반어,신규_어휘_후보,,0,False
격려금,0,명사,5,일반어,신규_어휘_후보,,0,False
격려문,0,명사,5,일반어,신규_어휘_후보,,0,False
격려사,0,명사,5,일반어,신규_어휘_후보,,0,False
격몽요결,0,명사,5,전문어(책명),신규_어휘_후보,,0,False
격문,2,명사,5,일반어/일반어/일반어,신규_어휘_후보,,0,False
격변,0,명사,5,일반어,신규_어휘_후보,,0,False
격분,1,명사,5,일반어,신규_어휘_후보,,0,False
격세지감,0,명사,5,일반어,신규_어휘_후보,,0,False
격심하다,2,형용사,5,일반어,신규_어휘_후보,,0,False
격앙되다,0,동사,5,일반어,신규_어휘_후보,,0,False
격월,1,명사,5,일반어/일반어,신규_어휘_후보,,0,False
격음,0,명사,5,전문어(언어),신규_어휘_후보,,0,False
격일,0,명사,5,일반어,신규_어휘_후보,,0,False
격자,1,명사,5,일반어/일반어/전문어(물리)/전문어(물리)/전문어(물리),신규_어휘_후보,,0,False
격정,0,명사,5,일반어,신규_어휘_후보,,0,False
격정적,0,명사/관형사,5,일반어/일반어,신규_어휘_후보,,0,False
격주,0,명사,5,일반어,신규_어휘_후보,,0,False
격증,0,명사,5,일반어,신규_어휘_후보,,0,False
격찬,0,명사,5,일반어,신규_어휘_후보,,0,False
격찬하다,0,동사,5,일반어,신규_어휘_후보,,0,False
격추,2,명사,5,일반어,신규_어휘_후보,,0,False
격추하다,2,동사,5,일반어,신규_어휘_후보,,0,False
격침,1,명사,5,일반어,신규_어휘_후보,,0,False
격침하다,0,동사,5,일반어,신규_어휘_후보,,0,False
격퇴,0,명사,5,일반어,신규_어휘_후보,,0,False
격투기,0,명사,5,전문어(체육),신규_어휘_후보,,0,False
격하다,1,동사,5,일반어,신규_어휘_후보,,0,True
격하다,2,동사/형용사,5,일반어/일반어,신규_어휘_후보,,0,True
격하되다,0,동사,5,일반어,신규_어휘_후보,,0,False
견고하다,1,형용사,5,일반어/일반어,신규_어휘_후보,,0,False
견과,2,명사,5,전문어(식물),신규_어휘_후보,,0,False
견물생심,0,명사,5,일반어,신규_어휘_후보,,0,False
견본,1,명사,5,일반어,신규_어휘_후보,,0,False
견본품,0,명사,5,일반어,신규_어휘_후보,,0,False
견성하다,0,동사,5,전문어(불교),신규_어휘_후보,,0,False
견식,1,명사,5,일반어,신규_어휘_후보,,0,False
견우직녀,0,명사,5,전문어(문학)/전문어(천문),신규_어휘_후보,,0,False
견인차,0,명사,5,일반어/일반어/일반어/전문어(군사),신규_어휘_후보,,0,False
견제하다,0,동사,5,일반어/전문어(군사),신규_어휘_후보,,0,False
견학단,0,명사,5,일반어,신규_어휘_후보,,0,False
겯다,1,동사,5,일반어/일반어,신규_어휘_후보,,0,False
결,1,명사,5,일반어,신규_어휘_후보,,0,False
결근,0,명사,5,일반어,신규_어휘_후보,,0,False
결근하다,0,동사,5,일반어,신규_어휘_후보,,0,False
결단코,0,부사,5,일반어/일반어,신규_어휘_후보,,0,False
결단하다,1,동사,5,일반어,신규_어휘_후보,,0,False
결딴내다,0,동사,5,일반어/일반어,신규_어휘_후보,,0,False
결렬,0,명사,5,일반어/일반어,신규_어휘_후보,,0,False
결렬되다,0,동사,5,일반어/일반어,신규_어휘_후보,,0,False
결례,0,명사,5,일반어,신규_어휘_후보,,0,False
결명자,0,명사,5,전문어(한의),신규_어휘_후보,,0,False
결미,2,명사,5,일반어/일반어,신규_어휘_후보,,0,False
결박,0,명사,5,일반어/일반어,신규_어휘_후보,,0,False
결박되다,0,동사,5,일반어/일반어,신규_어휘_후보,,0,False
결박하다,0,동사,5,일반어/일반어,신규_어휘_후보,,0,False
결벽증,0,명사,5,일반어,신규_어휘_후보,,0,False
결별하다,0,동사,5,일반어/일반어,신규_어휘_후보,,0,False
결부,1,명사,5,일반어,신규_어휘_후보,,0,False
결부되다,0,동사,5,일반어,신규_어휘_후보,,0,False
결빙,0,명사,5,일반어,신규_어휘_후보,,0,False
결사,1,명사,5,일반어,신규_어휘_후보,,0,True
결사,4,명사,5,전문어(사회 일반),신규_어휘_후보,,0,True
결산하다,0,동사,5,일반어/일반어,신규_어휘_후보,,0,False
결선,1,명사,5,일반어/일반어,신규_어휘_후보,,0,False
결성,0,명사,5,일반어,신규_어휘_후보,,0,False
결성되다,0,동사,5,일반어,신규_어휘_후보,,0,False
결속,0,명사,5,일반어/일반어/일반어/일반어/일반어,기존_콘텐츠와_연결_후보,SR_L6CORE_4980,1,False
결속하다,0,동사,5,일반어/일반어/일반어/일반어/일반어,신규_어휘_후보,,0,False
결식아동,0,명사,5,일반어,신규_어휘_후보,,0,False
결여,1,명사,5,일반어,기존_콘텐츠와_연결_후보,SR_L6CORE_4981,1,False
결여되다,0,동사,5,일반어,신규_어휘_후보,,0,False
결연,4,명사,5,일반어/전문어(불교)/전문어(불교),신규_어휘_후보,,0,False
결연하다,1,형용사,5,일반어,신규_어휘_후보,,0,False
결원,1,명사,5,일반어,신규_어휘_후보,,0,False
결의,3,명사,5,일반어,신규_어휘_후보,,0,True
결의문,2,명사,5,일반어,신규_어휘_후보,,0,False
결의안,0,명사,5,일반어,신규_어휘_후보,,0,False
결의하다,1,동사,5,일반어,신규_어휘_후보,,0,True
결의하다,3,동사,5,일반어,신규_어휘_후보,,0,True
결정권,0,명사,5,일반어/전문어(법률),신규_어휘_후보,,0,False
결정적,0,명사/관형사,5,일반어/일반어/일반어/일반어,신규_어휘_후보,,0,False
결정타,0,명사,5,전문어(체육)/일반어,신규_어휘_후보,,0,False
결탁하다,0,동사,5,일반어/일반어,신규_어휘_후보,,0,False
결판,0,명사,5,일반어,신규_어휘_후보,,0,False
결판나다,0,동사,5,일반어,신규_어휘_후보,,0,False
결판내다,0,동사,5,일반어,신규_어휘_후보,,0,False
결핍증,0,명사,5,일반어,신규_어휘_후보,,0,False
결함,1,명사,5,일반어,신규_어휘_후보,,0,False
결항,1,명사,5,일반어,신규_어휘_후보,,0,False
결행,0,명사,5,일반어,신규_어휘_후보,,0,False
결혼반지,0,명사,5,일반어,신규_어휘_후보,,0,False
결혼사진,0,명사,5,일반어,신규_어휘_후보,,0,False
결혼상담소,0,명사,5,일반어,신규_어휘_후보,,0,False
겸,1,의존 명사,5,일반어/일반어,신규_어휘_후보,,0,False
겸비하다,1,동사,5,일반어,신규_어휘_후보,,0,False
겸상,0,명사,5,일반어,신규_어휘_후보,,0,False
겸손히,0,부사,5,일반어,신규_어휘_후보,,0,False
겸양,0,명사,5,일반어,신규_어휘_후보,,0,False
겸용,1,명사,5,일반어,신규_어휘_후보,,0,False
겸용하다,1,동사,5,일반어,신규_어휘_후보,,0,False
겸직하다,0,동사,5,일반어,신규_어휘_후보,,0,False
겸하다,0,동사,5,일반어/일반어,신규_어휘_후보,,0,False
겸허하다,0,형용사,5,일반어,신규_어휘_후보,,0,False
겹겹,0,명사,5,일반어,신규_어휘_후보,,0,False
겹경사,0,명사,5,일반어,신규_어휘_후보,,0,False
겹꽃,0,명사,5,전문어(식물),신규_어휘_후보,,0,False
겹낫표,0,명사,5,전문어(언어)/전문어(언어),신규_어휘_후보,,0,False
겹눈,0,명사,5,전문어(동물)/전문어(식물),신규_어휘_후보,,0,False
겹도르래,0,명사,5,전문어(물리),신규_어휘_후보,,0,False
겹사돈,0,명사,5,일반어,신규_어휘_후보,,0,False
겹잎,0,명사,5,전문어(식물),신규_어휘_후보,,0,False
겹저고리,0,명사,5,일반어,신규_어휘_후보,,0,False
경,4,수사/관형사,5,일반어/일반어,신규_어휘_후보,,0,False
경,10,명사,5,전문어(역사)/전문어(역사)/전문어(역사)/전문어(역사),신규_어휘_후보,,0,True
경,13,명사,5,일반어/전문어(민속)/전문어(불교),신규_어휘_후보,,0,True
경각심,0,명사,5,일반어,신규_어휘_후보,,0,False
경거망동,0,명사,5,일반어,신규_어휘_후보,,0,False
경거망동하다,0,동사,5,일반어,신규_어휘_후보,,0,False
경건하다,1,형용사,5,일반어/전문어(미술),신규_어휘_후보,,0,True
경관,6,명사,5,일반어,신규_어휘_후보,,0,True
경국대전,0,명사,5,전문어(책명),신규_어휘_후보,,0,False
경금속,0,명사,5,전문어(화학),신규_어휘_후보,,0,False
경기,5,명사,5,전문어(경제),신규_어휘_후보,,0,True
경기,14,명사,5,전문어(한의),신규_어휘_후보,,0,True
경기병,0,명사,5,전문어(군사),신규_어휘_후보,,0,False
경기자,0,명사,5,일반어,신규_어휘_후보,,0,False
경기하다,6,동사,5,전문어(한의),신규_어휘_후보,,0,False
경단,5,명사,5,일반어,신규_어휘_후보,,0,False
경대,4,명사,5,일반어,신규_어휘_후보,,0,False
경도,4,명사,5,전문어(광업)/전문어(물리)/전문어(화학),신규_어휘_후보,,0,True
경도,7,명사,5,전문어(지구),신규_어휘_후보,,0,True
경량,2,명사,5,일반어,신규_어휘_후보,,0,False
경량급,0,명사,5,전문어(체육),신규_어휘_후보,,0,False
경로사상,0,명사,5,일반어,신규_어휘_후보,,0,False
경륜,2,명사,5,일반어/일반어,신규_어휘_후보,,0,False
경리,2,명사,5,일반어/일반어,신규_어휘_후보,,0,False
경마장,0,명사,5,전문어(체육),신규_어휘_후보,,0,False
경망스럽다,0,형용사,5,일반어,신규_어휘_후보,,0,False
경멸,0,명사,5,일반어,신규_어휘_후보,,0,False
경멸하다,0,동사,5,일반어,신규_어휘_후보,,0,False
경박하다,0,형용사,5,일반어,신규_어휘_후보,,0,False
경배,2,명사,5,일반어/일반어/일반어,신규_어휘_후보,,0,False
경범죄,0,명사,5,전문어(법률),신규_어휘_후보,,0,False
경보,9,명사,5,전문어(체육),신규_어휘_후보,,0,True
경보음,0,명사,5,일반어,신규_어휘_후보,,0,False
경비선,1,명사,5,일반어,신규_어휘_후보,,0,False
경비정,0,명사,5,일반어,신규_어휘_후보,,0,False
경비행기,0,명사,5,전문어(교통),신규_어휘_후보,,0,False
경상,5,명사,5,일반어,신규_어휘_후보,,0,True
경상,7,명사,5,일반어,신규_어휘_후보,,0,True
경서,1,명사,5,일반어,신규_어휘_후보,,0,False
경선,6,명사,5,일반어,신규_어휘_후보,,0,False
경성,1,명사,5,일반어/전문어(지명),신규_어휘_후보,,0,False
경세유표,0,명사,5,전문어(책명),신규_어휘_후보,,0,False
경수로,0,명사,5,전문어(물리),신규_어휘_후보,,0,False
경승지,0,명사,5,일반어,신규_어휘_후보,,0,False
경시,7,명사,5,일반어,신규_어휘_후보,,0,False
경시대회,0,명사,5,일반어,신규_어휘_후보,,0,False
경시하다,3,동사,5,일반어,신규_어휘_후보,,0,False
경신,1,명사,5,일반어/일반어/일반어,신규_어휘_후보,,0,False
경악,2,명사,5,일반어,신규_어휘_후보,,0,False
경애,1,명사,5,일반어/전문어(불교),신규_어휘_후보,,0,False
경애하다,0,동사,5,일반어,신규_어휘_후보,,0,False
경양식,0,명사,5,일반어,신규_어휘_후보,,0,False
경어,2,명사,5,일반어,신규_어휘_후보,,0,False
경영인,0,명사,5,일반어,신규_어휘_후보,,0,False
경영진,0,명사,5,일반어,신규_어휘_후보,,0,False
경영학,0,명사,5,전문어(경영),신규_어휘_후보,,0,False
경외심,0,명사,5,일반어,신규_어휘_후보,,0,False
경외하다,0,동사,5,일반어,신규_어휘_후보,,0,False
경운궁,0,명사,5,전문어(역사),신규_어휘_후보,,0,False
경위,3,명사,5,일반어,신규_어휘_후보,,0,True
경위,5,명사,5,일반어/일반어/전문어(지구)/전문어(지구),신규_어휘_후보,,0,True
경유,2,명사,5,일반어/일반어,신규_어휘_후보,,0,True
경유,5,명사,5,전문어(화학)/전문어(화학),신규_어휘_후보,,0,True
경유하다,1,동사,5,일반어/일반어,신규_어휘_후보,,0,False
경음,1,명사,5,전문어(언어),신규_어휘_후보,,0,False
경음악,0,명사,5,전문어(음악),신규_어휘_후보,,0,False
경의,3,명사,5,일반어,신규_어휘_후보,,0,False
경의선,0,명사,5,전문어(교통),신규_어휘_후보,,0,False
경이,4,명사,5,일반어,신규_어휘_후보,,0,False
경인선,0,명사,5,전문어(교통),신규_어휘_후보,,0,False
경작되다,0,동사,5,일반어,신규_어휘_후보,,0,False
경작물,0,명사,5,일반어,신규_어휘_후보,,0,False
경적,5,명사,5,일반어,신규_어휘_후보,,0,False
경전,6,명사,5,일반어/일반어/일반어,신규_어휘_후보,,0,False
경전철,0,명사,5,전문어(교통),신규_어휘_후보,,0,False
경제계,0,명사,5,일반어,신규_어휘_후보,,0,False
경제관,0,명사,5,일반어,신규_어휘_후보,,0,False
경제권,2,명사,5,일반어,신규_어휘_후보,,0,False
경제법,0,명사,5,전문어(법률),기존_콘텐츠와_연결_후보,SR_L6CORE_6042,1,False
경제성,0,명사,5,일반어,신규_어휘_후보,,0,False
경제인,0,명사,5,전문어(경제)/전문어(경제)/전문어(경제),신규_어휘_후보,,0,False
경제적,0,명사/관형사,5,일반어/일반어/일반어/일반어,신규_어휘_후보,,0,False
경제학,0,명사,5,전문어(경제),신규_어휘_후보,,0,False
경제학자,0,명사,5,일반어,신규_어휘_후보,,0,False
경조사,0,명사,5,일반어,신규_어휘_후보,,0,False
경종,6,명사,5,일반어/일반어,신규_어휘_후보,,0,False
경주로,0,명사,5,전문어(체육),신규_어휘_후보,,0,False
경주마,0,명사,5,전문어(체육),신규_어휘_후보,,0,False
경주하다,1,동사,5,일반어/일반어/일반어/일반어,신규_어휘_후보,,0,True
경중,3,명사,5,일반어/일반어,신규_어휘_후보,,0,False
경지,2,명사,5,일반어,신규_어휘_후보,,0,True
경질되다,0,동사,5,일반어,신규_어휘_후보,,0,False
경찰대,0,명사,5,일반어,신규_어휘_후보,,0,False
경찰력,0,명사,5,일반어,신규_어휘_후보,,0,False
경추,2,명사,5,전문어(의학),신규_어휘_후보,,0,False
경축사,0,명사,5,일반어,신규_어휘_후보,,0,False
경축일,0,명사,5,일반어,신규_어휘_후보,,0,False
경치다,2,동사,5,일반어/일반어,신규_어휘_후보,,0,False
경칩,0,명사,5,일반어,신규_어휘_후보,,0,False
경칭,0,명사,5,일반어/일반어,신규_어휘_후보,,0,False
경쾌감,0,명사,5,일반어,신규_어휘_후보,,0,False
경쾌히,0,부사,5,일반어,신규_어휘_후보,,0,False
경탄,7,명사,5,일반어,신규_어휘_후보,,0,False
경탄하다,3,동사,5,일반어,신규_어휘_후보,,0,False
경통,3,명사,5,일반어,신규_어휘_후보,,0,False
경판,2,명사,5,일반어,신규_어휘_후보,,0,False
경품,0,명사,5,일반어/일반어,신규_어휘_후보,,0,False
경품권,0,명사,5,일반어,신규_어휘_후보,,0,False
경합,0,명사,5,일반어/전문어(법률)/전문어(법률)/전문어(법률),신규_어휘_후보,,0,False
경험적,0,명사/관형사,5,일반어/일반어,신규_어휘_후보,,0,False
경험주의,0,명사,5,전문어(철학),신규_어휘_후보,,0,False
경호,5,명사,5,일반어,신규_어휘_후보,,0,False
경호하다,0,동사,5,일반어,신규_어휘_후보,,0,False
경화,3,명사,5,일반어/일반어/전문어(공업),신규_어휘_후보,,0,False
경화증,0,명사,5,전문어(의학),신규_어휘_후보,,0,False
경황,1,명사,5,일반어,신규_어휘_후보,,0,False
경회루,0,명사,5,전문어(역사),신규_어휘_후보,,0,False
경희궁,0,명사,5,전문어(역사),신규_어휘_후보,,0,False
곁뿌리,0,명사,5,전문어(식물),신규_어휘_후보,,0,False
곁순,0,명사,5,일반어,신규_어휘_후보,,0,False
계간,1,명사,5,일반어/일반어,신규_어휘_후보,,0,False
계간지,0,명사,5,일반어,신규_어휘_후보,,0,False
계교,1,명사,5,일반어,신규_어휘_후보,,0,False
계급주의,0,명사,5,전문어(철학)/일반어,신규_어휘_후보,,0,False
계기,5,명사,5,일반어,신규_어휘_후보,,0,True
계란탕,0,명사,5,일반어,신규_어휘_후보,,0,False
계량하다,1,동사,5,일반어/일반어,신규_어휘_후보,,0,False
계룡산,0,명사,5,전문어(지명),신규_어휘_후보,,0,False
계면쩍다,0,형용사,5,일반어,신규_어휘_후보,,0,False
계몽적,0,명사/관형사,5,일반어/일반어,신규_어휘_후보,,0,False
계발하다,0,동사,5,일반어,신규_어휘_후보,,0,False
계보,1,명사,5,일반어/일반어,신규_어휘_후보,,0,False
계부,2,명사,5,일반어,신규_어휘_후보,,0,False
계사,14,명사,5,일반어,신규_어휘_후보,,0,False
계산대,0,명사,5,일반어,신규_어휘_후보,,0,False
계산법,0,명사,5,전문어(수학),신규_어휘_후보,,0,False
계산서,0,명사,5,일반어/일반어,신규_어휘_후보,,0,False
계산표,0,명사,5,일반어,신규_어휘_후보,,0,False
계속하다,1,동사,5,일반어/일반어,신규_어휘_후보,,0,True
계수나무,0,명사,5,전문어(식물),신규_어휘_후보,,0,False
계약금,0,명사,5,전문어(법률),신규_어휘_후보,,0,False
계약하다,0,동사,5,일반어/전문어(법률),신규_어휘_후보,,0,False
계열사,0,명사,5,전문어(경제),신규_어휘_후보,,0,False
계율,1,명사,5,전문어(불교)/일반어,신규_어휘_후보,,0,False
계이름,0,명사,5,전문어(음악),신규_어휘_후보,,0,False
계장,3,명사,5,일반어,신규_어휘_후보,,0,False
계절병,0,명사,5,전문어(의학),신규_어휘_후보,,0,False
계제,3,명사,5,일반어/일반어/전문어(체육),신규_어휘_후보,,0,False
계집,0,명사,5,일반어/일반어,신규_어휘_후보,,0,False
계책,2,명사,5,일반어,신규_어휘_후보,,0,False
계측,0,명사,5,일반어,신규_어휘_후보,,0,False
계피,1,명사,5,전문어(한의),신규_어휘_후보,,0,False
계핏가루,0,명사,5,일반어,신규_어휘_후보,,0,False
곗돈,0,명사,5,일반어/일반어/일반어,신규_어휘_후보,,0,False
고,11,명사,5,일반어/전문어(불교)/전문어(불교),신규_어휘_후보,,0,False
고가품,0,명사,5,일반어,신규_어휘_후보,,0,False
고개턱,0,명사,5,일반어,신규_어휘_후보,,0,False
고갱이,0,명사,5,전문어(식물)/일반어,신규_어휘_후보,,0,False
고것,0,대명사,5,일반어/일반어/일반어/일반어,신규_어휘_후보,,0,False
고견,1,명사,5,일반어/일반어,신규_어휘_후보,,0,False
고결하다,2,형용사,5,일반어,신규_어휘_후보,,0,False
고고하다,3,형용사,5,일반어,신규_어휘_후보,,0,False
고고학,0,명사,5,일반어,신규_어휘_후보,,0,False
고고학자,0,명사,5,일반어,신규_어휘_후보,,0,False
고공,5,명사,5,일반어,신규_어휘_후보,,0,False
고관,4,명사,5,일반어,신규_어휘_후보,,0,False
고관대작,0,명사,5,일반어,신규_어휘_후보,,0,False
고구려어,0,명사,5,전문어(언어),신규_어휘_후보,,0,False
고군분투하다,0,동사,5,일반어/일반어,신규_어휘_후보,,0,False
고귀,2,명사,5,일반어,신규_어휘_후보,,0,False
고귀성,0,명사,5,일반어,신규_어휘_후보,,0,False
고금,2,명사,5,일반어,신규_어휘_후보,,0,False
고급문화,0,명사,5,전문어(사회 일반),신규_어휘_후보,,0,False
고급술,0,명사,5,일반어,신규_어휘_후보,,0,False
고기밥,0,명사,5,일반어/일반어,신규_어휘_후보,,0,False
고깃간,0,명사,5,일반어,신규_어휘_후보,,0,False
고까워하다,0,동사,5,일반어,신규_어휘_후보,,0,False
고까짓,0,관형사,5,일반어,신규_어휘_후보,,0,False
고깝다,0,형용사,5,일반어,신규_어휘_후보,,0,False
고놈,0,대명사,5,일반어/일반어/일반어/일반어,신규_어휘_후보,,0,False
고다,0,동사,5,일반어/일반어/일반어,신규_어휘_후보,,0,False
고대로,0,부사,5,일반어/일반어,신규_어휘_후보,,0,False
고대하다,1,동사,5,일반어,신규_어휘_후보,,0,False
고도,3,명사,5,일반어,신규_어휘_후보,,0,True
고도성장하다,0,동사,5,일반어,신규_어휘_후보,,0,False
고도화,0,명사,5,일반어,신규_어휘_후보,,0,False
고독히,0,부사,5,일반어,신규_어휘_후보,,0,False
고동,5,명사,5,일반어/일반어,신규_어휘_후보,,0,True
고동빛,0,명사,5,일반어/일반어,신규_어휘_후보,,0,False
고두밥,0,명사,5,일반어/일반어,신규_어휘_후보,,0,False
고득점,0,명사,5,일반어,신규_어휘_후보,,0,False
고들빼기,0,명사,5,전문어(식물),신규_어휘_후보,,0,False
고등어자반,0,명사,5,일반어,신규_어휘_후보,,0,False
고딕,0,명사,5,전문어(건설)/전문어(건설)/전문어(매체),신규_어휘_후보,,0,False
고딕체,0,명사,5,전문어(매체),신규_어휘_후보,,0,False
고락,2,명사,5,일반어,신규_어휘_후보,,0,False
고래잡이,0,명사,5,일반어/일반어,신규_어휘_후보,,0,False
고량주,0,명사,5,일반어,신규_어휘_후보,,0,False
고려사,0,명사,5,전문어(책명),신규_어휘_후보,,0,False
고려인,0,명사,5,일반어,신규_어휘_후보,,0,False
고료,0,명사,5,일반어,신규_어휘_후보,,0,False
고루하다,1,형용사,5,일반어,신규_어휘_후보,,0,False
고리,5,부사,5,일반어,신규_어휘_후보,,0,False
고리대금,0,명사,5,일반어/일반어,신규_어휘_후보,,0,False
고리대금업,0,명사,5,일반어,신규_어휘_후보,,0,False
고리대금업자,0,명사,5,일반어,신규_어휘_후보,,0,False
고리버들,0,명사,5,전문어(식물),신규_어휘_후보,,0,False
고리타분하다,0,형용사,5,일반어/일반어,신규_어휘_후보,,0,False
고린내,0,명사,5,일반어,신규_어휘_후보,,0,False
고립,1,명사,5,일반어,신규_어휘_후보,,0,False
고립하다,1,동사,5,일반어,신규_어휘_후보,,0,False
고만,1,관형사,5,일반어,신규_어휘_후보,,0,False
고만고만하다,0,형용사,5,일반어/일반어,신규_어휘_후보,,0,False
고만큼,0,부사/명사,5,일반어/일반어,신규_어휘_후보,,0,False
고명,1,명사,5,일반어,신규_어휘_후보,,0,False
고명딸,0,명사,5,일반어,신규_어휘_후보,,0,False
고모할머니,0,명사,5,일반어,신규_어휘_후보,,0,False
고무,3,명사,5,일반어/일반어,신규_어휘_후보,,0,True
고무도장,0,명사,5,일반어,신규_어휘_후보,,0,False
고무래,0,명사,5,전문어(농업),신규_어휘_후보,,0,False
고무바닥,0,명사,5,일반어,신규_어휘_후보,,0,False
고무벨트,0,명사,5,일반어,신규_어휘_후보,,0,False
고무총,0,명사,5,일반어,신규_어휘_후보,,0,False
고문서,0,명사,5,일반어,신규_어휘_후보,,0,False
고물,2,명사,5,일반어,신규_어휘_후보,,0,True
고물고물,0,부사,5,일반어/일반어/일반어,신규_어휘_후보,,0,False
고물딱지,0,명사,5,일반어,신규_어휘_후보,,0,False
고발자,0,명사,5,전문어(법률),신규_어휘_후보,,0,False
고발정신,0,명사,5,일반어/전문어(문학),신규_어휘_후보,,0,False
고배,2,명사,5,일반어/일반어,신규_어휘_후보,,0,False
고백적,0,명사/관형사,5,일반어/일반어,신규_어휘_후보,,0,False
고별,0,명사,5,일반어/일반어,신규_어휘_후보,,0,False
고별인사,0,명사,5,일반어,신규_어휘_후보,,0,False
고봉,4,명사,5,일반어,신규_어휘_후보,,0,False
고부,3,명사,5,일반어,신규_어휘_후보,,0,False
고부간,0,명사,5,일반어,신규_어휘_후보,,0,False
고부라지다,1,동사,5,일반어,신규_어휘_후보,,0,False
고분고분,0,부사,5,일반어,신규_어휘_후보,,0,False
고비,4,명사,5,전문어(식물),신규_어휘_후보,,0,True
고사,10,명사,5,전문어(민속),신규_어휘_후보,,0,True
고사,15,명사,5,일반어/일반어/일반어,신규_어휘_후보,,0,True
고사,16,명사,5,일반어,신규_어휘_후보,,0,True
고사리손,0,명사,5,일반어,신규_어휘_후보,,0,False
고사장,0,명사,5,일반어,신규_어휘_후보,,0,False
고사하다,11,동사,5,일반어,신규_어휘_후보,,0,False
고산병,0,명사,5,전문어(의학),신규_어휘_후보,,0,False
고샅,1,명사,5,일반어/일반어/일반어,신규_어휘_후보,,0,False
고샅길,0,명사,5,일반어,신규_어휘_후보,,0,False
고생길,0,명사,5,일반어,신규_어휘_후보,,0,False
고생대,0,명사,5,전문어(지구),신규_어휘_후보,,0,False
고생물학,0,명사,5,전문어(생명),신규_어휘_후보,,0,False
고생스레,0,부사,5,일반어,신규_어휘_후보,,0,False
고성방가,0,명사,5,일반어,신규_어휘_후보,,0,False
고소득,0,명사,5,일반어,신규_어휘_후보,,0,False
고소장,0,명사,5,전문어(법률),신규_어휘_후보,,0,False
고속화,0,명사,5,일반어/전문어(기계),신규_어휘_후보,,0,False
고속화되다,0,동사,5,일반어/전문어(기계),신규_어휘_후보,,0,False
고수머리,0,명사,5,일반어,신규_어휘_후보,,0,False
고수부지,0,명사,5,일반어,신규_어휘_후보,,0,False
고수하다,1,동사,5,일반어,신규_어휘_후보,,0,True
고수하다,2,동사,5,일반어,신규_어휘_후보,,0,True
고슬고슬하다,1,형용사,5,일반어,신규_어휘_후보,,0,False
고승,2,명사,5,전문어(불교)/전문어(불교)/전문어(불교),신규_어휘_후보,,0,False
고시,4,명사,5,일반어,신규_어휘_후보,,0,True
고시원,0,명사,5,일반어,신규_어휘_후보,,0,False
고시하다,2,동사,5,일반어,신규_어휘_후보,,0,False
고싸움,0,명사,5,전문어(민속),신규_어휘_후보,,0,False
고싸움놀이,0,명사,5,전문어(민속),신규_어휘_후보,,0,False
고아하다,1,형용사,5,일반어,신규_어휘_후보,,0,False
고안되다,0,동사,5,일반어,신규_어휘_후보,,0,False
고압,0,명사,5,일반어/일반어/전문어(재료)/전문어(전기·전자)/전문어(지구),신규_어휘_후보,,0,False
고압선,0,명사,5,전문어(전기·전자),신규_어휘_후보,,0,False
고액,2,명사,5,일반어,신규_어휘_후보,,0,False
고액권,0,명사,5,일반어,신규_어휘_후보,,0,False
고약,3,명사,5,일반어,신규_어휘_후보,,0,False
고양,5,명사,5,일반어/일반어,신규_어휘_후보,,0,False
고어,1,명사,5,일반어,신규_어휘_후보,,0,False
고역,1,명사,5,일반어,신규_어휘_후보,,0,False
고열,3,명사,5,일반어/일반어,신규_어휘_후보,,0,False
고열량,0,명사,5,일반어,신규_어휘_후보,,0,False
고용,3,명사,5,일반어,신규_어휘_후보,,0,True
고용인,2,명사,5,일반어,신규_어휘_후보,,0,False
고용주,0,명사,5,일반어,신규_어휘_후보,,0,False
고유문화,0,명사,5,일반어,신규_어휘_후보,,0,False
고유색,0,명사,5,일반어/전문어(심리),신규_어휘_후보,,0,False
고육지책,0,명사,5,일반어,신규_어휘_후보,,0,False
고을고을,0,명사,5,일반어,신규_어휘_후보,,0,False
고음,7,명사,5,일반어,신규_어휘_후보,,0,False
고의,1,명사,5,일반어/일반어,신규_어휘_후보,,0,True
고의적,0,명사/관형사,5,일반어/일반어,신규_어휘_후보,,0,False
고자질쟁이,0,명사,5,일반어,신규_어휘_후보,,0,False
고쟁이,0,명사,5,일반어,신규_어휘_후보,,0,False
고저,1,명사,5,일반어,신규_어휘_후보,,0,False
고적,3,명사,5,일반어,신규_어휘_후보,,0,True
고적대,0,명사,5,전문어(음악),신규_어휘_후보,,0,False
고전,10,명사,5,일반어,신규_어휘_후보,,0,True
고전적,0,명사/관형사,5,일반어/일반어/일반어/일반어,신규_어휘_후보,,0,False
고전주의,0,명사,5,전문어(예체능 일반),신규_어휘_후보,,0,False
고전하다,2,동사,5,일반어,신규_어휘_후보,,0,False
고정란,0,명사,5,일반어,신규_어휘_후보,,0,False
고조부모,0,명사,5,일반어,신규_어휘_후보,,0,False
고조할머니,0,명사,5,일반어,신규_어휘_후보,,0,False
고조할아버지,0,명사,5,일반어,신규_어휘_후보,,0,False
고종,3,명사,5,일반어,신규_어휘_후보,,0,False
고주망태,0,명사,5,일반어,신규_어휘_후보,,0,False
고즈음,0,명사,5,일반어,신규_어휘_후보,,0,False
고증,0,명사,5,일반어,신규_어휘_후보,,0,False
고지기,0,명사,5,전문어(역사)/전문어(역사),신규_어휘_후보,,0,False
고지대,0,명사,5,일반어,신규_어휘_후보,,0,False
고지서,0,명사,5,일반어,신규_어휘_후보,,0,False
고지하다,1,동사,5,일반어/전문어(법률),신규_어휘_후보,,0,False
고지혈증,0,명사,5,전문어(의학),신규_어휘_후보,,0,False
고질,4,명사,5,일반어/일반어,신규_어휘_후보,,0,False
고질병,0,명사,5,일반어/일반어,신규_어휘_후보,,0,False
고집덩어리,0,명사,5,일반어,신규_어휘_후보,,0,False
고집부리다,0,동사,5,일반어,신규_어휘_후보,,0,False
고집스럽다,0,형용사,5,일반어,신규_어휘_후보,,0,False
고집스레,0,부사,5,일반어,신규_어휘_후보,,0,False
고집통,0,명사,5,일반어/일반어,신규_어휘_후보,,0,False
고차원적,0,명사/관형사,5,전문어(수학)/일반어/전문어(수학)/일반어,신규_어휘_후보,,0,False
고찰,2,명사,5,일반어,기존_콘텐츠와_연결_후보,SR_L6COREV2_4982,1,False
고참,0,명사,5,일반어,신규_어휘_후보,,0,False
고철상,0,명사,5,일반어/일반어,신규_어휘_후보,,0,False
고초,3,명사,5,일반어,신규_어휘_후보,,0,False
고추기름,0,명사,5,일반어,신규_어휘_후보,,0,False
고춧대,0,명사,5,일반어,신규_어휘_후보,,0,False
고충,2,명사,5,일반어,신규_어휘_후보,,0,False
고취,2,명사,5,일반어/일반어/일반어/전문어(역사)/전문어(음악),신규_어휘_후보,,0,False
고취하다,0,동사,5,일반어/일반어/일반어,신규_어휘_후보,,0,False
고투,2,명사,5,일반어,신규_어휘_후보,,0,False
고품위,0,명사,5,일반어,신규_어휘_후보,,0,False
고풍,1,명사,5,일반어/일반어/전문어(문학),신규_어휘_후보,,0,False
고하,3,명사,5,일반어/일반어/일반어/일반어,신규_어휘_후보,,0,False
고하간,0,명사,5,일반어/일반어/일반어/일반어,신규_어휘_후보,,0,False
고학,2,명사,5,일반어,신규_어휘_후보,,0,False
고학생,0,명사,5,일반어,신규_어휘_후보,,0,False
고함질,0,명사,5,일반어,신규_어휘_후보,,0,False
고해바치다,0,동사,5,일반어,신규_어휘_후보,,0,False
고행,1,명사,5,전문어(불교)/전문어(불교),신규_어휘_후보,,0,False
고행하다,1,동사,5,전문어(불교),신규_어휘_후보,,0,False
고형,2,명사,5,일반어,신규_어휘_후보,,0,False
고화질,0,명사,5,일반어,신규_어휘_후보,,0,False
고환,5,명사,5,전문어(의학),신규_어휘_후보,,0,False
고흥,4,명사,5,전문어(지명),신규_어휘_후보,,0,False
고희,0,명사,5,일반어,신규_어휘_후보,,0,False
곡,5,명사,5,일반어/일반어,신규_어휘_후보,,0,True
곡괭이,0,명사,5,전문어(농업)/전문어(농업),신규_어휘_후보,,0,False
곡마단,0,명사,5,일반어,신규_어휘_후보,,0,False
곡물상,0,명사,5,일반어/일반어,신규_어휘_후보,,0,False
곡선미,0,명사,5,일반어,신규_어휘_후보,,0,False
곡선형,0,명사,5,전문어(수학),신규_어휘_후보,,0,False
곡성,3,명사,5,일반어,신규_어휘_후보,,0,False
곡예단,0,명사,5,일반어,신규_어휘_후보,,0,False
곡예비행,0,명사,5,일반어,신규_어휘_후보,,0,False
곡예사,0,명사,5,일반어,신규_어휘_후보,,0,False
곡옥,0,명사,5,일반어,신규_어휘_후보,,0,False
곡우,0,명사,5,전문어(민속),신규_어휘_후보,,0,False
곡절,2,명사,5,일반어/일반어/일반어,신규_어휘_후보,,0,False
곡진하다,0,형용사,5,일반어/일반어,신규_어휘_후보,,0,False
곡집,0,명사,5,전문어(음악),신규_어휘_후보,,0,False
곡창,1,명사,5,일반어/일반어,신규_어휘_후보,,0,False
곡해,0,명사,5,일반어/일반어,신규_어휘_후보,,0,False
곤,4,명사,5,전문어(민속)/전문어(민속)/전문어(민속)/전문어(민속)/전문어(민속),신규_어휘_후보,,0,False
곤괘,2,명사,5,전문어(민속)/전문어(민속),신규_어휘_후보,,0,False
곤궁하다,0,형용사,5,일반어/일반어,신규_어휘_후보,,0,False
곤두박다,0,동사,5,일반어,신규_어휘_후보,,0,False
곤두박이다,0,동사,5,일반어,신규_어휘_후보,,0,False
곤드레만드레,0,부사,5,일반어,신규_어휘_후보,,0,False
곤룡포,0,명사,5,전문어(복식),신규_어휘_후보,,0,False
곤욕스럽다,0,형용사,5,일반어,신규_어휘_후보,,0,False
곤전,0,명사,5,전문어(역사),신규_어휘_후보,,0,False
곤죽,0,명사,5,일반어/일반어/일반어,신규_어휘_후보,,0,False
곤지곤지,0,감탄사/명사,5,일반어/일반어,신규_어휘_후보,,0,False
곤충류,0,명사,5,일반어,신규_어휘_후보,,0,False
곤혹스럽다,0,형용사,5,일반어,신규_어휘_후보,,0,False
곧바르다,0,형용사,5,일반어,신규_어휘_후보,,0,False
곧이,0,부사,5,일반어,신규_어휘_후보,,0,False
곧이들리다,0,동사,5,일반어,신규_어휘_후보,,0,False
곧추다,0,동사,5,일반어/일반어,신규_어휘_후보,,0,False
곧추서다,0,동사,5,일반어,신규_어휘_후보,,0,False
골,4,명사,5,일반어/일반어/일반어/일반어/일반어/전문어(물리)/전문어(해양),신규_어휘_후보,,0,True
골,5,명사,5,전문어(역사),신규_어휘_후보,,0,True
골,6,명사,5,전문어(의학)/전문어(의학),신규_어휘_후보,,0,True
골나다,0,동사,5,일반어,신규_어휘_후보,,0,False
골내다,0,동사,5,일반어,신규_어휘_후보,,0,False
골동품상,0,명사,5,일반어/일반어,신규_어휘_후보,,0,False
골똘하다,0,형용사,5,일반어,신규_어휘_후보,,0,False
골라잡다,0,동사,5,일반어/일반어,신규_어휘_후보,,0,False
골목골목이,0,부사,5,일반어,신규_어휘_후보,,0,False
골몰하다,0,동사,5,일반어,신규_어휘_후보,,0,False
골백번,0,명사,5,일반어,신규_어휘_후보,,0,False
골병,0,명사,5,일반어/일반어,신규_어휘_후보,,0,False
골자,0,명사,5,일반어,신규_어휘_후보,,0,False
골잡이,0,명사,5,전문어(체육),신규_어휘_후보,,0,False
골재,0,명사,5,전문어(건설),신규_어휘_후보,,0,False
골조,2,명사,5,전문어(건설)/전문어(건설),신규_어휘_후보,,0,False
골짝,0,명사,5,일반어,신규_어휘_후보,,0,False
골통대,0,명사,5,일반어,신규_어휘_후보,,0,False
골품제,0,명사,5,전문어(역사),신규_어휘_후보,,0,False
골프공,0,명사,5,전문어(체육),신규_어휘_후보,,0,False
곯리다,1,동사,5,일반어/일반어,신규_어휘_후보,,0,False
곰,1,명사,5,일반어,신규_어휘_후보,,0,True
곰국,0,명사,5,일반어,신규_어휘_후보,,0,False
곰방대,0,명사,5,일반어,신규_어휘_후보,,0,False
곰삭다,0,동사,5,일반어/일반어/일반어/일반어,신규_어휘_후보,,0,False
곰살갑다,0,형용사,5,일반어,신규_어휘_후보,,0,False
곰살궂다,0,형용사,5,일반어/일반어,신규_어휘_후보,,0,False
곰솔,0,명사,5,전문어(식물),신규_어휘_후보,,0,False
곰탕,0,명사,5,일반어/일반어,신규_어휘_후보,,0,False
곰팡이류,0,명사,5,일반어,신규_어휘_후보,,0,False
곱다,3,형용사,5,일반어/일반어,신규_어휘_후보,,0,True
곱사등,0,명사,5,일반어,신규_어휘_후보,,0,False
곱사등이,0,명사,5,일반어,신규_어휘_후보,,0,False
곱자,0,명사,5,전문어(건설),신규_어휘_후보,,0,False
곱절,0,명사,5,일반어/일반어,신규_어휘_후보,,0,False
곱창,0,명사,5,일반어,신규_어휘_후보,,0,False
곱창전골,0,명사,5,일반어,신규_어휘_후보,,0,False
공,4,명사,5,일반어,신규_어휘_후보,,0,True
공,15,명사,5,전문어(체육)/전문어(음악),신규_어휘_후보,,0,True
공갈,2,명사,5,일반어/일반어/전문어(법률),신규_어휘_후보,,0,False
공갈빵,0,명사,5,일반어,신규_어휘_후보,,0,False
공갈치다,0,동사,5,일반어,신규_어휘_후보,,0,False
공감각,0,명사,5,전문어(심리),신규_어휘_후보,,0,False
공격기,0,명사,5,전문어(군사),신규_어휘_후보,,0,False
공격대,0,명사,5,전문어(군사),신규_어휘_후보,,0,False
공경,2,명사,5,일반어,신규_어휘_후보,,0,False
공고,3,명사,5,일반어/전문어(법률),신규_어휘_후보,,0,True
공고하다,1,동사,5,일반어/전문어(행정),신규_어휘_후보,,0,False
공공건물,0,명사,5,일반어,신규_어휘_후보,,0,False
공공연하다,0,형용사,5,일반어/일반어,신규_어휘_후보,,0,False
공공요금,0,명사,5,일반어,신규_어휘_후보,,0,False
공공재,0,명사,5,일반어,신규_어휘_후보,,0,False
공공칠가방,0,명사,5,일반어,신규_어휘_후보,,0,False
공관,2,명사,5,일반어/전문어(정치),신규_어휘_후보,,0,False
공교육,0,명사,5,전문어(교육),신규_어휘_후보,,0,False
공교육비,0,명사,5,일반어,신규_어휘_후보,,0,False
공굴리기,0,명사,5,일반어,신규_어휘_후보,,0,False
공권력,0,명사,5,전문어(행정),동형이의_품사_확인_필요,,1,False
공금,1,명사,5,일반어/일반어,신규_어휘_후보,,0,False
공급자,0,명사,5,일반어,신규_어휘_후보,,0,False
공기구멍,0,명사,5,일반어,신규_어휘_후보,,0,False
공기주머니,0,명사,5,전문어(동물),신규_어휘_후보,,0,False
공기총,0,명사,5,일반어,신규_어휘_후보,,0,False
공깃밥,0,명사,5,일반어,신규_어휘_후보,,0,False
공납금,0,명사,5,일반어/일반어,신규_어휘_후보,,0,False
공단,2,명사,5,전문어(법률),신규_어휘_후보,,0,True
공대,5,명사,5,일반어/일반어,신규_어휘_후보,,0,False
공대하다,0,동사,5,일반어/일반어,신규_어휘_후보,,0,False
공덕,2,명사,5,일반어/전문어(불교),신규_어휘_후보,,0,False
공돈,0,명사,5,일반어,신규_어휘_후보,,0,False
공동묘지,0,명사,5,일반어,신규_어휘_후보,,0,False
공략,2,명사,5,전문어(군사)/일반어,신규_어휘_후보,,0,False
공론,1,명사,5,일반어/일반어/일반어,신규_어휘_후보,,0,False
공립,1,명사,5,일반어,신규_어휘_후보,,0,False
공명,5,명사,5,전문어(물리)/전문어(물리)/전문어(화학),신규_어휘_후보,,0,True
공명선거,0,명사,5,전문어(정치),신규_어휘_후보,,0,False
공명심,2,명사,5,일반어,신규_어휘_후보,,0,False
공명하다,1,형용사,5,일반어,신규_어휘_후보,,0,False
공모자,0,명사,5,일반어,신규_어휘_후보,,0,False
공모하다,1,동사,5,일반어/전문어(경제),신규_어휘_후보,,0,False
공무국,2,명사,5,전문어(역사),신규_어휘_후보,,0,False
공문,1,명사,5,일반어,신규_어휘_후보,,0,False
공문서,0,명사,5,일반어,신규_어휘_후보,,0,False
공물,2,명사,5,일반어,신규_어휘_후보,,0,True
공물,4,명사,5,전문어(역사),신규_어휘_후보,,0,True
공방전,2,명사,5,일반어,신규_어휘_후보,,0,False
공백,0,명사,5,일반어/일반어/일반어/일반어,신규_어휘_후보,,0,False
공범,0,명사,5,전문어(법률),신규_어휘_후보,,0,False
공범자,0,명사,5,전문어(법률),신규_어휘_후보,,0,False
공법,2,명사,5,전문어(법률),신규_어휘_후보,,0,False
공병,2,명사,5,일반어,신규_어휘_후보,,0,False
공보실,0,명사,5,전문어(행정),신규_어휘_후보,,0,False
공붓벌레,0,명사,5,일반어,신규_어휘_후보,,0,False
공비,5,명사,5,일반어,신규_어휘_후보,,0,False
공사,4,명사,5,일반어/일반어/일반어,신규_어휘_후보,,0,True
공사,6,명사,5,전문어(정치),신규_어휘_후보,,0,True
공사,11,명사,5,전문어(군사),신규_어휘_후보,,0,True
공사관,2,명사,5,전문어(행정),신규_어휘_후보,,0,False
공산,4,명사,5,일반어,신규_어휘_후보,,0,True
공산,5,명사,5,일반어/전문어(사회 일반),신규_어휘_후보,,0,True
공산,6,명사,5,일반어/전문어(민속),신규_어휘_후보,,0,True
공산권,0,명사,5,전문어(사회 일반),신규_어휘_후보,,0,False
공산화,0,명사,5,전문어(사회 일반),신규_어휘_후보,,0,False
공산화되다,0,동사,5,일반어,신규_어휘_후보,,0,False
공산화하다,0,동사,5,일반어,신규_어휘_후보,,0,False
공생,2,명사,5,일반어/전문어(광업)/전문어(생명),신규_어휘_후보,,0,False
공석,1,명사,5,일반어/일반어,신규_어휘_후보,,0,True
공석,5,명사,5,일반어/일반어,신규_어휘_후보,,0,True
공수,7,명사,5,일반어,신규_어휘_후보,,0,True
공수표,0,명사,5,전문어(경제)/전문어(경제)/일반어,신규_어휘_후보,,0,False
공습경보,0,명사,5,일반어,신규_어휘_후보,,0,False
공습하다,1,동사,5,일반어,신규_어휘_후보,,0,True
공습하다,2,동사,5,전문어(군사),신규_어휘_후보,,0,True
공시,1,명사,5,일반어/전문어(법률),신규_어휘_후보,,0,False
공신력,0,명사,5,전문어(법률)/전문어(법률),신규_어휘_후보,,0,False
공약하다,1,동사,5,일반어,신규_어휘_후보,,0,False
공양,0,명사,5,일반어/전문어(불교)/전문어(불교),신규_어휘_후보,,0,False
공양하다,0,동사,5,일반어/전문어(불교)/전문어(불교),신규_어휘_후보,,0,False
공언,1,명사,5,일반어/일반어,신규_어휘_후보,,0,False
공업화되다,0,동사,5,일반어,신규_어휘_후보,,0,False
공연스레,0,부사,5,일반어,신규_어휘_후보,,0,False
공연하다,4,형용사,5,일반어,신규_어휘_후보,,0,False
공연히,2,부사,5,일반어,신규_어휘_후보,,0,False
공예가,0,명사,5,일반어,신규_어휘_후보,,0,False
공원묘지,0,명사,5,일반어,신규_어휘_후보,,0,False
공원화,0,명사,5,일반어,신규_어휘_후보,,0,False
공유,1,명사,5,전문어(행정),신규_어휘_후보,,0,True
공유지,1,명사,5,일반어,신규_어휘_후보,,0,False
공인,2,명사,5,일반어,신규_어휘_후보,,0,True
공인,5,명사,5,일반어,신규_어휘_후보,,0,True
공인되다,1,동사,5,일반어,신규_어휘_후보,,0,False
공자,1,명사,5,일반어,신규_어휘_후보,,0,False
공작,3,명사,5,일반어/전문어(역사),신규_어휘_후보,,0,True
공작부인,0,명사,5,일반어,신규_어휘_후보,,0,False
공작실,0,명사,5,일반어,신규_어휘_후보,,0,False
공장주,0,명사,5,일반어,신규_어휘_후보,,0,False
공저,3,명사,5,일반어,신규_어휘_후보,,0,False
공적,1,명사/관형사,5,일반어/일반어,신규_어휘_후보,,0,True
공전,8,명사,5,전문어(천문),신규_어휘_후보,,0,True
공전,11,명사,5,일반어,신규_어휘_후보,,0,True
공전,14,명사,5,일반어/일반어,신규_어휘_후보,,0,True
공전하다,3,동사,5,일반어/일반어,신규_어휘_후보,,0,True
공정,1,명사,5,일반어/일반어,신규_어휘_후보,,0,True
공제,7,명사,5,일반어/전문어(체육),신규_어휘_후보,,0,False
공주,2,명사,5,전문어(지명),신규_어휘_후보,,0,True
공중목욕탕,0,명사,5,일반어,신규_어휘_후보,,0,False
공직,2,명사,5,일반어,신규_어휘_후보,,0,False
공직자,0,명사,5,일반어,신규_어휘_후보,,0,False
공집합,0,명사,5,전문어(수학),신규_어휘_후보,,0,False
공짜배기,0,명사,5,일반어,신규_어휘_후보,,0,False
공채,3,명사,5,일반어,신규_어휘_후보,,0,False
공처가,0,명사,5,일반어,신규_어휘_후보,,0,False
공천,2,명사,5,일반어/일반어/전문어(행정),신규_어휘_후보,,0,False
공천하다,1,동사,5,일반어/일반어/전문어(정치),신규_어휘_후보,,0,False
공청,1,명사,5,일반어,신규_어휘_후보,,0,False
공치기,0,명사,5,일반어/전문어(민속),신규_어휘_후보,,0,False
공치기하다,0,동사,5,일반어/전문어(민속),신규_어휘_후보,,0,False
공치다,0,동사,5,일반어,신규_어휘_후보,,0,False
공치사,1,명사,5,일반어/일반어,신규_어휘_후보,,0,True
공치사,3,명사,5,일반어,신규_어휘_후보,,0,True
공탁금,0,명사,5,전문어(법률),신규_어휘_후보,,0,False
공탁하다,0,동사,5,일반어/전문어(법률),신규_어휘_후보,,0,False
공통어,0,명사,5,전문어(언어)/전문어(언어),신규_어휘_후보,,0,False
공포되다,0,동사,5,일반어/전문어(법률),신규_어휘_후보,,0,False
공포하다,0,동사,5,일반어/전문어(법률),신규_어휘_후보,,0,False
공표,1,명사,5,일반어,신규_어휘_후보,,0,True
공표,4,명사,5,일반어,신규_어휘_후보,,0,True
공표하다,0,동사,5,일반어,신규_어휘_후보,,0,False
공화국,2,명사,5,전문어(철학),신규_어휘_후보,,0,True
공화제,0,명사,5,전문어(정치),동형이의_품사_확인_필요,,1,False
공활하다,0,형용사,5,일반어,신규_어휘_후보,,0,False
공회당,0,명사,5,일반어,신규_어휘_후보,,0,False
공훈,0,명사,5,일반어,신규_어휘_후보,,0,False
공히,0,부사,5,일반어,신규_어휘_후보,,0,False
곶,1,명사,5,전문어(지리),기존_콘텐츠와_연결_후보,SR_L4CORE_5431,1,False
과객,2,명사,5,일반어,신규_어휘_후보,,0,False
과거형,0,명사,5,전문어(언어),신규_어휘_후보,,0,False
과꽃,0,명사,5,전문어(식물),신규_어휘_후보,,0,False
과다히,1,부사,5,일반어,신규_어휘_후보,,0,False
과단성,0,명사,5,일반어,신규_어휘_후보,,0,False
과대,1,명사,5,일반어,신규_어휘_후보,,0,True
과대광고,0,명사,5,일반어,신규_어휘_후보,,0,False
과대망상,0,명사,5,전문어(심리),신규_어휘_후보,,0,False
과대망상증,0,명사,5,전문어(심리),신규_어휘_후보,,0,False
과대평가되다,0,동사,5,일반어,신규_어휘_후보,,0,False
과대평가하다,0,동사,5,일반어,신규_어휘_후보,,0,False
과도기,0,명사,5,일반어,신규_어휘_후보,,0,False
과도히,0,부사,5,일반어,신규_어휘_후보,,0,False
과목낙제,0,명사,5,일반어,신규_어휘_후보,,0,False
과묵하다,0,형용사,5,일반어,신규_어휘_후보,,0,False
과민하다,0,형용사,5,일반어,신규_어휘_후보,,0,False
과밀,0,명사,5,일반어,신규_어휘_후보,,0,False
과보호,0,명사,5,일반어,신규_어휘_후보,,0,False
과분하다,0,형용사,5,일반어,신규_어휘_후보,,0,False
과세,4,명사,5,일반어,신규_어휘_후보,,0,False
과소,2,명사,5,일반어,신규_어휘_후보,,0,True
과소,3,명사,5,일반어,신규_어휘_후보,,0,True
과소비하다,0,동사,5,일반어,신규_어휘_후보,,0,False
과소평가하다,0,동사,5,일반어,신규_어휘_후보,,0,False
과수나무,0,명사,5,일반어,신규_어휘_후보,,0,False
과신하다,0,동사,5,일반어,신규_어휘_후보,,0,False
과오,2,명사,5,일반어/전문어(법률),신규_어휘_후보,,0,False
과욕,2,명사,5,일반어,신규_어휘_후보,,0,False
과용,2,명사,5,일반어,신규_어휘_후보,,0,False
과유불급,0,명사,5,일반어,신규_어휘_후보,,0,False
과음,2,명사,5,일반어,신규_어휘_후보,,0,False
과인,4,대명사,5,일반어,신규_어휘_후보,,0,False
과일나무,0,명사,5,일반어,신규_어휘_후보,,0,False
과잉보호,0,명사,5,일반어,신규_어휘_후보,,0,False
과잉보호하다,0,동사,5,일반어,신규_어휘_후보,,0,False
과장,1,명사,5,일반어,신규_어휘_후보,,0,True
과적,2,명사,5,일반어,신규_어휘_후보,,0,False
과점,2,명사,5,전문어(경제),신규_어휘_후보,,0,False
과정,1,명사,5,전문어(교육),신규_어휘_후보,,0,True
과중하다,1,동사,5,일반어,신규_어휘_후보,,0,False
과중하다,2,형용사,5,일반어/일반어,신규_어휘_후보,,0,False
과중히,0,부사,5,일반어/일반어,신규_어휘_후보,,0,False
과찬,0,명사,5,일반어,신규_어휘_후보,,0,False
과채류,0,명사,5,일반어,신규_어휘_후보,,0,False
과테말라,0,명사,5,전문어(지명),신규_어휘_후보,,0,False
과하다,1,동사,5,일반어,신규_어휘_후보,,0,False
과학적,0,명사/관형사,5,일반어/일반어,신규_어휘_후보,,0,False
과히,0,부사,5,일반어,신규_어휘_후보,,0,False
관,1,명사,5,일반어,신규_어휘_후보,,0,True
관,8,명사,5,일반어/전문어(음악),신규_어휘_후보,,0,True
관개,2,명사,5,일반어,신규_어휘_후보,,0,False
관개수,0,명사,5,전문어(농업),신규_어휘_후보,,0,False
관건,2,명사,5,일반어/일반어,신규_어휘_후보,,0,False
관계하다,0,동사,5,일반어/일반어/일반어,신규_어휘_후보,,0,False
관광단,0,명사,5,일반어,신규_어휘_후보,,0,False
관광호텔,0,명사,5,일반어,신규_어휘_후보,,0,False
관권,0,명사,5,일반어,신규_어휘_후보,,0,False
관기,1,명사,5,일반어,신규_어휘_후보,,0,False
관내,2,명사,5,일반어,신규_어휘_후보,,0,False
관념,2,명사,5,일반어/일반어/전문어(불교)/전문어(심리)/전문어(철학),신규_어휘_후보,,0,False
관노,0,명사,5,전문어(역사),신규_어휘_후보,,0,False
관대히,0,부사,5,일반어,신규_어휘_후보,,0,False
관동,5,명사,5,전문어(지명),신규_어휘_후보,,0,False
관등놀이,0,명사,5,전문어(민속),신규_어휘_후보,,0,False
관록,2,명사,5,일반어,신규_어휘_후보,,0,False
관료,0,명사,5,일반어/일반어,신규_어휘_후보,,0,False
관리,1,명사,5,일반어,신규_어휘_후보,,0,True
관리직,0,명사,5,일반어,신규_어휘_후보,,0,False
관립,0,명사,5,일반어,신규_어휘_후보,,0,False
관망하다,2,동사,5,일반어/일반어,신규_어휘_후보,,0,False
관명,2,명사,5,일반어,신규_어휘_후보,,0,False
관모,3,명사,5,일반어,신규_어휘_후보,,0,False
관민,0,명사,5,일반어,신규_어휘_후보,,0,False
관보,2,명사,5,일반어/일반어,신규_어휘_후보,,0,False
관북,0,명사,5,전문어(지명)/전문어(지명),신규_어휘_후보,,0,False
관비,1,명사,5,일반어,신규_어휘_후보,,0,False
관사,4,명사,5,일반어,신규_어휘_후보,,0,False
관상가,0,명사,5,일반어,신규_어휘_후보,,0,False
관상대,0,명사,5,전문어(지구),신규_어휘_후보,,0,False
관상수,0,명사,5,전문어(임업),신규_어휘_후보,,0,False
관상어,0,명사,5,일반어,신규_어휘_후보,,0,False
관성,2,명사,5,전문어(물리),신규_어휘_후보,,0,False
관세음보살,0,명사,5,전문어(불교),신규_어휘_후보,,0,False
관솔,0,명사,5,일반어,신규_어휘_후보,,0,False
관솔불,0,명사,5,일반어,신규_어휘_후보,,0,False
관습법,0,명사,5,전문어(법률),신규_어휘_후보,,0,False
관식,2,명사,5,일반어/일반어,신규_어휘_후보,,0,False
관여하다,0,동사,5,일반어,신규_어휘_후보,,0,False
관용,3,명사,5,일반어,신규_어휘_후보,,0,False
관용구,0,명사,5,전문어(언어),신규_어휘_후보,,0,False
관용차,0,명사,5,일반어,신규_어휘_후보,,0,False
관용하다,2,동사,5,일반어,신규_어휘_후보,,0,False
관원,1,명사,5,일반어,신규_어휘_후보,,0,False
관음,0,명사,5,전문어(불교),신규_어휘_후보,,0,False
관음상,0,명사,5,전문어(불교),신규_어휘_후보,,0,False
관자놀이,0,명사,5,일반어,신규_어휘_후보,,0,False
관장,10,명사,5,일반어,신규_어휘_후보,,0,True
관장,13,명사,5,전문어(의학),신규_어휘_후보,,0,True
관저,0,명사,5,일반어,신규_어휘_후보,,0,False
관제,4,명사,5,일반어,신규_어휘_후보,,0,True
관제탑,0,명사,5,전문어(교통),신규_어휘_후보,,0,False
관찰부,0,명사,5,전문어(역사),신규_어휘_후보,,0,False
관찰사,0,명사,5,전문어(역사)/전문어(역사),신규_어휘_후보,,0,False
관철되다,0,동사,5,일반어,신규_어휘_후보,,0,False
관측대,0,명사,5,전문어(지구),신규_어휘_후보,,0,False
관통,2,명사,5,일반어/일반어,기존_콘텐츠와_연결_후보,SR_L6CORE_4984,1,False
관포지교,0,명사,5,일반어,신규_어휘_후보,,0,False
관행,2,명사,5,일반어,신규_어휘_후보,,0,False
관헌,0,명사,5,일반어/일반어/일반어,신규_어휘_후보,,0,False
관형사형,0,명사,5,전문어(언어),신규_어휘_후보,,0,False
관형어,0,명사,5,전문어(언어),신규_어휘_후보,,0,False
괄목하다,0,동사,5,일반어,신규_어휘_후보,,0,False
괄시,0,명사,5,일반어,신규_어휘_후보,,0,False
괄시하다,0,동사,5,일반어,신규_어휘_후보,,0,False
괄약근,0,명사,5,전문어(의학),신규_어휘_후보,,0,False
광견병,0,명사,5,전문어(수의),신규_어휘_후보,,0,False
광고란,0,명사,5,일반어,신규_어휘_후보,,0,False
광고료,0,명사,5,일반어,신규_어휘_후보,,0,False
광고탑,0,명사,5,일반어,신규_어휘_후보,,0,False
광고판,0,명사,5,일반어,신규_어휘_후보,,0,False
광구,9,명사,5,전문어(법률),신규_어휘_후보,,0,False
광기,0,명사,5,일반어/일반어,신규_어휘_후보,,0,False
광나다,0,동사,5,일반어/일반어,신규_어휘_후보,,0,False
광녀,0,명사,5,일반어,신규_어휘_후보,,0,False
광년,1,의존 명사,5,전문어(천문),신규_어휘_후보,,0,False
광대놀이,0,명사,5,전문어(민속)/전문어(민속),신규_어휘_후보,,0,False
광대하다,1,형용사,5,일반어,신규_어휘_후보,,0,False
광란,1,명사,5,일반어,신규_어휘_후보,,0,False
광막하다,0,형용사,5,일반어,신규_어휘_후보,,0,False
광맥,0,명사,5,전문어(광업),신규_어휘_후보,,0,False
광목,0,명사,5,일반어,신규_어휘_후보,,0,False
광물성,0,명사,5,일반어,신규_어휘_후보,,0,False
광범히,0,부사,5,일반어,신규_어휘_후보,,0,False
광복군,0,명사,5,전문어(역사),신규_어휘_후보,,0,False
광복하다,1,동사,5,일반어,신규_어휘_후보,,0,False
광분하다,0,동사,5,일반어/일반어,신규_어휘_후보,,0,False
광산업,2,명사,5,일반어,신규_어휘_후보,,0,False
광섬유,0,명사,5,전문어(물리),신규_어휘_후보,,0,False
광성보,0,명사,5,전문어(역사),신규_어휘_후보,,0,False
광속,2,명사,5,전문어(물리),신규_어휘_후보,,0,False
광신도,0,명사,5,일반어,신규_어휘_후보,,0,False
광신자,0,명사,5,일반어,신규_어휘_후보,,0,False
광양,1,명사,5,전문어(지명),신규_어휘_후보,,0,False
광어,0,명사,5,일반어/전문어(동물),신규_어휘_후보,,0,False
광어회,0,명사,5,일반어,신규_어휘_후보,,0,False
광역,3,명사,5,일반어,신규_어휘_후보,,0,False
광열비,0,명사,5,전문어(경제),신규_어휘_후보,,0,False
광의,0,명사,5,일반어,신규_어휘_후보,,0,False
광인,1,명사,5,일반어,신규_어휘_후보,,0,False
광포,1,명사,5,일반어,신규_어휘_후보,,0,False
광포하다,1,형용사,5,일반어,신규_어휘_후보,,0,False
광풍,2,명사,5,일반어/일반어,신규_어휘_후보,,0,False
광학,1,명사,5,전문어(물리),신규_어휘_후보,,0,False
광한루,0,명사,5,전문어(역사),신규_어휘_후보,,0,False
광혜원,0,명사,5,전문어(역사),신규_어휘_후보,,0,False
괘,1,명사,5,전문어(민속)/전문어(민속),신규_어휘_후보,,0,False
괘도,0,명사,5,전문어(교육),신규_어휘_후보,,0,False
괘종,0,명사,5,일반어,신규_어휘_후보,,0,False
괜스레,0,부사,5,일반어,신규_어휘_후보,,0,False
괜하다,0,형용사,5,일반어,신규_어휘_후보,,0,False
괭이갈매기,0,명사,5,전문어(동물),신규_어휘_후보,,0,False
괭이밥,0,명사,5,전문어(식물),신규_어휘_후보,,0,False
괭이자루,0,명사,5,일반어,신규_어휘_후보,,0,False
괴기스럽다,0,형용사,5,일반어,신규_어휘_후보,,0,False
괴나리봇짐,0,명사,5,일반어,신규_어휘_후보,,0,False
괴다,1,동사,5,일반어/일반어,신규_어휘_후보,,0,True
괴뢰군,0,명사,5,일반어,신규_어휘_후보,,0,False
괴벽,2,명사,5,일반어,신규_어휘_후보,,0,False
괴변,1,명사,5,일반어,신규_어휘_후보,,0,False
괴석,1,명사,5,일반어,신규_어휘_후보,,0,False
괴성,1,명사,5,일반어,신규_어휘_후보,,0,False
괴수,1,명사,5,일반어,신규_어휘_후보,,0,True
괴수,4,명사,5,일반어,신규_어휘_후보,,0,True
괴어들다,0,동사,5,일반어,신규_어휘_후보,,0,False
괴이쩍다,0,형용사,5,일반어,신규_어휘_후보,,0,False
괴이하다,0,형용사,5,일반어,신규_어휘_후보,,0,False
괴이히,0,부사,5,일반어,신규_어휘_후보,,0,False
괴질,0,명사,5,일반어/전문어(의학),신규_어휘_후보,,0,False
괴짜,0,명사,5,일반어/일반어,신규_어휘_후보,,0,False
괴춤,0,명사,5,일반어,신규_어휘_후보,,0,False
괴팍하다,0,형용사,5,일반어,신규_어휘_후보,,0,False
괴한,1,명사,5,일반어,신규_어휘_후보,,0,False
괴혈병,0,명사,5,전문어(의학),신규_어휘_후보,,0,False
굉음,2,명사,5,일반어,신규_어휘_후보,,0,False
교,3,명사,5,전문어(종교 일반)/전문어(불교),신규_어휘_후보,,0,False
교각,2,명사,5,전문어(건설),신규_어휘_후보,,0,False
교감,1,명사,5,일반어/일반어,신규_어휘_후보,,0,True
교관,3,명사,5,일반어/일반어/전문어(군사)/전문어(역사)/전문어(역사),신규_어휘_후보,,0,False
교구,6,명사,5,전문어(종교 일반)/전문어(가톨릭),신규_어휘_후보,,0,False
교군,2,명사,5,일반어/일반어/일반어,신규_어휘_후보,,0,False
교권,2,명사,5,일반어/일반어,신규_어휘_후보,,0,False
교도,5,명사,5,일반어/전문어(교육)/전문어(역사),신규_어휘_후보,,0,True
교도관,1,명사,5,전문어(행정),신규_어휘_후보,,0,False
교두보,0,명사,5,전문어(군사)/전문어(군사)/일반어,신규_어휘_후보,,0,False
교란,2,명사,5,일반어,신규_어휘_후보,,0,False
교란하다,0,동사,5,일반어,신규_어휘_후보,,0,False
교량,2,명사,5,일반어,신규_어휘_후보,,0,False
교련,0,명사,5,일반어/일반어/전문어(군사),신규_어휘_후보,,0,False
교리,4,명사,5,전문어(종교 일반),신규_어휘_후보,,0,False
교만,0,명사,5,일반어,신규_어휘_후보,,0,False
교명,1,명사,5,일반어,신규_어휘_후보,,0,False
교목,1,명사,5,일반어,신규_어휘_후보,,0,True
교목,2,명사,5,전문어(식물),신규_어휘_후보,,0,True
교무,2,명사,5,전문어(교육)/전문어(종교 일반),신규_어휘_후보,,0,False
교미,1,명사,5,전문어(동물),신규_어휘_후보,,0,False
교미하다,0,동사,5,전문어(동물),신규_어휘_후보,,0,False
교민,2,명사,5,일반어,신규_어휘_후보,,0,False
교배,2,명사,5,전문어(생명),신규_어휘_후보,,0,False
교배하다,2,동사,5,전문어(생명),신규_어휘_후보,,0,False
교보,2,명사,5,일반어,신규_어휘_후보,,0,False
교본,2,명사,5,전문어(교육),신규_어휘_후보,,0,False
교부,2,명사,5,일반어/전문어(법률),신규_어휘_후보,,0,False
교부금,0,명사,5,일반어/전문어(행정),신규_어휘_후보,,0,False
교분,1,명사,5,일반어,신규_어휘_후보,,0,False
교사,5,명사,5,일반어,신규_어휘_후보,,0,True
교살,1,명사,5,일반어,신규_어휘_후보,,0,False
교생,2,명사,5,전문어(교육),신규_어휘_후보,,0,False
교서,2,명사,5,전문어(가톨릭)/전문어(역사)/전문어(정치),신규_어휘_후보,,0,False
교섭,0,명사,5,일반어,신규_어휘_후보,,0,False
교섭하다,0,동사,5,일반어,신규_어휘_후보,,0,False
교세,1,명사,5,일반어,신규_어휘_후보,,0,False
교수요목,0,명사,5,전문어(교육),신규_어휘_후보,,0,False
교수용,0,명사,5,일반어/일반어,신규_어휘_후보,,0,False
교수진,0,명사,5,일반어,신규_어휘_후보,,0,False
교수형,0,명사,5,전문어(법률),신규_어휘_후보,,0,False
교습,0,명사,5,일반어,신규_어휘_후보,,0,False
교신,1,명사,5,일반어,신규_어휘_후보,,0,False
교신하다,0,동사,5,일반어,신규_어휘_후보,,0,False
교양인,0,명사,5,일반어,신규_어휘_후보,,0,False
교열,2,명사,5,일반어,신규_어휘_후보,,0,False
교우,1,명사,5,일반어,신규_어휘_후보,,0,True
교우,5,명사,5,일반어,신규_어휘_후보,,0,True
교육가,0,명사,5,일반어,신규_어휘_후보,,0,False
교육감,0,명사,5,전문어(교육),신규_어휘_후보,,0,False
교육계,0,명사,5,일반어,신규_어휘_후보,,0,False
교육법,0,명사,5,전문어(법률),신규_어휘_후보,,0,False
교육열,0,명사,5,일반어,신규_어휘_후보,,0,False
교육장,1,명사,5,전문어(교육),신규_어휘_후보,,0,True
교육학,0,명사,5,전문어(교육),신규_어휘_후보,,0,False
교육학자,0,명사,5,일반어,신규_어휘_후보,,0,False
교육회,0,명사,5,전문어(교육),신규_어휘_후보,,0,False
교의,4,명사,5,전문어(교육)/전문어(종교 일반),신규_어휘_후보,,0,False
교인,4,명사,5,일반어,신규_어휘_후보,,0,False
교자상,0,명사,5,일반어,신규_어휘_후보,,0,False
교전,1,명사,5,일반어/일반어,신규_어휘_후보,,0,False
교접,1,명사,5,일반어/전문어(동물),신규_어휘_후보,,0,False
교정,2,명사,5,전문어(매체),신규_어휘_후보,,0,True
교정하다,1,동사,5,전문어(매체),신규_어휘_후보,,0,True
교제비,0,명사,5,일반어/일반어,신규_어휘_후보,,0,False
교지,7,명사,5,일반어,신규_어휘_후보,,0,False
교직원,0,명사,5,일반어,신규_어휘_후보,,0,False
교집합,0,명사,5,전문어(수학),신규_어휘_후보,,0,False
교차되다,0,동사,5,일반어/전문어(생명),신규_어휘_후보,,0,False
교차로,0,명사,5,일반어,신규_어휘_후보,,0,False
교착,3,명사,5,일반어/일반어,신규_어휘_후보,,0,False
교체기,0,명사,5,일반어,신규_어휘_후보,,0,False
교태전,0,명사,5,전문어(역사),신규_어휘_후보,,0,False
교통량,0,명사,5,일반어,신규_어휘_후보,,0,False
교통마비,0,명사,5,일반어,신규_어휘_후보,,0,False
교통정리,0,명사,5,일반어/일반어,신규_어휘_후보,,0,False
교파,0,명사,5,일반어,신규_어휘_후보,,0,False
교편,0,명사,5,일반어,신규_어휘_후보,,0,False
교표,0,명사,5,일반어,신규_어휘_후보,,0,False
교풍,1,명사,5,일반어,신규_어휘_후보,,0,False
교화,2,명사,5,일반어/전문어(불교),신규_어휘_후보,,0,False
교화하다,2,동사,5,일반어/전문어(불교),신규_어휘_후보,,0,False
교활성,0,명사,5,일반어,신규_어휘_후보,,0,False
교활하다,0,형용사,5,일반어,신규_어휘_후보,,0,False
교훈가,0,명사,5,전문어(문학)/전문어(종교 일반),신규_어휘_후보,,0,False
구,9,의존 명사,5,일반어,신규_어휘_후보,,0,False
구강,2,명사,5,전문어(의학),신규_어휘_후보,,0,False
구개음,0,명사,5,전문어(언어),신규_어휘_후보,,0,False
구개음화,0,명사,5,전문어(언어),신규_어휘_후보,,0,False
구걸,0,명사,5,일반어,신규_어휘_후보,,0,False
구경감,0,명사,5,일반어,신규_어휘_후보,,0,False
구공탄,0,명사,5,일반어/일반어,신규_어휘_후보,,0,False
구관,4,명사,5,일반어,신규_어휘_후보,,0,False
구관조,0,명사,5,전문어(동물),신규_어휘_후보,,0,False
구교,6,명사,5,전문어(기독교),신규_어휘_후보,,0,False
구구,1,부사/감탄사,5,일반어/일반어,신규_어휘_후보,,0,False
구구,2,명사,5,전문어(수학)/전문어(수학),신규_어휘_후보,,0,False
구구절절하다,0,형용사,5,일반어,신규_어휘_후보,,0,False
구구표,0,명사,5,전문어(수학),신규_어휘_후보,,0,False
구국,2,명사,5,일반어,신규_어휘_후보,,0,False
구금,5,명사,5,전문어(법률),신규_어휘_후보,,0,False
구급상자,0,명사,5,일반어,신규_어휘_후보,,0,False
구급약,0,명사,5,일반어,신규_어휘_후보,,0,False
구급약품,0,명사,5,일반어,신규_어휘_후보,,0,False
구기,10,명사,5,전문어(체육),신규_어휘_후보,,0,False
구김,0,명사,5,일반어/일반어/일반어,신규_어휘_후보,,0,False
구김새,0,명사,5,일반어/일반어/일반어,신규_어휘_후보,,0,False
구깃구깃,0,부사,5,일반어,신규_어휘_후보,,0,False
구내,4,명사,5,일반어,신규_어휘_후보,,0,False
구내염,0,명사,5,전문어(의학),신규_어휘_후보,,0,False
구닥다리,0,명사,5,일반어,신규_어휘_후보,,0,False
구대륙,0,명사,5,전문어(지명),신규_어휘_후보,,0,False
구도자,0,명사,5,일반어/전문어(기독교)/전문어(불교),신규_어휘_후보,,0,False
구독자,0,명사,5,일반어,신규_어휘_후보,,0,False
구독하다,0,동사,5,일반어,신규_어휘_후보,,0,False
구동하다,0,동사,5,일반어,신규_어휘_후보,,0,False
구두,4,명사,5,일반어,신규_어휘_후보,,0,True
구두닦이,0,명사,5,일반어,신규_어휘_후보,,0,False
구두약,0,명사,5,일반어,신규_어휘_후보,,0,False
구두점,0,명사,5,전문어(언어),신규_어휘_후보,,0,False
구두창,0,명사,5,일반어,신규_어휘_후보,,0,False
구둣방,0,명사,5,일반어,신규_어휘_후보,,0,False
구둣솔,0,명사,5,일반어,신규_어휘_후보,,0,False
구들장,0,명사,5,일반어,신규_어휘_후보,,0,False
구렁,0,명사,5,일반어/일반어,신규_어휘_후보,,0,False
구렁텅이,0,명사,5,일반어/일반어,신규_어휘_후보,,0,False
구레나룻,0,명사,5,일반어,신규_어휘_후보,,0,False
구류,4,명사,5,전문어(법률),신규_어휘_후보,,0,False
구릉,0,명사,5,일반어,신규_어휘_후보,,0,False
구릉지,0,명사,5,전문어(지리),신규_어휘_후보,,0,False
구리줄,0,명사,5,일반어,신규_어휘_후보,,0,False
구리판,0,명사,5,전문어(매체),신규_어휘_후보,,0,False
구매자,0,명사,5,전문어(경제),신규_어휘_후보,,0,False
구면,4,명사,5,일반어,신규_어휘_후보,,0,False
구명,3,명사,5,일반어,신규_어휘_후보,,0,True
구명,5,명사,5,일반어,신규_어휘_후보,,0,True
구명대,0,명사,5,일반어,신규_어휘_후보,,0,False
구명보트,0,명사,5,일반어,신규_어휘_후보,,0,False
구명정,0,명사,5,일반어,신규_어휘_후보,,0,False
구문,10,명사,5,일반어/전문어(정보·통신),신규_어휘_후보,,0,False
구물구물,0,부사,5,일반어/일반어/일반어,신규_어휘_후보,,0,False
구미,1,명사,5,일반어,신규_어휘_후보,,0,True
구미,4,명사,5,일반어/일반어,신규_어휘_후보,,0,True
구미호,0,명사,5,일반어/일반어,신규_어휘_후보,,0,False
구보,6,명사,5,일반어,신규_어휘_후보,,0,False
구부정히,0,부사,5,일반어,신규_어휘_후보,,0,False
구비되다,0,동사,5,일반어,신규_어휘_후보,,0,False
구비하다,0,동사,5,일반어,신규_어휘_후보,,0,False
구사일생,0,명사,5,일반어,신규_어휘_후보,,0,False
구사하다,5,동사,5,일반어/일반어,신규_어휘_후보,,0,False
구상도,0,명사,5,일반어/일반어/일반어,신규_어휘_후보,,0,False
구색,4,명사,5,일반어,신규_어휘_후보,,0,False
구설수,0,명사,5,일반어,신규_어휘_후보,,0,False
구성단위,0,명사,5,일반어,신규_어휘_후보,,0,False
구성비,0,명사,5,전문어(사회 일반),신규_어휘_후보,,0,False
구성적,0,명사/관형사,5,전문어(인문 일반),신규_어휘_후보,,0,False
구성지다,0,형용사,5,일반어,신규_어휘_후보,,0,False
구세군,0,명사,5,전문어(기독교),신규_어휘_후보,,0,False
구세대,0,명사,5,일반어,신규_어휘_후보,,0,False
구세주,0,명사,5,일반어/일반어/전문어(기독교)/전문어(기독교)/전문어(불교),신규_어휘_후보,,0,False
구소련,0,명사,5,일반어,신규_어휘_후보,,0,False
구술,2,명사,5,일반어,신규_어휘_후보,,0,False
구슬리다,0,동사,5,일반어/일반어,신규_어휘_후보,,0,False
구슬피,0,부사,5,일반어,신규_어휘_후보,,0,False
구습,2,명사,5,일반어,신규_어휘_후보,,0,False
구시대,0,명사,5,일반어,신규_어휘_후보,,0,False
구시렁거리다,0,동사,5,일반어,신규_어휘_후보,,0,False
구심력,0,명사,5,전문어(전기·전자),신규_어휘_후보,,0,False
구약,4,명사,5,일반어/전문어(기독교)/전문어(기독교),신규_어휘_후보,,0,False
구어,1,명사,5,전문어(언어)/전문어(언어),신규_어휘_후보,,0,False
구어체,0,명사,5,전문어(언어),신규_어휘_후보,,0,False
구역질하다,0,동사,5,일반어,신규_어휘_후보,,0,False
구연산,0,명사,5,전문어(화학),신규_어휘_후보,,0,False
구운몽,0,명사,5,전문어(문학),신규_어휘_후보,,0,False
구원자,0,명사,5,일반어,신규_어휘_후보,,0,False
구유,1,명사,5,일반어,신규_어휘_후보,,0,False
구음,4,명사,5,전문어(언어)/전문어(음악),신규_어휘_후보,,0,False
구인,3,명사,5,일반어,신규_어휘_후보,,0,False
구인란,0,명사,5,일반어,신규_어휘_후보,,0,False
구저분하다,0,형용사,5,일반어,신규_어휘_후보,,0,False
구전되다,0,동사,5,일반어,신규_어휘_후보,,0,False
구절판,0,명사,5,일반어/일반어,신규_어휘_후보,,0,False
구정,6,명사,5,일반어/일반어,신규_어휘_후보,,0,False
구제,1,명사,5,일반어,신규_어휘_후보,,0,True
구제,6,명사,5,일반어,신규_어휘_후보,,0,True
구제역,0,명사,5,전문어(수의),신규_어휘_후보,,0,False
구제하다,2,동사,5,일반어,신규_어휘_후보,,0,True
구좌,1,명사,5,전문어(경제),신규_어휘_후보,,0,False
구주,6,명사,5,전문어(기독교)/전문어(기독교),신규_어휘_후보,,0,False
구증,1,명사,5,일반어,신규_어휘_후보,,0,False
구직,2,명사,5,일반어,신규_어휘_후보,,0,False
구질구질,0,부사,5,일반어/일반어,신규_어휘_후보,,0,False
구차히,0,부사,5,일반어/일반어,신규_어휘_후보,,0,False
구체적,0,명사/관형사,5,일반어/일반어/일반어/일반어,신규_어휘_후보,,0,False
구체화,0,명사,5,일반어/일반어,신규_어휘_후보,,0,False
구체화되다,0,동사,5,일반어/일반어,신규_어휘_후보,,0,False
구축,4,명사,5,일반어,동형이의_품사_확인_필요,SR_L5CORE_4846,1,True
구축하다,1,동사,5,일반어/일반어,신규_어휘_후보,,0,False
구충제,2,명사,5,전문어(약학)/전문어(약학),신규_어휘_후보,,0,False
구치소,0,명사,5,전문어(법률),신규_어휘_후보,,0,False
구타,0,명사,5,일반어,신규_어휘_후보,,0,False
구타하다,0,동사,5,일반어,신규_어휘_후보,,0,False
구태여,0,부사,5,일반어,신규_어휘_후보,,0,False
구태의연하다,0,형용사,5,일반어,신규_어휘_후보,,0,False
구포,1,명사,5,전문어(군사),신규_어휘_후보,,0,False
구한말,0,명사,5,전문어(역사),신규_어휘_후보,,0,False
구형,3,명사,5,일반어,신규_어휘_후보,,0,True
구형,6,명사,5,일반어,신규_어휘_후보,,0,True
구호품,0,명사,5,일반어,신규_어휘_후보,,0,False
구호하다,0,동사,5,일반어/일반어,신규_어휘_후보,,0,False
구혼,0,명사,5,일반어/일반어,신규_어휘_후보,,0,False
구혼하다,0,동사,5,일반어/일반어,신규_어휘_후보,,0,False
국,2,명사,5,일반어,신규_어휘_후보,,0,True
국가관,0,명사,5,일반어,신규_어휘_후보,,0,False
국거리,0,명사,5,일반어/일반어,신규_어휘_후보,,0,False
국고,0,명사,5,전문어(경제)/전문어(행정)/전문어(역사),신규_어휘_후보,,0,False
국교,1,명사,5,일반어,신규_어휘_후보,,0,True
국교,2,명사,5,일반어,신규_어휘_후보,,0,True
국기,2,명사,5,일반어,신규_어휘_후보,,0,True
국난,0,명사,5,일반어,신규_어휘_후보,,0,False
국내법,0,명사,5,전문어(법률),신규_어휘_후보,,0,False
국내성,0,명사,5,전문어(역사),신규_어휘_후보,,0,False
국내적,0,명사/관형사,5,일반어/일반어,신규_어휘_후보,,0,False
국론,0,명사,5,일반어,신규_어휘_후보,,0,False
국립묘지,0,명사,5,일반어,신규_어휘_후보,,0,False
국말이,0,명사,5,일반어,신규_어휘_후보,,0,False
국면,0,명사,5,일반어/전문어(체육),기존_콘텐츠와_연결_후보,SR_L5CORE_4848,1,False
국명,1,명사,5,일반어,신규_어휘_후보,,0,False
국모,1,명사,5,일반어,신규_어휘_후보,,0,False
국문,1,명사,5,일반어,신규_어휘_후보,,0,False
국문학,0,명사,5,전문어(문학)/전문어(문학),신규_어휘_후보,,0,False
국민가요,0,명사,5,전문어(음악),신규_어휘_후보,,0,False
국민복,0,명사,5,일반어,신규_어휘_후보,,0,False
국민연금,0,명사,5,전문어(복지),신규_어휘_후보,,0,False
국민적,0,명사/관형사,5,일반어/일반어,신규_어휘_후보,,0,False
국민차,0,명사,5,일반어,신규_어휘_후보,,0,False
국민학생,0,명사,5,일반어,신규_어휘_후보,,0,False
국방력,0,명사,5,일반어,신규_어휘_후보,,0,False
국방상,0,명사,5,전문어(행정),신규_어휘_후보,,0,False
국방색,0,명사,5,일반어,신규_어휘_후보,,0,False
국부,2,명사,5,일반어/일반어,신규_어휘_후보,,0,False
국비,0,명사,5,일반어,신규_어휘_후보,,0,False
국빈,0,명사,5,일반어/전문어(역사),신규_어휘_후보,,0,False
국사,5,명사,5,일반어,신규_어휘_후보,,0,True
국사,9,명사,5,전문어(역사)/전문어(역사),신규_어휘_후보,,0,True
국새,0,명사,5,일반어/전문어(역사),신규_어휘_후보,,0,False
국세,2,명사,5,전문어(법률),신규_어휘_후보,,0,False
국수주의,0,명사,5,전문어(사회 일반),신규_어휘_후보,,0,False
국시,0,명사,5,일반어,신규_어휘_후보,,0,False
국운,0,명사,5,일반어,신규_어휘_후보,,0,False
국유,0,명사,5,일반어,신규_어휘_후보,,0,False
국유지,0,명사,5,일반어,신규_어휘_후보,,0,False
국익,0,명사,5,일반어,신규_어휘_후보,,0,False
국장,3,명사,5,일반어/전문어(역사),신규_어휘_후보,,0,True
국정,2,명사,5,일반어,신규_어휘_후보,,0,True
국제법,0,명사,5,전문어(법률),신규_어휘_후보,,0,False
국제선,0,명사,5,일반어,신규_어휘_후보,,0,False
국제적,0,명사/관형사,5,일반어/일반어,신규_어휘_후보,,0,False
국제화,0,명사,5,일반어,신규_어휘_후보,,0,False
국지전,0,명사,5,전문어(군사),신규_어휘_후보,,0,False
국채,0,명사,5,일반어/전문어(경제),신규_어휘_후보,,0,False
국책,2,명사,5,일반어,신규_어휘_후보,,0,False
국치일,0,명사,5,일반어,신규_어휘_후보,,0,False
국토방위,0,명사,5,일반어,신규_어휘_후보,,0,False
국토애,0,명사,5,일반어,신규_어휘_후보,,0,False
국학,2,명사,5,전문어(역사)/전문어(역사)/전문어(역사)/전문어(역사),신규_어휘_후보,,0,False
국한되다,0,동사,5,일반어,신규_어휘_후보,,0,False
국한문,0,명사,5,일반어/일반어,신규_어휘_후보,,0,False
국한하다,0,동사,5,일반어,신규_어휘_후보,,0,False
국화빵,0,명사,5,일반어/일반어,신규_어휘_후보,,0,False
국화전,2,명사,5,일반어,신규_어휘_후보,,0,False
군,6,명사,5,일반어/전문어(행정)/일반어/전문어(역사)/전문어(역사)/전문어(역사),신규_어휘_후보,,0,True
군계,4,명사,5,일반어,신규_어휘_후보,,0,False
군계일학,0,명사,5,일반어,신규_어휘_후보,,0,False
군관,0,명사,5,전문어(역사),신규_어휘_후보,,0,False
군내,1,명사,5,일반어,신규_어휘_후보,,0,True
군내,2,명사,5,일반어,신규_어휘_후보,,0,True
군도,6,명사,5,일반어,신규_어휘_후보,,0,False
군량,0,명사,5,일반어,신규_어휘_후보,,0,False
군량미,0,명사,5,일반어,신규_어휘_후보,,0,False
군림하다,0,동사,5,일반어/일반어,신규_어휘_후보,,0,False
군말,0,명사,5,일반어,신규_어휘_후보,,0,False
군목,3,명사,5,전문어(군사),신규_어휘_후보,,0,False
군무원,0,명사,5,전문어(군사),신규_어휘_후보,,0,False
군민,2,명사,5,일반어,신규_어휘_후보,,0,True
군번,0,명사,5,전문어(군사)/일반어,신규_어휘_후보,,0,False
군법,0,명사,5,전문어(군사),신규_어휘_후보,,0,False
군부,6,명사,5,전문어(군사)/전문어(역사)/전문어(역사),신규_어휘_후보,,0,False
군비,1,명사,5,일반어,신규_어휘_후보,,0,True
군비,2,명사,5,일반어,신규_어휘_후보,,0,True
군사학,0,명사,5,전문어(군사)/전문어(군사),신규_어휘_후보,,0,False
군산,2,명사,5,전문어(지명),신규_어휘_후보,,0,False
군살,0,명사,5,일반어/일반어,신규_어휘_후보,,0,False
군색스럽다,0,형용사,5,일반어/일반어,신규_어휘_후보,,0,False
군색하다,0,형용사,5,일반어/일반어,신규_어휘_후보,,0,False
군세,1,명사,5,일반어/일반어,신규_어휘_후보,,0,False
군소리하다,0,동사,5,일반어/일반어/일반어,신규_어휘_후보,,0,False
군신,1,명사,5,일반어,신규_어휘_후보,,0,False
군신유의,0,명사,5,일반어,신규_어휘_후보,,0,False
군심,0,명사,5,일반어/전문어(심리),신규_어휘_후보,,0,False
군악,0,명사,5,전문어(음악)/전문어(음악),신규_어휘_후보,,0,False
군악대,0,명사,5,일반어,신규_어휘_후보,,0,False
군악대원,0,명사,5,일반어,신규_어휘_후보,,0,False
군악대장,0,명사,5,일반어,신규_어휘_후보,,0,False
군용기,0,명사,5,전문어(군사),신규_어휘_후보,,0,False
군용지,0,명사,5,일반어,신규_어휘_후보,,0,False
군용차,0,명사,5,전문어(군사),신규_어휘_후보,,0,False
군장,6,명사,5,일반어/일반어,신규_어휘_후보,,0,False
군정,2,명사,5,전문어(역사)/전문어(정치)/전문어(정치),신규_어휘_후보,,0,True
군정,3,명사,5,일반어,신규_어휘_후보,,0,True
군주,1,명사,5,일반어,신규_어휘_후보,,0,False
군주국,0,명사,5,전문어(정치),신규_어휘_후보,,0,False
군주제,0,명사,5,전문어(정치),신규_어휘_후보,,0,False
군청색,0,명사,5,일반어,신규_어휘_후보,,0,False
군축,0,명사,5,전문어(군사),신규_어휘_후보,,0,False
군항,0,명사,5,전문어(군사),신규_어휘_후보,,0,False
군현,1,명사,5,전문어(역사)/전문어(역사),신규_어휘_후보,,0,False
군화,1,명사,5,일반어,신규_어휘_후보,,0,False
굳히기,0,명사,5,전문어(체육)/전문어(체육),신규_어휘_후보,,0,False
굴곡,0,명사,5,일반어/일반어/전문어(언어),신규_어휘_후보,,0,False
굴곡지다,0,형용사,5,일반어/일반어,신규_어휘_후보,,0,False
굴깍두기,0,명사,5,일반어,신규_어휘_후보,,0,False
굴다리,0,명사,5,일반어,신규_어휘_후보,,0,False
굴뚝같다,0,형용사,5,일반어,신규_어휘_후보,,0,False
굴뚝같이,0,부사,5,일반어,신규_어휘_후보,,0,False
굴러떨어지다,0,동사,5,일반어/일반어/일반어,신규_어휘_후보,,0,False
굴복,2,명사,5,일반어,신규_어휘_후보,,0,False
굴삭기,0,명사,5,일반어,신규_어휘_후보,,0,False
굴전,0,명사,5,일반어,신규_어휘_후보,,0,False
굴절하다,1,동사,5,일반어/일반어/전문어(물리),신규_어휘_후보,,0,False
굴젓,0,명사,5,일반어/일반어,신규_어휘_후보,,0,False
굴죽,0,명사,5,일반어,신규_어휘_후보,,0,False
굴지,2,명사,5,일반어/일반어,신규_어휘_후보,,0,False
굴착,0,명사,5,일반어,신규_어휘_후보,,0,False
굴착기,0,명사,5,일반어/일반어,신규_어휘_후보,,0,False
굴참나무,0,명사,5,전문어(식물),신규_어휘_후보,,0,False
굵직굵직하다,0,형용사,5,일반어/일반어/일반어/일반어/일반어/일반어/일반어,신규_어휘_후보,,0,False
굼뜨다,0,형용사,5,일반어,신규_어휘_후보,,0,False
굽신거리다,0,동사,5,일반어/일반어,신규_어휘_후보,,0,False
굽실거리다,0,동사,5,일반어/일반어,신규_어휘_후보,,0,False
굿거리,1,명사,5,전문어(민속),신규_어휘_후보,,0,False
굿거리장단,0,명사,5,전문어(예체능 일반),신규_어휘_후보,,0,False
굿터,0,명사,5,일반어,신규_어휘_후보,,0,False
굿패,0,명사,5,일반어/일반어,신규_어휘_후보,,0,False
궁구하다,0,동사,5,일반어,신규_어휘_후보,,0,False
궁금히,0,부사,5,일반어,신규_어휘_후보,,0,False
궁도,1,명사,5,일반어/일반어/일반어,신규_어휘_후보,,0,False
궁리궁리,0,명사,5,일반어,신규_어휘_후보,,0,False
궁리궁리하다,0,동사,5,일반어,신규_어휘_후보,,0,False
궁사,1,명사,5,일반어/일반어,신규_어휘_후보,,0,False
궁색,2,명사,5,일반어,신규_어휘_후보,,0,False
궁색스럽다,0,형용사,5,일반어,신규_어휘_후보,,0,False
궁색하다,0,형용사,5,일반어/일반어,신규_어휘_후보,,0,False
궁성,1,명사,5,일반어/일반어,신규_어휘_후보,,0,False
궁여지책,0,명사,5,일반어,신규_어휘_후보,,0,False
궁정,3,명사,5,일반어,신규_어휘_후보,,0,False
궁터,2,명사,5,일반어,신규_어휘_후보,,0,False
궁핍,0,명사,5,일반어,신규_어휘_후보,,0,False
궁핍하다,0,형용사,5,일반어,신규_어휘_후보,,0,False
궁하다,0,형용사,5,일반어/일반어/일반어,신규_어휘_후보,,0,False
권,2,명사,5,일반어,신규_어휘_후보,,0,False
권고,3,명사,5,일반어,신규_어휘_후보,,0,False
권능,0,명사,5,일반어/전문어(법률),신규_어휘_후보,,0,False
권리금,0,명사,5,전문어(법률),신규_어휘_후보,,0,False
권모술수,0,명사,5,일반어,신규_어휘_후보,,0,False
권문세족,0,명사,5,일반어,신규_어휘_후보,,0,False
권사,1,명사,5,전문어(기독교),신규_어휘_후보,,0,False
권선징악,0,명사,5,일반어,신규_어휘_후보,,0,False
권수,2,명사,5,일반어/전문어(불교),신규_어휘_후보,,0,False
권위주의,0,명사,5,일반어,신규_어휘_후보,,0,False
권태,1,명사,5,일반어,신규_어휘_후보,,0,False
권태기,0,명사,5,일반어,신규_어휘_후보,,0,False
권토중래,0,명사,5,일반어/일반어,신규_어휘_후보,,0,False
궐,2,명사,5,일반어,신규_어휘_후보,,0,False
궐기,2,명사,5,일반어/일반어,신규_어휘_후보,,0,False
궐기하다,0,동사,5,일반어/일반어,신규_어휘_후보,,0,False
궐련,0,명사,5,일반어/일반어,신규_어휘_후보,,0,False
궐문,2,명사,5,일반어,신규_어휘_후보,,0,False
궤도,2,명사,5,일반어/일반어/전문어(교통)/전문어(천문),신규_어휘_후보,,0,False
궤도차,0,명사,5,일반어,신규_어휘_후보,,0,False
궤변,0,명사,5,전문어(철학),신규_어휘_후보,,0,False
귀가하다,1,동사,5,일반어,신규_어휘_후보,,0,False
귀갓길,0,명사,5,일반어,신규_어휘_후보,,0,False
귀결,0,명사,5,일반어/전문어(철학),신규_어휘_후보,,0,False
귀경,3,명사,5,일반어,신규_어휘_후보,,0,False
귀공자,0,명사,5,일반어/일반어,신규_어휘_후보,,0,False
귀납,0,명사,5,전문어(철학),신규_어휘_후보,,0,False
귀납법,0,명사,5,전문어(철학),신규_어휘_후보,,0,False
귀납적,0,명사/관형사,5,전문어(철학),신규_어휘_후보,,0,False
귀동냥,0,명사,5,일반어,신규_어휘_후보,,0,False
귀띔,0,명사,5,일반어,신규_어휘_후보,,0,False
귀로,2,명사,5,일반어/전문어(전기·전자),신규_어휘_후보,,0,False
귀리,1,명사,5,전문어(식물),신규_어휘_후보,,0,False
귀먹다,0,동사,5,일반어/일반어/일반어,신규_어휘_후보,,0,False
귀밑머리,0,명사,5,일반어/일반어,신규_어휘_후보,,0,False
귀밝이술,0,명사,5,전문어(민속),신규_어휘_후보,,0,False
귀빈,0,명사,5,일반어,신규_어휘_후보,,0,False
귀빠지다,0,동사,5,일반어,신규_어휘_후보,,0,False
귀성,4,명사,5,일반어,신규_어휘_후보,,0,False
귀소,2,명사,5,일반어,신규_어휘_후보,,0,False
귀속,2,명사,5,일반어/일반어,신규_어휘_후보,,0,False
귀순자,0,명사,5,일반어,신규_어휘_후보,,0,False
귀신불,0,명사,5,일반어,신규_어휘_후보,,0,False
귀얄,0,명사,5,일반어,신규_어휘_후보,,0,False
귀염,0,명사,5,일반어/일반어,신규_어휘_후보,,0,False
귀울림,0,명사,5,전문어(의학),신규_어휘_후보,,0,False
귀의,2,명사,5,일반어/전문어(불교)/전문어(종교 일반),신규_어휘_후보,,0,False
귀의하다,0,동사,5,일반어/전문어(불교)/전문어(종교 일반),신규_어휘_후보,,0,False
귀인,1,명사,5,일반어/전문어(역사),신규_어휘_후보,,0,False
귀재,1,명사,5,일반어,신규_어휘_후보,,0,False
귀중품,0,명사,5,일반어,신규_어휘_후보,,0,False
귀중히,0,부사,5,일반어,신규_어휘_후보,,0,False
귀천,2,명사,5,일반어/일반어,신규_어휘_후보,,0,False
귀틀집,0,명사,5,전문어(건설)/일반어,신규_어휘_후보,,0,False
귀항,3,명사,5,일반어,신규_어휘_후보,,0,False
귀화,4,명사,5,일반어/전문어(법률)/전문어(생명),신규_어휘_후보,,0,False
귀환하다,0,동사,5,일반어,신규_어휘_후보,,0,False
귓불,1,명사,5,일반어,신규_어휘_후보,,0,False
규격품,0,명사,5,일반어,신규_어휘_후보,,0,False
규명,0,명사,5,일반어,신규_어휘_후보,,0,False
규명하다,0,동사,5,일반어,신규_어휘_후보,,0,False
규수,2,명사,5,일반어/일반어,신규_어휘_후보,,0,False
규약,0,명사,5,일반어,신규_어휘_후보,,0,False
규장각,0,명사,5,전문어(역사),신규_어휘_후보,,0,False
규정되다,0,동사,5,일반어/전문어(법률)/일반어,신규_어휘_후보,,0,False
규제하다,0,동사,5,일반어/일반어,신규_어휘_후보,,0,False
규중,0,명사,5,일반어,신규_어휘_후보,,0,False
규탄,0,명사,5,일반어,신규_어휘_후보,,0,False
규탄하다,0,동사,5,일반어,신규_어휘_후보,,0,False
균등,0,명사,5,일반어/전문어(철학),신규_어휘_후보,,0,False
균류,0,명사,5,전문어(생명),신규_어휘_후보,,0,False
균사,0,명사,5,전문어(생명),신규_어휘_후보,,0,False
균역법,0,명사,5,전문어(역사),신규_어휘_후보,,0,False
균일,0,명사,5,일반어,신규_어휘_후보,,0,False
균일가,0,명사,5,일반어,신규_어휘_후보,,0,False
균일하다,0,형용사,5,일반어,신규_어휘_후보,,0,False
균형미,0,명사,5,일반어,신규_어휘_후보,,0,False
귤나무,0,명사,5,전문어(식물)/전문어(식물),신규_어휘_후보,,0,False
그넷줄,0,명사,5,일반어,신규_어휘_후보,,0,False
그러그러하다,0,형용사,5,일반어/일반어,신규_어휘_후보,,0,False
그러안다,0,동사,5,일반어/일반어/일반어,신규_어휘_후보,,0,False
그러쥐다,0,동사,5,일반어/일반어/일반어,신규_어휘_후보,,0,False
그런,2,감탄사,5,일반어,신규_어휘_후보,,0,False
그런저런,0,관형사,5,일반어,신규_어휘_후보,,0,False
그럼직하다,0,형용사,5,일반어,신규_어휘_후보,,0,False
그렁거리다,0,동사,5,일반어,신규_어휘_후보,,0,False
그룹사운드,0,명사,5,전문어(음악),신규_어휘_후보,,0,False
그르렁거리다,0,동사,5,일반어,신규_어휘_후보,,0,False
그릇,2,부사,5,일반어/일반어/일반어,신규_어휘_후보,,0,False
그릇장,0,명사,5,일반어,신규_어휘_후보,,0,False
그리스,2,명사,5,전문어(지명),신규_어휘_후보,,0,False
그리스도,0,명사,5,전문어(기독교),신규_어휘_후보,,0,False
그리스도교,0,명사,5,전문어(기독교),신규_어휘_후보,,0,False
그린벨트,0,명사,5,전문어(법률),신규_어휘_후보,,0,False
그린피스,2,명사,5,전문어(고유명 일반),신규_어휘_후보,,0,False
그릴,0,명사,5,일반어/일반어/일반어,신규_어휘_후보,,0,False
그림그래프,0,명사,5,전문어(수학),신규_어휘_후보,,0,False
그림씨,0,명사,5,전문어(언어),신규_어휘_후보,,0,False
그림지도,0,명사,5,일반어,신규_어휘_후보,,0,False
그만그만하다,0,형용사,5,일반어/일반어,신규_어휘_후보,,0,False
그만저만,0,부사,5,일반어,신규_어휘_후보,,0,False
그믐,0,명사,5,일반어,신규_어휘_후보,,0,False
그믐밤,0,명사,5,일반어,신규_어휘_후보,,0,False
그슬리다,1,동사,5,일반어,신규_어휘_후보,,0,False
그윽이,0,부사,5,일반어/일반어/일반어,신규_어휘_후보,,0,False
극,4,명사,5,전문어(문학)/일반어,신규_어휘_후보,,0,True
극기,1,명사,5,일반어,신규_어휘_후보,,0,False
극단,1,명사,5,일반어/일반어/일반어,동형이의_품사_확인_필요,SR_L6CORE_4986,1,True
극대,1,명사,5,일반어/전문어(수학),기존_콘텐츠와_연결_후보,SR_L6CORE_4987,1,False
극대화,0,명사,5,일반어,신규_어휘_후보,,0,False
극동,1,명사,5,일반어/전문어(지명),신규_어휘_후보,,0,False
극락정토,0,명사,5,전문어(불교),신규_어휘_후보,,0,False
극렬,0,명사,5,일반어,신규_어휘_후보,,0,False
극렬하다,0,형용사,5,일반어,신규_어휘_후보,,0,False
극명하다,0,동사/형용사,5,일반어/일반어,신규_어휘_후보,,0,False
극빈,0,명사,5,일반어,신규_어휘_후보,,0,False
극빈자,0,명사,5,일반어,신규_어휘_후보,,0,False
극성맞다,0,형용사,5,일반어,신규_어휘_후보,,0,False
극성스럽다,0,형용사,5,일반어,신규_어휘_후보,,0,False
극성스레,0,부사,5,일반어,신규_어휘_후보,,0,False
극성팬,0,명사,5,일반어,신규_어휘_후보,,0,False
극시,0,명사,5,전문어(문학)/전문어(문학),신규_어휘_후보,,0,False
극악무도하다,0,형용사,5,일반어,신규_어휘_후보,,0,False
극약,0,명사,5,전문어(약학)/일반어,신규_어휘_후보,,0,False
극음악,0,명사,5,전문어(예체능 일반),신규_어휘_후보,,0,False
극작가,0,명사,5,일반어,신규_어휘_후보,,0,False
극진하다,0,형용사,5,일반어,신규_어휘_후보,,0,False
극찬,0,명사,5,일반어,신규_어휘_후보,,0,False
극찬하다,0,동사,5,일반어,신규_어휘_후보,,0,False
극형,2,명사,5,일반어,신규_어휘_후보,,0,False
극화하다,0,동사,5,일반어,신규_어휘_후보,,0,False
근,4,명사,5,일반어/일반어/전문어(불교)/전문어(수학)/전문어(수학),신규_어휘_후보,,0,False
근간,2,명사,5,일반어,신규_어휘_후보,,0,True
근간,3,명사,5,일반어/일반어,신규_어휘_후보,,0,True
근거리,0,명사,5,일반어,신규_어휘_후보,,0,False
근근이,0,부사,5,일반어,신규_어휘_후보,,0,False
근년,0,명사,5,일반어,신규_어휘_후보,,0,False
근대,1,명사,5,전문어(식물),신규_어휘_후보,,0,True
근대사,0,명사,5,전문어(역사),신규_어휘_후보,,0,False
근대화하다,0,동사,5,일반어,신규_어휘_후보,,0,False
근동,2,명사,5,일반어,신규_어휘_후보,,0,False
근리하다,0,형용사,5,일반어,신규_어휘_후보,,0,False
근린공원,0,명사,5,일반어,신규_어휘_후보,,0,False
근무자,0,명사,5,일반어,신규_어휘_후보,,0,False
근무지,0,명사,5,일반어,신규_어휘_후보,,0,False
근무처,0,명사,5,일반어,신규_어휘_후보,,0,False
근본이념,0,명사,5,일반어,신규_어휘_후보,,0,False
근본정신,0,명사,5,일반어,신규_어휘_후보,,0,False
근성,2,명사,5,일반어/일반어,신규_어휘_후보,,0,False
근세,1,명사,5,일반어/전문어(역사),신규_어휘_후보,,0,False
근소하다,0,형용사,5,일반어,신규_어휘_후보,,0,False
근속,0,명사,5,일반어,신규_어휘_후보,,0,False
근신,5,명사,5,일반어/일반어,신규_어휘_후보,,0,False
근신하다,1,동사,5,일반어,신규_어휘_후보,,0,True
근신하다,4,동사,5,일반어/일반어,신규_어휘_후보,,0,True
근심스레,0,부사,5,일반어,신규_어휘_후보,,0,False
근왕병,0,명사,5,일반어,신규_어휘_후보,,0,False
근원적,0,명사/관형사,5,일반어/일반어,신규_어휘_후보,,0,False
근위대,0,명사,5,전문어(역사)/전문어(역사),신규_어휘_후보,,0,False
근위병,0,명사,5,전문어(역사)/전문어(역사),신규_어휘_후보,,0,False
근육질,0,명사,5,일반어/일반어,신규_어휘_후보,,0,False
근절하다,0,동사,5,일반어,신규_어휘_후보,,0,False
근접,1,명사,5,일반어,신규_어휘_후보,,0,False
근정전,0,명사,5,전문어(역사),신규_어휘_후보,,0,False
근조,0,명사,5,일반어,신규_어휘_후보,,0,False
근지구력,0,명사,5,일반어,신규_어휘_후보,,0,False
근지럽다,0,형용사,5,일반어/일반어,신규_어휘_후보,,0,False
근질거리다,0,동사,5,일반어/일반어,신규_어휘_후보,,0,False
근질근질,0,부사,5,일반어/일반어,신규_어휘_후보,,0,False
근친,1,명사,5,일반어/일반어/전문어(생명),신규_어휘_후보,,0,False
근하신년,0,명사,5,일반어,신규_어휘_후보,,0,False
근황,0,명사,5,일반어,신규_어휘_후보,,0,False
글공부하다,0,동사,5,일반어,신규_어휘_후보,,0,False
글리세롤,0,명사,5,전문어(생명),신규_어휘_후보,,0,False
글리세린,0,명사,5,전문어(생명),신규_어휘_후보,,0,False
글리코겐,0,명사,5,전문어(생명),신규_어휘_후보,,0,False
글말,0,명사,5,전문어(언어)/전문어(언어),신규_어휘_후보,,0,False
글머리,0,명사,5,일반어,신규_어휘_후보,,0,False
글썽,0,부사,5,일반어,신규_어휘_후보,,0,False
글월,0,명사,5,일반어/일반어/일반어,신규_어휘_후보,,0,False
글자꼴,0,명사,5,일반어,신규_어휘_후보,,0,False
글자판,0,명사,5,일반어,신규_어휘_후보,,0,False
글쟁이,0,명사,5,일반어,신규_어휘_후보,,0,False
글피,0,명사,5,일반어,신규_어휘_후보,,0,False
긁어놓다,0,동사,5,일반어,신규_어휘_후보,,0,False
긁어모으다,0,동사,5,일반어/일반어,신규_어휘_후보,,0,False
금가루,0,명사,5,일반어,신규_어휘_후보,,0,False
금강,3,명사,5,전문어(지명),신규_어휘_후보,,0,False
금괴,0,명사,5,일반어/전문어(경제),신규_어휘_후보,,0,False
금귤,0,명사,5,전문어(식물)/전문어(식물),신규_어휘_후보,,0,False
금기,5,명사,5,일반어/전문어(의학),신규_어휘_후보,,0,False
금나라,0,명사,5,전문어(역사),신규_어휘_후보,,0,False
금낭화,0,명사,5,전문어(식물),신규_어휘_후보,,0,False
금당,1,명사,5,전문어(불교)/일반어,신규_어휘_후보,,0,False
금동,3,명사,5,일반어,신규_어휘_후보,,0,False
금리,1,명사,5,전문어(경제),신규_어휘_후보,,0,False
금명간,0,명사,5,일반어,신규_어휘_후보,,0,False
금물,4,명사,5,일반어/전문어(법률),신규_어휘_후보,,0,False
금물결,0,명사,5,일반어/일반어,신규_어휘_후보,,0,False
금박,1,명사,5,일반어/전문어(한의),신규_어휘_후보,,0,False
금방금방,0,부사,5,일반어,신규_어휘_후보,,0,False
금번,0,명사,5,일반어,신규_어휘_후보,,0,False
금부,3,명사,5,전문어(역사),신규_어휘_후보,,0,False
금붙이,0,명사,5,일반어,신규_어휘_후보,,0,False
금산,5,명사,5,전문어(지명),신규_어휘_후보,,0,False
금상첨화,0,명사,5,일반어,신규_어휘_후보,,0,False
금세기,0,명사,5,일반어,신규_어휘_후보,,0,False
금속성,1,명사,5,일반어/일반어,신규_어휘_후보,,0,False
금속품,0,명사,5,일반어,신규_어휘_후보,,0,False
금송아지,0,명사,5,일반어,신규_어휘_후보,,0,False
금수,2,명사,5,일반어/일반어,신규_어휘_후보,,0,False
금시,1,명사,5,일반어,신규_어휘_후보,,0,False
금시초문,0,명사,5,일반어,신규_어휘_후보,,0,False
금식,2,명사,5,일반어,신규_어휘_후보,,0,False
금실,2,명사,5,일반어/일반어/일반어/전문어(건설),신규_어휘_후보,,0,True
금싸라기,0,명사,5,일반어/일반어,신규_어휘_후보,,0,False
금어초,0,명사,5,전문어(식물),신규_어휘_후보,,0,False
금언,1,명사,5,일반어/전문어(불교),신규_어휘_후보,,0,False
금와,0,명사,5,전문어(문학),신규_어휘_후보,,0,False
금욕,2,명사,5,일반어,신규_어휘_후보,,0,False
금융계,0,명사,5,일반어/전문어(경제),신규_어휘_후보,,0,False
금은,0,명사,5,일반어/일반어,신규_어휘_후보,,0,False
금의환향,0,명사,5,일반어,신규_어휘_후보,,0,False
금일,0,명사,5,일반어/일반어,신규_어휘_후보,,0,False
금일봉,0,명사,5,일반어,신규_어휘_후보,,0,False
금자동,0,명사,5,일반어,신규_어휘_후보,,0,False
금자탑,0,명사,5,일반어/일반어,신규_어휘_후보,,0,False
금잔화,0,명사,5,전문어(식물),신규_어휘_후보,,0,False
금제,1,명사,5,일반어,신규_어휘_후보,,0,False
금제품,1,명사,5,일반어,신규_어휘_후보,,0,False
금주,6,명사,5,일반어/일반어,신규_어휘_후보,,0,True
금줄,4,명사,5,전문어(민속),신규_어휘_후보,,0,False
금지옥엽,0,명사,5,일반어/일반어/일반어,신규_어휘_후보,,0,False
금쪽같다,0,형용사,5,일반어,신규_어휘_후보,,0,False
금테,0,명사,5,일반어,신규_어휘_후보,,0,False
금테두리,0,명사,5,일반어,신규_어휘_후보,,0,False
금품,0,명사,5,일반어,신규_어휘_후보,,0,False
금혼식,0,명사,5,일반어,신규_어휘_후보,,0,False
금후,0,명사,5,일반어,신규_어휘_후보,,0,False
급감,2,명사,5,일반어,신규_어휘_후보,,0,False
급구하다,1,동사,5,일반어,신규_어휘_후보,,0,False
급등,0,명사,5,일반어,신규_어휘_후보,,0,False
급락,2,명사,5,일반어,신규_어휘_후보,,0,False
급료,0,명사,5,일반어/전문어(역사),신규_어휘_후보,,0,False
급물살,0,명사,5,일반어,신규_어휘_후보,,0,False
급변,0,명사,5,일반어/일반어,신규_어휘_후보,,0,False
급사,1,명사,5,일반어/전문어(의학),신규_어휘_후보,,0,False
급상승,0,명사,5,일반어/일반어,신규_어휘_후보,,0,False
급소,1,명사,5,일반어/일반어,신규_어휘_후보,,0,False
급수,3,명사,5,일반어,신규_어휘_후보,,0,True
급수차,0,명사,5,일반어,신규_어휘_후보,,0,False
급수하다,2,동사,5,일반어,신규_어휘_후보,,0,False
급습하다,0,동사,5,일반어,신규_어휘_후보,,0,False
급식하다,0,동사,5,일반어,신규_어휘_후보,,0,False
급정차,0,명사,5,일반어,신규_어휘_후보,,0,False
급진적,0,명사/관형사,5,일반어/일반어/일반어/일반어,신규_어휘_후보,,0,False
급체,1,명사,5,일반어,신규_어휘_후보,,0,False
급파하다,0,동사,5,일반어,신규_어휘_후보,,0,False
급행열차,0,명사,5,일반어,신규_어휘_후보,,0,False
급훈,0,명사,5,일반어,신규_어휘_후보,,0,False
긋다,2,동사,5,일반어/일반어,신규_어휘_후보,,0,True
기,12,명사,5,일반어,신규_어휘_후보,,0,True
기각,4,명사,5,일반어/전문어(법률),기존_콘텐츠와_연결_후보,SR_L6CORE_4988,1,False
기간,1,명사,5,일반어,신규_어휘_후보,,0,True
기간산업,0,명사,5,전문어(산업 일반),신규_어휘_후보,,0,False
기강,0,명사,5,일반어,신규_어휘_후보,,0,False
기개,1,명사,5,일반어,신규_어휘_후보,,0,False
기거하다,2,동사,5,일반어/일반어/일반어,신규_어휘_후보,,0,False
기겁,0,명사,5,일반어,신규_어휘_후보,,0,False
기겁하다,0,동사,5,일반어,신규_어휘_후보,,0,False
기계제품,0,명사,5,일반어,신규_어휘_후보,,0,False
기고,7,명사,5,일반어,신규_어휘_후보,,0,False
기고하다,4,동사,5,일반어,신규_어휘_후보,,0,False
기골,3,명사,5,일반어/일반어,신규_어휘_후보,,0,False
기공,5,명사,5,전문어(식물),신규_어휘_후보,,0,True
기공,7,명사,5,일반어,신규_어휘_후보,,0,True
기공식,0,명사,5,일반어,신규_어휘_후보,,0,False
기공하다,2,동사,5,일반어,신규_어휘_후보,,0,False
기관,7,명사,5,전문어(동물)/전문어(생명),신규_어휘_후보,,0,True
기관실,1,명사,5,일반어/일반어,신규_어휘_후보,,0,True
기괴하다,0,형용사,5,일반어,신규_어휘_후보,,0,False
기교,1,명사,5,일반어,신규_어휘_후보,,0,False
기교적,0,명사/관형사,5,일반어/일반어/일반어/일반어,신규_어휘_후보,,0,False
기구,6,명사,5,일반어,신규_어휘_후보,,0,True
기구하다,1,동사,5,일반어,신규_어휘_후보,,0,False
기구하다,2,형용사,5,일반어/일반어,신규_어휘_후보,,0,False
기권하다,0,동사,5,일반어,신규_어휘_후보,,0,False
기근,3,명사,5,일반어/일반어,신규_어휘_후보,,0,False
기녀,1,명사,5,일반어/전문어(역사),신규_어휘_후보,,0,False
기념상품,0,명사,5,일반어,신규_어휘_후보,,0,False
기념식수,0,명사,5,일반어,신규_어휘_후보,,0,False
기념엽서,0,명사,5,일반어,신규_어휘_후보,,0,False
기념절,0,명사,5,일반어,신규_어휘_후보,,0,False
기념주화,0,명사,5,일반어,신규_어휘_후보,,0,False
기능공,0,명사,5,일반어/일반어,신규_어휘_후보,,0,False
기능사,0,명사,5,전문어(법률),신규_어휘_후보,,0,False
기능하다,0,동사,5,일반어,신규_어휘_후보,,0,False
기단,2,명사,5,전문어(지구),신규_어휘_후보,,0,True
기단,5,명사,5,전문어(건설),신규_어휘_후보,,0,True
기대치,0,명사,5,일반어/전문어(수학),신규_어휘_후보,,0,False
기도,5,명사,5,전문어(의학),신규_어휘_후보,,0,True
기독교회,0,명사,5,일반어/일반어,신규_어휘_후보,,0,False
기동,2,명사,5,일반어/일반어/일반어/일반어,신규_어휘_후보,,0,False
기동대,0,명사,5,전문어(군사)/전문어(행정),신규_어휘_후보,,0,False
기동력,2,명사,5,일반어/전문어(군사),신규_어휘_후보,,0,False
기득권,0,명사,5,전문어(법률),신규_어휘_후보,,0,False
기라성,0,명사,5,일반어,신규_어휘_후보,,0,False
기로,1,명사,5,일반어/일반어,신규_어휘_후보,,0,False
기록부,0,명사,5,일반어,신규_어휘_후보,,0,False
기록자,0,명사,5,일반어,신규_어휘_후보,,0,False
기록적,0,명사/관형사,5,일반어/일반어/일반어/일반어,신규_어휘_후보,,0,False
기뢰,0,명사,5,전문어(군사),신규_어휘_후보,,0,False
기름걸레,0,명사,5,일반어,신규_어휘_후보,,0,False
기름독,0,명사,5,일반어,신규_어휘_후보,,0,False
기름띠,0,명사,5,일반어,신규_어휘_후보,,0,False
기름보일러,0,명사,5,일반어,신규_어휘_후보,,0,False
기름집,0,명사,5,일반어,신규_어휘_후보,,0,False
기름투성이,0,명사,5,일반어,신규_어휘_후보,,0,False
기립,0,명사/감탄사,5,일반어/일반어,신규_어휘_후보,,0,False
기립하다,0,동사,5,일반어,신규_어휘_후보,,0,False
기마전,0,명사,5,일반어/전문어(체육),신규_어휘_후보,,0,False
기만,4,명사,5,일반어,신규_어휘_후보,,0,False
기만하다,0,동사,5,일반어,신규_어휘_후보,,0,False
기만행위,0,명사,5,일반어,신규_어휘_후보,,0,False
기물,6,명사,5,일반어,신규_어휘_후보,,0,False
기미,1,명사,5,일반어,신규_어휘_후보,,0,True
기민하다,0,형용사,5,일반어,신규_어휘_후보,,0,False
기밀,2,명사,5,일반어,신규_어휘_후보,,0,False
기반,1,명사,5,일반어,신규_어휘_후보,,0,False
기별하다,0,동사,5,일반어,신규_어휘_후보,,0,False
기병,7,명사,5,전문어(군사)/전문어(역사),신규_어휘_후보,,0,False
기병대,0,명사,5,전문어(군사),신규_어휘_후보,,0,False
기복,4,명사,5,일반어,신규_어휘_후보,,0,True
기복,5,명사,5,일반어/일반어/일반어,신규_어휘_후보,,0,True
기분파,0,명사,5,일반어,신규_어휘_후보,,0,False
기사,3,명사,5,일반어,신규_어휘_후보,,0,True
기사,15,명사,5,일반어,신규_어휘_후보,,0,True
기사도,0,명사,5,일반어,신규_어휘_후보,,0,False
기사문,0,명사,5,전문어(문학),신규_어휘_후보,,0,False
기사회생,0,명사,5,일반어,신규_어휘_후보,,0,False
기상대,0,명사,5,전문어(지구),신규_어휘_후보,,0,False
기생,2,명사,5,전문어(생명)/일반어,신규_어휘_후보,,0,True
기생하다,0,동사,5,전문어(생명)/일반어,신규_어휘_후보,,0,False
기선,6,명사,5,일반어,신규_어휘_후보,,0,True
기성,1,명사,5,일반어,신규_어휘_후보,,0,False
기성복,0,명사,5,일반어,신규_어휘_후보,,0,False
기성세대,0,명사,5,일반어,신규_어휘_후보,,0,False
기성회비,0,명사,5,전문어(교육)/전문어(교육),신규_어휘_후보,,0,False
기세등등,0,부사,5,일반어,신규_어휘_후보,,0,False
기소,3,명사,5,전문어(법률),신규_어휘_후보,,0,False
기수,25,명사,5,전문어(체육),신규_어휘_후보,,0,True
기숙생,0,명사,5,일반어,신규_어휘_후보,,0,False
기술,3,명사,5,일반어,신규_어휘_후보,,0,True
기술가,0,명사,5,일반어,신규_어휘_후보,,0,False
기술사,1,명사,5,전문어(법률),신규_어휘_후보,,0,False
기술하다,1,동사,5,일반어,신규_어휘_후보,,0,False
기습적,0,명사/관형사,5,일반어/일반어/일반어/일반어,신규_어휘_후보,,0,False
기암,1,명사,5,일반어,신규_어휘_후보,,0,False
기암괴석,0,명사,5,일반어,신규_어휘_후보,,0,False
기암절벽,0,명사,5,일반어,신규_어휘_후보,,0,False
기어,7,명사,5,일반어/전문어(기계),신규_어휘_후보,,0,False
기억하다,1,형용사,5,일반어,신규_어휘_후보,,0,False
기업주,0,명사,5,일반어,신규_어휘_후보,,0,False
기업체,0,명사,5,일반어,신규_어휘_후보,,0,False
기염,0,명사,5,일반어,신규_어휘_후보,,0,False
기예,2,명사,5,일반어,신규_어휘_후보,,0,False
기왓장,0,명사,5,일반어,신규_어휘_후보,,0,False
기왕,0,명사/부사,5,일반어/일반어,신규_어휘_후보,,0,False
기용,2,명사,5,일반어/일반어,신규_어휘_후보,,0,False
기용하다,2,동사,5,일반어/일반어,신규_어휘_후보,,0,False
기우,1,명사,5,일반어,신규_어휘_후보,,0,False
기웃하다,0,동사/형용사,5,일반어/일반어,신규_어휘_후보,,0,False
기원,4,명사,5,일반어/일반어/일반어,신규_어휘_후보,,0,True
기원하다,2,동사,5,일반어,신규_어휘_후보,,0,True
기원후,0,명사,5,일반어,신규_어휘_후보,,0,False
기인,2,명사,5,일반어,기존_콘텐츠와_연결_후보,SR_L6CORE_4989,1,False
기인하다,1,동사,5,일반어,신규_어휘_후보,,0,False
기일,2,명사,5,일반어/전문어(민속),신규_어휘_후보,,0,True
기입,0,명사,5,일반어,신규_어휘_후보,,0,False
기입장,0,명사,5,일반어,신규_어휘_후보,,0,False
기자재,0,명사,5,일반어,신규_어휘_후보,,0,False
기장,1,명사,5,일반어,신규_어휘_후보,,0,True
기장,2,명사,5,전문어(식물),신규_어휘_후보,,0,True
기재,3,명사,5,일반어,신규_어휘_후보,,0,False
기적적,0,명사/관형사,5,일반어/일반어,신규_어휘_후보,,0,False
기정사실,0,명사,5,일반어,신규_어휘_후보,,0,False
기제사,0,명사,5,일반어,신규_어휘_후보,,0,False
기지,12,명사,5,일반어,신규_어휘_후보,,0,True
기진맥진,0,명사,5,일반어,신규_어휘_후보,,0,False
기진하다,1,동사,5,일반어,신규_어휘_후보,,0,False
기질,2,명사,5,일반어/일반어/전문어(심리),신규_어휘_후보,,0,False
기차간,0,명사,5,일반어,신규_어휘_후보,,0,False
기차다,0,형용사,5,일반어/일반어,신규_어휘_후보,,0,False
기체,5,명사,5,일반어/일반어,신규_어휘_후보,,0,True
기초화장,0,명사,5,일반어,신규_어휘_후보,,0,False
기치,4,명사,5,일반어/일반어/일반어,신규_어휘_후보,,0,False
기침하다,1,동사,5,전문어(의학)/일반어,신규_어휘_후보,,0,False
기탁,0,명사,5,일반어/전문어(법률),신규_어휘_후보,,0,False
기탁금,0,명사,5,일반어,신규_어휘_후보,,0,False
기탁하다,0,동사,5,일반어/전문어(법률),신규_어휘_후보,,0,False
기탄없다,0,형용사,5,일반어,신규_어휘_후보,,0,False
기판,3,명사,5,전문어(전기·전자),신규_어휘_후보,,0,False
기폭,2,명사,5,일반어/일반어,신규_어휘_후보,,0,False
기표,2,명사,5,일반어,신규_어휘_후보,,0,False
기표소,0,명사,5,일반어,신규_어휘_후보,,0,False
기피하다,0,동사,5,일반어/전문어(법률),신규_어휘_후보,,0,False
기하,3,명사,5,일반어/전문어(수학),신규_어휘_후보,,0,False
기하다,1,동사,5,일반어,신규_어휘_후보,,0,True
기하다,5,동사,5,일반어/일반어,신규_어휘_후보,,0,True
기하학,0,명사,5,전문어(수학),신규_어휘_후보,,0,False
기행,1,명사,5,일반어,신규_어휘_후보,,0,True
기행,2,명사,5,일반어,신규_어휘_후보,,0,True
기형,3,명사,5,일반어/전문어(생명),신규_어휘_후보,,0,False
기호음료,0,명사,5,일반어,신규_어휘_후보,,0,False
기혼,2,명사,5,일반어,신규_어휘_후보,,0,False
기혼자,0,명사,5,일반어,신규_어휘_후보,,0,False
기화,6,명사,5,전문어(물리),신규_어휘_후보,,0,False
기회균등,0,명사,5,일반어/전문어(경제),신규_어휘_후보,,0,False
기회주의자,0,명사,5,일반어,신규_어휘_후보,,0,False
긴가민가하다,0,동사/형용사,5,일반어/일반어,신규_어휘_후보,,0,False
긴급히,0,부사,5,일반어,신규_어휘_후보,,0,False
긴말,0,명사,5,일반어,신규_어휘_후보,,0,False
긴밀히,0,부사,5,일반어,신규_어휘_후보,,0,False
긴소리,0,명사,5,일반어/전문어(언어)/전문어(불교),신규_어휘_후보,,0,False
긴요하다,0,형용사,5,일반어,신규_어휘_후보,,0,False
긴축,0,명사,5,일반어/일반어,신규_어휘_후보,,0,False
긴하다,0,형용사,5,일반어/일반어,신규_어휘_후보,,0,False
길,2,명사,5,일반어/일반어/일반어,신규_어휘_후보,,0,True
길길이,0,부사,5,일반어/일반어,신규_어휘_후보,,0,False
길녘,0,명사,5,일반어,신규_어휘_후보,,0,False
길놀이,0,명사,5,전문어(민속),신규_어휘_후보,,0,False
길눈,1,명사,5,일반어,신규_어휘_후보,,0,False
길들다,0,동사,5,일반어,신규_어휘_후보,,0,False
길몽,0,명사,5,일반어,신규_어휘_후보,,0,False
길섶,0,명사,5,일반어,신규_어휘_후보,,0,False
길일,0,명사,5,일반어/일반어,신규_어휘_후보,,0,False
길조,2,명사,5,일반어,신규_어휘_후보,,0,False
길짐승,0,명사,5,일반어,신규_어휘_후보,,0,False
길치,2,명사,5,일반어,신규_어휘_후보,,0,False
길하다,0,형용사,5,일반어,신규_어휘_후보,,0,False
길흉,0,명사,5,일반어,신규_어휘_후보,,0,False
길흉화복,0,명사,5,일반어,신규_어휘_후보,,0,False
김매기,0,명사,5,일반어,신규_어휘_후보,,0,False
김매다,0,동사,5,일반어,신규_어휘_후보,,0,False
김발,0,명사,5,일반어/일반어,신규_어휘_후보,,0,False
김장독,0,명사,5,일반어,신규_어휘_후보,,0,False
김칫독,0,명사,5,일반어,신규_어휘_후보,,0,False
깁,0,명사,5,일반어,신규_어휘_후보,,0,False
깃,1,명사,5,일반어/일반어/일반어,신규_어휘_후보,,0,True
까나리,0,명사,5,전문어(동물),신규_어휘_후보,,0,False
까놓다,0,동사,5,일반어,신규_어휘_후보,,0,False
까딱거리다,1,동사,5,일반어/일반어,신규_어휘_후보,,0,False
까딱없다,0,형용사,5,일반어,신규_어휘_후보,,0,False
까딱하면,0,부사,5,일반어,신규_어휘_후보,,0,False
까라지다,0,동사,5,일반어,신규_어휘_후보,,0,False
까막눈,0,명사,5,일반어/일반어/일반어,신규_어휘_후보,,0,False
까막눈이,0,명사,5,일반어,신규_어휘_후보,,0,False
까무룩,0,부사,5,일반어,신규_어휘_후보,,0,False
까무잡잡하다,0,형용사,5,일반어,신규_어휘_후보,,0,False
까물거리다,0,동사,5,일반어/일반어/일반어,신규_어휘_후보,,0,False
까발리다,0,동사,5,일반어/일반어,신규_어휘_후보,,0,False
까부라지다,1,동사,5,일반어/일반어,신규_어휘_후보,,0,False
까부르다,0,동사,5,일반어/일반어,신규_어휘_후보,,0,False
까부수다,0,동사,5,일반어,신규_어휘_후보,,0,False
까슬까슬하다,0,형용사,5,일반어/일반어,신규_어휘_후보,,0,False
까짓것,0,명사/감탄사,5,일반어/일반어,신규_어휘_후보,,0,False
까탈,0,명사,5,일반어/일반어,신규_어휘_후보,,0,False
깍둑깍둑,0,부사,5,일반어,신규_어휘_후보,,0,False
깍쟁이,0,명사,5,일반어/일반어,신규_어휘_후보,,0,False
깍지,1,명사,5,일반어,신규_어휘_후보,,0,True
깐깐히,0,부사,5,일반어/일반어,신규_어휘_후보,,0,False
깐족거리다,0,동사,5,일반어,신규_어휘_후보,,0,False
깐죽거리다,0,동사,5,일반어,신규_어휘_후보,,0,False
깐풍기,0,명사,5,일반어,신규_어휘_후보,,0,False
깔깔하다,1,동사,5,일반어,신규_어휘_후보,,0,False
깔아뭉개다,0,동사,5,일반어/일반어/일반어,신규_어휘_후보,,0,False
깜깜소식,0,명사,5,일반어,신규_어휘_후보,,0,False
깜부기,0,명사,5,전문어(농업)/일반어/일반어/일반어,신규_어휘_후보,,0,False
깜부기불,0,명사,5,일반어,신규_어휘_후보,,0,False
깜빡이,0,명사,5,일반어,신규_어휘_후보,,0,False
깜작,0,부사,5,일반어,신규_어휘_후보,,0,False
깜짝거리다,1,동사,5,일반어,신규_어휘_후보,,0,False
깜찍이,2,명사,5,일반어,신규_어휘_후보,,0,False
깝죽거리다,0,동사,5,일반어/일반어,신규_어휘_후보,,0,False
깡,1,명사,5,일반어,신규_어휘_후보,,0,False
깡다구,0,명사,5,일반어,신규_어휘_후보,,0,False
깡마르다,0,형용사,5,일반어/일반어,신규_어휘_후보,,0,False
깡패단,0,명사,5,일반어,신규_어휘_후보,,0,False
깨순이,0,명사,5,일반어,신규_어휘_후보,,0,False
깨알,0,명사,5,일반어,신규_어휘_후보,,0,False
깨엿,0,명사,5,일반어,신규_어휘_후보,,0,False
깻국,0,명사,5,일반어,신규_어휘_후보,,0,False
깻묵,0,명사,5,일반어,신규_어휘_후보,,0,False
깽깽,1,부사,5,일반어/일반어,신규_어휘_후보,,0,False
깽깽이,1,명사,5,일반어,신규_어휘_후보,,0,False
꺅꺅,0,부사,5,일반어,신규_어휘_후보,,0,False
꺼뜨리다,0,동사,5,일반어/일반어,신규_어휘_후보,,0,False
꺼벙하다,0,형용사,5,일반어/일반어,신규_어휘_후보,,0,False
꺼칠하다,0,형용사,5,일반어,신규_어휘_후보,,0,False
꺼풀,0,명사,5,일반어/일반어,신규_어휘_후보,,0,False
꺽꺽거리다,1,동사,5,일반어,신규_어휘_후보,,0,False
꺽꺽대다,1,동사,5,일반어,신규_어휘_후보,,0,False
꺽지,0,명사,5,전문어(동물),신규_어휘_후보,,0,False
꺾쇠,0,명사,5,전문어(건설),신규_어휘_후보,,0,False
꺾어지다,0,동사,5,일반어/일반어/일반어/일반어/일반어/일반어,신규_어휘_후보,,0,False
껄껄거리다,0,동사,5,일반어,신규_어휘_후보,,0,False
껄끄럽다,0,형용사,5,일반어/일반어/일반어,신규_어휘_후보,,0,False
껄렁하다,0,형용사,5,일반어/일반어,신규_어휘_후보,,0,False
껌껌하다,0,형용사,5,일반어/일반어,신규_어휘_후보,,0,False
껌벅,0,부사,5,일반어/일반어,신규_어휘_후보,,0,False
껌벅거리다,0,동사,5,일반어/일반어,신규_어휘_후보,,0,False
껌뻑,0,부사,5,일반어/일반어,신규_어휘_후보,,0,False
껌뻑거리다,0,동사,5,일반어/일반어,신규_어휘_후보,,0,False
껌뻑껌뻑,0,부사,5,일반어/일반어,신규_어휘_후보,,0,False
껌뻑껌뻑하다,0,동사,5,일반어/일반어,신규_어휘_후보,,0,False
껌팔이,0,명사,5,일반어,신규_어휘_후보,,0,False
껑청하다,0,형용사,5,일반어,신규_어휘_후보,,0,False
께름직하다,0,형용사,5,일반어,신규_어휘_후보,,0,False
껴입다,0,동사,5,일반어/일반어,신규_어휘_후보,,0,False
꼬까옷,0,명사,5,일반어,신규_어휘_후보,,0,False
꼬꼬,0,명사/부사,5,일반어/일반어,신규_어휘_후보,,0,False
꼬드기다,0,동사,5,일반어/일반어,신규_어휘_후보,,0,False
꼬들꼬들,0,부사,5,일반어,신규_어휘_후보,,0,False
꼬락서니,0,명사,5,일반어,신규_어휘_후보,,0,False
꼬리곰탕,0,명사,5,일반어,신규_어휘_후보,,0,False
꼬마전구,0,명사,5,일반어,신규_어휘_후보,,0,False
꼬이다,1,동사,5,일반어/일반어,신규_어휘_후보,,0,True
꼬장꼬장,0,부사,5,일반어/일반어/일반어,신규_어휘_후보,,0,False
꼬장꼬장하다,0,형용사,5,일반어/일반어/일반어,신규_어휘_후보,,0,False
꼬질꼬질,0,부사,5,일반어/일반어,신규_어휘_후보,,0,False
꼬치구이,0,명사,5,일반어,신규_어휘_후보,,0,False
꼭꼭,2,부사,5,일반어/일반어,신규_어휘_후보,,0,True
꼭두각시놀음,0,명사,5,전문어(연기)/일반어,신규_어휘_후보,,0,False
꼭두새벽,0,명사,5,일반어,신규_어휘_후보,,0,False
꼭지쇠,0,명사,5,전문어(전기·전자),신규_어휘_후보,,0,False
꼭지연,0,명사,5,일반어,신규_어휘_후보,,0,False
꼴,2,명사,5,일반어,신규_어휘_후보,,0,True
꼴등,0,명사,5,일반어,신규_어휘_후보,,0,False
꼴사납다,0,형용사,5,일반어,신규_어휘_후보,,0,False
꼼지락,0,부사,5,일반어,신규_어휘_후보,,0,False
꼼짝달싹,0,부사,5,일반어,신규_어휘_후보,,0,False
꼽추,0,명사,5,일반어,신규_어휘_후보,,0,False
꽁보리밥,0,명사,5,일반어,신규_어휘_후보,,0,False
꽁지깃,0,명사,5,일반어/일반어,신규_어휘_후보,,0,False
꽃가루받이,0,명사,5,전문어(식물),신규_어휘_후보,,0,False
꽃가지,0,명사,5,일반어,신규_어휘_후보,,0,False
꽃고무신,0,명사,5,일반어,신규_어휘_후보,,0,False
꽃구름,0,명사,5,일반어,신규_어휘_후보,,0,False
꽃꽂이하다,0,동사,5,일반어,신규_어휘_후보,,0,False
꽃묶음,0,명사,5,일반어,신규_어휘_후보,,0,False
꽃밥,0,명사,5,전문어(식물),신규_어휘_후보,,0,False
꽃방석,0,명사,5,일반어,신규_어휘_후보,,0,False
꽃부채,0,명사,5,일반어,신규_어휘_후보,,0,False
꽃분,0,명사,5,일반어,신규_어휘_후보,,0,False
꽃삽,0,명사,5,일반어,신규_어휘_후보,,0,False
꽃샘바람,0,명사,5,일반어,신규_어휘_후보,,0,False
꽃수,0,명사,5,일반어,신규_어휘_후보,,0,False
꽃식물,0,명사,5,전문어(식물),신규_어휘_후보,,0,False
꽃자루,0,명사,5,전문어(식물),신규_어휘_후보,,0,False
꽃전,0,명사,5,일반어/일반어,신규_어휘_후보,,0,False
꽃줄기,0,명사,5,전문어(식물),신규_어휘_후보,,0,False
꽃창포,0,명사,5,전문어(식물),신규_어휘_후보,,0,False
꽈르릉,0,부사,5,일반어,신규_어휘_후보,,0,False
꽈리,1,명사,5,전문어(식물)/전문어(한의),신규_어휘_후보,,0,False
꽝꽝,0,부사,5,일반어/일반어/일반어/일반어,신규_어휘_후보,,0,False
꾀다,1,동사,5,일반어/일반어,신규_어휘_후보,,0,True
꾀돌이,0,명사,5,일반어,신규_어휘_후보,,0,False
꾀보,0,명사,5,일반어,신규_어휘_후보,,0,False
꾐,0,명사,5,일반어/전문어(전기·전자),신규_어휘_후보,,0,False
꾸기다,0,동사,5,일반어/일반어/일반어,신규_어휘_후보,,0,False
꾸덕꾸덕,0,부사,5,일반어,신규_어휘_후보,,0,False
꾸리,1,명사,5,일반어/일반어,신규_어휘_후보,,0,False
꾸물꾸물,0,부사,5,일반어/일반어/일반어,신규_어휘_후보,,0,False
꾸밈음,0,명사,5,전문어(음악),신규_어휘_후보,,0,False
꾸벅거리다,0,동사,5,일반어,신규_어휘_후보,,0,False
꾸부리다,0,동사,5,일반어,신규_어휘_후보,,0,False
꾸불꾸불하다,0,동사/형용사,5,일반어/일반어,신규_어휘_후보,,0,False
꾸뻑,0,부사,5,일반어/일반어,신규_어휘_후보,,0,False
꿀떡,2,부사,5,일반어/일반어/일반어,신규_어휘_후보,,0,False
꿀리다,1,동사,5,일반어/일반어/일반어/일반어,신규_어휘_후보,,0,False
꿀샘,0,명사,5,전문어(식물),신규_어휘_후보,,0,False
꿀통,0,명사,5,일반어/일반어,신규_어휘_후보,,0,False
꿇리다,1,동사,5,일반어,신규_어휘_후보,,0,True
꿇리다,2,동사,5,일반어,신규_어휘_후보,,0,True
꿈같다,0,형용사,5,일반어/일반어/일반어,신규_어휘_후보,,0,False
꿈같이,0,부사,5,일반어/일반어/일반어,신규_어휘_후보,,0,False
꿈적,0,부사,5,일반어,신규_어휘_후보,,0,False
꿈지럭거리다,0,동사,5,일반어,신규_어휘_후보,,0,False
꿈틀꿈틀,0,부사,5,일반어/일반어,신규_어휘_후보,,0,False
꿍꿍이,0,명사,5,일반어,신규_어휘_후보,,0,False
끄나풀,0,명사,5,일반어/일반어,신규_어휘_후보,,0,False
끄느름하다,0,형용사,5,일반어/일반어,신규_어휘_후보,,0,False
끄떡없이,0,부사,5,일반어,신규_어휘_후보,,0,False
끄떡하다,0,동사,5,일반어,신규_어휘_후보,,0,False
끄적거리다,0,동사,5,일반어,신규_어휘_후보,,0,False
끈끈막,0,명사,5,전문어(의학),신규_어휘_후보,,0,False
끌,1,명사,5,일반어,신규_어휘_후보,,0,False
끌그물,0,명사,5,전문어(수산업),신규_어휘_후보,,0,False
끌어가다,0,동사,5,일반어/일반어/일반어,신규_어휘_후보,,0,False
끓는점,0,명사,5,전문어(화학),신규_어휘_후보,,0,False
끔벅거리다,0,동사,5,일반어/일반어,신규_어휘_후보,,0,False
끔벅끔벅,0,부사,5,일반어/일반어,신규_어휘_후보,,0,False
끔벅이다,0,동사,5,일반어/일반어,신규_어휘_후보,,0,False
끔쩍,1,부사,5,일반어,신규_어휘_후보,,0,False
끔찍스럽다,0,형용사,5,일반어/일반어/일반어,신규_어휘_후보,,0,False
끝끝내,0,부사,5,일반어/일반어,신규_어휘_후보,,0,False
끝동,0,명사,5,일반어,신규_어휘_후보,,0,False
끝매듭,0,명사,5,일반어,신규_어휘_후보,,0,False
끝물,0,명사,5,일반어,신규_어휘_후보,,0,False
끝자락,0,명사,5,일반어,신규_어휘_후보,,0,False
끝장나다,0,동사,5,일반어/일반어,신규_어휘_후보,,0,False
끝점,0,명사,5,전문어(언어),신규_어휘_후보,,0,False
끼룩끼룩,1,부사,5,일반어,신규_어휘_후보,,0,False
끼인각,0,명사,5,전문어(수학),신규_어휘_후보,,0,False
끼적거리다,1,동사,5,일반어,신규_어휘_후보,,0,False
끼적이다,1,동사,5,일반어,신규_어휘_후보,,0,False
끽소리,0,명사,5,일반어,신규_어휘_후보,,0,False
끽하다,0,동사,5,일반어,신규_어휘_후보,,0,False
나각,0,명사,5,전문어(음악),신규_어휘_후보,,0,False
나그네새,0,명사,5,전문어(동물),신규_어휘_후보,,0,False
나긋나긋하다,0,형용사,5,일반어/일반어/일반어,신규_어휘_후보,,0,False
나누어떨어지다,0,동사,5,전문어(수학),신규_어휘_후보,,0,False
나대다,0,동사,5,일반어/일반어,신규_어휘_후보,,0,False
나둥그러지다,0,동사,5,일반어,신규_어휘_후보,,0,False
나들다,0,동사,5,일반어/일반어/일반어,신규_어휘_후보,,0,False
나들목,0,명사,5,전문어(교통),신규_어휘_후보,,0,False
나들이옷,0,명사,5,일반어,신규_어휘_후보,,0,False
나락,2,명사,5,전문어(불교)/일반어,신규_어휘_후보,,0,False
나루,1,명사,5,일반어,신규_어휘_후보,,0,False
나리,2,명사,5,전문어(식물)/전문어(식물),신규_어휘_후보,,0,True
나리꽃,0,명사,5,일반어,신규_어휘_후보,,0,False
나무쇠싸움,0,명사,5,전문어(민속),신규_어휘_후보,,0,False
나무숲,0,명사,5,일반어,신규_어휘_후보,,0,False
나무아미타불,0,명사/감탄사,5,전문어(불교)/일반어/전문어(불교),신규_어휘_후보,,0,False
나무총,0,명사,5,일반어,신규_어휘_후보,,0,False
나무패,0,명사,5,일반어,신규_어휘_후보,,0,False
나문재,0,명사,5,전문어(식물),신규_어휘_후보,,0,False
나물죽,0,명사,5,일반어,신규_어휘_후보,,0,False
나뭇등걸,0,명사,5,일반어,신규_어휘_후보,,0,False
나뭇짐,0,명사,5,일반어,신규_어휘_후보,,0,False
나병,2,명사,5,전문어(의학),신규_어휘_후보,,0,False
나부끼다,0,동사,5,일반어,신규_어휘_후보,,0,False
나부랭이,0,명사,5,일반어/일반어,신규_어휘_후보,,0,False
나불거리다,2,동사,5,일반어,신규_어휘_후보,,0,False
나불나불,1,부사,5,일반어,신규_어휘_후보,,0,False
나불나불하다,2,동사,5,일반어,신규_어휘_후보,,0,False
나불대다,2,동사,5,일반어,신규_어휘_후보,,0,False
나붓나붓,0,부사,5,일반어,신규_어휘_후보,,0,False
나붙다,0,동사,5,일반어,신규_어휘_후보,,0,False
나비,2,명사,5,일반어,신규_어휘_후보,,0,True
나사말,0,명사,5,전문어(식물),신규_어휘_후보,,0,False
나선,4,명사,5,전문어(공학 일반)/전문어(수학),신규_어휘_후보,,0,False
나성,4,명사,5,전문어(지명),신규_어휘_후보,,0,False
나앉다,0,동사,5,일반어/일반어/일반어,신규_어휘_후보,,0,False
나열,2,명사,5,일반어/일반어,신규_어휘_후보,,0,False
나위,1,의존명사,5,일반어,신규_어휘_후보,,0,False
나이지리아,0,명사,5,전문어(지명),신규_어휘_후보,,0,False
나전,2,명사,5,전문어(공예),신규_어휘_후보,,0,False
나절,1,의존 명사,5,일반어/일반어,신규_어휘_후보,,0,False
나졸,2,명사,5,전문어(역사),신규_어휘_후보,,0,False
나주,2,명사,5,전문어(지명),신규_어휘_후보,,0,False
나주평야,0,명사,5,전문어(지명),신규_어휘_후보,,0,False
나직나직하다,0,형용사,5,일반어/일반어,신규_어휘_후보,,0,False
나체,0,명사,5,일반어,신규_어휘_후보,,0,False
나태,0,명사,5,일반어,신규_어휘_후보,,0,False
나태하다,0,형용사,5,일반어,신규_어휘_후보,,0,False
나트륨등,0,명사,5,전문어(전기·전자),신규_어휘_후보,,0,False
나팔관,0,명사,5,전문어(의학)/전문어(의학)/전문어(의학),신규_어휘_후보,,0,False
나팔수,0,명사,5,일반어/일반어,신규_어휘_후보,,0,False
나포되다,0,동사,5,일반어/일반어/전문어(군사),신규_어휘_후보,,0,False
나폴리,0,명사,5,전문어(지명),신규_어휘_후보,,0,False
나프탈렌,0,명사,5,전문어(화학),신규_어휘_후보,,0,False
나환자,0,명사,5,일반어,신규_어휘_후보,,0,False
낙,3,명사,5,일반어/일반어,신규_어휘_후보,,0,False
낙관,1,명사,5,일반어,신규_어휘_후보,,0,True
낙관,2,명사,5,일반어/일반어,신규_어휘_후보,,0,True
낙관론,0,명사,5,일반어,신규_어휘_후보,,0,False
낙관론자,0,명사,5,일반어,신규_어휘_후보,,0,False
낙관하다,2,동사,5,일반어/일반어,신규_어휘_후보,,0,False
낙농품,0,명사,5,전문어(식품),신규_어휘_후보,,0,False
낙담,0,명사,5,일반어,신규_어휘_후보,,0,False
낙도,0,명사,5,일반어,신규_어휘_후보,,0,False
낙동강,2,명사,5,전문어(지명),신규_어휘_후보,,0,False
낙락장송,0,명사,5,일반어,신규_어휘_후보,,0,False
낙망,0,명사,5,일반어,신규_어휘_후보,,0,False
낙망하다,0,동사,5,일반어,신규_어휘_후보,,0,False
낙면,0,명사,5,일반어,신규_어휘_후보,,0,False
낙방,1,명사,5,전문어(역사)/일반어,신규_어휘_후보,,0,False
낙산사,0,명사,5,전문어(불교),신규_어휘_후보,,0,False
낙숫물,0,명사,5,일반어,신규_어휘_후보,,0,False
낙엽수,0,명사,5,전문어(식물),신규_어휘_후보,,0,False
낙오,0,명사,5,일반어/일반어,신규_어휘_후보,,0,False
낙오되다,0,동사,5,일반어/일반어,신규_어휘_후보,,0,False
낙오자,0,명사,5,일반어/일반어,신규_어휘_후보,,0,False
낙제,2,명사,5,일반어/일반어/일반어/전문어(역사),신규_어휘_후보,,0,False
낙제생,0,명사,5,일반어/일반어,신규_어휘_후보,,0,False
낙제하다,0,동사,5,일반어/전문어(역사)/일반어/전문어(역사),신규_어휘_후보,,0,False
낙조,1,명사,5,일반어/일반어,신규_어휘_후보,,0,False
낙지볶음,0,명사,5,일반어,신규_어휘_후보,,0,False
낙지전골,0,명사,5,일반어,신규_어휘_후보,,0,False
낙차,3,명사,5,일반어/일반어/일반어/일반어,신규_어휘_후보,,0,False
낙찰,0,명사,5,전문어(경제),신규_어휘_후보,,0,False
낙천적,0,명사/관형사,5,일반어/일반어,신규_어휘_후보,,0,False
낙천주의자,0,명사,5,일반어/일반어,신규_어휘_후보,,0,False
낙하하다,0,동사,5,일반어,신규_어휘_후보,,0,False
낙화,4,명사,5,일반어,신규_어휘_후보,,0,False
낙화암,0,명사,5,전문어(지명),신규_어휘_후보,,0,False
낙후,0,명사,5,일반어,신규_어휘_후보,,0,False
낙후되다,0,동사,5,일반어,신규_어휘_후보,,0,False
낚시걸이,2,명사,5,일반어/전문어(체육),신규_어휘_후보,,0,False
낚싯바늘,0,명사,5,일반어,신규_어휘_후보,,0,False
낚싯밥,0,명사,5,일반어/일반어,신규_어휘_후보,,0,False
낚싯배,0,명사,5,전문어(수산업),신규_어휘_후보,,0,False
난,6,명사,5,전문어(식물),신규_어휘_후보,,0,True
난관,1,명사,5,전문어(의학),신규_어휘_후보,,0,True
난국,1,명사,5,일반어,신규_어휘_후보,,0,False
난도질,0,명사,5,일반어/일반어,신규_어휘_후보,,0,False
난롯불,0,명사,5,일반어,신규_어휘_후보,,0,False
난류,4,명사,5,전문어(해양),신규_어휘_후보,,0,False
난립,0,명사,5,일반어,신규_어휘_후보,,0,False
난무,0,명사,5,일반어/일반어,신규_어휘_후보,,0,False
난무하다,0,동사,5,일반어/일반어,신규_어휘_후보,,0,False
난민촌,0,명사,5,일반어,신규_어휘_후보,,0,False
난방기,0,명사,5,일반어,신규_어휘_후보,,0,False
난사,1,명사,5,일반어/일반어,신규_어휘_후보,,0,False
난산,2,명사,5,일반어/일반어,신규_어휘_후보,,0,False
난색,2,명사,5,일반어/일반어,신규_어휘_후보,,0,False
난생,1,부사,5,일반어,신규_어휘_후보,,0,False
난생,2,명사,5,전문어(동물)/전문어(불교),신규_어휘_후보,,0,False
난세포,0,명사,5,전문어(생명),신규_어휘_후보,,0,False
난시청,0,명사,5,일반어,신규_어휘_후보,,0,False
난입,1,명사,5,일반어,신규_어휘_후보,,0,False
난잡하다,0,형용사,5,일반어/일반어,신규_어휘_후보,,0,False
난장판,0,명사,5,일반어,신규_어휘_후보,,0,False
난전,2,명사,5,일반어/전문어(역사),신규_어휘_후보,,0,False
난점,0,명사,5,일반어,기존_콘텐츠와_연결_후보,SR_L5CORE_4854,1,False
난정,1,명사,5,일반어,신규_어휘_후보,,0,False
난제,0,명사,5,일반어,신규_어휘_후보,,0,False
난중,1,명사,5,일반어,신규_어휘_후보,,0,False
난중일기,0,명사,5,전문어(역사),신규_어휘_후보,,0,False
난치병,0,명사,5,일반어,신규_어휘_후보,,0,False
난타,1,명사,5,일반어/전문어(체육),신규_어휘_후보,,0,False
난투극,0,명사,5,일반어/전문어(연기),신규_어휘_후보,,0,False
난파,2,명사,5,일반어,신규_어휘_후보,,0,False
난파되다,0,동사,5,일반어,신규_어휘_후보,,0,False
난파선,0,명사,5,일반어,신규_어휘_후보,,0,False
난파하다,0,동사,5,일반어,신규_어휘_후보,,0,False
난폭,0,명사,5,일반어,신규_어휘_후보,,0,False
난폭성,0,명사,5,일반어,신규_어휘_후보,,0,False
난항,2,명사,5,일반어/일반어,신규_어휘_후보,,0,False
난형난제,0,명사,5,일반어,신규_어휘_후보,,0,False
날감자,0,명사,5,일반어,신규_어휘_후보,,0,False
날강도,0,명사,5,일반어,신규_어휘_후보,,0,False
날건달,0,명사,5,일반어,신규_어휘_후보,,0,False
날고기,0,명사,5,일반어,신규_어휘_후보,,0,False
날달걀,0,명사,5,일반어,신규_어휘_후보,,0,False
날림,0,명사,5,일반어/일반어,신규_어휘_후보,,0,False
날밤,1,명사,5,일반어,신규_어휘_후보,,0,False
날벌레,0,명사,5,일반어,신규_어휘_후보,,0,False
날실,2,명사,5,일반어,신규_어휘_후보,,0,False
날조하다,0,동사,5,일반어,신규_어휘_후보,,0,False
날줄,0,명사,5,일반어/전문어(지구),신규_어휘_후보,,0,False
날치기,0,명사,5,일반어/일반어/일반어,신규_어휘_후보,,0,False
날치다,0,동사,5,일반어,신규_어휘_후보,,0,False
날콩가루,0,명사,5,일반어,신규_어휘_후보,,0,False
날품,0,명사,5,일반어,신규_어휘_후보,,0,False
날품팔이,0,명사,5,일반어/일반어,신규_어휘_후보,,0,False
날품팔이꾼,0,명사,5,일반어,신규_어휘_후보,,0,False
남국,0,명사,5,일반어,신규_어휘_후보,,0,False
남극해,0,명사,5,전문어(해양),신규_어휘_후보,,0,False
남녀유별,0,명사,5,일반어,신규_어휘_후보,,0,False
남녀칠세부동석,0,명사,5,일반어,신규_어휘_후보,,0,False
남녀평등권,0,명사,5,전문어(사회 일반),신규_어휘_후보,,0,False
남단,1,명사,5,일반어,신규_어휘_후보,,0,False
남루하다,0,형용사,5,일반어,신규_어휘_후보,,0,False
남바위,0,명사,5,일반어,신규_어휘_후보,,0,False
남발,2,명사,5,일반어/일반어,신규_어휘_후보,,0,False
남발하다,0,동사,5,일반어/일반어,신규_어휘_후보,,0,False
남방샤쓰,0,명사,5,일반어,신규_어휘_후보,,0,False
남방셔츠,0,명사,5,일반어,신규_어휘_후보,,0,False
남보라,0,명사,5,일반어/전문어(미술),신규_어휘_후보,,0,False
남빙양,0,명사,5,전문어(해양),신규_어휘_후보,,0,False
남사당,0,명사,5,전문어(민속),신규_어휘_후보,,0,False
남사당놀이,0,명사,5,전문어(민속),신규_어휘_후보,,0,False
남사당패,0,명사,5,전문어(민속),신규_어휘_후보,,0,False
남사스럽다,0,형용사,5,일반어,신규_어휘_후보,,0,False
남산,2,명사,5,전문어(지명),신규_어휘_후보,,0,False
남산골,0,명사,5,전문어(지명),신규_어휘_후보,,0,False
남새,1,명사,5,일반어,신규_어휘_후보,,0,False
남성복,0,명사,5,일반어,신규_어휘_후보,,0,False
남아,1,명사,5,일반어/일반어,신규_어휘_후보,,0,False
남아메리카,0,명사,5,전문어(지명),신규_어휘_후보,,0,False
남우세스럽다,0,형용사,5,일반어,신규_어휘_후보,,0,False
남원,2,명사,5,전문어(지명),신규_어휘_후보,,0,False
남위,1,명사,5,전문어(지구),신규_어휘_후보,,0,False
남유럽,0,명사,5,전문어(지명),신규_어휘_후보,,0,False
남의집살이,0,명사,5,일반어,신규_어휘_후보,,0,False
남인,1,명사,5,전문어(역사)/전문어(역사),신규_어휘_후보,,0,False
남작,1,명사,5,일반어/전문어(역사),신규_어휘_후보,,0,False
남장,1,명사,5,일반어,신규_어휘_후보,,0,False
남장하다,1,동사,5,일반어,신규_어휘_후보,,0,False
남존여비,0,명사,5,일반어,신규_어휘_후보,,0,False
남중,2,명사,5,전문어(천문),신규_어휘_후보,,0,True
남중하다,0,동사,5,전문어(천문),신규_어휘_후보,,0,False
남진,2,명사,5,일반어,신규_어휘_후보,,0,False
남진하다,0,동사,5,일반어,신규_어휘_후보,,0,False
남짓,0,의존 명사,5,일반어,신규_어휘_후보,,0,False
남촌,0,명사,5,일반어/일반어,신규_어휘_후보,,0,False
남침하다,0,동사,5,일반어,신규_어휘_후보,,0,False
남탕,0,명사,5,일반어,신규_어휘_후보,,0,False
남태평양,2,명사,5,전문어(해양),신규_어휘_후보,,0,False
남파,3,명사,5,일반어,신규_어휘_후보,,0,False
남파하다,0,동사,5,일반어,신규_어휘_후보,,0,False
남포,2,명사,5,일반어,신규_어휘_후보,,0,False
남하,1,명사,5,일반어,신규_어휘_후보,,0,False
남하하다,1,동사,5,일반어,신규_어휘_후보,,0,False
남한강,0,명사,5,전문어(지명),신규_어휘_후보,,0,False
남한산성,0,명사,5,전문어(역사),신규_어휘_후보,,0,False
남해,2,명사,5,전문어(지명),신규_어휘_후보,,0,False
남행하다,1,동사,5,일반어,신규_어휘_후보,,0,False
남향받이,0,명사,5,일반어,신규_어휘_후보,,0,False
납덩이,0,명사,5,일반어,신규_어휘_후보,,0,False
납땜,0,명사,5,일반어,신규_어휘_후보,,0,False
납땜하다,0,동사,5,일반어,신규_어휘_후보,,0,False
납량,0,명사,5,일반어,신규_어휘_후보,,0,False
납부금,0,명사,5,일반어,신규_어휘_후보,,0,False
납북되다,0,동사,5,일반어,신규_어휘_후보,,0,False
납세자,0,명사,5,일반어/전문어(법률),신규_어휘_후보,,0,False
납입,0,명사,5,일반어,신규_어휘_후보,,0,False
납입금,0,명사,5,일반어,신규_어휘_후보,,0,False
납작보리,0,명사,5,전문어(농업),신규_어휘_후보,,0,False
납치,0,명사,5,일반어,신규_어휘_후보,,0,False
납품,0,명사,5,일반어,신규_어휘_후보,,0,False
낭군님,0,명사,5,일반어,신규_어휘_후보,,0,False
낭만,0,명사,5,일반어/일반어,신규_어휘_후보,,0,False
낭만적,0,명사/관형사,5,일반어/일반어/일반어/일반어,신규_어휘_후보,,0,False
낭만주의,0,명사,5,전문어(예체능 일반),신규_어휘_후보,,0,False
낭보,0,명사,5,일반어,신규_어휘_후보,,0,False
낭자하다,2,형용사,5,일반어/일반어,신규_어휘_후보,,0,False
낮닭,0,명사,5,일반어,신규_어휘_후보,,0,False
낮말,0,명사,5,일반어,신규_어휘_후보,,0,False
낮은음자리표,0,명사,5,전문어(음악),신규_어휘_후보,,0,False
낮잡다,0,동사,5,일반어/일반어,신규_어휘_후보,,0,False
낮춤,0,명사,5,전문어(언어),신규_어휘_후보,,0,False
낯가리다,0,동사,5,일반어/일반어/일반어,신규_어휘_후보,,0,False
낯가림,0,명사,5,일반어/일반어,신규_어휘_후보,,0,False
낯부끄럽다,0,형용사,5,일반어,신규_어휘_후보,,0,False
낯익히다,0,동사,5,일반어,신규_어휘_후보,,0,False
낯짝,0,명사,5,일반어,신규_어휘_후보,,0,False
낱,0,명사,5,일반어/일반어,신규_어휘_후보,,0,False
낱낱,0,명사,5,일반어,신규_어휘_후보,,0,False
내,2,명사,5,일반어,신규_어휘_후보,,0,True
내,3,명사,5,일반어,신규_어휘_후보,,0,True
내각,3,명사,5,전문어(역사)/전문어(역사)/전문어(역사)/전문어(정치),신규_어휘_후보,,0,True
내간체,0,명사,5,일반어/전문어(문학),신규_어휘_후보,,0,False
내걸리다,0,동사,5,일반어/일반어,신규_어휘_후보,,0,False
내국인,0,명사,5,일반어,신규_어휘_후보,,0,False
내깔기다,0,동사,5,일반어/일반어/일반어/일반어,신규_어휘_후보,,0,False
내년도,0,명사,5,일반어,신규_어휘_후보,,0,False
내다,1,동사,5,일반어,신규_어휘_후보,,0,True
내닫다,0,동사,5,일반어/일반어,신규_어휘_후보,,0,False
내려뜨리다,0,동사,5,일반어/일반어/일반어,신규_어휘_후보,,0,False
내려보내다,0,동사,5,일반어,신규_어휘_후보,,0,False
내려쓰다,0,동사,5,일반어,신규_어휘_후보,,0,False
내려찍다,0,동사,5,일반어,신규_어휘_후보,,0,False
내리감다,0,동사,5,일반어/일반어,신규_어휘_후보,,0,False
내리누르다,0,동사,5,일반어/일반어/일반어,신규_어휘_후보,,0,False
내리닫다,0,동사,5,일반어/일반어,신규_어휘_후보,,0,False
내리덮다,0,동사,5,일반어/일반어,신규_어휘_후보,,0,False
내리뜨다,0,동사,5,일반어,신규_어휘_후보,,0,False
내리밟다,0,동사,5,일반어,신규_어휘_후보,,0,False
내리붓다,0,동사,5,일반어/일반어,신규_어휘_후보,,0,False
내리뻗다,0,동사,5,일반어/일반어,신규_어휘_후보,,0,False
내리사랑,0,명사,5,일반어,신규_어휘_후보,,0,False
내리쏟다,0,동사,5,일반어/일반어,신규_어휘_후보,,0,False
내리쏟아지다,0,동사,5,일반어/일반어,신규_어휘_후보,,0,False
내리쓸다,0,동사,5,일반어/일반어,신규_어휘_후보,,0,False
내리지르다,0,동사,5,일반어/일반어,신규_어휘_후보,,0,False
내리쪼이다,0,동사,5,일반어,신규_어휘_후보,,0,False
내림세,0,명사,5,일반어,신규_어휘_후보,,0,False
내막,1,명사,5,일반어,신규_어휘_후보,,0,False
내맡기다,0,동사,5,일반어/일반어,신규_어휘_후보,,0,False
내무,1,명사,5,일반어/일반어/전문어(행정),신규_어휘_후보,,0,False
내방,4,명사,5,일반어,신규_어휘_후보,,0,False
내비게이션,0,명사,5,전문어(교통),신규_어휘_후보,,0,False
내빈,2,명사,5,일반어,신규_어휘_후보,,0,False
내빼다,0,동사,5,일반어,신규_어휘_후보,,0,False
내색,0,명사,5,일반어,신규_어휘_후보,,0,False
내생,2,명사,5,전문어(불교),신규_어휘_후보,,0,False
내세,1,명사,5,전문어(불교),신규_어휘_후보,,0,False
내수면,0,명사,5,일반어,신규_어휘_후보,,0,False
내숭쟁이,0,명사,5,일반어,신규_어휘_후보,,0,False
내신,3,명사,5,일반어,신규_어휘_후보,,0,True
내쏘다,0,동사,5,일반어/일반어/일반어,신규_어휘_후보,,0,False
내야,0,명사,5,전문어(체육)/전문어(체육),신규_어휘_후보,,0,False
내야수,0,명사,5,전문어(체육),신규_어휘_후보,,0,False
내열,3,명사,5,일반어,신규_어휘_후보,,0,False
내열성,0,명사,5,전문어(공업),신규_어휘_후보,,0,False
내왕,0,명사,5,일반어/일반어,신규_어휘_후보,,0,False
내왕하다,0,동사,5,일반어/일반어,신규_어휘_후보,,0,False
내외하다,0,동사,5,일반어,신규_어휘_후보,,0,False
내우외환,0,명사,5,일반어,신규_어휘_후보,,0,False
내월,0,명사,5,일반어,신규_어휘_후보,,0,False
내의원,0,명사,5,전문어(역사),신규_어휘_후보,,0,False
내장,5,명사,5,일반어,신규_어휘_후보,,0,True
내장재,0,명사,5,전문어(건설),신규_어휘_후보,,0,False
내재되다,0,동사,5,일반어,신규_어휘_후보,,0,False
내재율,0,명사,5,전문어(문학),신규_어휘_후보,,0,False
내정,1,명사,5,일반어/일반어,신규_어휘_후보,,0,True
내정,2,명사,5,일반어/일반어,신규_어휘_후보,,0,True
내조,2,명사,5,일반어,신규_어휘_후보,,0,False
내주,6,명사,5,일반어,신규_어휘_후보,,0,False
내처,1,부사,5,일반어/일반어,신규_어휘_후보,,0,False
내친김,0,명사,5,일반어/일반어,신규_어휘_후보,,0,False
내통,0,명사,5,일반어/일반어/일반어,신규_어휘_후보,,0,False
내통하다,0,동사,5,일반어/일반어/일반어,신규_어휘_후보,,0,False
내포,2,명사,5,일반어/전문어(철학),신규_어휘_후보,,0,False
내포되다,0,동사,5,일반어,신규_어휘_후보,,0,False
내포문,0,명사,5,전문어(언어),신규_어휘_후보,,0,False
내포하다,0,동사,5,일반어,신규_어휘_후보,,0,False
내핍,0,명사,5,일반어,신규_어휘_후보,,0,False
내한,2,명사,5,일반어,신규_어휘_후보,,0,False
내행성,0,명사,5,전문어(천문),신규_어휘_후보,,0,False
내향적,0,명사/관형사,5,일반어/일반어/일반어/일반어/일반어/일반어,신규_어휘_후보,,0,False
내훈,0,명사,5,일반어/일반어/일반어/전문어(책명),신규_어휘_후보,,0,False
내흔들다,0,동사,5,일반어/일반어/일반어,신규_어휘_후보,,0,False
냉가슴,0,명사,5,전문어(한의)/일반어,신규_어휘_후보,,0,False
냉담,1,명사,5,일반어/일반어,신규_어휘_후보,,0,False
냉담하다,0,형용사,5,일반어/일반어,신규_어휘_후보,,0,False
냉대림,0,명사,5,전문어(임업),신규_어휘_후보,,0,False
냉동고,0,명사,5,일반어,신규_어휘_후보,,0,False
냉동차,0,명사,5,일반어,신규_어휘_후보,,0,False
냉매,1,명사,5,전문어(화학),신규_어휘_후보,,0,False
냉방기,0,명사,5,일반어,신규_어휘_후보,,0,False
냉상,0,명사,5,전문어(농업),신규_어휘_후보,,0,False
냉소,0,명사,5,일반어,신규_어휘_후보,,0,False
냉소하다,0,동사,5,일반어,신규_어휘_후보,,0,False
냉엄하다,0,형용사,5,일반어/일반어,신규_어휘_후보,,0,False
냉전,0,명사,5,전문어(정치)/일반어,신규_어휘_후보,,0,False
냉정히,1,부사,5,일반어,신규_어휘_후보,,0,False
냉차,0,명사,5,일반어,신규_어휘_후보,,0,False
냉채,0,명사,5,일반어,신규_어휘_후보,,0,False
냉커피,0,명사,5,일반어,신규_어휘_후보,,0,False
냉큼냉큼,0,부사,5,일반어,신규_어휘_후보,,0,False
냉혈,2,명사,5,전문어(한의)/일반어,신규_어휘_후보,,0,False
냉혹성,0,명사,5,일반어,신규_어휘_후보,,0,False
냉혹하다,0,형용사,5,일반어,신규_어휘_후보,,0,False
너,2,관형사,5,일반어,신규_어휘_후보,,0,False
너끈하다,0,형용사,5,일반어,신규_어휘_후보,,0,False
너끈히,0,부사,5,일반어,신규_어휘_후보,,0,False
너도밤나무,0,명사,5,전문어(식물),신규_어휘_후보,,0,False
너럭바위,0,명사,5,일반어,신규_어휘_후보,,0,False
너르다,0,형용사,5,일반어/일반어,신규_어휘_후보,,0,False
너부죽하다,0,형용사,5,일반어,신규_어휘_후보,,0,False
너스레,2,명사,5,일반어,신규_어휘_후보,,0,False
너와,0,명사,5,전문어(건설),신규_어휘_후보,,0,False
너울거리다,0,동사,5,일반어/일반어,신규_어휘_후보,,0,False
너저분히,0,부사,5,일반어/일반어,신규_어휘_후보,,0,False
너절하다,0,형용사,5,일반어/일반어,신규_어휘_후보,,0,False
너털웃음,0,명사,5,일반어,신규_어휘_후보,,0,False
넉살,0,명사,5,일반어,신규_어휘_후보,,0,False
넋두리,0,명사,5,일반어/전문어(민속),신규_어휘_후보,,0,False
넌더리,0,명사,5,일반어,신규_어휘_후보,,0,False
널,1,명사,5,일반어/일반어/일반어/전문어(역사),신규_어휘_후보,,0,False
널마루,0,명사,5,일반어,신규_어휘_후보,,0,False
널쪽,0,명사,5,일반어,신규_어휘_후보,,0,False
널찍이,0,부사,5,일반어,신규_어휘_후보,,0,False
널판자,0,명사,5,일반어,신규_어휘_후보,,0,False
넘겨짚다,0,동사,5,일반어,신규_어휘_후보,,0,False
넘버,0,명사,5,일반어,신규_어휘_후보,,0,False
넘어다보다,0,동사,5,일반어/일반어,신규_어휘_후보,,0,False
넙죽넙죽,0,부사,5,일반어/일반어/일반어,신규_어휘_후보,,0,False
네댓,0,수사/관형사,5,일반어/일반어,신규_어휘_후보,,0,False
네덜란드,0,명사,5,전문어(지명),신규_어휘_후보,,0,False
네발짐승,0,명사,5,일반어,신규_어휘_후보,,0,False
네온,0,명사,5,전문어(화학)/전문어(전기·전자),신규_어휘_후보,,0,False
네온사인,0,명사,5,전문어(전기·전자),신규_어휘_후보,,0,False
네티즌,0,명사,5,일반어,신규_어휘_후보,,0,False
네팔,0,명사,5,전문어(지명),신규_어휘_후보,,0,False
넥타이핀,0,명사,5,일반어,신규_어휘_후보,,0,False
노경,0,명사,5,일반어,신규_어휘_후보,,0,False
노곤하다,0,형용사,5,일반어,신규_어휘_후보,,0,False
노기,5,명사,5,일반어,신규_어휘_후보,,0,False
노년기,0,명사,5,일반어/전문어(지구),신규_어휘_후보,,0,False
노다지,1,명사,5,전문어(광업)/일반어,신규_어휘_후보,,0,False
노닥거리다,0,동사,5,일반어,신규_어휘_후보,,0,False
노도,1,명사,5,일반어/일반어,신규_어휘_후보,,0,False
노동가,0,명사,5,일반어,신규_어휘_후보,,0,False
노동법,0,명사,5,전문어(법률),기존_콘텐츠와_연결_후보,SR_L6CORE_6040,1,False
노동조합,0,명사,5,전문어(경제),신규_어휘_후보,,0,False
노랑물,0,명사,5,일반어,신규_어휘_후보,,0,False
노래꾼,0,명사,5,일반어,신규_어휘_후보,,0,False
노래잔치,0,명사,5,일반어/일반어,신규_어휘_후보,,0,False
노래판,0,명사,5,일반어,신규_어휘_후보,,0,False
노랫가락,0,명사,5,일반어/전문어(예체능 일반),신규_어휘_후보,,0,False
노력가,0,명사,5,일반어,신규_어휘_후보,,0,False
노련하다,0,형용사,5,일반어,신규_어휘_후보,,0,False
노령,2,명사,5,일반어,신규_어휘_후보,,0,False
노루발,1,명사,5,일반어/일반어/일반어/전문어(농업),신규_어휘_후보,,0,False
노르께하다,0,형용사,5,일반어,신규_어휘_후보,,0,False
노르웨이,0,명사,5,전문어(지명),신규_어휘_후보,,0,False
노름,1,명사,5,일반어,신규_어휘_후보,,0,False
노름꾼,0,명사,5,일반어,신규_어휘_후보,,0,False
노름판,0,명사,5,일반어,신규_어휘_후보,,0,False
노름하다,1,동사,5,일반어,신규_어휘_후보,,0,False
노릇하다,0,형용사,5,일반어,신규_어휘_후보,,0,False
노린내,0,명사,5,일반어,신규_어휘_후보,,0,False
노린재,0,명사,5,전문어(동물),신규_어휘_후보,,0,False
노망,1,명사,5,일반어,신규_어휘_후보,,0,False
노망하다,1,동사/형용사,5,일반어/일반어,신규_어휘_후보,,0,False
노면,2,명사,5,일반어,신규_어휘_후보,,0,False
노모,1,명사,5,일반어/전문어(역사),신규_어휘_후보,,0,False
노무자,0,명사,5,일반어,신규_어휘_후보,,0,False
노변,1,명사,5,일반어,신규_어휘_후보,,0,False
노복,1,명사,5,일반어,신규_어휘_후보,,0,False
노부,2,명사,5,일반어/일반어,신규_어휘_후보,,0,False
노비안검법,0,명사,5,전문어(역사),신규_어휘_후보,,0,False
노사,7,명사,5,일반어,신규_어휘_후보,,0,False
노상,1,부사,5,일반어,신규_어휘_후보,,0,False
노상,4,명사,5,일반어/일반어,신규_어휘_후보,,0,False
노새,0,명사,5,전문어(동물),신규_어휘_후보,,0,False
노선도,0,명사,5,전문어(지리),신규_어휘_후보,,0,False
노소간,0,명사,5,일반어,신규_어휘_후보,,0,False
노송,0,명사,5,전문어(식물)/전문어(식물),신규_어휘_후보,,0,False
노송나무,0,명사,5,전문어(식물),신규_어휘_후보,,0,False
노쇠,0,명사,5,일반어,신규_어휘_후보,,0,False
노쇠하다,0,형용사,5,일반어,신규_어휘_후보,,0,False
노숙하다,1,형용사,5,일반어,신규_어휘_후보,,0,False
노승,2,명사,5,일반어,신규_어휘_후보,,0,False
노심,1,명사,5,일반어,신규_어휘_후보,,0,False
노심초사,0,명사,5,일반어,신규_어휘_후보,,0,False
노심초사하다,0,동사,5,일반어,신규_어휘_후보,,0,False
노안,3,명사,5,일반어,신규_어휘_후보,,0,False
노어,2,명사,5,전문어(언어),신규_어휘_후보,,0,False
노여워하다,0,동사,5,일반어,신규_어휘_후보,,0,False
노역,2,명사,5,일반어,신규_어휘_후보,,0,False
노염,1,명사,5,일반어,신규_어휘_후보,,0,False
노을빛,0,명사,5,일반어,신규_어휘_후보,,0,False
노이로제,0,명사,5,전문어(의학),신규_어휘_후보,,0,False
노임,0,명사,5,전문어(경영),신규_어휘_후보,,0,False
노자,4,명사,5,일반어,신규_어휘_후보,,0,False
노잣돈,0,명사,5,일반어/일반어,신규_어휘_후보,,0,False
노장,3,명사,5,일반어/일반어/일반어,신규_어휘_후보,,0,False
노장군,0,명사,5,일반어,신규_어휘_후보,,0,False
노적가리,0,명사,5,일반어,신규_어휘_후보,,0,False
노점상,0,명사,5,일반어,신규_어휘_후보,,0,False
노정,3,명사,5,일반어/일반어,신규_어휘_후보,,0,False
노조,2,명사,5,전문어(경제),신규_어휘_후보,,0,False
노조원,0,명사,5,전문어(경제),신규_어휘_후보,,0,False
노즐,0,명사,5,전문어(기계),신규_어휘_후보,,0,False
노천,0,명사,5,일반어,신규_어휘_후보,,0,False
노천극장,0,명사,5,일반어,신규_어휘_후보,,0,False
노파,2,명사,5,일반어,신규_어휘_후보,,0,False
노파심,0,명사,5,일반어,신규_어휘_후보,,0,False
노형,0,대명사,5,일반어/일반어,신규_어휘_후보,,0,False
노환,0,명사,5,일반어,신규_어휘_후보,,0,False
노획,1,명사,5,일반어,신규_어휘_후보,,0,False
노획물,0,명사,5,일반어,신규_어휘_후보,,0,False
노후,1,명사,5,일반어,신규_어휘_후보,,0,True
녹,1,명사,5,전문어(역사),신규_어휘_후보,,0,True
녹내장,0,명사,5,전문어(의학),신규_어휘_후보,,0,False
녹는점,0,명사,5,전문어(화학),신규_어휘_후보,,0,False
녹두새,0,명사,5,일반어,신규_어휘_후보,,0,False
녹두알,0,명사,5,일반어/일반어,신규_어휘_후보,,0,False
녹두죽,0,명사,5,일반어,신규_어휘_후보,,0,False
녹둔도,0,명사,5,전문어(지명),신규_어휘_후보,,0,False
녹말가루,0,명사,5,일반어/전문어(생명),신규_어휘_후보,,0,False
녹물,0,명사,5,일반어,신규_어휘_후보,,0,False
녹변,0,명사,5,일반어,신규_어휘_후보,,0,False
녹십자,0,명사,5,일반어,신규_어휘_후보,,0,False
녹음,2,명사,5,일반어,신규_어휘_후보,,0,True
녹조,2,명사,5,전문어(생명),신규_어휘_후보,,0,False
녹조류,0,명사,5,전문어(생명),신규_어휘_후보,,0,False
녹즙,0,명사,5,일반어,신규_어휘_후보,,0,False
녹화,1,명사,5,일반어,신규_어휘_후보,,0,True
녹회색,0,명사,5,일반어,신규_어휘_후보,,0,False
논갈이,0,명사,5,전문어(농업),신규_어휘_후보,,0,False
논거,0,명사,5,일반어,기존_콘텐츠와_연결_후보,SR_L5CORE_4857,1,False
논고,2,명사,5,일반어/전문어(법률),신규_어휘_후보,,0,True
논고,3,명사,5,일반어,신규_어휘_후보,,0,True
논두렁길,0,명사,5,일반어,신규_어휘_후보,,0,False
논리력,0,명사,5,일반어,신규_어휘_후보,,0,False
논리학,1,명사,5,전문어(철학),신규_어휘_후보,,0,False
논박,0,명사,5,일반어,신규_어휘_후보,,0,False
논벌,0,명사,5,일반어,신규_어휘_후보,,0,False
논법,0,명사,5,일반어,신규_어휘_후보,,0,False
논설위원,0,명사,5,일반어,신규_어휘_후보,,0,False
논술,1,명사,5,일반어,기존_콘텐츠와_연결_후보,SR_L5CORE_4859,1,False
논어,0,명사,5,전문어(책명),신규_어휘_후보,,0,False
논점,0,명사,5,일반어,신규_어휘_후보,,0,False
논제,0,명사,5,일반어/전문어(역사)/전문어(역사),신규_어휘_후보,,0,False
논증,2,명사,5,일반어,기존_콘텐츠와_연결_후보,SR_L6COREV2_4992,1,False
논증하다,2,동사,5,일반어,신규_어휘_후보,,0,False
논지,2,명사,5,일반어,기존_콘텐츠와_연결_후보,SR_L6COREV2_4993,1,False
논평,0,명사,5,일반어,신규_어휘_후보,,0,False
논평하다,0,동사,5,일반어,신규_어휘_후보,,0,False
놀,1,명사,5,일반어,신규_어휘_후보,,0,False
놀람,0,명사,5,일반어,신규_어휘_후보,,0,False
놀림,3,명사,5,일반어,신규_어휘_후보,,0,True
놀부전,0,명사,5,전문어(문학),신규_어휘_후보,,0,False
놀아나다,0,동사,5,일반어/일반어/일반어/일반어,신규_어휘_후보,,0,False
놀이마당,0,명사,5,일반어,신규_어휘_후보,,0,False
놋,0,명사,5,전문어(공업),신규_어휘_후보,,0,False
놋그릇,0,명사,5,일반어,신규_어휘_후보,,0,False
놋수저,0,명사,5,일반어/일반어,신규_어휘_후보,,0,False
놋숟가락,0,명사,5,일반어,신규_어휘_후보,,0,False
놋화로,0,명사,5,일반어,신규_어휘_후보,,0,False
농,2,명사,5,일반어,신규_어휘_후보,,0,True
농,4,명사,5,일반어,신규_어휘_후보,,0,True
농,5,명사,5,일반어/일반어/일반어/일반어,신규_어휘_후보,,0,True
농고,0,명사,5,전문어(교육),신규_어휘_후보,,0,False
농공,1,명사,5,일반어/일반어,신규_어휘_후보,,0,False
농과,0,명사,5,전문어(교육)/전문어(교육),신규_어휘_후보,,0,False
농군,1,명사,5,일반어/일반어,신규_어휘_후보,,0,False
농단,0,명사,5,일반어/일반어,신규_어휘_후보,,0,False
농담,3,명사,5,일반어/일반어/일반어,신규_어휘_후보,,0,True
농락,0,명사,5,일반어,신규_어휘_후보,,0,False
농로,2,명사,5,일반어,신규_어휘_후보,,0,False
농림부,0,명사,5,전문어(법률),신규_어휘_후보,,0,False
농립,0,명사,5,일반어,신규_어휘_후보,,0,False
농부가,0,명사,5,전문어(문학)/전문어(음악),신규_어휘_후보,,0,False
농사법,0,명사,5,일반어,신규_어휘_후보,,0,False
농사직설,0,명사,5,전문어(책명),신규_어휘_후보,,0,False
농산,0,명사,5,일반어,신규_어휘_후보,,0,False
농산품,0,명사,5,일반어,신규_어휘_후보,,0,False
농성,3,명사,5,일반어/일반어,신규_어휘_후보,,0,False
농아,2,명사,5,일반어/일반어,신규_어휘_후보,,0,False
농어,0,명사,5,전문어(동물),신규_어휘_후보,,0,False
농요,0,명사,5,일반어,신규_어휘_후보,,0,False
농익다,0,동사,5,일반어/일반어/일반어,신규_어휘_후보,,0,False
농지세,0,명사,5,전문어(법률),신규_어휘_후보,,0,False
농축,2,명사,5,일반어,신규_어휘_후보,,0,False
농축되다,0,동사,5,일반어/일반어,신규_어휘_후보,,0,False
농축산물,0,명사,5,일반어,신규_어휘_후보,,0,False
농학,0,명사,5,일반어,신규_어휘_후보,,0,False
농학자,0,명사,5,일반어,신규_어휘_후보,,0,False
농한기,0,명사,5,일반어,신규_어휘_후보,,0,False
농후하다,0,형용사,5,일반어/일반어,신규_어휘_후보,,0,False
높새바람,0,명사,5,일반어,신규_어휘_후보,,0,False
높은음자리표,0,명사,5,전문어(음악),신규_어휘_후보,,0,False
높직이,0,부사,5,일반어,신규_어휘_후보,,0,False
높직하다,0,형용사,5,일반어,신규_어휘_후보,,0,False
놓아기르다,0,동사,5,일반어,신규_어휘_후보,,0,False
뇌관,0,명사,5,일반어,신규_어휘_후보,,0,False
뇌까리다,0,동사,5,일반어/일반어,신규_어휘_후보,,0,False
뇌다,3,동사,5,일반어,신규_어휘_후보,,0,False
뇌막염,0,명사,5,전문어(의학),신규_어휘_후보,,0,False
뇌사,3,명사,5,전문어(의학),신규_어휘_후보,,0,False
뇌성,0,명사,5,일반어,신규_어휘_후보,,0,False
뇌수,3,명사,5,전문어(의학),신규_어휘_후보,,0,False
뇌일혈,0,명사,5,전문어(의학),신규_어휘_후보,,0,False
뇌종양,0,명사,5,전문어(의학),신규_어휘_후보,,0,False
뇌진탕,0,명사,5,전문어(의학),신규_어휘_후보,,0,False
뇌출혈,0,명사,5,전문어(의학),신규_어휘_후보,,0,False
누각,2,명사,5,일반어/일반어,신규_어휘_후보,,0,False
누계,1,명사,5,일반어,신규_어휘_후보,,0,False
누드,0,명사,5,일반어/전문어(미술),신규_어휘_후보,,0,False
누드모델,0,명사,5,일반어,신규_어휘_후보,,0,False
누락,0,명사,5,일반어,신규_어휘_후보,,0,False
누레지다,0,동사,5,일반어,신규_어휘_후보,,0,False
누룩,0,명사,5,일반어,신규_어휘_후보,,0,False
누른빛,0,명사,5,일반어,신규_어휘_후보,,0,False
누릇누릇,0,부사,5,일반어/일반어,신규_어휘_후보,,0,False
누리꾼,0,명사,5,일반어,신규_어휘_후보,,0,False
누리다,2,형용사,5,일반어/일반어/일반어,신규_어휘_후보,,0,False
누린내,0,명사,5,일반어/일반어,신규_어휘_후보,,0,False
누비,1,명사,5,일반어,신규_어휘_후보,,0,False
누비옷,0,명사,5,일반어,신규_어휘_후보,,0,False
누설,2,명사,5,일반어/일반어,신규_어휘_후보,,0,False
누설하다,1,동사,5,일반어/일반어,신규_어휘_후보,,0,False
누수,4,명사,5,일반어/일반어,신규_어휘_후보,,0,False
누에나방,0,명사,5,전문어(동물),신규_어휘_후보,,0,False
누이다,5,동사,5,일반어,신규_어휘_후보,,0,True
누적,1,명사,5,일반어,신규_어휘_후보,,0,False
누적되다,1,동사,5,일반어,신규_어휘_후보,,0,False
누진세,0,명사,5,전문어(법률),신규_어휘_후보,,0,False
누차,2,명사/부사,5,일반어/일반어,신규_어휘_후보,,0,False
누출되다,0,동사,5,일반어/일반어,신규_어휘_후보,,0,False
누치,1,명사,5,전문어(동물),신규_어휘_후보,,0,False
눅다,0,동사/형용사,5,일반어/일반어/일반어/일반어/일반어/일반어/일반어,신규_어휘_후보,,0,False
눅이다,0,동사,5,일반어/일반어,신규_어휘_후보,,0,False
눈가림,0,명사,5,일반어,신규_어휘_후보,,0,False
눈감다,0,동사,5,일반어/일반어,신규_어휘_후보,,0,False
눈구멍,1,명사,5,일반어/일반어,신규_어휘_후보,,0,False
눈깔,0,명사,5,일반어,신규_어휘_후보,,0,False
눈꼬리,0,명사,5,일반어,신규_어휘_후보,,0,False
눈꼴,0,명사,5,일반어,신규_어휘_후보,,0,False
눈꼴시다,0,형용사,5,일반어,신규_어휘_후보,,0,False
눈대중,0,명사,5,일반어,신규_어휘_후보,,0,False
눈덩이,0,명사,5,일반어,신규_어휘_후보,,0,False
눈독,0,명사,5,일반어/일반어,신규_어휘_후보,,0,False
눈두덩이,0,명사,5,일반어,신규_어휘_후보,,0,False
눈물범벅,0,명사,5,일반어/일반어,신규_어휘_후보,,0,False
눈물주머니,0,명사,5,전문어(의학),신규_어휘_후보,,0,False
눈바람,0,명사,5,일반어/일반어,신규_어휘_후보,,0,False
눈서리,0,명사,5,일반어,신규_어휘_후보,,0,False
눈속임,0,명사,5,일반어,신규_어휘_후보,,0,False
눈썹연필,0,명사,5,일반어,신규_어휘_후보,,0,False
눈약,0,명사,5,전문어(약학),신규_어휘_후보,,0,False
눈어림,0,명사,5,일반어,신규_어휘_후보,,0,False
눈엣가시,0,명사,5,일반어/일반어,신규_어휘_후보,,0,False
눈여기다,0,동사,5,일반어,신규_어휘_후보,,0,False
눈요깃감,0,명사,5,일반어,신규_어휘_후보,,0,False
눈요깃거리,0,명사,5,일반어,신규_어휘_후보,,0,False
눈주름,0,명사,5,일반어,신규_어휘_후보,,0,False
눈짐작,0,명사,5,일반어,신규_어휘_후보,,0,False
눈치껏,0,부사,5,일반어,신규_어휘_후보,,0,False
눈치코치,0,명사,5,일반어,신규_어휘_후보,,0,False
눈칫밥,0,명사,5,일반어,신규_어휘_후보,,0,False
눈퉁이,0,명사,5,일반어,신규_어휘_후보,,0,False
눋다,0,동사,5,일반어,신규_어휘_후보,,0,False
눌변,0,명사,5,일반어,신규_어휘_후보,,0,False
눌어붙다,0,동사,5,일반어/일반어,신규_어휘_후보,,0,False
눌은밥,0,명사,5,일반어,신규_어휘_후보,,0,False
뉘,1,명사,5,일반어,신규_어휘_후보,,0,False
뉴런,0,명사,5,전문어(의학),신규_어휘_후보,,0,False
뉴욕,0,명사,5,전문어(지명),신규_어휘_후보,,0,False
뉴질랜드,0,명사,5,전문어(지명),신규_어휘_후보,,0,False
느글느글,0,부사,5,일반어,신규_어휘_후보,,0,False
느글느글하다,0,동사/형용사,5,일반어/일반어,신규_어휘_후보,,0,False
느긋하다,1,형용사,5,일반어,신규_어휘_후보,,0,True
느껍다,0,형용사,5,일반어,신규_어휘_후보,,0,False
느릅나무,0,명사,5,전문어(식물),신규_어휘_후보,,0,False
느직이,0,부사,5,일반어/일반어/일반어,신규_어휘_후보,,0,False
느타리,0,명사,5,전문어(식물),신규_어휘_후보,,0,False
늑골,0,명사,5,전문어(의학)/일반어,신규_어휘_후보,,0,False
늑막,0,명사,5,전문어(의학),신규_어휘_후보,,0,False
늑막염,0,명사,5,전문어(의학),신규_어휘_후보,,0,False
늑목,0,명사,5,전문어(체육),신규_어휘_후보,,0,False
늑장,1,명사,5,일반어,신규_어휘_후보,,0,False
는개,0,명사,5,일반어,신규_어휘_후보,,0,False
늘어세우다,0,동사,5,일반어,신규_어휘_후보,,0,False
늘임봉,0,명사,5,일반어,신규_어휘_후보,,0,False
늘푸른나무,0,명사,5,전문어(식물),신규_어휘_후보,,0,False
늙수그레하다,0,형용사,5,일반어,신규_어휘_후보,,0,False
늙은것,0,명사,5,일반어/일반어,신규_어휘_후보,,0,False
늠름히,1,부사,5,일반어,신규_어휘_후보,,0,False
능,4,명사,5,전문어(역사),신규_어휘_후보,,0,False
능가,0,명사,5,일반어,신규_어휘_후보,,0,False
능글거리다,0,동사,5,일반어,신규_어휘_후보,,0,False
능글능글하다,0,형용사,5,일반어,신규_어휘_후보,,0,False
능글맞다,0,형용사,5,일반어,신규_어휘_후보,,0,False
능금,1,명사,5,일반어/일반어,신규_어휘_후보,,0,False
능동성,0,명사,5,일반어,신규_어휘_후보,,0,False
능동적,0,명사/관형사,5,일반어/일반어,신규_어휘_후보,,0,False
능동태,0,명사,5,전문어(언어),신규_어휘_후보,,0,False
능란하다,2,형용사,5,일반어,신규_어휘_후보,,0,False
능멸,0,명사,5,일반어,신규_어휘_후보,,0,False
능멸하다,0,동사,5,일반어,신규_어휘_후보,,0,False
능사,2,명사,5,일반어/일반어,신규_어휘_후보,,0,False
능선,1,명사,5,일반어,신규_어휘_후보,,0,False
능수능란하다,0,형용사,5,일반어,신규_어휘_후보,,0,False
능수버들,0,명사,5,전문어(식물),신규_어휘_후보,,0,False
능지처참,0,명사,5,전문어(역사),신규_어휘_후보,,0,False
능청맞다,0,형용사,5,일반어,신규_어휘_후보,,0,False
능청스럽다,0,형용사,5,일반어,신규_어휘_후보,,0,False
능통하다,2,형용사,5,일반어,신규_어휘_후보,,0,False
늦깎이,0,명사,5,일반어/일반어/일반어/일반어,신규_어휘_후보,,0,False
늦더위,0,명사,5,일반어,신규_어휘_후보,,0,False
늦되다,0,동사,5,일반어/일반어/일반어,신규_어휘_후보,,0,False
늦둥이,0,명사,5,일반어/일반어,신규_어휘_후보,,0,False
늦서리,0,명사,5,일반어,신규_어휘_후보,,0,False
늦장,1,명사,5,일반어,신규_어휘_후보,,0,False
늦장가,0,명사,5,일반어,신규_어휘_후보,,0,False
늦장마,0,명사,5,일반어,신규_어휘_후보,,0,False
늦추위,0,명사,5,일반어,신규_어휘_후보,,0,False
늪가,0,명사,5,일반어,신규_어휘_후보,,0,False
늴리리,0,부사,5,일반어,신규_어휘_후보,,0,False
닁큼,0,부사,5,일반어,신규_어휘_후보,,0,False
니글거리다,0,동사,5,일반어,신규_어휘_후보,,0,False
니글니글,0,부사,5,일반어,신규_어휘_후보,,0,False
니나노,0,명사/감탄사,5,일반어/일반어,신규_어휘_후보,,0,False
니스,2,명사,5,전문어(화학),신규_어휘_후보,,0,False
니카라과,0,명사,5,전문어(지명),신규_어휘_후보,,0,False
니켈,0,명사,5,전문어(화학),신규_어휘_후보,,0,False
니퍼,0,명사,5,전문어(공업),신규_어휘_후보,,0,False
다각도로,0,부사,5,일반어,신규_어휘_후보,,0,False
다감하다,0,형용사,5,일반어,신규_어휘_후보,,0,False
다과,3,명사,5,일반어,신규_어휘_후보,,0,True
다과,4,명사,5,일반어,신규_어휘_후보,,0,True
다년간,0,명사/부사,5,일반어/일반어,신규_어휘_후보,,0,False
다뉴세문경,0,명사,5,전문어(역사),신규_어휘_후보,,0,False
다단,1,명사,5,일반어,신규_어휘_후보,,0,False
다달이,0,부사,5,일반어,신규_어휘_후보,,0,False
다도,0,명사,5,일반어,신규_어휘_후보,,0,False
다도해,2,명사,5,전문어(해양)/전문어(지명)/전문어(해양),신규_어휘_후보,,0,False
다독,2,명사,5,일반어,신규_어휘_후보,,0,False
다득점,0,명사,5,일반어,신규_어휘_후보,,0,False
다듬이,0,명사,5,일반어/일반어/일반어,신규_어휘_후보,,0,False
다듬이질하다,0,동사,5,일반어,신규_어휘_후보,,0,False
다듬잇돌,0,명사,5,일반어,신규_어휘_후보,,0,False
다듬잇방망이,0,명사,5,일반어,신규_어휘_후보,,0,False
다듬질,0,명사,5,일반어/일반어,신규_어휘_후보,,0,False
다랑어,0,명사,5,전문어(동물)/전문어(동물),신규_어휘_후보,,0,False
다리밟기,0,명사,5,전문어(민속),신규_어휘_후보,,0,False
다리품,0,명사,5,일반어,신규_어휘_후보,,0,False
다릿목,0,명사,5,일반어,신규_어휘_후보,,0,False
다면체,0,명사,5,전문어(수학),신규_어휘_후보,,0,False
다문화,0,명사,5,일반어,신규_어휘_후보,,0,False
다물리다,1,동사,5,일반어,신규_어휘_후보,,0,False
다반사,0,명사,5,일반어,신규_어휘_후보,,0,False
다변,2,명사,5,일반어,신규_어휘_후보,,0,False
다변적,0,명사/관형사,5,일반어/일반어,신규_어휘_후보,,0,False
다복솔,0,명사,5,전문어(식물),신규_어휘_후보,,0,False
다복하다,2,형용사,5,일반어,신규_어휘_후보,,0,False
다부지다,0,형용사,5,일반어/일반어/일반어,신규_어휘_후보,,0,False
다북쑥,0,명사,5,전문어(식물),신규_어휘_후보,,0,False
다분히,0,부사,5,일반어,신규_어휘_후보,,0,False
다사롭다,1,형용사,5,일반어,신규_어휘_후보,,0,False
다산,1,명사,5,일반어/일반어,신규_어휘_후보,,0,False
다색,1,명사,5,일반어,신규_어휘_후보,,0,False
다세포,0,명사,5,전문어(생명),신규_어휘_후보,,0,False
다소,1,명사/부사,5,일반어/일반어,신규_어휘_후보,,0,False
다소곳하다,0,형용사,5,일반어/일반어/일반어,신규_어휘_후보,,0,False
다수당,0,명사,5,전문어(정치),신규_어휘_후보,,0,False
다수확,0,명사,5,일반어,신규_어휘_후보,,0,False
다스,1,의존 명사,5,일반어,신규_어휘_후보,,0,False
다시없다,0,형용사,5,일반어,신규_어휘_후보,,0,False
다식판,0,명사,5,일반어,신규_어휘_후보,,0,False
다신교,0,명사,5,전문어(종교 일반),신규_어휘_후보,,0,False
다양화되다,0,동사,5,일반어,신규_어휘_후보,,0,False
다이오드,0,명사,5,전문어(물리),신규_어휘_후보,,0,False
다작,0,명사,5,일반어/일반어,신규_어휘_후보,,0,False
다장조,0,명사,5,전문어(음악),신규_어휘_후보,,0,False
다재다능하다,0,형용사,5,일반어,신규_어휘_후보,,0,False
다정스레,0,부사,5,일반어,신규_어휘_후보,,0,False
다중,1,명사,5,일반어,신규_어휘_후보,,0,False
다층,0,명사,5,일반어,신규_어휘_후보,,0,False
다툼질,0,명사,5,일반어/일반어,신규_어휘_후보,,0,False
다혈질,0,명사,5,전문어(심리),신규_어휘_후보,,0,False
다홍,0,명사,5,일반어/일반어,신규_어휘_후보,,0,False
다홍치마,0,명사,5,일반어/일반어,신규_어휘_후보,,0,False
닥종이,0,명사,5,일반어,신규_어휘_후보,,0,False
닥지닥지,0,부사,5,일반어/일반어,신규_어휘_후보,,0,False
닦달하다,0,동사,5,일반어/일반어,신규_어휘_후보,,0,False
닦아세우다,0,동사,5,일반어,신규_어휘_후보,,0,False
단,2,명사,5,일반어,신규_어휘_후보,,0,True
단,17,명사,5,일반어/일반어/전문어(불교),신규_어휘_후보,,0,True
단가,2,명사,5,일반어,신규_어휘_후보,,0,False
단검,0,명사,5,일반어,신규_어휘_후보,,0,False
단결되다,0,동사,5,일반어,신규_어휘_후보,,0,False
단결심,0,명사,5,일반어,신규_어휘_후보,,0,False
단과,4,명사,5,일반어,신규_어휘_후보,,0,False
단군기원,0,명사,5,일반어,신규_어휘_후보,,0,False
단기,10,명사,5,일반어,신규_어휘_후보,,0,True
단김에,0,부사,5,일반어/일반어,신규_어휘_후보,,0,False
단꿈,0,명사,5,일반어,신규_어휘_후보,,0,False
단내,1,명사,5,일반어,신규_어휘_후보,,0,False
단답형,0,명사,5,전문어(교육),신규_어휘_후보,,0,False
단도,2,명사,5,일반어,신규_어휘_후보,,0,False
단도직입적,0,명사/관형사,5,일반어/일반어,신규_어휘_후보,,0,False
단두대,0,명사,5,일반어,신규_어휘_후보,,0,False
단락,1,명사,5,일반어/전문어(언어),신규_어휘_후보,,0,False
단막극,2,명사,5,전문어(연기),신규_어휘_후보,,0,True
단말기,0,명사,5,전문어(정보·통신),신규_어휘_후보,,0,False
단명,4,명사,5,일반어,신규_어휘_후보,,0,False
단명하다,2,형용사,5,일반어,신규_어휘_후보,,0,False
단문,3,명사,5,일반어/일반어,신규_어휘_후보,,0,False
단물,1,명사,5,일반어/일반어/일반어/전문어(화학),신규_어휘_후보,,0,False
단발머리,0,명사,5,일반어,신규_어휘_후보,,0,False
단벌,0,명사,5,일반어/일반어,신규_어휘_후보,,0,False
단복,3,명사,5,일반어,신규_어휘_후보,,0,False
단색,2,명사,5,일반어,신규_어휘_후보,,0,False
단선,3,명사,5,일반어/전문어(교통),신규_어휘_후보,,0,False
단세포,0,명사,5,전문어(생명)/일반어,신규_어휘_후보,,0,False
단소,4,명사,5,전문어(음악),신규_어휘_후보,,0,False
단수,2,명사,5,일반어/일반어,신규_어휘_후보,,0,True
단수,4,명사,5,일반어/전문어(언어),신규_어휘_후보,,0,True
단수,9,명사,5,일반어/일반어,신규_어휘_후보,,0,True
단순화,0,명사,5,일반어,신규_어휘_후보,,0,False
단술,1,명사,5,일반어,신규_어휘_후보,,0,False
단시일,0,명사,5,일반어,신규_어휘_후보,,0,False
단식하다,0,동사,5,일반어,신규_어휘_후보,,0,False
단신,1,명사,5,일반어/일반어,신규_어휘_후보,,0,True
단신,2,명사,5,일반어,신규_어휘_후보,,0,True
단심,0,명사,5,일반어,신규_어휘_후보,,0,False
단심가,0,명사,5,전문어(문학),신규_어휘_후보,,0,False
단언,1,명사,5,일반어,신규_어휘_후보,,0,False
단역,0,명사,5,전문어(영상),신규_어휘_후보,,0,False
단열재,0,명사,5,전문어(건설),신규_어휘_후보,,0,False
단엽,0,명사,5,전문어(식물)/전문어(식물)/전문어(교통),신규_어휘_후보,,0,False
단오절,0,명사,5,전문어(민속),신규_어휘_후보,,0,False
단위계,0,명사,5,전문어(물리),신규_어휘_후보,,0,False
단음,2,명사,5,전문어(언어),신규_어휘_후보,,0,False
단일하다,0,형용사,5,일반어/일반어/일반어,신규_어휘_후보,,0,False
단일화,0,명사,5,일반어,신규_어휘_후보,,0,False
단자,5,명사,5,전문어(전기·전자),신규_어휘_후보,,0,False
단장,3,명사,5,일반어,신규_어휘_후보,,0,True
단적,0,명사/관형사,5,일반어/일반어,신규_어휘_후보,,0,False
단전,1,명사,5,일반어/일반어,신규_어휘_후보,,0,True
단전,5,명사,5,일반어,신규_어휘_후보,,0,True
단절,5,명사,5,일반어/일반어,신규_어휘_후보,,0,False
단절하다,4,동사,5,일반어,신규_어휘_후보,,0,False
단정,8,명사,5,일반어,신규_어휘_후보,,0,False
단정적,0,명사/관형사,5,일반어/일반어,신규_어휘_후보,,0,False
단정코,0,부사,5,일반어,신규_어휘_후보,,0,False
단정학,0,명사,5,전문어(동물),신규_어휘_후보,,0,False
단조,4,명사,5,전문어(음악),신규_어휘_후보,,0,False
단지,1,명사,5,일반어,신규_어휘_후보,,0,True
단체복,0,명사,5,일반어,신규_어휘_후보,,0,False
단체적,0,명사/관형사,5,일반어/일반어,신규_어휘_후보,,0,False
단축키,0,명사,5,전문어(정보·통신),신규_어휘_후보,,0,False
단층,1,명사,5,일반어/일반어/전문어(지구),신규_어휘_후보,,0,True
단층집,0,명사,5,일반어,신규_어휘_후보,,0,False
단칸,0,명사,5,일반어,신규_어휘_후보,,0,False
단타,2,명사,5,전문어(체육),신규_어휘_후보,,0,False
단판,1,명사/부사,5,일반어/일반어,신규_어휘_후보,,0,False
단편,1,명사,5,전문어(문학)/전문어(문학),신규_어휘_후보,,0,False
단편적,0,명사/관형사,5,일반어/일반어,신규_어휘_후보,,0,False
단평,1,명사,5,일반어,신규_어휘_후보,,0,False
단합되다,0,동사,5,일반어,신규_어휘_후보,,0,False
단합하다,0,동사,5,일반어,신규_어휘_후보,,0,False
단행,4,명사,5,일반어,신규_어휘_후보,,0,False
단행본,0,명사,5,전문어(매체),신규_어휘_후보,,0,False
달각달각,0,부사,5,일반어,신규_어휘_후보,,0,False
달갑다,0,형용사,5,일반어,신규_어휘_후보,,0,False
달개비,0,명사,5,일반어,신규_어휘_후보,,0,False
달걀덮밥,0,명사,5,일반어,신규_어휘_후보,,0,False
달걀빛,0,명사,5,일반어,신규_어휘_후보,,0,False
달걀지단,0,명사,5,일반어,신규_어휘_후보,,0,False
달구지,0,명사,5,일반어/일반어,신규_어휘_후보,,0,False
달그림자,0,명사,5,일반어/일반어,신규_어휘_후보,,0,False
달덩이,0,명사,5,일반어/일반어,신규_어휘_후보,,0,False
달떡,0,명사,5,일반어/일반어,신규_어휘_후보,,0,False
달랑,1,부사,5,일반어/일반어/일반어,신규_어휘_후보,,0,False
달랑거리다,0,동사,5,일반어/일반어,신규_어휘_후보,,0,False
달랑게,0,명사,5,전문어(동물),신규_어휘_후보,,0,False
달러,0,명사/의존 명사,5,일반어/일반어/일반어/일반어,신규_어휘_후보,,0,False
달러화,0,명사,5,일반어,신규_어휘_후보,,0,False
달무리,0,명사,5,일반어,신규_어휘_후보,,0,False
달변,2,명사,5,일반어/일반어,신규_어휘_후보,,0,False
달변가,0,명사,5,일반어,신규_어휘_후보,,0,False
달보드레하다,0,형용사,5,일반어,신규_어휘_후보,,0,False
달싹달싹,0,부사,5,일반어/일반어/일반어,신규_어휘_후보,,0,False
달싹이다,0,동사,5,일반어/일반어/일반어,신규_어휘_후보,,0,False
달아매다,0,동사,5,일반어/일반어,신규_어휘_후보,,0,False
달음,0,명사,5,일반어/일반어,신규_어휘_후보,,0,False
달음질,0,명사,5,일반어/일반어,신규_어휘_후보,,0,False
달이다,0,동사,5,일반어/일반어,신규_어휘_후보,,0,False
달집,0,명사,5,전문어(민속),신규_어휘_후보,,0,False
달집태우기,0,명사,5,전문어(민속),신규_어휘_후보,,0,False
달착지근하다,0,형용사,5,일반어,신규_어휘_후보,,0,False
달팽이관,0,명사,5,전문어(동물),신규_어휘_후보,,0,False
달포,0,명사,5,일반어,신규_어휘_후보,,0,False
달필,0,명사,5,일반어/일반어,신규_어휘_후보,,0,False
닭곰,0,명사,5,일반어,신규_어휘_후보,,0,False
닭곰탕,0,명사,5,일반어,신규_어휘_후보,,0,False
닭똥집,0,명사,5,일반어,신규_어휘_후보,,0,False
닭볶음탕,0,명사,5,일반어,신규_어휘_후보,,0,False
닮음비,0,명사,5,전문어(수학),신규_어휘_후보,,0,False
닳아빠지다,0,동사,5,일반어,신규_어휘_후보,,0,False
담,7,명사,5,전문어(의학)/전문어(한의),신규_어휘_후보,,0,True
담,9,명사,5,일반어/전문어(의학),신규_어휘_후보,,0,True
담금질,0,명사,5,전문어(공업)/일반어/일반어,신규_어휘_후보,,0,False
담낭,0,명사,5,전문어(의학),신규_어휘_후보,,0,False
담담하다,1,형용사,5,일반어/일반어/일반어/일반어/일반어,신규_어휘_후보,,0,False
담뱃재,0,명사,5,일반어,신규_어휘_후보,,0,False
담보,2,명사,5,일반어/전문어(법률),신규_어휘_후보,,0,False
담뿍,0,부사,5,일반어/일반어,신규_어휘_후보,,0,False
담색,0,명사,5,일반어,신규_어휘_후보,,0,False
담소,2,명사,5,일반어,신규_어휘_후보,,0,False
담소하다,1,형용사,5,일반어,신규_어휘_후보,,0,False
담소하다,2,동사,5,일반어,신규_어휘_후보,,0,False
담수,1,명사,5,일반어,신규_어휘_후보,,0,False
담수어,0,명사,5,전문어(동물),신규_어휘_후보,,0,False
담수호,0,명사,5,전문어(지구),신규_어휘_후보,,0,False
담수화,0,명사,5,일반어,신규_어휘_후보,,0,False
담양,0,명사,5,전문어(지명),신규_어휘_후보,,0,False
담쟁이넝쿨,0,명사,5,전문어(식물),신규_어휘_후보,,0,False
담즙,0,명사,5,전문어(생명),신규_어휘_후보,,0,False
담채,1,명사,5,일반어/전문어(미술),신규_어휘_후보,,0,False
담채화,0,명사,5,전문어(미술),신규_어휘_후보,,0,False
담판,0,명사,5,일반어,신규_어휘_후보,,0,False
담합,0,명사,5,일반어/전문어(법률),신규_어휘_후보,,0,False
담황색,0,명사,5,일반어,신규_어휘_후보,,0,False
답글,0,명사,5,전문어(매체)/전문어(매체),신규_어휘_후보,,0,False
답사,3,명사,5,일반어/일반어/전문어(가톨릭),신규_어휘_후보,,0,True
답사하다,1,동사,5,전문어(역사)/전문어(역사),신규_어휘_후보,,0,True
답사하다,3,동사,5,일반어/일반어/전문어(가톨릭),신규_어휘_후보,,0,True
답습,0,명사,5,일반어,신규_어휘_후보,,0,False
답습하다,0,동사,5,일반어,신규_어휘_후보,,0,False
답신,2,명사,5,일반어,신규_어휘_후보,,0,False
답지,1,명사,5,일반어,신규_어휘_후보,,0,False
당,4,명사,5,전문어(역사)/전문어(역사)/전문어(역사),신규_어휘_후보,,0,True
당,11,명사,5,전문어(생명),신규_어휘_후보,,0,True
당간,2,명사,5,전문어(불교),신규_어휘_후보,,0,False
당고모,0,명사,5,일반어,신규_어휘_후보,,0,False
당국,2,명사,5,일반어/일반어/전문어(체육),신규_어휘_후보,,0,False
당굿,0,명사,5,전문어(민속),신규_어휘_후보,,0,False
당권,2,명사,5,일반어,신규_어휘_후보,,0,False
당귀,0,명사,5,전문어(한의),신규_어휘_후보,,0,False
당김음,0,명사,5,전문어(음악),신규_어휘_후보,,0,False
당년,0,명사,5,일반어/일반어/일반어,신규_어휘_후보,,0,False
당대,2,명사,5,일반어/일반어/일반어,신규_어휘_후보,,0,False
당도,4,명사,5,일반어,신규_어휘_후보,,0,False
당돌히,0,부사,5,일반어/일반어,신규_어휘_후보,,0,False
당락,0,명사,5,일반어,신규_어휘_후보,,0,False
당류,2,명사,5,전문어(생명),신규_어휘_후보,,0,False
당리당략,0,명사,5,일반어,신규_어휘_후보,,0,False
당면,2,명사,5,일반어,신규_어휘_후보,,0,True
당면하다,1,동사,5,일반어/일반어,신규_어휘_후보,,0,False
당백전,0,명사,5,전문어(역사),신규_어휘_후보,,0,False
당산,2,명사,5,전문어(민속),신규_어휘_후보,,0,False
당산나무,0,명사,5,전문어(민속),신규_어휘_후보,,0,False
당선하다,2,동사,5,일반어/일반어,신규_어휘_후보,,0,False
당수,4,명사,5,일반어,신규_어휘_후보,,0,False
당숙,0,명사,5,일반어,신규_어휘_후보,,0,False
당숙모,0,명사,5,일반어,신규_어휘_후보,,0,False
당연시하다,0,동사,5,일반어,신규_어휘_후보,,0,False
당연지사,0,명사,5,일반어,신규_어휘_후보,,0,False
당원,2,명사,5,일반어/일반어,신규_어휘_후보,,0,False
당의,1,명사,5,일반어,신규_어휘_후보,,0,False
당일치기,0,명사,5,일반어,신규_어휘_후보,,0,False
당쟁,0,명사,5,전문어(역사),신규_어휘_후보,,0,False
당좌,1,명사,5,전문어(경제),신규_어휘_후보,,0,False
당직,2,명사,5,일반어,신규_어휘_후보,,0,False
당질,2,명사,5,일반어/전문어(화학),신규_어휘_후보,,0,False
당차다,0,형용사,5,일반어,신규_어휘_후보,,0,False
당착,0,명사,5,일반어/일반어,신규_어휘_후보,,0,False
당찮다,0,형용사,5,일반어,신규_어휘_후보,,0,False
당초,3,명사,5,일반어,신규_어휘_후보,,0,False
당초무늬,0,명사,5,전문어(공예),신규_어휘_후보,,0,False
당최,0,부사,5,일반어,신규_어휘_후보,,0,False
당파,2,명사,5,일반어/전문어(역사),신규_어휘_후보,,0,False
당혜,0,명사,5,일반어,신규_어휘_후보,,0,False
닻줄,0,명사,5,일반어,신규_어휘_후보,,0,False
닿소리,0,명사,5,전문어(언어),신규_어휘_후보,,0,False
대,2,명사,5,전문어(식물),신규_어휘_후보,,0,True
대,3,관형사,5,일반어,신규_어휘_후보,,0,False
대,7,명사/의존 명사,5,일반어/일반어/일반어/일반어/전문어(지구)/일반어/일반어,신규_어휘_후보,,0,True
대,12,명사/의존 명사,5,일반어/일반어/일반어/일반어,신규_어휘_후보,,0,True
대갓집,0,명사,5,일반어,신규_어휘_후보,,0,False
대강이,0,명사,5,일반어,신규_어휘_후보,,0,False
대검찰청,0,명사,5,전문어(법률),신규_어휘_후보,,0,False
대결하다,1,동사,5,일반어,신규_어휘_후보,,0,True
대경실색,0,명사,5,일반어,신규_어휘_후보,,0,False
대계,4,명사,5,일반어,신규_어휘_후보,,0,False
대공,4,명사,5,일반어/일반어,신규_어휘_후보,,0,True
대공,6,명사,5,일반어/일반어,신규_어휘_후보,,0,True
대공,10,명사,5,일반어,신규_어휘_후보,,0,True
대관,1,명사,5,전문어(역사)/전문어(역사)/전문어(역사)/전문어(역사)/전문어(역사),신규_어휘_후보,,0,False
대관령,0,명사,5,전문어(지명),신규_어휘_후보,,0,False
대관절,0,부사,5,일반어,신규_어휘_후보,,0,False
대광주리,0,명사,5,일반어,신규_어휘_후보,,0,False
대구포,0,명사,5,일반어,신규_어휘_후보,,0,False
대국,5,명사,5,일반어/일반어,신규_어휘_후보,,0,True
대권,3,명사,5,전문어(법률),신규_어휘_후보,,0,False
대그릇,0,명사,5,일반어,신규_어휘_후보,,0,False
대기만성,0,명사,5,일반어,신규_어휘_후보,,0,False
대기하다,1,동사,5,일반어,신규_어휘_후보,,0,True
대꼬챙이,0,명사,5,일반어,신규_어휘_후보,,0,False
대남,1,명사,5,일반어,신규_어휘_후보,,0,False
대님,0,명사,5,일반어,신규_어휘_후보,,0,False
대단원,1,명사,5,전문어(교육),신규_어휘_후보,,0,True
대단원,2,명사,5,일반어/전문어(문학),신규_어휘_후보,,0,True
대단위,0,명사,5,일반어,신규_어휘_후보,,0,False
대담하다,2,동사,5,일반어,신규_어휘_후보,,0,False
대대장,0,명사,5,전문어(군사),신규_어휘_후보,,0,False
대도시권,0,명사,5,일반어,신규_어휘_후보,,0,False
대도호부,0,명사,5,전문어(역사)/전문어(역사),신규_어휘_후보,,0,False
대독,4,명사,5,일반어,신규_어휘_후보,,0,False
대동,2,명사,5,일반어/일반어/일반어/전문어(음악),신규_어휘_후보,,0,False
대동강,2,명사,5,전문어(지명),신규_어휘_후보,,0,False
대동맥,0,명사,5,전문어(의학)/일반어,신규_어휘_후보,,0,False
대동법,0,명사,5,전문어(역사),신규_어휘_후보,,0,False
대동소이하다,0,형용사,5,일반어,신규_어휘_후보,,0,False
대두되다,0,동사,5,일반어,신규_어휘_후보,,0,False
대두하다,2,동사,5,일반어/일반어,신규_어휘_후보,,0,False
대들보,0,명사,5,전문어(건설)/일반어,신규_어휘_후보,,0,False
대등,4,명사,5,일반어,기존_콘텐츠와_연결_후보,SR_L5CORE_4868,1,False
대련하다,0,동사,5,전문어(체육),신규_어휘_후보,,0,False
대령,5,명사,5,일반어/일반어,신규_어휘_후보,,0,True
대례복,0,명사,5,전문어(복식),신규_어휘_후보,,0,False
대류,0,명사,5,전문어(물리),신규_어휘_후보,,0,False
대륙붕,0,명사,5,전문어(해양),신규_어휘_후보,,0,False
대리암,0,명사,5,전문어(광업),신규_어휘_후보,,0,False
대리자,0,명사,5,전문어(법률),신규_어휘_후보,,0,False
대리하다,1,동사,5,일반어,신규_어휘_후보,,0,False
대립적,0,명사/관형사,5,일반어/일반어,신규_어휘_후보,,0,False
대마,2,명사,5,전문어(식물),신규_어휘_후보,,0,False
대마도,2,명사,5,전문어(지명),신규_어휘_후보,,0,False
대만,2,명사,5,전문어(지명),신규_어휘_후보,,0,False
대만원,0,명사,5,일반어,신규_어휘_후보,,0,False
대망,5,명사,5,일반어,신규_어휘_후보,,0,False
대면,3,명사,5,일반어/전문어(수학),신규_어휘_후보,,0,False
대면하다,0,동사,5,일반어,신규_어휘_후보,,0,False
대명,1,명사,5,일반어/일반어,신규_어휘_후보,,0,False
대명천지,0,명사,5,일반어,신규_어휘_후보,,0,False
대모,3,명사,5,전문어(가톨릭),신규_어휘_후보,,0,False
대못,2,명사,5,전문어(건설),신규_어휘_후보,,0,False
대문간,0,명사,5,일반어,신규_어휘_후보,,0,False
대물리다,0,동사,5,일반어,신규_어휘_후보,,0,False
대물림,0,명사,5,일반어,신규_어휘_후보,,0,False
대미,3,명사,5,일반어,신규_어휘_후보,,0,True
대미,4,명사,5,일반어,신규_어휘_후보,,0,True
대바늘,0,명사,5,일반어,신규_어휘_후보,,0,False
대발,1,명사,5,일반어,신규_어휘_후보,,0,False
대밭,0,명사,5,일반어,신규_어휘_후보,,0,False
대법원장,0,명사,5,전문어(법률),신규_어휘_후보,,0,False
대병,1,명사,5,일반어,신규_어휘_후보,,0,False
대부,2,명사,5,일반어,신규_어휘_후보,,0,False
대부금,0,명사,5,일반어,신규_어휘_후보,,0,False
대부대,0,명사,5,일반어/일반어,신규_어휘_후보,,0,False
대분수,0,명사,5,전문어(수학),신규_어휘_후보,,0,False
대비,5,명사,5,전문어(역사),신규_어휘_후보,,0,True
대빵,0,부사,5,일반어,신규_어휘_후보,,0,False
대사,3,명사,5,일반어/일반어,신규_어휘_후보,,0,True
대사간,0,명사,5,전문어(역사),신규_어휘_후보,,0,False
대상,10,명사,5,일반어,신규_어휘_후보,,0,True
대서,5,명사,5,일반어/일반어/일반어,신규_어휘_후보,,0,False
대서양,0,명사,5,전문어(지명),신규_어휘_후보,,0,False
대서특필,0,명사,5,일반어,신규_어휘_후보,,0,False
대성,1,명사,5,일반어,신규_어휘_후보,,0,False
대성전,1,명사,5,일반어,신규_어휘_후보,,0,False
대성통곡,0,명사,5,일반어,신규_어휘_후보,,0,False
대성하다,1,동사,5,일반어,신규_어휘_후보,,0,False
대소,2,명사,5,일반어,신규_어휘_후보,,0,False
대소사,0,명사,5,일반어,신규_어휘_후보,,0,False
대소하다,1,동사,5,일반어,신규_어휘_후보,,0,False
대속하다,0,동사,5,일반어/전문어(기독교)/전문어(역사),신규_어휘_후보,,0,False
대수,14,명사,5,일반어,신규_어휘_후보,,0,True
대수학,0,명사,5,전문어(수학),신규_어휘_후보,,0,False
대숲,0,명사,5,일반어,신규_어휘_후보,,0,False
대승,2,명사,5,전문어(불교)/전문어(불교),신규_어휘_후보,,0,True
대승,3,명사,5,일반어,신규_어휘_후보,,0,True
대식가,0,명사,5,일반어,신규_어휘_후보,,0,False
대어,1,명사,5,일반어/일반어,신규_어휘_후보,,0,False
대업,0,명사,5,일반어/일반어,신규_어휘_후보,,0,False
대여료,0,명사,5,일반어,신규_어휘_후보,,0,False
대역,5,명사,5,전문어(연기),신규_어휘_후보,,0,False
대연회,0,명사,5,일반어,신규_어휘_후보,,0,False
대오리,0,명사,5,일반어,신규_어휘_후보,,0,False
대외,0,명사,5,일반어,신규_어휘_후보,,0,False
대용량,0,명사,5,일반어,신규_어휘_후보,,0,False
대용품,0,명사,5,일반어,신규_어휘_후보,,0,False
대웅전,0,명사,5,전문어(불교),신규_어휘_후보,,0,False
대음순,0,명사,5,전문어(의학),신규_어휘_후보,,0,False
대응각,0,명사,5,전문어(수학)/전문어(수학),신규_어휘_후보,,0,False
대응변,0,명사,5,전문어(수학),신규_어휘_후보,,0,False
대응점,0,명사,5,전문어(수학),신규_어휘_후보,,0,False
대의,3,명사,5,일반어/일반어,신규_어휘_후보,,0,False
대의명분,0,명사,5,일반어/일반어,신규_어휘_후보,,0,False
대의원,0,명사,5,일반어,신규_어휘_후보,,0,False
대인,5,명사,5,일반어,신규_어휘_후보,,0,True
대인기,0,명사,5,일반어,신규_어휘_후보,,0,False
대일,2,명사,5,일반어,신규_어휘_후보,,0,False
대입,1,품사 없음,5,일반어,신규_어휘_후보,,0,False
대자,2,명사,5,일반어/일반어,신규_어휘_후보,,0,False
대작,1,명사,5,일반어/일반어,신규_어휘_후보,,0,False
대장,13,명사,5,일반어/일반어,신규_어휘_후보,,0,True
대장군,0,명사,5,전문어(민속)/전문어(역사)/전문어(역사)/전문어(역사),신규_어휘_후보,,0,False
대저,2,부사,5,일반어,신규_어휘_후보,,0,False
대저울,0,명사,5,일반어,신규_어휘_후보,,0,False
대적,4,명사,5,일반어/일반어,신규_어휘_후보,,0,False
대적하다,0,동사,5,일반어/일반어,신규_어휘_후보,,0,False
대전제,0,명사,5,전문어(철학),신규_어휘_후보,,0,False
대절,4,명사,5,일반어,신규_어휘_후보,,0,False
대제학,0,명사,5,전문어(역사)/전문어(역사),신규_어휘_후보,,0,False
대조적,0,명사/관형사,5,일반어/일반어,신규_어휘_후보,,0,False
대조전,0,명사,5,전문어(역사),신규_어휘_후보,,0,False
대좌,2,명사,5,일반어,신규_어휘_후보,,0,False
대좌하다,1,동사,5,일반어,신규_어휘_후보,,0,False
대주,2,명사,5,일반어,신규_어휘_후보,,0,False
대주교,0,명사,5,전문어(가톨릭)/전문어(기독교),신규_어휘_후보,,0,False
대중,1,명사,5,일반어/일반어,신규_어휘_후보,,0,True
대중,3,명사,5,일반어,신규_어휘_후보,,0,True
대중가요,0,명사,5,전문어(음악),신규_어휘_후보,,0,False
대중오락,0,명사,5,일반어,신규_어휘_후보,,0,False
대중음식점,0,명사,5,일반어,신규_어휘_후보,,0,False
대중화,0,명사,5,일반어,신규_어휘_후보,,0,False
대질,0,명사,5,전문어(법률),신규_어휘_후보,,0,False
대짜,0,명사,5,일반어,신규_어휘_후보,,0,False
대차,8,명사,5,전문어(역사),신규_어휘_후보,,0,False
대차다,0,형용사,5,일반어,신규_어휘_후보,,0,False
대창,2,명사,5,일반어,신규_어휘_후보,,0,False
대천,1,명사,5,일반어/전문어(민속),신규_어휘_후보,,0,False
대청,3,명사,5,전문어(건설),신규_어휘_후보,,0,False
대청마루,0,명사,5,전문어(건설),신규_어휘_후보,,0,False
대청봉,0,명사,5,전문어(지명),신규_어휘_후보,,0,False
대추야자,0,명사,5,전문어(식물),신규_어휘_후보,,0,False
대출금,0,명사,5,일반어,신규_어휘_후보,,0,False
대취타,0,명사,5,전문어(음악),신규_어휘_후보,,0,False
대치,3,명사,5,일반어,신규_어휘_후보,,0,True
대치,4,명사,5,일반어,신규_어휘_후보,,0,True
대칭축,0,명사,5,전문어(수학),신규_어휘_후보,,0,False
대타,0,명사,5,전문어(체육)/전문어(체육)/일반어,신규_어휘_후보,,0,False
대통령령,0,명사,5,전문어(법률),신규_어휘_후보,,0,False
대통령제,0,명사,5,전문어(행정),신규_어휘_후보,,0,False
대파,3,명사,5,일반어,신규_어휘_후보,,0,False
대파하다,1,동사,5,일반어,신규_어휘_후보,,0,False
대패,1,명사,5,일반어,신규_어휘_후보,,0,True
대패,3,명사,5,일반어/일반어,신규_어휘_후보,,0,True
대패하다,0,동사,5,일반어/일반어,신규_어휘_후보,,0,False
대폭격,0,명사,5,일반어,신규_어휘_후보,,0,False
대풍,3,명사,5,일반어,신규_어휘_후보,,0,False
대풍년,0,명사,5,일반어,신규_어휘_후보,,0,False
대풍류,0,명사,5,전문어(음악),신규_어휘_후보,,0,False
대하,6,명사,5,전문어(동물),신규_어휘_후보,,0,True
대하드라마,0,명사,5,전문어(영상),신규_어휘_후보,,0,False
대하소설,0,명사,5,전문어(문학),신규_어휘_후보,,0,False
대학,2,명사,5,전문어(책명),신규_어휘_후보,,0,True
대학살,0,명사,5,일반어,신규_어휘_후보,,0,False
대학원생,0,명사,5,일반어,신규_어휘_후보,,0,False
대한,5,명사,5,일반어/일반어,신규_어휘_후보,,0,True
대합,0,명사,5,전문어(동물),신규_어휘_후보,,0,False
대해,2,명사,5,일반어,신규_어휘_후보,,0,False
대행,5,명사,5,일반어/일반어,신규_어휘_후보,,0,False
대행진,0,명사,5,일반어,신규_어휘_후보,,0,False
대형,5,명사,5,일반어,신규_어휘_후보,,0,True
대형화,0,명사,5,일반어,신규_어휘_후보,,0,False
대형화하다,0,동사,5,일반어,신규_어휘_후보,,0,False
대호,5,명사,5,일반어,신규_어휘_후보,,0,False
대화문,0,명사,5,일반어,신규_어휘_후보,,0,False
대화방,0,명사,5,전문어(정보·통신),신규_어휘_후보,,0,False
대화자,0,명사,5,일반어/전문어(법률),신규_어휘_후보,,0,False
대화체,0,명사,5,전문어(문학),신규_어휘_후보,,0,False
대환영,0,명사,5,일반어,신규_어휘_후보,,0,False
댑싸리,0,명사,5,전문어(식물),신규_어휘_후보,,0,False
댓돌,0,명사,5,일반어/일반어,신규_어휘_후보,,0,False
댓속,0,명사,5,일반어,신규_어휘_후보,,0,False
댓잎,0,명사,5,일반어,신규_어휘_후보,,0,False
댕강,2,부사,5,일반어/일반어/일반어/일반어,신규_어휘_후보,,0,False
더더군다나,0,부사,5,일반어,신규_어휘_후보,,0,False
더덕더덕,0,부사,5,일반어/일반어/일반어/일반어,신규_어휘_후보,,0,False
더디,0,부사,5,일반어,신규_어휘_후보,,0,False
더럭,0,부사,5,일반어,신규_어휘_후보,,0,False
더벅머리,1,명사,5,일반어/일반어,신규_어휘_후보,,0,False
더부살이,0,명사,5,일반어/일반어/일반어,신규_어휘_후보,,0,False
더불다,0,동사,5,일반어/일반어/일반어,신규_어휘_후보,,0,False
더없다,0,형용사,5,일반어,신규_어휘_후보,,0,False
더욱더욱,0,부사,5,일반어,신규_어휘_후보,,0,False
덕망,0,명사,5,일반어,신규_어휘_후보,,0,False
덕석,0,명사,5,일반어,신규_어휘_후보,,0,False
덕성,1,명사,5,일반어,신규_어휘_후보,,0,False
덕장,0,명사,5,일반어,신규_어휘_후보,,0,False
덕행,0,명사,5,일반어,신규_어휘_후보,,0,False
덜렁,2,부사,5,일반어/일반어/일반어,신규_어휘_후보,,0,False
덜미,1,명사,5,일반어/일반어,신규_어휘_후보,,0,False
덜커덩덜커덩,0,부사,5,일반어,신규_어휘_후보,,0,False
덜컥,2,부사,5,일반어,신규_어휘_후보,,0,True
덤덤하다,0,형용사,5,일반어/일반어/일반어,신규_어휘_후보,,0,False
덤벙덤벙,1,부사,5,일반어,신규_어휘_후보,,0,False
덤터기,0,명사,5,일반어/일반어,신규_어휘_후보,,0,False
덤핑,0,명사,5,전문어(경영)/전문어(경제),신규_어휘_후보,,0,False
덥히다,0,동사,5,일반어/일반어/일반어,신규_어휘_후보,,0,False
덧문,0,명사,5,일반어/일반어,신규_어휘_후보,,0,False
덧보태다,0,동사,5,일반어,신규_어휘_후보,,0,False
덧붙다,0,동사,5,일반어/일반어,신규_어휘_후보,,0,False
덧세우다,0,동사,5,일반어,신규_어휘_후보,,0,False
덧씌우다,0,동사,5,일반어/일반어,신규_어휘_후보,,0,False
덧없이,0,부사,5,일반어/일반어/일반어,신규_어휘_후보,,0,False
덧입다,0,동사,5,일반어,신규_어휘_후보,,0,False
덧저고리,0,명사,5,일반어,신규_어휘_후보,,0,False
덧칠,0,명사,5,일반어/전문어(공예),신규_어휘_후보,,0,False
덩,2,명사,5,전문어(음악),신규_어휘_후보,,0,False
덩굴손,0,명사,5,전문어(식물),신규_어휘_후보,,0,False
덩굴풀,0,명사,5,전문어(식물),신규_어휘_후보,,0,False
덩그러니,0,부사,5,일반어/일반어,신규_어휘_후보,,0,False
덩어리지다,0,동사,5,일반어,신규_어휘_후보,,0,False
덩이뿌리,0,명사,5,전문어(식물),신규_어휘_후보,,0,False
덩이지다,0,동사,5,일반어,신규_어휘_후보,,0,False
덮쳐들다,0,동사,5,일반어,신규_어휘_후보,,0,False
데릴사위,0,명사,5,일반어,신규_어휘_후보,,0,False
데면데면하다,0,형용사,5,일반어/일반어,신규_어휘_후보,,0,False
데모,0,명사,5,일반어/전문어(정보·통신),신규_어휘_후보,,0,False
데뷔하다,0,동사,5,일반어,신규_어휘_후보,,0,False
데생,0,명사,5,전문어(미술),신규_어휘_후보,,0,False
데이지,0,명사,5,전문어(식물),신규_어휘_후보,,0,False
데칼코마니,0,명사,5,전문어(미술),신규_어휘_후보,,0,False
덴마크,0,명사,5,전문어(지명),신규_어휘_후보,,0,False
뎅,0,부사,5,일반어,신규_어휘_후보,,0,False
뎅그렁,0,부사,5,일반어,신규_어휘_후보,,0,False
도가,6,명사,5,일반어/일반어,신규_어휘_후보,,0,False
도강하다,1,동사,5,일반어,신규_어휘_후보,,0,False
도계,3,명사,5,일반어,신규_어휘_후보,,0,False
도공,2,명사,5,일반어,신규_어휘_후보,,0,False
도굴꾼,0,명사,5,일반어,신규_어휘_후보,,0,False
도굴범,0,명사,5,일반어,신규_어휘_후보,,0,False
도금,2,명사,5,전문어(공업),신규_어휘_후보,,0,False
도깨비불,0,명사,5,일반어/일반어,신규_어휘_후보,,0,False
도끼날,0,명사,5,일반어/일반어,신규_어휘_후보,,0,False
도끼눈,0,명사,5,일반어,신규_어휘_후보,,0,False
도낏자루,0,명사,5,일반어,신규_어휘_후보,,0,False
도난,1,명사,5,일반어,신규_어휘_후보,,0,False
도내,0,명사,5,일반어,신규_어휘_후보,,0,False
도닥거리다,0,동사,5,일반어,신규_어휘_후보,,0,False
도덕관,2,명사,5,일반어,신규_어휘_후보,,0,False
도덕군자,0,명사,5,일반어,신규_어휘_후보,,0,False
도덕규범,0,명사,5,일반어,신규_어휘_후보,,0,False
도덕성,0,명사,5,일반어/전문어(철학),신규_어휘_후보,,0,False
도덕심,0,명사,5,일반어/일반어,신규_어휘_후보,,0,False
도덕의식,0,명사,5,전문어(철학)/전문어(철학),신규_어휘_후보,,0,False
도덕적,0,명사/관형사,5,일반어/일반어/일반어/일반어,신규_어휘_후보,,0,False
도도하다,1,형용사,5,일반어,신규_어휘_후보,,0,False
도돌이표,0,명사,5,전문어(음악),신규_어휘_후보,,0,False
도드라지다,0,동사/형용사,5,일반어/일반어/일반어/일반어,신규_어휘_후보,,0,False
도떼기시장,0,명사,5,일반어,신규_어휘_후보,,0,False
도란거리다,0,동사,5,일반어/일반어,신규_어휘_후보,,0,False
도래,4,명사,5,일반어,신규_어휘_후보,,0,True
도래,5,명사,5,일반어/일반어,신규_어휘_후보,,0,True
도래솔,0,명사,5,일반어,신규_어휘_후보,,0,False
도래지,0,명사,5,일반어/일반어,신규_어휘_후보,,0,False
도량,1,명사,5,일반어/일반어/일반어/일반어,신규_어휘_후보,,0,False
도량형기,0,명사,5,일반어,신규_어휘_후보,,0,False
도레미,0,명사,5,전문어(음악),신규_어휘_후보,,0,False
도레미파,0,명사,5,전문어(음악),신규_어휘_후보,,0,False
도려내다,0,동사,5,일반어,신규_어휘_후보,,0,False
도로포장,0,명사,5,일반어,신규_어휘_후보,,0,False
도롱뇽,0,명사,5,전문어(동물)/전문어(동물)/전문어(문학),신규_어휘_후보,,0,False
도롱이,0,명사,5,일반어,신규_어휘_후보,,0,False
도료,0,명사,5,일반어,신규_어휘_후보,,0,False
도루,0,명사,5,전문어(체육),신규_어휘_후보,,0,False
도루묵,0,명사,5,전문어(동물),신규_어휘_후보,,0,False
도르르,1,부사,5,일반어,신규_어휘_후보,,0,True
도르르,2,부사,5,일반어,신규_어휘_후보,,0,True
도리깨,0,명사,5,전문어(농업)/전문어(역사),신규_어휘_후보,,0,False
도리깨질,0,명사,5,일반어,신규_어휘_후보,,0,False
도리다,0,동사,5,일반어/일반어,신규_어휘_후보,,0,False
도리질하다,0,동사,5,일반어/일반어,신규_어휘_후보,,0,False
도립,2,명사,5,일반어,신규_어휘_후보,,0,False
도마질,0,명사,5,일반어/일반어,신규_어휘_후보,,0,False
도막,1,명사,5,일반어/일반어,신규_어휘_후보,,0,False
도매,1,명사,5,일반어,신규_어휘_후보,,0,True
도매가,0,명사,5,일반어,신규_어휘_후보,,0,False
도메인,0,명사,5,전문어(매체)/전문어(정보·통신),신규_어휘_후보,,0,False
도면,3,명사,5,일반어,신규_어휘_후보,,0,False
도모,5,명사,5,일반어,신규_어휘_후보,,0,False
도미,4,명사,5,일반어,신규_어휘_후보,,0,True
도미찜,0,명사,5,일반어,신규_어휘_후보,,0,False
도민,1,명사,5,일반어,신규_어휘_후보,,0,True
도박,2,명사,5,일반어/일반어,신규_어휘_후보,,0,False
도박사,0,명사,5,일반어,신규_어휘_후보,,0,False
도박하다,2,동사,5,일반어/일반어,신규_어휘_후보,,0,False
도발,0,명사,5,일반어,신규_어휘_후보,,0,False
도배장이,0,명사,5,일반어,신규_어휘_후보,,0,False
도벽,2,명사,5,일반어,신규_어휘_후보,,0,False
도봉산,0,명사,5,전문어(지명),신규_어휘_후보,,0,False
도부꾼,0,명사,5,일반어,신규_어휘_후보,,0,False
도사리다,0,동사,5,일반어/일반어/일반어/일반어/일반어/일반어/일반어/일반어/일반어,신규_어휘_후보,,0,False
도산,3,명사,5,일반어,신규_어휘_후보,,0,False
도살,1,명사,5,일반어/일반어,신규_어휘_후보,,0,False
도살장,0,명사,5,일반어,신규_어휘_후보,,0,False
도살하다,1,동사,5,일반어/일반어,신규_어휘_후보,,0,False
도상,4,명사,5,일반어/일반어,신규_어휘_후보,,0,False
도서명,0,명사,5,일반어,신규_어휘_후보,,0,False
도선,10,명사,5,일반어/전문어(수학),신규_어휘_후보,,0,False
도수,2,명사,5,일반어/일반어/일반어/전문어(수학),신규_어휘_후보,,0,False
도스,2,명사,5,전문어(정보·통신),신규_어휘_후보,,0,False
도시민,0,명사,5,일반어,신규_어휘_후보,,0,False
도심지,0,명사,5,일반어,신규_어휘_후보,,0,False
도안하다,0,동사,5,전문어(미술),신규_어휘_후보,,0,False
도야,0,명사,5,일반어/일반어,신규_어휘_후보,,0,False
도야하다,0,동사,5,일반어/일반어,신규_어휘_후보,,0,False
도외시하다,0,동사,5,일반어,신규_어휘_후보,,0,False
도용하다,0,동사,5,일반어,신규_어휘_후보,,0,False
도읍하다,0,동사,5,일반어,신규_어휘_후보,,0,False
도의,2,명사,5,일반어,신규_어휘_후보,,0,False
도입부,0,명사,5,전문어(음악),신규_어휘_후보,,0,False
도장,12,명사,5,전문어(공학 일반),신규_어휘_후보,,0,True
도정,5,명사,5,일반어,신규_어휘_후보,,0,True
도정,8,명사,5,일반어/일반어,신규_어휘_후보,,0,True
도주하다,0,동사,5,일반어,신규_어휘_후보,,0,False
도중하차,0,명사,5,일반어/일반어,신규_어휘_후보,,0,False
도처,0,명사,5,일반어,신규_어휘_후보,,0,False
도청,6,명사,5,일반어,신규_어휘_후보,,0,True
도청기,0,명사,5,일반어,신규_어휘_후보,,0,False
도청하다,3,동사,5,일반어,신규_어휘_후보,,0,False
도체,4,명사,5,전문어(물리),신규_어휘_후보,,0,False
도축,1,명사,5,일반어,신규_어휘_후보,,0,False
도출,2,명사,5,일반어,신규_어휘_후보,,0,False
도취,2,명사,5,일반어/일반어,신규_어휘_후보,,0,False
도취되다,0,동사,5,일반어/일반어,신규_어휘_후보,,0,False
도취하다,2,동사,5,일반어/일반어,신규_어휘_후보,,0,False
도치,3,명사,5,일반어/전문어(언어),신규_어휘_후보,,0,False
도치되다,0,동사,5,일반어/전문어(언어),신규_어휘_후보,,0,False
도탄,0,명사,5,일반어,신규_어휘_후보,,0,False
도탑다,0,형용사,5,일반어,신규_어휘_후보,,0,False
도태,1,명사,5,일반어/일반어,신규_어휘_후보,,0,False
도포,3,명사,5,일반어,신규_어휘_후보,,0,False
도피,2,명사,5,일반어/일반어,신규_어휘_후보,,0,False
도피하다,1,동사,5,일반어/일반어,신규_어휘_후보,,0,False
도핑,0,명사,5,전문어(체육),신규_어휘_후보,,0,False
도하,2,명사,5,일반어,신규_어휘_후보,,0,False
도학,2,명사,5,일반어/전문어(종교 일반)/전문어(철학),신규_어휘_후보,,0,False
도합,0,명사,5,일반어,신규_어휘_후보,,0,False
도해,2,명사,5,일반어,신규_어휘_후보,,0,False
도화색,0,명사,5,일반어,신규_어휘_후보,,0,False
도화서,0,명사,5,전문어(역사),신규_어휘_후보,,0,False
도화선,3,명사,5,일반어/일반어,신규_어휘_후보,,0,False
도회,1,명사,5,일반어,신규_어휘_후보,,0,False
도회지,0,명사,5,일반어,신규_어휘_후보,,0,False
독과점,0,명사,5,전문어(경제),신규_어휘_후보,,0,False
독기,0,명사,5,일반어/일반어,신규_어휘_후보,,0,False
독단,0,명사,5,일반어/전문어(철학),신규_어휘_후보,,0,False
독단적,0,명사/관형사,5,일반어/전문어(철학)/일반어/전문어(철학),신규_어휘_후보,,0,False
독립성,0,명사,5,일반어,신규_어휘_후보,,0,False
독립신문,1,명사,5,전문어(역사),신규_어휘_후보,,0,False
독립어,0,명사,5,전문어(언어),신규_어휘_후보,,0,False
독무대,0,명사,5,일반어/일반어,신규_어휘_후보,,0,False
독물,3,명사,5,일반어/일반어,신규_어휘_후보,,0,False
독방,0,명사,5,일반어/전문어(법률),신규_어휘_후보,,0,False
독백체,0,명사,5,전문어(문학),신규_어휘_후보,,0,False
독벌레,0,명사,5,일반어,신규_어휘_후보,,0,False
독본,0,명사,5,일반어/일반어,신규_어휘_후보,,0,False
독불장군,0,명사,5,일반어/일반어/일반어,신규_어휘_후보,,0,False
독사진,0,명사,5,일반어,신규_어휘_후보,,0,False
독살,1,명사,5,일반어,신규_어휘_후보,,0,False
독상,1,명사,5,일반어,신규_어휘_후보,,0,False
독서삼매,0,명사,5,일반어,신규_어휘_후보,,0,False
독서회,0,명사,5,일반어,신규_어휘_후보,,0,False
독선,3,명사,5,일반어/일반어,신규_어휘_후보,,0,False
독선적,0,명사/관형사,5,일반어/일반어,신규_어휘_후보,,0,False
독설,0,명사,5,일반어,신규_어휘_후보,,0,False
독수리자리,0,명사,5,전문어(천문),신규_어휘_후보,,0,False
독신녀,0,명사,5,일반어,신규_어휘_후보,,0,False
독신자,1,명사,5,일반어,신규_어휘_후보,,0,False
독실하다,0,형용사,5,일반어,신규_어휘_후보,,0,False
독야청청하다,0,형용사,5,일반어,신규_어휘_후보,,0,False
독어,4,명사,5,전문어(언어),신규_어휘_후보,,0,False
독자,2,명사,5,일반어/일반어,신규_어휘_후보,,0,True
독자적,0,명사/관형사,5,일반어/일반어/일반어/일반어,신규_어휘_후보,,0,False
독재적,0,명사/관형사,5,일반어/일반어,신규_어휘_후보,,0,False
독전하다,1,동사,5,일반어,신규_어휘_후보,,0,False
독점하다,0,동사,5,일반어/전문어(경제),신규_어휘_후보,,0,False
독종,2,명사,5,일반어/일반어,신규_어휘_후보,,0,False
독주,1,명사,5,일반어/일반어,신규_어휘_후보,,0,True
독주곡,0,명사,5,전문어(음악),신규_어휘_후보,,0,False
독주하다,1,동사,5,일반어/일반어/일반어,신규_어휘_후보,,0,True
독주하다,2,동사,5,전문어(음악),신규_어휘_후보,,0,True
독주회,0,명사,5,전문어(음악),신규_어휘_후보,,0,False
독지가,0,명사,5,일반어/일반어,신규_어휘_후보,,0,False
독창곡,0,명사,5,전문어(음악),신규_어휘_후보,,0,False
독창력,0,명사,5,일반어,신규_어휘_후보,,0,False
독촉하다,0,동사,5,일반어/전문어(법률),신규_어휘_후보,,0,False
독충,1,명사,5,일반어,신규_어휘_후보,,0,False
독파,0,명사,5,일반어,신규_어휘_후보,,0,False
독학,3,명사,5,일반어,신규_어휘_후보,,0,False
독해,3,명사,5,일반어,신규_어휘_후보,,0,False
돈놀이,0,명사,5,일반어,신규_어휘_후보,,0,False
돈방석,0,명사,5,일반어,신규_어휘_후보,,0,False
돈육,0,명사,5,일반어,신규_어휘_후보,,0,False
돈의문,0,명사,5,전문어(역사),신규_어휘_후보,,0,False
돋보기안경,0,명사,5,일반어,신규_어휘_후보,,0,False
돋을새김,0,명사,5,전문어(미술),신규_어휘_후보,,0,False
돌격,0,명사,5,일반어/전문어(군사),신규_어휘_후보,,0,False
돌격대,0,명사,5,전문어(군사),신규_어휘_후보,,0,False
돌격전,0,명사,5,일반어,신규_어휘_후보,,0,False
돌격하다,0,동사,5,일반어/전문어(군사),신규_어휘_후보,,0,False
돌나물,0,명사,5,전문어(식물),신규_어휘_후보,,0,False
돌려세우다,0,동사,5,일반어/일반어,신규_어휘_후보,,0,False
돌려쓰다,0,동사,5,일반어/일반어,신규_어휘_후보,,0,False
돌머리,0,명사,5,일반어/일반어,신규_어휘_후보,,0,False
돌무더기,0,명사,5,일반어,신규_어휘_후보,,0,False
돌무지,0,명사,5,일반어/전문어(역사),신규_어휘_후보,,0,False
돌무지무덤,0,명사,5,전문어(역사),신규_어휘_후보,,0,False
돌발,2,명사,5,일반어,신규_어휘_후보,,0,False
돌발하다,0,동사,5,일반어,신규_어휘_후보,,0,False
돌변,0,명사,5,일반어,신규_어휘_후보,,0,False
돌소금,0,명사,5,전문어(광업),신규_어휘_후보,,0,False
돌솥,0,명사,5,일반어,신규_어휘_후보,,0,False
돌아들다,0,동사,5,일반어/일반어,신규_어휘_후보,,0,False
돌연,2,부사,5,일반어,신규_어휘_후보,,0,False
돌연사,0,명사,5,전문어(의학),신규_어휘_후보,,0,False
돌연하다,0,형용사,5,일반어,신규_어휘_후보,,0,False
돌절구,0,명사,5,일반어,신규_어휘_후보,,0,False
돌쩌귀,2,명사,5,전문어(건설),신규_어휘_후보,,0,False
돌출,0,명사,5,일반어/일반어,신규_어휘_후보,,0,False
돌층계,0,명사,5,일반어,신규_어휘_후보,,0,False
돌팔매,0,명사,5,일반어/일반어,신규_어휘_후보,,0,False
돔,2,명사,5,일반어/일반어/일반어,신규_어휘_후보,,0,False
돗바늘,0,명사,5,일반어,신규_어휘_후보,,0,False
동,17,명사,5,전문어(화학),신규_어휘_후보,,0,True
동강이,0,명사,5,일반어,신규_어휘_후보,,0,False
동거하다,0,동사,5,일반어/일반어,신규_어휘_후보,,0,False
동검,0,명사,5,전문어(역사),신규_어휘_후보,,0,False
동격,0,명사,5,일반어/전문어(언어),신규_어휘_후보,,0,False
동결,0,명사,5,일반어/일반어/일반어,신규_어휘_후보,,0,False
동결되다,0,동사,5,일반어/일반어/일반어,신규_어휘_후보,,0,False
동경,4,명사,5,전문어(지명),신규_어휘_후보,,0,True
동고동락,0,명사,5,일반어,신규_어휘_후보,,0,False
동공,5,명사,5,일반어,신규_어휘_후보,,0,False
동구,2,명사,5,전문어(지명),신규_어휘_후보,,0,True
동구,3,명사,5,일반어/일반어,신규_어휘_후보,,0,True
동국여지승람,0,명사,5,전문어(책명),신규_어휘_후보,,0,False
동국정운,0,명사,5,전문어(역사),신규_어휘_후보,,0,False
동국지도,0,명사,5,전문어(지리)/전문어(지리),신규_어휘_후보,,0,False
동국통감,0,명사,5,전문어(책명),신규_어휘_후보,,0,False
동궁,3,명사,5,전문어(역사)/전문어(역사),신규_어휘_후보,,0,False
동글납작하다,0,형용사,5,일반어,신규_어휘_후보,,0,False
동글다,0,형용사/동사,5,일반어/일반어,신규_어휘_후보,,0,False
동급,0,명사,5,일반어/일반어/일반어,신규_어휘_후보,,0,False
동기,3,명사,5,일반어,신규_어휘_후보,,0,True
동기간,0,명사,5,일반어,신규_어휘_후보,,0,False
동기생,0,명사,5,일반어,신규_어휘_후보,,0,False
동나다,0,동사,5,일반어,신규_어휘_후보,,0,False
동남아,0,명사,5,전문어(지명),신규_어휘_후보,,0,False
동남아시아,0,명사,5,전문어(지명),신규_어휘_후보,,0,False
동냥젖,0,명사,5,일반어,신규_어휘_후보,,0,False
동년배,0,명사,5,일반어,신규_어휘_후보,,0,False
동독,1,명사,5,전문어(역사),신규_어휘_후보,,0,False
동동주,0,명사,5,일반어,신규_어휘_후보,,0,False
동등,2,명사,5,일반어/전문어(수학),신규_어휘_후보,,0,False
동란,2,명사,5,일반어,신규_어휘_후보,,0,False
동래,0,명사,5,일반어,신규_어휘_후보,,0,False
동력기,0,명사,5,전문어(기계),신규_어휘_후보,,0,False
동력원,0,명사,5,일반어,신규_어휘_후보,,0,False
동류,2,명사,5,일반어/일반어,신규_어휘_후보,,0,False
동률,1,명사,5,일반어,신규_어휘_후보,,0,False
동명,1,명사,5,일반어,신규_어휘_후보,,0,True
동명,5,명사,5,일반어,신규_어휘_후보,,0,True
동명이인,0,명사,5,일반어,신규_어휘_후보,,0,False
동모산,0,명사,5,전문어(지명),신규_어휘_후보,,0,False
동몽선습,0,명사,5,전문어(책명),신규_어휘_후보,,0,False
동문,2,명사,5,일반어/일반어/일반어,신규_어휘_후보,,0,True
동문서답,0,명사,5,일반어,신규_어휘_후보,,0,False
동문회,0,명사,5,일반어,신규_어휘_후보,,0,False
동물도감,0,명사,5,일반어,신규_어휘_후보,,0,False
동물학,0,명사,5,전문어(동물),신규_어휘_후보,,0,False
동민,0,명사,5,일반어/일반어,신규_어휘_후보,,0,False
동박새,0,명사,5,전문어(동물),신규_어휘_후보,,0,False
동반,1,명사,5,일반어/일반어,신규_어휘_후보,,0,False
동반하다,0,동사,5,일반어/일반어,신규_어휘_후보,,0,False
동병상련,0,명사,5,일반어,신규_어휘_후보,,0,False
동복,1,명사,5,일반어,신규_어휘_후보,,0,False
동봉,1,명사,5,일반어,신규_어휘_후보,,0,False
동봉하다,0,동사,5,일반어,신규_어휘_후보,,0,False
동부여,0,명사,5,전문어(역사),신규_어휘_후보,,0,False
동분서주,0,명사,5,일반어,신규_어휘_후보,,0,False
동분서주하다,0,동사,5,일반어,신규_어휘_후보,,0,False
동산,4,명사,5,전문어(법률),신규_어휘_후보,,0,True
동상이몽,0,명사,5,일반어,신규_어휘_후보,,0,False
동서고금,0,명사,5,일반어,신규_어휘_후보,,0,False
동석,1,명사,5,일반어/일반어,신규_어휘_후보,,0,False
동석하다,0,동사,5,일반어,신규_어휘_후보,,0,False
동성,2,명사,5,일반어/일반어,신규_어휘_후보,,0,False
동성애,0,명사,5,일반어,신규_어휘_후보,,0,False
동성애자,0,명사,5,일반어,신규_어휘_후보,,0,False
동성연애,0,명사,5,일반어,신규_어휘_후보,,0,False
동성연애자,0,명사,5,일반어,신규_어휘_후보,,0,False
동승,1,명사,5,일반어,신규_어휘_후보,,0,False
동시대,0,명사,5,일반어,신규_어휘_후보,,0,False
동시대인,0,명사,5,일반어,신규_어휘_후보,,0,False
동심,2,명사,5,일반어/전문어(수학),신규_어휘_후보,,0,True
동심결,0,명사,5,일반어,신규_어휘_후보,,0,False
동아시아,0,명사,5,전문어(지명),신규_어휘_후보,,0,False
동양란,0,명사,5,전문어(식물),신규_어휘_후보,,0,False
동양적,0,명사/관형사,5,일반어/일반어/일반어/일반어,신규_어휘_후보,,0,False
동양화가,0,명사,5,일반어,신규_어휘_후보,,0,False
동업,0,명사,5,일반어/일반어,신규_어휘_후보,,0,False
동업하다,0,동사,5,일반어,신규_어휘_후보,,0,False
동예,0,명사,5,전문어(역사),신규_어휘_후보,,0,False
동요,1,명사,5,일반어/일반어/일반어,신규_어휘_후보,,0,True
동유럽,0,명사,5,전문어(지명),신규_어휘_후보,,0,False
동음,1,명사,5,일반어,신규_어휘_후보,,0,False
동음어,0,명사,5,전문어(언어),신규_어휘_후보,,0,False
동의보감,0,명사,5,전문어(책명),신규_어휘_후보,,0,False
동의어,0,명사,5,전문어(언어),신규_어휘_후보,,0,False
동이,1,명사,5,일반어/일반어,신규_어휘_후보,,0,True
동이,3,명사,5,일반어,신규_어휘_후보,,0,True
동이다,0,동사,5,일반어,신규_어휘_후보,,0,False
동인,1,명사,5,일반어/일반어/일반어,신규_어휘_후보,,0,False
동일시,0,명사,5,일반어/전문어(심리),신규_어휘_후보,,0,False
동일인,0,명사,5,일반어,신규_어휘_후보,,0,False
동자승,0,명사,5,전문어(불교),신규_어휘_후보,,0,False
동적,1,명사/관형사,5,일반어/일반어,신규_어휘_후보,,0,False
동절기,0,명사,5,일반어,신규_어휘_후보,,0,False
동점자,0,명사,5,일반어,신규_어휘_후보,,0,False
동정,1,명사,5,일반어,신규_어휘_후보,,0,True
동정,10,명사,5,일반어/일반어/일반어,신규_어휘_후보,,0,True
동정녀,0,명사,5,일반어/전문어(가톨릭),신규_어휘_후보,,0,False
동조,3,명사,5,일반어/일반어/전문어(문학)/전문어(물리),신규_어휘_후보,,0,False
동조자,0,명사,5,일반어,신규_어휘_후보,,0,False
동종,2,명사,5,일반어,신규_어휘_후보,,0,True
동종,3,명사,5,일반어/전문어(불교),신규_어휘_후보,,0,True
동지애,0,명사,5,일반어,신규_어휘_후보,,0,False
동질성,0,명사,5,일반어,신규_어휘_후보,,0,False
동질화,0,명사,5,일반어,신규_어휘_후보,,0,False
동짓달,0,명사,5,일반어,신규_어휘_후보,,0,False
동창,3,명사,5,일반어,신규_어휘_후보,,0,True
동채싸움,0,명사,5,전문어(민속),신규_어휘_후보,,0,False
동천,2,명사,5,일반어,신규_어휘_후보,,0,False
동체,2,명사,5,일반어/일반어/전문어(기계),신규_어휘_후보,,0,False
동충하초,0,명사,5,전문어(식물),신규_어휘_후보,,0,False
동침하다,0,동사,5,일반어,신규_어휘_후보,,0,False
동태,4,명사,5,일반어,신규_어휘_후보,,0,True
동트다,0,동사,5,일반어,신규_어휘_후보,,0,False
동티,0,명사,5,전문어(민속)/일반어,신규_어휘_후보,,0,False
동티모르,0,명사,5,전문어(지명),신규_어휘_후보,,0,False
동파,4,명사,5,일반어,신규_어휘_후보,,0,False
동판,2,명사,5,일반어,신규_어휘_후보,,0,False
동판화,0,명사,5,전문어(미술),신규_어휘_후보,,0,False
동향,2,명사,5,일반어,신규_어휘_후보,,0,True
동향,3,명사,5,일반어,신규_어휘_후보,,0,True
동향,4,명사,5,일반어/일반어,신규_어휘_후보,,0,True
동향하다,0,동사,5,일반어,신규_어휘_후보,,0,False
동헌,0,명사,5,전문어(역사),신규_어휘_후보,,0,False
동화,1,명사,5,일반어/일반어/전문어(생명)/전문어(심리)/전문어(심리)/전문어(심리)/전문어(심리)/전문어(심리)/전문어(언어),신규_어휘_후보,,0,True
동화되다,0,동사,5,일반어,신규_어휘_후보,,0,False
동회,2,명사,5,일반어/일반어,신규_어휘_후보,,0,False
돼먹다,0,동사,5,일반어,신규_어휘_후보,,0,False
돼지가죽,0,명사,5,일반어,신규_어휘_후보,,0,False
돼지감자,0,명사,5,전문어(식물),신규_어휘_후보,,0,False
돼지국밥,0,명사,5,일반어,신규_어휘_후보,,0,False
되가지다,0,동사,5,일반어,신규_어휘_후보,,0,False
되감다,0,동사,5,일반어,신규_어휘_후보,,0,False
되다,4,형용사,5,일반어/일반어/일반어/일반어,신규_어휘_후보,,0,False
되레,0,부사,5,일반어,신규_어휘_후보,,0,False
되먹임,0,명사,5,전문어(전기·전자)/전문어(의학),신규_어휘_후보,,0,False
되바라지다,0,동사,5,일반어/일반어/일반어/일반어/일반어,신규_어휘_후보,,0,False
되살다,0,동사,5,일반어/일반어/일반어/일반어,신규_어휘_후보,,0,False
되새김질,0,명사,5,전문어(동물),신규_어휘_후보,,0,False
되씹다,0,동사,5,일반어/일반어/일반어,신규_어휘_후보,,0,False
되울리다,0,동사,5,일반어,신규_어휘_후보,,0,False
되지못하다,0,형용사,5,일반어,신규_어휘_후보,,0,False
되직하다,0,형용사,5,일반어,신규_어휘_후보,,0,False
된바람,0,명사,5,일반어/일반어/전문어(지구),신규_어휘_후보,,0,False
된밥,0,명사,5,일반어/일반어,신규_어휘_후보,,0,False
된서리,0,명사,5,일반어/일반어,신규_어휘_후보,,0,False
될성부르다,0,형용사,5,일반어,신규_어휘_후보,,0,False
두각,0,명사,5,일반어/일반어,신규_어휘_후보,,0,False
두개,0,명사,5,전문어(생명),신규_어휘_후보,,0,False
두꺼비집,0,명사,5,전문어(농업)/전문어(전기·전자),신규_어휘_후보,,0,False
두둑,1,명사,5,일반어/일반어/일반어/일반어,신규_어휘_후보,,0,False
두둔,0,명사,5,일반어,신규_어휘_후보,,0,False
두런거리다,0,동사,5,일반어,신규_어휘_후보,,0,False
두런두런,0,부사,5,일반어,신규_어휘_후보,,0,False
두렁,0,명사,5,일반어,신규_어휘_후보,,0,False
두레,3,명사,5,전문어(농업),신규_어휘_후보,,0,False
두령,0,명사,5,일반어,신규_어휘_후보,,0,False
두름,0,명사/의존 명사,5,일반어/일반어/일반어/일반어,신규_어휘_후보,,0,False
두리뭉실하다,0,형용사,5,일반어/일반어,신규_어휘_후보,,0,False
두만강,0,명사,5,전문어(지명),신규_어휘_후보,,0,False
두말,1,명사,5,일반어/일반어,신규_어휘_후보,,0,False
두말없이,0,부사,5,일반어/일반어,신규_어휘_후보,,0,False
두메산골,0,명사,5,일반어,신규_어휘_후보,,0,False
두문불출,0,명사,5,일반어/일반어,신규_어휘_후보,,0,False
두부전골,0,명사,5,일반어,신규_어휘_후보,,0,False
두붓국,0,명사,5,일반어,신규_어휘_후보,,0,False
두서,2,명사,5,일반어,신규_어휘_후보,,0,False
두서없이,0,부사,5,일반어,신규_어휘_후보,,0,False
두엄,0,명사,5,전문어(농업),신규_어휘_후보,,0,False
두절,2,명사,5,일반어,신규_어휘_후보,,0,False
두터이,0,부사,5,일반어,신규_어휘_후보,,0,False
두툼히,0,부사,5,일반어/일반어,신규_어휘_후보,,0,False
두피,2,명사,5,전문어(의학),신규_어휘_후보,,0,False
두해살이풀,0,명사,5,전문어(식물),신규_어휘_후보,,0,False
둔감하다,0,형용사,5,일반어,신규_어휘_후보,,0,False
둔갑,0,명사,5,일반어/일반어,신규_어휘_후보,,0,False
둔덕,0,명사,5,일반어,신규_어휘_후보,,0,False
둔재,0,명사,5,일반어,신규_어휘_후보,,0,False
둔탁하다,0,형용사,5,일반어/일반어/일반어,신규_어휘_후보,,0,False
둘러놓다,0,동사,5,일반어/일반어,신규_어휘_후보,,0,False
둘러쓰다,0,동사,5,일반어/일반어,신규_어휘_후보,,0,False
둘러치다,2,동사,5,일반어,신규_어휘_후보,,0,False
둘째가다,0,동사,5,일반어,신규_어휘_후보,,0,False
둥,4,의존 명사,5,일반어/일반어,신규_어휘_후보,,0,False
둥,5,부사,5,일반어,신규_어휘_후보,,0,False
둥개다,0,동사,5,일반어,신규_어휘_후보,,0,False
둥그레지다,0,동사,5,일반어,신규_어휘_후보,,0,False
둥근달,0,명사,5,일반어,신규_어휘_후보,,0,False
둥우리,0,명사,5,일반어/일반어/일반어/일반어,신규_어휘_후보,,0,False
둥치,0,명사,5,일반어,신규_어휘_후보,,0,False
뒈지다,0,동사,5,일반어,신규_어휘_후보,,0,False
뒤꼍,0,명사,5,일반어,신규_어휘_후보,,0,False
뒤꽂이,0,명사,5,일반어,신규_어휘_후보,,0,False
뒤끝,0,명사,5,일반어/일반어/일반어,신규_어휘_후보,,0,False
뒤룩뒤룩,2,부사,5,일반어,신규_어휘_후보,,0,False
뒤범벅,0,명사,5,일반어,신규_어휘_후보,,0,False
뒤범벅되다,0,동사,5,일반어,신규_어휘_후보,,0,False
뒤서다,0,동사,5,일반어/일반어,신규_어휘_후보,,0,False
뒤숭숭하다,0,형용사,5,일반어/일반어,신규_어휘_후보,,0,False
뒤얽히다,0,동사,5,일반어,신규_어휘_후보,,0,False
뒤엎다,0,동사,5,일반어/일반어/일반어/일반어/일반어,신규_어휘_후보,,0,False
뒤적뒤적,0,부사,5,일반어/일반어,신규_어휘_후보,,0,False
뒤집기,0,명사,5,전문어(체육)/일반어,신규_어휘_후보,,0,False
뒤집어엎다,0,동사,5,일반어/일반어/일반어/일반어/일반어,신규_어휘_후보,,0,False
뒤치다,0,동사,5,일반어,신규_어휘_후보,,0,False
뒤탈,0,명사,5,일반어,신규_어휘_후보,,0,False
뒤트임,0,명사,5,일반어,신규_어휘_후보,,0,False
뒤표지,0,명사,5,일반어,신규_어휘_후보,,0,False
뒤풀이,2,명사,5,일반어/전문어(민속)/전문어(민속),신규_어휘_후보,,0,False
뒷거래,0,명사,5,일반어,신규_어휘_후보,,0,False
뒷거래되다,0,동사,5,일반어,신규_어휘_후보,,0,False
뒷걸음치다,0,동사,5,일반어/일반어,신규_어휘_후보,,0,False
뒷골,0,명사,5,일반어,신규_어휘_후보,,0,False
뒷구멍,0,명사,5,일반어/일반어,신규_어휘_후보,,0,False
뒷굽,0,명사,5,일반어,신규_어휘_후보,,0,False
뒷길,1,명사,5,일반어/일반어/일반어,신규_어휘_후보,,0,False
뒷돈,0,명사,5,일반어/일반어/일반어,신규_어휘_후보,,0,False
뒷맛,0,명사,5,일반어/일반어,신규_어휘_후보,,0,False
뒷모양,0,명사,5,일반어/일반어,신규_어휘_후보,,0,False
뒷바라지하다,0,동사,5,일반어,신규_어휘_후보,,0,False
뒷방,0,명사,5,전문어(건설)/전문어(건설)/전문어(역사),신규_어휘_후보,,0,False
뒷소리,0,명사,5,일반어/일반어/일반어/전문어(음악),신규_어휘_후보,,0,False
뒷소문,0,명사,5,일반어/일반어,신규_어휘_후보,,0,False
뒷일,1,명사,5,일반어,신규_어휘_후보,,0,False
뒷조사,0,명사,5,일반어,신규_어휘_후보,,0,False
뒷지느러미,0,명사,5,전문어(동물),신규_어휘_후보,,0,False
듀엣,0,명사,5,전문어(음악)/전문어(음악),신규_어휘_후보,,0,False
드날리다,2,동사,5,일반어,신규_어휘_후보,,0,False
드라이아이스,0,명사,5,전문어(화학),신규_어휘_후보,,0,False
드라이클리닝,0,명사,5,일반어,신규_어휘_후보,,0,False
드라이하다,0,동사,5,일반어/일반어,신규_어휘_후보,,0,False
드라큘라,0,명사,5,전문어(문학),신규_어휘_후보,,0,False
드래그,0,명사,5,전문어(정보·통신),신규_어휘_후보,,0,False
드럼통,0,명사,5,일반어/일반어,신규_어휘_후보,,0,False
드롭,0,명사,5,전문어(체육),신규_어휘_후보,,0,False
드롭스,0,명사,5,일반어,신규_어휘_후보,,0,False
드르렁,0,부사,5,일반어/일반어,신규_어휘_후보,,0,False
드르렁거리다,0,동사,5,일반어/일반어,신규_어휘_후보,,0,False
드르르,1,부사,5,일반어/일반어/일반어,신규_어휘_후보,,0,False
드르릉,0,부사,5,일반어/일반어,신규_어휘_후보,,0,False
드르릉드르릉,0,부사,5,일반어/일반어,신규_어휘_후보,,0,False
드리블,0,명사,5,전문어(체육)/전문어(체육),신규_어휘_후보,,0,False
드리우다,0,동사,5,일반어/일반어/일반어/일반어,신규_어휘_후보,,0,False
드리워지다,0,동사,5,일반어/일반어,신규_어휘_후보,,0,False
드새다,0,동사,5,일반어,신규_어휘_후보,,0,False
드세다,0,형용사,5,일반어/일반어/일반어,신규_어휘_후보,,0,False
득,3,명사,5,일반어,신규_어휘_후보,,0,False
득남,0,명사,5,일반어,신규_어휘_후보,,0,False
득남하다,0,동사,5,일반어,신규_어휘_후보,,0,False
득달같이,0,부사,5,일반어,신규_어휘_후보,,0,False
득실거리다,0,동사,5,일반어,신규_어휘_후보,,0,False
득실득실,0,부사,5,일반어,신규_어휘_후보,,0,False
득음,0,명사,5,일반어,신규_어휘_후보,,0,False
득점하다,0,동사,5,일반어,신규_어휘_후보,,0,False
들개,0,명사,5,일반어/일반어,신규_어휘_후보,,0,False
들고나다,0,동사,5,일반어/일반어,신규_어휘_후보,,0,False
들날리다,0,동사,5,일반어,신규_어휘_후보,,0,False
들놀이,0,명사,5,일반어/전문어(민속),신규_어휘_후보,,0,False
들머리,1,명사,5,일반어/일반어,신규_어휘_후보,,0,False
들먹거리다,0,동사,5,일반어/일반어/일반어/일반어/일반어/일반어,신규_어휘_후보,,0,False
들배지기,0,명사,5,전문어(체육),신규_어휘_후보,,0,False
들볶다,0,동사,5,일반어,신규_어휘_후보,,0,False
들숨,0,명사,5,일반어,신규_어휘_후보,,0,False
들썩하다,1,동사/형용사,5,일반어/일반어/일반어/일반어/일반어/일반어,신규_어휘_후보,,0,False
들쑤시다,0,동사,5,일반어/일반어,신규_어휘_후보,,0,False
들어붓다,0,동사,5,일반어/일반어,신규_어휘_후보,,0,False
들여쓰기,0,명사,5,전문어(정보·통신),신규_어휘_후보,,0,False
들이,1,명사,5,전문어(수학),신규_어휘_후보,,0,False
들이박다,2,동사,5,일반어/일반어,신규_어휘_후보,,0,False
들일,0,명사,5,일반어,신규_어휘_후보,,0,False
들입다,0,부사,5,일반어,신규_어휘_후보,,0,False
들쭉날쭉,0,부사,5,일반어,신규_어휘_후보,,0,False
들쭉술,0,명사,5,일반어,신규_어휘_후보,,0,False
들창,0,명사,5,일반어/전문어(건설),신규_어휘_후보,,0,False
들창문,0,명사,5,일반어/전문어(건설),신규_어휘_후보,,0,False
들창코,0,명사,5,일반어,신규_어휘_후보,,0,False
들추어내다,0,동사,5,일반어/일반어/일반어,신규_어휘_후보,,0,False
들치다,0,동사,5,일반어,신규_어휘_후보,,0,False
듬뿍듬뿍,0,부사,5,일반어/일반어,신규_어휘_후보,,0,False
등거리,2,명사,5,일반어/일반어,신규_어휘_후보,,0,False
등걸,0,명사,5,일반어,신규_어휘_후보,,0,False
등골뼈,0,명사,5,전문어(의학),신규_어휘_후보,,0,False
등극,0,명사,5,일반어/일반어,신규_어휘_후보,,0,False
등꽃,0,명사,5,일반어,신규_어휘_후보,,0,False
등단,0,명사,5,일반어/일반어/전문어(불교)/전문어(역사),신규_어휘_후보,,0,False
등단하다,0,동사,5,일반어/일반어/전문어(불교)/전문어(역사),신규_어휘_후보,,0,False
등대,4,명사,5,일반어,신규_어휘_후보,,0,True
등덜미,0,명사,5,일반어,신규_어휘_후보,,0,False
등등하다,0,형용사,5,일반어,신규_어휘_후보,,0,False
등목,0,명사,5,일반어,신규_어휘_후보,,0,False
등반,1,명사,5,일반어,신규_어휘_후보,,0,False
등반대,0,명사,5,일반어,신규_어휘_후보,,0,False
등본,0,명사,5,전문어(법률),신규_어휘_후보,,0,False
등분되다,0,동사,5,일반어,신규_어휘_후보,,0,False
등사판,0,명사,5,전문어(매체),신규_어휘_후보,,0,False
등산길,0,명사,5,일반어,신규_어휘_후보,,0,False
등산대,0,명사,5,일반어,신규_어휘_후보,,0,False
등산모,0,명사,5,일반어,신규_어휘_후보,,0,False
등성이,1,명사,5,일반어/일반어,신규_어휘_후보,,0,False
등신,2,명사,5,일반어,신규_어휘_후보,,0,False
등심,1,명사,5,일반어,신규_어휘_후보,,0,True
등심,2,명사,5,일반어/전문어(한의),신규_어휘_후보,,0,True
등쌀,0,명사,5,일반어,신규_어휘_후보,,0,False
등에,0,명사,5,전문어(동물)/전문어(동물),신규_어휘_후보,,0,False
등용,1,명사,5,일반어,신규_어휘_후보,,0,False
등용되다,0,동사,5,일반어,신규_어휘_후보,,0,False
등용문,0,명사,5,일반어,신규_어휘_후보,,0,False
등용하다,1,동사,5,일반어,신규_어휘_후보,,0,False
등유,0,명사,5,일반어/일반어,신규_어휘_후보,,0,False
등재,2,명사,5,일반어/일반어,신규_어휘_후보,,0,False
등정,1,명사,5,일반어,신규_어휘_후보,,0,False
등짐,0,명사,5,일반어,신규_어휘_후보,,0,False
등차,2,명사,5,일반어/일반어/전문어(수학),신규_어휘_후보,,0,False
등판,2,명사,5,전문어(체육),신규_어휘_후보,,0,False
등한시하다,0,동사,5,일반어,신규_어휘_후보,,0,False
등한하다,0,형용사,5,일반어,신규_어휘_후보,,0,False
등한히,0,부사,5,일반어,신규_어휘_후보,,0,False
등화,2,명사,5,일반어/일반어,신규_어휘_후보,,0,False
디데이,0,명사,5,전문어(군사)/일반어/전문어(역사),신규_어휘_후보,,0,False
디딜방아,0,명사,5,일반어,신규_어휘_후보,,0,False
디브이디,0,명사,5,전문어(매체),신규_어휘_후보,,0,False
디스켓,0,명사,5,전문어(정보·통신),신규_어휘_후보,,0,False
디스플레이,0,명사,5,일반어,신규_어휘_후보,,0,False
디테일,0,명사,5,전문어(미술),신규_어휘_후보,,0,False
디프테리아,0,명사,5,전문어(의학),신규_어휘_후보,,0,False
따끔히,0,부사,5,일반어/일반어/일반어,신규_어휘_후보,,0,False
따내다,0,동사,5,일반어/일반어,신규_어휘_후보,,0,False
따닥따닥,0,부사,5,일반어/일반어,신규_어휘_후보,,0,False
따라붙다,0,동사,5,일반어/일반어,신규_어휘_후보,,0,False
따로국밥,0,명사,5,일반어,신규_어휘_후보,,0,False
따비,0,명사,5,전문어(농업),신규_어휘_후보,,0,False
따오기,0,명사,5,전문어(동물),신규_어휘_후보,,0,False
따옥따옥,0,부사,5,일반어,신규_어휘_후보,,0,False
딱딱,2,부사,5,일반어/일반어,신규_어휘_후보,,0,True
딱딱거리다,1,동사,5,일반어,신규_어휘_후보,,0,False
딱지치기하다,0,동사,5,일반어,신규_어휘_후보,,0,False
딱총,0,명사,5,일반어/일반어,신규_어휘_후보,,0,False
딴말,1,명사,5,일반어/일반어,신규_어휘_후보,,0,False
딴사람,0,명사,5,일반어,신규_어휘_후보,,0,False
딴청,0,명사,5,일반어,신규_어휘_후보,,0,False
딸각,0,부사,5,일반어,신규_어휘_후보,,0,False
딸그락거리다,0,동사,5,일반어,신규_어휘_후보,,0,False
딸그락딸그락,0,부사,5,일반어,신규_어휘_후보,,0,False
딸기코,0,명사,5,일반어,신규_어휘_후보,,0,False
딸딸,0,부사,5,일반어,신규_어휘_후보,,0,False
딸딸이,0,명사,5,일반어/일반어/일반어/일반어,신규_어휘_후보,,0,False
딸랑,2,부사,5,일반어,신규_어휘_후보,,0,False
땀,2,명사,5,일반어/일반어,신규_어휘_후보,,0,True
땀내,0,명사,5,일반어,신규_어휘_후보,,0,False
땀띠,0,명사,5,전문어(의학),신규_어휘_후보,,0,False
땀수건,0,명사,5,일반어,신규_어휘_후보,,0,False
땀투성이,0,명사,5,일반어,신규_어휘_후보,,0,False
땅,2,부사,5,일반어/일반어,신규_어휘_후보,,0,False
땅강아지,0,명사,5,전문어(동물),신규_어휘_후보,,0,False
땅거미,1,명사,5,일반어,신규_어휘_후보,,0,False
땅기다,1,동사,5,일반어,신규_어휘_후보,,0,False
땅꼬마,0,명사,5,일반어,신규_어휘_후보,,0,False
땅꾼,1,명사,5,일반어,신규_어휘_후보,,0,False
땅딸보,0,명사,5,일반어,신규_어휘_후보,,0,False
땅문서,0,명사,5,일반어,신규_어휘_후보,,0,False
땅벌,0,명사,5,전문어(동물)/전문어(동물),신규_어휘_후보,,0,False
땅볼,2,명사,5,전문어(체육),신규_어휘_후보,,0,False
땅뺏기,0,명사,5,일반어,신규_어휘_후보,,0,False
땅속줄기,0,명사,5,전문어(식물),신규_어휘_후보,,0,False
때까치,0,명사,5,전문어(동물)/전문어(동물),신규_어휘_후보,,0,False
때깔,0,명사,5,일반어,신규_어휘_후보,,0,False
때늦다,0,형용사,5,일반어/일반어/일반어,신규_어휘_후보,,0,False
때려눕히다,0,동사,5,일반어/일반어,신규_어휘_후보,,0,False
때려치우다,0,동사,5,일반어,신규_어휘_후보,,0,False
때매김,0,명사,5,전문어(언어),신규_어휘_후보,,0,False
때죽나무,0,명사,5,전문어(식물),신규_어휘_후보,,0,False
땍땍거리다,0,동사,5,일반어,신규_어휘_후보,,0,False
땔거리,0,명사,5,일반어,신규_어휘_후보,,0,False
땜장이,0,명사,5,일반어,신규_어휘_후보,,0,False
땜질,0,명사,5,일반어/일반어/일반어,신규_어휘_후보,,0,False
땟덩이,0,명사,5,일반어,신규_어휘_후보,,0,False
땟자국,0,명사,5,일반어,신규_어휘_후보,,0,False
땡감,0,명사,5,일반어,신규_어휘_후보,,0,False
땡땡,1,부사,5,일반어,신규_어휘_후보,,0,False
땡땡이치다,0,동사,5,일반어,신규_어휘_후보,,0,False
떠꺼머리,0,명사,5,일반어,신규_어휘_후보,,0,False
떠꺼머리총각,0,명사,5,일반어/일반어,신규_어휘_후보,,0,False
떠다밀다,0,동사,5,일반어/일반어,신규_어휘_후보,,0,False
떠돌이별,0,명사,5,전문어(천문),신규_어휘_후보,,0,False
떠듬떠듬,0,부사,5,일반어,신규_어휘_후보,,0,False
떠메다,0,동사,5,일반어/일반어,신규_어휘_후보,,0,False
떠받다,1,동사,5,일반어,신규_어휘_후보,,0,False
떠버리,0,명사,5,일반어,신규_어휘_후보,,0,False
떠보다,0,동사,5,일반어/일반어/일반어,신규_어휘_후보,,0,False
떠오다,0,동사,5,일반어,신규_어휘_후보,,0,False
떡고물,0,명사,5,일반어/일반어,신규_어휘_후보,,0,False
떡밥,0,명사,5,일반어/일반어,신규_어휘_후보,,0,False
떡살,0,명사,5,일반어,신규_어휘_후보,,0,False
떨기나무,0,명사,5,전문어(식물),신규_어휘_후보,,0,False
떨떠름하다,0,형용사,5,일반어/일반어,신규_어휘_후보,,0,False
떨림판,0,명사,5,전문어(정보·통신),신규_어휘_후보,,0,False
떨이,1,명사,5,일반어,신규_어휘_후보,,0,False
떨켜,0,명사,5,전문어(식물),신규_어휘_후보,,0,False
떫은맛,0,명사,5,일반어,신규_어휘_후보,,0,False
떵떵거리다,1,동사,5,일반어,신규_어휘_후보,,0,False
떼강도,0,명사,5,일반어,신규_어휘_후보,,0,False
떼거리,1,명사,5,일반어,신규_어휘_후보,,0,False
떼구루루,0,부사,5,일반어,신규_어휘_후보,,0,False
떼밀다,0,동사,5,일반어,신규_어휘_후보,,0,False
떼어먹다,0,동사,5,일반어/일반어,신규_어휘_후보,,0,False
떼쟁이,0,명사,5,일반어,신규_어휘_후보,,0,False
떽떽거리다,0,동사,5,일반어,신규_어휘_후보,,0,False
뗀석기,0,명사,5,전문어(역사),신규_어휘_후보,,0,False
뗑,0,부사,5,일반어,신규_어휘_후보,,0,False
또박또박,2,부사,5,일반어,신규_어휘_후보,,0,True
또박또박하다,1,형용사,5,일반어,신규_어휘_후보,,0,False
똑,2,부사,5,일반어/일반어/일반어,신규_어휘_후보,,0,True
똥값,0,명사,5,일반어,신규_어휘_후보,,0,False
똥똥하다,0,형용사,5,일반어/일반어,신규_어휘_후보,,0,False
똥싸개,0,명사,5,일반어/일반어/일반어,신규_어휘_후보,,0,False
똬리,0,명사,5,일반어/일반어,신규_어휘_후보,,0,False
뙈기,1,명사,5,일반어/일반어,신규_어휘_후보,,0,False
뚜쟁이,0,명사,5,일반어/일반어,신규_어휘_후보,,0,False
뚝심,0,명사,5,일반어/일반어,신규_어휘_후보,,0,False
뚱기다,0,동사,5,일반어/일반어,신규_어휘_후보,,0,False
뛰다,3,동사,5,일반어,신규_어휘_후보,,0,True
뛰어가기,0,명사,5,전문어(음악),신규_어휘_후보,,0,False
뜀,0,명사,5,일반어/일반어,신규_어휘_후보,,0,False
뜀박질,0,명사,5,일반어/일반어,신규_어휘_후보,,0,False
뜨개,0,명사,5,일반어/전문어(공예),신규_어휘_후보,,0,False
뜨개바늘,0,명사,5,일반어,신규_어휘_후보,,0,False
뜨개실,0,명사,5,일반어,신규_어휘_후보,,0,False
뜨끈뜨끈하다,0,형용사,5,일반어,신규_어휘_후보,,0,False
뜨끈하다,0,형용사,5,일반어,신규_어휘_후보,,0,False
뜨끔거리다,0,동사,5,일반어/일반어,신규_어휘_후보,,0,False
뜨내기,0,명사,5,일반어/일반어,신규_어휘_후보,,0,False
뜨다,9,동사,5,일반어,신규_어휘_후보,,0,True
뜨다,10,동사,5,일반어,신규_어휘_후보,,0,True
뜨다,13,형용사,5,일반어/일반어/일반어/일반어/일반어/일반어/일반어/일반어,신규_어휘_후보,,0,False
뜨뜻미지근하다,0,형용사,5,일반어/일반어,신규_어휘_후보,,0,False
뜨락,0,명사,5,일반어/일반어,신규_어휘_후보,,0,False
뜨문뜨문,0,부사,5,일반어/일반어,신규_어휘_후보,,0,False
뜨물,0,명사,5,일반어,신규_어휘_후보,,0,False
뜨악하다,0,형용사,5,일반어/일반어,신규_어휘_후보,,0,False
뜬공,0,명사,5,전문어(체육),신규_어휘_후보,,0,False
뜬구름,0,명사,5,일반어/일반어,신규_어휘_후보,,0,False
뜬소문,0,명사,5,일반어,신규_어휘_후보,,0,False
뜯어말리다,0,동사,5,일반어,신규_어휘_후보,,0,False
뜰채,0,명사,5,일반어,신규_어휘_후보,,0,False
뜸,2,명사,5,일반어,신규_어휘_후보,,0,True
뜸,5,명사,5,전문어(한의),신규_어휘_후보,,0,True
뜸부기,1,명사,5,전문어(동물)/전문어(동물),신규_어휘_후보,,0,False
띄우다,3,동사,5,일반어,신규_어휘_후보,,0,True
띄우다,4,동사,5,일반어/일반어,신규_어휘_후보,,0,True
띠,4,명사,5,전문어(민속),신규_어휘_후보,,0,True
띠그래프,0,명사,5,전문어(수학),신규_어휘_후보,,0,False
띠씨름,0,명사,5,전문어(체육),신규_어휘_후보,,0,False
띠앗,0,명사,5,일반어,신규_어휘_후보,,0,False
띵하다,0,형용사,5,일반어,신규_어휘_후보,,0,False
라,1,명사,5,전문어(음악),신규_어휘_후보,,0,True
라,3,명사,5,전문어(음악),신규_어휘_후보,,0,True
라단조,0,명사,5,전문어(음악),신규_어휘_후보,,0,False
라디에이터,0,명사,5,전문어(기계)/전문어(기계),신규_어휘_후보,,0,False
라마교,0,명사,5,전문어(불교),신규_어휘_후보,,0,False
라오스,0,명사,5,전문어(지명),신규_어휘_후보,,0,False
라운지,0,명사,5,일반어,신규_어휘_후보,,0,False
라이벌,0,명사,5,일반어,신규_어휘_후보,,0,False
라이트급,0,명사,5,전문어(체육),신규_어휘_후보,,0,False
라틴,0,명사,5,전문어(언어)/일반어,신규_어휘_후보,,0,False
란,2,명사,5,일반어,신규_어휘_후보,,0,False
랍스터,0,명사,5,일반어,신규_어휘_후보,,0,False
랑데부,0,명사,5,일반어/일반어/일반어,신규_어휘_후보,,0,False
래프팅,0,명사,5,전문어(체육),신규_어휘_후보,,0,False
랜,0,명사,5,전문어(정보·통신),신규_어휘_후보,,0,False
램,4,명사,5,전문어(정보·통신),신규_어휘_후보,,0,False
랭킹,0,명사,5,일반어,신규_어휘_후보,,0,False
러닝샤쓰,0,명사,5,일반어,신규_어휘_후보,,0,False
러시아,0,명사,5,전문어(지명),신규_어휘_후보,,0,False
러시아워,0,명사,5,일반어,신규_어휘_후보,,0,False
런던,3,명사,5,전문어(지명),신규_어휘_후보,,0,False
레게,0,명사,5,전문어(음악),신규_어휘_후보,,0,False
레모네이드,0,명사,5,일반어,신규_어휘_후보,,0,False
레몬수,0,명사,5,일반어/일반어,신규_어휘_후보,,0,False
레몬주스,0,명사,5,일반어,신규_어휘_후보,,0,False
레몬차,0,명사,5,일반어,신규_어휘_후보,,0,False
레미콘,0,명사,5,전문어(건설)/전문어(건설),신규_어휘_후보,,0,False
레이다,0,명사,5,전문어(물리),신규_어휘_후보,,0,False
레이아웃,0,명사,5,일반어/일반어/전문어(복식),신규_어휘_후보,,0,False
레지,0,명사,5,일반어,신규_어휘_후보,,0,False
레지던트,0,명사,5,전문어(의학),신규_어휘_후보,,0,False
레코드,1,명사,5,일반어/전문어(정보·통신),신규_어휘_후보,,0,False
레코드판,0,명사,5,일반어,신규_어휘_후보,,0,False
레코드플레이어,0,명사,5,일반어,신규_어휘_후보,,0,False
레크리에이션,0,명사,5,일반어,신규_어휘_후보,,0,False
레퍼토리,0,명사,5,일반어/일반어,신규_어휘_후보,,0,False
레포츠,0,명사,5,일반어,신규_어휘_후보,,0,False
렌터카,0,명사,5,일반어,신규_어휘_후보,,0,False
로그아웃,0,명사,5,전문어(정보·통신),신규_어휘_후보,,0,False
로그인,0,명사,5,전문어(정보·통신),신규_어휘_후보,,0,False
로마,0,명사,5,전문어(역사)/전문어(역사)/전문어(지명)/전문어(지명),신규_어휘_후보,,0,False
로스,1,명사,5,일반어/일반어/일반어,신규_어휘_후보,,0,False
로스구이,0,명사,5,일반어,신규_어휘_후보,,0,False
로스앤젤레스,0,명사,5,전문어(지명),신규_어휘_후보,,0,False
로열티,0,명사,5,일반어,신규_어휘_후보,,0,False
로터리,0,명사,5,전문어(교통),신규_어휘_후보,,0,False
로테르담,0,명사,5,전문어(지명),신규_어휘_후보,,0,False
로프,0,명사,5,일반어,신규_어휘_후보,,0,False
록카페,0,명사,5,일반어,신규_어휘_후보,,0,False
롱스커트,0,명사,5,일반어,신규_어휘_후보,,0,False
루마니아,0,명사,5,전문어(지명),신규_어휘_후보,,0,False
루머,0,명사,5,일반어,신규_어휘_후보,,0,False
루비,0,명사,5,전문어(광업),신규_어휘_후보,,0,False
루주,0,명사,5,일반어,신규_어휘_후보,,0,False
루프,0,명사,5,일반어/전문어(복식)/전문어(체육)/전문어(체육)/전문어(정보·통신),신규_어휘_후보,,0,False
룩셈부르크,2,명사,5,전문어(지명)/전문어(지명),신규_어휘_후보,,0,False
류머티즘,0,명사,5,전문어(의학),신규_어휘_후보,,0,False
르포,0,명사,5,전문어(매체)/전문어(문학),신규_어휘_후보,,0,False
리메이크,0,명사,5,전문어(영상),신규_어휘_후보,,0,False
리모델링,0,명사,5,일반어,신규_어휘_후보,,0,False
리바운드,0,명사,5,전문어(체육)/전문어(체육)/전문어(체육),신규_어휘_후보,,0,False
리비아,0,명사,5,전문어(지명),신규_어휘_후보,,0,False
리사이틀,0,명사,5,전문어(음악),신규_어휘_후보,,0,False
리콜,0,명사,5,전문어(경영),신규_어휘_후보,,0,False
리투아니아,0,명사,5,전문어(지명),신규_어휘_후보,,0,False
리튬,0,명사,5,전문어(화학),신규_어휘_후보,,0,False
리포터,0,명사,5,일반어,신규_어휘_후보,,0,False
리플,0,명사,5,전문어(복식),신규_어휘_후보,,0,False
릴,2,명사/의존 명사,5,일반어/일반어,신규_어휘_후보,,0,False
림보,1,명사,5,일반어,신규_어휘_후보,,0,False
림프,0,명사,5,전문어(수의),신규_어휘_후보,,0,False
립크림,0,명사,5,일반어,신규_어휘_후보,,0,False
링크,3,명사,5,전문어(체육),신규_어휘_후보,,0,False
마,3,명사,5,전문어(음악),신규_어휘_후보,,0,True
마,9,명사,5,일반어/일반어/일반어/일반어/전문어(불교),신규_어휘_후보,,0,True
마고자,0,명사,5,일반어,신규_어휘_후보,,0,False
마구리,0,명사,5,일반어/일반어,신규_어휘_후보,,0,False
마그네시아,0,명사,5,전문어(화학),신규_어휘_후보,,0,False
마나님,0,명사,5,일반어,신규_어휘_후보,,0,False
마늘종,0,명사,5,일반어,신규_어휘_후보,,0,False
마늘쪽,0,명사,5,일반어/일반어,신규_어휘_후보,,0,False
마니산,0,명사,5,전문어(지명),신규_어휘_후보,,0,False
마닐라,0,명사,5,전문어(지명),신규_어휘_후보,,0,False
마단조,0,명사,5,전문어(음악),신규_어휘_후보,,0,False
마담,0,명사,5,일반어,신규_어휘_후보,,0,False
마담뚜,0,명사,5,일반어,신규_어휘_후보,,0,False
마당놀이,0,명사,5,전문어(민속)/전문어(민속),신규_어휘_후보,,0,False
마당발,0,명사,5,일반어/일반어,신규_어휘_후보,,0,False
마라도,0,명사,5,전문어(지명),신규_어휘_후보,,0,False
마루턱,0,명사,5,일반어,신규_어휘_후보,,0,False
마루판,0,명사,5,전문어(건설),신규_어휘_후보,,0,False
마룻장,0,명사,5,전문어(건설),신규_어휘_후보,,0,False
마른나무,0,명사,5,일반어/일반어,신규_어휘_후보,,0,False
마른땅,0,명사,5,일반어,신규_어휘_후보,,0,False
마른미역,0,명사,5,일반어,신규_어휘_후보,,0,False
마른안주,0,명사,5,일반어,신규_어휘_후보,,0,False
마른침,0,명사,5,일반어,신규_어휘_후보,,0,False
마름,3,명사,5,일반어,신규_어휘_후보,,0,False
마름모꼴,0,명사,5,일반어,신규_어휘_후보,,0,False
마름질하다,0,동사,5,일반어,신규_어휘_후보,,0,False
마리오네트,0,명사,5,전문어(예체능 일반),신규_어휘_후보,,0,False
마릿수,0,명사,5,일반어,신규_어휘_후보,,0,False
마마보이,0,명사,5,일반어,신규_어휘_후보,,0,False
마멸,0,명사,5,일반어,신규_어휘_후보,,0,False
마멸되다,0,동사,5,일반어,신규_어휘_후보,,0,False
마멸하다,0,동사,5,일반어,신규_어휘_후보,,0,False
마모되다,0,동사,5,일반어,신규_어휘_후보,,0,False
마방진,0,명사,5,전문어(수학),신규_어휘_후보,,0,False
마분지,0,명사,5,일반어/일반어,신규_어휘_후보,,0,False
마수,5,명사,5,일반어,신규_어휘_후보,,0,False
마수걸이,0,명사,5,일반어/일반어,신규_어휘_후보,,0,False
마술피리,0,명사,5,전문어(음악),신규_어휘_후보,,0,False
마스터하다,0,동사,5,일반어,신규_어휘_후보,,0,False
마애불,0,명사,5,전문어(불교),신규_어휘_후보,,0,False
마우스피스,0,명사,5,전문어(체육)/전문어(음악),신규_어휘_후보,,0,False
마운드,0,명사,5,전문어(체육)/전문어(체육),신규_어휘_후보,,0,False
마을금고,0,명사,5,일반어,신규_어휘_후보,,0,False
마음보,0,명사,5,일반어,신규_어휘_후보,,0,False
마음잡다,0,동사,5,일반어,신규_어휘_후보,,0,False
마이동풍,0,명사,5,일반어,신규_어휘_후보,,0,False
마이신,0,명사,5,일반어/전문어(약학),신규_어휘_후보,,0,False
마이크로파,0,명사,5,전문어(물리),신규_어휘_후보,,0,False
마인드맵,0,명사,5,전문어(교육),신규_어휘_후보,,0,False
마작,0,명사,5,전문어(체육),신규_어휘_후보,,0,False
마적,1,명사,5,일반어,신규_어휘_후보,,0,False
마주나다,0,동사,5,전문어(식물),신규_어휘_후보,,0,False
마중물,0,명사,5,일반어,신규_어휘_후보,,0,False
마지기,1,의존 명사,5,일반어/일반어,신규_어휘_후보,,0,False
마지않다,0,보조 동사,5,일반어,신규_어휘_후보,,0,False
마진,3,명사,5,전문어(경제)/전문어(경제)/일반어,신규_어휘_후보,,0,False
마천루,0,명사,5,일반어,신규_어휘_후보,,0,False
마추픽추,0,명사,5,전문어(지명),신규_어휘_후보,,0,False
마취제,0,명사,5,전문어(약학),신규_어휘_후보,,0,False
마치,1,명사,5,일반어/일반어,신규_어휘_후보,,0,False
마치질,0,명사,5,일반어,신규_어휘_후보,,0,False
마침꼴,0,명사,5,전문어(언어)/전문어(음악),신규_어휘_후보,,0,False
마카로니,0,명사,5,일반어,신규_어휘_후보,,0,False
마파람,0,명사,5,일반어,신규_어휘_후보,,0,False
마한,0,명사,5,전문어(역사),신규_어휘_후보,,0,False
마호가니,0,명사,5,전문어(식물),신규_어휘_후보,,0,False
마호메트교,0,명사,5,전문어(종교 일반),신규_어휘_후보,,0,False
마후라,0,명사,5,일반어/전문어(기계),신규_어휘_후보,,0,False
막간,0,명사,5,일반어/전문어(연기),신규_어휘_후보,,0,False
막급하다,0,형용사,5,일반어,신규_어휘_후보,,0,False
막내아우,0,명사,5,일반어,신규_어휘_후보,,0,False
막노동,0,명사,5,일반어,신규_어휘_후보,,0,False
막노동판,0,명사,5,일반어,신규_어휘_후보,,0,False
막다르다,0,형용사,5,일반어,신규_어휘_후보,,0,False
막대그래프,0,명사,5,전문어(수학),신규_어휘_후보,,0,False
막돌,0,명사,5,일반어/전문어(체육),신규_어휘_후보,,0,False
막되다,0,형용사,5,일반어/일반어,신규_어휘_후보,,0,False
막론하다,0,동사,5,일반어,신규_어휘_후보,,0,False
막말,0,명사,5,일반어/일반어,신규_어휘_후보,,0,False
막사,2,명사,5,일반어/전문어(군사)/전문어(군사),신규_어휘_후보,,0,False
막상막하,0,명사,5,일반어,신규_어휘_후보,,0,False
막새기와,0,명사,5,전문어(건설)/전문어(건설),신규_어휘_후보,,0,False
막심하다,0,형용사,5,일반어,신규_어휘_후보,,0,False
막역하다,0,형용사,5,일반어,신규_어휘_후보,,0,False
막연히,0,부사,5,일반어/일반어,신규_어휘_후보,,0,False
막자,0,명사,5,일반어,신규_어휘_후보,,0,False
막자사발,0,명사,5,일반어,신규_어휘_후보,,0,False
막중하다,0,형용사,5,일반어,신규_어휘_후보,,0,False
막하,0,명사,5,일반어/일반어/전문어(역사),신규_어휘_후보,,0,False
만,9,명사,5,전문어(해양),신규_어휘_후보,,0,True
만개하다,0,동사,5,일반어/일반어,신규_어휘_후보,,0,False
만건곤하다,0,형용사,5,일반어,신규_어휘_후보,,0,False
만경창파,0,명사,5,일반어,신규_어휘_후보,,0,False
만고,1,명사,5,일반어/일반어/일반어,신규_어휘_후보,,0,False
만기,5,명사,5,일반어/전문어(경제),신규_어휘_후보,,0,False
만년설,0,명사,5,전문어(지구),신규_어휘_후보,,0,False
만능열쇠,0,명사,5,일반어,신규_어휘_후보,,0,False
만담,0,명사,5,일반어,신규_어휘_후보,,0,False
만담가,0,명사,5,일반어,신규_어휘_후보,,0,False
만두전골,0,명사,5,일반어,신규_어휘_후보,,0,False
만듦새,0,명사,5,일반어,신규_어휘_후보,,0,False
만료,0,명사,5,일반어,신규_어휘_후보,,0,False
만류,1,명사,5,일반어,신규_어휘_후보,,0,False
만류하다,0,동사,5,일반어,신규_어휘_후보,,0,False
만만히,1,부사,5,일반어/일반어,신규_어휘_후보,,0,False
만면,0,명사,5,일반어,신규_어휘_후보,,0,False
만면하다,0,형용사,5,일반어,신규_어휘_후보,,0,False
만무하다,0,형용사,5,일반어,신규_어휘_후보,,0,False
만물박사,0,명사,5,일반어,신규_어휘_후보,,0,False
만민,0,명사,5,일반어,신규_어휘_후보,,0,False
만반,1,명사,5,일반어,신규_어휘_후보,,0,False
만방,2,명사,5,일반어,신규_어휘_후보,,0,False
만복,2,명사,5,일반어,신규_어휘_후보,,0,False
만분지일,0,명사,5,일반어,신규_어휘_후보,,0,False
만사태평,0,명사,5,일반어/일반어,신규_어휘_후보,,0,False
만사형통하다,0,동사,5,일반어,신규_어휘_후보,,0,False
만삭,0,명사,5,일반어,신규_어휘_후보,,0,False
만선하다,0,동사,5,일반어,신규_어휘_후보,,0,False
만성,3,명사,5,일반어/전문어(의학),신규_어휘_후보,,0,False
만수무강,0,명사,5,일반어,신규_어휘_후보,,0,False
만수무강하다,0,동사,5,일반어,신규_어휘_후보,,0,False
만수산,0,명사,5,전문어(지명)/전문어(지명),신규_어휘_후보,,0,False
만신창이,0,명사,5,일반어/일반어,신규_어휘_후보,,0,False
만용,0,명사,5,일반어,신규_어휘_후보,,0,False
만우절,0,명사,5,일반어,신규_어휘_후보,,0,False
만월,1,명사,5,일반어/일반어,신규_어휘_후보,,0,False
만유인력,0,명사,5,전문어(물리),신규_어휘_후보,,0,False
만장,5,명사,5,일반어/일반어,신규_어휘_후보,,0,False
만장굴,0,명사,5,전문어(지명),신규_어휘_후보,,0,False
만전,2,명사,5,일반어/일반어,신규_어휘_후보,,0,False
만조,4,명사,5,전문어(해양),신규_어휘_후보,,0,False
만주,2,명사,5,전문어(지명),신규_어휘_후보,,0,False
만주족,0,명사,5,전문어(고유명 일반),신규_어휘_후보,,0,False
만찬회,0,명사,5,일반어,신규_어휘_후보,,0,False
만천하,0,명사,5,일반어,신규_어휘_후보,,0,False
만추,0,명사,5,일반어,신규_어휘_후보,,0,False
만파식적,0,명사,5,전문어(음악),신규_어휘_후보,,0,False
만평,0,명사,5,일반어/일반어,신규_어휘_후보,,0,False
만행,2,명사,5,일반어/일반어,신규_어휘_후보,,0,True
만화경,0,명사,5,일반어/일반어,신규_어휘_후보,,0,False
만화방,0,명사,5,일반어,신규_어휘_후보,,0,False
만회,0,명사,5,일반어,신규_어휘_후보,,0,False
만회하다,0,동사,5,일반어,신규_어휘_후보,,0,False
맏동서,0,명사,5,일반어/일반어,신규_어휘_후보,,0,False
맏물,0,명사,5,일반어,신규_어휘_후보,,0,False
맏사위,0,명사,5,일반어,신규_어휘_후보,,0,False
맏자식,0,명사,5,일반어/일반어,신규_어휘_후보,,0,False
말,6,명사,5,전문어(민속)/전문어(체육),신규_어휘_후보,,0,True
말가죽,0,명사,5,일반어,신규_어휘_후보,,0,False
말갛다,0,형용사,5,일반어/일반어/일반어/일반어,신규_어휘_후보,,0,False
말고삐,0,명사,5,일반어,신규_어휘_후보,,0,False
말꼬투리,0,명사,5,일반어,신규_어휘_후보,,0,False
말날,0,명사,5,전문어(민속)/전문어(민속),신규_어휘_후보,,0,False
말단,0,명사,5,일반어/일반어,신규_어휘_후보,,0,False
말달리기,0,명사,5,일반어/일반어,신규_어휘_후보,,0,False
말달리다,0,동사,5,일반어,신규_어휘_후보,,0,False
말대꾸,0,명사,5,일반어,신규_어휘_후보,,0,False
말대꾸하다,0,동사,5,일반어,신규_어휘_후보,,0,False
말똥,1,명사,5,일반어/일반어,신규_어휘_후보,,0,False
말라붙다,0,동사,5,일반어,신규_어휘_후보,,0,False
말레이시아,0,명사,5,전문어(지명),신규_어휘_후보,,0,False
말벌,0,명사,5,일반어/전문어(동물)/전문어(동물),신규_어휘_후보,,0,False
말살,0,명사,5,일반어,신규_어휘_후보,,0,False
말살하다,0,동사,5,일반어,신규_어휘_후보,,0,False
말세,3,명사,5,일반어/전문어(기독교)/전문어(불교),신규_어휘_후보,,0,False
말소,2,명사,5,일반어,신규_어휘_후보,,0,False
말실수,0,명사,5,일반어,신규_어휘_후보,,0,False
말실수하다,0,동사,5,일반어,신규_어휘_후보,,0,False
말썽스럽다,0,형용사,5,일반어,신규_어휘_후보,,0,False
말씨름,0,명사,5,일반어,신규_어휘_후보,,0,False
말씨름하다,0,동사,5,일반어,신규_어휘_후보,,0,False
말아먹다,0,동사,5,일반어,신규_어휘_후보,,0,False
말안장,0,명사,5,일반어,신규_어휘_후보,,0,False
말없음표,0,명사,5,전문어(언어),신규_어휘_후보,,0,False
말엽,0,명사,5,일반어/일반어,신규_어휘_후보,,0,False
말장난하다,0,동사,5,일반어/일반어,신규_어휘_후보,,0,False
말재주,0,명사,5,일반어,신규_어휘_후보,,0,False
말조심하다,0,동사,5,일반어,신규_어휘_후보,,0,False
말줄임표,0,명사,5,전문어(언어),신규_어휘_후보,,0,False
말채찍,0,명사,5,일반어,신규_어휘_후보,,0,False
말초,0,명사,5,일반어/일반어,신규_어휘_후보,,0,False
말총,0,명사,5,일반어,신규_어휘_후보,,0,False
말캉말캉,0,부사,5,일반어,신규_어휘_후보,,0,False
말캉말캉하다,0,형용사,5,일반어,신규_어휘_후보,,0,False
말캉하다,0,형용사,5,일반어,신규_어휘_후보,,0,False
말코,2,명사,5,일반어,신규_어휘_후보,,0,False
말허리,0,명사,5,일반어,신규_어휘_후보,,0,False
맑은장국,0,명사,5,일반어,신규_어휘_후보,,0,False
맘고생,0,명사,5,일반어,신규_어휘_후보,,0,False
맘보,2,명사,5,전문어(예체능 일반),신규_어휘_후보,,0,False
맛,2,명사,5,전문어(동물)/전문어(동물),신규_어휘_후보,,0,True
맛조개,0,명사,5,전문어(동물),신규_어휘_후보,,0,False
망가트리다,0,동사,5,일반어,신규_어휘_후보,,0,False
망각,2,명사,5,일반어,신규_어휘_후보,,0,False
망간,3,명사,5,전문어(화학),신규_어휘_후보,,0,False
망건,0,명사,5,일반어,신규_어휘_후보,,0,False
망국,0,명사,5,일반어/일반어,신규_어휘_후보,,0,False
망극하다,2,형용사,5,일반어,신규_어휘_후보,,0,False
망나니,0,명사,5,일반어/일반어/전문어(동물),신규_어휘_후보,,0,False
망나니짓,0,명사,5,일반어,신규_어휘_후보,,0,False
망년회,0,명사,5,일반어,신규_어휘_후보,,0,False
망두석,0,명사,5,전문어(민속),신규_어휘_후보,,0,False
망둥이,0,명사,5,전문어(동물),신규_어휘_후보,,0,False
망라하다,0,동사,5,일반어,신규_어휘_후보,,0,False
망령,1,명사,5,일반어/일반어,신규_어휘_후보,,0,True
망령,2,명사,5,일반어,신규_어휘_후보,,0,True
망령되다,0,형용사,5,일반어,신규_어휘_후보,,0,False
망령되이,0,부사,5,일반어,신규_어휘_후보,,0,False
망루,0,명사,5,일반어,신규_어휘_후보,,0,False
망막,2,명사,5,전문어(의학)/전문어(의학),신규_어휘_후보,,0,False
망망대해,0,명사,5,일반어,신규_어휘_후보,,0,False
망망하다,1,형용사,5,일반어,신규_어휘_후보,,0,False
망명,0,명사,5,일반어/일반어,신규_어휘_후보,,0,False
망명하다,0,동사,5,일반어/일반어,신규_어휘_후보,,0,False
망발,0,명사,5,일반어/일반어,신규_어휘_후보,,0,False
망보다,0,동사,5,일반어,신규_어휘_후보,,0,False
망부석,0,명사,5,일반어,신규_어휘_후보,,0,False
망사,7,명사,5,일반어/일반어,신규_어휘_후보,,0,False
망언,0,명사,5,일반어,신규_어휘_후보,,0,False
망연자실하다,0,동사,5,일반어,신규_어휘_후보,,0,False
망울,0,명사,5,일반어/일반어/일반어,신규_어휘_후보,,0,False
망울지다,0,동사,5,일반어,신규_어휘_후보,,0,False
망정,1,의존 명사,5,일반어,신규_어휘_후보,,0,False
망주석,0,명사,5,전문어(민속),신규_어휘_후보,,0,False
망측스럽다,0,형용사,5,일반어,신규_어휘_후보,,0,False
망측하다,0,형용사,5,일반어,신규_어휘_후보,,0,False
망치질하다,0,동사,5,일반어,신규_어휘_후보,,0,False
망태,2,명사,5,일반어,신규_어휘_후보,,0,False
망태기,0,명사,5,일반어,신규_어휘_후보,,0,False
맞대결,0,명사,5,일반어,신규_어휘_후보,,0,False
맞대결하다,0,동사,5,일반어,신규_어휘_후보,,0,False
맞대면,0,명사,5,일반어,신규_어휘_후보,,0,False
맞물다,0,동사,5,일반어/일반어,신규_어휘_후보,,0,False
맞바람,0,명사,5,일반어/일반어/일반어,신규_어휘_후보,,0,False
맞받다,0,동사,5,일반어/일반어/일반어,신규_어휘_후보,,0,False
맞붙이다,0,동사,5,일반어/일반어/일반어,신규_어휘_후보,,0,False
맞상대,0,명사,5,일반어,신규_어휘_후보,,0,False
맞선,0,명사,5,일반어,신규_어휘_후보,,0,False
맞싸우다,0,동사,5,일반어,신규_어휘_후보,,0,False
맞은쪽,0,명사,5,일반어,신규_어휘_후보,,0,False
맞짱,0,명사,5,일반어,신규_어휘_후보,,0,False
맞춤옷,0,명사,5,일반어,신규_어휘_후보,,0,False
매각,0,명사,5,일반어,신규_어휘_후보,,0,False
매개,3,명사,5,일반어/전문어(철학)/전문어(철학),신규_어휘_후보,,0,False
매개물,0,명사,5,일반어,신규_어휘_후보,,0,False
매국노,0,명사,5,일반어,신규_어휘_후보,,0,False
매도,2,명사,5,일반어,신규_어휘_후보,,0,False
매독,0,명사,5,전문어(의학),신규_어휘_후보,,0,False
매료되다,0,동사,5,일반어,신규_어휘_후보,,0,False
매료하다,0,동사,5,일반어,신규_어휘_후보,,0,False
매맛,0,명사,5,일반어,신규_어휘_후보,,0,False
매몰,2,명사,5,일반어,신규_어휘_후보,,0,False
매몰되다,0,동사,5,일반어,신규_어휘_후보,,0,False
매몰차다,0,형용사,5,일반어/일반어,신규_어휘_후보,,0,False
매무새,0,명사,5,일반어,신규_어휘_후보,,0,False
매무시,0,명사,5,일반어,신규_어휘_후보,,0,False
매병,2,명사,5,일반어,신규_어휘_후보,,0,False
매복,1,명사,5,일반어,신규_어휘_후보,,0,False
매복하다,1,동사,5,일반어,신규_어휘_후보,,0,False
매상,4,명사,5,일반어/일반어,신규_어휘_후보,,0,False
매상고,0,명사,5,일반어,신규_어휘_후보,,0,False
매수,2,명사,5,일반어/일반어,신규_어휘_후보,,0,False
매수하다,1,동사,5,일반어/일반어,신규_어휘_후보,,0,False
매스껍다,0,형용사,5,일반어/일반어,신규_어휘_후보,,0,False
매스컴,0,명사,5,전문어(매체),신규_어휘_후보,,0,False
매식,0,명사,5,일반어,신규_어휘_후보,,0,False
매식하다,0,동사,5,일반어,신규_어휘_후보,,0,False
매양,0,부사,5,일반어,신규_어휘_후보,,0,False
매연가스,0,명사,5,일반어,신규_어휘_후보,,0,False
매운바람,0,명사,5,일반어,신규_어휘_후보,,0,False
매운탕,0,명사,5,일반어,신규_어휘_후보,,0,False
매워하다,0,동사,5,일반어,신규_어휘_후보,,0,False
매일반,0,명사,5,일반어,신규_어휘_후보,,0,False
매입,0,명사,5,일반어,신규_어휘_후보,,0,False
매잡이,2,명사,5,일반어/일반어,신규_어휘_후보,,0,False
매장,2,명사,5,일반어/일반어,신규_어휘_후보,,0,True
매장량,0,명사,5,일반어,신규_어휘_후보,,0,False
매장하다,1,동사,5,일반어/일반어,신규_어휘_후보,,0,False
매점매석,0,명사,5,일반어,신규_어휘_후보,,0,False
매정스럽다,0,형용사,5,일반어,신규_어휘_후보,,0,False
매정히,0,부사,5,일반어,신규_어휘_후보,,0,False
매제,1,명사,5,일반어/일반어,신규_어휘_후보,,0,False
매진,4,명사,5,일반어,신규_어휘_후보,,0,True
매질,1,명사,5,일반어/일반어,신규_어휘_후보,,0,False
매춘,0,명사,5,일반어,신규_어휘_후보,,0,False
매춘부,0,명사,5,일반어,신규_어휘_후보,,0,False
매표,2,명사,5,일반어,신규_어휘_후보,,0,False
매표구,0,명사,5,일반어,신규_어휘_후보,,0,False
매표창구,0,명사,5,일반어,신규_어휘_후보,,0,False
매표하다,1,동사,5,일반어/일반어,신규_어휘_후보,,0,False
매형,0,명사,5,일반어,신규_어휘_후보,,0,False
매혹되다,0,동사,5,일반어,신규_어휘_후보,,0,False
매혹적,0,명사/관형사,5,일반어/일반어,신규_어휘_후보,,0,False
맥락,0,명사,5,전문어(의학)/일반어,신규_어휘_후보,,0,False
맥반석,0,명사,5,전문어(광업),신규_어휘_후보,,0,False
맥없이,2,부사,5,일반어,신규_어휘_후보,,0,True
맥주잔,0,명사,5,일반어,신규_어휘_후보,,0,False
맥줏집,0,명사,5,일반어,신규_어휘_후보,,0,False
맨가슴,0,명사,5,일반어,신규_어휘_후보,,0,False
맨다리,0,명사,5,일반어,신규_어휘_후보,,0,False
맨땅,0,명사,5,일반어/일반어,신규_어휘_후보,,0,False
맨바닥,0,명사,5,일반어,신규_어휘_후보,,0,False
맨밥,0,명사,5,일반어/일반어,신규_어휘_후보,,0,False
맨살,0,명사,5,일반어,신규_어휘_후보,,0,False
맨션,0,명사,5,일반어,신규_어휘_후보,,0,False
맨션아파트,0,명사,5,일반어,신규_어휘_후보,,0,False
맨송맨송하다,0,형용사,5,일반어/일반어/일반어/일반어,신규_어휘_후보,,0,False
맨해튼,0,명사,5,전문어(지명),신규_어휘_후보,,0,False
맨홀,0,명사,5,일반어/일반어/일반어,신규_어휘_후보,,0,False
맴,1,명사,5,일반어,신규_어휘_후보,,0,False
맴매,0,명사,5,일반어/일반어,신규_어휘_후보,,0,False
맷집,0,명사,5,일반어/일반어/일반어,신규_어휘_후보,,0,False
맹공격,0,명사,5,일반어,신규_어휘_후보,,0,False
맹공격하다,0,동사,5,일반어,신규_어휘_후보,,0,False
맹꽁,0,부사,5,일반어,신규_어휘_후보,,0,False
맹랑하다,0,형용사,5,일반어/일반어/일반어,신규_어휘_후보,,0,False
맹맹하다,2,형용사,5,일반어,신규_어휘_후보,,0,False
맹모삼천,0,명사,5,일반어,신규_어휘_후보,,0,False
맹모삼천지교,0,명사,5,일반어,신규_어휘_후보,,0,False
맹목성,0,명사,5,일반어,신규_어휘_후보,,0,False
맹목적,0,명사/관형사,5,일반어/일반어,신규_어휘_후보,,0,False
맹물,0,명사,5,일반어/일반어,신규_어휘_후보,,0,False
맹숭맹숭하다,0,형용사,5,일반어/일반어/일반어/일반어,신규_어휘_후보,,0,False
맹신,0,명사,5,일반어,신규_어휘_후보,,0,False
맹아,1,명사,5,일반어,신규_어휘_후보,,0,True
맹아,2,명사,5,일반어,신규_어휘_후보,,0,True
맹아,3,명사,5,일반어/일반어,신규_어휘_후보,,0,True
맹약하다,0,동사,5,일반어/일반어,신규_어휘_후보,,0,False
맹연습,0,명사,5,일반어,신규_어휘_후보,,0,False
맹연습하다,0,동사,5,일반어,신규_어휘_후보,,0,False
맹위,0,명사,5,일반어,신규_어휘_후보,,0,False
맹점,0,명사,5,일반어/전문어(의학),신규_어휘_후보,,0,False
맹종,2,명사,5,일반어,신규_어휘_후보,,0,False
맹추,1,명사,5,일반어,신규_어휘_후보,,0,False
맹하다,0,형용사,5,일반어,신규_어휘_후보,,0,False
맹호,0,명사,5,일반어/일반어,신규_어휘_후보,,0,False
맹활약,0,명사,5,일반어,신규_어휘_후보,,0,False
맹활약하다,0,동사,5,일반어,신규_어휘_후보,,0,False
맹훈련,0,명사,5,일반어,신규_어휘_후보,,0,False
맺는말,0,명사,5,일반어/일반어,신규_어휘_후보,,0,False
맺음말,0,명사,5,일반어,신규_어휘_후보,,0,False
머그잔,0,명사,5,일반어,신규_어휘_후보,,0,False
머루,0,명사,5,전문어(식물)/전문어(식물)/일반어/전문어(식물),신규_어휘_후보,,0,False
머리글,0,명사,5,일반어,신규_어휘_후보,,0,False
머리글자,0,명사,5,일반어/일반어,신규_어휘_후보,,0,False
머리기사,0,명사,5,일반어,신규_어휘_후보,,0,False
머리숱,0,명사,5,일반어,신규_어휘_후보,,0,False
머리싸움,0,명사,5,일반어,신규_어휘_후보,,0,False
머릿기름,0,명사,5,일반어,신규_어휘_후보,,0,False
머릿돌,0,명사,5,전문어(건설),신규_어휘_후보,,0,False
머릿장,0,명사,5,일반어,신규_어휘_후보,,0,False
머무적거리다,0,동사,5,일반어,신규_어휘_후보,,0,False
머뭇대다,0,동사,5,일반어,신규_어휘_후보,,0,False
머뭇머뭇,0,부사,5,일반어,신규_어휘_후보,,0,False
머슴살이,0,명사,5,일반어,신규_어휘_후보,,0,False
머위,0,명사,5,전문어(식물),신규_어휘_후보,,0,False
머큐로크롬,0,명사,5,전문어(약학),신규_어휘_후보,,0,False
머플러,0,명사,5,일반어/전문어(기계)/전문어(체육),신규_어휘_후보,,0,False
머핀,0,명사,5,일반어,신규_어휘_후보,,0,False
먹음직하다,0,형용사,5,일반어,신규_어휘_후보,,0,False
먹이통,0,명사,5,일반어,신규_어휘_후보,,0,False
먹장구름,0,명사,5,일반어,신규_어휘_후보,,0,False
먹지,2,명사,5,일반어,신규_어휘_후보,,0,False
먹칠,0,명사,5,일반어/일반어/일반어,신규_어휘_후보,,0,False
먹혀들다,1,동사,5,일반어,신규_어휘_후보,,0,False
먹황새,0,명사,5,전문어(동물),신규_어휘_후보,,0,False
먼동,0,명사,5,일반어,신규_어휘_후보,,0,False
먼바다,0,명사,5,일반어/전문어(해양),신규_어휘_후보,,0,False
먼빛,0,명사,5,일반어,신규_어휘_후보,,0,False
먼지바람,0,명사,5,일반어/전문어(지구),신규_어휘_후보,,0,False
멀끔히,0,부사,5,일반어,신규_어휘_후보,,0,False
멀뚱거리다,0,동사,5,일반어,신규_어휘_후보,,0,False
멀뚱멀뚱하다,1,동사/형용사,5,일반어/일반어,신규_어휘_후보,,0,False
멀쑥하다,0,형용사,5,일반어/일반어,신규_어휘_후보,,0,False
멈칫멈칫,0,부사,5,일반어/일반어,신규_어휘_후보,,0,False
멋들다,0,동사,5,일반어,신규_어휘_후보,,0,False
멍군,0,명사/감탄사,5,전문어(체육),신규_어휘_후보,,0,False
멍멍히,0,부사,5,일반어,신규_어휘_후보,,0,False
멍에,1,명사,5,일반어/일반어,신규_어휘_후보,,0,False
멍울,0,명사,5,일반어/일반어/전문어(의학),신규_어휘_후보,,0,False
멍히,0,부사,5,일반어/일반어,신규_어휘_후보,,0,False
메,1,명사,5,일반어,신규_어휘_후보,,0,False
메가,0,의존 명사,5,전문어(정보·통신)/전문어(물리),신규_어휘_후보,,0,False
메가폰,0,명사,5,일반어,신규_어휘_후보,,0,False
메달리스트,0,명사,5,전문어(체육),신규_어휘_후보,,0,False
메리야스,0,명사,5,전문어(복식),신규_어휘_후보,,0,False
메밀가루,0,명사,5,일반어,신규_어휘_후보,,0,False
메스,1,명사,5,전문어(의학)/일반어,신규_어휘_후보,,0,False
메슥거리다,0,동사,5,일반어,신규_어휘_후보,,0,False
메시아,1,명사,5,전문어(종교 일반)/전문어(종교 일반),신규_어휘_후보,,0,False
메어치다,0,동사,5,일반어,신규_어휘_후보,,0,False
메조소프라노,0,명사,5,전문어(음악),신규_어휘_후보,,0,False
메질,0,명사,5,일반어,신규_어휘_후보,,0,False
메추리,0,명사,5,전문어(동물),신규_어휘_후보,,0,False
메카,0,명사,5,전문어(지명)/일반어,신규_어휘_후보,,0,False
메탄,0,명사,5,전문어(화학),신규_어휘_후보,,0,False
메탄올,0,명사,5,전문어(화학),신규_어휘_후보,,0,False
멕시코,0,명사,5,전문어(지명),신규_어휘_후보,,0,False
멜빵,0,명사,5,일반어/일반어/전문어(군사),신규_어휘_후보,,0,False
멜빵바지,0,명사,5,일반어,신규_어휘_후보,,0,False
멥쌀,0,명사,5,일반어,신규_어휘_후보,,0,False
멧부리,0,명사,5,일반어,신규_어휘_후보,,0,False
멧새,0,명사,5,전문어(동물)/전문어(동물)/전문어(동물),신규_어휘_후보,,0,False
며느님,0,명사,5,일반어,신규_어휘_후보,,0,False
며느릿감,0,명사,5,일반어,신규_어휘_후보,,0,False
며늘애,0,명사,5,일반어,신규_어휘_후보,,0,False
멱,1,명사,5,일반어,신규_어휘_후보,,0,True
멱,3,명사,5,일반어,신규_어휘_후보,,0,True
면,4,명사,5,일반어/전문어(행정),신규_어휘_후보,,0,True
면,7,명사,5,일반어,신규_어휘_후보,,0,True
면도하다,0,동사,5,일반어,신규_어휘_후보,,0,False
면류관,0,명사,5,전문어(복식),신규_어휘_후보,,0,False
면면하다,0,형용사,5,일반어,신규_어휘_후보,,0,False
면면히,0,부사,5,일반어,신규_어휘_후보,,0,False
면모,4,명사,5,일반어/일반어,신규_어휘_후보,,0,False
면목,0,명사,5,일반어/일반어/일반어,신규_어휘_후보,,0,False
면밀하다,0,형용사,5,일반어,신규_어휘_후보,,0,False
면바지,0,명사,5,일반어,신규_어휘_후보,,0,False
면상,2,명사,5,일반어,신규_어휘_후보,,0,False
면세점,1,명사,5,일반어,신규_어휘_후보,,0,False
면양,2,명사,5,전문어(동물),신규_어휘_후보,,0,False
면양말,0,명사,5,일반어,신규_어휘_후보,,0,False
면장,2,명사,5,전문어(행정),신규_어휘_후보,,0,False
면장갑,0,명사,5,일반어,신규_어휘_후보,,0,False
면전,1,명사,5,일반어,신규_어휘_후보,,0,False
면제자,0,명사,5,일반어,신규_어휘_후보,,0,False
면제품,0,명사,5,일반어,신규_어휘_후보,,0,False
면책,1,명사,5,일반어/전문어(법률),신규_어휘_후보,,0,False
면하다,2,동사,5,일반어/일반어,신규_어휘_후보,,0,True
면허세,0,명사,5,전문어(법률),신규_어휘_후보,,0,False
면화,3,명사,5,전문어(식물),신규_어휘_후보,,0,False
면회실,0,명사,5,일반어,신규_어휘_후보,,0,False
면회하다,2,동사,5,일반어,신규_어휘_후보,,0,False
멸균,0,명사,5,일반어,신규_어휘_후보,,0,False
멸종하다,0,동사,5,일반어,신규_어휘_후보,,0,False
명,4,명사,5,일반어/일반어/일반어,신규_어휘_후보,,0,True
명견,1,명사,5,일반어,신규_어휘_후보,,0,False
명경지수,0,명사,5,일반어/전문어(불교),신규_어휘_후보,,0,False
명곡집,0,명사,5,일반어,신규_어휘_후보,,0,False
명궁수,0,명사,5,일반어,신규_어휘_후보,,0,False
명도,4,명사,5,전문어(미술),신규_어휘_후보,,0,False
명동,0,명사,5,일반어,신규_어휘_후보,,0,False
명랑히,0,부사,5,일반어/일반어,신규_어휘_후보,,0,False
명령문,0,명사,5,일반어/전문어(언어),신규_어휘_후보,,0,False
명리,1,명사,5,일반어,신규_어휘_후보,,0,False
명마,0,명사,5,일반어,신규_어휘_후보,,0,False
명망,0,명사,5,일반어,신규_어휘_후보,,0,False
명맥,0,명사,5,일반어/일반어,신규_어휘_후보,,0,False
명명,1,명사,5,일반어,신규_어휘_후보,,0,False
명명하다,1,동사,5,일반어,신규_어휘_후보,,0,False
명목,2,명사,5,일반어/일반어,신규_어휘_후보,,0,False
명문,1,명사,5,일반어,신규_어휘_후보,,0,True
명문,2,명사,5,일반어/일반어,신규_어휘_후보,,0,True
명백히,0,부사,5,일반어,신규_어휘_후보,,0,False
명사형,0,명사,5,전문어(언어),신규_어휘_후보,,0,False
명산,1,명사,5,일반어,신규_어휘_후보,,0,False
명산대천,0,명사,5,일반어,신규_어휘_후보,,0,False
명산지,0,명사,5,일반어,신규_어휘_후보,,0,False
명상적,0,명사/관형사,5,일반어/일반어,신규_어휘_후보,,0,False
명승,1,명사,5,일반어/전문어(사회 일반),신규_어휘_후보,,0,True
명승,2,명사,5,일반어,신규_어휘_후보,,0,True
명승고적,0,명사,5,일반어,신규_어휘_후보,,0,False
명승고적지,0,명사,5,일반어,신규_어휘_후보,,0,False
명승부,0,명사,5,일반어,신규_어휘_후보,,0,False
명시,1,명사,5,일반어,신규_어휘_후보,,0,False
명시되다,0,동사,5,일반어,신규_어휘_후보,,0,False
명시하다,1,동사,5,일반어,신규_어휘_후보,,0,False
명실공히,0,부사,5,일반어,신규_어휘_후보,,0,False
명실상부하다,0,형용사,5,일반어,신규_어휘_후보,,0,False
명심보감,0,명사,5,전문어(책명),신규_어휘_후보,,0,False
명아주,0,명사,5,전문어(식물)/전문어(식물),신규_어휘_후보,,0,False
명암,1,명사,5,일반어/일반어/전문어(미술),신규_어휘_후보,,0,False
명약관화하다,0,형용사,5,일반어,신규_어휘_후보,,0,False
명예박사,0,명사,5,일반어,신규_어휘_후보,,0,False
명예퇴직,0,명사,5,일반어,신규_어휘_후보,,0,False
명월,2,명사,5,일반어/일반어,신규_어휘_후보,,0,False
명의,3,명사,5,일반어,신규_어휘_후보,,0,False
명인,0,명사,5,일반어,신규_어휘_후보,,0,False
명일,3,명사,5,일반어,신규_어휘_후보,,0,False
명장,1,명사,5,일반어,신규_어휘_후보,,0,True
명장면,0,명사,5,일반어,신규_어휘_후보,,0,False
명재상,0,명사,5,일반어,신규_어휘_후보,,0,False
명제,2,명사,5,일반어/전문어(철학),신규_어휘_후보,,0,False
명주실,0,명사,5,일반어,신규_어휘_후보,,0,False
명주옷,0,명사,5,일반어,신규_어휘_후보,,0,False
명주잠자리,0,명사,5,전문어(동물)/전문어(동물),신규_어휘_후보,,0,False
명중률,0,명사,5,일반어,신규_어휘_후보,,0,False
명철하다,1,형용사,5,일반어,신규_어휘_후보,,0,False
명쾌하다,0,형용사,5,일반어/일반어,신규_어휘_후보,,0,False
명태포,0,명사,5,일반어,신규_어휘_후보,,0,False
명탯국,0,명사,5,일반어,신규_어휘_후보,,0,False
명패,1,명사,5,일반어/일반어/일반어,신규_어휘_후보,,0,False
명확성,0,명사,5,일반어,기존_콘텐츠와_연결_후보,SR_L6COREV2_4996,1,False
모,6,명사,5,일반어,신규_어휘_후보,,0,True
모계,1,명사,5,일반어,신규_어휘_후보,,0,False
모골,0,명사,5,일반어,신규_어휘_후보,,0,False
모공,0,명사,5,일반어,신규_어휘_후보,,0,False
모과나무,0,명사,5,전문어(식물),신규_어휘_후보,,0,False
모금함,0,명사,5,일반어,신규_어휘_후보,,0,False
모기떼,0,명사,5,일반어,신규_어휘_후보,,0,False
모기약,0,명사,5,일반어,신규_어휘_후보,,0,False
모노레일,0,명사,5,전문어(교통),신규_어휘_후보,,0,False
모눈,0,명사,5,전문어(수학),신규_어휘_후보,,0,False
모데라토,0,명사,5,전문어(음악),신규_어휘_후보,,0,False
모뎀,0,명사,5,전문어(정보·통신),신규_어휘_후보,,0,False
모독하다,0,동사,5,일반어,신규_어휘_후보,,0,False
모란,1,명사,5,전문어(식물)/일반어/전문어(민속),신규_어휘_후보,,0,False
모란꽃,0,명사,5,일반어,신규_어휘_후보,,0,False
모래톱,0,명사,5,일반어,신규_어휘_후보,,0,False
모래펄,0,명사,5,일반어/일반어,신규_어휘_후보,,0,False
모랫바닥,0,명사,5,일반어,신규_어휘_후보,,0,False
모략,0,명사,5,일반어/일반어,신규_어휘_후보,,0,False
모략하다,0,동사,5,일반어,신규_어휘_후보,,0,False
모로코,0,명사,5,전문어(지명),신규_어휘_후보,,0,False
모르몬교,0,명사,5,전문어(기독교),신규_어휘_후보,,0,False
모르핀,0,명사,5,전문어(약학),신규_어휘_후보,,0,False
모리셔스,0,명사,5,전문어(지명),신규_어휘_후보,,0,False
모면,2,명사,5,일반어,신규_어휘_후보,,0,False
모면하다,0,동사,5,일반어,신규_어휘_후보,,0,False
모멸감,0,명사,5,일반어,신규_어휘_후보,,0,False
모바일,0,명사,5,전문어(정보·통신),신규_어휘_후보,,0,False
모반,3,명사,5,일반어/일반어,신규_어휘_후보,,0,False
모발,0,명사,5,일반어/일반어,신규_어휘_후보,,0,False
모방적,0,명사,5,일반어,신규_어휘_후보,,0,False
모범택시,0,명사,5,일반어,신규_어휘_후보,,0,False
모사,7,명사,5,일반어/일반어/전문어(미술),신규_어휘_후보,,0,False
모색,3,명사,5,일반어,신규_어휘_후보,,0,False
모색하다,2,동사,5,일반어,신규_어휘_후보,,0,False
모셔다드리다,0,동사,5,일반어,신규_어휘_후보,,0,False
모순되다,0,동사,5,일반어,신규_어휘_후보,,0,False
모스크바,0,명사,5,전문어(지명),신규_어휘_후보,,0,False
모시풀,0,명사,5,전문어(식물),신규_어휘_후보,,0,False
모아들이다,0,동사,5,일반어,신규_어휘_후보,,0,False
모양내다,0,동사,5,일반어,신규_어휘_후보,,0,False
모어,1,명사,5,일반어/일반어/전문어(언어),신규_어휘_후보,,0,False
모욕감,0,명사,5,일반어,신규_어휘_후보,,0,False
모월,0,명사,5,일반어,신규_어휘_후보,,0,False
모유,1,명사,5,일반어,신규_어휘_후보,,0,False
모의,5,명사,5,일반어/전문어(법률),신규_어휘_후보,,0,True
모의고사,0,명사,5,일반어,신규_어휘_후보,,0,False
모이통,0,명사,5,일반어,신규_어휘_후보,,0,False
모일,2,명사,5,일반어,신규_어휘_후보,,0,False
모정,2,명사,5,일반어,신규_어휘_후보,,0,False
모조,3,명사,5,일반어/일반어,신규_어휘_후보,,0,False
모조품,0,명사,5,일반어,신규_어휘_후보,,0,False
모종하다,0,동사,5,일반어,신규_어휘_후보,,0,False
모직물,0,명사,5,전문어(복식),신규_어휘_후보,,0,False
모찌기,0,명사,5,전문어(농업),신규_어휘_후보,,0,False
모체,0,명사,5,일반어/일반어,신규_어휘_후보,,0,False
모친,0,명사,5,일반어,신규_어휘_후보,,0,False
모터보트,0,명사,5,전문어(교통),신규_어휘_후보,,0,False
모터사이클,0,명사,5,일반어,신규_어휘_후보,,0,False
모텔,0,명사,5,일반어,신규_어휘_후보,,0,False
모판흙,0,명사,5,전문어(농업),신규_어휘_후보,,0,False
모함,1,명사,5,전문어(군사),신규_어휘_후보,,0,True
목,9,명사,5,전문어(경영)/전문어(생명)/일반어,신규_어휘_후보,,0,True
목가,3,명사,5,전문어(문학),신규_어휘_후보,,0,False
목각,1,명사,5,일반어/전문어(미술)/전문어(미술)/전문어(매체),신규_어휘_후보,,0,False
목간통,0,명사,5,일반어,신규_어휘_후보,,0,False
목공구,0,명사,5,일반어,신규_어휘_후보,,0,False
목공소,0,명사,5,일반어,신규_어휘_후보,,0,False
목공실,0,명사,5,일반어,신규_어휘_후보,,0,False
목공예,0,명사,5,전문어(공예),신규_어휘_후보,,0,False
목공품,0,명사,5,일반어,신규_어휘_후보,,0,False
목관,2,명사,5,일반어/전문어(공업),신규_어휘_후보,,0,False
목기,4,명사,5,일반어/일반어,신규_어휘_후보,,0,False
목단,3,명사,5,전문어(식물)/전문어(민속)/전문어(한의),신규_어휘_후보,,0,False
목도장,0,명사,5,일반어,신규_어휘_후보,,0,False
목동자리,0,명사,5,전문어(천문),신규_어휘_후보,,0,False
목뒤,0,명사,5,일반어,신규_어휘_후보,,0,False
목련화,0,명사,5,일반어,신규_어휘_후보,,0,False
목말,1,명사,5,일반어,신규_어휘_후보,,0,False
목매달다,0,동사,5,일반어/일반어,신규_어휘_후보,,0,False
목물,1,명사,5,일반어/일반어,신규_어휘_후보,,0,False
목민심서,0,명사,5,전문어(책명),신규_어휘_후보,,0,False
목석,0,명사,5,일반어/일반어,신규_어휘_후보,,0,False
목쉬다,0,동사,5,일반어,신규_어휘_후보,,0,False
목요,0,명사,5,일반어,신규_어휘_후보,,0,False
목욕간,0,명사,5,일반어,신규_어휘_후보,,0,False
목욕료,0,명사,5,일반어,신규_어휘_후보,,0,False
목우,3,명사,5,일반어/일반어,신규_어휘_후보,,0,False
목이버섯,0,명사,5,전문어(생명),신규_어휘_후보,,0,False
목자,6,명사,5,일반어/전문어(기독교),신규_어휘_후보,,0,False
목장갑,0,명사,5,일반어,신규_어휘_후보,,0,False
목장승,0,명사,5,전문어(민속),신규_어휘_후보,,0,False
목재상,0,명사,5,일반어,신규_어휘_후보,,0,False
목적격,0,명사,5,전문어(언어),신규_어휘_후보,,0,False
목전,3,명사,5,일반어/일반어,신규_어휘_후보,,0,False
목제,2,명사,5,일반어,신규_어휘_후보,,0,False
목주름,0,명사,5,일반어,신규_어휘_후보,,0,False
목질,0,명사,5,일반어/일반어/일반어,신규_어휘_후보,,0,False
목차,2,명사,5,일반어,신규_어휘_후보,,0,False
목청소리,0,명사,5,전문어(언어),신규_어휘_후보,,0,False
목초,2,명사,5,일반어,신규_어휘_후보,,0,False
목축지,0,명사,5,전문어(농업),신규_어휘_후보,,0,False
목침,0,명사,5,일반어,신규_어휘_후보,,0,False
목탁,0,명사,5,전문어(불교)/일반어,신규_어휘_후보,,0,False
목탄,0,명사,5,일반어/전문어(미술),신규_어휘_후보,,0,False
목탑,0,명사,5,일반어,신규_어휘_후보,,0,False
목판화,0,명사,5,전문어(미술),신규_어휘_후보,,0,False
목포,2,명사,5,전문어(지명),신규_어휘_후보,,0,False
목하,0,명사/부사,5,일반어/일반어,신규_어휘_후보,,0,False
목화,4,명사,5,일반어,신규_어휘_후보,,0,True
목화송이,0,명사,5,일반어,신규_어휘_후보,,0,False
목회,2,명사,5,전문어(기독교),신규_어휘_후보,,0,False
몰각하다,1,동사,5,일반어/일반어,신규_어휘_후보,,0,False
몰골,1,명사,5,일반어,신규_어휘_후보,,0,False
몰디브,0,명사,5,전문어(지명),신규_어휘_후보,,0,False
몰랑몰랑하다,0,형용사,5,일반어/일반어,신규_어휘_후보,,0,False
몰래카메라,0,명사,5,일반어,신규_어휘_후보,,0,False
몰매,0,명사,5,일반어,신규_어휘_후보,,0,False
몰사,0,명사,5,일반어,신규_어휘_후보,,0,False
몰살,0,명사,5,일반어,신규_어휘_후보,,0,False
몰상식,0,명사,5,일반어,신규_어휘_후보,,0,False
몰상식하다,0,형용사,5,일반어,신규_어휘_후보,,0,False
몰수,1,명사,5,전문어(법률)/전문어(법률)/전문어(역사),신규_어휘_후보,,0,False
몰수되다,0,동사,5,전문어(법률)/전문어(법률)/전문어(역사),신규_어휘_후보,,0,False
몰수하다,0,동사,5,전문어(법률)/전문어(법률)/전문어(역사),신규_어휘_후보,,0,False
몰아가다,0,동사,5,일반어/일반어,신규_어휘_후보,,0,False
몰이꾼,0,명사,5,일반어,신규_어휘_후보,,0,False
몰인정하다,0,형용사,5,일반어,신규_어휘_후보,,0,False
몰입,0,명사,5,일반어/전문어(역사),신규_어휘_후보,,0,False
몰지각하다,0,형용사,5,일반어,신규_어휘_후보,,0,False
몸단장,0,명사,5,일반어,신규_어휘_후보,,0,False
몸단장하다,0,동사,5,일반어,신규_어휘_후보,,0,False
몸뚱어리,0,명사,5,일반어,신규_어휘_후보,,0,False
몸보신,0,명사,5,일반어,신규_어휘_후보,,0,False
몸보신하다,0,동사,5,일반어,신규_어휘_후보,,0,False
몸빛,0,명사,5,일반어,신규_어휘_후보,,0,False
몸살감기,0,명사,5,일반어,신규_어휘_후보,,0,False
몸살기,0,명사,5,일반어,신규_어휘_후보,,0,False
몸져눕다,0,동사,5,일반어,신규_어휘_후보,,0,False
몸조리,0,명사,5,일반어,신규_어휘_후보,,0,False
몸조심,0,명사,5,일반어/일반어,신규_어휘_후보,,0,False
몸종,0,명사,5,일반어,신규_어휘_후보,,0,False
몸치장하다,0,동사,5,일반어,신규_어휘_후보,,0,False
못,2,명사,5,일반어,신규_어휘_후보,,0,True
못내,0,부사,5,일반어/일반어,신규_어휘_후보,,0,False
못다,0,부사,5,일반어,신규_어휘_후보,,0,False
못대가리,0,명사,5,일반어,신규_어휘_후보,,0,False
못물,0,명사,5,일반어/일반어,신규_어휘_후보,,0,False
못밥,0,명사,5,일반어,신규_어휘_후보,,0,False
못뽑이,0,명사,5,일반어,신규_어휘_후보,,0,False
몽고,1,명사,5,전문어(지명),신규_어휘_후보,,0,False
몽고반점,0,명사,5,전문어(의학),신규_어휘_후보,,0,False
몽골,0,명사,5,전문어(지명)/전문어(지명),신규_어휘_후보,,0,False
몽돌,0,명사,5,일반어,신규_어휘_후보,,0,False
몽두리,0,명사,5,전문어(복식)/일반어,신규_어휘_후보,,0,False
몽둥이질,0,명사,5,일반어,신규_어휘_후보,,0,False
몽매간,0,명사,5,일반어,신규_어휘_후보,,0,False
몽유병,0,명사,5,전문어(의학),신규_어휘_후보,,0,False
몽유병자,0,명사,5,일반어,신규_어휘_후보,,0,False
몽조,0,명사,5,일반어,신규_어휘_후보,,0,False
몽타주,0,명사,5,전문어(영상)/전문어(영상),신규_어휘_후보,,0,False
몽혼,2,명사,5,일반어,신규_어휘_후보,,0,False
뫼,1,명사,5,일반어,신규_어휘_후보,,0,False
묏등,0,명사,5,일반어,신규_어휘_후보,,0,False
묏자리,0,명사,5,일반어,신규_어휘_후보,,0,False
묘계,1,명사,5,일반어,신규_어휘_후보,,0,False
묘사적,0,명사/관형사,5,일반어/일반어,신규_어휘_후보,,0,False
묘수,1,명사,5,일반어/일반어/전문어(체육),신규_어휘_후보,,0,False
묘시,1,명사,5,전문어(민속)/전문어(민속),신규_어휘_후보,,0,False
묘안,0,명사,5,일반어,신규_어휘_후보,,0,False
묘약,0,명사,5,일반어/일반어,신규_어휘_후보,,0,False
묘연하다,1,형용사,5,일반어/일반어/일반어,신규_어휘_후보,,0,False
묘지기,0,명사,5,일반어,신규_어휘_후보,,0,False
묘책,1,명사,5,일반어,신규_어휘_후보,,0,False
묘판,0,명사,5,전문어(농업)/전문어(농업),신규_어휘_후보,,0,False
묘포,0,명사,5,전문어(농업),신규_어휘_후보,,0,False
무가당,0,명사,5,일반어,신규_어휘_후보,,0,False
무감각,0,명사,5,일반어/일반어,신규_어휘_후보,,0,False
무감각하다,0,형용사,5,일반어/일반어,신규_어휘_후보,,0,False
무고하다,4,형용사,5,일반어,신규_어휘_후보,,0,True
무과,1,명사,5,전문어(역사),신규_어휘_후보,,0,False
무관계하다,0,형용사,5,일반어,신규_어휘_후보,,0,False
무궁화나무,0,명사,5,전문어(식물),신규_어휘_후보,,0,False
무기,6,명사,5,일반어,신규_어휘_후보,,0,True
무기력하다,0,형용사,5,일반어,신규_어휘_후보,,0,False
무기명,0,명사,5,일반어/일반어,신규_어휘_후보,,0,False
무기물,0,명사,5,일반어,신규_어휘_후보,,0,False
무기수,0,명사,5,전문어(법률),신규_어휘_후보,,0,False
무기정학,0,명사,5,전문어(교육),신규_어휘_후보,,0,False
무꽃,0,명사,5,일반어,신규_어휘_후보,,0,False
무난하다,0,형용사,5,일반어/일반어/일반어,신규_어휘_후보,,0,False
무남독녀,0,명사,5,일반어,신규_어휘_후보,,0,False
무너트리다,0,동사,5,일반어/일반어/일반어/일반어/일반어/일반어/일반어/일반어/일반어/일반어,신규_어휘_후보,,0,False
무논,0,명사,5,일반어/일반어,신규_어휘_후보,,0,False
무농약,0,명사,5,일반어,신규_어휘_후보,,0,False
무능,0,명사,5,일반어,신규_어휘_후보,,0,False
무능력,0,명사,5,일반어/전문어(법률),신규_어휘_후보,,0,False
무단,1,명사,5,일반어,신규_어휘_후보,,0,True
무단히,0,부사,5,일반어,신규_어휘_후보,,0,False
무더기무더기,0,명사/부사,5,일반어/일반어,신규_어휘_후보,,0,False
무던하다,0,형용사,5,일반어/일반어,신규_어휘_후보,,0,False
무도,3,명사,5,일반어/일반어/전문어(무용),신규_어휘_후보,,0,False
무동,2,명사,5,전문어(민속)/전문어(민속)/전문어(민속),신규_어휘_후보,,0,False
무등,0,명사/부사,5,일반어/일반어,신규_어휘_후보,,0,False
무디다,0,형용사,5,일반어/일반어/일반어,신규_어휘_후보,,0,False
무량,0,명사,5,일반어/전문어(가톨릭),신규_어휘_후보,,0,False
무량수전,0,명사,5,전문어(불교),신규_어휘_후보,,0,False
무력하다,1,형용사,5,일반어,신규_어휘_후보,,0,False
무례,0,명사,5,일반어,신규_어휘_후보,,0,False
무례히,0,부사,5,일반어,신규_어휘_후보,,0,False
무뢰한,0,명사,5,일반어,신규_어휘_후보,,0,False
무료입장,0,명사,5,일반어,신규_어휘_후보,,0,False
무료입장하다,0,동사,5,일반어,신규_어휘_후보,,0,False
무르다,1,동사,5,일반어,신규_어휘_후보,,0,True
무릇,2,부사,5,일반어,신규_어휘_후보,,0,False
무릎치기,1,명사,5,일반어/일반어,신규_어휘_후보,,0,False
무마,2,명사,5,일반어/일반어/일반어,신규_어휘_후보,,0,False
무명,3,명사,5,일반어/일반어,신규_어휘_후보,,0,True
무명실,0,명사,5,일반어,신규_어휘_후보,,0,False
무명옷,0,명사,5,일반어,신규_어휘_후보,,0,False
무명지,0,명사,5,일반어,신규_어휘_후보,,0,False
무명하다,0,형용사,5,일반어/일반어,신규_어휘_후보,,0,False
무미,1,명사,5,일반어/일반어,신규_어휘_후보,,0,False
무미건조하다,0,형용사,5,일반어,신규_어휘_후보,,0,False
무법,1,명사,5,일반어/일반어,신규_어휘_후보,,0,False
무병,4,명사,5,일반어,신규_어휘_후보,,0,False
무병장수,0,명사,5,일반어,신규_어휘_후보,,0,False
무보수,0,명사,5,일반어,신규_어휘_후보,,0,False
무사도,0,명사,5,일반어,신규_어휘_후보,,0,False
무사태평,0,명사,5,일반어/일반어,신규_어휘_후보,,0,False
무상하다,1,형용사,5,일반어,신규_어휘_후보,,0,True
무상하다,4,형용사,5,일반어/일반어,신규_어휘_후보,,0,True
무색무취,0,명사,5,일반어/일반어,신규_어휘_후보,,0,False
무색투명하다,0,형용사,5,일반어/일반어,신규_어휘_후보,,0,False
무생채,0,명사,5,일반어,신규_어휘_후보,,0,False
무서리,0,명사,5,일반어,신규_어휘_후보,,0,False
무성,4,명사,5,일반어/전문어(언어),신규_어휘_후보,,0,False
무성의,0,명사,5,일반어,신규_어휘_후보,,0,False
무성의하다,0,형용사,5,일반어,신규_어휘_후보,,0,False
무소식,0,명사,5,일반어,신규_어휘_후보,,0,False
무속,0,명사,5,일반어,신규_어휘_후보,,0,False
무스,0,명사,5,일반어/일반어,신규_어휘_후보,,0,False
무시험,0,명사,5,전문어(교육),신규_어휘_후보,,0,False
무신경하다,0,형용사,5,일반어/일반어,신규_어휘_후보,,0,False
무신론,0,명사,5,전문어(철학),신규_어휘_후보,,0,False
무신하다,0,형용사,5,일반어/일반어,신규_어휘_후보,,0,False
무심결,0,명사,5,일반어,신규_어휘_후보,,0,False
무씨,0,명사,5,일반어,신규_어휘_후보,,0,False
무안하다,0,형용사,5,일반어,신규_어휘_후보,,0,False
무어,1,대명사/감탄사,5,일반어/일반어/일반어/일반어/일반어/일반어/일반어,신규_어휘_후보,,0,False
무언,1,명사,5,일반어,신규_어휘_후보,,0,False
무역권,0,명사,5,전문어(경제),신규_어휘_후보,,0,False
무역풍,0,명사,5,전문어(지구),신규_어휘_후보,,0,False
무영탑,0,명사,5,전문어(역사),신규_어휘_후보,,0,False
무용곡,0,명사,5,전문어(예체능 일반),신규_어휘_후보,,0,False
무용극,0,명사,5,전문어(연기),신규_어휘_후보,,0,False
무용단,0,명사,5,일반어,신규_어휘_후보,,0,False
무용담,0,명사,5,일반어,신규_어휘_후보,,0,False
무용복,0,명사,5,일반어,신규_어휘_후보,,0,False
무용총,0,명사,5,전문어(역사),신규_어휘_후보,,0,False
무용하다,1,형용사,5,일반어/일반어,신규_어휘_후보,,0,False
무용화,0,명사,5,일반어,신규_어휘_후보,,0,False
무운,0,명사,5,일반어/일반어,신규_어휘_후보,,0,False
무원칙,0,명사,5,일반어,신규_어휘_후보,,0,False
무위도식,0,명사,5,일반어,신규_어휘_후보,,0,False
무의촌,0,명사,5,일반어,신규_어휘_후보,,0,False
무익하다,0,형용사,5,일반어,신규_어휘_후보,,0,False
무일푼,0,명사,5,일반어,신규_어휘_후보,,0,False
무자격,0,명사,5,일반어,신규_어휘_후보,,0,False
무장되다,0,동사,5,일반어/일반어,신규_어휘_후보,,0,False
무저항,0,명사,5,일반어,신규_어휘_후보,,0,False
무전,3,명사,5,전문어(정보·통신)/전문어(정보·통신),신규_어휘_후보,,0,True
무전,4,명사,5,일반어,신규_어휘_후보,,0,True
무전여행,0,명사,5,일반어,신규_어휘_후보,,0,False
무절제,0,명사,5,일반어,신규_어휘_후보,,0,False
무절제하다,0,형용사,5,일반어,신규_어휘_후보,,0,False
무정하다,2,형용사,5,일반어/일반어,신규_어휘_후보,,0,False
무제,4,명사,5,일반어,신규_어휘_후보,,0,False
무제한하다,0,형용사,5,일반어,신규_어휘_후보,,0,False
무중력,0,명사,5,전문어(물리),신규_어휘_후보,,0,False
무즙,0,명사,5,일반어,신규_어휘_후보,,0,False
무지하다,1,형용사,5,일반어,신규_어휘_후보,,0,True
무지하다,2,형용사,5,일반어/일반어,신규_어휘_후보,,0,True
무진,3,부사,5,일반어,신규_어휘_후보,,0,False
무쪽,0,명사,5,일반어,신규_어휘_후보,,0,False
무참하다,1,형용사,5,일반어,신규_어휘_후보,,0,False
무채색,0,명사,5,전문어(미술),신규_어휘_후보,,0,False
무척추동물,0,명사,5,전문어(동물),신규_어휘_후보,,0,False
무테안경,0,명사,5,일반어,신규_어휘_후보,,0,False
무한대,0,명사,5,일반어/전문어(수학),신규_어휘_후보,,0,False
무한량,0,명사,5,일반어,신규_어휘_후보,,0,False
무형식,0,명사,5,일반어,신규_어휘_후보,,0,False
무형하다,0,형용사,5,일반어,신규_어휘_후보,,0,False
무화과,0,명사,5,일반어/전문어(식물),신규_어휘_후보,,0,False
무희,0,명사,5,일반어,신규_어휘_후보,,0,False
묵과하다,0,동사,5,일반어,신규_어휘_후보,,0,False
묵독,0,명사,5,일반어,신규_어휘_후보,,0,False
묵묵부답,0,명사,5,일반어,신규_어휘_후보,,0,False
묵비권,0,명사,5,전문어(법률),신규_어휘_후보,,0,False
묵사발,0,명사,5,일반어/일반어/일반어,신규_어휘_후보,,0,False
묵살,0,명사,5,일반어,신규_어휘_후보,,0,False
묵살하다,0,동사,5,일반어,신규_어휘_후보,,0,False
묵상,2,명사,5,일반어/전문어(기독교),신규_어휘_후보,,0,False
묵상하다,0,동사,5,일반어/전문어(기독교),신규_어휘_후보,,0,False
묵은쌀,0,명사,5,일반어,신규_어휘_후보,,0,False
묵은해,0,명사,5,일반어,신규_어휘_후보,,0,False
묵인하다,0,동사,5,일반어,신규_어휘_후보,,0,False
묵주,1,명사,5,전문어(가톨릭),신규_어휘_후보,,0,False
묵화,2,명사,5,전문어(미술),신규_어휘_후보,,0,False
묶음표,0,명사,5,전문어(언어),신규_어휘_후보,,0,False
문,6,명사,5,일반어/일반어/전문어(생명),신규_어휘_후보,,0,True
문간,0,명사,5,일반어,신규_어휘_후보,,0,False
문건,0,명사,5,일반어,신규_어휘_후보,,0,False
문구,1,명사,5,일반어,신규_어휘_후보,,0,True
문기둥,0,명사,5,전문어(건설),신규_어휘_후보,,0,False
문단,2,명사,5,일반어,신규_어휘_후보,,0,True
문답하다,2,동사,5,일반어,신규_어휘_후보,,0,False
문대다,0,동사,5,일반어,신규_어휘_후보,,0,False
문득문득,0,부사,5,일반어/일반어,신규_어휘_후보,,0,False
문란,0,명사,5,일반어,신규_어휘_후보,,0,False
문루,0,명사,5,일반어,신규_어휘_후보,,0,False
문맹률,0,명사,5,일반어,신규_어휘_후보,,0,False
문명국,0,명사,5,일반어,신규_어휘_후보,,0,False
문명사,0,명사,5,전문어(역사),신규_어휘_후보,,0,False
문명사회,0,명사,5,전문어(사회 일반),신규_어휘_후보,,0,False
문명인,0,명사,5,일반어,신규_어휘_후보,,0,False
문명하다,1,형용사,5,일반어,신규_어휘_후보,,0,False
문무,1,명사,5,일반어/일반어,신규_어휘_후보,,0,False
문무백관,0,명사,5,일반어,신규_어휘_후보,,0,False
문민,0,명사,5,일반어,신규_어휘_후보,,0,False
문반,0,명사,5,전문어(역사),신규_어휘_후보,,0,False
문방사우,0,명사,5,일반어,신규_어휘_후보,,0,False
문벌,0,명사,5,일반어,신규_어휘_후보,,0,False
문법론,0,명사,5,전문어(언어),신규_어휘_후보,,0,False
문법적,0,명사/관형사,5,일반어/일반어,신규_어휘_후보,,0,False
문병하다,0,동사,5,일반어,신규_어휘_후보,,0,False
문상객,0,명사,5,일반어,신규_어휘_후보,,0,False
문설주,0,명사,5,전문어(건설),신규_어휘_후보,,0,False
문신,1,명사,5,전문어(역사),신규_어휘_후보,,0,True
문약,0,명사,5,일반어,신규_어휘_후보,,0,False
문어,2,명사,5,전문어(언어)/전문어(언어),신규_어휘_후보,,0,True
문어체,0,명사,5,전문어(언어),신규_어휘_후보,,0,False
문예반,0,명사,5,일반어,신규_어휘_후보,,0,False
문예지,0,명사,5,일반어,신규_어휘_후보,,0,False
문외,0,명사,5,일반어/일반어/일반어/일반어,신규_어휘_후보,,0,False
문외한,0,명사,5,일반어/일반어,신규_어휘_후보,,0,False
문자열,0,명사,5,전문어(정보·통신),신규_어휘_후보,,0,False
문자판,0,명사,5,일반어,신규_어휘_후보,,0,False
문장력,0,명사,5,일반어,신규_어휘_후보,,0,False
문전성시,0,명사,5,일반어,신규_어휘_후보,,0,False
문제시,0,명사,5,일반어,신규_어휘_후보,,0,False
문제시되다,0,동사,5,일반어,신규_어휘_후보,,0,False
문제없다,0,형용사,5,일반어,신규_어휘_후보,,0,False
문제없이,0,부사,5,일반어,신규_어휘_후보,,0,False
문제의식,0,명사,5,일반어,신규_어휘_후보,,0,False
문제화,0,명사,5,일반어,신규_어휘_후보,,0,False
문제화하다,0,동사,5,일반어,신규_어휘_후보,,0,False
문중,1,명사,5,일반어,신규_어휘_후보,,0,False
문책,2,명사,5,일반어,신규_어휘_후보,,0,False
문초,0,명사,5,일반어,신규_어휘_후보,,0,False
문풍지,0,명사,5,일반어,신규_어휘_후보,,0,False
문필,0,명사,5,일반어/일반어/일반어,신규_어휘_후보,,0,False
문필가,0,명사,5,일반어,신규_어휘_후보,,0,False
문하,2,명사,5,일반어/일반어/전문어(불교),신규_어휘_후보,,0,False
문하생,2,명사,5,일반어,신규_어휘_후보,,0,False
문학관,0,명사,5,일반어,신규_어휘_후보,,0,False
문학도,0,명사,5,일반어,신규_어휘_후보,,0,False
문학사,2,명사,5,전문어(문학)/전문어(문학),신규_어휘_후보,,0,False
문학서,0,명사,5,일반어,신규_어휘_후보,,0,False
문학성,0,명사,5,일반어,신규_어휘_후보,,0,False
문학자,0,명사,5,일반어,신규_어휘_후보,,0,False
문학잡지,0,명사,5,일반어,신규_어휘_후보,,0,False
문학적,0,명사/관형사,5,일반어/일반어,신규_어휘_후보,,0,False
문형,1,명사,5,일반어,신규_어휘_후보,,0,False
문호,1,명사,5,일반어,신규_어휘_후보,,0,True
문호,2,명사,5,일반어/일반어/일반어,신규_어휘_후보,,0,True
문화계,0,명사,5,일반어,신규_어휘_후보,,0,False
문화부,0,명사,5,일반어/일반어,신규_어휘_후보,,0,False
문화비,0,명사,5,전문어(경제)/전문어(경제),신규_어휘_후보,,0,False
문화사,0,명사,5,전문어(역사),신규_어휘_후보,,0,False
문화어,0,명사,5,전문어(언어),신규_어휘_후보,,0,False
문화재청,0,명사,5,전문어(행정),신규_어휘_후보,,0,False
물,3,명사,5,일반어,신규_어휘_후보,,0,True
물갈이,2,명사,5,일반어/일반어,신규_어휘_후보,,0,False
물걸레질,0,명사,5,일반어,신규_어휘_후보,,0,False
물걸레질하다,0,동사,5,일반어,신규_어휘_후보,,0,False
물결무늬,0,명사,5,일반어,신규_어휘_후보,,0,False
물결선,0,명사,5,일반어,신규_어휘_후보,,0,False
물고기자리,0,명사,5,전문어(천문),신규_어휘_후보,,0,False
물고문,0,명사,5,일반어,신규_어휘_후보,,0,False
물관,0,명사,5,일반어/전문어(식물),신규_어휘_후보,,0,False
물굽이,0,명사,5,일반어,신규_어휘_후보,,0,False
물귀신,0,명사,5,전문어(민속)/일반어,신규_어휘_후보,,0,False
물그릇,0,명사,5,일반어,신규_어휘_후보,,0,False
물까마귀,0,명사,5,전문어(동물),신규_어휘_후보,,0,False
물꼬,0,명사,5,일반어/일반어,신규_어휘_후보,,0,False
물닭,0,명사,5,전문어(동물),신규_어휘_후보,,0,False
물들이기,0,명사,5,전문어(공예),신규_어휘_후보,,0,False
물때,1,명사,5,일반어/일반어/일반어,신규_어휘_후보,,0,True
물때,2,명사,5,일반어,신규_어휘_후보,,0,True
물렁거리다,0,동사,5,일반어,신규_어휘_후보,,0,False
물레바퀴,0,명사,5,일반어/일반어,신규_어휘_후보,,0,False
물레질,0,명사,5,일반어,신규_어휘_후보,,0,False
물레질하다,0,동사,5,일반어,신규_어휘_후보,,0,False
물론하다,0,동사,5,일반어,신규_어휘_후보,,0,False
물리다,1,동사,5,일반어,신규_어휘_후보,,0,True
물리적,0,명사/관형사,5,일반어/일반어/일반어/일반어,신규_어휘_후보,,0,False
물림,1,명사,5,일반어/일반어/일반어,신규_어휘_후보,,0,False
물마,0,명사,5,일반어,신규_어휘_후보,,0,False
물막이,0,명사,5,일반어,신규_어휘_후보,,0,False
물만두,0,명사,5,일반어,신규_어휘_후보,,0,False
물망초,0,명사,5,전문어(식물),신규_어휘_후보,,0,False
물먹이다,0,동사,5,일반어/일반어,신규_어휘_후보,,0,False
물밀다,0,동사,5,일반어/일반어/일반어,신규_어휘_후보,,0,False
물방아,0,명사,5,일반어/일반어/일반어,신규_어휘_후보,,0,False
물방앗간,0,명사,5,일반어,신규_어휘_후보,,0,False
물병자리,0,명사,5,전문어(천문),신규_어휘_후보,,0,False
물불,0,명사,5,일반어/일반어,신규_어휘_후보,,0,False
물빨래,0,명사,5,일반어,신규_어휘_후보,,0,False
물빨래하다,0,동사,5,일반어,신규_어휘_후보,,0,False
물산,0,명사,5,일반어,신규_어휘_후보,,0,False
물색,1,명사,5,일반어,신규_어휘_후보,,0,False
물샐틈없다,0,형용사,5,일반어,신규_어휘_후보,,0,False
물세례,0,명사,5,일반어/전문어(가톨릭),신규_어휘_후보,,0,False
물세탁,0,명사,5,일반어,신규_어휘_후보,,0,False
물세탁하다,0,동사,5,일반어,신규_어휘_후보,,0,False
물수리,0,명사,5,전문어(동물),신규_어휘_후보,,0,False
물심,0,명사,5,일반어,신규_어휘_후보,,0,False
물심양면,0,명사,5,일반어,신규_어휘_후보,,0,False
물엿,0,명사,5,일반어,신규_어휘_후보,,0,False
물욕,0,명사,5,일반어,신규_어휘_후보,,0,False
물위,0,명사,5,일반어,신규_어휘_후보,,0,False
물이끼,1,명사,5,전문어(식물),신규_어휘_후보,,0,False
물장사하다,0,동사,5,일반어/일반어,신규_어휘_후보,,0,False
물증,0,명사,5,전문어(법률),신규_어휘_후보,,0,False
물질문명,0,명사,5,일반어,신규_어휘_후보,,0,False
물짐승,0,명사,5,일반어,신규_어휘_후보,,0,False
물찜질,0,명사,5,일반어,신규_어휘_후보,,0,False
물총새,0,명사,5,전문어(동물),신규_어휘_후보,,0,False
물컹물컹,0,부사,5,일반어,신규_어휘_후보,,0,False
물코,0,명사,5,일반어,신규_어휘_후보,,0,False
물푸레,0,명사,5,전문어(식물),신규_어휘_후보,,0,False
물휴지,0,명사,5,일반어,신규_어휘_후보,,0,False
뭇,3,관형사,5,일반어,신규_어휘_후보,,0,False
뭇매,0,명사,5,일반어,신규_어휘_후보,,0,False
뭉개다,1,동사,5,일반어/일반어/일반어,신규_어휘_후보,,0,True
뭉그러뜨리다,0,동사,5,일반어,신규_어휘_후보,,0,False
뭉근하다,0,형용사,5,일반어,신규_어휘_후보,,0,False
뭉글뭉글,0,부사,5,일반어,신규_어휘_후보,,0,False
뭉뚱그리다,0,동사,5,일반어/일반어,신규_어휘_후보,,0,False
뭉클,0,부사,5,일반어/일반어/일반어,신규_어휘_후보,,0,False
뭉클거리다,0,동사,5,일반어/일반어,신규_어휘_후보,,0,False
뭉클뭉클하다,0,형용사,5,일반어,신규_어휘_후보,,0,False
뭉텅뭉텅,1,부사,5,일반어,신규_어휘_후보,,0,False
뭉텅이,0,명사,5,일반어,신규_어휘_후보,,0,False
뭉툭,0,부사,5,일반어,신규_어휘_후보,,0,False
뭍,0,명사,5,일반어/일반어,신규_어휘_후보,,0,False
뭍길,0,명사,5,일반어,신규_어휘_후보,,0,False
뭍짐승,0,명사,5,일반어,신규_어휘_후보,,0,False
미,8,명사,5,전문어(지명),신규_어휘_후보,,0,True
미개,0,명사,5,일반어/일반어/일반어,신규_어휘_후보,,0,False
미개인,0,명사,5,일반어,신규_어휘_후보,,0,False
미개척지,0,명사,5,일반어/일반어,신규_어휘_후보,,0,False
미결,0,명사,5,일반어/전문어(법률)/전문어(법률),신규_어휘_후보,,0,False
미관,2,명사,5,일반어,신규_어휘_후보,,0,False
미관말직,0,명사,5,일반어,신규_어휘_후보,,0,False
미꾸리,0,명사,5,전문어(동물),신규_어휘_후보,,0,False
미끄러뜨리다,0,동사,5,일반어,신규_어휘_후보,,0,False
미끈거리다,0,동사,5,일반어,신규_어휘_후보,,0,False
미끈둥하다,0,형용사,5,일반어,신규_어휘_후보,,0,False
미나리꽝,0,명사,5,일반어,신규_어휘_후보,,0,False
미남자,0,명사,5,일반어,신규_어휘_후보,,0,False
미납,1,명사,5,일반어,신규_어휘_후보,,0,False
미농지,0,명사,5,일반어,신규_어휘_후보,,0,False
미뉴에트,0,명사,5,전문어(예체능 일반),신규_어휘_후보,,0,False
미니버스,0,명사,5,일반어,신규_어휘_후보,,0,False
미니스커트,0,명사,5,일반어,신규_어휘_후보,,0,False
미닫이문,0,명사,5,일반어,신규_어휘_후보,,0,False
미달되다,0,동사,5,일반어,신규_어휘_후보,,0,False
미달하다,0,동사,5,일반어,신규_어휘_후보,,0,False
미담,1,명사,5,일반어,신규_어휘_후보,,0,False
미대,3,명사,5,전문어(교육),신규_어휘_후보,,0,False
미등록,0,명사,5,일반어/전문어(법률),신규_어휘_후보,,0,False
미래형,0,명사,5,일반어/전문어(언어),신규_어휘_후보,,0,False
미량,2,명사,5,일반어,신규_어휘_후보,,0,False
미련,1,명사,5,일반어,신규_어휘_후보,,0,True
미련스레,0,부사,5,일반어,신규_어휘_후보,,0,False
미령하다,0,형용사,5,일반어,신규_어휘_후보,,0,False
미루나무,0,명사,5,전문어(식물),신규_어휘_후보,,0,False
미르,0,명사,5,전문어(역사),신규_어휘_후보,,0,False
미륵보살,0,명사,5,전문어(불교),신규_어휘_후보,,0,False
미륵불,0,명사,5,전문어(불교),신규_어휘_후보,,0,False
미망인,0,명사,5,일반어,신규_어휘_후보,,0,False
미모,4,명사,5,일반어,신규_어휘_후보,,0,False
미모사,0,명사,5,전문어(식물),신규_어휘_후보,,0,False
미묘하다,1,형용사,5,일반어,신규_어휘_후보,,0,True
미물,2,명사,5,일반어/일반어/일반어,신규_어휘_후보,,0,False
미미하다,2,형용사,5,일반어,신규_어휘_후보,,0,False
미비,1,명사,5,일반어,신규_어휘_후보,,0,False
미사,7,명사,5,전문어(가톨릭)/전문어(가톨릭),신규_어휘_후보,,0,False
미사여구,0,명사,5,일반어,신규_어휘_후보,,0,False
미상,2,명사,5,일반어/일반어,신규_어휘_후보,,0,True
미색,1,명사,5,일반어,신규_어휘_후보,,0,True
미색,4,명사,5,일반어,신규_어휘_후보,,0,True
미생물학자,0,명사,5,일반어,신규_어휘_후보,,0,False
미성숙,0,명사,5,일반어,신규_어휘_후보,,0,False
미소녀,0,명사,5,일반어,신규_어휘_후보,,0,False
미숙,0,명사,5,일반어,신규_어휘_후보,,0,False
미숙아,0,명사,5,전문어(의학),신규_어휘_후보,,0,False
미술적,0,명사/관형사,5,일반어/일반어,신규_어휘_후보,,0,False
미스,2,명사,5,일반어,신규_어휘_후보,,0,True
미시즈,0,명사,5,일반어,신규_어휘_후보,,0,False
미식가,0,명사,5,일반어,신규_어휘_후보,,0,False
미아보호소,0,명사,5,일반어,신규_어휘_후보,,0,False
미약하다,0,형용사,5,일반어,신규_어휘_후보,,0,False
미얀마,0,명사,5,전문어(지명),신규_어휘_후보,,0,False
미어터지다,0,동사,5,일반어/일반어,신규_어휘_후보,,0,False
미역무침,0,명사,5,일반어,신규_어휘_후보,,0,False
미열,2,명사,5,일반어,신규_어휘_후보,,0,False
미완성되다,0,동사,5,일반어,신규_어휘_후보,,0,False
미완성품,0,명사,5,일반어,신규_어휘_후보,,0,False
미완성하다,0,동사,5,일반어,신규_어휘_후보,,0,False
미음,2,명사,5,일반어,신규_어휘_후보,,0,True
미인박명,0,명사,5,일반어,신규_어휘_후보,,0,False
미장이,0,명사,5,일반어,신규_어휘_후보,,0,False
미적,1,명사/관형사,5,일반어/일반어,신규_어휘_후보,,0,False
미적대다,0,동사,5,일반어/일반어,신규_어휘_후보,,0,False
미적미적,0,부사,5,일반어/일반어/일반어,신규_어휘_후보,,0,False
미적미적하다,0,동사,5,일반어/일반어,신규_어휘_후보,,0,False
미제,3,명사,5,일반어,신규_어휘_후보,,0,False
미주알,0,명사,5,일반어,신규_어휘_후보,,0,False
미지수,0,명사,5,전문어(수학)/일반어,신규_어휘_후보,,0,False
미진하다,0,형용사,5,일반어,신규_어휘_후보,,0,False
미추,2,명사,5,일반어/일반어,신규_어휘_후보,,0,False
미추홀,0,명사,5,전문어(지명),신규_어휘_후보,,0,False
미치광이,1,명사,5,일반어/일반어/일반어,신규_어휘_후보,,0,False
미터법,0,명사,5,전문어(물리),신규_어휘_후보,,0,False
미투리,0,명사,5,일반어,신규_어휘_후보,,0,False
미풍,2,명사,5,일반어,신규_어휘_후보,,0,False
미풍양속,0,명사,5,일반어,신규_어휘_후보,,0,False
미학,0,명사,5,전문어(철학),신규_어휘_후보,,0,False
미학자,0,명사,5,일반어,신규_어휘_후보,,0,False
미해결,0,명사,5,일반어,신규_어휘_후보,,0,False
미혼,1,명사,5,일반어,신규_어휘_후보,,0,False
미혼모,0,명사,5,일반어,신규_어휘_후보,,0,False
미화되다,0,동사,5,일반어,신규_어휘_후보,,0,False
미확인,0,명사,5,일반어,신규_어휘_후보,,0,False
미확인되다,0,동사,5,일반어,신규_어휘_후보,,0,False
민권,0,명사,5,일반어,신규_어휘_후보,,0,False
민담,0,명사,5,전문어(문학),신규_어휘_후보,,0,False
민둥산,0,명사,5,일반어,신규_어휘_후보,,0,False
민란,1,명사,5,일반어,신규_어휘_후보,,0,False
민며느리,0,명사,5,일반어,신규_어휘_후보,,0,False
민무늬,0,명사,5,일반어,신규_어휘_후보,,0,False
민물낚시,0,명사,5,일반어,신규_어휘_후보,,0,False
민방위대,0,명사,5,일반어,신규_어휘_후보,,0,False
민법,0,명사,5,전문어(법률)/전문어(법률)/전문어(법률),신규_어휘_후보,,0,False
민사,1,명사,5,전문어(법률),신규_어휘_후보,,0,False
민생고,0,명사,5,일반어,신규_어휘_후보,,0,False
민선,0,명사,5,일반어,신규_어휘_후보,,0,False
민속자료,0,명사,5,일반어,신규_어휘_후보,,0,False
민속학,0,명사,5,전문어(민속),신규_어휘_후보,,0,False
민속학자,0,명사,5,일반어,신규_어휘_후보,,0,False
민숭민숭하다,0,형용사,5,일반어/일반어/일반어,신규_어휘_후보,,0,False
민어,0,명사,5,전문어(동물),신규_어휘_후보,,0,False
민영,0,명사,5,일반어,신규_어휘_후보,,0,False
민예품,0,명사,5,전문어(예체능 일반),신규_어휘_후보,,0,False
민요적,0,명사/관형사,5,일반어/일반어,신규_어휘_후보,,0,False
민요조,0,명사,5,일반어,신규_어휘_후보,,0,False
민의,0,명사,5,일반어,신규_어휘_후보,,0,False
민정,1,명사,5,일반어/일반어,신규_어휘_후보,,0,True
민정,2,명사,5,일반어/일반어,신규_어휘_후보,,0,True
민족사,0,명사,5,일반어,신규_어휘_후보,,0,False
민족사적,0,명사/관형사,5,일반어/일반어,신규_어휘_후보,,0,False
민족애,0,명사,5,일반어,신규_어휘_후보,,0,False
민족어,0,명사,5,전문어(언어),신규_어휘_후보,,0,False
민족의상,0,명사,5,일반어,신규_어휘_후보,,0,False
민주국,0,명사,5,전문어(정치),신규_어휘_후보,,0,False
민주주의자,0,명사,5,일반어,신규_어휘_후보,,0,False
민주주의화,0,명사,5,일반어,신규_어휘_후보,,0,False
민주주의화하다,0,동사,5,일반어,신규_어휘_후보,,0,False
민첩히,0,부사,5,일반어,신규_어휘_후보,,0,False
민폐,0,명사,5,일반어,신규_어휘_후보,,0,False
민활하다,0,형용사,5,일반어,신규_어휘_후보,,0,False
밀담,0,명사,5,일반어,신규_어휘_후보,,0,False
밀떡,0,명사,5,일반어,신규_어휘_후보,,0,False
밀랍,0,명사,5,전문어(농업),신규_어휘_후보,,0,False
밀렵,0,명사,5,일반어,신규_어휘_후보,,0,False
밀렵하다,0,동사,5,일반어,신규_어휘_후보,,0,False
밀리그램,0,의존 명사,5,전문어(물리),신규_어휘_후보,,0,False
밀리리터,0,의존 명사,5,일반어,신규_어휘_후보,,0,False
밀매,2,명사,5,일반어,신규_어휘_후보,,0,False
밀매되다,0,동사,5,일반어,신규_어휘_후보,,0,False
밀밭,0,명사,5,일반어,신규_어휘_후보,,0,False
밀보리,0,명사,5,일반어/전문어(식물),신규_어휘_후보,,0,False
밀봉,1,명사,5,일반어,신규_어휘_후보,,0,False
밀봉되다,0,동사,5,일반어,신규_어휘_후보,,0,False
밀봉하다,0,동사,5,일반어,신규_어휘_후보,,0,False
밀사,2,명사,5,일반어,신규_어휘_후보,,0,False
밀생하다,0,동사,5,일반어,신규_어휘_후보,,0,False
밀수단,0,명사,5,일반어,신규_어휘_후보,,0,False
밀수되다,0,동사,5,일반어,신규_어휘_후보,,0,False
밀수범,0,명사,5,일반어,신규_어휘_후보,,0,False
밀수선,0,명사,5,일반어,신규_어휘_후보,,0,False
밀수업자,0,명사,5,일반어,신규_어휘_후보,,0,False
밀수입,0,명사,5,일반어,신규_어휘_후보,,0,False
밀수입되다,0,동사,5,일반어,신규_어휘_후보,,0,False
밀수입자,0,명사,5,일반어,신규_어휘_후보,,0,False
밀수입품,0,명사,5,일반어,신규_어휘_후보,,0,False
밀수입하다,0,동사,5,일반어,신규_어휘_후보,,0,False
밀수출,0,명사,5,일반어,신규_어휘_후보,,0,False
밀수출되다,0,동사,5,일반어,신규_어휘_후보,,0,False
밀수출하다,0,동사,5,일반어,신규_어휘_후보,,0,False
밀수하다,0,동사,5,일반어,신규_어휘_후보,,0,False
밀실,0,명사,5,일반어,신규_어휘_후보,,0,False
밀어내기,0,명사,5,전문어(체육),신규_어휘_후보,,0,False
밀월여행,0,명사,5,일반어,신규_어휘_후보,,0,False
밀잠자리,0,명사,5,전문어(동물)/전문어(동물),신규_어휘_후보,,0,False
밀짚모,0,명사,5,일반어,신규_어휘_후보,,0,False
밀착,0,명사,5,일반어/일반어,신규_어휘_후보,,0,False
밀착력,0,명사,5,일반어,신규_어휘_후보,,0,False
밀크셰이크,0,명사,5,일반어,신규_어휘_후보,,0,False
밀탐,0,명사,5,일반어,신규_어휘_후보,,0,False
밀폐되다,0,동사,5,일반어,신규_어휘_후보,,0,False
밀폐하다,0,동사,5,일반어,신규_어휘_후보,,0,False
밀항,0,명사,5,일반어,신규_어휘_후보,,0,False
밀항선,0,명사,5,일반어,신규_어휘_후보,,0,False
밉보이다,0,동사,5,일반어,신규_어휘_후보,,0,False
밉살맞다,0,형용사,5,일반어,신규_어휘_후보,,0,False
밉살스럽다,0,형용사,5,일반어,신규_어휘_후보,,0,False
밉상,0,명사,5,일반어,신규_어휘_후보,,0,False
밍크,0,명사,5,일반어,신규_어휘_후보,,0,False
밍크코트,0,명사,5,일반어,신규_어휘_후보,,0,False
밑각,0,명사,5,전문어(수학),신규_어휘_후보,,0,False
밑돌다,0,동사,5,일반어,신규_어휘_후보,,0,False
밑동,0,명사,5,일반어/일반어/일반어,신규_어휘_후보,,0,False
밑씻개,0,명사,5,일반어,신규_어휘_후보,,0,False
밑자리,0,명사,5,일반어/일반어/일반어/일반어/전문어(음악),신규_어휘_후보,,0,False
밑지다,0,동사,5,일반어,신규_어휘_후보,,0,False
바가지요금,0,명사,5,일반어,신규_어휘_후보,,0,False
바겐세일,0,명사,5,일반어,신규_어휘_후보,,0,False
바구미,0,명사,5,전문어(동물),신규_어휘_후보,,0,False
바글바글,0,부사,5,일반어/일반어/일반어/일반어,신규_어휘_후보,,0,False
바깥공기,0,명사,5,일반어,신규_어휘_후보,,0,False
바깥나들이,0,명사,5,일반어,신규_어휘_후보,,0,False
바깥사돈,0,명사,5,일반어,신규_어휘_후보,,0,False
바깥소식,0,명사,5,일반어,신규_어휘_후보,,0,False
바깥주인,0,명사,5,일반어/일반어,신규_어휘_후보,,0,False
바꾸이다,0,동사,5,일반어/일반어/일반어/일반어/일반어,신규_어휘_후보,,0,False
바나나킥,0,명사,5,전문어(체육),신규_어휘_후보,,0,False
바느질거리,0,명사,5,일반어,신규_어휘_후보,,0,False
바늘허리,0,명사,5,일반어,신규_어휘_후보,,0,False
바다낚시,0,명사,5,일반어,신규_어휘_후보,,0,False
바다색,0,명사,5,일반어/전문어(미술),신규_어휘_후보,,0,False
바닥재,0,명사,5,일반어,신규_어휘_후보,,0,False
바닷새,0,명사,5,일반어,신규_어휘_후보,,0,False
바동거리다,0,동사,5,일반어/일반어,신규_어휘_후보,,0,False
바둥바둥,0,부사,5,일반어/일반어,신규_어휘_후보,,0,False
바득바득,1,부사,5,일반어/일반어,신규_어휘_후보,,0,False
바라춤,0,명사,5,전문어(무용),신규_어휘_후보,,0,False
바락,0,부사,5,일반어,신규_어휘_후보,,0,False
바락바락,0,부사,5,일반어/일반어,신규_어휘_후보,,0,False
바람둥이,0,명사,5,일반어/일반어,신규_어휘_후보,,0,False
바람피우다,0,동사,5,일반어,신규_어휘_후보,,0,False
바랑,0,명사,5,일반어/전문어(불교),신규_어휘_후보,,0,False
바랭이,0,명사,5,전문어(식물),신규_어휘_후보,,0,False
바로크,0,명사,5,전문어(예체능 일반),신규_어휘_후보,,0,False
바른,0,관형사,5,일반어,신규_어휘_후보,,0,False
바른손,0,명사,5,일반어,신규_어휘_후보,,0,False
바른씨름,0,명사,5,전문어(체육),신규_어휘_후보,,0,False
바른쪽,0,명사,5,일반어,신규_어휘_후보,,0,False
바리,1,명사,5,일반어/일반어/일반어,신규_어휘_후보,,0,False
바리데기,0,명사,5,전문어(민속)/전문어(민속),신규_어휘_후보,,0,False
바리바리,0,부사,5,일반어,신규_어휘_후보,,0,False
바리케이드,0,명사,5,일반어,신규_어휘_후보,,0,False
바리톤,0,명사,5,전문어(음악)/전문어(음악),신규_어휘_후보,,0,False
바바리,0,명사,5,일반어,신규_어휘_후보,,0,False
바보상자,0,명사,5,일반어,신규_어휘_후보,,0,False
바셀린,0,명사,5,전문어(화학),신규_어휘_후보,,0,False
바순,0,명사,5,전문어(음악),신규_어휘_후보,,0,False
바스러지다,1,동사,5,일반어,신규_어휘_후보,,0,False
바스켓,0,명사,5,전문어(체육),신규_어휘_후보,,0,False
바싹바싹,1,부사,5,일반어/일반어/일반어/일반어/일반어/일반어/일반어,신규_어휘_후보,,0,False
바야흐로,0,부사,5,일반어,신규_어휘_후보,,0,False
바윗덩어리,0,명사,5,일반어/일반어,신규_어휘_후보,,0,False
바윗등,0,명사,5,일반어,신규_어휘_후보,,0,False
바이스,1,명사,5,전문어(공업),신규_어휘_후보,,0,False
바이엘,0,명사,5,전문어(음악),신규_어휘_후보,,0,False
바인더,0,명사,5,일반어/일반어/일반어/전문어(농업),신규_어휘_후보,,0,False
바인딩,0,명사,5,전문어(체육)/전문어(정보·통신),신규_어휘_후보,,0,False
바자,2,명사,5,일반어,신규_어휘_후보,,0,False
바장조,0,명사,5,전문어(음악),신규_어휘_후보,,0,False
바지게,0,명사,5,일반어/일반어,신규_어휘_후보,,0,False
바지런하다,0,형용사,5,일반어,신규_어휘_후보,,0,False
바지런히,0,부사,5,일반어,신규_어휘_후보,,0,False
바지선,0,명사,5,일반어,신규_어휘_후보,,0,False
바지직바지직,0,부사,5,일반어/일반어/일반어/일반어,신규_어휘_후보,,0,False
바지춤,0,명사,5,일반어,신규_어휘_후보,,0,False
바지허리,0,명사,5,일반어,신규_어휘_후보,,0,False
바짓단,0,명사,5,일반어,신규_어휘_후보,,0,False
바코드,0,명사,5,일반어,신규_어휘_후보,,0,False
바탕색,0,명사,5,일반어/전문어(미술)/전문어(매체),신규_어휘_후보,,0,False
바투,1,부사,5,일반어/일반어,신규_어휘_후보,,0,False
바티칸,0,명사,5,전문어(역사)/전문어(지명)/전문어(가톨릭),신규_어휘_후보,,0,False
박,9,명사,5,전문어(음악)/전문어(음악),신규_어휘_후보,,0,True
박,13,명사,5,일반어,신규_어휘_후보,,0,True
박격포,0,명사,5,전문어(군사),신규_어휘_후보,,0,False
박공예,0,명사,5,전문어(공예),신규_어휘_후보,,0,False
박꽃,0,명사,5,일반어,신규_어휘_후보,,0,False
박달나무,1,명사,5,전문어(식물),신규_어휘_후보,,0,False
박대하다,0,동사,5,일반어/일반어,신규_어휘_후보,,0,False
박동,0,명사,5,일반어/전문어(생명),신규_어휘_후보,,0,False
박두,2,명사,5,일반어,신규_어휘_후보,,0,False
박력,0,명사,5,일반어,신규_어휘_후보,,0,False
박멸하다,0,동사,5,일반어,신규_어휘_후보,,0,False
박복하다,0,형용사,5,일반어,신규_어휘_후보,,0,False
박봉,0,명사,5,일반어,신규_어휘_후보,,0,False
박새,1,명사,5,전문어(동물),신규_어휘_후보,,0,False
박색,0,명사,5,일반어,신규_어휘_후보,,0,False
박속같다,0,형용사,5,일반어,신규_어휘_후보,,0,False
박수갈채하다,0,동사,5,일반어,신규_어휘_후보,,0,False
박수무당,0,명사,5,전문어(민속),신규_어휘_후보,,0,False
박식하다,2,형용사,5,일반어,신규_어휘_후보,,0,False
박애주의,0,명사,5,전문어(철학),신규_어휘_후보,,0,False
박약하다,0,형용사,5,일반어/일반어/일반어/일반어,신규_어휘_후보,,0,False
박우물,0,명사,5,일반어,신규_어휘_후보,,0,False
박이다,1,동사,5,일반어/일반어,신규_어휘_후보,,0,False
박장대소,0,명사,5,일반어,신규_어휘_후보,,0,False
박절하다,0,형용사,5,일반어/일반어,신규_어휘_후보,,0,False
박제,0,명사,5,일반어,신규_어휘_후보,,0,False
박진력,2,명사,5,일반어,신규_어휘_후보,,0,False
박차,2,명사,5,일반어/일반어,신규_어휘_후보,,0,False
박타다,0,동사,5,일반어/일반어,신규_어휘_후보,,0,False
박타령,0,명사,5,전문어(문학),신규_어휘_후보,,0,False
박하다,0,형용사,5,일반어/일반어/일반어/일반어,신규_어휘_후보,,0,False
박학다식,0,명사,5,일반어,신규_어휘_후보,,0,False
박해,2,명사,5,일반어,신규_어휘_후보,,0,False
박해하다,0,동사,5,일반어,신규_어휘_후보,,0,False
반가상,0,명사,5,전문어(불교),신규_어휘_후보,,0,False
반감,2,명사,5,일반어,신규_어휘_후보,,0,True
반개하다,0,동사,5,일반어/일반어,신규_어휘_후보,,0,False
반공산주의자,0,명사,5,일반어,신규_어휘_후보,,0,False
반구,3,명사,5,일반어/전문어(수학)/전문어(지구),신규_어휘_후보,,0,False
반군,3,명사,5,일반어,신규_어휘_후보,,0,False
반기,4,명사,5,일반어,신규_어휘_후보,,0,True
반닫이,0,명사,5,일반어,신규_어휘_후보,,0,False
반대기,0,명사,5,일반어,신규_어휘_후보,,0,False
반대색,0,명사,5,전문어(미술),신규_어휘_후보,,0,False
반대자,0,명사,5,일반어,신규_어휘_후보,,0,False
반들거리다,1,동사,5,일반어/일반어,신규_어휘_후보,,0,False
반목,1,명사,5,일반어,신규_어휘_후보,,0,False
반백,3,명사,5,일반어,신규_어휘_후보,,0,False
반비례,0,명사,5,전문어(수학),신규_어휘_후보,,0,False
반비례하다,0,동사,5,전문어(수학),신규_어휘_후보,,0,False
반사판,0,명사,5,전문어(예체능 일반),신규_어휘_후보,,0,False
반색,1,명사,5,일반어,신규_어휘_후보,,0,False
반생,2,명사,5,일반어,신규_어휘_후보,,0,False
반석,0,명사,5,일반어/일반어,신규_어휘_후보,,0,False
반송,2,명사,5,일반어/전문어(법률),신규_어휘_후보,,0,False
반신반의하다,0,동사,5,일반어,신규_어휘_후보,,0,False
반신불수,0,명사,5,일반어,신규_어휘_후보,,0,False
반액,0,명사,5,일반어/일반어,신규_어휘_후보,,0,False
반어,1,명사,5,전문어(언어),신규_어휘_후보,,0,False
반역,1,명사,5,일반어/일반어,신규_어휘_후보,,0,False
반역자,0,명사,5,일반어,신규_어휘_후보,,0,False
반영구적,0,명사/관형사,5,일반어/일반어,신규_어휘_후보,,0,False
반원,3,명사,5,일반어,신규_어휘_후보,,0,True
반월,0,명사,5,일반어/일반어/전문어(불교),신규_어휘_후보,,0,False
반월간,0,명사,5,일반어,신규_어휘_후보,,0,False
반의어,0,명사,5,전문어(언어),신규_어휘_후보,,0,False
반일,2,명사,5,일반어,신규_어휘_후보,,0,False
반입,0,명사,5,일반어,신규_어휘_후보,,0,False
반입되다,0,동사,5,일반어,신규_어휘_후보,,0,False
반자동,0,명사,5,일반어,신규_어휘_후보,,0,False
반자동식,0,명사,5,일반어,신규_어휘_후보,,0,False
반전,2,명사,5,일반어,신규_어휘_후보,,0,True
반절,1,명사,5,일반어/일반어,신규_어휘_후보,,0,False
반주자,0,명사,5,일반어,신규_어휘_후보,,0,False
반죽음,0,명사,5,일반어,신규_어휘_후보,,0,False
반증하다,0,동사,5,일반어,신규_어휘_후보,,0,False
반지르르,0,부사,5,일반어/일반어,신규_어휘_후보,,0,False
반지르르하다,0,형용사,5,일반어/일반어,신규_어휘_후보,,0,False
반직선,0,명사,5,전문어(수학),신규_어휘_후보,,0,False
반질반질,0,부사,5,일반어/일반어/일반어,신규_어휘_후보,,0,False
반체제,0,명사,5,일반어,신규_어휘_후보,,0,False
반출되다,0,동사,5,일반어,신규_어휘_후보,,0,False
반취하다,1,동사,5,일반어,신규_어휘_후보,,0,False
반칙패,0,명사,5,전문어(체육),신규_어휘_후보,,0,False
반투명하다,0,형용사,5,일반어/일반어,신규_어휘_후보,,0,False
반평생,0,명사,5,일반어,신규_어휘_후보,,0,False
반포되다,0,동사,5,일반어,신규_어휘_후보,,0,False
반포지효,0,명사,5,일반어,신규_어휘_후보,,0,False
반포하다,2,동사,5,일반어,신규_어휘_후보,,0,False
반항심,0,명사,5,일반어,신규_어휘_후보,,0,False
반항아,0,명사,5,일반어,신규_어휘_후보,,0,False
반항적,0,명사/관형사,5,일반어/일반어,신규_어휘_후보,,0,False
반향,1,명사,5,일반어/전문어(물리)/전문어(음악),신규_어휘_후보,,0,False
반환,2,명사,5,일반어/일반어,신규_어휘_후보,,0,False
받다,2,동사,5,일반어/일반어,신규_어휘_후보,,0,True
받들리다,0,동사,5,일반어/일반어,신규_어휘_후보,,0,False
받들어총,0,명사/감탄사,5,전문어(군사),신규_어휘_후보,,0,False
받치다,1,동사,5,일반어/일반어,신규_어휘_후보,,0,True
받침소리,0,명사,5,전문어(언어),신규_어휘_후보,,0,False
받침점,0,명사,5,전문어(건설)/전문어(물리),신규_어휘_후보,,0,False
발,3,명사,5,일반어,신규_어휘_후보,,0,True
발가벗기다,0,동사,5,일반어/일반어/일반어,신규_어휘_후보,,0,False
발가벗다,0,동사,5,일반어/일반어/일반어/일반어,신규_어휘_후보,,0,False
발각,0,명사,5,일반어,신규_어휘_후보,,0,False
발각되다,0,동사,5,일반어,신규_어휘_후보,,0,False
발간,1,명사,5,일반어,신규_어휘_후보,,0,False
발개지다,0,동사,5,일반어,신규_어휘_후보,,0,False
발걸이,0,명사,5,일반어/일반어/일반어,신규_어휘_후보,,0,False
발광,1,명사,5,일반어/전문어(물리),신규_어휘_후보,,0,True
발광,2,명사,5,일반어/일반어,신규_어휘_후보,,0,True
발광체,0,명사,5,전문어(전기·전자),신규_어휘_후보,,0,False
발광하다,1,동사,5,일반어,신규_어휘_후보,,0,True
발광하다,2,동사,5,일반어/일반어,신규_어휘_후보,,0,True
발그레하다,0,형용사,5,일반어,신규_어휘_후보,,0,False
발끈,0,부사,5,일반어/일반어/일반어/일반어,신규_어휘_후보,,0,False
발돋움,0,명사,5,일반어/일반어/일반어,신규_어휘_후보,,0,False
발동,0,명사,5,일반어/일반어/일반어/일반어,신규_어휘_후보,,0,False
발동기,0,명사,5,일반어,신규_어휘_후보,,0,False
발동하다,0,동사,5,일반어/일반어/일반어,신규_어휘_후보,,0,False
발라내다,0,동사,5,일반어/일반어/일반어/일반어/일반어,신규_어휘_후보,,0,False
발라당,0,부사,5,일반어/일반어,신규_어휘_후보,,0,False
발령되다,0,동사,5,일반어/일반어,신규_어휘_후보,,0,False
발로,1,명사,5,일반어/전문어(불교),신규_어휘_후보,,0,False
발림,1,명사,5,일반어/일반어,신규_어휘_후보,,0,False
발모,0,명사,5,일반어,신규_어휘_후보,,0,False
발모제,0,명사,5,전문어(약학),신규_어휘_후보,,0,False
발바리,0,명사,5,전문어(동물)/일반어,신규_어휘_후보,,0,False
발발,1,부사,5,일반어/일반어,신규_어휘_후보,,0,True
발발,2,부사,5,일반어/일반어,신규_어휘_후보,,0,True
발병하다,1,동사,5,일반어,신규_어휘_후보,,0,True
발병하다,2,동사,5,일반어,신규_어휘_후보,,0,True
발본색원,0,명사,5,일반어,신규_어휘_후보,,0,False
발부리,0,명사,5,일반어/일반어,신규_어휘_후보,,0,False
발뺌하다,0,동사,5,일반어,신규_어휘_후보,,0,False
발산하다,0,동사,5,일반어/일반어,신규_어휘_후보,,0,False
발상지,0,명사,5,일반어/일반어,신규_어휘_후보,,0,False
발상하다,1,동사,5,일반어/일반어/일반어/일반어,신규_어휘_후보,,0,False
발생량,0,명사,5,일반어,신규_어휘_후보,,0,False
발설하다,0,동사,5,일반어,신규_어휘_후보,,0,False
발송,0,명사,5,일반어,신규_어휘_후보,,0,False
발신,2,명사,5,일반어,신규_어휘_후보,,0,False
발신기,0,명사,5,일반어/전문어(정보·통신),신규_어휘_후보,,0,False
발아하다,1,동사,5,전문어(식물)/전문어(식물)/일반어,신규_어휘_후보,,0,False
발열,0,명사,5,일반어/전문어(의학),신규_어휘_후보,,0,False
발원,1,명사,5,일반어/일반어/일반어/일반어,신규_어휘_후보,,0,False
발원하다,1,동사,5,일반어/일반어,신규_어휘_후보,,0,False
발음막,0,명사,5,일반어,신규_어휘_후보,,0,False
발의,2,명사,5,일반어,신규_어휘_후보,,0,False
발의하다,2,동사,5,일반어,신규_어휘_후보,,0,False
발인,2,명사,5,일반어,신규_어휘_후보,,0,False
발잔등,0,명사,5,일반어,신규_어휘_후보,,0,False
발장구,0,명사,5,일반어/일반어,신규_어휘_후보,,0,False
발전기,1,명사,5,일반어,신규_어휘_후보,,0,True
발족,2,명사,5,일반어,신규_어휘_후보,,0,False
발족하다,0,동사,5,일반어,신규_어휘_후보,,0,False
발진,3,명사,5,전문어(의학),신규_어휘_후보,,0,False
발차,1,명사,5,일반어,신규_어휘_후보,,0,False
발췌하다,0,동사/형용사,5,일반어/일반어,신규_어휘_후보,,0,False
발칙하다,0,형용사,5,일반어,신규_어휘_후보,,0,False
발탁,0,명사,5,일반어,신규_어휘_후보,,0,False
발포,4,명사,5,일반어,신규_어휘_후보,,0,False
발포하다,1,동사,5,일반어,신규_어휘_후보,,0,True
발포하다,4,동사,5,일반어,신규_어휘_후보,,0,True
발해,1,명사,5,전문어(역사),신규_어휘_후보,,0,False
발행일,0,명사,5,일반어/전문어(법률),신규_어휘_후보,,0,False
발행하다,1,동사,5,일반어/일반어,신규_어휘_후보,,0,False
발현,0,명사,5,일반어,신규_어휘_후보,,0,False
발화,1,명사,5,일반어/일반어,신규_어휘_후보,,0,False
발화점,0,명사,5,일반어/전문어(화학),신규_어휘_후보,,0,False
발화하다,1,동사,5,일반어/일반어,신규_어휘_후보,,0,False
발효되다,2,동사,5,전문어(화학),신규_어휘_후보,,0,False
밤공부,0,명사,5,일반어,신규_어휘_후보,,0,False
밤꽃,0,명사,5,일반어,신규_어휘_후보,,0,False
밤낚시,0,명사,5,일반어,신규_어휘_후보,,0,False
밤눈,1,명사,5,일반어,신규_어휘_후보,,0,False
밤도망,0,명사,5,일반어,신규_어휘_후보,,0,False
밤마을,0,명사,5,일반어,신규_어휘_후보,,0,False
밤무대,0,명사,5,일반어,신규_어휘_후보,,0,False
밤밥,2,명사,5,일반어,신규_어휘_후보,,0,False
밤벌레,0,명사,5,전문어(동물),신규_어휘_후보,,0,False
밤안개,0,명사,5,일반어,신규_어휘_후보,,0,False
밤알,0,명사,5,일반어,신규_어휘_후보,,0,False
밤차,0,명사,5,일반어,신규_어휘_후보,,0,False
밤참,0,명사,5,일반어,신규_어휘_후보,,0,False
밥값,0,명사,5,일반어/일반어/일반어,신규_어휘_후보,,0,False
밥걱정,0,명사,5,일반어,신규_어휘_후보,,0,False
밥반찬,0,명사,5,일반어,신규_어휘_후보,,0,False
밥벌레,0,명사,5,일반어,신규_어휘_후보,,0,False
밥벌이,0,명사,5,일반어/일반어,신규_어휘_후보,,0,False
밥술,0,명사,5,일반어/일반어/일반어,신규_어휘_후보,,0,False
밥쌀,0,명사,5,일반어,신규_어휘_후보,,0,False
밥자리,0,명사,5,일반어,신규_어휘_후보,,0,False
밥투정,0,명사,5,일반어,신규_어휘_후보,,0,False
방,15,명사,5,전문어(역사)/일반어,신규_어휘_후보,,0,True
방갈로,0,명사,5,일반어/일반어,신규_어휘_후보,,0,False
방갓,0,명사,5,일반어,신규_어휘_후보,,0,False
방고래,0,명사,5,일반어,신규_어휘_후보,,0,False
방공,1,명사,5,일반어,신규_어휘_후보,,0,True
방공,2,명사,5,일반어,신규_어휘_후보,,0,True
방공호,0,명사,5,일반어,신규_어휘_후보,,0,False
방관자,0,명사,5,일반어,신규_어휘_후보,,0,False
방글거리다,0,동사,5,일반어,신규_어휘_후보,,0,False
방글라데시,0,명사,5,전문어(지명),신규_어휘_후보,,0,False
방년,0,명사,5,일반어,신규_어휘_후보,,0,False
방랑,0,명사,5,일반어,신규_어휘_후보,,0,False
방랑자,0,명사,5,일반어,신규_어휘_후보,,0,False
방랑하다,0,동사,5,일반어,신규_어휘_후보,,0,False
방류,0,명사,5,일반어/일반어/일반어,신규_어휘_후보,,0,False
방류하다,0,동사,5,일반어/일반어/일반어,신규_어휘_후보,,0,False
방매하다,0,동사,5,일반어,신규_어휘_후보,,0,False
방목,1,명사,5,전문어(농업),신규_어휘_후보,,0,False
방목지,0,명사,5,전문어(농업),신규_어휘_후보,,0,False
방목하다,0,동사,5,전문어(농업),신규_어휘_후보,,0,False
방범대,0,명사,5,일반어,신규_어휘_후보,,0,False
방법론,0,명사,5,전문어(철학),신규_어휘_후보,,0,False
방불하다,0,형용사,5,일반어/일반어/일반어,신규_어휘_후보,,0,False
방사선과,0,명사,5,전문어(의학),신규_어휘_후보,,0,False
방사형,0,명사,5,일반어,신규_어휘_후보,,0,False
방생,1,명사,5,전문어(불교),신규_어휘_후보,,0,False
방성,4,명사,5,일반어,신규_어휘_후보,,0,False
방세,1,명사,5,일반어,신규_어휘_후보,,0,False
방송망,0,명사,5,전문어(매체),신규_어휘_후보,,0,False
방송인,0,명사,5,일반어,신규_어휘_후보,,0,False
방수,4,명사,5,일반어,신규_어휘_후보,,0,False
방습,0,명사,5,일반어,신규_어휘_후보,,0,False
방실,1,부사,5,일반어,신규_어휘_후보,,0,False
방어,4,명사,5,전문어(동물),신규_어휘_후보,,0,True
방어진,2,명사,5,전문어(군사),신규_어휘_후보,,0,False
방역,5,명사,5,일반어,신규_어휘_후보,,0,False
방열기,0,명사,5,전문어(기계)/전문어(기계),신규_어휘_후보,,0,False
방울새,0,명사,5,전문어(동물),신규_어휘_후보,,0,False
방위비,0,명사,5,전문어(경제),신규_어휘_후보,,0,False
방위선,2,명사,5,전문어(군사),신규_어휘_후보,,0,False
방위신,0,명사,5,전문어(민속),신규_어휘_후보,,0,False
방음,2,명사,5,일반어,신규_어휘_후보,,0,False
방자하다,1,동사,5,일반어,신규_어휘_후보,,0,False
방자하다,2,형용사,5,일반어/일반어,신규_어휘_후보,,0,False
방재,3,명사,5,일반어,신규_어휘_후보,,0,False
방적,2,명사,5,일반어/일반어,신규_어휘_후보,,0,False
방적업,0,명사,5,전문어(공업),신규_어휘_후보,,0,False
방적업자,0,명사,5,일반어,신규_어휘_후보,,0,False
방전,4,명사,5,전문어(물리)/전문어(물리),신규_어휘_후보,,0,False
방정,1,명사,5,일반어,신규_어휘_후보,,0,False
방정하다,0,형용사,5,일반어/일반어,신규_어휘_후보,,0,False
방제,2,명사,5,일반어/일반어,신규_어휘_후보,,0,False
방조,3,명사,5,일반어,신규_어휘_후보,,0,False
방조제,0,명사,5,전문어(건설),신규_어휘_후보,,0,False
방종,1,명사,5,일반어,신규_어휘_후보,,0,False
방주,1,명사,5,일반어/일반어/전문어(기독교),신규_어휘_후보,,0,False
방죽,1,명사,5,일반어/일반어,신규_어휘_후보,,0,False
방직공,0,명사,5,일반어,신규_어휘_후보,,0,False
방직물,0,명사,5,일반어,신규_어휘_후보,,0,False
방진,3,명사,5,일반어,신규_어휘_후보,,0,False
방책,2,명사,5,일반어,신규_어휘_후보,,0,False
방첩,0,명사,5,전문어(군사),신규_어휘_후보,,0,False
방청권,1,명사,5,일반어,신규_어휘_후보,,0,False
방청석,0,명사,5,일반어,신규_어휘_후보,,0,False
방출,1,명사,5,일반어/전문어(물리),신규_어휘_후보,,0,True
방출,2,명사,5,일반어,신규_어휘_후보,,0,True
방출되다,0,동사,5,일반어/전문어(물리),신규_어휘_후보,,0,False
방출하다,1,동사,5,일반어/전문어(물리),신규_어휘_후보,,0,False
방충제,0,명사,5,전문어(보건 일반),신규_어휘_후보,,0,False
방치하다,0,동사,5,일반어,신규_어휘_후보,,0,False
방콕,0,명사,5,전문어(지명),신규_어휘_후보,,0,False
방탄,1,명사,5,일반어,신규_어휘_후보,,0,False
방탄유리,0,명사,5,일반어,신규_어휘_후보,,0,False
방탄조끼,0,명사,5,전문어(군사),신규_어휘_후보,,0,False
방편,0,명사,5,일반어/전문어(불교),신규_어휘_후보,,0,False
방풍림,0,명사,5,일반어,신규_어휘_후보,,0,False
방한,1,명사,5,일반어,신규_어휘_후보,,0,False
방한모,0,명사,5,일반어,신규_어휘_후보,,0,False
방한모자,0,명사,5,일반어,신규_어휘_후보,,0,False
방한화,0,명사,5,일반어,신규_어휘_후보,,0,False
방해자,0,명사,5,일반어,신규_어휘_후보,,0,False
방향제,0,명사,5,전문어(약학),신규_어휘_후보,,0,False
방향키,0,명사,5,전문어(기계)/일반어,신규_어휘_후보,,0,False
방화,2,명사,5,일반어,신규_어휘_후보,,0,True
방화,3,명사,5,일반어,신규_어휘_후보,,0,True
방화,6,명사,5,일반어/전문어(민속),신규_어휘_후보,,0,True
방화범,0,명사,5,전문어(법률),신규_어휘_후보,,0,False
방화사,0,명사,5,일반어,신규_어휘_후보,,0,False
방화수,1,명사,5,일반어,신규_어휘_후보,,0,False
방화죄,0,명사,5,전문어(법률),신규_어휘_후보,,0,False
밭두둑,0,명사,5,일반어/일반어,신규_어휘_후보,,0,False
밭둑,0,명사,5,일반어,신규_어휘_후보,,0,False
밭이랑,0,명사,5,일반어,신규_어휘_후보,,0,False
배,4,의존 명사,5,일반어/일반어,신규_어휘_후보,,0,False
배격,0,명사,5,일반어,신규_어휘_후보,,0,False
배격하다,0,동사,5,일반어,신규_어휘_후보,,0,False
배관,4,명사,5,일반어,신규_어휘_후보,,0,False
배급량,0,명사,5,일반어,신규_어휘_후보,,0,False
배기다,1,동사,5,일반어,신규_어휘_후보,,0,True
배기통,0,명사,5,일반어,신규_어휘_후보,,0,False
배꼽시계,0,명사,5,일반어,신규_어휘_후보,,0,False
배낭여행,0,명사,5,일반어,신규_어휘_후보,,0,False
배냇저고리,0,명사,5,일반어,신규_어휘_후보,,0,False
배다,3,형용사,5,일반어/일반어,신규_어휘_후보,,0,False
배달겨레,0,명사,5,일반어,신규_어휘_후보,,0,False
배당,1,명사,5,일반어/전문어(경제),신규_어휘_후보,,0,False
배당금,0,명사,5,일반어/전문어(경제),신규_어휘_후보,,0,False
배따라기,2,명사,5,전문어(무용)/전문어(음악),신규_어휘_후보,,0,False
배란기,0,명사,5,전문어(의학),신규_어휘_후보,,0,False
배럴,0,명사/의존 명사,5,일반어/일반어,신규_어휘_후보,,0,False
배례하다,0,동사,5,일반어,신규_어휘_후보,,0,False
배반되다,0,동사,5,일반어,신규_어휘_후보,,0,False
배배,0,부사,5,일반어,신규_어휘_후보,,0,False
배변하다,0,동사,5,일반어,신규_어휘_후보,,0,False
배상금,0,명사,5,일반어,신규_어휘_후보,,0,False
배선,2,명사,5,전문어(전기·전자)/전문어(전기·전자),신규_어휘_후보,,0,False
배설하다,1,동사,5,일반어/전문어(수의),신규_어휘_후보,,0,False
배속되다,0,동사,5,일반어/일반어,신규_어휘_후보,,0,False
배수,4,명사,5,일반어/일반어,신규_어휘_후보,,0,True
배수,7,명사,5,일반어/일반어,신규_어휘_후보,,0,True
배수진,0,명사,5,전문어(군사)/일반어,신규_어휘_후보,,0,False
배식,1,명사,5,일반어/전문어(역사),신규_어휘_후보,,0,False
배신감,0,명사,5,일반어,신규_어휘_후보,,0,False
배신자,0,명사,5,일반어,신규_어휘_후보,,0,False
배신행위,0,명사,5,일반어/전문어(군사),신규_어휘_후보,,0,False
배심원,0,명사,5,전문어(법률),신규_어휘_후보,,0,False
배양,0,명사,5,일반어/일반어/전문어(생명),신규_어휘_후보,,0,False
배양토,0,명사,5,일반어,신규_어휘_후보,,0,False
배양하다,0,동사,5,일반어/일반어/전문어(생명),신규_어휘_후보,,0,False
배어들다,0,동사,5,일반어/일반어/일반어,신규_어휘_후보,,0,False
배열하다,0,동사,5,일반어/전문어(정보·통신),신규_어휘_후보,,0,False
배은,0,명사,5,일반어,신규_어휘_후보,,0,False
배은망덕,0,명사,5,일반어,신규_어휘_후보,,0,False
배자,2,명사,5,일반어,신규_어휘_후보,,0,True
배자,3,명사,5,전문어(복식),신규_어휘_후보,,0,True
배자하다,0,동사,5,일반어,신규_어휘_후보,,0,False
배전선,0,명사,5,전문어(전기·전자),신규_어휘_후보,,0,False
배점,2,명사,5,일반어,신규_어휘_후보,,0,False
배정하다,3,동사,5,일반어,신규_어휘_후보,,0,False
배젖,0,명사,5,전문어(식물),신규_어휘_후보,,0,False
배제,3,명사,5,일반어,신규_어휘_후보,,0,False
배제하다,1,동사,5,일반어,신규_어휘_후보,,0,True
배제하다,2,동사,5,일반어,신규_어휘_후보,,0,True
배지,6,명사,5,일반어,신규_어휘_후보,,0,False
배지기,0,명사,5,전문어(체육),신규_어휘_후보,,0,False
배지느러미,0,명사,5,전문어(동물),신규_어휘_후보,,0,False
배차,2,명사,5,일반어,신규_어휘_후보,,0,False
배척,4,명사,5,일반어,신규_어휘_후보,,0,False
배척하다,0,동사,5,일반어,신규_어휘_후보,,0,False
배추벌레,0,명사,5,전문어(동물)/전문어(동물),신규_어휘_후보,,0,False
배추쌈,0,명사,5,일반어/일반어,신규_어휘_후보,,0,False
배출,3,명사,5,일반어,신규_어휘_후보,,0,True
배춧국,0,명사,5,일반어,신규_어휘_후보,,0,False
배춧속,0,명사,5,일반어/일반어,신규_어휘_후보,,0,False
배치되다,1,동사,5,일반어,신규_어휘_후보,,0,True
배타적,0,명사/관형사,5,일반어/일반어,신규_어휘_후보,,0,False
배포,1,명사,5,일반어,신규_어휘_후보,,0,True
배포하다,1,동사,5,일반어,신규_어휘_후보,,0,False
배표,1,명사,5,일반어,신규_어휘_후보,,0,False
배필,0,명사,5,일반어,신규_어휘_후보,,0,False
배필감,0,명사,5,일반어,신규_어휘_후보,,0,False
배회,2,명사,5,일반어,신규_어휘_후보,,0,False
배회하다,0,동사,5,일반어,신규_어휘_후보,,0,False
배후,2,명사,5,일반어/일반어/일반어,신규_어휘_후보,,0,False
백과,3,명사,5,일반어,신규_어휘_후보,,0,True
백과,4,명사,5,일반어,신규_어휘_후보,,0,True
백기,3,명사,5,일반어/일반어/일반어,신규_어휘_후보,,0,False
백김치,0,명사,5,일반어,신규_어휘_후보,,0,False
백날,0,명사/부사,5,일반어/일반어,신규_어휘_후보,,0,False
백내장,0,명사,5,전문어(의학),신규_어휘_후보,,0,False
백년가약,0,명사,5,일반어,신규_어휘_후보,,0,False
백년해로,0,명사,5,일반어,신규_어휘_후보,,0,False
백등유,0,명사,5,일반어,신규_어휘_후보,,0,False
백로,1,명사,5,일반어/일반어,신규_어휘_후보,,0,True
백록담,2,명사,5,전문어(지명),신규_어휘_후보,,0,False
백마강,0,명사,5,전문어(지명),신규_어휘_후보,,0,False
백마고지,0,명사,5,전문어(지명),신규_어휘_후보,,0,False
백만,0,수사/관형사,5,일반어/일반어,신규_어휘_후보,,0,False
백만금,0,명사,5,일반어,신규_어휘_후보,,0,False
백모,4,명사,5,일반어,신규_어휘_후보,,0,False
백묵,2,명사,5,일반어,신규_어휘_후보,,0,False
백미,1,명사,5,일반어,신규_어휘_후보,,0,True
백반,4,명사,5,전문어(화학),신규_어휘_후보,,0,True
백발백중,0,명사,5,일반어/일반어,신규_어휘_후보,,0,False
백방,2,명사,5,일반어,신규_어휘_후보,,0,False
백배,3,부사,5,일반어,신규_어휘_후보,,0,False
백배사죄,0,명사,5,일반어,신규_어휘_후보,,0,False
백배하다,1,동사,5,일반어,신규_어휘_후보,,0,False
백병전,0,명사,5,일반어,신규_어휘_후보,,0,False
백부,2,명사,5,일반어,신규_어휘_후보,,0,False
백분,1,명사,5,일반어/일반어,신규_어휘_후보,,0,False
백사,4,명사,5,전문어(동물),신규_어휘_후보,,0,False
백설탕,0,명사,5,일반어,신규_어휘_후보,,0,False
백수,1,명사,5,일반어/일반어,신규_어휘_후보,,0,True
백수,8,명사,5,일반어,신규_어휘_후보,,0,True
백수건달,0,명사,5,일반어,신규_어휘_후보,,0,False
백악관,0,명사,5,전문어(정치),신규_어휘_후보,,0,False
백악기,0,명사,5,전문어(지구),신규_어휘_후보,,0,False
백야,2,명사,5,전문어(지구),신규_어휘_후보,,0,False
백업,2,명사,5,전문어(체육)/전문어(정보·통신),신규_어휘_후보,,0,False
백열,0,명사,5,일반어/전문어(물리),신규_어휘_후보,,0,False
백열전구,0,명사,5,일반어,신규_어휘_후보,,0,False
백운교,0,명사,5,전문어(역사),신규_어휘_후보,,0,False
백의,0,명사,5,일반어/일반어/일반어/전문어(불교),신규_어휘_후보,,0,False
백의민족,0,명사,5,일반어,신규_어휘_후보,,0,False
백의종군하다,0,동사,5,일반어,신규_어휘_후보,,0,False
백인종,0,명사,5,전문어(고유명 일반),신규_어휘_후보,,0,False
백일,2,명사,5,일반어,신규_어휘_후보,,0,False
백일기도,0,명사,5,일반어,신규_어휘_후보,,0,False
백일몽,0,명사,5,일반어,신규_어휘_후보,,0,False
백일치성,0,명사,5,일반어,신규_어휘_후보,,0,False
백일해,0,명사,5,전문어(의학),신규_어휘_후보,,0,False
백전,5,명사,5,일반어,신규_어휘_후보,,0,False
백전백승,0,명사,5,일반어,신규_어휘_후보,,0,False
백전백패,0,명사,5,일반어,신규_어휘_후보,,0,False
백전백패하다,0,동사,5,일반어,신규_어휘_후보,,0,False
백정,1,명사,5,일반어/전문어(역사)/전문어(역사)/전문어(역사),신규_어휘_후보,,0,False
백조자리,0,명사,5,전문어(천문),신규_어휘_후보,,0,False
백치,4,명사,5,일반어,신규_어휘_후보,,0,False
백통화,0,명사,5,일반어,신규_어휘_후보,,0,False
백파이프,0,명사,5,전문어(음악),신규_어휘_후보,,0,False
백합,1,명사,5,전문어(동물),신규_어휘_후보,,0,True
백합꽃,0,명사,5,일반어,신규_어휘_후보,,0,False
백혈구,0,명사,5,전문어(의학),신규_어휘_후보,,0,False
밸런타인데이,0,명사,5,일반어,신규_어휘_후보,,0,False
뱀딸기,0,명사,5,전문어(식물),신규_어휘_후보,,0,False
뱀띠,0,명사,5,전문어(민속),신규_어휘_후보,,0,False
뱁새,0,명사,5,전문어(동물),신규_어휘_후보,,0,False
뱁새눈,0,명사,5,일반어,신규_어휘_후보,,0,False
뱃고동,0,명사,5,일반어,신규_어휘_후보,,0,False
뱃멀미,0,명사,5,일반어,신규_어휘_후보,,0,False
뱃심,0,명사,5,일반어/일반어,신규_어휘_후보,,0,False
뱅,0,부사,5,일반어/일반어/일반어,신규_어휘_후보,,0,False
뱅어,0,명사,5,전문어(동물)/전문어(동물),신규_어휘_후보,,0,False
뱅어포구이,0,명사,5,일반어,신규_어휘_후보,,0,False
버금,1,명사,5,일반어,신규_어휘_후보,,0,False
버둥버둥,0,부사,5,일반어/일반어,신규_어휘_후보,,0,False
버들개지,1,명사,5,전문어(식물),신규_어휘_후보,,0,False
버들치,0,명사,5,전문어(동물),신규_어휘_후보,,0,False
버석거리다,0,동사,5,일반어/일반어,신규_어휘_후보,,0,False
버선볼,0,명사,5,일반어/일반어,신규_어휘_후보,,0,False
버선코,0,명사,5,일반어,신규_어휘_후보,,0,False
버섯구름,0,명사,5,일반어,신규_어휘_후보,,0,False
버섯볶음,0,명사,5,일반어,신규_어휘_후보,,0,False
버섯전골,0,명사,5,일반어,신규_어휘_후보,,0,False
버스표,0,명사,5,일반어,신규_어휘_후보,,0,False
버저,0,명사,5,전문어(물리),신규_어휘_후보,,0,False
버적버적,0,부사,5,일반어/일반어/일반어/일반어/일반어,신규_어휘_후보,,0,False
버젓이,0,부사,5,일반어/일반어,신규_어휘_후보,,0,False
버젓하다,0,형용사,5,일반어/일반어,신규_어휘_후보,,0,False
버짐,0,명사,5,전문어(한의),신규_어휘_후보,,0,False
버찌,0,명사,5,전문어(식물),신규_어휘_후보,,0,False
번개탄,0,명사,5,일반어,신규_어휘_후보,,0,False
번거로이,0,부사,5,일반어,신규_어휘_후보,,0,False
번뇌,0,명사,5,일반어/전문어(불교),신규_어휘_후보,,0,False
번뇌하다,0,동사,5,일반어,신규_어휘_후보,,0,False
번들번들,1,부사,5,일반어/일반어,신규_어휘_후보,,0,False
번듯이,0,부사,5,일반어/일반어/일반어,신규_어휘_후보,,0,False
번듯하다,0,형용사,5,일반어/일반어/일반어,신규_어휘_후보,,0,False
번복,0,명사,5,일반어/일반어,신규_어휘_후보,,0,False
번잡,0,명사,5,일반어,신규_어휘_후보,,0,False
번지르르,0,부사,5,일반어/일반어,신규_어휘_후보,,0,False
번질나다,0,형용사,5,일반어,신규_어휘_후보,,0,False
번질번질,0,부사,5,일반어/일반어/일반어,신규_어휘_후보,,0,False
번쩍이다,0,동사,5,일반어,신규_어휘_후보,,0,False
번창,0,명사,5,일반어,신규_어휘_후보,,0,False
번철,0,명사,5,일반어,신규_어휘_후보,,0,False
번화하다,0,형용사,5,일반어/일반어,신규_어휘_후보,,0,False
벋다,1,동사,5,일반어/일반어/일반어/일반어/일반어,신규_어휘_후보,,0,False
벌,1,명사,5,일반어,신규_어휘_후보,,0,True
벌게지다,0,동사,5,일반어,신규_어휘_후보,,0,False
벌금형,0,명사,5,전문어(법률),신규_어휘_후보,,0,False
벌렁거리다,0,동사,5,일반어/일반어,신규_어휘_후보,,0,False
벌름벌름,0,부사,5,일반어,신규_어휘_후보,,0,False
벌목,2,명사,5,일반어,신규_어휘_후보,,0,False
벌목꾼,0,명사,5,일반어,신규_어휘_후보,,0,False
벌서다,0,동사,5,일반어,신규_어휘_후보,,0,False
벌주다,0,동사,5,일반어,신규_어휘_후보,,0,False
벌채,0,명사,5,일반어,신규_어휘_후보,,0,False
벌채하다,0,동사,5,일반어,신규_어휘_후보,,0,False
벌통,0,명사,5,일반어,신규_어휘_후보,,0,False
범례,1,명사,5,일반어,신규_어휘_후보,,0,False
범법,0,명사,5,일반어,신규_어휘_후보,,0,False
범법자,0,명사,5,일반어,신규_어휘_후보,,0,False
범상하다,1,형용사,5,일반어,신규_어휘_후보,,0,False
범선,0,명사,5,일반어,신규_어휘_후보,,0,False
범속하다,0,형용사,5,일반어,신규_어휘_후보,,0,False
범연하다,0,형용사,5,일반어,신규_어휘_후보,,0,False
범절,0,명사,5,일반어,신규_어휘_후보,,0,False
범종,2,명사,5,전문어(불교),신규_어휘_후보,,0,False
범주,5,명사,5,일반어/전문어(철학),기존_콘텐츠와_연결_후보,SR_L6COREV2_4999,1,False
범칙,0,명사,5,일반어,신규_어휘_후보,,0,False
범퍼,0,명사,5,전문어(기계),신규_어휘_후보,,0,False
범행자,0,명사,5,일반어,신규_어휘_후보,,0,False
법고,0,명사,5,전문어(불교)/전문어(불교)/전문어(불교),신규_어휘_후보,,0,False
법당,0,명사,5,전문어(불교),신규_어휘_후보,,0,False
법도,1,명사,5,일반어/일반어,신규_어휘_후보,,0,False
법령집,0,명사,5,일반어,신규_어휘_후보,,0,False
법명,1,명사,5,전문어(불교)/전문어(불교),신규_어휘_후보,,0,False
법무,1,명사,5,일반어/전문어(불교),신규_어휘_후보,,0,False
법복,0,명사,5,일반어/전문어(불교),신규_어휘_후보,,0,False
법부,0,명사,5,전문어(역사)/전문어(역사),신규_어휘_후보,,0,False
법석,1,명사,5,일반어,신규_어휘_후보,,0,False
법석거리다,0,동사,5,일반어,신규_어휘_후보,,0,False
법석대다,0,동사,5,일반어,신규_어휘_후보,,0,False
법인,2,명사,5,전문어(법률),신규_어휘_후보,,0,False
법인세,0,명사,5,전문어(법률),신규_어휘_후보,,0,False
법정,2,명사,5,일반어,신규_어휘_후보,,0,True
법제처,0,명사,5,전문어(법률),신규_어휘_후보,,0,False
법조계,0,명사,5,일반어,신규_어휘_후보,,0,False
법조인,0,명사,5,일반어,신규_어휘_후보,,0,False
법주사,0,명사,5,전문어(불교),신규_어휘_후보,,0,False
법치주의,0,명사,5,전문어(법률)/전문어(법률),신규_어휘_후보,,0,False
법칙성,0,명사,5,일반어,신규_어휘_후보,,0,False
법학,0,명사,5,전문어(법률),신규_어휘_후보,,0,False
벗하다,0,동사,5,일반어/일반어,신규_어휘_후보,,0,False
벙긋,1,부사,5,일반어,신규_어휘_후보,,0,True
벙긋거리다,1,동사,5,일반어,신규_어휘_후보,,0,False
벙긋벙긋,1,부사,5,일반어,신규_어휘_후보,,0,False
벙긋하다,2,동사/형용사,5,일반어/일반어,신규_어휘_후보,,0,False
벙어리장갑,0,명사,5,일반어,신규_어휘_후보,,0,False
벙어리저금통,0,명사,5,일반어,신규_어휘_후보,,0,False
베갯모,0,명사,5,일반어,신규_어휘_후보,,0,False
베고니아,0,명사,5,전문어(식물)/전문어(식물),신규_어휘_후보,,0,False
베네룩스,0,명사,5,전문어(지명),신규_어휘_후보,,0,False
베니어판,0,명사,5,일반어/일반어,신규_어휘_후보,,0,False
베니어합판,0,명사,5,일반어,신규_어휘_후보,,0,False
베레모,0,명사,5,일반어,신규_어휘_후보,,0,False
베를린,0,명사,5,전문어(지명),신규_어휘_후보,,0,False
베옷,0,명사,5,일반어,신규_어휘_후보,,0,False
베이비파우더,0,명사,5,일반어,신규_어휘_후보,,0,False
베이스,3,명사,5,전문어(음악)/전문어(음악)/전문어(음악)/전문어(음악),신규_어휘_후보,,0,True
베이식,0,명사,5,전문어(정보·통신),신규_어휘_후보,,0,False
베이징,0,명사,5,전문어(지명),신규_어휘_후보,,0,False
베이컨,1,명사,5,일반어,신규_어휘_후보,,0,False
베이킹파우더,0,명사,5,일반어,신규_어휘_후보,,0,False
베적삼,0,명사,5,일반어,신규_어휘_후보,,0,False
베트남,0,명사,5,전문어(지명),신규_어휘_후보,,0,False
베트콩,0,명사,5,일반어,신규_어휘_후보,,0,False
벨기에,0,명사,5,전문어(지명),신규_어휘_후보,,0,False
벼락같이,0,부사,5,일반어/일반어,신규_어휘_후보,,0,False
벼락공부,0,명사,5,일반어,신규_어휘_후보,,0,False
벼락부자,0,명사,5,일반어,신규_어휘_후보,,0,False
벼락치기,0,명사,5,일반어,신규_어휘_후보,,0,False
벼메뚜기,0,명사,5,전문어(동물),신규_어휘_후보,,0,False
벼멸구,0,명사,5,전문어(동물),신규_어휘_후보,,0,False
벽두,0,명사,5,일반어/일반어,신규_어휘_후보,,0,False
벽란도,0,명사,5,전문어(역사),신규_어휘_후보,,0,False
벽력,0,명사,5,일반어,신규_어휘_후보,,0,False
벽신문,0,명사,5,일반어,신규_어휘_후보,,0,False
벽지,1,명사,5,일반어,신규_어휘_후보,,0,True
벽창호,1,명사,5,일반어,신규_어휘_후보,,0,False
벽촌,0,명사,5,일반어,신규_어휘_후보,,0,False
변,5,명사,5,일반어,신규_어휘_후보,,0,True
변경,2,명사,5,일반어,신규_어휘_후보,,0,True
변고,2,명사,5,일반어,신규_어휘_후보,,0,False
변괴,0,명사,5,일반어/일반어,신규_어휘_후보,,0,False
변론하다,0,동사,5,일반어/전문어(법률),신규_어휘_후보,,0,False
변리사,0,명사,5,전문어(법률),신규_어휘_후보,,0,False
변모,2,명사,5,일반어,신규_어휘_후보,,0,False
변모되다,0,동사,5,일반어,신규_어휘_후보,,0,False
변모하다,0,동사,5,일반어,신규_어휘_후보,,0,False
변방,2,명사,5,일반어/일반어,신규_어휘_후보,,0,False
변변하다,0,형용사,5,일반어/일반어/일반어,신규_어휘_후보,,0,False
변별,0,명사,5,일반어/일반어,신규_어휘_후보,,0,False
변별하다,0,동사,5,일반어,신규_어휘_후보,,0,False
변사,2,명사,5,일반어/일반어/일반어,신규_어휘_후보,,0,True
변사,3,명사,5,일반어/일반어,신규_어휘_후보,,0,True
변사체,0,명사,5,일반어/일반어,신규_어휘_후보,,0,False
변상,1,명사,5,일반어/일반어/일반어,신규_어휘_후보,,0,False
변설,2,명사,5,일반어,신규_어휘_후보,,0,False
변성,4,명사,5,일반어/전문어(생명)/전문어(화학)/전문어(화학),신규_어휘_후보,,0,True
변성,5,명사,5,일반어/전문어(음악),신규_어휘_후보,,0,True
변성기,2,명사,5,전문어(의학),신규_어휘_후보,,0,False
변성되다,2,동사,5,일반어/전문어(생명)/전문어(화학)/전문어(화학),신규_어휘_후보,,0,False
변성암,0,명사,5,전문어(지구),신규_어휘_후보,,0,False
변심,0,명사,5,일반어,신규_어휘_후보,,0,False
변역,3,명사,5,전문어(수학),신규_어휘_후보,,0,False
변인,2,명사,5,일반어,신규_어휘_후보,,0,False
변절,0,명사,5,일반어/일반어,신규_어휘_후보,,0,False
변절하다,0,동사,5,일반어/일반어,신규_어휘_후보,,0,False
변조,2,명사,5,일반어/전문어(법률),신규_어휘_후보,,0,False
변종,0,명사,5,일반어/전문어(생명),신규_어휘_후보,,0,False
변주,2,명사,5,전문어(음악)/전문어(예체능 일반),신규_어휘_후보,,0,False
변증법,0,명사,5,전문어(철학)/전문어(철학)/전문어(철학),신규_어휘_후보,,0,False
변지,3,명사,5,일반어/일반어/전문어(불교),신규_어휘_후보,,0,False
변천하다,0,동사,5,일반어,신규_어휘_후보,,0,False
변칙,0,명사,5,일반어,신규_어휘_후보,,0,False
변혁,0,명사,5,일반어,신규_어휘_후보,,0,False
별거,2,명사,5,일반어,신규_어휘_후보,,0,False
별고,1,명사,5,일반어/일반어,신규_어휘_후보,,0,False
별꽃,0,명사,5,전문어(식물),신규_어휘_후보,,0,False
별달리,0,부사,5,일반어,신규_어휘_후보,,0,False
별당,0,명사,5,일반어/전문어(불교),신규_어휘_후보,,0,False
별도리,0,명사,5,일반어,신규_어휘_후보,,0,False
별똥,0,명사,5,일반어,신규_어휘_후보,,0,False
별말,0,명사,5,일반어/일반어,신규_어휘_후보,,0,False
별무반,0,명사,5,전문어(역사),신규_어휘_후보,,0,False
별반,1,명사/부사,5,일반어/일반어,신규_어휘_후보,,0,False
별산대,0,명사,5,전문어(민속),신규_어휘_후보,,0,False
별성마마,0,명사,5,전문어(민속),신규_어휘_후보,,0,False
별세,1,명사,5,일반어,신규_어휘_후보,,0,False
별세계,0,명사,5,일반어/일반어,신규_어휘_후보,,0,False
별소리,0,명사,5,일반어/일반어,신규_어휘_후보,,0,False
별스럽다,0,형용사,5,일반어,신규_어휘_후보,,0,False
별식,2,명사,5,일반어,신규_어휘_후보,,0,False
별신굿,0,명사,5,전문어(민속),신규_어휘_후보,,0,False
별신제,0,명사,5,전문어(민속),신규_어휘_후보,,0,False
별실,0,명사,5,일반어/일반어,신규_어휘_후보,,0,False
별장지기,0,명사,5,일반어,신규_어휘_후보,,0,False
별주부전,0,명사,5,전문어(문학)/전문어(음악),신규_어휘_후보,,0,False
별지,2,명사,5,일반어,신규_어휘_후보,,0,False
별짓,0,명사,5,일반어,신규_어휘_후보,,0,False
별책,1,명사,5,일반어,신규_어휘_후보,,0,False
별천지,0,명사,5,일반어,신규_어휘_후보,,0,False
별표,1,명사,5,일반어/일반어,신규_어휘_후보,,0,False
볏가리,1,명사,5,일반어,신규_어휘_후보,,0,False
병,2,명사,5,일반어/전문어(민속)/전문어(민속)/전문어(민속),신규_어휘_후보,,0,True
병감,0,명사,5,일반어,신규_어휘_후보,,0,False
병기창,0,명사,5,전문어(군사),신규_어휘_후보,,0,False
병동,0,명사,5,일반어,신규_어휘_후보,,0,False
병마,3,명사,5,일반어,신규_어휘_후보,,0,False
병목,1,명사,5,일반어,신규_어휘_후보,,0,False
병무청,0,명사,5,전문어(행정),신규_어휘_후보,,0,False
병문안하다,0,동사,5,일반어,신규_어휘_후보,,0,False
병법,1,명사,5,전문어(군사),신규_어휘_후보,,0,False
병사하다,0,동사,5,일반어,신규_어휘_후보,,0,False
병색,0,명사,5,일반어,신규_어휘_후보,,0,False
병석,0,명사,5,일반어,신규_어휘_후보,,0,False
병설,0,명사,5,일반어,신규_어휘_후보,,0,False
병약자,0,명사,5,일반어,신규_어휘_후보,,0,False
병어,1,명사,5,전문어(동물),신규_어휘_후보,,0,False
병원체,0,명사,5,전문어(보건 일반),신규_어휘_후보,,0,False
병장,2,명사,5,전문어(군사),신규_어휘_후보,,0,False
병정개미,0,명사,5,전문어(동물),신규_어휘_후보,,0,False
병졸,1,명사,5,일반어,신규_어휘_후보,,0,False
병중,0,명사,5,일반어,신규_어휘_후보,,0,False
병창,3,명사,5,전문어(음악),신규_어휘_후보,,0,False
병치레,0,명사,5,일반어,신규_어휘_후보,,0,False
병폐,1,명사,5,일반어,신규_어휘_후보,,0,False
병합,0,명사,5,일반어,신규_어휘_후보,,0,False
병합되다,0,동사,5,일반어,신규_어휘_후보,,0,False
병행,2,명사,5,일반어/일반어/전문어(음악),신규_어휘_후보,,0,False
보강하다,1,동사,5,일반어,신규_어휘_후보,,0,False
보고,5,명사,5,일반어/일반어,신규_어휘_후보,,0,True
보고부르기,0,명사,5,전문어(음악),신규_어휘_후보,,0,False
보관물,0,명사,5,일반어,신규_어휘_후보,,0,False
보국안민,0,명사,5,일반어,신규_어휘_후보,,0,False
보균자,0,명사,5,전문어(식물)/전문어(의학),신규_어휘_후보,,0,False
보급,2,명사,5,일반어,신규_어휘_후보,,0,True
보급되다,2,동사,5,일반어,신규_어휘_후보,,0,True
보급소,1,명사,5,일반어,신규_어휘_후보,,0,False
보급하다,2,동사,5,일반어,신규_어휘_후보,,0,True
보도국,0,명사,5,전문어(매체),신규_어휘_후보,,0,False
보드레하다,0,형용사,5,일반어,신규_어휘_후보,,0,False
보따리장수,0,명사,5,일반어,신규_어휘_후보,,0,False
보라매,0,명사,5,전문어(동물),신규_어휘_후보,,0,False
보료,0,명사,5,일반어,신규_어휘_후보,,0,False
보류,1,명사,5,일반어,신규_어휘_후보,,0,False
보류하다,0,동사,5,일반어,신규_어휘_후보,,0,False
보름나물,0,명사,5,전문어(민속),신규_어휘_후보,,0,False
보름밤,0,명사,5,일반어,신규_어휘_후보,,0,False
보리수,2,명사,5,전문어(불교)/전문어(식물)/전문어(식물),신규_어휘_후보,,0,False
보리수나무,0,명사,5,전문어(식물),신규_어휘_후보,,0,False
보릿단,0,명사,5,일반어,신규_어휘_후보,,0,False
보모,0,명사,5,일반어/전문어(교육)/전문어(역사),신규_어휘_후보,,0,False
보살,1,명사,5,전문어(불교)/전문어(불교)/전문어(불교)/전문어(불교)/전문어(불교)/전문어(불교),신규_어휘_후보,,0,False
보살상,0,명사,5,전문어(민속)/전문어(불교),신규_어휘_후보,,0,False
보상금,1,명사,5,일반어/일반어,신규_어휘_후보,,0,True
보색,0,명사,5,전문어(미술)/전문어(심리),신규_어휘_후보,,0,False
보석,2,명사,5,전문어(법률),신규_어휘_후보,,0,True
보석금,0,명사,5,전문어(법률),신규_어휘_후보,,0,False
보석되다,0,동사,5,전문어(법률),신규_어휘_후보,,0,False
보세,1,명사,5,전문어(법률),신규_어휘_후보,,0,False
보송보송,0,부사,5,일반어/일반어/일반어/일반어,신규_어휘_후보,,0,False
보송보송하다,0,형용사,5,일반어/일반어/일반어/일반어,신규_어휘_후보,,0,False
보수적,0,명사/관형사,5,일반어/일반어,신규_어휘_후보,,0,False
보수하다,2,동사,5,일반어/일반어,신규_어휘_후보,,0,True
보슬보슬하다,1,형용사,5,일반어,신규_어휘_후보,,0,False
보시,1,명사,5,전문어(불교)/전문어(불교),신규_어휘_후보,,0,False
보시기,1,명사,5,일반어/일반어,신규_어휘_후보,,0,False
보신,4,명사,5,일반어,신규_어휘_후보,,0,False
보신각,0,명사,5,전문어(역사),신규_어휘_후보,,0,False
보신탕,0,명사,5,일반어,신규_어휘_후보,,0,False
보쌈김치,0,명사,5,일반어,신규_어휘_후보,,0,False
보아주다,0,동사,5,일반어/일반어,신규_어휘_후보,,0,False
보아하니,0,부사,5,일반어,신규_어휘_후보,,0,False
보안경,0,명사,5,일반어,신규_어휘_후보,,0,False
보어,1,명사,5,전문어(언어),신규_어휘_후보,,0,False
보온밥통,0,명사,5,일반어,신규_어휘_후보,,0,False
보우하다,0,동사,5,일반어,신규_어휘_후보,,0,False
보유자,0,명사,5,일반어,신규_어휘_후보,,0,False
보은,2,명사,5,전문어(지명),신규_어휘_후보,,0,False
보일러공,0,명사,5,일반어,신규_어휘_후보,,0,False
보일러실,0,명사,5,일반어,신규_어휘_후보,,0,False
보조,1,명사,5,일반어/일반어,신규_어휘_후보,,0,True
보조사,0,명사,5,전문어(언어),신규_어휘_후보,,0,False
보좌,2,명사,5,일반어,신규_어휘_후보,,0,True
보좌,3,명사,5,일반어/전문어(기독교)/전문어(불교),신규_어휘_후보,,0,True
보좌관,0,명사,5,일반어/전문어(군사),신규_어휘_후보,,0,False
보좌하다,2,동사,5,일반어,신규_어휘_후보,,0,False
보중하다,0,동사,5,일반어,신규_어휘_후보,,0,False
보증인,0,명사,5,전문어(법률)/전문어(법률),신규_어휘_후보,,0,False
보증하다,0,동사,5,일반어/전문어(법률),신규_어휘_후보,,0,False
보크사이트,0,명사,5,전문어(광업),신규_어휘_후보,,0,False
보통학교,0,명사,5,전문어(교육),신규_어휘_후보,,0,False
보퉁이,0,명사,5,일반어,신규_어휘_후보,,0,False
보편성,0,명사,5,일반어,신규_어휘_후보,,0,False
보편화,0,명사,5,일반어/전문어(철학),신규_어휘_후보,,0,False
보푸라기,0,명사,5,일반어,신규_어휘_후보,,0,False
보하다,2,동사,5,일반어,신규_어휘_후보,,0,False
보합세,0,명사,5,전문어(경제),신규_어휘_후보,,0,False
보행로,0,명사,5,일반어,신규_어휘_후보,,0,False
보호막,0,명사,5,일반어,신규_어휘_후보,,0,False
보화,3,명사,5,일반어,신규_어휘_후보,,0,False
복,1,명사,5,전문어(동물),신규_어휘_후보,,0,True
복,6,명사,5,전문어(민속),신규_어휘_후보,,0,True
복개,0,명사,5,일반어/전문어(건설),신규_어휘_후보,,0,False
복고적,0,명사/관형사,5,일반어/일반어,신규_어휘_후보,,0,False
복덕방,1,명사,5,일반어,신규_어휘_후보,,0,False
복리,1,명사,5,일반어,신규_어휘_후보,,0,True
복리,2,명사,5,전문어(경제),신규_어휘_후보,,0,True
복면,2,명사,5,일반어,신규_어휘_후보,,0,False
복무,2,명사,5,일반어,신규_어휘_후보,,0,False
복무연한,0,명사,5,일반어,신규_어휘_후보,,0,False
복무하다,0,동사,5,일반어,신규_어휘_후보,,0,False
복받치다,0,동사,5,일반어,신규_어휘_후보,,0,False
복병,1,명사,5,전문어(군사)/일반어,신규_어휘_후보,,0,False
복부인,0,명사,5,일반어,신규_어휘_후보,,0,False
복사,11,명사,5,전문어(물리),신규_어휘_후보,,0,True
복사꽃,0,명사,5,일반어,신규_어휘_후보,,0,False
복사하다,4,동사,5,전문어(물리),신규_어휘_후보,,0,True
복선,2,명사,5,일반어/전문어(문학),신규_어휘_후보,,0,True
복선,4,명사,5,일반어/전문어(교통),신규_어휘_후보,,0,True
복수심,0,명사,5,일반어,신규_어휘_후보,,0,False
복수하다,1,동사,5,일반어,신규_어휘_후보,,0,True
복숭아밭,0,명사,5,일반어,신규_어휘_후보,,0,False
복숭아씨,0,명사,5,일반어,신규_어휘_후보,,0,False
복숭앗빛,0,명사,5,일반어,신규_어휘_후보,,0,False
복슬복슬하다,0,형용사,5,일반어,신규_어휘_후보,,0,False
복식,2,명사,5,일반어/일반어,신규_어휘_후보,,0,True
복식,4,명사,5,일반어/전문어(체육)/전문어(체육),신규_어휘_후보,,0,True
복역,2,명사,5,일반어/일반어,신규_어휘_후보,,0,False
복역하다,0,동사,5,일반어/일반어,신규_어휘_후보,,0,False
복음,2,명사,5,일반어/전문어(기독교)/전문어(기독교),신규_어휘_후보,,0,False
복음서,0,명사,5,전문어(기독교),신규_어휘_후보,,0,False
복자,5,명사,5,일반어/전문어(가톨릭),신규_어휘_후보,,0,False
복쟁이,0,명사,5,전문어(동물),신규_어휘_후보,,0,False
복제품,0,명사,5,일반어,신규_어휘_후보,,0,False
복조리,0,명사,5,전문어(민속),신규_어휘_후보,,0,False
복지부동,0,명사,5,일반어,신규_어휘_후보,,0,False
복직,0,명사,5,일반어,신규_어휘_후보,,0,False
복직하다,0,동사,5,일반어,신규_어휘_후보,,0,False
복창하다,2,동사,5,일반어,신규_어휘_후보,,0,False
복학,2,명사,5,일반어,신규_어휘_후보,,0,False
복학생,0,명사,5,일반어,신규_어휘_후보,,0,False
복합되다,0,동사,5,일반어,신규_어휘_후보,,0,False
복합어,0,명사,5,전문어(언어),신규_어휘_후보,,0,False
복합적,0,명사/관형사,5,일반어/일반어,신규_어휘_후보,,0,False
본,3,관형사,5,일반어,신규_어휘_후보,,0,False
본교,1,명사,5,일반어/일반어,신규_어휘_후보,,0,False
본교생,0,명사,5,일반어/일반어,신규_어휘_후보,,0,False
본능적,0,명사/관형사,5,일반어/일반어,신규_어휘_후보,,0,False
본동사,0,명사,5,전문어(언어),신규_어휘_후보,,0,False
본뜨기,0,명사,5,일반어/일반어,신규_어휘_후보,,0,False
본뜻,0,명사,5,일반어/일반어,신규_어휘_후보,,0,False
본루,0,명사,5,일반어/전문어(체육),신규_어휘_후보,,0,False
본말,1,명사,5,일반어,신규_어휘_후보,,0,False
본바탕,0,명사,5,일반어,신규_어휘_후보,,0,False
본밭,0,명사,5,전문어(농업),신규_어휘_후보,,0,False
본봉,1,명사,5,일반어,신규_어휘_후보,,0,False
본서,2,명사,5,일반어,신규_어휘_후보,,0,False
본심,0,명사,5,일반어/일반어,신규_어휘_후보,,0,False
본연,0,명사,5,일반어/일반어,신규_어휘_후보,,0,False
본용언,0,명사,5,전문어(언어),신규_어휘_후보,,0,False
본위,0,명사,5,일반어/일반어,신규_어휘_후보,,0,False
본의,2,명사,5,일반어/일반어,신규_어휘_후보,,0,False
본이름,0,명사,5,일반어,신규_어휘_후보,,0,False
본적,2,명사,5,전문어(법률),신규_어휘_후보,,0,False
본존,0,명사,5,전문어(불교)/전문어(불교),신규_어휘_후보,,0,False
본존불,0,명사,5,전문어(불교),신규_어휘_후보,,0,False
본질,2,명사,5,일반어/일반어/전문어(철학)/전문어(철학),신규_어휘_후보,,0,False
본집,0,명사,5,일반어/일반어/일반어/일반어,신규_어휘_후보,,0,False
본채,0,명사,5,일반어,신규_어휘_후보,,0,False
본처,1,명사,5,일반어,신규_어휘_후보,,0,False
본체만체,0,부사,5,일반어,신규_어휘_후보,,0,False
볼,2,명사,5,일반어/일반어/일반어,신규_어휘_후보,,0,True
볼거리,2,명사,5,전문어(한의),신규_어휘_후보,,0,True
볼기,0,명사,5,일반어/일반어,신규_어휘_후보,,0,False
볼깃살,0,명사,5,일반어,신규_어휘_후보,,0,False
볼때기,0,명사,5,일반어,신규_어휘_후보,,0,False
볼레로,0,명사,5,일반어/전문어(예체능 일반),신규_어휘_후보,,0,False
볼리비아,0,명사,5,전문어(지명),신규_어휘_후보,,0,False
볼메다,0,형용사,5,일반어,신규_어휘_후보,,0,False
볼모,0,명사,5,일반어/일반어,신규_어휘_후보,,0,False
볼썽사납다,0,형용사,5,일반어,신규_어휘_후보,,0,False
볼연지,0,명사,5,일반어,신규_어휘_후보,,0,False
볼트,2,의존 명사,5,전문어(전기·전자),신규_어휘_후보,,0,False
볼품없다,0,형용사,5,일반어,신규_어휘_후보,,0,False
봄내,0,부사,5,일반어,신규_어휘_후보,,0,False
봄노래,0,명사,5,일반어,신규_어휘_후보,,0,False
봄뜻,0,명사,5,일반어,신규_어휘_후보,,0,False
봅슬레이,0,명사,5,전문어(체육),신규_어휘_후보,,0,False
봇도랑,0,명사,5,일반어,신규_어휘_후보,,0,False
봇물,0,명사,5,일반어,신규_어휘_후보,,0,False
봇짐장수,0,명사,5,일반어,신규_어휘_후보,,0,False
봉,10,명사,5,일반어/일반어/일반어,신규_어휘_후보,,0,True
봉건적,0,명사/관형사,5,일반어/일반어,신규_어휘_후보,,0,False
봉건주의,0,명사,5,전문어(정치),신규_어휘_후보,,0,False
봉급날,0,명사,5,일반어,신규_어휘_후보,,0,False
봉급쟁이,0,명사,5,일반어,신규_어휘_후보,,0,False
봉긋,0,부사,5,일반어/일반어,신규_어휘_후보,,0,False
봉긋이,0,부사,5,일반어/일반어,신규_어휘_후보,,0,False
봉기,1,명사,5,일반어,신규_어휘_후보,,0,False
봉기하다,0,동사,5,일반어,신규_어휘_후보,,0,False
봉변,0,명사,5,일반어,신규_어휘_후보,,0,False
봉변하다,0,동사,5,일반어,신규_어휘_후보,,0,False
봉분,0,명사,5,일반어,신규_어휘_후보,,0,False
봉사료,0,명사,5,일반어,신규_어휘_후보,,0,False
봉송,1,명사,5,일반어/일반어,신규_어휘_후보,,0,False
봉쇄,0,명사,5,일반어/전문어(군사),신규_어휘_후보,,0,False
봉수,7,명사,5,전문어(역사)/전문어(역사),신규_어휘_후보,,0,False
봉안,1,명사,5,일반어/일반어,신규_어휘_후보,,0,False
봉양,0,명사,5,일반어,신규_어휘_후보,,0,False
봉양하다,0,동사,5,일반어,신규_어휘_후보,,0,False
봉인,3,명사,5,일반어/전문어(법률),신규_어휘_후보,,0,False
봉제,2,명사,5,일반어,신규_어휘_후보,,0,False
봉제완구,0,명사,5,일반어,신규_어휘_후보,,0,False
봉착하다,0,동사,5,일반어,신규_어휘_후보,,0,False
봉체조,0,명사,5,전문어(체육),신규_어휘_후보,,0,False
봉하다,1,동사,5,일반어/일반어/일반어,신규_어휘_후보,,0,False
봉황,0,명사,5,일반어,신규_어휘_후보,,0,False
봉황새,0,명사,5,일반어,신규_어휘_후보,,0,False
부,7,명사,5,일반어/일반어,신규_어휘_후보,,0,True
부,13,명사/의존 명사,5,일반어/전문어(행정)/일반어/전문어(행정),신규_어휘_후보,,0,True
부가,2,명사,5,일반어,기존_콘텐츠와_연결_후보,SR_L5CORE_4906,1,False
부가세,0,명사,5,전문어(법률),신규_어휘_후보,,0,False
부각되다,0,동사,5,일반어/일반어,신규_어휘_후보,,0,False
부강,0,명사,5,일반어,신규_어휘_후보,,0,False
부강하다,0,형용사,5,일반어,신규_어휘_후보,,0,False
부걱부걱,0,부사,5,일반어,신규_어휘_후보,,0,False
부검,2,명사,5,일반어/일반어,신규_어휘_후보,,0,False
부계,2,명사,5,일반어,신규_어휘_후보,,0,False
부고,5,명사,5,일반어,신규_어휘_후보,,0,False
부과,5,명사,5,일반어/일반어,신규_어휘_후보,,0,False
부과하다,3,동사,5,일반어/일반어,신규_어휘_후보,,0,False
부관,4,명사,5,전문어(군사)/전문어(군사),신규_어휘_후보,,0,False
부교수,0,명사,5,전문어(교육),신규_어휘_후보,,0,False
부국,4,명사,5,일반어,신규_어휘_후보,,0,False
부국강병,0,명사,5,일반어,신규_어휘_후보,,0,False
부군,2,명사,5,일반어,신규_어휘_후보,,0,False
부꾸미,0,명사,5,일반어,신규_어휘_후보,,0,False
부내,1,명사,5,일반어,신규_어휘_후보,,0,False
부녀간,0,명사,5,일반어,신규_어휘_후보,,0,False
부닥치다,0,동사,5,일반어/일반어,신규_어휘_후보,,0,False
부단하다,0,형용사,5,일반어/일반어,신규_어휘_후보,,0,False
부담금,0,명사,5,일반어/전문어(법률)/전문어(법률),신규_어휘_후보,,0,False
부당,1,명사,5,일반어,신규_어휘_후보,,0,False
부대,3,명사,5,일반어,신규_어휘_후보,,0,True
부대끼다,0,동사,5,일반어/일반어,신규_어휘_후보,,0,False
부대부인,0,명사,5,전문어(역사),신규_어휘_후보,,0,False
부대원,0,명사,5,일반어,신규_어휘_후보,,0,False
부대장,0,명사,5,전문어(군사),신규_어휘_후보,,0,False
부대찌개,0,명사,5,일반어,신규_어휘_후보,,0,False
부덕,1,명사,5,일반어,신규_어휘_후보,,0,False
부도,2,명사,5,전문어(경제),신규_어휘_후보,,0,True
부도,6,명사,5,일반어,신규_어휘_후보,,0,True
부도덕,0,명사,5,일반어,신규_어휘_후보,,0,False
부도덕하다,0,형용사,5,일반어,신규_어휘_후보,,0,False
부도체,0,명사,5,전문어(전기·전자),신규_어휘_후보,,0,False
부동자세,0,명사,5,일반어,신규_어휘_후보,,0,False
부동표,0,명사,5,일반어,신규_어휘_후보,,0,False
부동하다,1,형용사,5,일반어,신규_어휘_후보,,0,False
부두,1,명사,5,일반어,신규_어휘_후보,,0,False
부득부득,1,부사,5,일반어,신규_어휘_후보,,0,False
부득이하다,0,형용사,5,일반어,신규_어휘_후보,,0,False
부들,1,명사,5,전문어(식물),신규_어휘_후보,,0,False
부등식,0,명사,5,전문어(수학),신규_어휘_후보,,0,False
부등호,0,명사,5,전문어(수학),신규_어휘_후보,,0,False
부딪다,0,동사,5,일반어/일반어,신규_어휘_후보,,0,False
부랑아,0,명사,5,일반어,신규_어휘_후보,,0,False
부랑자,0,명사,5,일반어,신규_어휘_후보,,0,False
부러,0,부사,5,일반어/일반어,신규_어휘_후보,,0,False
부럼,0,명사,5,전문어(민속),신규_어휘_후보,,0,False
부레,1,명사,5,전문어(동물)/일반어,신규_어휘_후보,,0,False
부레풀,0,명사,5,일반어,신규_어휘_후보,,0,False
부력,1,명사,5,전문어(물리),신규_어휘_후보,,0,False
부리부리,0,부사,5,일반어,신규_어휘_후보,,0,False
부목,3,명사,5,전문어(의학),신규_어휘_후보,,0,False
부부유별,0,명사,5,일반어,신규_어휘_후보,,0,False
부부지간,0,명사,5,일반어,신규_어휘_후보,,0,False
부사,3,명사,5,전문어(역사)/전문어(역사),신규_어휘_후보,,0,True
부사,7,명사,5,전문어(언어),신규_어휘_후보,,0,True
부사관,0,명사,5,전문어(군사),신규_어휘_후보,,0,False
부사어,0,명사,5,전문어(언어),신규_어휘_후보,,0,False
부산물,0,명사,5,일반어/일반어,신규_어휘_후보,,0,False
부산하다,0,형용사,5,일반어,신규_어휘_후보,,0,False
부삽,1,명사,5,일반어,신규_어휘_후보,,0,False
부상,6,명사,5,일반어/일반어,신규_어휘_후보,,0,True
부상,7,명사,5,일반어,신규_어휘_후보,,0,True
부상하다,2,동사,5,일반어,신규_어휘_후보,,0,False
부서뜨리다,0,동사,5,일반어/일반어/일반어,신규_어휘_후보,,0,False
부석부석,2,부사,5,일반어,신규_어휘_후보,,0,False
부석사,0,명사,5,전문어(불교),신규_어휘_후보,,0,False
부설,1,명사,5,일반어,신규_어휘_후보,,0,True
부설,4,명사,5,일반어,신규_어휘_후보,,0,True
부소산성,0,명사,5,전문어(역사),신규_어휘_후보,,0,False
부속되다,1,동사,5,일반어,신규_어휘_후보,,0,False
부속물,0,명사,5,일반어,신규_어휘_후보,,0,False
부수,8,명사,5,일반어,신규_어휘_후보,,0,True
부수,9,명사,5,일반어/일반어,신규_어휘_후보,,0,True
부수되다,0,동사,5,일반어,신규_어휘_후보,,0,False
부수입,0,명사,5,일반어/일반어,신규_어휘_후보,,0,False
부수적,0,명사/관형사,5,일반어/일반어,신규_어휘_후보,,0,False
부스럭,0,부사,5,일반어,신규_어휘_후보,,0,False
부시다,1,동사,5,일반어,신규_어휘_후보,,0,False
부시장,0,명사,5,전문어(행정),신규_어휘_후보,,0,False
부식,4,명사,5,일반어,신규_어휘_후보,,0,True
부식,7,명사,5,일반어/전문어(의학)/전문어(지구)/전문어(화학),신규_어휘_후보,,0,True
부식물,0,명사,5,일반어,신규_어휘_후보,,0,False
부식질,0,명사,5,전문어(화학),신규_어휘_후보,,0,False
부식하다,1,동사,5,일반어/일반어/일반어,신규_어휘_후보,,0,True
부식하다,5,동사,5,일반어/전문어(의학)/전문어(지구)/전문어(화학),신규_어휘_후보,,0,True
부심,2,명사,5,전문어(체육),신규_어휘_후보,,0,False
부아,1,명사,5,일반어/전문어(의학),신규_어휘_후보,,0,False
부안,1,명사,5,전문어(지명),신규_어휘_후보,,0,False
부언하다,0,동사,5,일반어,신규_어휘_후보,,0,False
부엉부엉,0,부사,5,일반어,신규_어휘_후보,,0,False
부엌데기,0,명사,5,일반어,신규_어휘_후보,,0,False
부엌문,0,명사,5,일반어,신규_어휘_후보,,0,False
부엌살림,0,명사,5,일반어/일반어,신규_어휘_후보,,0,False
부엌살이,0,명사,5,일반어/일반어,신규_어휘_후보,,0,False
부엌세간,0,명사,5,일반어,신규_어휘_후보,,0,False
부엌칼,0,명사,5,일반어,신규_어휘_후보,,0,False
부여,1,명사,5,전문어(역사),신규_어휘_후보,,0,True
부여,3,명사,5,전문어(지명),신규_어휘_후보,,0,True
부여,4,명사,5,일반어,신규_어휘_후보,,0,True
부여,5,명사,5,일반어,신규_어휘_후보,,0,True
부여안다,0,동사,5,일반어,신규_어휘_후보,,0,False
부역,6,명사,5,일반어,신규_어휘_후보,,0,False
부옇다,0,형용사,5,일반어/일반어/일반어,신규_어휘_후보,,0,False
부용,1,명사,5,일반어/일반어/전문어(식물),신규_어휘_후보,,0,False
부유,1,명사,5,일반어/일반어,신규_어휘_후보,,0,True
부유,5,명사,5,일반어,신규_어휘_후보,,0,True
부유물,0,명사,5,일반어,신규_어휘_후보,,0,False
부유층,0,명사,5,일반어,신규_어휘_후보,,0,False
부음,2,명사,5,일반어,신규_어휘_후보,,0,False
부응하다,0,동사,5,일반어,신규_어휘_후보,,0,False
부의,5,명사,5,일반어,신규_어휘_후보,,0,False
부의금,0,명사,5,일반어,신규_어휘_후보,,0,False
부인용,0,명사,5,일반어,신규_어휘_후보,,0,False
부인회,0,명사,5,일반어,신규_어휘_후보,,0,False
부임,0,명사,5,일반어,신규_어휘_후보,,0,False
부자연스럽다,0,형용사,5,일반어,신규_어휘_후보,,0,False
부자유친,0,명사,5,일반어,신규_어휘_후보,,0,False
부자유하다,0,형용사,5,일반어,신규_어휘_후보,,0,False
부전자전,0,명사,5,일반어,신규_어휘_후보,,0,False
부정문,0,명사,5,전문어(언어),신규_어휘_후보,,0,False
부정형,1,명사,5,일반어/전문어(물리)/전문어(수학),신규_어휘_후보,,0,False
부정확하다,0,형용사,5,일반어,신규_어휘_후보,,0,False
부제,7,명사,5,일반어,신규_어휘_후보,,0,False
부제목,0,명사,5,일반어,신규_어휘_후보,,0,False
부조,3,명사,5,일반어/일반어,신규_어휘_후보,,0,True
부조,4,명사,5,전문어(미술),신규_어휘_후보,,0,True
부조금,0,명사,5,일반어,신규_어휘_후보,,0,False
부조리,0,명사,5,일반어/일반어/전문어(철학),신규_어휘_후보,,0,False
부조정실,0,명사,5,전문어(매체),신규_어휘_후보,,0,False
부조하다,2,동사,5,일반어/일반어,신규_어휘_후보,,0,False
부조화,0,명사,5,일반어,신규_어휘_후보,,0,False
부존,2,명사,5,일반어,신규_어휘_후보,,0,False
부지,7,명사,5,일반어,신규_어휘_후보,,0,False
부지기수,0,명사,5,일반어,신규_어휘_후보,,0,False
부지깽이,0,명사,5,일반어,신규_어휘_후보,,0,False
부지런,0,명사,5,일반어,신규_어휘_후보,,0,False
부지불식중,0,명사,5,일반어,신규_어휘_후보,,0,False
부지사,0,명사,5,전문어(행정),신규_어휘_후보,,0,False
부직포,0,명사,5,전문어(화학),신규_어휘_후보,,0,False
부처,2,명사,5,일반어,신규_어휘_후보,,0,True
부촌,0,명사,5,일반어,신규_어휘_후보,,0,False
부총리,0,명사,5,전문어(행정),신규_어휘_후보,,0,False
부총장,0,명사,5,전문어(교육),신규_어휘_후보,,0,False
부총재,0,명사,5,일반어,신규_어휘_후보,,0,False
부치다,3,동사,5,일반어,신규_어휘_후보,,0,True
부치다,5,동사,5,일반어,신규_어휘_후보,,0,True
부침질,0,명사,5,일반어,신규_어휘_후보,,0,False
부케,0,명사,5,일반어,신규_어휘_후보,,0,False
부탄,2,명사,5,전문어(지명),신규_어휘_후보,,0,True
부탄,3,명사,5,전문어(화학),신규_어휘_후보,,0,True
부팅,0,명사,5,전문어(정보·통신),신규_어휘_후보,,0,False
부표,4,명사,5,일반어,신규_어휘_후보,,0,False
부하다,0,형용사,5,일반어/일반어,신규_어휘_후보,,0,False
부합,2,명사,5,일반어/일반어,신규_어휘_후보,,0,False
부합하다,1,동사,5,일반어/전문어(법률),신규_어휘_후보,,0,True
부형,1,명사,5,일반어/일반어,신규_어휘_후보,,0,False
부호,5,명사,5,일반어,신규_어휘_후보,,0,True
부화,5,명사,5,일반어,신규_어휘_후보,,0,False
부화뇌동,0,명사,5,일반어,신규_어휘_후보,,0,False
부화장,0,명사,5,전문어(농업),신규_어휘_후보,,0,False
부화하다,5,동사,5,일반어,신규_어휘_후보,,0,True
부활절,0,명사,5,전문어(기독교)/전문어(기독교),신규_어휘_후보,,0,False
부황,2,명사,5,일반어,신규_어휘_후보,,0,False
북,1,명사,5,일반어,신규_어휘_후보,,0,True
북,2,명사,5,전문어(공예)/전문어(공예),신규_어휘_후보,,0,True
북,4,부사,5,일반어/일반어,신규_어휘_후보,,0,False
북간도,2,명사,5,전문어(지명),신규_어휘_후보,,0,False
북경,1,명사,5,전문어(지명),신규_어휘_후보,,0,False
북경요리,0,명사,5,일반어,신규_어휘_후보,,0,False
북구,0,명사,5,전문어(지명),신규_어휘_후보,,0,False
북극권,0,명사,5,전문어(지구),신규_어휘_후보,,0,False
북극해,0,명사,5,전문어(해양),신규_어휘_후보,,0,False
북단,1,명사,5,일반어,신규_어휘_후보,,0,False
북망산,0,명사,5,일반어/전문어(지명),신규_어휘_후보,,0,False
북면,1,명사,5,전문어(음악),신규_어휘_후보,,0,False
북미,0,명사,5,전문어(지명),신규_어휘_후보,,0,False
북벌,0,명사,5,일반어/전문어(역사),신규_어휘_후보,,0,False
북빙양,0,명사,5,전문어(해양),신규_어휘_후보,,0,False
북상,0,명사,5,일반어/일반어,신규_어휘_후보,,0,False
북새통,0,명사,5,일반어,신규_어휘_후보,,0,False
북송,2,명사,5,일반어,신규_어휘_후보,,0,False
북아메리카,0,명사,5,전문어(지명),신규_어휘_후보,,0,False
북악산,0,명사,5,전문어(지명),신규_어휘_후보,,0,False
북어구이,0,명사,5,일반어,신규_어휘_후보,,0,False
북어무침,0,명사,5,일반어,신규_어휘_후보,,0,False
북어찜,0,명사,5,일반어,신규_어휘_후보,,0,False
북어포,0,명사,5,일반어,신규_어휘_후보,,0,False
북위,1,명사,5,전문어(지구),신규_어휘_후보,,0,False
북유럽,0,명사,5,전문어(지명),신규_어휘_후보,,0,False
북진,1,명사,5,일반어,신규_어휘_후보,,0,False
북진하다,0,동사,5,일반어,신규_어휘_후보,,0,False
북촌,0,명사,5,일반어/일반어,신규_어휘_후보,,0,False
북태평양,0,명사,5,전문어(해양),신규_어휘_후보,,0,False
북한강,0,명사,5,전문어(지명),신규_어휘_후보,,0,False
북한산,0,명사,5,전문어(지명),신규_어휘_후보,,0,False
북한산성,0,명사,5,전문어(역사),신규_어휘_후보,,0,False
북해,0,명사,5,전문어(해양),신규_어휘_후보,,0,False
북향,2,명사,5,일반어,신규_어휘_후보,,0,False
북향하다,0,동사,5,일반어,신규_어휘_후보,,0,False
분,11,명사,5,일반어,신규_어휘_후보,,0,True
분가,0,명사,5,일반어,신규_어휘_후보,,0,False
분가하다,0,동사,5,일반어,신규_어휘_후보,,0,False
분갈이하다,0,동사,5,일반어,신규_어휘_후보,,0,False
분개,3,명사,5,일반어,신규_어휘_후보,,0,False
분개심,0,명사,5,일반어,신규_어휘_후보,,0,False
분골쇄신,0,명사,5,일반어/일반어,신규_어휘_후보,,0,False
분골쇄신하다,0,동사,5,일반어/일반어,신규_어휘_후보,,0,False
분과,2,명사,5,일반어,신규_어휘_후보,,0,False
분광기,0,명사,5,전문어(기계),신규_어휘_후보,,0,False
분규,0,명사,5,일반어,신규_어휘_후보,,0,False
분기,2,명사,5,일반어,신규_어휘_후보,,0,False
분기점,0,명사,5,일반어/일반어/전문어(정보·통신)/전문어(정보·통신),신규_어휘_후보,,0,False
분꽃,0,명사,5,전문어(식물),신규_어휘_후보,,0,False
분단국가,0,명사,5,일반어,신규_어휘_후보,,0,False
분단선,0,명사,5,일반어,신규_어휘_후보,,0,False
분단장,1,명사,5,일반어,신규_어휘_후보,,0,False
분대,3,명사,5,전문어(군사)/전문어(군사)/전문어(군사),신규_어휘_후보,,0,False
분동,1,명사,5,일반어,신규_어휘_후보,,0,False
분란,2,명사,5,일반어,신규_어휘_후보,,0,False
분리대,0,명사,5,전문어(교통),신규_어휘_후보,,0,False
분립,1,명사,5,일반어,신규_어휘_후보,,0,False
분만,1,명사,5,일반어,신규_어휘_후보,,0,False
분만실,0,명사,5,전문어(의학),신규_어휘_후보,,0,False
분만하다,1,동사,5,일반어,신규_어휘_후보,,0,False
분말주스,0,명사,5,일반어,신규_어휘_후보,,0,False
분망하다,0,형용사,5,일반어,신규_어휘_후보,,0,False
분묘,0,명사,5,일반어,신규_어휘_후보,,0,False
분발,3,명사,5,일반어,신규_어휘_후보,,0,False
분부,1,명사,5,일반어,신규_어휘_후보,,0,False
분산,2,명사,5,일반어/전문어(물리)/전문어(수학)/전문어(화학),신규_어휘_후보,,0,False
분쇄,0,명사,5,일반어/일반어,신규_어휘_후보,,0,False
분쇄하다,0,동사,5,일반어/일반어,신규_어휘_후보,,0,False
분수령,0,명사,5,전문어(지리)/일반어,신규_어휘_후보,,0,False
분신술,0,명사,5,일반어,신규_어휘_후보,,0,False
분실,2,명사,5,일반어,신규_어휘_후보,,0,False
분실하다,0,동사,5,일반어,신규_어휘_후보,,0,False
분업화되다,0,동사,5,일반어,신규_어휘_후보,,0,False
분연히,4,부사,5,일반어,신규_어휘_후보,,0,False
분장,2,명사,5,일반어,신규_어휘_후보,,0,True
분장사,0,명사,5,일반어,신규_어휘_후보,,0,False
분장실,0,명사,5,일반어,신규_어휘_후보,,0,False
분장하다,1,동사,5,일반어,신규_어휘_후보,,0,True
분재,4,명사,5,일반어,신규_어휘_후보,,0,False
분전,4,명사,5,일반어,신규_어휘_후보,,0,False
분전하다,2,동사,5,일반어,신규_어휘_후보,,0,False
분점,1,명사,5,일반어,신규_어휘_후보,,0,False
분지,5,명사,5,전문어(지리),신규_어휘_후보,,0,False
분진,1,명사,5,일반어/일반어,신규_어휘_후보,,0,False
분첩,3,명사,5,일반어/일반어,신규_어휘_후보,,0,False
분출물,0,명사,5,일반어,신규_어휘_후보,,0,False
분통,1,명사,5,일반어,신규_어휘_후보,,0,True
분투,0,명사,5,일반어,신규_어휘_후보,,0,False
분투하다,0,동사,5,일반어,신규_어휘_후보,,0,False
분포도,0,명사,5,일반어,신규_어휘_후보,,0,False
분필통,0,명사,5,일반어,신규_어휘_후보,,0,False
분향,0,명사,5,일반어,신규_어휘_후보,,0,False
분향하다,0,동사,5,일반어,신규_어휘_후보,,0,False
분화,1,명사,5,일반어/전문어(생명)/전문어(심리)/전문어(심리),신규_어휘_후보,,0,False
분화되다,0,동사,5,일반어,신규_어휘_후보,,0,False
불가,2,명사,5,일반어/전문어(불교),신규_어휘_후보,,0,True
불가리아,0,명사,5,전문어(지명),신규_어휘_후보,,0,False
불가분,0,명사,5,일반어,신규_어휘_후보,,0,False
불가불,0,부사,5,일반어,신규_어휘_후보,,0,False
불가하다,0,형용사,5,일반어/일반어,신규_어휘_후보,,0,False
불가항력,0,명사,5,일반어/전문어(법률),신규_어휘_후보,,0,False
불간섭,0,명사,5,일반어,신규_어휘_후보,,0,False
불결,0,명사,5,일반어/일반어,신규_어휘_후보,,0,False
불경기,0,명사,5,전문어(경제),신규_어휘_후보,,0,False
불경스럽다,0,형용사,5,일반어,신규_어휘_후보,,0,False
불공,5,명사,5,전문어(불교),신규_어휘_후보,,0,False
불교문화,0,명사,5,전문어(불교),신규_어휘_후보,,0,False
불구하다,2,동사,5,일반어,신규_어휘_후보,,0,False
불국사,0,명사,5,전문어(불교),신규_어휘_후보,,0,False
불굴,0,명사,5,일반어,신규_어휘_후보,,0,False
불규칙,0,명사,5,일반어,신규_어휘_후보,,0,False
불규칙적,0,명사/관형사,5,일반어/일반어,신규_어휘_후보,,0,False
불그죽죽하다,0,형용사,5,일반어,신규_어휘_후보,,0,False
불긋불긋,0,부사,5,일반어/일반어,신규_어휘_후보,,0,False
불기소,0,명사,5,전문어(법률),신규_어휘_후보,,0,False
불기운,0,명사,5,일반어,신규_어휘_후보,,0,False
불당,0,명사,5,전문어(불교),신규_어휘_후보,,0,False
불두화,0,명사,5,전문어(식물)/일반어,신규_어휘_후보,,0,False
불뚝,0,부사,5,일반어/일반어,신규_어휘_후보,,0,False
불뚝하다,0,동사/형용사,5,일반어/일반어,신규_어휘_후보,,0,False
불량률,0,명사,5,일반어,신규_어휘_후보,,0,False
불량소녀,0,명사,5,일반어,신규_어휘_후보,,0,False
불량아,0,명사,5,일반어,신규_어휘_후보,,0,False
불량패,0,명사,5,일반어,신규_어휘_후보,,0,False
불룩,0,부사,5,일반어,신규_어휘_후보,,0,False
불륜,0,명사,5,일반어,신규_어휘_후보,,0,False
불리다,6,동사,5,일반어,신규_어휘_후보,,0,True
불만족스럽다,0,형용사,5,일반어,신규_어휘_후보,,0,False
불매하다,1,동사,5,일반어,신규_어휘_후보,,0,False
불멸,1,명사,5,일반어,신규_어휘_후보,,0,False
불명예,0,명사,5,일반어,신규_어휘_후보,,0,False
불명예스럽다,0,형용사,5,일반어,신규_어휘_후보,,0,False
불명확,0,명사,5,일반어,신규_어휘_후보,,0,False
불명확성,0,명사,5,일반어,신규_어휘_후보,,0,False
불명확하다,0,형용사,5,일반어,신규_어휘_후보,,0,False
불모,1,명사,5,일반어/일반어,신규_어휘_후보,,0,False
불모지,0,명사,5,일반어/일반어,신규_어휘_후보,,0,False
불문,2,명사,5,일반어/일반어,신규_어휘_후보,,0,False
불문하다,2,동사,5,일반어/일반어,신규_어휘_후보,,0,False
불문학,0,명사,5,전문어(문학),신규_어휘_후보,,0,False
불미스럽다,0,형용사,5,일반어,신규_어휘_후보,,0,False
불민하다,1,형용사,5,일반어,신규_어휘_후보,,0,False
불발,2,명사,5,일반어/일반어,신규_어휘_후보,,0,False
불발탄,0,명사,5,일반어,신규_어휘_후보,,0,False
불변,2,명사,5,일반어,신규_어휘_후보,,0,False
불복,0,명사,5,일반어,신규_어휘_후보,,0,False
불복종,0,명사,5,일반어,신규_어휘_후보,,0,False
불복하다,0,동사,5,일반어,신규_어휘_후보,,0,False
불분명하다,0,형용사,5,일반어,신규_어휘_후보,,0,False
불사,2,명사,5,일반어/전문어(민속),신규_어휘_후보,,0,False
불사약,0,명사,5,일반어,신규_어휘_후보,,0,False
불사하다,5,동사,5,일반어,신규_어휘_후보,,0,False
불상사,0,명사,5,일반어,신규_어휘_후보,,0,False
불성실,0,명사,5,일반어,신규_어휘_후보,,0,False
불소,2,명사,5,전문어(화학),신규_어휘_후보,,0,False
불손하다,0,형용사,5,일반어,신규_어휘_후보,,0,False
불순,1,명사,5,일반어/일반어,신규_어휘_후보,,0,False
불시착하다,0,동사,5,전문어(교통),신규_어휘_후보,,0,False
불식하다,3,동사,5,일반어,신규_어휘_후보,,0,False
불신감,0,명사,5,일반어,신규_어휘_후보,,0,False
불신하다,1,동사,5,일반어,신규_어휘_후보,,0,False
불심,2,명사,5,전문어(불교)/전문어(불교),신규_어휘_후보,,0,False
불쏘시개,0,명사,5,일반어/일반어,신규_어휘_후보,,0,False
불안전성,0,명사,5,일반어,신규_어휘_후보,,0,False
불안정,0,명사,5,일반어,신규_어휘_후보,,0,False
불알,0,명사,5,일반어,신규_어휘_후보,,0,False
불알친구,0,명사,5,일반어,신규_어휘_후보,,0,False
불야성,0,명사,5,일반어,신규_어휘_후보,,0,False
불여우,0,명사,5,일반어,신규_어휘_후보,,0,False
불연속,0,명사,5,일반어/전문어(수학),신규_어휘_후보,,0,False
불온,2,명사,5,일반어/일반어,신규_어휘_후보,,0,False
불온하다,2,형용사,5,일반어/일반어,신규_어휘_후보,,0,False
불운,0,명사,5,일반어,신규_어휘_후보,,0,False
불원천리,0,명사,5,일반어,신규_어휘_후보,,0,False
불응하다,0,동사,5,일반어,신규_어휘_후보,,0,False
불의,1,명사,5,일반어,신규_어휘_후보,,0,True
불일치,0,명사,5,일반어,신규_어휘_후보,,0,False
불입금,0,명사,5,일반어,신규_어휘_후보,,0,False
불입액,0,명사,5,일반어,신규_어휘_후보,,0,False
불입하다,0,동사,5,일반어,신규_어휘_후보,,0,False
불전,4,명사,5,전문어(불교),신규_어휘_후보,,0,False
불찰,1,명사,5,일반어,신규_어휘_후보,,0,False
불철주야,0,명사,5,일반어,신규_어휘_후보,,0,False
불청객,0,명사,5,일반어,신규_어휘_후보,,0,False
불충분,0,명사,5,일반어,신규_어휘_후보,,0,False
불충실하다,0,형용사,5,일반어/일반어,신규_어휘_후보,,0,False
불측하다,0,형용사,5,일반어/일반어,신규_어휘_후보,,0,False
불치,2,명사,5,일반어/일반어,신규_어휘_후보,,0,False
불친절,0,명사,5,일반어,신규_어휘_후보,,0,False
불침번,0,명사,5,일반어,신규_어휘_후보,,0,False
불쾌도,0,명사,5,일반어,신규_어휘_후보,,0,False
불쾌스럽다,0,형용사,5,일반어,신규_어휘_후보,,0,False
불타,0,명사,5,전문어(불교),신규_어휘_후보,,0,False
불탑,0,명사,5,전문어(불교),신규_어휘_후보,,0,False
불통,4,명사,5,일반어,신규_어휘_후보,,0,False
불통되다,0,동사,5,일반어,신규_어휘_후보,,0,False
불투명,0,명사,5,일반어/일반어/일반어/전문어(전기·전자),신규_어휘_후보,,0,False
불티,0,명사,5,일반어/일반어,신규_어휘_후보,,0,False
불티나다,0,동사,5,일반어,신규_어휘_후보,,0,False
불평불만,0,명사,5,일반어,신규_어휘_후보,,0,False
불필요,0,명사,5,일반어,신규_어휘_후보,,0,False
불한당,0,명사,5,일반어/일반어,신규_어휘_후보,,0,False
불합리,0,명사,5,일반어,신규_어휘_후보,,0,False
불합리적,0,명사/관형사,5,일반어/일반어,신규_어휘_후보,,0,False
불합리하다,0,형용사,5,일반어,신규_어휘_후보,,0,False
불허,0,명사,5,일반어,신규_어휘_후보,,0,False
불현듯이,0,부사,5,일반어/일반어,신규_어휘_후보,,0,False
불협화음,0,명사,5,전문어(음악)/일반어,신규_어휘_후보,,0,False
불혹,0,명사,5,일반어/일반어,신규_어휘_후보,,0,False
불확실,0,명사,5,일반어,신규_어휘_후보,,0,False
불확정성,0,명사,5,일반어,신규_어휘_후보,,0,False
불확정하다,0,형용사,5,일반어,신규_어휘_후보,,0,False
불황,1,명사,5,전문어(경제),신규_어휘_후보,,0,False
불효자식,0,명사,5,일반어,신규_어휘_후보,,0,False
불후,0,명사,5,일반어,신규_어휘_후보,,0,False
붉으락푸르락,0,부사,5,일반어,신규_어휘_후보,,0,False
붉으락푸르락하다,0,동사,5,일반어,신규_어휘_후보,,0,False
붓끝,0,명사,5,일반어,신규_어휘_후보,,0,False
붓놀림,0,명사,5,일반어,신규_어휘_후보,,0,False
붓대,0,명사,5,일반어,신규_어휘_후보,,0,False
붓두껍,0,명사,5,일반어,신규_어휘_후보,,0,False
붓털,0,명사,5,일반어/일반어,신규_어휘_후보,,0,False
붕당,0,명사,5,전문어(역사)/전문어(역사),신규_어휘_후보,,0,False
붕붕거리다,0,동사,5,일반어/일반어/일반어/일반어,신규_어휘_후보,,0,False
붕새,0,명사,5,일반어,신규_어휘_후보,,0,False
붕우,0,명사,5,일반어,신규_어휘_후보,,0,False
붕우유신,0,명사,5,일반어,신규_어휘_후보,,0,False
붕하다,0,동사,5,일반어,신규_어휘_후보,,0,False
붙박이,0,명사,5,일반어,신규_어휘_후보,,0,False
붙박이별,0,명사,5,전문어(천문),신규_어휘_후보,,0,False
붙박이장,0,명사,5,일반어,신규_어휘_후보,,0,False
붙임,0,명사,5,일반어,신규_어휘_후보,,0,False
붙임표,2,명사,5,전문어(언어)/전문어(매체),신규_어휘_후보,,0,False
뷔페식당,0,명사,5,일반어,신규_어휘_후보,,0,False
브라우저,0,명사,5,전문어(정보·통신),신규_어휘_후보,,0,False
브라운관,0,명사,5,전문어(정보·통신)/일반어,신규_어휘_후보,,0,False
브라질,0,명사,5,전문어(지명),신규_어휘_후보,,0,False
브레인스토밍,0,명사,5,일반어,신규_어휘_후보,,0,False
브로치,2,명사,5,일반어,신규_어휘_후보,,0,False
브루나이,0,명사,5,전문어(지명),신규_어휘_후보,,0,False
블레이드,0,명사,5,일반어/일반어/전문어(체육),신규_어휘_후보,,0,False
블로킹,0,명사,5,전문어(체육)/전문어(체육)/전문어(체육),신규_어휘_후보,,0,False
블루스,0,명사,5,전문어(음악)/전문어(예체능 일반),신규_어휘_후보,,0,False
비,4,명사,5,전문어(미술)/전문어(수학)/일반어,신규_어휘_후보,,0,True
비,17,명사,5,일반어/일반어/일반어,신규_어휘_후보,,0,True
비각,5,명사,5,일반어,신규_어휘_후보,,0,False
비감,3,명사,5,일반어,신규_어휘_후보,,0,False
비견하다,0,동사,5,일반어,신규_어휘_후보,,0,False
비고,5,명사,5,일반어/일반어,신규_어휘_후보,,0,False
비공개되다,0,동사,5,일반어,신규_어휘_후보,,0,False
비공개적,0,명사/관형사,5,일반어/일반어,신규_어휘_후보,,0,False
비공개회의,0,명사,5,전문어(정치)/전문어(정치),신규_어휘_후보,,0,False
비과세,0,명사,5,일반어,신규_어휘_후보,,0,False
비과학적,0,명사/관형사,5,일반어/일반어,신규_어휘_후보,,0,False
비관,5,명사,5,일반어/일반어,신규_어휘_후보,,0,False
비관론,0,명사,5,일반어,신규_어휘_후보,,0,False
비관론자,0,명사,5,일반어,신규_어휘_후보,,0,False
비관적,0,명사/관형사,5,일반어/일반어/일반어/일반어,신규_어휘_후보,,0,False
비교급,0,명사,5,전문어(언어),신규_어휘_후보,,0,False
비구,3,명사,5,전문어(불교),신규_어휘_후보,,0,False
비구니,0,명사,5,전문어(불교),신규_어휘_후보,,0,False
비극영화,0,명사,5,전문어(영상),신규_어휘_후보,,0,False
비근하다,0,형용사,5,일반어,신규_어휘_후보,,0,False
비끼다,0,동사,5,일반어/일반어/일반어/일반어,신규_어휘_후보,,0,False
비난거리,0,명사,5,일반어,신규_어휘_후보,,0,False
비뇨기,0,명사,5,전문어(의학),신규_어휘_후보,,0,False
비뇨기과,0,명사,5,전문어(의학),신규_어휘_후보,,0,False
비늘구름,0,명사,5,전문어(지구),신규_어휘_후보,,0,False
비능률,0,명사,5,일반어,신규_어휘_후보,,0,False
비능률적,0,명사/관형사,5,일반어/일반어,신규_어휘_후보,,0,False
비단,1,부사,5,일반어,신규_어휘_후보,,0,False
비단벌레,0,명사,5,전문어(동물)/전문어(동물),신규_어휘_후보,,0,False
비단신,0,명사,5,일반어,신규_어휘_후보,,0,False
비단잉어,0,명사,5,전문어(동물),신규_어휘_후보,,0,False
비대하다,0,형용사,5,일반어/일반어,신규_어휘_후보,,0,False
비데,0,명사,5,일반어/일반어,신규_어휘_후보,,0,False
비듬,1,명사,5,일반어,신규_어휘_후보,,0,False
비등점,0,명사,5,전문어(화학)/일반어,신규_어휘_후보,,0,False
비등하다,1,형용사,5,일반어,신규_어휘_후보,,0,False
비디오카세트,0,명사,5,일반어,신규_어휘_후보,,0,False
비뚜로,0,부사,5,일반어/일반어,신규_어휘_후보,,0,False
비뚜름하다,0,형용사,5,일반어,신규_어휘_후보,,0,False
비뚤다,0,형용사,5,일반어,신규_어휘_후보,,0,False
비름,0,명사,5,전문어(식물)/전문어(식물),신규_어휘_후보,,0,False
비리비리,1,부사,5,일반어,신규_어휘_후보,,0,False
비리비리하다,1,형용사,5,일반어,신규_어휘_후보,,0,False
비매품,0,명사,5,일반어,신규_어휘_후보,,0,False
비명횡사,0,명사,5,일반어,신규_어휘_후보,,0,False
비몽사몽,0,명사,5,일반어,신규_어휘_후보,,0,False
비몽사몽간,0,명사,5,일반어,신규_어휘_후보,,0,False
비문,4,명사,5,일반어,신규_어휘_후보,,0,False
비밀문서,0,명사,5,일반어,신규_어휘_후보,,0,False
비발디,0,명사,5,전문어(인명),신규_어휘_후보,,0,False
비방,3,명사,5,일반어/전문어(한의),신규_어휘_후보,,0,True
비보,4,명사,5,일반어,신규_어휘_후보,,0,False
비복,0,명사,5,일반어,신규_어휘_후보,,0,False
비브라폰,0,명사,5,전문어(음악),신규_어휘_후보,,0,False
비비,2,부사,5,일반어,신규_어휘_후보,,0,False
비비대다,0,동사,5,일반어/일반어/일반어,신규_어휘_후보,,0,False
비비적거리다,0,동사,5,일반어/일반어/일반어/일반어/일반어,신규_어휘_후보,,0,False
비빔국수,0,명사,5,일반어,신규_어휘_후보,,0,False
비상,3,명사,5,전문어(화학),신규_어휘_후보,,0,True
비상계단,0,명사,5,일반어,신규_어휘_후보,,0,False
비상계엄,0,명사,5,전문어(군사),신규_어휘_후보,,0,False
비상문,0,명사,5,일반어,신규_어휘_후보,,0,False
비상식량,0,명사,5,일반어,신규_어휘_후보,,0,False
비색,7,명사,5,일반어,신규_어휘_후보,,0,False
비생산적,0,명사/관형사,5,일반어/일반어/일반어/일반어,신규_어휘_후보,,0,False
비서관,0,명사,5,전문어(행정),신규_어휘_후보,,0,False
비서실,0,명사,5,일반어,신규_어휘_후보,,0,False
비속,2,명사,5,전문어(법률),신규_어휘_후보,,0,False
비수,2,명사,5,일반어,신규_어휘_후보,,0,False
비수기,0,명사,5,전문어(경제),신규_어휘_후보,,0,False
비슬비슬하다,0,동사,5,일반어,신규_어휘_후보,,0,False
비슷비슷,0,부사,5,일반어,신규_어휘_후보,,0,False
비시시,0,부사,5,일반어,신규_어휘_후보,,0,False
비신,2,명사,5,일반어,신규_어휘_후보,,0,False
비신사적,0,명사/관형사,5,일반어/일반어,신규_어휘_후보,,0,False
비실비실,0,부사,5,일반어/일반어,신규_어휘_후보,,0,False
비실비실하다,0,동사,5,일반어/일반어,신규_어휘_후보,,0,False
비안개,0,명사,5,일반어/일반어,신규_어휘_후보,,0,False
비애,0,명사,5,일반어,신규_어휘_후보,,0,False
비약,3,명사,5,일반어/일반어/일반어/일반어,신규_어휘_후보,,0,False
비약적,0,명사/관형사,5,일반어/일반어/일반어/일반어,신규_어휘_후보,,0,False
비오리,0,명사,5,전문어(동물),신규_어휘_후보,,0,False
비운,3,명사,5,일반어,신규_어휘_후보,,0,False
비위생적,0,명사/관형사,5,일반어/일반어,신규_어휘_후보,,0,False
비유되다,0,동사,5,일반어,신규_어휘_후보,,0,False
비유법,0,명사,5,전문어(문학),신규_어휘_후보,,0,False
비인도적,0,명사/관형사,5,일반어/일반어,신규_어휘_후보,,0,False
비일비재하다,0,형용사,5,일반어,신규_어휘_후보,,0,False
비자금,0,명사,5,전문어(경제),신규_어휘_후보,,0,False
비자나무,0,명사,5,전문어(식물),신규_어휘_후보,,0,False
비장,2,명사,5,일반어,신규_어휘_후보,,0,True
비장,6,명사,5,전문어(생명),신규_어휘_후보,,0,True
비장하다,1,형용사,5,일반어,신규_어휘_후보,,0,True
비정하다,1,동사,5,일반어,신규_어휘_후보,,0,False
비주류,0,명사,5,일반어/일반어,신규_어휘_후보,,0,False
비죽비죽,1,부사,5,일반어,신규_어휘_후보,,0,False
비죽이,1,부사,5,일반어,신규_어휘_후보,,0,False
비준,2,명사,5,전문어(법률),신규_어휘_후보,,0,False
비즈니스,0,명사,5,일반어,신규_어휘_후보,,0,False
비지찌개,0,명사,5,일반어,신규_어휘_후보,,0,False
비질,1,명사,5,일반어,신규_어휘_후보,,0,False
비질하다,0,동사,5,일반어,신규_어휘_후보,,0,False
비쭉거리다,0,동사,5,일반어,신규_어휘_후보,,0,False
비쭉비쭉,2,부사,5,일반어,신규_어휘_후보,,0,False
비참히,0,부사,5,일반어,신규_어휘_후보,,0,False
비축,0,명사,5,일반어,신규_어휘_후보,,0,False
비축하다,0,동사,5,일반어,신규_어휘_후보,,0,False
비취,1,명사,5,전문어(광업),신규_어휘_후보,,0,False
비취다,0,동사,5,일반어/일반어,신규_어휘_후보,,0,False
비취옥,0,명사,5,전문어(광업),신규_어휘_후보,,0,False
비치되다,0,동사,5,일반어,신규_어휘_후보,,0,False
비치파라솔,0,명사,5,일반어,신규_어휘_후보,,0,False
비켜나다,0,동사,5,일반어/일반어,신규_어휘_후보,,0,False
비탄,2,명사,5,일반어,신규_어휘_후보,,0,False
비탈밭,0,명사,5,일반어,신규_어휘_후보,,0,False
비통하다,1,형용사,5,일반어,신규_어휘_후보,,0,False
비트,2,명사,5,전문어(물리)/전문어(체육)/전문어(음악)/전문어(음악),신규_어휘_후보,,0,False
비파,2,명사,5,전문어(음악),신규_어휘_후보,,0,False
비판력,0,명사,5,일반어,신규_어휘_후보,,0,False
비평,0,명사,5,일반어/일반어,신규_어휘_후보,,0,False
비평가,0,명사,5,일반어/일반어,신규_어휘_후보,,0,False
비평문,0,명사,5,일반어,신규_어휘_후보,,0,False
비폭력주의,0,명사,5,전문어(정치),신규_어휘_후보,,0,False
비표준어,0,명사,5,일반어,신규_어휘_후보,,0,False
비품,2,명사,5,일반어,신규_어휘_후보,,0,False
비프스테이크,0,명사,5,일반어,신규_어휘_후보,,0,False
비합리,0,명사,5,일반어/전문어(철학),신규_어휘_후보,,0,False
비행기구,0,명사,5,일반어,신규_어휘_후보,,0,False
비호,1,명사,5,일반어,신규_어휘_후보,,0,True
비호,2,명사,5,일반어,신규_어휘_후보,,0,True
비호하다,1,동사,5,일반어,신규_어휘_후보,,0,False
비효율적,0,명사/관형사,5,일반어/일반어,신규_어휘_후보,,0,False
빅뉴스,0,명사,5,일반어,신규_어휘_후보,,0,False
빈,6,명사,5,전문어(지명),신규_어휘_후보,,0,False
빈곤국,0,명사,5,일반어,신규_어휘_후보,,0,False
빈구석,0,명사,5,일반어/일반어,신규_어휘_후보,,0,False
빈궁하다,0,형용사,5,일반어,신규_어휘_후보,,0,False
빈껍데기,0,명사,5,일반어,신규_어휘_후보,,0,False
빈농,0,명사,5,일반어/전문어(사회 일반),신규_어휘_후보,,0,False
빈도수,0,명사,5,일반어,신규_어휘_후보,,0,False
빈말,0,명사,5,일반어,신규_어휘_후보,,0,False
빈민굴,1,명사,5,일반어,신규_어휘_후보,,0,False
빈민층,0,명사,5,일반어,신규_어휘_후보,,0,False
빈소,2,명사,5,일반어,신규_어휘_후보,,0,False
빈주먹,0,명사,5,일반어/일반어,신규_어휘_후보,,0,False
빈처,0,명사,5,일반어,신규_어휘_후보,,0,False
빈천,1,명사,5,일반어,신규_어휘_후보,,0,False
빈축,2,명사,5,일반어/일반어,신규_어휘_후보,,0,False
빌붙다,0,동사,5,일반어,신규_어휘_후보,,0,False
빌빌거리다,0,동사,5,일반어/일반어/일반어,신규_어휘_후보,,0,False
빌어먹다,0,동사,5,일반어,신규_어휘_후보,,0,False
빌어먹을,0,관형사/감탄사,5,일반어/일반어,신규_어휘_후보,,0,False
빗길,0,명사,5,일반어,신규_어휘_후보,,0,False
빗맞다,0,동사,5,일반어/일반어,신규_어휘_후보,,0,False
빗발,0,명사,5,일반어,신규_어휘_후보,,0,False
빗변,0,명사,5,전문어(수학)/전문어(수학)/전문어(수학),신규_어휘_후보,,0,False
빗장,0,명사,5,일반어,신규_어휘_후보,,0,False
빗질,0,명사,5,일반어,신규_어휘_후보,,0,False
빙그르,0,부사,5,일반어,신규_어휘_후보,,0,False
빙글빙글,1,부사,5,일반어,신규_어휘_후보,,0,True
빙설,0,명사,5,일반어/일반어/전문어(지구),신규_어휘_후보,,0,False
빙자하다,0,동사,5,일반어/일반어,신규_어휘_후보,,0,False
빙점,0,명사,5,전문어(물리),신규_어휘_후보,,0,False
빙하기,0,명사,5,전문어(지구),신규_어휘_후보,,0,False
빚더미,0,명사,5,일반어,신규_어휘_후보,,0,False
빛바래다,0,형용사,5,일반어,신규_어휘_후보,,0,False
빛살,0,명사,5,일반어/전문어(물리),신규_어휘_후보,,0,False
빠개다,0,동사,5,일반어/일반어/일반어,신규_어휘_후보,,0,False
빠개지다,0,동사,5,일반어/일반어,신규_어휘_후보,,0,False
빠끔빠끔,2,부사,5,일반어/일반어,신규_어휘_후보,,0,False
빠짝,0,부사,5,일반어/일반어/일반어/일반어/일반어/일반어/일반어,신규_어휘_후보,,0,False
빠짝빠짝,0,부사,5,일반어/일반어/일반어/일반어/일반어/일반어/일반어,신규_어휘_후보,,0,False
빤질거리다,0,동사,5,일반어/일반어,신규_어휘_후보,,0,False
빤짝거리다,0,동사,5,일반어,신규_어휘_후보,,0,False
빤짝이다,0,동사,5,일반어,신규_어휘_후보,,0,False
빨가벗다,0,동사,5,일반어/일반어/일반어/일반어,신규_어휘_후보,,0,False
빨간약,0,명사,5,일반어,신규_어휘_후보,,0,False
빨갱이,1,명사,5,일반어,신규_어휘_후보,,0,False
빨갱이질,0,명사,5,일반어,신규_어휘_후보,,0,False
빨딱빨딱,0,부사,5,일반어/일반어/일반어/일반어/일반어,신규_어휘_후보,,0,False
빨래꾼,0,명사,5,일반어,신규_어휘_후보,,0,False
빨랫방망이,0,명사,5,일반어,신규_어휘_후보,,0,False
빨리다,2,동사,5,일반어,신규_어휘_후보,,0,True
빨리다,3,동사,5,일반어,신규_어휘_후보,,0,True
빨빨거리다,0,동사,5,일반어,신규_어휘_후보,,0,False
빨아내다,0,동사,5,일반어,신규_어휘_후보,,0,False
빨치산,0,명사,5,일반어,신규_어휘_후보,,0,False
빨판,0,명사,5,전문어(동물),신규_어휘_후보,,0,False
빼곡히,0,부사,5,일반어,신규_어휘_후보,,0,False
빼다,2,동사,5,일반어/일반어,신규_어휘_후보,,0,True
빼다,3,동사,5,일반어/일반어,신규_어휘_후보,,0,True
빼닮다,0,동사,5,일반어,신규_어휘_후보,,0,False
빼물다,0,동사,5,일반어/일반어,신규_어휘_후보,,0,False
빽빽,1,부사,5,일반어,신규_어휘_후보,,0,False
빽빽거리다,0,동사,5,일반어,신규_어휘_후보,,0,False
뺀질거리다,0,동사,5,일반어,신규_어휘_후보,,0,False
뺀질뺀질,0,부사,5,일반어,신규_어휘_후보,,0,False
뺀질이,0,명사,5,일반어,신규_어휘_후보,,0,False
뺑,0,부사,5,일반어/일반어/일반어,신규_어휘_후보,,0,False
뺑글,0,부사,5,일반어,신규_어휘_후보,,0,False
뺑글뺑글,1,부사,5,일반어,신규_어휘_후보,,0,False
뺑소니치다,0,동사,5,일반어/일반어,신규_어휘_후보,,0,False
뻐꾹새,0,명사,5,전문어(동물),신규_어휘_후보,,0,False
뻐드러지다,0,동사,5,일반어/일반어,신규_어휘_후보,,0,False
뻑뻑,1,부사,5,일반어/일반어/일반어/일반어/일반어,신규_어휘_후보,,0,False
뻑적지근하다,0,형용사,5,일반어,신규_어휘_후보,,0,False
뻔질나다,0,형용사,5,일반어,신규_어휘_후보,,0,False
뻔쩍,2,부사,5,일반어/일반어/일반어/일반어,신규_어휘_후보,,0,False
뻗대다,0,동사,5,일반어/일반어,신규_어휘_후보,,0,False
뻘쭘하다,0,형용사,5,일반어,신규_어휘_후보,,0,False
뻥긋하다,1,동사,5,일반어,신규_어휘_후보,,0,False
뻥쟁이,0,명사,5,일반어/일반어,신규_어휘_후보,,0,False
뻥치다,0,동사,5,일반어,신규_어휘_후보,,0,False
뻥튀기하다,0,동사,5,일반어/일반어,신규_어휘_후보,,0,False
뼈아프다,0,형용사,5,일반어,신규_어휘_후보,,0,False
뼛골,0,명사,5,전문어(의학)/일반어,신규_어휘_후보,,0,False
뼛속,0,명사,5,전문어(의학)/일반어,신규_어휘_후보,,0,False
뽀르르,0,부사,5,일반어,신규_어휘_후보,,0,False
뽕,3,명사,5,일반어,신규_어휘_후보,,0,True
뾰루지,0,명사,5,일반어,신규_어휘_후보,,0,False
뾰족코,0,명사,5,일반어,신규_어휘_후보,,0,False
뾰쪽,0,부사,5,일반어,신규_어휘_후보,,0,False
뾰쪽하다,0,형용사,5,일반어,신규_어휘_후보,,0,False
뿌다구니,0,명사,5,일반어/일반어/일반어,신규_어휘_후보,,0,False
뿌리박다,0,동사,5,일반어,신규_어휘_후보,,0,False
뿌리줄기,0,명사,5,전문어(식물),신규_어휘_후보,,0,False
뿌리채소,0,명사,5,전문어(식물),신규_어휘_후보,,0,False
뿌직뿌직,0,부사,5,일반어/일반어/일반어/일반어,신규_어휘_후보,,0,False
뿍,1,부사,5,일반어/일반어,신규_어휘_후보,,0,False
뿍뿍,0,부사,5,일반어/일반어,신규_어휘_후보,,0,False
뿐,1,의존 명사,5,일반어/일반어,신규_어휘_후보,,0,False
뿔피리,0,명사,5,일반어,신규_어휘_후보,,0,False
뿡,0,부사,5,일반어/일반어/일반어,신규_어휘_후보,,0,False
삐거덕,0,부사,5,일반어,신규_어휘_후보,,0,False
삐뚜름하다,0,형용사,5,일반어,신규_어휘_후보,,0,False
삐죽이,2,부사,5,일반어,신규_어휘_후보,,0,False
삐죽이다,0,동사,5,일반어,신규_어휘_후보,,0,False
삐죽하다,1,형용사,5,일반어,신규_어휘_후보,,0,False
삐쩍,0,부사,5,일반어,신규_어휘_후보,,0,False
삑,1,부사,5,일반어,신규_어휘_후보,,0,False
삘기,0,명사,5,전문어(식물),신규_어휘_후보,,0,False
사,14,명사,5,일반어/일반어,신규_어휘_후보,,0,True
사,25,명사,5,전문어(음악),신규_어휘_후보,,0,True
사각기둥,0,명사,5,전문어(수학),신규_어휘_후보,,0,False
사각모,0,명사,5,일반어,신규_어휘_후보,,0,False
사각봉투,0,명사,5,일반어,신규_어휘_후보,,0,False
사각팬티,0,명사,5,일반어,신규_어휘_후보,,0,False
사감,4,명사,5,일반어/전문어(역사),신규_어휘_후보,,0,False
사경,6,명사,5,일반어,신규_어휘_후보,,0,False
사계,3,명사,5,일반어/일반어/전문어(기독교)/전문어(식물)/전문어(음악),신규_어휘_후보,,0,False
사고,2,명사,5,전문어(역사),신규_어휘_후보,,0,True
사고뭉치,0,명사,5,일반어,신규_어휘_후보,,0,False
사고하다,2,동사,5,일반어/전문어(심리)/전문어(철학),신규_어휘_후보,,0,False
사골,1,명사,5,일반어,신규_어휘_후보,,0,False
사과드리다,0,동사,5,일반어,신규_어휘_후보,,0,False
사관,2,명사,5,전문어(군사)/전문어(군사)/전문어(군사)/전문어(기독교),신규_어휘_후보,,0,True
사관,4,명사,5,전문어(역사)/전문어(역사),신규_어휘_후보,,0,True
사관생도,0,명사,5,전문어(군사),신규_어휘_후보,,0,False
사관후보생,0,명사,5,전문어(군사),신규_어휘_후보,,0,False
사교,9,명사,5,일반어,신규_어휘_후보,,0,False
사교성,0,명사,5,일반어/일반어,신규_어휘_후보,,0,False
사교육,0,명사,5,전문어(교육),신규_어휘_후보,,0,False
사교육비,0,명사,5,일반어,신규_어휘_후보,,0,False
사구,6,명사,5,전문어(지리),신규_어휘_후보,,0,False
사군이충,0,명사,5,일반어,신규_어휘_후보,,0,False
사군자,2,명사,5,전문어(미술),신규_어휘_후보,,0,False
사그라지다,0,동사,5,일반어,신규_어휘_후보,,0,False
사극,1,명사,5,전문어(연기),신규_어휘_후보,,0,False
사근사근하다,0,형용사,5,일반어/일반어,신규_어휘_후보,,0,False
사글세,0,명사,5,일반어/일반어,신규_어휘_후보,,0,False
사금,2,명사,5,전문어(광업),신규_어휘_후보,,0,False
사금파리,0,명사,5,일반어,신규_어휘_후보,,0,False
사기,11,명사,5,일반어,신규_어휘_후보,,0,True
사기,25,명사,5,일반어,신규_어휘_후보,,0,True
사나흘,0,명사,5,일반어,신규_어휘_후보,,0,False
사날,1,명사,5,일반어,신규_어휘_후보,,0,False
사내애,0,명사,5,일반어/일반어,신규_어휘_후보,,0,False
사닥다리,0,명사,5,일반어,신규_어휘_후보,,0,False
사단장,0,명사,5,전문어(군사),신규_어휘_후보,,0,False
사당,5,명사,5,일반어,신규_어휘_후보,,0,False
사대주의,0,명사,5,일반어,신규_어휘_후보,,0,False
사도,10,명사,5,일반어/전문어(기독교),신규_어휘_후보,,0,False
사돈어른,0,명사,5,일반어,신규_어휘_후보,,0,False
사돈처녀,0,명사,5,일반어,신규_어휘_후보,,0,False
사돈총각,0,명사,5,일반어,신규_어휘_후보,,0,False
사동,3,명사,5,일반어,신규_어휘_후보,,0,False
사동사,0,명사,5,전문어(언어),신규_어휘_후보,,0,False
사락사락,2,부사,5,일반어,신규_어휘_후보,,0,False
사랑,2,명사,5,일반어,신규_어휘_후보,,0,True
사랑니,0,명사,5,전문어(의학),신규_어휘_후보,,0,False
사랑채,0,명사,5,일반어,신규_어휘_후보,,0,False
사레,0,명사,5,일반어,신규_어휘_후보,,0,False
사력,3,명사,5,일반어,신규_어휘_후보,,0,False
사례,8,명사,5,일반어,신규_어휘_후보,,0,True
사례금,0,명사,5,일반어,신규_어휘_후보,,0,False
사례하다,0,동사,5,일반어,신규_어휘_후보,,0,False
사뢰다,0,동사,5,일반어,신규_어휘_후보,,0,False
사료,1,명사,5,일반어,신규_어휘_후보,,0,True
사륜,1,명사,5,일반어/전문어(불교)/전문어(불교)/전문어(불교)/전문어(불교),신규_어휘_후보,,0,False
사르다,1,동사,5,일반어/일반어,신규_어휘_후보,,0,False
사르륵,0,부사,5,일반어,신규_어휘_후보,,0,False
사르륵사르륵,0,부사,5,일반어,신규_어휘_후보,,0,False
사리,1,명사,5,일반어/일반어,신규_어휘_후보,,0,True
사리,6,명사,5,일반어,신규_어휘_후보,,0,True
사리,7,명사,5,일반어/전문어(불교),신규_어휘_후보,,0,True
사리탑,0,명사,5,전문어(불교),신규_어휘_후보,,0,False
사림,1,명사,5,일반어,신규_어휘_후보,,0,False
사립,1,명사,5,일반어,신규_어휘_후보,,0,True
사립짝,0,명사,5,일반어,신규_어휘_후보,,0,False
사면,4,명사,5,일반어/전문어(물리)/전문어(수학),신규_어휘_후보,,0,True
사면,5,명사,5,전문어(법률),신규_어휘_후보,,0,True
사면초가,0,명사,5,일반어,신규_어휘_후보,,0,False
사모,8,명사,5,일반어,신규_어휘_후보,,0,True
사모관대,0,명사,5,일반어,신규_어휘_후보,,0,False
사무관,0,명사,5,전문어(행정),신규_어휘_후보,,0,False
사무기기,0,명사,5,일반어,신규_어휘_후보,,0,False
사무장,0,명사,5,일반어/일반어,신규_어휘_후보,,0,False
사뭇,0,부사,5,일반어/일반어/일반어/일반어,신규_어휘_후보,,0,False
사박사박,0,부사,5,일반어/일반어,신규_어휘_후보,,0,False
사발통문,0,명사,5,일반어,신규_어휘_후보,,0,False
사방,4,명사,5,전문어(건설),신규_어휘_후보,,0,True
사법권,0,명사,5,전문어(법률),기존_콘텐츠와_연결_후보,SR_L4CORE_5495,1,False
사변형,1,명사,5,전문어(수학),신규_어휘_후보,,0,False
사별,1,명사,5,일반어,신규_어휘_후보,,0,False
사별하다,1,동사,5,일반어,신규_어휘_후보,,0,False
사보,6,명사,5,일반어,신규_어휘_후보,,0,False
사비,4,명사,5,일반어/일반어,신규_어휘_후보,,0,False
사비성,0,명사,5,전문어(역사)/전문어(지명),신규_어휘_후보,,0,False
사사,23,명사,5,일반어,신규_어휘_후보,,0,False
사사건건,0,명사/부사,5,일반어/일반어,신규_어휘_후보,,0,False
사사조,0,명사,5,전문어(문학),신규_어휘_후보,,0,False
사산,4,명사,5,전문어(의학),신규_어휘_후보,,0,False
사살되다,0,동사,5,일반어,신규_어휘_후보,,0,False
사상범,0,명사,5,전문어(사회 일반),신규_어휘_후보,,0,False
사상성,0,명사,5,일반어,신규_어휘_후보,,0,False
사상적,0,명사/관형사,5,일반어/일반어,신규_어휘_후보,,0,False
사색,1,명사,5,일반어/전문어(역사),신규_어휘_후보,,0,True
사색,3,명사,5,일반어,신규_어휘_후보,,0,True
사색,4,명사,5,일반어,신규_어휘_후보,,0,True
사색당파,0,명사,5,전문어(역사),신규_어휘_후보,,0,False
사색적,0,명사/관형사,5,일반어/일반어,신규_어휘_후보,,0,False
사색하다,2,동사,5,일반어,신규_어휘_후보,,0,False
사생,3,명사,5,일반어,신규_어휘_후보,,0,True
사생,7,명사,5,일반어,신규_어휘_후보,,0,True
사생결단,0,명사,5,일반어,신규_어휘_후보,,0,False
사생아,0,명사,5,일반어,신규_어휘_후보,,0,False
사생화,0,명사,5,전문어(미술),신규_어휘_후보,,0,False
사서삼경,0,명사,5,일반어,신규_어휘_후보,,0,False
사서오경,0,명사,5,일반어,신규_어휘_후보,,0,False
사서함,0,명사,5,전문어(서비스업),신규_어휘_후보,,0,False
사석,4,명사,5,일반어,신규_어휘_후보,,0,False
사선,7,명사,5,일반어/일반어,신규_어휘_후보,,0,True
사설시조,0,명사,5,전문어(문학)/전문어(음악),신규_어휘_후보,,0,False
사설탐정,0,명사,5,일반어,신규_어휘_후보,,0,False
사수,14,명사,5,일반어,신규_어휘_후보,,0,True
사수자리,0,명사,5,전문어(천문),신규_어휘_후보,,0,False
사수하다,1,동사,5,일반어,신규_어휘_후보,,0,False
사시,5,명사,5,일반어/일반어/일반어,신규_어휘_후보,,0,True
사시,16,명사,5,전문어(의학)/일반어,신규_어휘_후보,,0,True
사시사철,0,명사,5,일반어,신규_어휘_후보,,0,False
사시절,0,명사,5,일반어,신규_어휘_후보,,0,False
사식,2,명사,5,일반어,신규_어휘_후보,,0,False
사실,1,명사,5,일반어,신규_어휘_후보,,0,True
사실무근,0,명사,5,일반어,신규_어휘_후보,,0,False
사실상,0,명사/부사,5,일반어/일반어,신규_어휘_후보,,0,False
사실주의,0,명사,5,전문어(예체능 일반),신규_어휘_후보,,0,False
사십구재,0,명사,5,전문어(불교),신규_어휘_후보,,0,False
사씨남정기,0,명사,5,전문어(문학),신규_어휘_후보,,0,False
사약,3,명사,5,일반어,신규_어휘_후보,,0,True
사약,6,명사,5,전문어(역사),신규_어휘_후보,,0,True
사업자,0,명사,5,일반어,신규_어휘_후보,,0,False
사역,6,명사,5,일반어/일반어/전문어(군사)/전문어(언어),신규_어휘_후보,,0,False
사옥,3,명사,5,일반어,신규_어휘_후보,,0,False
사욕,3,명사,5,일반어,신규_어휘_후보,,0,False
사우디아라비아,0,명사,5,전문어(지명),신규_어휘_후보,,0,False
사위다,0,동사,5,일반어,신규_어휘_후보,,0,False
사유지,0,명사,5,일반어,신규_어휘_후보,,0,False
사육제,0,명사,5,전문어(기독교),신규_어휘_후보,,0,False
사육지,1,명사,5,일반어,신규_어휘_후보,,0,False
사은회,0,명사,5,일반어,신규_어휘_후보,,0,False
사의,22,명사,5,일반어/일반어,신규_어휘_후보,,0,False
사이보그,0,명사,5,일반어,신규_어휘_후보,,0,False
사이시옷,0,명사,5,전문어(언어),신규_어휘_후보,,0,False
사이클,0,명사/의존 명사,5,전문어(물리)/일반어/전문어(물리),신규_어휘_후보,,0,False
사익,0,명사,5,일반어,신규_어휘_후보,,0,False
사임,2,명사,5,일반어,신규_어휘_후보,,0,False
사자,6,명사,5,일반어/전문어(법률)/전문어(불교)/전문어(불교)/전문어(역사),신규_어휘_후보,,0,True
사자놀음,0,명사,5,전문어(민속),신규_어휘_후보,,0,False
사자놀이,0,명사,5,전문어(민속),신규_어휘_후보,,0,False
사자성어,0,명사,5,일반어,신규_어휘_후보,,0,False
사장조,0,명사,5,전문어(음악),신규_어휘_후보,,0,False
사재,4,명사,5,일반어,신규_어휘_후보,,0,False
사재기,0,명사,5,일반어,신규_어휘_후보,,0,False
사적,5,명사,5,일반어/전문어(사회 일반),신규_어휘_후보,,0,True
사절,8,명사,5,일반어,신규_어휘_후보,,0,True
사절하다,1,동사,5,일반어/일반어,신규_어휘_후보,,0,True
사절하다,4,동사,5,일반어,신규_어휘_후보,,0,True
사정,14,명사,5,전문어(의학),신규_어휘_후보,,0,True
사정되다,0,동사,5,일반어,신규_어휘_후보,,0,False
사제,7,명사,5,일반어,신규_어휘_후보,,0,True
사제,10,명사,5,일반어/일반어,신규_어휘_후보,,0,True
사조,6,명사,5,일반어,신규_어휘_후보,,0,False
사족,2,명사,5,일반어/일반어,신규_어휘_후보,,0,True
사족,3,명사,5,일반어,신규_어휘_후보,,0,True
사죄,4,명사,5,일반어,신규_어휘_후보,,0,False
사주단자,0,명사,5,전문어(민속),신규_어휘_후보,,0,False
사주팔자,0,명사,5,전문어(민속)/전문어(민속),신규_어휘_후보,,0,False
사중주,0,명사,5,전문어(음악),신규_어휘_후보,,0,False
사중창,0,명사,5,전문어(음악),신규_어휘_후보,,0,False
사증,4,명사,5,일반어/전문어(법률),신규_어휘_후보,,0,False
사지,6,명사,5,일반어/전문어(동물),신규_어휘_후보,,0,True
사지,10,명사,5,일반어/일반어,신규_어휘_후보,,0,True
사직,2,명사,5,일반어/전문어(역사)/전문어(민속),신규_어휘_후보,,0,True
사직,3,명사,5,일반어,신규_어휘_후보,,0,True
사직서,2,명사,5,일반어,신규_어휘_후보,,0,False
사진술,0,명사,5,일반어,신규_어휘_후보,,0,False
사진엽서,0,명사,5,일반어,신규_어휘_후보,,0,False
사차원,0,명사,5,전문어(수학),신규_어휘_후보,,0,False
사창,2,명사,5,일반어,신규_어휘_후보,,0,False
사창가,0,명사,5,일반어,신규_어휘_후보,,0,False
사채,1,명사,5,일반어,신규_어휘_후보,,0,False
사체,6,명사,5,일반어,신규_어휘_후보,,0,False
사초,2,명사,5,전문어(역사),신규_어휘_후보,,0,False
사치품,0,명사,5,일반어,신규_어휘_후보,,0,False
사타구니,0,명사,5,일반어,신규_어휘_후보,,0,False
사탄,4,명사,5,전문어(기독교),신규_어휘_후보,,0,False
사탕무,0,명사,5,전문어(식물),신규_어휘_후보,,0,False
사탕발림,0,명사,5,일반어,신규_어휘_후보,,0,False
사태,1,명사,5,일반어,신규_어휘_후보,,0,True
사퇴하다,3,동사,5,일반어,신규_어휘_후보,,0,False
사파이어,0,명사,5,전문어(광업),신규_어휘_후보,,0,False
사팔뜨기,0,명사,5,일반어,신규_어휘_후보,,0,False
사포,5,명사,5,일반어,신규_어휘_후보,,0,False
사포닌,0,명사,5,전문어(생명),신규_어휘_후보,,0,False
사표,5,명사,5,일반어,신규_어휘_후보,,0,True
사푼사푼,0,부사,5,일반어/일반어,신규_어휘_후보,,0,False
사필귀정,0,명사,5,일반어,신규_어휘_후보,,0,False
사학,1,명사,5,전문어(역사),신규_어휘_후보,,0,False
사학가,0,명사,5,일반어,신규_어휘_후보,,0,False
사학자,0,명사,5,일반어,신규_어휘_후보,,0,False
사할린,0,명사,5,전문어(지명),신규_어휘_후보,,0,False
사해,3,명사,5,전문어(지명),신규_어휘_후보,,0,False
사행시,0,명사,5,전문어(문학),신규_어휘_후보,,0,False
사행심,0,명사,5,일반어,신규_어휘_후보,,0,False
사형대,0,명사,5,일반어,신규_어휘_후보,,0,False
사형수,0,명사,5,전문어(법률),신규_어휘_후보,,0,False
사화,1,명사,5,전문어(역사),신규_어휘_후보,,0,False
사화산,0,명사,5,전문어(지구),신규_어휘_후보,,0,False
사환,3,명사,5,일반어/일반어,신규_어휘_후보,,0,False
사활,0,명사,5,일반어,신규_어휘_후보,,0,False
사회권,0,명사,5,전문어(법률),신규_어휘_후보,,0,False
사회단체,0,명사,5,일반어/일반어,신규_어휘_후보,,0,False
사회법,0,명사,5,전문어(법률),신규_어휘_후보,,0,False
사회봉사,0,명사,5,일반어,신규_어휘_후보,,0,False
사회사업,0,명사,5,전문어(복지),신규_어휘_후보,,0,False
사회악,0,명사,5,일반어,신규_어휘_후보,,0,False
사회적,0,명사/관형사,5,일반어/일반어,신규_어휘_후보,,0,False
사회학,0,명사,5,전문어(사회 일반),신규_어휘_후보,,0,False
사회화,0,명사,5,일반어/일반어/일반어,신규_어휘_후보,,0,False
사후,3,명사,5,일반어,동형이의_품사_확인_필요,SR_L5CORE_4920,1,True
사흗날,0,명사,5,일반어/일반어,신규_어휘_후보,,0,False
삭감,0,명사,5,일반어,신규_어휘_후보,,0,False
삭발,0,명사,5,일반어/일반어/일반어,신규_어휘_후보,,0,False
삭신,0,명사,5,일반어,신규_어휘_후보,,0,False
삭정이,0,명사,5,일반어,신규_어휘_후보,,0,False
산,6,명사,5,일반어,신규_어휘_후보,,0,True
산,7,명사,5,전문어(화학),신규_어휘_후보,,0,True
산간벽지,0,명사,5,일반어,신규_어휘_후보,,0,False
산고,2,명사,5,일반어,신규_어휘_후보,,0,False
산국,2,명사,5,전문어(식물),신규_어휘_후보,,0,False
산굽이,0,명사,5,일반어,신규_어휘_후보,,0,False
산그늘,0,명사,5,일반어,신규_어휘_후보,,0,False
산꽃,2,명사,5,일반어,신규_어휘_후보,,0,False
산달,2,명사,5,일반어,신규_어휘_후보,,0,False
산대놀이,0,명사,5,전문어(민속),신규_어휘_후보,,0,False
산등,0,명사,5,일반어,신규_어휘_후보,,0,False
산란,2,명사,5,일반어,신규_어휘_후보,,0,False
산란하다,1,동사,5,일반어,신규_어휘_후보,,0,False
산록,1,명사,5,일반어,신규_어휘_후보,,0,False
산림녹화,0,명사,5,일반어,신규_어휘_후보,,0,False
산림욕,0,명사,5,일반어,신규_어휘_후보,,0,False
산마을,0,명사,5,일반어,신규_어휘_후보,,0,False
산막,1,명사,5,일반어/일반어,신규_어휘_후보,,0,False
산문시,0,명사,5,전문어(문학),신규_어휘_후보,,0,False
산발,3,명사,5,일반어,신규_어휘_후보,,0,False
산발적,0,명사/관형사,5,일반어/일반어,신규_어휘_후보,,0,False
산발치,0,명사,5,일반어,신규_어휘_후보,,0,False
산방산,0,명사,5,전문어(지명),신규_어휘_후보,,0,False
산밭,0,명사,5,일반어,신규_어휘_후보,,0,False
산부인과의,0,명사,5,전문어(의학),신규_어휘_후보,,0,False
산상,1,명사,5,일반어/일반어,신규_어휘_후보,,0,False
산성화,0,명사,5,일반어,신규_어휘_후보,,0,False
산성화되다,0,동사,5,일반어,신규_어휘_후보,,0,False
산성화하다,0,동사,5,일반어,신규_어휘_후보,,0,False
산세,0,명사,5,일반어,신규_어휘_후보,,0,False
산소마스크,0,명사,5,일반어,신규_어휘_후보,,0,False
산수,1,명사,5,일반어/일반어/전문어(미술),신규_어휘_후보,,0,True
산신각,0,명사,5,전문어(불교),신규_어휘_후보,,0,False
산신제,0,명사,5,전문어(민속)/전문어(민속),신규_어휘_후보,,0,False
산실,1,명사,5,일반어/일반어,신규_어휘_후보,,0,False
산악자전거,0,명사,5,일반어,신규_어휘_후보,,0,False
산악회,0,명사,5,일반어,신규_어휘_후보,,0,False
산야,0,명사,5,일반어,신규_어휘_후보,,0,False
산어귀,0,명사,5,일반어,신규_어휘_후보,,0,False
산언덕,0,명사,5,일반어,신규_어휘_후보,,0,False
산업별,0,명사,5,일반어,신규_어휘_후보,,0,False
산업적,0,명사/관형사,5,일반어/일반어,신규_어휘_후보,,0,False
산유국,0,명사,5,일반어,신규_어휘_후보,,0,False
산인,1,명사,5,일반어/일반어/일반어,신규_어휘_후보,,0,False
산재되다,0,동사,5,일반어,신규_어휘_후보,,0,False
산재하다,1,동사,5,일반어,신규_어휘_후보,,0,False
산적하다,1,동사/형용사,5,일반어/일반어,신규_어휘_후보,,0,False
산전,1,명사,5,일반어,신규_어휘_후보,,0,False
산전수전,0,명사,5,일반어,신규_어휘_후보,,0,False
산정,9,명사,5,일반어,신규_어휘_후보,,0,False
산지기,0,명사,5,일반어,신규_어휘_후보,,0,False
산지식,0,명사,5,일반어,신규_어휘_후보,,0,False
산천단,0,명사,5,전문어(민속),신규_어휘_후보,,0,False
산천어,0,명사,5,전문어(동물),신규_어휘_후보,,0,False
산천초목,0,명사,5,일반어,신규_어휘_후보,,0,False
산출,2,명사,5,일반어,신규_어휘_후보,,0,True
산출되다,1,동사,5,일반어,신규_어휘_후보,,0,True
산출되다,2,동사,5,일반어,신규_어휘_후보,,0,True
산출하다,1,동사,5,일반어,신규_어휘_후보,,0,True
산출하다,2,동사,5,일반어,신규_어휘_후보,,0,True
산통,2,명사,5,전문어(의학),신규_어휘_후보,,0,True
산통,3,명사,5,일반어,신규_어휘_후보,,0,True
산파,2,명사,5,일반어/일반어,신규_어휘_후보,,0,False
산하,3,명사,5,일반어,신규_어휘_후보,,0,False
산화,6,명사,5,전문어(화학)/전문어(화학)/전문어(화학),신규_어휘_후보,,0,False
산후조리,0,명사,5,일반어,신규_어휘_후보,,0,False
살가죽,0,명사,5,일반어,신규_어휘_후보,,0,False
살균력,0,명사,5,일반어,신규_어휘_후보,,0,False
살균제,0,명사,5,전문어(약학),신규_어휘_후보,,0,False
살기,3,명사,5,일반어/일반어,신규_어휘_후보,,0,False
살기등등하다,0,형용사,5,일반어,신규_어휘_후보,,0,False
살뜰하다,0,형용사,5,일반어/일반어,신규_어휘_후보,,0,False
살림꾼,0,명사,5,일반어/일반어,신규_어휘_후보,,0,False
살무사,0,명사,5,전문어(동물),신규_어휘_후보,,0,False
살벌하다,0,동사/형용사,5,일반어/일반어,신규_어휘_후보,,0,False
살붙이,0,명사,5,일반어/일반어,신규_어휘_후보,,0,False
살빛,0,명사,5,일반어,신규_어휘_후보,,0,False
살살,3,부사,5,일반어,신규_어휘_후보,,0,True
살상하다,0,동사,5,일반어,신규_어휘_후보,,0,False
살색,0,명사,5,일반어,신규_어휘_후보,,0,False
살생유택,0,명사,5,일반어,신규_어휘_후보,,0,False
살신성인,0,명사,5,일반어,신규_어휘_후보,,0,False
살인강도,0,명사,5,일반어,신규_어휘_후보,,0,False
살인범,0,명사,5,전문어(법률),신규_어휘_후보,,0,False
살인적,0,명사/관형사,5,일반어/일반어/일반어/일반어,신규_어휘_후보,,0,False
살점,0,명사,5,일반어,신규_어휘_후보,,0,False
살지다,0,형용사,5,일반어/일반어/일반어,신규_어휘_후보,,0,False
살집,0,명사,5,일반어,신규_어휘_후보,,0,False
살짝살짝,0,부사,5,일반어/일반어/일반어/일반어,신규_어휘_후보,,0,False
살충,0,명사,5,일반어,신규_어휘_후보,,0,False
살코기,0,명사,5,일반어,신규_어휘_후보,,0,False
살판나다,0,동사,5,일반어/일반어,신규_어휘_후보,,0,False
살포,2,명사,5,일반어/일반어,신규_어휘_후보,,0,False
살풀이,0,명사,5,전문어(민속)/전문어(민속)/전문어(음악),신규_어휘_후보,,0,False
살풀이춤,0,명사,5,전문어(민속),신규_어휘_후보,,0,False
살풍경,0,명사,5,일반어/일반어/일반어,신규_어휘_후보,,0,False
살해자,0,명사,5,일반어,신규_어휘_후보,,0,False
삵,0,명사,5,전문어(동물),신규_어휘_후보,,0,False
삼,9,명사,5,전문어(식물)/전문어(식물),신규_어휘_후보,,0,True
삼각기둥,0,명사,5,전문어(수학),신규_어휘_후보,,0,False
삼각주,2,명사,5,전문어(지리),신규_어휘_후보,,0,False
삼강행실도,0,명사,5,전문어(책명),신규_어휘_후보,,0,False
삼경,1,명사,5,일반어,신규_어휘_후보,,0,True
삼경,7,명사,5,일반어/일반어/전문어(불교)/전문어(책명),신규_어휘_후보,,0,True
삼광,0,명사,5,일반어/전문어(민속),신규_어휘_후보,,0,False
삼국사기,0,명사,5,전문어(책명),신규_어휘_후보,,0,False
삼국유사,0,명사,5,전문어(책명),신규_어휘_후보,,0,False
삼국지,0,명사,5,전문어(책명),신규_어휘_후보,,0,False
삼국지연의,0,명사,5,전문어(문학),신규_어휘_후보,,0,False
삼군,0,명사,5,전문어(군사)/전문어(군사)/전문어(역사)/전문어(역사)/전문어(역사),신규_어휘_후보,,0,False
삼굿,0,명사,5,일반어/일반어,신규_어휘_후보,,0,False
삼남,2,명사,5,전문어(지명),신규_어휘_후보,,0,False
삼대목,0,명사,5,전문어(책명),신규_어휘_후보,,0,False
삼두마차,0,명사,5,일반어/일반어,신규_어휘_후보,,0,False
삼등분,0,명사,5,일반어,신규_어휘_후보,,0,False
삼등분하다,0,동사,5,일반어,신규_어휘_후보,,0,False
삼라만상,0,명사,5,일반어,신규_어휘_후보,,0,False
삼매,0,명사,5,전문어(불교)/전문어(불교),신규_어휘_후보,,0,False
삼매경,0,명사,5,전문어(불교),신규_어휘_후보,,0,False
삼모작,0,명사,5,전문어(농업),신규_어휘_후보,,0,False
삼밭,1,명사,5,일반어,신규_어휘_후보,,0,False
삼복더위,0,명사,5,일반어,신규_어휘_후보,,0,False
삼삼오오,0,명사,5,일반어,신규_어휘_후보,,0,False
삼삼하다,1,형용사,5,일반어,신규_어휘_후보,,0,True
삼삼하다,2,형용사,5,일반어/일반어,신규_어휘_후보,,0,True
삼선,2,명사,5,일반어,신규_어휘_후보,,0,False
삼수갑산,0,명사,5,일반어,신규_어휘_후보,,0,False
삼신할미,0,명사,5,전문어(민속),신규_어휘_후보,,0,False
삼십육계,0,명사,5,일반어/일반어,신규_어휘_후보,,0,False
삼십팔도선,0,명사,5,전문어(지명),신규_어휘_후보,,0,False
삼엄하다,0,형용사,5,일반어,신규_어휘_후보,,0,False
삼엄히,0,부사,5,일반어,신규_어휘_후보,,0,False
삼엽충,0,명사,5,전문어(동물),신규_어휘_후보,,0,False
삼우제,0,명사,5,일반어,신규_어휘_후보,,0,False
삼위,1,명사,5,전문어(기독교),신규_어휘_후보,,0,False
삼위일체,0,명사,5,일반어/전문어(기독교),신규_어휘_후보,,0,False
삼인칭,0,명사,5,전문어(언어),신규_어휘_후보,,0,False
삼일장,0,명사,5,일반어,신규_어휘_후보,,0,False
삼종,4,명사,5,일반어,신규_어휘_후보,,0,False
삼중,3,명사,5,일반어/전문어(불교),신규_어휘_후보,,0,False
삼중주,1,명사,5,전문어(음악),신규_어휘_후보,,0,False
삼중창,0,명사,5,전문어(음악),신규_어휘_후보,,0,False
삼진,1,명사,5,전문어(체육),신규_어휘_후보,,0,False
삼짇날,0,명사,5,전문어(민속),신규_어휘_후보,,0,False
삼차원,0,명사,5,전문어(수학),신규_어휘_후보,,0,False
삼척동자,0,명사,5,일반어/일반어,신규_어휘_후보,,0,False
삼천리,2,명사,5,전문어(문학),신규_어휘_후보,,0,True
삼치구이,0,명사,5,일반어,신규_어휘_후보,,0,False
삼칠일,0,명사,5,전문어(민속),신규_어휘_후보,,0,False
삼태기,0,명사,5,일반어/일반어,신규_어휘_후보,,0,False
삼투압,0,명사,5,전문어(물리),신규_어휘_후보,,0,False
삼화음,0,명사,5,전문어(음악),신규_어휘_후보,,0,False
삽사리,2,명사,5,전문어(동물),신규_어휘_후보,,0,False
삽상하다,0,형용사,5,일반어/일반어/일반어/일반어,신규_어휘_후보,,0,False
삽시,3,명사,5,일반어,신규_어휘_후보,,0,False
삽자루,0,명사,5,일반어,신규_어휘_후보,,0,False
삽질,0,명사,5,일반어/일반어,신규_어휘_후보,,0,False
삽짝,0,명사,5,일반어,신규_어휘_후보,,0,False
삿대질하다,0,동사,5,일반어/일반어,신규_어휘_후보,,0,False
상,8,명사,5,전문어(민속)/일반어/일반어/전문어(지구),신규_어휘_후보,,0,True
상,18,명사,5,일반어/일반어/일반어,신규_어휘_후보,,0,True
상,22,명사,5,일반어/일반어/일반어/전문어(물리),신규_어휘_후보,,0,True
상가,8,명사,5,일반어/일반어,신규_어휘_후보,,0,True
상갓집,0,명사,5,일반어,신규_어휘_후보,,0,False
상강,0,명사,5,일반어,신규_어휘_후보,,0,False
상거래,0,명사,5,전문어(경제),신규_어휘_후보,,0,False
상경,1,명사,5,일반어,신규_어휘_후보,,0,False
상경하다,1,동사,5,일반어,신규_어휘_후보,,0,False
상고,1,명사,5,일반어/전문어(역사),신규_어휘_후보,,0,True
상고,3,명사,5,일반어/전문어(법률),신규_어휘_후보,,0,True
상고,8,명사,5,전문어(교육),신규_어휘_후보,,0,True
상공,7,명사,5,일반어,신규_어휘_후보,,0,True
상관,1,명사,5,일반어/일반어,신규_어휘_후보,,0,True
상관성,0,명사,5,일반어,신규_어휘_후보,,0,False
상궁,2,명사,5,전문어(역사)/전문어(역사),신규_어휘_후보,,0,False
상권,3,명사,5,전문어(법률)/전문어(법률),신규_어휘_후보,,0,True
상궤,0,명사,5,일반어/일반어,신규_어휘_후보,,0,False
상급반,0,명사,5,일반어/일반어,신규_어휘_후보,,0,False
상급생,0,명사,5,일반어,신규_어휘_후보,,0,False
상기,1,명사,5,일반어/전문어(한의)/전문어(한의),신규_어휘_후보,,0,True
상기,17,명사,5,일반어/전문어(심리)/전문어(철학),신규_어휘_후보,,0,True
상기하다,1,동사,5,일반어,신규_어휘_후보,,0,True
상기하다,6,동사,5,일반어,신규_어휘_후보,,0,True
상냥스럽다,0,형용사,5,일반어,신규_어휘_후보,,0,False
상냥히,0,부사,5,일반어,신규_어휘_후보,,0,False
상념,0,명사,5,일반어,신규_어휘_후보,,0,False
상달,1,명사,5,전문어(민속),신규_어휘_후보,,0,False
상당하다,2,동사/형용사,5,일반어/일반어/일반어/일반어,신규_어휘_후보,,0,False
상대자,0,명사,5,일반어/일반어,신규_어휘_후보,,0,False
상등병,0,명사,5,전문어(군사),신규_어휘_후보,,0,False
상량식,0,명사,5,일반어,신규_어휘_후보,,0,False
상례,5,명사,5,일반어,신규_어휘_후보,,0,True
상례,7,명사,5,일반어/일반어,신규_어휘_후보,,0,True
상록수,2,명사,5,전문어(식물),신규_어휘_후보,,0,False
상머리,0,명사,5,일반어,신규_어휘_후보,,0,False
상면,2,명사,5,일반어/일반어,신규_어휘_후보,,0,False
상반되다,0,동사,5,일반어,신규_어휘_후보,,0,False
상반신,0,명사,5,일반어,신규_어휘_후보,,0,False
상법,2,명사,5,일반어/전문어(법률)/전문어(법률),신규_어휘_후보,,0,False
상병,1,명사,5,전문어(군사),신규_어휘_후보,,0,False
상보,1,명사,5,일반어,신규_어휘_후보,,0,False
상부,3,명사,5,일반어/일반어/전문어(역사),신규_어휘_후보,,0,False
상비되다,0,동사,5,일반어,신규_어휘_후보,,0,False
상비약,0,명사,5,일반어,신규_어휘_후보,,0,False
상상도,0,명사,5,전문어(공업)/전문어(미술),신규_어휘_후보,,0,False
상상봉,0,명사,5,일반어,신규_어휘_후보,,0,False
상상적,0,명사/관형사,5,일반어/일반어,신규_어휘_후보,,0,False
상서롭다,0,형용사,5,일반어,신규_어휘_후보,,0,False
상석,4,명사,5,전문어(민속),신규_어휘_후보,,0,True
상선,6,명사,5,일반어,신규_어휘_후보,,0,False
상설,3,명사,5,일반어,신규_어휘_후보,,0,False
상소,3,명사,5,전문어(법률),신규_어휘_후보,,0,True
상소리,0,명사,5,일반어,신규_어휘_후보,,0,False
상소하다,1,동사,5,전문어(역사),신규_어휘_후보,,0,True
상소하다,2,동사,5,전문어(법률),신규_어휘_후보,,0,True
상속세,0,명사,5,전문어(법률),신규_어휘_후보,,0,False
상속자,0,명사,5,전문어(법률),신규_어휘_후보,,0,False
상쇄,0,명사,5,일반어/전문어(법률),신규_어휘_후보,,0,False
상쇠,0,명사,5,전문어(민속),신규_어휘_후보,,0,False
상수,2,명사,5,일반어/일반어,신규_어휘_후보,,0,True
상수,9,명사,5,일반어/일반어/전문어(물리)/전문어(수학),신규_어휘_후보,,0,True
상수리,1,명사,5,일반어,신규_어휘_후보,,0,False
상순,1,명사,5,일반어,신규_어휘_후보,,0,False
상술,4,명사,5,일반어,신규_어휘_후보,,0,False
상습적,0,명사/관형사,5,일반어/일반어,신규_어휘_후보,,0,False
상시,4,명사,5,일반어/일반어,신규_어휘_후보,,0,False
상실,5,명사,5,일반어/일반어,신규_어휘_후보,,0,False
상실감,0,명사,5,일반어,신규_어휘_후보,,0,False
상아색,0,명사,5,일반어,신규_어휘_후보,,0,False
상아탑,0,명사,5,일반어/일반어,신규_어휘_후보,,0,False
상앗대,0,명사,5,일반어,신규_어휘_후보,,0,False
상업성,0,명사,5,일반어,신규_어휘_후보,,0,False
상여,1,명사,5,일반어,신규_어휘_후보,,0,False
상여금,0,명사,5,일반어,신규_어휘_후보,,0,False
상연,2,명사,5,일반어,신규_어휘_후보,,0,False
상연하다,1,동사,5,일반어,신규_어휘_후보,,0,False
상영작,0,명사,5,일반어,신규_어휘_후보,,0,False
상오,2,명사,5,일반어,신규_어휘_후보,,0,False
상용,3,명사,5,일반어,신규_어휘_후보,,0,False
상용하다,3,동사,5,일반어,신규_어휘_후보,,0,False
상원,3,명사,5,전문어(정치),신규_어휘_후보,,0,False
상응하다,0,동사,5,일반어/일반어,신규_어휘_후보,,0,False
상이,4,명사,5,일반어,신규_어휘_후보,,0,False
상임,0,명사,5,일반어,신규_어휘_후보,,0,False
상정,3,명사,5,일반어,신규_어휘_후보,,0,False
상제,1,명사,5,전문어(종교 일반)/전문어(가톨릭),신규_어휘_후보,,0,True
상제,9,명사,5,일반어/일반어,신규_어휘_후보,,0,True
상조,3,명사,5,일반어,신규_어휘_후보,,0,False
상조하다,1,동사,5,일반어,신규_어휘_후보,,0,False
상종,3,명사,5,일반어,신규_어휘_후보,,0,False
상주,12,명사,5,일반어,신규_어휘_후보,,0,False
상주하다,1,동사,5,전문어(역사),신규_어휘_후보,,0,False
상징적,0,명사/관형사,5,일반어/일반어,신규_어휘_후보,,0,False
상책,2,명사,5,일반어,신규_어휘_후보,,0,False
상처투성이,0,명사,5,일반어,신규_어휘_후보,,0,False
상처하다,0,동사,5,일반어,신규_어휘_후보,,0,False
상충되다,0,동사,5,일반어,신규_어휘_후보,,0,False
상층,0,명사,5,일반어/일반어,신규_어휘_후보,,0,False
상통하다,2,동사,5,일반어/일반어/일반어,신규_어휘_후보,,0,False
상투적,0,명사/관형사,5,일반어/일반어,신규_어휘_후보,,0,False
상패,4,명사,5,일반어,신규_어휘_후보,,0,False
상편,0,명사,5,일반어,신규_어휘_후보,,0,False
상평창,0,명사,5,전문어(역사),신규_어휘_후보,,0,False
상평통보,0,명사,5,전문어(역사),신규_어휘_후보,,0,False
상하이,0,명사,5,전문어(지명),신규_어휘_후보,,0,False
상해,1,명사,5,전문어(해양),신규_어휘_후보,,0,True
상해,3,명사,5,일반어/전문어(법률),신규_어휘_후보,,0,True
상행,1,명사,5,일반어/일반어/전문어(음악),신규_어휘_후보,,0,False
상향,1,명사,5,일반어/일반어/일반어/일반어,신규_어휘_후보,,0,False
상황실,0,명사,5,일반어,신규_어휘_후보,,0,False
상흔,0,명사,5,일반어,신규_어휘_후보,,0,False
샅,0,명사,5,일반어/일반어/전문어(의학),신규_어휘_후보,,0,False
새,4,명사,5,전문어(식물)/전문어(식물),신규_어휘_후보,,0,True
새경,0,명사,5,일반어,신규_어휘_후보,,0,False
새근거리다,1,동사,5,일반어/일반어,신규_어휘_후보,,0,False
새기다,2,동사,5,일반어/일반어,신규_어휘_후보,,0,True
새김질하다,2,동사,5,전문어(동물),신규_어휘_후보,,0,False
새끼치기,0,명사,5,일반어,신규_어휘_후보,,0,False
새날,0,명사,5,일반어/일반어,신규_어휘_후보,,0,False
새내기,0,명사,5,일반어,신규_어휘_후보,,0,False
새달,0,명사,5,일반어,신규_어휘_후보,,0,False
새댁,0,명사,5,일반어/일반어,신규_어휘_후보,,0,False
새말,0,명사,5,전문어(언어),신규_어휘_후보,,0,False
새매,0,명사,5,전문어(동물),신규_어휘_후보,,0,False
새바람,0,명사,5,일반어,신규_어휘_후보,,0,False
새벽같이,0,부사,5,일반어,신규_어휘_후보,,0,False
새벽달,0,명사,5,일반어,신규_어휘_후보,,0,False
새벽안개,0,명사,5,일반어,신규_어휘_후보,,0,False
새벽잠,0,명사,5,일반어,신규_어휘_후보,,0,False
새벽차,0,명사,5,일반어,신규_어휘_후보,,0,False
새벽하늘,0,명사,5,일반어,신규_어휘_후보,,0,False
새신랑,0,명사,5,일반어,신규_어휘_후보,,0,False
새알심,0,명사,5,일반어,신규_어휘_후보,,0,False
새옹지마,0,명사,5,일반어,신규_어휘_후보,,0,False
새우등,0,명사,5,일반어,신규_어휘_후보,,0,False
새우무침,0,명사,5,일반어,신규_어휘_후보,,0,False
새우잠,0,명사,5,일반어,신규_어휘_후보,,0,False
새우젓국,0,명사,5,일반어,신규_어휘_후보,,0,False
새우찌개,0,명사,5,일반어,신규_어휘_후보,,0,False
새우탕,0,명사,5,일반어,신규_어휘_후보,,0,False
새장가,0,명사,5,일반어,신규_어휘_후보,,0,False
새초롬하다,0,형용사/동사,5,일반어/일반어,신규_어휘_후보,,0,False
새치,1,명사,5,일반어,신규_어휘_후보,,0,False
새치름하다,0,형용사/동사,5,일반어/일반어,신규_어휘_후보,,0,False
새침하다,0,형용사/동사,5,일반어/일반어,신규_어휘_후보,,0,False
새큼하다,0,형용사,5,일반어,신규_어휘_후보,,0,False
색각,0,명사,5,전문어(수의),신규_어휘_후보,,0,False
색감,0,명사,5,일반어/일반어,신규_어휘_후보,,0,False
색도,3,명사,5,전문어(물리),신규_어휘_후보,,0,False
색맹,0,명사,5,전문어(의학),신규_어휘_후보,,0,False
색상환,0,명사,5,전문어(미술),신규_어휘_후보,,0,False
색시비,0,명사,5,일반어,신규_어휘_후보,,0,False
색약,0,명사,5,전문어(의학),신규_어휘_후보,,0,False
색유리,0,명사,5,일반어,신규_어휘_후보,,0,False
색조,2,명사,5,일반어/전문어(미술)/일반어,신규_어휘_후보,,0,False
색출,0,명사,5,일반어,신규_어휘_후보,,0,False
샐러드드레싱,0,명사,5,일반어,신규_어휘_후보,,0,False
샐러리맨,0,명사,5,일반어,신규_어휘_후보,,0,False
샐룩하다,0,동사,5,일반어,신규_어휘_후보,,0,False
샘내다,0,동사,5,일반어,신규_어휘_후보,,0,False
샘물터,0,명사,5,일반어,신규_어휘_후보,,0,False
샛강,0,명사,5,일반어,신규_어휘_후보,,0,False
샛문,0,명사,5,일반어/일반어,신규_어휘_후보,,0,False
생것,0,명사,5,일반어,신규_어휘_후보,,0,False
생고기,0,명사,5,일반어/일반어,신규_어휘_후보,,0,False
생고생,0,명사,5,일반어,신규_어휘_후보,,0,False
생과일,0,명사,5,일반어/일반어,신규_어휘_후보,,0,False
생글거리다,0,동사,5,일반어,신규_어휘_후보,,0,False
생긋이,0,부사,5,일반어,신규_어휘_후보,,0,False
생기발랄하다,0,형용사,5,일반어,신규_어휘_후보,,0,False
생김,0,명사,5,일반어,신규_어휘_후보,,0,False
생김생김,0,명사,5,일반어,신규_어휘_후보,,0,False
생나무,0,명사,5,일반어/일반어,신규_어휘_후보,,0,False
생난리,0,명사,5,일반어,신규_어휘_후보,,0,False
생년,0,명사,5,일반어,신규_어휘_후보,,0,False
생도,1,명사,5,전문어(교육)/전문어(교육)/전문어(역사),신규_어휘_후보,,0,False
생떼,0,명사,5,일반어,신규_어휘_후보,,0,False
생령,0,명사,5,일반어/일반어,신규_어휘_후보,,0,False
생로병사,0,명사,5,전문어(불교),신규_어휘_후보,,0,False
생률,0,명사,5,일반어/일반어,신규_어휘_후보,,0,False
생매장,0,명사,5,일반어/일반어,신규_어휘_후보,,0,False
생머리,2,명사,5,일반어/일반어,신규_어휘_후보,,0,False
생면부지,0,명사,5,일반어,신규_어휘_후보,,0,False
생명수,1,명사,5,일반어/전문어(기독교),신규_어휘_후보,,0,False
생모,3,명사,5,일반어,신규_어휘_후보,,0,False
생목숨,0,명사,5,일반어/일반어,신규_어휘_후보,,0,False
생부,0,명사,5,일반어,신규_어휘_후보,,0,False
생사람,0,명사,5,일반어/일반어/일반어,신규_어휘_후보,,0,False
생산액,0,명사,5,전문어(경제),신규_어휘_후보,,0,False
생산재,0,명사,5,전문어(경제),신규_어휘_후보,,0,False
생살,1,명사,5,일반어/일반어,신규_어휘_후보,,0,False
생새우,0,명사,5,일반어,신규_어휘_후보,,0,False
생색,0,명사,5,일반어/일반어,신규_어휘_후보,,0,False
생색내다,0,동사,5,일반어,신규_어휘_후보,,0,False
생선묵,0,명사,5,일반어,신규_어휘_후보,,0,False
생선전,1,명사,5,일반어,신규_어휘_후보,,0,False
생선포,0,명사,5,일반어,신규_어휘_후보,,0,False
생소하다,0,형용사,5,일반어/일반어,신규_어휘_후보,,0,False
생시,0,명사,5,일반어/일반어/일반어,신규_어휘_후보,,0,False
생식,1,명사,5,일반어,신규_어휘_후보,,0,True
생원,0,명사,5,전문어(역사)/전문어(역사)/일반어,신규_어휘_후보,,0,False
생육신,0,명사,5,전문어(역사),신규_어휘_후보,,0,False
생전,1,명사/부사,5,일반어/일반어,신규_어휘_후보,,0,False
생중계,0,명사,5,일반어,신규_어휘_후보,,0,False
생질,0,명사,5,일반어,신규_어휘_후보,,0,False
생초,2,명사,5,일반어,신규_어휘_후보,,0,False
생크림,0,명사,5,일반어,신규_어휘_후보,,0,False
생태,1,명사,5,일반어,신규_어휘_후보,,0,True
생트집,0,명사,5,일반어,신규_어휘_후보,,0,False
생판,0,명사/부사,5,일반어/일반어,신규_어휘_후보,,0,False
생포,2,명사,5,일반어,신규_어휘_후보,,0,False
생포하다,0,동사,5,일반어,신규_어휘_후보,,0,False
생화,3,명사,5,일반어,신규_어휘_후보,,0,False
생활관,1,명사,5,일반어/일반어,신규_어휘_후보,,0,False
생활력,0,명사,5,일반어/일반어,신규_어휘_후보,,0,False
생활면,0,명사,5,일반어/전문어(역사),신규_어휘_후보,,0,False
생활사,0,명사,5,일반어/일반어/전문어(생명),신규_어휘_후보,,0,False
생활신조,0,명사,5,일반어,신규_어휘_후보,,0,False
생활용품,0,명사,5,일반어,신규_어휘_후보,,0,False
생활인,0,명사,5,일반어,신규_어휘_후보,,0,False
생활적,0,명사/관형사,5,일반어/일반어/일반어/일반어,신규_어휘_후보,,0,False
생황,0,명사,5,전문어(음악),신규_어휘_후보,,0,False
샤머니즘,0,명사,5,전문어(종교 일반),신규_어휘_후보,,0,False
샤프,3,명사,5,전문어(음악),신규_어휘_후보,,0,False
샹들리에,0,명사,5,일반어,신규_어휘_후보,,0,False
샹송,2,명사,5,전문어(음악),신규_어휘_후보,,0,False
서,3,관형사,5,일반어,신규_어휘_후보,,0,False
서가,3,명사,5,일반어,신규_어휘_후보,,0,False
서간문,0,명사,5,전문어(문학),신규_어휘_후보,,0,False
서거하다,0,동사,5,일반어,신규_어휘_후보,,0,False
서걱,0,부사,5,일반어/일반어/일반어/일반어/일반어,신규_어휘_후보,,0,False
서걱거리다,0,동사,5,일반어/일반어/일반어/일반어/일반어,신규_어휘_후보,,0,False
서고,1,명사,5,일반어,신규_어휘_후보,,0,False
서구,2,명사,5,일반어/전문어(지명),신규_어휘_후보,,0,False
서귀포,0,명사,5,전문어(지명),신규_어휘_후보,,0,False
서글서글하다,0,형용사,5,일반어/일반어,신규_어휘_후보,,0,False
서글픔,0,명사,5,일반어,신규_어휘_후보,,0,False
서기,4,명사,5,일반어/전문어(행정)/전문어(역사)/전문어(역사),신규_어휘_후보,,0,True
서기관,0,명사,5,전문어(행정)/전문어(역사),신규_어휘_후보,,0,False
서까래,0,명사,5,전문어(건설),신규_어휘_후보,,0,False
서남서,0,명사,5,일반어,신규_어휘_후보,,0,False
서남아시아,0,명사,5,전문어(지명),신규_어휘_후보,,0,False
서낭,0,명사,5,전문어(민속)/전문어(민속),신규_어휘_후보,,0,False
서낭신,0,명사,5,전문어(민속),신규_어휘_후보,,0,False
서넛,0,수사,5,일반어,신규_어휘_후보,,0,False
서도,8,명사,5,일반어/전문어(교육),신규_어휘_후보,,0,False
서독,1,명사,5,전문어(지명),신규_어휘_후보,,0,False
서동요,0,명사,5,전문어(문학),신규_어휘_후보,,0,False
서두,1,명사,5,일반어/일반어,신규_어휘_후보,,0,True
서두,2,명사,5,일반어/일반어/일반어,신규_어휘_후보,,0,True
서둘다,0,동사,5,일반어/일반어,신규_어휘_후보,,0,False
서라벌,0,명사,5,전문어(역사)/전문어(지명),신규_어휘_후보,,0,False
서력,1,명사,5,일반어/일반어,신규_어휘_후보,,0,False
서력기원,0,명사,5,일반어,신규_어휘_후보,,0,False
서류철,0,명사,5,일반어,신규_어휘_후보,,0,False
서릿발,0,명사,5,일반어,신규_어휘_후보,,0,False
서면,3,명사,5,일반어/일반어,신규_어휘_후보,,0,False
서무실,0,명사,5,일반어,신규_어휘_후보,,0,False
서민적,0,명사/관형사,5,일반어/일반어,신규_어휘_후보,,0,False
서민층,0,명사,5,일반어,신규_어휘_후보,,0,False
서법,1,명사,5,일반어/일반어,신규_어휘_후보,,0,False
서브하다,0,동사,5,전문어(체육),신규_어휘_후보,,0,False
서사,13,명사,5,일반어,신규_어휘_후보,,0,False
서사시,0,명사,5,전문어(문학),신규_어휘_후보,,0,False
서사적,0,명사/관형사,5,일반어/일반어,신규_어휘_후보,,0,False
서술되다,0,동사,5,일반어,신규_어휘_후보,,0,False
서술부,0,명사,5,전문어(언어),신규_어휘_후보,,0,False
서술형,2,명사,5,전문어(교육),신규_어휘_후보,,0,False
서슬,1,명사,5,일반어/일반어,신규_어휘_후보,,0,False
서식,1,명사,5,일반어,신규_어휘_후보,,0,True
서식하다,0,동사,5,일반어,신규_어휘_후보,,0,False
서신,1,명사,5,일반어,신규_어휘_후보,,0,False
서양장기,0,명사,5,전문어(체육),신규_어휘_후보,,0,False
서양화가,0,명사,5,일반어,신규_어휘_후보,,0,False
서열,1,명사,5,일반어,신규_어휘_후보,,0,False
서울내기,0,명사,5,일반어,신규_어휘_후보,,0,False
서유견문,0,명사,5,전문어(책명),신규_어휘_후보,,0,False
서유럽,0,명사,5,전문어(지명),신규_어휘_후보,,0,False
서인,1,명사,5,일반어/전문어(역사),신규_어휘_후보,,0,False
서정,4,명사,5,일반어,신규_어휘_후보,,0,False
서정시,0,명사,5,전문어(문학),신규_어휘_후보,,0,False
서정적,0,명사/관형사,5,일반어/일반어,신규_어휘_후보,,0,False
서진,4,명사,5,일반어,신규_어휘_후보,,0,False
서찰,2,명사,5,일반어,신규_어휘_후보,,0,False
서창,3,명사,5,일반어,신규_어휘_후보,,0,False
서편제,0,명사,5,전문어(음악),신규_어휘_후보,,0,False
서푼,1,명사,5,일반어,신규_어휘_후보,,0,False
서한,2,명사,5,일반어,신규_어휘_후보,,0,False
서향,1,명사,5,일반어,신규_어휘_후보,,0,False
서화,1,명사,5,일반어,신규_어휘_후보,,0,False
석,5,의존 명사,5,일반어,신규_어휘_후보,,0,True
석가,3,명사,5,전문어(고유명 일반)/전문어(불교),신규_어휘_후보,,0,False
석간,1,명사,5,일반어,신규_어휘_후보,,0,False
석간신문,0,명사,5,일반어,신규_어휘_후보,,0,False
석굴,2,명사,5,일반어,신규_어휘_후보,,0,False
석궁,0,명사,5,일반어,신규_어휘_후보,,0,False
석권,0,명사,5,일반어,신규_어휘_후보,,0,False
석물,0,명사,5,일반어,신규_어휘_후보,,0,False
석별,0,명사,5,일반어,신규_어휘_후보,,0,False
석보상절,0,명사,5,전문어(역사),신규_어휘_후보,,0,False
석비,2,명사,5,일반어,신규_어휘_후보,,0,False
석상,4,명사,5,일반어,신규_어휘_후보,,0,True
석수,1,명사,5,일반어,신규_어휘_후보,,0,False
석순,1,명사,5,전문어(광업),신규_어휘_후보,,0,False
석식,0,명사,5,일반어,신규_어휘_후보,,0,False
석실묘,0,명사,5,전문어(역사),신규_어휘_후보,,0,False
석연하다,0,형용사,5,일반어,신규_어휘_후보,,0,False
석유곤로,0,명사,5,일반어,신규_어휘_후보,,0,False
석유등,0,명사,5,일반어,신규_어휘_후보,,0,False
석전,1,명사,5,일반어,신규_어휘_후보,,0,False
석조,4,명사,5,일반어,신규_어휘_후보,,0,False
석주,1,명사,5,일반어,신규_어휘_후보,,0,False
석차,0,명사,5,일반어/일반어,신규_어휘_후보,,0,False
석판화,0,명사,5,전문어(미술),신규_어휘_후보,,0,False
석학,0,명사,5,일반어,신규_어휘_후보,,0,False
선,9,명사,5,일반어/전문어(철학),신규_어휘_후보,,0,True
선,16,명사,5,전문어(불교)/전문어(불교)/전문어(불교),신규_어휘_후보,,0,True
선각자,0,명사,5,일반어,신규_어휘_후보,,0,False
선거법,0,명사,5,전문어(법률),신규_어휘_후보,,0,False
선거전,0,명사,5,전문어(정치),신규_어휘_후보,,0,False
선거철,0,명사,5,일반어,신규_어휘_후보,,0,False
선걸음,0,명사,5,일반어,신규_어휘_후보,,0,False
선견지명,0,명사,5,일반어,신규_어휘_후보,,0,False
선결,1,명사,5,일반어,신규_어휘_후보,,0,False
선관위,0,명사,5,전문어(정치),신규_어휘_후보,,0,False
선교,2,명사,5,전문어(종교 일반),신규_어휘_후보,,0,False
선교하다,1,동사,5,전문어(종교 일반),신규_어휘_후보,,0,False
선구자,0,명사,5,일반어/일반어,신규_어휘_후보,,0,False
선금,2,명사,5,일반어,신규_어휘_후보,,0,False
선남선녀,0,명사,5,일반어/일반어/전문어(불교),신규_어휘_후보,,0,False
선단,6,명사,5,전문어(교통),신규_어휘_후보,,0,False
선달,2,명사,5,전문어(역사),신규_어휘_후보,,0,False
선돌,0,명사,5,전문어(역사),신규_어휘_후보,,0,False
선동,4,명사,5,일반어,신규_어휘_후보,,0,False
선동하다,0,동사,5,일반어,신규_어휘_후보,,0,False
선들선들,0,부사,5,일반어/일반어/일반어,신규_어휘_후보,,0,False
선뜩선뜩하다,0,동사/형용사,5,일반어/일반어/일반어/일반어,신규_어휘_후보,,0,False
선량,1,명사,5,일반어,신규_어휘_후보,,0,False
선례,0,명사,5,일반어/일반어/전문어(법률),신규_어휘_후보,,0,False
선망,4,명사,5,일반어,신규_어휘_후보,,0,False
선머슴,0,명사,5,일반어,신규_어휘_후보,,0,False
선명,4,명사,5,일반어,신규_어휘_후보,,0,False
선무당,0,명사,5,전문어(민속),신규_어휘_후보,,0,False
선미,2,명사,5,일반어,신규_어휘_후보,,0,False
선보다,0,동사,5,일반어/일반어,신규_어휘_후보,,0,False
선봉,1,명사,5,일반어/일반어,신규_어휘_후보,,0,False
선봉장,0,명사,5,일반어/일반어,신규_어휘_후보,,0,False
선불,1,명사,5,일반어,신규_어휘_후보,,0,True
선불,4,명사,5,일반어,신규_어휘_후보,,0,True
선사,13,명사,5,일반어,신규_어휘_후보,,0,True
선산,1,명사,5,일반어/일반어,신규_어휘_후보,,0,False
선상,3,명사,5,일반어/일반어,신규_어휘_후보,,0,False
선서,5,명사,5,전문어(의학),신규_어휘_후보,,0,False
선선히,0,부사,5,일반어/일반어,신규_어휘_후보,,0,False
선수,1,명사,5,일반어/일반어/전문어(체육),신규_어휘_후보,,0,True
선수촌,0,명사,5,전문어(체육),신규_어휘_후보,,0,False
선술집,0,명사,5,일반어,신규_어휘_후보,,0,False
선실,1,명사,5,일반어,신규_어휘_후보,,0,False
선악,2,명사,5,일반어,신규_어휘_후보,,0,False
선암사,0,명사,5,전문어(불교),신규_어휘_후보,,0,False
선약,2,명사,5,일반어,신규_어휘_후보,,0,False
선양,1,명사,5,일반어,신규_어휘_후보,,0,False
선열,1,명사,5,일반어/일반어,신규_어휘_후보,,0,False
선영,1,명사,5,일반어,신규_어휘_후보,,0,False
선왕,1,명사,5,일반어/일반어,신규_어휘_후보,,0,False
선용,4,명사,5,일반어,신규_어휘_후보,,0,False
선운사,0,명사,5,전문어(불교),신규_어휘_후보,,0,False
선인,2,명사,5,일반어/일반어/전문어(역사),신규_어휘_후보,,0,True
선임,1,명사,5,일반어/일반어,신규_어휘_후보,,0,False
선입관,0,명사,5,일반어,신규_어휘_후보,,0,False
선잠,1,명사,5,일반어,신규_어휘_후보,,0,False
선적,2,명사,5,일반어,신규_어휘_후보,,0,False
선전,7,명사,5,일반어,신규_어휘_후보,,0,True
선전관,1,명사,5,전문어(역사),신규_어휘_후보,,0,False
선전하다,4,동사,5,일반어,신규_어휘_후보,,0,True
선점,1,명사,5,일반어/전문어(법률)/전문어(법률),신규_어휘_후보,,0,False
선정,5,명사,5,일반어,신규_어휘_후보,,0,True
선제공격,0,명사,5,일반어,신규_어휘_후보,,0,False
선종,9,명사,5,전문어(불교),신규_어휘_후보,,0,False
선죽교,0,명사,5,전문어(역사),신규_어휘_후보,,0,False
선지,1,명사,5,일반어,신규_어휘_후보,,0,False
선집,0,명사,5,전문어(문학),신규_어휘_후보,,0,False
선짓국,0,명사,5,일반어,신규_어휘_후보,,0,False
선착순,0,명사,5,일반어,신규_어휘_후보,,0,False
선착하다,1,동사,5,일반어/일반어,신규_어휘_후보,,0,False
선처,2,명사,5,일반어/전문어(불교),신규_어휘_후보,,0,False
선천적,0,명사/관형사,5,일반어/전문어(철학),신규_어휘_후보,,0,False
선출,2,명사,5,일반어,신규_어휘_후보,,0,False
선취,2,명사,5,일반어,신규_어휘_후보,,0,False
선친,0,명사,5,일반어,신규_어휘_후보,,0,False
선크림,0,명사,5,전문어(복식),신규_어휘_후보,,0,False
선택권,0,명사,5,전문어(법률),신규_어휘_후보,,0,False
선편,3,명사,5,일반어,신규_어휘_후보,,0,False
선풍,2,명사,5,전문어(지구)/일반어,신규_어휘_후보,,0,False
선현,1,명사,5,일반어,신규_어휘_후보,,0,False
선혈,0,명사,5,일반어,신규_어휘_후보,,0,False
선형,5,명사,5,일반어/전문어(식물),신규_어휘_후보,,0,False
선호,3,명사,5,일반어,신규_어휘_후보,,0,False
선후,2,명사,5,일반어/일반어,신규_어휘_후보,,0,False
섣부르다,0,형용사,5,일반어,신규_어휘_후보,,0,False
설경,3,명사,5,일반어,신규_어휘_후보,,0,False
설교,2,명사,5,일반어/일반어,신규_어휘_후보,,0,False
설교자,0,명사,5,일반어,신규_어휘_후보,,0,False
설교하다,0,동사,5,일반어/일반어,신규_어휘_후보,,0,False
설득적,0,명사/관형사,5,일반어/일반어,신규_어휘_후보,,0,False
설레설레,0,부사,5,일반어,신규_어휘_후보,,0,False
설비하다,0,동사,5,일반어,신규_어휘_후보,,0,False
설설,1,부사,5,일반어/일반어/일반어/일반어,신규_어휘_후보,,0,False
설악산,0,명사,5,전문어(지명),신규_어휘_후보,,0,False
설왕설래,0,명사,5,일반어,신규_어휘_후보,,0,False
설욕,1,명사,5,일반어,신규_어휘_후보,,0,False
설욕하다,0,동사,5,일반어,신규_어휘_후보,,0,False
설워하다,0,동사,5,일반어,신규_어휘_후보,,0,False
설음식,0,명사,5,일반어,신규_어휘_후보,,0,False
설익다,0,동사,5,일반어/일반어,신규_어휘_후보,,0,False
설장구,0,명사,5,전문어(음악)/전문어(음악),신규_어휘_후보,,0,False
설전,1,명사,5,일반어,신규_어휘_후보,,0,False
설피,0,명사,5,일반어,신규_어휘_후보,,0,False
설혹,0,부사,5,일반어,신규_어휘_후보,,0,False
설화적,0,명사/관형사,5,일반어/일반어,신규_어휘_후보,,0,False
섬,1,명사/의존 명사,5,일반어/일반어,신규_어휘_후보,,0,True
섬광,1,명사,5,일반어/전문어(교통),신규_어휘_후보,,0,False
섬돌,0,명사,5,일반어,신규_어휘_후보,,0,False
섬뜩,0,부사,5,일반어,신규_어휘_후보,,0,False
섬마을,0,명사,5,일반어,신규_어휘_후보,,0,False
섬멸,0,명사,5,일반어,신규_어휘_후보,,0,False
섬세성,0,명사,5,일반어/일반어,신규_어휘_후보,,0,False
섬세히,0,부사,5,일반어/일반어,신규_어휘_후보,,0,False
섬유소,0,명사,5,전문어(생명)/전문어(생명),신규_어휘_후보,,0,False
섬진강,0,명사,5,전문어(지명),신규_어휘_후보,,0,False
섬찟하다,0,형용사,5,일반어,신규_어휘_후보,,0,False
섭렵,0,명사,5,일반어,신규_어휘_후보,,0,False
섭생,0,명사,5,일반어,신규_어휘_후보,,0,False
섭외,1,명사,5,일반어/전문어(법률),신규_어휘_후보,,0,False
섭정,0,명사,5,일반어,신규_어휘_후보,,0,False
성,1,명사,5,일반어,신규_어휘_후보,,0,True
성,3,의존 명사,5,일반어,신규_어휘_후보,,0,False
성가,4,명사,5,일반어/전문어(가톨릭)/전문어(기독교),신규_어휘_후보,,0,False
성가대,0,명사,5,전문어(기독교),신규_어휘_후보,,0,False
성격적,0,명사/관형사,5,일반어/일반어/전문어(심리)/일반어/일반어/전문어(심리),신규_어휘_후보,,0,False
성결교,0,명사,5,전문어(기독교),신규_어휘_후보,,0,False
성결하다,0,형용사,5,일반어,신규_어휘_후보,,0,False
성공률,0,명사,5,일반어,신규_어휘_후보,,0,False
성공리,0,명사,5,일반어,신규_어휘_후보,,0,False
성공회,0,명사,5,전문어(기독교),신규_어휘_후보,,0,False
성과급,0,명사,5,전문어(경영),신규_어휘_후보,,0,False
성관계,0,명사,5,일반어,신규_어휘_후보,,0,False
성교,1,명사,5,일반어,신규_어휘_후보,,0,False
성교하다,0,동사,5,일반어,신규_어휘_후보,,0,False
성군,4,명사,5,일반어,신규_어휘_후보,,0,False
성급히,0,부사,5,일반어,신규_어휘_후보,,0,False
성기다,0,형용사,5,일반어/일반어/일반어,신규_어휘_후보,,0,False
성내,0,명사,5,일반어,신규_어휘_후보,,0,False
성대모사,0,명사,5,일반어,신규_어휘_후보,,0,False
성덕,4,명사,5,일반어/일반어,신규_어휘_후보,,0,False
성량,0,명사,5,일반어,신규_어휘_후보,,0,False
성령,2,명사,5,전문어(기독교),신규_어휘_후보,,0,False
성모,1,명사,5,일반어/일반어/전문어(가톨릭),신규_어휘_후보,,0,False
성물,0,명사,5,일반어/전문어(가톨릭),신규_어휘_후보,,0,False
성미,1,명사,5,일반어,신규_어휘_후보,,0,False
성병,2,명사,5,전문어(의학),신규_어휘_후보,,0,False
성부,4,명사,5,전문어(기독교),신규_어휘_후보,,0,True
성부,6,명사,5,전문어(음악),신규_어휘_후보,,0,True
성생활,0,명사,5,일반어,신규_어휘_후보,,0,False
성성하다,0,형용사,5,일반어,신규_어휘_후보,,0,False
성쇠,0,명사,5,일반어,신규_어휘_후보,,0,False
성수기,0,명사,5,전문어(경제),신규_어휘_후보,,0,False
성신,4,명사,5,전문어(기독교),신규_어휘_후보,,0,False
성실성,0,명사,5,일반어,신규_어휘_후보,,0,False
성심,4,명사,5,일반어,신규_어휘_후보,,0,False
성싶다,0,보조 형용사,5,일반어,신규_어휘_후보,,0,False
성어,1,명사,5,일반어,신규_어휘_후보,,0,False
성에,1,명사,5,일반어/일반어,신규_어휘_후보,,0,False
성역,2,명사,5,일반어/일반어/일반어,신규_어휘_후보,,0,False
성욕,2,명사,5,일반어,신규_어휘_후보,,0,False
성운,2,명사,5,전문어(천문),신규_어휘_후보,,0,False
성웅,0,명사,5,일반어,신규_어휘_후보,,0,False
성원,4,명사,5,일반어/일반어,신규_어휘_후보,,0,True
성원하다,0,동사,5,일반어/일반어,신규_어휘_후보,,0,False
성인,4,명사,5,일반어/전문어(가톨릭),신규_어휘_후보,,0,True
성인군자,0,명사,5,일반어,신규_어휘_후보,,0,False
성인기,0,명사,5,일반어,신규_어휘_후보,,0,False
성자,8,명사,5,일반어/전문어(기독교)/전문어(불교),신규_어휘_후보,,0,False
성장통,0,명사,5,전문어(의학)/일반어,신규_어휘_후보,,0,False
성적,1,명사/관형사,5,"[Ⅰ]일반어
[Ⅱ]일반어",신규_어휘_후보,,0,True
성적순,0,명사,5,일반어,신규_어휘_후보,,0,False
성조,14,명사,5,일반어/전문어(언어),신규_어휘_후보,,0,False
성좌,1,명사,5,전문어(천문),신규_어휘_후보,,0,False
성주,5,명사,5,일반어/일반어/전문어(역사),신규_어휘_후보,,0,False
성징,0,명사,5,전문어(생명),신규_어휘_후보,,0,False
성차별,0,명사,5,일반어,신규_어휘_후보,,0,False
성찬,1,명사,5,일반어,신규_어휘_후보,,0,False
성찬반,0,명사,5,전문어(기독교),신규_어휘_후보,,0,False
성책,3,명사,5,일반어,신규_어휘_후보,,0,False
성추행,0,명사,5,일반어,신규_어휘_후보,,0,False
성취되다,0,동사,5,일반어,신규_어휘_후보,,0,False
성탑,1,명사,5,일반어,신규_어휘_후보,,0,False
성패,2,명사,5,일반어,신규_어휘_후보,,0,False
성폭행,0,명사,5,일반어,신규_어휘_후보,,0,False
성하다,3,형용사/동사,5,일반어/일반어/일반어/일반어/일반어,신규_어휘_후보,,0,True
성현,2,명사,5,일반어,신규_어휘_후보,,0,False
성형외과,0,명사,5,전문어(의학),신규_어휘_후보,,0,False
성호,4,명사,5,전문어(가톨릭),신규_어휘_후보,,0,False
성화하다,1,동사,5,일반어/일반어,신규_어휘_후보,,0,False
성황당,0,명사,5,전문어(민속),신규_어휘_후보,,0,False
성황신,0,명사,5,전문어(민속),신규_어휘_후보,,0,False
성황제,0,명사,5,전문어(민속),신규_어휘_후보,,0,False
섶,2,명사,5,일반어,신규_어휘_후보,,0,True
섶,3,명사,5,전문어(임업),신규_어휘_후보,,0,True
세,6,명사,5,전문어(행정)/전문어(역사)/전문어(역사),신규_어휘_후보,,0,True
세,7,명사,5,일반어/일반어,신규_어휘_후보,,0,True
세간,1,명사,5,일반어,신규_어휘_후보,,0,False
세계관,0,명사,5,전문어(철학),신규_어휘_후보,,0,False
세계주의,0,명사,5,일반어/전문어(법률),신규_어휘_후보,,0,False
세공,1,명사,5,일반어,신규_어휘_후보,,0,False
세네갈,0,명사,5,전문어(지명),신규_어휘_후보,,0,False
세뇌,1,명사,5,일반어,신규_어휘_후보,,0,False
세뇌하다,0,동사,5,일반어,신규_어휘_후보,,0,False
세단뛰기,0,명사,5,전문어(체육),신규_어휘_후보,,0,False
세대주,0,명사,5,일반어,신규_어휘_후보,,0,False
세도가,0,명사,5,일반어,신규_어휘_후보,,0,False
세라믹,0,명사,5,일반어/일반어,신규_어휘_후보,,0,False
세레나데,0,명사,5,전문어(음악),신규_어휘_후보,,0,False
세력권,0,명사,5,일반어/전문어(동물),신규_어휘_후보,,0,False
세련,1,명사,5,일반어,신규_어휘_후보,,0,False
세례명,0,명사,5,전문어(가톨릭),신규_어휘_후보,,0,False
세로선,0,명사,5,일반어,신규_어휘_후보,,0,False
세로쓰기,0,명사,5,일반어,신규_어휘_후보,,0,False
세로축,0,명사,5,전문어(수학),신규_어휘_후보,,0,False
세로획,0,명사,5,일반어,신규_어휘_후보,,0,False
세면도구,0,명사,5,일반어,신규_어휘_후보,,0,False
세면하다,0,동사,5,일반어,신규_어휘_후보,,0,False
세모꼴,0,명사,5,일반어/전문어(수학),신규_어휘_후보,,0,False
세무서,0,명사,5,전문어(행정),신규_어휘_후보,,0,False
세미나,0,명사,5,전문어(교육)/전문어(교육),신규_어휘_후보,,0,False
세밀히,0,부사,5,일반어,신규_어휘_후보,,0,False
세밑,0,명사,5,일반어,신규_어휘_후보,,0,False
세부적,0,명사/관형사,5,일반어/일반어,신규_어휘_후보,,0,False
세분,3,명사,5,일반어,신규_어휘_후보,,0,False
세분하다,0,동사,5,일반어,신규_어휘_후보,,0,False
세분화,0,명사,5,일반어,신규_어휘_후보,,0,False
세상만사,0,명사,5,일반어,신규_어휘_후보,,0,False
세상사,0,명사,5,일반어,신규_어휘_후보,,0,False
세상인심,0,명사,5,일반어,신규_어휘_후보,,0,False
세상일,0,명사,5,일반어,신규_어휘_후보,,0,False
세상천지,0,명사,5,일반어,신규_어휘_후보,,0,False
세속적,0,명사/관형사,5,일반어/일반어,신규_어휘_후보,,0,False
세심하다,1,동사,5,일반어,신규_어휘_후보,,0,False
세안,3,명사,5,일반어,신규_어휘_후보,,0,False
세우,2,명사,5,일반어,신규_어휘_후보,,0,False
세인,1,명사,5,일반어,신규_어휘_후보,,0,False
세일즈맨,0,명사,5,일반어,신규_어휘_후보,,0,False
세입자,0,명사,5,일반어,신규_어휘_후보,,0,False
세정,2,명사,5,일반어/전문어(종교 일반)/전문어(보건 일반),신규_어휘_후보,,0,False
세제곱,0,명사,5,전문어(수학),신규_어휘_후보,,0,False
세제곱센티미터,0,의존 명사,5,일반어,신규_어휘_후보,,0,False
세주다,2,동사,5,일반어,신규_어휘_후보,,0,False
세차장,0,명사,5,일반어,신규_어휘_후보,,0,False
세척,0,명사,5,일반어/전문어(자연 일반)/전문어(광업)/전문어(의학),신규_어휘_후보,,0,False
세척력,0,명사,5,일반어,신규_어휘_후보,,0,False
세출,0,명사,5,전문어(행정),신규_어휘_후보,,0,False
세탁비누,0,명사,5,일반어,신규_어휘_후보,,0,False
세탁업,0,명사,5,일반어,신규_어휘_후보,,0,False
세탁장,0,명사,5,일반어,신규_어휘_후보,,0,False
세태,1,명사,5,일반어,신규_어휘_후보,,0,False
세파,1,명사,5,일반어,신규_어휘_후보,,0,False
세팍타크로,0,명사,5,전문어(체육),신규_어휘_후보,,0,False
세포벽,0,명사,5,전문어(식물),신규_어휘_후보,,0,False
섹스,0,명사,5,일반어/일반어,신규_어휘_후보,,0,False
섹시하다,0,형용사,5,일반어,신규_어휘_후보,,0,False
센물,0,명사,5,전문어(화학),신규_어휘_후보,,0,False
센트,0,의존 명사,5,일반어,신규_어휘_후보,,0,False
셀,1,명사,5,전문어(정보·통신),신규_어휘_후보,,0,False
셀러리,0,명사,5,전문어(식물),신규_어휘_후보,,0,False
셈여림,0,명사,5,전문어(음악),신규_어휘_후보,,0,False
셋방,0,명사,5,일반어,신규_어휘_후보,,0,False
셋방살이,0,명사,5,일반어,신규_어휘_후보,,0,False
셋집,0,명사,5,일반어,신규_어휘_후보,,0,False
셔벗,0,명사,5,일반어,신규_어휘_후보,,0,False
셔틀콕,0,명사,5,전문어(체육),신규_어휘_후보,,0,False
셰일,0,명사,5,전문어(광업),신규_어휘_후보,,0,False
셰퍼드,0,명사,5,전문어(동물),신규_어휘_후보,,0,False
소,7,명사,5,일반어/전문어(지구),신규_어휘_후보,,0,True
소,9,명사,5,일반어/일반어/일반어/일반어/전문어(민속),신규_어휘_후보,,0,True
소각,5,명사,5,일반어,신규_어휘_후보,,0,False
소각로,0,명사,5,일반어,신규_어휘_후보,,0,False
소갈머리,0,명사,5,일반어/일반어,신규_어휘_후보,,0,False
소감문,0,명사,5,일반어,신규_어휘_후보,,0,False
소개말,0,명사,5,일반어,신규_어휘_후보,,0,False
소개소,0,명사,5,일반어/일반어,신규_어휘_후보,,0,False
소개팅,0,명사,5,일반어,신규_어휘_후보,,0,False
소견,3,명사,5,일반어,신규_어휘_후보,,0,False
소계,3,명사,5,일반어,신규_어휘_후보,,0,False
소고,4,명사,5,전문어(음악)/전문어(예체능 일반),신규_어휘_후보,,0,False
소관,4,명사,5,일반어,신규_어휘_후보,,0,False
소괄호,0,명사,5,전문어(언어)/전문어(수학),신규_어휘_후보,,0,False
소국,2,명사,5,일반어,신규_어휘_후보,,0,False
소극장,0,명사,5,일반어,신규_어휘_후보,,0,False
소금구이,0,명사,5,일반어/일반어,신규_어휘_후보,,0,False
소금국,0,명사,5,일반어/일반어,신규_어휘_후보,,0,False
소급,2,명사,5,일반어,신규_어휘_후보,,0,False
소급하다,0,동사,5,일반어,신규_어휘_후보,,0,False
소기,11,명사,5,일반어,신규_어휘_후보,,0,False
소꼬리,1,명사,5,일반어,신규_어휘_후보,,0,False
소꿉친구,0,명사,5,일반어,신규_어휘_후보,,0,False
소년기,0,명사,5,일반어,신규_어휘_후보,,0,False
소년원,0,명사,5,전문어(법률),신규_어휘_후보,,0,False
소다수,0,명사,5,전문어(화학),신규_어휘_후보,,0,False
소달구지,0,명사,5,일반어,신규_어휘_후보,,0,False
소담스럽다,0,형용사,5,일반어/일반어,신규_어휘_후보,,0,False
소담하다,1,형용사,5,일반어/일반어,신규_어휘_후보,,0,False
소대,2,명사,5,전문어(군사)/전문어(역사),신규_어휘_후보,,0,False
소독되다,0,동사,5,전문어(보건 일반),신규_어휘_후보,,0,False
소득세,0,명사,5,전문어(법률),신규_어휘_후보,,0,False
소등,1,명사,5,일반어,신규_어휘_후보,,0,False
소련,2,명사,5,전문어(지명),신규_어휘_후보,,0,False
소령,3,명사,5,전문어(군사),신규_어휘_후보,,0,False
소로,1,명사,5,일반어,신규_어휘_후보,,0,False
소르르,0,부사,5,일반어/일반어/일반어/일반어,신규_어휘_후보,,0,False
소리굽쇠,0,명사,5,전문어(음악),신규_어휘_후보,,0,False
소리하다,0,동사,5,일반어,신규_어휘_후보,,0,False
소만,1,명사,5,일반어,신규_어휘_후보,,0,False
소말리아,0,명사,5,전문어(지명),신규_어휘_후보,,0,False
소매가,0,명사,5,일반어,신규_어휘_후보,,0,False
소매업,0,명사,5,일반어,신규_어휘_후보,,0,False
소맥분,0,명사,5,일반어,신규_어휘_후보,,0,False
소멸하다,1,동사,5,일반어/전문어(물리),신규_어휘_후보,,0,False
소모량,0,명사,5,일반어,신규_어휘_후보,,0,False
소모품,0,명사,5,일반어/일반어,신규_어휘_후보,,0,False
소문내다,0,동사,5,일반어,신규_어휘_후보,,0,False
소문자,0,명사,5,일반어,신규_어휘_후보,,0,False
소박,2,명사,5,일반어,신규_어휘_후보,,0,False
소반,1,명사,5,일반어,신규_어휘_후보,,0,False
소방복,0,명사,5,일반어,신규_어휘_후보,,0,False
소백산맥,0,명사,5,전문어(지명),신규_어휘_후보,,0,False
소복,5,명사,5,일반어,신규_어휘_후보,,0,False
소불고기,0,명사,5,일반어,신규_어휘_후보,,0,False
소비지,0,명사,5,일반어,신규_어휘_후보,,0,False
소산,2,명사,5,일반어/일반어,신규_어휘_후보,,0,False
소상히,1,부사,5,일반어,신규_어휘_후보,,0,False
소소하다,1,형용사,5,일반어,신규_어휘_후보,,0,False
소속하다,0,동사,5,일반어,신규_어휘_후보,,0,False
소송비,0,명사,5,전문어(법률),신규_어휘_후보,,0,False
소송인,0,명사,5,전문어(법률),신규_어휘_후보,,0,False
소송장,0,명사,5,전문어(법률),신규_어휘_후보,,0,False
소수,4,명사,5,전문어(수학),신규_어휘_후보,,0,True
소수,15,명사,5,전문어(수학),신규_어휘_후보,,0,True
소수당,0,명사,5,전문어(정치),신규_어휘_후보,,0,False
소슬바람,0,명사,5,일반어,신규_어휘_후보,,0,False
소승,1,명사,5,전문어(불교),신규_어휘_후보,,0,False
소승,2,대명사,5,일반어,신규_어휘_후보,,0,False
소시,4,명사,5,일반어,신규_어휘_후보,,0,False
소식,1,명사,5,일반어,신규_어휘_후보,,0,True
소식가,0,명사,5,일반어,신규_어휘_후보,,0,False
소식통,0,명사,5,일반어/일반어,신규_어휘_후보,,0,False
소실,4,명사,5,일반어,신규_어휘_후보,,0,False
소양,7,명사,5,일반어,신규_어휘_후보,,0,False
소요하다,1,동사,5,일반어,신규_어휘_후보,,0,False
소용되다,0,동사,5,일반어,신규_어휘_후보,,0,False
소용없이,0,부사,5,일반어,신규_어휘_후보,,0,False
소위,5,부사,5,일반어,신규_어휘_후보,,0,False
소유격,0,명사,5,전문어(언어),신규_어휘_후보,,0,False
소유인,0,명사,5,일반어/일반어,신규_어휘_후보,,0,False
소음순,0,명사,5,전문어(의학),신규_어휘_후보,,0,False
소인,4,명사,5,일반어/일반어,신규_어휘_후보,,0,True
소일거리,0,명사,5,일반어,신규_어휘_후보,,0,False
소임,0,명사,5,일반어/일반어,신규_어휘_후보,,0,False
소자,8,명사,5,일반어,신규_어휘_후보,,0,False
소작,1,명사,5,전문어(농업),신규_어휘_후보,,0,False
소작논,0,명사,5,일반어,신규_어휘_후보,,0,False
소작농,0,명사,5,전문어(농업),신규_어휘_후보,,0,False
소작료,0,명사,5,일반어,신규_어휘_후보,,0,False
소장,3,명사,5,전문어(의학),신규_어휘_후보,,0,True
소장,10,명사,5,일반어,신규_어휘_후보,,0,True
소저,1,명사,5,일반어,신규_어휘_후보,,0,False
소전제,0,명사,5,전문어(철학),신규_어휘_후보,,0,False
소절,1,명사,5,일반어/일반어/일반어/전문어(임업)/전문어(음악),신규_어휘_후보,,0,False
소제,5,명사,5,일반어,신규_어휘_후보,,0,False
소제하다,0,동사,5,일반어,신규_어휘_후보,,0,False
소조,7,명사,5,전문어(미술),신규_어휘_후보,,0,False
소주방,0,명사,5,전문어(역사),신규_어휘_후보,,0,False
소죽,1,명사,5,일반어,신규_어휘_후보,,0,False
소줏집,0,명사,5,일반어,신규_어휘_후보,,0,False
소지,9,명사,5,전문어(민속),신규_어휘_후보,,0,True
소지하다,1,동사,5,일반어,신규_어휘_후보,,0,False
소집,0,명사,5,일반어/전문어(군사),신규_어휘_후보,,0,False
소집하다,0,동사,5,일반어/전문어(군사),신규_어휘_후보,,0,False
소쩍,0,부사,5,일반어,신규_어휘_후보,,0,False
소쩍소쩍,0,부사,5,일반어,신규_어휘_후보,,0,False
소철,2,명사,5,전문어(식물),신규_어휘_후보,,0,False
소총,2,명사,5,전문어(군사),신규_어휘_후보,,0,False
소출,1,명사,5,일반어,신규_어휘_후보,,0,False
소치,3,명사,5,일반어,신규_어휘_후보,,0,False
소탈하다,0,형용사,5,일반어,신규_어휘_후보,,0,False
소탕되다,0,동사,5,일반어,신규_어휘_후보,,0,False
소토,2,명사,5,전문어(농업),신규_어휘_후보,,0,False
소폭,1,명사/부사,5,일반어/일반어,신규_어휘_후보,,0,False
소프트볼,0,명사,5,전문어(체육),신규_어휘_후보,,0,False
소하천,0,명사,5,일반어,신규_어휘_후보,,0,False
소학,1,명사,5,전문어(교육)/전문어(역사)/전문어(역사),신규_어휘_후보,,0,False
소학생,0,명사,5,일반어,신규_어휘_후보,,0,False
소한,1,명사,5,일반어,신규_어휘_후보,,0,False
소행,1,명사,5,일반어,신규_어휘_후보,,0,False
소화기,2,명사,5,전문어(의학),신규_어휘_후보,,0,True
소화되다,2,동사,5,일반어,신규_어휘_후보,,0,True
소화전,0,명사,5,일반어,신규_어휘_후보,,0,False
소환하다,1,동사,5,전문어(법률),신규_어휘_후보,,0,False
속,5,명사,5,일반어/전문어(생명),신규_어휘_후보,,0,True
속개,0,명사,5,일반어,신규_어휘_후보,,0,False
속공,1,명사,5,전문어(체육),신규_어휘_후보,,0,False
속기,3,명사,5,일반어/일반어,신규_어휘_후보,,0,False
속껍질,0,명사,5,일반어,신규_어휘_후보,,0,False
속닥거리다,0,동사,5,일반어,신규_어휘_후보,,0,False
속단,1,명사,5,일반어,신규_어휘_후보,,0,False
속단하다,0,동사,5,일반어,신규_어휘_후보,,0,False
속대,1,명사,5,일반어/일반어,신규_어휘_후보,,0,False
속독,2,명사,5,일반어,신규_어휘_후보,,0,False
속되다,0,형용사,5,일반어/일반어,신규_어휘_후보,,0,False
속리산,0,명사,5,전문어(지명),신규_어휘_후보,,0,False
속말,1,명사,5,일반어,신규_어휘_후보,,0,False
속물,1,명사,5,일반어/일반어,신규_어휘_후보,,0,False
속바지,0,명사,5,일반어,신규_어휘_후보,,0,False
속박,0,명사,5,일반어/전문어(물리),신규_어휘_후보,,0,False
속박하다,0,동사,5,일반어/전문어(물리),신규_어휘_후보,,0,False
속보,1,명사,5,일반어/전문어(군사),신규_어휘_후보,,0,True
속살거리다,0,동사,5,일반어,신규_어휘_후보,,0,False
속설,0,명사,5,일반어/일반어,신규_어휘_후보,,0,False
속세,0,명사,5,전문어(불교),신규_어휘_후보,,0,False
속속,2,부사,5,일반어,신규_어휘_후보,,0,False
속씨식물,0,명사,5,전문어(식물),신규_어휘_후보,,0,False
속앓이,0,명사,5,일반어/일반어,신규_어휘_후보,,0,False
속어,0,명사,5,일반어/일반어,신규_어휘_후보,,0,False
속옷가지,0,명사,5,일반어,신규_어휘_후보,,0,False
속장경,0,명사,5,전문어(불교),신규_어휘_후보,,0,False
속저고리,0,명사,5,일반어,신규_어휘_후보,,0,False
속절없다,0,형용사,5,일반어,신규_어휘_후보,,0,False
속절없이,0,부사,5,일반어,신규_어휘_후보,,0,False
속죄,0,명사,5,일반어/전문어(기독교),신규_어휘_후보,,0,False
속지,1,명사,5,일반어/일반어/일반어,신규_어휘_후보,,0,False
속초,1,명사,5,전문어(지명),신규_어휘_후보,,0,False
속출,0,명사,5,일반어,신규_어휘_후보,,0,False
속칭,0,명사,5,일반어,신규_어휘_후보,,0,False
속편,1,명사,5,일반어,신규_어휘_후보,,0,False
속표지,0,명사,5,전문어(매체),신규_어휘_후보,,0,False
손,2,명사,5,일반어/일반어/일반어/일반어,신규_어휘_후보,,0,True
손나발,0,명사,5,일반어/일반어,신규_어휘_후보,,0,False
손뜨개,0,명사,5,일반어/일반어,신규_어휘_후보,,0,False
손맛,0,명사,5,일반어/일반어/일반어/일반어,신규_어휘_후보,,0,False
손버릇,0,명사,5,일반어/일반어/일반어,신규_어휘_후보,,0,False
손부,0,명사,5,일반어,신규_어휘_후보,,0,False
손부채,0,명사,5,일반어,신규_어휘_후보,,0,False
손뼈,0,명사,5,전문어(의학),신규_어휘_후보,,0,False
손상하다,0,동사,5,일반어/일반어/일반어/일반어,신규_어휘_후보,,0,False
손세탁하다,0,동사,5,일반어,신규_어휘_후보,,0,False
손아래,0,명사,5,일반어,신규_어휘_후보,,0,False
손위,1,명사,5,일반어,신규_어휘_후보,,0,False
손익,0,명사,5,일반어/전문어(경영),신규_어휘_후보,,0,False
손자병법,0,명사,5,전문어(책명),신규_어휘_후보,,0,False
손재간,0,명사,5,일반어,신규_어휘_후보,,0,False
손지갑,0,명사,5,일반어,신규_어휘_후보,,0,False
손찌검,0,명사,5,일반어,신규_어휘_후보,,0,False
솔가지,0,명사,5,일반어,신규_어휘_후보,,0,False
솔기,0,명사,5,일반어,신규_어휘_후보,,0,False
솔선,0,명사,5,일반어,신규_어휘_후보,,0,False
솔선수범,0,명사,5,일반어,신규_어휘_후보,,0,False
솔선하다,0,동사,5,일반어,신규_어휘_후보,,0,False
솜바지,0,명사,5,일반어,신규_어휘_후보,,0,False
솜방망이,1,명사,5,일반어/일반어/전문어(의학),신규_어휘_후보,,0,False
솜틀집,0,명사,5,일반어,신규_어휘_후보,,0,False
솟구다,1,동사,5,일반어,신규_어휘_후보,,0,False
솟대,0,명사,5,전문어(민속)/전문어(민속)/전문어(민속)/전문어(민속),신규_어휘_후보,,0,False
솟을대문,0,명사,5,전문어(건설),신규_어휘_후보,,0,False
솟치다,0,동사,5,일반어/일반어,신규_어휘_후보,,0,False
송가,0,명사,5,일반어,신규_어휘_후보,,0,False
송계,1,명사,5,일반어,신규_어휘_후보,,0,False
송골매,0,명사,5,전문어(동물),신규_어휘_후보,,0,False
송구영신,0,명사,5,일반어,신규_어휘_후보,,0,False
송구영신하다,0,동사,5,일반어,신규_어휘_후보,,0,False
송년,0,명사,5,일반어,신규_어휘_후보,,0,False
송년호,0,명사,5,일반어,신규_어휘_후보,,0,False
송년회,0,명사,5,일반어,신규_어휘_후보,,0,False
송덕비,0,명사,5,일반어,신규_어휘_후보,,0,False
송도,3,명사,5,전문어(지명),신규_어휘_후보,,0,False
송백,0,명사,5,일반어/일반어,신규_어휘_후보,,0,False
송별회,0,명사,5,일반어,신규_어휘_후보,,0,False
송사,2,명사,5,일반어,신규_어휘_후보,,0,False
송수관,0,명사,5,일반어,신규_어휘_후보,,0,False
송신,1,명사,5,일반어,신규_어휘_후보,,0,False
송악,2,명사,5,전문어(지명),신규_어휘_후보,,0,False
송연하다,0,형용사,5,일반어,신규_어휘_후보,,0,False
송전,4,명사,5,전문어(전기·전자),신규_어휘_후보,,0,False
송전하다,2,동사,5,전문어(전기·전자),신규_어휘_후보,,0,False
송죽,1,명사,5,일반어,신규_어휘_후보,,0,False
송출,0,명사,5,일반어/일반어,신규_어휘_후보,,0,False
송출되다,0,동사,5,일반어/일반어,신규_어휘_후보,,0,False
송하,0,명사,5,일반어,신규_어휘_후보,,0,False
송학,1,명사,5,전문어(철학),신규_어휘_후보,,0,False
송화기,0,명사,5,일반어,신규_어휘_후보,,0,False
송환,0,명사,5,일반어,신규_어휘_후보,,0,False
송환되다,0,동사,5,일반어,신규_어휘_후보,,0,False
송환자,0,명사,5,일반어,신규_어휘_후보,,0,False
송환하다,0,동사,5,일반어,신규_어휘_후보,,0,False
쇄골,2,명사,5,전문어(의학),신규_어휘_후보,,0,False
쇄국,0,명사,5,일반어,신규_어휘_후보,,0,False
쇄국주의,0,명사,5,전문어(정치),신규_어휘_후보,,0,False
쇄도,0,명사,5,일반어/일반어,신규_어휘_후보,,0,False
쇄도하다,0,동사,5,일반어/일반어,신규_어휘_후보,,0,False
쇄신,1,명사,5,일반어,신규_어휘_후보,,0,False
쇄신하다,1,동사,5,일반어,신규_어휘_후보,,0,False
쇠갈비,0,명사,5,일반어,신규_어휘_후보,,0,False
쇠고랑,0,명사,5,일반어,신규_어휘_후보,,0,False
쇠귀,0,명사,5,일반어,신규_어휘_후보,,0,False
쇠꼬리,0,명사,5,일반어/일반어,신규_어휘_후보,,0,False
쇠꼴,0,명사,5,일반어,신규_어휘_후보,,0,False
쇠도끼,0,명사,5,일반어,신규_어휘_후보,,0,False
쇠뜨기,0,명사,5,전문어(식물),신규_어휘_후보,,0,False
쇠못,0,명사,5,일반어,신규_어휘_후보,,0,False
쇠살,0,명사,5,일반어,신규_어휘_후보,,0,False
쇠약,0,명사,5,일반어,신규_어휘_후보,,0,False
쇠잔하다,0,동사,5,일반어,신규_어휘_후보,,0,False
쇠파리,0,명사,5,전문어(동물),신규_어휘_후보,,0,False
쇠풀,0,명사,5,전문어(식물),신규_어휘_후보,,0,False
쇠하다,0,동사,5,일반어,신규_어휘_후보,,0,False
쇤네,0,대명사,5,일반어,신규_어휘_후보,,0,False
쇳가루,0,명사,5,일반어/일반어,신규_어휘_후보,,0,False
쇳소리,0,명사,5,일반어/일반어,신규_어휘_후보,,0,False
숄,0,명사,5,일반어,신규_어휘_후보,,0,False
수,1,명사,5,일반어,신규_어휘_후보,,0,True
수,6,명사,5,전문어(민속),신규_어휘_후보,,0,True
수,11,명사,5,전문어(교육),신규_어휘_후보,,0,True
수간호사,0,명사,5,일반어,신규_어휘_후보,,0,False
수감,1,명사,5,일반어,신규_어휘_후보,,0,False
수감되다,0,동사,5,일반어,신규_어휘_후보,,0,False
수감자,0,명사,5,일반어,신규_어휘_후보,,0,False
수갑,1,명사,5,일반어,신규_어휘_후보,,0,False
수개미,0,명사,5,일반어,신규_어휘_후보,,0,False
수경,5,명사,5,일반어/일반어/일반어/일반어,신규_어휘_후보,,0,False
수고롭다,0,형용사,5,일반어,신규_어휘_후보,,0,False
수고스럽다,0,형용사,5,일반어,신규_어휘_후보,,0,False
수공업품,0,명사,5,일반어,신규_어휘_후보,,0,False
수공품,0,명사,5,일반어,신규_어휘_후보,,0,False
수구,5,명사,5,전문어(체육),신규_어휘_후보,,0,False
수구파,0,명사,5,일반어,신규_어휘_후보,,0,False
수군수군,0,부사,5,일반어,신규_어휘_후보,,0,False
수군통제사,0,명사,5,전문어(역사),신규_어휘_후보,,0,False
수궁,1,명사,5,일반어,신규_어휘_후보,,0,False
수궁가,0,명사,5,전문어(음악),신규_어휘_후보,,0,False
수금,5,명사,5,일반어,신규_어휘_후보,,0,False
수긍,0,명사,5,일반어,신규_어휘_후보,,0,False
수긍하다,0,동사,5,일반어,신규_어휘_후보,,0,False
수나사,0,명사,5,전문어(공업),신규_어휘_후보,,0,False
수난일,0,명사,5,전문어(기독교),신규_어휘_후보,,0,False
수납,2,명사,5,일반어,신규_어휘_후보,,0,True
수녀원,0,명사,5,전문어(가톨릭),신규_어휘_후보,,0,False
수달피,0,명사,5,일반어,신규_어휘_후보,,0,False
수더분하다,0,형용사,5,일반어,신규_어휘_후보,,0,False
수도,10,명사,5,일반어/전문어(불교),신규_어휘_후보,,0,True
수도사,0,명사,5,전문어(가톨릭),신규_어휘_후보,,0,False
수도세,0,명사,5,일반어,신규_어휘_후보,,0,False
수도하다,2,동사,5,일반어,신규_어휘_후보,,0,False
수동,1,명사,5,일반어,신규_어휘_후보,,0,False
수동적,1,명사/관형사,5,일반어/일반어,신규_어휘_후보,,0,True
수동태,0,명사,5,전문어(언어),신규_어휘_후보,,0,False
수두,1,명사,5,전문어(의학),신규_어휘_후보,,0,False
수라,1,명사,5,일반어,신규_어휘_후보,,0,False
수라상,0,명사,5,일반어,신규_어휘_후보,,0,False
수라장,0,명사,5,일반어/전문어(불교),신규_어휘_후보,,0,False
수락,0,명사,5,일반어,신규_어휘_후보,,0,False
수락하다,0,동사,5,일반어,신규_어휘_후보,,0,False
수런거리다,0,동사,5,일반어,신규_어휘_후보,,0,False
수런수런,0,부사,5,일반어,신규_어휘_후보,,0,False
수렁,0,명사,5,일반어/일반어,신규_어휘_후보,,0,False
수련,7,명사,5,전문어(식물),신규_어휘_후보,,0,True
수련법,0,명사,5,전문어(공예),신규_어휘_후보,,0,False
수렴하다,1,동사,5,전문어(물리)/전문어(생명)/일반어/일반어/일반어/전문어(물리)/전문어(생명),신규_어휘_후보,,0,False
수렵,0,명사,5,일반어,신규_어휘_후보,,0,False
수렵도,0,명사,5,일반어,신규_어휘_후보,,0,False
수령,4,명사,5,일반어,신규_어휘_후보,,0,True
수령,7,명사,5,일반어,신규_어휘_후보,,0,True
수록하다,2,동사,5,일반어/일반어,신규_어휘_후보,,0,False
수료,2,명사,5,일반어,신규_어휘_후보,,0,False
수륙,0,명사,5,일반어/일반어,신규_어휘_후보,,0,False
수리,2,명사,5,전문어(동물),신규_어휘_후보,,0,True
수리,6,명사,5,일반어/일반어,신규_어휘_후보,,0,True
수리되다,1,동사,5,일반어,신규_어휘_후보,,0,True
수리되다,2,동사,5,일반어,신규_어휘_후보,,0,True
수릿날,0,명사,5,전문어(민속),신규_어휘_후보,,0,False
수마,3,명사,5,일반어,신규_어휘_후보,,0,False
수만,0,수사/관형사,5,일반어/일반어,신규_어휘_후보,,0,False
수모,3,명사,5,일반어,신규_어휘_후보,,0,False
수몰,1,명사,5,일반어/전문어(광업),신규_어휘_후보,,0,False
수문장,2,명사,5,전문어(역사)/전문어(민속),신규_어휘_후보,,0,False
수박씨,0,명사,5,일반어,신규_어휘_후보,,0,False
수박화채,0,명사,5,일반어,신규_어휘_후보,,0,False
수반,5,명사,5,일반어/일반어,신규_어휘_후보,,0,True
수반,7,명사,5,일반어/일반어,신규_어휘_후보,,0,True
수반되다,0,동사,5,일반어/일반어,신규_어휘_후보,,0,False
수반하다,1,동사,5,일반어/일반어,신규_어휘_후보,,0,False
수배자,0,명사,5,일반어,신규_어휘_후보,,0,False
수배하다,1,동사,5,일반어/일반어,신규_어휘_후보,,0,False
수병,2,명사,5,전문어(군사),신규_어휘_후보,,0,False
수복되다,1,동사,5,일반어,신규_어휘_후보,,0,False
수복하다,1,동사,5,일반어,신규_어휘_후보,,0,False
수비망,0,명사,5,일반어,신규_어휘_후보,,0,False
수비자,0,명사,5,일반어,신규_어휘_후보,,0,False
수사대,0,명사,5,일반어,신규_어휘_후보,,0,False
수사망,0,명사,5,일반어,신규_어휘_후보,,0,False
수사법,0,명사,5,전문어(문학),신규_어휘_후보,,0,False
수사본부,0,명사,5,일반어,신규_어휘_후보,,0,False
수사슴,0,명사,5,일반어,신규_어휘_후보,,0,False
수삼,2,명사,5,일반어,신규_어휘_후보,,0,False
수상기,2,명사,5,전문어(정보·통신),신규_어휘_후보,,0,False
수상식,0,명사,5,일반어,신규_어휘_후보,,0,False
수상쩍다,0,형용사,5,일반어,신규_어휘_후보,,0,False
수선,1,명사,5,일반어,신규_어휘_후보,,0,True
수선스럽다,0,형용사,5,일반어/일반어,신규_어휘_후보,,0,False
수선스레,0,부사,5,일반어,신규_어휘_후보,,0,False
수선하다,1,형용사,5,일반어/일반어,신규_어휘_후보,,0,False
수성,4,명사,5,일반어/일반어/전문어(민속),신규_어휘_후보,,0,True
수성,5,명사,5,전문어(천문),신규_어휘_후보,,0,True
수세,6,명사,5,일반어,신규_어휘_후보,,0,False
수소,3,명사,5,전문어(화학),신규_어휘_후보,,0,True
수소문,0,명사,5,일반어,신규_어휘_후보,,0,False
수송기,0,명사,5,일반어,신규_어휘_후보,,0,False
수송선,1,명사,5,전문어(교통),신규_어휘_후보,,0,False
수수경단,0,명사,5,일반어,신규_어휘_후보,,0,False
수수꽃다리,0,명사,5,전문어(식물),신규_어휘_후보,,0,False
수수방관,0,명사,5,일반어,신규_어휘_후보,,0,False
수수부꾸미,0,명사,5,일반어,신규_어휘_후보,,0,False
수수엿,0,명사,5,일반어,신규_어휘_후보,,0,False
수숫대,0,명사,5,일반어,신규_어휘_후보,,0,False
수습,2,명사,5,일반어,신규_어휘_후보,,0,True
수습하다,2,동사,5,일반어,신규_어휘_후보,,0,True
수시,5,명사,5,일반어,신규_어휘_후보,,0,False
수식,4,명사,5,일반어/일반어/전문어(언어),신규_어휘_후보,,0,True
수식,5,명사,5,전문어(수학),신규_어휘_후보,,0,True
수식어,0,명사,5,전문어(언어)/전문어(언어),신규_어휘_후보,,0,False
수식하다,1,동사,5,일반어/일반어/전문어(언어),신규_어휘_후보,,0,False
수신,7,명사,5,전문어(경제),신규_어휘_후보,,0,False
수신제가,0,명사,5,일반어,신규_어휘_후보,,0,False
수심,9,명사,5,일반어,신규_어휘_후보,,0,True
수심가,0,명사,5,전문어(음악),신규_어휘_후보,,0,False
수십만,0,수사/관형사,5,일반어/일반어,신규_어휘_후보,,0,False
수액,5,명사,5,일반어/일반어,신규_어휘_후보,,0,False
수양,5,명사,5,일반어,신규_어휘_후보,,0,False
수양아들,0,명사,5,일반어,신규_어휘_후보,,0,False
수억,0,수사/관형사,5,일반어/일반어,신규_어휘_후보,,0,False
수업료,0,명사,5,일반어,신규_어휘_후보,,0,False
수여,1,명사,5,일반어,신규_어휘_후보,,0,False
수역,2,명사,5,일반어,신규_어휘_후보,,0,False
수완,0,명사,5,일반어/일반어,신규_어휘_후보,,0,False
수요자,0,명사,5,전문어(경제),신규_어휘_후보,,0,False
수용,4,명사,5,일반어,신규_어휘_후보,,0,True
수용,6,명사,5,일반어/일반어,신규_어휘_후보,,0,True
수용되다,2,동사,5,일반어,신규_어휘_후보,,0,False
수용성,1,명사,5,전문어(화학),신규_어휘_후보,,0,False
수원,1,명사,5,전문어(지명),신규_어휘_후보,,0,True
수원,2,명사,5,일반어,신규_어휘_후보,,0,True
수원성,0,명사,5,전문어(역사),신규_어휘_후보,,0,False
수원지,2,명사,5,일반어,신규_어휘_후보,,0,False
수월찮다,0,형용사,5,일반어/일반어,신규_어휘_후보,,0,False
수위,1,명사,5,일반어/일반어,신규_어휘_후보,,0,True
수위실,0,명사,5,일반어,신규_어휘_후보,,0,False
수유,5,명사,5,일반어,신규_어휘_후보,,0,False
수육,1,명사,5,일반어,신규_어휘_후보,,0,False
수은주,0,명사,5,전문어(물리),신규_어휘_후보,,0,False
수의,2,명사,5,일반어,신규_어휘_후보,,0,True
수의,11,명사,5,일반어,신규_어휘_후보,,0,True
수의학,0,명사,5,전문어(수의),신규_어휘_후보,,0,False
수익률,0,명사,5,전문어(경제),신규_어휘_후보,,0,False
수익성,0,명사,5,전문어(경제),신규_어휘_후보,,0,False
수일,3,명사,5,일반어,신규_어휘_후보,,0,False
수작하다,4,동사,5,일반어/일반어,신규_어휘_후보,,0,False
수장,3,명사,5,일반어/일반어,신규_어휘_후보,,0,True
수장,14,명사,5,일반어,신규_어휘_후보,,0,True
수재,2,명사,5,일반어,신규_어휘_후보,,0,True
수전,6,명사,5,일반어,신규_어휘_후보,,0,False
수절,1,명사,5,일반어/일반어,신규_어휘_후보,,0,False
수정란,0,명사,5,전문어(생명)/전문어(동물),신규_어휘_후보,,0,False
수제,1,명사,5,일반어/일반어,신규_어휘_후보,,0,False
수제자,0,명사,5,일반어,신규_어휘_후보,,0,False
수조,6,명사,5,일반어,신규_어휘_후보,,0,False
수조,15,수사/관형사,5,일반어/일반어,신규_어휘_후보,,0,False
수족,1,명사,5,일반어/일반어/일반어,신규_어휘_후보,,0,False
수종,4,명사,5,일반어,신규_어휘_후보,,0,False
수준급,0,명사,5,일반어,신규_어휘_후보,,0,False
수지,4,명사,5,일반어/일반어,신규_어휘_후보,,0,True
수지,10,명사,5,일반어/전문어(화학),신규_어휘_후보,,0,True
수지맞다,0,동사,5,일반어/일반어,신규_어휘_후보,,0,False
수직면,0,명사,5,전문어(수학),신규_어휘_후보,,0,False
수집벽,0,명사,5,일반어,신규_어휘_후보,,0,False
수차,1,명사,5,일반어/일반어/전문어(기계),신규_어휘_후보,,0,True
수차,4,명사,5,일반어,신규_어휘_후보,,0,True
수채,1,명사,5,일반어,신규_어휘_후보,,0,True
수축,1,명사,5,일반어/일반어,신규_어휘_후보,,0,False
수축하다,1,동사,5,일반어/일반어,신규_어휘_후보,,0,False
수취,3,명사,5,일반어,신규_어휘_후보,,0,False
수취인,0,명사,5,일반어/전문어(법률),신규_어휘_후보,,0,False
수칙,1,명사,5,일반어,신규_어휘_후보,,0,False
수캐,0,명사,5,일반어,신규_어휘_후보,,0,False
수키와,0,명사,5,전문어(건설),신규_어휘_후보,,0,False
수태하다,0,동사,5,일반어,신규_어휘_후보,,0,False
수통,1,명사,5,일반어,신규_어휘_후보,,0,False
수퇘지,0,명사,5,일반어,신규_어휘_후보,,0,False
수틀,2,명사,5,일반어,신규_어휘_후보,,0,False
수평면,0,명사,5,전문어(수학),신규_어휘_후보,,0,False
수포,2,명사,5,전문어(의학),신규_어휘_후보,,0,True
수포석,0,명사,5,전문어(지구),신규_어휘_후보,,0,False
수표교,0,명사,5,전문어(역사),신규_어휘_후보,,0,False
수필가,0,명사,5,일반어,신규_어휘_후보,,0,False
수하식,1,명사,5,전문어(수산업),신규_어휘_후보,,0,False
수하하다,3,동사,5,전문어(군사),신규_어휘_후보,,0,False
수학,2,명사,5,일반어,신규_어휘_후보,,0,True
수학적,0,명사/관형사,5,일반어/일반어/일반어/일반어/일반어/일반어,신규_어휘_후보,,0,False
수학하다,1,동사,5,일반어,신규_어휘_후보,,0,True
수학하다,2,동사,5,일반어,신규_어휘_후보,,0,True
수험,1,명사,5,일반어,신규_어휘_후보,,0,False
수험표,0,명사,5,일반어,신규_어휘_후보,,0,False
수혈,7,명사,5,전문어(의학),신규_어휘_후보,,0,False
수혈하다,0,동사,5,전문어(의학),신규_어휘_후보,,0,False
수협,0,명사,5,전문어(경제),신규_어휘_후보,,0,False
수형도,0,명사,5,전문어(언어),신규_어휘_후보,,0,False
수혜,2,명사,5,일반어,신규_어휘_후보,,0,False
수호자,0,명사,5,일반어,신규_어휘_후보,,0,False
수효,3,명사,5,일반어,신규_어휘_후보,,0,False
수훈,4,명사,5,일반어,신규_어휘_후보,,0,False
숙고,0,명사,5,일반어/일반어,신규_어휘_후보,,0,False
숙녀복,0,명사,5,일반어,신규_어휘_후보,,0,False
숙달,2,명사,5,일반어,신규_어휘_후보,,0,False
숙달되다,0,동사,5,일반어,신규_어휘_후보,,0,False
숙덕거리다,0,동사,5,일반어,신규_어휘_후보,,0,False
숙덕숙덕,0,부사,5,일반어,신규_어휘_후보,,0,False
숙려하다,0,동사,5,일반어,신규_어휘_후보,,0,False
숙련,0,명사,5,일반어,신규_어휘_후보,,0,False
숙련공,0,명사,5,일반어,신규_어휘_후보,,0,False
숙면,2,명사,5,일반어,신규_어휘_후보,,0,False
숙명,1,명사,5,일반어,신규_어휘_후보,,0,False
숙박료,0,명사,5,일반어,신규_어휘_후보,,0,False
숙박비,0,명사,5,일반어,신규_어휘_후보,,0,False
숙박업,0,명사,5,일반어,신규_어휘_후보,,0,False
숙박하다,0,동사,5,일반어,신규_어휘_후보,,0,False
숙변,1,명사,5,일반어,신규_어휘_후보,,0,False
숙부님,0,명사,5,일반어,신규_어휘_후보,,0,False
숙성하다,1,형용사,5,일반어,신규_어휘_후보,,0,False
숙성하다,2,동사,5,일반어/일반어,신규_어휘_후보,,0,False
숙어,0,명사,5,전문어(언어)/전문어(언어),신규_어휘_후보,,0,False
숙연하다,0,형용사,5,일반어,신규_어휘_후보,,0,False
숙연히,0,부사,5,일반어,신규_어휘_후보,,0,False
숙지황,0,명사,5,전문어(한의),신규_어휘_후보,,0,False
숙직,0,명사,5,일반어,신규_어휘_후보,,0,False
숙직실,0,명사,5,일반어,신규_어휘_후보,,0,False
숙질,2,명사,5,일반어,신규_어휘_후보,,0,False
숙질간,0,명사,5,일반어,신규_어휘_후보,,0,False
숙청,2,명사,5,일반어/일반어,신규_어휘_후보,,0,False
숙청하다,1,형용사,5,일반어,신규_어휘_후보,,0,False
숙청하다,2,동사,5,일반어/일반어,신규_어휘_후보,,0,False
숙환,0,명사,5,일반어/일반어,신규_어휘_후보,,0,False
순결성,0,명사,5,일반어,신규_어휘_후보,,0,False
순교자,0,명사,5,전문어(종교 일반),신규_어휘_후보,,0,False
순교하다,2,동사,5,전문어(종교 일반),신규_어휘_후보,,0,False
순국열사,0,명사,5,일반어,신규_어휘_후보,,0,False
순금,0,명사,5,일반어,신규_어휘_후보,,0,False
순도,2,명사,5,일반어/일반어,신규_어휘_후보,,0,False
순둥이,0,명사,5,일반어,신규_어휘_후보,,0,False
순례,1,명사,5,전문어(종교 일반)/일반어,신규_어휘_후보,,0,False
순례자,0,명사,5,일반어,신규_어휘_후보,,0,False
순례하다,1,동사,5,전문어(종교 일반)/일반어,신규_어휘_후보,,0,False
순리,7,명사,5,일반어,신규_어휘_후보,,0,False
순리적,0,명사/관형사,5,일반어/일반어,신규_어휘_후보,,0,False
순모,0,명사,5,일반어/일반어,신규_어휘_후보,,0,False
순방,2,명사,5,일반어,신규_어휘_후보,,0,False
순방하다,2,동사,5,일반어,신규_어휘_후보,,0,False
순백색,0,명사,5,일반어,신규_어휘_후보,,0,False
순보,0,명사,5,일반어/일반어,신규_어휘_후보,,0,False
순산,2,명사,5,일반어,신규_어휘_후보,,0,False
순서도,0,명사,5,전문어(정보·통신),신규_어휘_후보,,0,False
순서쌍,0,명사,5,전문어(수학),신규_어휘_후보,,0,False
순수성,0,명사,5,일반어,신규_어휘_후보,,0,False
순시,2,명사,5,일반어,신규_어휘_후보,,0,False
순시선,0,명사,5,일반어,신규_어휘_후보,,0,False
순시하다,1,동사,5,일반어,신규_어휘_후보,,0,False
순애하다,0,동사,5,일반어,신규_어휘_후보,,0,False
순우리말,0,명사,5,일반어,신규_어휘_후보,,0,False
순은,0,명사,5,일반어,신규_어휘_후보,,0,False
순응하다,0,동사,5,일반어/전문어(생명)/전문어(생명),신규_어휘_후보,,0,False
순절하다,0,동사,5,일반어,신규_어휘_후보,,0,False
순조로이,0,부사,5,일반어,신규_어휘_후보,,0,False
순종,2,명사,5,전문어(생명),신규_어휘_후보,,0,True
순종,5,명사,5,일반어,신규_어휘_후보,,0,True
순종하다,0,동사,5,일반어,신규_어휘_후보,,0,False
순직,1,명사,5,일반어,신규_어휘_후보,,0,False
순직하다,1,동사,5,일반어,신규_어휘_후보,,0,False
순찰차,0,명사,5,일반어,신규_어휘_후보,,0,False
순풍,2,명사,5,일반어/일반어,신규_어휘_후보,,0,False
순화,2,명사,5,일반어/일반어,신규_어휘_후보,,0,False
순화되다,1,동사,5,일반어/일반어,신규_어휘_후보,,0,False
순화어,0,명사,5,일반어,신규_어휘_후보,,0,False
순화하다,2,동사,5,일반어/일반어,신규_어휘_후보,,0,False
순회,0,명사,5,일반어,신규_어휘_후보,,0,False
순회하다,0,동사,5,일반어,신규_어휘_후보,,0,False
술,2,명사,5,일반어,신규_어휘_후보,,0,True
술고래,0,명사,5,일반어,신규_어휘_후보,,0,False
술기운,0,명사,5,일반어,신규_어휘_후보,,0,False
술김,0,명사,5,일반어,신규_어휘_후보,,0,False
술대,0,명사,5,전문어(음악),신규_어휘_후보,,0,False
술렁술렁,0,부사,5,일반어,신규_어휘_후보,,0,False
술망나니,0,명사,5,일반어,신규_어휘_후보,,0,False
술법,0,명사,5,전문어(민속),신규_어휘_후보,,0,False
술수,0,명사,5,전문어(민속)/일반어,신규_어휘_후보,,0,False
술어,1,명사,5,전문어(철학)/전문어(언어),신규_어휘_후보,,0,True
술어,2,명사,5,일반어,신규_어휘_후보,,0,True
술주정,0,명사,5,일반어,신규_어휘_후보,,0,False
술주정뱅이,0,명사,5,일반어,신규_어휘_후보,,0,False
술책,0,명사,5,일반어,신규_어휘_후보,,0,False
숨골,0,명사,5,전문어(의학)/일반어,신규_어휘_후보,,0,False
숫기,0,명사,5,일반어,신규_어휘_후보,,0,False
숫양,0,명사,5,일반어,신규_어휘_후보,,0,False
숫염소,0,명사,5,일반어,신규_어휘_후보,,0,False
숫제,0,부사,5,일반어/일반어,신규_어휘_후보,,0,False
숫쥐,0,명사,5,일반어,신규_어휘_후보,,0,False
숭고하다,1,동사,5,일반어,신규_어휘_후보,,0,False
숭례문,0,명사,5,전문어(역사),신규_어휘_후보,,0,False
숭배자,0,명사,5,일반어/일반어,신규_어휘_후보,,0,False
숭상,0,명사,5,일반어,신규_어휘_후보,,0,False
숭앙,0,명사,5,일반어,신규_어휘_후보,,0,False
숭앙하다,0,동사,5,일반어,신규_어휘_후보,,0,False
숭엄하다,0,형용사,5,일반어,신규_어휘_후보,,0,False
숯가마,0,명사,5,일반어,신규_어휘_후보,,0,False
숱,1,명사,5,일반어,신규_어휘_후보,,0,False
쉬,3,부사,5,일반어/일반어/일반어,신규_어휘_후보,,0,False
쉬,4,감탄사,5,일반어,신규_어휘_후보,,0,False
쉬다,1,동사,5,일반어,신규_어휘_후보,,0,True
쉬리,0,명사,5,전문어(동물),신규_어휘_후보,,0,False
쉬엄쉬엄,0,부사,5,일반어/일반어,신규_어휘_후보,,0,False
쉬이,0,부사,5,일반어/일반어/일반어,신규_어휘_후보,,0,False
쉬파리,0,명사,5,전문어(동물),신규_어휘_후보,,0,False
쉭,0,부사,5,일반어,신규_어휘_후보,,0,False
쉰내,1,명사,5,일반어,신규_어휘_후보,,0,False
슈퍼맨,0,명사,5,일반어,신규_어휘_후보,,0,False
스라소니,0,명사,5,전문어(동물),신규_어휘_후보,,0,False
스러지다,0,동사,5,일반어/일반어,신규_어휘_후보,,0,False
스륵,0,부사,5,일반어,신규_어휘_후보,,0,False
스리랑카,0,명사,5,전문어(지명),신규_어휘_후보,,0,False
스리슬쩍,0,부사,5,일반어,신규_어휘_후보,,0,False
스멀거리다,0,동사,5,일반어,신규_어휘_후보,,0,False
스멀스멀,0,부사,5,일반어,신규_어휘_후보,,0,False
스웨덴,0,명사,5,전문어(지명),신규_어휘_후보,,0,False
스위스,0,명사,5,전문어(지명),신규_어휘_후보,,0,False
스카이다이빙,0,명사,5,전문어(체육),신규_어휘_후보,,0,False
스케이트보드,0,명사,5,전문어(체육),신규_어휘_후보,,0,False
스케줄,0,명사,5,일반어,신규_어휘_후보,,0,False
스코틀랜드,0,명사,5,전문어(지명),신규_어휘_후보,,0,False
스쿨버스,0,명사,5,일반어,신규_어휘_후보,,0,False
스크래치,0,명사,5,전문어(미술)/전문어(체육)/전문어(체육),신규_어휘_후보,,0,False
스크롤,0,명사,5,전문어(정보·통신),신규_어휘_후보,,0,False
스타디움,0,명사,5,전문어(체육),신규_어휘_후보,,0,False
스타카토,0,명사,5,전문어(음악),신규_어휘_후보,,0,False
스턴트맨,0,명사,5,전문어(연기),신규_어휘_후보,,0,False
스테디셀러,0,명사,5,일반어,신규_어휘_후보,,0,False
스테레오,0,명사,5,전문어(매체),신규_어휘_후보,,0,False
스테이플러,0,명사,5,일반어,신규_어휘_후보,,0,False
스테인리스강,0,명사,5,전문어(공업),신규_어휘_후보,,0,False
스텐실,0,명사,5,전문어(미술)/전문어(매체),신규_어휘_후보,,0,False
스토브,0,명사,5,일반어,신규_어휘_후보,,0,False
스톡홀름,0,명사,5,전문어(지명),신규_어휘_후보,,0,False
스튜어드,0,명사,5,일반어,신규_어휘_후보,,0,False
스틸,1,명사,5,전문어(재료),신규_어휘_후보,,0,False
스파이크,0,명사,5,전문어(체육)/전문어(체육),신규_어휘_후보,,0,False
스파크,3,명사,5,전문어(물리),신규_어휘_후보,,0,False
스패너,0,명사,5,전문어(공업),신규_어휘_후보,,0,False
스페인,0,명사,5,전문어(지명),신규_어휘_후보,,0,False
스펙트럼,0,명사,5,전문어(물리)/전문어(전기·전자)/전문어(수학),신규_어휘_후보,,0,False
스포이트,0,명사,5,전문어(자연 일반),신규_어휘_후보,,0,False
스포츠머리,0,명사,5,일반어,신규_어휘_후보,,0,False
스프링클러,0,명사,5,일반어,신규_어휘_후보,,0,False
슬근슬근,0,부사,5,일반어/일반어,신규_어휘_후보,,0,False
슬럼프,0,명사,5,일반어/전문어(경제),신규_어휘_후보,,0,False
슬로건,0,명사,5,일반어,신규_어휘_후보,,0,False
슬로베니아,0,명사,5,전문어(지명),신규_어휘_후보,,0,False
슬로프,0,명사,5,전문어(체육),신규_어휘_후보,,0,False
슬하,0,명사,5,일반어,신규_어휘_후보,,0,False
습관화,0,명사,5,일반어,신규_어휘_후보,,0,False
습득,3,명사,5,일반어,신규_어휘_후보,,0,False
습득하다,1,동사,5,일반어,신규_어휘_후보,,0,True
습자,0,명사,5,일반어,신규_어휘_후보,,0,False
습작,1,명사,5,일반어,신규_어휘_후보,,0,False
습진,2,명사,5,전문어(의학),신규_어휘_후보,,0,False
승,11,의존 명사,5,일반어,신규_어휘_후보,,0,True
승,13,명사,5,전문어(불교),신규_어휘_후보,,0,True
승강구,0,명사,5,일반어,신규_어휘_후보,,0,False
승강대,0,명사,5,일반어,신규_어휘_후보,,0,False
승강이,0,명사,5,일반어,신규_어휘_후보,,0,False
승격,0,명사,5,일반어,신규_어휘_후보,,0,False
승격하다,0,동사,5,일반어,신규_어휘_후보,,0,False
승계,2,명사,5,일반어/전문어(법률),신규_어휘_후보,,0,False
승계하다,1,동사,5,일반어/전문어(법률),신규_어휘_후보,,0,False
승급,1,명사,5,일반어,신규_어휘_후보,,0,False
승냥이,0,명사,5,전문어(동물),신규_어휘_후보,,0,False
승로반,0,명사,5,일반어,신규_어휘_후보,,0,False
승리감,0,명사,5,일반어,신규_어휘_후보,,0,False
승마복,0,명사,5,일반어,신규_어휘_후보,,0,False
승무,4,명사,5,전문어(무용),신규_어휘_후보,,0,False
승방,1,명사,5,일반어,신규_어휘_후보,,0,False
승병,0,명사,5,일반어,신규_어휘_후보,,0,False
승복,1,명사,5,일반어/일반어,신규_어휘_후보,,0,False
승복하다,0,동사,5,일반어/일반어,신규_어휘_후보,,0,False
승선,2,명사,5,일반어,신규_어휘_후보,,0,False
승선하다,0,동사,5,일반어,신규_어휘_후보,,0,False
승세,2,명사,5,일반어,신규_어휘_후보,,0,False
승소,2,명사,5,전문어(법률),신규_어휘_후보,,0,False
승승,1,명사,5,일반어,신규_어휘_후보,,0,False
승승장구,0,명사,5,일반어,신규_어휘_후보,,0,False
승원,0,명사,5,일반어/전문어(가톨릭),신규_어휘_후보,,0,False
승인되다,0,동사,5,일반어/전문어(법률)/전문어(법률)/전문어(법률)/전문어(법률),신규_어휘_후보,,0,False
승전,4,명사,5,일반어,신규_어휘_후보,,0,False
승전고,0,명사,5,일반어,신규_어휘_후보,,0,False
승전국,0,명사,5,일반어,신규_어휘_후보,,0,False
승전하다,4,동사,5,일반어,신규_어휘_후보,,0,False
승점,0,명사,5,일반어/전문어(체육),신규_어휘_후보,,0,False
승조원,0,명사,5,일반어,신규_어휘_후보,,0,False
승지,1,명사,5,전문어(역사)/전문어(역사)/전문어(역사)/전문어(역사),신규_어휘_후보,,0,False
승차,2,명사,5,일반어,신규_어휘_후보,,0,False
승차하다,1,동사,5,일반어,신규_어휘_후보,,0,True
승차하다,2,동사,5,일반어,신규_어휘_후보,,0,True
승천,1,명사,5,일반어/전문어(가톨릭)/전문어(기독교),신규_어휘_후보,,0,False
승첩하다,0,동사,5,일반어,신규_어휘_후보,,0,False
승하,1,명사,5,일반어,신규_어휘_후보,,0,False
승하차,0,명사,5,일반어,신규_어휘_후보,,0,False
승화,0,명사,5,일반어/전문어(물리)/전문어(심리),신규_어휘_후보,,0,False
승화되다,0,동사,5,일반어/전문어(물리)/전문어(심리),신규_어휘_후보,,0,False
승화하다,0,동사,5,일반어/전문어(물리)/전문어(심리),신규_어휘_후보,,0,False
시,18,명사,5,전문어(음악),신규_어휘_후보,,0,True
시가,1,명사,5,일반어/일반어,신규_어휘_후보,,0,True
시가,8,명사,5,일반어/일반어,신규_어휘_후보,,0,True
시가전,0,명사,5,일반어,신규_어휘_후보,,0,False
시간적,0,명사/관형사,5,일반어/일반어,신규_어휘_후보,,0,False
시건방지다,0,형용사,5,일반어,신규_어휘_후보,,0,False
시경,1,명사,5,일반어,신규_어휘_후보,,0,False
시계,3,명사,5,일반어,신규_어휘_후보,,0,True
시계추,0,명사,5,일반어,신규_어휘_후보,,0,False
시계태엽,0,명사,5,일반어,신규_어휘_후보,,0,False
시골길,0,명사,5,일반어,신규_어휘_후보,,0,False
시골뜨기,0,명사,5,일반어,신규_어휘_후보,,0,False
시공,2,명사,5,일반어/전문어(물리),신규_어휘_후보,,0,True
시궁창,0,명사,5,일반어/일반어,신규_어휘_후보,,0,False
시금석,0,명사,5,전문어(광업)/일반어,신규_어휘_후보,,0,False
시금털털하다,0,형용사,5,일반어/일반어,신규_어휘_후보,,0,False
시기상조,0,명사,5,일반어,신규_어휘_후보,,0,False
시나위,0,명사,5,전문어(음악)/전문어(음악),신규_어휘_후보,,0,False
시누이,0,명사,5,일반어,신규_어휘_후보,,0,False
시답잖다,0,형용사,5,일반어,신규_어휘_후보,,0,False
시대상,0,명사,5,일반어,신규_어휘_후보,,0,False
시대정신,0,명사,5,일반어,신규_어휘_후보,,0,False
시동생,0,명사,5,일반어,신규_어휘_후보,,0,False
시드니,3,명사,5,전문어(지명),신규_어휘_후보,,0,False
시디롬,0,명사,5,전문어(정보·통신),신규_어휘_후보,,0,False
시랑,2,명사,5,일반어,신규_어휘_후보,,0,False
시래기,0,명사,5,일반어,신규_어휘_후보,,0,False
시래기나물,0,명사,5,일반어,신규_어휘_후보,,0,False
시렁,0,명사,5,일반어,신규_어휘_후보,,0,False
시루,0,명사,5,일반어,신규_어휘_후보,,0,False
시름없이,0,부사,5,일반어/일반어,신규_어휘_후보,,0,False
시리우스,0,명사,5,전문어(천문),신규_어휘_후보,,0,False
시말서,0,명사,5,일반어,신규_어휘_후보,,0,False
시무식,0,명사,5,일반어,신규_어휘_후보,,0,False
시민권,0,명사,5,전문어(법률)/전문어(법률),신규_어휘_후보,,0,False
시발,0,명사,5,일반어/일반어/일반어,신규_어휘_후보,,0,False
시발점,0,명사,5,일반어/일반어,신규_어휘_후보,,0,False
시베리아,0,명사,5,전문어(지명),신규_어휘_후보,,0,False
시보,1,명사,5,일반어/일반어,신규_어휘_후보,,0,False
시봉하다,0,동사,5,일반어,신규_어휘_후보,,0,False
시부,2,명사,5,일반어,신규_어휘_후보,,0,False
시부모,0,명사,5,일반어,신규_어휘_후보,,0,False
시비,7,명사,5,일반어,신규_어휘_후보,,0,True
시비조,0,명사,5,일반어,신규_어휘_후보,,0,False
시사,2,명사,5,일반어,신규_어휘_후보,,0,True
시사,8,명사,5,일반어,신규_어휘_후보,,0,True
시사하다,1,동사,5,일반어,신규_어휘_후보,,0,False
시사회,0,명사,5,일반어,신규_어휘_후보,,0,False
시상,10,명사,5,일반어/일반어/일반어,신규_어휘_후보,,0,True
시새우다,0,동사,5,일반어/일반어,신규_어휘_후보,,0,False
시숙,0,명사,5,일반어,신규_어휘_후보,,0,False
시시각각,0,명사,5,일반어,신규_어휘_후보,,0,False
시시껄렁하다,0,형용사,5,일반어,신규_어휘_후보,,0,False
시시덕거리다,0,동사,5,일반어,신규_어휘_후보,,0,False
시시때때로,0,부사,5,일반어,신규_어휘_후보,,0,False
시시비비,0,명사,5,일반어/일반어,신규_어휘_후보,,0,False
시시콜콜,0,부사,5,일반어/일반어,신규_어휘_후보,,0,False
시시콜콜하다,0,형용사,5,일반어/일반어,신규_어휘_후보,,0,False
시시콜콜히,0,부사,5,일반어/일반어,신규_어휘_후보,,0,False
시식,3,명사,5,일반어,신규_어휘_후보,,0,True
시신경,0,명사,5,전문어(의학),신규_어휘_후보,,0,False
시어,3,명사,5,전문어(문학),신규_어휘_후보,,0,False
시어른,0,명사,5,일반어,신규_어휘_후보,,0,False
시업식,0,명사,5,일반어/일반어,신규_어휘_후보,,0,False
시외,1,명사,5,일반어,신규_어휘_후보,,0,False
시원섭섭하다,0,형용사,5,일반어,신규_어휘_후보,,0,False
시원스레,0,부사,5,일반어/일반어/일반어/일반어/일반어/일반어,신규_어휘_후보,,0,False
시음,4,명사,5,일반어,신규_어휘_후보,,0,False
시음하다,3,동사,5,일반어,신규_어휘_후보,,0,False
시인,7,명사,5,일반어,신규_어휘_후보,,0,True
시인하다,1,동사,5,일반어,신규_어휘_후보,,0,False
시일,4,명사,5,일반어/일반어,신규_어휘_후보,,0,False
시작종,0,명사,5,일반어,신규_어휘_후보,,0,False
시장,1,명사,5,일반어,신규_어휘_후보,,0,True
시장기,0,명사,5,일반어,신규_어휘_후보,,0,False
시장성,0,명사,5,전문어(경제),신규_어휘_후보,,0,False
시전,2,명사,5,일반어/전문어(역사),신규_어휘_후보,,0,False
시접,1,명사,5,일반어,신규_어휘_후보,,0,False
시정,8,명사,5,일반어,신규_어휘_후보,,0,False
시정하다,4,동사,5,일반어,신규_어휘_후보,,0,False
시조,2,명사,5,일반어/일반어/일반어,신규_어휘_후보,,0,True
시조새,0,명사,5,전문어(동물),신규_어휘_후보,,0,False
시조집,0,명사,5,일반어,신규_어휘_후보,,0,False
시종,1,명사,5,전문어(역사)/전문어(역사)/전문어(가톨릭),신규_어휘_후보,,0,True
시종,2,명사/부사,5,일반어/일반어,신규_어휘_후보,,0,True
시종일관,0,명사,5,일반어,신규_어휘_후보,,0,False
시주,2,명사,5,전문어(불교),신규_어휘_후보,,0,False
시주하다,1,동사,5,전문어(불교),신규_어휘_후보,,0,False
시찰,0,명사,5,일반어,신규_어휘_후보,,0,False
시찰단,0,명사,5,일반어,신규_어휘_후보,,0,False
시찰하다,0,동사,5,일반어,신규_어휘_후보,,0,False
시책,1,명사,5,일반어,신규_어휘_후보,,0,False
시쳇말,0,명사,5,일반어,신규_어휘_후보,,0,False
시추,2,명사,5,전문어(광업),신규_어휘_후보,,0,False
시추선,0,명사,5,전문어(천연자원),신규_어휘_후보,,0,False
시치다,0,동사,5,일반어,신규_어휘_후보,,0,False
시칠리아,0,명사,5,전문어(지명)/전문어(지명),신규_어휘_후보,,0,False
시침,2,명사,5,일반어,신규_어휘_후보,,0,True
시침,6,명사,5,일반어,신규_어휘_후보,,0,True
시큰거리다,0,동사,5,일반어,신규_어휘_후보,,0,False
시트르산,0,명사,5,전문어(화학),신규_어휘_후보,,0,False
시트콤,0,명사,5,전문어(예체능 일반),신규_어휘_후보,,0,False
시판,1,명사,5,전문어(경영),신규_어휘_후보,,0,False
시학관,0,명사,5,전문어(역사)/전문어(역사),신규_어휘_후보,,0,False
시한,1,명사,5,일반어,신규_어휘_후보,,0,False
시한폭탄,0,명사,5,일반어,신규_어휘_후보,,0,False
시험기,2,명사,5,일반어,신규_어휘_후보,,0,False
시험대,0,명사,5,일반어/일반어,신규_어휘_후보,,0,False
시험적,0,명사/관형사,5,일반어/일반어/일반어/일반어/일반어/일반어,신규_어휘_후보,,0,False
시호,10,명사,5,일반어,신규_어휘_후보,,0,False
시화,5,명사,5,일반어/일반어,신규_어휘_후보,,0,False
시효,2,명사,5,전문어(법률)/전문어(화학),신규_어휘_후보,,0,False
식,1,부사,5,일반어,신규_어휘_후보,,0,False
식견,2,명사,5,일반어,신규_어휘_후보,,0,False
식곤증,0,명사,5,전문어(보건 일반),신규_어휘_후보,,0,False
식대,3,명사,5,일반어/일반어,신규_어휘_후보,,0,False
식도락,0,명사,5,일반어,신규_어휘_후보,,0,False
식도락가,0,명사,5,일반어,신규_어휘_후보,,0,False
식모살이하다,0,동사,5,일반어,신규_어휘_후보,,0,False
식모아이,0,명사,5,일반어,신규_어휘_후보,,0,False
식모애,0,명사,5,일반어,신규_어휘_후보,,0,False
식물도감,0,명사,5,일반어,신규_어휘_후보,,0,False
식물인간,0,명사,5,전문어(의학),신규_어휘_후보,,0,False
식물학,0,명사,5,전문어(식물),신규_어휘_후보,,0,False
식반,0,명사,5,일반어,신규_어휘_후보,,0,False
식별,0,명사,5,일반어/전문어(군사),신규_어휘_후보,,0,False
식사,2,명사,5,일반어,신규_어휘_후보,,0,True
식상,4,명사,5,일반어/전문어(한의),신규_어휘_후보,,0,False
식상하다,1,동사/형용사,5,일반어/일반어/일반어/일반어,신규_어휘_후보,,0,False
식생,0,명사,5,전문어(식물),신규_어휘_후보,,0,False
식수원,0,명사,5,일반어,신규_어휘_후보,,0,False
식순,0,명사,5,일반어,신규_어휘_후보,,0,False
식식거리다,0,동사,5,일반어,신규_어휘_후보,,0,False
식염수,0,명사,5,일반어/전문어(화학),신규_어휘_후보,,0,False
식음,0,명사,5,일반어,신규_어휘_후보,,0,False
식인종,0,명사,5,일반어,신규_어휘_후보,,0,False
식전,3,명사,5,일반어/일반어,신규_어휘_후보,,0,False
식충이,0,명사,5,일반어,신규_어휘_후보,,0,False
식탐,0,명사,5,일반어,신규_어휘_후보,,0,False
식품군,0,명사,5,일반어,신규_어휘_후보,,0,False
신간,4,명사,5,일반어,신규_어휘_후보,,0,False
신간회,0,명사,5,전문어(역사),신규_어휘_후보,,0,False
신갈나무,0,명사,5,전문어(식물),신규_어휘_후보,,0,False
신경과,0,명사,5,전문어(의학),신규_어휘_후보,,0,False
신경증,2,명사,5,전문어(심리),신규_어휘_후보,,0,False
신교,5,명사,5,전문어(기독교),신규_어휘_후보,,0,False
신교도,0,명사,5,전문어(기독교),신규_어휘_후보,,0,False
신교육,0,명사,5,전문어(교육)/전문어(교육),신규_어휘_후보,,0,False
신구,6,명사,5,일반어,신규_어휘_후보,,0,False
신기,2,명사,5,일반어,신규_어휘_후보,,0,True
신기,5,명사,5,일반어/일반어/일반어,신규_어휘_후보,,0,True
신기루,0,명사,5,일반어/일반어/일반어,신규_어휘_후보,,0,False
신년,2,명사,5,일반어,신규_어휘_후보,,0,False
신단수,0,명사,5,전문어(민속),신규_어휘_후보,,0,False
신라방,0,명사,5,전문어(역사),신규_어휘_후보,,0,False
신라원,0,명사,5,전문어(역사)/전문어(역사),신규_어휘_후보,,0,False
신랄하다,0,형용사,5,일반어/일반어,신규_어휘_후보,,0,False
신령님,0,명사,5,전문어(민속),신규_어휘_후보,,0,False
신령스럽다,0,형용사,5,일반어,신규_어휘_후보,,0,False
신령하다,0,형용사,5,일반어,신규_어휘_후보,,0,False
신록,1,명사,5,일반어,신규_어휘_후보,,0,False
신뢰감,0,명사,5,일반어,신규_어휘_후보,,0,False
신명,3,명사,5,일반어,신규_어휘_후보,,0,True
신문,7,명사,5,일반어/전문어(법률),신규_어휘_후보,,0,True
신문학,1,명사,5,전문어(문학),신규_어휘_후보,,0,False
신물,1,명사,5,일반어/일반어,신규_어휘_후보,,0,False
신미양요,0,명사,5,전문어(역사),신규_어휘_후보,,0,False
신민,0,명사,5,일반어,신규_어휘_후보,,0,False
신방,10,명사,5,일반어/일반어,신규_어휘_후보,,0,False
신봉,1,명사,5,일반어,신규_어휘_후보,,0,False
신봉하다,0,동사,5,일반어,신규_어휘_후보,,0,False
신붓감,0,명사,5,일반어,신규_어휘_후보,,0,False
신사,11,명사,5,일반어,신규_어휘_후보,,0,True
신상품,0,명사,5,일반어,신규_어휘_후보,,0,False
신생대,0,명사,5,전문어(지구),신규_어휘_후보,,0,False
신생아,0,명사,5,일반어,신규_어휘_후보,,0,False
신생아기,0,명사,5,전문어(의학),신규_어휘_후보,,0,False
신선놀음,0,명사,5,일반어,신규_어휘_후보,,0,False
신선로,0,명사,5,일반어,신규_어휘_후보,,0,False
신설되다,0,동사,5,일반어,신규_어휘_후보,,0,False
신성,3,명사,5,일반어/전문어(철학),신규_어휘_후보,,0,False
신성시하다,0,동사,5,일반어,신규_어휘_후보,,0,False
신세계,0,명사,5,일반어/전문어(지명),신규_어휘_후보,,0,False
신세대,0,명사,5,일반어/전문어(사회 일반),신규_어휘_후보,,0,False
신세타령,0,명사,5,일반어,신규_어휘_후보,,0,False
신세타령하다,0,동사,5,일반어,신규_어휘_후보,,0,False
신속성,0,명사,5,일반어,신규_어휘_후보,,0,False
신수,1,명사,5,일반어/일반어,신규_어휘_후보,,0,False
신시,4,명사,5,전문어(문학)/전문어(역사),신규_어휘_후보,,0,False
신시가지,0,명사,5,일반어,신규_어휘_후보,,0,False
신신당부,0,명사,5,일반어,신규_어휘_후보,,0,False
신신당부하다,0,동사,5,일반어,신규_어휘_후보,,0,False
신신부탁,0,명사,5,일반어,신규_어휘_후보,,0,False
신신부탁하다,0,동사,5,일반어,신규_어휘_후보,,0,False
신심,2,명사,5,일반어/일반어,신규_어휘_후보,,0,False
신앙생활,0,명사,5,일반어,신규_어휘_후보,,0,False
신앙인,0,명사,5,일반어,신규_어휘_후보,,0,False
신약,7,명사,5,전문어(기독교)/전문어(기독교),신규_어휘_후보,,0,False
신여성,1,명사,5,일반어/일반어,신규_어휘_후보,,0,False
신열,1,명사,5,일반어,신규_어휘_후보,,0,False
신용장,0,명사,5,전문어(경제)/전문어(법률),신규_어휘_후보,,0,False
신유박해,0,명사,5,전문어(역사),신규_어휘_후보,,0,False
신의,3,명사,5,일반어,신규_어휘_후보,,0,False
신의주,0,명사,5,전문어(지명),신규_어휘_후보,,0,False
신임,2,명사,5,일반어,신규_어휘_후보,,0,True
신임장,0,명사,5,전문어(정치),신규_어휘_후보,,0,False
신임하다,1,동사,5,일반어,신규_어휘_후보,,0,True
신임하다,2,동사,5,일반어,신규_어휘_후보,,0,True
신장,1,명사,5,일반어,신규_어휘_후보,,0,True
신장개업,0,명사,5,일반어,신규_어휘_후보,,0,False
신장개업하다,0,동사,5,일반어,신규_어휘_후보,,0,False
신장염,0,명사,5,전문어(의학),신규_어휘_후보,,0,False
신접살림,0,명사,5,일반어,신규_어휘_후보,,0,False
신정,6,명사,5,일반어/일반어,신규_어휘_후보,,0,False
신조,1,명사,5,일반어/전문어(종교 일반),신규_어휘_후보,,0,False
신주,4,명사,5,일반어,신규_어휘_후보,,0,False
신진,2,명사,5,일반어/일반어,신규_어휘_후보,,0,False
신진대사,0,명사,5,전문어(생명),신규_어휘_후보,,0,False
신짝,0,명사,5,일반어/일반어,신규_어휘_후보,,0,False
신참,0,명사,5,일반어/일반어,신규_어휘_후보,,0,False
신천지,0,명사,5,일반어,신규_어휘_후보,,0,False
신체검사하다,0,동사,5,일반어/일반어,신규_어휘_후보,,0,False
신체시,0,명사,5,전문어(문학)/전문어(문학),신규_어휘_후보,,0,False
신축,1,명사,5,일반어,신규_어휘_후보,,0,True
신축하다,2,동사,5,일반어,신규_어휘_후보,,0,False
신춘문예,0,명사,5,일반어,신규_어휘_후보,,0,False
신출귀몰하다,0,동사/형용사,5,일반어/일반어,신규_어휘_후보,,0,False
신출내기,0,명사,5,일반어,신규_어휘_후보,,0,False
신탁,2,명사,5,일반어/전문어(법률),신규_어휘_후보,,0,False
신토불이,0,명사,5,일반어,신규_어휘_후보,,0,False
신통,1,명사/품사 없음,5,일반어/일반어,신규_어휘_후보,,0,False
신파극,0,명사,5,전문어(연기),신규_어휘_후보,,0,False
신판,4,명사,5,일반어/일반어,신규_어휘_후보,,0,False
신학,1,명사,5,전문어(기독교),신규_어휘_후보,,0,False
신학교,0,명사,5,전문어(교육),신규_어휘_후보,,0,False
신호총,0,명사,5,일반어,신규_어휘_후보,,0,False
신호탄,0,명사,5,전문어(군사)/일반어,신규_어휘_후보,,0,False
신호판,0,명사,5,일반어,신규_어휘_후보,,0,False
신혼부부,0,명사,5,일반어,신규_어휘_후보,,0,False
신흥,2,명사,5,일반어,신규_어휘_후보,,0,False
실개천,0,명사,5,일반어,신규_어휘_후보,,0,False
실격,0,명사,5,일반어/일반어,신규_어휘_후보,,0,False
실권,2,명사,5,일반어,신규_어휘_후보,,0,False
실낱,0,명사,5,일반어,신규_어휘_후보,,0,False
실낱같다,0,형용사,5,일반어/일반어,신규_어휘_후보,,0,False
실내복,0,명사,5,일반어,신규_어휘_후보,,0,False
실내악,0,명사,5,전문어(음악),신규_어휘_후보,,0,False
실내악단,0,명사,5,전문어(음악),신규_어휘_후보,,0,False
실랑이질,0,명사,5,일반어/일반어,신규_어휘_후보,,0,False
실랑이하다,0,동사,5,일반어/일반어,신규_어휘_후보,,0,False
실례되다,0,동사,5,일반어,신규_어휘_후보,,0,False
실룩실룩하다,0,동사,5,일반어,신규_어휘_후보,,0,False
실리,3,명사,5,일반어,신규_어휘_후보,,0,False
실리주의,0,명사,5,일반어/전문어(법률)/전문어(철학),신규_어휘_후보,,0,False
실명,4,명사,5,일반어,신규_어휘_후보,,0,True
실명하다,3,동사,5,일반어,신규_어휘_후보,,0,False
실무,0,명사,5,일반어,신규_어휘_후보,,0,False
실뱀,0,명사,5,전문어(동물),신규_어휘_후보,,0,False
실버들,0,명사,5,전문어(식물),신규_어휘_후보,,0,False
실버타운,0,명사,5,일반어,신규_어휘_후보,,0,False
실비,1,명사,5,일반어,신규_어휘_후보,,0,False
실성,1,명사,5,일반어,신규_어휘_후보,,0,False
실소,2,명사,5,일반어,신규_어휘_후보,,0,False
실습실,0,명사,5,일반어,신규_어휘_후보,,0,False
실신,3,명사,5,일반어,신규_어휘_후보,,0,False
실실,0,부사,5,일반어,신규_어휘_후보,,0,False
실어증,0,명사,5,전문어(의학),신규_어휘_후보,,0,False
실언,0,명사,5,일반어,신규_어휘_후보,,0,False
실언하다,0,동사,5,일반어,신규_어휘_후보,,0,False
실없다,0,형용사,5,일반어,신규_어휘_후보,,0,False
실연하다,1,동사,5,일반어,신규_어휘_후보,,0,False
실올,0,명사,5,일반어,신규_어휘_후보,,0,False
실용주의,0,명사,5,전문어(철학),신규_어휘_후보,,0,False
실용품,0,명사,5,일반어,신규_어휘_후보,,0,False
실용하다,0,동사,5,일반어,신규_어휘_후보,,0,False
실의,1,명사,5,일반어,신규_어휘_후보,,0,False
실재,2,명사,5,일반어/전문어(철학)/전문어(철학),기존_콘텐츠와_연결_후보,SR_L6COREV2_5003,1,False
실재하다,0,동사,5,일반어,신규_어휘_후보,,0,False
실점하다,0,동사,5,일반어,신규_어휘_후보,,0,False
실정,4,명사,5,일반어,신규_어휘_후보,,0,False
실족,0,명사,5,일반어/일반어,신규_어휘_후보,,0,False
실족하다,0,동사,5,일반어/일반어,신규_어휘_후보,,0,False
실존,0,명사,5,일반어/전문어(철학)/전문어(철학),신규_어휘_후보,,0,False
실존하다,0,동사,5,일반어,신규_어휘_후보,,0,False
실증적,0,명사/관형사,5,전문어(철학),신규_어휘_후보,,0,False
실지로,0,부사,5,일반어,신규_어휘_후보,,0,False
실직,2,명사,5,일반어,신규_어휘_후보,,0,False
실책,0,명사,5,일반어/전문어(체육),신규_어휘_후보,,0,False
실천력,0,명사,5,일반어,신규_어휘_후보,,0,False
실추되다,0,동사,5,일반어,신규_어휘_후보,,0,False
실탄,2,명사,5,일반어,신규_어휘_후보,,0,False
실토,0,명사,5,일반어,신규_어휘_후보,,0,False
실토하다,0,동사,5,일반어,신규_어휘_후보,,0,False
실패,1,명사,5,일반어,신규_어휘_후보,,0,True
실하다,0,동사/형용사,5,일반어/일반어/일반어,신규_어휘_후보,,0,False
실험대,0,명사,5,일반어,신규_어휘_후보,,0,False
실화,3,명사,5,일반어,신규_어휘_후보,,0,False
실황,0,명사,5,일반어,신규_어휘_후보,,0,False
실효,2,명사,5,일반어,신규_어휘_후보,,0,False
실효성,0,명사,5,일반어,신규_어휘_후보,,0,False
심경,2,명사,5,일반어,신규_어휘_후보,,0,False
심기,1,명사,5,일반어,신규_어휘_후보,,0,False
심기일전하다,0,동사,5,일반어,신규_어휘_후보,,0,False
심란하다,0,형용사,5,일반어,신규_어휘_후보,,0,False
심려,1,명사,5,일반어,신규_어휘_후보,,0,False
심령술,0,명사,5,전문어(민속),신규_어휘_후보,,0,False
심리적,0,명사/관형사,5,일반어/일반어,신규_어휘_후보,,0,False
심리학자,0,명사,5,일반어,신규_어휘_후보,,0,False
심마니,0,명사,5,일반어,신규_어휘_후보,,0,False
심방,1,명사,5,전문어(의학),신규_어휘_후보,,0,False
심방하다,0,동사,5,일반어,신규_어휘_후보,,0,False
심사,3,명사,5,일반어/일반어,신규_어휘_후보,,0,True
심사숙고,0,명사,5,일반어,신규_어휘_후보,,0,False
심사숙고하다,0,동사,5,일반어,신규_어휘_후보,,0,False
심사장,0,명사,5,일반어,신규_어휘_후보,,0,False
심사하다,1,동사,5,일반어,신규_어휘_후보,,0,True
심산,3,명사,5,일반어,신규_어휘_후보,,0,False
심상,1,명사,5,일반어,신규_어휘_후보,,0,True
심상,4,명사,5,전문어(문학)/전문어(심리),신규_어휘_후보,,0,True
심상하다,2,형용사,5,일반어,신규_어휘_후보,,0,False
심성,1,명사,5,일반어/전문어(불교),신규_어휘_후보,,0,False
심술부리다,0,동사,5,일반어,신규_어휘_후보,,0,False
심심하다,2,형용사,5,일반어,신규_어휘_후보,,0,True
심야,0,명사,5,일반어,신규_어휘_후보,,0,False
심연,0,명사,5,일반어/일반어/일반어,신규_어휘_후보,,0,False
심오하다,0,형용사,5,일반어,신규_어휘_후보,,0,False
심장부,0,명사,5,일반어/일반어,신규_어휘_후보,,0,False
심장하다,1,형용사,5,일반어,신규_어휘_후보,,0,False
심적,0,명사/관형사,5,일반어/일반어,신규_어휘_후보,,0,False
심전도,0,명사,5,전문어(의학),신규_어휘_후보,,0,False
심중,1,명사,5,일반어,신규_어휘_후보,,0,False
심중히,0,부사,5,일반어/일반어,신규_어휘_후보,,0,False
심증,2,명사,5,일반어/전문어(법률),신규_어휘_후보,,0,False
심지,3,명사,5,일반어,신규_어휘_후보,,0,True
심청가,0,명사,5,전문어(음악),신규_어휘_후보,,0,False
심청전,0,명사,5,전문어(문학),신규_어휘_후보,,0,False
심취,1,명사,5,일반어,신규_어휘_후보,,0,False
심취하다,1,동사,5,일반어,신규_어휘_후보,,0,False
심포지엄,0,명사,5,일반어,신규_어휘_후보,,0,False
심혈,1,명사,5,일반어/일반어,신규_어휘_후보,,0,False
심혈관,0,명사,5,전문어(의학),신규_어휘_후보,,0,False
심화되다,0,동사,5,일반어,신규_어휘_후보,,0,False
십간,0,명사,5,전문어(민속),신규_어휘_후보,,0,False
십계명,0,명사,5,전문어(기독교),신규_어휘_후보,,0,False
십년감수,0,명사,5,일반어,신규_어휘_후보,,0,False
십분,0,부사,5,일반어,신규_어휘_후보,,0,False
십시일반,0,명사,5,일반어,신규_어휘_후보,,0,False
십이지,0,명사,5,전문어(민속)/전문어(불교),신규_어휘_후보,,0,False
십이지장충,0,명사,5,전문어(동물),신규_어휘_후보,,0,False
십자군,0,명사,5,전문어(역사)/일반어,신규_어휘_후보,,0,False
십자로,0,명사,5,일반어,신규_어휘_후보,,0,False
십자말풀이,0,명사,5,일반어,신규_어휘_후보,,0,False
십자매,0,명사,5,전문어(동물),신규_어휘_후보,,0,False
십자수,0,명사,5,전문어(공예),신규_어휘_후보,,0,False
십장생,0,명사,5,전문어(민속),신규_어휘_후보,,0,False
십중팔구,0,명사,5,일반어,신규_어휘_후보,,0,False
십진수,0,명사,5,전문어(수학),신규_어휘_후보,,0,False
싯다르타,0,명사,5,전문어(불교),신규_어휘_후보,,0,False
싱가포르,0,명사,5,전문어(지명)/전문어(지명),신규_어휘_후보,,0,False
싱숭생숭하다,0,형용사,5,일반어,신규_어휘_후보,,0,False
싸개,1,명사,5,일반어,신규_어휘_후보,,0,False
싸고돌다,0,동사,5,일반어/일반어/일반어,신규_어휘_후보,,0,False
싸느랗다,0,형용사,5,일반어/일반어,신규_어휘_후보,,0,False
싸다,4,형용사,5,일반어/일반어/일반어/일반어/일반어,신규_어휘_후보,,0,True
싸다니다,0,동사,5,일반어,신규_어휘_후보,,0,False
싸라기,0,명사,5,일반어/일반어,신규_어휘_후보,,0,False
싸락눈,0,명사,5,일반어,신규_어휘_후보,,0,False
싸락싸락,0,부사,5,일반어,신규_어휘_후보,,0,False
싸리,0,명사,5,전문어(식물),신규_어휘_후보,,0,False
싸리나무,0,명사,5,전문어(식물),신규_어휘_후보,,0,False
싸리문,0,명사,5,일반어/일반어,신규_어휘_후보,,0,False
싸리버섯,0,명사,5,전문어(생명),신규_어휘_후보,,0,False
싸리비,0,명사,5,일반어,신규_어휘_후보,,0,False
싸움꾼,0,명사,5,일반어,신규_어휘_후보,,0,False
싸움패,0,명사,5,일반어,신규_어휘_후보,,0,False
싸잡다,0,동사,5,일반어/일반어,신규_어휘_후보,,0,False
싸전,0,명사,5,일반어,신규_어휘_후보,,0,False
싹둑,0,부사,5,일반어,신규_어휘_후보,,0,False
싹트기,0,명사,5,전문어(식물),신규_어휘_후보,,0,False
쌀국수,0,명사,5,일반어,신규_어휘_후보,,0,False
쌀떡,0,명사,5,일반어,신규_어휘_후보,,0,False
쌀벌레,0,명사,5,일반어/일반어,신규_어휘_후보,,0,False
쌈박하다,2,형용사,5,일반어/일반어,신규_어휘_후보,,0,False
쌈장,0,명사,5,일반어,신규_어휘_후보,,0,False
쌈짓돈,0,명사,5,일반어,신규_어휘_후보,,0,False
쌉쌀하다,0,형용사,5,일반어,신규_어휘_후보,,0,False
쌍,2,명사,5,일반어/일반어/일반어,신규_어휘_후보,,0,False
쌍가마,3,명사,5,전문어(역사),신규_어휘_후보,,0,False
쌍곡선,0,명사,5,전문어(수학),신규_어휘_후보,,0,False
쌍두,0,명사,5,일반어/일반어,신규_어휘_후보,,0,False
쌍둥이자리,0,명사,5,전문어(천문),신규_어휘_후보,,0,False
쌍떡잎식물,0,명사,5,전문어(식물),신규_어휘_후보,,0,False
쌍무지개,0,명사,5,일반어,신규_어휘_후보,,0,False
쌍벽,0,명사,5,일반어/일반어,신규_어휘_후보,,0,False
쌍생아,0,명사,5,일반어,신규_어휘_후보,,0,False
쌍소리,0,명사,5,일반어,신규_어휘_후보,,0,False
쌍심지,0,명사,5,일반어,신규_어휘_후보,,0,False
쌍영총,0,명사,5,전문어(역사),신규_어휘_후보,,0,False
쌍점,0,명사,5,전문어(언어),신규_어휘_후보,,0,False
쌔다,1,동사,5,일반어/일반어/일반어/일반어/일반어/일반어,신규_어휘_후보,,0,False
쌕쌕,0,부사,5,일반어/일반어,신규_어휘_후보,,0,False
쌩,0,부사,5,일반어/일반어,신규_어휘_후보,,0,False
써늘하다,0,형용사,5,일반어/일반어,신규_어휘_후보,,0,False
써레,1,명사,5,전문어(농업),신규_어휘_후보,,0,False
써레질,0,명사,5,일반어,신규_어휘_후보,,0,False
써레질하다,0,동사,5,일반어,신규_어휘_후보,,0,False
썩둑썩둑,0,부사,5,일반어,신규_어휘_후보,,0,False
썩썩,1,부사,5,일반어,신규_어휘_후보,,0,False
쏜살,0,명사,5,일반어,신규_어휘_후보,,0,False
쏜살같다,0,형용사,5,일반어,신규_어휘_후보,,0,False
쏟아붓다,0,동사,5,일반어/일반어/일반어/일반어,신규_어휘_후보,,0,False
쏠쏠하다,0,형용사,5,일반어,신규_어휘_후보,,0,False
쏴,1,부사,5,일반어/일반어/일반어,신규_어휘_후보,,0,False
쑤군거리다,0,동사,5,일반어,신규_어휘_후보,,0,False
쑥대머리,0,명사,5,일반어/전문어(음악),신규_어휘_후보,,0,False
쑥대밭,0,명사,5,일반어/일반어,신규_어휘_후보,,0,False
쑥덕공론,0,명사,5,일반어,신규_어휘_후보,,0,False
쑥덕쑥덕,0,부사,5,일반어,신규_어휘_후보,,0,False
쑥버무리,0,명사,5,일반어,신규_어휘_후보,,0,False
쑥색,0,명사,5,일반어,신규_어휘_후보,,0,False
쓰개,0,명사,5,일반어,신규_어휘_후보,,0,False
쓰디쓰다,0,형용사,5,일반어/일반어,신규_어휘_후보,,0,False
쓰레질,1,명사,5,일반어,신규_어휘_후보,,0,False
쓰르라미,0,명사,5,전문어(동물),신규_어휘_후보,,0,False
쓱싹,0,부사,5,일반어/일반어/일반어,신규_어휘_후보,,0,False
쓸개즙,0,명사,5,전문어(생명),신규_어휘_후보,,0,False
씁쓰레하다,0,형용사,5,일반어/일반어,신규_어휘_후보,,0,False
씌다,5,동사,5,일반어/일반어/일반어/일반어/일반어,신규_어휘_후보,,0,True
씨감자,0,명사,5,일반어,신규_어휘_후보,,0,False
씨근거리다,0,동사,5,일반어,신규_어휘_후보,,0,False
씨근덕거리다,0,동사,5,일반어,신규_어휘_후보,,0,False
씨눈,0,명사,5,전문어(식물),신규_어휘_후보,,0,False
씨뿌리기,0,명사,5,전문어(농업),신규_어휘_후보,,0,False
씨실,0,명사,5,일반어,신규_어휘_후보,,0,False
씨아,0,명사,5,일반어,신규_어휘_후보,,0,False
씨알,0,명사,5,일반어/일반어/일반어/일반어,신규_어휘_후보,,0,False
씨줄,0,명사,5,일반어/전문어(지구),신규_어휘_후보,,0,False
씰룩거리다,0,동사,5,일반어,신규_어휘_후보,,0,False
씰룩씰룩,0,부사,5,일반어,신규_어휘_후보,,0,False
씽,0,부사,5,일반어/일반어,신규_어휘_후보,,0,False
씽씽하다,2,형용사,5,일반어/일반어/일반어,신규_어휘_후보,,0,False
아,4,명사,5,전문어(불교),신규_어휘_후보,,0,False
아교,2,명사,5,일반어,신규_어휘_후보,,0,False
아귀다툼,0,명사,5,일반어,신규_어휘_후보,,0,False
아귀찜,0,명사,5,일반어,신규_어휘_후보,,0,False
아까시나무,0,명사,5,전문어(식물),신규_어휘_후보,,0,False
아까워하다,0,동사,5,일반어,신규_어휘_후보,,0,False
아네모네,0,명사,5,전문어(식물),신규_어휘_후보,,0,False
아녀자,0,명사,5,일반어/일반어,신규_어휘_후보,,0,False
아니꼽다,0,형용사,5,일반어/일반어,신규_어휘_후보,,0,False
아니리,0,명사,5,전문어(음악),신규_어휘_후보,,0,False
아담,3,명사,5,전문어(기독교),신규_어휘_후보,,0,False
아동극,0,명사,5,전문어(연기)/전문어(연기),신규_어휘_후보,,0,False
아동복,0,명사,5,일반어,신규_어휘_후보,,0,False
아동용,0,명사,5,일반어,신규_어휘_후보,,0,False
아둔하다,0,형용사,5,일반어,신규_어휘_후보,,0,False
아득바득,0,부사,5,일반어,신규_어휘_후보,,0,False
아등바등,0,부사,5,일반어,신규_어휘_후보,,0,False
아뜩하다,0,형용사,5,일반어,신규_어휘_후보,,0,False
아라비아,0,명사,5,전문어(지명),신규_어휘_후보,,0,False
아라비안나이트,0,명사,5,전문어(책명),신규_어휘_후보,,0,False
아람,0,명사,5,일반어,신규_어휘_후보,,0,False
아랑곳없다,0,형용사,5,일반어,신규_어휘_후보,,0,False
아랑곳없이,0,부사,5,일반어,신규_어휘_후보,,0,False
아래뜸,0,명사,5,일반어,신규_어휘_후보,,0,False
아래알,0,명사,5,일반어,신규_어휘_후보,,0,False
아래윗집,0,명사,5,일반어,신규_어휘_후보,,0,False
아랫단,0,명사,5,일반어,신규_어휘_후보,,0,False
아랫도리,1,명사,5,일반어/일반어/일반어,신규_어휘_후보,,0,False
아랫면,0,명사,5,일반어,신규_어휘_후보,,0,False
아랫목,0,명사,5,일반어/일반어,신규_어휘_후보,,0,False
아랫방,0,명사,5,일반어/일반어,신규_어휘_후보,,0,False
아랫변,0,명사,5,전문어(수학),신규_어휘_후보,,0,False
아량,0,명사,5,일반어,신규_어휘_후보,,0,False
아련히,0,부사,5,일반어,신규_어휘_후보,,0,False
아로새기다,0,동사,5,일반어/일반어,신규_어휘_후보,,0,False
아롱거리다,0,동사,5,일반어,신규_어휘_후보,,0,False
아롱다롱,0,부사,5,일반어,신규_어휘_후보,,0,False
아롱지다,0,동사/형용사,5,일반어/일반어,신규_어휘_후보,,0,False
아뢰다,0,동사,5,일반어/일반어,신규_어휘_후보,,0,False
아르곤,0,명사,5,전문어(화학),신규_어휘_후보,,0,False
아르헨티나,2,명사,5,전문어(지명),신규_어휘_후보,,0,False
아름,1,명사/의존 명사,5,일반어/일반어,신규_어휘_후보,,0,False
아름드리,0,명사,5,일반어,신규_어휘_후보,,0,False
아름드리나무,0,명사,5,일반어,신규_어휘_후보,,0,False
아리땁다,0,형용사,5,일반어,신규_어휘_후보,,0,False
아릿하다,1,형용사,5,일반어,신규_어휘_후보,,0,False
아메리카,2,명사,5,전문어(지명)/전문어(지명),신규_어휘_후보,,0,False
아멘,2,감탄사,5,전문어(기독교),신규_어휘_후보,,0,False
아명,1,명사,5,일반어,신규_어휘_후보,,0,False
아무개,0,대명사,5,일반어,신규_어휘_후보,,0,False
아무러하다,0,형용사,5,일반어/일반어/일반어,신규_어휘_후보,,0,False
아무렴,0,감탄사,5,일반어,신규_어휘_후보,,0,False
아물거리다,0,동사,5,일반어/일반어/일반어,신규_어휘_후보,,0,False
아물아물,0,부사,5,일반어/일반어/일반어,신규_어휘_후보,,0,False
아물아물하다,0,동사,5,일반어/일반어/일반어,신규_어휘_후보,,0,False
아미,3,명사,5,일반어,신규_어휘_후보,,0,False
아미노산,0,명사,5,전문어(생명),신규_어휘_후보,,0,False
아방궁,0,명사,5,전문어(역사)/일반어,신규_어휘_후보,,0,False
아부하다,0,동사,5,일반어,신규_어휘_후보,,0,False
아비규환,0,명사,5,전문어(불교)/일반어,신규_어휘_후보,,0,False
아뿔싸,0,감탄사,5,일반어,신규_어휘_후보,,0,False
아사,5,명사,5,일반어,신규_어휘_후보,,0,False
아삭,0,부사,5,일반어/일반어/일반어,신규_어휘_후보,,0,False
아삭거리다,0,동사,5,일반어/일반어/일반어,신규_어휘_후보,,0,False
아서라,0,감탄사,5,일반어,신규_어휘_후보,,0,False
아성,1,명사,5,일반어/일반어,신규_어휘_후보,,0,False
아세톤,0,명사,5,전문어(화학),신규_어휘_후보,,0,False
아스라이,0,부사,5,일반어/일반어/일반어,신규_어휘_후보,,0,False
아스라하다,0,형용사,5,일반어/일반어/일반어,신규_어휘_후보,,0,False
아스피린,0,명사,5,전문어(약학),신규_어휘_후보,,0,False
아슬아슬,0,부사,5,일반어/일반어,신규_어휘_후보,,0,False
아악,0,명사,5,전문어(음악),신규_어휘_후보,,0,False
아역,1,명사,5,일반어,신규_어휘_후보,,0,False
아연실색하다,0,동사,5,일반어,신규_어휘_후보,,0,False
아옹다옹,0,부사,5,일반어,신규_어휘_후보,,0,False
아웅다웅,0,부사,5,일반어,신규_어휘_후보,,0,False
아으,0,감탄사,5,일반어,신규_어휘_후보,,0,False
아이고머니나,0,감탄사,5,일반어,신규_어휘_후보,,0,False
아이놈,0,명사,5,일반어,신규_어휘_후보,,0,False
아이스박스,0,명사,5,일반어,신규_어휘_후보,,0,False
아이오딘,0,명사,5,전문어(화학),신규_어휘_후보,,0,False
아이참,0,감탄사,5,일반어,신규_어휘_후보,,0,False
아작,0,부사,5,일반어,신규_어휘_후보,,0,False
아재,0,명사,5,일반어/일반어/일반어/일반어,신규_어휘_후보,,0,False
아전,4,명사,5,전문어(역사),신규_어휘_후보,,0,False
아전인수,0,명사,5,일반어,신규_어휘_후보,,0,False
아주까리,0,명사,5,전문어(식물),신규_어휘_후보,,0,False
아직껏,0,부사,5,일반어,신규_어휘_후보,,0,False
아집,0,명사,5,일반어/전문어(불교),신규_어휘_후보,,0,False
아차차,0,감탄사,5,일반어,신규_어휘_후보,,0,False
아찬,0,명사,5,전문어(역사),신규_어휘_후보,,0,False
아참,0,명사,5,일반어,신규_어휘_후보,,0,False
아취,0,명사,5,일반어,신규_어휘_후보,,0,False
아치,6,명사,5,일반어/전문어(건설),신규_어휘_후보,,0,False
아침나절,0,명사,5,일반어,신규_어휘_후보,,0,False
아침때,0,명사,5,일반어/일반어,신규_어휘_후보,,0,False
아침잠,0,명사,5,일반어,신규_어휘_후보,,0,False
아쿠아리움,0,명사,5,일반어,신규_어휘_후보,,0,False
아퀴,1,명사,5,일반어/일반어,신규_어휘_후보,,0,False
아크,0,명사,5,전문어(물리),신규_어휘_후보,,0,False
아킬레스건,0,명사,5,전문어(의학)/일반어,신규_어휘_후보,,0,False
아테나,0,명사,5,전문어(문학),신규_어휘_후보,,0,False
아테네,3,명사,5,전문어(지명),신규_어휘_후보,,0,False
아토피,0,명사,5,전문어(의학),신규_어휘_후보,,0,False
아틀리에,0,명사,5,일반어/일반어/일반어,신규_어휘_후보,,0,False
아편쟁이,0,명사,5,일반어,신규_어휘_후보,,0,False
아폴론,0,명사,5,전문어(문학),신규_어휘_후보,,0,False
아프가니스탄,0,명사,5,전문어(지명),신규_어휘_후보,,0,False
아프로디테,0,명사,5,전문어(문학),신규_어휘_후보,,0,False
아프리카,0,명사,5,전문어(지명),신규_어휘_후보,,0,False
아황산,0,명사,5,전문어(화학),신규_어휘_후보,,0,False
악감정,0,명사,5,일반어,신규_어휘_후보,,0,False
악귀,0,명사,5,일반어/일반어,신규_어휘_후보,,0,False
악기점,0,명사,5,일반어,신규_어휘_후보,,0,False
악단,3,명사,5,전문어(음악)/전문어(연기),신규_어휘_후보,,0,False
악담,0,명사,5,일반어,신규_어휘_후보,,0,False
악담하다,0,동사,5,일반어,신규_어휘_후보,,0,False
악독,1,명사,5,일반어,신규_어휘_후보,,0,False
악동,0,명사,5,일반어/일반어,신규_어휘_후보,,0,False
악바리,0,명사,5,일반어/일반어,신규_어휘_후보,,0,False
악법,0,명사,5,일반어/일반어,신규_어휘_후보,,0,False
악상,4,명사,5,일반어/일반어,신규_어휘_후보,,0,False
악습,0,명사,5,일반어,신규_어휘_후보,,0,False
악쓰다,0,동사,5,일반어,신규_어휘_후보,,0,False
악역,1,명사,5,일반어/일반어,신규_어휘_후보,,0,False
악연,2,명사,5,전문어(불교)/일반어,신규_어휘_후보,,0,False
악용,0,명사,5,일반어,신규_어휘_후보,,0,False
악의,2,명사,5,일반어/일반어/전문어(법률),신규_어휘_후보,,0,False
악장,4,명사,5,전문어(문학)/전문어(음악),신규_어휘_후보,,0,False
악전고투,0,명사,5,일반어,신규_어휘_후보,,0,False
악질,2,명사,5,일반어/일반어,신규_어휘_후보,,0,False
악착같다,0,형용사,5,일반어,신규_어휘_후보,,0,False
악착하다,0,형용사,5,일반어/일반어/일반어,신규_어휘_후보,,0,False
악천후,0,명사,5,일반어,신규_어휘_후보,,0,False
악취미,0,명사,5,일반어/일반어,신규_어휘_후보,,0,False
악필,0,명사,5,일반어/일반어,신규_어휘_후보,,0,False
악학궤범,0,명사,5,전문어(책명),신규_어휘_후보,,0,False
악한,0,명사,5,일반어,신규_어휘_후보,,0,False
악행,0,명사,5,일반어,신규_어휘_후보,,0,False
악형,0,명사,5,일반어,신규_어휘_후보,,0,False
안,4,명사,5,일반어/일반어/일반어/일반어,신규_어휘_후보,,0,True
안감,1,명사,5,일반어/일반어,신규_어휘_후보,,0,False
안개구름,0,명사,5,전문어(지구),신규_어휘_후보,,0,False
안경다리,0,명사,5,일반어,신규_어휘_후보,,0,False
안광,1,명사,5,일반어/일반어,신규_어휘_후보,,0,False
안내견,0,명사,5,일반어,신규_어휘_후보,,0,False
안내양,0,명사,5,일반어/일반어,신규_어휘_후보,,0,False
안다리,0,명사,5,전문어(체육),신규_어휘_후보,,0,False
안단테,0,명사,5,전문어(음악)/전문어(음악),신규_어휘_후보,,0,False
안달,1,명사,5,일반어,신규_어휘_후보,,0,False
안달하다,0,동사,5,일반어,신규_어휘_후보,,0,False
안드로메다,0,명사,5,전문어(문학),신규_어휘_후보,,0,False
안뜨기,0,명사,5,전문어(공예),신규_어휘_후보,,0,False
안락,0,명사,5,일반어,신규_어휘_후보,,0,False
안락사,0,명사,5,전문어(법률),신규_어휘_후보,,0,False
안락하다,0,형용사,5,일반어,신규_어휘_후보,,0,False
안료,0,명사,5,일반어/일반어,신규_어휘_후보,,0,False
안마하다,0,동사,5,일반어,신규_어휘_후보,,0,False
안맹하다,0,동사,5,일반어,신규_어휘_후보,,0,False
안면,4,명사,5,일반어/일반어,신규_어휘_후보,,0,False
안무,2,명사,5,전문어(예체능 일반),신규_어휘_후보,,0,False
안무가,0,명사,5,일반어,신규_어휘_후보,,0,False
안부하다,1,동사,5,일반어,신규_어휘_후보,,0,False
안사돈,0,명사,5,일반어,신규_어휘_후보,,0,False
안산,1,명사,5,전문어(지명),신규_어휘_후보,,0,False
안석,0,명사,5,일반어,신규_어휘_후보,,0,False
안섶,0,명사,5,일반어,신규_어휘_후보,,0,False
안시성,0,명사,5,전문어(역사),신규_어휘_후보,,0,False
안식교,0,명사,5,전문어(기독교),신규_어휘_후보,,0,False
안식일,0,명사,5,전문어(기독교),신규_어휘_후보,,0,False
안심,1,명사,5,일반어,신규_어휘_후보,,0,True
안심되다,0,동사,5,일반어/전문어(불교),신규_어휘_후보,,0,False
안압,0,명사,5,전문어(의학),신규_어휘_후보,,0,False
안압지,0,명사,5,전문어(지명),신규_어휘_후보,,0,False
안약,0,명사,5,전문어(약학),신규_어휘_후보,,0,False
안양,3,명사,5,전문어(지명),신규_어휘_후보,,0,False
안이하다,0,형용사,5,일반어/일반어,신규_어휘_후보,,0,False
안일하다,0,형용사,5,일반어/일반어,신규_어휘_후보,,0,False
안장하다,0,동사,5,일반어,신규_어휘_후보,,0,False
안전면도기,0,명사,5,일반어,신규_어휘_후보,,0,False
안전밸브,0,명사,5,전문어(기계),신규_어휘_후보,,0,False
안전시설,0,명사,5,일반어,신규_어휘_후보,,0,False
안전장치,0,명사,5,전문어(기계)/전문어(군사)/전문어(군사),신규_어휘_후보,,0,False
안전제일,0,명사,5,일반어,신규_어휘_후보,,0,False
안주하다,0,동사,5,일반어/일반어,신규_어휘_후보,,0,False
안질,0,명사,5,전문어(의학),신규_어휘_후보,,0,False
안집,1,명사,5,일반어/일반어/일반어,신규_어휘_후보,,0,False
안짱다리,0,명사,5,일반어,신규_어휘_후보,,0,False
안착하다,0,동사,5,일반어/일반어,신규_어휘_후보,,0,False
안치,1,명사,5,일반어/일반어/전문어(역사),신규_어휘_후보,,0,False
안치하다,1,동사,5,일반어/일반어/전문어(역사),신규_어휘_후보,,0,False
안타,1,명사,5,전문어(체육),신규_어휘_후보,,0,False
안하무인,0,명사,5,일반어,신규_어휘_후보,,0,False
알거지,0,명사,5,일반어,신규_어휘_후보,,0,False
알고리즘,0,명사,5,전문어(정보·통신),신규_어휘_후보,,0,False
알곡,0,명사,5,일반어/일반어/일반어,신규_어휘_후보,,0,False
알궁둥이,0,명사,5,일반어,신규_어휘_후보,,0,False
알까기,0,명사,5,일반어,신규_어휘_후보,,0,False
알뜰살뜰하다,0,형용사,5,일반어/일반어,신규_어휘_후보,,0,False
알라,3,명사,5,전문어(종교 일반),신규_어휘_후보,,0,False
알락달락,0,부사,5,일반어,신규_어휘_후보,,0,False
알랑거리다,0,동사,5,일반어,신규_어휘_후보,,0,False
알량하다,0,형용사,5,일반어,신규_어휘_후보,,0,False
알레그로,0,명사,5,전문어(음악),신규_어휘_후보,,0,False
알력,0,명사,5,일반어,신규_어휘_후보,,0,False
알리바이,0,명사,5,전문어(법률),신규_어휘_후보,,0,False
알몸뚱이,0,명사,5,일반어/일반어,신규_어휘_후보,,0,False
알부자,0,명사,5,일반어,신규_어휘_후보,,0,False
알선,0,명사,5,일반어/전문어(법률)/전문어(법률),신규_어휘_후보,,0,False
알선하다,0,동사,5,일반어/전문어(법률)/전문어(법률),신규_어휘_후보,,0,False
알싸하다,0,형용사,5,일반어,신규_어휘_후보,,0,False
알알이,0,부사,5,일반어,신규_어휘_후보,,0,False
알알하다,1,형용사,5,일반어/일반어/일반어,신규_어휘_후보,,0,False
알음,0,명사,5,일반어/일반어/일반어/일반어,신규_어휘_후보,,0,False
알음알음,0,명사,5,일반어/일반어,신규_어휘_후보,,0,False
알젓,0,명사,5,일반어/일반어,신규_어휘_후보,,0,False
알짜,0,명사,5,일반어/일반어,신규_어휘_후보,,0,False
알짱거리다,0,동사,5,일반어/일반어,신규_어휘_후보,,0,False
알토,0,명사,5,전문어(음악)/전문어(음악)/전문어(음악)/전문어(음악),신규_어휘_후보,,0,False
알통,0,명사,5,일반어,신규_어휘_후보,,0,False
앎,0,명사,5,일반어,신규_어휘_후보,,0,False
암갈색,0,명사,5,일반어,신규_어휘_후보,,0,False
암굴,2,명사,5,일반어,신규_어휘_후보,,0,False
암기하다,0,동사,5,일반어,신규_어휘_후보,,0,False
암꿩,0,명사,5,일반어,신규_어휘_후보,,0,False
암나사,0,명사,5,전문어(기계),신규_어휘_후보,,0,False
암내,1,명사,5,일반어,신규_어휘_후보,,0,False
암만하다,0,동사,5,일반어/일반어,신규_어휘_후보,,0,False
암말,1,명사,5,일반어,신규_어휘_후보,,0,False
암매장,0,명사,5,일반어,신규_어휘_후보,,0,False
암매장하다,0,동사,5,일반어,신규_어휘_후보,,0,False
암모나이트,0,명사,5,전문어(동물),신규_어휘_후보,,0,False
암모니아,0,명사,5,전문어(화학),신규_어휘_후보,,0,False
암모니아수,0,명사,5,전문어(화학),신규_어휘_후보,,0,False
암반,0,명사,5,일반어,신규_어휘_후보,,0,False
암수한그루,0,명사,5,전문어(식물),신규_어휘_후보,,0,False
암술대,0,명사,5,전문어(식물),신규_어휘_후보,,0,False
암술머리,0,명사,5,전문어(식물),신규_어휘_후보,,0,False
암스테르담,0,명사,5,전문어(지명),신규_어휘_후보,,0,False
암시,1,명사,5,일반어/전문어(문학)/전문어(심리),기존_콘텐츠와_연결_후보,SR_L6COREV2_5008,1,False
암시장,0,명사,5,전문어(경제),신규_어휘_후보,,0,False
암실,0,명사,5,일반어/일반어,신규_어휘_후보,,0,False
암전,2,명사,5,전문어(예체능 일반),신규_어휘_후보,,0,False
암종,0,명사,5,전문어(의학),신규_어휘_후보,,0,False
암캐,0,명사,5,일반어,신규_어휘_후보,,0,False
암투,0,명사,5,일반어,신규_어휘_후보,,0,False
암표,1,명사,5,일반어,신규_어휘_후보,,0,False
암행,0,명사,5,일반어,신규_어휘_후보,,0,False
암흑기,0,명사,5,일반어,신규_어휘_후보,,0,False
압력솥,0,명사,5,일반어,신규_어휘_후보,,0,False
압록강,0,명사,5,전문어(지명),신규_어휘_후보,,0,False
압사,2,명사,5,일반어,신규_어휘_후보,,0,False
압송,1,명사,5,전문어(법률),신규_어휘_후보,,0,False
압수,1,명사,5,일반어,신규_어휘_후보,,0,True
압제,0,명사,5,일반어,신규_어휘_후보,,0,False
압축되다,0,동사,5,일반어/일반어/일반어/전문어(심리)/전문어(정보·통신),신규_어휘_후보,,0,False
앙,1,부사,5,일반어,신규_어휘_후보,,0,False
앙가슴,0,명사,5,일반어,신규_어휘_후보,,0,False
앙감질,0,명사,5,일반어,신규_어휘_후보,,0,False
앙갚음하다,0,동사,5,일반어,신규_어휘_후보,,0,False
앙금,1,명사,5,일반어/일반어/전문어(화학),신규_어휘_후보,,0,False
앙부일구,0,명사,5,전문어(천문),신규_어휘_후보,,0,False
앙상히,0,부사,5,일반어/일반어/일반어,신규_어휘_후보,,0,False
앙숙,0,명사,5,일반어,신규_어휘_후보,,0,False
앙심,0,명사,5,일반어,신규_어휘_후보,,0,False
앙알거리다,0,동사,5,일반어,신규_어휘_후보,,0,False
앙증스럽다,0,형용사,5,일반어,신규_어휘_후보,,0,False
앙칼지다,0,형용사,5,일반어/일반어,신규_어휘_후보,,0,False
앙케트,0,명사,5,일반어,신규_어휘_후보,,0,False
앙큼스럽다,0,형용사,5,일반어,신규_어휘_후보,,0,False
앙큼하다,0,형용사,5,일반어/일반어,신규_어휘_후보,,0,False
앙탈,0,명사,5,일반어/일반어,신규_어휘_후보,,0,False
앙화,2,명사,5,일반어/일반어,신규_어휘_후보,,0,False
앞가르마,0,명사,5,일반어,신규_어휘_후보,,0,False
앞내,0,명사,5,일반어,신규_어휘_후보,,0,False
앞뒷집,0,명사,5,일반어/일반어,신규_어휘_후보,,0,False
앞들,0,명사,5,일반어,신규_어휘_후보,,0,False
앞말,1,명사,5,일반어/일반어/일반어,신규_어휘_후보,,0,False
앞무릎,0,명사,5,일반어,신규_어휘_후보,,0,False
앞벌,0,명사,5,일반어,신규_어휘_후보,,0,False
앞소리,0,명사,5,전문어(음악),신규_어휘_후보,,0,False
앞이마,0,명사,5,일반어/일반어,신규_어휘_후보,,0,False
앞자락,0,명사,5,일반어,신규_어휘_후보,,0,False
앞장세우다,0,동사,5,일반어/일반어,신규_어휘_후보,,0,False
앞지르기,0,명사,5,일반어,신규_어휘_후보,,0,False
앞코,2,명사,5,일반어,신규_어휘_후보,,0,False
앞판,0,명사,5,일반어,신규_어휘_후보,,0,False
앞표지,0,명사,5,일반어,신규_어휘_후보,,0,False
애걸,0,명사,5,일반어,신규_어휘_후보,,0,False
애고,1,감탄사,5,일반어/일반어,신규_어휘_후보,,0,False
애국정신,0,명사,5,일반어,신규_어휘_후보,,0,False
애국주의,0,명사,5,일반어,신규_어휘_후보,,0,False
애국주의자,0,명사,5,일반어,신규_어휘_후보,,0,False
애기하다,0,동사,5,일반어,신규_어휘_후보,,0,False
애꾸,0,명사,5,일반어/일반어,신규_어휘_후보,,0,False
애꾸눈이,0,명사,5,일반어,신규_어휘_후보,,0,False
애끊다,0,동사,5,일반어,신규_어휘_후보,,0,False
애놈,0,명사,5,일반어,신규_어휘_후보,,0,False
애늙은이,0,명사,5,일반어,신규_어휘_후보,,0,False
애달다,0,동사,5,일반어,신규_어휘_후보,,0,False
애달프다,0,형용사,5,일반어/일반어,신규_어휘_후보,,0,False
애도하다,0,동사,5,일반어,신규_어휘_후보,,0,False
애독자,0,명사,5,일반어,신규_어휘_후보,,0,False
애로,3,명사,5,일반어/일반어,신규_어휘_후보,,0,False
애매하다,1,형용사,5,일반어,신규_어휘_후보,,0,True
애무,2,명사,5,일반어,신규_어휘_후보,,0,False
애무하다,2,동사,5,일반어,신규_어휘_후보,,0,False
애민,2,명사,5,일반어,신규_어휘_후보,,0,False
애상,3,명사,5,일반어,신규_어휘_후보,,0,False
애송이,0,명사,5,일반어,신규_어휘_후보,,0,False
애수,0,명사,5,일반어,신규_어휘_후보,,0,False
애순,0,명사,5,전문어(식물),신규_어휘_후보,,0,False
애용하다,0,동사,5,일반어,신규_어휘_후보,,0,False
애잔하다,0,형용사,5,일반어/일반어,신규_어휘_후보,,0,False
애절하다,1,형용사,5,일반어,신규_어휘_후보,,0,True
애조,2,명사,5,일반어,신규_어휘_후보,,0,False
애족,0,명사,5,일반어,신규_어휘_후보,,0,False
애증,0,명사,5,일반어,신규_어휘_후보,,0,False
애지중지하다,0,동사,5,일반어,신규_어휘_후보,,0,False
애착심,0,명사,5,일반어,신규_어휘_후보,,0,False
애창,0,명사,5,일반어,신규_어휘_후보,,0,False
애창곡,0,명사,5,일반어,신규_어휘_후보,,0,False
애창되다,0,동사,5,일반어,신규_어휘_후보,,0,False
애처가,0,명사,5,일반어,신규_어휘_후보,,0,False
애타,0,명사,5,일반어,신규_어휘_후보,,0,False
애통하다,1,동사/형용사,5,일반어/일반어,신규_어휘_후보,,0,False
애틋이,0,부사,5,일반어/일반어,신규_어휘_후보,,0,False
애프터서비스,0,명사,5,일반어,신규_어휘_후보,,0,False
애플파이,0,명사,5,일반어,신규_어휘_후보,,0,False
애햄,0,감탄사,5,일반어,신규_어휘_후보,,0,False
애향심,0,명사,5,일반어,신규_어휘_후보,,0,False
애호,5,명사,5,일반어,신규_어휘_후보,,0,True
애호,6,명사,5,일반어,신규_어휘_후보,,0,True
애호가,1,명사,5,일반어,신규_어휘_후보,,0,False
애호하다,4,동사,5,일반어,신규_어휘_후보,,0,False
액땜,0,명사,5,일반어,신규_어휘_후보,,0,False
액막이,0,명사,5,전문어(민속),신규_어휘_후보,,0,False
액면,3,명사,5,일반어/일반어/전문어(경제)/전문어(경제),신규_어휘_후보,,0,False
액면가,0,명사,5,전문어(경제),신규_어휘_후보,,0,False
액상,1,명사,5,일반어/전문어(화학),신규_어휘_후보,,0,False
액운,1,명사,5,일반어,신규_어휘_후보,,0,False
앰뷸런스,0,명사,5,일반어,신규_어휘_후보,,0,False
앳되다,0,형용사,5,일반어,신규_어휘_후보,,0,False
앵돌아지다,0,동사,5,일반어/일반어/일반어,신규_어휘_후보,,0,False
야광,0,명사,5,일반어/일반어/일반어/전문어(민속)/전문어(천문),신규_어휘_후보,,0,False
야구팀,0,명사,5,전문어(체육),신규_어휘_후보,,0,False
야권,0,명사,5,일반어,신규_어휘_후보,,0,False
야근,0,명사,5,일반어,신규_어휘_후보,,0,False
야단스럽다,0,형용사,5,일반어,신규_어휘_후보,,0,False
야들야들,0,부사,5,일반어/일반어,신규_어휘_후보,,0,False
야들야들하다,0,형용사,5,일반어/일반어,신규_어휘_후보,,0,False
야리야리하다,0,형용사,5,일반어,신규_어휘_후보,,0,False
야만스럽다,0,형용사,5,일반어/일반어,신규_어휘_후보,,0,False
야만적,0,명사/관형사,5,일반어/일반어/일반어/일반어,신규_어휘_후보,,0,False
야만족,0,명사,5,일반어,신규_어휘_후보,,0,False
야맹증,0,명사,5,전문어(의학),신규_어휘_후보,,0,False
야멸차다,0,형용사,5,일반어/일반어,신규_어휘_후보,,0,False
야멸치다,0,형용사,5,일반어/일반어,신규_어휘_후보,,0,False
야박스럽다,0,형용사,5,일반어,신규_어휘_후보,,0,False
야밤,0,명사,5,일반어,신규_어휘_후보,,0,False
야비하다,0,형용사,5,일반어,신규_어휘_후보,,0,False
야생초,0,명사,5,일반어,신규_어휘_후보,,0,False
야생화,0,명사,5,일반어,신규_어휘_후보,,0,False
야습,2,명사,5,일반어,신규_어휘_후보,,0,False
야시장,0,명사,5,일반어,신규_어휘_후보,,0,False
야심,4,명사,5,일반어/일반어/일반어/일반어,신규_어휘_후보,,0,False
야외극,0,명사,5,전문어(연기),신규_어휘_후보,,0,False
야외극장,0,명사,5,일반어,신규_어휘_후보,,0,False
야외무대,0,명사,5,일반어,신규_어휘_후보,,0,False
야욕,0,명사,5,일반어/일반어,신규_어휘_후보,,0,False
야유하다,4,동사,5,일반어,신규_어휘_후보,,0,False
야유회,0,명사,5,일반어,신규_어휘_후보,,0,False
야인,0,명사,5,일반어/일반어/일반어/전문어(역사),신규_어휘_후보,,0,False
야전군,0,명사,5,전문어(군사)/전문어(군사),신규_어휘_후보,,0,False
야채샐러드,0,명사,5,일반어,신규_어휘_후보,,0,False
야채수프,0,명사,5,일반어,신규_어휘_후보,,0,False
약골,0,명사,5,일반어/일반어,신규_어휘_후보,,0,False
약관,1,명사,5,전문어(법률),신규_어휘_후보,,0,False
약동,2,명사,5,일반어,신규_어휘_후보,,0,False
약동하다,0,동사,5,일반어,신규_어휘_후보,,0,False
약력,3,명사,5,일반어,신규_어휘_후보,,0,False
약물터,0,명사,5,일반어,신규_어휘_후보,,0,False
약빠르다,0,형용사,5,일반어,신규_어휘_후보,,0,False
약삭빨리,0,부사,5,일반어,신규_어휘_후보,,0,False
약세,1,명사,5,일반어/전문어(경제),신규_어휘_후보,,0,False
약소,1,명사,5,일반어,신규_어휘_후보,,0,False
약소국,0,명사,5,일반어,신규_어휘_후보,,0,False
약솜,0,명사,5,전문어(의학),신규_어휘_후보,,0,False
약숟가락,0,명사,5,일반어,신규_어휘_후보,,0,False
약시,2,명사,5,일반어,신규_어휘_후보,,0,False
약식,2,명사,5,일반어,신규_어휘_후보,,0,True
약식,3,명사,5,일반어,신규_어휘_후보,,0,True
약어,1,명사,5,전문어(언어)/전문어(언어),신규_어휘_후보,,0,False
약용,0,명사,5,일반어,신규_어휘_후보,,0,False
약육강식,0,명사,5,일반어,신규_어휘_후보,,0,False
약장수,0,명사,5,일반어/일반어,신규_어휘_후보,,0,False
약제,2,명사,5,일반어,신규_어휘_후보,,0,False
약조,1,명사,5,일반어/일반어,신규_어휘_후보,,0,False
약주,3,명사,5,일반어/일반어/일반어,신규_어휘_후보,,0,False
약지,4,명사,5,일반어,신규_어휘_후보,,0,False
약진,2,명사,5,일반어/일반어,신규_어휘_후보,,0,False
약진하다,0,동사,5,일반어/일반어,신규_어휘_후보,,0,False
약체,2,명사,5,일반어/일반어,신규_어휘_후보,,0,False
약탕기,0,명사,5,일반어/일반어,신규_어휘_후보,,0,False
약포지,0,명사,5,일반어,신규_어휘_후보,,0,False
약학,0,명사,5,전문어(약학),신규_어휘_후보,,0,False
약혼녀,0,명사,5,일반어,신규_어휘_후보,,0,False
약혼반지,0,명사,5,일반어,신규_어휘_후보,,0,False
약혼식,0,명사,5,일반어,신규_어휘_후보,,0,False
약혼하다,0,동사,5,일반어,신규_어휘_후보,,0,False
얄궂다,0,형용사,5,일반어,신규_어휘_후보,,0,False
얄따랗다,0,형용사,5,일반어,신규_어휘_후보,,0,False
얍삽하다,0,형용사,5,일반어,신규_어휘_후보,,0,False
양,4,명사,5,전문어(교육),신규_어휘_후보,,0,True
양가,2,명사,5,일반어,신규_어휘_후보,,0,False
양가죽,0,명사,5,일반어,신규_어휘_후보,,0,False
양각,5,명사,5,전문어(미술),신규_어휘_후보,,0,False
양계,6,명사,5,일반어,신규_어휘_후보,,0,False
양고기,0,명사,5,일반어,신규_어휘_후보,,0,False
양귀비꽃,0,명사,5,일반어,신규_어휘_후보,,0,False
양극,1,명사,5,전문어(화학)/전문어(지구)/일반어,신규_어휘_후보,,0,True
양금,3,명사,5,전문어(음악)/전문어(음악),신규_어휘_후보,,0,False
양녀,3,명사,5,일반어/전문어(법률),신규_어휘_후보,,0,False
양념간장,0,명사,5,일반어,신규_어휘_후보,,0,False
양념장,0,명사,5,일반어,신규_어휘_후보,,0,False
양다리,0,명사,5,일반어,신규_어휘_후보,,0,False
양단되다,0,동사,5,일반어,신규_어휘_후보,,0,False
양달,0,명사,5,일반어,신규_어휘_후보,,0,False
양담배,0,명사,5,일반어,신규_어휘_후보,,0,False
양대,1,관형사,5,일반어,신규_어휘_후보,,0,False
양도,12,명사,5,일반어/전문어(법률),신규_어휘_후보,,0,False
양돈,2,명사,5,일반어,신규_어휘_후보,,0,False
양돈업,0,명사,5,일반어,신규_어휘_후보,,0,False
양란,2,명사,5,전문어(농업),신규_어휘_후보,,0,False
양모,1,명사,5,일반어,신규_어휘_후보,,0,False
양미간,0,명사,5,일반어,신규_어휘_후보,,0,False
양반전,0,명사,5,전문어(문학),신규_어휘_후보,,0,False
양변,2,명사,5,일반어/전문어(수학),신규_어휘_후보,,0,False
양복점,0,명사,5,일반어,신규_어휘_후보,,0,False
양봉,3,명사,5,일반어/일반어,신규_어휘_후보,,0,False
양봉업,0,명사,5,일반어,신규_어휘_후보,,0,False
양분,1,명사,5,일반어,신규_어휘_후보,,0,True
양분하다,0,동사,5,일반어,신규_어휘_후보,,0,False
양상,7,명사,5,일반어/전문어(철학),기존_콘텐츠와_연결_후보,SR_L6COREV2_5011,1,False
양서,1,명사,5,일반어,신규_어휘_후보,,0,False
양성,3,명사,5,일반어/일반어/전문어(생명)/전문어(화학),신규_어휘_후보,,0,True
양성,7,명사,5,일반어/일반어/전문어(의학)/전문어(화학),신규_어휘_후보,,0,True
양속,1,명사,5,일반어,신규_어휘_후보,,0,False
양순하다,0,형용사,5,일반어,신규_어휘_후보,,0,False
양실,3,명사,5,일반어,신규_어휘_후보,,0,False
양심수,0,명사,5,일반어,신규_어휘_후보,,0,False
양약,2,명사,5,일반어/일반어,신규_어휘_후보,,0,False
양약국,0,명사,5,일반어,신규_어휘_후보,,0,False
양양,6,명사,5,전문어(지명),신규_어휘_후보,,0,False
양양하다,1,형용사,5,일반어/일반어,신규_어휘_후보,,0,False
양어머니,0,명사,5,일반어,신규_어휘_후보,,0,False
양어장,0,명사,5,일반어,신규_어휘_후보,,0,False
양옥집,0,명사,5,일반어,신규_어휘_후보,,0,False
양용,0,명사,5,일반어,신규_어휘_후보,,0,False
양육비,0,명사,5,일반어,신규_어휘_후보,,0,False
양육하다,0,동사,5,일반어,신규_어휘_후보,,0,False
양인,1,명사,5,일반어/일반어/전문어(역사)/전문어(역사),신규_어휘_후보,,0,False
양일,2,명사,5,일반어,신규_어휘_후보,,0,False
양자,1,명사,5,일반어,동형이의_품사_확인_필요,,1,True
양자,10,명사,5,일반어/전문어(법률),동형이의_품사_확인_필요,,1,True
양자리,0,명사,5,전문어(천문),신규_어휘_후보,,0,False
양자택일,0,명사,5,일반어,신규_어휘_후보,,0,False
양잠업,0,명사,5,전문어(농업),신규_어휘_후보,,0,False
양장,5,명사,5,일반어/전문어(매체),신규_어휘_후보,,0,False
양재,5,명사,5,일반어,신규_어휘_후보,,0,False
양재기,0,명사,5,일반어,신규_어휘_후보,,0,False
양잿물,0,명사,5,일반어,신규_어휘_후보,,0,False
양조,5,명사,5,일반어,신규_어휘_후보,,0,False
양조간장,0,명사,5,일반어,신규_어휘_후보,,0,False
양조업,0,명사,5,일반어,신규_어휘_후보,,0,False
양조장,0,명사,5,일반어,신규_어휘_후보,,0,False
양철,0,명사,5,일반어,신규_어휘_후보,,0,False
양치식물,0,명사,5,전문어(식물),신규_어휘_후보,,0,False
양친,1,명사,5,일반어,신규_어휘_후보,,0,False
양해하다,0,동사,5,일반어,신규_어휘_후보,,0,False
양혜,1,명사,5,일반어,신규_어휘_후보,,0,False
양호,2,명사,5,일반어,신규_어휘_후보,,0,True
양호하다,1,형용사,5,일반어,신규_어휘_후보,,0,False
얘깃거리,0,명사,5,일반어,신규_어휘_후보,,0,False
어간,4,명사,5,전문어(언어),신규_어휘_후보,,0,False
어구,5,명사,5,일반어,신규_어휘_후보,,0,True
어구,7,명사,5,일반어,신규_어휘_후보,,0,True
어군,2,명사,5,전문어(언어),신규_어휘_후보,,0,False
어근,0,명사,5,전문어(언어),신규_어휘_후보,,0,False
어기,2,명사,5,일반어,신규_어휘_후보,,0,False
어기적거리다,1,동사,5,일반어,신규_어휘_후보,,0,False
어김없다,0,형용사,5,일반어/일반어,신규_어휘_후보,,0,False
어깃장,0,명사,5,일반어/전문어(건설),신규_어휘_후보,,0,False
어깨걸이,0,명사,5,일반어,신규_어휘_후보,,0,False
어깨뼈,0,명사,5,전문어(생명),신규_어휘_후보,,0,False
어댑터,0,명사,5,일반어/전문어(화학),신규_어휘_후보,,0,False
어두침침하다,0,형용사,5,일반어,신규_어휘_후보,,0,False
어둠상자,0,명사,5,전문어(물리),신규_어휘_후보,,0,False
어둠침침하다,0,형용사,5,일반어,신규_어휘_후보,,0,False
어려워하다,0,동사,5,일반어/일반어,신규_어휘_후보,,0,False
어련하다,0,형용사,5,일반어,신규_어휘_후보,,0,False
어련히,0,부사,5,일반어,신규_어휘_후보,,0,False
어렵사리,0,부사,5,일반어,신규_어휘_후보,,0,False
어로,3,명사,5,일반어,신규_어휘_후보,,0,False
어뢰,0,명사,5,전문어(군사),신규_어휘_후보,,0,False
어른벌레,0,명사,5,전문어(동물),신규_어휘_후보,,0,False
어른어른,0,부사,5,일반어/일반어/일반어,신규_어휘_후보,,0,False
어름치,0,명사,5,전문어(동물),신규_어휘_후보,,0,False
어리굴젓,0,명사,5,일반어,신규_어휘_후보,,0,False
어리다,2,형용사,5,일반어/일반어,신규_어휘_후보,,0,True
어리벙벙하다,0,형용사,5,일반어,신규_어휘_후보,,0,False
어리삥삥하다,0,형용사,5,일반어/일반어,신규_어휘_후보,,0,False
어리숙하다,0,형용사,5,일반어/일반어,신규_어휘_후보,,0,False
어린싹,0,명사,5,전문어(식물),신규_어휘_후보,,0,False
어린잎,0,명사,5,전문어(식물),신규_어휘_후보,,0,False
어림셈,0,명사,5,일반어,신규_어휘_후보,,0,False
어림셈하다,0,동사,5,일반어,신규_어휘_후보,,0,False
어림수,0,명사,5,일반어,신규_어휘_후보,,0,False
어림짐작,0,명사,5,일반어,신규_어휘_후보,,0,False
어림짐작하다,0,동사,5,일반어,신규_어휘_후보,,0,False
어릿광대,0,명사,5,일반어/일반어/일반어,신규_어휘_후보,,0,False
어릿어릿,1,부사,5,일반어/일반어,신규_어휘_후보,,0,False
어릿어릿하다,1,동사/형용사,5,일반어/일반어,신규_어휘_후보,,0,False
어마마마,0,명사,5,일반어,신규_어휘_후보,,0,False
어망,0,명사,5,일반어,신규_어휘_후보,,0,False
어머머,0,감탄사,5,일반어,신규_어휘_후보,,0,False
어물거리다,0,동사,5,일반어/일반어,신규_어휘_후보,,0,False
어물어물,0,부사,5,일반어/일반어,신규_어휘_후보,,0,False
어물어물하다,0,동사,5,일반어/일반어,신규_어휘_후보,,0,False
어물쩍어물쩍,0,부사,5,일반어,신규_어휘_후보,,0,False
어미,6,명사,5,전문어(언어),신규_어휘_후보,,0,True
어미젖,0,명사,5,일반어,신규_어휘_후보,,0,False
어부사시사,0,명사,5,전문어(문학),신규_어휘_후보,,0,False
어부지리,0,명사,5,일반어,신규_어휘_후보,,0,False
어불성설,0,명사,5,일반어,신규_어휘_후보,,0,False
어사또,0,명사,5,전문어(역사),신규_어휘_후보,,0,False
어사출두,0,명사,5,전문어(역사),신규_어휘_후보,,0,False
어사화,0,명사,5,전문어(역사)/전문어(역사),신규_어휘_후보,,0,False
어수룩하다,0,형용사,5,일반어/일반어,신규_어휘_후보,,0,False
어스름,0,명사,5,일반어,신규_어휘_후보,,0,False
어스름하다,0,형용사,5,일반어,신규_어휘_후보,,0,False
어슬렁거리다,0,동사,5,일반어,신규_어휘_후보,,0,False
어슷비슷하다,0,형용사,5,일반어/일반어,신규_어휘_후보,,0,False
어슷어슷,2,부사,5,일반어,신규_어휘_후보,,0,False
어시장,0,명사,5,일반어,신규_어휘_후보,,0,False
어언,0,부사,5,일반어,신규_어휘_후보,,0,False
어언간,0,부사,5,일반어,신규_어휘_후보,,0,False
어여머리,0,명사,5,일반어,신규_어휘_후보,,0,False
어여삐,0,부사,5,일반어,신규_어휘_후보,,0,False
어염,2,명사,5,일반어/일반어,신규_어휘_후보,,0,False
어엿이,0,부사,5,일반어,신규_어휘_후보,,0,False
어영대장,0,명사,5,전문어(역사),신규_어휘_후보,,0,False
어우,0,명사,5,일반어,신규_어휘_후보,,0,False
어원,2,명사,5,전문어(언어),신규_어휘_후보,,0,False
어육,1,명사,5,일반어/일반어/일반어,신규_어휘_후보,,0,False
어음,1,명사,5,전문어(경제)/전문어(역사),신규_어휘_후보,,0,False
어장,10,명사,5,일반어/전문어(해양),신규_어휘_후보,,0,False
어적어적,0,부사,5,일반어,신규_어휘_후보,,0,False
어전,3,명사,5,일반어,신규_어휘_후보,,0,False
어절,0,명사,5,전문어(언어),신규_어휘_후보,,0,False
어정거리다,0,동사,5,일반어,신규_어휘_후보,,0,False
어정어정,0,부사,5,일반어,신규_어휘_후보,,0,False
어정쩡하다,0,형용사,5,일반어/일반어/일반어,신규_어휘_후보,,0,False
어족,1,명사,5,전문어(동물),신규_어휘_후보,,0,True
어족,2,명사,5,전문어(언어),신규_어휘_후보,,0,True
어줍다,0,형용사,5,일반어/일반어/일반어,신규_어휘_후보,,0,False
어중간하다,0,형용사,5,일반어/일반어/일반어/일반어,신규_어휘_후보,,0,False
어중이떠중이,0,명사,5,일반어,신규_어휘_후보,,0,False
어지간하다,0,형용사,5,일반어/일반어/일반어/일반어,신규_어휘_후보,,0,False
어지럼증,0,명사,5,일반어,신규_어휘_후보,,0,False
어진,0,명사,5,일반어,신규_어휘_후보,,0,False
어질어질,0,부사,5,일반어,신규_어휘_후보,,0,False
어질어질하다,0,형용사,5,일반어,신규_어휘_후보,,0,False
어쨌건,0,부사/품사 없음,5,일반어/일반어,신규_어휘_후보,,0,False
어쩌고저쩌고,0,부사,5,일반어,신규_어휘_후보,,0,False
어쭙잖다,0,형용사,5,일반어/일반어,신규_어휘_후보,,0,False
어찔어찔하다,0,형용사,5,일반어,신규_어휘_후보,,0,False
어창,2,명사,5,전문어(수산업),신규_어휘_후보,,0,False
어처구니없이,0,부사,5,일반어,신규_어휘_후보,,0,False
어투,0,명사,5,일반어,신규_어휘_후보,,0,False
어학연수,0,명사,5,일반어,신규_어휘_후보,,0,False
어학자,0,명사,5,일반어,신규_어휘_후보,,0,False
어험,1,감탄사,5,일반어/일반어,신규_어휘_후보,,0,False
어획,0,명사,5,일반어,신규_어휘_후보,,0,False
어획고,0,명사,5,전문어(수산업),신규_어휘_후보,,0,False
어획물,0,명사,5,전문어(수산업),신규_어휘_후보,,0,False
어휘론,0,명사,5,전문어(언어),신규_어휘_후보,,0,False
어휘집,0,명사,5,일반어,신규_어휘_후보,,0,False
억류,0,명사,5,일반어,신규_어휘_후보,,0,False
억만장자,0,명사,5,일반어,신규_어휘_후보,,0,False
억새,0,명사,5,전문어(식물),신규_어휘_후보,,0,False
억새밭,0,명사,5,일반어,신규_어휘_후보,,0,False
억새풀,0,명사,5,일반어,신규_어휘_후보,,0,False
억압되다,0,동사,5,일반어/전문어(생명)/전문어(심리),신규_어휘_후보,,0,False
억제,0,명사,5,일반어/일반어/전문어(의학),신규_어휘_후보,,0,False
억지웃음,0,명사,5,일반어,신규_어휘_후보,,0,False
억척같이,0,부사,5,일반어,신규_어휘_후보,,0,False
억척스럽다,0,형용사,5,일반어,신규_어휘_후보,,0,False
언감생심,0,명사,5,일반어,신규_어휘_후보,,0,False
언급하다,0,동사,5,일반어,신규_어휘_후보,,0,False
언덕바지,0,명사,5,일반어,신규_어휘_후보,,0,False
언도,0,명사,5,전문어(법률),신규_어휘_후보,,0,False
언도하다,0,동사,5,전문어(법률),신규_어휘_후보,,0,False
언동,0,명사,5,일반어,신규_어휘_후보,,0,False
언문,1,명사,5,일반어,신규_어휘_후보,,0,True
언문일치,0,명사,5,일반어,신규_어휘_후보,,0,False
언변,0,명사,5,일반어,신규_어휘_후보,,0,False
언사,2,명사,5,일반어,신규_어휘_후보,,0,False
언성,1,명사,5,일반어,신규_어휘_후보,,0,False
언약,0,명사,5,일반어,신규_어휘_후보,,0,False
언약하다,0,동사,5,일반어,신규_어휘_후보,,0,False
언어폭력,0,명사,5,일반어,신규_어휘_후보,,0,False
언쟁,0,명사,5,일반어,신규_어휘_후보,,0,False
언쟁하다,0,동사,5,일반어,신규_어휘_후보,,0,False
언중,3,명사,5,전문어(사회 일반),신규_어휘_후보,,0,False
언질,0,명사,5,일반어,신규_어휘_후보,,0,False
언짢아하다,0,동사,5,일반어,신규_어휘_후보,,0,False
언해본,0,명사,5,전문어(매체),신규_어휘_후보,,0,False
얻어듣다,0,동사,5,일반어,신규_어휘_후보,,0,False
얼간이,0,명사,5,일반어,신규_어휘_후보,,0,False
얼갈이,0,명사,5,전문어(농업)/전문어(농업),신규_어휘_후보,,0,False
얼개,0,명사,5,일반어,신규_어휘_후보,,0,False
얼결,0,명사,5,일반어,신규_어휘_후보,,0,False
얼기설기,0,부사,5,일반어/일반어/일반어,신규_어휘_후보,,0,False
얼뜨기,0,명사,5,일반어,신규_어휘_후보,,0,False
얼렁뚱땅,0,부사,5,일반어,신규_어휘_후보,,0,False
얼레빗,0,명사,5,일반어,신규_어휘_후보,,0,False
얼룩덜룩,0,부사,5,일반어,신규_어휘_후보,,0,False
얼룩무늬,0,명사,5,일반어,신규_어휘_후보,,0,False
얼룩얼룩하다,0,형용사,5,일반어,신규_어휘_후보,,0,False
얼씨구절씨구,0,감탄사,5,일반어,신규_어휘_후보,,0,False
얼음낚시,0,명사,5,일반어,신규_어휘_후보,,0,False
얼쩡거리다,0,동사,5,일반어/일반어,신규_어휘_후보,,0,False
얼쩡얼쩡,0,부사,5,일반어/일반어,신규_어휘_후보,,0,False
얼추,0,부사,5,일반어/일반어,신규_어휘_후보,,0,False
얽매다,0,동사,5,일반어/일반어,신규_어휘_후보,,0,False
얽어매다,0,동사,5,일반어/일반어,신규_어휘_후보,,0,False
엄금,0,명사,5,일반어,신규_어휘_후보,,0,False
엄금하다,0,동사,5,일반어,신규_어휘_후보,,0,False
엄명,1,명사,5,일반어,신규_어휘_후보,,0,False
엄밀하다,0,형용사,5,일반어/일반어,신규_어휘_후보,,0,False
엄밀히,0,부사,5,일반어/일반어,신규_어휘_후보,,0,False
엄벌,0,명사,5,일반어,신규_어휘_후보,,0,False
엄벌하다,0,동사,5,일반어,신규_어휘_후보,,0,False
엄살떨다,0,동사,5,일반어,신규_어휘_후보,,0,False
엄살쟁이,0,명사,5,일반어,신규_어휘_후보,,0,False
엄수,3,명사,5,일반어,신규_어휘_후보,,0,False
엄습,0,명사,5,일반어/일반어,신규_어휘_후보,,0,False
엄습하다,0,동사,5,일반어/일반어,신규_어휘_후보,,0,False
엄정,1,명사,5,일반어/일반어,신규_어휘_후보,,0,False
엄정하다,1,형용사,5,일반어/일반어,신규_어휘_후보,,0,False
엄정히,1,부사,5,일반어/일반어,신규_어휘_후보,,0,False
업데이트,0,명사,5,전문어(정보·통신),신규_어휘_후보,,0,False
업보,0,명사,5,전문어(불교)/전문어(불교),신규_어휘_후보,,0,False
없이하다,0,동사,5,일반어,신규_어휘_후보,,0,False
엇나가다,0,동사,5,일반어/일반어,신규_어휘_후보,,0,False
엇바꾸다,0,동사,5,일반어/일반어,신규_어휘_후보,,0,False
엇비슷하다,0,형용사,5,일반어/일반어,신규_어휘_후보,,0,False
엇시조,0,명사,5,전문어(문학)/전문어(음악),신규_어휘_후보,,0,False
엉거주춤하다,0,동사/형용사,5,일반어/일반어/일반어/일반어,신규_어휘_후보,,0,False
엉겨들다,0,동사,5,일반어/일반어,신규_어휘_후보,,0,False
엉덩짝,0,명사,5,일반어/일반어,신규_어휘_후보,,0,False
엉클다,0,동사,5,일반어/일반어/일반어/일반어,신규_어휘_후보,,0,False
엉클어지다,0,동사,5,일반어/일반어/일반어/일반어,신규_어휘_후보,,0,False
엉큼스럽다,0,형용사,5,일반어,신규_어휘_후보,,0,False
엉큼하다,0,형용사,5,일반어/일반어,신규_어휘_후보,,0,False
엊그저께,0,명사/부사,5,일반어/일반어,신규_어휘_후보,,0,False
엊저녁,0,명사,5,일반어,신규_어휘_후보,,0,False
엎더지다,0,동사,5,일반어/일반어,신규_어휘_후보,,0,False
엎드러지다,0,동사,5,일반어/일반어,신규_어휘_후보,,0,False
엎디다,0,동사,5,일반어,신규_어휘_후보,,0,False
엎치락뒤치락하다,0,동사,5,일반어,신규_어휘_후보,,0,False
에,2,감탄사,5,일반어/일반어/일반어/일반어/일반어/일반어/일반어,신규_어휘_후보,,0,False
에고,0,명사,5,전문어(철학)/일반어/전문어(철학),신규_어휘_후보,,0,False
에구,0,감탄사,5,일반어/일반어/일반어,신규_어휘_후보,,0,False
에구에구,0,감탄사,5,일반어/일반어,신규_어휘_후보,,0,False
에그그,0,감탄사,5,일반어/일반어,신규_어휘_후보,,0,False
에나멜,0,명사,5,전문어(화학)/전문어(공예),신규_어휘_후보,,0,False
에나멜선,0,명사,5,전문어(전기·전자),신규_어휘_후보,,0,False
에누리,0,명사,5,일반어/일반어/일반어/일반어,신규_어휘_후보,,0,False
에돌다,0,동사,5,일반어/일반어,신규_어휘_후보,,0,False
에러,2,명사,5,일반어/전문어(체육)/전문어(정보·통신),신규_어휘_후보,,0,False
에메랄드,0,명사,5,전문어(광업),신규_어휘_후보,,0,False
에밀레종,0,명사,5,일반어,신규_어휘_후보,,0,False
에세이,0,명사,5,전문어(문학)/전문어(문학),신규_어휘_후보,,0,False
에스오에스,0,명사,5,전문어(정보·통신)/일반어,신규_어휘_후보,,0,False
에스키모,0,명사,5,전문어(고유명 일반),신규_어휘_후보,,0,False
에스파냐,0,명사,5,전문어(지명),신규_어휘_후보,,0,False
에스페란토,0,명사,5,전문어(언어),신규_어휘_후보,,0,False
에어컨디셔너,0,명사,5,일반어,신규_어휘_후보,,0,False
에에,0,감탄사,5,일반어,신규_어휘_후보,,0,False
에우다,0,동사,5,일반어/일반어,신규_어휘_후보,,0,False
에워싸이다,0,동사,5,일반어/일반어,신규_어휘_후보,,0,False
에콰도르,0,명사,5,전문어(지명),신규_어휘_후보,,0,False
에티오피아,0,명사,5,전문어(지명),신규_어휘_후보,,0,False
엑스선,0,명사,5,전문어(물리),신규_어휘_후보,,0,False
엑스축,0,명사,5,전문어(수학),신규_어휘_후보,,0,False
엔도르핀,0,명사,5,전문어(생명),신규_어휘_후보,,0,False
엔지오,0,명사,5,전문어(사회 일반),신규_어휘_후보,,0,False
엘엔지,0,명사,5,전문어(화학),신규_어휘_후보,,0,False
엘피지,0,명사,5,전문어(화학),신규_어휘_후보,,0,False
엠보싱,0,명사,5,전문어(공업),신규_어휘_후보,,0,False
엠시,0,명사,5,일반어,신규_어휘_후보,,0,False
엠피스리,0,명사,5,전문어(영상),신규_어휘_후보,,0,False
여간내기,0,명사,5,일반어,신규_어휘_후보,,0,False
여걸,0,명사,5,일반어,신규_어휘_후보,,0,False
여겨보다,0,동사,5,일반어,신규_어휘_후보,,0,False
여경,2,명사,5,일반어,신규_어휘_후보,,0,False
여과,4,명사,5,일반어/일반어,신규_어휘_후보,,0,False
여과기,0,명사,5,전문어(물리)/전문어(물리),신규_어휘_후보,,0,False
여과지,2,명사,5,전문어(화학),신규_어휘_후보,,0,False
여과하다,0,동사,5,일반어/일반어,신규_어휘_후보,,0,False
여군,2,명사,5,전문어(군사),신규_어휘_후보,,0,False
여남은,0,수사/관형사,5,일반어/일반어,신규_어휘_후보,,0,False
여념,0,명사,5,일반어,신규_어휘_후보,,0,False
여닫이,0,명사,5,일반어/전문어(민속),신규_어휘_후보,,0,False
여닫이문,0,명사,5,일반어,신규_어휘_후보,,0,False
여담,2,명사,5,일반어,신규_어휘_후보,,0,False
여당,1,명사,5,일반어/일반어/일반어,신규_어휘_후보,,0,False
여대생,0,명사,5,일반어,신규_어휘_후보,,0,False
여드레,0,명사,5,일반어/일반어,신규_어휘_후보,,0,False
여러해살이풀,0,명사,5,전문어(식물),신규_어휘_후보,,0,False
여론,2,명사,5,일반어,신규_어휘_후보,,0,False
여류,1,명사,5,일반어,신규_어휘_후보,,0,False
여류하다,0,형용사,5,일반어,신규_어휘_후보,,0,False
여름살이,0,명사,5,일반어/일반어,신규_어휘_후보,,0,False
여명,1,명사,5,일반어/일반어,신규_어휘_후보,,0,False
여물통,0,명사,5,일반어/일반어,신규_어휘_후보,,0,False
여배우,0,명사,5,일반어,신규_어휘_후보,,0,False
여벌,0,명사,5,일반어/일반어,신규_어휘_후보,,0,False
여보아라,0,감탄사,5,일반어,신규_어휘_후보,,0,False
여봐요,0,감탄사,5,일반어,신규_어휘_후보,,0,False
여상,3,명사,5,전문어(교육),신규_어휘_후보,,0,False
여성복,0,명사,5,일반어,신규_어휘_후보,,0,False
여성스럽다,0,형용사,5,일반어,신규_어휘_후보,,0,False
여성적,0,명사/관형사,5,일반어/일반어,신규_어휘_후보,,0,False
여성지,0,명사,5,일반어,신규_어휘_후보,,0,False
여세,2,명사,5,일반어,신규_어휘_후보,,0,False
여승,1,명사,5,전문어(불교),신규_어휘_후보,,0,False
여승무원,0,명사,5,일반어,신규_어휘_후보,,0,False
여식,1,명사,5,일반어,신규_어휘_후보,,0,False
여실히,0,부사,5,일반어,신규_어휘_후보,,0,False
여염집,0,명사,5,일반어,신규_어휘_후보,,0,False
여울,0,명사,5,일반어,신규_어휘_후보,,0,False
여울목,0,명사,5,일반어,신규_어휘_후보,,0,False
여위다,1,동사,5,일반어/일반어/일반어/일반어,신규_어휘_후보,,0,False
여음,3,명사,5,전문어(음악)/전문어(음악),신규_어휘_후보,,0,False
여의도,0,명사,5,전문어(지명),신규_어휘_후보,,0,False
여의봉,0,명사,5,일반어,신규_어휘_후보,,0,False
여의사,1,명사,5,일반어,신규_어휘_후보,,0,False
여인상,0,명사,5,일반어,신규_어휘_후보,,0,False
여인숙,0,명사,5,일반어,신규_어휘_후보,,0,False
여장,2,명사,5,일반어,신규_어휘_후보,,0,False
여주,3,명사,5,전문어(지명),신규_어휘_후보,,0,False
여지,2,명사/의존 명사,5,일반어/일반어,기존_콘텐츠와_연결_후보,SR_L6COREV2_5016,1,False
여지없이,0,부사,5,일반어,신규_어휘_후보,,0,False
여진,4,명사,5,전문어(지구)/일반어,신규_어휘_후보,,0,False
여타,1,명사,5,일반어,신규_어휘_후보,,0,False
여탕,0,명사,5,일반어,신규_어휘_후보,,0,False
여파,1,명사,5,일반어/일반어,신규_어휘_후보,,0,False
여편네,0,명사,5,일반어/일반어,신규_어휘_후보,,0,False
여하,0,명사,5,일반어,신규_어휘_후보,,0,False
여하간,0,부사,5,일반어,신규_어휘_후보,,0,False
여한,1,명사,5,일반어,신규_어휘_후보,,0,False
여행가,0,명사,5,일반어,신규_어휘_후보,,0,False
여행안내,0,명사,5,일반어,신규_어휘_후보,,0,False
여호와,0,명사,5,전문어(기독교),신규_어휘_후보,,0,False
여흥,0,명사,5,일반어/일반어,신규_어휘_후보,,0,False
역,6,명사,5,일반어/전문어(철학)/전문어(철학),신규_어휘_후보,,0,True
역,10,명사,5,일반어,신규_어휘_후보,,0,True
역광,0,명사,5,전문어(영상),신규_어휘_후보,,0,False
역력히,0,부사,5,일반어,신규_어휘_후보,,0,False
역류,0,명사,5,일반어/일반어/전문어(불교)/전문어(불교),신규_어휘_후보,,0,False
역마,4,명사,5,전문어(역사),신규_어휘_후보,,0,False
역모,0,명사,5,일반어,신규_어휘_후보,,0,False
역발상,0,명사,5,일반어,신규_어휘_후보,,0,False
역병,0,명사,5,전문어(농업)/전문어(의학),신규_어휘_후보,,0,False
역사극,0,명사,5,전문어(연기),신규_어휘_후보,,0,False
역사성,0,명사,5,일반어/전문어(언어),신규_어휘_후보,,0,False
역사적,0,명사/관형사,5,일반어/일반어/일반어/일반어/일반어/일반어,신규_어휘_후보,,0,False
역사학,0,명사,5,전문어(역사),신규_어휘_후보,,0,False
역삼각형,0,명사,5,전문어(수학),신규_어휘_후보,,0,False
역설,1,명사,5,일반어,신규_어휘_후보,,0,True
역설,2,명사,5,일반어/전문어(철학),신규_어휘_후보,,0,True
역성,1,명사,5,일반어,신규_어휘_후보,,0,False
역술가,0,명사,5,일반어,신규_어휘_후보,,0,False
역술인,0,명사,5,일반어,신규_어휘_후보,,0,False
역습,0,명사,5,일반어,신규_어휘_후보,,0,False
역암,0,명사,5,전문어(지구),신규_어휘_후보,,0,False
역작,0,명사,5,일반어,신규_어휘_후보,,0,False
역장,3,명사,5,일반어/전문어(역사),신규_어휘_후보,,0,False
역전,11,명사,5,일반어,신규_어휘_후보,,0,True
역전승,0,명사,5,일반어,신규_어휘_후보,,0,False
역전패,0,명사,5,일반어,신규_어휘_후보,,0,False
역점,1,명사,5,일반어/전문어(물리),기존_콘텐츠와_연결_후보,SR_L6COREV2_5014,1,False
역하다,2,형용사,5,일반어/일반어,신규_어휘_후보,,0,False
역행,2,명사,5,일반어/일반어/일반어/전문어(경제)/전문어(천문)/전문어(천문),신규_어휘_후보,,0,False
엮음,0,명사,5,일반어/전문어(음악),신규_어휘_후보,,0,False
연,14,명사,5,전문어(식물),신규_어휘_후보,,0,True
연,12,명사,5,일반어/일반어/일반어/전문어(불교),신규_어휘_후보,,0,True
연감,2,명사,5,일반어,신규_어휘_후보,,0,False
연경,7,명사,5,전문어(지명),신규_어휘_후보,,0,False
연고지,0,명사,5,일반어,신규_어휘_후보,,0,False
연골,0,명사,5,일반어/일반어/전문어(의학),신규_어휘_후보,,0,False
연구가,0,명사,5,일반어,신규_어휘_후보,,0,False
연구개음,0,명사,5,전문어(언어),신규_어휘_후보,,0,False
연구비,0,명사,5,일반어,신규_어휘_후보,,0,False
연구생,0,명사,5,일반어/일반어,신규_어휘_후보,,0,False
연구심,0,명사,5,일반어,신규_어휘_후보,,0,False
연극배우,0,명사,5,일반어,신규_어휘_후보,,0,False
연극인,0,명사,5,일반어,신규_어휘_후보,,0,False
연꽃무늬,0,명사,5,일반어,신규_어휘_후보,,0,False
연꽃잎,0,명사,5,일반어,신규_어휘_후보,,0,False
연년,3,명사,5,일반어,신규_어휘_후보,,0,False
연년생,0,명사,5,일반어,신규_어휘_후보,,0,False
연노랑,0,명사,5,일반어,신규_어휘_후보,,0,False
연녹색,0,명사,5,일반어,신규_어휘_후보,,0,False
연단,4,명사,5,일반어,신규_어휘_후보,,0,False
연대,11,명사,5,전문어(군사),신규_어휘_후보,,0,True
연도,2,명사,5,일반어,신규_어휘_후보,,0,True
연두,1,명사,5,일반어,신규_어휘_후보,,0,True
연등,5,명사,5,전문어(불교)/전문어(불교)/전문어(불교),신규_어휘_후보,,0,False
연등회,0,명사,5,전문어(불교),신규_어휘_후보,,0,False
연락선,1,명사,5,일반어,신규_어휘_후보,,0,False
연로하다,0,형용사,5,일반어,신규_어휘_후보,,0,False
연루,0,명사,5,전문어(법률),신규_어휘_후보,,0,False
연륙교,0,명사,5,일반어,신규_어휘_후보,,0,False
연륜,0,명사,5,전문어(식물)/전문어(동물)/일반어,신규_어휘_후보,,0,False
연립,0,명사,5,일반어,신규_어휘_후보,,0,False
연막,2,명사,5,전문어(군사)/일반어,신규_어휘_후보,,0,False
연말연시,0,명사,5,일반어,신규_어휘_후보,,0,False
연면,1,명사,5,일반어,신규_어휘_후보,,0,False
연면히,0,부사,5,일반어,신규_어휘_후보,,0,False
연명하다,1,동사,5,일반어,신규_어휘_후보,,0,False
연모하다,0,동사,5,일반어,신규_어휘_후보,,0,False
연미복,0,명사,5,전문어(복식),신규_어휘_후보,,0,False
연발,2,명사,5,일반어/일반어/일반어/일반어/일반어,신규_어휘_후보,,0,False
연발하다,2,동사,5,일반어/일반어/일반어/일반어,신규_어휘_후보,,0,False
연밥,0,명사,5,일반어,신규_어휘_후보,,0,False
연방,1,부사,5,일반어,신규_어휘_후보,,0,False
연방,8,명사,5,전문어(정치),신규_어휘_후보,,0,False
연방국,0,명사,5,전문어(정치),신규_어휘_후보,,0,False
연배,0,명사,5,일반어,신규_어휘_후보,,0,False
연변,2,명사,5,전문어(지명),신규_어휘_후보,,0,True
연변,3,명사,5,일반어,신규_어휘_후보,,0,True
연병장,0,명사,5,전문어(군사),신규_어휘_후보,,0,False
연보,2,명사,5,일반어,신규_어휘_후보,,0,False
연보라,0,명사,5,일반어/일반어,신규_어휘_후보,,0,False
연보랏빛,0,명사,5,일반어,신규_어휘_후보,,0,False
연봉,2,명사,5,일반어,신규_어휘_후보,,0,False
연분,5,명사,5,일반어/일반어/일반어,신규_어휘_후보,,0,False
연분홍빛,0,명사,5,일반어,신규_어휘_후보,,0,False
연붉다,0,형용사,5,일반어,신규_어휘_후보,,0,False
연비,4,명사,5,전문어(기계),신규_어휘_후보,,0,False
연뿌리,0,명사,5,전문어(식물),신규_어휘_후보,,0,False
연사,10,명사,5,일반어,신규_어휘_후보,,0,False
연설자,0,명사,5,일반어,신규_어휘_후보,,0,False
연소되다,2,동사,5,전문어(화학),신규_어휘_후보,,0,True
연소자,0,명사,5,일반어,신규_어휘_후보,,0,False
연속무늬,0,명사,5,일반어,신규_어휘_후보,,0,False
연속성,0,명사,5,일반어/전문어(수학)/전문어(수학)/전문어(철학),신규_어휘_후보,,0,False
연쇄,1,명사,5,일반어/일반어,기존_콘텐츠와_연결_후보,SR_L6COREV2_5015,1,False
연쇄적,0,명사/관형사,5,일반어/일반어,신규_어휘_후보,,0,False
연수,9,명사,5,일반어,신규_어휘_후보,,0,False
연수생,0,명사,5,일반어,신규_어휘_후보,,0,False
연습,2,명사,5,일반어,신규_어휘_후보,,0,True
연습선,0,명사,5,전문어(교통),신규_어휘_후보,,0,False
연습장,1,명사,5,일반어/전문어(군사),신규_어휘_후보,,0,True
연승,3,명사,5,일반어/전문어(체육),신규_어휘_후보,,0,False
연시조,0,명사,5,전문어(문학),신규_어휘_후보,,0,False
연신,1,부사,5,일반어,신규_어휘_후보,,0,False
연안,2,명사,5,일반어/일반어,신규_어휘_후보,,0,False
연애결혼,0,명사,5,일반어,신규_어휘_후보,,0,False
연애편지,0,명사,5,일반어,신규_어휘_후보,,0,False
연역,2,명사,5,전문어(철학),신규_어휘_후보,,0,False
연역법,0,명사,5,전문어(철학),신규_어휘_후보,,0,False
연역적,0,명사/관형사,5,전문어(철학),신규_어휘_후보,,0,False
연연하다,1,형용사,5,일반어/일반어,신규_어휘_후보,,0,True
연연하다,7,동사/형용사,5,일반어/일반어,신규_어휘_후보,,0,True
연예계,0,명사,5,일반어,신규_어휘_후보,,0,False
연옥,2,명사,5,전문어(가톨릭),신규_어휘_후보,,0,False
연월일시,0,명사,5,일반어,신규_어휘_후보,,0,False
연유,4,명사,5,일반어,신규_어휘_후보,,0,True
연유하다,3,동사,5,일반어,신규_어휘_후보,,0,False
연임,0,명사,5,일반어,신규_어휘_후보,,0,False
연자매,0,명사,5,일반어/일반어,신규_어휘_후보,,0,False
연장자,0,명사,5,일반어,신규_어휘_후보,,0,False
연재,3,명사,5,일반어,신규_어휘_후보,,0,False
연재되다,0,동사,5,일반어,신규_어휘_후보,,0,False
연재만화,0,명사,5,일반어,신규_어휘_후보,,0,False
연재하다,0,동사,5,일반어,신규_어휘_후보,,0,False
연정,7,명사,5,일반어,신규_어휘_후보,,0,False
연주가,0,명사,5,일반어,신규_어휘_후보,,0,False
연주단,0,명사,5,일반어,신규_어휘_후보,,0,False
연주하다,1,동사,5,전문어(음악),신규_어휘_후보,,0,True
연중행사,0,명사,5,일반어,신규_어휘_후보,,0,False
연지,7,명사,5,일반어/일반어/전문어(미술),신규_어휘_후보,,0,False
연착,1,명사,5,일반어,신규_어휘_후보,,0,False
연착하다,1,동사,5,일반어,신규_어휘_후보,,0,False
연체,1,명사,5,일반어/전문어(법률),신규_어휘_후보,,0,False
연체료,0,명사,5,전문어(법률),신규_어휘_후보,,0,False
연초,1,명사,5,일반어,신규_어휘_후보,,0,False
연탄가스,0,명사,5,일반어,신규_어휘_후보,,0,False
연탄구멍,0,명사,5,일반어,신규_어휘_후보,,0,False
연탄보일러,0,명사,5,일반어,신규_어휘_후보,,0,False
연탄아궁이,0,명사,5,일반어,신규_어휘_후보,,0,False
연통,2,명사,5,일반어,신규_어휘_후보,,0,False
연패,1,명사,5,일반어,신규_어휘_후보,,0,True
연푸르다,0,형용사,5,일반어,신규_어휘_후보,,0,False
연푸른색,0,명사,5,일반어,신규_어휘_후보,,0,False
연하,1,명사,5,일반어,신규_어휘_후보,,0,False
연합고사,0,명사,5,전문어(교육)/전문어(교육),신규_어휘_후보,,0,False
연해,1,명사,5,일반어/일반어,신규_어휘_후보,,0,False
연해주,0,명사,5,전문어(지명),신규_어휘_후보,,0,False
연행,1,명사,5,일반어/일반어,신규_어휘_후보,,0,False
연행되다,0,동사,5,일반어/일반어,신규_어휘_후보,,0,False
연행하다,1,동사,5,일반어/일반어,신규_어휘_후보,,0,False
연혁,1,명사,5,일반어,신규_어휘_후보,,0,False
연호,1,명사,5,전문어(역사)/전문어(역사),신규_어휘_후보,,0,False
연후,0,명사,5,일반어,신규_어휘_후보,,0,False
열감,2,명사,5,일반어,신규_어휘_후보,,0,False
열거되다,0,동사,5,일반어,신규_어휘_후보,,0,False
열거하다,0,동사,5,일반어,신규_어휘_후보,,0,False
열광,2,명사,5,일반어,신규_어휘_후보,,0,False
열광적,0,명사/관형사,5,일반어/일반어,신규_어휘_후보,,0,False
열광하다,0,동사,5,일반어,신규_어휘_후보,,0,False
열녀,0,명사,5,일반어,신규_어휘_후보,,0,False
열녀문,0,명사,5,일반어,신규_어휘_후보,,0,False
열다,1,동사,5,일반어,신규_어휘_후보,,0,True
열대성,0,명사,5,일반어,신규_어휘_후보,,0,False
열대야,0,명사,5,전문어(지구),신규_어휘_후보,,0,False
열도,1,명사,5,전문어(지리),신규_어휘_후보,,0,True
열등생,0,명사,5,일반어,신규_어휘_후보,,0,False
열등하다,0,형용사,5,일반어,신규_어휘_후보,,0,False
열렬히,0,부사,5,일반어,신규_어휘_후보,,0,False
열망하다,0,동사,5,일반어,신규_어휘_후보,,0,False
열목어,0,명사,5,전문어(동물),신규_어휘_후보,,0,False
열무,1,명사,5,일반어,신규_어휘_후보,,0,False
열반,0,명사,5,전문어(불교)/전문어(불교),신규_어휘_후보,,0,False
열반하다,0,동사,5,전문어(불교)/전문어(불교),신규_어휘_후보,,0,False
열성,5,명사,5,일반어,신규_어휘_후보,,0,False
열세,2,명사,5,일반어,신규_어휘_후보,,0,False
열어젖뜨리다,0,동사,5,일반어,신규_어휘_후보,,0,False
열없다,0,형용사,5,일반어/일반어/일반어,신규_어휘_후보,,0,False
열에너지,0,명사,5,전문어(물리)/전문어(물리),신규_어휘_후보,,0,False
열연,3,명사,5,일반어,신규_어휘_후보,,0,False
열외,0,명사,5,일반어/일반어,신규_어휘_후보,,0,False
열원,2,명사,5,전문어(물리),신규_어휘_후보,,0,False
열전도,0,명사,5,전문어(물리),신규_어휘_후보,,0,False
열중쉬어,0,명사/감탄사,5,전문어(군사),신규_어휘_후보,,0,False
열차표,0,명사,5,일반어,신규_어휘_후보,,0,False
열채,0,명사,5,일반어/일반어,신규_어휘_후보,,0,False
열탕,0,명사,5,일반어/일반어,신규_어휘_후보,,0,False
열하일기,0,명사,5,전문어(책명),신규_어휘_후보,,0,False
열혈,0,명사,5,일반어/일반어,신규_어휘_후보,,0,False
열화,3,명사,5,일반어/일반어,신규_어휘_후보,,0,False
열화상,0,명사,5,전문어(전기·전자),신규_어휘_후보,,0,False
열효율,0,명사,5,전문어(물리),신규_어휘_후보,,0,False
염가,2,명사,5,일반어,신규_어휘_후보,,0,False
염기,6,명사,5,전문어(화학)/전문어(화학)/전문어(화학),신규_어휘_후보,,0,False
염낭,0,명사,5,일반어,신규_어휘_후보,,0,False
염류,0,명사,5,일반어/전문어(화학),신규_어휘_후보,,0,False
염병,0,명사,5,일반어/전문어(의학),신규_어휘_후보,,0,False
염불,2,명사,5,전문어(불교)/전문어(불교)/전문어(예체능 일반)/일반어,신규_어휘_후보,,0,False
염불하다,0,동사,5,전문어(불교)/전문어(불교)/일반어,신규_어휘_후보,,0,False
염색약,0,명사,5,일반어,신규_어휘_후보,,0,False
염색체,0,명사,5,전문어(생명),신규_어휘_후보,,0,False
염소,2,명사,5,전문어(화학),신규_어휘_후보,,0,True
염소웃음,0,명사,5,일반어,신규_어휘_후보,,0,False
염소자리,0,명사,5,전문어(천문),신규_어휘_후보,,0,False
염수,3,명사,5,일반어/일반어/일반어,신규_어휘_후보,,0,False
염좌,0,명사,5,전문어(한의),신규_어휘_후보,,0,False
염주,3,명사,5,전문어(불교),신규_어휘_후보,,0,False
염초,2,명사,5,일반어/전문어(한의)/전문어(화학),신규_어휘_후보,,0,False
염치없다,0,형용사,5,일반어,신규_어휘_후보,,0,False
염탐,0,명사,5,일반어,신규_어휘_후보,,0,False
염통,0,명사,5,전문어(의학),신규_어휘_후보,,0,False
엽기,1,명사,5,일반어,신규_어휘_후보,,0,False
엽기적,0,명사/관형사,5,일반어/일반어,신규_어휘_후보,,0,False
엽록체,0,명사,5,전문어(식물),신규_어휘_후보,,0,False
엽차,0,명사,5,일반어/일반어/일반어,신규_어휘_후보,,0,False
엽총,0,명사,5,일반어,신규_어휘_후보,,0,False
엿치기,0,명사,5,일반어,신규_어휘_후보,,0,False
영,11,부사,5,일반어,신규_어휘_후보,,0,True
영,21,명사,5,전문어(민속)/일반어,신규_어휘_후보,,0,True
영결식,0,명사,5,일반어,신규_어휘_후보,,0,False
영결하다,0,동사,5,일반어,신규_어휘_후보,,0,False
영계백숙,0,명사,5,일반어,신규_어휘_후보,,0,False
영고,1,명사,5,전문어(역사),신규_어휘_후보,,0,False
영공,3,명사,5,전문어(정치),신규_어휘_후보,,0,False
영관,4,명사,5,일반어/일반어,신규_어휘_후보,,0,False
영광되다,0,형용사,5,일반어,신규_어휘_후보,,0,False
영구차,0,명사,5,일반어,신규_어휘_후보,,0,False
영구하다,1,형용사,5,일반어,신규_어휘_후보,,0,False
영기,8,명사,5,일반어,신규_어휘_후보,,0,False
영남,0,명사,5,전문어(지명),신규_어휘_후보,,0,False
영농,0,명사,5,일반어,신규_어휘_후보,,0,False
영덕,2,명사,5,전문어(지명),신규_어휘_후보,,0,False
영도,2,명사,5,일반어,신규_어휘_후보,,0,False
영도하다,0,동사,5,일반어,신규_어휘_후보,,0,False
영동,3,명사,5,전문어(지명),신규_어휘_후보,,0,False
영동선,0,명사,5,전문어(교통),신규_어휘_후보,,0,False
영령,4,명사,5,일반어/일반어,신규_어휘_후보,,0,False
영리,6,명사,5,일반어,신규_어휘_후보,,0,False
영마루,0,명사,5,일반어,신규_어휘_후보,,0,False
영면,0,명사,5,일반어,신규_어휘_후보,,0,False
영문법,0,명사,5,전문어(언어),신규_어휘_후보,,0,False
영문판,0,명사,5,일반어,신규_어휘_후보,,0,False
영문학,0,명사,5,전문어(문학)/전문어(문학),신규_어휘_후보,,0,False
영물,3,명사,5,일반어/일반어,신규_어휘_후보,,0,False
영민하다,0,형용사,5,일반어,신규_어휘_후보,,0,False
영봉,2,명사,5,일반어,신규_어휘_후보,,0,False
영부인,0,명사,5,일반어,신규_어휘_후보,,0,False
영사,6,명사,5,일반어/일반어/일반어,신규_어휘_후보,,0,True
영사,10,명사,5,전문어(정치),신규_어휘_후보,,0,True
영사관,2,명사,5,전문어(법률),신규_어휘_후보,,0,False
영사기,0,명사,5,전문어(영상),신규_어휘_후보,,0,False
영사실,0,명사,5,전문어(영상),신규_어휘_후보,,0,False
영산강,0,명사,5,전문어(지명),신규_어휘_후보,,0,False
영산회상,0,명사,5,전문어(불교)/전문어(음악),신규_어휘_후보,,0,False
영생,1,명사,5,일반어/전문어(기독교),신규_어휘_후보,,0,False
영서,5,명사,5,전문어(지명),신규_어휘_후보,,0,False
영선사,1,명사,5,전문어(역사),신규_어휘_후보,,0,False
영성체,0,명사,5,전문어(기독교),신규_어휘_후보,,0,False
영세,4,명사,5,일반어/일반어,신규_어휘_후보,,0,True
영세,6,명사,5,전문어(가톨릭),신규_어휘_후보,,0,True
영세민,0,명사,5,일반어,신규_어휘_후보,,0,False
영수,8,명사,5,일반어/전문어(기독교),신규_어휘_후보,,0,False
영아,2,명사,5,일반어,신규_어휘_후보,,0,False
영악스럽다,0,형용사,5,일반어,신규_어휘_후보,,0,False
영악하다,1,형용사,5,일반어,신규_어휘_후보,,0,True
영안실,0,명사,5,일반어,신규_어휘_후보,,0,False
영약,0,명사,5,일반어,신규_어휘_후보,,0,False
영업부,0,명사,5,일반어,신규_어휘_후보,,0,False
영업점,0,명사,5,일반어,신규_어휘_후보,,0,False
영예,3,명사,5,일반어,신규_어휘_후보,,0,False
영예롭다,0,형용사,5,일반어,신규_어휘_후보,,0,False
영웅심,0,명사,5,일반어,신규_어휘_후보,,0,False
영웅적,0,명사/관형사,5,일반어/일반어,신규_어휘_후보,,0,False
영원,2,명사,5,일반어/전문어(철학)/전문어(철학),신규_어휘_후보,,0,False
영원불멸,0,명사,5,일반어,신규_어휘_후보,,0,False
영원불변,0,명사,5,일반어,신규_어휘_후보,,0,False
영원불변하다,0,동사,5,일반어,신규_어휘_후보,,0,False
영월,4,명사,5,전문어(지명),신규_어휘_후보,,0,False
영위,4,명사,5,일반어,신규_어휘_후보,,0,False
영위하다,2,동사,5,일반어,신규_어휘_후보,,0,False
영유권,0,명사,5,전문어(법률),신규_어휘_후보,,0,False
영인본,0,명사,5,전문어(매체),신규_어휘_후보,,0,False
영입,0,명사,5,일반어,신규_어휘_후보,,0,False
영입되다,0,동사,5,일반어,신규_어휘_후보,,0,False
영입하다,0,동사,5,일반어,신규_어휘_후보,,0,False
영자,5,명사,5,전문어(언어),신규_어휘_후보,,0,False
영작,1,명사,5,일반어,신규_어휘_후보,,0,False
영장,9,명사,5,일반어,신규_어휘_후보,,0,True
영전,10,명사,5,일반어,신규_어휘_후보,,0,False
영접,0,명사,5,일반어,신규_어휘_후보,,0,False
영주권,1,명사,5,전문어(법률),신규_어휘_후보,,0,False
영지,4,명사,5,일반어/전문어(법률),신규_어휘_후보,,0,False
영지버섯,0,명사,5,전문어(생명),신규_어휘_후보,,0,False
영창,4,명사,5,전문어(군사),신규_어휘_후보,,0,False
영치금,0,명사,5,일반어,신규_어휘_후보,,0,False
영패,0,명사,5,전문어(체육)/일반어,신규_어휘_후보,,0,False
영험,0,명사,5,일반어,신규_어휘_후보,,0,False
영험하다,0,형용사,5,일반어,신규_어휘_후보,,0,False
영화감독,0,명사,5,일반어,신규_어휘_후보,,0,False
영화계,0,명사,5,전문어(영상),신규_어휘_후보,,0,False
영화롭다,0,형용사,5,일반어,신규_어휘_후보,,0,False
영화배우,0,명사,5,일반어,신규_어휘_후보,,0,False
영화상,0,명사,5,일반어,신규_어휘_후보,,0,False
영화인,0,명사,5,일반어,신규_어휘_후보,,0,False
옆길,0,명사,5,일반어/일반어,신규_어휘_후보,,0,False
옆넓이,0,명사,5,일반어,신규_어휘_후보,,0,False
옆쪽,0,명사,5,일반어,신규_어휘_후보,,0,False
옆트임,0,명사,5,일반어,신규_어휘_후보,,0,False
옆판,0,명사,5,일반어,신규_어휘_후보,,0,False
예견,0,명사,5,일반어,신규_어휘_후보,,0,False
예기,6,명사,5,일반어,신규_어휘_후보,,0,False
예기하다,0,동사,5,일반어,신규_어휘_후보,,0,False
예능,0,명사,5,일반어/일반어,신규_어휘_후보,,0,False
예단,4,명사,5,일반어,신규_어휘_후보,,0,False
예루살렘,0,명사,5,전문어(지명),신규_어휘_후보,,0,False
예매,1,명사,5,일반어/일반어,신규_어휘_후보,,0,True
예매하다,2,동사,5,일반어/일반어,신규_어휘_후보,,0,True
예명,2,명사,5,일반어,신규_어휘_후보,,0,False
예배하다,0,동사,5,전문어(종교 일반),신규_어휘_후보,,0,False
예보하다,0,동사,5,일반어,신규_어휘_후보,,0,False
예봉,2,명사,5,일반어/일반어/일반어,신규_어휘_후보,,0,False
예불하다,0,동사,5,전문어(불교),신규_어휘_후보,,0,False
예비비,0,명사,5,전문어(행정),신규_어휘_후보,,0,False
예비역,0,명사,5,전문어(법률),신규_어휘_후보,,0,False
예비품,0,명사,5,일반어/전문어(공업),신규_어휘_후보,,0,False
예사,1,명사,5,일반어,신규_어휘_후보,,0,False
예사소리,0,명사,5,전문어(언어),신규_어휘_후보,,0,False
예산액,0,명사,5,일반어/일반어,신규_어휘_후보,,0,False
예산하다,0,동사,5,일반어/일반어,신규_어휘_후보,,0,False
예삿일,0,명사,5,일반어,신규_어휘_후보,,0,False
예성강,0,명사,5,전문어(지명),신규_어휘_후보,,0,False
예속,1,명사,5,일반어/일반어,신규_어휘_후보,,0,False
예수교,0,명사,5,전문어(기독교),신규_어휘_후보,,0,False
예술계,0,명사,5,일반어,신규_어휘_후보,,0,False
예술사,0,명사,5,일반어,신규_어휘_후보,,0,False
예시,4,명사,5,일반어,신규_어휘_후보,,0,True
예시하다,1,동사,5,일반어,신규_어휘_후보,,0,False
예식,2,명사,5,일반어/일반어,신규_어휘_후보,,0,False
예심,1,명사,5,일반어/전문어(법률),신규_어휘_후보,,0,False
예언,2,명사,5,전문어(기독교),신규_어휘_후보,,0,False
예언가,0,명사,5,일반어,신규_어휘_후보,,0,False
예의지국,0,명사,5,일반어,신규_어휘_후보,,0,False
예제,3,명사,5,일반어/전문어(역사),신규_어휘_후보,,0,False
예지,3,명사,5,일반어,신규_어휘_후보,,0,False
예진,5,명사,5,전문어(의학),신규_어휘_후보,,0,False
예찬,3,명사,5,일반어/전문어(불교),신규_어휘_후보,,0,False
예찬하다,0,동사,5,일반어/전문어(불교),신규_어휘_후보,,0,False
예치,1,명사,5,일반어,신규_어휘_후보,,0,False
예학,2,명사,5,일반어,신규_어휘_후보,,0,False
예행,2,명사,5,일반어,신규_어휘_후보,,0,False
예행연습,0,명사,5,일반어,신규_어휘_후보,,0,False
예화,1,명사,5,일반어,신규_어휘_후보,,0,False
옌볜,0,명사,5,전문어(지명),신규_어휘_후보,,0,False
옛글,0,명사,5,일반어/일반어,신규_어휘_후보,,0,False
옛시조,0,명사,5,전문어(문학),신규_어휘_후보,,0,False
오,6,명사,5,일반어/전문어(역사),신규_어휘_후보,,0,False
오각기둥,0,명사,5,전문어(수학),신규_어휘_후보,,0,False
오각뿔,0,명사,5,전문어(수학),신규_어휘_후보,,0,False
오곡백과,0,명사,5,일반어,신규_어휘_후보,,0,False
오골계,0,명사,5,전문어(동물),신규_어휘_후보,,0,False
오광대,0,명사,5,전문어(민속),신규_어휘_후보,,0,False
오광대놀이,0,명사,5,전문어(민속),신규_어휘_후보,,0,False
오그라지다,0,동사,5,일반어/일반어/일반어/일반어,신규_어휘_후보,,0,False
오글오글하다,2,동사,5,일반어,신규_어휘_후보,,0,False
오뉴월,0,명사,5,일반어/일반어,신규_어휘_후보,,0,False
오다가다,0,부사,5,일반어,신규_어휘_후보,,0,False
오답,0,명사,5,일반어,신규_어휘_후보,,0,False
오대륙,0,명사,5,전문어(지구),신규_어휘_후보,,0,False
오대양,0,명사,5,전문어(해양),신규_어휘_후보,,0,False
오대주,0,명사,5,전문어(지구),신규_어휘_후보,,0,False
오대호,0,명사,5,전문어(지구),신규_어휘_후보,,0,False
오도독,0,부사,5,일반어/일반어,신규_어휘_후보,,0,False
오도되다,0,동사,5,일반어,신규_어휘_후보,,0,False
오도카니,0,부사,5,일반어,신규_어휘_후보,,0,False
오동나무,0,명사,5,전문어(식물),신규_어휘_후보,,0,False
오동통,1,부사,5,일반어,신규_어휘_후보,,0,False
오동포동,0,부사,5,일반어,신규_어휘_후보,,0,False
오두방정,0,명사,5,일반어,신규_어휘_후보,,0,False
오디,0,명사,5,일반어,신규_어휘_후보,,0,False
오뚝,0,부사,5,일반어/일반어/일반어,신규_어휘_후보,,0,False
오뚝하다,0,형용사,5,일반어,신규_어휘_후보,,0,False
오라,1,명사,5,전문어(역사),신규_어휘_후보,,0,False
오라버님,0,명사,5,일반어,신규_어휘_후보,,0,False
오락가락,0,부사,5,일반어/일반어/일반어,신규_어휘_후보,,0,False
오랑캐꽃,0,명사,5,일반어,신규_어휘_후보,,0,False
오래,1,명사,5,일반어/일반어,신규_어휘_후보,,0,False
오로라,0,명사,5,전문어(지구),신규_어휘_후보,,0,False
오롯이,2,부사,5,일반어,신규_어휘_후보,,0,False
오륙일,0,명사,5,일반어,신규_어휘_후보,,0,False
오륜,1,명사,5,일반어,신규_어휘_후보,,0,False
오르가슴,0,명사,5,전문어(의학),신규_어휘_후보,,0,False
오른씨름,0,명사,5,전문어(체육),신규_어휘_후보,,0,False
오리나무,0,명사,5,전문어(식물)/전문어(식물),신규_어휘_후보,,0,False
오리너구리,0,명사,5,전문어(동물),신규_어휘_후보,,0,False
오리무중,0,명사,5,일반어,신규_어휘_후보,,0,False
오리엔테이션,0,명사,5,일반어,신규_어휘_후보,,0,False
오리온,0,명사,5,전문어(문학),신규_어휘_후보,,0,False
오리온자리,0,명사,5,전문어(천문),신규_어휘_후보,,0,False
오만,2,명사,5,일반어,신규_어휘_후보,,0,False
오만불손,0,명사,5,일반어,신규_어휘_후보,,0,False
오만상,0,명사,5,일반어,신규_어휘_후보,,0,False
오만스럽다,0,형용사,5,일반어,신규_어휘_후보,,0,False
오매불망,0,명사/부사,5,일반어/일반어,신규_어휘_후보,,0,False
오물거리다,2,동사,5,일반어/일반어,신규_어휘_후보,,0,False
오물통,0,명사,5,일반어,신규_어휘_후보,,0,False
오므라지다,0,동사,5,일반어/일반어,신규_어휘_후보,,0,False
오밀조밀하다,0,형용사,5,일반어/일반어,신규_어휘_후보,,0,False
오발,2,명사,5,일반어/일반어,신규_어휘_후보,,0,False
오밤중,0,명사,5,일반어,신규_어휘_후보,,0,False
오방색,0,명사,5,일반어,신규_어휘_후보,,0,False
오버랩,0,명사,5,전문어(영상),신규_어휘_후보,,0,False
오버코트,0,명사,5,일반어,신규_어휘_후보,,0,False
오붓하다,0,형용사,5,일반어/일반어,신규_어휘_후보,,0,False
오브제,0,명사,5,전문어(미술)/전문어(공예),신규_어휘_후보,,0,False
오비이락,0,명사,5,일반어,신규_어휘_후보,,0,False
오산,4,명사,5,일반어/일반어,신규_어휘_후보,,0,False
오색찬란하다,0,형용사,5,일반어,신규_어휘_후보,,0,False
오석,2,명사,5,전문어(광업),신규_어휘_후보,,0,False
오세아니아,0,명사,5,전문어(지명),신규_어휘_후보,,0,False
오수,2,명사,5,일반어,신규_어휘_후보,,0,False
오스트레일리아,0,명사,5,전문어(지명),신규_어휘_후보,,0,False
오스트리아,0,명사,5,전문어(지명),신규_어휘_후보,,0,False
오슬오슬,0,부사,5,일반어,신규_어휘_후보,,0,False
오시,4,명사,5,전문어(민속)/전문어(민속),신규_어휘_후보,,0,False
오십보백보,0,명사,5,일반어,신규_어휘_후보,,0,False
오싹,0,부사,5,일반어,신규_어휘_후보,,0,False
오엠아르,0,명사,5,전문어(정보·통신),신규_어휘_후보,,0,False
오열,8,명사,5,일반어,신규_어휘_후보,,0,False
오월동주,0,명사,5,일반어,신규_어휘_후보,,0,False
오이나물,0,명사,5,일반어,신규_어휘_후보,,0,False
오이냉국,0,명사,5,일반어,신규_어휘_후보,,0,False
오이소박이,0,명사,5,일반어,신규_어휘_후보,,0,False
오이시디,0,명사,5,전문어(경제),신규_어휘_후보,,0,False
오이장아찌,0,명사,5,일반어,신규_어휘_후보,,0,False
오이지,0,명사,5,일반어,신규_어휘_후보,,0,False
오인하다,0,동사,5,일반어,신규_어휘_후보,,0,False
오일장,1,명사,5,일반어,신규_어휘_후보,,0,False
오일펜스,0,명사,5,일반어,신규_어휘_후보,,0,False
오자,4,명사,5,일반어/전문어(매체),신규_어휘_후보,,0,False
오장,4,명사,5,전문어(한의),신규_어휘_후보,,0,False
오장육부,0,명사,5,전문어(한의),신규_어휘_후보,,0,False
오점,0,명사,5,일반어/일반어,신규_어휘_후보,,0,False
오젓,0,명사,5,일반어,신규_어휘_후보,,0,False
오죽이나,0,부사,5,일반어,신규_어휘_후보,,0,False
오죽헌,0,명사,5,전문어(역사),신규_어휘_후보,,0,False
오줌보,0,명사,5,일반어,신규_어휘_후보,,0,False
오지,1,명사,5,일반어/일반어,신규_어휘_후보,,0,True
오지그릇,0,명사,5,일반어,신규_어휘_후보,,0,False
오지다,0,형용사,5,일반어/일반어,신규_어휘_후보,,0,False
오진,7,명사,5,전문어(의학),신규_어휘_후보,,0,False
오차,0,명사,5,전문어(수학)/전문어(수학)/전문어(물리)/일반어,신규_어휘_후보,,0,False
오찬,0,명사,5,일반어,신규_어휘_후보,,0,False
오체,0,명사,5,일반어/일반어/전문어(불교),신규_어휘_후보,,0,False
오촌,0,명사,5,일반어,신규_어휘_후보,,0,False
오크,0,명사,5,일반어,신규_어휘_후보,,0,False
오톨도톨하다,0,형용사,5,일반어,신규_어휘_후보,,0,False
오판,0,명사,5,일반어,신규_어휘_후보,,0,False
오판하다,0,동사,5,일반어,신규_어휘_후보,,0,False
오피스텔,0,명사,5,일반어,신규_어휘_후보,,0,False
오행,1,명사,5,일반어/전문어(불교)/전문어(불교),신규_어휘_후보,,0,False
옥개석,0,명사,5,일반어,신규_어휘_후보,,0,False
옥고,2,명사,5,일반어,신규_어휘_후보,,0,False
옥내,0,명사,5,일반어,신규_어휘_후보,,0,False
옥당,0,명사,5,일반어/전문어(역사)/전문어(역사)/전문어(역사),신규_어휘_후보,,0,False
옥돔,0,명사,5,전문어(동물),신규_어휘_후보,,0,False
옥동자,0,명사,5,일반어/일반어,신규_어휘_후보,,0,False
옥루,2,명사,5,일반어/전문어(민속),신규_어휘_후보,,0,False
옥바라지,0,명사,5,일반어,신규_어휘_후보,,0,False
옥반,0,명사,5,일반어/일반어/일반어,신규_어휘_후보,,0,False
옥사,5,명사,5,일반어,신규_어휘_후보,,0,True
옥사,7,명사,5,일반어,신규_어휘_후보,,0,True
옥사하다,0,동사,5,일반어,신규_어휘_후보,,0,False
옥새,2,명사,5,일반어/전문어(역사),신규_어휘_후보,,0,False
옥수수기름,0,명사,5,일반어,신규_어휘_후보,,0,False
옥수수수염,0,명사,5,일반어,신규_어휘_후보,,0,False
옥수숫대,0,명사,5,일반어,신규_어휘_후보,,0,False
옥저,3,명사,5,전문어(역사),신규_어휘_후보,,0,False
옥체,0,명사,5,일반어/일반어/일반어,신규_어휘_후보,,0,False
옥토,2,명사,5,일반어,신규_어휘_후보,,0,False
옥편,0,명사,5,일반어/전문어(책명),신규_어휘_후보,,0,False
온건하다,1,형용사,5,일반어,신규_어휘_후보,,0,True
온건하다,2,형용사,5,일반어,신규_어휘_후보,,0,True
온고지신,0,명사,5,일반어,신규_어휘_후보,,0,False
온난하다,0,형용사,5,일반어,신규_어휘_후보,,0,False
온실가스,0,명사,5,전문어(지구),신규_어휘_후보,,0,False
온유하다,0,형용사,5,일반어,신규_어휘_후보,,0,False
온장고,0,명사,5,일반어,신규_어휘_후보,,0,False
온풍,0,명사,5,일반어/일반어/일반어,신규_어휘_후보,,0,False
올감자,0,명사,5,일반어,신규_어휘_후보,,0,False
올곧다,0,형용사,5,일반어/일반어/일반어,신규_어휘_후보,,0,False
올려본각,0,명사,5,전문어(수학),신규_어휘_후보,,0,False
올려치다,0,동사,5,전문어(광업),신규_어휘_후보,,0,False
올록볼록하다,0,형용사,5,일반어,신규_어휘_후보,,0,False
올리브기름,0,명사,5,일반어,신규_어휘_후보,,0,False
올림말,0,명사,5,전문어(언어),신규_어휘_후보,,0,False
올림표,0,명사,5,전문어(음악),신규_어휘_후보,,0,False
올림피아드,0,명사,5,전문어(체육)/전문어(역사),신규_어휘_후보,,0,False
올무,1,명사,5,일반어/일반어,신규_어휘_후보,,0,False
올벼,0,명사,5,전문어(농업),신규_어휘_후보,,0,False
올봄,0,명사,5,일반어,신규_어휘_후보,,0,False
올실,0,명사,5,전문어(공업)/일반어,신규_어휘_후보,,0,False
올차다,0,형용사,5,일반어/일반어,신규_어휘_후보,,0,False
올케,0,명사,5,일반어/일반어,신규_어휘_후보,,0,False
옭다,0,동사,5,일반어/일반어/일반어/일반어/일반어,신규_어휘_후보,,0,False
옮겨심기,0,명사,5,일반어,신규_어휘_후보,,0,False
옮아가다,0,동사,5,일반어/일반어/일반어,신규_어휘_후보,,0,False
옳다,2,감탄사,5,일반어,신규_어휘_후보,,0,False
옴,3,명사,5,전문어(의학),신규_어휘_후보,,0,False
옴짝달싹,0,부사,5,일반어,신규_어휘_후보,,0,False
옴츠러들다,0,동사,5,일반어/일반어/일반어,신규_어휘_후보,,0,False
옴큼,0,의존 명사,5,일반어,신규_어휘_후보,,0,False
옴폭하다,0,형용사,5,일반어,신규_어휘_후보,,0,False
옷단,0,명사,5,일반어,신규_어휘_후보,,0,False
옷매무새,0,명사,5,일반어,신규_어휘_후보,,0,False
옹고집,0,명사,5,일반어,신규_어휘_후보,,0,False
옹고집전,0,명사,5,전문어(문학),신규_어휘_후보,,0,False
옹골차다,0,형용사,5,일반어,신규_어휘_후보,,0,False
옹기,0,명사,5,일반어,신규_어휘_후보,,0,False
옹기그릇,0,명사,5,일반어,신규_어휘_후보,,0,False
옹기장수,0,명사,5,일반어,신규_어휘_후보,,0,False
옹기장이,0,명사,5,일반어,신규_어휘_후보,,0,False
옹기전,0,명사,5,일반어,신규_어휘_후보,,0,False
옹립하다,0,동사,5,일반어,신규_어휘_후보,,0,False
옹색하다,0,형용사,5,일반어/일반어/일반어/일반어,신규_어휘_후보,,0,False
옹성,2,명사,5,일반어/일반어,신규_어휘_후보,,0,False
옹알거리다,0,동사,5,일반어/일반어,신규_어휘_후보,,0,False
옹알옹알,0,부사,5,일반어/일반어,신규_어휘_후보,,0,False
옹이,0,명사,5,일반어/일반어/일반어,신규_어휘_후보,,0,False
옹졸하다,0,형용사,5,일반어/일반어,신규_어휘_후보,,0,False
옹크리다,0,동사,5,일반어,신규_어휘_후보,,0,False
옹헤야,0,명사,5,전문어(음악),신규_어휘_후보,,0,False
옹호,0,명사,5,일반어,신규_어휘_후보,,0,False
옹호자,0,명사,5,일반어,신규_어휘_후보,,0,False
옻,0,명사,5,일반어/일반어,신규_어휘_후보,,0,False
옻나무,0,명사,5,전문어(식물),신규_어휘_후보,,0,False
옻칠하다,0,동사,5,일반어,신규_어휘_후보,,0,False
와드득,0,부사,5,일반어/일반어,신규_어휘_후보,,0,False
와들와들,0,부사,5,일반어,신규_어휘_후보,,0,False
와신상담,0,명사,5,일반어,신규_어휘_후보,,0,False
와와,0,부사/감탄사,5,일반어/일반어/일반어/일반어/일반어,신규_어휘_후보,,0,False
와이축,0,명사,5,전문어(수학),신규_어휘_후보,,0,False
와작와작,2,부사,5,일반어/일반어,신규_어휘_후보,,0,False
와전,3,명사,5,일반어,신규_어휘_후보,,0,False
와전되다,2,동사,5,일반어,신규_어휘_후보,,0,False
와지끈,0,부사,5,일반어,신규_어휘_후보,,0,False
완결,3,명사,5,일반어,기존_콘텐츠와_연결_후보,SR_L6CORE_4946,1,False
완결되다,3,동사,5,일반어,신규_어휘_후보,,0,False
완결하다,3,동사,5,일반어,신규_어휘_후보,,0,False
완고하다,1,형용사,5,일반어,신규_어휘_후보,,0,True
완고하다,2,형용사,5,일반어,신규_어휘_후보,,0,True
완구,4,명사,5,일반어/일반어,신규_어휘_후보,,0,False
완구점,0,명사,5,일반어,신규_어휘_후보,,0,False
완납,0,명사,5,일반어,신규_어휘_후보,,0,False
완도,0,명사,5,전문어(지명)/전문어(지명),신규_어휘_후보,,0,False
완력,0,명사,5,일반어/일반어,신규_어휘_후보,,0,False
완료하다,0,동사,5,일반어,신규_어휘_후보,,0,False
완만하다,3,형용사,5,일반어,신규_어휘_후보,,0,True
완벽,0,명사,5,일반어/일반어,신규_어휘_후보,,0,False
완비하다,0,동사,5,일반어,신규_어휘_후보,,0,False
완수,1,명사,5,일반어,신규_어휘_후보,,0,False
완승,1,명사,5,일반어,신규_어휘_후보,,0,False
완전무결,0,명사,5,일반어,신규_어휘_후보,,0,False
완제,3,명사,5,일반어,신규_어휘_후보,,0,False
완제품,0,명사,5,일반어,신규_어휘_후보,,0,False
완충,0,명사,5,일반어,신규_어휘_후보,,0,False
완치,0,명사,5,일반어,신규_어휘_후보,,0,False
완쾌,0,명사,5,일반어,신규_어휘_후보,,0,False
완쾌되다,0,동사,5,일반어,신규_어휘_후보,,0,False
완쾌하다,0,동사,5,일반어,신규_어휘_후보,,0,False
완패,1,명사,5,일반어,신규_어휘_후보,,0,False
완행버스,0,명사,5,일반어,신규_어휘_후보,,0,False
완행열차,0,명사,5,일반어,신규_어휘_후보,,0,False
완화,2,명사,5,일반어/전문어(물리)/전문어(물리)/전문어(물리)/전문어(의학),신규_어휘_후보,,0,False
완화되다,0,동사,5,일반어/전문어(의학),신규_어휘_후보,,0,False
왈,0,부사,5,일반어/일반어,신규_어휘_후보,,0,False
왈가닥,1,명사,5,일반어,신규_어휘_후보,,0,False
왈가닥거리다,0,동사,5,일반어,신규_어휘_후보,,0,False
왈가왈부하다,0,동사,5,일반어,신규_어휘_후보,,0,False
왕가,1,명사,5,일반어,신규_어휘_후보,,0,False
왕개미,0,명사,5,전문어(동물),신규_어휘_후보,,0,False
왕골,0,명사,5,전문어(식물),신규_어휘_후보,,0,False
왕녀,0,명사,5,일반어,신규_어휘_후보,,0,False
왕년,0,명사,5,일반어,신규_어휘_후보,,0,False
왕대포,0,명사,5,일반어,신규_어휘_후보,,0,False
왕림,0,명사,5,일반어,신규_어휘_후보,,0,False
왕모래,0,명사,5,일반어,신규_어휘_후보,,0,False
왕방울,0,명사,5,일반어,신규_어휘_후보,,0,False
왕벌,0,명사,5,일반어/전문어(동물)/전문어(동물),신규_어휘_후보,,0,False
왕성히,0,부사,5,일반어,신규_어휘_후보,,0,False
왕세자,0,명사,5,전문어(역사),신규_어휘_후보,,0,False
왕손,0,명사,5,일반어,신규_어휘_후보,,0,False
왕오천축국전,0,명사,5,전문어(책명),신규_어휘_후보,,0,False
왕왕,1,부사,5,일반어,신규_어휘_후보,,0,True
왕왕,3,부사,5,일반어,신규_어휘_후보,,0,True
왕자,2,명사,5,일반어/일반어/일반어,신규_어휘_후보,,0,True
왕정,2,명사,5,일반어/전문어(정치),신규_어휘_후보,,0,False
왕조,2,명사,5,일반어/일반어,신규_어휘_후보,,0,False
왕좌,2,명사,5,일반어/일반어,신규_어휘_후보,,0,False
왕진,0,명사,5,일반어,신규_어휘_후보,,0,False
왕초,0,명사,5,일반어,신규_어휘_후보,,0,False
왜간장,0,명사,5,일반어,신규_어휘_후보,,0,False
왜경,0,명사,5,일반어,신규_어휘_후보,,0,False
왜국,0,명사,5,일반어,신규_어휘_후보,,0,False
왜선,2,명사,5,일반어,신규_어휘_후보,,0,False
외고집,0,명사,5,일반어,신규_어휘_후보,,0,False
외골수,0,명사,5,일반어/일반어,신규_어휘_후보,,0,False
외곬,0,명사,5,일반어/일반어,신규_어휘_후보,,0,False
외관,5,명사,5,일반어,신규_어휘_후보,,0,False
외근,0,명사,5,일반어,신규_어휘_후보,,0,False
외길,0,명사,5,일반어/일반어,신규_어휘_후보,,0,False
외다리,0,명사,5,일반어/일반어/일반어,신규_어휘_후보,,0,False
외돌토리,0,명사,5,일반어,신규_어휘_후보,,0,False
외등,2,명사,5,일반어,신규_어휘_후보,,0,False
외딴곳,0,명사,5,일반어,신규_어휘_후보,,0,False
외딸,0,명사,5,일반어/일반어,신규_어휘_후보,,0,False
외람되다,0,형용사,5,일반어,신규_어휘_후보,,0,False
외래종,0,명사,5,일반어,신규_어휘_후보,,0,False
외래품,0,명사,5,일반어,신규_어휘_후보,,0,False
외면,1,명사,5,일반어/일반어,신규_어휘_후보,,0,True
외면적,1,명사/관형사,5,일반어/일반어/일반어/일반어,신규_어휘_후보,,0,False
외무,1,명사,5,일반어/일반어/일반어,신규_어휘_후보,,0,False
외박,1,명사,5,일반어,신규_어휘_후보,,0,False
외박하다,0,동사,5,일반어,신규_어휘_후보,,0,False
외발자전거,0,명사,5,일반어,신규_어휘_후보,,0,False
외상,6,명사,5,전문어(의학),신규_어휘_후보,,0,True
외상값,0,명사,5,일반어,신규_어휘_후보,,0,False
외성,3,명사,5,일반어,신규_어휘_후보,,0,False
외숙,1,명사,5,일반어,신규_어휘_후보,,0,False
외숙모님,0,명사,5,일반어,신규_어휘_후보,,0,False
외숙부님,0,명사,5,일반어,신규_어휘_후보,,0,False
외식비,0,명사,5,일반어,신규_어휘_후보,,0,False
외신,2,명사,5,일반어,신규_어휘_후보,,0,False
외씨,0,명사,5,일반어,신규_어휘_후보,,0,False
외씨버선,0,명사,5,일반어,신규_어휘_후보,,0,False
외야,0,명사,5,전문어(체육)/전문어(체육)/전문어(체육),신규_어휘_후보,,0,False
외야수,0,명사,5,전문어(체육),신규_어휘_후보,,0,False
외양,3,명사,5,일반어,신규_어휘_후보,,0,False
외용약,0,명사,5,전문어(약학),신규_어휘_후보,,0,False
외유내강,0,명사,5,일반어,신규_어휘_후보,,0,False
외자,3,명사,5,일반어,신규_어휘_후보,,0,False
외장,3,명사,5,일반어/일반어/일반어,신규_어휘_후보,,0,False
외장재,0,명사,5,전문어(건설),신규_어휘_후보,,0,False
외조모,0,명사,5,일반어,신규_어휘_후보,,0,False
외조부,0,명사,5,일반어,신규_어휘_후보,,0,False
외조부모,0,명사,5,일반어,신규_어휘_후보,,0,False
외족,2,명사,5,일반어/일반어,신규_어휘_후보,,0,False
외종,1,명사,5,일반어,신규_어휘_후보,,0,False
외줄기,0,명사,5,일반어/전문어(식물),신규_어휘_후보,,0,False
외지,2,명사,5,일반어/일반어/일반어,신규_어휘_후보,,0,False
외짝,0,명사,5,일반어/일반어,신규_어휘_후보,,0,False
외척,0,명사,5,일반어/일반어,신규_어휘_후보,,0,False
외판원,0,명사,5,일반어,신규_어휘_후보,,0,False
외팔,0,명사,5,일반어,신규_어휘_후보,,0,False
외항,2,명사,5,전문어(교통)/전문어(교통)/전문어(해양),신규_어휘_후보,,0,False
외항선,0,명사,5,일반어,신규_어휘_후보,,0,False
외형적,0,명사/관형사,5,일반어/일반어/일반어/일반어,신규_어휘_후보,,0,False
외환,2,명사,5,전문어(경제),신규_어휘_후보,,0,False
왼발잡이,0,명사,5,일반어,신규_어휘_후보,,0,False
왼뺨,0,명사,5,일반어,신규_어휘_후보,,0,False
왼씨름,0,명사,5,전문어(체육),신규_어휘_후보,,0,False
요,1,명사,5,일반어,신규_어휘_후보,,0,False
요금소,0,명사,5,일반어/일반어,신규_어휘_후보,,0,False
요금제,0,명사,5,전문어(경제),신규_어휘_후보,,0,False
요기,7,명사,5,일반어,신규_어휘_후보,,0,False
요긴히,0,부사,5,일반어,신규_어휘_후보,,0,False
요나라,0,명사,5,전문어(역사),신규_어휘_후보,,0,False
요도염,0,명사,5,전문어(의학),신규_어휘_후보,,0,False
요동반도,0,명사,5,전문어(지명),신규_어휘_후보,,0,False
요동하다,0,동사,5,일반어/전문어(전기·전자),신규_어휘_후보,,0,False
요들송,0,명사,5,전문어(음악),신규_어휘_후보,,0,False
요량,1,명사,5,일반어,신규_어휘_후보,,0,False
요르단,0,명사,5,전문어(지명),신규_어휘_후보,,0,False
요리실,0,명사,5,일반어,신규_어휘_후보,,0,False
요만치,0,부사/명사,5,일반어/일반어,신규_어휘_후보,,0,False
요맘때,0,명사,5,일반어,신규_어휘_후보,,0,False
요망,1,명사,5,일반어/일반어,신규_어휘_후보,,0,True
요망,2,명사,5,일반어,신규_어휘_후보,,0,True
요망하다,1,형용사,5,일반어/일반어,신규_어휘_후보,,0,False
요망하다,2,동사,5,일반어,신규_어휘_후보,,0,False
요물,0,명사,5,일반어/일반어,신규_어휘_후보,,0,False
요사스럽다,0,형용사,5,일반어,신규_어휘_후보,,0,False
요산,0,명사,5,전문어(화학),신규_어휘_후보,,0,False
요소,2,명사,5,전문어(생명),신규_어휘_후보,,0,True
요소요소,0,명사,5,일반어,신규_어휘_후보,,0,False
요식업,0,명사,5,일반어,신규_어휘_후보,,0,False
요양소,0,명사,5,일반어,신규_어휘_후보,,0,False
요양하다,1,동사,5,일반어,신규_어휘_후보,,0,False
요업,0,명사,5,전문어(공업),신규_어휘_후보,,0,False
요염하다,0,형용사,5,일반어,신규_어휘_후보,,0,False
요원하다,0,형용사,5,일반어,신규_어휘_후보,,0,False
요절,1,명사,5,일반어,신규_어휘_후보,,0,False
요절나다,0,동사,5,일반어/일반어,신규_어휘_후보,,0,False
요지,4,명사,5,일반어,신규_어휘_후보,,0,True
요지경,0,명사,5,일반어/일반어,신규_어휘_후보,,0,False
요지부동,0,명사,5,일반어,신규_어휘_후보,,0,False
요충,3,명사,5,전문어(동물),신규_어휘_후보,,0,False
요충지,0,명사,5,일반어,신규_어휘_후보,,0,False
요컨대,0,부사,5,일반어/일반어,신규_어휘_후보,,0,False
요크셔테리어,0,명사,5,전문어(동물),신규_어휘_후보,,0,False
요행히,0,부사,5,일반어,신규_어휘_후보,,0,False
욕먹다,0,동사,5,일반어/일반어/일반어,신규_어휘_후보,,0,False
욕쟁이,0,명사,5,일반어,신규_어휘_후보,,0,False
욕지거리,0,명사,5,일반어,신규_어휘_후보,,0,False
욕지기,0,명사,5,일반어,신규_어휘_후보,,0,False
욕탕,0,명사,5,일반어,신규_어휘_후보,,0,False
용감무쌍하다,0,형용사,5,일반어,신규_어휘_후보,,0,False
용구,1,명사,5,일반어,신규_어휘_후보,,0,False
용납되다,0,동사,5,일반어/일반어,신규_어휘_후보,,0,False
용단,1,명사,5,일반어,신규_어휘_후보,,0,False
용달차,0,명사,5,일반어,신규_어휘_후보,,0,False
용담,4,명사,5,전문어(식물),신규_어휘_후보,,0,False
용두레,0,명사,5,전문어(농업),신규_어휘_후보,,0,False
용두사미,0,명사,5,일반어,신규_어휘_후보,,0,False
용량,1,명사,5,일반어/전문어(약학),신규_어휘_후보,,0,True
용례,0,명사,5,일반어,신규_어휘_후보,,0,False
용마루,0,명사,5,전문어(건설),신규_어휘_후보,,0,False
용맹성,0,명사,5,일반어,신규_어휘_후보,,0,False
용머리,1,명사,5,전문어(건설)/전문어(공예),신규_어휘_후보,,0,False
용무,3,명사,5,일반어,신규_어휘_후보,,0,False
용법,0,명사,5,일반어/일반어,신규_어휘_후보,,0,False
용병,3,명사,5,일반어,신규_어휘_후보,,0,True
용병,5,명사,5,전문어(군사),신규_어휘_후보,,0,True
용비어천가,0,명사,5,전문어(문학),신규_어휘_후보,,0,False
용상,7,명사,5,전문어(체육),신규_어휘_후보,,0,False
용설란,0,명사,5,전문어(식물)/전문어(식물),신규_어휘_후보,,0,False
용솟음,0,명사,5,일반어/일반어/전문어(민속),신규_어휘_후보,,0,False
용수철저울,0,명사,5,일반어,신규_어휘_후보,,0,False
용쓰다,0,동사,5,일반어/일반어,신규_어휘_후보,,0,False
용안,3,명사,5,일반어,신규_어휘_후보,,0,False
용언,1,명사,5,전문어(언어),신규_어휘_후보,,0,False
용역,0,명사,5,전문어(경제),신규_어휘_후보,,0,False
용의,1,명사,5,일반어/일반어,신규_어휘_후보,,0,False
용이하다,0,형용사,5,일반어,신규_어휘_후보,,0,False
용인,3,명사,5,일반어,신규_어휘_후보,,0,False
용인되다,1,동사,5,일반어,신규_어휘_후보,,0,True
용인되다,2,동사,5,일반어,신규_어휘_후보,,0,True
용잠,2,명사,5,일반어,신규_어휘_후보,,0,False
용장,5,명사,5,일반어,신규_어휘_후보,,0,False
용적,0,명사,5,일반어/전문어(수학),신규_어휘_후보,,0,False
용접,2,명사,5,전문어(공업),신규_어휘_후보,,0,False
용질,2,명사,5,전문어(화학),신규_어휘_후보,,0,False
용트림,0,명사,5,일반어,신규_어휘_후보,,0,False
용틀임,0,명사,5,일반어/전문어(민속)/전문어(민속)/전문어(민속),신규_어휘_후보,,0,False
용하다,1,형용사,5,일반어/일반어/일반어,신규_어휘_후보,,0,False
용해도,0,명사,5,전문어(화학),신규_어휘_후보,,0,False
우,14,명사,5,전문어(교육),신규_어휘_후보,,0,True
우거지상,0,명사,5,일반어,신규_어휘_후보,,0,False
우격다짐,0,명사,5,일반어,신규_어휘_후보,,0,False
우국,0,명사,5,일반어,신규_어휘_후보,,0,False
우군,1,명사,5,일반어,신규_어휘_후보,,0,False
우그러지다,0,동사,5,일반어/일반어/일반어,신규_어휘_후보,,0,False
우그리다,0,동사,5,일반어/일반어,신규_어휘_후보,,0,False
우글거리다,1,동사,5,일반어,신규_어휘_후보,,0,True
우글대다,2,동사,5,일반어,신규_어휘_후보,,0,False
우글우글,2,부사,5,일반어,신규_어휘_후보,,0,False
우글쭈글,0,부사,5,일반어,신규_어휘_후보,,0,False
우글쭈글하다,0,형용사,5,일반어,신규_어휘_후보,,0,False
우는소리,0,명사,5,일반어,신규_어휘_후보,,0,False
우단,3,명사,5,일반어,신규_어휘_후보,,0,False
우당퉁탕,0,부사,5,일반어,신규_어휘_후보,,0,False
우두둑,0,부사,5,일반어/일반어/일반어/일반어/일반어,신규_어휘_후보,,0,False
우두둑우두둑,0,부사,5,일반어/일반어/일반어/일반어/일반어,신규_어휘_후보,,0,False
우둔하다,0,형용사,5,일반어,신규_어휘_후보,,0,False
우둘투둘하다,0,형용사,5,일반어,신규_어휘_후보,,0,False
우등,0,명사,5,일반어/일반어,신규_어휘_후보,,0,False
우등생,0,명사,5,일반어,신규_어휘_후보,,0,False
우뚝하다,0,형용사,5,일반어/일반어,신규_어휘_후보,,0,False
우라지다,0,동사,5,일반어,신규_어휘_후보,,0,False
우락부락,0,부사,5,일반어/일반어,신규_어휘_후보,,0,False
우락부락하다,0,형용사,5,일반어/일반어,신규_어휘_후보,,0,False
우량도서,0,명사,5,일반어,신규_어휘_후보,,0,False
우량아,0,명사,5,일반어,신규_어휘_후보,,0,False
우렁쉥이,0,명사,5,전문어(동물),신규_어휘_후보,,0,False
우레,1,명사,5,일반어,신규_어휘_후보,,0,False
우려먹다,0,동사,5,일반어/일반어,신규_어휘_후보,,0,False
우루과이,0,명사,5,전문어(지명),신규_어휘_후보,,0,False
우마,0,명사,5,일반어,신규_어휘_후보,,0,False
우매하다,0,형용사,5,일반어,신규_어휘_후보,,0,False
우묵하다,0,형용사,5,일반어,신규_어휘_후보,,0,False
우문현답,0,명사,5,일반어,신규_어휘_후보,,0,False
우발적,0,명사/관형사,5,일반어/일반어,신규_어휘_후보,,0,False
우방,1,명사,5,일반어,신규_어휘_후보,,0,False
우사,4,명사,5,일반어,신규_어휘_후보,,0,False
우산이끼,0,명사,5,전문어(식물),신규_어휘_후보,,0,False
우상화,0,명사,5,일반어,신규_어휘_후보,,0,False
우상화하다,0,동사,5,일반어,신규_어휘_후보,,0,False
우선권,0,명사,5,일반어/전문어(법률),신규_어휘_후보,,0,False
우세,6,명사,5,일반어,신규_어휘_후보,,0,False
우송료,0,명사,5,일반어,신규_어휘_후보,,0,False
우수,7,명사,5,일반어/일반어,신규_어휘_후보,,0,True
우수,10,명사,5,일반어,신규_어휘_후보,,0,True
우스개,0,명사,5,일반어,신규_어휘_후보,,0,False
우스갯소리,0,명사,5,일반어,신규_어휘_후보,,0,False
우시장,0,명사,5,일반어,신규_어휘_후보,,0,False
우애롭다,0,형용사,5,일반어,신규_어휘_후보,,0,False
우엉조림,0,명사,5,일반어,신규_어휘_후보,,0,False
우여곡절,0,명사,5,일반어,신규_어휘_후보,,0,False
우열,6,명사,5,일반어,신규_어휘_후보,,0,False
우월,2,명사,5,일반어,신규_어휘_후보,,0,False
우위,3,명사,5,일반어/전문어(철학),신규_어휘_후보,,0,False
우유부단하다,0,형용사,5,일반어,신규_어휘_후보,,0,False
우의,1,명사,5,일반어,신규_어휘_후보,,0,True
우의,7,명사,5,일반어,신규_어휘_후보,,0,True
우이독경,0,명사,5,일반어,신규_어휘_후보,,0,False
우익,1,명사,5,일반어/전문어(군사)/전문어(체육)/전문어(체육)/전문어(정치),신규_어휘_후보,,0,False
우정국,0,명사,5,전문어(역사),신규_어휘_후보,,0,False
우중충히,0,부사,5,일반어/일반어/일반어,신규_어휘_후보,,0,False
우즈베키스탄,0,명사,5,전문어(지명),신규_어휘_후보,,0,False
우지,3,명사,5,일반어,신규_어휘_후보,,0,False
우직하다,0,형용사,5,일반어/일반어,신규_어휘_후보,,0,False
우짖다,0,동사,5,일반어/일반어,신규_어휘_후보,,0,False
우쩍,0,부사,5,일반어/일반어/일반어,신규_어휘_후보,,0,False
우측통행,0,명사,5,일반어,신규_어휘_후보,,0,False
우쿨렐레,0,명사,5,전문어(음악),신규_어휘_후보,,0,False
우크라이나,0,명사,5,전문어(지명),신규_어휘_후보,,0,False
우툴두툴,0,부사,5,일반어,신규_어휘_후보,,0,False
우편국,0,명사,5,일반어,신규_어휘_후보,,0,False
우편배달,0,명사,5,일반어,신규_어휘_후보,,0,False
우편배달부,0,명사,5,일반어,신규_어휘_후보,,0,False
우편환,0,명사,5,전문어(경제),신규_어휘_후보,,0,False
우호적,0,명사/관형사,5,일반어/일반어,신규_어휘_후보,,0,False
우환,2,명사,5,일반어/일반어,신규_어휘_후보,,0,False
우황청심환,0,명사,5,전문어(한의),신규_어휘_후보,,0,False
우회,3,명사,5,일반어,신규_어휘_후보,,0,False
우후죽순,0,명사,5,일반어,신규_어휘_후보,,0,False
욱,1,부사,5,일반어/일반어,신규_어휘_후보,,0,False
욱신거리다,0,동사,5,일반어/일반어,신규_어휘_후보,,0,False
욱하다,0,동사,5,일반어,신규_어휘_후보,,0,False
운,8,명사,5,전문어(문학)/전문어(문학)/전문어(언어),신규_어휘_후보,,0,True
운동감,0,명사,5,전문어(미술),신규_어휘_후보,,0,False
운동모자,0,명사,5,일반어,신규_어휘_후보,,0,False
운동사,0,명사,5,일반어,신규_어휘_후보,,0,False
운동원,0,명사,5,일반어,신규_어휘_후보,,0,False
운동자,0,명사,5,일반어,신규_어휘_후보,,0,False
운명,2,명사,5,일반어,신규_어휘_후보,,0,True
운명하다,0,동사,5,일반어,신규_어휘_후보,,0,False
운모,1,명사,5,전문어(광업),신규_어휘_후보,,0,False
운문,2,명사,5,전문어(문학)/전문어(문학)/전문어(문학),신규_어휘_후보,,0,False
운반선,0,명사,5,일반어,신규_어휘_후보,,0,False
운송비,0,명사,5,일반어,신규_어휘_후보,,0,False
운송업,0,명사,5,일반어,신규_어휘_후보,,0,False
운송하다,0,동사,5,일반어,신규_어휘_후보,,0,False
운수,5,명사,5,일반어,신규_어휘_후보,,0,True
운용,0,명사,5,일반어,기존_콘텐츠와_연결_후보,SR_L6CORE_4950,1,False
운전법,0,명사,5,일반어,신규_어휘_후보,,0,False
운전병,0,명사,5,전문어(군사),신규_어휘_후보,,0,False
운집하다,0,동사,5,일반어,신규_어휘_후보,,0,False
운치,2,명사,5,일반어,신규_어휘_후보,,0,False
운해,0,명사,5,일반어/일반어/일반어,신규_어휘_후보,,0,False
운행하다,1,동사,5,일반어,신규_어휘_후보,,0,True
운혜,0,명사,5,일반어,신규_어휘_후보,,0,False
울,6,명사,5,일반어/일반어/일반어,신규_어휘_후보,,0,True
울긋불긋하다,0,형용사,5,일반어,신규_어휘_후보,,0,False
울다,2,동사,5,일반어,신규_어휘_후보,,0,True
울렁울렁,0,부사,5,일반어/일반어/일반어/일반어,신규_어휘_후보,,0,False
울렁증,0,명사,5,일반어,신규_어휘_후보,,0,False
울룩불룩,0,부사,5,일반어,신규_어휘_후보,,0,False
울림소리,0,명사,5,전문어(언어),신규_어휘_후보,,0,False
울림통,0,명사,5,전문어(물리)/전문어(음악),신규_어휘_후보,,0,False
울먹울먹,0,부사,5,일반어,신규_어휘_후보,,0,False
울먹울먹하다,0,동사,5,일반어,신규_어휘_후보,,0,False
울며불며,0,부사,5,일반어,신규_어휘_후보,,0,False
울음판,0,명사,5,일반어,신규_어휘_후보,,0,False
울화,0,명사,5,일반어,신규_어휘_후보,,0,False
울화병,0,명사,5,전문어(한의),신규_어휘_후보,,0,False
움찔움찔하다,1,동사,5,일반어,신규_어휘_후보,,0,False
움칫,0,부사,5,일반어,신규_어휘_후보,,0,False
움큼,0,의존 명사,5,일반어,신규_어휘_후보,,0,False
움푹움푹,0,부사,5,일반어,신규_어휘_후보,,0,False
움푹하다,0,형용사,5,일반어,신규_어휘_후보,,0,False
웃돈,0,명사,5,일반어/일반어,신규_어휘_후보,,0,False
웃음보,0,명사,5,일반어,신규_어휘_후보,,0,False
웃음빛,0,명사,5,일반어,신규_어휘_후보,,0,False
웃음판,0,명사,5,일반어,신규_어휘_후보,,0,False
웃자라다,0,동사,5,일반어,신규_어휘_후보,,0,False
웃통,0,명사,5,일반어/일반어,신규_어휘_후보,,0,False
웅거하다,0,동사,5,일반어,신규_어휘_후보,,0,False
웅담,0,명사,5,전문어(한의),신규_어휘_후보,,0,False
웅변가,0,명사,5,일반어,신규_어휘_후보,,0,False
웅변대회,0,명사,5,일반어,신규_어휘_후보,,0,False
웅비하다,0,동사,5,일반어,신규_어휘_후보,,0,False
웅얼대다,0,동사,5,일반어,신규_어휘_후보,,0,False
웅진,2,명사,5,전문어(지명),신규_어휘_후보,,0,False
워낙에,0,부사,5,일반어/일반어,신규_어휘_후보,,0,False
워싱턴,2,명사,5,전문어(지명),신규_어휘_후보,,0,False
워킹,0,명사,5,전문어(체육),신규_어휘_후보,,0,False
원,8,명사,5,일반어/일반어,신규_어휘_후보,,0,True
원,16,명사,5,일반어/전문어(불교),신규_어휘_후보,,0,True
원각사,1,명사,5,전문어(불교),신규_어휘_후보,,0,False
원거리,0,명사,5,일반어,신규_어휘_후보,,0,False
원경,4,명사,5,일반어/일반어,신규_어휘_후보,,0,False
원고료,0,명사,5,일반어,신규_어휘_후보,,0,False
원고용지,0,명사,5,일반어,신규_어휘_후보,,0,False
원고지,1,명사,5,일반어,신규_어휘_후보,,0,False
원광석,0,명사,5,전문어(광업),신규_어휘_후보,,0,False
원군,3,명사,5,일반어,신규_어휘_후보,,0,False
원그래프,0,명사,5,전문어(수학)/전문어(수학),신규_어휘_후보,,0,False
원근,2,명사,5,일반어/일반어,신규_어휘_후보,,0,False
원근감,0,명사,5,전문어(미술),신규_어휘_후보,,0,False
원근법,0,명사,5,전문어(미술),신규_어휘_후보,,0,False
원급,0,명사,5,전문어(언어),신규_어휘_후보,,0,False
원동기,0,명사,5,전문어(건설),신규_어휘_후보,,0,False
원두,3,명사,5,일반어/전문어(불교),신규_어휘_후보,,0,False
원둘레,0,명사,5,전문어(수학),신규_어휘_후보,,0,False
원로,1,명사,5,일반어/일반어,신규_어휘_후보,,0,False
원룸,0,명사,5,전문어(건설),신규_어휘_후보,,0,False
원말,0,명사,5,전문어(언어),신규_어휘_후보,,0,False
원면,2,명사,5,일반어,신규_어휘_후보,,0,False
원무,3,명사,5,전문어(예체능 일반)/전문어(무용),신규_어휘_후보,,0,False
원병,0,명사,5,일반어,신규_어휘_후보,,0,False
원불교,0,명사,5,전문어(종교 일반),신규_어휘_후보,,0,False
원뿌리,0,명사,5,전문어(식물),신규_어휘_후보,,0,False
원뿔형,0,명사,5,전문어(수학),신규_어휘_후보,,0,False
원사,1,명사,5,전문어(군사),신규_어휘_후보,,0,False
원산,2,명사,5,일반어,신규_어휘_후보,,0,False
원삼,2,명사,5,일반어,신규_어휘_후보,,0,False
원상,1,명사,5,일반어,신규_어휘_후보,,0,False
원색적,0,명사/관형사,5,일반어/일반어/일반어/일반어,신규_어휘_후보,,0,False
원생,2,명사,5,일반어/일반어/전문어(역사),신규_어휘_후보,,0,False
원석,2,명사,5,전문어(광업)/일반어,신규_어휘_후보,,0,False
원소,2,명사,5,전문어(수학)/전문어(수학)/전문어(철학)/전문어(화학),신규_어휘_후보,,0,False
원수,1,명사,5,전문어(군사)/전문어(역사)/전문어(역사),신규_어휘_후보,,0,True
원수,2,명사,5,전문어(행정),신규_어휘_후보,,0,True
원숙하다,0,형용사,5,일반어/일반어,신규_어휘_후보,,0,False
원시,7,명사,5,일반어/전문어(의학),신규_어휘_후보,,0,True
원시적,0,명사/관형사,5,일반어/일반어,신규_어휘_후보,,0,False
원심,2,명사,5,전문어(법률),신규_어휘_후보,,0,False
원심력,0,명사,5,전문어(물리),신규_어휘_후보,,0,False
원앙새,0,명사,5,전문어(동물),신규_어휘_후보,,0,False
원양,2,명사,5,일반어,신규_어휘_후보,,0,False
원예업,0,명사,5,일반어,신규_어휘_후보,,0,False
원예학,0,명사,5,전문어(농업),신규_어휘_후보,,0,False
원운동,0,명사,5,전문어(천문),신규_어휘_후보,,0,False
원위치,0,명사,5,일반어,신규_어휘_후보,,0,False
원음,3,명사,5,일반어/전문어(음악),신규_어휘_후보,,0,False
원자탄,0,명사,5,전문어(군사),신규_어휘_후보,,0,False
원전,4,명사,5,일반어/일반어,신규_어휘_후보,,0,False
원제,2,명사,5,일반어,신규_어휘_후보,,0,False
원초,0,명사,5,일반어,신규_어휘_후보,,0,False
원초적,0,명사/관형사,5,일반어/일반어,신규_어휘_후보,,0,False
원추,2,명사,5,전문어(수학),신규_어휘_후보,,0,False
원추리,0,명사,5,전문어(식물),신규_어휘_후보,,0,False
원칙적,0,명사/관형사,5,일반어/일반어,신규_어휘_후보,,0,False
원컨대,0,부사,5,일반어,신규_어휘_후보,,0,False
원탁,0,명사,5,일반어,신규_어휘_후보,,0,False
원통히,0,부사,5,일반어,신규_어휘_후보,,0,False
원판,4,명사,5,일반어/전문어(매체)/전문어(매체),신규_어휘_후보,,0,True
원판,5,명사,5,일반어,신규_어휘_후보,,0,True
원형,6,명사,5,일반어,신규_어휘_후보,,0,True
원호,5,명사,5,일반어,신규_어휘_후보,,0,False
원혼,0,명사,5,일반어,신규_어휘_후보,,0,False
원화,1,명사,5,전문어(경제),신규_어휘_후보,,0,True
원화,4,명사,5,일반어/전문어(매체),신규_어휘_후보,,0,True
원활히,0,부사,5,일반어/일반어,신규_어휘_후보,,0,False
원흉,0,명사,5,일반어,신규_어휘_후보,,0,False
월간,1,명사,5,일반어/일반어,신규_어휘_후보,,0,False
월간지,0,명사,5,일반어,신규_어휘_후보,,0,False
월계관,0,명사,5,일반어/일반어,신규_어휘_후보,,0,False
월계꽃,0,명사,5,전문어(식물),신규_어휘_후보,,0,False
월급봉투,0,명사,5,일반어,신규_어휘_후보,,0,False
월급일,0,명사,5,일반어,신규_어휘_후보,,0,False
월급쟁이,0,명사,5,일반어,신규_어휘_후보,,0,False
월남,3,명사,5,전문어(지명),신규_어휘_후보,,0,True
월남치마,0,명사,5,일반어,신규_어휘_후보,,0,False
월동,0,명사,5,일반어,신규_어휘_후보,,0,False
월동하다,0,동사,5,일반어,신규_어휘_후보,,0,False
월등히,0,부사,5,일반어,신규_어휘_후보,,0,False
월반,2,명사,5,전문어(교육),신규_어휘_후보,,0,False
월병,0,명사,5,일반어/일반어,신규_어휘_후보,,0,False
월부,0,명사,5,일반어,신규_어휘_후보,,0,False
월부금,0,명사,5,일반어,신규_어휘_후보,,0,False
월북,0,명사,5,일반어/일반어,신규_어휘_후보,,0,False
월사금,0,명사,5,일반어/일반어,신규_어휘_후보,,0,False
월인천강지곡,0,명사,5,전문어(책명),신규_어휘_후보,,0,False
월일,0,명사,5,일반어/일반어,신규_어휘_후보,,0,False
월정사,0,명사,5,전문어(불교),신규_어휘_후보,,0,False
월지,0,명사,5,전문어(역사),신규_어휘_후보,,0,False
월척,0,명사,5,일반어,신규_어휘_후보,,0,False
월초,0,명사,5,일반어,신규_어휘_후보,,0,False
월출,0,명사,5,전문어(천문),신규_어휘_후보,,0,False
웨이터,0,명사,5,일반어,신규_어휘_후보,,0,False
웩,0,부사,5,일반어/일반어,신규_어휘_후보,,0,False
위경련,0,명사,5,전문어(의학),신규_어휘_후보,,0,False
위관,6,명사,5,전문어(군사),신규_어휘_후보,,0,False
위궤양,0,명사,5,전문어(의학),신규_어휘_후보,,0,False
위급,0,명사,5,일반어,신규_어휘_후보,,0,False
위뜸,0,명사,5,일반어,신규_어휘_후보,,0,False
위령제,0,명사,5,일반어,신규_어휘_후보,,0,False
위령탑,0,명사,5,일반어,신규_어휘_후보,,0,False
위례성,0,명사,5,전문어(지명),신규_어휘_후보,,0,False
위문단,0,명사,5,일반어,신규_어휘_후보,,0,False
위문편지,0,명사,5,일반어,신규_어휘_후보,,0,False
위문품,0,명사,5,일반어,신규_어휘_후보,,0,False
위배,2,명사,5,일반어,신규_어휘_후보,,0,False
위배하다,2,동사,5,일반어,신규_어휘_후보,,0,False
위법,0,명사,5,일반어,신규_어휘_후보,,0,False
위생법,0,명사,5,전문어(법률),신규_어휘_후보,,0,False
위생복,0,명사,5,일반어,신규_어휘_후보,,0,False
위선자,0,명사,5,일반어,신규_어휘_후보,,0,False
위세,4,명사,5,일반어/일반어,신규_어휘_후보,,0,False
위스키,0,명사,5,일반어,신규_어휘_후보,,0,False
위시하다,0,동사,5,일반어,신규_어휘_후보,,0,False
위신,4,명사,5,일반어,신규_어휘_후보,,0,False
위압,0,명사,5,일반어/전문어(사회 일반),신규_어휘_후보,,0,False
위압하다,0,동사,5,일반어,신규_어휘_후보,,0,False
위액,0,명사,5,전문어(의학),신규_어휘_후보,,0,False
위약금,0,명사,5,전문어(법률),신규_어휘_후보,,0,False
위업,1,명사,5,일반어,신규_어휘_후보,,0,False
위용,1,명사,5,일반어,신규_어휘_후보,,0,False
위의,2,명사,5,일반어/일반어/전문어(불교)/전문어(불교),신규_어휘_후보,,0,False
위임,0,명사,5,일반어/전문어(법률),신규_어휘_후보,,0,False
위임하다,0,동사,5,일반어/전문어(법률),신규_어휘_후보,,0,False
위자료,0,명사,5,전문어(법률),신규_어휘_후보,,0,False
위장,7,명사,5,일반어/전문어(군사),신규_어휘_후보,,0,True
위장병,1,명사,5,전문어(의학),신규_어휘_후보,,0,False
위조지폐,0,명사,5,일반어,신규_어휘_후보,,0,False
위조품,0,명사,5,일반어,신규_어휘_후보,,0,False
위조하다,2,동사,5,일반어,신규_어휘_후보,,0,False
위중하다,1,형용사,5,일반어/일반어,신규_어휘_후보,,0,False
위증,3,명사,5,일반어/전문어(법률),신규_어휘_후보,,0,False
위채,0,명사,5,일반어,신규_어휘_후보,,0,False
위축되다,0,동사,5,일반어/일반어/전문어(생명),신규_어휘_후보,,0,False
위통,2,명사,5,전문어(의학),신규_어휘_후보,,0,False
위팔,0,명사,5,전문어(의학),신규_어휘_후보,,0,False
위패,2,명사,5,일반어,신규_어휘_후보,,0,False
위풍,0,명사,5,일반어,신규_어휘_후보,,0,False
위풍당당하다,0,형용사,5,일반어,신규_어휘_후보,,0,False
위험스럽다,0,형용사,5,일반어,신규_어휘_후보,,0,False
위험천만,0,명사,5,일반어,신규_어휘_후보,,0,False
위험천만하다,0,형용사,5,일반어,신규_어휘_후보,,0,False
위협적,0,명사/관형사,5,일반어/일반어,신규_어휘_후보,,0,False
위화감,0,명사,5,일반어,신규_어휘_후보,,0,False
윗간,0,명사,5,일반어,신규_어휘_후보,,0,False
윗글,0,명사,5,일반어,신규_어휘_후보,,0,False
윗길,0,명사,5,일반어/일반어,신규_어휘_후보,,0,False
윗목,0,명사,5,일반어/일반어,신규_어휘_후보,,0,False
윗방,0,명사,5,일반어,신규_어휘_후보,,0,False
윗배,0,명사,5,일반어,신규_어휘_후보,,0,False
윗변,0,명사,5,전문어(수학),신규_어휘_후보,,0,False
윗알,0,명사,5,일반어,신규_어휘_후보,,0,False
유가,5,명사,5,일반어,신규_어휘_후보,,0,False
유가적,0,명사/관형사,5,일반어/일반어,신규_어휘_후보,,0,False
유감스럽다,0,형용사,5,일반어,신규_어휘_후보,,0,False
유감천만,0,명사,5,일반어,신규_어휘_후보,,0,False
유격대,0,명사,5,전문어(군사)/일반어,신규_어휘_후보,,0,False
유격수,0,명사,5,전문어(체육),신규_어휘_후보,,0,False
유격전,0,명사,5,전문어(군사),신규_어휘_후보,,0,False
유고슬라비아,0,명사,5,전문어(지명)/전문어(지명),신규_어휘_후보,,0,False
유골함,0,명사,5,일반어,신규_어휘_후보,,0,False
유공자,0,명사,5,일반어,신규_어휘_후보,,0,False
유과,1,명사,5,일반어,신규_어휘_후보,,0,False
유괴되다,0,동사,5,일반어,신규_어휘_후보,,0,False
유괴죄,0,명사,5,전문어(법률),신규_어휘_후보,,0,False
유구무언,0,명사,5,일반어,신규_어휘_후보,,0,False
유구하다,0,형용사,5,일반어,신규_어휘_후보,,0,False
유급,2,명사,5,일반어,신규_어휘_후보,,0,False
유기,2,명사,5,일반어,신규_어휘_후보,,0,True
유기,11,명사,5,일반어,신규_어휘_후보,,0,True
유기질,0,명사,5,전문어(화학),신규_어휘_후보,,0,False
유난스럽다,0,형용사,5,일반어,신규_어휘_후보,,0,False
유난하다,0,형용사,5,일반어,신규_어휘_후보,,0,False
유네스코,0,명사,5,전문어(교육),신규_어휘_후보,,0,False
유년,1,명사,5,일반어,신규_어휘_후보,,0,False
유년기,0,명사,5,전문어(교육)/전문어(지리),신규_어휘_후보,,0,False
유니세프,0,명사,5,전문어(복지),신규_어휘_후보,,0,False
유니폼,0,명사,5,일반어/일반어,신규_어휘_후보,,0,False
유다르다,0,형용사,5,일반어,신규_어휘_후보,,0,False
유대교,0,명사,5,전문어(종교 일반),신규_어휘_후보,,0,False
유덕하다,0,형용사,5,일반어,신규_어휘_후보,,0,False
유도화,0,명사,5,전문어(식물),신규_어휘_후보,,0,False
유동적,0,명사/관형사,5,일반어/일반어,신규_어휘_후보,,0,False
유두,1,명사,5,일반어/전문어(생명),신규_어휘_후보,,0,True
유두,3,명사,5,전문어(민속),신규_어휘_후보,,0,True
유들유들,0,부사,5,일반어/일반어,신규_어휘_후보,,0,False
유들유들하다,0,형용사,5,일반어/일반어,신규_어휘_후보,,0,False
유라시아,0,명사,5,전문어(지명),신규_어휘_후보,,0,False
유람,2,명사,5,일반어,신규_어휘_후보,,0,False
유람객,0,명사,5,일반어,신규_어휘_후보,,0,False
유람단,0,명사,5,일반어,신규_어휘_후보,,0,False
유람하다,1,동사,5,일반어,신규_어휘_후보,,0,True
유람하다,2,동사,5,일반어,신규_어휘_후보,,0,True
유랑하다,0,동사,5,일반어,신규_어휘_후보,,0,False
유래담,0,명사,5,일반어,신규_어휘_후보,,0,False
유려하다,0,형용사,5,일반어,신규_어휘_후보,,0,False
유례,3,명사,5,일반어/일반어,신규_어휘_후보,,0,False
유리,2,명사,5,일반어,신규_어휘_후보,,0,True
유리수,1,명사,5,전문어(수학),신규_어휘_후보,,0,False
유림,2,명사,5,일반어,신규_어휘_후보,,0,False
유망주,0,명사,5,일반어/전문어(경제),신규_어휘_후보,,0,False
유명무실,0,명사,5,일반어,신규_어휘_후보,,0,False
유모,2,명사,5,일반어,신규_어휘_후보,,0,False
유목,5,명사,5,일반어,신규_어휘_후보,,0,False
유미주의,0,명사,5,전문어(문학),신규_어휘_후보,,0,False
유밀과,0,명사,5,일반어,신규_어휘_후보,,0,False
유방암,0,명사,5,전문어(의학),신규_어휘_후보,,0,False
유배지,0,명사,5,일반어,신규_어휘_후보,,0,False
유별히,0,부사,5,일반어,신규_어휘_후보,,0,False
유보하다,1,동사,5,일반어/전문어(법률),신규_어휘_후보,,0,False
유복녀,0,명사,5,일반어,신규_어휘_후보,,0,False
유복자,0,명사,5,일반어,신규_어휘_후보,,0,False
유복하다,1,형용사,5,일반어,신규_어휘_후보,,0,True
유복하다,2,형용사,5,일반어,신규_어휘_후보,,0,True
유부,6,명사,5,일반어,신규_어휘_후보,,0,False
유부남,0,명사,5,일반어,신규_어휘_후보,,0,False
유분수,0,명사,5,일반어,신규_어휘_후보,,0,False
유비무환,0,명사,5,일반어,신규_어휘_후보,,0,False
유사성,0,명사,5,일반어,신규_어휘_후보,,0,False
유사시,0,명사,5,일반어,신규_어휘_후보,,0,False
유사점,0,명사,5,일반어,신규_어휘_후보,,0,False
유사품,0,명사,5,일반어,신규_어휘_후보,,0,False
유색,1,명사,5,일반어/전문어(불교),신규_어휘_후보,,0,False
유색인,0,명사,5,일반어/전문어(고유명 일반),신규_어휘_후보,,0,False
유생,5,명사,5,일반어,신규_어휘_후보,,0,False
유서,1,명사,5,일반어,신규_어휘_후보,,0,True
유세,2,명사,5,일반어/일반어,신규_어휘_후보,,0,True
유수,2,명사,5,일반어/일반어,신규_어휘_후보,,0,True
유수,9,명사,5,일반어,신규_어휘_후보,,0,True
유수하다,1,형용사,5,일반어/일반어,신규_어휘_후보,,0,False
유순하다,0,형용사,5,일반어,신규_어휘_후보,,0,False
유식,1,명사,5,일반어,신규_어휘_후보,,0,False
유식하다,1,형용사,5,일반어,신규_어휘_후보,,0,False
유신,5,명사,5,일반어,신규_어휘_후보,,0,False
유신론,0,명사,5,전문어(철학)/전문어(기독교),신규_어휘_후보,,0,False
유실,3,명사,5,일반어,신규_어휘_후보,,0,False
유실되다,1,동사,5,일반어,신규_어휘_후보,,0,False
유아기,1,명사,5,전문어(심리),신규_어휘_후보,,0,False
유아복,0,명사,5,일반어,신규_어휘_후보,,0,False
유약,4,명사,5,일반어/전문어(공예),신규_어휘_후보,,0,False
유약하다,1,형용사,5,일반어,신규_어휘_후보,,0,False
유언비어,0,명사,5,일반어,신규_어휘_후보,,0,False
유언서,0,명사,5,일반어,신규_어휘_후보,,0,False
유에프오,0,명사,5,전문어(물리),신규_어휘_후보,,0,False
유연탄,0,명사,5,전문어(공업),신규_어휘_후보,,0,False
유연히,1,부사,5,일반어/일반어,신규_어휘_후보,,0,False
유예,1,명사,5,일반어/일반어/전문어(법률),신규_어휘_후보,,0,False
유용,1,명사,5,일반어,신규_어휘_후보,,0,False
유유상종,0,명사,5,일반어,신규_어휘_후보,,0,False
유익,1,명사,5,일반어,신규_어휘_후보,,0,False
유인,7,명사,5,일반어,신규_어휘_후보,,0,False
유인원,0,명사,5,전문어(동물),신규_어휘_후보,,0,False
유일무이하다,0,형용사,5,일반어,신규_어휘_후보,,0,False
유자,5,명사,5,일반어,신규_어휘_후보,,0,False
유자망,0,명사,5,전문어(수산업),신규_어휘_후보,,0,False
유작,2,명사,5,일반어,신규_어휘_후보,,0,False
유장하다,1,형용사,5,일반어/일반어,신규_어휘_후보,,0,False
유전,2,명사,5,일반어,신규_어휘_후보,,0,True
유전되다,3,동사,5,일반어/전문어(생명),신규_어휘_후보,,0,False
유전병,0,명사,5,전문어(의학),신규_어휘_후보,,0,False
유전하다,5,동사,5,일반어/전문어(생명),신규_어휘_후보,,0,False
유정란,0,명사,5,전문어(동물),신규_어휘_후보,,0,False
유정하다,1,형용사,5,일반어,신규_어휘_후보,,0,False
유조차,0,명사,5,일반어,신규_어휘_후보,,0,False
유지류,0,명사,5,일반어,신규_어휘_후보,,0,False
유창히,0,부사,5,일반어,신규_어휘_후보,,0,False
유채,2,명사,5,전문어(식물),신규_어휘_후보,,0,False
유추,2,명사,5,일반어/전문어(철학)/전문어(법률)/전문어(언어),기존_콘텐츠와_연결_후보,SR_L4CORE_4767,1,False
유추하다,0,동사,5,일반어/전문어(철학)/전문어(법률),신규_어휘_후보,,0,False
유출하다,1,동사,5,일반어/일반어,신규_어휘_후보,,0,False
유치,4,명사,5,일반어,신규_어휘_후보,,0,True
유치장,0,명사,5,일반어,신규_어휘_후보,,0,False
유태교,0,명사,5,전문어(종교 일반),신규_어휘_후보,,0,False
유토피아,0,명사,5,일반어/전문어(문학),신규_어휘_후보,,0,False
유통,4,명사,5,일반어/일반어/전문어(경제),신규_어휘_후보,,0,False
유통망,0,명사,5,일반어,신규_어휘_후보,,0,False
유하다,1,형용사,5,일반어,신규_어휘_후보,,0,True
유하다,2,형용사,5,일반어/일반어,신규_어휘_후보,,0,True
유하다,3,동사,5,일반어,신규_어휘_후보,,0,False
유학,6,명사,5,일반어,신규_어휘_후보,,0,True
유한,2,명사,5,일반어,신규_어휘_후보,,0,False
유해,4,명사,5,일반어,신규_어휘_후보,,0,True
유행병,0,명사,5,일반어/일반어,신규_어휘_후보,,0,False
유혈,0,명사,5,일반어,신규_어휘_후보,,0,False
유형적,2,명사/관형사,5,일반어/일반어,신규_어휘_후보,,0,False
유화제,0,명사,5,전문어(화학),신규_어휘_후보,,0,False
유황,0,명사,5,전문어(한의)/전문어(화학),신규_어휘_후보,,0,False
유효하다,0,형용사,5,일반어/전문어(법률),신규_어휘_후보,,0,False
유흥가,0,명사,5,일반어,신규_어휘_후보,,0,False
유흥업,0,명사,5,일반어,신규_어휘_후보,,0,False
유흥업소,0,명사,5,일반어,신규_어휘_후보,,0,False
유희,2,명사,5,일반어/일반어,신규_어휘_후보,,0,False
유희적,0,명사/관형사,5,일반어/일반어/일반어/일반어,신규_어휘_후보,,0,False
육감,1,명사,5,전문어(심리),신규_어휘_후보,,0,True
육감,2,명사,5,일반어/일반어,신규_어휘_후보,,0,True
육감적,1,명사/관형사,5,일반어/일반어,신규_어휘_후보,,0,False
육림,2,명사,5,일반어,신규_어휘_후보,,0,False
육박전,0,명사,5,전문어(군사),신규_어휘_후보,,0,False
육사,5,명사,5,전문어(군사),신규_어휘_후보,,0,False
육성,4,명사,5,일반어,신규_어휘_후보,,0,True
육성하다,0,동사,5,일반어,신규_어휘_후보,,0,False
육성회비,0,명사,5,전문어(교육),신규_어휘_후보,,0,False
육수,1,명사,5,일반어,신규_어휘_후보,,0,False
육순,1,명사,5,일반어/일반어,신규_어휘_후보,,0,False
육식성,0,명사,5,일반어,신규_어휘_후보,,0,False
육십갑자,0,명사,5,전문어(민속),신규_어휘_후보,,0,False
육아원,0,명사,5,일반어,신규_어휘_후보,,0,False
육안,0,명사,5,일반어/일반어/전문어(불교),신규_어휘_후보,,0,False
육의전,0,명사,5,전문어(역사),신규_어휘_후보,,0,False
육자배기,2,명사,5,전문어(음악),신규_어휘_후보,,0,False
육전,5,명사,5,전문어(군사),신규_어휘_후보,,0,False
육젓,0,명사,5,일반어,신규_어휘_후보,,0,False
육조,1,명사,5,전문어(역사),신규_어휘_후보,,0,False
육종학,0,명사,5,전문어(농업),신규_어휘_후보,,0,False
육진,3,명사,5,전문어(역사),신규_어휘_후보,,0,False
육체노동,0,명사,5,일반어,신규_어휘_후보,,0,False
육체미,0,명사,5,일반어,신규_어휘_후보,,0,False
육촌,1,명사,5,일반어,신규_어휘_후보,,0,False
육친,2,명사,5,일반어,신규_어휘_후보,,0,False
육탄,0,명사,5,일반어,신규_어휘_후보,,0,False
육탄전,0,명사,5,일반어,신규_어휘_후보,,0,False
육포,2,명사,5,일반어,신규_어휘_후보,,0,False
육해공군,0,명사,5,전문어(군사),신규_어휘_후보,,0,False
윤곽선,0,명사,5,일반어/전문어(매체),신규_어휘_후보,,0,False
윤년,0,명사,5,전문어(천문),신규_어휘_후보,,0,False
윤달,0,명사,5,전문어(천문),신규_어휘_후보,,0,False
윤일,0,명사,5,일반어,신규_어휘_후보,,0,False
윤작,0,명사,5,일반어/전문어(농업),신규_어휘_후보,,0,False
윤택,0,명사,5,일반어/일반어,신규_어휘_후보,,0,False
율,2,명사,5,전문어(수학),신규_어휘_후보,,0,False
율동적,0,명사/관형사,5,일반어/일반어,신규_어휘_후보,,0,False
율령,0,명사,5,전문어(법률)/전문어(역사),신규_어휘_후보,,0,False
율명,0,명사,5,전문어(음악),신규_어휘_후보,,0,False
율법,0,명사,5,전문어(법률)/전문어(종교 일반),신규_어휘_후보,,0,False
융기,2,명사,5,일반어/전문어(지구),신규_어휘_후보,,0,False
융단,2,명사,5,전문어(공예),신규_어휘_후보,,0,False
융성하다,0,동사,5,일반어,신규_어휘_후보,,0,False
융자,0,명사,5,일반어,신규_어휘_후보,,0,False
융자금,0,명사,5,일반어,신규_어휘_후보,,0,False
융자하다,0,동사,5,일반어,신규_어휘_후보,,0,False
융점,2,명사,5,전문어(화학),신규_어휘_후보,,0,False
융체,2,명사,5,일반어,신규_어휘_후보,,0,False
융통성,0,명사,5,일반어/일반어,신규_어휘_후보,,0,False
융통하다,0,동사,5,일반어/일반어/전문어(전기·전자),신규_어휘_후보,,0,False
융합되다,0,동사,5,일반어/전문어(심리),신규_어휘_후보,,0,False
융해,0,명사,5,일반어/전문어(화학),신규_어휘_후보,,0,False
융해되다,0,동사,5,일반어/전문어(화학),신규_어휘_후보,,0,False
융화,4,명사,5,일반어,신규_어휘_후보,,0,False
융화하다,2,동사,5,일반어,신규_어휘_후보,,0,False
윷판,0,명사,5,전문어(민속)/전문어(민속),신규_어휘_후보,,0,False
으뜸가다,0,동사,5,일반어,신규_어휘_후보,,0,False
으르다,2,동사,5,일반어,신규_어휘_후보,,0,False
으름장,0,명사,5,일반어,신규_어휘_후보,,0,False
으스러지다,0,동사,5,일반어/일반어,신규_어휘_후보,,0,False
으스름달,0,명사,5,일반어,신규_어휘_후보,,0,False
으슬으슬,0,부사,5,일반어,신규_어휘_후보,,0,False
으음,0,감탄사,5,일반어/일반어/일반어,신규_어휘_후보,,0,False
으적으적,0,부사,5,일반어,신규_어휘_후보,,0,False
은거,0,명사,5,일반어/전문어(법률)/일반어,신규_어휘_후보,,0,False
은거하다,0,동사,5,일반어/전문어(법률)/일반어,신규_어휘_후보,,0,False
은광,2,명사,5,전문어(광업)/전문어(광업),신규_어휘_후보,,0,False
은니,1,명사,5,일반어,신규_어휘_후보,,0,False
은덕,1,명사,5,일반어/전문어(불교),신규_어휘_후보,,0,False
은둔,0,명사,5,일반어,신규_어휘_후보,,0,False
은둔하다,0,동사,5,일반어,신규_어휘_후보,,0,False
은둔형,0,명사,5,일반어,신규_어휘_후보,,0,False
은막,0,명사,5,전문어(영상)/전문어(영상),신규_어휘_후보,,0,False
은박,0,명사,5,일반어,신규_어휘_후보,,0,False
은반,0,명사,5,일반어/일반어,신규_어휘_후보,,0,False
은발,0,명사,5,일반어/일반어,신규_어휘_후보,,0,False
은백색,0,명사,5,일반어,신규_어휘_후보,,0,False
은사,1,명사,5,일반어/전문어(불교),신규_어휘_후보,,0,True
은사,6,명사,5,일반어,신규_어휘_후보,,0,True
은상,4,명사,5,일반어,신규_어휘_후보,,0,False
은연중,0,명사,5,일반어,신규_어휘_후보,,0,False
은원,0,명사,5,일반어,신규_어휘_후보,,0,False
은유,2,명사,5,전문어(문학),신규_어휘_후보,,0,False
은자,4,명사,5,일반어,신규_어휘_후보,,0,False
은장도,0,명사,5,일반어/전문어(역사),신규_어휘_후보,,0,False
은총,0,명사,5,일반어/전문어(가톨릭)/전문어(기독교),신규_어휘_후보,,0,False
은폐,2,명사,5,일반어/전문어(군사)/전문어(군사),신규_어휘_후보,,0,False
은하계,0,명사,5,전문어(천문),신규_어휘_후보,,0,False
은행권,0,명사,5,전문어(경제),신규_어휘_후보,,0,False
은혼식,0,명사,5,일반어,신규_어휘_후보,,0,False
을러대다,0,동사,5,일반어,신규_어휘_후보,,0,False
을러메다,0,동사,5,일반어,신규_어휘_후보,,0,False
을미사변,0,명사,5,전문어(역사),신규_어휘_후보,,0,False
을밀대,0,명사,5,전문어(역사),신규_어휘_후보,,0,False
을사늑약,0,명사,5,전문어(역사),신규_어휘_후보,,0,False
을씨년스럽다,0,형용사,5,일반어/일반어,신규_어휘_후보,,0,False
음,6,명사,5,전문어(물리)/전문어(수학)/전문어(민속)/전문어(한의),신규_어휘_후보,,0,True
음기,2,명사,5,일반어/전문어(한의),신규_어휘_후보,,0,False
음낭,0,명사,5,전문어(동물),신규_어휘_후보,,0,False
음높이,0,명사,5,전문어(음악),신규_어휘_후보,,0,False
음독,4,명사,5,일반어,신규_어휘_후보,,0,False
음란하다,0,형용사,5,일반어,신규_어휘_후보,,0,False
음량,1,명사,5,전문어(언어)/전문어(음악),신규_어휘_후보,,0,False
음률,0,명사,5,전문어(음악)/전문어(음악),신규_어휘_후보,,0,False
음미,1,명사,5,일반어/일반어,신규_어휘_후보,,0,False
음복,2,명사,5,일반어,신규_어휘_후보,,0,False
음복하다,2,동사,5,일반어,신규_어휘_후보,,0,False
음부,7,명사,5,전문어(의학),신규_어휘_후보,,0,False
음산하다,0,형용사,5,일반어/일반어,신규_어휘_후보,,0,False
음성,4,명사,5,일반어/일반어/일반어/일반어/전문어(생명)/전문어(보건 일반),신규_어휘_후보,,0,True
음성학,0,명사,5,전문어(언어),신규_어휘_후보,,0,False
음소,2,명사,5,전문어(언어),신규_어휘_후보,,0,False
음속,0,명사,5,전문어(물리),신규_어휘_후보,,0,False
음악계,0,명사,5,일반어/일반어,신규_어휘_후보,,0,False
음악극,0,명사,5,전문어(예체능 일반),신규_어휘_후보,,0,False
음악당,0,명사,5,일반어,신규_어휘_후보,,0,False
음악성,0,명사,5,일반어/일반어,신규_어휘_후보,,0,False
음악제,0,명사,5,일반어,신규_어휘_후보,,0,False
음악학,0,명사,5,전문어(음악),신규_어휘_후보,,0,False
음양,2,명사,5,일반어/일반어/전문어(물리)/전문어(민속),신규_어휘_후보,,0,False
음역,1,명사,5,전문어(음악),신규_어휘_후보,,0,False
음영,2,명사,5,일반어/일반어,신규_어휘_후보,,0,False
음운,1,명사,5,전문어(언어)/전문어(언어),신규_어휘_후보,,0,False
음운론,0,명사,5,전문어(언어),신규_어휘_후보,,0,False
음이름,0,명사,5,전문어(음악),신규_어휘_후보,,0,False
음자리표,0,명사,5,전문어(음악),신규_어휘_후보,,0,False
음조,1,명사,5,일반어/전문어(문학)/전문어(음악)/전문어(음악),신규_어휘_후보,,0,False
음지,3,명사,5,일반어/일반어,신규_어휘_후보,,0,False
음치,0,명사,5,일반어,신규_어휘_후보,,0,False
음침하다,0,형용사,5,일반어/일반어/일반어,신규_어휘_후보,,0,False
음탕하다,0,형용사,5,일반어,신규_어휘_후보,,0,False
음핵,0,명사,5,전문어(의학),신규_어휘_후보,,0,False
음화,5,명사,5,전문어(영상),신규_어휘_후보,,0,False
읍민,0,명사,5,일반어,신규_어휘_후보,,0,False
읍성,0,명사,5,일반어,신규_어휘_후보,,0,False
응가,0,명사/감탄사,5,일반어/일반어,신규_어휘_후보,,0,False
응결,0,명사,5,일반어/전문어(전기·전자)/전문어(화학),신규_어휘_후보,,0,False
응결력,0,명사,5,전문어(물리),신규_어휘_후보,,0,False
응결하다,0,동사,5,일반어/전문어(물리)/전문어(화학),신규_어휘_후보,,0,False
응고,1,명사,5,일반어,신규_어휘_후보,,0,False
응고되다,0,동사,5,일반어,신규_어휘_후보,,0,False
응고하다,0,동사,5,일반어,신규_어휘_후보,,0,False
응급조치,0,명사,5,일반어,신규_어휘_후보,,0,False
응낙,0,명사,5,일반어,신규_어휘_후보,,0,False
응당,0,부사,5,일반어/일반어,신규_어휘_후보,,0,False
응모,0,명사,5,일반어,신규_어휘_후보,,0,False
응모권,0,명사,5,일반어,신규_어휘_후보,,0,False
응변,0,명사,5,일반어,신규_어휘_후보,,0,False
응분,0,명사,5,일반어,신규_어휘_후보,,0,False
응석받이,0,명사,5,일반어/일반어,신규_어휘_후보,,0,False
응수,4,명사,5,일반어,신규_어휘_후보,,0,False
응수하다,2,동사,5,일반어,신규_어휘_후보,,0,False
응시,1,명사,5,일반어,신규_어휘_후보,,0,True
응시자,0,명사,5,일반어,신규_어휘_후보,,0,False
응아,1,부사,5,일반어,신규_어휘_후보,,0,False
응애,2,부사,5,일반어,신규_어휘_후보,,0,False
응애응애,0,부사,5,일반어,신규_어휘_후보,,0,False
응어리,0,명사,5,일반어/일반어/일반어/일반어/일반어,신규_어휘_후보,,0,False
응용문제,0,명사,5,일반어,신규_어휘_후보,,0,False
응원석,0,명사,5,일반어,신규_어휘_후보,,0,False
응접,0,명사,5,일반어/일반어,신규_어휘_후보,,0,False
응접세트,0,명사,5,일반어,신규_어휘_후보,,0,False
응집되다,0,동사,5,일반어,신규_어휘_후보,,0,False
응징,0,명사,5,일반어/일반어,신규_어휘_후보,,0,False
의,5,명사,5,일반어/일반어/일반어/일반어/일반어/전문어(역사),신규_어휘_후보,,0,True
의,8,명사,5,일반어,신규_어휘_후보,,0,True
의거,1,명사,5,일반어/일반어/일반어,신규_어휘_후보,,0,True
의거,2,명사,5,일반어,신규_어휘_후보,,0,True
의거하다,1,동사,5,일반어/일반어,신규_어휘_후보,,0,False
의경,1,명사,5,전문어(행정),신규_어휘_후보,,0,False
의관,3,명사,5,전문어(역사),신규_어휘_후보,,0,True
의구심,0,명사,5,일반어,신규_어휘_후보,,0,False
의군,1,명사,5,일반어,신규_어휘_후보,,0,False
의궤,1,명사,5,일반어/일반어/전문어(불교),신규_어휘_후보,,0,False
의금부,0,명사,5,전문어(역사),신규_어휘_후보,,0,False
의기,4,명사,5,일반어/일반어/일반어,신규_어휘_후보,,0,False
의기소침,0,명사,5,일반어,신규_어휘_후보,,0,False
의기투합,0,명사,5,일반어,신규_어휘_후보,,0,False
의남매,0,명사,5,일반어/일반어,신규_어휘_후보,,0,False
의논되다,0,동사,5,일반어,신규_어휘_후보,,0,False
의당,0,부사,5,일반어,신규_어휘_후보,,0,False
의례,4,명사,5,일반어,신규_어휘_후보,,0,False
의례적,0,명사/관형사,5,일반어/일반어/일반어/일반어,신규_어휘_후보,,0,False
의료단,0,명사,5,일반어,신규_어휘_후보,,0,False
의료진,0,명사,5,일반어,신규_어휘_후보,,0,False
의류품,0,명사,5,일반어,신규_어휘_후보,,0,False
의무감,1,명사,5,일반어,신규_어휘_후보,,0,False
의무대,0,명사,5,전문어(군사)/전문어(군사),신규_어휘_후보,,0,False
의무병,2,명사,5,전문어(군사),신규_어휘_후보,,0,False
의문문,0,명사,5,전문어(언어),신규_어휘_후보,,0,False
의미론,0,명사,5,전문어(수학)/전문어(언어),신규_어휘_후보,,0,False
의병대,0,명사,5,일반어,신규_어휘_후보,,0,False
의분,1,명사,5,일반어,신규_어휘_후보,,0,False
의붓딸,0,명사,5,일반어,신규_어휘_후보,,0,False
의붓아들,0,명사,5,일반어,신규_어휘_후보,,0,False
의붓아버지,0,명사,5,일반어,신규_어휘_후보,,0,False
의붓아비,0,명사,5,일반어,신규_어휘_후보,,0,False
의붓어머니,0,명사,5,일반어,신규_어휘_후보,,0,False
의붓자식,0,명사,5,일반어,신규_어휘_후보,,0,False
의석,3,명사,5,일반어/일반어,신규_어휘_후보,,0,False
의석수,0,명사,5,일반어,신규_어휘_후보,,0,False
의수,6,명사,5,일반어,신규_어휘_후보,,0,False
의아스레,0,부사,5,일반어,신규_어휘_후보,,0,False
의아히,0,부사,5,일반어,신규_어휘_후보,,0,False
의안,5,명사,5,일반어,신규_어휘_후보,,0,False
의연금,0,명사,5,일반어,신규_어휘_후보,,0,False
의연하다,1,형용사,5,일반어,신규_어휘_후보,,0,True
의연히,1,부사,5,일반어,신규_어휘_후보,,0,False
의열단,0,명사,5,전문어(역사),신규_어휘_후보,,0,False
의용,2,명사,5,일반어/일반어,신규_어휘_후보,,0,False
의용군,0,명사,5,일반어,신규_어휘_후보,,0,False
의인,3,명사,5,일반어,신규_어휘_후보,,0,False
의인법,0,명사,5,전문어(문학),신규_어휘_후보,,0,False
의인화하다,0,동사,5,일반어,신규_어휘_후보,,0,False
의장대,0,명사,5,전문어(군사),신규_어휘_후보,,0,False
의절,1,명사,5,일반어/일반어/일반어/전문어(역사),신규_어휘_후보,,0,False
의젓이,0,부사,5,일반어,신규_어휘_후보,,0,False
의정부,2,명사,5,전문어(지명),신규_어휘_후보,,0,False
의제,6,명사,5,일반어,신규_어휘_후보,,0,False
의존성,0,명사,5,일반어/전문어(의학),신규_어휘_후보,,0,False
의주,1,명사,5,전문어(지명),신규_어휘_후보,,0,False
의중,1,명사,5,일반어,신규_어휘_후보,,0,False
의지,4,명사,5,일반어/일반어,동형이의_품사_확인_필요,SR_L6CORE_4953,1,True
의창,2,명사,5,전문어(역사),신규_어휘_후보,,0,False
의처증,0,명사,5,전문어(심리),신규_어휘_후보,,0,False
의치,1,명사,5,일반어,신규_어휘_후보,,0,False
의타심,0,명사,5,일반어,신규_어휘_후보,,0,False
의탁하다,0,동사,5,일반어,신규_어휘_후보,,0,False
의표,1,명사,5,일반어,신규_어휘_후보,,0,False
의혹하다,0,동사,5,일반어,신규_어휘_후보,,0,False
이,21,명사,5,전문어(민속)/전문어(민속)/전문어(민속),신규_어휘_후보,,0,True
이간질,0,명사,5,일반어,신규_어휘_후보,,0,False
이갈이,2,명사,5,전문어(의학),신규_어휘_후보,,0,False
이감,2,명사,5,전문어(법률),신규_어휘_후보,,0,False
이같이,0,부사,5,일반어,신규_어휘_후보,,0,False
이건,2,명사,5,일반어,신규_어휘_후보,,0,False
이견,0,명사,5,일반어,신규_어휘_후보,,0,False
이골,1,명사,5,일반어,신규_어휘_후보,,0,False
이구동성,0,명사,5,일반어,신규_어휘_후보,,0,False
이국,3,명사,5,일반어,신규_어휘_후보,,0,False
이권,0,명사,5,일반어,신규_어휘_후보,,0,False
이글루,0,명사,5,일반어/일반어,신규_어휘_후보,,0,False
이기,5,명사,5,일반어/일반어/일반어/일반어,신규_어휘_후보,,0,False
이기다,2,동사,5,일반어/일반어/일반어,신규_어휘_후보,,0,True
이남,2,명사,5,일반어/일반어,신규_어휘_후보,,0,False
이내,2,관형사,5,일반어,신규_어휘_후보,,0,False
이년생,0,명사,5,일반어/전문어(생명)/전문어(식물),신규_어휘_후보,,0,False
이농,0,명사,5,전문어(사회 일반),신규_어휘_후보,,0,False
이다,2,동사,5,일반어,신규_어휘_후보,,0,True
이다지,0,부사,5,일반어,신규_어휘_후보,,0,False
이단,0,명사,5,일반어/일반어/일반어/전문어(종교 일반),신규_어휘_후보,,0,False
이단자,0,명사,5,일반어/일반어,신규_어휘_후보,,0,False
이두,1,명사,5,전문어(언어),신규_어휘_후보,,0,False
이등,1,명사,5,일반어,신규_어휘_후보,,0,False
이등병,0,명사,5,전문어(군사),신규_어휘_후보,,0,False
이등분,0,명사,5,일반어,신규_어휘_후보,,0,False
이등분되다,0,동사,5,일반어,신규_어휘_후보,,0,False
이따위,0,대명사/관형사,5,일반어/일반어,신규_어휘_후보,,0,False
이딴,0,관형사,5,일반어,신규_어휘_후보,,0,False
이때껏,0,부사,5,일반어,신규_어휘_후보,,0,False
이라크,0,명사,5,전문어(지명),신규_어휘_후보,,0,False
이란,3,명사,5,전문어(지명),신규_어휘_후보,,0,False
이랑,1,명사,5,일반어/일반어/일반어/일반어,신규_어휘_후보,,0,False
이래,1,품사 없음,5,일반어/일반어,신규_어휘_후보,,0,False
이러쿵저러쿵,0,부사,5,일반어,신규_어휘_후보,,0,False
이럭저럭,0,부사,5,일반어/일반어,신규_어휘_후보,,0,False
이런고로,0,부사,5,일반어,신규_어휘_후보,,0,False
이력서,0,명사,5,일반어,신규_어휘_후보,,0,False
이론적,0,명사/관형사,5,일반어/일반어/일반어/일반어,신규_어휘_후보,,0,False
이룩되다,0,동사,5,일반어,신규_어휘_후보,,0,False
이른바,0,부사,5,일반어,신규_어휘_후보,,0,False
이름씨,0,명사,5,전문어(언어),신규_어휘_후보,,0,False
이리듐,0,명사,5,전문어(화학),신규_어휘_후보,,0,False
이리이리,1,부사,5,일반어,신규_어휘_후보,,0,False
이만저만하다,0,형용사,5,일반어,신규_어휘_후보,,0,False
이만치,0,부사/명사,5,일반어/일반어,신규_어휘_후보,,0,False
이만하다,2,형용사,5,일반어,신규_어휘_후보,,0,False
이모작,0,명사,5,전문어(농업),신규_어휘_후보,,0,False
이모할머니,0,명사,5,일반어,신규_어휘_후보,,0,False
이문,5,명사,5,일반어/일반어,신규_어휘_후보,,0,False
이물,1,명사,5,일반어,신규_어휘_후보,,0,False
이민국,0,명사,5,일반어/일반어,신규_어휘_후보,,0,False
이민족,0,명사,5,일반어,신규_어휘_후보,,0,False
이바지,1,명사,5,일반어/일반어,신규_어휘_후보,,0,True
이바지,2,명사,5,일반어,신규_어휘_후보,,0,True
이반,2,명사,5,일반어,신규_어휘_후보,,0,False
이발관,0,명사,5,일반어,신규_어휘_후보,,0,False
이발기,2,명사,5,일반어,신규_어휘_후보,,0,False
이발업,0,명사,5,일반어,신규_어휘_후보,,0,False
이발하다,1,동사,5,일반어,신규_어휘_후보,,0,False
이밥,0,명사,5,일반어,신규_어휘_후보,,0,False
이방,3,명사,5,전문어(역사)/전문어(역사)/전문어(역사),신규_어휘_후보,,0,False
이보게,0,감탄사,5,일반어,신규_어휘_후보,,0,False
이보다,0,동사,5,일반어,신규_어휘_후보,,0,False
이보시오,0,감탄사,5,일반어,신규_어휘_후보,,0,False
이보우,0,감탄사,5,일반어,신규_어휘_후보,,0,False
이복동생,0,명사,5,일반어,신규_어휘_후보,,0,False
이복형제,0,명사,5,일반어,신규_어휘_후보,,0,False
이봐,0,감탄사,5,일반어,신규_어휘_후보,,0,False
이브,1,명사,5,일반어,신규_어휘_후보,,0,False
이비,4,명사,5,일반어,신규_어휘_후보,,0,False
이비과,0,명사,5,전문어(의학),신규_어휘_후보,,0,False
이사국,0,명사,5,전문어(행정),신규_어휘_후보,,0,False
이사장,0,명사,5,일반어,신규_어휘_후보,,0,False
이사회,0,명사,5,전문어(법률)/전문어(법률),신규_어휘_후보,,0,False
이산,2,명사,5,일반어,신규_어휘_후보,,0,False
이삼월,0,명사,5,일반어,신규_어휘_후보,,0,False
이삼일,0,명사,5,일반어/일반어,신규_어휘_후보,,0,False
이삿짐센터,0,명사,5,일반어,신규_어휘_후보,,0,False
이상향,0,명사,5,일반어,신규_어휘_후보,,0,False
이상화되다,0,동사,5,전문어(철학),신규_어휘_후보,,0,False
이성적,0,명사/관형사,5,일반어/일반어,신규_어휘_후보,,0,False
이송,0,명사,5,일반어/전문어(법률),신규_어휘_후보,,0,False
이스라엘,0,명사,5,전문어(지명),신규_어휘_후보,,0,False
이스트,0,명사,5,전문어(생명)/일반어,신규_어휘_후보,,0,False
이슥하다,0,형용사,5,일반어/일반어,신규_어휘_후보,,0,False
이슬방울,0,명사,5,일반어,신규_어휘_후보,,0,False
이식되다,0,동사,5,일반어/전문어(의학),신규_어휘_후보,,0,False
이실직고,0,명사,5,일반어,신규_어휘_후보,,0,False
이십사시,0,명사,5,전문어(민속),신규_어휘_후보,,0,False
이십사절기,0,명사,5,일반어,신규_어휘_후보,,0,False
이십오시,0,명사,5,일반어,신규_어휘_후보,,0,False
이앙기,2,명사,5,일반어,신규_어휘_후보,,0,False
이앙법,0,명사,5,전문어(농업),신규_어휘_후보,,0,False
이야기꾼,0,명사,5,일반어,신규_어휘_후보,,0,False
이야기보따리,0,명사,5,일반어,신규_어휘_후보,,0,False
이야말로,1,부사,5,일반어,신규_어휘_후보,,0,False
이양,5,명사,5,일반어,신규_어휘_후보,,0,False
이양하다,2,동사,5,일반어,신규_어휘_후보,,0,False
이어짓기,0,명사,5,전문어(농업),신규_어휘_후보,,0,False
이엉,0,명사,5,일반어,신규_어휘_후보,,0,False
이에서,0,부사,5,일반어,신규_어휘_후보,,0,False
이역,5,명사,5,일반어/일반어,신규_어휘_후보,,0,False
이역만리,0,명사,5,일반어,신규_어휘_후보,,0,False
이완,1,명사,5,일반어/일반어/일반어,신규_어휘_후보,,0,False
이용도,0,명사,5,일반어,신규_어휘_후보,,0,False
이용법,0,명사,5,일반어,신규_어휘_후보,,0,False
이용업,0,명사,5,일반어,신규_어휘_후보,,0,False
이용원,0,명사,5,일반어,신규_어휘_후보,,0,False
이울다,0,동사,5,일반어/일반어/일반어,신규_어휘_후보,,0,False
이월금,0,명사,5,전문어(경영),신규_어휘_후보,,0,False
이유식,0,명사,5,일반어,신규_어휘_후보,,0,False
이음새,0,명사,5,일반어/일반어,신규_어휘_후보,,0,False
이인칭,0,명사,5,전문어(언어),신규_어휘_후보,,0,False
이장,10,명사,5,일반어,신규_어휘_후보,,0,True
이적,8,명사,5,일반어/일반어,신규_어휘_후보,,0,False
이적료,0,명사,5,일반어,신규_어휘_후보,,0,False
이제나저제나,0,부사,5,일반어,신규_어휘_후보,,0,False
이젤,0,명사,5,전문어(미술),신규_어휘_후보,,0,False
이조,4,명사,5,전문어(역사),신규_어휘_후보,,0,False
이죽거리다,0,동사,5,일반어,신규_어휘_후보,,0,False
이중인격,0,명사,5,일반어/전문어(심리),신규_어휘_후보,,0,False
이중인격자,0,명사,5,일반어/전문어(심리),신규_어휘_후보,,0,False
이중주,0,명사,5,전문어(음악),신규_어휘_후보,,0,False
이중창,1,명사,5,전문어(음악),신규_어휘_후보,,0,True
이지러지다,0,동사,5,일반어/일반어/일반어/일반어,신규_어휘_후보,,0,False
이진법,0,명사,5,전문어(정보·통신),신규_어휘_후보,,0,False
이집트,0,명사,5,전문어(지명),신규_어휘_후보,,0,False
이쯤,0,명사/부사,5,일반어/일반어,신규_어휘_후보,,0,False
이차원,0,명사,5,전문어(수학),신규_어휘_후보,,0,False
이차적,0,명사/관형사,5,일반어/일반어,신규_어휘_후보,,0,False
이착륙,0,명사,5,일반어,신규_어휘_후보,,0,False
이채롭다,0,형용사,5,일반어,신규_어휘_후보,,0,False
이체,4,명사,5,일반어/일반어,신규_어휘_후보,,0,False
이치,5,명사,5,일반어,신규_어휘_후보,,0,False
이타주의,0,명사,5,전문어(철학),신규_어휘_후보,,0,False
이탈리아,0,명사,5,전문어(지명),신규_어휘_후보,,0,False
이탈자,0,명사,5,일반어,신규_어휘_후보,,0,False
이탈하다,0,동사,5,일반어,신규_어휘_후보,,0,False
이태,1,명사,5,일반어,신규_어휘_후보,,0,False
이태리,0,명사,5,전문어(지명),신규_어휘_후보,,0,False
이태리어,0,명사,5,전문어(언어),신규_어휘_후보,,0,False
이판사판,0,명사,5,일반어,신규_어휘_후보,,0,False
이팔청춘,0,명사,5,일반어,신규_어휘_후보,,0,False
이해력,0,명사,5,일반어,신규_어휘_후보,,0,False
이해타산,0,명사,5,일반어,신규_어휘_후보,,0,False
이행,8,명사,5,일반어/전문어(법률),신규_어휘_후보,,0,False
이행시,0,명사,5,전문어(문학),신규_어휘_후보,,0,False
이히히,0,부사,5,일반어/일반어,신규_어휘_후보,,0,False
익룡,0,명사,5,전문어(동물),신규_어휘_후보,,0,False
익명성,0,명사,5,일반어,신규_어휘_후보,,0,False
익모초,0,명사,5,전문어(식물)/전문어(한의),신규_어휘_후보,,0,False
익사,2,명사,5,일반어,신규_어휘_후보,,0,False
익산,0,명사,5,전문어(지명),신규_어휘_후보,,0,False
익살꾸러기,0,명사,5,일반어,신규_어휘_후보,,0,False
익살스레,0,부사,5,일반어,신규_어휘_후보,,0,False
익애,0,명사,5,일반어/일반어,신규_어휘_후보,,0,False
익충,0,명사,5,일반어,신규_어휘_후보,,0,False
인,1,명사,5,일반어,신규_어휘_후보,,0,True
인,2,명사,5,일반어/일반어,신규_어휘_후보,,0,True
인,4,명사,5,일반어/전문어(철학),신규_어휘_후보,,0,True
인,15,명사,5,전문어(화학),신규_어휘_후보,,0,True
인가하다,2,동사,5,일반어/전문어(법률),신규_어휘_후보,,0,False
인간관,0,명사,5,일반어,신규_어휘_후보,,0,False
인간문화재,0,명사,5,일반어,신규_어휘_후보,,0,False
인간상,0,명사,5,일반어/일반어,신규_어휘_후보,,0,False
인간애,0,명사,5,일반어,신규_어휘_후보,,0,False
인간형,0,명사,5,일반어,신규_어휘_후보,,0,False
인감도장,0,명사,5,일반어,신규_어휘_후보,,0,False
인건비,0,명사,5,전문어(경제),신규_어휘_후보,,0,False
인걸,0,명사,5,일반어,신규_어휘_후보,,0,False
인격자,0,명사,5,일반어,신규_어휘_후보,,0,False
인격적,0,명사/관형사,5,일반어/일반어,신규_어휘_후보,,0,False
인경,1,명사,5,전문어(역사)/전문어(불교),신규_어휘_후보,,0,False
인계,2,명사,5,일반어,신규_어휘_후보,,0,False
인계하다,0,동사,5,일반어,신규_어휘_후보,,0,False
인고,0,명사,5,일반어,신규_어휘_후보,,0,False
인공호흡기,0,명사,5,전문어(의학),신규_어휘_후보,,0,False
인공호흡법,0,명사,5,전문어(의학),신규_어휘_후보,,0,False
인과,3,명사,5,일반어/전문어(불교),신규_어휘_후보,,0,False
인과응보,0,명사,5,전문어(불교),신규_어휘_후보,,0,False
인구론,0,명사,5,전문어(사회 일반),신규_어휘_후보,,0,False
인내천,0,명사,5,전문어(종교 일반),신규_어휘_후보,,0,False
인당,2,명사,5,전문어(민속),신규_어휘_후보,,0,False
인당수,0,명사,5,전문어(문학),신규_어휘_후보,,0,False
인도네시아,0,명사,5,전문어(지명),신규_어휘_후보,,0,False
인도되다,1,동사,5,일반어/전문어(법률),신규_어휘_후보,,0,True
인도양,0,명사,5,전문어(지명),신규_어휘_후보,,0,False
인도적,1,명사/관형사,5,일반어/일반어,신규_어휘_후보,,0,False
인도주의,0,명사,5,일반어,신규_어휘_후보,,0,False
인도주의적,0,명사/관형사,5,일반어/일반어,신규_어휘_후보,,0,False
인도차이나,0,명사,5,전문어(지명),신규_어휘_후보,,0,False
인도하다,1,동사,5,일반어/전문어(법률),신규_어휘_후보,,0,True
인두,1,명사,5,일반어/일반어,신규_어휘_후보,,0,False
인두세,0,명사,5,전문어(법률),신규_어휘_후보,,0,False
인디언,0,명사,5,전문어(고유명 일반),신규_어휘_후보,,0,False
인라인스케이트,0,명사,5,전문어(체육),신규_어휘_후보,,0,False
인력거,0,명사,5,일반어,신규_어휘_후보,,0,False
인류사,0,명사,5,일반어,신규_어휘_후보,,0,False
인류학,0,명사,5,전문어(사회 일반),신규_어휘_후보,,0,False
인류학자,0,명사,5,일반어,신규_어휘_후보,,0,False
인맥,0,명사,5,일반어,신규_어휘_후보,,0,False
인멸되다,0,동사,5,일반어,신규_어휘_후보,,0,False
인명재천,0,명사,5,일반어,신규_어휘_후보,,0,False
인물도,0,명사,5,전문어(미술),신규_어휘_후보,,0,False
인물상,0,명사,5,일반어,신규_어휘_후보,,0,False
인물형,0,명사,5,일반어,신규_어휘_후보,,0,False
인물화,0,명사,5,전문어(미술),신규_어휘_후보,,0,False
인분,1,명사,5,일반어,신규_어휘_후보,,0,False
인사불성,0,명사,5,일반어/일반어,신규_어휘_후보,,0,False
인사성,0,명사,5,일반어,신규_어휘_후보,,0,False
인사이동,0,명사,5,일반어,신규_어휘_후보,,0,False
인산,1,명사,5,일반어,신규_어휘_후보,,0,True
인산,3,명사,5,전문어(화학)/전문어(화학),신규_어휘_후보,,0,True
인산인해,0,명사,5,일반어,신규_어휘_후보,,0,False
인상착의,0,명사,5,일반어,신규_어휘_후보,,0,False
인색하다,0,형용사,5,일반어/일반어,신규_어휘_후보,,0,False
인생관,0,명사,5,일반어/전문어(철학),신규_어휘_후보,,0,False
인생살이,0,명사,5,일반어,신규_어휘_후보,,0,False
인세,3,명사,5,일반어,신규_어휘_후보,,0,False
인솔,0,명사,5,일반어,신규_어휘_후보,,0,False
인쇄공,0,명사,5,일반어,신규_어휘_후보,,0,False
인쇄업,0,명사,5,전문어(매체),신규_어휘_후보,,0,False
인수,9,명사,5,전문어(수학),신규_어휘_후보,,0,True
인수봉,0,명사,5,전문어(지명),신규_어휘_후보,,0,False
인수하다,1,동사,5,일반어,신규_어휘_후보,,0,True
인슐린,0,명사,5,전문어(생명),신규_어휘_후보,,0,False
인스턴트식품,0,명사,5,일반어,신규_어휘_후보,,0,False
인습,1,명사,5,일반어,신규_어휘_후보,,0,False
인시,4,명사,5,전문어(민속)/전문어(민속),신규_어휘_후보,,0,False
인식되다,0,동사,5,일반어,신규_어휘_후보,,0,False
인신공격하다,0,동사,5,일반어,신규_어휘_후보,,0,False
인신매매,0,명사,5,일반어,신규_어휘_후보,,0,False
인신매매하다,0,동사,5,일반어,신규_어휘_후보,,0,False
인양,0,명사,5,일반어,신규_어휘_후보,,0,False
인양하다,0,동사,5,일반어,신규_어휘_후보,,0,False
인용문,0,명사,5,전문어(언어),신규_어휘_후보,,0,False
인자요산,0,명사,5,일반어,신규_어휘_후보,,0,False
인장,3,명사,5,일반어/일반어,신규_어휘_후보,,0,False
인재,3,명사,5,일반어,신규_어휘_후보,,0,True
인적,1,명사/관형사,5,"[Ⅰ]일반어
[Ⅱ]일반어",신규_어휘_후보,,0,True
인접,2,명사,5,일반어,신규_어휘_후보,,0,False
인정미,2,명사,5,일반어,신규_어휘_후보,,0,False
인정사정,0,명사,5,일반어,신규_어휘_후보,,0,False
인조견,0,명사,5,전문어(공예),신규_어휘_후보,,0,False
인조반정,0,명사,5,전문어(역사),신규_어휘_후보,,0,False
인조인간,0,명사,5,전문어(기계),신규_어휘_후보,,0,False
인주,2,명사,5,일반어,신규_어휘_후보,,0,False
인지,6,명사,5,일반어,동형이의_품사_확인_필요,SR_L4CORE_4773,1,True
인지상정,0,명사,5,일반어,신규_어휘_후보,,0,False
인척,3,명사,5,일반어,신규_어휘_후보,,0,False
인치,3,의존 명사,5,일반어,신규_어휘_후보,,0,False
인칭,0,명사,5,전문어(언어),신규_어휘_후보,,0,False
인터체인지,0,명사,5,전문어(교통),신규_어휘_후보,,0,False
인턴사원,0,명사,5,일반어,신규_어휘_후보,,0,False
인테리어,0,명사,5,전문어(건설),신규_어휘_후보,,0,False
인편,1,명사,5,일반어,신규_어휘_후보,,0,False
인플레이션,0,명사,5,전문어(경제),신규_어휘_후보,,0,False
인하,1,명사,5,일반어/일반어,신규_어휘_후보,,0,False
인하하다,0,동사,5,일반어/일반어,신규_어휘_후보,,0,False
인해,0,명사,5,일반어,신규_어휘_후보,,0,False
인화,1,명사,5,일반어,신규_어휘_후보,,0,True
인화,5,명사,5,전문어(영상),신규_어휘_후보,,0,True
인화하다,1,동사,5,일반어,신규_어휘_후보,,0,True
인화하다,3,동사,5,일반어,신규_어휘_후보,,0,True
인화하다,4,동사,5,전문어(영상),신규_어휘_후보,,0,True
일가견,0,명사,5,일반어,신규_어휘_후보,,0,False
일각,1,명사,5,일반어/일반어,신규_어휘_후보,,0,False
일간,4,명사/부사,5,일반어/일반어,신규_어휘_후보,,0,True
일개,0,명사,5,일반어,신규_어휘_후보,,0,False
일거수일투족,0,명사,5,일반어,신규_어휘_후보,,0,False
일거양득,0,명사,5,일반어,신규_어휘_후보,,0,False
일거일동,0,명사,5,일반어,신규_어휘_후보,,0,False
일격,1,명사,5,일반어,신규_어휘_후보,,0,False
일고여덟,0,수사/관형사,5,일반어/일반어,신규_어휘_후보,,0,False
일괄,0,명사,5,일반어,기존_콘텐츠와_연결_후보,SR_L6CORE_4955,1,False
일괄하다,0,동사,5,일반어,신규_어휘_후보,,0,False
일광,2,명사,5,일반어,신규_어휘_후보,,0,False
일광욕,0,명사,5,일반어,신규_어휘_후보,,0,False
일국,1,명사,5,일반어/일반어,신규_어휘_후보,,0,False
일그러뜨리다,0,동사,5,일반어,신규_어휘_후보,,0,False
일기,6,명사,5,일반어/일반어,신규_어휘_후보,,0,True
일기책,0,명사,5,일반어,신규_어휘_후보,,0,False
일껏,0,부사,5,일반어,신규_어휘_후보,,0,False
일년생,0,명사,5,일반어/전문어(식물),신규_어휘_후보,,0,False
일다,2,동사,5,일반어/일반어,신규_어휘_후보,,0,True
일단락,0,명사,5,일반어,신규_어휘_후보,,0,False
일대,1,관형사,5,일반어,신규_어휘_후보,,0,False
일등병,0,명사,5,전문어(군사),신규_어휘_후보,,0,False
일등칸,0,명사,5,일반어,신규_어휘_후보,,0,False
일람표,0,명사,5,일반어,신규_어휘_후보,,0,False
일러두다,0,동사,5,일반어,신규_어휘_후보,,0,False
일러스트레이션,0,명사,5,일반어,신규_어휘_후보,,0,False
일련,1,명사,5,일반어,신규_어휘_후보,,0,False
일례,0,명사,5,일반어,신규_어휘_후보,,0,False
일말,0,명사,5,일반어,신규_어휘_후보,,0,False
일망타진,0,명사,5,일반어,신규_어휘_후보,,0,False
일맥상통하다,0,동사,5,일반어,신규_어휘_후보,,0,False
일목요연하다,0,형용사,5,일반어,신규_어휘_후보,,0,False
일박,1,명사,5,일반어,신규_어휘_후보,,0,False
일반미,0,명사,5,일반어,신규_어휘_후보,,0,False
일반석,0,명사,5,일반어,신규_어휘_후보,,0,False
일방통행로,0,명사,5,일반어,신규_어휘_후보,,0,False
일백,2,수사/관형사,5,일반어/일반어,신규_어휘_후보,,0,False
일변,1,명사,5,일반어/일반어,신규_어휘_후보,,0,False
일병,1,명사,5,전문어(군사),신규_어휘_후보,,0,False
일보,5,명사,5,일반어,신규_어휘_후보,,0,False
일부다처,0,명사,5,일반어,신규_어휘_후보,,0,False
일부다처제,0,명사,5,일반어,신규_어휘_후보,,0,False
일부다처주의,0,명사,5,일반어,신규_어휘_후보,,0,False
일부일부,0,명사,5,일반어,신규_어휘_후보,,0,False
일부일처,0,명사,5,일반어,신규_어휘_후보,,0,False
일부일처제,0,명사,5,일반어,신규_어휘_후보,,0,False
일부종사,0,명사,5,일반어,신규_어휘_후보,,0,False
일분,0,명사,5,일반어,신규_어휘_후보,,0,False
일사불란하다,0,형용사,5,일반어,신규_어휘_후보,,0,False
일사천리,0,명사,5,일반어,신규_어휘_후보,,0,False
일색,1,명사,5,일반어/일반어/일반어,신규_어휘_후보,,0,False
일생일대,1,명사,5,일반어,신규_어휘_후보,,0,False
일선,1,명사,5,일반어/일반어/전문어(군사),신규_어휘_후보,,0,False
일소하다,3,동사,5,일반어,신규_어휘_후보,,0,False
일수,8,명사,5,일반어/전문어(민속),신규_어휘_후보,,0,False
일순,3,명사,5,일반어,신규_어휘_후보,,0,False
일순간,0,명사,5,일반어,신규_어휘_후보,,0,False
일승일패,0,명사,5,일반어,신규_어휘_후보,,0,False
일시불,0,명사,5,전문어(경제),신규_어휘_후보,,0,False
일식,5,명사,5,전문어(천문),신규_어휘_후보,,0,True
일식집,0,명사,5,일반어,신규_어휘_후보,,0,False
일신,1,명사,5,일반어/일반어,신규_어휘_후보,,0,False
일신교,0,명사,5,전문어(종교 일반),신규_어휘_후보,,0,False
일신하다,1,동사,5,일반어,신규_어휘_후보,,0,False
일실,3,명사,5,일반어,신규_어휘_후보,,0,False
일심동체,0,명사,5,일반어,신규_어휘_후보,,0,False
일어,0,명사,5,전문어(언어),신규_어휘_후보,,0,False
일언반구,0,명사,5,일반어,신규_어휘_후보,,0,False
일언반사,0,명사,5,일반어,신규_어휘_후보,,0,False
일없다,0,형용사,5,일반어/일반어,신규_어휘_후보,,0,False
일엽편주,0,명사,5,일반어,신규_어휘_후보,,0,False
일원,2,명사,5,일반어,신규_어휘_후보,,0,False
일월성신,0,명사,5,일반어,신규_어휘_후보,,0,False
일인,1,명사,5,일반어/일반어,신규_어휘_후보,,0,False
일인칭,0,명사,5,전문어(언어),신규_어휘_후보,,0,False
일일생활권,0,명사,5,일반어,신규_어휘_후보,,0,False
일임하다,0,동사,5,일반어,신규_어휘_후보,,0,False
일자무식,0,명사,5,일반어/일반어,신규_어휘_후보,,0,False
일자바지,0,명사,5,일반어,신규_어휘_후보,,0,False
일장,2,명사/부사,5,일반어/일반어/일반어,신규_어휘_후보,,0,False
일전,1,명사,5,일반어,신규_어휘_후보,,0,True
일전,4,명사,5,일반어,신규_어휘_후보,,0,True
일정액,0,명사,5,일반어,신규_어휘_후보,,0,False
일제,1,명사,5,일반어,신규_어휘_후보,,0,True
일제,2,명사,5,전문어(역사),신규_어휘_후보,,0,True
일제,3,명사,5,일반어,신규_어휘_후보,,0,True
일조일석,0,명사,5,일반어,신규_어휘_후보,,0,False
일조하다,0,동사,5,일반어,신규_어휘_후보,,0,False
일주문,0,명사,5,전문어(건설),신규_어휘_후보,,0,False
일주하다,1,동사,5,일반어,신규_어휘_후보,,0,False
일직,2,명사,5,일반어/일반어,신규_어휘_후보,,0,False
일진,4,명사,5,일반어/일반어,신규_어휘_후보,,0,False
일차원,0,명사,5,전문어(수학),신규_어휘_후보,,0,False
일처다부제,0,명사,5,일반어,신규_어휘_후보,,0,False
일체,1,명사/부사,5,일반어/일반어/일반어/일반어,신규_어휘_후보,,0,True
일체,2,명사,5,일반어,신규_어휘_후보,,0,True
일체감,0,명사,5,전문어(철학),신규_어휘_후보,,0,False
일축하다,0,동사,5,일반어/일반어,신규_어휘_후보,,0,False
일취월장,0,명사,5,일반어,신규_어휘_후보,,0,False
일치점,0,명사,5,일반어,신규_어휘_후보,,0,False
일탈하다,0,동사,5,일반어/전문어(사회 일반),신규_어휘_후보,,0,False
일파,0,명사,5,일반어/일반어/일반어,신규_어휘_후보,,0,False
일패도지하다,0,동사,5,일반어,신규_어휘_후보,,0,False
일품요리,0,명사,5,일반어/일반어/일반어,신규_어휘_후보,,0,False
일환,1,명사,5,일반어/일반어,신규_어휘_후보,,0,False
임관,1,명사,5,일반어/전문어(군사),신규_어휘_후보,,0,False
임대,0,명사,5,일반어,신규_어휘_후보,,0,False
임대하다,0,동사,5,일반어,신규_어휘_후보,,0,False
임립하다,0,동사,5,일반어,신규_어휘_후보,,0,False
임명하다,2,동사,5,일반어,신규_어휘_후보,,0,True
임박하다,0,동사,5,일반어/일반어,신규_어휘_후보,,0,False
임부,1,명사,5,일반어,신규_어휘_후보,,0,False
임시직,0,명사,5,일반어,신규_어휘_후보,,0,False
임연수어,0,명사,5,전문어(동물),신규_어휘_후보,,0,False
임용,1,명사,5,일반어,신규_어휘_후보,,0,False
임전무퇴,0,명사,5,일반어,신규_어휘_후보,,0,False
임종,2,명사,5,일반어/일반어,신규_어휘_후보,,0,False
임종하다,0,동사,5,일반어/일반어,신규_어휘_후보,,0,False
임지,1,명사,5,일반어,신규_어휘_후보,,0,False
임직원,0,명사,5,일반어,신규_어휘_후보,,0,False
임진,1,명사,5,전문어(민속),신규_어휘_후보,,0,False
임진강,0,명사,5,전문어(지명),신규_어휘_후보,,0,False
임질,2,명사,5,전문어(의학),신규_어휘_후보,,0,False
임차,0,명사,5,일반어,신규_어휘_후보,,0,False
임차료,0,명사,5,일반어,신규_어휘_후보,,0,False
임학,0,명사,5,전문어(임업),신규_어휘_후보,,0,False
임해,2,명사,5,일반어,신규_어휘_후보,,0,False
입가심,0,명사,5,일반어/일반어,신규_어휘_후보,,0,False
입각,2,명사,5,일반어,기존_콘텐츠와_연결_후보,SR_L6COREV2_5025,1,False
입각하다,2,동사,5,일반어,신규_어휘_후보,,0,False
입건하다,0,동사,5,전문어(법률),신규_어휘_후보,,0,False
입관,2,명사,5,일반어,신규_어휘_후보,,0,False
입교,1,명사,5,일반어/일반어,신규_어휘_후보,,0,False
입교하다,1,동사,5,일반어/일반어,신규_어휘_후보,,0,False
입궐하다,0,동사,5,일반어,신규_어휘_후보,,0,False
입금,0,명사,5,일반어,신규_어휘_후보,,0,False
입금액,0,명사,5,일반어,신규_어휘_후보,,0,False
입금표,0,명사,5,전문어(경제),신규_어휘_후보,,0,False
입금하다,0,동사,5,일반어,신규_어휘_후보,,0,False
입기,0,명사,5,전문어(광업),신규_어휘_후보,,0,False
입단속,0,명사,5,일반어,신규_어휘_후보,,0,False
입단하다,1,동사,5,일반어,신규_어휘_후보,,0,False
입당,2,명사,5,일반어,신규_어휘_후보,,0,False
입마개,0,명사,5,일반어/일반어,신규_어휘_후보,,0,False
입말,0,명사,5,전문어(언어)/전문어(언어),신규_어휘_후보,,0,False
입맞춤하다,0,동사,5,일반어/일반어,신규_어휘_후보,,0,False
입문서,0,명사,5,일반어,신규_어휘_후보,,0,False
입바르다,0,형용사,5,일반어,신규_어휘_후보,,0,False
입방아,0,명사,5,일반어,신규_어휘_후보,,0,False
입법하다,0,동사,5,일반어/전문어(불교),신규_어휘_후보,,0,False
입병,1,명사,5,전문어(의학),신규_어휘_후보,,0,False
입사,3,명사,5,일반어/전문어(역사),신규_어휘_후보,,0,False
입사하다,3,동사,5,일반어/전문어(역사),신규_어휘_후보,,0,False
입산,0,명사,5,일반어/전문어(불교),신규_어휘_후보,,0,False
입상자,0,명사,5,일반어,신규_어휘_후보,,0,False
입선,3,명사,5,일반어,신규_어휘_후보,,0,False
입선하다,3,동사,5,일반어,신규_어휘_후보,,0,False
입속말,0,명사,5,일반어,신규_어휘_후보,,0,False
입수,1,명사,5,일반어,신규_어휘_후보,,0,False
입술소리,0,명사,5,전문어(언어),신규_어휘_후보,,0,False
입술연지,0,명사,5,일반어/일반어,신규_어휘_후보,,0,False
입신양명,0,명사,5,일반어,신규_어휘_후보,,0,False
입실,0,명사,5,일반어/일반어/전문어(불교)/전문어(불교)/전문어(불교)/전문어(불교),신규_어휘_후보,,0,False
입심,1,명사,5,일반어,신규_어휘_후보,,0,False
입씨름,0,명사,5,일반어/일반어,신규_어휘_후보,,0,False
입언저리,0,명사,5,일반어,신규_어휘_후보,,0,False
입장표,0,명사,5,일반어,신규_어휘_후보,,0,False
입장하다,3,동사,5,일반어,신규_어휘_후보,,0,True
입적,2,명사,5,전문어(법률)/일반어,신규_어휘_후보,,0,False
입적하다,1,동사,5,전문어(불교),신규_어휘_후보,,0,False
입정,2,명사,5,일반어,신규_어휘_후보,,0,False
입조심,0,명사,5,일반어,신규_어휘_후보,,0,False
입주,1,명사,5,일반어/일반어,신규_어휘_후보,,0,False
입주자,0,명사,5,일반어,신규_어휘_후보,,0,False
입지,1,명사,5,일반어/전문어(경제),신규_어휘_후보,,0,False
입질,1,명사,5,일반어,신규_어휘_후보,,0,False
입질하다,1,동사,5,일반어,신규_어휘_후보,,0,False
입찰,0,명사,5,전문어(경제),신규_어휘_후보,,0,False
입체감,0,명사,5,일반어,신규_어휘_후보,,0,False
입추,3,명사,5,일반어,신규_어휘_후보,,0,True
입춘,0,명사,5,일반어,신규_어휘_후보,,0,False
입춘대길,0,명사,5,일반어,신규_어휘_후보,,0,False
입출력,0,명사,5,일반어,신규_어휘_후보,,0,False
입하,2,명사,5,일반어,신규_어휘_후보,,0,True
입학금,0,명사,5,일반어,신규_어휘_후보,,0,False
입학생,0,명사,5,일반어,신규_어휘_후보,,0,False
입학시험,0,명사,5,전문어(교육),신규_어휘_후보,,0,False
입항,0,명사,5,일반어,신규_어휘_후보,,0,False
입항하다,0,동사,5,일반어,신규_어휘_후보,,0,False
입헌,0,명사,5,일반어,신규_어휘_후보,,0,False
입헌주의,0,명사,5,전문어(정치),신규_어휘_후보,,0,False
입회,1,명사,5,일반어,신규_어휘_후보,,0,True
입후보,0,명사,5,일반어/일반어,신규_어휘_후보,,0,False
잇,1,명사,5,일반어,신규_어휘_후보,,0,False
잇기,0,명사,5,일반어,신규_어휘_후보,,0,False
잇꽃,0,명사,5,전문어(식물),신규_어휘_후보,,0,False
잇대다,0,동사,5,일반어/일반어,신규_어휘_후보,,0,False
잇따르다,0,동사,5,일반어/일반어,신규_어휘_후보,,0,False
잇속,2,명사,5,일반어,신규_어휘_후보,,0,True
잇속,3,명사,5,일반어,신규_어휘_후보,,0,True
잉,1,부사,5,일반어/일반어,신규_어휘_후보,,0,False
잉꼬부부,0,명사,5,일반어,신규_어휘_후보,,0,False
잉여,0,명사,5,일반어/전문어(수학),신규_어휘_후보,,0,False
잉카,0,명사,5,전문어(역사),신규_어휘_후보,,0,False
잉태,0,명사,5,일반어/일반어,신규_어휘_후보,,0,False
잉태되다,0,동사,5,일반어/일반어,신규_어휘_후보,,0,False
잉태하다,0,동사,5,일반어/일반어,신규_어휘_후보,,0,False
잎눈,0,명사,5,전문어(식물),신규_어휘_후보,,0,False
잎맥,0,명사,5,전문어(식물),신규_어휘_후보,,0,False
자,10,명사,5,일반어,신규_어휘_후보,,0,True
자가,1,명사,5,일반어/일반어,신규_어휘_후보,,0,False
자가사리,0,명사,5,전문어(동물),신규_어휘_후보,,0,False
자각,3,명사,5,일반어/전문어(불교)/전문어(심리)/전문어(철학),신규_어휘_후보,,0,False
자갈길,0,명사,5,일반어,신규_어휘_후보,,0,False
자갈밭,0,명사,5,일반어/일반어,신규_어휘_후보,,0,False
자갈층,0,명사,5,전문어(교통),신규_어휘_후보,,0,False
자개,1,명사,5,일반어,신규_어휘_후보,,0,False
자격루,0,명사,5,전문어(역사),신규_어휘_후보,,0,False
자격지심,0,명사,5,일반어,신규_어휘_후보,,0,False
자결,0,명사,5,일반어/일반어,신규_어휘_후보,,0,False
자결하다,0,동사,5,일반어/일반어,신규_어휘_후보,,0,False
자궁암,0,명사,5,전문어(의학),신규_어휘_후보,,0,False
자귀나무,0,명사,5,전문어(식물),신규_어휘_후보,,0,False
자그맣다,0,형용사,5,일반어/일반어,신규_어휘_후보,,0,False
자극되다,0,동사,5,일반어/전문어(생명)/전문어(자연 일반),신규_어휘_후보,,0,False
자극성,0,명사,5,일반어/일반어,신규_어휘_후보,,0,False
자글자글,1,부사,5,일반어/일반어/일반어/일반어,신규_어휘_후보,,0,False
자금난,0,명사,5,일반어,신규_어휘_후보,,0,False
자급,1,명사,5,일반어,신규_어휘_후보,,0,False
자급하다,1,동사,5,일반어,신규_어휘_후보,,0,False
자기,8,명사,5,일반어,신규_어휘_후보,,0,True
자기실현,0,명사,5,전문어(철학),신규_어휘_후보,,0,False
자기희생,0,명사,5,일반어,신규_어휘_후보,,0,False
자기희생적,0,명사/관형사,5,일반어/일반어,신규_어휘_후보,,0,False
자당,3,명사,5,일반어,신규_어휘_후보,,0,False
자동사,0,명사,5,전문어(언어),신규_어휘_후보,,0,False
자동차세,0,명사,5,전문어(법률),신규_어휘_후보,,0,False
자동판매기,0,명사,5,일반어,신규_어휘_후보,,0,False
자동화,0,명사,5,일반어,신규_어휘_후보,,0,False
자라다,2,동사/형용사,5,일반어/일반어,신규_어휘_후보,,0,True
자라목,0,명사,5,일반어/일반어,신규_어휘_후보,,0,False
자력,1,명사,5,일반어/전문어(불교),신규_어휘_후보,,0,True
자력,4,명사,5,전문어(물리),신규_어휘_후보,,0,True
자르르,1,부사,5,일반어,신규_어휘_후보,,0,False
자립성,0,명사,5,일반어,신규_어휘_후보,,0,False
자립적,0,명사/관형사,5,일반어/일반어,신규_어휘_후보,,0,False
자릿점,0,명사,5,일반어/일반어,신규_어휘_후보,,0,False
자만심,0,명사,5,일반어,신규_어휘_후보,,0,False
자맥질,0,명사,5,일반어,신규_어휘_후보,,0,False
자맥질하다,0,동사,5,일반어,신규_어휘_후보,,0,False
자메이카,0,명사,5,전문어(지명),신규_어휘_후보,,0,False
자멸,1,명사,5,일반어,신규_어휘_후보,,0,False
자멸하다,1,동사,5,일반어,신규_어휘_후보,,0,False
자명고,0,명사,5,전문어(역사),신규_어휘_후보,,0,False
자명하다,1,형용사,5,일반어,신규_어휘_후보,,0,False
자못,0,부사,5,일반어,신규_어휘_후보,,0,False
자몽,2,명사,5,전문어(식물),신규_어휘_후보,,0,False
자문자답하다,0,동사,5,일반어,신규_어휘_후보,,0,False
자문하다,1,동사,5,일반어,신규_어휘_후보,,0,True
자문하다,2,동사,5,일반어,신규_어휘_후보,,0,True
자문하다,4,동사,5,일반어,신규_어휘_후보,,0,True
자바,0,명사,5,전문어(정보·통신),신규_어휘_후보,,0,False
자바라,0,명사,5,전문어(음악),신규_어휘_후보,,0,False
자반,1,명사,5,일반어/일반어/일반어,신규_어휘_후보,,0,False
자백,1,명사,5,일반어,신규_어휘_후보,,0,False
자백서,0,명사,5,일반어,신규_어휘_후보,,0,False
자백하다,0,동사,5,일반어,신규_어휘_후보,,0,False
자본가,0,명사,5,일반어,신규_어휘_후보,,0,False
자본금,0,명사,5,전문어(경제),신규_어휘_후보,,0,False
자본주의적,0,명사/관형사,5,일반어/일반어,신규_어휘_후보,,0,False
자부,3,명사,5,일반어,신규_어휘_후보,,0,False
자부하다,0,동사,5,일반어,신규_어휘_후보,,0,False
자비스럽다,0,형용사,5,일반어,신규_어휘_후보,,0,False
자비심,2,명사,5,전문어(불교),신규_어휘_후보,,0,False
자살골,0,명사,5,전문어(체육),신규_어휘_후보,,0,False
자색,3,명사,5,일반어,신규_어휘_후보,,0,False
자생,2,명사,5,일반어/일반어/전문어(불교),신규_어휘_후보,,0,False
자생적,0,명사/관형사,5,일반어/일반어,신규_어휘_후보,,0,False
자생지,0,명사,5,일반어,신규_어휘_후보,,0,False
자선가,0,명사,5,일반어,신규_어휘_후보,,0,False
자선냄비,0,명사,5,일반어,신규_어휘_후보,,0,False
자성,12,명사,5,전문어(전기·전자),신규_어휘_후보,,0,False
자손만대,0,명사,5,일반어,신규_어휘_후보,,0,False
자수성가하다,0,동사,5,일반어,신규_어휘_후보,,0,False
자수정,0,명사,5,전문어(광업),신규_어휘_후보,,0,False
자수하다,5,동사,5,일반어,신규_어휘_후보,,0,True
자습서,0,명사,5,일반어,신규_어휘_후보,,0,False
자습하다,0,동사,5,일반어/일반어,신규_어휘_후보,,0,False
자시,1,명사,5,전문어(민속)/전문어(민속),신규_어휘_후보,,0,False
자신하다,1,동사,5,일반어,신규_어휘_후보,,0,False
자애,2,명사,5,일반어,신규_어휘_후보,,0,False
자양분,0,명사,5,일반어/일반어,신규_어휘_후보,,0,False
자업자득,0,명사,5,일반어,신규_어휘_후보,,0,False
자연계,1,명사,5,일반어,신규_어휘_후보,,0,True
자연공원,0,명사,5,일반어,신규_어휘_후보,,0,False
자연과,0,명사,5,전문어(교육),신규_어휘_후보,,0,False
자연법칙,0,명사,5,전문어(철학),신규_어휘_후보,,0,False
자연색,0,명사,5,일반어/일반어,신규_어휘_후보,,0,False
자연식품,0,명사,5,일반어,신규_어휘_후보,,0,False
자연주의,0,명사,5,전문어(교육)/전문어(문학)/전문어(예체능 일반)/전문어(철학)/전문어(철학),신규_어휘_후보,,0,False
자영업,0,명사,5,일반어,신규_어휘_후보,,0,False
자오선,2,명사,5,전문어(천문),신규_어휘_후보,,0,False
자옥하다,0,형용사,5,일반어,신규_어휘_후보,,0,False
자운영,0,명사,5,전문어(식물),신규_어휘_후보,,0,False
자웅,0,명사,5,일반어/일반어,신규_어휘_후보,,0,False
자원봉사,0,명사,5,일반어,신규_어휘_후보,,0,False
자원봉사자,0,명사,5,일반어,신규_어휘_후보,,0,False
자위,5,명사,5,일반어/일반어,신규_어휘_후보,,0,False
자유당,0,명사,5,전문어(정치),신규_어휘_후보,,0,False
자유방임,0,명사,5,일반어/전문어(경제),신규_어휘_후보,,0,False
자유방임주의,0,명사,5,일반어/전문어(경제),신규_어휘_후보,,0,False
자유방임하다,0,동사,5,일반어,신규_어휘_후보,,0,False
자유시,2,명사,5,전문어(문학),신규_어휘_후보,,0,False
자유인,0,명사,5,전문어(법률),신규_어휘_후보,,0,False
자유자재,0,명사,5,일반어,신규_어휘_후보,,0,False
자유주의,0,명사,5,전문어(철학)/전문어(철학),신규_어휘_후보,,0,False
자유주의자,0,명사,5,일반어,신규_어휘_후보,,0,False
자유투,0,명사,5,전문어(체육),신규_어휘_후보,,0,False
자율성,0,명사,5,일반어/전문어(생명),신규_어휘_후보,,0,False
자의,2,명사,5,일반어,신규_어휘_후보,,0,False
자의식,0,명사,5,일반어/전문어(심리)/전문어(철학),신규_어휘_후보,,0,False
자의적,0,명사/관형사,5,일반어/일반어,신규_어휘_후보,,0,False
자인하다,3,동사,5,일반어,신규_어휘_후보,,0,False
자일,3,명사,5,일반어,신규_어휘_후보,,0,False
자자손손,0,명사,5,일반어,신규_어휘_후보,,0,False
자작,5,명사,5,일반어/일반어,신규_어휘_후보,,0,False
자작농,0,명사,5,일반어,신규_어휘_후보,,0,False
자전,7,명사,5,일반어/전문어(천문),신규_어휘_후보,,0,False
자전축,0,명사,5,전문어(천문),신규_어휘_후보,,0,False
자조,1,명사,5,일반어/전문어(법률),신규_어휘_후보,,0,True
자족,0,명사,5,일반어/일반어,신규_어휘_후보,,0,False
자족하다,0,동사/형용사,5,일반어/일반어,신규_어휘_후보,,0,False
자존,2,명사,5,일반어/일반어/전문어(철학),신규_어휘_후보,,0,False
자주,7,명사,5,일반어/일반어/전문어(미술),신규_어휘_후보,,0,True
자주독립하다,0,동사,5,일반어,신규_어휘_후보,,0,False
자주정신,0,명사,5,일반어,신규_어휘_후보,,0,False
자중하다,1,동사,5,일반어/일반어,신규_어휘_후보,,0,False
자진하다,1,동사,5,일반어,신규_어휘_후보,,0,False
자질구레하다,0,형용사,5,일반어,신규_어휘_후보,,0,False
자책,0,명사,5,일반어,신규_어휘_후보,,0,False
자책감,0,명사,5,일반어,신규_어휘_후보,,0,False
자책골,0,명사,5,전문어(체육),신규_어휘_후보,,0,False
자철광,0,명사,5,전문어(광업),신규_어휘_후보,,0,False
자철석,0,명사,5,전문어(광업),신규_어휘_후보,,0,False
자청,1,명사,5,일반어,신규_어휘_후보,,0,False
자청하다,0,동사,5,일반어,신규_어휘_후보,,0,False
자초하다,1,동사,5,일반어,신규_어휘_후보,,0,False
자축,3,명사,5,일반어,신규_어휘_후보,,0,False
자축연,0,명사,5,일반어,신규_어휘_후보,,0,False
자취방,0,명사,5,일반어,신규_어휘_후보,,0,False
자취하다,1,동사,5,일반어,신규_어휘_후보,,0,True
자치권,0,명사,5,전문어(행정),신규_어휘_후보,,0,False
자치기,0,명사,5,일반어,신규_어휘_후보,,0,False
자치령,0,명사,5,전문어(행정),신규_어휘_후보,,0,False
자치적,0,명사/관형사,5,일반어/일반어,신규_어휘_후보,,0,False
자치통감,0,명사,5,전문어(책명),신규_어휘_후보,,0,False
자치회,0,명사,5,전문어(교육),신규_어휘_후보,,0,False
자칭,1,명사,5,일반어/일반어/일반어/전문어(언어),신규_어휘_후보,,0,False
자칭하다,1,동사,5,일반어/일반어,신규_어휘_후보,,0,False
자카르타,0,명사,5,전문어(지명),신규_어휘_후보,,0,False
자타,0,명사,5,일반어/전문어(불교),신규_어휘_후보,,0,False
자퇴,0,명사,5,일반어,신규_어휘_후보,,0,False
자퇴하다,0,동사,5,일반어,신규_어휘_후보,,0,False
자폐증,0,명사,5,전문어(의학),신규_어휘_후보,,0,False
자폭,1,명사,5,일반어,신규_어휘_후보,,0,False
자폭하다,0,동사,5,일반어,신규_어휘_후보,,0,False
자필,0,명사,5,일반어,신규_어휘_후보,,0,False
자학,3,명사,5,일반어,신규_어휘_후보,,0,False
자해하다,2,동사,5,일반어/일반어,신규_어휘_후보,,0,False
자형,1,명사,5,일반어,신규_어휘_후보,,0,True
자형,4,명사,5,일반어,신규_어휘_후보,,0,True
자화,5,명사,5,전문어(물리),신규_어휘_후보,,0,False
자화되다,0,동사,5,전문어(물리),신규_어휘_후보,,0,False
자화자찬,0,명사,5,일반어,신규_어휘_후보,,0,False
자화자찬하다,0,동사,5,일반어,신규_어휘_후보,,0,False
자활,0,명사,5,일반어,신규_어휘_후보,,0,False
자획,1,명사,5,일반어,신규_어휘_후보,,0,False
작,5,명사,5,일반어,신규_어휘_후보,,0,False
작고,1,명사,5,일반어,신규_어휘_후보,,0,False
작고하다,1,동사,5,일반어,신규_어휘_후보,,0,False
작달막하다,0,형용사,5,일반어,신규_어휘_후보,,0,False
작대기,0,명사,5,일반어/일반어/일반어/일반어/일반어,신규_어휘_후보,,0,False
작동하다,0,동사,5,일반어,신규_어휘_후보,,0,False
작두,1,명사,5,일반어/일반어,신규_어휘_후보,,0,False
작렬하다,0,동사,5,일반어/일반어,신규_어휘_후보,,0,False
작명하다,0,동사,5,일반어/전문어(역사),신규_어휘_후보,,0,False
작사하다,3,동사,5,일반어,신규_어휘_후보,,0,False
작살,2,명사,5,일반어/일반어,신규_어휘_후보,,0,True
작심하다,0,동사,5,일반어,신규_어휘_후보,,0,False
작약,1,명사,5,전문어(식물)/전문어(식물)/전문어(한의),신규_어휘_후보,,0,False
작약하다,1,동사,5,일반어,신규_어휘_후보,,0,False
작업대,0,명사,5,일반어,신규_어휘_후보,,0,False
작업반장,0,명사,5,일반어,신규_어휘_후보,,0,False
작열하다,0,동사,5,일반어/일반어/전문어(물리),신규_어휘_후보,,0,False
작용점,0,명사,5,전문어(물리),신규_어휘_후보,,0,False
작은개자리,0,명사,5,전문어(천문),신규_어휘_후보,,0,False
작은골,0,명사,5,전문어(의학),신규_어휘_후보,,0,False
작은댁,0,명사,5,일반어/일반어/일반어,신규_어휘_후보,,0,False
작은삼촌,0,명사,5,일반어,신규_어휘_후보,,0,False
작은아가씨,0,명사,5,일반어/일반어,신규_어휘_후보,,0,False
작은아기,0,명사,5,일반어,신규_어휘_후보,,0,False
작작,1,부사,5,일반어,신규_어휘_후보,,0,False
작황,0,명사,5,전문어(농업),신규_어휘_후보,,0,False
잔고,0,명사,5,일반어,신규_어휘_후보,,0,False
잔금,2,명사,5,일반어/일반어/일반어,신규_어휘_후보,,0,False
잔대,1,명사,5,전문어(식물)/전문어(식물),신규_어휘_후보,,0,False
잔명,0,명사,5,일반어,신규_어휘_후보,,0,False
잔물결,0,명사,5,일반어/일반어/일반어,신규_어휘_후보,,0,False
잔별,0,명사,5,일반어,신규_어휘_후보,,0,False
잔병,1,명사,5,일반어,신규_어휘_후보,,0,False
잔병치레,0,명사,5,일반어,신규_어휘_후보,,0,False
잔설,0,명사,5,일반어,신규_어휘_후보,,0,False
잔소리하다,0,동사,5,일반어/일반어,신규_어휘_후보,,0,False
잔손,1,명사,5,일반어/전문어(경제),신규_어휘_후보,,0,False
잔솔,0,명사,5,일반어,신규_어휘_후보,,0,False
잔솔밭,0,명사,5,일반어,신규_어휘_후보,,0,False
잔심부름,0,명사,5,일반어,신규_어휘_후보,,0,False
잔심부름꾼,0,명사,5,일반어,신규_어휘_후보,,0,False
잔잔히,1,부사,5,일반어/일반어/일반어/일반어,신규_어휘_후보,,0,False
잔재,2,명사,5,일반어/일반어,신규_어휘_후보,,0,False
잔재미,0,명사,5,일반어,신규_어휘_후보,,0,False
잔재주,0,명사,5,일반어/일반어,신규_어휘_후보,,0,False
잔챙이,0,명사,5,일반어/일반어,신규_어휘_후보,,0,False
잔칫상,0,명사,5,일반어,신규_어휘_후보,,0,False
잔풀,0,명사,5,일반어/일반어,신규_어휘_후보,,0,False
잔학성,0,명사,5,일반어,신규_어휘_후보,,0,False
잔학하다,0,형용사,5,일반어,신규_어휘_후보,,0,False
잔해,2,명사,5,일반어/일반어/일반어/일반어,신규_어휘_후보,,0,False
잔혹성,0,명사,5,일반어,신규_어휘_후보,,0,False
잘강잘강,2,부사,5,일반어,신규_어휘_후보,,0,False
잘나가다,0,동사,5,일반어,신규_어휘_후보,,0,False
잘잘,5,부사,5,일반어/일반어,신규_어휘_후보,,0,False
잘해야,0,부사,5,일반어,신규_어휘_후보,,0,False
잠귀,0,명사,5,일반어,신규_어휘_후보,,0,False
잠기운,0,명사,5,일반어,신규_어휘_후보,,0,False
잠깐잠깐,0,부사,5,일반어,신규_어휘_후보,,0,False
잠방이,0,명사,5,일반어,신규_어휘_후보,,0,False
잠버릇,0,명사,5,일반어,신규_어휘_후보,,0,False
잠보,0,명사,5,일반어,신규_어휘_후보,,0,False
잠복,2,명사,5,일반어/전문어(의학),신규_어휘_후보,,0,False
잠복근무하다,0,동사,5,일반어,신규_어휘_후보,,0,False
잠복하다,0,동사,5,일반어/전문어(의학),신규_어휘_후보,,0,False
잠수함,1,명사,5,일반어,신규_어휘_후보,,0,True
잠업,0,명사,5,전문어(농업),신규_어휘_후보,,0,False
잠입,0,명사,5,일반어/일반어,신규_어휘_후보,,0,False
잠입하다,0,동사,5,일반어/일반어,신규_어휘_후보,,0,False
잠자리채,0,명사,5,일반어,신규_어휘_후보,,0,False
잠재,0,명사,5,일반어,신규_어휘_후보,,0,False
잠재의식,0,명사,5,전문어(심리),신규_어휘_후보,,0,False
잠재적,0,명사/관형사,5,일반어/일반어,신규_어휘_후보,,0,False
잠적,3,명사,5,일반어,신규_어휘_후보,,0,False
잠적하다,3,동사,5,일반어,신규_어휘_후보,,0,False
잠정,0,명사,5,일반어,기존_콘텐츠와_연결_후보,SR_L6CORE_4958,1,False
잠정적,0,명사/관형사,5,일반어/일반어,신규_어휘_후보,,0,False
잠투정,0,명사,5,일반어,신규_어휘_후보,,0,False
잡가,2,명사,5,일반어/전문어(문학)/전문어(음악),신규_어휘_후보,,0,False
잡균,0,명사,5,일반어/전문어(생명),신규_어휘_후보,,0,False
잡기,4,명사,5,일반어/일반어,신규_어휘_후보,,0,False
잡담하다,0,동사,5,일반어,신규_어휘_후보,,0,False
잡도리,0,명사,5,일반어/일반어/일반어,신규_어휘_후보,,0,False
잡목,0,명사,5,일반어/일반어,신규_어휘_후보,,0,False
잡병,0,명사,5,일반어,신규_어휘_후보,,0,False
잡비,2,명사,5,일반어,신규_어휘_후보,,0,False
잡상인,0,명사,5,일반어,신규_어휘_후보,,0,False
잡색,0,명사,5,전문어(미술)/일반어/일반어/전문어(민속),신규_어휘_후보,,0,False
잡스럽다,0,형용사,5,일반어,신규_어휘_후보,,0,False
잡식,1,명사,5,일반어/일반어/일반어,신규_어휘_후보,,0,False
잡식성,0,명사,5,일반어,신규_어휘_후보,,0,False
잡아넣다,0,동사,5,일반어/일반어,신규_어휘_후보,,0,False
잡아채다,0,동사,5,일반어/일반어,신규_어휘_후보,,0,False
잡역부,1,명사,5,일반어,신규_어휘_후보,,0,False
잡채밥,0,명사,5,일반어,신규_어휘_후보,,0,False
잡치다,0,동사,5,일반어/일반어,신규_어휘_후보,,0,False
잡풀,0,명사,5,일반어,신규_어휘_후보,,0,False
잡화,2,명사,5,일반어/일반어,신규_어휘_후보,,0,False
잡화상,0,명사,5,일반어,신규_어휘_후보,,0,False
잡히다,3,동사,5,일반어/일반어/일반어,신규_어휘_후보,,0,True
잣죽,0,명사,5,일반어,신규_어휘_후보,,0,False
장,28,명사,5,일반어/일반어,신규_어휘_후보,,0,True
장,30,명사,5,일반어/일반어,신규_어휘_후보,,0,True
장갑차,0,명사,5,전문어(군사)/전문어(군사),신규_어휘_후보,,0,False
장거,1,명사,5,일반어,신규_어휘_후보,,0,False
장검,0,명사,5,일반어,신규_어휘_후보,,0,False
장계,1,명사,5,전문어(역사),신규_어휘_후보,,0,False
장고,1,명사,5,전문어(음악),신규_어휘_후보,,0,False
장구채,1,명사,5,일반어,신규_어휘_후보,,0,False
장구하다,1,형용사,5,일반어,신규_어휘_후보,,0,False
장국,0,명사,5,일반어/일반어/일반어,신규_어휘_후보,,0,False
장국밥,0,명사,5,일반어/일반어,신규_어휘_후보,,0,False
장군,5,명사/감탄사,5,전문어(체육),신규_어휘_후보,,0,True
장군총,0,명사,5,전문어(역사),신규_어휘_후보,,0,False
장기화,0,명사,5,일반어,신규_어휘_후보,,0,False
장기화되다,0,동사,5,일반어,신규_어휘_후보,,0,False
장꾼,0,명사,5,일반어,신규_어휘_후보,,0,False
장끼전,0,명사,5,전문어(문학),신규_어휘_후보,,0,False
장난꾼,0,명사,5,일반어,신규_어휘_후보,,0,False
장내,3,명사,5,일반어/전문어(경제)/전문어(역사),신규_어휘_후보,,0,False
장년,1,명사,5,일반어,신규_어휘_후보,,0,False
장년기,0,명사,5,일반어/전문어(지구),신규_어휘_후보,,0,False
장다리꽃,0,명사,5,일반어,신규_어휘_후보,,0,False
장단,3,명사,5,일반어/일반어,신규_어휘_후보,,0,True
장닭,0,명사,5,일반어,신규_어휘_후보,,0,False
장담,2,명사,5,일반어,신규_어휘_후보,,0,False
장대,2,명사,5,전문어(광업),신규_어휘_후보,,0,False
장대높이뛰기,0,명사,5,전문어(체육),신규_어휘_후보,,0,False
장려되다,0,동사,5,일반어,신규_어휘_후보,,0,False
장력,2,명사,5,일반어/전문어(전기·전자)/전문어(전기·전자),신규_어휘_후보,,0,False
장렬하다,0,형용사,5,일반어,신규_어휘_후보,,0,False
장렬히,0,부사,5,일반어,신규_어휘_후보,,0,False
장로교,0,명사,5,전문어(기독교),신규_어휘_후보,,0,False
장롱면허,0,명사,5,일반어,신규_어휘_후보,,0,False
장막극,0,명사,5,전문어(연기),신규_어휘_후보,,0,False
장만,1,명사,5,일반어,신규_어휘_후보,,0,False
장모님,0,명사,5,일반어,신규_어휘_후보,,0,False
장목,2,명사,5,일반어,신규_어휘_후보,,0,False
장물,3,명사,5,전문어(법률),신규_어휘_후보,,0,False
장물아비,0,명사,5,일반어,신규_어휘_후보,,0,False
장발,3,명사,5,일반어,신규_어휘_후보,,0,False
장방형,0,명사,5,전문어(수학),신규_어휘_후보,,0,False
장백산맥,0,명사,5,전문어(지명),신규_어휘_후보,,0,False
장병,4,명사,5,전문어(군사),신규_어휘_후보,,0,False
장사진,1,명사,5,일반어/일반어,신규_어휘_후보,,0,False
장사하다,4,동사,5,일반어,신규_어휘_후보,,0,True
장삼,2,명사,5,전문어(불교),신규_어휘_후보,,0,False
장삿길,0,명사,5,일반어,신규_어휘_후보,,0,False
장삿속,0,명사,5,일반어,신규_어휘_후보,,0,False
장생,1,명사,5,일반어/전문어(종교 일반),신규_어휘_후보,,0,False
장생하다,0,동사,5,일반어,신규_어휘_후보,,0,False
장서,4,명사,5,일반어,신규_어휘_후보,,0,False
장석,2,명사,5,전문어(광업),신규_어휘_후보,,0,False
장송곡,0,명사,5,전문어(음악)/전문어(음악),신규_어휘_후보,,0,False
장수하다,1,동사,5,일반어,신규_어휘_후보,,0,True
장승제,0,명사,5,전문어(민속),신규_어휘_후보,,0,False
장시,5,명사,5,전문어(문학),신규_어휘_후보,,0,False
장식장,0,명사,5,일반어,신규_어휘_후보,,0,False
장신,1,명사,5,일반어,신규_어휘_후보,,0,False
장악,2,명사,5,일반어,신규_어휘_후보,,0,False
장악하다,0,동사,5,일반어,신규_어휘_후보,,0,False
장안,0,명사,5,일반어/전문어(지명),신규_어휘_후보,,0,False
장어구이,0,명사,5,일반어,신규_어휘_후보,,0,False
장엄,2,명사,5,전문어(불교)/전문어(불교),신규_어휘_후보,,0,False
장외,2,명사,5,일반어/전문어(경제),신규_어휘_후보,,0,False
장유,2,명사,5,일반어,신규_어휘_후보,,0,False
장유유서,0,명사,5,일반어,신규_어휘_후보,,0,False
장의,8,명사,5,일반어,신규_어휘_후보,,0,False
장의차,0,명사,5,일반어,신규_어휘_후보,,0,False
장자,2,명사,5,일반어,신규_어휘_후보,,0,False
장작개비,0,명사,5,일반어/일반어,신규_어휘_후보,,0,False
장장,2,관형사/품사 없음,5,일반어/일반어,신규_어휘_후보,,0,False
장전,11,명사,5,전문어(군사),신규_어휘_후보,,0,False
장정,1,명사,5,일반어/일반어/일반어,신규_어휘_후보,,0,True
장정,5,명사,5,일반어,신규_어휘_후보,,0,True
장조,5,명사,5,전문어(문학)/전문어(음악),신규_어휘_후보,,0,False
장졸,1,명사,5,일반어,신규_어휘_후보,,0,False
장죽,2,명사,5,일반어,신규_어휘_후보,,0,False
장중하다,0,형용사,5,일반어,신규_어휘_후보,,0,False
장지,7,명사,5,일반어,신규_어휘_후보,,0,False
장지문,0,명사,5,전문어(건설),신규_어휘_후보,,0,False
장질부사,0,명사,5,전문어(의학),신규_어휘_후보,,0,False
장총,0,명사,5,일반어,신규_어휘_후보,,0,False
장치하다,1,동사,5,일반어,신규_어휘_후보,,0,False
장쾌하다,0,형용사,5,일반어,신규_어휘_후보,,0,False
장판지,0,명사,5,일반어,신규_어휘_후보,,0,False
장편,2,명사,5,전문어(문학)/전문어(문학)/전문어(문학),신규_어휘_후보,,0,False
장학사,0,명사,5,전문어(교육),신규_어휘_후보,,0,False
장학생,0,명사,5,일반어,신규_어휘_후보,,0,False
장해,2,명사,5,일반어,신규_어휘_후보,,0,False
장화홍련전,0,명사,5,전문어(문학),신규_어휘_후보,,0,False
장황하다,1,형용사,5,일반어,신규_어휘_후보,,0,False
장히,0,부사,5,일반어/일반어,신규_어휘_후보,,0,False
잦아지다,1,동사,5,일반어/일반어,신규_어휘_후보,,0,True
잦혀지다,0,동사,5,일반어/일반어,신규_어휘_후보,,0,False
재,2,명사,5,일반어/일반어,신규_어휘_후보,,0,True
재가하다,1,동사,5,일반어,신규_어휘_후보,,0,False
재간,1,명사,5,일반어/일반어,신규_어휘_후보,,0,False
재갈,1,명사,5,일반어/일반어,신규_어휘_후보,,0,False
재개,3,명사,5,일반어/전문어(체육),신규_어휘_후보,,0,False
재개발,0,명사,5,일반어,신규_어휘_후보,,0,False
재개하다,1,동사,5,일반어,신규_어휘_후보,,0,True
재개하다,2,동사,5,일반어,신규_어휘_후보,,0,True
재건축,0,명사,5,일반어,신규_어휘_후보,,0,False
재건하다,0,동사,5,일반어/일반어,신규_어휘_후보,,0,False
재고,1,명사,5,일반어,신규_어휘_후보,,0,True
재고,4,명사,5,일반어/일반어/일반어,신규_어휘_후보,,0,True
재고품,0,명사,5,일반어/일반어,신규_어휘_후보,,0,False
재고하다,1,동사,5,일반어,신규_어휘_후보,,0,False
재교육,0,명사,5,전문어(교육)/전문어(교육),신규_어휘_후보,,0,False
재구성되다,0,동사,5,일반어,신규_어휘_후보,,0,False
재기,4,명사,5,일반어,신규_어휘_후보,,0,False
재기하다,1,동사,5,일반어,신규_어휘_후보,,0,True
재깍,2,부사,5,일반어/일반어,신규_어휘_후보,,0,False
재다,1,동사,5,일반어,신규_어휘_후보,,0,True
재다,4,동사,5,일반어/일반어,신규_어휘_후보,,0,True
재다,5,형용사,5,일반어/일반어/일반어,신규_어휘_후보,,0,False
재단,1,명사,5,전문어(법률)/전문어(법률),신규_어휘_후보,,0,True
재단,2,명사,5,일반어/일반어,신규_어휘_후보,,0,True
재단사,0,명사,5,일반어,신규_어휘_후보,,0,False
재단하다,0,동사,5,일반어/일반어,신규_어휘_후보,,0,False
재담,0,명사,5,일반어,신규_어휘_후보,,0,False
재동,1,명사,5,일반어,신규_어휘_후보,,0,False
재두루미,0,명사,5,전문어(동물),신규_어휘_후보,,0,False
재래종,0,명사,5,일반어,신규_어휘_후보,,0,False
재량,2,명사,5,일반어/전문어(행정),신규_어휘_후보,,0,False
재력,3,명사,5,일반어,신규_어휘_후보,,0,False
재론,0,명사,5,일반어,신규_어휘_후보,,0,False
재론하다,0,동사,5,일반어,신규_어휘_후보,,0,False
재림,0,명사,5,일반어/전문어(기독교),신규_어휘_후보,,0,False
재목,1,명사,5,일반어/일반어,신규_어휘_후보,,0,False
재무,0,명사,5,일반어,신규_어휘_후보,,0,False
재발하다,0,동사,5,일반어/일반어,신규_어휘_후보,,0,False
재방송,0,명사,5,일반어,신규_어휘_후보,,0,False
재방송되다,0,동사,5,일반어,신규_어휘_후보,,0,False
재방송하다,0,동사,5,일반어,신규_어휘_후보,,0,False
재배지,2,명사,5,일반어,신규_어휘_후보,,0,False
재배치,0,명사,5,일반어,신규_어휘_후보,,0,False
재범,0,명사,5,일반어/전문어(법률),신규_어휘_후보,,0,False
재봉실,0,명사,5,일반어,신규_어휘_후보,,0,False
재분배,0,명사,5,일반어,신규_어휘_후보,,0,False
재산세,0,명사,5,전문어(법률),신규_어휘_후보,,0,False
재삼,0,부사,5,일반어,신규_어휘_후보,,0,False
재상,5,명사,5,전문어(역사),신규_어휘_후보,,0,False
재색,1,명사,5,일반어,신규_어휘_후보,,0,True
재색,2,명사,5,일반어,신규_어휘_후보,,0,True
재생산,0,명사,5,전문어(경영),신규_어휘_후보,,0,False
재선,0,명사,5,일반어/전문어(정치),신규_어휘_후보,,0,False
재선거,0,명사,5,전문어(정치),신규_어휘_후보,,0,False
재수생,0,명사,5,일반어,신규_어휘_후보,,0,False
재수하다,0,동사,5,일반어,신규_어휘_후보,,0,False
재시험,0,명사,5,일반어/일반어,신규_어휘_후보,,0,False
재연,1,명사,5,일반어/일반어,신규_어휘_후보,,0,False
재연하다,1,동사,5,일반어/일반어,신규_어휘_후보,,0,False
재원,1,명사,5,일반어,신규_어휘_후보,,0,False
재인식하다,0,동사,5,일반어/전문어(심리),신규_어휘_후보,,0,False
재일,1,명사,5,일반어,신규_어휘_후보,,0,False
재임,2,명사,5,일반어,신규_어휘_후보,,0,False
재잘재잘,0,부사,5,일반어/일반어,신규_어휘_후보,,0,False
재재거리다,0,동사,5,일반어,신규_어휘_후보,,0,False
재적,1,명사,5,일반어,신규_어휘_후보,,0,False
재적생,0,명사,5,일반어,신규_어휘_후보,,0,False
재정,5,명사,5,일반어/전문어(경제)/전문어(경제),신규_어휘_후보,,0,False
재정난,0,명사,5,전문어(경제),신규_어휘_후보,,0,False
재조정되다,0,동사,5,일반어,신규_어휘_후보,,0,False
재조정하다,0,동사,5,일반어,신규_어휘_후보,,0,False
재조직되다,0,동사,5,일반어,신규_어휘_후보,,0,False
재조직하다,0,동사,5,일반어,신규_어휘_후보,,0,False
재주껏,0,부사,5,일반어,신규_어휘_후보,,0,False
재주넘기,0,명사,5,일반어,신규_어휘_후보,,0,False
재질,1,명사,5,일반어,신규_어휘_후보,,0,True
재차,0,명사/부사,5,일반어/일반어,신규_어휘_후보,,0,False
재창조,0,명사,5,일반어,신규_어휘_후보,,0,False
재창조하다,0,동사,5,일반어,신규_어휘_후보,,0,False
재첩,0,명사,5,전문어(동물),신규_어휘_후보,,0,False
재청,0,명사,5,일반어/일반어/일반어,신규_어휘_후보,,0,False
재청하다,0,동사,5,일반어/일반어/일반어,신규_어휘_후보,,0,False
재탕,0,명사,5,전문어(한의)/일반어,신규_어휘_후보,,0,False
재판,3,명사,5,전문어(매체)/일반어,신규_어휘_후보,,0,True
재판정,2,명사,5,전문어(법률),신규_어휘_후보,,0,False
재판하다,2,동사,5,전문어(매체)/일반어,신규_어휘_후보,,0,True
재평가,0,명사,5,일반어/전문어(경영),신규_어휘_후보,,0,False
재평가하다,0,동사,5,일반어/전문어(경영),신규_어휘_후보,,0,False
재학생,0,명사,5,일반어,신규_어휘_후보,,0,False
재현,2,명사,5,일반어/전문어(심리),신규_어휘_후보,,0,False
재현되다,0,동사,5,일반어/전문어(심리),신규_어휘_후보,,0,False
재화,3,명사,5,전문어(경제)/전문어(법률),신규_어휘_후보,,0,False
재활,0,명사,5,일반어/일반어,신규_어휘_후보,,0,False
재활용되다,0,동사,5,일반어,신규_어휘_후보,,0,False
재회,2,명사,5,일반어/일반어,신규_어휘_후보,,0,False
재회하다,1,동사,5,일반어,신규_어휘_후보,,0,False
잭,0,명사,5,일반어/전문어(기계)/전문어(전기·전자),신규_어휘_후보,,0,False
잰걸음,0,명사,5,일반어,신규_어휘_후보,,0,False
잼버리,0,명사,5,전문어(사회 일반),신규_어휘_후보,,0,False
잿물,0,명사,5,일반어/일반어/전문어(공예),신규_어휘_후보,,0,False
잿밥,0,명사,5,전문어(불교),신규_어휘_후보,,0,False
쟁그랑,0,부사,5,일반어,신규_어휘_후보,,0,False
쟁기질,0,명사,5,일반어,신규_어휘_후보,,0,False
쟁의,0,명사,5,일반어/전문어(행정)/전문어(사회 일반),신규_어휘_후보,,0,False
쟁이다,0,동사,5,일반어/일반어,신규_어휘_후보,,0,False
쟁쟁하다,2,형용사,5,일반어/일반어/일반어,신규_어휘_후보,,0,True
쟁쟁하다,4,형용사,5,일반어,신규_어휘_후보,,0,True
쟁취,0,명사,5,일반어,신규_어휘_후보,,0,False
쟁탈,0,명사,5,일반어,신규_어휘_후보,,0,False
쟁탈하다,0,동사,5,일반어,신규_어휘_후보,,0,False
저,10,명사,5,일반어,신규_어휘_후보,,0,False
저가,1,명사,5,일반어,신규_어휘_후보,,0,False
저격,0,명사,5,일반어,신규_어휘_후보,,0,False
저까짓,0,관형사,5,일반어,신규_어휘_후보,,0,False
저녁볕,0,명사,5,일반어,신규_어휘_후보,,0,False
저능아,0,명사,5,일반어,신규_어휘_후보,,0,False
저다지,0,부사,5,일반어,신규_어휘_후보,,0,False
저당,0,명사,5,일반어/일반어/전문어(법률),신규_어휘_후보,,0,False
저도,0,명사,5,일반어,신규_어휘_후보,,0,False
저딴,0,관형사,5,일반어,신규_어휘_후보,,0,False
저런,2,감탄사,5,일반어,신규_어휘_후보,,0,False
저리도,0,부사,5,일반어,신규_어휘_후보,,0,False
저리로,0,부사,5,일반어,신규_어휘_후보,,0,False
저만하다,0,형용사,5,일반어,신규_어휘_후보,,0,False
저명,1,명사,5,일반어,신규_어휘_후보,,0,False
저명인사,0,명사,5,일반어,신규_어휘_후보,,0,False
저명하다,1,형용사,5,일반어,신규_어휘_후보,,0,False
저미다,0,동사,5,일반어/일반어/일반어,신규_어휘_후보,,0,False
저벅거리다,0,동사,5,일반어,신규_어휘_후보,,0,False
저변,2,명사,5,일반어/일반어/전문어(수학),신규_어휘_후보,,0,False
저서,0,명사,5,일반어,신규_어휘_후보,,0,False
저소득,0,명사,5,일반어,신규_어휘_후보,,0,False
저속하다,0,형용사,5,일반어,신규_어휘_후보,,0,False
저술,0,명사,5,일반어,신규_어휘_후보,,0,False
저술가,0,명사,5,일반어,신규_어휘_후보,,0,False
저술하다,0,동사,5,일반어,신규_어휘_후보,,0,False
저어새,0,명사,5,전문어(동물)/전문어(동물),신규_어휘_후보,,0,False
저울질,0,명사,5,일반어/일반어,신규_어휘_후보,,0,False
저음,2,명사,5,일반어,신규_어휘_후보,,0,False
저음부,1,명사,5,전문어(음악),신규_어휘_후보,,0,False
저의,2,명사,5,일반어,신규_어휘_후보,,0,False
저자,1,명사,5,일반어/일반어/일반어,신규_어휘_후보,,0,True
저자세,0,명사,5,일반어,신규_어휘_후보,,0,False
저장품,0,명사,5,일반어/전문어(경영),신규_어휘_후보,,0,False
저조,2,명사,5,일반어/일반어/일반어,신규_어휘_후보,,0,False
저조하다,0,형용사,5,일반어/일반어/일반어,신규_어휘_후보,,0,False
저주하다,0,동사,5,일반어,신규_어휘_후보,,0,False
저지,1,명사,5,일반어,신규_어휘_후보,,0,True
저지대,0,명사,5,일반어,신규_어휘_후보,,0,False
저지선,0,명사,5,일반어,신규_어휘_후보,,0,False
저쯤,0,명사/부사,5,일반어/일반어,신규_어휘_후보,,0,False
저체온증,0,명사,5,전문어(의학),신규_어휘_후보,,0,False
저촉,0,명사,5,일반어/일반어,신규_어휘_후보,,0,False
저촉되다,0,동사,5,일반어/일반어,신규_어휘_후보,,0,False
저편,0,대명사,5,일반어/일반어/일반어,신규_어휘_후보,,0,False
저하되다,0,동사,5,일반어/일반어,신규_어휘_후보,,0,False
저학력,0,명사,5,일반어,신규_어휘_후보,,0,False
저해하다,0,동사,5,일반어,신규_어휘_후보,,0,False
저혈압,0,명사,5,전문어(의학),신규_어휘_후보,,0,False
적,5,명사,5,일반어,신규_어휘_후보,,0,True
적간하다,0,동사,5,일반어,신규_어휘_후보,,0,False
적갈색,0,명사,5,일반어,신규_어휘_후보,,0,False
적개심,0,명사,5,일반어,신규_어휘_후보,,0,False
적국,0,명사,5,일반어,신규_어휘_후보,,0,False
적금하다,0,동사,5,일반어,신규_어휘_후보,,0,False
적기,8,명사,5,일반어,신규_어휘_후보,,0,True
적나라하다,0,형용사,5,일반어/일반어,신규_어휘_후보,,0,False
적대,5,명사,5,일반어,신규_어휘_후보,,0,False
적대국,0,명사,5,일반어,신규_어휘_후보,,0,False
적대시하다,0,동사,5,일반어,신규_어휘_후보,,0,False
적대적,0,명사/관형사,5,일반어/일반어,신규_어휘_후보,,0,False
적령기,0,명사,5,일반어,신규_어휘_후보,,0,False
적립,2,명사,5,일반어,신규_어휘_후보,,0,False
적립금,0,명사,5,일반어/전문어(경제),신규_어휘_후보,,0,False
적막,1,명사,5,일반어/일반어,신규_어휘_후보,,0,False
적막하다,0,형용사,5,일반어/일반어,신규_어휘_후보,,0,False
적반하장,0,명사,5,일반어,신규_어휘_후보,,0,False
적발되다,0,동사,5,일반어,신규_어휘_후보,,0,False
적발하다,2,동사,5,일반어,신규_어휘_후보,,0,True
적발하다,3,동사,5,일반어,신규_어휘_후보,,0,True
적법,0,명사,5,일반어,신규_어휘_후보,,0,False
적선,4,명사,5,일반어/일반어,신규_어휘_후보,,0,True
적선하다,0,동사,5,일반어/일반어,신규_어휘_후보,,0,False
적설량,0,명사,5,일반어,신규_어휘_후보,,0,False
적수,8,명사,5,일반어/일반어,신규_어휘_후보,,0,False
적시,4,명사,5,일반어,신규_어휘_후보,,0,False
적시타,0,명사,5,전문어(체육),신규_어휘_후보,,0,False
적신호,0,명사,5,전문어(교통)/일반어,신규_어휘_후보,,0,False
적요,1,명사,5,일반어,신규_어휘_후보,,0,False
적요란,0,명사,5,일반어,신규_어휘_후보,,0,False
적음,1,명사,5,일반어,신규_어휘_후보,,0,False
적의,3,명사,5,일반어/일반어,신규_어휘_후보,,0,False
적이,0,부사,5,일반어,신규_어휘_후보,,0,False
적임,0,명사,5,일반어/일반어,신규_어휘_후보,,0,False
적임자,0,명사,5,일반어,신규_어휘_후보,,0,False
적자생존,0,명사,5,전문어(생명),신규_어휘_후보,,0,False
적잖이,0,부사,5,일반어/일반어,신규_어휘_후보,,0,False
적장,6,명사,5,일반어,신규_어휘_후보,,0,False
적재,2,명사,5,일반어,신규_어휘_후보,,0,True
적재,4,명사,5,일반어,신규_어휘_후보,,0,True
적재적소,0,명사,5,일반어,신규_어휘_후보,,0,False
적재하다,1,동사,5,일반어,신규_어휘_후보,,0,True
적재하다,3,동사,5,일반어,신규_어휘_후보,,0,True
적중률,0,명사,5,일반어/일반어,신규_어휘_후보,,0,False
적중하다,1,동사,5,일반어/일반어,신규_어휘_후보,,0,False
적지,5,명사,5,일반어,신규_어휘_후보,,0,False
적합,0,명사,5,일반어,신규_어휘_후보,,0,False
적화,1,명사,5,일반어/전문어(사회 일반),신규_어휘_후보,,0,False
전가,7,명사,5,일반어/일반어/전문어(경제)/전문어(심리),신규_어휘_후보,,0,False
전각,5,명사,5,일반어,신규_어휘_후보,,0,False
전개도,0,명사,5,전문어(수학),신규_어휘_후보,,0,False
전개식,0,명사,5,전문어(수학),신규_어휘_후보,,0,False
전격,3,명사,5,일반어/일반어,신규_어휘_후보,,0,False
전격적,0,명사/관형사,5,일반어/일반어,신규_어휘_후보,,0,False
전경,8,명사,5,전문어(행정),신규_어휘_후보,,0,True
전고,3,명사,5,일반어,신규_어휘_후보,,0,False
전과,1,명사,5,전문어(교육)/전문어(교육),신규_어휘_후보,,0,True
전과,3,명사,5,전문어(법률),신규_어휘_후보,,0,True
전과,7,명사,5,일반어,신규_어휘_후보,,0,True
전국구,0,명사,5,전문어(법률),신규_어휘_후보,,0,False
전군,1,명사,5,전문어(군사),신규_어휘_후보,,0,False
전근하다,2,동사,5,일반어,신규_어휘_후보,,0,False
전기,8,명사,5,일반어/일반어/일반어/전문어(생명),신규_어휘_후보,,0,True
전기난로,0,명사,5,일반어,신규_어휘_후보,,0,False
전기보일러,0,명사,5,일반어,신규_어휘_후보,,0,False
전기스토브,0,명사,5,일반어,신규_어휘_후보,,0,False
전기의자,0,명사,5,일반어,신규_어휘_후보,,0,False
전기장판,0,명사,5,일반어,신규_어휘_후보,,0,False
전나무,0,명사,5,전문어(식물),신규_어휘_후보,,0,False
전남,0,명사,5,전문어(지명),신규_어휘_후보,,0,False
전념,2,명사,5,일반어,신규_어휘_후보,,0,False
전념하다,0,동사,5,일반어,신규_어휘_후보,,0,False
전능하다,0,형용사,5,일반어,신규_어휘_후보,,0,False
전단,8,명사,5,일반어,신규_어휘_후보,,0,False
전달식,0,명사,5,일반어,신규_어휘_후보,,0,False
전답,0,명사,5,일반어,신규_어휘_후보,,0,False
전당,7,명사,5,일반어/일반어/일반어,신규_어휘_후보,,0,False
전당포,0,명사,5,일반어,신규_어휘_후보,,0,False
전대,2,명사,5,일반어/일반어,신규_어휘_후보,,0,False
전대미문,0,명사,5,일반어,신규_어휘_후보,,0,False
전도,5,명사,5,일반어,신규_어휘_후보,,0,True
전도,6,명사,5,일반어/일반어,신규_어휘_후보,,0,True
전도,12,명사,5,일반어/전문어(전기·전자)/전문어(의학),신규_어휘_후보,,0,True
전도,18,명사,5,일반어/일반어/전문어(불교),신규_어휘_후보,,0,True
전도되다,2,동사,5,일반어/전문어(전기·전자)/전문어(의학),신규_어휘_후보,,0,False
전도하다,4,동사,5,일반어/전문어(기독교),신규_어휘_후보,,0,True
전등사,0,명사,5,전문어(불교),신규_어휘_후보,,0,False
전락하다,1,동사,5,일반어/일반어,신규_어휘_후보,,0,False
전란,2,명사,5,일반어,신규_어휘_후보,,0,False
전략가,0,명사,5,일반어,신규_어휘_후보,,0,False
전력량,0,명사,5,전문어(전기·전자),신규_어휘_후보,,0,False
전력투구,0,명사,5,전문어(체육)/일반어,신규_어휘_후보,,0,False
전력투구하다,0,동사,5,전문어(체육)/일반어,신규_어휘_후보,,0,False
전력하다,1,동사,5,일반어,신규_어휘_후보,,0,False
전령,3,명사,5,일반어/일반어/일반어,신규_어휘_후보,,0,False
전리품,0,명사,5,일반어,신규_어휘_후보,,0,False
전립,1,명사,5,전문어(복식),신규_어휘_후보,,0,False
전막,0,명사,5,전문어(연기),신규_어휘_후보,,0,False
전말,0,명사,5,일반어,신규_어휘_후보,,0,False
전망하다,2,동사,5,일반어/일반어,신규_어휘_후보,,0,False
전매,4,명사,5,일반어/전문어(법률),신규_어휘_후보,,0,False
전면,2,명사,5,일반어/일반어/전문어(불교),동형이의_품사_확인_필요,SR_L6COREV2_4959,1,True
전면적,0,명사/관형사,5,일반어/일반어,신규_어휘_후보,,0,False
전멸,1,명사,5,일반어,신규_어휘_후보,,0,False
전모,1,명사,5,일반어,신규_어휘_후보,,0,False
전무,2,명사,5,일반어/전문어(경영),신규_어휘_후보,,0,False
전무하다,1,형용사,5,일반어,신규_어휘_후보,,0,False
전무후무,0,명사,5,일반어,신규_어휘_후보,,0,False
전무후무하다,0,형용사,5,일반어,신규_어휘_후보,,0,False
전문화되다,0,동사,5,일반어,신규_어휘_후보,,0,False
전반기,0,명사,5,일반어,신규_어휘_후보,,0,False
전별하다,0,동사,5,일반어,신규_어휘_후보,,0,False
전병,1,명사,5,일반어/일반어,신규_어휘_후보,,0,False
전복,9,명사,5,일반어/일반어,신규_어휘_후보,,0,True
전복죽,0,명사,5,일반어,신규_어휘_후보,,0,False
전분,5,명사,5,일반어/전문어(생명),신규_어휘_후보,,0,False
전사,22,명사,5,일반어,신규_어휘_후보,,0,True
전산,3,명사,5,전문어(전기·전자)/전문어(정보·통신),신규_어휘_후보,,0,False
전상,8,명사,5,일반어,신규_어휘_후보,,0,False
전선,4,명사,5,일반어/전문어(군사)/전문어(지구),신규_어휘_후보,,0,True
전성,2,명사,5,일반어,신규_어휘_후보,,0,False
전세,4,명사,5,일반어,신규_어휘_후보,,0,True
전세금,0,명사,5,일반어,신규_어휘_후보,,0,False
전세방,0,명사,5,일반어,신규_어휘_후보,,0,False
전셋집,0,명사,5,일반어,신규_어휘_후보,,0,False
전송,5,명사,5,일반어,신규_어휘_후보,,0,True
전송하다,1,동사,5,일반어/전문어(역사),신규_어휘_후보,,0,True
전송하다,4,동사,5,일반어,신규_어휘_후보,,0,True
전송하다,5,동사,5,일반어,신규_어휘_후보,,0,True
전수,8,명사,5,일반어,신규_어휘_후보,,0,True
전수,9,명사,5,일반어,신규_어휘_후보,,0,True
전수하다,2,동사,5,일반어,신규_어휘_후보,,0,True
전술가,0,명사,5,일반어,신규_어휘_후보,,0,False
전승,2,명사,5,일반어,신규_어휘_후보,,0,True
전승하다,1,동사,5,일반어,신규_어휘_후보,,0,True
전승하다,2,동사,5,일반어,신규_어휘_후보,,0,True
전시대,0,명사,5,일반어,신규_어휘_후보,,0,False
전신,3,명사,5,일반어/일반어/전문어(불교),신규_어휘_후보,,0,True
전신,8,명사,5,전문어(정보·통신),신규_어휘_후보,,0,True
전심,1,명사,5,일반어,신규_어휘_후보,,0,False
전심전력,1,명사,5,일반어,신규_어휘_후보,,0,False
전액,1,명사,5,일반어,신규_어휘_후보,,0,False
전야,4,명사,5,일반어/일반어/일반어,신규_어휘_후보,,0,False
전야제,0,명사,5,일반어,신규_어휘_후보,,0,False
전어,5,명사,5,전문어(동물),신규_어휘_후보,,0,False
전업,3,명사,5,일반어/일반어/일반어,신규_어휘_후보,,0,False
전업농,0,명사,5,일반어,신규_어휘_후보,,0,False
전업주부,0,명사,5,일반어,신규_어휘_후보,,0,False
전열,7,명사,5,전문어(전기·전자),신규_어휘_후보,,0,True
전열,8,명사,5,일반어,신규_어휘_후보,,0,True
전열선,0,명사,5,전문어(전기·전자),신규_어휘_후보,,0,False
전우애,0,명사,5,일반어,신규_어휘_후보,,0,False
전우치전,0,명사,5,전문어(문학),신규_어휘_후보,,0,False
전율하다,0,동사,5,일반어/일반어,신규_어휘_후보,,0,False
전의,14,명사,5,일반어,신규_어휘_후보,,0,False
전이,3,명사,5,일반어/일반어/전문어(물리)/전문어(심리)/전문어(심리)/전문어(심리)/전문어(의학)/전문어(화학),기존_콘텐츠와_연결_후보,SR_L6CORE_4960,1,False
전이되다,0,동사,5,일반어/일반어/전문어(물리)/전문어(심리)/전문어(심리)/전문어(심리)/전문어(의학)/전문어(화학),신규_어휘_후보,,0,False
전인격,0,명사,5,일반어,신규_어휘_후보,,0,False
전임,1,명사,5,일반어,신규_어휘_후보,,0,False
전입되다,0,동사,5,일반어/일반어,신규_어휘_후보,,0,False
전입생,0,명사,5,일반어,신규_어휘_후보,,0,False
전입자,0,명사,5,일반어/일반어,신규_어휘_후보,,0,False
전입하다,0,동사,5,일반어/일반어,신규_어휘_후보,,0,False
전입학,0,명사,5,일반어,신규_어휘_후보,,0,False
전자계산기,0,명사,5,전문어(기계)/전문어(정보·통신),신규_어휘_후보,,0,False
전자관,1,명사,5,전문어(물리),신규_어휘_후보,,0,False
전자오락,0,명사,5,일반어,신규_어휘_후보,,0,False
전자오락실,0,명사,5,일반어,신규_어휘_후보,,0,False
전자파,2,명사,5,전문어(물리),신규_어휘_후보,,0,True
전쟁시,0,명사,5,전문어(문학),신규_어휘_후보,,0,False
전적,6,명사,5,일반어,신규_어휘_후보,,0,True
전적지,1,명사,5,일반어,신규_어휘_후보,,0,False
전정,9,명사,5,전문어(농업),신규_어휘_후보,,0,False
전제,8,명사,5,일반어/전문어(철학),기존_콘텐츠와_연결_후보,SR_L6CORE_4961,1,False
전제주의,0,명사,5,전문어(정치),신규_어휘_후보,,0,False
전주,4,명사,5,전문어(지명),신규_어휘_후보,,0,True
전주,9,명사,5,전문어(음악)/전문어(음악),신규_어휘_후보,,0,True
전지가위,0,명사,5,일반어,신규_어휘_후보,,0,False
전지전능하다,0,형용사,5,일반어,신규_어휘_후보,,0,False
전지훈련,0,명사,5,일반어,신규_어휘_후보,,0,False
전직,1,명사,5,일반어,신규_어휘_후보,,0,False
전차,13,명사,5,일반어/전문어(군사),신규_어휘_후보,,0,True
전처,0,명사,5,일반어,신규_어휘_후보,,0,False
전천후,0,명사,5,일반어,신규_어휘_후보,,0,False
전철,2,명사,5,일반어,신규_어휘_후보,,0,True
전체주의,0,명사,5,전문어(사회 일반),신규_어휘_후보,,0,False
전초전,0,명사,5,전문어(군사)/전문어(군사)/전문어(군사),신규_어휘_후보,,0,False
전축,0,명사,5,일반어,신규_어휘_후보,,0,False
전출하다,0,동사,5,일반어/일반어,신규_어휘_후보,,0,False
전치,1,명사,5,일반어,신규_어휘_후보,,0,False
전통미,0,명사,5,일반어,신규_어휘_후보,,0,False
전투복,0,명사,5,전문어(군사),신규_어휘_후보,,0,False
전투함,0,명사,5,전문어(군사),신규_어휘_후보,,0,False
전편,1,명사,5,일반어,신규_어휘_후보,,0,True
전편,3,명사,5,일반어,신규_어휘_후보,,0,True
전폐하다,1,동사,5,일반어,신규_어휘_후보,,0,False
전표,3,명사,5,일반어,신규_어휘_후보,,0,False
전항,1,명사,5,일반어/전문어(수학),신규_어휘_후보,,0,False
전해,1,명사,5,일반어/일반어,신규_어휘_후보,,0,False
전해질,0,명사,5,전문어(물리),신규_어휘_후보,,0,False
전형,4,명사,5,일반어/일반어/일반어,신규_어휘_후보,,0,True
전형,7,명사,5,일반어,신규_어휘_후보,,0,True
전화번호부,0,명사,5,일반어,신규_어휘_후보,,0,False
전화위복,0,명사,5,일반어,신규_어휘_후보,,0,False
전화통,0,명사,5,일반어,신규_어휘_후보,,0,False
전환기,1,명사,5,일반어,신규_어휘_후보,,0,False
전황,2,명사,5,일반어,신규_어휘_후보,,0,False
전후하다,1,동사,5,일반어/일반어,신규_어휘_후보,,0,False
절간,1,명사,5,일반어,신규_어휘_후보,,0,False
절감,1,명사,5,일반어,신규_어휘_후보,,0,True
절감하다,1,동사,5,일반어,신규_어휘_후보,,0,True
절감하다,2,동사,5,일반어,신규_어휘_후보,,0,True
절개,1,명사,5,일반어/일반어,신규_어휘_후보,,0,True
절경,1,명사,5,일반어,신규_어휘_후보,,0,False
절교,3,명사,5,일반어,신규_어휘_후보,,0,False
절교하다,2,동사,5,일반어,신규_어휘_후보,,0,False
절단,1,명사,5,일반어/전문어(수학)/전문어(수학)/전문어(수학),신규_어휘_후보,,0,False
절대다수,0,명사,5,일반어,신규_어휘_후보,,0,False
절대자,0,명사,5,전문어(철학),신규_어휘_후보,,0,False
절대적,0,명사/관형사,5,일반어/일반어/일반어/일반어,신규_어휘_후보,,0,False
절도,3,명사,5,일반어/전문어(철학),신규_어휘_후보,,0,True
절도,4,명사,5,일반어,신규_어휘_후보,,0,True
절도사,0,명사,5,전문어(역사)/전문어(역사)/전문어(역사),신규_어휘_후보,,0,False
절뚝절뚝,0,부사,5,일반어,신규_어휘_후보,,0,False
절렁절렁,0,부사,5,일반어,신규_어휘_후보,,0,False
절룩절룩,0,부사,5,일반어,신규_어휘_후보,,0,False
절룩절룩하다,0,동사,5,일반어,신규_어휘_후보,,0,False
절름발이,0,명사,5,일반어/일반어/일반어,신규_어휘_후보,,0,False
절름절름,0,부사,5,일반어,신규_어휘_후보,,0,False
절리,0,명사,5,일반어/전문어(지리),신규_어휘_후보,,0,False
절망감,0,명사,5,일반어,신규_어휘_후보,,0,False
절명하다,0,동사,5,일반어,신규_어휘_후보,,0,False
절묘하다,0,형용사,5,일반어,신규_어휘_후보,,0,False
절박하다,1,형용사,5,일반어/일반어,신규_어휘_후보,,0,False
절벅절벅,0,부사,5,일반어,신규_어휘_후보,,0,False
절세미인,0,명사,5,일반어,신규_어휘_후보,,0,False
절승,0,명사,5,일반어,신규_어휘_후보,,0,False
절식,1,명사,5,일반어,신규_어휘_후보,,0,False
절연,1,명사,5,일반어/전문어(전기·전자),신규_어휘_후보,,0,False
절연체,0,명사,5,전문어(전기·전자),신규_어휘_후보,,0,False
절전,3,명사,5,일반어,신규_어휘_후보,,0,False
절절,2,부사,5,일반어/일반어,신규_어휘_후보,,0,False
절제,1,명사,5,일반어,신규_어휘_후보,,0,True
절제되다,1,동사,5,일반어,신규_어휘_후보,,0,True
절제하다,1,동사,5,일반어,신규_어휘_후보,,0,True
절종되다,0,동사,5,일반어,신규_어휘_후보,,0,False
절지동물,0,명사,5,전문어(동물),신규_어휘_후보,,0,False
절집,0,명사,5,일반어,신규_어휘_후보,,0,False
절차탁마하다,0,동사,5,일반어,신규_어휘_후보,,0,False
절찬리,0,명사,5,일반어,신규_어휘_후보,,0,False
절충하다,1,동사,5,일반어,신규_어휘_후보,,0,False
절취선,0,명사,5,일반어,신규_어휘_후보,,0,False
절판,0,명사,5,일반어/일반어,신규_어휘_후보,,0,False
절편,1,명사,5,일반어,신규_어휘_후보,,0,False
절호,2,명사,5,일반어,신규_어휘_후보,,0,False
점거,2,명사,5,일반어/일반어,신규_어휘_후보,,0,False
점거하다,1,동사,5,일반어/일반어,신규_어휘_후보,,0,True
점거하다,2,동사,5,일반어/일반어,신규_어휘_후보,,0,True
점등,2,명사,5,일반어,신규_어휘_후보,,0,False
점보,2,명사,5,일반어/전문어(건설)/전문어(영상)/전문어(기계),신규_어휘_후보,,0,False
점뿌림,0,명사,5,전문어(농업),신규_어휘_후보,,0,False
점성술,0,명사,5,일반어,신규_어휘_후보,,0,False
점심상,0,명사,5,일반어,신규_어휘_후보,,0,False
점액,1,명사,5,일반어/전문어(생명),신규_어휘_후보,,0,False
점유,1,명사,5,일반어,신규_어휘_후보,,0,False
점잔,0,명사,5,일반어,신규_어휘_후보,,0,False
점쟁이,0,명사,5,일반어,신규_어휘_후보,,0,False
점점이,0,부사,5,일반어,신규_어휘_후보,,0,False
점진,0,명사,5,일반어/일반어,기존_콘텐츠와_연결_후보,SR_L4CORE_4784,1,False
점진적,0,명사/관형사,5,일반어/일반어,신규_어휘_후보,,0,False
점차적,0,명사/관형사,5,일반어/일반어,신규_어휘_후보,,0,False
점호,2,명사,5,일반어,신규_어휘_후보,,0,False
접,2,의존 명사,5,일반어,신규_어휘_후보,,0,False
접견,0,명사,5,일반어/전문어(법률),신규_어휘_후보,,0,False
접견하다,0,동사,5,일반어/전문어(법률),신규_어휘_후보,,0,False
접골,0,명사,5,전문어(의학),신규_어휘_후보,,0,False
접대부,0,명사,5,일반어,신규_어휘_후보,,0,False
접두사,0,명사,5,전문어(언어),신규_어휘_후보,,0,False
접때,0,명사/부사,5,일반어/일반어,신규_어휘_후보,,0,False
접미사,0,명사,5,전문어(언어),신규_어휘_후보,,0,False
접사,4,명사,5,전문어(언어),신규_어휘_후보,,0,False
접선,1,명사,5,일반어/전문어(수학),신규_어휘_후보,,0,False
접속사,0,명사,5,전문어(언어)/전문어(언어),신규_어휘_후보,,0,False
접속어,0,명사,5,전문어(언어),신규_어휘_후보,,0,False
접속하다,0,동사,5,일반어/전문어(전기·전자)/전문어(정보·통신),신규_어휘_후보,,0,False
접수하다,1,동사,5,일반어/일반어,신규_어휘_후보,,0,True
접안렌즈,0,명사,5,전문어(물리),신규_어휘_후보,,0,False
접어놓다,0,동사,5,일반어,신규_어휘_후보,,0,False
접전,0,명사,5,일반어/일반어,신규_어휘_후보,,0,False
접지,1,명사,5,일반어/전문어(전기·전자),신규_어휘_후보,,0,False
접착되다,0,동사,5,일반어/전문어(전기·전자),신규_어휘_후보,,0,False
접착력,0,명사,5,일반어,신규_어휘_후보,,0,False
접촉하다,0,동사,5,일반어/일반어/전문어(수학)/전문어(화학),신규_어휘_후보,,0,False
젓나무,0,명사,5,전문어(식물),신규_어휘_후보,,0,False
정,1,명사,5,일반어,신규_어휘_후보,,0,True
정가하다,1,동사,5,일반어,신규_어휘_후보,,0,False
정거,1,명사,5,일반어,신규_어휘_후보,,0,False
정격,2,명사,5,전문어(전기·전자),신규_어휘_후보,,0,False
정견,3,명사,5,일반어,신규_어휘_후보,,0,False
정결하다,2,형용사,5,일반어,신규_어휘_후보,,0,False
정경,5,명사,5,일반어/일반어,신규_어휘_후보,,0,False
정계,4,명사,5,일반어,신규_어휘_후보,,0,False
정계비,0,명사,5,전문어(역사),신규_어휘_후보,,0,False
정과,1,명사,5,일반어,신규_어휘_후보,,0,False
정관,7,명사,5,전문어(수의),신규_어휘_후보,,0,False
정교하다,1,동사,5,일반어/일반어,신규_어휘_후보,,0,False
정구,3,명사,5,전문어(체육),신규_어휘_후보,,0,False
정국,1,명사,5,일반어,신규_어휘_후보,,0,False
정규군,0,명사,5,전문어(군사),신규_어휘_후보,,0,False
정나미,0,명사,5,일반어,신규_어휘_후보,,0,False
정낭,0,명사,5,전문어(의학),신규_어휘_후보,,0,False
정년퇴직하다,0,동사,5,일반어,신규_어휘_후보,,0,False
정담,2,명사,5,일반어/일반어,신규_어휘_후보,,0,False
정당방위,0,명사,5,전문어(법률),신규_어휘_후보,,0,False
정당성,1,명사,5,일반어,신규_어휘_후보,,0,False
정당화,0,명사,5,일반어,신규_어휘_후보,,0,False
정당화되다,0,동사,5,일반어,신규_어휘_후보,,0,False
정당화하다,0,동사,5,일반어,신규_어휘_후보,,0,False
정대하다,0,형용사,5,일반어,신규_어휘_후보,,0,False
정도,2,명사,5,일반어,신규_어휘_후보,,0,True
정독,4,명사,5,일반어,신규_어휘_후보,,0,False
정떨어지다,0,동사,5,일반어,신규_어휘_후보,,0,False
정량,3,명사,5,일반어/일반어,신규_어휘_후보,,0,False
정력,4,명사,5,일반어/일반어,신규_어휘_후보,,0,False
정령,6,명사,5,일반어/일반어/전문어(민속)/전문어(철학),신규_어휘_후보,,0,False
정리,3,명사,5,전문어(철학)/일반어,신규_어휘_후보,,0,True
정립,1,명사,5,일반어,신규_어휘_후보,,0,True
정립,2,명사,5,일반어/전문어(철학)/전문어(철학)/전문어(철학),신규_어휘_후보,,0,True
정립하다,1,동사,5,일반어,신규_어휘_후보,,0,False
정맥피,0,명사,5,전문어(의학),신규_어휘_후보,,0,False
정묘호란,0,명사,5,전문어(역사),신규_어휘_후보,,0,False
정물화,0,명사,5,전문어(미술),신규_어휘_후보,,0,False
정미,7,명사,5,일반어/일반어,신규_어휘_후보,,0,False
정미소,0,명사,5,일반어,신규_어휘_후보,,0,False
정미업,0,명사,5,일반어,신규_어휘_후보,,0,False
정박아,0,명사,5,전문어(의학),신규_어휘_후보,,0,False
정박하다,0,동사,5,일반어,신규_어휘_후보,,0,False
정보국,0,명사,5,일반어,신규_어휘_후보,,0,False
정보망,0,명사,5,일반어,신규_어휘_후보,,0,False
정보비,0,명사,5,일반어,신규_어휘_후보,,0,False
정보원,1,명사,5,일반어,신규_어휘_후보,,0,False
정보지,0,명사,5,일반어,신규_어휘_후보,,0,False
정보통,0,명사,5,일반어,신규_어휘_후보,,0,False
정복자,0,명사,5,일반어/일반어,신규_어휘_후보,,0,False
정부,5,명사,5,일반어,신규_어휘_후보,,0,True
정부,11,명사,5,일반어,신규_어휘_후보,,0,True
정부,12,명사,5,일반어,신규_어휘_후보,,0,True
정부미,0,명사,5,일반어,신규_어휘_후보,,0,False
정부인,0,명사,5,전문어(역사),신규_어휘_후보,,0,False
정비되다,0,동사,5,일반어/일반어/일반어,신규_어휘_후보,,0,False
정비례,1,명사,5,전문어(수학),신규_어휘_후보,,0,False
정비례되다,0,동사,5,전문어(수학),신규_어휘_후보,,0,False
정비병,0,명사,5,전문어(군사),신규_어휘_후보,,0,False
정비사,0,명사,5,일반어,신규_어휘_후보,,0,False
정비소,0,명사,5,일반어,신규_어휘_후보,,0,False
정사,10,명사,5,일반어/일반어,신규_어휘_후보,,0,True
정사,19,명사,5,일반어/일반어,신규_어휘_후보,,0,True
정사각뿔,0,명사,5,전문어(수학),신규_어휘_후보,,0,False
정상,7,명사,5,일반어/일반어/전문어(법률),동형이의_품사_확인_필요,SR_L4CORE_4787,1,True
정색하다,1,동사,5,일반어,신규_어휘_후보,,0,False
정서법,0,명사,5,전문어(언어),신규_어휘_후보,,0,False
정선,6,명사,5,전문어(지명),신규_어휘_후보,,0,True
정선,7,명사,5,일반어,신규_어휘_후보,,0,True
정설,1,명사,5,일반어,신규_어휘_후보,,0,False
정수,7,명사,5,일반어/일반어/전문어(물리)/전문어(수학),신규_어휘_후보,,0,True
정수,11,명사,5,일반어,신규_어휘_후보,,0,True
정수,20,명사,5,일반어/일반어,신규_어휘_후보,,0,True
정수,21,명사,5,전문어(수학),신규_어휘_후보,,0,True
정수장,0,명사,5,일반어,신규_어휘_후보,,0,False
정숙,6,명사,5,일반어,신규_어휘_후보,,0,False
정숙하다,6,형용사,5,일반어,신규_어휘_후보,,0,True
정식,4,명사,5,일반어/일반어,신규_어휘_후보,,0,True
정신노동,0,명사,5,일반어,신규_어휘_후보,,0,False
정신대,0,명사,5,일반어/일반어,신규_어휘_후보,,0,False
정신머리,0,명사,5,일반어,신규_어휘_후보,,0,False
정신병자,0,명사,5,일반어,신규_어휘_후보,,0,False
정신없다,0,형용사,5,일반어/일반어,신규_어휘_후보,,0,False
정신적,0,명사/관형사,5,일반어/일반어,신규_어휘_후보,,0,False
정악,1,명사,5,전문어(음악)/전문어(음악)/전문어(음악),신규_어휘_후보,,0,False
정양,2,명사,5,일반어,신규_어휘_후보,,0,False
정어리,0,명사,5,전문어(동물),신규_어휘_후보,,0,False
정연하다,1,형용사,5,일반어,신규_어휘_후보,,0,True
정연하다,6,형용사,5,일반어,신규_어휘_후보,,0,True
정원수,2,명사,5,일반어,신규_어휘_후보,,0,False
정유,6,명사,5,전문어(화학)/전문어(생명),신규_어휘_후보,,0,False
정유재란,0,명사,5,전문어(역사),신규_어휘_후보,,0,False
정의심,0,명사,5,일반어,신규_어휘_후보,,0,False
정의하다,1,동사,5,일반어/전문어(철학),신규_어휘_후보,,0,False
정이월,0,명사,5,일반어,신규_어휘_후보,,0,False
정자,14,명사,5,전문어(생명),신규_어휘_후보,,0,True
정작,1,명사/부사,5,일반어/일반어,신규_어휘_후보,,0,False
정적,8,명사/관형사,5,일반어/일반어,신규_어휘_후보,,0,True
정전되다,1,동사,5,일반어,신규_어휘_후보,,0,False
정절,2,명사,5,일반어,신규_어휘_후보,,0,False
정제,8,명사,5,일반어/일반어,신규_어휘_후보,,0,False
정제되다,1,동사,5,일반어/일반어,신규_어휘_후보,,0,False
정조,9,명사,5,일반어/일반어,신규_어휘_후보,,0,False
정족수,0,명사,5,전문어(법률),신규_어휘_후보,,0,False
정좌,2,명사,5,일반어,신규_어휘_후보,,0,False
정좌하다,1,동사,5,일반어,신규_어휘_후보,,0,False
정주간,0,명사,5,전문어(건설),신규_어휘_후보,,0,False
정지선,0,명사,5,전문어(교통),신규_어휘_후보,,0,False
정직하다,3,동사,5,전문어(행정),신규_어휘_후보,,0,False
정직히,1,부사,5,일반어,신규_어휘_후보,,0,False
정진,7,명사,5,일반어/일반어/일반어/전문어(불교),신규_어휘_후보,,0,False
정찰,4,명사,5,일반어/전문어(군사),신규_어휘_후보,,0,True
정찰기,0,명사,5,전문어(군사),신규_어휘_후보,,0,False
정처,2,명사,5,일반어,신규_어휘_후보,,0,False
정체,3,명사,5,일반어,신규_어휘_후보,,0,True
정체되다,0,동사,5,일반어,신규_어휘_후보,,0,False
정체불명,0,명사,5,일반어,신규_어휘_후보,,0,False
정초,1,명사,5,일반어,신규_어휘_후보,,0,False
정취,1,명사,5,일반어,신규_어휘_후보,,0,False
정치계,0,명사,5,일반어,신규_어휘_후보,,0,False
정치권력,0,명사,5,일반어,신규_어휘_후보,,0,False
정치면,0,명사,5,일반어,신규_어휘_후보,,0,False
정치범,0,명사,5,전문어(법률),신규_어휘_후보,,0,False
정치사상,0,명사,5,전문어(정치),신규_어휘_후보,,0,False
정치학,0,명사,5,전문어(정치),신규_어휘_후보,,0,False
정통적,0,명사/관형사,5,일반어/일반어,신규_어휘_후보,,0,False
정통하다,0,동사,5,일반어,신규_어휘_후보,,0,False
정평,4,명사,5,일반어,신규_어휘_후보,,0,False
정하다,1,형용사,5,일반어/일반어,신규_어휘_후보,,0,False
정학,4,명사,5,전문어(교육),신규_어휘_후보,,0,False
정형,5,명사,5,일반어,신규_어휘_후보,,0,False
정형시,0,명사,5,전문어(문학),신규_어휘_후보,,0,False
정혼,2,명사,5,일반어,신규_어휘_후보,,0,False
정화수,0,명사,5,전문어(민속),신규_어휘_후보,,0,False
정화조,0,명사,5,일반어/일반어,신규_어휘_후보,,0,False
정확,1,명사,5,일반어,신규_어휘_후보,,0,False
정황,2,명사,5,일반어/일반어,신규_어휘_후보,,0,False
정히,1,부사,5,일반어/일반어,신규_어휘_후보,,0,False
젖가슴,0,명사,5,일반어,신규_어휘_후보,,0,False
젖동냥,0,명사,5,일반어,신규_어휘_후보,,0,False
젖먹이,0,명사,5,일반어,신규_어휘_후보,,0,False
젖산,0,명사,5,전문어(생명),신규_어휘_후보,,0,False
젖산균,0,명사,5,전문어(생명),신규_어휘_후보,,0,False
제각각,0,명사/부사,5,일반어/일반어,신규_어휘_후보,,0,False
제강,3,명사,5,일반어,신규_어휘_후보,,0,False
제고하다,0,동사,5,일반어,신규_어휘_후보,,0,False
제곱,0,명사,5,전문어(수학),신규_어휘_후보,,0,False
제곱센티미터,0,의존 명사,5,일반어,신규_어휘_후보,,0,False
제관,2,명사,5,일반어/일반어,신규_어휘_후보,,0,False
제군,1,대명사,5,일반어,신규_어휘_후보,,0,False
제기,5,명사,5,일반어,신규_어휘_후보,,0,True
제까짓,0,관형사,5,일반어,신규_어휘_후보,,0,False
제나라,0,명사,5,전문어(역사),신규_어휘_후보,,0,False
제네바,0,명사,5,전문어(지명),신규_어휘_후보,,0,False
제도기,0,명사,5,전문어(건설),신규_어휘_후보,,0,False
제도하다,3,동사,5,일반어,신규_어휘_후보,,0,False
제독,4,명사,5,일반어/전문어(역사),신규_어휘_후보,,0,False
제동,1,명사,5,일반어,신규_어휘_후보,,0,False
제라늄,0,명사,5,전문어(식물)/전문어(식물),신규_어휘_후보,,0,False
제련,0,명사,5,전문어(공업),신규_어휘_후보,,0,False
제련소,0,명사,5,일반어,신규_어휘_후보,,0,False
제련하다,0,동사,5,전문어(공업),신규_어휘_후보,,0,False
제례,4,명사,5,일반어,신규_어휘_후보,,0,False
제례악,0,명사,5,전문어(음악),신규_어휘_후보,,0,False
제명,3,명사,5,일반어,신규_어휘_후보,,0,False
제문,2,명사,5,일반어,신규_어휘_후보,,0,False
제반,5,명사,5,일반어,신규_어휘_후보,,0,False
제방,2,명사,5,일반어,신규_어휘_후보,,0,False
제본,0,명사,5,일반어/일반어,신규_어휘_후보,,0,False
제부,1,명사,5,일반어,신규_어휘_후보,,0,False
제부도,0,명사,5,전문어(지명),신규_어휘_후보,,0,False
제분,0,명사,5,일반어,신규_어휘_후보,,0,False
제비초리,0,명사,5,일반어,신규_어휘_후보,,0,False
제사장,1,명사,5,전문어(기독교)/일반어,신규_어휘_후보,,0,False
제삼자,0,명사,5,일반어/전문어(법률),신규_어휘_후보,,0,False
제삿밥,0,명사,5,일반어/일반어,신규_어휘_후보,,0,False
제상,3,명사,5,일반어,신규_어휘_후보,,0,False
제소,3,명사,5,전문어(법률),신규_어휘_후보,,0,False
제소하다,1,동사,5,전문어(법률),신규_어휘_후보,,0,False
제수,6,명사,5,일반어/일반어,신규_어휘_후보,,0,True
제승당,0,명사,5,전문어(역사),신규_어휘_후보,,0,False
제시간,0,명사,5,일반어,신규_어휘_후보,,0,False
제시어,0,명사,5,전문어(언어),신규_어휘_후보,,0,False
제압,0,명사,5,일반어,신규_어휘_후보,,0,False
제야,0,명사,5,일반어,신규_어휘_후보,,0,False
제약하다,1,동사,5,일반어,신규_어휘_후보,,0,False
제어기,0,명사,5,전문어(기계)/전문어(전기·전자),신규_어휘_후보,,0,False
제어판,0,명사,5,전문어(공업),신규_어휘_후보,,0,False
제어하다,0,동사,5,일반어/일반어/일반어,신규_어휘_후보,,0,False
제염,1,명사,5,일반어,신규_어휘_후보,,0,False
제우스,0,명사,5,전문어(문학),신규_어휘_후보,,0,False
제위,1,명사,5,일반어,신규_어휘_후보,,0,False
제위보,0,명사,5,전문어(역사)/전문어(문학),신규_어휘_후보,,0,False
제육,1,명사,5,일반어,신규_어휘_후보,,0,False
제육볶음,0,명사,5,일반어,신규_어휘_후보,,0,False
제일봉,0,명사,5,일반어,신규_어휘_후보,,0,False
제일선,0,명사,5,일반어/전문어(군사)/전문어(군사),신규_어휘_후보,,0,False
제일인자,0,명사,5,일반어,신규_어휘_후보,,0,False
제작자,0,명사,5,일반어,신규_어휘_후보,,0,False
제작품,0,명사,5,일반어,신규_어휘_후보,,0,False
제재,5,명사,5,일반어,신규_어휘_후보,,0,True
제재소,0,명사,5,일반어,신규_어휘_후보,,0,False
제재업,0,명사,5,일반어,신규_어휘_후보,,0,False
제적,0,명사,5,일반어,신규_어휘_후보,,0,False
제적하다,0,동사,5,일반어,신규_어휘_후보,,0,False
제전,4,명사,5,일반어/일반어,신규_어휘_후보,,0,False
제조하다,0,동사,5,일반어/일반어,신규_어휘_후보,,0,False
제주,2,명사,5,일반어,신규_어휘_후보,,0,False
제주특별자치도,0,명사,5,전문어(지명),신규_어휘_후보,,0,False
제중원,0,명사,5,전문어(역사),신규_어휘_후보,,0,False
제지,2,명사,5,일반어,신규_어휘_후보,,0,True
제지하다,2,동사,5,일반어,신규_어휘_후보,,0,True
제짝,0,명사,5,일반어,신규_어휘_후보,,0,False
제창,4,명사,5,일반어/전문어(음악)/전문어(교육),신규_어휘_후보,,0,False
제창하다,3,동사,5,일반어/전문어(음악),신규_어휘_후보,,0,False
제천,1,명사,5,일반어,신규_어휘_후보,,0,False
제철소,0,명사,5,일반어,신규_어휘_후보,,0,False
제청,2,명사,5,일반어,신규_어휘_후보,,0,False
제초,0,명사,5,일반어,신규_어휘_후보,,0,False
제초기,0,명사,5,전문어(농업),신규_어휘_후보,,0,False
제초제,0,명사,5,전문어(농업),신규_어휘_후보,,0,False
제초하다,0,동사,5,일반어,신규_어휘_후보,,0,False
제출하다,1,동사,5,일반어,신규_어휘_후보,,0,True
제트,1,명사,5,전문어(언어),신규_어휘_후보,,0,False
제패,1,명사,5,일반어/일반어,신규_어휘_후보,,0,False
제풀로,0,부사,5,일반어,신규_어휘_후보,,0,False
제풀에,0,부사,5,일반어/일반어/일반어,신규_어휘_후보,,0,False
제호,6,명사,5,일반어,신규_어휘_후보,,0,False
제후,0,명사,5,전문어(역사),신규_어휘_후보,,0,False
젠체하다,0,동사,5,일반어,신규_어휘_후보,,0,False
조,12,의존 명사,5,일반어/일반어,신규_어휘_후보,,0,True
조가비,0,명사,5,일반어,신규_어휘_후보,,0,False
조각도,0,명사,5,일반어,신규_어휘_후보,,0,False
조각보,0,명사,5,일반어,신규_어휘_후보,,0,False
조각조각,0,명사/부사,5,일반어/일반어,신규_어휘_후보,,0,False
조간,4,명사,5,일반어,신규_어휘_후보,,0,False
조간신문,0,명사,5,일반어,신규_어휘_후보,,0,False
조감독,0,명사,5,일반어,신규_어휘_후보,,0,False
조강지처,0,명사,5,일반어,신규_어휘_후보,,0,False
조개탄,0,명사,5,일반어,신규_어휘_후보,,0,False
조객,1,명사,5,일반어,신규_어휘_후보,,0,False
조경,2,명사,5,일반어,신규_어휘_후보,,0,False
조계종,0,명사,5,전문어(불교),신규_어휘_후보,,0,False
조교수,0,명사,5,전문어(교육),신규_어휘_후보,,0,False
조국,1,명사,5,일반어/일반어/일반어,신규_어휘_후보,,0,False
조금,2,명사,5,일반어,신규_어휘_후보,,0,True
조급히,1,부사,5,일반어,신규_어휘_후보,,0,True
조급히,2,부사,5,일반어,신규_어휘_후보,,0,True
조기,2,대명사,5,일반어,신규_어휘_후보,,0,False
조기,4,명사,5,일반어,신규_어휘_후보,,0,True
조기회,2,명사,5,일반어,신규_어휘_후보,,0,False
조난자,0,명사,5,일반어,신규_어휘_후보,,0,False
조난하다,0,동사,5,일반어,신규_어휘_후보,,0,False
조달,3,명사,5,일반어,신규_어휘_후보,,0,False
조달청,0,명사,5,전문어(행정),신규_어휘_후보,,0,False
조달하다,2,동사,5,일반어,신규_어휘_후보,,0,False
조도,10,명사,5,전문어(물리),신규_어휘_후보,,0,False
조동사,0,명사,5,전문어(언어),신규_어휘_후보,,0,False
조랑말,0,명사,5,일반어,신규_어휘_후보,,0,False
조랑조랑,1,부사,5,일반어/일반어,신규_어휘_후보,,0,False
조러다,0,동사,5,일반어/일반어,신규_어휘_후보,,0,False
조력,1,명사,5,일반어,신규_어휘_후보,,0,True
조력하다,0,동사,5,일반어,신규_어휘_후보,,0,False
조례,4,명사,5,일반어/전문어(역사),신규_어휘_후보,,0,False
조롱,2,명사,5,일반어,신규_어휘_후보,,0,True
조류,3,명사,5,전문어(생명),신규_어휘_후보,,0,True
조리,1,부사,5,일반어,신규_어휘_후보,,0,False
조리,6,명사,5,일반어,신규_어휘_후보,,0,True
조리개,1,명사,5,전문어(영상),신규_어휘_후보,,0,False
조리기,0,명사,5,일반어,신규_어휘_후보,,0,False
조리대,0,명사,5,일반어,신규_어휘_후보,,0,False
조리실,0,명사,5,일반어,신규_어휘_후보,,0,False
조림,3,명사,5,일반어,신규_어휘_후보,,0,True
조립도,0,명사,5,일반어,신규_어휘_후보,,0,False
조막,0,명사,5,일반어,신규_어휘_후보,,0,False
조망,1,명사,5,일반어,신규_어휘_후보,,0,False
조명실,0,명사,5,일반어,신규_어휘_후보,,0,False
조명탄,0,명사,5,전문어(군사),신규_어휘_후보,,0,False
조모,1,명사,5,일반어/일반어,신규_어휘_후보,,0,False
조목,1,명사,5,일반어/일반어,신규_어휘_후보,,0,False
조몰락조몰락,0,부사,5,일반어,신규_어휘_후보,,0,False
조무래기,0,명사,5,일반어/일반어,신규_어휘_후보,,0,False
조문,5,명사,5,일반어,신규_어휘_후보,,0,True
조문객,0,명사,5,일반어,신규_어휘_후보,,0,False
조물주,0,명사,5,일반어,신규_어휘_후보,,0,False
조밀하다,0,형용사,5,일반어,신규_어휘_후보,,0,False
조바심하다,1,동사,5,일반어,신규_어휘_후보,,0,False
조바위,0,명사,5,일반어,신규_어휘_후보,,0,False
조반,4,명사,5,일반어,신규_어휘_후보,,0,False
조부,2,명사,5,일반어/일반어,신규_어휘_후보,,0,False
조사,7,명사,5,전문어(언어),신규_어휘_후보,,0,True
조사선,0,명사,5,전문어(불교),신규_어휘_후보,,0,False
조사원,0,명사,5,일반어,신규_어휘_후보,,0,False
조상하다,1,동사,5,일반어,신규_어휘_후보,,0,False
조석,4,명사,5,일반어/일반어/일반어/일반어,신규_어휘_후보,,0,False
조선,5,명사,5,전문어(역사)/전문어(역사),신규_어휘_후보,,0,True
조선어,0,명사,5,일반어/일반어,신규_어휘_후보,,0,False
조선왕조실록,0,명사,5,전문어(역사),신규_어휘_후보,,0,False
조세,5,명사,5,전문어(행정),신규_어휘_후보,,0,False
조소,1,명사,5,전문어(미술),신규_어휘_후보,,0,True
조소,2,명사,5,일반어,신규_어휘_후보,,0,True
조소하다,2,동사,5,일반어,신규_어휘_후보,,0,False
조속하다,1,형용사,5,일반어,신규_어휘_후보,,0,False
조속히,0,부사,5,일반어,신규_어휘_후보,,0,False
조손,0,명사,5,일반어,신규_어휘_후보,,0,False
조수,8,명사,5,전문어(해양)/전문어(해양)/전문어(해양),신규_어휘_후보,,0,True
조숙하다,0,동사/형용사,5,일반어/일반어,신규_어휘_후보,,0,False
조식,1,명사,5,일반어/일반어,신규_어휘_후보,,0,False
조신하다,0,동사/형용사,5,일반어/일반어,신규_어휘_후보,,0,False
조실부모하다,0,동사,5,일반어,신규_어휘_후보,,0,False
조심조심히,0,부사,5,일반어,신규_어휘_후보,,0,False
조어,5,명사,5,일반어/전문어(언어),신규_어휘_후보,,0,False
조업,5,명사,5,일반어,신규_어휘_후보,,0,False
조업하다,2,동사,5,일반어,신규_어휘_후보,,0,False
조여들다,0,동사,5,일반어/일반어,신규_어휘_후보,,0,False
조역,2,명사,5,일반어/일반어/전문어(법률)/전문어(연기),신규_어휘_후보,,0,False
조연,1,명사,5,전문어(영상),신규_어휘_후보,,0,False
조연출,0,명사,5,전문어(예체능 일반),신규_어휘_후보,,0,False
조예,2,명사,5,일반어,신규_어휘_후보,,0,False
조왕신,0,명사,5,전문어(민속)/전문어(민속),신규_어휘_후보,,0,False
조원,2,명사,5,일반어,신규_어휘_후보,,0,False
조율사,0,명사,5,일반어,신규_어휘_후보,,0,False
조의,2,명사,5,일반어,신규_어휘_후보,,0,False
조의금,0,명사,5,일반어,신규_어휘_후보,,0,False
조인,4,명사,5,일반어/전문어(법률),신규_어휘_후보,,0,False
조인하다,0,동사,5,일반어/전문어(법률),신규_어휘_후보,,0,False
조잡하다,1,형용사,5,일반어,신규_어휘_후보,,0,False
조정자,0,명사,5,일반어,신규_어휘_후보,,0,False
조제,5,명사,5,전문어(약학)/일반어,신규_어휘_후보,,0,False
조제실,0,명사,5,일반어,신규_어휘_후보,,0,False
조제하다,4,동사,5,전문어(약학)/일반어,신규_어휘_후보,,0,False
조조,1,명사,5,일반어,신규_어휘_후보,,0,False
조조할인,0,명사,5,일반어,신규_어휘_후보,,0,False
조종석,0,명사,5,일반어,신규_어휘_후보,,0,False
조종실,0,명사,5,일반어,신규_어휘_후보,,0,False
조준,2,명사,5,일반어/일반어,신규_어휘_후보,,0,False
조준되다,0,동사,5,일반어,신규_어휘_후보,,0,False
조직망,0,명사,5,일반어,신규_어휘_후보,,0,False
조직체,0,명사,5,일반어,신규_어휘_후보,,0,False
조직폭력배,0,명사,5,일반어,신규_어휘_후보,,0,False
조직화,0,명사,5,일반어,신규_어휘_후보,,0,False
조직화하다,0,동사,5,일반어,신규_어휘_후보,,0,False
조짐,2,명사,5,일반어,신규_어휘_후보,,0,False
조찬,3,명사,5,일반어,신규_어휘_후보,,0,False
조창,1,명사,5,전문어(역사),신규_어휘_후보,,0,False
조처,0,명사,5,일반어,신규_어휘_후보,,0,False
조처하다,0,동사,5,일반어,신규_어휘_후보,,0,False
조촐하다,0,형용사,5,일반어/일반어/일반어/일반어,신규_어휘_후보,,0,False
조치하다,1,동사,5,일반어,신규_어휘_후보,,0,False
조카딸,0,명사,5,일반어,신규_어휘_후보,,0,False
조판,3,명사,5,전문어(매체),신규_어휘_후보,,0,False
조판하다,1,동사,5,일반어,신규_어휘_후보,,0,False
조폐,2,명사,5,일반어,신규_어휘_후보,,0,False
조형,1,명사,5,일반어,신규_어휘_후보,,0,False
조혼,1,명사,5,일반어,신규_어휘_후보,,0,False
조화,1,명사,5,일반어,신규_어휘_후보,,0,True
조화,4,명사,5,일반어/일반어,신규_어휘_후보,,0,True
조화,5,명사,5,일반어,신규_어휘_후보,,0,True
족,2,명사/의존 명사,5,일반어/일반어,신규_어휘_후보,,0,False
족속,0,명사,5,일반어/일반어,신규_어휘_후보,,0,False
족장,4,명사,5,일반어/일반어,신규_어휘_후보,,0,False
존귀하다,0,형용사,5,일반어,신규_어휘_후보,,0,False
존대,2,명사,5,일반어/일반어,신규_어휘_후보,,0,False
존립,0,명사,5,일반어/일반어/전문어(철학),신규_어휘_후보,,0,False
존립하다,0,동사,5,일반어/일반어,신규_어휘_후보,,0,False
존망,0,명사,5,일반어,신규_어휘_후보,,0,False
존속,1,명사,5,일반어,신규_어휘_후보,,0,True
존속,2,명사,5,전문어(법률),신규_어휘_후보,,0,True
존속되다,0,동사,5,일반어,신규_어휘_후보,,0,False
존속하다,0,동사,5,일반어,신규_어휘_후보,,0,False
존재사,0,명사,5,전문어(언어),신규_어휘_후보,,0,False
존함,2,명사,5,일반어,신규_어휘_후보,,0,False
존호,0,명사,5,일반어/전문어(역사),신규_어휘_후보,,0,False
졸,5,명사,5,전문어(체육)/일반어,신규_어휘_후보,,0,False
졸개,0,명사,5,일반어,신규_어휘_후보,,0,False
졸다,2,동사,5,일반어/일반어,신규_어휘_후보,,0,True
졸도,1,명사,5,전문어(의학),신규_어휘_후보,,0,False
졸도하다,0,동사,5,전문어(의학),신규_어휘_후보,,0,False
졸렬하다,0,형용사,5,일반어,신규_어휘_후보,,0,False
졸리다,2,동사,5,일반어,신규_어휘_후보,,0,True
졸본,0,명사,5,전문어(지명),신규_어휘_후보,,0,False
졸부,2,명사,5,일반어,신규_어휘_후보,,0,False
졸아들다,0,동사,5,일반어/일반어/일반어,신규_어휘_후보,,0,False
졸업반,0,명사,5,일반어,신규_어휘_후보,,0,False
졸음운전,0,명사,5,일반어,신규_어휘_후보,,0,False
졸작,0,명사,5,일반어/일반어,신규_어휘_후보,,0,False
졸장부,0,명사,5,일반어,신규_어휘_후보,,0,False
졸졸거리다,0,동사,5,일반어/일반어,신규_어휘_후보,,0,False
좀,1,명사,5,전문어(동물)/전문어(동물)/전문어(동물)/전문어(동물)/일반어,신규_어휘_후보,,0,False
좀도둑,0,명사,5,일반어,신규_어휘_후보,,0,False
좀도둑놈,0,명사,5,일반어,신규_어휘_후보,,0,False
좀도적,0,명사,5,일반어,신규_어휘_후보,,0,False
좀먹다,0,동사,5,일반어/일반어,신규_어휘_후보,,0,False
좀스럽다,0,형용사,5,일반어/일반어,신규_어휘_후보,,0,False
좀약,0,명사,5,일반어,신규_어휘_후보,,0,False
좀체,0,부사,5,일반어,신규_어휘_후보,,0,False
종가,1,명사,5,일반어,신규_어휘_후보,,0,False
종갓집,0,명사,5,일반어,신규_어휘_후보,,0,False
종강,0,명사,5,일반어,신규_어휘_후보,,0,False
종결,2,명사,5,일반어/전문어(철학),신규_어휘_후보,,0,False
종결되다,0,동사,5,일반어,신규_어휘_후보,,0,False
종결하다,2,동사,5,일반어,신규_어휘_후보,,0,False
종고모,0,명사,5,일반어,신규_어휘_후보,,0,False
종교관,0,명사,5,일반어,신규_어휘_후보,,0,False
종교학,0,명사,5,전문어(종교 일반),신규_어휘_후보,,0,False
종국,3,명사,5,일반어,신규_어휘_후보,,0,False
종군,1,명사,5,일반어/일반어,신규_어휘_후보,,0,False
종군하다,1,동사,5,일반어/일반어,신규_어휘_후보,,0,False
종기,3,명사,5,일반어,신규_어휘_후보,,0,False
종내,0,부사,5,일반어/일반어,신규_어휘_후보,,0,False
종노릇,0,명사,5,일반어,신규_어휘_후보,,0,False
종다래끼,0,명사,5,일반어,신규_어휘_후보,,0,False
종대,4,명사,5,일반어,신규_어휘_후보,,0,False
종두,1,명사,5,전문어(의학),신규_어휘_후보,,0,False
종두법,0,명사,5,전문어(의학),신규_어휘_후보,,0,False
종려나무,0,명사,5,전문어(식물),신규_어휘_후보,,0,False
종로,2,명사,5,전문어(지명),신규_어휘_후보,,0,False
종루,2,명사,5,일반어/전문어(역사),신규_어휘_후보,,0,False
종무소식,0,명사,5,일반어,신규_어휘_후보,,0,False
종반,2,명사,5,일반어/일반어,신규_어휘_후보,,0,False
종살이,0,명사,5,일반어/일반어,신규_어휘_후보,,0,False
종성,4,명사,5,전문어(언어)/일반어,신규_어휘_후보,,0,False
종속,2,명사,5,일반어/전문어(언어),기존_콘텐츠와_연결_후보,SR_L4CORE_4796,1,False
종속적,0,명사/관형사,5,일반어/일반어,신규_어휘_후보,,0,False
종손,1,명사,5,일반어,신규_어휘_후보,,0,False
종신형,0,명사,5,전문어(법률),신규_어휘_후보,,0,False
종실,1,명사,5,일반어,신규_어휘_후보,,0,False
종씨,1,명사,5,일반어,신규_어휘_후보,,0,False
종양,2,명사,5,전문어(의학),신규_어휘_후보,,0,False
종업식,0,명사,5,일반어,신규_어휘_후보,,0,False
종요롭다,0,형용사,5,일반어,신규_어휘_후보,,0,False
종용,2,명사,5,일반어,신규_어휘_후보,,0,False
종용하다,2,동사,5,일반어,신규_어휘_후보,,0,False
종유석,0,명사,5,전문어(광업),신규_어휘_후보,,0,False
종이테이프,0,명사,5,일반어/일반어/전문어(정보·통신),신규_어휘_후보,,0,False
종이판,0,명사,5,전문어(매체),신규_어휘_후보,,0,False
종일토록,0,부사,5,일반어,신규_어휘_후보,,0,False
종잇조각,0,명사,5,일반어,신규_어휘_후보,,0,False
종잡다,0,동사,5,일반어,신규_어휘_후보,,0,False
종적,5,명사,5,일반어/일반어,신규_어휘_후보,,0,False
종주국,0,명사,5,전문어(사회 일반)/일반어,신규_어휘_후보,,0,False
종착역,0,명사,5,일반어,신규_어휘_후보,,0,False
종축장,0,명사,5,전문어(농업),신규_어휘_후보,,0,False
종친회,0,명사,5,일반어,신규_어휘_후보,,0,False
종횡,0,명사,5,일반어/일반어,신규_어휘_후보,,0,False
종횡무진,0,명사,5,일반어,신규_어휘_후보,,0,False
좇아오다,0,동사,5,일반어/일반어,신규_어휘_후보,,0,False
좋이,0,부사,5,일반어/일반어/일반어,신규_어휘_후보,,0,False
좌,1,명사,5,일반어/전문어(정치),신규_어휘_후보,,0,False
좌고,4,명사,5,전문어(음악),신규_어휘_후보,,0,False
좌담회,0,명사,5,일반어,신규_어휘_후보,,0,False
좌수사,0,명사,5,전문어(역사),신규_어휘_후보,,0,False
좌승지,0,명사,5,전문어(역사)/전문어(역사),신규_어휘_후보,,0,False
좌시하다,0,동사,5,일반어,신규_어휘_후보,,0,False
좌우상하,0,명사,5,일반어,신규_어휘_후보,,0,False
좌우지간,0,명사,5,일반어,신규_어휘_후보,,0,False
좌우충돌,0,명사,5,일반어/일반어,신규_어휘_후보,,0,False
좌익,0,명사,5,일반어/전문어(군사)/전문어(군사)/전문어(체육)/전문어(체육)/전문어(정치),신규_어휘_후보,,0,False
좌정하다,0,동사,5,일반어/일반어,신규_어휘_후보,,0,False
좌중,0,명사,5,일반어,신규_어휘_후보,,0,False
좌지우지하다,0,동사,5,일반어,신규_어휘_후보,,0,False
좌천,0,명사,5,일반어,신규_어휘_후보,,0,False
좌천되다,0,동사,5,일반어,신규_어휘_후보,,0,False
좌천하다,0,동사,5,일반어,신규_어휘_후보,,0,False
좌초,0,명사,5,일반어/일반어,신규_어휘_후보,,0,False
좌초되다,0,동사,5,일반어/일반어,신규_어휘_후보,,0,False
좌충우돌,0,명사,5,일반어/일반어,신규_어휘_후보,,0,False
좌측통행,0,명사,5,일반어,신규_어휘_후보,,0,False
좌측통행하다,0,동사,5,일반어,신규_어휘_후보,,0,False
좌표축,0,명사,5,전문어(수학),신규_어휘_후보,,0,False
좌향,0,명사,5,전문어(민속),신규_어휘_후보,,0,False
좍,0,부사,5,일반어/일반어/일반어,신규_어휘_후보,,0,False
죄,1,부사,5,일반어,신규_어휘_후보,,0,False
죄명,0,명사,5,일반어,신규_어휘_후보,,0,False
죄목,0,명사,5,일반어,신규_어휘_후보,,0,False
죄상,0,명사,5,일반어,신규_어휘_후보,,0,False
죄수복,0,명사,5,일반어,신규_어휘_후보,,0,False
죄스럽다,0,형용사,5,일반어,신규_어휘_후보,,0,False
죄어들다,0,동사,5,일반어/일반어,신규_어휘_후보,,0,False
죔죔,0,감탄사/명사,5,일반어/일반어,신규_어휘_후보,,0,False
주,3,명사,5,일반어/전문어(역사),신규_어휘_후보,,0,True
주,22,명사/의존 명사,5,전문어(경제)/전문어(경제)/전문어(경제)/전문어(경제)/전문어(경제),신규_어휘_후보,,0,True
주간,4,명사,5,일반어/일반어,신규_어휘_후보,,0,True
주간지,2,명사,5,전문어(매체),신규_어휘_후보,,0,False
주객,1,명사,5,일반어/일반어/일반어/전문어(언어),신규_어휘_후보,,0,False
주객전도,0,명사,5,일반어,신규_어휘_후보,,0,False
주거하다,1,동사,5,일반어,신규_어휘_후보,,0,False
주걱턱,0,명사,5,일반어,신규_어휘_후보,,0,False
주검,0,명사,5,일반어,신규_어휘_후보,,0,False
주격,0,명사,5,전문어(언어),신규_어휘_후보,,0,False
주견,0,명사,5,일반어,신규_어휘_후보,,0,False
주경야독,0,명사,5,일반어,신규_어휘_후보,,0,False
주과,0,명사,5,일반어/일반어,신규_어휘_후보,,0,False
주관,2,명사,5,일반어/전문어(철학),신규_어휘_후보,,0,True
주관성,0,명사,5,전문어(철학),신규_어휘_후보,,0,False
주관식,0,명사,5,일반어,신규_어휘_후보,,0,False
주관하다,0,동사,5,일반어,신규_어휘_후보,,0,False
주급,2,명사,5,일반어,신규_어휘_후보,,0,False
주기,9,명사,5,일반어,신규_어휘_후보,,0,True
주기도문,0,명사,5,전문어(기독교),신규_어휘_후보,,0,False
주니어,0,명사,5,전문어(체육),신규_어휘_후보,,0,False
주동,1,명사,5,일반어/일반어/전문어(언어),신규_어휘_후보,,0,False
주동하다,0,동사,5,일반어,신규_어휘_후보,,0,False
주둔지,0,명사,5,전문어(군사),신규_어휘_후보,,0,False
주력,4,명사,5,일반어,신규_어휘_후보,,0,True
주례사,0,명사,5,일반어,신규_어휘_후보,,0,False
주류,3,명사,5,일반어,신규_어휘_후보,,0,True
주름치마,0,명사,5,일반어,신규_어휘_후보,,0,False
주리다,0,동사,5,일반어/일반어,신규_어휘_후보,,0,False
주말농장,0,명사,5,일반어,신규_어휘_후보,,0,False
주맥,0,명사,5,일반어/전문어(식물),신규_어휘_후보,,0,False
주머닛돈,0,명사,5,일반어,신규_어휘_후보,,0,False
주먹다짐,0,명사,5,일반어/일반어,신규_어휘_후보,,0,False
주먹맛,0,명사,5,일반어,신규_어휘_후보,,0,False
주먹손,0,명사,5,일반어,신규_어휘_후보,,0,False
주먹질하다,0,동사,5,일반어/일반어,신규_어휘_후보,,0,False
주목되다,0,동사,5,일반어/일반어,신규_어휘_후보,,0,False
주문서,0,명사,5,일반어,신규_어휘_후보,,0,False
주문품,0,명사,5,일반어,신규_어휘_후보,,0,False
주물,3,명사,5,전문어(공업),신규_어휘_후보,,0,False
주물럭주물럭,0,부사,5,일반어,신규_어휘_후보,,0,False
주미,2,명사,5,일반어,신규_어휘_후보,,0,False
주민세,0,명사,5,전문어(법률),신규_어휘_후보,,0,False
주발,0,명사,5,일반어,신규_어휘_후보,,0,False
주법,4,명사,5,전문어(음악),신규_어휘_후보,,0,False
주변,1,명사,5,일반어,신규_어휘_후보,,0,True
주변머리,0,명사,5,일반어,신규_어휘_후보,,0,False
주보,7,명사,5,일반어/일반어,신규_어휘_후보,,0,False
주봉,0,명사,5,일반어/전문어(민속),신규_어휘_후보,,0,False
주빈,0,명사,5,일반어,신규_어휘_후보,,0,False
주사하다,4,동사,5,전문어(의학),신규_어휘_후보,,0,False
주산,3,명사,5,일반어,신규_어휘_후보,,0,False
주삿바늘,0,명사,5,전문어(의학),신규_어휘_후보,,0,False
주석,2,명사,5,전문어(화학),신규_어휘_후보,,0,True
주석,7,명사,5,일반어,신규_어휘_후보,,0,True
주선,4,명사,5,일반어/전문어(법률),신규_어휘_후보,,0,False
주술,0,명사,5,일반어,신규_어휘_후보,,0,False
주승,2,명사,5,일반어,신규_어휘_후보,,0,False
주시,3,명사,5,일반어/일반어,신규_어휘_후보,,0,False
주안상,0,명사,5,일반어,신규_어휘_후보,,0,False
주야,0,명사,5,일반어/일반어,신규_어휘_후보,,0,False
주어부,0,명사,5,전문어(언어),신규_어휘_후보,,0,False
주옥,1,명사,5,일반어,신규_어휘_후보,,0,False
주옥편,0,명사,5,일반어,신규_어휘_후보,,0,False
주워대다,0,동사,5,일반어,신규_어휘_후보,,0,False
주워듣다,0,동사,5,일반어,신규_어휘_후보,,0,False
주워섬기다,0,동사,5,일반어,신규_어휘_후보,,0,False
주유,5,명사,5,일반어/일반어,신규_어휘_후보,,0,False
주인장,0,명사,5,일반어/일반어,신규_어휘_후보,,0,False
주임,1,명사,5,일반어,신규_어휘_후보,,0,False
주입하다,1,동사,5,일반어/전문어(교육),신규_어휘_후보,,0,False
주작,2,명사,5,전문어(민속)/전문어(민속),신규_어휘_후보,,0,False
주장,4,명사,5,일반어,신규_어휘_후보,,0,True
주재,2,명사,5,일반어/일반어,신규_어휘_후보,,0,True
주재원,0,명사,5,일반어,신규_어휘_후보,,0,False
주재하다,1,동사,5,일반어,신규_어휘_후보,,0,True
주재하다,4,동사,5,일반어/일반어,신규_어휘_후보,,0,True
주저,5,명사,5,일반어,신규_어휘_후보,,0,False
주저리주저리,0,부사,5,일반어/일반어,신규_어휘_후보,,0,False
주저주저,0,부사,5,일반어,신규_어휘_후보,,0,False
주저주저하다,0,동사,5,일반어,신규_어휘_후보,,0,False
주전,4,명사,5,일반어/일반어,신규_어휘_후보,,0,False
주전부리,0,명사,5,일반어/일반어/일반어,신규_어휘_후보,,0,False
주절거리다,0,동사,5,일반어,신규_어휘_후보,,0,False
주점,4,명사,5,일반어,신규_어휘_후보,,0,False
주접,1,명사,5,일반어/일반어,신규_어휘_후보,,0,False
주정,6,명사,5,일반어,신규_어휘_후보,,0,False
주정꾼,0,명사,5,일반어,신규_어휘_후보,,0,False
주정차,0,명사,5,일반어,신규_어휘_후보,,0,False
주조,7,명사,5,일반어,신규_어휘_후보,,0,False
주조하다,2,동사,5,일반어,신규_어휘_후보,,0,False
주종,1,명사,5,일반어,신규_어휘_후보,,0,True
주종,2,명사,5,일반어/일반어,신규_어휘_후보,,0,True
주주,1,명사,5,전문어(경영),신규_어휘_후보,,0,False
주지,6,명사,5,전문어(불교)/전문어(불교),신규_어휘_후보,,0,True
주지,8,명사,5,일반어,신규_어휘_후보,,0,True
주지사,0,명사,5,일반어,신규_어휘_후보,,0,False
주창하다,0,동사,5,일반어/일반어,신규_어휘_후보,,0,False
주책없다,0,형용사,5,일반어,신규_어휘_후보,,0,False
주체성,0,명사,5,일반어/전문어(철학),신규_어휘_후보,,0,False
주초,7,명사,5,일반어,신규_어휘_후보,,0,False
주최자,0,명사,5,일반어,신규_어휘_후보,,0,False
주춤거리다,0,동사,5,일반어,신규_어휘_후보,,0,False
주춤주춤,0,부사,5,일반어,신규_어휘_후보,,0,False
주치의,0,명사,5,일반어,신규_어휘_후보,,0,False
주파,1,명사,5,일반어,신규_어휘_후보,,0,False
주판,2,명사,5,일반어,신규_어휘_후보,,0,False
주홍,0,명사,5,일반어/일반어,신규_어휘_후보,,0,False
주화,3,명사,5,일반어,신규_어휘_후보,,0,False
주효하다,0,동사,5,일반어,신규_어휘_후보,,0,False
죽공예,0,명사,5,전문어(공예),신규_어휘_후보,,0,False
죽기,0,명사,5,일반어,신규_어휘_후보,,0,False
죽기로,0,부사,5,일반어,신규_어휘_후보,,0,False
죽도,1,명사,5,일반어/전문어(체육),신규_어휘_후보,,0,False
죽루,0,명사,5,일반어,신규_어휘_후보,,0,False
죽마고우,0,명사,5,일반어,신규_어휘_후보,,0,False
죽부인,0,명사,5,일반어,신규_어휘_후보,,0,False
죽세공품,0,명사,5,일반어,신규_어휘_후보,,0,False
죽을병,0,명사,5,일반어,신규_어휘_후보,,0,False
죽을힘,0,명사,5,일반어,신규_어휘_후보,,0,False
죽지,1,명사,5,일반어/일반어,신규_어휘_후보,,0,False
죽치다,0,동사,5,일반어,신규_어휘_후보,,0,False
죽통,2,명사,5,일반어,신규_어휘_후보,,0,False
준거,2,명사,5,일반어,기존_콘텐츠와_연결_후보,SR_L4CORE_4799,1,False
준결승전,0,명사,5,전문어(체육),신규_어휘_후보,,0,False
준공,0,명사,5,일반어,신규_어휘_후보,,0,False
준공식,0,명사,5,일반어,신규_어휘_후보,,0,False
준공하다,0,동사,5,일반어,신규_어휘_후보,,0,False
준령,0,명사,5,일반어/일반어,신규_어휘_후보,,0,False
준마,0,명사,5,일반어,신규_어휘_후보,,0,False
준법,4,명사,5,일반어,신규_어휘_후보,,0,False
준법정신,0,명사,5,일반어,신규_어휘_후보,,0,False
준수,3,명사,5,일반어,신규_어휘_후보,,0,False
준수하다,1,형용사,5,일반어,신규_어휘_후보,,0,False
준엄하다,0,형용사,5,일반어/일반어,신규_어휘_후보,,0,False
준위,1,명사,5,전문어(군사),신규_어휘_후보,,0,False
준장,1,명사,5,전문어(군사),신규_어휘_후보,,0,False
준치,1,명사,5,전문어(동물),신규_어휘_후보,,0,False
준칙,0,명사,5,일반어/전문어(철학),신규_어휘_후보,,0,False
준하다,3,동사,5,일반어,신규_어휘_후보,,0,False
줄,2,명사,5,일반어,신규_어휘_후보,,0,True
줄기줄기,0,부사,5,일반어,신규_어휘_후보,,0,False
줄낚시,0,명사,5,일반어,신규_어휘_후보,,0,False
줄달음질,0,명사,5,일반어,신규_어휘_후보,,0,False
줄렁줄렁,0,부사,5,일반어,신규_어휘_후보,,0,False
줄모,0,명사,5,전문어(농업),신규_어휘_후보,,0,False
줄사다리,0,명사,5,일반어,신규_어휘_후보,,0,False
줄임표,0,명사,5,전문어(언어)/전문어(음악),신규_어휘_후보,,0,False
줄잡다,0,동사,5,일반어/일반어,신규_어휘_후보,,0,False
줄질,0,명사,5,일반어,신규_어휘_후보,,0,False
줄표,0,명사,5,전문어(언어),신규_어휘_후보,,0,False
줄풍류,0,명사,5,전문어(음악),신규_어휘_후보,,0,False
중,3,명사,5,전문어(지명),신규_어휘_후보,,0,True
중간발표,0,명사,5,일반어,신규_어휘_후보,,0,False
중간보고,0,명사,5,일반어/전문어(법률),신규_어휘_후보,,0,False
중간보고하다,0,동사,5,일반어/전문어(법률),신규_어휘_후보,,0,False
중간치,0,명사,5,일반어,신규_어휘_후보,,0,False
중강진,0,명사,5,전문어(지명),신규_어휘_후보,,0,False
중개업자,0,명사,5,일반어,신규_어휘_후보,,0,False
중개인,0,명사,5,전문어(경제),신규_어휘_후보,,0,False
중개자,0,명사,5,전문어(경제),신규_어휘_후보,,0,False
중개하다,0,동사,5,일반어,신규_어휘_후보,,0,False
중거리,3,명사,5,일반어/전문어(체육),신규_어휘_후보,,0,False
중건,0,명사,5,일반어,신규_어휘_후보,,0,False
중건하다,0,동사,5,일반어,신규_어휘_후보,,0,False
중견,1,명사,5,일반어/전문어(군사)/전문어(체육),신규_어휘_후보,,0,False
중경상,0,명사,5,일반어,신규_어휘_후보,,0,False
중계방송,0,명사,5,전문어(매체)/전문어(매체),신규_어휘_후보,,0,False
중계소,0,명사,5,일반어/일반어,신규_어휘_후보,,0,False
중고,1,명사,5,일반어/일반어/일반어/전문어(역사),신규_어휘_후보,,0,False
중공,2,명사,5,전문어(역사)/전문어(지명),신규_어휘_후보,,0,False
중과부적,0,명사,5,일반어,신규_어휘_후보,,0,False
중구난방,0,명사,5,일반어,신규_어휘_후보,,0,False
중군,1,명사,5,일반어/전문어(역사)/전문어(역사)/전문어(역사),신규_어휘_후보,,0,False
중권,1,명사,5,일반어,신규_어휘_후보,,0,False
중급반,0,명사,5,일반어,신규_어휘_후보,,0,False
중길,0,명사,5,일반어,신규_어휘_후보,,0,False
중남미,0,명사,5,전문어(지명),신규_어휘_후보,,0,False
중년기,0,명사,5,일반어,신규_어휘_후보,,0,False
중단원,0,명사,5,전문어(교육),신규_어휘_후보,,0,False
중대,3,명사,5,전문어(군사)/전문어(역사),신규_어휘_후보,,0,True
중대성,2,명사,5,일반어,신규_어휘_후보,,0,False
중대장,0,명사,5,전문어(군사),신규_어휘_후보,,0,False
중도,3,명사,5,일반어/일반어,신규_어휘_후보,,0,True
중도,4,명사,5,일반어/일반어/전문어(불교),신규_어휘_후보,,0,True
중동,2,명사,5,전문어(지명),신규_어휘_후보,,0,False
중등학교,0,명사,5,전문어(교육),신규_어휘_후보,,0,False
중량급,2,명사,5,전문어(체육)/일반어,신규_어휘_후보,,0,False
중령,0,명사,5,전문어(군사),신규_어휘_후보,,0,False
중론,2,명사,5,일반어/전문어(불교),신규_어휘_후보,,0,False
중류층,0,명사,5,일반어,신규_어휘_후보,,0,False
중립국,0,명사,5,일반어,신규_어휘_후보,,0,False
중매결혼,0,명사,5,일반어,신규_어휘_후보,,0,False
중매쟁이,0,명사,5,일반어,신규_어휘_후보,,0,False
중매하다,1,동사,5,일반어,신규_어휘_후보,,0,False
중문,1,명사,5,일반어,신규_어휘_후보,,0,False
중복되다,0,동사,5,일반어,신규_어휘_후보,,0,False
중복하다,2,동사,5,일반어,신규_어휘_후보,,0,False
중사,1,명사,5,전문어(군사),신규_어휘_후보,,0,False
중산모,0,명사,5,전문어(복식),신규_어휘_후보,,0,False
중상모략,0,명사,5,일반어,신규_어휘_후보,,0,False
중상자,0,명사,5,일반어,신규_어휘_후보,,0,False
중생,4,명사,5,일반어/전문어(불교),신규_어휘_후보,,0,False
중생대,0,명사,5,전문어(지구),신규_어휘_후보,,0,False
중석,2,명사,5,전문어(화학),신규_어휘_후보,,0,False
중성자,1,명사,5,전문어(물리),신규_어휘_후보,,0,False
중소기업,0,명사,5,전문어(경제),신규_어휘_후보,,0,False
중소기업청,0,명사,5,전문어(행정),신규_어휘_후보,,0,False
중시,3,명사,5,일반어,신규_어휘_후보,,0,False
중시되다,0,동사,5,일반어,신규_어휘_후보,,0,False
중식,0,명사,5,일반어,신규_어휘_후보,,0,False
중심각,0,명사,5,전문어(수학),신규_어휘_후보,,0,False
중심체,0,명사,5,일반어/전문어(생명)/전문어(생명),신규_어휘_후보,,0,False
중압,0,명사,5,일반어/일반어,신규_어휘_후보,,0,False
중앙난방,0,명사,5,일반어,신규_어휘_후보,,0,False
중앙부,0,명사,5,일반어,신규_어휘_후보,,0,False
중앙선,2,명사,5,전문어(교통),신규_어휘_후보,,0,True
중앙아메리카,0,명사,5,전문어(지명),신규_어휘_후보,,0,False
중앙아시아,0,명사,5,전문어(지명),신규_어휘_후보,,0,False
중앙은행,0,명사,5,전문어(경제),신규_어휘_후보,,0,False
중양절,0,명사,5,전문어(민속),신규_어휘_후보,,0,False
중언부언,0,명사,5,일반어,신규_어휘_후보,,0,False
중얼중얼하다,0,동사,5,일반어,신규_어휘_후보,,0,False
중역,3,명사,5,일반어/일반어,신규_어휘_후보,,0,False
중엽,0,명사,5,일반어/전문어(식물)/전문어(음악),신규_어휘_후보,,0,False
중요시되다,0,동사,5,일반어,신규_어휘_후보,,0,False
중요지,0,명사,5,일반어,신규_어휘_후보,,0,False
중용,2,명사,5,전문어(책명),신규_어휘_후보,,0,False
중용하다,0,동사,5,일반어,신규_어휘_후보,,0,False
중원,2,명사,5,일반어/일반어/일반어,신규_어휘_후보,,0,False
중위,2,명사,5,전문어(군사),신규_어휘_후보,,0,False
중유,3,명사,5,전문어(공업),신규_어휘_후보,,0,False
중이염,0,명사,5,전문어(의학),신규_어휘_후보,,0,False
중임,2,명사,5,일반어,신규_어휘_후보,,0,False
중장,1,명사,5,전문어(군사),신규_어휘_후보,,0,True
중재하다,0,동사,5,일반어/전문어(법률),신규_어휘_후보,,0,False
중저가,0,명사,5,일반어,신규_어휘_후보,,0,False
중전,2,명사,5,일반어/전문어(역사),신규_어휘_후보,,0,False
중절모,0,명사,5,일반어,신규_어휘_후보,,0,False
중죄,0,명사,5,일반어/전문어(불교),신규_어휘_후보,,0,False
중주,3,명사,5,전문어(음악),신규_어휘_후보,,0,False
중지,4,명사,5,일반어,신규_어휘_후보,,0,True
중지,9,명사,5,일반어,신규_어휘_후보,,0,True
중직,0,명사,5,일반어,신규_어휘_후보,,0,False
중진국,0,명사,5,일반어,신규_어휘_후보,,0,False
중창단,0,명사,5,일반어,신규_어휘_후보,,0,False
중책,3,명사,5,일반어/일반어,신규_어휘_후보,,0,False
중천,1,명사,5,일반어,신규_어휘_후보,,0,False
중천금,0,명사,5,일반어,신규_어휘_후보,,0,False
중추,2,명사,5,일반어,신규_어휘_후보,,0,True
중추적,0,명사/관형사,5,일반어/일반어,신규_어휘_후보,,0,False
중추절,0,명사,5,일반어,신규_어휘_후보,,0,False
중탕,2,명사,5,일반어,신규_어휘_후보,,0,False
중탕하다,0,동사,5,일반어,신규_어휘_후보,,0,False
중태,0,명사,5,일반어,신규_어휘_후보,,0,False
중퇴,0,명사,5,전문어(교육),신규_어휘_후보,,0,False
중편,0,명사,5,일반어/전문어(문학),신규_어휘_후보,,0,False
중풍,0,명사,5,전문어(한의),신규_어휘_후보,,0,False
중하순,0,명사,5,일반어/일반어,신규_어휘_후보,,0,False
중학,1,명사,5,전문어(교육)/전문어(역사),신규_어휘_후보,,0,False
중학년,0,명사,5,일반어,신규_어휘_후보,,0,False
중형,4,명사,5,일반어,신규_어휘_후보,,0,True
중화,2,명사,5,일반어/일반어/전문어(물리)/전문어(화학)/전문어(화학)/전문어(언어),신규_어휘_후보,,0,False
중화되다,0,동사,5,일반어/전문어(물리)/전문어(화학)/전문어(화학)/전문어(언어),신규_어휘_후보,,0,False
중화상,0,명사,5,일반어,신규_어휘_후보,,0,False
중화요리,0,명사,5,일반어/일반어,신규_어휘_후보,,0,False
중화전,0,명사,5,전문어(역사),신규_어휘_후보,,0,False
중화제,0,명사,5,전문어(화학),신규_어휘_후보,,0,False
중환자,0,명사,5,일반어,신규_어휘_후보,,0,False
중환자실,0,명사,5,전문어(의학),신규_어휘_후보,,0,False
중후하다,0,형용사,5,일반어/일반어/일반어,신규_어휘_후보,,0,False
중흥,0,명사,5,일반어,신규_어휘_후보,,0,False
중흥하다,0,동사,5,일반어,신규_어휘_후보,,0,False
쥐똥나무,0,명사,5,전문어(식물),신규_어휘_후보,,0,False
쥐라기,0,명사,5,전문어(지구),신규_어휘_후보,,0,False
쥐락펴락,0,부사,5,일반어,신규_어휘_후보,,0,False
쥐락펴락하다,0,동사,5,일반어,신규_어휘_후보,,0,False
쥐약,0,명사,5,일반어/일반어,신규_어휘_후보,,0,False
쥐어뜯기다,0,동사,5,일반어,신규_어휘_후보,,0,False
쥐치,0,명사,5,전문어(동물),신규_어휘_후보,,0,False
쥐포,0,명사,5,일반어,신규_어휘_후보,,0,False
쥔장,0,명사,5,일반어,신규_어휘_후보,,0,False
쥘부채,0,명사,5,일반어,신규_어휘_후보,,0,False
즈음하다,0,동사,5,일반어,신규_어휘_후보,,0,False
즉,1,부사,5,일반어/일반어,신규_어휘_후보,,0,False
즉결,0,명사,5,일반어/전문어(법률),신규_어휘_후보,,0,False
즉사,1,명사,5,일반어,신규_어휘_후보,,0,False
즉석식품,0,명사,5,일반어,신규_어휘_후보,,0,False
즉석요리,0,명사,5,일반어,신규_어휘_후보,,0,False
즉석카메라,0,명사,5,일반어,신규_어휘_후보,,0,False
즉효,0,명사,5,일반어/일반어,신규_어휘_후보,,0,False
즉흥곡,0,명사,5,전문어(음악),신규_어휘_후보,,0,False
즐비하다,0,형용사,5,일반어,신규_어휘_후보,,0,False
증가율,0,명사,5,일반어,신규_어휘_후보,,0,False
증강하다,0,동사,5,일반어,신규_어휘_후보,,0,False
증거품,0,명사,5,일반어,신규_어휘_후보,,0,False
증대하다,0,동사,5,일반어,신규_어휘_후보,,0,False
증류,0,명사,5,전문어(화학),신규_어휘_후보,,0,False
증명되다,0,동사,5,일반어/전문어(철학)/전문어(법률)/전문어(수학),신규_어휘_후보,,0,False
증명사진,0,명사,5,일반어,신규_어휘_후보,,0,False
증빙,0,명사,5,일반어,신규_어휘_후보,,0,False
증산교,0,명사,5,전문어(종교 일반),신규_어휘_후보,,0,False
증산하다,3,동사,5,일반어,신규_어휘_후보,,0,False
증설,0,명사,5,일반어,신규_어휘_후보,,0,False
증설되다,0,동사,5,일반어,신규_어휘_후보,,0,False
증설하다,0,동사,5,일반어,신규_어휘_후보,,0,False
증손,1,명사,5,일반어,신규_어휘_후보,,0,False
증손자,0,명사,5,일반어,신규_어휘_후보,,0,False
증식,0,명사,5,일반어/전문어(물리)/전문어(생명),신규_어휘_후보,,0,False
증언대,0,명사,5,일반어,신규_어휘_후보,,0,False
증여세,0,명사,5,전문어(법률),신규_어휘_후보,,0,False
증오심,0,명사,5,일반어,신규_어휘_후보,,0,False
증오하다,1,동사,5,일반어,신규_어휘_후보,,0,False
증원,1,명사,5,일반어,신규_어휘_후보,,0,False
증원하다,1,동사,5,일반어,신규_어휘_후보,,0,False
증인석,0,명사,5,일반어,신규_어휘_후보,,0,False
증정,3,명사,5,일반어,신규_어휘_후보,,0,False
증조부모,0,명사,5,일반어,신규_어휘_후보,,0,False
증축,0,명사,5,일반어,신규_어휘_후보,,0,False
증축되다,0,동사,5,일반어,신규_어휘_후보,,0,False
증축하다,0,동사,5,일반어,신규_어휘_후보,,0,False
증편,1,명사,5,일반어,신규_어휘_후보,,0,True
증편,2,명사,5,일반어,신규_어휘_후보,,0,True
지게꾼,0,명사,5,일반어/일반어,신규_어휘_후보,,0,False
지게차,0,명사,5,전문어(교통),신규_어휘_후보,,0,False
지겟작대기,0,명사,5,일반어,신규_어휘_후보,,0,False
지경,1,명사/의존 명사,5,일반어/일반어,신규_어휘_후보,,0,False
지구당,0,명사,5,전문어(정치),신규_어휘_후보,,0,False
지구대,1,명사,5,전문어(행정),신규_어휘_후보,,0,False
지국,0,명사,5,일반어,신규_어휘_후보,,0,False
지근지근,2,부사,5,일반어,신규_어휘_후보,,0,False
지급되다,0,동사,5,일반어/전문어(법률),신규_어휘_후보,,0,False
지긋이,0,부사,5,일반어/일반어,신규_어휘_후보,,0,False
지긋지긋,2,부사,5,일반어/일반어,신규_어휘_후보,,0,False
지기,7,명사,5,일반어,신규_어휘_후보,,0,False
지끈거리다,2,동사,5,일반어,신규_어휘_후보,,0,False
지끈지끈하다,2,동사,5,일반어,신규_어휘_후보,,0,False
지남철,0,명사,5,전문어(물리)/전문어(물리),신규_어휘_후보,,0,False
지당하다,0,형용사,5,일반어,신규_어휘_후보,,0,False
지대,6,명사,5,일반어,신규_어휘_후보,,0,False
지대석,0,명사,5,전문어(건설),신규_어휘_후보,,0,False
지대하다,2,형용사,5,일반어,신규_어휘_후보,,0,False
지도적,0,명사/관형사,5,일반어/일반어,신규_어휘_후보,,0,False
지독스럽다,0,형용사,5,일반어/일반어/일반어/일반어/일반어/일반어,신규_어휘_후보,,0,False
지라,0,명사,5,전문어(생명),신규_어휘_후보,,0,False
지랄,0,명사,5,일반어/일반어,신규_어휘_후보,,0,False
지랄하다,0,동사,5,일반어,신규_어휘_후보,,0,False
지레,2,부사,5,일반어,신규_어휘_후보,,0,False
지레짐작,0,명사,5,일반어,신규_어휘_후보,,0,False
지레짐작하다,0,동사,5,일반어,신규_어휘_후보,,0,False
지력,1,명사,5,일반어,신규_어휘_후보,,0,True
지력,4,명사,5,일반어,신규_어휘_후보,,0,True
지령하다,2,동사,5,일반어/일반어,신규_어휘_후보,,0,False
지로,3,명사,5,전문어(경제),신규_어휘_후보,,0,False
지류,1,명사,5,일반어/일반어,신규_어휘_후보,,0,False
지르다,1,동사,5,일반어/일반어/일반어/일반어/일반어,신규_어휘_후보,,0,True
지리다,1,동사,5,일반어,신규_어휘_후보,,0,False
지리다,2,형용사,5,일반어,신규_어휘_후보,,0,False
지리부도,0,명사,5,일반어,신규_어휘_후보,,0,False
지리지,0,명사,5,전문어(지리),신규_어휘_후보,,0,False
지리학,0,명사,5,전문어(지리),신규_어휘_후보,,0,False
지린내,0,명사,5,일반어,신규_어휘_후보,,0,False
지망,2,명사,5,일반어,신규_어휘_후보,,0,False
지망하다,0,동사,5,일반어,신규_어휘_후보,,0,False
지명도,0,명사,5,일반어,신규_어휘_후보,,0,False
지모,4,명사,5,일반어,신규_어휘_후보,,0,False
지목,3,명사,5,일반어,신규_어휘_후보,,0,False
지물포,0,명사,5,일반어,신규_어휘_후보,,0,False
지반,1,명사,5,일반어/일반어/일반어/전문어(건설),신규_어휘_후보,,0,False
지방,6,명사,5,전문어(민속),신규_어휘_후보,,0,True
지방관,0,명사,5,일반어/일반어,신규_어휘_후보,,0,False
지방별,0,명사,5,일반어,신규_어휘_후보,,0,False
지방분,0,명사,5,일반어,신규_어휘_후보,,0,False
지방색,0,명사,5,일반어/일반어,신규_어휘_후보,,0,False
지방세,0,명사,5,전문어(법률),신규_어휘_후보,,0,False
지배인,0,명사,5,전문어(행정),신규_어휘_후보,,0,False
지배적,0,명사/관형사,5,일반어/일반어/일반어/일반어,신규_어휘_후보,,0,False
지병,0,명사,5,일반어,신규_어휘_후보,,0,False
지부,1,명사,5,일반어,신규_어휘_후보,,0,False
지분,6,명사,5,일반어,신규_어휘_후보,,0,False
지분거리다,1,동사,5,일반어,신규_어휘_후보,,0,False
지불되다,0,동사,5,일반어,신규_어휘_후보,,0,False
지붕돌,0,명사,5,일반어/일반어,신규_어휘_후보,,0,False
지사,5,명사,5,일반어,신규_어휘_후보,,0,True
지상군,0,명사,5,전문어(군사),신규_어휘_후보,,0,False
지새다,1,동사,5,일반어,신규_어휘_후보,,0,False
지서,2,명사,5,일반어,신규_어휘_후보,,0,False
지석,3,명사,5,일반어/전문어(역사),신규_어휘_후보,,0,False
지석묘,0,명사,5,전문어(역사),신규_어휘_후보,,0,False
지세,3,명사,5,일반어,신규_어휘_후보,,0,False
지순하다,1,형용사,5,일반어,신규_어휘_후보,,0,False
지시약,0,명사,5,전문어(화학),신규_어휘_후보,,0,False
지식층,0,명사,5,전문어(사회 일반),신규_어휘_후보,,0,False
지신밟기,0,명사,5,전문어(민속),신규_어휘_후보,,0,False
지아비,0,명사,5,일반어/일반어/일반어,신규_어휘_후보,,0,False
지압,2,명사,5,일반어/전문어(의학),신규_어휘_후보,,0,False
지양하다,0,동사,5,일반어/전문어(철학),신규_어휘_후보,,0,False
지어미,0,명사,5,일반어/일반어,신규_어휘_후보,,0,False
지역구,0,명사,5,전문어(정치),신규_어휘_후보,,0,False
지역적,0,명사/관형사,5,일반어/일반어,신규_어휘_후보,,0,False
지연,3,명사,5,일반어/전문어(의학),신규_어휘_후보,,0,False
지연하다,0,동사,5,일반어/전문어(의학),신규_어휘_후보,,0,False
지우다,5,동사,5,일반어/일반어/일반어,신규_어휘_후보,,0,True
지원군,1,명사,5,일반어/일반어,신규_어휘_후보,,0,False
지원서,0,명사,5,일반어,신규_어휘_후보,,0,False
지자기,0,명사,5,전문어(물리),신규_어휘_후보,,0,False
지자제,0,명사,5,전문어(법률),신규_어휘_후보,,0,False
지자체,0,명사,5,전문어(사회 일반),신규_어휘_후보,,0,False
지장,7,명사,5,일반어,신규_어휘_후보,,0,True
지절,6,명사,5,전문어(동물),신규_어휘_후보,,0,False
지절거리다,0,동사,5,일반어/일반어,신규_어휘_후보,,0,False
지점장,0,명사,5,일반어,신규_어휘_후보,,0,False
지조,5,명사,5,일반어,신규_어휘_후보,,0,False
지주,1,명사,5,일반어/일반어,신규_어휘_후보,,0,True
지중해,2,명사,5,전문어(해양),신규_어휘_후보,,0,False
지지난,0,관형사,5,일반어,신규_어휘_후보,,0,False
지지난달,0,명사,5,일반어,신규_어휘_후보,,0,False
지지난번,0,명사,5,일반어,신규_어휘_후보,,0,False
지지대,0,명사,5,일반어/일반어,신규_어휘_후보,,0,False
지지르다,0,동사,5,일반어/일반어,신규_어휘_후보,,0,False
지지리,0,부사,5,일반어,신규_어휘_후보,,0,False
지지부진하다,0,동사,5,일반어,신규_어휘_후보,,0,False
지지율,0,명사,5,일반어,신규_어휘_후보,,0,False
지진아,0,명사,5,전문어(교육),신규_어휘_후보,,0,False
지진파,0,명사,5,전문어(지구),신규_어휘_후보,,0,False
지진학,0,명사,5,전문어(지구),신규_어휘_후보,,0,False
지질학자,0,명사,5,일반어,신규_어휘_후보,,0,False
지참,2,명사,5,일반어,신규_어휘_후보,,0,False
지참하다,2,동사,5,일반어,신규_어휘_후보,,0,False
지척,2,명사,5,일반어,신규_어휘_후보,,0,False
지천,4,명사,5,일반어/일반어,신규_어휘_후보,,0,False
지체,4,명사,5,일반어/전문어(법률),신규_어휘_후보,,0,True
지축,2,명사,5,전문어(지구)/전문어(지리),신규_어휘_후보,,0,False
지침서,0,명사,5,일반어,신규_어휘_후보,,0,False
지칭,0,명사,5,일반어,신규_어휘_후보,,0,False
지칭하다,0,동사,5,일반어,신규_어휘_후보,,0,False
지탄,2,명사,5,일반어/일반어,신규_어휘_후보,,0,False
지탱,0,명사,5,일반어,신규_어휘_후보,,0,False
지표,3,명사,5,일반어/전문어(수학),신규_어휘_후보,,0,True
지표종,0,명사,5,전문어(생명),신규_어휘_후보,,0,False
지프,0,명사,5,일반어,신규_어휘_후보,,0,False
지하보도,0,명사,5,일반어,신규_어휘_후보,,0,False
지하상가,0,명사,5,일반어,신규_어휘_후보,,0,False
지휘명령,0,명사,5,일반어,신규_어휘_후보,,0,False
지휘봉,0,명사,5,일반어/전문어(음악),신규_어휘_후보,,0,False
직,2,부사,5,일반어/일반어,신규_어휘_후보,,0,False
직,6,명사,5,일반어/일반어/일반어/일반어,신규_어휘_후보,,0,False
직감,0,명사,5,일반어,신규_어휘_후보,,0,False
직거래하다,0,동사,5,전문어(경제),신규_어휘_후보,,0,False
직결,2,명사,5,일반어,신규_어휘_후보,,0,False
직경,1,명사,5,전문어(수학),신규_어휘_후보,,0,False
직계,1,명사,5,일반어/일반어,신규_어휘_후보,,0,False
직관,3,명사,5,전문어(철학)/전문어(철학),신규_어휘_후보,,0,False
직권,0,명사,5,일반어,신규_어휘_후보,,0,False
직기,0,명사,5,일반어,신규_어휘_후보,,0,False
직립,0,명사,5,일반어/일반어/일반어,신규_어휘_후보,,0,False
직면,0,명사,5,일반어,기존_콘텐츠와_연결_후보,SR_L4CORE_4810,1,False
직물,0,명사,5,일반어,신규_어휘_후보,,0,False
직분,0,명사,5,일반어/일반어,신규_어휘_후보,,0,False
직사,3,명사,5,일반어/전문어(군사)/전문어(군사),신규_어휘_후보,,0,False
직사각,0,명사,5,일반어,신규_어휘_후보,,0,False
직삼각형,0,명사,5,전문어(수학),신규_어휘_후보,,0,False
직선,2,명사,5,전문어(행정),신규_어휘_후보,,0,True
직선적,0,명사/관형사,5,일반어/일반어/일반어/일반어,신규_어휘_후보,,0,False
직성,1,명사,5,전문어(민속)/일반어/일반어,신규_어휘_후보,,0,False
직시하다,0,동사,5,일반어/일반어/일반어,신규_어휘_후보,,0,False
직언,0,명사,5,일반어/일반어,신규_어휘_후보,,0,False
직업병,0,명사,5,전문어(보건 일반),신규_어휘_후보,,0,False
직업소개소,0,명사,5,일반어,신규_어휘_후보,,0,False
직업여성,0,명사,5,일반어/일반어,신규_어휘_후보,,0,False
직업의식,0,명사,5,일반어,신규_어휘_후보,,0,False
직영,0,명사,5,일반어,신규_어휘_후보,,0,False
직유,1,명사,5,전문어(문학),신규_어휘_후보,,0,False
직유법,0,명사,5,전문어(문학),신규_어휘_후보,,0,False
직육면체,0,명사,5,전문어(수학),신규_어휘_후보,,0,False
직인,3,명사,5,일반어,신규_어휘_후보,,0,False
직접세,0,명사,5,전문어(법률),동형이의_품사_확인_필요,,1,False
직종,0,명사,5,일반어,신규_어휘_후보,,0,False
직지심체요절,0,명사,5,전문어(불교),신규_어휘_후보,,0,False
직통,0,명사,5,일반어/일반어/일반어/일반어,신규_어휘_후보,,0,False
직통하다,0,동사,5,일반어/일반어/일반어,신규_어휘_후보,,0,False
직판장,0,명사,5,일반어,신규_어휘_후보,,0,False
직할시,0,명사,5,전문어(행정),신규_어휘_후보,,0,False
직행버스,0,명사,5,일반어,신규_어휘_후보,,0,False
진,3,명사,5,일반어/일반어,신규_어휘_후보,,0,True
진,7,명사,5,전문어(역사),신규_어휘_후보,,0,True
진가,3,명사,5,일반어/전문어(수학),신규_어휘_후보,,0,False
진간장,0,명사,5,일반어/일반어,신규_어휘_후보,,0,False
진갈색,0,명사,5,일반어,신규_어휘_후보,,0,False
진갑,0,명사,5,일반어,신규_어휘_후보,,0,False
진골,0,명사,5,전문어(역사),신규_어휘_후보,,0,False
진공,2,명사,5,전문어(물리),신규_어휘_후보,,0,False
진공관,0,명사,5,전문어(전기·전자),신규_어휘_후보,,0,False
진국,1,명사,5,일반어,신규_어휘_후보,,0,False
진군,3,명사,5,일반어/일반어,신규_어휘_후보,,0,False
진급,0,명사,5,일반어,신규_어휘_후보,,0,False
진급하다,0,동사,5,일반어,신규_어휘_후보,,0,False
진기하다,1,형용사,5,일반어,신규_어휘_후보,,0,False
진나라,2,명사,5,전문어(역사),신규_어휘_후보,,0,False
진노,2,명사,5,일반어,신규_어휘_후보,,0,False
진노하다,1,동사,5,일반어,신규_어휘_후보,,0,True
진노하다,2,동사,5,일반어,신규_어휘_후보,,0,True
진단서,0,명사,5,전문어(의학),신규_어휘_후보,,0,False
진담,2,명사,5,일반어,신규_어휘_후보,,0,False
진도,8,명사,5,전문어(지구),신규_어휘_후보,,0,True
진도표,0,명사,5,일반어,신규_어휘_후보,,0,False
진동,4,명사,5,일반어,신규_어휘_후보,,0,True
진두,2,명사,5,일반어/일반어,신규_어휘_후보,,0,False
진득하다,0,형용사,5,일반어/일반어,신규_어휘_후보,,0,False
진력,2,명사,5,일반어,신규_어휘_후보,,0,False
진력나다,0,동사,5,일반어,신규_어휘_후보,,0,False
진력하다,0,동사,5,일반어,신규_어휘_후보,,0,False
진료권,0,명사,5,전문어(의학),신규_어휘_후보,,0,False
진면목,0,명사,5,일반어,신규_어휘_후보,,0,False
진물,1,명사,5,일반어,신규_어휘_후보,,0,False
진미,1,명사,5,일반어,신규_어휘_후보,,0,False
진배없다,0,형용사,5,일반어,신규_어휘_후보,,0,False
진범,0,명사,5,일반어,신규_어휘_후보,,0,False
진보라,0,명사,5,일반어,신규_어휘_후보,,0,False
진부하다,0,형용사,5,일반어,신규_어휘_후보,,0,False
진분수,0,명사,5,전문어(수학),신규_어휘_후보,,0,False
진분홍,0,명사,5,일반어/일반어,신규_어휘_후보,,0,False
진상,8,명사,5,일반어/일반어,신규_어휘_후보,,0,True
진상하다,3,동사,5,일반어,신규_어휘_후보,,0,False
진선미,0,명사,5,일반어,신규_어휘_후보,,0,False
진성,4,명사,5,일반어,신규_어휘_후보,,0,False
진세,1,명사,5,일반어/일반어,신규_어휘_후보,,0,False
진소위,0,부사,5,일반어,신규_어휘_후보,,0,False
진수,8,명사,5,일반어,신규_어휘_후보,,0,True
진수,11,명사,5,일반어,신규_어휘_후보,,0,True
진술문,0,명사,5,일반어,신규_어휘_후보,,0,False
진술서,0,명사,5,전문어(법률),신규_어휘_후보,,0,False
진술하다,0,동사,5,일반어/전문어(법률)/전문어(법률),신규_어휘_후보,,0,False
진실성,0,명사,5,일반어,신규_어휘_후보,,0,False
진실히,0,부사,5,일반어,신규_어휘_후보,,0,False
진언,4,명사,5,일반어,신규_어휘_후보,,0,False
진열,2,명사,5,일반어,신규_어휘_후보,,0,False
진열장,2,명사,5,일반어,신규_어휘_후보,,0,False
진열품,0,명사,5,일반어,신규_어휘_후보,,0,False
진원지,0,명사,5,전문어(지구)/전문어(지구)/일반어,신규_어휘_후보,,0,False
진위,1,명사,5,일반어,신규_어휘_후보,,0,False
진의,1,명사,5,일반어,신규_어휘_후보,,0,False
진자,2,명사,5,전문어(물리),신규_어휘_후보,,0,False
진자리,1,명사,5,일반어/일반어/일반어/일반어,신규_어휘_후보,,0,False
진전되다,0,동사,5,일반어,신규_어휘_후보,,0,False
진전하다,0,동사,5,일반어,신규_어휘_후보,,0,False
진절머리,0,명사,5,일반어,신규_어휘_후보,,0,False
진정서,0,명사,5,일반어,신규_어휘_후보,,0,False
진종일,0,명사/부사,5,일반어/일반어,신규_어휘_후보,,0,False
진주,2,명사,5,전문어(지명),신규_어휘_후보,,0,True
진주성,0,명사,5,전문어(역사),신규_어휘_후보,,0,False
진중,2,명사,5,일반어,신규_어휘_후보,,0,False
진진하다,0,형용사,5,일반어/일반어/일반어,신규_어휘_후보,,0,False
진짓상,0,명사,5,일반어,신규_어휘_후보,,0,False
진창,1,명사,5,일반어,신규_어휘_후보,,0,False
진척,2,명사,5,일반어/일반어,신규_어휘_후보,,0,False
진척되다,0,동사,5,일반어/일반어,신규_어휘_후보,,0,False
진출권,0,명사,5,일반어,신규_어휘_후보,,0,False
진취성,1,명사,5,일반어,신규_어휘_후보,,0,False
진통,2,명사,5,전문어(의학),신규_어휘_후보,,0,True
진퇴,0,명사,5,일반어/일반어,신규_어휘_후보,,0,False
진퇴양난,0,명사,5,일반어,신규_어휘_후보,,0,False
진퇴유곡,0,명사,5,일반어,신규_어휘_후보,,0,False
진펄,0,명사,5,일반어,신규_어휘_후보,,0,False
진폐증,0,명사,5,전문어(의학),신규_어휘_후보,,0,False
진폭,1,명사,5,전문어(물리),신규_어휘_후보,,0,False
진품,2,명사,5,일반어,신규_어휘_후보,,0,False
진풍경,0,명사,5,일반어,신규_어휘_후보,,0,False
진한,1,명사,5,전문어(역사),신규_어휘_후보,,0,False
진행형,0,명사,5,전문어(언어),신규_어휘_후보,,0,False
진형,1,명사,5,일반어,신규_어휘_후보,,0,False
진혼곡,0,명사,5,전문어(음악)/일반어,신규_어휘_후보,,0,False
진혼제,0,명사,5,일반어,신규_어휘_후보,,0,False
진홍빛,0,명사,5,일반어,신규_어휘_후보,,0,False
진홍색,0,명사,5,일반어,신규_어휘_후보,,0,False
진화,6,명사,5,일반어/일반어,신규_어휘_후보,,0,True
진화론,0,명사,5,전문어(생명),신규_어휘_후보,,0,False
진화하다,2,동사,5,일반어/일반어,신규_어휘_후보,,0,True
진흙물,0,명사,5,일반어,신규_어휘_후보,,0,False
진흥,0,명사,5,일반어,신규_어휘_후보,,0,False
질,6,명사,5,일반어/일반어/전문어(철학),신규_어휘_후보,,0,False
질겅거리다,0,동사,5,일반어,신규_어휘_후보,,0,False
질경이,0,명사,5,전문어(식물),신규_어휘_후보,,0,False
질그릇,0,명사,5,일반어,신규_어휘_후보,,0,False
질근질근,2,부사,5,일반어,신규_어휘_후보,,0,False
질금거리다,0,동사,5,일반어/일반어,신규_어휘_후보,,0,False
질금질금,0,부사,5,일반어/일반어/일반어/일반어,신규_어휘_후보,,0,False
질녀,0,명사,5,일반어,신규_어휘_후보,,0,False
질러가다,0,동사,5,일반어,신규_어휘_후보,,0,False
질부,0,명사,5,일반어,신규_어휘_후보,,0,False
질소,1,명사,5,전문어(화학),신규_어휘_후보,,0,False
질시,1,명사,5,일반어,신규_어휘_후보,,0,False
질시하다,1,동사,5,일반어,신규_어휘_후보,,0,False
질식사,0,명사,5,일반어,신규_어휘_후보,,0,False
질의,1,명사,5,일반어/전문어(정치),신규_어휘_후보,,0,False
질의하다,1,동사,5,일반어/전문어(정치),신규_어휘_후보,,0,False
질적,0,명사/관형사,5,일반어/일반어/일반어/일반어,신규_어휘_후보,,0,False
질책,1,명사,5,일반어,신규_어휘_후보,,0,False
질책하다,1,동사,5,일반어,신규_어휘_후보,,0,False
질척하다,0,형용사,5,일반어,신규_어휘_후보,,0,False
질타,0,명사,5,일반어,신규_어휘_후보,,0,False
질타하다,0,동사,5,일반어,신규_어휘_후보,,0,False
질퍽거리다,0,동사,5,일반어,신규_어휘_후보,,0,False
질퍽하다,0,형용사,5,일반어,신규_어휘_후보,,0,False
질펀하다,0,형용사,5,일반어/일반어/일반어,신규_어휘_후보,,0,False
질풍,0,명사,5,일반어/전문어(지구),신규_어휘_후보,,0,False
질풍노도,0,명사,5,일반어/전문어(문학),신규_어휘_후보,,0,False
질화로,1,명사,5,일반어,신규_어휘_후보,,0,False
질흙,1,명사,5,일반어/일반어,신규_어휘_후보,,0,False
짐꾼,0,명사,5,일반어,신규_어휘_후보,,0,False
짐마차,0,명사,5,일반어,신규_어휘_후보,,0,False
짐바브웨,0,명사,5,전문어(지명),신규_어휘_후보,,0,False
짐수레,0,명사,5,일반어,신규_어휘_후보,,0,False
짐스럽다,0,형용사,5,일반어,신규_어휘_후보,,0,False
짐차,0,명사,5,일반어,신규_어휘_후보,,0,False
집강소,0,명사,5,전문어(역사),신규_어휘_후보,,0,False
집결,0,명사,5,일반어,신규_어휘_후보,,0,False
집계,0,명사,5,일반어,신규_어휘_후보,,0,False
집고양이,0,명사,5,일반어,신규_어휘_후보,,0,False
집구석,0,명사,5,일반어/일반어,신규_어휘_후보,,0,False
집권,1,명사,5,일반어,신규_어휘_후보,,0,False
집권당,0,명사,5,일반어,신규_어휘_후보,,0,False
집기,1,명사,5,일반어,신규_어휘_후보,,0,False
집기병,0,명사,5,전문어(화학),신규_어휘_후보,,0,False
집단생활,0,명사,5,전문어(사회 일반)/전문어(사회 일반),신규_어휘_후보,,0,False
집단의식,0,명사,5,전문어(사회 일반),신규_어휘_후보,,0,False
집대성,0,명사,5,일반어,신규_어휘_후보,,0,False
집대성하다,0,동사,5,일반어,신규_어휘_후보,,0,False
집무,0,명사,5,일반어,신규_어휘_후보,,0,False
집무실,0,명사,5,일반어,신규_어휘_후보,,0,False
집문서,0,명사,5,일반어,신규_어휘_후보,,0,False
집산지,0,명사,5,일반어/일반어,신규_어휘_후보,,0,False
집약,0,명사,5,일반어,신규_어휘_후보,,0,False
집어먹다,0,동사,5,일반어/일반어,신규_어휘_후보,,0,False
집어치우다,0,동사,5,일반어,신규_어휘_후보,,0,False
집오리,0,명사,5,전문어(동물),신규_어휘_후보,,0,False
집일,1,명사,5,일반어,신규_어휘_후보,,0,False
집자,0,명사,5,일반어,신규_어휘_후보,,0,False
집적거리다,0,동사,5,일반어/일반어,신규_어휘_후보,,0,False
집진기,0,명사,5,일반어,신규_어휘_후보,,0,False
집집이,0,부사,5,일반어,신규_어휘_후보,,0,False
집찰구,0,명사,5,일반어,신규_어휘_후보,,0,False
집토끼,0,명사,5,전문어(동물),신규_어휘_후보,,0,False
집행되다,0,동사,5,일반어/전문어(법률),신규_어휘_후보,,0,False
짓뭉개다,0,동사,5,일반어,신규_어휘_후보,,0,False
짓찧다,0,동사,5,일반어,신규_어휘_후보,,0,False
징,1,명사,5,일반어,신규_어휘_후보,,0,True
징검돌,0,명사,5,일반어/일반어,신규_어휘_후보,,0,False
징계,0,명사,5,일반어/일반어/전문어(행정),신규_어휘_후보,,0,False
징발,0,명사,5,일반어/일반어,신규_어휘_후보,,0,False
징벌,0,명사,5,일반어,신규_어휘_후보,,0,False
징수,2,명사,5,일반어/전문어(행정),신규_어휘_후보,,0,False
징신,0,명사,5,일반어,신규_어휘_후보,,0,False
징역살이,0,명사,5,일반어,신규_어휘_후보,,0,False
징집,0,명사,5,일반어/일반어,신규_어휘_후보,,0,False
징집되다,0,동사,5,일반어/일반어,신규_어휘_후보,,0,False
징징,1,부사,5,일반어,신규_어휘_후보,,0,False
징징거리다,0,동사,5,일반어,신규_어휘_후보,,0,False
징크스,0,명사,5,일반어/일반어,신규_어휘_후보,,0,False
징표,1,명사,5,전문어(철학),신규_어휘_후보,,0,False
징후,0,명사,5,일반어,신규_어휘_후보,,0,False
짚신벌레,0,명사,5,전문어(동물)/전문어(동물),신규_어휘_후보,,0,False
짚신장이,0,명사,5,일반어,신규_어휘_후보,,0,False
짚이다,0,동사,5,일반어,신규_어휘_후보,,0,False
짜깁기,0,명사,5,일반어/일반어,신규_어휘_후보,,0,False
짜랑짜랑,0,부사,5,일반어/일반어,신규_어휘_후보,,0,False
짜부라지다,0,동사,5,일반어/일반어/일반어,신규_어휘_후보,,0,False
짝,2,의존 명사,5,일반어/일반어,신규_어휘_후보,,0,True
짝,3,의존 명사,5,일반어/일반어/일반어/일반어,신규_어휘_후보,,0,True
짝,4,부사,5,일반어/일반어,신규_어휘_후보,,0,True
짝,6,부사,5,일반어/일반어/일반어,신규_어휘_후보,,0,True
짝,7,부사,5,일반어/일반어,신규_어휘_후보,,0,True
짝,9,부사,5,일반어,신규_어휘_후보,,0,True
짝짝,3,부사,5,일반어/일반어,신규_어휘_후보,,0,True
짝짝이,0,명사,5,일반어,신규_어휘_후보,,0,False
짝하다,0,동사,5,일반어,신규_어휘_후보,,0,False
짠지,0,명사,5,일반어,신규_어휘_후보,,0,False
짤그랑,0,부사,5,일반어,신규_어휘_후보,,0,False
짤깍짤깍,0,부사,5,일반어/일반어/일반어/일반어,신규_어휘_후보,,0,False
짤따랗다,0,형용사,5,일반어,신규_어휘_후보,,0,False
짤랑,0,부사,5,일반어,신규_어휘_후보,,0,False
짤랑짤랑,0,부사,5,일반어,신규_어휘_후보,,0,False
짤칵,0,부사,5,일반어/일반어/일반어/일반어,신규_어휘_후보,,0,False
짧은소리,0,명사,5,전문어(언어),신규_어휘_후보,,0,False
짬밥,0,명사,5,일반어/일반어,신규_어휘_후보,,0,False
짱아,0,명사,5,일반어,신규_어휘_후보,,0,False
째지다,0,동사,5,일반어/일반어/일반어,신규_어휘_후보,,0,False
쨍,1,부사,5,일반어/일반어/일반어,신규_어휘_후보,,0,False
쨍쨍,1,부사,5,일반어/일반어/일반어,신규_어휘_후보,,0,True
쨍쨍하다,1,동사,5,일반어/일반어/일반어,신규_어휘_후보,,0,False
쩔그렁,0,부사,5,일반어,신규_어휘_후보,,0,False
쩔뚝거리다,0,동사,5,일반어,신규_어휘_후보,,0,False
쩔뚝발이,0,명사,5,일반어,신규_어휘_후보,,0,False
쩔레쩔레,0,부사,5,일반어,신규_어휘_후보,,0,False
쩔룩쩔룩,0,부사,5,일반어,신규_어휘_후보,,0,False
쩝,0,부사,5,일반어,신규_어휘_후보,,0,False
쩡쩡,0,부사,5,일반어/일반어/일반어,신규_어휘_후보,,0,False
쩨쩨하다,0,형용사,5,일반어/일반어,신규_어휘_후보,,0,False
쪄내다,0,동사,5,일반어,신규_어휘_후보,,0,False
쪼다,1,명사,5,일반어,신규_어휘_후보,,0,False
쪽,1,명사,5,일반어,신규_어휘_후보,,0,True
쪽,7,명사,5,일반어,신규_어휘_후보,,0,True
쪽가위,0,명사,5,일반어,신규_어휘_후보,,0,False
쪽문,0,명사,5,일반어,신규_어휘_후보,,0,False
쪽물,0,명사,5,일반어,신규_어휘_후보,,0,False
쪽파,0,명사,5,전문어(식물),신규_어휘_후보,,0,False
쫀득쫀득,0,부사,5,일반어/일반어,신규_어휘_후보,,0,False
쫄래쫄래,0,부사,5,일반어/일반어,신규_어휘_후보,,0,False
쫄면,0,명사,5,일반어,신규_어휘_후보,,0,False
쫄바지,0,명사,5,일반어,신규_어휘_후보,,0,False
쫑그리다,0,동사,5,일반어/일반어,신규_어휘_후보,,0,False
쫑쫑,1,부사,5,일반어,신규_어휘_후보,,0,False
쫘르륵,0,부사,5,일반어/일반어,신규_어휘_후보,,0,False
쭈그렁바가지,0,명사,5,일반어,신규_어휘_후보,,0,False
쭈르르,0,부사,5,일반어/일반어/일반어/일반어,신규_어휘_후보,,0,False
쭝긋거리다,0,동사,5,일반어/일반어,신규_어휘_후보,,0,False
쭝얼쭝얼,0,부사,5,일반어,신규_어휘_후보,,0,False
쯧쯧,0,부사/감탄사,5,일반어/일반어,신규_어휘_후보,,0,False
찌개백반,0,명사,5,일반어,신규_어휘_후보,,0,False
찌기,0,명사,5,일반어,신규_어휘_후보,,0,False
찌끼,0,명사,5,일반어/일반어/일반어,신규_어휘_후보,,0,False
찌다,6,동사,5,일반어/일반어/전문어(농업),신규_어휘_후보,,0,True
찌르르,2,부사,5,일반어/일반어,신규_어휘_후보,,0,False
찌르르하다,2,형용사,5,일반어/일반어,신규_어휘_후보,,0,False
찌릿찌릿하다,0,형용사,5,일반어/일반어,신규_어휘_후보,,0,False
찌뿌둥하다,0,형용사,5,일반어/일반어,신규_어휘_후보,,0,False
찌뿌드드하다,0,형용사,5,일반어/일반어,신규_어휘_후보,,0,False
찌뿌듯하다,0,형용사,5,일반어/일반어,신규_어휘_후보,,0,False
찍,1,부사,5,일반어/일반어,신규_어휘_후보,,0,True
찍,3,부사,5,일반어,신규_어휘_후보,,0,True
찍소리,0,명사,5,일반어,신규_어휘_후보,,0,False
찍찍거리다,2,동사,5,일반어/일반어,신규_어휘_후보,,0,False
찔끔거리다,0,동사,5,일반어/일반어,신규_어휘_후보,,0,False
찔끔하다,2,동사,5,일반어,신규_어휘_후보,,0,False
찔레꽃,0,명사,5,일반어,신규_어휘_후보,,0,False
찜찜하다,0,형용사,5,일반어,신규_어휘_후보,,0,False
찜통더위,0,명사,5,일반어,신규_어휘_후보,,0,False
찜하다,0,동사,5,일반어,신규_어휘_후보,,0,False
찝찔하다,0,형용사,5,일반어/일반어,신규_어휘_후보,,0,False
찡찡이,0,명사,5,일반어/일반어,신규_어휘_후보,,0,False
찡하다,0,동사/형용사,5,일반어/일반어,신규_어휘_후보,,0,False
찢어발기다,0,동사,5,일반어,신규_어휘_후보,,0,False
차광,0,명사,5,일반어,신규_어휘_후보,,0,False
차근히,0,부사,5,일반어,신규_어휘_후보,,0,False
차나무,0,명사,5,전문어(식물),신규_어휘_후보,,0,False
차남,0,명사,5,일반어,신규_어휘_후보,,0,False
차내,0,명사,5,일반어,신규_어휘_후보,,0,False
차녀,0,명사,5,일반어,신규_어휘_후보,,0,False
차돌,0,명사,5,전문어(광업)/일반어,신규_어휘_후보,,0,False
차돌멩이,0,명사,5,일반어,신규_어휘_후보,,0,False
차등,3,명사,5,일반어,신규_어휘_후보,,0,False
차렷하다,0,동사,5,일반어,신규_어휘_후보,,0,False
차령산맥,0,명사,5,전문어(지명),신규_어휘_후보,,0,False
차멀미,0,명사,5,일반어,신규_어휘_후보,,0,False
차변,2,명사,5,전문어(경영),신규_어휘_후보,,0,False
차부,2,명사,5,일반어,신규_어휘_후보,,0,False
차비하다,0,동사,5,일반어/전문어(역사),신규_어휘_후보,,0,False
차석,1,명사,5,일반어,신규_어휘_후보,,0,False
차선,2,명사,5,일반어,신규_어휘_후보,,0,True
차세대,0,명사,5,일반어,신규_어휘_후보,,0,False
차액,2,명사,5,일반어,신규_어휘_후보,,0,False
차양,2,명사,5,전문어(건설)/일반어,신규_어휘_후보,,0,False
차용,1,명사,5,일반어/전문어(언어),신규_어휘_후보,,0,False
차용어,0,명사,5,전문어(언어),신규_어휘_후보,,0,False
차용하다,1,동사,5,일반어/전문어(언어),신규_어휘_후보,,0,False
차일피일,0,부사,5,일반어,신규_어휘_후보,,0,False
차입,1,명사,5,일반어,신규_어휘_후보,,0,False
차입하다,1,동사,5,일반어,신규_어휘_후보,,0,False
차장,3,명사,5,일반어/전문어(역사),신규_어휘_후보,,0,True
차장,4,명사,5,일반어,신규_어휘_후보,,0,True
차전놀이,0,명사,5,전문어(민속),신규_어휘_후보,,0,False
차점,2,명사,5,일반어,신규_어휘_후보,,0,False
차조,0,명사,5,전문어(식물),신규_어휘_후보,,0,False
차종,4,명사,5,일반어,신규_어휘_후보,,0,False
차주,2,명사,5,일반어,신규_어휘_후보,,0,False
차중,2,명사,5,일반어,신규_어휘_후보,,0,False
차지다,0,형용사,5,일반어/일반어,신규_어휘_후보,,0,False
차편,3,명사,5,일반어,신규_어휘_후보,,0,False
차후,0,명사,5,일반어,신규_어휘_후보,,0,False
착공,1,명사,5,일반어,신규_어휘_후보,,0,False
착공하다,1,동사,5,일반어,신규_어휘_후보,,0,False
착륙장,0,명사,5,일반어,신규_어휘_후보,,0,False
착복식,0,명사,5,일반어/전문어(가톨릭),신규_어휘_후보,,0,False
착복하다,0,동사,5,일반어/일반어,신규_어휘_후보,,0,False
착상,2,명사,5,일반어,신규_어휘_후보,,0,False
착색되다,0,동사,5,일반어,신규_어휘_후보,,0,False
착석,0,명사/감탄사,5,일반어/일반어,신규_어휘_후보,,0,False
착수,3,명사,5,일반어/전문어(법률)/전문어(체육),기존_콘텐츠와_연결_후보,SR_L4CORE_4813,1,False
착수하다,2,동사,5,일반어/전문어(체육),신규_어휘_후보,,0,False
착안,2,명사,5,일반어,신규_어휘_후보,,0,False
착용,0,명사,5,일반어,신규_어휘_후보,,0,False
착착,1,부사,5,일반어/일반어/일반어,신규_어휘_후보,,0,True
착취하다,0,동사,5,일반어/일반어,신규_어휘_후보,,0,False
찬가,2,명사,5,일반어/일반어,신규_어휘_후보,,0,False
찬거리,0,명사,5,일반어,신규_어휘_후보,,0,False
찬동,0,명사,5,일반어,신규_어휘_후보,,0,False
찬동하다,0,동사,5,일반어,신규_어휘_후보,,0,False
찬미,0,명사,5,일반어,신규_어휘_후보,,0,False
찬불가,0,명사,5,전문어(불교),신규_어휘_후보,,0,False
찬사,2,명사,5,일반어,신규_어휘_후보,,0,False
찬송,2,명사,5,일반어/일반어/전문어(기독교)/전문어(기독교),신규_어휘_후보,,0,False
찬양,2,명사,5,일반어,신규_어휘_후보,,0,False
찬연하다,2,형용사,5,일반어/일반어,신규_어휘_후보,,0,False
찬조,0,명사,5,일반어,신규_어휘_후보,,0,False
찬조금,0,명사,5,일반어,신규_어휘_후보,,0,False
찬찬히,2,부사,5,일반어,신규_어휘_후보,,0,True
찬탄,0,명사,5,일반어,신규_어휘_후보,,0,False
찬탄하다,0,동사,5,일반어,신규_어휘_후보,,0,False
찬탈,0,명사,5,일반어,신규_어휘_후보,,0,False
찬합,0,명사,5,일반어/일반어,신규_어휘_후보,,0,False
찰거머리,0,명사,5,전문어(동물)/일반어/일반어,신규_어휘_후보,,0,False
찰깍,0,부사,5,일반어/일반어/일반어/일반어,신규_어휘_후보,,0,False
찰랑,1,부사,5,일반어/일반어,신규_어휘_후보,,0,False
찰랑거리다,1,동사,5,일반어/일반어,신규_어휘_후보,,0,False
찰랑대다,1,동사,5,일반어/일반어,신규_어휘_후보,,0,False
찰랑찰랑하다,1,동사/형용사,5,일반어/일반어,신규_어휘_후보,,0,False
찰싹거리다,0,동사,5,일반어/일반어,신규_어휘_후보,,0,False
찰옥수수,0,명사,5,일반어,신규_어휘_후보,,0,False
찰카닥,0,부사,5,일반어/일반어/일반어/일반어,신규_어휘_후보,,0,False
참경,0,명사,5,일반어,신규_어휘_후보,,0,False
참고삼다,0,동사,5,일반어/일반어,신규_어휘_후보,,0,False
참고인,0,명사,5,일반어/전문어(법률),신규_어휘_후보,,0,False
참관,0,명사,5,일반어,신규_어휘_후보,,0,False
참관인,0,명사,5,일반어/전문어(법률),신규_어휘_후보,,0,False
참극,0,명사,5,전문어(연기)/일반어,신규_어휘_후보,,0,False
참꽃,0,명사,5,일반어,신규_어휘_후보,,0,False
참나리,0,명사,5,전문어(식물),신규_어휘_후보,,0,False
참담하다,0,형용사,5,일반어/일반어,신규_어휘_후보,,0,False
참마,0,명사,5,전문어(식물),신규_어휘_후보,,0,False
참마음,0,명사,5,일반어/일반어,신규_어휘_후보,,0,False
참말,0,명사/부사/감탄사,5,일반어/일반어/일반어/일반어/일반어,신규_어휘_후보,,0,False
참변,0,명사,5,일반어,신규_어휘_후보,,0,False
참봉,0,명사,5,전문어(역사),신규_어휘_후보,,0,False
참빗,0,명사,5,일반어,신규_어휘_후보,,0,False
참사,6,명사,5,일반어,신규_어휘_후보,,0,False
참상,3,명사,5,일반어,신규_어휘_후보,,0,False
참새목,0,명사,5,전문어(동물),신규_어휘_후보,,0,False
참선,2,명사,5,전문어(불교),신규_어휘_후보,,0,False
참선하다,0,동사,5,전문어(불교),신규_어휘_후보,,0,False
참성단,0,명사,5,전문어(역사),신규_어휘_후보,,0,False
참신하다,1,동사,5,전문어(민속),신규_어휘_후보,,0,False
참작,1,명사,5,일반어,신규_어휘_후보,,0,False
참작하다,1,동사,5,일반어,신규_어휘_후보,,0,False
참전국,0,명사,5,일반어,신규_어휘_후보,,0,False
참패,0,명사,5,일반어,신규_어휘_후보,,0,False
참패하다,0,동사,5,일반어,신규_어휘_후보,,0,False
참하다,1,형용사,5,일반어/일반어,신규_어휘_후보,,0,False
참호,3,명사,5,전문어(군사)/일반어,신규_어휘_후보,,0,False
참회,3,명사,5,일반어/전문어(불교)/전문어(종교 일반),신규_어휘_후보,,0,False
찹쌀고추장,0,명사,5,일반어,신규_어휘_후보,,0,False
찹쌀밥,0,명사,5,일반어,신규_어휘_후보,,0,False
찻간,0,명사,5,일반어,신규_어휘_후보,,0,False
찻그릇,0,명사,5,일반어,신규_어휘_후보,,0,False
찻상,0,명사,5,일반어,신규_어휘_후보,,0,False
찻잎,0,명사,5,일반어,신규_어휘_후보,,0,False
찻집,0,명사,5,일반어,신규_어휘_후보,,0,False
창,2,명사,5,일반어/일반어/일반어,신규_어휘_후보,,0,True
창,6,명사,5,전문어(역사)/전문어(음악),신규_어휘_후보,,0,True
창간,1,명사,5,일반어,신규_어휘_후보,,0,False
창간호,0,명사,5,일반어,신규_어휘_후보,,0,False
창갈이,0,명사,5,일반어,신규_어휘_후보,,0,False
창건,1,명사,5,일반어,신규_어휘_후보,,0,False
창건하다,1,동사,5,일반어,신규_어휘_후보,,0,False
창경궁,0,명사,5,전문어(역사),신규_어휘_후보,,0,False
창경원,0,명사,5,전문어(역사),신규_어휘_후보,,0,False
창공,2,명사,5,일반어,신규_어휘_후보,,0,False
창구멍,1,명사,5,일반어,신규_어휘_후보,,0,True
창구멍,2,명사,5,전문어(건설),신규_어휘_후보,,0,True
창궐하다,0,동사,5,일반어,신규_어휘_후보,,0,False
창극,1,명사,5,전문어(연기),신규_어휘_후보,,0,False
창난젓,0,명사,5,일반어,신규_어휘_후보,,0,False
창녀,0,명사,5,일반어,신규_어휘_후보,,0,False
창립하다,0,동사,5,일반어,신규_어휘_후보,,0,False
창법,1,명사,5,일반어,신규_어휘_후보,,0,False
창부,5,명사,5,일반어,신규_어휘_후보,,0,False
창설되다,0,동사,5,일반어,신규_어휘_후보,,0,False
창설자,0,명사,5,일반어,신규_어휘_후보,,0,False
창세기,0,명사,5,전문어(기독교),신규_어휘_후보,,0,False
창송녹죽,0,명사,5,일반어,신규_어휘_후보,,0,False
창시,0,명사,5,일반어,신규_어휘_후보,,0,False
창시되다,0,동사,5,일반어,신규_어휘_후보,,0,False
창씨,0,명사,5,전문어(역사),신규_어휘_후보,,0,False
창안,1,명사,5,일반어,신규_어휘_후보,,0,False
창안되다,0,동사,5,일반어,신규_어휘_후보,,0,False
창업,0,명사,5,일반어/일반어,신규_어휘_후보,,0,False
창원,1,명사,5,전문어(지명),신규_어휘_후보,,0,False
창작되다,0,동사,5,일반어/일반어/일반어,신규_어휘_후보,,0,False
창작욕,0,명사,5,일반어,신규_어휘_후보,,0,False
창작품,0,명사,5,전문어(예체능 일반),신규_어휘_후보,,0,False
창제되다,0,동사,5,일반어,신규_어휘_후보,,0,False
창제하다,2,동사,5,일반어,신규_어휘_후보,,0,False
창조되다,0,동사,5,일반어/일반어/일반어,신규_어휘_후보,,0,False
창조력,0,명사,5,일반어,신규_어휘_후보,,0,False
창조성,0,명사,5,일반어,신규_어휘_후보,,0,False
창조자,0,명사,5,일반어,신규_어휘_후보,,0,False
창조주,0,명사,5,전문어(가톨릭),신규_어휘_후보,,0,False
창창하다,5,형용사,5,일반어/일반어/일반어/일반어,신규_어휘_후보,,0,False
창턱,0,명사,5,전문어(건설),신규_어휘_후보,,0,False
창포,0,명사,5,전문어(식물)/전문어(한의),신규_어휘_후보,,0,False
찾아보기,0,명사,5,일반어,신규_어휘_후보,,0,False
채,5,명사,5,일반어/일반어/일반어/전문어(음악),신규_어휘_후보,,0,True
채광,2,명사,5,일반어,신규_어휘_후보,,0,False
채굴,0,명사,5,일반어,신규_어휘_후보,,0,False
채굴하다,0,동사,5,일반어,신규_어휘_후보,,0,False
채권,1,명사,5,일반어/전문어(경제),신규_어휘_후보,,0,True
채권,2,명사,5,전문어(법률),신규_어휘_후보,,0,True
채권자,0,명사,5,전문어(법률),신규_어휘_후보,,0,False
채근,1,명사,5,일반어/일반어/일반어/일반어,신규_어휘_후보,,0,False
채다,2,동사,5,일반어/일반어/일반어,신규_어휘_후보,,0,True
채도,1,명사,5,전문어(예체능 일반),신규_어휘_후보,,0,False
채무,0,명사,5,전문어(법률),신규_어휘_후보,,0,False
채무자,0,명사,5,전문어(법률),신규_어휘_후보,,0,False
채반,2,명사,5,일반어/일반어,신규_어휘_후보,,0,False
채비하다,0,동사,5,일반어,신규_어휘_후보,,0,False
채색화,0,명사,5,전문어(미술),신규_어휘_후보,,0,False
채석장,0,명사,5,일반어,신규_어휘_후보,,0,False
채신머리없이,0,부사,5,일반어,신규_어휘_후보,,0,False
채우다,2,동사,5,일반어,신규_어휘_후보,,0,True
채점표,0,명사,5,일반어,신규_어휘_후보,,0,False
채취되다,0,동사,5,일반어/일반어,신규_어휘_후보,,0,False
채칼,0,명사,5,일반어,신규_어휘_후보,,0,False
채편,0,명사,5,전문어(음악),신규_어휘_후보,,0,False
채혈,0,명사,5,전문어(의학),신규_어휘_후보,,0,False
책거리,2,명사,5,일반어,신규_어휘_후보,,0,False
책력,0,명사,5,일반어,신규_어휘_후보,,0,False
책망,0,명사,5,일반어,신규_어휘_후보,,0,False
책보,1,명사,5,일반어,신규_어휘_후보,,0,False
책보자기,0,명사,5,일반어,신규_어휘_후보,,0,False
책사,3,명사,5,일반어/일반어,신규_어휘_후보,,0,False
책상보,0,명사,5,일반어,신규_어휘_후보,,0,False
책장,1,명사,5,일반어,신규_어휘_후보,,0,True
책정하다,0,동사,5,일반어,신규_어휘_후보,,0,False
책탁자,0,명사,5,일반어,신규_어휘_후보,,0,False
챙,0,명사,5,일반어/전문어(건설),신규_어휘_후보,,0,False
처가댁,0,명사,5,일반어,신규_어휘_후보,,0,False
처가살이,0,명사,5,일반어,신규_어휘_후보,,0,False
처녀림,0,명사,5,일반어,신규_어휘_후보,,0,False
처녀막,0,명사,5,전문어(의학),신규_어휘_후보,,0,False
처녀자리,0,명사,5,전문어(천문),신규_어휘_후보,,0,False
처단,0,명사,5,일반어,신규_어휘_후보,,0,False
처단되다,0,동사,5,일반어,신규_어휘_후보,,0,False
처량히,0,부사,5,일반어/일반어,신규_어휘_후보,,0,False
처매다,0,동사,5,일반어,신규_어휘_후보,,0,False
처사,1,명사,5,일반어,신규_어휘_후보,,0,True
처사,2,명사,5,일반어,신규_어휘_후보,,0,True
처서,0,명사,5,일반어,신규_어휘_후보,,0,False
처세,0,명사,5,일반어,신규_어휘_후보,,0,False
처세상,0,명사,5,일반어,신규_어휘_후보,,0,False
처세술,0,명사,5,일반어,신규_어휘_후보,,0,False
처소,0,명사,5,일반어/일반어,신규_어휘_후보,,0,False
처신,0,명사,5,일반어,신규_어휘_후보,,0,False
처신하다,0,동사,5,일반어,신규_어휘_후보,,0,False
처자,1,명사,5,일반어,신규_어휘_후보,,0,True
처자,2,명사,5,일반어,신규_어휘_후보,,0,True
처절하다,1,형용사,5,일반어,신규_어휘_후보,,0,True
처절히,1,부사,5,일반어,신규_어휘_후보,,0,False
처제,0,명사,5,일반어,신규_어휘_후보,,0,False
처조카,0,명사,5,일반어,신규_어휘_후보,,0,False
처참히,0,부사,5,일반어,신규_어휘_후보,,0,False
처첩,0,명사,5,일반어,신규_어휘_후보,,0,False
처치되다,0,동사,5,일반어/일반어/일반어,신규_어휘_후보,,0,False
처형,1,명사,5,일반어,신규_어휘_후보,,0,True
처형장,0,명사,5,일반어,신규_어휘_후보,,0,False
척,2,부사,5,일반어/일반어/일반어,신규_어휘_후보,,0,True
척,3,부사,5,일반어/일반어,신규_어휘_후보,,0,True
척결,0,명사,5,일반어/일반어,신규_어휘_후보,,0,False
척관법,0,명사,5,일반어,신규_어휘_후보,,0,False
척도,0,명사,5,일반어/일반어,신규_어휘_후보,,0,False
척수,3,명사,5,전문어(의학),신규_어휘_후보,,0,False
척척,1,부사,5,일반어/일반어/일반어,신규_어휘_후보,,0,True
척척히,0,부사,5,일반어,신규_어휘_후보,,0,False
척화비,0,명사,5,전문어(역사),신규_어휘_후보,,0,False
천거하다,2,동사,5,일반어,신규_어휘_후보,,0,False
천고,1,명사,5,일반어/일반어/일반어,신규_어휘_후보,,0,False
천고마비,0,명사,5,일반어,신규_어휘_후보,,0,False
천공,4,명사,5,일반어,신규_어휘_후보,,0,False
천구,4,명사,5,전문어(천문),신규_어휘_후보,,0,False
천군만마,0,명사,5,일반어,신규_어휘_후보,,0,False
천년,1,명사,5,일반어,신규_어휘_후보,,0,False
천덕꾸러기,0,명사,5,일반어,신규_어휘_후보,,0,False
천도,2,명사,5,일반어,신규_어휘_후보,,0,True
천도,3,명사,5,일반어/일반어/전문어(불교),신규_어휘_후보,,0,True
천도,4,명사,5,일반어,신규_어휘_후보,,0,True
천도복숭아,0,명사,5,전문어(식물)/일반어,신규_어휘_후보,,0,False
천도하다,1,동사,5,일반어,신규_어휘_후보,,0,False
천동설,0,명사,5,전문어(천문),신규_어휘_후보,,0,False
천륜,1,명사,5,일반어/일반어,신규_어휘_후보,,0,False
천리,2,명사,5,일반어,신규_어휘_후보,,0,False
천리경,0,명사,5,전문어(물리),신규_어휘_후보,,0,False
천리교,0,명사,5,전문어(종교 일반)/전문어(종교 일반),신규_어휘_후보,,0,False
천리마,0,명사,5,일반어,신규_어휘_후보,,0,False
천리안,0,명사,5,일반어,신규_어휘_후보,,0,False
천리장성,0,명사,5,전문어(역사)/전문어(역사),신규_어휘_후보,,0,False
천마,1,명사,5,일반어/일반어,신규_어휘_후보,,0,False
천마도,0,명사,5,전문어(역사),신규_어휘_후보,,0,False
천마총,0,명사,5,전문어(역사),신규_어휘_후보,,0,False
천막집,0,명사,5,일반어,신규_어휘_후보,,0,False
천만년,0,명사,5,일반어,신규_어휘_후보,,0,False
천만뜻밖,0,명사,5,일반어,신규_어휘_후보,,0,False
천만에,0,감탄사,5,일반어,신규_어휘_후보,,0,False
천만장자,0,명사,5,일반어,신규_어휘_후보,,0,False
천명,1,명사,5,일반어/일반어/일반어,신규_어휘_후보,,0,False
천명하다,2,동사,5,일반어,신규_어휘_후보,,0,False
천문학적,0,명사/관형사,5,일반어/일반어/일반어/일반어,신규_어휘_후보,,0,False
천백번,0,명사,5,일반어,신규_어휘_후보,,0,False
천병,2,명사,5,일반어,신규_어휘_후보,,0,False
천부당만부당,0,명사,5,일반어,신규_어휘_후보,,0,False
천부인,0,명사,5,일반어,신규_어휘_후보,,0,False
천상열차분야지도,0,명사,5,전문어(책명),신규_어휘_후보,,0,False
천생,1,명사/부사,5,일반어/일반어,신규_어휘_후보,,0,False
천생배필,0,명사,5,일반어,신규_어휘_후보,,0,False
천석꾼,0,명사,5,일반어,신규_어휘_후보,,0,False
천성,2,명사,5,일반어,신규_어휘_후보,,0,False
천수답,0,명사,5,전문어(농업),신규_어휘_후보,,0,False
천승,1,명사,5,일반어/일반어,신규_어휘_후보,,0,False
천시,1,명사,5,일반어/일반어,신규_어휘_후보,,0,True
천신만고,0,명사,5,일반어,신규_어휘_후보,,0,False
천심,2,명사,5,일반어/일반어/일반어/일반어/전문어(불교)/전문어(종교 일반),신규_어휘_후보,,0,False
천안,1,명사,5,전문어(지명),신규_어휘_후보,,0,False
천애,0,명사,5,일반어/일반어/일반어,신규_어휘_후보,,0,False
천야만야하다,0,형용사,5,일반어,신규_어휘_후보,,0,False
천연고무,0,명사,5,일반어,신규_어휘_후보,,0,False
천연덕스럽다,0,형용사,5,일반어/일반어,신규_어휘_후보,,0,False
천연석,0,명사,5,일반어,신규_어휘_후보,,0,False
천연스럽다,0,형용사,5,일반어/일반어,신규_어휘_후보,,0,False
천연염료,0,명사,5,일반어,신규_어휘_후보,,0,False
천연적,0,명사/관형사,5,일반어/일반어,신규_어휘_후보,,0,False
천연하다,1,형용사,5,일반어/일반어,신규_어휘_후보,,0,False
천우신조,0,명사,5,일반어,신규_어휘_후보,,0,False
천일,2,명사,5,일반어/일반어/전문어(종교 일반),신규_어휘_후보,,0,False
천일기도,0,명사,5,일반어,신규_어휘_후보,,0,False
천일염,0,명사,5,일반어,신규_어휘_후보,,0,False
천일주,0,명사,5,일반어,신규_어휘_후보,,0,False
천자문,0,명사,5,전문어(책명),신규_어휘_후보,,0,False
천재,3,명사,5,일반어,신규_어휘_후보,,0,True
천재아,0,명사,5,일반어,신규_어휘_후보,,0,False
천재지변,0,명사,5,일반어,신규_어휘_후보,,0,False
천제,2,명사,5,전문어(종교 일반),신규_어휘_후보,,0,False
천주실의,0,명사,5,전문어(책명),신규_어휘_후보,,0,False
천지간,0,명사,5,일반어,신규_어휘_후보,,0,False
천지개벽,0,명사,5,일반어/일반어,신규_어휘_후보,,0,False
천지신명,0,명사,5,전문어(민속),신규_어휘_후보,,0,False
천직,1,명사,5,일반어,신규_어휘_후보,,0,False
천진,3,명사,5,일반어/전문어(불교),신규_어휘_후보,,0,False
천진스럽다,0,형용사,5,일반어,신규_어휘_후보,,0,False
천차만별,0,명사,5,일반어,신규_어휘_후보,,0,False
천추,1,명사,5,일반어,신규_어휘_후보,,0,False
천추만대,0,명사,5,일반어,신규_어휘_후보,,0,False
천치,0,명사,5,일반어,신규_어휘_후보,,0,False
천칭,1,명사,5,일반어,신규_어휘_후보,,0,False
천태만상,0,명사,5,일반어,신규_어휘_후보,,0,False
천태종,0,명사,5,전문어(불교),신규_어휘_후보,,0,False
천편일률적,0,명사/관형사,5,일반어/일반어,신규_어휘_후보,,0,False
천품,2,명사,5,일반어,신규_어휘_후보,,0,False
천하무적,0,명사,5,일반어,신규_어휘_후보,,0,False
천하태평,0,명사,5,일반어/일반어,신규_어휘_후보,,0,False
천행,3,명사,5,일반어,신규_어휘_후보,,0,False
철갑선,0,명사,5,일반어,신규_어휘_후보,,0,False
철거덕,0,부사,5,일반어/일반어/일반어/일반어,신규_어휘_후보,,0,False
철거하다,0,동사,5,일반어,신규_어휘_후보,,0,False
철검,0,명사,5,일반어,신규_어휘_후보,,0,False
철골,3,명사,5,일반어/전문어(건설),신규_어휘_후보,,0,False
철공,0,명사,5,일반어,신규_어휘_후보,,0,False
철광,0,명사,5,전문어(광업)/전문어(광업),신규_어휘_후보,,0,False
철그렁,0,부사,5,일반어,신규_어휘_후보,,0,False
철금,0,명사,5,전문어(음악),신규_어휘_후보,,0,False
철꺽,0,부사,5,일반어/일반어/일반어/일반어,신규_어휘_후보,,0,False
철나다,0,동사,5,일반어,신규_어휘_후보,,0,False
철도망,0,명사,5,일반어,신규_어휘_후보,,0,False
철도역,0,명사,5,일반어,신규_어휘_후보,,0,False
철도청,0,명사,5,전문어(행정),신규_어휘_후보,,0,False
철두철미,0,부사,5,일반어,신규_어휘_후보,,0,False
철두철미하다,0,형용사,5,일반어,신규_어휘_후보,,0,False
철들다,0,동사,5,일반어,신규_어휘_후보,,0,False
철렁거리다,1,동사,5,일반어/일반어,신규_어휘_후보,,0,True
철렁거리다,2,동사,5,일반어,신규_어휘_후보,,0,True
철면피,0,명사,5,일반어,신규_어휘_후보,,0,False
철물점,0,명사,5,일반어,신규_어휘_후보,,0,False
철버덕,0,부사,5,일반어,신규_어휘_후보,,0,False
철벅,1,부사,5,일반어,신규_어휘_후보,,0,False
철벽,2,명사,5,일반어/일반어/일반어,신규_어휘_후보,,0,False
철부지,0,명사,5,일반어/일반어,신규_어휘_후보,,0,False
철석,0,명사,5,일반어/일반어,신규_어휘_후보,,0,False
철석같다,0,형용사,5,일반어,신규_어휘_후보,,0,False
철쇄,0,명사,5,일반어/일반어,신규_어휘_후보,,0,False
철수되다,0,동사,5,일반어/일반어,신규_어휘_후보,,0,False
철썩거리다,0,동사,5,일반어/일반어,신규_어휘_후보,,0,False
철야,0,명사,5,일반어,신규_어휘_후보,,0,False
철야하다,0,동사,5,일반어,신규_어휘_후보,,0,False
철없이,0,부사,5,일반어,신규_어휘_후보,,0,False
철원,0,명사,5,전문어(지명),신규_어휘_후보,,0,False
철자법,0,명사,5,전문어(언어),신규_어휘_후보,,0,False
철저,0,명사,5,일반어,신규_어휘_후보,,0,False
철창,1,명사,5,일반어/일반어,신규_어휘_후보,,0,False
철천,1,명사,5,일반어,신규_어휘_후보,,0,False
철컥,0,부사,5,일반어/일반어/일반어/일반어,신규_어휘_후보,,0,False
철컹,0,부사,5,일반어,신규_어휘_후보,,0,False
철컹철컹,0,부사,5,일반어,신규_어휘_후보,,0,False
철통,2,명사,5,일반어,신규_어휘_후보,,0,False
철통같다,0,형용사,5,일반어,신규_어휘_후보,,0,False
철통같이,0,부사,5,일반어,신규_어휘_후보,,0,False
철퇴,2,명사,5,일반어/전문어(역사)/전문어(체육),신규_어휘_후보,,0,True
철퍽,0,부사,5,일반어/일반어,신규_어휘_후보,,0,False
철폐되다,0,동사,5,일반어,신규_어휘_후보,,0,False
철하다,1,동사,5,일반어,신규_어휘_후보,,0,False
철학가,0,명사,5,일반어,신규_어휘_후보,,0,False
철학적,0,명사/관형사,5,"[Ⅰ]일반어
[Ⅱ]일반어",신규_어휘_후보,,0,False
철회,0,명사,5,일반어/일반어,신규_어휘_후보,,0,False
첨가하다,0,동사,5,일반어,신규_어휘_후보,,0,False
첨부하다,0,동사,5,일반어,신규_어휘_후보,,0,False
첨삭,0,명사,5,일반어,신규_어휘_후보,,0,False
첨예하다,0,형용사,5,일반어/일반어,신규_어휘_후보,,0,False
첨자,1,명사,5,전문어(언어),신규_어휘_후보,,0,False
첨지,1,명사,5,전문어(역사)/일반어,신규_어휘_후보,,0,False
첨탑,0,명사,5,일반어,신규_어휘_후보,,0,False
첩,5,의존 명사,5,일반어,신규_어휘_후보,,0,False
첩경,2,명사/부사,5,일반어/일반어/일반어,신규_어휘_후보,,0,False
첩보,4,명사,5,일반어,신규_어휘_후보,,0,False
첩보망,0,명사,5,일반어,신규_어휘_후보,,0,False
첩자,3,명사,5,일반어,신규_어휘_후보,,0,False
첩첩,3,명사/부사,5,일반어/일반어/일반어,신규_어휘_후보,,0,False
첩첩산중,0,명사,5,일반어,신규_어휘_후보,,0,False
첫걸음마,0,명사,5,일반어/일반어,신규_어휘_후보,,0,False
첫나들이,0,명사,5,일반어/일반어,신규_어휘_후보,,0,False
첫날밤,0,명사,5,일반어,신규_어휘_후보,,0,False
첫머리,0,명사,5,일반어,신규_어휘_후보,,0,False
첫발자국,0,명사,5,일반어/일반어,신규_어휘_후보,,0,False
첫새벽,0,명사,5,일반어,신규_어휘_후보,,0,False
첫서리,0,명사,5,일반어,신규_어휘_후보,,0,False
첫손가락,0,명사,5,일반어/일반어,신규_어휘_후보,,0,False
첫술,0,명사,5,일반어,신규_어휘_후보,,0,False
첫얼음,0,명사,5,일반어,신규_어휘_후보,,0,False
첫해,0,명사,5,일반어/일반어,신규_어휘_후보,,0,False
청강,2,명사,5,일반어,신규_어휘_후보,,0,False
청계천,0,명사,5,전문어(지명),신규_어휘_후보,,0,False
청과류,0,명사,5,일반어,신규_어휘_후보,,0,False
청년기,0,명사,5,일반어,신규_어휘_후보,,0,False
청년대,0,명사,5,일반어,신규_어휘_후보,,0,False
청년회,0,명사,5,일반어,신규_어휘_후보,,0,False
청랑,1,명사,5,일반어,신규_어휘_후보,,0,False
청랑하다,1,형용사,5,일반어,신규_어휘_후보,,0,False
청량음료,0,명사,5,일반어,신규_어휘_후보,,0,False
청량하다,3,형용사,5,일반어,신규_어휘_후보,,0,False
청렴,0,명사,5,일반어,신규_어휘_후보,,0,False
청렴결백하다,0,형용사,5,일반어,신규_어휘_후보,,0,False
청렴하다,0,형용사,5,일반어,신규_어휘_후보,,0,False
청록파,0,명사,5,전문어(문학),신규_어휘_후보,,0,False
청명,4,명사,5,전문어(민속),신규_어휘_후보,,0,False
청백리,0,명사,5,일반어/전문어(역사),신규_어휘_후보,,0,False
청빈하다,1,형용사,5,일반어,신규_어휘_후보,,0,False
청사초롱,0,명사,5,전문어(역사)/전문어(역사),신규_어휘_후보,,0,False
청산,4,명사,5,일반어/일반어/전문어(경제),신규_어휘_후보,,0,False
청산녹수,0,명사,5,일반어,신규_어휘_후보,,0,False
청산유수,0,명사,5,일반어,신규_어휘_후보,,0,False
청소차,0,명사,5,일반어/일반어,신규_어휘_후보,,0,False
청소함,0,명사,5,일반어,신규_어휘_후보,,0,False
청솔가지,0,명사,5,일반어,신규_어휘_후보,,0,False
청순하다,1,형용사,5,일반어,신규_어휘_후보,,0,False
청승,1,명사,5,일반어,신규_어휘_후보,,0,False
청승스럽다,0,형용사,5,일반어,신규_어휘_후보,,0,False
청신경,0,명사,5,전문어(의학),신규_어휘_후보,,0,False
청신하다,0,형용사,5,일반어,신규_어휘_후보,,0,False
청심환,0,명사,5,전문어(한의)/전문어(한의),신규_어휘_후보,,0,False
청약,2,명사,5,전문어(법률),신규_어휘_후보,,0,False
청원,2,명사,5,일반어/전문어(법률),신규_어휘_후보,,0,False
청음,5,명사,5,일반어/전문어(교육),신규_어휘_후보,,0,False
청일점,0,명사,5,일반어,신규_어휘_후보,,0,False
청자,2,명사,5,일반어,신규_어휘_후보,,0,True
청장년,0,명사,5,일반어,신규_어휘_후보,,0,False
청조,2,명사,5,일반어/전문어(매체)/전문어(매체),신규_어휘_후보,,0,False
청주,1,명사,5,전문어(지명),신규_어휘_후보,,0,True
청진,1,명사,5,전문어(지명),신규_어휘_후보,,0,True
청천,1,명사,5,일반어,신규_어휘_후보,,0,False
청천강,0,명사,5,전문어(지명),신규_어휘_후보,,0,False
청천벽력,0,명사,5,일반어,신규_어휘_후보,,0,False
청첩,0,명사,5,일반어,신규_어휘_후보,,0,False
청첩장,0,명사,5,일반어,신규_어휘_후보,,0,False
청청하다,1,형용사,5,일반어/일반어,신규_어휘_후보,,0,False
청초하다,1,형용사,5,일반어,신규_어휘_후보,,0,False
청출어람,0,명사,5,일반어,신규_어휘_후보,,0,False
청취,3,명사,5,일반어,신규_어휘_후보,,0,False
청취율,0,명사,5,전문어(매체),신규_어휘_후보,,0,False
청탁,2,명사,5,일반어,신규_어휘_후보,,0,False
청포,3,명사,5,일반어/일반어,신규_어휘_후보,,0,False
청포묵,0,명사,5,일반어,신규_어휘_후보,,0,False
청풍명월,0,명사,5,일반어,신규_어휘_후보,,0,False
청학,1,명사,5,일반어/전문어(민속),신규_어휘_후보,,0,False
청혼,2,명사,5,일반어,신규_어휘_후보,,0,False
청혼하다,1,동사,5,일반어,신규_어휘_후보,,0,False
체,1,명사,5,일반어,신규_어휘_후보,,0,False
체,3,감탄사,5,일반어,신규_어휘_후보,,0,False
체감하다,1,동사,5,일반어,신규_어휘_후보,,0,True
체감하다,2,동사,5,일반어/일반어,신규_어휘_후보,,0,True
체경,2,명사,5,일반어,신규_어휘_후보,,0,False
체납하다,0,동사,5,일반어,신규_어휘_후보,,0,False
체능,0,명사,5,일반어,신규_어휘_후보,,0,False
체득,0,명사,5,일반어/일반어,신규_어휘_후보,,0,False
체력장,0,명사,5,일반어,신규_어휘_후보,,0,False
체류하다,0,동사,5,일반어,신규_어휘_후보,,0,False
체르노빌,0,명사,5,전문어(지명),신규_어휘_후보,,0,False
체르니,0,명사,5,전문어(인명)/전문어(책명),신규_어휘_후보,,0,False
체모,1,명사,5,전문어(의학),신규_어휘_후보,,0,False
체벌,0,명사,5,일반어,신규_어휘_후보,,0,False
체신,1,명사,5,일반어/일반어,신규_어휘_후보,,0,False
체언,0,명사,5,전문어(언어),신규_어휘_후보,,0,False
체위,0,명사,5,일반어/일반어,신규_어휘_후보,,0,False
체육공원,0,명사,5,일반어,신규_어휘_후보,,0,False
체육학,0,명사,5,전문어(체육),신규_어휘_후보,,0,False
체육회,0,명사,5,일반어/일반어/전문어(체육),신규_어휘_후보,,0,False
체인점,0,명사,5,일반어,신규_어휘_후보,,0,False
체재,3,명사,5,일반어,기존_콘텐츠와_연결_후보,SR_L6CORE_4965,1,False
체적,2,명사,5,일반어/전문어(수학),신규_어휘_후보,,0,False
체지방,0,명사,5,전문어(생명),신규_어휘_후보,,0,False
체찰사,0,명사,5,전문어(역사),신규_어휘_후보,,0,False
체취,0,명사,5,일반어/일반어,신규_어휘_후보,,0,False
체코,0,명사,5,전문어(지명),신규_어휘_후보,,0,False
체험담,0,명사,5,일반어,신규_어휘_후보,,0,False
쳇바퀴,0,명사,5,일반어,신규_어휘_후보,,0,False
쳐올리다,0,동사,5,일반어/일반어,신규_어휘_후보,,0,False
초,18,명사,5,일반어,신규_어휘_후보,,0,True
초고추장,0,명사,5,일반어,신규_어휘_후보,,0,False
초년,1,명사,5,일반어/일반어,신규_어휘_후보,,0,False
초능력,0,명사,5,전문어(심리),신규_어휘_후보,,0,False
초단,1,명사,5,일반어/전문어(체육),신규_어휘_후보,,0,False
초단파,0,명사,5,전문어(정보·통신),신규_어휘_후보,,0,False
초당,2,명사,5,일반어/일반어,신규_어휘_후보,,0,False
초대형,0,명사,5,일반어,신규_어휘_후보,,0,False
초래,1,명사,5,일반어/일반어,신규_어휘_후보,,0,False
초래되다,0,동사,5,일반어/일반어,신규_어휘_후보,,0,False
초례,2,명사,5,일반어,신규_어휘_후보,,0,False
초례청,0,명사,5,일반어,신규_어휘_후보,,0,False
초록하다,0,동사,5,일반어,신규_어휘_후보,,0,False
초롱꽃,0,명사,5,전문어(식물),신규_어휘_후보,,0,False
초롱불,0,명사,5,일반어,신규_어휘_후보,,0,False
초립,2,명사,5,일반어,신규_어휘_후보,,0,False
초만원,0,명사,5,일반어,신규_어휘_후보,,0,False
초면,1,명사,5,일반어,신규_어휘_후보,,0,False
초반전,0,명사,5,일반어,신규_어휘_후보,,0,False
초범,1,명사,5,일반어,신규_어휘_후보,,0,False
초봉,0,명사,5,일반어,신규_어휘_후보,,0,False
초빙,3,명사,5,일반어,신규_어휘_후보,,0,False
초상화가,0,명사,5,일반어,신규_어휘_후보,,0,False
초서,3,명사,5,전문어(미술),신규_어휘_후보,,0,False
초선,1,명사,5,일반어,신규_어휘_후보,,0,False
초성,2,명사,5,전문어(언어)/일반어,신규_어휘_후보,,0,False
초소병,0,명사,5,일반어,신규_어휘_후보,,0,False
초소형,0,명사,5,일반어,신규_어휘_후보,,0,False
초순,1,명사,5,일반어,신규_어휘_후보,,0,False
초식성,0,명사,5,일반어,신규_어휘_후보,,0,False
초야,2,명사,5,일반어/일반어/일반어,신규_어휘_후보,,0,True
초야,3,명사,5,일반어,신규_어휘_후보,,0,True
초음속,0,명사,5,전문어(물리)/일반어,신규_어휘_후보,,0,False
초인,4,명사,5,일반어/전문어(철학),신규_어휘_후보,,0,False
초인간적,0,명사/관형사,5,일반어/일반어/일반어/일반어,신규_어휘_후보,,0,False
초장,3,명사,5,일반어/전문어(문학)/전문어(문학),신규_어휘_후보,,0,True
초장,13,명사,5,일반어/일반어,신규_어휘_후보,,0,True
초조히,0,부사,5,일반어,신규_어휘_후보,,0,False
초종,1,명사,5,일반어,신규_어휘_후보,,0,False
초지일관,0,명사,5,일반어,신규_어휘_후보,,0,False
초지진,0,명사,5,전문어(역사),신규_어휘_후보,,0,False
초크,1,명사,5,전문어(복식)/전문어(체육),신규_어휘_후보,,0,False
초토,2,명사,5,일반어/일반어,신규_어휘_후보,,0,False
초파일,0,명사,5,전문어(불교),신규_어휘_후보,,0,False
초판,2,명사,5,전문어(매체),신규_어휘_후보,,0,False
초피,0,명사,5,일반어,신규_어휘_후보,,0,False
초행,1,명사,5,일반어/일반어,신규_어휘_후보,,0,False
초현실주의,0,명사,5,전문어(예체능 일반),신규_어휘_후보,,0,False
초혼,2,명사,5,일반어/일반어,신규_어휘_후보,,0,False
촉,7,명사,5,일반어/전문어(건설),신규_어휘_후보,,0,False
촉각,2,명사,5,전문어(의학),신규_어휘_후보,,0,True
촉구,0,명사,5,일반어,신규_어휘_후보,,0,False
촉망,2,명사,5,일반어,신규_어휘_후보,,0,False
촉매,0,명사,5,전문어(화학)/일반어,신규_어휘_후보,,0,False
촉매제,0,명사,5,전문어(화학)/일반어,신규_어휘_후보,,0,False
촉박하다,0,형용사,5,일반어,신규_어휘_후보,,0,False
촉진제,0,명사,5,전문어(생명)/전문어(화학)/일반어,신규_어휘_후보,,0,False
촌,2,의존 명사,5,일반어/일반어,신규_어휘_후보,,0,False
촌극,2,명사,5,전문어(연기)/일반어,신규_어휘_후보,,0,False
촌놈,0,명사,5,일반어/일반어,신규_어휘_후보,,0,False
촌뜨기,0,명사,5,일반어,신규_어휘_후보,,0,False
촌분,0,명사,5,일반어/일반어,신규_어휘_후보,,0,False
촌수,1,명사,5,일반어,신규_어휘_후보,,0,False
촌장,4,명사,5,일반어,신규_어휘_후보,,0,False
촌지,2,명사,5,일반어/일반어/일반어,신규_어휘_후보,,0,False
촌티,0,명사,5,일반어,신규_어휘_후보,,0,False
촐랑거리다,0,동사,5,일반어/일반어,신규_어휘_후보,,0,False
촐랑촐랑,0,부사,5,일반어/일반어,신규_어휘_후보,,0,False
총검,0,명사,5,일반어/일반어/전문어(군사),신규_어휘_후보,,0,False
총계,2,명사,5,일반어,신규_어휘_후보,,0,False
총구,0,명사,5,일반어/전문어(군사),신규_어휘_후보,,0,False
총구멍,0,명사,5,일반어/일반어/전문어(군사),신규_어휘_후보,,0,False
총궐기하다,0,동사,5,일반어,신규_어휘_후보,,0,False
총기,1,명사,5,일반어,신규_어휘_후보,,0,True
총대장,0,명사,5,일반어,신규_어휘_후보,,0,False
총동원,0,명사,5,일반어,신규_어휘_후보,,0,False
총득점,0,명사,5,일반어,신규_어휘_후보,,0,False
총력,0,명사,5,일반어,신규_어휘_후보,,0,False
총망하다,0,형용사,5,일반어,신규_어휘_후보,,0,False
총명,2,명사,5,일반어/일반어,신규_어휘_후보,,0,False
총무,0,명사,5,일반어/전문어(역사)/전문어(정치),신규_어휘_후보,,0,False
총무부,0,명사,5,일반어,신규_어휘_후보,,0,False
총무처,0,명사,5,전문어(행정),신규_어휘_후보,,0,False
총본부,0,명사,5,일반어,신규_어휘_후보,,0,False
총부,2,명사,5,전문어(역사),신규_어휘_후보,,0,False
총상,2,명사,5,일반어,신규_어휘_후보,,0,False
총세,0,명사,5,일반어/일반어,신규_어휘_후보,,0,False
총소득,0,명사,5,일반어,신규_어휘_후보,,0,False
총수,4,명사,5,일반어,신규_어휘_후보,,0,False
총수량,0,명사,5,일반어,신규_어휘_후보,,0,False
총싸움,0,명사,5,일반어,신규_어휘_후보,,0,False
총알받이,0,명사,5,일반어/일반어,신규_어휘_후보,,0,False
총애,0,명사,5,일반어/전문어(가톨릭),신규_어휘_후보,,0,False
총영사,0,명사,5,전문어(행정),신규_어휘_후보,,0,False
총원,1,명사,5,일반어,신규_어휘_후보,,0,False
총재,3,명사,5,일반어,신규_어휘_후보,,0,False
총집결되다,0,동사,5,일반어,신규_어휘_후보,,0,False
총집합,0,명사,5,일반어,신규_어휘_후보,,0,False
총집합되다,0,동사,5,일반어,신규_어휘_후보,,0,False
총집합하다,0,동사,5,일반어,신규_어휘_후보,,0,False
총채,1,명사,5,일반어,신규_어휘_후보,,0,False
총천연색,0,명사,5,일반어,신규_어휘_후보,,0,False
총체적,1,명사/관형사,5,일반어/일반어,신규_어휘_후보,,0,False
총총걸음,0,명사,5,일반어,신규_어휘_후보,,0,False
총총히,3,부사,5,일반어,신규_어휘_후보,,0,False
총칭,0,명사,5,일반어,신규_어휘_후보,,0,False
총통,1,명사,5,전문어(역사),신규_어휘_후보,,0,True
총통,2,명사,5,일반어/일반어/전문어(역사),신규_어휘_후보,,0,True
총합계,0,명사,5,일반어,신규_어휘_후보,,0,False
촬영기,0,명사,5,일반어,신규_어휘_후보,,0,False
최고조,0,명사,5,일반어,신규_어휘_후보,,0,False
최대량,0,명사,5,일반어,신규_어휘_후보,,0,False
최대치,0,명사,5,일반어/전문어(수학),신규_어휘_후보,,0,False
최루탄,0,명사,5,일반어,신규_어휘_후보,,0,False
최면,0,명사,5,일반어/일반어,신규_어휘_후보,,0,False
최면술,0,명사,5,일반어,신규_어휘_후보,,0,False
최상품,0,명사,5,일반어,신규_어휘_후보,,0,False
최소치,0,명사,5,일반어/전문어(수학),신규_어휘_후보,,0,False
최소화,1,명사,5,일반어,신규_어휘_후보,,0,True
최소화,2,명사,5,일반어,신규_어휘_후보,,0,True
최신식,0,명사,5,일반어,신규_어휘_후보,,0,False
최장,0,명사,5,일반어,신규_어휘_후보,,0,False
최적화,0,명사,5,전문어(수학),신규_어휘_후보,,0,False
최종회,0,명사,5,일반어,신규_어휘_후보,,0,False
최후통첩,0,명사,5,일반어/전문어(법률),신규_어휘_후보,,0,False
추곡,1,명사,5,일반어,신규_어휘_후보,,0,False
추궁,2,명사,5,일반어,신규_어휘_후보,,0,False
추궁하다,0,동사,5,일반어,신규_어휘_후보,,0,False
추근거리다,0,동사,5,일반어,신규_어휘_후보,,0,False
추남,0,명사,5,일반어,신규_어휘_후보,,0,False
추녀,1,명사,5,전문어(건설),신규_어휘_후보,,0,False
추대,2,명사,5,일반어,신규_어휘_후보,,0,False
추도,1,명사,5,일반어,신규_어휘_후보,,0,False
추도식,0,명사,5,일반어,신규_어휘_후보,,0,False
추돌,0,명사,5,일반어,신규_어휘_후보,,0,False
추레하다,0,형용사,5,일반어/일반어,신규_어휘_후보,,0,False
추모식,0,명사,5,일반어,신규_어휘_후보,,0,False
추방,2,명사,5,일반어/전문어(법률),신규_어휘_후보,,0,False
추산,2,명사,5,일반어,신규_어휘_후보,,0,False
추상,3,명사,5,일반어,신규_어휘_후보,,0,True
추서,2,명사,5,일반어,신규_어휘_후보,,0,False
추서되다,0,동사,5,일반어,신규_어휘_후보,,0,False
추수기,2,명사,5,일반어,신규_어휘_후보,,0,False
추앙,0,명사,5,일반어,신규_어휘_후보,,0,False
추앙하다,0,동사,5,일반어,신규_어휘_후보,,0,False
추어올리다,0,동사,5,일반어/일반어,신규_어휘_후보,,0,False
추억담,0,명사,5,일반어,신규_어휘_후보,,0,False
추월,1,명사,5,일반어,신규_어휘_후보,,0,False
추잡스럽다,1,형용사,5,일반어,신규_어휘_후보,,0,False
추잡하다,1,형용사,5,일반어,신규_어휘_후보,,0,False
추적추적,0,부사,5,일반어/일반어,신규_어휘_후보,,0,False
추젓,0,명사,5,일반어,신규_어휘_후보,,0,False
추첨,0,명사,5,일반어,신규_어휘_후보,,0,False
추첨하다,0,동사,5,일반어,신규_어휘_후보,,0,False
추출,0,명사,5,일반어/전문어(수학)/전문어(화학),신규_어휘_후보,,0,False
추켜세우다,0,동사,5,일반어/일반어,신규_어휘_후보,,0,False
추켜올리다,0,동사,5,일반어/일반어,신규_어휘_후보,,0,False
추키다,0,동사,5,일반어/일반어/일반어/일반어,신규_어휘_후보,,0,False
추탕,0,명사,5,일반어,신규_어휘_후보,,0,False
추태,4,명사,5,일반어,신규_어휘_후보,,0,False
추풍령,0,명사,5,전문어(지명),신규_어휘_후보,,0,False
추행,4,명사,5,일반어/일반어,신규_어휘_후보,,0,False
축가,0,명사,5,일반어,신규_어휘_후보,,0,False
축국,0,명사,5,전문어(체육)/전문어(체육),신규_어휘_후보,,0,False
축나다,0,동사,5,일반어/일반어,신규_어휘_후보,,0,False
축농증,0,명사,5,전문어(의학),신규_어휘_후보,,0,False
축도,1,명사,5,전문어(기독교),신규_어휘_후보,,0,True
축도,2,명사,5,일반어/일반어,신규_어휘_후보,,0,True
축문,1,명사,5,일반어,신규_어휘_후보,,0,False
축사,1,명사,5,일반어,신규_어휘_후보,,0,True
축사,4,명사,5,일반어,신규_어휘_후보,,0,True
축산업자,0,명사,5,일반어,신규_어휘_후보,,0,False
축산학,0,명사,5,전문어(농업),신규_어휘_후보,,0,False
축성,4,명사,5,일반어/일반어,신규_어휘_후보,,0,False
축수하다,1,동사,5,일반어,신규_어휘_후보,,0,False
축시,1,명사,5,전문어(민속)/전문어(민속),신규_어휘_후보,,0,False
축약,0,명사,5,일반어/전문어(언어),신규_어휘_후보,,0,False
축약되다,0,동사,5,일반어/전문어(언어),신규_어휘_후보,,0,False
축원,0,명사,5,일반어/전문어(불교)/전문어(종교 일반),신규_어휘_후보,,0,False
축원하다,0,동사,5,일반어/전문어(종교 일반),신규_어휘_후보,,0,False
축의금,0,명사,5,일반어,신규_어휘_후보,,0,False
축재,0,명사,5,일반어,신규_어휘_후보,,0,False
축적,0,명사,5,일반어,기존_콘텐츠와_연결_후보,SR_L4CORE_4816,1,False
축전,1,명사,5,일반어,신규_어휘_후보,,0,True
축전,2,명사,5,일반어,신규_어휘_후보,,0,True
축조,2,명사,5,일반어,신규_어휘_후보,,0,False
축축,1,부사,5,일반어,신규_어휘_후보,,0,False
축포,0,명사,5,일반어,신규_어휘_후보,,0,False
축하객,0,명사,5,일반어,신규_어휘_후보,,0,False
축하단,0,명사,5,일반어,신규_어휘_후보,,0,False
축하문,0,명사,5,일반어,신규_어휘_후보,,0,False
축하식,0,명사,5,일반어,신규_어휘_후보,,0,False
축하장,0,명사,5,일반어,신규_어휘_후보,,0,False
축항,2,명사,5,일반어,신규_어휘_후보,,0,False
춘곤증,0,명사,5,일반어,신규_어휘_후보,,0,False
춘궁기,0,명사,5,일반어,신규_어휘_후보,,0,False
춘란,0,명사,5,전문어(식물),신규_어휘_후보,,0,False
춘부장,0,명사,5,일반어,신규_어휘_후보,,0,False
춘삼월,0,명사,5,일반어,신규_어휘_후보,,0,False
춘절,0,명사,5,일반어,신규_어휘_후보,,0,False
춘천,1,명사,5,전문어(지명),신규_어휘_후보,,0,False
춘풍,0,명사,5,일반어,신규_어휘_후보,,0,False
춘하추동,0,명사,5,일반어,신규_어휘_후보,,0,False
춘향,2,명사,5,전문어(문학),신규_어휘_후보,,0,False
출가,1,명사,5,일반어/전문어(불교)/전문어(가톨릭),신규_어휘_후보,,0,True
출가,2,명사,5,일반어,신규_어휘_후보,,0,True
출가외인,0,명사,5,일반어,신규_어휘_후보,,0,False
출가하다,1,동사,5,전문어(불교)/전문어(가톨릭),신규_어휘_후보,,0,True
출간,0,명사,5,일반어,신규_어휘_후보,,0,False
출간하다,0,동사,5,일반어,신규_어휘_후보,,0,False
출감,0,명사,5,일반어,신규_어휘_후보,,0,False
출격,2,명사,5,일반어,신규_어휘_후보,,0,False
출금하다,1,동사,5,일반어,신규_어휘_후보,,0,False
출납,0,명사,5,일반어/일반어/일반어,신규_어휘_후보,,0,False
출납부,0,명사,5,일반어,신규_어휘_후보,,0,False
출두하다,2,동사,5,일반어/전문어(역사),신규_어휘_후보,,0,False
출렁다리,0,명사,5,전문어(건설),신규_어휘_후보,,0,False
출렁이다,0,동사,5,일반어/일반어,신규_어휘_후보,,0,False
출렁출렁,0,부사,5,일반어/일반어/일반어,신규_어휘_후보,,0,False
출력되다,0,동사,5,일반어/전문어(기계)/전문어(물리)/전문어(정보·통신),신규_어휘_후보,,0,False
출력물,0,명사,5,일반어,신규_어휘_후보,,0,False
출마,0,명사,5,일반어/일반어/일반어,신규_어휘_후보,,0,False
출범,2,명사,5,일반어/일반어,신규_어휘_후보,,0,False
출범하다,2,동사,5,일반어/일반어,신규_어휘_후보,,0,False
출생지,0,명사,5,일반어,신규_어휘_후보,,0,False
출석자,0,명사,5,일반어,신규_어휘_후보,,0,False
출소,2,명사,5,일반어,신규_어휘_후보,,0,False
출소하다,1,동사,5,일반어,신규_어휘_후보,,0,False
출시,0,명사,5,일반어,신규_어휘_후보,,0,False
출신교,0,명사,5,일반어,신규_어휘_후보,,0,False
출연료,0,명사,5,일반어,신규_어휘_후보,,0,False
출연자,0,명사,5,일반어,신규_어휘_후보,,0,False
출연하다,1,동사,5,일반어/전문어(법률),신규_어휘_후보,,0,True
출옥,0,명사,5,일반어,신규_어휘_후보,,0,False
출옥하다,0,동사,5,일반어,신규_어휘_후보,,0,False
출자,0,명사,5,전문어(경제),신규_어휘_후보,,0,False
출장,2,명사,5,일반어/전문어(체육),신규_어휘_후보,,0,True
출전,1,명사,5,일반어,신규_어휘_후보,,0,True
출정,3,명사,5,일반어/일반어,신규_어휘_후보,,0,False
출정하다,3,동사,5,일반어/일반어,신규_어휘_후보,,0,False
출제,0,명사,5,일반어,신규_어휘_후보,,0,False
출중하다,0,형용사,5,일반어,신규_어휘_후보,,0,False
출토되다,0,동사,5,일반어,신규_어휘_후보,,0,False
출토품,0,명사,5,일반어,신규_어휘_후보,,0,False
출토하다,0,동사,5,일반어,신규_어휘_후보,,0,False
출판인,0,명사,5,일반어,신규_어휘_후보,,0,False
출품,0,명사,5,일반어,신규_어휘_후보,,0,False
출하,0,명사,5,일반어/일반어,신규_어휘_후보,,0,False
출하하다,0,동사,5,일반어/일반어,신규_어휘_후보,,0,False
출항,2,명사,5,일반어,신규_어휘_후보,,0,False
출항하다,1,동사,5,일반어,신규_어휘_후보,,0,True
춤꾼,0,명사,5,일반어/일반어,신규_어휘_후보,,0,False
춤마당,0,명사,5,일반어,신규_어휘_후보,,0,False
춤판,0,명사,5,일반어,신규_어휘_후보,,0,False
충,2,명사,5,일반어,신규_어휘_후보,,0,True
충,5,명사,5,일반어/전문어(동물),신규_어휘_후보,,0,True
충당,1,명사,5,일반어,신규_어휘_후보,,0,False
충동구매,0,명사,5,일반어,신규_어휘_후보,,0,False
충류,0,명사,5,일반어/일반어,신규_어휘_후보,,0,False
충만,0,명사,5,일반어,신규_어휘_후보,,0,False
충만하다,0,형용사,5,일반어,신규_어휘_후보,,0,False
충복,2,명사,5,일반어/일반어,신규_어휘_후보,,0,False
충수염,0,명사,5,전문어(의학),신규_어휘_후보,,0,False
충실,1,명사,5,일반어/일반어,신규_어휘_후보,,0,False
충실감,2,명사,5,일반어,신규_어휘_후보,,0,False
충실하다,1,형용사,5,일반어/일반어,신규_어휘_후보,,0,True
충실히,1,부사,5,일반어/일반어,신규_어휘_후보,,0,True
충심,1,명사,5,일반어,신규_어휘_후보,,0,True
충심,2,명사,5,일반어,신규_어휘_후보,,0,True
충언,0,명사,5,일반어/일반어,신규_어휘_후보,,0,False
충원,0,명사,5,일반어,신규_어휘_후보,,0,False
충원하다,0,동사,5,일반어,신규_어휘_후보,,0,False
충일,0,명사,5,일반어,신규_어휘_후보,,0,False
충적층,0,명사,5,전문어(지구),신규_어휘_후보,,0,False
충전하다,1,동사,5,일반어/일반어/전문어(광업),신규_어휘_후보,,0,True
충절,0,명사,5,일반어,신규_어휘_후보,,0,False
충정,5,명사,5,일반어,신규_어휘_후보,,0,False
충주,0,명사,5,전문어(지명),신규_어휘_후보,,0,False
충직성,0,명사,5,일반어,신규_어휘_후보,,0,False
충천,2,명사,5,일반어/일반어,신규_어휘_후보,,0,False
충천하다,2,동사,5,일반어/일반어,신규_어휘_후보,,0,False
충혈,1,명사,5,전문어(의학),신규_어휘_후보,,0,False
취,1,명사,5,전문어(식물),신규_어휘_후보,,0,False
취구,0,명사,5,일반어,신규_어휘_후보,,0,False
취급소,0,명사,5,일반어,신규_어휘_후보,,0,False
취락,0,명사,5,전문어(건설),신규_어휘_후보,,0,False
취사반,0,명사,5,일반어,신규_어휘_후보,,0,False
취사병,0,명사,5,전문어(군사),신규_어휘_후보,,0,False
취사선택,0,명사,5,일반어,신규_어휘_후보,,0,False
취약,0,명사,5,일반어,신규_어휘_후보,,0,False
취약점,0,명사,5,일반어,신규_어휘_후보,,0,False
취약하다,0,형용사,5,일반어,신규_어휘_후보,,0,False
취재부,0,명사,5,일반어,신규_어휘_후보,,0,False
취조,1,명사,5,일반어,신규_어휘_후보,,0,False
취주악,0,명사,5,전문어(음악),신규_어휘_후보,,0,False
취중,2,명사,5,일반어,신규_어휘_후보,,0,False
취지서,0,명사,5,일반어,신규_어휘_후보,,0,False
취타,0,명사,5,전문어(역사)/전문어(음악)/전문어(음악),신규_어휘_후보,,0,False
취학,0,명사,5,일반어/일반어,신규_어휘_후보,,0,False
측간,1,명사,5,일반어,신규_어휘_후보,,0,False
측근,1,명사,5,일반어/일반어,신규_어휘_후보,,0,False
측면도,0,명사,5,전문어(건설),신규_어휘_후보,,0,False
측백나무,0,명사,5,전문어(식물),신규_어휘_후보,,0,False
측은,1,명사,5,일반어,신규_어휘_후보,,0,False
측은스럽다,0,형용사,5,일반어,신규_어휘_후보,,0,False
측은지심,0,명사,5,전문어(철학),신규_어휘_후보,,0,False
측정값,0,명사,5,일반어,신규_어휘_후보,,0,False
측정치,0,명사,5,일반어,신규_어휘_후보,,0,False
층간,0,명사,5,일반어,신규_어휘_후보,,0,False
층계참,0,명사,5,전문어(건설),신규_어휘_후보,,0,False
층대,0,명사,5,일반어,신규_어휘_후보,,0,False
층리,1,명사,5,전문어(지구),신규_어휘_후보,,0,False
층암절벽,0,명사,5,일반어,신규_어휘_후보,,0,False
층층,0,명사,5,일반어/일반어,신규_어휘_후보,,0,False
층층계,0,명사,5,일반어,신규_어휘_후보,,0,False
층층대,0,명사,5,일반어,신규_어휘_후보,,0,False
층하,0,명사,5,일반어,신규_어휘_후보,,0,False
치,4,의존 명사,5,일반어,신규_어휘_후보,,0,False
치,10,명사,5,일반어,신규_어휘_후보,,0,False
치근거리다,0,동사,5,일반어,신규_어휘_후보,,0,False
치기,3,명사,5,일반어,신규_어휘_후보,,0,False
치다꺼리,0,명사,5,일반어/일반어,신규_어휘_후보,,0,False
치닫다,0,동사,5,일반어/일반어/일반어,신규_어휘_후보,,0,False
치대다,1,동사,5,일반어,신규_어휘_후보,,0,False
치뜨다,0,동사,5,일반어,신규_어휘_후보,,0,False
치렁치렁하다,0,동사/형용사,5,일반어/일반어,신규_어휘_후보,,0,False
치레,1,명사,5,일반어/일반어,신규_어휘_후보,,0,False
치료소,0,명사,5,일반어,신규_어휘_후보,,0,False
치루,1,명사,5,전문어(의학),신규_어휘_후보,,0,False
치마바지,0,명사,5,일반어,신규_어휘_후보,,0,False
치맛감,0,명사,5,일반어,신규_어휘_후보,,0,False
치맛바람,0,명사,5,일반어/일반어/일반어,신규_어휘_후보,,0,False
치명상,0,명사,5,일반어/일반어,신규_어휘_후보,,0,False
치밀성,0,명사,5,일반어,신규_어휘_후보,,0,False
치밀히,0,부사,5,일반어,신규_어휘_후보,,0,False
치받다,1,동사,5,일반어,신규_어휘_후보,,0,True
치받다,2,동사,5,일반어/일반어/일반어,신규_어휘_후보,,0,True
치받치다,1,동사,5,일반어/일반어,신규_어휘_후보,,0,False
치부,1,명사,5,일반어/일반어,신규_어휘_후보,,0,False
치부하다,1,동사,5,일반어,신규_어휘_후보,,0,True
치사,3,명사,5,일반어,신규_어휘_후보,,0,True
치사,4,명사,5,일반어/전문어(역사)/전문어(음악),신규_어휘_후보,,0,True
치사랑,0,명사,5,일반어,신규_어휘_후보,,0,False
치사량,0,명사,5,전문어(약학),신규_어휘_후보,,0,False
치사스럽다,0,형용사,5,일반어,신규_어휘_후보,,0,False
치사하다,3,동사,5,일반어,신규_어휘_후보,,0,True
치사하다,4,동사,5,일반어,신규_어휘_후보,,0,True
치석,2,명사,5,전문어(의학),신규_어휘_후보,,0,False
치성,1,명사,5,일반어/일반어,신규_어휘_후보,,0,False
치실,0,명사,5,일반어,신규_어휘_후보,,0,False
치악산,2,명사,5,전문어(지명),신규_어휘_후보,,0,False
치어,2,명사,5,일반어,신규_어휘_후보,,0,False
치어걸,0,명사,5,일반어,신규_어휘_후보,,0,False
치열,2,명사,5,일반어,신규_어휘_후보,,0,False
치유,1,명사,5,일반어,신규_어휘_후보,,0,False
치자,2,명사,5,전문어(한의),신규_어휘_후보,,0,False
치자나무,0,명사,5,전문어(식물),신규_어휘_후보,,0,False
치졸하다,0,형용사,5,일반어,신규_어휘_후보,,0,False
치질,1,명사,5,전문어(의학),신규_어휘_후보,,0,False
치하,1,명사,5,일반어/일반어,신규_어휘_후보,,0,True
치하,2,명사,5,일반어,신규_어휘_후보,,0,True
치하하다,0,동사,5,일반어,신규_어휘_후보,,0,False
칙사,0,명사,5,일반어,신규_어휘_후보,,0,False
칙서,0,명사,5,일반어,신규_어휘_후보,,0,False
칙칙하다,0,형용사,5,일반어/일반어,신규_어휘_후보,,0,False
친교,1,명사,5,일반어,신규_어휘_후보,,0,False
친권,2,명사,5,전문어(법률),신규_어휘_후보,,0,False
친모,0,명사,5,일반어,신규_어휘_후보,,0,False
친목회,0,명사,5,일반어,신규_어휘_후보,,0,False
친밀,0,명사,5,일반어,신규_어휘_후보,,0,False
친서,1,명사,5,일반어/일반어/전문어(법률),신규_어휘_후보,,0,False
친숙,0,명사,5,일반어,신규_어휘_후보,,0,False
친숙감,0,명사,5,일반어,신규_어휘_후보,,0,False
친숙히,0,부사,5,일반어,신규_어휘_후보,,0,False
친우,0,명사,5,일반어,신규_어휘_후보,,0,False
친자,1,명사,5,일반어,신규_어휘_후보,,0,False
친정아버님,0,명사,5,일반어,신규_어휘_후보,,0,False
친정어머님,0,명사,5,일반어,신규_어휘_후보,,0,False
친정집,0,명사,5,일반어,신규_어휘_후보,,0,False
친친,1,부사,5,일반어,신규_어휘_후보,,0,False
친환경적,0,명사/관형사,5,일반어/일반어,신규_어휘_후보,,0,False
칠게,0,명사,5,전문어(동물),신규_어휘_후보,,0,False
칠레,0,명사,5,전문어(지명),신규_어휘_후보,,0,False
칠보,0,명사,5,전문어(불교)/전문어(불교)/전문어(공예),신규_어휘_후보,,0,False
칠부바지,0,명사,5,일반어,신규_어휘_후보,,0,False
칠성,2,명사,5,일반어/전문어(불교)/전문어(천문),신규_어휘_후보,,0,False
칠성각,0,명사,5,전문어(불교),신규_어휘_후보,,0,False
칠야,0,명사,5,일반어,신규_어휘_후보,,0,False
칠전팔기,0,명사,5,일반어,신규_어휘_후보,,0,False
칠칠맞다,0,형용사,5,일반어/일반어,신규_어휘_후보,,0,False
칠팔월,0,명사,5,일반어,신규_어휘_후보,,0,False
칠푼이,0,명사,5,일반어,신규_어휘_후보,,0,False
칠흑,0,명사,5,일반어,신규_어휘_후보,,0,False
칡,0,명사,5,전문어(식물),신규_어휘_후보,,0,False
칡가루,0,명사,5,일반어,신규_어휘_후보,,0,False
칡넝쿨,0,명사,5,일반어,신규_어휘_후보,,0,False
칡범,0,명사,5,전문어(동물),신규_어휘_후보,,0,False
칡차,0,명사,5,일반어,신규_어휘_후보,,0,False
침강,0,명사,5,일반어/전문어(지구),신규_어휘_후보,,0,False
침노하다,0,동사,5,일반어/일반어,신규_어휘_후보,,0,False
침대권,0,명사,5,일반어,신규_어휘_후보,,0,False
침대보,0,명사,5,일반어,신규_어휘_후보,,0,False
침략상,0,명사,5,일반어,신규_어휘_후보,,0,False
침례,0,명사,5,전문어(기독교),신규_어휘_후보,,0,False
침례교,0,명사,5,전문어(기독교),신규_어휘_후보,,0,False
침목,0,명사,5,일반어/전문어(교통),신규_어휘_후보,,0,False
침방울,0,명사,5,일반어,신규_어휘_후보,,0,False
침봉,0,명사,5,일반어,신규_어휘_후보,,0,False
침소,0,명사,5,일반어,신규_어휘_후보,,0,False
침소봉대,0,명사,5,일반어,신규_어휘_후보,,0,False
침수,5,명사,5,일반어,신규_어휘_후보,,0,False
침식,3,명사,5,일반어,신규_어휘_후보,,0,True
침식되다,2,동사,5,전문어(지구),신규_어휘_후보,,0,False
침엽수림,0,명사,5,전문어(임업),신규_어휘_후보,,0,False
침입군,0,명사,5,일반어,신규_어휘_후보,,0,False
침쟁이,0,명사,5,일반어/일반어,신규_어휘_후보,,0,False
침전,1,명사,5,일반어/일반어/전문어(화학),신규_어휘_후보,,0,False
침전지,0,명사,5,전문어(건설),신규_어휘_후보,,0,False
침착성,0,명사,5,일반어,신규_어휘_후보,,0,False
침체되다,0,동사,5,일반어/일반어,신규_어휘_후보,,0,False
침체성,0,명사,5,일반어,신규_어휘_후보,,0,False
침출수,0,명사,5,일반어,신규_어휘_후보,,0,False
침탈,2,명사,5,일반어,신규_어휘_후보,,0,False
침통,3,명사,5,일반어,신규_어휘_후보,,0,False
침통하다,0,형용사,5,일반어,신규_어휘_후보,,0,False
칩거,0,명사,5,일반어,신규_어휘_후보,,0,False
카드뮴,0,명사,5,전문어(화학),신규_어휘_후보,,0,False
카랑카랑하다,2,형용사,5,일반어/일반어,신규_어휘_후보,,0,False
카메라맨,0,명사,5,일반어/일반어,신규_어휘_후보,,0,False
카메오,0,명사,5,일반어/일반어/전문어(영상),신규_어휘_후보,,0,False
카세트테이프,0,명사,5,일반어,신규_어휘_후보,,0,False
카시오페이아,0,명사,5,전문어(문학),신규_어휘_후보,,0,False
카시오페이아자리,0,명사,5,전문어(천문),신규_어휘_후보,,0,False
카우보이,0,명사,5,일반어,신규_어휘_후보,,0,False
카운슬러,0,명사,5,일반어,신규_어휘_후보,,0,False
카운터,1,명사,5,일반어/일반어/일반어,신규_어휘_후보,,0,False
카자흐스탄,0,명사,5,전문어(지명),신규_어휘_후보,,0,False
카타르,2,명사,5,전문어(지명),신규_어휘_후보,,0,False
카타르시스,0,명사,5,전문어(문학)/전문어(심리),신규_어휘_후보,,0,False
카투사,0,명사,5,전문어(군사),신규_어휘_후보,,0,False
카피라이터,0,명사,5,일반어,신규_어휘_후보,,0,False
칵,0,부사,5,일반어,신규_어휘_후보,,0,False
칵테일,0,명사,5,일반어,신규_어휘_후보,,0,False
칸막이하다,0,동사,5,일반어,신규_어휘_후보,,0,False
칼,2,명사,5,전문어(역사),신규_어휘_후보,,0,True
칼도마,0,명사,5,일반어,신규_어휘_후보,,0,False
칼부림,0,명사,5,일반어,신규_어휘_후보,,0,False
칼자루,0,명사,5,일반어,신규_어휘_후보,,0,False
칼질하다,0,동사,5,일반어/일반어,신규_어휘_후보,,0,False
칼집,1,명사,5,일반어,신규_어휘_후보,,0,True
칼춤,0,명사,5,일반어/전문어(무용),신규_어휘_후보,,0,False
칼칼하다,0,형용사,5,일반어/일반어,신규_어휘_후보,,0,False
캄보디아,0,명사,5,전문어(지명),신규_어휘_후보,,0,False
캉캉,3,명사,5,전문어(무용),신규_어휘_후보,,0,False
캐나다,0,명사,5,전문어(지명),신규_어휘_후보,,0,False
캐드,0,명사,5,전문어(정보·통신),신규_어휘_후보,,0,False
캐러멜,0,명사,5,일반어/일반어,신규_어휘_후보,,0,False
캐럴,1,명사,5,일반어,신규_어휘_후보,,0,False
캐비닛,0,명사,5,일반어,신규_어휘_후보,,0,False
캐주얼웨어,0,명사,5,일반어,신규_어휘_후보,,0,False
캑캑,0,부사,5,일반어,신규_어휘_후보,,0,False
캑캑거리다,0,동사,5,일반어,신규_어휘_후보,,0,False
캔디,1,명사,5,일반어,신규_어휘_후보,,0,False
캔버라,0,명사,5,전문어(지명),신규_어휘_후보,,0,False
캘커타,0,명사,5,전문어(지명),신규_어휘_후보,,0,False
캠핑하다,0,동사,5,일반어,신규_어휘_후보,,0,False
커넥터,0,명사,5,전문어(전기·전자),신규_어휘_후보,,0,False
커닝,0,명사,5,일반어,신규_어휘_후보,,0,False
커서,0,명사,5,전문어(수학)/전문어(정보·통신),신규_어휘_후보,,0,False
커피포트,0,명사,5,일반어,신규_어휘_후보,,0,False
컨디션,0,명사,5,일반어/일반어,신규_어휘_후보,,0,False
컨베이어,0,명사,5,전문어(기계),신규_어휘_후보,,0,False
컨트롤러,0,명사,5,전문어(경영)/전문어(기계),신규_어휘_후보,,0,False
컬러복사기,0,명사,5,일반어,신규_어휘_후보,,0,False
컬링,0,명사,5,전문어(체육),신규_어휘_후보,,0,False
컬컬하다,0,형용사,5,일반어/일반어,신규_어휘_후보,,0,False
컵케이크,0,명사,5,일반어,신규_어휘_후보,,0,False
케냐,0,명사,5,전문어(지명),신규_어휘_후보,,0,False
케이에스,0,명사,5,전문어(법률),신규_어휘_후보,,0,False
케이오,0,명사,5,전문어(체육),신규_어휘_후보,,0,False
케이오하다,0,동사,5,전문어(체육),신규_어휘_후보,,0,False
케이티엑스,0,명사,5,전문어(교통),신규_어휘_후보,,0,False
케일,0,명사,5,전문어(식물),신규_어휘_후보,,0,False
케임브리지,2,명사,5,전문어(지명),신규_어휘_후보,,0,False
켜다,3,동사,5,일반어/일반어,신규_어휘_후보,,0,True
코,2,명사,5,일반어/일반어,신규_어휘_후보,,0,True
코감기,0,명사,5,전문어(의학),신규_어휘_후보,,0,False
코넷,0,명사,5,전문어(음악),신규_어휘_후보,,0,False
코대답,0,명사,5,일반어,신규_어휘_후보,,0,False
코디,0,명사,5,일반어,신규_어휘_후보,,0,False
코딱지,0,명사,5,일반어/일반어,신규_어휘_후보,,0,False
코뚜레,0,명사,5,일반어,신규_어휘_후보,,0,False
코란,0,명사,5,전문어(종교 일반),신규_어휘_후보,,0,False
코르덴,0,명사,5,일반어,신규_어휘_후보,,0,False
코맹맹이,0,명사,5,일반어,신규_어휘_후보,,0,False
코미디언,0,명사,5,전문어(연기),신규_어휘_후보,,0,False
코빼기,0,명사,5,일반어,신규_어휘_후보,,0,False
코소보,0,명사,5,전문어(지명),신규_어휘_후보,,0,False
코언저리,0,명사,5,일반어,신규_어휘_후보,,0,False
코일,0,명사,5,전문어(전기·전자),신규_어휘_후보,,0,False
코주부,0,명사,5,일반어,신규_어휘_후보,,0,False
코찡찡이,0,명사,5,일반어/일반어,신규_어휘_후보,,0,False
코치하다,0,동사,5,일반어/전문어(체육),신규_어휘_후보,,0,False
코카인,0,명사,5,전문어(생명),신규_어휘_후보,,0,False
코트디부아르,0,명사,5,전문어(지명),신규_어휘_후보,,0,False
코펠,0,명사,5,일반어,신규_어휘_후보,,0,False
콕,2,명사,5,전문어(기계),신규_어휘_후보,,0,False
콘덴서,0,명사,5,전문어(기계)/전문어(물리)/전문어(전기·전자),신규_어휘_후보,,0,False
콘돔,0,명사,5,일반어,신규_어휘_후보,,0,False
콘사이스,0,명사,5,일반어,신규_어휘_후보,,0,False
콘택트렌즈,0,명사,5,전문어(의학),신규_어휘_후보,,0,False
콘테스트,0,명사,5,일반어,신규_어휘_후보,,0,False
콜라주,0,명사,5,전문어(미술),신규_어휘_후보,,0,False
콜로세움,0,명사,5,전문어(역사),신규_어휘_후보,,0,False
콜록거리다,0,동사,5,일반어,신규_어휘_후보,,0,False
콜롬비아,0,명사,5,전문어(지명),신규_어휘_후보,,0,False
콜택시,0,명사,5,일반어,신규_어휘_후보,,0,False
콤비,0,명사,5,일반어/일반어,신규_어휘_후보,,0,False
콤팩트디스크,0,명사,5,전문어(물리),신규_어휘_후보,,0,False
콧마루,0,명사,5,일반어,신규_어휘_후보,,0,False
콧방울,0,명사,5,일반어,신규_어휘_후보,,0,False
콩강정,0,명사,5,일반어/일반어,신규_어휘_후보,,0,False
콩고,0,명사,5,전문어(지명),신규_어휘_후보,,0,False
콩글리시,0,명사,5,일반어,신규_어휘_후보,,0,False
콩대,0,명사,5,일반어,신규_어휘_후보,,0,False
콩엿,0,명사,5,일반어,신규_어휘_후보,,0,False
콩장,0,명사,5,일반어/일반어,신규_어휘_후보,,0,False
콩쿠르,0,명사,5,일반어,신규_어휘_후보,,0,False
콩트,1,명사,5,전문어(문학),신규_어휘_후보,,0,False
콰르르,0,부사,5,일반어,신규_어휘_후보,,0,False
콱콱,0,부사,5,일반어/일반어,신규_어휘_후보,,0,False
쾌감,0,명사,5,일반어,신규_어휘_후보,,0,False
쾌거,0,명사,5,일반어,신규_어휘_후보,,0,False
쾌속,0,명사,5,일반어,신규_어휘_후보,,0,False
쾌속정,0,명사,5,일반어,신규_어휘_후보,,0,False
쾌자,0,명사,5,일반어,신규_어휘_후보,,0,False
쾌재,0,명사,5,일반어,신규_어휘_후보,,0,False
쾌차,0,명사,5,일반어,신규_어휘_후보,,0,False
쾌청하다,0,형용사,5,일반어,신규_어휘_후보,,0,False
쾌하다,0,형용사,5,일반어/일반어/일반어,신규_어휘_후보,,0,False
쾌활히,1,부사,5,일반어,신규_어휘_후보,,0,False
쾌히,0,부사,5,일반어/일반어/일반어,신규_어휘_후보,,0,False
쾨쾨하다,0,형용사,5,일반어,신규_어휘_후보,,0,False
쿠바,0,명사,5,전문어(지명),신규_어휘_후보,,0,False
쿠웨이트,1,명사,5,전문어(지명),신규_어휘_후보,,0,False
쿡쿡,0,부사,5,일반어/일반어/일반어,신규_어휘_후보,,0,False
쿡쿡거리다,0,동사,5,일반어/일반어/일반어,신규_어휘_후보,,0,False
쿨럭,0,부사,5,일반어,신규_어휘_후보,,0,False
쿨럭거리다,0,동사,5,일반어,신규_어휘_후보,,0,False
쿨럭쿨럭,0,부사,5,일반어,신규_어휘_후보,,0,False
쿨룩거리다,0,동사,5,일반어,신규_어휘_후보,,0,False
쿨룩쿨룩,0,부사,5,일반어,신규_어휘_후보,,0,False
쿵더쿵,0,부사,5,일반어/일반어,신규_어휘_후보,,0,False
쿵덕쿵덕,0,부사,5,일반어,신규_어휘_후보,,0,False
쿵작쿵작,0,부사,5,일반어,신규_어휘_후보,,0,False
쿵후,0,명사,5,전문어(체육),신규_어휘_후보,,0,False
큐피드,0,명사,5,전문어(문학),신규_어휘_후보,,0,False
크낙새,0,명사,5,전문어(동물),신규_어휘_후보,,0,False
크래커,1,명사,5,일반어/일반어,신규_어휘_후보,,0,False
크로아티아,0,명사,5,전문어(지명),신규_어휘_후보,,0,False
크로키,0,명사,5,전문어(미술),신규_어휘_후보,,0,False
크리스천,0,명사,5,전문어(기독교),신규_어휘_후보,,0,False
크릴,0,명사,5,전문어(동물),신규_어휘_후보,,0,False
큰가시고기,0,명사,5,전문어(동물),신규_어휘_후보,,0,False
큰개자리,0,명사,5,전문어(천문),신규_어휘_후보,,0,False
큰골,0,명사,5,전문어(생명),신규_어휘_후보,,0,False
큰곰,1,명사,5,전문어(동물),신규_어휘_후보,,0,False
큰누님,0,명사,5,일반어,신규_어휘_후보,,0,False
큰달,0,명사,5,일반어,신규_어휘_후보,,0,False
큰마음,0,명사,5,일반어,신규_어휘_후보,,0,False
큰말,0,명사,5,전문어(언어),신규_어휘_후보,,0,False
큰며느리,0,명사,5,일반어,신규_어휘_후보,,0,False
큰사람,0,명사,5,일반어,신규_어휘_후보,,0,False
큰삼촌,0,명사,5,일반어/일반어,신규_어휘_후보,,0,False
큰손,1,명사,5,일반어/일반어/전문어(경제),신규_어휘_후보,,0,False
큰스님,0,명사,5,전문어(불교),신규_어휘_후보,,0,False
큰아기,0,명사,5,일반어/일반어,신규_어휘_후보,,0,False
큰아이,0,명사,5,일반어,신규_어휘_후보,,0,False
큰애,0,명사,5,일반어,신규_어휘_후보,,0,False
큰절하다,0,동사,5,일반어/전문어(민속),신규_어휘_후보,,0,False
큰조카,0,명사,5,일반어,신규_어휘_후보,,0,False
큰코다치다,0,동사,5,일반어,신규_어휘_후보,,0,False
큰키나무,0,명사,5,전문어(식물),신규_어휘_후보,,0,False
큰할머니,0,명사,5,일반어,신규_어휘_후보,,0,False
큰할아버지,0,명사,5,일반어,신규_어휘_후보,,0,False
클라이맥스,1,명사,5,일반어/전문어(문학)/전문어(문학)/전문어(식물),신규_어휘_후보,,0,False
클랙슨,0,명사,5,일반어,신규_어휘_후보,,0,False
클레이,0,명사,5,전문어(체육),신규_어휘_후보,,0,False
큼직이,0,부사,5,일반어,신규_어휘_후보,,0,False
큼직큼직하다,0,형용사,5,일반어,신규_어휘_후보,,0,False
큼큼,0,부사,5,일반어/일반어,신규_어휘_후보,,0,False
키,2,명사,5,일반어,신규_어휘_후보,,0,True
키,3,명사,5,일반어,신규_어휘_후보,,0,True
키꺽다리,0,명사,5,일반어,신규_어휘_후보,,0,False
키득,0,부사,5,일반어,신규_어휘_후보,,0,False
키르기스스탄,0,명사,5,전문어(지명),신규_어휘_후보,,0,False
키질,0,명사,5,일반어/일반어,신규_어휘_후보,,0,False
킥킥거리다,0,동사,5,일반어,신규_어휘_후보,,0,False
킹코브라,0,명사,5,전문어(동물),신규_어휘_후보,,0,False
타,1,명사/관형사,5,일반어/일반어,신규_어휘_후보,,0,True
타,2,명사,5,전문어(체육),신규_어휘_후보,,0,True
타개,0,명사,5,일반어,신규_어휘_후보,,0,False
타개하다,0,동사,5,일반어,신규_어휘_후보,,0,False
타결,0,명사,5,일반어,신규_어휘_후보,,0,False
타계,2,명사,5,일반어/일반어/전문어(불교),신규_어휘_후보,,0,False
타계하다,0,동사,5,일반어,신규_어휘_후보,,0,False
타관,0,명사,5,일반어,신규_어휘_후보,,0,False
타구,3,명사,5,전문어(체육),신규_어휘_후보,,0,False
타기,1,명사,5,일반어,신규_어휘_후보,,0,False
타다,5,동사,5,일반어/일반어/일반어,신규_어휘_후보,,0,True
타다,6,동사,5,일반어,신규_어휘_후보,,0,True
타달타달,0,부사,5,일반어/일반어/일반어,신규_어휘_후보,,0,False
타도,2,명사,5,일반어,신규_어휘_후보,,0,False
타동사,0,명사,5,전문어(언어),신규_어휘_후보,,0,False
타들다,0,동사,5,일반어/일반어/일반어,신규_어휘_후보,,0,False
타락,2,명사,5,일반어/전문어(종교 일반)/전문어(불교),신규_어휘_후보,,0,False
타락하다,0,동사,5,일반어/전문어(종교 일반)/전문어(불교),신규_어휘_후보,,0,False
타령조,0,명사,5,일반어/일반어,신규_어휘_후보,,0,False
타박,1,명사,5,일반어,신규_어휘_후보,,0,False
타산,2,명사,5,일반어,신규_어휘_후보,,0,False
타산지석,0,명사,5,일반어,신규_어휘_후보,,0,False
타살,1,명사,5,일반어/일반어,신규_어휘_후보,,0,False
타살되다,1,동사,5,일반어,신규_어휘_후보,,0,False
타선,0,명사,5,전문어(체육),신규_어휘_후보,,0,False
타성,2,명사,5,일반어/전문어(물리),신규_어휘_후보,,0,False
타아,0,명사,5,전문어(철학),신규_어휘_후보,,0,False
타우린,0,명사,5,전문어(생명),신규_어휘_후보,,0,False
타의,1,명사,5,일반어/일반어,신규_어휘_후보,,0,False
타이,1,명사,5,전문어(지명),신규_어휘_후보,,0,True
타이완,0,명사,5,전문어(지명),신규_어휘_후보,,0,False
타이츠,0,명사,5,일반어/일반어,신규_어휘_후보,,0,False
타이탄,0,명사,5,전문어(문학)/전문어(천문),신규_어휘_후보,,0,False
타이프,0,명사,5,일반어,신규_어휘_후보,,0,False
타임아웃,0,명사,5,전문어(체육),신규_어휘_후보,,0,False
타임캡슐,0,명사,5,전문어(사회 일반),신규_어휘_후보,,0,False
타작하다,1,동사,5,일반어,신규_어휘_후보,,0,True
타작하다,2,동사,5,전문어(농업)/전문어(농업),신규_어휘_후보,,0,True
타전하다,1,동사,5,일반어,신규_어휘_후보,,0,False
타점,3,명사,5,전문어(체육),신규_어휘_후보,,0,False
타지마할,0,명사,5,전문어(역사),신규_어휘_후보,,0,False
타지키스탄,0,명사,5,전문어(지명),신규_어휘_후보,,0,False
타진,2,명사,5,전문어(의학)/일반어,신규_어휘_후보,,0,False
타처,0,명사,5,일반어,신규_어휘_후보,,0,False
타파,2,명사,5,일반어,신규_어휘_후보,,0,False
타향,1,명사,5,일반어,신규_어휘_후보,,0,False
탁견,0,명사,5,일반어,신규_어휘_후보,,0,False
탁본,0,명사,5,일반어,신규_어휘_후보,,0,False
탁본하다,0,동사,5,일반어,신규_어휘_후보,,0,False
탁상,1,명사,5,일반어,신규_어휘_후보,,0,False
탁상공론,0,명사,5,일반어,신규_어휘_후보,,0,False
탁상시계,0,명사,5,일반어,신규_어휘_후보,,0,False
탁아소,0,명사,5,일반어,신규_어휘_후보,,0,False
탁주,0,명사,5,일반어,신규_어휘_후보,,0,False
탄,2,명사,5,전문어(천연자원)/전문어(광업),신규_어휘_후보,,0,False
탄광촌,0,명사,5,일반어,신규_어휘_후보,,0,False
탄내,1,명사,5,일반어,신규_어휘_후보,,0,False
탄로,2,명사,5,일반어,신규_어휘_후보,,0,False
탄복,3,명사,5,일반어,신규_어휘_후보,,0,False
탄복하다,2,동사,5,일반어,신규_어휘_후보,,0,False
탄생석,0,명사,5,일반어,신규_어휘_후보,,0,False
탄성,1,명사,5,전문어(물리),신규_어휘_후보,,0,True
탄성력,0,명사,5,전문어(물리),신규_어휘_후보,,0,False
탄신,0,명사,5,일반어,신규_어휘_후보,,0,False
탄원,0,명사,5,일반어,신규_어휘_후보,,0,False
탄원서,0,명사,5,일반어,신규_어휘_후보,,0,False
탄원하다,0,동사,5,일반어,신규_어휘_후보,,0,False
탄일,0,명사,5,일반어,신규_어휘_후보,,0,False
탄자니아,0,명사,5,전문어(지명),신규_어휘_후보,,0,False
탄저균,0,명사,5,전문어(수의),신규_어휘_후보,,0,False
탄저병,0,명사,5,전문어(농업)/전문어(의학),신규_어휘_후보,,0,False
탄전,0,명사,5,전문어(광업),신규_어휘_후보,,0,False
탄탄대로,0,명사,5,일반어/일반어,신규_어휘_후보,,0,False
탄탄히,1,부사,5,일반어/일반어,신규_어휘_후보,,0,False
탄핵,0,명사,5,일반어/전문어(법률),신규_어휘_후보,,0,False
탄화수소,0,명사,5,전문어(화학),신규_어휘_후보,,0,False
탈곡,0,명사,5,일반어/일반어,신규_어휘_후보,,0,False
탈곡기,0,명사,5,일반어,신규_어휘_후보,,0,False
탈곡하다,0,동사,5,일반어/일반어,신규_어휘_후보,,0,False
탈골,0,명사,5,전문어(의학),신규_어휘_후보,,0,False
탈놀음,0,명사,5,전문어(민속),신규_어휘_후보,,0,False
탈락되다,0,동사,5,일반어/전문어(언어)/전문어(의학),신규_어휘_후보,,0,False
탈락하다,1,동사,5,일반어,신규_어휘_후보,,0,True
탈락하다,2,동사,5,일반어/전문어(언어)/전문어(의학),신규_어휘_후보,,0,True
탈모,1,명사,5,일반어/전문어(의학),신규_어휘_후보,,0,False
탈모증,0,명사,5,전문어(의학),신규_어휘_후보,,0,False
탈무드,0,명사,5,전문어(책명),신규_어휘_후보,,0,False
탈바가지,0,명사,5,일반어/일반어/일반어,신규_어휘_후보,,0,False
탈상,0,명사,5,일반어,신규_어휘_후보,,0,False
탈선,2,명사,5,일반어/일반어/일반어,신규_어휘_후보,,0,False
탈세,0,명사,5,일반어,신규_어휘_후보,,0,False
탈수기,0,명사,5,전문어(기계),신규_어휘_후보,,0,False
탈수하다,0,동사,5,일반어/전문어(화학),신규_어휘_후보,,0,False
탈영,0,명사,5,전문어(군사),신규_어휘_후보,,0,False
탈영병,0,명사,5,전문어(군사),신규_어휘_후보,,0,False
탈영하다,0,동사,5,전문어(군사),신규_어휘_후보,,0,False
탈옥수,0,명사,5,일반어,신규_어휘_후보,,0,False
탈옥자,0,명사,5,일반어,신규_어휘_후보,,0,False
탈의실,0,명사,5,일반어,신규_어휘_후보,,0,False
탈주,0,명사,5,일반어,신규_어휘_후보,,0,False
탈주범,0,명사,5,일반어,신규_어휘_후보,,0,False
탈주하다,0,동사,5,일반어,신규_어휘_후보,,0,False
탈진,1,명사,5,일반어,신규_어휘_후보,,0,False
탈출기,1,명사,5,일반어,신규_어휘_후보,,0,False
탈취,2,명사,5,일반어,신규_어휘_후보,,0,False
탈취제,0,명사,5,전문어(화학),신규_어휘_후보,,0,False
탈취하다,2,동사,5,일반어,신규_어휘_후보,,0,False
탈탈거리다,0,동사,5,일반어/일반어,신규_어휘_후보,,0,False
탈피되다,0,동사,5,일반어/전문어(동물),신규_어휘_후보,,0,False
탐구력,0,명사,5,일반어,신규_어휘_후보,,0,False
탐나다,0,동사,5,일반어,신규_어휘_후보,,0,False
탐독,0,명사,5,일반어/일반어,신규_어휘_후보,,0,False
탐라국,0,명사,5,전문어(역사),신규_어휘_후보,,0,False
탐미주의,0,명사,5,전문어(문학),신규_어휘_후보,,0,False
탐색기,0,명사,5,일반어/일반어,신규_어휘_후보,,0,False
탐지,0,명사,5,일반어,신규_어휘_후보,,0,False
탐탁하다,0,형용사,5,일반어,신규_어휘_후보,,0,False
탑돌이,0,명사,5,전문어(민속),신규_어휘_후보,,0,False
탑재,0,명사,5,일반어,신규_어휘_후보,,0,False
탕약,0,명사,5,전문어(한의),신규_어휘_후보,,0,False
탕진,0,명사,5,일반어/일반어,신규_어휘_후보,,0,False
탕진하다,0,동사,5,일반어/일반어,신규_어휘_후보,,0,False
탕평책,0,명사,5,전문어(역사),신규_어휘_후보,,0,False
태,6,명사,5,전문어(불교)/일반어,신규_어휘_후보,,0,False
태고,1,명사,5,일반어,신규_어휘_후보,,0,False
태곳적,0,명사,5,일반어,신규_어휘_후보,,0,False
태국,0,명사,5,전문어(지명)/전문어(지명),신규_어휘_후보,,0,False
태그,0,명사,5,일반어/전문어(체육)/전문어(체육),신규_어휘_후보,,0,False
태극권,0,명사,5,전문어(체육),신규_어휘_후보,,0,False
태극무늬,0,명사,5,전문어(무용),신규_어휘_후보,,0,False
태극부채,0,명사,5,일반어,신규_어휘_후보,,0,False
태기,2,명사,5,일반어,신규_어휘_후보,,0,False
태깔,0,명사,5,일반어/일반어,신규_어휘_후보,,0,False
태동,1,명사,5,전문어(의학)/전문어(한의)/일반어,신규_어휘_후보,,0,False
태만,0,명사,5,일반어,신규_어휘_후보,,0,False
태만하다,0,형용사,5,일반어,신규_어휘_후보,,0,False
태몽,0,명사,5,일반어,신규_어휘_후보,,0,False
태반,1,명사,5,일반어,신규_어휘_후보,,0,False
태백산,0,명사,5,전문어(지명)/전문어(지명),신규_어휘_후보,,0,False
태백산맥,0,명사,5,전문어(지명),신규_어휘_후보,,0,False
태봉,3,명사,5,전문어(역사),신규_어휘_후보,,0,False
태부족,0,명사,5,일반어,신규_어휘_후보,,0,False
태생,0,명사,5,일반어/전문어(수의)/전문어(불교)/전문어(식물),신규_어휘_후보,,0,False
태수,1,명사,5,전문어(역사)/일반어/전문어(역사),신규_어휘_후보,,0,False
태안,2,명사,5,전문어(지명),신규_어휘_후보,,0,False
태업,0,명사,5,일반어/전문어(사회 일반),신규_어휘_후보,,0,False
태연,2,명사,5,일반어,신규_어휘_후보,,0,False
태연스럽다,0,형용사,5,일반어,신규_어휘_후보,,0,False
태연자약하다,0,형용사,5,일반어,신규_어휘_후보,,0,False
태우다,6,동사,5,일반어,신규_어휘_후보,,0,True
태음력,0,명사,5,전문어(천문),신규_어휘_후보,,0,False
태종,5,명사,5,전문어(인명),신규_어휘_후보,,0,False
태종실록,0,명사,5,전문어(책명),신규_어휘_후보,,0,False
태클,0,명사,5,전문어(체육)/전문어(체육)/전문어(체육),신규_어휘_후보,,0,False
태평,0,명사,5,일반어/일반어,신규_어휘_후보,,0,False
태평성대,0,명사,5,일반어,신규_어휘_후보,,0,False
태평스레,0,부사,5,일반어,신규_어휘_후보,,0,False
태평히,0,부사,5,일반어,신규_어휘_후보,,0,False
태학,0,명사,5,전문어(역사)/전문어(역사)/전문어(역사),신규_어휘_후보,,0,False
태형,0,명사,5,전문어(역사),신규_어휘_후보,,0,False
택일,1,명사,5,일반어,신규_어휘_후보,,0,True
택일,2,명사,5,전문어(민속),신규_어휘_후보,,0,True
택지,1,명사,5,일반어,신규_어휘_후보,,0,False
탭,0,명사,5,전문어(공업)/전문어(공업)/전문어(전기·전자),신규_어휘_후보,,0,False
탯줄,0,명사,5,전문어(의학),신규_어휘_후보,,0,False
탱고,2,명사,5,전문어(무용)/전문어(예체능 일반),신규_어휘_후보,,0,False
탱탱하다,0,형용사,5,일반어/일반어,신규_어휘_후보,,0,False
탱화,0,명사,5,전문어(불교),신규_어휘_후보,,0,False
터덜거리다,0,동사,5,일반어/일반어,신규_어휘_후보,,0,False
터득,0,명사,5,일반어,신규_어휘_후보,,0,False
터럭,0,명사,5,일반어/일반어,신규_어휘_후보,,0,False
터줏대감,0,명사,5,일반어/전문어(민속),신규_어휘_후보,,0,False
터치아웃,0,명사,5,전문어(체육)/전문어(체육),신규_어휘_후보,,0,False
터키,2,명사,5,전문어(지명),신규_어휘_후보,,0,False
턱,3,명사,5,일반어,신규_어휘_후보,,0,True
턱밑,0,명사,5,일반어,신규_어휘_후보,,0,False
턱받이,1,명사,5,일반어,신규_어휘_후보,,0,False
턱뼈,0,명사,5,전문어(의학),신규_어휘_후보,,0,False
턱수염,0,명사,5,일반어,신규_어휘_후보,,0,False
턱없다,0,형용사,5,일반어/일반어,신규_어휘_후보,,0,False
턱턱,0,부사,5,일반어/일반어/일반어/일반어/일반어/일반어/일반어/일반어,신규_어휘_후보,,0,False
털게,0,명사,5,전문어(동물),신규_어휘_후보,,0,False
털배자,0,명사,5,일반어,신규_어휘_후보,,0,False
털북숭이,0,명사,5,일반어,신규_어휘_후보,,0,False
털붓,0,명사,5,일반어,신규_어휘_후보,,0,False
털어먹다,0,동사,5,일반어,신규_어휘_후보,,0,False
털털하다,2,형용사,5,일반어/일반어,신규_어휘_후보,,0,False
텀벙,0,부사,5,일반어,신규_어휘_후보,,0,False
텀블링,0,명사,5,일반어/전문어(체육),신규_어휘_후보,,0,False
텁석부리,0,명사,5,일반어/일반어,신규_어휘_후보,,0,False
텁수룩하다,0,형용사,5,일반어,신규_어휘_후보,,0,False
텁텁하다,0,형용사,5,일반어/일반어/일반어/일반어/일반어,신규_어휘_후보,,0,False
텃논,0,명사,5,일반어,신규_어휘_후보,,0,False
텃세,2,명사,5,일반어,신규_어휘_후보,,0,False
텅스텐,0,명사,5,전문어(화학),신규_어휘_후보,,0,False
테너,0,명사,5,전문어(음악)/전문어(음악),신규_어휘_후보,,0,False
테라스,0,명사,5,전문어(건설)/전문어(체육),신규_어휘_후보,,0,False
테크닉,0,명사,5,일반어,신규_어휘_후보,,0,False
테헤란,0,명사,5,전문어(지명),신규_어휘_후보,,0,False
텔레타이프,0,명사,5,전문어(정보·통신),신규_어휘_후보,,0,False
텔레파시,0,명사,5,전문어(심리),신규_어휘_후보,,0,False
토기장이,0,명사,5,일반어,신규_어휘_후보,,0,False
토끼몰이,0,명사,5,일반어,신규_어휘_후보,,0,False
토끼장,0,명사,5,일반어,신규_어휘_후보,,0,False
토끼전,0,명사,5,전문어(문학),신규_어휘_후보,,0,False
토너먼트,0,명사,5,전문어(체육),신규_어휘_후보,,0,False
토담,0,명사,5,일반어,신규_어휘_후보,,0,False
토담집,0,명사,5,전문어(건설),신규_어휘_후보,,0,False
토란,0,명사,5,전문어(식물),신규_어휘_후보,,0,False
토란국,0,명사,5,일반어/일반어,신규_어휘_후보,,0,False
토로하다,0,동사,5,일반어,신규_어휘_후보,,0,False
토마토소스,0,명사,5,일반어,신규_어휘_후보,,0,False
토마토케첩,0,명사,5,일반어,신규_어휘_후보,,0,False
토박이말,0,명사,5,전문어(언어),신규_어휘_후보,,0,False
토박하다,0,형용사,5,일반어,신규_어휘_후보,,0,False
토벌,1,명사,5,일반어,신규_어휘_후보,,0,False
토벌하다,1,동사,5,일반어,신규_어휘_후보,,0,False
토분,1,명사,5,일반어/일반어,신규_어휘_후보,,0,False
토사,2,명사,5,일반어,신규_어휘_후보,,0,False
토산물,0,명사,5,일반어,신규_어휘_후보,,0,False
토속,0,명사,5,일반어,신규_어휘_후보,,0,False
토속적,0,명사/관형사,5,일반어/일반어,신규_어휘_후보,,0,False
토씨,0,명사,5,전문어(언어),신규_어휘_후보,,0,False
토악질,0,명사,5,일반어/일반어,신규_어휘_후보,,0,False
토정비결,0,명사,5,전문어(책명),신규_어휘_후보,,0,False
토종꿀,0,명사,5,일반어,신규_어휘_후보,,0,False
토지세,0,명사,5,일반어/전문어(법률),신규_어휘_후보,,0,False
토착,0,명사,5,일반어/전문어(생명),신규_어휘_후보,,0,False
토착화,0,명사,5,일반어,신규_어휘_후보,,0,False
토착화되다,0,동사,5,일반어,신규_어휘_후보,,0,False
토큰,0,명사,5,일반어,신규_어휘_후보,,0,False
토템,0,명사,5,전문어(민속),신규_어휘_후보,,0,False
토픽,0,명사,5,일반어/일반어,신규_어휘_후보,,0,False
토함산,0,명사,5,전문어(지명),신규_어휘_후보,,0,False
톡톡하다,0,형용사,5,일반어/일반어/일반어/일반어/일반어/일반어,신규_어휘_후보,,0,False
톳,2,의존 명사,5,일반어,신규_어휘_후보,,0,False
통,2,명사,5,일반어/일반어,신규_어휘_후보,,0,True
통,8,부사,5,일반어/일반어/일반어/일반어,신규_어휘_후보,,0,True
통,14,명사,5,전문어(역사)/전문어(역사)/전문어(정치),신규_어휘_후보,,0,True
통가죽,0,명사,5,일반어,신규_어휘_후보,,0,False
통감,5,명사,5,일반어,신규_어휘_후보,,0,False
통감하다,3,동사,5,일반어,신규_어휘_후보,,0,False
통계학,0,명사,5,전문어(수학),신규_어휘_후보,,0,False
통고하다,0,동사,5,일반어,신규_어휘_후보,,0,False
통구이,0,명사,5,일반어,신규_어휘_후보,,0,False
통꽃,0,명사,5,전문어(식물),신규_어휘_후보,,0,False
통념,1,명사,5,일반어,신규_어휘_후보,,0,False
통달,2,명사,5,일반어/일반어/일반어,신규_어휘_후보,,0,False
통독,1,명사,5,일반어/전문어(역사),신규_어휘_후보,,0,False
통독하다,1,동사,5,일반어,신규_어휘_후보,,0,False
통명전,0,명사,5,일반어/전문어(역사),신규_어휘_후보,,0,False
통배추,0,명사,5,일반어,신규_어휘_후보,,0,False
통보하다,0,동사,5,일반어,신규_어휘_후보,,0,False
통사론,0,명사,5,전문어(언어),신규_어휘_후보,,0,False
통사정,0,명사,5,일반어/일반어,신규_어휘_후보,,0,False
통상,1,명사,5,일반어,신규_어휘_후보,,0,True
통상,2,명사/부사,5,일반어/일반어,신규_어휘_후보,,0,True
통상적,0,명사/관형사,5,일반어/일반어,신규_어휘_후보,,0,False
통상하다,1,동사,5,일반어,신규_어휘_후보,,0,False
통속,1,명사,5,일반어/일반어,신규_어휘_후보,,0,False
통속적,0,명사/관형사,5,일반어/일반어/일반어/일반어,신규_어휘_후보,,0,False
통신병,0,명사,5,전문어(군사),신규_어휘_후보,,0,False
통신사,4,명사,5,일반어,신규_어휘_후보,,0,True
통신원,1,명사,5,일반어,신규_어휘_후보,,0,False
통역관,0,명사,5,일반어/전문어(역사),신규_어휘_후보,,0,False
통역사,0,명사,5,일반어,신규_어휘_후보,,0,False
통영,2,명사,5,전문어(지명),신규_어휘_후보,,0,False
통용,0,명사,5,일반어/일반어,신규_어휘_후보,,0,False
통일감,0,명사,5,일반어/일반어,신규_어휘_후보,,0,False
통일성,0,명사,5,일반어,신규_어휘_후보,,0,False
통제사,0,명사,5,전문어(역사),신규_어휘_후보,,0,False
통조림통,0,명사,5,일반어,신규_어휘_후보,,0,False
통지서,0,명사,5,일반어,신규_어휘_후보,,0,False
통지표,0,명사,5,전문어(교육)/전문어(교육),신규_어휘_후보,,0,False
통지하다,2,동사,5,일반어,신규_어휘_후보,,0,False
통찰력,0,명사,5,일반어,신규_어휘_후보,,0,False
통찰하다,1,동사,5,일반어/전문어(심리)/전문어(심리),신규_어휘_후보,,0,False
통천관,0,명사,5,전문어(역사),신규_어휘_후보,,0,False
통첩,0,명사,5,일반어/전문어(법률)/전문어(법률),신규_어휘_후보,,0,False
통치권,0,명사,5,전문어(법률),신규_어휘_후보,,0,False
통치마,0,명사,5,일반어,신규_어휘_후보,,0,False
통치자,0,명사,5,일반어,신규_어휘_후보,,0,False
통치하다,1,동사,5,일반어,신규_어휘_후보,,0,True
통칭,1,명사,5,일반어/일반어,신규_어휘_후보,,0,False
통탄,0,명사,5,일반어,신규_어휘_후보,,0,False
통탄하다,0,동사,5,일반어,신규_어휘_후보,,0,False
통통,1,부사,5,일반어/일반어,신규_어휘_후보,,0,True
통통거리다,0,동사,5,일반어/일반어/일반어/일반어/일반어,신규_어휘_후보,,0,False
통학생,0,명사,5,일반어,신규_어휘_후보,,0,False
통행료,0,명사,5,일반어,신규_어휘_후보,,0,False
통화료,0,명사,5,일반어,신규_어휘_후보,,0,False
통회하다,0,동사,5,일반어/전문어(가톨릭),신규_어휘_후보,,0,False
퇴,2,명사,5,전문어(건설)/전문어(건설)/전문어(건설),신규_어휘_후보,,0,False
퇴각,0,명사,5,일반어/일반어,신규_어휘_후보,,0,False
퇴보,0,명사,5,일반어/일반어,신규_어휘_후보,,0,False
퇴보하다,0,동사,5,일반어/일반어,신규_어휘_후보,,0,False
퇴비장,0,명사,5,일반어,신규_어휘_후보,,0,False
퇴사,4,명사,5,일반어/일반어,신규_어휘_후보,,0,False
퇴색,0,명사,5,일반어/일반어,신규_어휘_후보,,0,False
퇴색되다,0,동사,5,일반어/일반어,신규_어휘_후보,,0,False
퇴실,0,명사,5,일반어,신규_어휘_후보,,0,False
퇴위하다,0,동사,5,일반어/일반어/일반어,신규_어휘_후보,,0,False
퇴임식,0,명사,5,일반어,신규_어휘_후보,,0,False
퇴적되다,0,동사,5,일반어/전문어(지리),신규_어휘_후보,,0,False
퇴적물,0,명사,5,일반어/전문어(지구),신규_어휘_후보,,0,False
퇴적층,0,명사,5,전문어(지구),신규_어휘_후보,,0,False
퇴적하다,0,동사,5,일반어/전문어(지구),신규_어휘_후보,,0,False
퇴정,1,명사,5,일반어,신규_어휘_후보,,0,False
퇴직,0,명사,5,일반어,신규_어휘_후보,,0,False
퇴직금,0,명사,5,일반어,신규_어휘_후보,,0,False
퇴진,0,명사,5,일반어/일반어,신규_어휘_후보,,0,False
퇴짜,0,명사,5,일반어,신규_어휘_후보,,0,False
퇴출,0,명사,5,일반어,신규_어휘_후보,,0,False
퇴출되다,0,동사,5,일반어,신규_어휘_후보,,0,False
퇴폐,2,명사,5,일반어/일반어,신규_어휘_후보,,0,False
퇴폐적,0,명사/관형사,5,일반어/일반어,신규_어휘_후보,,0,False
퇴하다,1,동사,5,일반어/일반어/일반어,신규_어휘_후보,,0,False
퇴학,0,명사,5,일반어/일반어,신규_어휘_후보,,0,False
퇴학생,0,명사,5,일반어,신규_어휘_후보,,0,False
퇴행,0,명사,5,일반어/일반어/일반어/전문어(동물)/전문어(생명)/전문어(천문),신규_어휘_후보,,0,False
퇴화,1,명사,5,일반어/전문어(생명),신규_어휘_후보,,0,False
퇴화하다,0,동사,5,일반어/전문어(생명),신규_어휘_후보,,0,False
투,0,의존 명사,5,일반어,신규_어휘_후보,,0,False
투각,0,명사,5,전문어(미술),신규_어휘_후보,,0,False
투견,2,명사,5,일반어/일반어,신규_어휘_후보,,0,False
투고하다,0,동사,5,일반어,신규_어휘_후보,,0,False
투과,0,명사,5,일반어/전문어(물리),신규_어휘_후보,,0,False
투기,6,명사,5,일반어,신규_어휘_후보,,0,True
투기꾼,0,명사,5,일반어,신규_어휘_후보,,0,False
투덜대다,0,동사,5,일반어,신규_어휘_후보,,0,False
투명체,0,명사,5,전문어(물리),신규_어휘_후보,,0,False
투병,2,명사,5,일반어,신규_어휘_후보,,0,False
투병하다,2,동사,5,일반어,신규_어휘_후보,,0,False
투서,2,명사,5,일반어,신규_어휘_후보,,0,False
투석,1,명사,5,일반어/전문어(수산업),신규_어휘_후보,,0,False
투숙,0,명사,5,일반어,신규_어휘_후보,,0,False
투스텝,0,명사,5,전문어(무용)/전문어(체육),신규_어휘_후보,,0,False
투시도,0,명사,5,전문어(미술),신규_어휘_후보,,0,False
투신,1,명사,5,일반어/일반어,신규_어휘_후보,,0,False
투신자살,0,명사,5,일반어,신규_어휘_후보,,0,False
투신자살하다,0,동사,5,일반어,신규_어휘_후보,,0,False
투신하다,0,동사,5,일반어/일반어,신규_어휘_후보,,0,False
투약하다,0,동사,5,일반어,신규_어휘_후보,,0,False
투여,0,명사,5,일반어/일반어,신규_어휘_후보,,0,False
투옥,0,명사,5,일반어,신규_어휘_후보,,0,False
투옥하다,0,동사,5,일반어,신규_어휘_후보,,0,False
투우사,0,명사,5,일반어,신규_어휘_후보,,0,False
투입구,0,명사,5,일반어,신규_어휘_후보,,0,False
투자가,0,명사,5,일반어,신규_어휘_후보,,0,False
투자자,0,명사,5,일반어,신규_어휘_후보,,0,False
투쟁적,0,명사/관형사,5,일반어/일반어,신규_어휘_후보,,0,False
투전,2,명사,5,일반어,신규_어휘_후보,,0,False
투전판,0,명사,5,일반어,신규_어휘_후보,,0,False
투척하다,0,동사,5,일반어/전문어(체육),신규_어휘_후보,,0,False
투표용지,0,명사,5,일반어,신규_어휘_후보,,0,False
투표자,0,명사,5,일반어,신규_어휘_후보,,0,False
투하,1,명사,5,일반어/일반어,신규_어휘_후보,,0,False
투항,0,명사,5,일반어,신규_어휘_후보,,0,False
툴툴,0,부사,5,일반어/일반어/일반어,신규_어휘_후보,,0,False
퉁퉁,2,부사,5,일반어/일반어/일반어/일반어/일반어/일반어,신규_어휘_후보,,0,True
퉤하다,0,동사,5,일반어,신규_어휘_후보,,0,False
튀각,0,명사,5,일반어,신규_어휘_후보,,0,False
튀기,0,명사,5,일반어/일반어/일반어,신규_어휘_후보,,0,False
튀김옷,0,명사,5,일반어,신규_어휘_후보,,0,False
튀밥,0,명사,5,일반어/일반어/일반어,신규_어휘_후보,,0,False
튜바,0,명사,5,전문어(음악)/전문어(음악),신규_어휘_후보,,0,False
트라이아스기,0,명사,5,전문어(지구),신규_어휘_후보,,0,False
트러스,0,명사,5,전문어(건설),신규_어휘_후보,,0,False
트럼프,0,명사,5,전문어(체육),신규_어휘_후보,,0,False
트레일러,0,명사,5,일반어,신규_어휘_후보,,0,False
트롬본,0,명사,5,전문어(음악),신규_어휘_후보,,0,False
트리오,0,명사,5,전문어(음악)/전문어(음악)/전문어(음악)/전문어(음악),신규_어휘_후보,,0,False
특공,0,명사,5,일반어,신규_어휘_후보,,0,False
특권층,0,명사,5,전문어(사회 일반),신규_어휘_후보,,0,False
특급,1,명사,5,전문어(교통),신규_어휘_후보,,0,True
특기자,0,명사,5,일반어,신규_어휘_후보,,0,False
특등,0,명사,5,일반어,신규_어휘_후보,,0,False
특별석,0,명사,5,일반어,신규_어휘_후보,,0,False
특산,0,명사,5,일반어,신규_어휘_후보,,0,False
특선,0,명사,5,일반어/일반어,신규_어휘_후보,,0,False
특수,3,명사,5,전문어(경제),신규_어휘_후보,,0,True
특수성,0,명사,5,일반어,신규_어휘_후보,,0,False
특수하다,1,형용사,5,일반어,신규_어휘_후보,,0,True
특약,0,명사,5,일반어/일반어,신규_어휘_후보,,0,False
특용,0,명사,5,일반어,신규_어휘_후보,,0,False
특유하다,0,형용사,5,일반어,신규_어휘_후보,,0,False
특전대,0,명사,5,일반어,신규_어휘_후보,,0,False
특질,0,명사,5,일반어/일반어,신규_어휘_후보,,0,False
특파,0,명사,5,일반어,신규_어휘_후보,,0,False
특파하다,0,동사,5,일반어,신규_어휘_후보,,0,False
특혜,0,명사,5,일반어,신규_어휘_후보,,0,False
특활,0,명사,5,전문어(교육),신규_어휘_후보,,0,False
틈바구니,0,명사,5,일반어/일반어/일반어/일반어,신규_어휘_후보,,0,False
틈새시장,0,명사,5,전문어(경영),신규_어휘_후보,,0,False
티격태격하다,0,동사,5,일반어,신규_어휘_후보,,0,False
티눈,0,명사,5,일반어,신규_어휘_후보,,0,False
티베트,0,명사,5,전문어(지명),신규_어휘_후보,,0,False
티본스테이크,0,명사,5,일반어,신규_어휘_후보,,0,False
티티새,0,명사,5,전문어(동물)/전문어(동물),신규_어휘_후보,,0,False
팅팅,0,부사,5,일반어/일반어/일반어,신규_어휘_후보,,0,False
파,8,명사,5,전문어(음악),신규_어휘_후보,,0,True
파계,2,명사,5,전문어(불교),신규_어휘_후보,,0,False
파계승,0,명사,5,전문어(불교),신규_어휘_후보,,0,False
파고,1,명사,5,일반어/일반어,신규_어휘_후보,,0,False
파국,0,명사,5,일반어/일반어/전문어(문학),신규_어휘_후보,,0,False
파급,0,명사,5,일반어,신규_어휘_후보,,0,False
파급되다,0,동사,5,일반어,신규_어휘_후보,,0,False
파나마,2,명사,5,전문어(지명),신규_어휘_후보,,0,False
파노라마,0,명사,5,일반어/일반어,신규_어휘_후보,,0,False
파라다이스,0,명사,5,일반어,신규_어휘_후보,,0,False
파라핀,0,명사,5,전문어(화학)/전문어(화학)/전문어(화학),신규_어휘_후보,,0,False
파란,2,명사,5,일반어/일반어/일반어,신규_어휘_후보,,0,False
파란만장,0,명사,5,일반어,신규_어휘_후보,,0,False
파랑,2,명사,5,일반어,신규_어휘_후보,,0,True
파랑이,0,명사,5,일반어,신규_어휘_후보,,0,False
파력,0,명사,5,일반어,신규_어휘_후보,,0,False
파렴치하다,0,형용사,5,일반어,신규_어휘_후보,,0,False
파루,0,명사,5,전문어(역사),신규_어휘_후보,,0,False
파르라니,0,부사,5,일반어,신규_어휘_후보,,0,False
파르페,0,명사,5,일반어,신규_어휘_후보,,0,False
파릇이,0,부사,5,일반어,신규_어휘_후보,,0,False
파릇하다,0,형용사,5,일반어,신규_어휘_후보,,0,False
파리,6,명사,5,전문어(지명),신규_어휘_후보,,0,True
파리지옥,0,명사,5,전문어(식물),신규_어휘_후보,,0,False
파리채,1,명사,5,일반어/일반어,신규_어휘_후보,,0,False
파마머리,0,명사,5,일반어,신규_어휘_후보,,0,False
파멸적,0,명사/관형사,5,일반어/일반어,신규_어휘_후보,,0,False
파멸하다,0,동사,5,일반어,신규_어휘_후보,,0,False
파문,1,명사,5,일반어/일반어/일반어,신규_어휘_후보,,0,False
파발마,0,명사,5,전문어(역사)/일반어,신규_어휘_후보,,0,False
파병하다,1,동사,5,일반어,신규_어휘_후보,,0,False
파삭파삭,0,부사,5,일반어/일반어/일반어,신규_어휘_후보,,0,False
파산,1,명사,5,일반어/전문어(법률),신규_어휘_후보,,0,False
파산하다,1,동사,5,일반어,신규_어휘_후보,,0,False
파생,1,명사,5,일반어/전문어(언어),신규_어휘_후보,,0,False
파생되다,0,동사,5,일반어/전문어(언어),신규_어휘_후보,,0,False
파생어,0,명사,5,전문어(언어),신규_어휘_후보,,0,False
파선,2,명사,5,일반어,신규_어휘_후보,,0,False
파선되다,0,동사,5,일반어,신규_어휘_후보,,0,False
파수,2,명사,5,일반어/일반어,신규_어휘_후보,,0,False
파시,1,명사,5,일반어,신규_어휘_후보,,0,False
파안대소,0,명사,5,일반어,신규_어휘_후보,,0,False
파열,0,명사,5,일반어,신규_어휘_후보,,0,False
파운드,1,의존 명사,5,일반어/일반어/일반어,신규_어휘_후보,,0,False
파인애플과,0,명사,5,전문어(식물),신규_어휘_후보,,0,False
파일럿,0,명사,5,일반어/일반어,신규_어휘_후보,,0,False
파자마,0,명사,5,일반어/일반어,신규_어휘_후보,,0,False
파장,3,명사,5,일반어/일반어,신규_어휘_후보,,0,True
파적,1,명사,5,일반어,신규_어휘_후보,,0,False
파종,2,명사,5,전문어(농업),신규_어휘_후보,,0,False
파죽지세,0,명사,5,일반어,신규_어휘_후보,,0,False
파지,3,명사,5,일반어/일반어/일반어,신규_어휘_후보,,0,False
파직,2,명사,5,일반어,신규_어휘_후보,,0,False
파출부,0,명사,5,일반어,신규_어휘_후보,,0,False
파카,0,명사,5,일반어/일반어,신규_어휘_후보,,0,False
파키스탄,0,명사,5,전문어(지명),신규_어휘_후보,,0,False
파탄,1,명사,5,일반어/일반어/전문어(경제),신규_어휘_후보,,0,False
파하다,1,동사,5,일반어,신규_어휘_후보,,0,True
파하다,3,동사,5,일반어,신규_어휘_후보,,0,True
파혼,0,명사,5,일반어,신규_어휘_후보,,0,False
팍하다,0,동사,5,일반어/일반어/일반어,신규_어휘_후보,,0,False
판,8,명사,5,전문어(매체)/전문어(매체)/전문어(매체)/전문어(매체)/전문어(매체),신규_어휘_후보,,0,True
판검사,0,명사,5,일반어,신규_어휘_후보,,0,False
판고,0,명사,5,전문어(불교)/전문어(불교),신규_어휘_후보,,0,False
판국,0,명사,5,일반어/전문어(민속),신규_어휘_후보,,0,False
판도,1,명사,5,일반어/일반어,신규_어휘_후보,,0,False
판돈,0,명사,5,일반어,신규_어휘_후보,,0,False
판례,0,명사,5,전문어(법률),신규_어휘_후보,,0,False
판로,3,명사,5,일반어,신규_어휘_후보,,0,False
판막,0,명사,5,전문어(의학),신규_어휘_후보,,0,False
판막음,0,명사,5,일반어,신규_어휘_후보,,0,False
판막이,0,명사,5,일반어,신규_어휘_후보,,0,False
판매가,0,명사,5,전문어(경제)/일반어,신규_어휘_후보,,0,False
판매고,0,명사,5,일반어,신규_어휘_후보,,0,False
판매대,0,명사,5,일반어,신규_어휘_후보,,0,False
판매소,0,명사,5,일반어/일반어,신규_어휘_후보,,0,False
판매액,0,명사,5,일반어,신규_어휘_후보,,0,False
판매업자,0,명사,5,일반어,신규_어휘_후보,,0,False
판매품,0,명사,5,일반어,신규_어휘_후보,,0,False
판명,0,명사,5,일반어/전문어(철학),신규_어휘_후보,,0,False
판목,3,명사,5,일반어,신규_어휘_후보,,0,False
판문점,0,명사,5,전문어(지명),신규_어휘_후보,,0,False
판별,0,명사,5,일반어,신규_어휘_후보,,0,False
판별되다,0,동사,5,일반어,신규_어휘_후보,,0,False
판별하다,0,동사,5,일반어,신규_어휘_후보,,0,False
판본,0,명사,5,전문어(매체),신규_어휘_후보,,0,False
판옥선,0,명사,5,전문어(역사),신규_어휘_후보,,0,False
판이하다,0,형용사,5,일반어,신규_어휘_후보,,0,False
판전,0,명사,5,전문어(불교),신규_어휘_후보,,0,False
판정승,0,명사,5,전문어(체육),신규_어휘_후보,,0,False
판정패,0,명사,5,전문어(체육),신규_어휘_후보,,0,False
판짜기,0,명사,5,전문어(매체),신규_어휘_후보,,0,False
판치다,0,동사,5,일반어/일반어/일반어,신규_어휘_후보,,0,False
판판이,0,부사,5,일반어/일반어,신규_어휘_후보,,0,False
판판히,0,부사,5,일반어,신규_어휘_후보,,0,False
판형,0,명사,5,전문어(매체),신규_어휘_후보,,0,False
팔걸이의자,0,명사,5,일반어,신규_어휘_후보,,0,False
팔경,0,명사,5,일반어,신규_어휘_후보,,0,False
팔괘,0,명사,5,전문어(민속),신규_어휘_후보,,0,False
팔도강산,0,명사,5,일반어,신규_어휘_후보,,0,False
팔등신,0,명사,5,일반어/전문어(미술),신규_어휘_후보,,0,False
팔락팔락,0,부사,5,일반어,신규_어휘_후보,,0,False
팔랑,1,부사,5,일반어/일반어,신규_어휘_후보,,0,False
팔레스타인,0,명사,5,전문어(지명),신규_어휘_후보,,0,False
팔만대장경,0,명사,5,전문어(불교)/전문어(불교),신규_어휘_후보,,0,False
팔매,0,명사,5,일반어,신규_어휘_후보,,0,False
팔매질,0,명사,5,일반어,신규_어휘_후보,,0,False
팔모,1,명사,5,일반어/전문어(수학)/일반어,신규_어휘_후보,,0,False
팔방,0,명사,5,일반어/일반어/전문어(민속),신규_어휘_후보,,0,False
팔방미인,0,명사,5,일반어/일반어/일반어/일반어,신규_어휘_후보,,0,False
팔불출,0,명사,5,일반어,신규_어휘_후보,,0,False
팔삭둥이,0,명사,5,일반어/일반어,신규_어휘_후보,,0,False
팔심,0,명사,5,일반어,신규_어휘_후보,,0,False
팔자걸음,0,명사,5,일반어,신규_어휘_후보,,0,False
팔자타령,0,명사,5,일반어,신규_어휘_후보,,0,False
팔작지붕,0,명사,5,전문어(건설),신규_어휘_후보,,0,False
팔죽지,0,명사,5,일반어,신규_어휘_후보,,0,False
팥소,0,명사,5,일반어,신규_어휘_후보,,0,False
팥죽색,0,명사,5,일반어,신규_어휘_후보,,0,False
패가망신,0,명사,5,일반어,신규_어휘_후보,,0,False
패거리,0,명사,5,일반어,신규_어휘_후보,,0,False
패국,0,명사,5,일반어,신규_어휘_후보,,0,False
패권,0,명사,5,일반어/일반어,신규_어휘_후보,,0,False
패널,0,명사,5,일반어/일반어/전문어(건설)/전문어(건설)/전문어(미술)/전문어(법률),신규_어휘_후보,,0,False
패다,1,동사,5,일반어/일반어,신규_어휘_후보,,0,True
패다,4,동사,5,일반어,신규_어휘_후보,,0,True
패랭이,0,명사,5,전문어(식물)/일반어,신규_어휘_후보,,0,False
패랭이꽃,0,명사,5,전문어(식물)/전문어(식물),신규_어휘_후보,,0,False
패러글라이딩,0,명사,5,전문어(체육),신규_어휘_후보,,0,False
패류,1,명사,5,일반어,신규_어휘_후보,,0,False
패륜,0,명사,5,일반어,신규_어휘_후보,,0,False
패륜아,0,명사,5,일반어,신규_어휘_후보,,0,False
패망,0,명사,5,일반어,신규_어휘_후보,,0,False
패망하다,0,동사,5,일반어,신규_어휘_후보,,0,False
패물,2,명사,5,일반어/일반어,신규_어휘_후보,,0,False
패배자,0,명사,5,일반어,신규_어휘_후보,,0,False
패션모델,0,명사,5,일반어,신규_어휘_후보,,0,False
패소,0,명사,5,전문어(법률),신규_어휘_후보,,0,False
패스볼,0,명사,5,전문어(체육),신규_어휘_후보,,0,False
패스워드,0,명사,5,전문어(정보·통신),신규_어휘_후보,,0,False
패싸움,1,명사,5,일반어,신규_어휘_후보,,0,False
패인,1,명사,5,일반어,신규_어휘_후보,,0,False
패잔병,0,명사,5,일반어,신규_어휘_후보,,0,False
패전국,0,명사,5,일반어,신규_어휘_후보,,0,False
패철,0,명사,5,일반어/전문어(건설),신규_어휘_후보,,0,False
패총,0,명사,5,전문어(역사),신규_어휘_후보,,0,False
패혈증,0,명사,5,전문어(의학),신규_어휘_후보,,0,False
팩,1,부사,5,일반어/일반어,신규_어휘_후보,,0,True
팩,2,부사,5,일반어/일반어/일반어/일반어,신규_어휘_후보,,0,True
팩,3,명사,5,일반어/일반어/전문어(체육)/전문어(정보·통신),신규_어휘_후보,,0,False
팩스,0,명사,5,전문어(정보·통신),신규_어휘_후보,,0,False
팬,3,명사,5,일반어,신규_어휘_후보,,0,True
팬시점,0,명사,5,일반어,신규_어휘_후보,,0,False
팬츠,0,명사,5,일반어/일반어,신규_어휘_후보,,0,False
팬클럽,0,명사,5,일반어,신규_어휘_후보,,0,False
팬터마임,0,명사,5,전문어(연기),신규_어휘_후보,,0,False
팸플릿,0,명사,5,일반어/일반어,신규_어휘_후보,,0,False
팽,3,부사,5,일반어/일반어,신규_어휘_후보,,0,False
팽배하다,0,동사,5,일반어/일반어,신규_어휘_후보,,0,False
팽팽,2,부사,5,일반어/일반어,신규_어휘_후보,,0,False
퍼덕이다,0,동사,5,일반어/일반어,신규_어휘_후보,,0,False
퍼덕퍼덕,0,부사,5,일반어/일반어/일반어,신규_어휘_후보,,0,False
퍼드덕거리다,0,동사,5,일반어/일반어,신규_어휘_후보,,0,False
퍼먹다,0,동사,5,일반어,신규_어휘_후보,,0,False
펀드,0,명사,5,전문어(경제),신규_어휘_후보,,0,False
펄,0,명사,5,일반어/일반어/일반어,신규_어휘_후보,,0,False
펄떡거리다,0,동사,5,일반어/일반어/일반어,신규_어휘_후보,,0,False
펄떡펄떡,0,부사,5,일반어/일반어/일반어/일반어,신규_어휘_후보,,0,False
펑퍼짐하다,0,형용사,5,일반어,신규_어휘_후보,,0,False
페가수스,0,명사,5,전문어(문학),신규_어휘_후보,,0,False
페가수스자리,0,명사,5,전문어(천문),신규_어휘_후보,,0,False
페널티,0,명사,5,전문어(체육),신규_어휘_후보,,0,False
페루,0,명사,5,전문어(지명),신규_어휘_후보,,0,False
페르세우스,0,명사,5,전문어(문학),신규_어휘_후보,,0,False
페르세우스자리,0,명사,5,전문어(천문),신규_어휘_후보,,0,False
펜글씨,0,명사,5,일반어,신규_어휘_후보,,0,False
펜대,0,명사,5,일반어,신규_어휘_후보,,0,False
펜던트,0,명사,5,일반어/일반어/일반어,신규_어휘_후보,,0,False
펜션,0,명사,5,일반어,신규_어휘_후보,,0,False
펜팔,0,명사,5,일반어,신규_어휘_후보,,0,False
펴낸이,0,명사,5,일반어,신규_어휘_후보,,0,False
편,11,명사,5,일반어,신규_어휘_후보,,0,True
편경,2,명사,5,전문어(음악),신규_어휘_후보,,0,False
편광,1,명사,5,전문어(물리),신규_어휘_후보,,0,False
편달,0,명사,5,일반어/일반어/일반어,신규_어휘_후보,,0,False
편대,1,명사,5,전문어(군사)/전문어(군사),신규_어휘_후보,,0,False
편도,1,명사,5,일반어/일반어,신규_어휘_후보,,0,False
편도선염,0,명사,5,전문어(의학),신규_어휘_후보,,0,False
편두통,0,명사,5,전문어(의학),신규_어휘_후보,,0,False
편모,2,명사,5,일반어,신규_어휘_후보,,0,False
편법,1,명사,5,일반어,신규_어휘_후보,,0,False
편부,0,명사,5,일반어,신규_어휘_후보,,0,False
편서풍,0,명사,5,전문어(지구),신규_어휘_후보,,0,False
편육,0,명사,5,일반어,신규_어휘_후보,,0,False
편익,0,명사,5,일반어,신규_어휘_후보,,0,False
편입생,0,명사,5,일반어,신규_어휘_후보,,0,False
편자,1,명사,5,일반어/일반어,신규_어휘_후보,,0,False
편전,2,명사,5,일반어,신규_어휘_후보,,0,False
편종,0,명사,5,전문어(음악),신규_어휘_후보,,0,False
편중,0,명사,5,일반어,신규_어휘_후보,,0,False
편직물,0,명사,5,전문어(공예),신규_어휘_후보,,0,False
편집기,0,명사,5,전문어(정보·통신),신규_어휘_후보,,0,False
편집부,0,명사,5,일반어,신규_어휘_후보,,0,False
편집실,0,명사,5,일반어,신규_어휘_후보,,0,False
편집인,0,명사,5,일반어/일반어,신규_어휘_후보,,0,False
편집장,0,명사,5,일반어,신규_어휘_후보,,0,False
편찬되다,0,동사,5,일반어,신규_어휘_후보,,0,False
편충,0,명사,5,전문어(보건 일반),신규_어휘_후보,,0,False
편파적,0,명사/관형사,5,일반어/일반어,신규_어휘_후보,,0,False
편편하다,1,형용사,5,일반어/일반어,신규_어휘_후보,,0,False
편협,0,명사,5,일반어/일반어,신규_어휘_후보,,0,False
편협하다,0,형용사,5,일반어/일반어,신규_어휘_후보,,0,False
평균량,0,명사,5,일반어,신규_어휘_후보,,0,False
평균치,0,명사,5,전문어(수학),신규_어휘_후보,,0,False
평년,0,명사,5,일반어/전문어(지구)/전문어(천문),신규_어휘_후보,,0,False
평년작,0,명사,5,전문어(농업),신규_어휘_후보,,0,False
평등사상,0,명사,5,전문어(사회 일반),신규_어휘_후보,,0,False
평론가,0,명사,5,일반어,신규_어휘_후보,,0,False
평면거울,0,명사,5,일반어,신규_어휘_후보,,0,False
평발,0,명사,5,일반어,신규_어휘_후보,,0,False
평복,2,명사,5,일반어/일반어,신규_어휘_후보,,0,False
평상,2,명사,5,일반어,신규_어휘_후보,,0,True
평생소원,0,명사,5,일반어,신규_어휘_후보,,0,False
평서문,0,명사,5,전문어(언어),신규_어휘_후보,,0,False
평신도,0,명사,5,전문어(기독교),신규_어휘_후보,,0,False
평안,2,명사,5,전문어(역사)/전문어(지명),신규_어휘_후보,,0,False
평안히,0,부사,5,일반어,신규_어휘_후보,,0,False
평양,0,명사,5,전문어(지명),신규_어휘_후보,,0,False
평양냉면,0,명사,5,일반어,신규_어휘_후보,,0,False
평양말,0,명사,5,전문어(언어),신규_어휘_후보,,0,False
평온,2,명사,5,일반어,신규_어휘_후보,,0,False
평이하다,0,형용사,5,일반어,신규_어휘_후보,,0,False
평절,0,명사,5,일반어,신규_어휘_후보,,0,False
평점,2,명사,5,일반어/일반어/일반어,신규_어휘_후보,,0,False
평정,2,명사,5,일반어/일반어,신규_어휘_후보,,0,True
평정,3,명사,5,일반어,신규_어휘_후보,,0,True
평정하다,3,형용사,5,일반어,신규_어휘_후보,,0,False
평지풍파,0,명사,5,일반어,신규_어휘_후보,,0,False
평창,0,명사,5,전문어(지명),신규_어휘_후보,,0,False
평행봉,0,명사,5,전문어(체육)/전문어(체육),신규_어휘_후보,,0,False
폐가,2,명사,5,일반어/일반어/전문어(법률),신규_어휘_후보,,0,False
폐간,0,명사,5,일반어,신규_어휘_후보,,0,False
폐건전지,0,명사,5,일반어,신규_어휘_후보,,0,False
폐결핵,0,명사,5,전문어(의학),신규_어휘_후보,,0,False
폐단,0,명사,5,일반어,신규_어휘_후보,,0,False
폐동맥,0,명사,5,전문어(의학),신규_어휘_후보,,0,False
폐막,2,명사,5,일반어,신규_어휘_후보,,0,False
폐물,2,명사,5,일반어/일반어,신규_어휘_후보,,0,False
폐백,0,명사,5,일반어/일반어/일반어/일반어,신규_어휘_후보,,0,False
폐병,1,명사,5,일반어/전문어(의학),신규_어휘_후보,,0,False
폐사,7,명사,5,일반어,신규_어휘_후보,,0,False
폐쇄성,0,명사,5,일반어,신규_어휘_후보,,0,False
폐쇄적,0,명사/관형사,5,일반어/일반어,신규_어휘_후보,,0,False
폐습,0,명사,5,일반어/일반어,신규_어휘_후보,,0,False
폐업,2,명사,5,일반어/일반어,신규_어휘_후보,,0,False
폐장,3,명사,5,일반어/전문어(경제),신규_어휘_후보,,0,False
폐점,1,명사,5,일반어/일반어,신규_어휘_후보,,0,False
폐지,5,명사,5,일반어,신규_어휘_후보,,0,True
폐차되다,1,동사,5,일반어,신규_어휘_후보,,0,False
폐출되다,0,동사,5,일반어,신규_어휘_후보,,0,False
폐하다,0,동사,5,일반어/일반어/일반어/일반어,신규_어휘_후보,,0,False
폐허,2,명사,5,일반어,신규_어휘_후보,,0,False
폐휴지,0,명사,5,일반어,신규_어휘_후보,,0,False
포,3,명사,5,일반어/일반어/일반어,신규_어휘_후보,,0,True
포,12,명사,5,일반어/일반어,신규_어휘_후보,,0,True
포개지다,0,동사,5,일반어/일반어,신규_어휘_후보,,0,False
포격,0,명사,5,일반어,신규_어휘_후보,,0,False
포고,1,명사,5,일반어/일반어/일반어,신규_어휘_후보,,0,False
포고령,0,명사,5,일반어/일반어,신규_어휘_후보,,0,False
포고문,0,명사,5,일반어,신규_어휘_후보,,0,False
포고하다,1,동사,5,일반어/일반어/일반어,신규_어휘_후보,,0,False
포괄하다,0,동사,5,일반어,신규_어휘_후보,,0,False
포교,1,명사,5,일반어,신규_어휘_후보,,0,False
포교사,0,명사,5,전문어(불교),신규_어휘_후보,,0,False
포교하다,0,동사,5,일반어,신규_어휘_후보,,0,False
포구,3,명사,5,일반어,신규_어휘_후보,,0,False
포대,6,명사,5,전문어(군사),신규_어휘_후보,,0,True
포도나무,0,명사,5,전문어(식물),신규_어휘_후보,,0,False
포도당,0,명사,5,전문어(생명),신규_어휘_후보,,0,False
포도청,0,명사,5,전문어(역사),신규_어휘_후보,,0,False
포로수용소,0,명사,5,일반어,신규_어휘_후보,,0,False
포르투갈,0,명사,5,전문어(지명),신규_어휘_후보,,0,False
포만감,0,명사,5,일반어,신규_어휘_후보,,0,False
포말,2,명사,5,일반어,신규_어휘_후보,,0,False
포맷,0,명사,5,일반어/전문어(정보·통신),신규_어휘_후보,,0,False
포목,1,명사,5,일반어,신규_어휘_후보,,0,False
포목전,0,명사,5,일반어,신규_어휘_후보,,0,False
포문,2,명사,5,일반어,신규_어휘_후보,,0,False
포물선,0,명사,5,일반어/전문어(수학),신규_어휘_후보,,0,False
포박,0,명사,5,일반어,신규_어휘_후보,,0,False
포박하다,0,동사,5,일반어,신규_어휘_후보,,0,False
포병,2,명사,5,전문어(군사),신규_어휘_후보,,0,False
포복절도,0,명사,5,일반어,신규_어휘_후보,,0,False
포볼,0,명사,5,전문어(체육),신규_어휘_후보,,0,False
포부,1,명사,5,일반어,신규_어휘_후보,,0,False
포섭,0,명사,5,일반어/전문어(철학),신규_어휘_후보,,0,False
포섭하다,0,동사,5,일반어,신규_어휘_후보,,0,False
포성,2,명사,5,일반어,신규_어휘_후보,,0,False
포세이돈,0,명사,5,전문어(문학),신규_어휘_후보,,0,False
포슬포슬,0,부사,5,일반어,신규_어휘_후보,,0,False
포승,1,명사,5,일반어,신규_어휘_후보,,0,False
포식,3,명사,5,일반어,신규_어휘_후보,,0,False
포악,0,명사,5,일반어,신규_어휘_후보,,0,False
포연,1,명사,5,일반어,신규_어휘_후보,,0,False
포옹하다,0,동사,5,일반어/일반어,신규_어휘_후보,,0,False
포용심,0,명사,5,일반어,신규_어휘_후보,,0,False
포인터,0,명사,5,전문어(동물),신규_어휘_후보,,0,False
포일,1,명사,5,일반어,신규_어휘_후보,,0,False
포자,2,명사,5,전문어(식물),신규_어휘_후보,,0,False
포장,3,명사,5,일반어,신규_어휘_후보,,0,True
포장도로,0,명사,5,일반어,신규_어휘_후보,,0,False
포장하다,3,동사,5,일반어,신규_어휘_후보,,0,True
포즈,2,명사,5,일반어,신규_어휘_후보,,0,False
포진,1,명사,5,일반어,신규_어휘_후보,,0,False
포착,0,명사,5,일반어/일반어/일반어,신규_어휘_후보,,0,False
포착하다,0,동사,5,일반어/일반어/일반어,신규_어휘_후보,,0,False
포클레인,0,명사,5,전문어(기계),신규_어휘_후보,,0,False
포트,3,명사,5,전문어(정보·통신),신규_어휘_후보,,0,False
포플러,0,명사,5,전문어(식물)/전문어(식물),신규_어휘_후보,,0,False
포플린,0,명사,5,전문어(복식),신규_어휘_후보,,0,False
포한,2,명사,5,일반어,신규_어휘_후보,,0,False
포항,3,명사,5,전문어(지명),신규_어휘_후보,,0,False
포화,4,명사,5,일반어/일반어/일반어,신규_어휘_후보,,0,True
포획,0,명사,5,일반어/일반어/전문어(군사),신규_어휘_후보,,0,False
포효,0,명사,5,일반어/일반어,신규_어휘_후보,,0,False
폭격하다,0,동사,5,전문어(군사),신규_어휘_후보,,0,False
폭도,2,명사,5,일반어,신규_어휘_후보,,0,False
폭등,0,명사,5,일반어,신규_어휘_후보,,0,False
폭락,0,명사,5,일반어/일반어,신규_어휘_후보,,0,False
폭락하다,0,동사,5,일반어/일반어,신규_어휘_후보,,0,False
폭로,0,명사,5,일반어/일반어,신규_어휘_후보,,0,False
폭로되다,0,동사,5,일반어/일반어,신규_어휘_후보,,0,False
폭로하다,0,동사,5,일반어/일반어,신규_어휘_후보,,0,False
폭리,2,명사,5,일반어,신규_어휘_후보,,0,False
폭소,0,명사,5,일반어,신규_어휘_후보,,0,False
폭소탄,0,명사,5,일반어,신규_어휘_후보,,0,False
폭식,0,명사,5,일반어/일반어,신규_어휘_후보,,0,False
폭음,2,명사,5,일반어/일반어,신규_어휘_후보,,0,True
폭음,4,명사,5,일반어/일반어,신규_어휘_후보,,0,True
폭정,0,명사,5,일반어,신규_어휘_후보,,0,False
폭주,1,명사,5,일반어/전문어(체육)/전문어(정보·통신),신규_어휘_후보,,0,True
폭주,2,명사,5,일반어/일반어/전문어(한의),신규_어휘_후보,,0,True
폭주하다,1,동사,5,일반어/전문어(체육)/전문어(정보·통신),신규_어휘_후보,,0,True
폭주하다,2,동사,5,일반어/일반어/전문어(한의),신규_어휘_후보,,0,True
폰트,0,명사,5,전문어(매체),신규_어휘_후보,,0,False
폴,3,명사,5,전문어(전기·전자)/전문어(체육),신규_어휘_후보,,0,False
폴란드,0,명사,5,전문어(지명),신규_어휘_후보,,0,False
폴로셔츠,0,명사,5,일반어,신규_어휘_후보,,0,False
폴리스,0,명사,5,전문어(사회 일반),신규_어휘_후보,,0,False
폴리에스테르,0,명사,5,전문어(화학),신규_어휘_후보,,0,False
폴싹,0,부사,5,일반어/일반어/일반어,신규_어휘_후보,,0,False
폴폴,0,부사,5,일반어/일반어/일반어/일반어,신규_어휘_후보,,0,False
퐁퐁,3,부사,5,일반어,신규_어휘_후보,,0,True
표결,1,명사,5,일반어,신규_어휘_후보,,0,True
표결,2,명사,5,일반어,신규_어휘_후보,,0,True
표결하다,1,동사,5,일반어,신규_어휘_후보,,0,False
표고,1,명사,5,전문어(식물),신규_어휘_후보,,0,False
표구,0,명사,5,일반어,신규_어휘_후보,,0,False
표기법,0,명사,5,전문어(언어),신규_어휘_후보,,0,False
표독스럽다,0,형용사,5,일반어,신규_어휘_후보,,0,False
표류기,0,명사,5,일반어,신규_어휘_후보,,0,False
표리,0,명사,5,일반어/일반어/전문어(복식),신규_어휘_후보,,0,False
표리부동하다,0,형용사,5,일반어,신규_어휘_후보,,0,False
표면적,2,명사,5,전문어(수학),신규_어휘_후보,,0,False
표명,0,명사,5,일반어,신규_어휘_후보,,0,False
표명하다,0,동사,5,일반어,신규_어휘_후보,,0,False
표방,0,명사,5,일반어/일반어,신규_어휘_후보,,0,False
표밭,0,명사,5,일반어,신규_어휘_후보,,0,False
표백,2,명사,5,일반어,신규_어휘_후보,,0,False
표백하다,1,동사,5,일반어/전문어(불교),신규_어휘_후보,,0,True
표백하다,2,동사,5,일반어,신규_어휘_후보,,0,True
표상,0,명사,5,일반어/일반어/전문어(문학)/전문어(심리)/전문어(철학),신규_어휘_후보,,0,False
표석,3,명사,5,일반어,신규_어휘_후보,,0,False
표시등,2,명사,5,전문어(사회 일반),신규_어휘_후보,,0,False
표연히,0,부사,5,일반어/일반어,신규_어휘_후보,,0,False
표적물,0,명사,5,일반어,신규_어휘_후보,,0,False
표제,2,명사,5,일반어/일반어/일반어/일반어/일반어,신규_어휘_후보,,0,False
표제어,0,명사,5,일반어/전문어(언어),신규_어휘_후보,,0,False
표준시,0,명사,5,전문어(천문),신규_어휘_후보,,0,False
표준화,0,명사,5,일반어/일반어/전문어(심리),신규_어휘_후보,,0,False
표착하다,0,동사,5,일반어/일반어,신규_어휘_후보,,0,False
표창식,0,명사,5,일반어,신규_어휘_후보,,0,False
표출하다,0,동사,5,일반어,신규_어휘_후보,,0,False
표현법,0,명사,5,일반어,신규_어휘_후보,,0,False
푸근하다,0,형용사,5,일반어/일반어/일반어/일반어,신규_어휘_후보,,0,False
푸근히,0,부사,5,일반어/일반어/일반어/일반어,신규_어휘_후보,,0,False
푸념하다,0,동사,5,일반어/전문어(민속),신규_어휘_후보,,0,False
푸다닥,0,부사,5,일반어/일반어,신규_어휘_후보,,0,False
푸닥거리,0,명사,5,전문어(민속),신규_어휘_후보,,0,False
푸대접하다,0,동사,5,일반어,신규_어휘_후보,,0,False
푸덕,0,부사,5,일반어/일반어,신규_어휘_후보,,0,False
푸덕거리다,0,동사,5,일반어/일반어,신규_어휘_후보,,0,False
푸덕푸덕,0,부사,5,일반어/일반어,신규_어휘_후보,,0,False
푸득,0,부사,5,일반어/일반어,신규_어휘_후보,,0,False
푸득푸득,0,부사,5,일반어/일반어,신규_어휘_후보,,0,False
푸르죽죽하다,0,형용사,5,일반어,신규_어휘_후보,,0,False
푸석푸석,1,부사,5,일반어,신규_어휘_후보,,0,False
푸석푸석하다,2,형용사,5,일반어,신규_어휘_후보,,0,False
푸석하다,2,형용사,5,일반어,신규_어휘_후보,,0,False
푸슬푸슬,2,부사,5,일반어,신규_어휘_후보,,0,False
푸지다,0,형용사,5,일반어,신규_어휘_후보,,0,False
푹하다,0,형용사,5,일반어,신규_어휘_후보,,0,False
푼수,0,명사,5,일반어/일반어/일반어,신규_어휘_후보,,0,False
푼푼이,0,부사,5,일반어,신규_어휘_후보,,0,False
풀기,1,명사,5,일반어/일반어,신규_어휘_후보,,0,False
풀무치,0,명사,5,전문어(동물),신규_어휘_후보,,0,False
풀물,0,명사,5,일반어,신규_어휘_후보,,0,False
풀빵,0,명사,5,일반어,신규_어휘_후보,,0,False
풀이되다,0,동사,5,일반어,신규_어휘_후보,,0,False
풀쩍,0,부사,5,일반어/일반어,신규_어휘_후보,,0,False
품계석,0,명사,5,전문어(역사),신규_어휘_후보,,0,False
품귀,0,명사,5,일반어,신규_어휘_후보,,0,False
품명,1,명사,5,일반어/일반어,신규_어휘_후보,,0,False
품사,0,명사,5,전문어(언어),신규_어휘_후보,,0,False
품새,1,명사,5,전문어(체육),신규_어휘_후보,,0,False
품성,2,명사,5,일반어,신규_어휘_후보,,0,True
품세,0,명사,5,전문어(체육),신규_어휘_후보,,0,False
품안,0,명사,5,전문어(역사),신규_어휘_후보,,0,False
품앗이꾼,0,명사,5,일반어,신규_어휘_후보,,0,False
품절,0,명사,5,일반어,신규_어휘_후보,,0,False
품팔이,0,명사,5,일반어,신규_어휘_후보,,0,False
품평회,0,명사,5,일반어,신규_어휘_후보,,0,False
풋감,0,명사,5,일반어,신규_어휘_후보,,0,False
풋고추조림,0,명사,5,일반어,신규_어휘_후보,,0,False
풋김치,0,명사,5,일반어,신규_어휘_후보,,0,False
풋나물,0,명사,5,일반어,신규_어휘_후보,,0,False
풍,4,명사,5,일반어,신규_어휘_후보,,0,True
풍,5,명사,5,전문어(한의)/전문어(한의),신규_어휘_후보,,0,True
풍경,2,명사,5,일반어,신규_어휘_후보,,0,True
풍기,1,명사,5,일반어,신규_어휘_후보,,0,False
풍란,0,명사,5,전문어(식물)/전문어(미술),신규_어휘_후보,,0,False
풍로,1,명사,5,일반어/일반어,신규_어휘_후보,,0,False
풍류놀이,0,명사,5,일반어,신규_어휘_후보,,0,False
풍만하다,0,형용사,5,일반어/일반어,신규_어휘_후보,,0,False
풍모,0,명사,5,일반어,신규_어휘_후보,,0,False
풍문,4,명사,5,일반어,신규_어휘_후보,,0,False
풍물꾼,0,명사,5,전문어(민속),신규_어휘_후보,,0,False
풍물패,0,명사,5,일반어,신규_어휘_후보,,0,False
풍비박산,0,명사,5,일반어,신규_어휘_후보,,0,False
풍상,3,명사,5,일반어/일반어,신규_어휘_후보,,0,False
풍속,2,명사,5,일반어,신규_어휘_후보,,0,True
풍속도,0,명사,5,전문어(미술)/일반어,신규_어휘_후보,,0,False
풍수설,0,명사,5,전문어(민속)/전문어(민속),신규_어휘_후보,,0,False
풍수지리,0,명사,5,전문어(민속),신규_어휘_후보,,0,False
풍수해,0,명사,5,일반어,신규_어휘_후보,,0,False
풍악,1,명사,5,전문어(음악),신규_어휘_후보,,0,False
풍악산,0,명사,5,일반어,신규_어휘_후보,,0,False
풍어,2,명사,5,일반어,신규_어휘_후보,,0,False
풍어제,0,명사,5,전문어(민속),신규_어휘_후보,,0,False
풍우,0,명사,5,일반어/일반어,신규_어휘_후보,,0,False
풍운,1,명사,5,일반어/일반어/일반어/전문어(공예),신규_어휘_후보,,0,False
풍운아,0,명사,5,일반어,신규_어휘_후보,,0,False
풍월,0,명사,5,일반어/일반어/일반어,신규_어휘_후보,,0,False
풍전등화,0,명사,5,일반어/일반어,신규_어휘_후보,,0,False
풍조,2,명사,5,일반어/일반어,신규_어휘_후보,,0,False
풍취,0,명사,5,일반어/일반어,신규_어휘_후보,,0,False
풍치,1,명사,5,일반어/일반어,신규_어휘_후보,,0,False
풍토병,0,명사,5,일반어,신규_어휘_후보,,0,False
풍파,0,명사,5,일반어/일반어/일반어,신규_어휘_후보,,0,False
풍풍,1,부사,5,일반어/일반어,신규_어휘_후보,,0,False
퓰리처상,0,명사,5,전문어(매체),신규_어휘_후보,,0,False
프라이,0,명사,5,일반어,신규_어휘_후보,,0,False
프라이버시,0,명사,5,일반어,신규_어휘_후보,,0,False
프랑크푸르트,0,명사,5,전문어(지명),신규_어휘_후보,,0,False
프레온,0,명사,5,전문어(화학),신규_어휘_후보,,0,False
프레파라트,0,명사,5,전문어(생명),신규_어휘_후보,,0,False
프렌치프라이,0,명사,5,일반어,신규_어휘_후보,,0,False
프로세서,0,명사,5,전문어(정보·통신)/전문어(정보·통신),신규_어휘_후보,,0,False
프로세스,0,명사,5,일반어/전문어(매체),신규_어휘_후보,,0,False
프로키온,0,명사,5,전문어(천문),신규_어휘_후보,,0,False
프로토콜,0,명사,5,전문어(정보·통신),신규_어휘_후보,,0,False
프로판,0,명사,5,전문어(화학),신규_어휘_후보,,0,False
프리미엄,0,명사,5,전문어(경제)/전문어(경제)/전문어(경제)/전문어(경영),신규_어휘_후보,,0,False
플라나리아,0,명사,5,전문어(동물)/전문어(동물),신규_어휘_후보,,0,False
플라멩코,0,명사,5,전문어(예체능 일반),신규_어휘_후보,,0,False
플래카드,0,명사,5,일반어,신규_어휘_후보,,0,False
플랜더스,0,명사,5,전문어(지명),신규_어휘_후보,,0,False
플랫,0,명사,5,전문어(체육)/전문어(음악)/전문어(건설),신규_어휘_후보,,0,False
플러스하다,0,동사,5,일반어/전문어(수학),신규_어휘_후보,,0,False
플롯,0,명사,5,전문어(문학),신규_어휘_후보,,0,False
피,1,명사,5,전문어(식물),신규_어휘_후보,,0,True
피고,0,명사,5,전문어(법률),신규_어휘_후보,,0,False
피고름,0,명사,5,전문어(의학),신규_어휘_후보,,0,False
피골,0,명사,5,일반어,신규_어휘_후보,,0,False
피그말리온,0,명사,5,전문어(문학),신규_어휘_후보,,0,False
피난살이,0,명사,5,일반어,신규_어휘_후보,,0,False
피날레,0,명사,5,전문어(연기)/전문어(음악),신규_어휘_후보,,0,False
피돌기,0,명사,5,전문어(생명),신규_어휘_후보,,0,False
피동,0,명사,5,일반어/전문어(언어),신규_어휘_후보,,0,False
피동문,0,명사,5,전문어(언어),신규_어휘_후보,,0,False
피동사,0,명사,5,전문어(언어),신규_어휘_후보,,0,False
피동적,0,명사/관형사,5,일반어/일반어,신규_어휘_후보,,0,False
피둥피둥,0,부사,5,일반어/일반어/일반어,신규_어휘_후보,,0,False
피란민,0,명사,5,일반어,신규_어휘_후보,,0,False
피란살이,0,명사,5,일반어,신규_어휘_후보,,0,False
피란지,0,명사,5,일반어,신규_어휘_후보,,0,False
피력,0,명사,5,일반어,신규_어휘_후보,,0,False
피력하다,0,동사,5,일반어,신규_어휘_후보,,0,False
피로연,0,명사,5,일반어,신규_어휘_후보,,0,False
피륙,0,명사,5,일반어,신규_어휘_후보,,0,False
피마자기름,0,명사,5,전문어(농업),신규_어휘_후보,,0,False
피마자유,0,명사,5,전문어(농업),신규_어휘_후보,,0,False
피멍울,0,명사,5,일반어,신규_어휘_후보,,0,False
피바람,0,명사,5,일반어,신규_어휘_후보,,0,False
피복,1,명사,5,일반어/일반어,신규_어휘_후보,,0,False
피봉,0,명사,5,일반어,신규_어휘_후보,,0,False
피붙이,0,명사,5,일반어,신규_어휘_후보,,0,False
피비린내,0,명사,5,일반어/일반어,신규_어휘_후보,,0,False
피사리,1,명사,5,전문어(농업),신규_어휘_후보,,0,False
피살,0,명사,5,일반어,신규_어휘_후보,,0,False
피살되다,0,동사,5,일반어,신규_어휘_후보,,0,False
피상적,0,명사/관형사,5,일반어/일반어,신규_어휘_후보,,0,False
피서,0,명사,5,일반어,신규_어휘_후보,,0,False
피서객,0,명사,5,일반어,신규_어휘_후보,,0,False
피서하다,0,동사,5,일반어,신규_어휘_후보,,0,False
피선거권,0,명사,5,전문어(법률),신규_어휘_후보,,0,False
피신,0,명사,5,일반어,신규_어휘_후보,,0,False
피엠,1,명사,5,일반어,신규_어휘_후보,,0,False
피의자,0,명사,5,전문어(법률),신규_어휘_후보,,0,False
피임,2,명사,5,전문어(의학),신규_어휘_후보,,0,False
피임약,0,명사,5,전문어(약학),신규_어휘_후보,,0,False
피장파장,0,명사,5,일반어,신규_어휘_후보,,0,False
피차,0,명사,5,일반어/일반어,신규_어휘_후보,,0,False
피차간,0,명사,5,일반어,신규_어휘_후보,,0,False
피차일반,0,명사,5,일반어,신규_어휘_후보,,0,False
피츠버그,0,명사,5,전문어(지명),신규_어휘_후보,,0,False
피튜니아,0,명사,5,전문어(식물),신규_어휘_후보,,0,False
피폐,2,명사,5,일반어,신규_어휘_후보,,0,False
피폐하다,1,동사,5,일반어,신규_어휘_후보,,0,False
픽셀,0,명사,5,전문어(정보·통신),신규_어휘_후보,,0,False
핀란드,0,명사,5,전문어(지명),신규_어휘_후보,,0,False
핀잔주다,0,동사,5,일반어,신규_어휘_후보,,0,False
핀잔하다,0,동사,5,일반어,신규_어휘_후보,,0,False
필경,1,부사,5,일반어,신규_어휘_후보,,0,False
필기시험,0,명사,5,전문어(교육),신규_어휘_후보,,0,False
필기장,0,명사,5,일반어,신규_어휘_후보,,0,False
필기하다,0,동사,5,일반어/일반어,신규_어휘_후보,,0,False
필담,0,명사,5,일반어,신규_어휘_후보,,0,False
필독,1,명사,5,일반어,신규_어휘_후보,,0,False
필드하키,0,명사,5,전문어(체육),신규_어휘_후보,,0,False
필력,0,명사,5,일반어/일반어,신규_어휘_후보,,0,False
필리핀,0,명사,5,전문어(지명),신규_어휘_후보,,0,False
필명,2,명사,5,일반어/일반어,신규_어휘_후보,,0,False
필사,1,명사,5,일반어/일반어,신규_어휘_후보,,0,False
필사적,0,명사/관형사,5,일반어/일반어,신규_어휘_후보,,0,False
필산,2,명사,5,일반어,신규_어휘_후보,,0,False
필생,1,명사,5,일반어/일반어,신규_어휘_후보,,0,False
필순,0,명사,5,일반어,신규_어휘_후보,,0,False
필시,0,부사,5,일반어,신규_어휘_후보,,0,False
필연,1,명사/부사,5,일반어/일반어,기존_콘텐츠와_연결_후보,SR_L4CORE_4823,1,False
필연성,0,명사,5,일반어/전문어(철학),신규_어휘_후보,,0,False
필연적,0,명사/관형사,5,일반어/일반어,신규_어휘_후보,,0,False
필요품,0,명사,5,일반어,신규_어휘_후보,,0,False
필자,0,명사,5,일반어,신규_어휘_후보,,0,False
필적,2,명사,5,일반어,신규_어휘_후보,,0,False
필적하다,0,동사,5,일반어,신규_어휘_후보,,0,False
필치,0,명사,5,일반어/일반어,신규_어휘_후보,,0,False
필히,0,부사,5,일반어,신규_어휘_후보,,0,False
핏기,0,명사,5,일반어,신규_어휘_후보,,0,False
핏대,1,명사,5,일반어/일반어,신규_어휘_후보,,0,False
핏덩이,0,명사,5,일반어/일반어,신규_어휘_후보,,0,False
핏방울,0,명사,5,일반어,신규_어휘_후보,,0,False
핏속,0,명사,5,일반어,신규_어휘_후보,,0,False
핑그르르,0,부사,5,일반어/일반어/일반어,신규_어휘_후보,,0,False
하,2,부사,5,일반어,신규_어휘_후보,,0,False
하강,0,명사,5,일반어/일반어/일반어,신규_어휘_후보,,0,False
하고많다,0,형용사,5,일반어,신규_어휘_후보,,0,False
하관,4,명사,5,일반어,신규_어휘_후보,,0,False
하구언,0,명사,5,일반어,신규_어휘_후보,,0,False
하굿둑,0,명사,5,일반어,신규_어휘_후보,,0,False
하기휴가,0,명사,5,일반어,신규_어휘_후보,,0,False
하늘가,0,명사,5,일반어,신규_어휘_후보,,0,False
하늘거리다,0,동사,5,일반어/일반어,신규_어휘_후보,,0,False
하늘하늘하다,0,동사/형용사,5,일반어/일반어/일반어/일반어/일반어,신규_어휘_후보,,0,False
하달,0,명사,5,일반어,신규_어휘_후보,,0,False
하드웨어,0,명사,5,전문어(정보·통신),신규_어휘_후보,,0,False
하등,1,명사,5,일반어/일반어,신규_어휘_후보,,0,True
하례,2,명사,5,일반어,신규_어휘_후보,,0,False
하루치,0,명사,5,일반어,신규_어휘_후보,,0,False
하루해,0,명사,5,일반어,신규_어휘_후보,,0,False
하룻길,0,명사,5,일반어,신규_어휘_후보,,0,False
하명,1,명사,5,일반어/일반어/전문어(법률),신규_어휘_후보,,0,False
하모니,0,명사,5,전문어(미술)/전문어(음악),신규_어휘_후보,,0,False
하반신,0,명사,5,일반어,신규_어휘_후보,,0,False
하복,3,명사,5,일반어,신규_어휘_후보,,0,False
하사,1,명사,5,전문어(군사)/전문어(역사),신규_어휘_후보,,0,True
하사,4,명사,5,일반어,신규_어휘_후보,,0,True
하사관,0,명사,5,전문어(군사),신규_어휘_후보,,0,False
하선하다,0,동사,5,일반어/일반어,신규_어휘_후보,,0,False
하수,1,명사,5,일반어,신규_어휘_후보,,0,True
하수도관,0,명사,5,일반어,신규_어휘_후보,,0,False
하수량,0,명사,5,일반어,신규_어휘_후보,,0,False
하숙인,0,명사,5,일반어,신규_어휘_후보,,0,False
하숙촌,0,명사,5,일반어,신규_어휘_후보,,0,False
하숙하다,0,동사,5,일반어,신규_어휘_후보,,0,False
하순,1,명사,5,일반어,신규_어휘_후보,,0,False
하야,1,명사,5,일반어,신규_어휘_후보,,0,False
하얀빛,0,명사,5,일반어,신규_어휘_후보,,0,False
하얘지다,0,동사,5,일반어,신규_어휘_후보,,0,False
하얼빈,0,명사,5,전문어(지명),신규_어휘_후보,,0,False
하역,2,명사,5,일반어,신규_어휘_후보,,0,False
하염없다,0,형용사,5,일반어/일반어,신규_어휘_후보,,0,False
하오,3,명사,5,일반어,신규_어휘_후보,,0,False
하옥되다,0,동사,5,일반어,신규_어휘_후보,,0,False
하와이,0,명사,5,전문어(지명),신규_어휘_후보,,0,False
하위,2,명사,5,일반어,기존_콘텐츠와_연결_후보,SR_L4CORE_4825,1,False
하이힐,0,명사,5,일반어,신규_어휘_후보,,0,False
하절기,0,명사,5,일반어,신규_어휘_후보,,0,False
하지,6,명사,5,일반어,신규_어휘_후보,,0,False
하직,1,명사,5,일반어/일반어/일반어/전문어(역사)/전문어(역사),신규_어휘_후보,,0,False
하직하다,0,동사,5,일반어/전문어(역사)/일반어/전문어(역사),신규_어휘_후보,,0,False
하차,0,명사,5,일반어/일반어,신규_어휘_후보,,0,False
하차장,0,명사,5,일반어,신규_어휘_후보,,0,False
하층,0,명사,5,일반어/일반어,신규_어휘_후보,,0,False
하치장,0,명사,5,일반어/일반어,신규_어휘_후보,,0,False
하편,0,명사,5,일반어,신규_어휘_후보,,0,False
하해,1,명사,5,일반어,신규_어휘_후보,,0,False
하회,1,명사,5,일반어/일반어/일반어,신규_어휘_후보,,0,False
하회탈,0,명사,5,전문어(역사),신규_어휘_후보,,0,False
학계,2,명사,5,일반어,신규_어휘_후보,,0,False
학구,1,명사,5,일반어/일반어/일반어,신규_어휘_후보,,0,False
학구적,0,명사/관형사,5,일반어/일반어,신규_어휘_후보,,0,False
학군,0,명사,5,전문어(교육),신규_어휘_후보,,0,False
학군단,0,명사,5,전문어(군사),신규_어휘_후보,,0,False
학대하다,0,동사,5,일반어,신규_어휘_후보,,0,False
학덕,0,명사,5,일반어,신규_어휘_후보,,0,False
학도,1,명사,5,일반어/일반어,신규_어휘_후보,,0,False
학령기,0,명사,5,전문어(교육),신규_어휘_후보,,0,False
학리,2,명사,5,일반어,신규_어휘_후보,,0,False
학문적,0,명사/관형사,5,일반어/일반어,신규_어휘_후보,,0,False
학번,0,명사,5,일반어/일반어,신규_어휘_후보,,0,False
학보,1,명사,5,일반어/일반어,신규_어휘_후보,,0,False
학보사,0,명사,5,일반어,신규_어휘_후보,,0,False
학부,3,명사,5,일반어/일반어/일반어/전문어(역사),신규_어휘_후보,,0,False
학부장,0,명사,5,일반어,신규_어휘_후보,,0,False
학사,2,명사,5,일반어/전문어(교육)/전문어(역사)/전문어(역사)/전문어(역사)/전문어(역사)/전문어(역사),신규_어휘_후보,,0,False
학생감,0,명사,5,전문어(역사),신규_어휘_후보,,0,False
학생부,2,명사,5,전문어(교육),신규_어휘_후보,,0,False
학선,0,명사,5,일반어,신규_어휘_후보,,0,False
학술,0,명사,5,일반어/일반어,신규_어휘_후보,,0,False
학술원,0,명사,5,일반어,신규_어휘_후보,,0,False
학술적,0,명사/관형사,5,일반어/일반어,신규_어휘_후보,,0,False
학습서,0,명사,5,전문어(교육),신규_어휘_후보,,0,False
학습용,0,명사,5,일반어,신규_어휘_후보,,0,False
학우회,0,명사,5,일반어,신규_어휘_후보,,0,False
학원비,0,명사,5,일반어,신규_어휘_후보,,0,False
학자금,0,명사,5,일반어,신규_어휘_후보,,0,False
학장,2,명사,5,전문어(교육),신규_어휘_후보,,0,False
학적,3,명사,5,전문어(교육),신규_어휘_후보,,0,False
학적부,0,명사,5,전문어(교육),신규_어휘_후보,,0,False
학점,0,명사,5,전문어(교육)/전문어(교육),신규_어휘_후보,,0,False
학정,1,명사,5,일반어,신규_어휘_후보,,0,False
학질,0,명사,5,전문어(의학),신규_어휘_후보,,0,False
학창,1,명사,5,일반어,신규_어휘_후보,,0,False
학춤,0,명사,5,전문어(무용)/전문어(역사),신규_어휘_후보,,0,False
학칙,0,명사,5,일반어,신규_어휘_후보,,0,False
학파,0,명사,5,일반어,신규_어휘_후보,,0,False
학풍,0,명사,5,일반어/일반어,신규_어휘_후보,,0,False
학회,0,명사,5,일반어/전문어(불교),신규_어휘_후보,,0,False
한,11,명사,5,전문어(역사)/전문어(역사)/전문어(지명),신규_어휘_후보,,0,True
한가을,0,명사,5,일반어/일반어,신규_어휘_후보,,0,False
한가히,0,부사,5,일반어,신규_어휘_후보,,0,False
한갓지다,0,형용사,5,일반어,신규_어휘_후보,,0,False
한겨레,0,명사,5,일반어,신규_어휘_후보,,0,False
한고비,0,명사,5,일반어,신규_어휘_후보,,0,False
한글문화,0,명사,5,일반어,신규_어휘_후보,,0,False
한끝,0,명사,5,일반어,신규_어휘_후보,,0,False
한나라,2,명사,5,전문어(역사),신규_어휘_후보,,0,False
한날,0,명사,5,일반어,신규_어휘_후보,,0,False
한달음,0,명사,5,일반어,신규_어휘_후보,,0,False
한더위,0,명사,5,일반어,신규_어휘_후보,,0,False
한데,2,명사,5,일반어,신규_어휘_후보,,0,True
한들거리다,0,동사,5,일반어,신규_어휘_후보,,0,False
한량,1,명사,5,일반어,신규_어휘_후보,,0,True
한량,3,명사,5,전문어(역사)/전문어(역사)/전문어(역사)/일반어,신규_어휘_후보,,0,True
한량없다,0,형용사,5,일반어,신규_어휘_후보,,0,False
한량없이,0,부사,5,일반어,신규_어휘_후보,,0,False
한로,2,명사,5,일반어/일반어,신규_어휘_후보,,0,False
한목,0,명사,5,일반어,신규_어휘_후보,,0,False
한문학,0,명사,5,일반어/일반어,신규_어휘_후보,,0,False
한물,1,명사,5,일반어,신규_어휘_후보,,0,False
한물가다,0,동사,5,일반어/일반어/일반어,신규_어휘_후보,,0,False
한미,2,명사,5,일반어,신규_어휘_후보,,0,False
한밑천,0,명사,5,일반어,신규_어휘_후보,,0,False
한바탕하다,0,동사,5,일반어/일반어,신규_어휘_후보,,0,False
한방,1,명사,5,일반어/일반어,신규_어휘_후보,,0,True
한방의,0,명사,5,전문어(한의),신규_어휘_후보,,0,False
한사람,0,명사,5,일반어,신규_어휘_후보,,0,False
한산도,0,명사,5,전문어(지명),신규_어휘_후보,,0,False
한삼,3,명사,5,일반어/일반어,신규_어휘_후보,,0,False
한성부,0,명사,5,전문어(역사),신규_어휘_후보,,0,False
한세상,0,명사,5,일반어/일반어,신규_어휘_후보,,0,False
한센병,0,명사,5,전문어(의학),신규_어휘_후보,,0,False
한숨짓다,0,동사,5,일반어,신규_어휘_후보,,0,False
한시름,0,명사,5,일반어,신규_어휘_후보,,0,False
한식,3,명사,5,일반어,신규_어휘_후보,,0,True
한심스럽다,0,형용사,5,일반어,신규_어휘_후보,,0,False
한심스레,0,부사,5,일반어,신규_어휘_후보,,0,False
한양,3,명사,5,전문어(지명),신규_어휘_후보,,0,False
한옆,0,명사,5,일반어,신규_어휘_후보,,0,False
한울,0,명사,5,전문어(종교 일반)/전문어(종교 일반),신규_어휘_후보,,0,False
한자음,0,명사,5,일반어,신규_어휘_후보,,0,False
한잠,1,명사,5,일반어,신규_어휘_후보,,0,False
한재,1,명사,5,일반어,신규_어휘_후보,,0,False
한줄기,0,명사,5,일반어/일반어,신규_어휘_후보,,0,False
한줌,0,명사,5,일반어,신규_어휘_후보,,0,False
한중,4,명사,5,일반어/일반어,신규_어휘_후보,,0,False
한집안,0,명사,5,일반어/일반어,신규_어휘_후보,,0,False
한차례,0,명사,5,일반어,신규_어휘_후보,,0,False
한창나이,0,명사,5,일반어,신규_어휘_후보,,0,False
한철,0,명사,5,일반어,신규_어휘_후보,,0,False
한탄,0,명사,5,일반어,신규_어휘_후보,,0,False
한턱내다,0,동사,5,일반어,신규_어휘_후보,,0,False
한통속,0,명사,5,일반어,신규_어휘_후보,,0,False
한풀,0,부사,5,일반어,신규_어휘_후보,,0,False
한하다,1,동사,5,일반어,신규_어휘_후보,,0,True
한학,2,명사,5,일반어/일반어/일반어,신규_어휘_후보,,0,False
한학자,0,명사,5,일반어,신규_어휘_후보,,0,False
한해,1,명사,5,일반어,신규_어휘_후보,,0,True
한해,2,명사,5,일반어,신규_어휘_후보,,0,True
한해살이풀,0,명사,5,전문어(식물),신규_어휘_후보,,0,False
할당,0,명사,5,일반어,신규_어휘_후보,,0,False
할당하다,0,동사,5,일반어,신규_어휘_후보,,0,False
할딱이다,0,동사,5,일반어/일반어,신규_어휘_후보,,0,False
할딱할딱,0,부사,5,일반어/일반어,신규_어휘_후보,,0,False
할렐루야,0,명사,5,전문어(기독교),신규_어휘_후보,,0,False
할미새,0,명사,5,전문어(동물),신규_어휘_후보,,0,False
할바마마,0,명사,5,일반어,신규_어휘_후보,,0,False
할부,0,명사,5,일반어/일반어,신규_어휘_후보,,0,False
할부금,0,명사,5,일반어/일반어,신규_어휘_후보,,0,False
할증,0,명사,5,일반어,신규_어휘_후보,,0,False
할증료,0,명사,5,일반어,신규_어휘_후보,,0,False
함경선,0,명사,5,전문어(교통),신규_어휘_후보,,0,False
함구,2,명사,5,일반어,신규_어휘_후보,,0,False
함남,0,명사,5,전문어(지명),신규_어휘_후보,,0,False
함몰되다,0,동사,5,일반어/일반어/일반어,신규_어휘_후보,,0,False
함북,0,명사,5,전문어(지명),신규_어휘_후보,,0,False
함석,0,명사,5,전문어(공업),신규_어휘_후보,,0,False
함유,1,명사,5,일반어,신규_어휘_후보,,0,False
함유하다,1,동사,5,일반어,신규_어휘_후보,,0,False
함자,0,명사,5,일반어,신규_어휘_후보,,0,False
함정,2,명사,5,전문어(군사),신규_어휘_후보,,0,True
함지,1,명사,5,일반어/일반어/전문어(광업),신규_어휘_후보,,0,False
함지박,0,명사,5,일반어,신규_어휘_후보,,0,False
함초롬히,0,부사,5,일반어,신규_어휘_후보,,0,False
함흥차사,0,명사,5,일반어,신규_어휘_후보,,0,False
합기도,0,명사,5,전문어(체육),신규_어휘_후보,,0,False
합동결혼식,0,명사,5,일반어,신규_어휘_후보,,0,False
합리,1,명사,5,일반어/전문어(철학),신규_어휘_후보,,0,False
합리적,0,명사/관형사,5,일반어/일반어,기존_콘텐츠와_연결_후보,SR_L6CORE_4972,1,False
합리주의,0,명사,5,일반어/전문어(철학),신규_어휘_후보,,0,False
합리화,0,명사,5,일반어/일반어/전문어(심리)/전문어(철학),신규_어휘_후보,,0,False
합방,0,명사,5,일반어,신규_어휘_후보,,0,False
합법,0,명사,5,일반어,신규_어휘_후보,,0,False
합병하다,2,동사,5,일반어,신규_어휘_후보,,0,False
합석,0,명사,5,일반어,신규_어휘_후보,,0,False
합선,1,명사,5,전문어(전기·전자)/전문어(전기·전자),신규_어휘_후보,,0,False
합선되다,0,동사,5,전문어(전기·전자)/전문어(전기·전자),신규_어휘_후보,,0,False
합성어,2,명사,5,전문어(언어),신규_어휘_후보,,0,False
합세,0,명사,5,일반어,신규_어휘_후보,,0,False
합숙,0,명사,5,일반어,신규_어휘_후보,,0,False
합승,0,명사,5,일반어/일반어,신규_어휘_후보,,0,False
합승하다,0,동사,5,일반어/일반어,신규_어휘_후보,,0,False
합의,2,명사,5,일반어/전문어(법률),신규_어휘_후보,,0,True
합의하다,2,동사,5,일반어/전문어(법률),신규_어휘_후보,,0,True
합장하다,1,동사,5,전문어(불교),신규_어휘_후보,,0,False
합주곡,0,명사,5,전문어(음악),신규_어휘_후보,,0,False
합주단,0,명사,5,일반어,신규_어휘_후보,,0,False
합죽선,0,명사,5,일반어,신규_어휘_후보,,0,False
합중국,0,명사,5,전문어(정치),신규_어휘_후보,,0,False
합집합,0,명사,5,전문어(수학),신규_어휘_후보,,0,False
합헌,0,명사,5,전문어(법률),신규_어휘_후보,,0,False
핫뉴스,0,명사,5,일반어,신규_어휘_후보,,0,False
핫옷,0,명사,5,일반어,신규_어휘_후보,,0,False
핫저고리,0,명사,5,일반어,신규_어휘_후보,,0,False
핫케이크,0,명사,5,일반어,신규_어휘_후보,,0,False
항간,2,명사,5,일반어/일반어/일반어,신규_어휘_후보,,0,False
항거,0,명사,5,일반어,신규_어휘_후보,,0,False
항고,0,명사,5,전문어(법률),신규_어휘_후보,,0,False
항공관제,0,명사,5,전문어(교통),신규_어휘_후보,,0,False
항공권,0,명사,5,일반어,신규_어휘_후보,,0,False
항공사,2,명사,5,일반어,신규_어휘_후보,,0,False
항구적,0,명사/관형사,5,일반어/일반어,신규_어휘_후보,,0,False
항도,2,명사,5,전문어(건설),신규_어휘_후보,,0,False
항라,0,명사,5,일반어,신규_어휘_후보,,0,False
항렬,0,명사,5,일반어,신규_어휘_후보,,0,False
항렬자,0,명사,5,일반어,신규_어휘_후보,,0,False
항만,0,명사,5,일반어,신규_어휘_후보,,0,False
항법,0,명사,5,일반어,신규_어휘_후보,,0,False
항소,0,명사,5,전문어(법률)/전문어(법률),신규_어휘_후보,,0,False
항시,1,명사/부사,5,일반어/일반어,신규_어휘_후보,,0,False
항암제,0,명사,5,전문어(의학),신규_어휘_후보,,0,False
항우장사,0,명사,5,일반어/일반어,신규_어휘_후보,,0,False
항일군,0,명사,5,일반어,신규_어휘_후보,,0,False
항전,1,명사,5,일반어,신규_어휘_후보,,0,False
항전하다,1,동사,5,일반어,신규_어휘_후보,,0,False
항진,3,명사,5,일반어,신규_어휘_후보,,0,False
항체,0,명사,5,전문어(생명),신규_어휘_후보,,0,False
항해사,0,명사,5,전문어(교통),신규_어휘_후보,,0,False
항해선,0,명사,5,일반어,신규_어휘_후보,,0,False
해가림,0,명사,5,일반어,신규_어휘_후보,,0,False
해감,0,명사,5,일반어,신규_어휘_후보,,0,False
해거름,0,명사,5,일반어,신규_어휘_후보,,0,False
해고하다,0,동사,5,전문어(사회 일반),신규_어휘_후보,,0,False
해괴망측하다,0,형용사,5,일반어,신규_어휘_후보,,0,False
해괴하다,0,형용사,5,일반어,신규_어휘_후보,,0,False
해남,0,명사,5,전문어(지명),신규_어휘_후보,,0,False
해당화,0,명사,5,전문어(식물),신규_어휘_후보,,0,False
해독기,0,명사,5,전문어(정보·통신),신규_어휘_후보,,0,False
해독성,0,명사,5,일반어,신규_어휘_후보,,0,False
해독제,0,명사,5,전문어(약학),신규_어휘_후보,,0,False
해동,5,명사,5,일반어,신규_어휘_후보,,0,False
해동성국,0,명사,5,일반어,신규_어휘_후보,,0,False
해동통보,0,명사,5,전문어(역사),신규_어휘_후보,,0,False
해동하다,0,동사,5,일반어,신규_어휘_후보,,0,False
해례본,0,명사,5,전문어(역사),신규_어휘_후보,,0,False
해로,2,명사,5,일반어,신규_어휘_후보,,0,False
해롱거리다,0,동사,5,일반어/일반어,신규_어휘_후보,,0,False
해롱해롱,0,부사,5,일반어/일반어,신규_어휘_후보,,0,False
해류,2,명사,5,전문어(해양),기존_콘텐츠와_연결_후보,SR_L4CORE_6418,1,False
해리,1,의존 명사,5,일반어,신규_어휘_후보,,0,False
해맞이,0,명사,5,일반어/일반어,신규_어휘_후보,,0,False
해머,0,명사,5,일반어/전문어(체육)/전문어(음악),신규_어휘_후보,,0,False
해면,1,명사,5,일반어,신규_어휘_후보,,0,False
해명하다,0,동사,5,일반어,신규_어휘_후보,,0,False
해모수,0,명사,5,전문어(문학),신규_어휘_후보,,0,False
해몽,1,명사,5,일반어,신규_어휘_후보,,0,False
해몽하다,1,동사,5,일반어,신규_어휘_후보,,0,False
해묵다,0,동사,5,일반어/일반어,신규_어휘_후보,,0,False
해박하다,2,형용사,5,일반어,신규_어휘_후보,,0,False
해변가,0,명사,5,일반어,신규_어휘_후보,,0,False
해병,2,명사,5,전문어(군사)/전문어(군사),신규_어휘_후보,,0,False
해부도,2,명사,5,일반어,신규_어휘_후보,,0,False
해사하다,1,형용사,5,일반어/일반어/일반어,신규_어휘_후보,,0,False
해산,3,명사,5,일반어,신규_어휘_후보,,0,True
해산하다,1,동사,5,일반어,신규_어휘_후보,,0,True
해상권,0,명사,5,전문어(군사),신규_어휘_후보,,0,False
해석하다,1,동사,5,일반어,신규_어휘_후보,,0,True
해설문,0,명사,5,일반어,신규_어휘_후보,,0,False
해수욕객,0,명사,5,일반어,신규_어휘_후보,,0,False
해쓱하다,0,형용사,5,일반어,신규_어휘_후보,,0,False
해악,1,명사,5,일반어/일반어,신규_어휘_후보,,0,False
해약,1,명사,5,일반어/전문어(법률),신규_어휘_후보,,0,False
해약하다,0,동사,5,일반어/전문어(법률),신규_어휘_후보,,0,False
해양법,0,명사,5,전문어(법률),신규_어휘_후보,,0,False
해역,2,명사,5,일반어,신규_어휘_후보,,0,False
해열제,0,명사,5,전문어(약학),신규_어휘_후보,,0,False
해오라기,0,명사,5,전문어(동물),신규_어휘_후보,,0,False
해운,3,명사,5,전문어(교통),신규_어휘_후보,,0,False
해운대,0,명사,5,전문어(지명),신규_어휘_후보,,0,False
해운업,0,명사,5,전문어(경제),신규_어휘_후보,,0,False
해이,1,명사,5,일반어,신규_어휘_후보,,0,False
해이하다,1,형용사,5,일반어,신규_어휘_후보,,0,False
해적단,0,명사,5,일반어,신규_어휘_후보,,0,False
해조,4,명사,5,전문어(생명),신규_어휘_후보,,0,False
해죽,1,부사,5,일반어,신규_어휘_후보,,0,False
해죽이,0,부사,5,일반어,신규_어휘_후보,,0,False
해죽해죽,1,부사,5,일반어,신규_어휘_후보,,0,False
해중,1,명사,5,일반어/일반어,신규_어휘_후보,,0,False
해직,0,명사,5,일반어,신규_어휘_후보,,0,False
해침,0,명사,5,전문어(해양),신규_어휘_후보,,0,False
해캄,1,명사,5,전문어(생명),신규_어휘_후보,,0,False
해코지,0,명사,5,일반어,신규_어휘_후보,,0,False
해탈,0,명사,5,전문어(불교)/일반어,신규_어휘_후보,,0,False
해태,4,명사,5,일반어,신규_어휘_후보,,0,False
해파리냉채,0,명사,5,일반어,신규_어휘_후보,,0,False
해하다,1,동사,5,전문어(언어),신규_어휘_후보,,0,False
해학,4,명사,5,일반어,신규_어휘_후보,,0,False
핵가족화,0,명사,5,전문어(사회 일반),신규_어휘_후보,,0,False
핵전쟁,0,명사,5,전문어(군사),신규_어휘_후보,,0,False
핵폭발,0,명사,5,전문어(물리),신규_어휘_후보,,0,False
핸드크림,0,명사,5,일반어,신규_어휘_후보,,0,False
핸디캡,0,명사,5,일반어/전문어(체육),신규_어휘_후보,,0,False
햄버그스테이크,0,명사,5,일반어,신규_어휘_후보,,0,False
햅쌀밥,0,명사,5,일반어,신규_어휘_후보,,0,False
햇고구마,0,명사,5,일반어,신규_어휘_후보,,0,False
햇곡,0,명사,5,일반어,신규_어휘_후보,,0,False
햇김,0,명사,5,일반어,신규_어휘_후보,,0,False
햇나물,0,명사,5,일반어,신규_어휘_후보,,0,False
햇무리,0,명사,5,일반어,신규_어휘_후보,,0,False
햇병아리,0,명사,5,일반어/일반어,신규_어휘_후보,,0,False
햇보리,0,명사,5,일반어,신규_어휘_후보,,0,False
햇사과,0,명사,5,일반어,신규_어휘_후보,,0,False
햇솜,0,명사,5,일반어,신규_어휘_후보,,0,False
햇수,0,명사,5,일반어,신규_어휘_후보,,0,False
행간,2,명사,5,일반어/일반어,신규_어휘_후보,,0,False
행군하다,0,동사,5,일반어/전문어(군사),신규_어휘_후보,,0,False
행궁,0,명사,5,전문어(역사),신규_어휘_후보,,0,False
행글라이더,0,명사,5,일반어,신규_어휘_후보,,0,False
행동반경,0,명사,5,전문어(군사)/일반어,신규_어휘_후보,,0,False
행랑,0,명사,5,일반어/일반어/전문어(역사),신규_어휘_후보,,0,False
행랑채,0,명사,5,일반어,신규_어휘_후보,,0,False
행로,0,명사,5,일반어/일반어/일반어,신규_어휘_후보,,0,False
행방불명되다,0,동사,5,일반어,신규_어휘_후보,,0,False
행보,0,명사,5,일반어/일반어/일반어/일반어,신규_어휘_후보,,0,False
행복감,0,명사,5,일반어,신규_어휘_후보,,0,False
행복스럽다,0,형용사,5,일반어,신규_어휘_후보,,0,False
행사되다,0,동사,5,일반어/전문어(법률),신규_어휘_후보,,0,False
행사적,0,명사/관형사,5,일반어/일반어,신규_어휘_후보,,0,False
행상,3,명사,5,일반어/일반어,신규_어휘_후보,,0,False
행선,1,명사,5,일반어,신규_어휘_후보,,0,False
행선하다,1,동사,5,일반어,신규_어휘_후보,,0,False
행세,2,명사,5,일반어,신규_어휘_후보,,0,True
행세하다,1,동사,5,일반어/일반어,신규_어휘_후보,,0,True
행세하다,2,동사,5,일반어,신규_어휘_후보,,0,True
행운아,0,명사,5,일반어,신규_어휘_후보,,0,False
행운유수,0,명사,5,일반어/일반어/일반어/일반어,신규_어휘_후보,,0,False
행장,4,명사,5,일반어,신규_어휘_후보,,0,False
행정가,0,명사,5,일반어,신규_어휘_후보,,0,False
행정법,0,명사,5,전문어(법률)/전문어(법률),기존_콘텐츠와_연결_후보,SR_L6CORE_6043,1,False
행정병,0,명사,5,전문어(군사),신규_어휘_후보,,0,False
행정직,0,명사,5,전문어(행정),신규_어휘_후보,,0,False
행정학,0,명사,5,전문어(행정),신규_어휘_후보,,0,False
행주산성,0,명사,5,전문어(역사),신규_어휘_후보,,0,False
행진,1,명사,5,전문어(군사),신규_어휘_후보,,0,True
향가,0,명사,5,전문어(문학),신규_어휘_후보,,0,False
향교,2,명사,5,전문어(역사),신규_어휘_후보,,0,False
향내,0,명사,5,일반어/일반어,신규_어휘_후보,,0,False
향년,0,명사,5,일반어,신규_어휘_후보,,0,False
향락하다,0,동사,5,일반어,신규_어휘_후보,,0,False
향상하다,0,동사,5,일반어,신규_어휘_후보,,0,False
향수,5,명사,5,일반어,신규_어휘_후보,,0,True
향수병,1,명사,5,일반어,신규_어휘_후보,,0,True
향수병,2,명사,5,일반어,신규_어휘_후보,,0,True
향악,2,명사,5,전문어(음악)/전문어(음악),신규_어휘_후보,,0,False
향약,1,명사,5,전문어(역사),신규_어휘_후보,,0,False
향연,2,명사,5,일반어/전문어(책명),신규_어휘_후보,,0,False
향유,1,명사,5,일반어,신규_어휘_후보,,0,False
향초,1,명사,5,일반어,신규_어휘_후보,,0,False
향취,0,명사,5,일반어,신규_어휘_후보,,0,False
향토방위,0,명사,5,일반어,신규_어휘_후보,,0,False
향토색,0,명사,5,일반어,신규_어휘_후보,,0,False
향토애,0,명사,5,일반어,신규_어휘_후보,,0,False
향토적,0,명사/관형사,5,일반어/일반어,신규_어휘_후보,,0,False
향토지,0,명사,5,일반어/일반어,신규_어휘_후보,,0,False
향피리,0,명사,5,전문어(음악),신규_어휘_후보,,0,False
향화,3,명사,5,일반어/일반어,신규_어휘_후보,,0,False
허,5,명사,5,일반어/일반어/일반어/일반어/전문어(수학)/전문어(철학),신규_어휘_후보,,0,False
허가장,0,명사,5,전문어(법률),신규_어휘_후보,,0,False
허겁지겁하다,0,동사,5,일반어,신규_어휘_후보,,0,False
허공중,0,명사,5,일반어,신규_어휘_후보,,0,False
허구적,0,명사/관형사,5,일반어/일반어,신규_어휘_후보,,0,False
허구하다,1,형용사,5,일반어,신규_어휘_후보,,0,False
허깨비,0,명사,5,일반어/일반어/일반어,신규_어휘_후보,,0,False
허다하다,0,형용사,5,일반어,신규_어휘_후보,,0,False
허둥대다,0,동사,5,일반어,신규_어휘_후보,,0,False
허드렛물,0,명사,5,일반어,신규_어휘_후보,,0,False
허례허식,0,명사,5,일반어,신규_어휘_후보,,0,False
허리뼈,0,명사,5,전문어(의학),신규_어휘_후보,,0,False
허무맹랑하다,0,형용사,5,일반어,신규_어휘_후보,,0,False
허물벗기,0,명사,5,전문어(동물),신규_어휘_후보,,0,False
허물어뜨리다,0,동사,5,일반어/일반어/일반어/일반어/일반어/일반어/일반어,신규_어휘_후보,,0,False
허물없다,0,형용사,5,일반어,신규_어휘_후보,,0,False
허물하다,0,동사,5,일반어,신규_어휘_후보,,0,False
허브,1,명사,5,일반어,신규_어휘_후보,,0,False
허비,2,명사,5,일반어,신규_어휘_후보,,0,False
허비다,0,동사,5,일반어/일반어/일반어,신규_어휘_후보,,0,False
허비되다,0,동사,5,일반어,신규_어휘_후보,,0,False
허상,3,명사,5,일반어/전문어(물리),신규_어휘_후보,,0,False
허생전,0,명사,5,전문어(문학),신규_어휘_후보,,0,False
허송세월,0,명사,5,일반어,신규_어휘_후보,,0,False
허수,4,명사,5,전문어(수학),신규_어휘_후보,,0,False
허식,2,명사,5,일반어,신규_어휘_후보,,0,False
허심탄회하다,0,형용사,5,일반어,신규_어휘_후보,,0,False
허약,2,명사,5,일반어,신규_어휘_후보,,0,False
허여되다,0,동사,5,일반어/일반어,신규_어휘_후보,,0,False
허여멀겋다,0,형용사,5,일반어/일반어,신규_어휘_후보,,0,False
허영,3,명사,5,일반어,신규_어휘_후보,,0,False
허욕,0,명사,5,일반어,신규_어휘_후보,,0,False
허용량,0,명사,5,일반어,신규_어휘_후보,,0,False
허우적허우적,0,부사,5,일반어/일반어,신규_어휘_후보,,0,False
허울,0,명사,5,일반어,신규_어휘_후보,,0,False
허위허위,0,부사,5,일반어/일반어,신규_어휘_후보,,0,False
허장성세하다,0,동사,5,일반어,신규_어휘_후보,,0,False
허점,0,명사,5,일반어,신규_어휘_후보,,0,False
허접쓰레기,0,명사,5,일반어,신규_어휘_후보,,0,False
허접하다,1,형용사,5,일반어,신규_어휘_후보,,0,False
허탈감,0,명사,5,일반어,신규_어휘_후보,,0,False
허탕,1,명사,5,일반어,신규_어휘_후보,,0,False
허투루,0,부사,5,일반어,신규_어휘_후보,,0,False
허튼,0,관형사,5,일반어,신규_어휘_후보,,0,False
허풍쟁이,0,명사,5,일반어,신규_어휘_후보,,0,False
허하다,1,동사,5,일반어,신규_어휘_후보,,0,False
허황하다,0,형용사,5,일반어,신규_어휘_후보,,0,False
헌것,0,명사,5,일반어,신규_어휘_후보,,0,False
헌금,0,명사,5,일반어/전문어(기독교),신규_어휘_후보,,0,False
헌데,0,명사,5,일반어,신규_어휘_후보,,0,False
헌장,0,명사,5,일반어/전문어(법률),신규_어휘_후보,,0,False
헌칠하다,0,형용사,5,일반어,신규_어휘_후보,,0,False
헌화하다,0,동사,5,일반어,신규_어휘_후보,,0,False
헐렁헐렁하다,0,동사/형용사,5,일반어/일반어/일반어/일반어,신규_어휘_후보,,0,False
헐레벌떡거리다,0,동사,5,일반어,신규_어휘_후보,,0,False
헐하다,0,형용사,5,일반어/일반어/일반어,신규_어휘_후보,,0,False
험,1,명사,5,일반어,신규_어휘_후보,,0,False
헛것,0,명사,5,일반어/일반어,신규_어휘_후보,,0,False
헛고생,0,명사,5,일반어,신규_어휘_후보,,0,False
헛공부,0,명사,5,일반어,신규_어휘_후보,,0,False
헛공부하다,0,동사,5,일반어,신규_어휘_후보,,0,False
헛구역질,0,명사,5,일반어,신규_어휘_후보,,0,False
헛기침하다,0,동사,5,일반어,신규_어휘_후보,,0,False
헛나가다,0,동사,5,일반어,신규_어휘_후보,,0,False
헛다리,0,명사,5,일반어/일반어,신규_어휘_후보,,0,False
헛돌다,0,동사,5,일반어,신규_어휘_후보,,0,False
헛듣다,0,동사,5,일반어/일반어,신규_어휘_후보,,0,False
헛물,0,명사,5,일반어,신규_어휘_후보,,0,False
헛발질하다,0,동사,5,일반어,신규_어휘_후보,,0,False
헛배,0,명사,5,일반어,신규_어휘_후보,,0,False
헛살다,0,동사,5,일반어/일반어,신규_어휘_후보,,0,False
헛소동,0,명사,5,일반어,신규_어휘_후보,,0,False
헛손질,0,명사,5,일반어/일반어/일반어,신규_어휘_후보,,0,False
헛헛하다,1,형용사,5,일반어/일반어,신규_어휘_후보,,0,False
헝가리,0,명사,5,전문어(지명),신규_어휘_후보,,0,False
헝겊신,0,명사,5,일반어,신규_어휘_후보,,0,False
헝클다,0,동사,5,일반어/일반어/일반어/일반어/일반어/일반어,신규_어휘_후보,,0,False
헤드,0,명사,5,전문어(전기·전자)/전문어(정보·통신),신규_어휘_후보,,0,False
헤드라이트,0,명사,5,일반어/전문어(교통),신규_어휘_후보,,0,False
헤드램프,0,명사,5,일반어,신규_어휘_후보,,0,False
헤딩,0,명사,5,전문어(체육),신규_어휘_후보,,0,False
헤르쿨레스,0,명사,5,전문어(문학),신규_어휘_후보,,0,False
헤먹다,0,형용사,5,일반어/일반어,신규_어휘_후보,,0,False
헤벌어지다,0,동사/형용사,5,일반어/일반어,신규_어휘_후보,,0,False
헤벌쭉,0,부사,5,일반어,신규_어휘_후보,,0,False
헤어드라이어,0,명사,5,일반어,신규_어휘_후보,,0,False
헤어밴드,0,명사,5,일반어,신규_어휘_후보,,0,False
헤어스프레이,0,명사,5,일반어,신규_어휘_후보,,0,False
헤어크림,0,명사,5,일반어,신규_어휘_후보,,0,False
헤이그,0,명사,5,전문어(지명),신규_어휘_후보,,0,False
헤프다,0,형용사,5,일반어/일반어/일반어,신규_어휘_후보,,0,False
헹가래,0,명사,5,일반어,신규_어휘_후보,,0,False
혁대,2,명사,5,일반어,신규_어휘_후보,,0,False
혁혁하다,2,형용사,5,일반어/일반어,신규_어휘_후보,,0,False
현,2,명사,5,일반어/일반어/전문어(수학)/전문어(수학)/전문어(천문),신규_어휘_후보,,0,True
현,5,명사,5,전문어(음악)/전문어(음악),신규_어휘_후보,,0,True
현,8,명사,5,전문어(역사),신규_어휘_후보,,0,True
현감,0,명사,5,전문어(역사),신규_어휘_후보,,0,False
현격하다,0,형용사,5,일반어,신규_어휘_후보,,0,False
현기,2,명사,5,일반어,신규_어휘_후보,,0,False
현대문,0,명사,5,일반어,신규_어휘_후보,,0,False
현모,1,명사,5,일반어,신규_어휘_후보,,0,False
현모양처,0,명사,5,일반어,신규_어휘_후보,,0,False
현무,1,명사,5,전문어(민속)/전문어(천문),신규_어휘_후보,,0,False
현상,3,명사,5,일반어,신규_어휘_후보,,0,True
현상,6,명사,5,전문어(영상)/일반어,신규_어휘_후보,,0,True
현상,9,명사,5,일반어,신규_어휘_후보,,0,True
현상금,0,명사,5,일반어,신규_어휘_후보,,0,False
현상하다,1,동사,5,전문어(영상)/일반어,신규_어휘_후보,,0,False
현세,1,명사,5,일반어/전문어(불교)/전문어(지구),신규_어휘_후보,,0,False
현숙하다,0,형용사,5,일반어,신규_어휘_후보,,0,False
현실성,0,명사,5,일반어,신규_어휘_후보,,0,False
현역,0,명사,5,일반어/전문어(법률),신규_어휘_후보,,0,False
현역병,0,명사,5,전문어(군사),신규_어휘_후보,,0,False
현인,1,명사,5,일반어,신규_어휘_후보,,0,False
현재형,0,명사,5,전문어(언어),신규_어휘_후보,,0,False
현저하다,2,형용사,5,일반어,신규_어휘_후보,,0,False
현존,0,명사,5,일반어/일반어/전문어(철학),신규_어휘_후보,,0,False
현존하다,0,동사,5,일반어/일반어,신규_어휘_후보,,0,False
현주소,0,명사,5,일반어/일반어,신규_어휘_후보,,0,False
현직,1,명사,5,일반어,신규_어휘_후보,,0,False
현찰,1,명사,5,일반어/일반어/일반어,신규_어휘_후보,,0,False
현충문,0,명사,5,일반어,신규_어휘_후보,,0,False
현충사,0,명사,5,일반어/전문어(역사),신규_어휘_후보,,0,False
현충탑,0,명사,5,일반어,신규_어휘_후보,,0,False
현판,2,명사,5,일반어,신규_어휘_후보,,0,False
현행,1,명사,5,일반어,신규_어휘_후보,,0,False
현행범,0,명사,5,전문어(법률),신규_어휘_후보,,0,False
현혹되다,0,동사,5,일반어,신규_어휘_후보,,0,False
현혹하다,0,동사,5,일반어,신규_어휘_후보,,0,False
혈색,0,명사,5,일반어/일반어,신규_어휘_후보,,0,False
혈서,0,명사,5,일반어,신규_어휘_후보,,0,False
혈세,2,명사,5,일반어/일반어,신규_어휘_후보,,0,False
혈속,0,명사,5,일반어,신규_어휘_후보,,0,False
혈안,0,명사,5,일반어/일반어,신규_어휘_후보,,0,False
혈압계,0,명사,5,전문어(의학),신규_어휘_후보,,0,False
혈액원,0,명사,5,전문어(의학),신규_어휘_후보,,0,False
혈전,2,명사,5,일반어,신규_어휘_후보,,0,False
혈중,0,명사,5,일반어,신규_어휘_후보,,0,False
혈청,0,명사,5,전문어(의학),신규_어휘_후보,,0,False
혈통,0,명사,5,일반어,신규_어휘_후보,,0,False
혈투,0,명사,5,일반어,신규_어휘_후보,,0,False
혐오감,0,명사,5,일반어,신규_어휘_후보,,0,False
혐오스럽다,0,형용사,5,일반어,신규_어휘_후보,,0,False
혐의자,0,명사,5,일반어,신규_어휘_후보,,0,False
협공,0,명사,5,일반어/전문어(체육),신규_어휘_후보,,0,False
협동조합,0,명사,5,전문어(경영),신규_어휘_후보,,0,False
협소하다,0,형용사,5,일반어/일반어,신규_어휘_후보,,0,False
협심증,0,명사,5,전문어(의학),신규_어휘_후보,,0,False
협심하다,0,동사,5,일반어,신규_어휘_후보,,0,False
협약하다,1,동사,5,일반어/전문어(법률)/전문어(정치),신규_어휘_후보,,0,False
협업,0,명사,5,전문어(경제)/전문어(경제),신규_어휘_후보,,0,False
협연,0,명사,5,전문어(음악),신규_어휘_후보,,0,False
협의,3,명사,5,일반어,신규_어휘_후보,,0,True
협조적,0,명사/관형사,5,일반어/일반어,신규_어휘_후보,,0,False
협찬,0,명사,5,일반어/일반어,신규_어휘_후보,,0,False
혓바늘,0,명사,5,일반어,신규_어휘_후보,,0,False
형,2,명사,5,전문어(법률),신규_어휘_후보,,0,True
형구,1,명사,5,일반어,신규_어휘_후보,,0,False
형국,2,명사,5,일반어/전문어(민속),신규_어휘_후보,,0,False
형기,1,명사,5,전문어(법률),신규_어휘_후보,,0,False
형량,0,명사,5,일반어,신규_어휘_후보,,0,False
형상화,0,명사,5,일반어,신규_어휘_후보,,0,False
형설,0,명사,5,일반어,신규_어휘_후보,,0,False
형설지공,0,명사,5,일반어,신규_어휘_후보,,0,False
형세,0,명사,5,일반어/일반어/일반어/전문어(민속),신규_어휘_후보,,0,False
형언하다,0,동사,5,일반어,신규_어휘_후보,,0,False
형용,0,명사,5,일반어/일반어/일반어,신규_어휘_후보,,0,False
형용하다,0,동사,5,일반어,신규_어휘_후보,,0,False
형장,3,명사,5,전문어(법률),신규_어휘_후보,,0,False
형태론,0,명사,5,전문어(언어),신규_어휘_후보,,0,False
형태소,0,명사,5,전문어(언어)/전문어(언어),신규_어휘_후보,,0,False
형평,0,명사,5,일반어,신규_어휘_후보,,0,False
혜안,0,명사,5,일반어/전문어(불교),신규_어휘_후보,,0,False
호,5,명사,5,전문어(수학),신규_어휘_후보,,0,True
호가하다,1,동사,5,일반어,신규_어휘_후보,,0,False
호각,3,명사,5,일반어,신규_어휘_후보,,0,False
호강하다,1,동사,5,일반어,신규_어휘_후보,,0,False
호걸,0,명사,5,일반어,신규_어휘_후보,,0,False
호경기,0,명사,5,전문어(경제),신규_어휘_후보,,0,False
호구,2,명사,5,일반어,신규_어휘_후보,,0,True
호구,4,명사,5,일반어/일반어/전문어(체육),신규_어휘_후보,,0,True
호구지책,0,명사,5,일반어,신규_어휘_후보,,0,False
호국,2,명사,5,일반어,신규_어휘_후보,,0,False
호국단,0,명사,5,일반어/전문어(교육),신규_어휘_후보,,0,False
호기,4,명사,5,일반어,신규_어휘_후보,,0,True
호기,13,명사,5,일반어/일반어,신규_어휘_후보,,0,True
호남,2,명사,5,전문어(지명),신규_어휘_후보,,0,False
호남평야,0,명사,5,전문어(지명),신규_어휘_후보,,0,False
호다,0,동사,5,일반어,신규_어휘_후보,,0,False
호두나무,0,명사,5,전문어(식물),신규_어휘_후보,,0,False
호두죽,0,명사,5,일반어,신규_어휘_후보,,0,False
호드기,0,명사,5,일반어,신규_어휘_후보,,0,False
호들갑스레,0,부사,5,일반어,신규_어휘_후보,,0,False
호락호락,0,부사,5,일반어,신규_어휘_후보,,0,False
호랑,0,명사,5,일반어,신규_어휘_후보,,0,False
호랑이띠,0,명사,5,전문어(민속),신규_어휘_후보,,0,False
호령하다,0,동사,5,일반어/일반어/일반어,신규_어휘_후보,,0,False
호롱,0,명사,5,일반어,신규_어휘_후보,,0,False
호리병,0,명사,5,일반어,신규_어휘_후보,,0,False
호리호리하다,0,형용사,5,일반어,신규_어휘_후보,,0,False
호모,4,명사,5,일반어/전문어(생명),신규_어휘_후보,,0,False
호미질,0,명사,5,일반어,신규_어휘_후보,,0,False
호미질하다,0,동사,5,일반어,신규_어휘_후보,,0,False
호박,5,명사,5,전문어(광업),신규_어휘_후보,,0,True
호박범벅,0,명사,5,일반어,신규_어휘_후보,,0,False
호박순,0,명사,5,일반어,신규_어휘_후보,,0,False
호박씨,0,명사,5,일반어,신규_어휘_후보,,0,False
호별,0,명사,5,일반어,신규_어휘_후보,,0,False
호사,6,명사,5,일반어,신규_어휘_후보,,0,False
호사가,0,명사,5,일반어/일반어,신규_어휘_후보,,0,False
호사다마,0,명사,5,일반어,신규_어휘_후보,,0,False
호사하다,2,동사,5,일반어,신규_어휘_후보,,0,False
호상,1,명사,5,일반어,신규_어휘_후보,,0,False
호서,2,명사,5,전문어(지명),신규_어휘_후보,,0,False
호소,4,명사,5,일반어/일반어,신규_어휘_후보,,0,True
호송,2,명사,5,일반어/전문어(군사)/전문어(법률),신규_어휘_후보,,0,False
호수,9,명사,5,일반어/전문어(미술),신규_어휘_후보,,0,True
호시절,0,명사,5,일반어,신규_어휘_후보,,0,False
호신술,0,명사,5,일반어,신규_어휘_후보,,0,False
호언장담,0,명사,5,일반어,신규_어휘_후보,,0,False
호언장담하다,0,동사,5,일반어,신규_어휘_후보,,0,False
호연지기,0,명사,5,일반어/일반어,신규_어휘_후보,,0,False
호우,5,명사,5,일반어,신규_어휘_후보,,0,False
호위대,2,명사,5,전문어(군사),신규_어휘_후보,,0,False
호위병,0,명사,5,전문어(군사),신규_어휘_후보,,0,False
호위하다,2,동사,5,일반어,신규_어휘_후보,,0,False
호응도,0,명사,5,일반어,신규_어휘_후보,,0,False
호의,2,명사,5,일반어,신규_어휘_후보,,0,False
호의적,0,명사/관형사,5,일반어/일반어,신규_어휘_후보,,0,False
호의호식하다,0,동사,5,일반어,신규_어휘_후보,,0,False
호인,1,명사,5,일반어,신규_어휘_후보,,0,False
호적수,1,명사,5,일반어,신규_어휘_후보,,0,False
호전,5,명사,5,일반어/일반어,신규_어휘_후보,,0,False
호전적,0,명사/관형사,5,일반어/일반어,신규_어휘_후보,,0,False
호젓이,0,부사,5,일반어/일반어,신규_어휘_후보,,0,False
호젓하다,0,형용사,5,일반어/일반어,신규_어휘_후보,,0,False
호조,3,명사,5,일반어,신규_어휘_후보,,0,False
호족,0,명사,5,일반어/전문어(역사),신규_어휘_후보,,0,False
호출기,0,명사,5,전문어(정보·통신),신규_어휘_후보,,0,False
호콩,0,명사,5,전문어(식물),신규_어휘_후보,,0,False
호패,2,명사,5,전문어(역사),신규_어휘_후보,,0,False
호평,0,명사,5,일반어,신규_어휘_후보,,0,False
호표,0,명사,5,일반어,신규_어휘_후보,,0,False
호호탕탕하다,0,형용사,5,일반어/일반어,신규_어휘_후보,,0,False
호화판,1,명사,5,일반어,신규_어휘_후보,,0,False
호황,0,명사,5,일반어/전문어(경제),신규_어휘_후보,,0,False
혹독히,0,부사,5,일반어/일반어,신규_어휘_후보,,0,False
혹사하다,2,동사,5,일반어,신규_어휘_후보,,0,False
혹심하다,0,형용사,5,일반어,신규_어휘_후보,,0,False
혹여나,0,부사,5,일반어,신규_어휘_후보,,0,False
혹하다,0,동사,5,일반어,신규_어휘_후보,,0,False
혹한,0,명사,5,일반어,신규_어휘_후보,,0,False
혼곤히,0,부사,5,일반어,신규_어휘_후보,,0,False
혼담,1,명사,5,일반어,신규_어휘_후보,,0,False
혼란기,0,명사,5,일반어,신규_어휘_후보,,0,False
혼백,2,명사,5,일반어,신규_어휘_후보,,0,False
혼비백산하다,0,동사,5,일반어,신규_어휘_후보,,0,False
혼삿길,0,명사,5,일반어,신규_어휘_후보,,0,False
혼삿말,0,명사,5,일반어,신규_어휘_후보,,0,False
혼선,2,명사,5,일반어/일반어/일반어,신규_어휘_후보,,0,False
혼성,1,명사,5,일반어/전문어(언어),신규_어휘_후보,,0,True
혼성,2,명사,5,일반어/전문어(음악),신규_어휘_후보,,0,True
혼성팀,0,명사,5,일반어,신규_어휘_후보,,0,False
혼수,2,명사,5,일반어/일반어,신규_어휘_후보,,0,False
혼수상태,0,명사,5,전문어(의학),신규_어휘_후보,,0,False
혼식,1,명사,5,일반어/일반어,신규_어휘_후보,,0,False
혼신,2,명사,5,일반어,신규_어휘_후보,,0,False
혼연,2,명사,5,일반어,신규_어휘_후보,,0,False
혼연일체,0,명사,5,일반어,신규_어휘_후보,,0,False
혼영,0,명사,5,전문어(체육),신규_어휘_후보,,0,False
혼인색,0,명사,5,전문어(동물),신규_어휘_후보,,0,False
혼인식,0,명사,5,일반어,신규_어휘_후보,,0,False
혼쭐내다,0,동사,5,일반어,신규_어휘_후보,,0,False
혼찌검,0,명사,5,일반어,신규_어휘_후보,,0,False
혼천의,0,명사,5,전문어(천문),신규_어휘_후보,,0,False
혼탁,0,명사,5,일반어/일반어,신규_어휘_후보,,0,False
혼탁하다,0,형용사,5,일반어/일반어,신규_어휘_후보,,0,False
혼혈아,0,명사,5,일반어,신규_어휘_후보,,0,False
홀랑홀랑,0,부사,5,일반어/일반어/일반어,신규_어휘_후보,,0,False
홀몸,0,명사,5,일반어,신규_어휘_후보,,0,False
홀시아버지,0,명사,5,일반어,신규_어휘_후보,,0,False
홀연,0,부사,5,일반어,신규_어휘_후보,,0,False
홀짝,1,명사,5,전문어(수학)/일반어,신규_어휘_후보,,0,False
홀짝거리다,0,동사,5,일반어/일반어,신규_어휘_후보,,0,False
홀쭉이,0,명사,5,일반어,신규_어휘_후보,,0,False
홀치다,1,동사,5,일반어,신규_어휘_후보,,0,False
홀홀,1,부사,5,일반어/일반어/일반어/일반어/일반어/일반어/일반어/일반어/일반어,신규_어휘_후보,,0,False
홈드레스,0,명사,5,전문어(복식),신규_어휘_후보,,0,False
홈질,0,명사,5,일반어,신규_어휘_후보,,0,False
홈질하다,0,동사,5,일반어,신규_어휘_후보,,0,False
홈통,0,명사,5,일반어/일반어,신규_어휘_후보,,0,False
홉,1,의존 명사,5,일반어/일반어,신규_어휘_후보,,0,False
홍건적,0,명사,5,전문어(역사),신규_어휘_후보,,0,False
홍도,4,명사,5,전문어(지명),신규_어휘_후보,,0,False
홍두깨,0,명사,5,일반어/일반어/일반어,신규_어휘_후보,,0,False
홍보석,0,명사,5,전문어(광업),신규_어휘_후보,,0,False
홍삼,2,명사,5,전문어(한의),신규_어휘_후보,,0,False
홍실,0,명사,5,일반어,신규_어휘_후보,,0,False
홍일점,0,명사,5,일반어/일반어/일반어,신규_어휘_후보,,0,False
홍조,1,명사,5,일반어/일반어,신규_어휘_후보,,0,False
홍콩,0,명사,5,전문어(지명)/전문어(지명)/전문어(지명),신규_어휘_후보,,0,False
홍합탕,0,명사,5,일반어,신규_어휘_후보,,0,False
홑껍데기,0,명사,5,일반어/일반어/일반어,신규_어휘_후보,,0,False
홑몸,0,명사,5,일반어/일반어,신규_어휘_후보,,0,False
홑옷,0,명사,5,일반어,신규_어휘_후보,,0,False
홑청,0,명사,5,일반어,신규_어휘_후보,,0,False
화각,5,명사,5,전문어(공예)/전문어(영상)/전문어(음악),신규_어휘_후보,,0,False
화공,1,명사,5,일반어/전문어(공업)/전문어(공학 일반),신규_어휘_후보,,0,True
화공,5,명사,5,일반어,신규_어휘_후보,,0,True
화구,1,명사,5,일반어/일반어/전문어(지구),신규_어휘_후보,,0,True
화구,5,명사,5,일반어,신규_어휘_후보,,0,True
화근,0,명사,5,일반어,신규_어휘_후보,,0,False
화급,0,명사,5,일반어,신규_어휘_후보,,0,False
화급하다,0,형용사,5,일반어,신규_어휘_후보,,0,False
화기,2,명사,5,일반어/일반어/일반어/일반어,신규_어휘_후보,,0,False
화농,0,명사,5,전문어(의학),신규_어휘_후보,,0,False
화답하다,0,동사,5,일반어,신규_어휘_후보,,0,False
화랑,3,명사,5,일반어,신규_어휘_후보,,0,True
화랑도,1,명사,5,전문어(역사),신규_어휘_후보,,0,True
화랑도,2,명사,5,전문어(역사),신규_어휘_후보,,0,True
화로구이,0,명사,5,일반어,신규_어휘_후보,,0,False
화방,3,명사,5,일반어/일반어,신규_어휘_후보,,0,False
화백,1,명사,5,전문어(역사),신규_어휘_후보,,0,True
화백,3,명사,5,일반어,신규_어휘_후보,,0,True
화법,4,명사,5,일반어/전문어(언어),신규_어휘_후보,,0,False
화산암,0,명사,5,전문어(지구),신규_어휘_후보,,0,False
화산회,0,명사,5,전문어(지구),신규_어휘_후보,,0,False
화살나무,0,명사,5,전문어(식물),신규_어휘_후보,,0,False
화상,8,명사,5,일반어/일반어/일반어/일반어,신규_어휘_후보,,0,True
화색,2,명사,5,일반어,신규_어휘_후보,,0,False
화생방전,0,명사,5,전문어(군사),신규_어휘_후보,,0,False
화성,10,명사,5,전문어(역사),신규_어휘_후보,,0,True
화술,3,명사,5,일반어,신규_어휘_후보,,0,False
화승,1,명사,5,일반어,신규_어휘_후보,,0,False
화승총,0,명사,5,일반어,신규_어휘_후보,,0,False
화실,4,명사,5,일반어,신규_어휘_후보,,0,False
화약고,0,명사,5,일반어/일반어,신규_어휘_후보,,0,False
화염,2,명사,5,일반어,신규_어휘_후보,,0,False
화용론,0,명사,5,전문어(언어),신규_어휘_후보,,0,False
화자,6,명사,5,일반어,신규_어휘_후보,,0,False
화장,5,명사,5,일반어,신규_어휘_후보,,0,True
화장독,0,명사,5,일반어,신규_어휘_후보,,0,False
화장비누,0,명사,5,일반어,신규_어휘_후보,,0,False
화장수,0,명사,5,일반어,신규_어휘_후보,,0,False
화장터,0,명사,5,일반어,신규_어휘_후보,,0,False
화장하다,2,동사,5,일반어,신규_어휘_후보,,0,True
화재경보기,0,명사,5,일반어,신규_어휘_후보,,0,False
화전,9,명사,5,일반어/일반어,신규_어휘_후보,,0,True
화전놀이,0,명사,5,전문어(민속),신규_어휘_후보,,0,False
화전민,0,명사,5,전문어(농업),신규_어휘_후보,,0,False
화제성,0,명사,5,일반어,신규_어휘_후보,,0,False
화조,4,명사,5,일반어/일반어/전문어(미술),신규_어휘_후보,,0,False
화주,5,명사,5,일반어,신규_어휘_후보,,0,False
화주승,0,명사,5,전문어(불교),신규_어휘_후보,,0,False
화증,0,명사,5,일반어,신규_어휘_후보,,0,False
화차,2,명사,5,일반어/일반어/일반어/일반어,신규_어휘_후보,,0,False
화친하다,0,동사,5,일반어,신규_어휘_후보,,0,False
화투,0,명사,5,전문어(민속),신규_어휘_후보,,0,False
화풍,3,명사,5,일반어,신규_어휘_후보,,0,False
화하다,1,형용사,5,일반어,신규_어휘_후보,,0,False
화학조미료,0,명사,5,일반어,신규_어휘_후보,,0,False
화합,1,명사,5,전문어(화학),신규_어휘_후보,,0,True
화혼,0,명사,5,일반어,신규_어휘_후보,,0,False
화환,1,명사,5,일반어,신규_어휘_후보,,0,False
화훼,0,명사,5,일반어/전문어(미술),신규_어휘_후보,,0,False
확고부동하다,0,형용사,5,일반어,신규_어휘_후보,,0,False
확답,0,명사,5,일반어,신규_어휘_후보,,0,False
확대경,0,명사,5,일반어/전문어(전기·전자),신규_어휘_후보,,0,False
확언하다,0,동사,5,일반어,신규_어휘_후보,,0,False
확장자,0,명사,5,전문어(정보·통신),신규_어휘_후보,,0,False
확증,0,명사,5,일반어,신규_어휘_후보,,0,False
확증하다,0,동사,5,일반어,신규_어휘_후보,,0,False
환,4,명사,5,전문어(한의)/전문어(한의),신규_어휘_후보,,0,False
환갑잔치하다,0,동사,5,일반어,신규_어휘_후보,,0,False
환국,2,명사,5,일반어,신규_어휘_후보,,0,False
환기구,0,명사,5,일반어,신규_어휘_후보,,0,False
환난,0,명사,5,일반어,신규_어휘_후보,,0,False
환담,2,명사,5,일반어,신규_어휘_후보,,0,False
환담하다,0,동사,5,일반어,신규_어휘_후보,,0,False
환대,2,명사,5,일반어,신규_어휘_후보,,0,False
환도,4,명사,5,일반어,신규_어휘_후보,,0,False
환등기,0,명사,5,일반어,신규_어휘_후보,,0,False
환멸,1,명사,5,일반어,신규_어휘_후보,,0,False
환산,2,명사,5,일반어,신규_어휘_후보,,0,False
환산표,0,명사,5,일반어,신규_어휘_후보,,0,False
환상곡,0,명사,5,전문어(음악)/전문어(음악),신규_어휘_후보,,0,False
환생,2,명사,5,일반어/일반어/전문어(불교)/전문어(불교),신규_어휘_후보,,0,False
환성,5,명사,5,일반어,신규_어휘_후보,,0,False
환송,2,명사,5,일반어,신규_어휘_후보,,0,False
환송하다,1,동사,5,일반어/전문어(법률),신규_어휘_후보,,0,True
환송하다,2,동사,5,일반어,신규_어휘_후보,,0,True
환승,0,명사,5,일반어,신규_어휘_후보,,0,False
환영회,0,명사,5,일반어,신규_어휘_후보,,0,False
환원,0,명사,5,일반어/전문어(종교 일반)/전문어(철학)/전문어(화학),신규_어휘_후보,,0,False
환전,1,명사,5,전문어(경제)/전문어(경제),신규_어휘_후보,,0,False
환후,2,명사,5,일반어,신규_어휘_후보,,0,False
활동사진,0,명사,5,전문어(영상),신규_어휘_후보,,0,False
활로,0,명사,5,일반어,신규_어휘_후보,,0,False
활보,0,명사,5,일반어/일반어,신규_어휘_후보,,0,False
활석,1,명사,5,전문어(광업),신규_어휘_후보,,0,False
활옷,0,명사,5,일반어/전문어(역사),신규_어휘_후보,,0,False
활용형,0,명사,5,전문어(언어),신규_어휘_후보,,0,False
활자본,0,명사,5,전문어(매체),신규_어휘_후보,,0,False
활주하다,1,동사,5,일반어/일반어,신규_어휘_후보,,0,False
활터,0,명사,5,일반어,신규_어휘_후보,,0,False
활판,2,명사,5,전문어(매체),신규_어휘_후보,,0,False
활화산,0,명사,5,전문어(지구),신규_어휘_후보,,0,False
황,4,명사,5,일반어/일반어/일반어,신규_어휘_후보,,0,False
황공하다,1,형용사,5,일반어,신규_어휘_후보,,0,False
황금만능,0,명사,5,일반어,신규_어휘_후보,,0,False
황금만능주의,0,명사,5,일반어,신규_어휘_후보,,0,False
황금물결,0,명사,5,일반어,신규_어휘_후보,,0,False
황금연휴,0,명사,5,일반어,신규_어휘_후보,,0,False
황급하다,2,형용사,5,일반어,신규_어휘_후보,,0,False
황기,4,명사,5,전문어(식물)/전문어(한의),신규_어휘_후보,,0,False
황당무계하다,0,형용사,5,일반어,신규_어휘_후보,,0,False
황도,5,명사,5,전문어(식물),신규_어휘_후보,,0,False
황량하다,0,형용사,5,일반어,신규_어휘_후보,,0,False
황록색,0,명사,5,일반어,신규_어휘_후보,,0,False
황룡사,0,명사,5,전문어(불교),신규_어휘_후보,,0,False
황막하다,0,형용사,5,일반어/일반어,신규_어휘_후보,,0,False
황산,2,명사,5,전문어(화학),신규_어휘_후보,,0,False
황산화물,0,명사,5,전문어(화학),신규_어휘_후보,,0,False
황소바람,0,명사,5,일반어,신규_어휘_후보,,0,False
황소자리,0,명사,5,전문어(천문),신규_어휘_후보,,0,False
황야,1,명사,5,일반어,신규_어휘_후보,,0,False
황인종,0,명사,5,전문어(고유명 일반),신규_어휘_후보,,0,False
황제펭귄,0,명사,5,전문어(동물),신규_어휘_후보,,0,False
황천,3,명사,5,일반어,신규_어휘_후보,,0,False
황태,2,명사,5,일반어,신규_어휘_후보,,0,False
황태자,0,명사,5,전문어(역사)/전문어(역사),신규_어휘_후보,,0,False
황토벽,0,명사,5,일반어,신규_어휘_후보,,0,False
황토층,0,명사,5,전문어(지구),신규_어휘_후보,,0,False
황폐,2,명사,5,일반어/일반어,신규_어휘_후보,,0,False
황폐되다,0,동사,5,일반어/일반어,신규_어휘_후보,,0,False
황폐지,0,명사,5,일반어,신규_어휘_후보,,0,False
황해,3,명사,5,전문어(지명),신규_어휘_후보,,0,False
황해도,0,명사,5,전문어(지명),신규_어휘_후보,,0,False
황혼,0,명사,5,일반어/일반어,신규_어휘_후보,,0,False
황혼기,0,명사,5,일반어/일반어,신규_어휘_후보,,0,False
홱,0,부사,5,일반어/일반어/일반어/일반어/일반어/일반어/일반어,신규_어휘_후보,,0,False
횃대,0,명사,5,일반어,신규_어휘_후보,,0,False
회,8,명사,5,일반어,신규_어휘_후보,,0,True
회갈색,0,명사,5,일반어,신규_어휘_후보,,0,False
회개,0,명사,5,일반어/전문어(기독교),신규_어휘_후보,,0,False
회개하다,0,동사,5,일반어/전문어(기독교),신규_어휘_후보,,0,False
회계,3,명사,5,일반어/일반어/일반어/일반어,신규_어휘_후보,,0,False
회계사,1,명사,5,전문어(법률),신규_어휘_후보,,0,False
회고,2,명사,5,일반어/일반어,신규_어휘_후보,,0,False
회고록,0,명사,5,일반어,신규_어휘_후보,,0,False
회고하다,2,동사,5,일반어/일반어,신규_어휘_후보,,0,False
회교,2,명사,5,전문어(종교 일반),신규_어휘_후보,,0,False
회교도,0,명사,5,전문어(종교 일반),신규_어휘_후보,,0,False
회귀,0,명사,5,일반어,신규_어휘_후보,,0,False
회기,3,명사,5,일반어/일반어/전문어(정치),신규_어휘_후보,,0,False
회나무,0,명사,5,전문어(식물),신규_어휘_후보,,0,False
회답,0,명사,5,일반어,신규_어휘_후보,,0,False
회답서,0,명사,5,일반어,신규_어휘_후보,,0,False
회답하다,0,동사,5,일반어,신규_어휘_후보,,0,False
회당,1,명사,5,일반어/전문어(기독교),신규_어휘_후보,,0,False
회동,0,명사,5,일반어,신규_어휘_후보,,0,False
회동하다,0,동사,5,일반어,신규_어휘_후보,,0,False
회랑,0,명사,5,전문어(건설)/전문어(건설),신규_어휘_후보,,0,False
회문,0,명사,5,일반어/전문어(문학),신규_어휘_후보,,0,False
회백색,0,명사,5,일반어,신규_어휘_후보,,0,False
회보,3,명사,5,일반어,신규_어휘_후보,,0,False
회복기,0,명사,5,일반어/일반어,신규_어휘_후보,,0,False
회생,1,명사,5,일반어,신규_어휘_후보,,0,False
회선,3,명사,5,전문어(정보·통신)/전문어(전기·전자),신규_어휘_후보,,0,False
회수권,0,명사,5,일반어,신규_어휘_후보,,0,False
회신,4,명사,5,일반어,신규_어휘_후보,,0,False
회신하다,4,동사,5,일반어,신규_어휘_후보,,0,False
회심,4,명사,5,일반어,신규_어휘_후보,,0,False
회양목,0,명사,5,전문어(식물),신규_어휘_후보,,0,False
회의,4,명사,5,일반어/전문어(철학)/전문어(철학),신규_어휘_후보,,0,True
회의감,0,명사,5,일반어,신규_어휘_후보,,0,False
회의자,0,명사,5,일반어,신규_어휘_후보,,0,False
회의적,0,명사/관형사,5,일반어/일반어,신규_어휘_후보,,0,False
회의하다,3,동사,5,일반어,신규_어휘_후보,,0,True
회장,7,명사,5,일반어/일반어,신규_어휘_후보,,0,True
회장저고리,0,명사,5,일반어,신규_어휘_후보,,0,False
회전의자,0,명사,5,일반어,신규_어휘_후보,,0,False
회전체,0,명사,5,일반어/전문어(수학),신규_어휘_후보,,0,False
회전축,0,명사,5,전문어(공업)/전문어(물리)/전문어(수학),신규_어휘_후보,,0,False
회전판,1,명사,5,일반어/전문어(수학),신규_어휘_후보,,0,False
회중시계,0,명사,5,일반어,신규_어휘_후보,,0,False
회진,3,명사,5,일반어,신규_어휘_후보,,0,False
회충약,0,명사,5,전문어(약학),신규_어휘_후보,,0,False
회칙,2,명사,5,일반어,신규_어휘_후보,,0,False
회칠,0,명사,5,일반어,신규_어휘_후보,,0,False
회포,2,명사,5,일반어,신규_어휘_후보,,0,False
회한,2,명사,5,일반어,신규_어휘_후보,,0,False
회합,2,명사,5,일반어/전문어(천문)/전문어(화학),신규_어휘_후보,,0,False
회화나무,0,명사,5,전문어(식물),신규_어휘_후보,,0,False
획수,0,명사,5,일반어,신규_어휘_후보,,0,False
획일적,0,명사/관형사,5,일반어/일반어/일반어/일반어,신규_어휘_후보,,0,False
획책,0,명사,5,일반어,신규_어휘_후보,,0,False
획획,0,부사,5,일반어/일반어/일반어/일반어,신규_어휘_후보,,0,False
횟가루,0,명사,5,일반어,신규_어휘_후보,,0,False
횡격막,0,명사,5,전문어(의학),신규_어휘_후보,,0,False
횡대,2,명사,5,일반어,신규_어휘_후보,,0,False
횡렬,1,명사,5,일반어,신규_어휘_후보,,0,False
횡령,0,명사,5,일반어,신규_어휘_후보,,0,False
횡사,1,명사,5,일반어,신규_어휘_후보,,0,False
횡영,0,명사,5,전문어(체육),신규_어휘_후보,,0,False
횡재수,0,명사,5,일반어,신규_어휘_후보,,0,False
효부,0,명사,5,일반어,신규_어휘_후보,,0,False
효소,0,명사,5,전문어(생명),신규_어휘_후보,,0,False
효시,3,명사,5,일반어/일반어,신규_어휘_후보,,0,False
효용,1,명사,5,일반어/전문어(경제),신규_어휘_후보,,0,False
효자비,0,명사,5,일반어,신규_어휘_후보,,0,False
효친,0,명사,5,일반어,신규_어휘_후보,,0,False
후금,1,명사,5,전문어(역사),신규_어휘_후보,,0,False
후년,0,명사,5,일반어/일반어,신규_어휘_후보,,0,False
후대하다,0,동사,5,일반어,신규_어휘_후보,,0,False
후덕하다,0,형용사,5,일반어,신규_어휘_후보,,0,False
후두,2,명사,5,전문어(의학),신규_어휘_후보,,0,False
후략,0,명사,5,일반어,신규_어휘_후보,,0,False
후레자식,0,명사,5,일반어,신규_어휘_후보,,0,False
후려갈기다,0,동사,5,일반어,신규_어휘_후보,,0,False
후루루,0,부사,5,일반어/일반어/일반어,신규_어휘_후보,,0,False
후리후리하다,1,형용사,5,일반어,신규_어휘_후보,,0,False
후면,2,명사,5,일반어/전문어(불교),신규_어휘_후보,,0,False
후미,3,명사,5,일반어/전문어(군사),신규_어휘_후보,,0,False
후발대,0,명사,5,일반어,신규_어휘_후보,,0,False
후백제,0,명사,5,전문어(역사),신규_어휘_후보,,0,False
후불탱화,0,명사,5,전문어(불교),신규_어휘_후보,,0,False
후비적거리다,0,동사,5,일반어/일반어/일반어,신규_어휘_후보,,0,False
후사하다,2,동사,5,일반어,신규_어휘_후보,,0,False
후삼국,0,명사,5,전문어(역사),신규_어휘_후보,,0,False
후생,1,명사,5,일반어/일반어,신규_어휘_후보,,0,False
후속,2,명사,5,일반어,신규_어휘_후보,,0,False
후송,0,명사,5,일반어/일반어,신규_어휘_후보,,0,False
후원,1,명사,5,일반어,신규_어휘_후보,,0,True
후원회,0,명사,5,일반어/전문어(교육),신규_어휘_후보,,0,False
후유,1,감탄사,5,일반어/일반어,신규_어휘_후보,,0,False
후의,1,명사,5,일반어,신규_어휘_후보,,0,False
후인,0,명사,5,일반어,신규_어휘_후보,,0,False
후임,0,명사,5,일반어,신규_어휘_후보,,0,False
후창,2,명사,5,일반어,신규_어휘_후보,,0,False
후처,0,명사,5,일반어,신규_어휘_후보,,0,False
후천성,0,명사,5,일반어,신규_어휘_후보,,0,False
후편,2,명사,5,일반어/일반어,신규_어휘_후보,,0,False
후프,0,명사,5,전문어(체육),신규_어휘_후보,,0,False
후항,0,명사,5,일반어/전문어(수학),신규_어휘_후보,,0,False
후환,0,명사,5,일반어,신규_어휘_후보,,0,False
훅훅,0,부사,5,일반어/일반어/일반어/일반어/일반어/일반어,신규_어휘_후보,,0,False
훈,1,명사,5,일반어,신규_어휘_후보,,0,False
훈계조,0,명사,5,일반어,신규_어휘_후보,,0,False
훈계하다,0,동사,5,일반어,신규_어휘_후보,,0,False
훈기,2,명사,5,일반어/일반어,신규_어휘_후보,,0,False
훈련도감,0,명사,5,전문어(역사),신규_어휘_후보,,0,False
훈련병,0,명사,5,전문어(군사),신규_어휘_후보,,0,False
훈련복,0,명사,5,일반어,신규_어휘_후보,,0,False
훈련생,0,명사,5,일반어,신규_어휘_후보,,0,False
훈령,0,명사,5,전문어(정치),신규_어휘_후보,,0,False
훈몽자회,0,명사,5,전문어(책명),신규_어휘_후보,,0,False
훈방,0,명사,5,전문어(법률),신규_어휘_후보,,0,False
훈수꾼,0,명사,5,일반어,신규_어휘_후보,,0,False
훈시,0,명사,5,일반어/일반어/일반어,신규_어휘_후보,,0,False
훈시하다,0,동사,5,일반어/일반어/일반어,신규_어휘_후보,,0,False
훈장질,0,명사,5,일반어/일반어,신규_어휘_후보,,0,False
훈제,1,명사,5,일반어,신규_어휘_후보,,0,False
훈제품,0,명사,5,일반어,신규_어휘_후보,,0,False
훌륭히,0,부사,5,일반어,신규_어휘_후보,,0,False
훗일,0,명사,5,일반어,신규_어휘_후보,,0,False
휑뎅그렁하다,0,형용사,5,일반어/일반어,신규_어휘_후보,,0,False
휘갈기다,0,동사,5,일반어/일반어/일반어/일반어/일반어,신규_어휘_후보,,0,False
휘갑치기,0,명사,5,일반어,신규_어휘_후보,,0,False
휘덮다,0,동사,5,일반어,신규_어휘_후보,,0,False
휘둥그렇다,0,형용사,5,일반어,신규_어휘_후보,,0,False
휘말다,1,동사,5,일반어,신규_어휘_후보,,0,False
휘묻이,0,명사,5,전문어(농업),신규_어휘_후보,,0,False
휘발,0,명사,5,일반어,신규_어휘_후보,,0,False
휘발하다,0,동사,5,일반어,신규_어휘_후보,,0,False
휘슬,0,명사,5,일반어/전문어(체육),신규_어휘_후보,,0,False
휘영청,0,부사,5,일반어/일반어,신규_어휘_후보,,0,False
휘장,1,명사,5,일반어,신규_어휘_후보,,0,False
휘적휘적,0,부사,5,일반어,신규_어휘_후보,,0,False
휘청,0,부사,5,일반어/일반어/일반어,신규_어휘_후보,,0,False
휘하,0,명사,5,일반어,신규_어휘_후보,,0,False
휘황하다,0,형용사,5,일반어/일반어,신규_어휘_후보,,0,False
휘황히,0,부사,5,일반어/일반어,신규_어휘_후보,,0,False
휴가일,0,명사,5,일반어,신규_어휘_후보,,0,False
휴가제,0,명사,5,일반어,신규_어휘_후보,,0,False
휴간되다,0,동사,5,일반어,신규_어휘_후보,,0,False
휴강,0,명사,5,일반어,신규_어휘_후보,,0,False
휴강하다,0,동사,5,일반어,신규_어휘_후보,,0,False
휴경지,0,명사,5,일반어,신규_어휘_후보,,0,False
휴대물,0,명사,5,일반어,신규_어휘_후보,,0,False
휴대품,0,명사,5,일반어,신규_어휘_후보,,0,False
휴머니스트,0,명사,5,일반어,신규_어휘_후보,,0,False
휴머니즘,0,명사,5,일반어/전문어(사회 일반),신규_어휘_후보,,0,False
휴양처,0,명사,5,일반어,신규_어휘_후보,,0,False
휴정,0,명사,5,전문어(법률),신규_어휘_후보,,0,False
휴진,0,명사,5,일반어,신규_어휘_후보,,0,False
휴화산,0,명사,5,전문어(지구),신규_어휘_후보,,0,False
흉가,0,명사,5,일반어,신규_어휘_후보,,0,False
흉계,1,명사,5,일반어,신규_어휘_후보,,0,False
흉기,2,명사,5,일반어/일반어,신규_어휘_후보,,0,False
흉내쟁이,0,명사,5,일반어,신규_어휘_후보,,0,False
흉몽,0,명사,5,일반어,신규_어휘_후보,,0,False
흉배,0,명사,5,일반어/일반어/전문어(복식),신규_어휘_후보,,0,False
흉부,2,명사,5,전문어(의학)/전문어(생명),신규_어휘_후보,,0,False
흉부외과,0,명사,5,전문어(의학),신규_어휘_후보,,0,False
흉상,3,명사,5,전문어(미술),신규_어휘_후보,,0,False
흉악,0,명사,5,일반어/일반어,신규_어휘_후보,,0,False
흉악무도하다,0,형용사,5,일반어,신규_어휘_후보,,0,False
흉악범,0,명사,5,일반어,신규_어휘_후보,,0,False
흉악성,0,명사,5,일반어,신규_어휘_후보,,0,False
흉조,1,명사,5,일반어,신규_어휘_후보,,0,False
흉탄,0,명사,5,일반어,신규_어휘_후보,,0,False
흐리멍덩하다,0,형용사,5,일반어/일반어/일반어/일반어,신규_어휘_후보,,0,False
흑막,0,명사,5,일반어/일반어,신규_어휘_후보,,0,False
흑사병,0,명사,5,전문어(의학),신규_어휘_후보,,0,False
흑색선전,0,명사,5,일반어,신규_어휘_후보,,0,False
흑심,0,명사,5,일반어,신규_어휘_후보,,0,False
흑임자죽,0,명사,5,일반어,신규_어휘_후보,,0,False
흑점,0,명사,5,일반어/일반어/일반어/전문어(천문),신규_어휘_후보,,0,False
흑진주,0,명사,5,일반어,신규_어휘_후보,,0,False
흑토,0,명사,5,일반어/전문어(지구),신규_어휘_후보,,0,False
흑판,0,명사,5,일반어,신규_어휘_후보,,0,False
흔연히,0,부사,5,일반어,신규_어휘_후보,,0,False
흘금흘금,0,부사,5,일반어,신규_어휘_후보,,0,False
흘긋흘긋,0,부사,5,일반어/일반어,신규_어휘_후보,,0,False
흘낏,0,부사,5,일반어,신규_어휘_후보,,0,False
흘낏흘낏,0,부사,5,일반어,신규_어휘_후보,,0,False
흙내,0,명사,5,일반어,신규_어휘_후보,,0,False
흙바람,0,명사,5,일반어,신규_어휘_후보,,0,False
흙벽돌,0,명사,5,일반어,신규_어휘_후보,,0,False
흙비,1,명사,5,일반어/일반어,신규_어휘_후보,,0,False
흙빛,0,명사,5,일반어/일반어,신규_어휘_후보,,0,False
흙일,0,명사,5,일반어,신규_어휘_후보,,0,False
흠모,0,명사,5,일반어,신규_어휘_후보,,0,False
흠모하다,0,동사,5,일반어,신규_어휘_후보,,0,False
흡반,0,명사,5,전문어(동물),신규_어휘_후보,,0,False
흡사하다,0,형용사,5,일반어,신규_어휘_후보,,0,False
흡수성,0,명사,5,일반어,신규_어휘_후보,,0,False
흡수하다,1,동사,5,전문어(식물),신규_어휘_후보,,0,True
흡연자,0,명사,5,일반어,신규_어휘_후보,,0,False
흡입,0,명사,5,일반어/일반어/전문어(의학),신규_어휘_후보,,0,False
흡입구,0,명사,5,일반어,신규_어휘_후보,,0,False
흡착포,0,명사,5,일반어,신규_어휘_후보,,0,False
흡혈귀,0,명사,5,일반어/일반어,신규_어휘_후보,,0,False
흥건히,0,부사,5,일반어,신규_어휘_후보,,0,False
흥국,0,명사,5,일반어,신규_어휘_후보,,0,False
흥망성쇠,0,명사,5,일반어,신규_어휘_후보,,0,False
흥부가,0,명사,5,전문어(음악),신규_어휘_후보,,0,False
흥부전,0,명사,5,전문어(문학),신규_어휘_후보,,0,False
흥분제,0,명사,5,전문어(약학),신규_어휘_후보,,0,False
흥인지문,0,명사,5,전문어(역사),신규_어휘_후보,,0,False
흥정하다,0,동사,5,일반어/일반어,신규_어휘_후보,,0,False
흥청거리다,0,동사,5,일반어/일반어/일반어,신규_어휘_후보,,0,False
흥청대다,0,동사,5,일반어/일반어/일반어,신규_어휘_후보,,0,False
흥행사,0,명사,5,일반어,신규_어휘_후보,,0,False
흥행작,0,명사,5,일반어,신규_어휘_후보,,0,False
흩뜨리다,0,동사,5,일반어/일반어,신규_어휘_후보,,0,False
희귀병,0,명사,5,일반어,신규_어휘_후보,,0,False
희극,1,명사,5,전문어(연기)/일반어,신규_어휘_후보,,0,False
희끄무레하다,0,형용사,5,일반어/일반어,신규_어휘_후보,,0,False
희끗,1,부사,5,일반어/일반어,신규_어휘_후보,,0,False
희끗희끗,1,부사,5,일반어/일반어,신규_어휘_후보,,0,False
희디희다,0,형용사,5,일반어,신규_어휘_후보,,0,False
희로애락,0,명사,5,일반어,신규_어휘_후보,,0,False
희롱,0,명사,5,일반어/일반어/일반어/일반어,신규_어휘_후보,,0,False
희롱하다,0,동사,5,일반어/일반어/일반어,신규_어휘_후보,,0,False
희미하다,2,형용사,5,일반어,신규_어휘_후보,,0,True
희박하다,0,형용사,5,일반어/일반어/일반어,신규_어휘_후보,,0,False
희번덕거리다,0,동사,5,일반어/일반어,신규_어휘_후보,,0,False
희부옇다,0,형용사,5,일반어,신규_어휘_후보,,0,False
희비,0,명사,5,일반어,신규_어휘_후보,,0,False
희비극,0,명사,5,일반어/전문어(연기),신규_어휘_후보,,0,False
희색,1,명사,5,일반어,신규_어휘_후보,,0,False
희생물,0,명사,5,일반어/일반어,신규_어휘_후보,,0,False
희생심,0,명사,5,일반어,신규_어휘_후보,,0,False
희소식,0,명사,5,일반어,신규_어휘_후보,,0,False
희열,0,명사,5,일반어,신규_어휘_후보,,0,False
희원하다,0,동사,5,일반어,신규_어휘_후보,,0,False
희읍스름하다,0,형용사,5,일반어,신규_어휘_후보,,0,False
희화적,0,명사/관형사,5,일반어/일반어,신규_어휘_후보,,0,False
희희낙락,0,명사,5,일반어,신규_어휘_후보,,0,False
희희낙락거리다,0,동사,5,일반어,신규_어휘_후보,,0,False
희희낙락하다,0,동사,5,일반어,신규_어휘_후보,,0,False
흰떡,0,명사,5,일반어,신규_어휘_후보,,0,False
흰모래,0,명사,5,일반어,신규_어휘_후보,,0,False
흰무늬,0,명사,5,일반어,신규_어휘_후보,,0,False
히든카드,0,명사,5,일반어,신규_어휘_후보,,0,False
히뜩,0,부사,5,일반어/일반어,신규_어휘_후보,,0,False
히죽,0,부사,5,일반어,신규_어휘_후보,,0,False
히죽거리다,0,동사,5,일반어,신규_어휘_후보,,0,False
히죽이,0,부사,5,일반어,신규_어휘_후보,,0,False
힐난,0,명사,5,일반어,신규_어휘_후보,,0,False
힐책,0,명사,5,일반어,신규_어휘_후보,,0,False
힐책하다,0,동사,5,일반어,신규_어휘_후보,,0,False
힘점,0,명사,5,전문어(물리),신규_어휘_후보,,0,False
힙합,0,명사,5,전문어(예체능 일반),신규_어휘_후보,,0,False
