표제어,품사,공식_등급,추천_레벨_또는_경계,근거,현재DB_레벨과의_차이,승인,레벨수정,보류,_content_id
가건물,명사,4,L2,NIKL2023:단일일치 | 내부(김광해):경계(L3~L4) | 태그:207(레벨보류),일치,,,,SC_V1914_B014_026
가곡집,명사,4,L2,NIKL2023:단일일치 | 내부(김광해):경계(L3~L4) | 태그:공식대조(충돌),공식 근거(L2)와 DB(L3) 불일치,,,,SC_V1914_B014_028
가공식품,명사,4,L2,NIKL2023:단일일치 | 내부(김광해):경계(L3~L4) | 태그:공식대조(충돌),공식 근거(L2)와 DB(L3) 불일치,,,,SC_V1914_B014_029
가공업,명사,4,L2,NIKL2023:단일일치 | 내부(김광해):경계(L3~L4) | 태그:공식대조(충돌),공식 근거(L2)와 DB(L3) 불일치,,,,SC_V1914_B014_030
가락가락,부사,4,L2,NIKL2023:단일일치 | 내부(김광해):경계(L3~L4) | 태그:207(레벨보류),일치,,,,SC_V1914_B014_036
가루받이,명사,4,L2,NIKL2023:단일일치 | 내부(김광해):경계(L3~L4) | 태그:공식대조(충돌),공식 근거(L2)와 DB(L3) 불일치,,,,SC_V1914_B014_042
가루우유,명사,4,L2,NIKL2023:단일일치 | 내부(김광해):경계(L3~L4) | 태그:공식대조(충돌),공식 근거(L2)와 DB(L3) 불일치,,,,SC_V1914_B014_043
가리비,명사,4,L2,NIKL2023:단일일치 | 내부(김광해):경계(L3~L4) | 태그:공식대조(충돌),공식 근거(L2)와 DB(L3) 불일치,,,,SC_V1914_B014_045
가면극,명사,4,L2,NIKL2023:단일일치 | 내부(김광해):경계(L3~L4) | 태그:공식대조(충돌),공식 근거(L2)와 DB(L3) 불일치,,,,SC_V1914_B014_049
가무스름하다,형용사,4,L2,NIKL2023:단일일치 | 내부(김광해):경계(L3~L4) | 태그:공식대조(충돌),공식 근거(L2)와 DB(L3) 불일치,,,,SC_V1914_B014_050
가무잡잡하다,형용사,3,L1,NIKL2023:단일일치 | 내부(김광해):경계(L1~L2) | 태그:207(레벨보류),일치,,,,SC_V1915_B015_001
가스관,명사,4,L2,NIKL2023:단일일치 | 내부(김광해):경계(L3~L4) | 태그:207(레벨보류),일치,,,,SC_V1915_B015_006
가스보일러,명사,4,L2,NIKL2023:단일일치 | 내부(김광해):경계(L3~L4) | 태그:공식대조(충돌),공식 근거(L2)와 DB(L3) 불일치,,,,SC_V1915_B015_008
가스오븐레인지,명사,4,L2,NIKL2023:단일일치 | 내부(김광해):경계(L3~L4) | 태그:공식대조(충돌),공식 근거(L2)와 DB(L3) 불일치,,,,SC_V1915_B015_009
가슴둘레,명사,4,L2,NIKL2023:단일일치 | 내부(김광해):경계(L3~L4) | 태그:207(레벨보류),일치,,,,SC_V1915_B015_010
가슴뼈,명사,4,L2,NIKL2023:단일일치 | 내부(김광해):경계(L3~L4) | 태그:공식대조(충돌),공식 근거(L2)와 DB(L3) 불일치,,,,SC_V1915_B015_011
가시덩굴,명사,4,L2,NIKL2023:단일일치 | 내부(김광해):경계(L3~L4) | 태그:공식대조(충돌),공식 근거(L2)와 DB(L3) 불일치,,,,SC_V1915_B015_012
가엾이,부사,4,L2,NIKL2023:단일일치 | 내부(김광해):경계(L3~L4) | 태그:공식대조(충돌),공식 근거(L2)와 DB(L3) 불일치,,,,SC_V1915_B015_014
가오리연,명사,4,L2,NIKL2023:단일일치 | 내부(김광해):경계(L3~L4) | 태그:공식대조(충돌),공식 근거(L2)와 DB(L3) 불일치,,,,SC_V1915_B015_015
가요계,명사,4,L2,NIKL2023:단일일치 | 내부(김광해):경계(L3~L4) | 태그:공식대조(충돌),공식 근거(L2)와 DB(L3) 불일치,,,,SC_V1915_B015_016
가운뎃손가락,명사,4,L2,NIKL2023:단일일치 | 내부(김광해):경계(L3~L4) | 태그:공식대조(충돌),공식 근거(L2)와 DB(L3) 불일치,,,,SC_V1915_B015_017
가을걷이,명사,4,L2,NIKL2023:단일일치 | 내부(김광해):경계(L3~L4) | 태그:공식대조(충돌),공식 근거(L2)와 DB(L3) 불일치,,,,SC_V1915_B015_018
가을벌레,명사,4,L2,NIKL2023:단일일치 | 내부(김광해):경계(L3~L4) | 태그:공식대조(충돌),공식 근거(L2)와 DB(L3) 불일치,,,,SC_V1915_B015_021
가이,명사,4,L2,NIKL2023:단일일치 | 내부(김광해):경계(L3~L4) | 태그:공식대조(충돌),공식 근거(L2)와 DB(L3) 불일치,,,,SC_V1915_B015_025
가입자,명사,4,L2,NIKL2023:단일일치 | 내부(김광해):경계(L3~L4) | 태그:공식대조(충돌),공식 근거(L2)와 DB(L3) 불일치,,,,SC_V1915_B015_026
가장무도회,명사,4,L2,NIKL2023:단일일치 | 내부(김광해):경계(L3~L4) | 태그:공식대조(충돌),공식 근거(L2)와 DB(L3) 불일치,,,,SC_V1915_B015_027
가전제품,명사,4,L2,NIKL2023:단일일치 | 내부(김광해):경계(L3~L4) | 태그:공식대조(충돌),공식 근거(L2)와 DB(L3) 불일치,,,,SC_V1915_B015_029
가지치기,명사,4,L2,NIKL2023:단일일치 | 내부(김광해):경계(L3~L4) | 태그:공식대조(충돌),공식 근거(L2)와 DB(L3) 불일치,,,,SC_V1915_B015_037
가치관,명사,4,L2,NIKL2023:단일일치 | 내부(김광해):제외(자동분류 범위 밖 - 수동 배치) | 태그:공식대조(충돌),공식 근거(L2)와 DB(L5) 불일치,,,,SR_L5CORE_4835
가혹,명사,4,L2,NIKL2023:단일일치 | 내부(김광해):경계(L3~L4) | 태그:공식대조(충돌),공식 근거(L2)와 DB(L3) 불일치,,,,SC_V1915_B015_040
가혹하다,형용사,4,L2,NIKL2023:단일일치 | 내부(김광해):경계(L3~L4) | 태그:공식대조(충돌),공식 근거(L2)와 DB(L3) 불일치,,,,SC_V1915_B015_041
각계각층,명사,4,L2,NIKL2023:단일일치 | 내부(김광해):경계(L3~L4) | 태그:공식대조(충돌),공식 근거(L2)와 DB(L3) 불일치,,,,SC_V1915_B015_043
각기둥,명사,4,L2,NIKL2023:단일일치 | 내부(김광해):경계(L3~L4) | 태그:공식대조(충돌),공식 근거(L2)와 DB(L3) 불일치,,,,SC_V1915_B015_045
각도기,명사,4,L2,NIKL2023:단일일치 | 내부(김광해):경계(L3~L4) | 태그:공식대조(충돌),공식 근거(L2)와 DB(L3) 불일치,,,,SC_V1915_B015_046
각별하다,형용사,4,L2,NIKL2023:단일일치 | 내부(김광해):경계(L3~L4) | 태그:공식대조(충돌),공식 근거(L2)와 DB(L3) 불일치,,,,SC_V1915_B015_047
각별히,부사,4,L2,NIKL2023:단일일치 | 내부(김광해):경계(L3~L4) | 태그:공식대조(충돌),공식 근거(L2)와 DB(L3) 불일치,,,,SC_V1915_B015_048
각뿔,명사,4,L2,NIKL2023:단일일치 | 내부(김광해):경계(L3~L4) | 태그:공식대조(충돌),공식 근거(L2)와 DB(L3) 불일치,,,,SC_V1915_B015_049
간단명료하다,형용사,4,L2,NIKL2023:단일일치 | 내부(김광해):경계(L3~L4) | 태그:공식대조(충돌),공식 근거(L2)와 DB(L3) 불일치,,,,SC_V1916_B016_003
간담회,명사,4,L2,NIKL2023:단일일치 | 내부(김광해):경계(L3~L4) | 태그:공식대조(충돌),공식 근거(L2)와 DB(L3) 불일치,,,,SC_V1916_B016_004
간소화되다,동사,4,L2,NIKL2023:단일일치 | 내부(김광해):경계(L3~L4) | 태그:공식대조(충돌),공식 근거(L2)와 DB(L3) 불일치,,,,SC_V1916_B016_005
간소화하다,동사,4,L2,NIKL2023:단일일치 | 내부(김광해):경계(L3~L4) | 태그:공식대조(충돌),공식 근거(L2)와 DB(L3) 불일치,,,,SC_V1916_B016_006
간척지,명사,4,L2,NIKL2023:단일일치 | 내부(김광해):경계(L3~L4) | 태그:공식대조(충돌),공식 근거(L2)와 DB(L3) 불일치,,,,SC_V1916_B016_013
갈채,명사,4,L2,NIKL2023:단일일치 | 내부(김광해):경계(L3~L4) | 태그:공식대조(충돌),공식 근거(L2)와 DB(L3) 불일치,,,,SC_V1916_B016_026
갈퀴,명사,4,L2,NIKL2023:단일일치 | 내부(김광해):경계(L3~L4) | 태그:공식대조(충돌),공식 근거(L2)와 DB(L3) 불일치,,,,SC_V1916_B016_028
감격스럽다,형용사,3,L1,NIKL2023:단일일치 | 내부(김광해):경계(L1~L2) | 태그:207(레벨보류),일치,,,,SC_V1916_B016_030
감내하다,동사,4,L2,NIKL2023:단일일치 | 내부(김광해):경계(L3~L4) | 태그:207(레벨보류),일치,,,,SC_V1916_B016_034
감미료,명사,4,L2,NIKL2023:단일일치 | 내부(김광해):경계(L3~L4) | 태그:공식대조(충돌),공식 근거(L2)와 DB(L3) 불일치,,,,SC_V1916_B016_037
감상문,명사,3,L1,NIKL2023:단일일치 | 내부(김광해):경계(L1~L2) | 태그:공식대조(충돌),공식 근거(L1)와 DB(L2) 불일치,,,,SC_V1916_B016_039
감시원,명사,4,L2,NIKL2023:단일일치 | 내부(김광해):경계(L3~L4) | 태그:공식대조(충돌),공식 근거(L2)와 DB(L3) 불일치,,,,SC_V1916_B016_041
감촉,명사,4,L2,NIKL2023:단일일치 | 내부(김광해):경계(L3~L4) | 태그:공식대조(충돌),공식 근거(L2)와 DB(L3) 불일치,,,,SC_V1916_B016_046
감탄사,명사,4,L2,NIKL2023:단일일치 | 내부(김광해):경계(L3~L4) | 태그:공식대조(충돌),공식 근거(L2)와 DB(L3) 불일치,,,,SC_V1916_B016_047
갑작스레,부사,4,L2,NIKL2023:단일일치 | 내부(김광해):경계(L3~L4) | 태그:207(레벨보류),일치,,,,SC_V1917_B017_001
갑판,명사,4,L2,NIKL2023:단일일치 | 내부(김광해):경계(L3~L4) | 태그:공식대조(충돌),공식 근거(L2)와 DB(L3) 불일치,,,,SC_V1917_B017_003
값나가다,동사,4,L2,NIKL2023:단일일치 | 내부(김광해):경계(L3~L4) | 태그:207(레벨보류),일치,,,,SC_V1917_B017_004
강습회,명사,4,L2,NIKL2023:단일일치 | 내부(김광해):경계(L3~L4) | 태그:공식대조(충돌),공식 근거(L2)와 DB(L3) 불일치,,,,SC_V1917_B017_013
강연회,명사,4,L2,NIKL2023:단일일치 | 내부(김광해):경계(L3~L4) | 태그:공식대조(충돌),공식 근거(L2)와 DB(L3) 불일치,,,,SC_V1917_B017_014
강우량,명사,4,L2,NIKL2023:단일일치 | 내부(김광해):경계(L3~L4) | 태그:공식대조(충돌),공식 근거(L2)와 DB(L3) 불일치,,,,SC_V1917_B017_015
개과천선,명사,4,L2,NIKL2023:단일일치 | 내부(김광해):경계(L3~L4) | 태그:공식대조(충돌),공식 근거(L2)와 DB(L3) 불일치,,,,SC_V1917_B017_021
개관식,명사,4,L2,NIKL2023:단일일치 | 내부(김광해):경계(L3~L4) | 태그:공식대조(충돌),공식 근거(L2)와 DB(L3) 불일치,,,,SC_V1917_B017_022
개인차,명사,4,L2,NIKL2023:단일일치 | 내부(김광해):경계(L3~L4) | 태그:공식대조(충돌),공식 근거(L2)와 DB(L3) 불일치,,,,SC_V1917_B017_033
개장사,명사,4,L2,NIKL2023:단일일치 | 내부(김광해):경계(L3~L4) | 태그:공식대조(충돌),공식 근거(L2)와 DB(L3) 불일치,,,,SC_V1917_B017_034
개찰구,명사,4,L2,NIKL2023:단일일치 | 내부(김광해):경계(L3~L4) | 태그:공식대조(충돌),공식 근거(L2)와 DB(L3) 불일치,,,,SC_V1917_B017_035
개최지,명사,4,L2,NIKL2023:단일일치 | 내부(김광해):경계(L3~L4) | 태그:207(레벨보류),일치,,,,SC_V1917_B017_039
개키다,동사,4,L2,NIKL2023:단일일치 | 내부(김광해):경계(L3~L4) | 태그:공식대조(충돌),공식 근거(L2)와 DB(L3) 불일치,,,,SC_V1917_B017_041
객관적,명사,4,L2,NIKL2023:단일일치 | 내부(김광해):제외(자동분류 범위 밖 - 수동 배치) | 태그:공식대조(충돌),공식 근거(L2)와 DB(L6) 불일치,,,,SR_L6COREV2_4977
갯지렁이,명사,4,L2,NIKL2023:단일일치 | 내부(김광해):경계(L3~L4) | 태그:공식대조(충돌),공식 근거(L2)와 DB(L3) 불일치,,,,SC_V1917_B017_046
거닐다,동사,4,L2,NIKL2023:단일일치 | 내부(김광해):경계(L3~L4) | 태그:공식대조(충돌),공식 근거(L2)와 DB(L3) 불일치,,,,SC_V1918_B018_002
거드럭거리다,동사,4,L2,NIKL2023:단일일치 | 내부(김광해):경계(L3~L4) | 태그:공식대조(충돌),공식 근거(L2)와 DB(L3) 불일치,,,,SC_V1918_B018_003
거들먹거리다,동사,4,L2,NIKL2023:단일일치 | 내부(김광해):경계(L3~L4) | 태그:공식대조(충돌),공식 근거(L2)와 DB(L3) 불일치,,,,SC_V1918_B018_005
거듭되다,동사,4,L2,NIKL2023:단일일치 | 내부(김광해):경계(L3~L4) | 태그:공식대조(충돌),공식 근거(L2)와 DB(L3) 불일치,,,,SC_V1918_B018_007
거름,명사,2,L0,NIKL2023:단일일치 | 내부(김광해):L0 | 태그:78(뜻풀이위험),일치,,,,SC_V192_B002_013
거름기,명사,4,L2,NIKL2023:단일일치 | 내부(김광해):경계(L3~L4) | 태그:공식대조(충돌),공식 근거(L2)와 DB(L3) 불일치,,,,SC_V1918_B018_012
거름종이,명사,4,L2,NIKL2023:단일일치 | 내부(김광해):경계(L3~L4) | 태그:공식대조(충돌),공식 근거(L2)와 DB(L3) 불일치,,,,SC_V1918_B018_013
거만하다,형용사,2,L0,NIKL2023:단일일치 | 내부(김광해):L0 | 태그:78(뜻풀이위험),일치,,,,SC_V192_B002_014
거무스름하다,형용사,4,L2,NIKL2023:단일일치 | 내부(김광해):경계(L3~L4) | 태그:공식대조(충돌),공식 근거(L2)와 DB(L3) 불일치,,,,SC_V1918_B018_015
거무죽죽하다,형용사,4,L2,NIKL2023:단일일치 | 내부(김광해):경계(L3~L4) | 태그:공식대조(충돌),공식 근거(L2)와 DB(L3) 불일치,,,,SC_V1918_B018_016
거무튀튀하다,형용사,4,L2,NIKL2023:단일일치 | 내부(김광해):경계(L3~L4) | 태그:공식대조(충돌),공식 근거(L2)와 DB(L3) 불일치,,,,SC_V1918_B018_017
거뭇거뭇,부사,4,L2,NIKL2023:단일일치 | 내부(김광해):경계(L3~L4) | 태그:207(레벨보류),일치,,,,SC_V1918_B018_018
거봐라,감탄사,4,L2,NIKL2023:단일일치 | 내부(김광해):경계(L3~L4) | 태그:공식대조(충돌),공식 근거(L2)와 DB(L3) 불일치,,,,SC_V1918_B018_020
거울삼다,동사,4,L2,NIKL2023:단일일치 | 내부(김광해):경계(L3~L4) | 태그:공식대조(충돌),공식 근거(L2)와 DB(L3) 불일치,,,,SC_V1918_B018_025
거저먹기,명사,4,L2,NIKL2023:단일일치 | 내부(김광해):경계(L3~L4) | 태그:공식대조(충돌),공식 근거(L2)와 DB(L3) 불일치,,,,SC_V1918_B018_026
거중기,명사,4,L2,NIKL2023:단일일치 | 내부(김광해):경계(L3~L4) | 태그:공식대조(충돌),공식 근거(L2)와 DB(L3) 불일치,,,,SC_V1918_B018_030
거즈,명사,4,L2,NIKL2023:단일일치 | 내부(김광해):경계(L3~L4) | 태그:공식대조(충돌),공식 근거(L2)와 DB(L3) 불일치,,,,SC_V1918_B018_031
거짓말투성이,명사,4,L2,NIKL2023:단일일치 | 내부(김광해):경계(L3~L4) | 태그:공식대조(충돌),공식 근거(L2)와 DB(L3) 불일치,,,,SC_V1918_B018_034
거칠어지다,동사,3,L1,NIKL2023:단일일치 | 내부(김광해):경계(L1~L2) | 태그:공식대조(충돌),공식 근거(L1)와 DB(L2) 불일치,,,,SC_V1918_B018_039
거침없이,부사,4,L2,NIKL2023:단일일치 | 내부(김광해):경계(L3~L4) | 태그:공식대조(충돌),공식 근거(L2)와 DB(L3) 불일치,,,,SC_V1918_B018_041
건너다니다,동사,4,L2,NIKL2023:단일일치 | 내부(김광해):경계(L3~L4) | 태그:공식대조(충돌),공식 근거(L2)와 DB(L3) 불일치,,,,SC_V1918_B018_048
건설업,명사,4,L2,NIKL2023:단일일치 | 내부(김광해):경계(L3~L4) | 태그:공식대조(충돌),공식 근거(L2)와 DB(L3) 불일치,,,,SC_V1919_B019_003
건설업자,명사,4,L2,NIKL2023:단일일치 | 내부(김광해):경계(L3~L4) | 태그:공식대조(충돌),공식 근거(L2)와 DB(L3) 불일치,,,,SC_V1919_B019_004
건어물,명사,4,L2,NIKL2023:단일일치 | 내부(김광해):경계(L3~L4) | 태그:207(레벨보류),일치,,,,SC_V1919_B019_005
건조대,명사,4,L2,NIKL2023:단일일치 | 내부(김광해):경계(L3~L4) | 태그:공식대조(충돌),공식 근거(L2)와 DB(L3) 불일치,,,,SC_V1919_B019_007
걷어붙이다,동사,4,L2,NIKL2023:단일일치 | 내부(김광해):경계(L3~L4) | 태그:공식대조(충돌),공식 근거(L2)와 DB(L3) 불일치,,,,SC_V1919_B019_014
걸그물,명사,4,L2,NIKL2023:단일일치 | 내부(김광해):경계(L3~L4) | 태그:공식대조(충돌),공식 근거(L2)와 DB(L3) 불일치,,,,SC_V1919_B019_015
걸레질하다,동사,4,L2,NIKL2023:단일일치 | 내부(김광해):경계(L3~L4) | 태그:공식대조(충돌),공식 근거(L2)와 DB(L3) 불일치,,,,SC_V1919_B019_017
검불,명사,4,L2,NIKL2023:단일일치 | 내부(김광해):경계(L3~L4) | 태그:공식대조(충돌),공식 근거(L2)와 DB(L3) 불일치,,,,SC_V1919_B019_024
검사기,명사,4,L2,NIKL2023:단일일치 | 내부(김광해):경계(L3~L4) | 태그:공식대조(충돌),공식 근거(L2)와 DB(L3) 불일치,,,,SC_V1919_B019_026
검산하다,동사,4,L2,NIKL2023:단일일치 | 내부(김광해):경계(L3~L4) | 태그:공식대조(충돌),공식 근거(L2)와 DB(L3) 불일치,,,,SC_V1919_B019_027
검소하다,형용사,4,L2,NIKL2023:단일일치 | 내부(김광해):경계(L3~L4) | 태그:공식대조(충돌),공식 근거(L2)와 DB(L3) 불일치,,,,SC_V1919_B019_029
검출되다,동사,4,L2,NIKL2023:단일일치 | 내부(김광해):경계(L3~L4) | 태그:공식대조(충돌),공식 근거(L2)와 DB(L3) 불일치,,,,SC_V1919_B019_034
겉넓이,명사,4,L2,NIKL2023:단일일치 | 내부(김광해):경계(L3~L4) | 태그:공식대조(충돌),공식 근거(L2)와 DB(L3) 불일치,,,,SC_V1919_B019_041
겉보기,명사,2,L0,NIKL2023:단일일치 | 내부(김광해):L0 | 태그:78(뜻풀이위험),일치,,,,SC_V192_B002_018
게시되다,동사,4,L2,NIKL2023:단일일치 | 내부(김광해):경계(L3~L4) | 태그:공식대조(충돌),공식 근거(L2)와 DB(L3) 불일치,,,,SC_V1919_B019_048
게시물,명사,4,L2,NIKL2023:단일일치 | 내부(김광해):경계(L3~L4) | 태그:공식대조(충돌),공식 근거(L2)와 DB(L3) 불일치,,,,SC_V1919_B019_049
게시하다,동사,4,L2,NIKL2023:단일일치 | 내부(김광해):경계(L3~L4) | 태그:공식대조(충돌),공식 근거(L2)와 DB(L3) 불일치,,,,SC_V1919_B019_050
게양대,명사,4,L2,NIKL2023:단일일치 | 내부(김광해):경계(L3~L4) | 태그:공식대조(충돌),공식 근거(L2)와 DB(L3) 불일치,,,,SC_V1920_B020_001
겨루기,명사,4,L2,NIKL2023:단일일치 | 내부(김광해):경계(L3~L4) | 태그:공식대조(충돌),공식 근거(L2)와 DB(L3) 불일치,,,,SC_V1920_B020_008
겨를,의존명사,4,L2,NIKL2023:단일일치 | 내부(김광해):경계(L3~L4) | 태그:공식대조(충돌),공식 근거(L2)와 DB(L3) 불일치,,,,SC_V1920_B020_009
겨울눈,명사,4,L2,NIKL2023:단일일치 | 내부(김광해):경계(L3~L4) | 태그:공식대조(충돌),공식 근거(L2)와 DB(L3) 불일치,,,,SC_V1920_B020_012
격언,명사,4,L2,NIKL2023:단일일치 | 내부(김광해):경계(L3~L4) | 태그:공식대조(충돌),공식 근거(L2)와 DB(L3) 불일치,,,,SC_V1920_B020_017
견적,명사,4,L2,NIKL2023:단일일치 | 내부(김광해):경계(L3~L4) | 태그:공식대조(충돌),공식 근거(L2)와 DB(L3) 불일치,,,,SC_V1920_B020_021
견주다,동사,4,L2,NIKL2023:단일일치 | 내부(김광해):경계(L3~L4) | 태그:공식대조(충돌),공식 근거(L2)와 DB(L3) 불일치,,,,SC_V1920_B020_022
견직물,명사,4,L2,NIKL2023:단일일치 | 내부(김광해):경계(L3~L4) | 태그:공식대조(충돌),공식 근거(L2)와 DB(L3) 불일치,,,,SC_V1920_B020_023
결단력,명사,4,L2,NIKL2023:단일일치 | 내부(김광해):경계(L3~L4) | 태그:공식대조(충돌),공식 근거(L2)와 DB(L3) 불일치,,,,SC_V1920_B020_026
결산서,명사,4,L2,NIKL2023:단일일치 | 내부(김광해):경계(L3~L4) | 태그:공식대조(충돌),공식 근거(L2)와 DB(L3) 불일치,,,,SC_V1920_B020_029
결점,명사,4,L2,NIKL2023:단일일치 | 내부(김광해):경계(L3~L4) | 태그:공식대조(충돌),공식 근거(L2)와 DB(L3) 불일치,,,,SC_V1920_B020_032
겹받침,명사,4,L2,NIKL2023:단일일치 | 내부(김광해):경계(L3~L4) | 태그:공식대조(충돌),공식 근거(L2)와 DB(L3) 불일치,,,,SC_V1920_B020_038
경계망,명사,4,L2,NIKL2023:단일일치 | 내부(김광해):경계(L3~L4) | 태그:공식대조(충돌),공식 근거(L2)와 DB(L3) 불일치,,,,SC_V1920_B020_040
경례하다,동사,4,L2,NIKL2023:단일일치 | 내부(김광해):경계(L3~L4) | 태그:공식대조(충돌),공식 근거(L2)와 DB(L3) 불일치,,,,SC_V1920_B020_043
경보기,명사,4,L2,NIKL2023:단일일치 | 내부(김광해):경계(L3~L4) | 태그:공식대조(충돌),공식 근거(L2)와 DB(L3) 불일치,,,,SC_V1920_B020_047
경비하다,동사,4,L2,NIKL2023:단일일치 | 내부(김광해):경계(L3~L4) | 태그:공식대조(충돌),공식 근거(L2)와 DB(L3) 불일치,,,,SC_V1920_B020_049
경사로,명사,4,L2,NIKL2023:단일일치 | 내부(김광해):경계(L3~L4) | 태그:공식대조(충돌),공식 근거(L2)와 DB(L3) 불일치,,,,SC_V1920_B020_050
경사스럽다,형용사,4,L2,NIKL2023:단일일치 | 내부(김광해):경계(L3~L4) | 태그:공식대조(충돌),공식 근거(L2)와 DB(L3) 불일치,,,,SC_V1921_B021_002
경쟁력,명사,4,L2,NIKL2023:단일일치 | 내부(김광해):경계(L3~L4) | 태그:공식대조(충돌),공식 근거(L2)와 DB(L3) 불일치,,,,SC_V1921_B021_010
경쟁심,명사,4,L2,NIKL2023:단일일치 | 내부(김광해):경계(L3~L4) | 태그:공식대조(충돌),공식 근거(L2)와 DB(L3) 불일치,,,,SC_V1921_B021_011
경제생활,명사,4,L2,NIKL2023:단일일치 | 내부(김광해):경계(L3~L4) | 태그:공식대조(충돌),공식 근거(L2)와 DB(L3) 불일치,,,,SC_V1921_B021_015
경쾌하다,형용사,4,L2,NIKL2023:단일일치 | 내부(김광해):경계(L3~L4) | 태그:공식대조(충돌),공식 근거(L2)와 DB(L3) 불일치,,,,SC_V1921_B021_019
경험자,명사,4,L2,NIKL2023:단일일치 | 내부(김광해):경계(L3~L4) | 태그:공식대조(충돌),공식 근거(L2)와 DB(L3) 불일치,,,,SC_V1921_B021_021
경호원,명사,4,L2,NIKL2023:단일일치 | 내부(김광해):경계(L3~L4) | 태그:공식대조(충돌),공식 근거(L2)와 DB(L3) 불일치,,,,SC_V1921_B021_022
계란빵,명사,4,L2,NIKL2023:단일일치 | 내부(김광해):경계(L3~L4) | 태그:공식대조(충돌),공식 근거(L2)와 DB(L3) 불일치,,,,SC_V1921_B021_025
계량스푼,명사,4,L2,NIKL2023:단일일치 | 내부(김광해):경계(L3~L4) | 태그:공식대조(충돌),공식 근거(L2)와 DB(L3) 불일치,,,,SC_V1921_B021_028
계량컵,명사,4,L2,NIKL2023:단일일치 | 내부(김광해):경계(L3~L4) | 태그:공식대조(충돌),공식 근거(L2)와 DB(L3) 불일치,,,,SC_V1921_B021_029
계몽,명사,4,L2,NIKL2023:단일일치 | 내부(김광해):경계(L3~L4) | 태그:공식대조(충돌),공식 근거(L2)와 DB(L3) 불일치,,,,SC_V1921_B021_030
계몽하다,동사,4,L2,NIKL2023:단일일치 | 내부(김광해):경계(L3~L4) | 태그:공식대조(충돌),공식 근거(L2)와 DB(L3) 불일치,,,,SC_V1921_B021_031
계승,명사,3,L1,NIKL2023:단일일치 | 내부(김광해):제외(자동분류 범위 밖 - 수동 배치) | 태그:공식대조(충돌),공식 근거(L1)와 DB(L5) 불일치,,,,SR_L5CORE_4843
계통,명사,4,L2,NIKL2023:단일일치 | 내부(김광해):제외(자동분류 범위 밖 - 수동 배치) | 태그:공식대조(충돌),공식 근거(L2)와 DB(L5) 불일치,,,,SR_L5CORE_4844
고갯짓,명사,4,L2,NIKL2023:단일일치 | 내부(김광해):경계(L3~L4) | 태그:207(레벨보류),일치,,,,SC_V1921_B021_040
고구마튀김,명사,4,L2,NIKL2023:단일일치 | 내부(김광해):경계(L3~L4) | 태그:공식대조(충돌),공식 근거(L2)와 DB(L3) 불일치,,,,SC_V1921_B021_042
고기반찬,명사,4,L2,NIKL2023:단일일치 | 내부(김광해):경계(L3~L4) | 태그:207(레벨보류),일치,,,,SC_V1921_B021_045
고기잡이배,명사,4,L2,NIKL2023:단일일치 | 내부(김광해):경계(L3~L4) | 태그:공식대조(충돌),공식 근거(L2)와 DB(L3) 불일치,,,,SC_V1921_B021_047
고뇌,명사,4,L2,NIKL2023:단일일치 | 내부(김광해):경계(L3~L4) | 태그:공식대조(충돌),공식 근거(L2)와 DB(L3) 불일치,,,,SC_V1922_B022_004
고둥,명사,4,L2,NIKL2023:단일일치 | 내부(김광해):경계(L3~L4) | 태그:공식대조(충돌),공식 근거(L2)와 DB(L3) 불일치,,,,SC_V1922_B022_009
고등어조림,명사,4,L2,NIKL2023:단일일치 | 내부(김광해):경계(L3~L4) | 태그:공식대조(충돌),공식 근거(L2)와 DB(L3) 불일치,,,,SC_V1922_B022_011
고등학교,명사,2,L0,NIKL2023:단일일치 | 내부(김광해):L0 | 태그:78(뜻풀이위험);공식대조(충돌),공식 근거(L0)와 DB(L1) 불일치,,,,SC_V192_B002_030
고랭지,명사,4,L2,NIKL2023:단일일치 | 내부(김광해):경계(L3~L4) | 태그:공식대조(충돌),공식 근거(L2)와 DB(L3) 불일치,,,,SC_V1922_B022_013
고려청자,명사,4,L2,NIKL2023:단일일치 | 내부(김광해):경계(L3~L4) | 태그:공식대조(충돌),공식 근거(L2)와 DB(L3) 불일치,,,,SC_V1922_B022_015
고령토,명사,4,L2,NIKL2023:단일일치 | 내부(김광해):경계(L3~L4) | 태그:공식대조(충돌),공식 근거(L2)와 DB(L3) 불일치,,,,SC_V1922_B022_016
고리하다,동사,4,L2,NIKL2023:단일일치 | 내부(김광해):경계(L3~L4) | 태그:공식대조(충돌),공식 근거(L2)와 DB(L3) 불일치,,,,SC_V1922_B022_017
고무망치,명사,4,L2,NIKL2023:단일일치 | 내부(김광해):경계(L3~L4) | 태그:공식대조(충돌),공식 근거(L2)와 DB(L3) 불일치,,,,SC_V1922_B022_023
고무보트,명사,4,L2,NIKL2023:단일일치 | 내부(김광해):경계(L3~L4) | 태그:공식대조(충돌),공식 근거(L2)와 DB(L3) 불일치,,,,SC_V1922_B022_024
고무호스,명사,4,L2,NIKL2023:단일일치 | 내부(김광해):경계(L3~L4) | 태그:공식대조(충돌),공식 근거(L2)와 DB(L3) 불일치,,,,SC_V1922_B022_027
고민스럽다,형용사,3,L1,NIKL2023:단일일치 | 내부(김광해):경계(L1~L2) | 태그:207(레벨보류),일치,,,,SC_V1922_B022_029
고성능,명사,4,L2,NIKL2023:단일일치 | 내부(김광해):경계(L3~L4) | 태그:공식대조(충돌),공식 근거(L2)와 DB(L3) 불일치,,,,SC_V1922_B022_034
고스란히,부사,4,L2,NIKL2023:단일일치 | 내부(김광해):경계(L3~L4) | 태그:공식대조(충돌),공식 근거(L2)와 DB(L3) 불일치,,,,SC_V1922_B022_035
고안하다,동사,4,L2,NIKL2023:단일일치 | 내부(김광해):경계(L3~L4) | 태그:공식대조(충돌),공식 근거(L2)와 DB(L3) 불일치,,,,SC_V1922_B022_038
고원,명사,4,L2,NIKL2023:단일일치 | 내부(김광해):제외(자동분류 범위 밖 - 수동 배치) | 태그:공식대조(충돌),공식 근거(L2)와 DB(L4) 불일치,,,,SR_L4CORE_5427
고위급,명사,4,L2,NIKL2023:단일일치 | 내부(김광해):경계(L3~L4) | 태그:공식대조(충돌),공식 근거(L2)와 DB(L3) 불일치,,,,SC_V1922_B022_039
고인돌,명사,4,L2,NIKL2023:단일일치 | 내부(김광해):경계(L3~L4) | 태그:공식대조(충돌),공식 근거(L2)와 DB(L3) 불일치,,,,SC_V1922_B022_040
고자질,명사,4,L2,NIKL2023:단일일치 | 내부(김광해):경계(L3~L4) | 태그:공식대조(충돌),공식 근거(L2)와 DB(L3) 불일치,,,,SC_V1922_B022_041
고자질하다,동사,4,L2,NIKL2023:단일일치 | 내부(김광해):경계(L3~L4) | 태그:공식대조(충돌),공식 근거(L2)와 DB(L3) 불일치,,,,SC_V1922_B022_042
고주파,명사,4,L2,NIKL2023:단일일치 | 내부(김광해):경계(L3~L4) | 태그:공식대조(충돌),공식 근거(L2)와 DB(L3) 불일치,,,,SC_V1922_B022_044
고지식하다,형용사,4,L2,NIKL2023:단일일치 | 내부(김광해):경계(L3~L4) | 태그:공식대조(충돌),공식 근거(L2)와 DB(L3) 불일치,,,,SC_V1922_B022_045
고진감래,명사,4,L2,NIKL2023:단일일치 | 내부(김광해):경계(L3~L4) | 태그:공식대조(충돌),공식 근거(L2)와 DB(L3) 불일치,,,,SC_V1922_B022_046
곤욕,명사,4,L2,NIKL2023:단일일치 | 내부(김광해):경계(L3~L4) | 태그:공식대조(충돌),공식 근거(L2)와 DB(L3) 불일치,,,,SC_V1923_B023_003
곧이듣다,동사,4,L2,NIKL2023:단일일치 | 내부(김광해):경계(L3~L4) | 태그:공식대조(충돌),공식 근거(L2)와 DB(L3) 불일치,,,,SC_V1923_B023_006
곧추세우다,동사,4,L2,NIKL2023:단일일치 | 내부(김광해):경계(L3~L4) | 태그:공식대조(충돌),공식 근거(L2)와 DB(L3) 불일치,,,,SC_V1923_B023_007
골문,명사,4,L2,NIKL2023:단일일치 | 내부(김광해):경계(L3~L4) | 태그:공식대조(충돌),공식 근거(L2)와 DB(L3) 불일치,,,,SC_V1923_B023_013
골반,명사,3,L1,NIKL2023:단일일치 | 내부(김광해):경계(L1~L2) | 태그:공식대조(충돌),공식 근거(L1)와 DB(L2) 불일치,,,,SC_V1923_B023_014
골판지,명사,4,L2,NIKL2023:단일일치 | 내부(김광해):경계(L3~L4) | 태그:공식대조(충돌),공식 근거(L2)와 DB(L3) 불일치,,,,SC_V1923_B023_018
곱셈표,명사,4,L2,NIKL2023:단일일치 | 내부(김광해):경계(L3~L4) | 태그:공식대조(충돌),공식 근거(L2)와 DB(L3) 불일치,,,,SC_V1923_B023_024
곱슬곱슬하다,형용사,3,L1,NIKL2023:단일일치 | 내부(김광해):경계(L1~L2) | 태그:207(레벨보류),일치,,,,SC_V1923_B023_025
공감대,명사,4,L2,NIKL2023:단일일치 | 내부(김광해):경계(L3~L4) | 태그:공식대조(충돌),공식 근거(L2)와 DB(L3) 불일치,,,,SC_V1923_B023_028
공공시설,명사,4,L2,NIKL2023:단일일치 | 내부(김광해):경계(L3~L4) | 태그:공식대조(충돌),공식 근거(L2)와 DB(L3) 불일치,,,,SC_V1923_B023_033
공공장소,명사,4,L2,NIKL2023:단일일치 | 내부(김광해):경계(L3~L4) | 태그:공식대조(충돌),공식 근거(L2)와 DB(L3) 불일치,,,,SC_V1923_B023_034
공공질서,명사,4,L2,NIKL2023:단일일치 | 내부(김광해):경계(L3~L4) | 태그:공식대조(충돌),공식 근거(L2)와 DB(L3) 불일치,,,,SC_V1923_B023_035
공동생활,명사,4,L2,NIKL2023:단일일치 | 내부(김광해):경계(L3~L4) | 태그:공식대조(충돌),공식 근거(L2)와 DB(L3) 불일치,,,,SC_V1923_B023_040
공명정대하다,형용사,4,L2,NIKL2023:단일일치 | 내부(김광해):경계(L3~L4) | 태그:공식대조(충돌),공식 근거(L2)와 DB(L3) 불일치,,,,SC_V1923_B023_043
공모전,명사,4,L2,NIKL2023:단일일치 | 내부(김광해):경계(L3~L4) | 태그:공식대조(충돌),공식 근거(L2)와 DB(L3) 불일치,,,,SC_V1923_B023_044
공배수,명사,4,L2,NIKL2023:단일일치 | 내부(김광해):경계(L3~L4) | 태그:공식대조(충돌),공식 근거(L2)와 DB(L3) 불일치,,,,SC_V1923_B023_045
공업화,명사,4,L2,NIKL2023:단일일치 | 내부(김광해):경계(L3~L4) | 태그:공식대조(충돌),공식 근거(L2)와 DB(L3) 불일치,,,,SC_V1924_B024_005
공예품,명사,4,L2,NIKL2023:단일일치 | 내부(김광해):경계(L3~L4) | 태그:공식대조(충돌),공식 근거(L2)와 DB(L3) 불일치,,,,SC_V1924_B024_007
공정성,명사,4,L2,NIKL2023:단일일치 | 내부(김광해):경계(L3~L4) | 태그:공식대조(충돌),공식 근거(L2)와 DB(L3) 불일치,,,,SC_V1924_B024_009
공중도덕,명사,4,L2,NIKL2023:단일일치 | 내부(김광해):경계(L3~L4) | 태그:공식대조(충돌),공식 근거(L2)와 DB(L3) 불일치,,,,SC_V1924_B024_011
공판장,명사,4,L2,NIKL2023:단일일치 | 내부(김광해):경계(L3~L4) | 태그:공식대조(충돌),공식 근거(L2)와 DB(L3) 불일치,,,,SC_V1924_B024_015
공항버스,명사,4,L2,NIKL2023:단일일치 | 내부(김광해):경계(L3~L4) | 태그:공식대조(충돌),공식 근거(L2)와 DB(L3) 불일치,,,,SC_V1924_B024_022
공회전,명사,4,L2,NIKL2023:단일일치 | 내부(김광해):경계(L3~L4) | 태그:공식대조(충돌),공식 근거(L2)와 DB(L3) 불일치,,,,SC_V1924_B024_023
과감성,명사,4,L2,NIKL2023:단일일치 | 내부(김광해):경계(L3~L4) | 태그:공식대조(충돌),공식 근거(L2)와 DB(L3) 불일치,,,,SC_V1924_B024_024
과속,명사,4,L2,NIKL2023:단일일치 | 내부(김광해):경계(L3~L4) | 태그:공식대조(충돌),공식 근거(L2)와 DB(L3) 불일치,,,,SC_V1924_B024_031
과잉,명사,4,L2,NIKL2023:단일일치 | 내부(김광해):경계(L3~L4) | 태그:공식대조(충돌),공식 근거(L2)와 DB(L3) 불일치,,,,SC_V1924_B024_033
과학계,명사,4,L2,NIKL2023:단일일치 | 내부(김광해):경계(L3~L4) | 태그:공식대조(충돌),공식 근거(L2)와 DB(L3) 불일치,,,,SC_V1924_B024_039
과학화,명사,4,L2,NIKL2023:단일일치 | 내부(김광해):경계(L3~L4) | 태그:공식대조(충돌),공식 근거(L2)와 DB(L3) 불일치,,,,SC_V1924_B024_041
과학화되다,동사,4,L2,NIKL2023:단일일치 | 내부(김광해):경계(L3~L4) | 태그:공식대조(충돌),공식 근거(L2)와 DB(L3) 불일치,,,,SC_V1924_B024_042
관공서,명사,4,L2,NIKL2023:단일일치 | 내부(김광해):경계(L3~L4) | 태그:공식대조(충돌),공식 근거(L2)와 DB(L3) 불일치,,,,SC_V1924_B024_045
관광업,명사,4,L2,NIKL2023:단일일치 | 내부(김광해):경계(L3~L4) | 태그:공식대조(충돌),공식 근거(L2)와 DB(L3) 불일치,,,,SC_V1924_B024_047
관람료,명사,4,L2,NIKL2023:단일일치 | 내부(김광해):경계(L3~L4) | 태그:공식대조(충돌),공식 근거(L2)와 DB(L3) 불일치,,,,SC_V1924_B024_050
관람석,명사,4,L2,NIKL2023:단일일치 | 내부(김광해):경계(L3~L4) | 태그:공식대조(충돌),공식 근거(L2)와 DB(L3) 불일치,,,,SC_V1925_B025_001
관련자,명사,4,L2,NIKL2023:단일일치 | 내부(김광해):경계(L3~L4) | 태그:공식대조(충돌),공식 근거(L2)와 DB(L3) 불일치,,,,SC_V1925_B025_002
관리소,명사,4,L2,NIKL2023:단일일치 | 내부(김광해):경계(L3~L4) | 태그:공식대조(충돌),공식 근거(L2)와 DB(L3) 불일치,,,,SC_V1925_B025_004
관리원,명사,4,L2,NIKL2023:단일일치 | 내부(김광해):경계(L3~L4) | 태그:공식대조(충돌),공식 근거(L2)와 DB(L3) 불일치,,,,SC_V1925_B025_006
관악기,명사,4,L2,NIKL2023:단일일치 | 내부(김광해):경계(L3~L4) | 태그:공식대조(충돌),공식 근거(L2)와 DB(L3) 불일치,,,,SC_V1925_B025_009
관중석,명사,4,L2,NIKL2023:단일일치 | 내부(김광해):경계(L3~L4) | 태그:공식대조(충돌),공식 근거(L2)와 DB(L3) 불일치,,,,SC_V1925_B025_012
관찰력,명사,4,L2,NIKL2023:단일일치 | 내부(김광해):경계(L3~L4) | 태그:공식대조(충돌),공식 근거(L2)와 DB(L3) 불일치,,,,SC_V1925_B025_013
관찰자,명사,4,L2,NIKL2023:단일일치 | 내부(김광해):경계(L3~L4) | 태그:공식대조(충돌),공식 근거(L2)와 DB(L3) 불일치,,,,SC_V1925_B025_014
관현악단,명사,4,L2,NIKL2023:단일일치 | 내부(김광해):경계(L3~L4) | 태그:공식대조(충돌),공식 근거(L2)와 DB(L3) 불일치,,,,SC_V1925_B025_017
광고주,명사,4,L2,NIKL2023:단일일치 | 내부(김광해):경계(L3~L4) | 태그:공식대조(충돌),공식 근거(L2)와 DB(L3) 불일치,,,,SC_V1925_B025_022
광대뼈,명사,4,L2,NIKL2023:단일일치 | 내부(김광해):경계(L3~L4) | 태그:공식대조(충돌),공식 근거(L2)와 DB(L3) 불일치,,,,SC_V1925_B025_024
광물,명사,3,L1,NIKL2023:단일일치 | 내부(김광해):제외(자동분류 범위 밖 - 수동 배치) | 태그:공식대조(충돌),공식 근거(L1)와 DB(L5) 불일치,,,,SR_L5CORE_6509
광산촌,명사,4,L2,NIKL2023:단일일치 | 내부(김광해):경계(L3~L4) | 태그:공식대조(충돌),공식 근거(L2)와 DB(L3) 불일치,,,,SC_V1925_B025_026
광석,명사,4,L2,NIKL2023:단일일치 | 내부(김광해):경계(L3~L4) | 태그:공식대조(충돌),공식 근거(L2)와 DB(L3) 불일치,,,,SC_V1925_B025_027
괘종시계,명사,4,L2,NIKL2023:단일일치 | 내부(김광해):경계(L3~L4) | 태그:공식대조(충돌),공식 근거(L2)와 DB(L3) 불일치,,,,SC_V1925_B025_033
교과목,명사,4,L2,NIKL2023:단일일치 | 내부(김광해):경계(L3~L4) | 태그:공식대조(충돌),공식 근거(L2)와 DB(L3) 불일치,,,,SC_V1925_B025_036
교대하다,동사,4,L2,NIKL2023:단일일치 | 내부(김광해):경계(L3~L4) | 태그:공식대조(충돌),공식 근거(L2)와 DB(L3) 불일치,,,,SC_V1925_B025_037
교만하다,형용사,4,L2,NIKL2023:단일일치 | 내부(김광해):경계(L3~L4) | 태그:공식대조(충돌),공식 근거(L2)와 DB(L3) 불일치,,,,SC_V1925_B025_039
교역하다,동사,4,L2,NIKL2023:단일일치 | 내부(김광해):경계(L3~L4) | 태그:공식대조(충돌),공식 근거(L2)와 DB(L3) 불일치,,,,SC_V1925_B025_040
교통난,명사,4,L2,NIKL2023:단일일치 | 내부(김광해):경계(L3~L4) | 태그:공식대조(충돌),공식 근거(L2)와 DB(L3) 불일치,,,,SC_V1925_B025_047
교통로,명사,4,L2,NIKL2023:단일일치 | 내부(김광해):경계(L3~L4) | 태그:공식대조(충돌),공식 근거(L2)와 DB(L3) 불일치,,,,SC_V1925_B025_048
교통망,명사,4,L2,NIKL2023:단일일치 | 내부(김광해):경계(L3~L4) | 태그:공식대조(충돌),공식 근거(L2)와 DB(L3) 불일치,,,,SC_V1925_B025_049
교통안전,명사,4,L2,NIKL2023:단일일치 | 내부(김광해):경계(L3~L4) | 태그:공식대조(충돌),공식 근거(L2)와 DB(L3) 불일치,,,,SC_V1926_B026_001
교통질서,명사,4,L2,NIKL2023:단일일치 | 내부(김광해):경계(L3~L4) | 태그:공식대조(충돌),공식 근거(L2)와 DB(L3) 불일치,,,,SC_V1926_B026_002
교통편,명사,4,L2,NIKL2023:단일일치 | 내부(김광해):경계(L3~L4) | 태그:공식대조(충돌),공식 근거(L2)와 DB(L3) 불일치,,,,SC_V1926_B026_003
교향곡,명사,4,L2,NIKL2023:단일일치 | 내부(김광해):경계(L3~L4) | 태그:공식대조(충돌),공식 근거(L2)와 DB(L3) 불일치,,,,SC_V1926_B026_004
교향악,명사,4,L2,NIKL2023:단일일치 | 내부(김광해):경계(L3~L4) | 태그:공식대조(충돌),공식 근거(L2)와 DB(L3) 불일치,,,,SC_V1926_B026_005
교향악단,명사,4,L2,NIKL2023:단일일치 | 내부(김광해):경계(L3~L4) | 태그:공식대조(충돌),공식 근거(L2)와 DB(L3) 불일치,,,,SC_V1926_B026_006
구독료,명사,4,L2,NIKL2023:단일일치 | 내부(김광해):경계(L3~L4) | 태그:공식대조(충돌),공식 근거(L2)와 DB(L3) 불일치,,,,SC_V1926_B026_012
구들,명사,4,L2,NIKL2023:단일일치 | 내부(김광해):경계(L3~L4) | 태그:공식대조(충돌),공식 근거(L2)와 DB(L3) 불일치,,,,SC_V1926_B026_014
구름다리,명사,4,L2,NIKL2023:단일일치 | 내부(김광해):경계(L3~L4) | 태그:공식대조(충돌),공식 근거(L2)와 DB(L3) 불일치,,,,SC_V1926_B026_015
구멍가게,명사,4,L2,NIKL2023:단일일치 | 내부(김광해):경계(L3~L4) | 태그:공식대조(충돌),공식 근거(L2)와 DB(L3) 불일치,,,,SC_V1926_B026_017
구부정하다,형용사,4,L2,NIKL2023:단일일치 | 내부(김광해):경계(L3~L4) | 태그:공식대조(충돌),공식 근거(L2)와 DB(L3) 불일치,,,,SC_V1926_B026_019
구석기,명사,4,L2,NIKL2023:단일일치 | 내부(김광해):경계(L3~L4) | 태그:공식대조(충돌),공식 근거(L2)와 DB(L3) 불일치,,,,SC_V1926_B026_021
구슬프다,형용사,4,L2,NIKL2023:단일일치 | 내부(김광해):경계(L3~L4) | 태그:공식대조(충돌),공식 근거(L2)와 DB(L3) 불일치,,,,SC_V1926_B026_025
구연동화,명사,4,L2,NIKL2023:단일일치 | 내부(김광해):경계(L3~L4) | 태그:공식대조(충돌),공식 근거(L2)와 DB(L3) 불일치,,,,SC_V1926_B026_026
구조되다,동사,4,L2,NIKL2023:단일일치 | 내부(김광해):경계(L3~L4) | 태그:공식대조(충돌),공식 근거(L2)와 DB(L3) 불일치,,,,SC_V1926_B026_027
구축,명사,다중,다중후보(L2/경계(L3~L4)),NIKL2023:다중후보 | 내부(김광해):제외(자동분류 범위 밖 - 수동 배치) | 태그:공식대조(다중의미위험),공식 등급 후보 상이(동형이의),,,,SR_L5CORE_4846
구현,명사,4,L2,NIKL2023:단일일치 | 내부(김광해):제외(자동분류 범위 밖 - 수동 배치) | 태그:공식대조(충돌),공식 근거(L2)와 DB(L5) 불일치,,,,SR_L5CORE_4847
국내선,명사,4,L2,NIKL2023:단일일치 | 내부(김광해):경계(L3~L4) | 태그:공식대조(충돌),공식 근거(L2)와 DB(L3) 불일치,,,,SC_V1926_B026_034
국악기,명사,4,L2,NIKL2023:단일일치 | 내부(김광해):경계(L3~L4) | 태그:공식대조(충돌),공식 근거(L2)와 DB(L3) 불일치,,,,SC_V1926_B026_048
국악인,명사,4,L2,NIKL2023:단일일치 | 내부(김광해):경계(L3~L4) | 태그:공식대조(충돌),공식 근거(L2)와 DB(L3) 불일치,,,,SC_V1926_B026_049
국어학,명사,4,L2,NIKL2023:단일일치 | 내부(김광해):경계(L3~L4) | 태그:공식대조(충돌),공식 근거(L2)와 DB(L3) 불일치,,,,SC_V1926_B026_050
국제공항,명사,4,L2,NIKL2023:단일일치 | 내부(김광해):경계(L3~L4) | 태그:공식대조(충돌),공식 근거(L2)와 DB(L3) 불일치,,,,SC_V1927_B027_002
국제기구,명사,4,L2,NIKL2023:단일일치 | 내부(김광해):경계(L3~L4) | 태그:공식대조(충돌),공식 근거(L2)와 DB(L3) 불일치,,,,SC_V1927_B027_003
군것질하다,동사,4,L2,NIKL2023:단일일치 | 내부(김광해):경계(L3~L4) | 태그:공식대조(충돌),공식 근거(L2)와 DB(L3) 불일치,,,,SC_V1927_B027_006
군불,명사,4,L2,NIKL2023:단일일치 | 내부(김광해):경계(L3~L4) | 태그:공식대조(충돌),공식 근거(L2)와 DB(L3) 불일치,,,,SC_V1927_B027_011
궁극,명사,4,L2,NIKL2023:단일일치 | 내부(김광해):제외(자동분류 범위 밖 - 수동 배치) | 태그:공식대조(충돌),공식 근거(L2)와 DB(L6) 불일치,,,,SR_L6CORE_4985
궂은비,명사,4,L2,NIKL2023:단일일치 | 내부(김광해):경계(L3~L4) | 태그:공식대조(충돌),공식 근거(L2)와 DB(L3) 불일치,,,,SC_V1927_B027_029
권세,명사,4,L2,NIKL2023:단일일치 | 내부(김광해):경계(L3~L4) | 태그:공식대조(충돌),공식 근거(L2)와 DB(L3) 불일치,,,,SC_V1927_B027_031
귀금속,명사,4,L2,NIKL2023:단일일치 | 내부(김광해):경계(L3~L4) | 태그:공식대조(충돌),공식 근거(L2)와 DB(L3) 불일치,,,,SC_V1927_B027_041
귀농,명사,4,L2,NIKL2023:단일일치 | 내부(김광해):경계(L3~L4) | 태그:공식대조(충돌),공식 근거(L2)와 DB(L3) 불일치,,,,SC_V1927_B027_042
귀담아듣다,동사,4,L2,NIKL2023:단일일치 | 내부(김광해):경계(L3~L4) | 태그:공식대조(충돌),공식 근거(L2)와 DB(L3) 불일치,,,,SC_V1927_B027_044
귀띔하다,동사,4,L2,NIKL2023:단일일치 | 내부(김광해):경계(L3~L4) | 태그:공식대조(충돌),공식 근거(L2)와 DB(L3) 불일치,,,,SC_V1927_B027_046
귀환,명사,4,L2,NIKL2023:단일일치 | 내부(김광해):경계(L3~L4) | 태그:공식대조(충돌),공식 근거(L2)와 DB(L3) 불일치,,,,SC_V1928_B028_003
귓바퀴,명사,4,L2,NIKL2023:단일일치 | 내부(김광해):경계(L3~L4) | 태그:공식대조(충돌),공식 근거(L2)와 DB(L3) 불일치,,,,SC_V1928_B028_007
그간,명사,4,L2,NIKL2023:단일일치 | 내부(김광해):경계(L3~L4) | 태그:공식대조(충돌),공식 근거(L2)와 DB(L3) 불일치,,,,SC_V1928_B028_012
그라운드,명사,4,L2,NIKL2023:단일일치 | 내부(김광해):경계(L3~L4) | 태그:공식대조(충돌),공식 근거(L2)와 DB(L3) 불일치,,,,SC_V1928_B028_017
그래픽,명사,4,L2,NIKL2023:단일일치 | 내부(김광해):경계(L3~L4) | 태그:공식대조(충돌),공식 근거(L2)와 DB(L3) 불일치,,,,SC_V1928_B028_018
그리기,명사,4,L2,NIKL2023:단일일치 | 내부(김광해):경계(L3~L4) | 태그:공식대조(충돌),공식 근거(L2)와 DB(L3) 불일치,,,,SC_V1928_B028_021
그리도,부사,4,L2,NIKL2023:단일일치 | 내부(김광해):경계(L3~L4) | 태그:공식대조(충돌),공식 근거(L2)와 DB(L3) 불일치,,,,SC_V1928_B028_022
그리되다,동사,4,L2,NIKL2023:단일일치 | 내부(김광해):경계(L3~L4) | 태그:공식대조(충돌),공식 근거(L2)와 DB(L3) 불일치,,,,SC_V1928_B028_023
그믐달,명사,4,L2,NIKL2023:단일일치 | 내부(김광해):경계(L3~L4) | 태그:공식대조(충돌),공식 근거(L2)와 DB(L3) 불일치,,,,SC_V1928_B028_027
그을음,명사,4,L2,NIKL2023:단일일치 | 내부(김광해):경계(L3~L4) | 태그:공식대조(충돌),공식 근거(L2)와 DB(L3) 불일치,,,,SC_V1928_B028_031
극단,명사,다중,다중후보(L2/경계(L3~L4)),NIKL2023:다중후보 | 내부(김광해):제외(자동분류 범위 밖 - 수동 배치) | 태그:공식대조(다중의미위험),공식 등급 후보 상이(동형이의),,,,SR_L6CORE_4986
근대식,명사,4,L2,NIKL2023:단일일치 | 내부(김광해):경계(L3~L4) | 태그:공식대조(충돌),공식 근거(L2)와 DB(L3) 불일치,,,,SC_V1928_B028_041
근대화,명사,4,L2,NIKL2023:단일일치 | 내부(김광해):경계(L3~L4) | 태그:공식대조(충돌),공식 근거(L2)와 DB(L3) 불일치,,,,SC_V1928_B028_042
근대화되다,동사,4,L2,NIKL2023:단일일치 | 내부(김광해):경계(L3~L4) | 태그:공식대조(충돌),공식 근거(L2)와 DB(L3) 불일치,,,,SC_V1928_B028_043
근면성,명사,4,L2,NIKL2023:단일일치 | 내부(김광해):경계(L3~L4) | 태그:공식대조(충돌),공식 근거(L2)와 DB(L3) 불일치,,,,SC_V1928_B028_047
근심스럽다,형용사,4,L2,NIKL2023:단일일치 | 내부(김광해):경계(L3~L4) | 태그:공식대조(충돌),공식 근거(L2)와 DB(L3) 불일치,,,,SC_V1928_B028_049
근엄하다,형용사,4,L2,NIKL2023:단일일치 | 내부(김광해):경계(L3~L4) | 태그:공식대조(충돌),공식 근거(L2)와 DB(L3) 불일치,,,,SC_V1928_B028_050
글감,명사,4,L2,NIKL2023:단일일치 | 내부(김광해):경계(L3~L4) | 태그:공식대조(충돌),공식 근거(L2)와 DB(L3) 불일치,,,,SC_V1929_B029_002
글썽거리다,동사,4,L2,NIKL2023:단일일치 | 내부(김광해):경계(L3~L4) | 태그:공식대조(충돌),공식 근거(L2)와 DB(L3) 불일치,,,,SC_V1929_B029_006
글썽글썽,부사,4,L2,NIKL2023:단일일치 | 내부(김광해):경계(L3~L4) | 태그:공식대조(충돌),공식 근거(L2)와 DB(L3) 불일치,,,,SC_V1929_B029_007
글썽이다,동사,4,L2,NIKL2023:단일일치 | 내부(김광해):경계(L3~L4) | 태그:공식대조(충돌),공식 근거(L2)와 DB(L3) 불일치,,,,SC_V1929_B029_008
금메달리스트,명사,4,L2,NIKL2023:단일일치 | 내부(김광해):경계(L3~L4) | 태그:공식대조(충돌),공식 근거(L2)와 DB(L3) 불일치,,,,SC_V1929_B029_015
금새,명사,4,L2,NIKL2023:단일일치 | 내부(김광해):경계(L3~L4) | 태그:공식대조(충돌),공식 근거(L2)와 DB(L3) 불일치,,,,SC_V1929_B029_019
금수강산,명사,4,L2,NIKL2023:단일일치 | 내부(김광해):경계(L3~L4) | 태그:공식대조(충돌),공식 근거(L2)와 DB(L3) 불일치,,,,SC_V1929_B029_020
금융,명사,4,L2,NIKL2023:단일일치 | 내부(김광해):경계(L3~L4) | 태그:공식대조(충돌),공식 근거(L2)와 DB(L3) 불일치,,,,SC_V1929_B029_021
금융업,명사,4,L2,NIKL2023:단일일치 | 내부(김광해):경계(L3~L4) | 태그:공식대조(충돌),공식 근거(L2)와 DB(L3) 불일치,,,,SC_V1929_B029_023
급변하다,동사,4,L2,NIKL2023:단일일치 | 내부(김광해):경계(L3~L4) | 태그:공식대조(충돌),공식 근거(L2)와 DB(L3) 불일치,,,,SC_V1929_B029_032
급정거,명사,4,L2,NIKL2023:단일일치 | 내부(김광해):경계(L3~L4) | 태그:공식대조(충돌),공식 근거(L2)와 DB(L3) 불일치,,,,SC_V1929_B029_039
기계톱,명사,4,L2,NIKL2023:단일일치 | 내부(김광해):경계(L3~L4) | 태그:공식대조(충돌),공식 근거(L2)와 DB(L3) 불일치,,,,SC_V1929_B029_041
기껏,부사,2,L0,NIKL2023:단일일치 | 내부(김광해):L0 | 태그:78(뜻풀이위험),일치,,,,SC_V193_B003_024
기내식,명사,4,L2,NIKL2023:단일일치 | 내부(김광해):경계(L3~L4) | 태그:공식대조(충돌),공식 근거(L2)와 DB(L3) 불일치,,,,SC_V1929_B029_044
기대서다,동사,4,L2,NIKL2023:단일일치 | 내부(김광해):경계(L3~L4) | 태그:공식대조(충돌),공식 근거(L2)와 DB(L3) 불일치,,,,SC_V1929_B029_050
기동성,명사,4,L2,NIKL2023:단일일치 | 내부(김광해):경계(L3~L4) | 태그:공식대조(충돌),공식 근거(L2)와 DB(L3) 불일치,,,,SC_V1930_B030_002
기리다,동사,4,L2,NIKL2023:단일일치 | 내부(김광해):경계(L3~L4) | 태그:공식대조(충돌),공식 근거(L2)와 DB(L3) 불일치,,,,SC_V1930_B030_007
기본기,명사,4,L2,NIKL2023:단일일치 | 내부(김광해):경계(L3~L4) | 태그:공식대조(충돌),공식 근거(L2)와 DB(L3) 불일치,,,,SC_V1930_B030_010
기본예절,명사,4,L2,NIKL2023:단일일치 | 내부(김광해):경계(L3~L4) | 태그:공식대조(충돌),공식 근거(L2)와 DB(L3) 불일치,,,,SC_V1930_B030_011
기본자세,명사,4,L2,NIKL2023:단일일치 | 내부(김광해):경계(L3~L4) | 태그:공식대조(충돌),공식 근거(L2)와 DB(L3) 불일치,,,,SC_V1930_B030_012
기세등등하다,형용사,4,L2,NIKL2023:단일일치 | 내부(김광해):경계(L3~L4) | 태그:공식대조(충돌),공식 근거(L2)와 DB(L3) 불일치,,,,SC_V1930_B030_016
기술력,명사,4,L2,NIKL2023:단일일치 | 내부(김광해):경계(L3~L4) | 태그:공식대조(충돌),공식 근거(L2)와 DB(L3) 불일치,,,,SC_V1930_B030_018
기악곡,명사,4,L2,NIKL2023:단일일치 | 내부(김광해):경계(L3~L4) | 태그:공식대조(충돌),공식 근거(L2)와 DB(L3) 불일치,,,,SC_V1930_B030_019
기우뚱,부사,4,L2,NIKL2023:단일일치 | 내부(김광해):경계(L3~L4) | 태그:207(레벨보류),일치,,,,SC_V1930_B030_024
기웃,부사,4,L2,NIKL2023:단일일치 | 내부(김광해):경계(L3~L4) | 태그:공식대조(충돌),공식 근거(L2)와 DB(L3) 불일치,,,,SC_V1930_B030_027
기입하다,동사,4,L2,NIKL2023:단일일치 | 내부(김광해):경계(L3~L4) | 태그:207(레벨보류),일치,,,,SC_V1930_B030_029
기중기,명사,4,L2,NIKL2023:단일일치 | 내부(김광해):경계(L3~L4) | 태그:공식대조(충돌),공식 근거(L2)와 DB(L3) 불일치,,,,SC_V1930_B030_034
기틀,명사,4,L2,NIKL2023:단일일치 | 내부(김광해):경계(L3~L4) | 태그:공식대조(충돌),공식 근거(L2)와 DB(L3) 불일치,,,,SC_V1930_B030_039
기행문,명사,4,L2,NIKL2023:단일일치 | 내부(김광해):경계(L3~L4) | 태그:공식대조(충돌),공식 근거(L2)와 DB(L3) 불일치,,,,SC_V1930_B030_040
기후표,명사,4,L2,NIKL2023:단일일치 | 내부(김광해):경계(L3~L4) | 태그:공식대조(충돌),공식 근거(L2)와 DB(L3) 불일치,,,,SC_V1930_B030_043
긴박감,명사,4,L2,NIKL2023:단일일치 | 내부(김광해):경계(L3~L4) | 태그:공식대조(충돌),공식 근거(L2)와 DB(L3) 불일치,,,,SC_V1930_B030_045
길쌈,명사,4,L2,NIKL2023:단일일치 | 내부(김광해):경계(L3~L4) | 태그:공식대조(충돌),공식 근거(L2)와 DB(L3) 불일치,,,,SC_V1931_B031_002
김장철,명사,4,L2,NIKL2023:단일일치 | 내부(김광해):경계(L3~L4) | 태그:공식대조(충돌),공식 근거(L2)와 DB(L3) 불일치,,,,SC_V1931_B031_005
까끌까끌하다,형용사,4,L2,NIKL2023:단일일치 | 내부(김광해):경계(L3~L4) | 태그:공식대조(충돌),공식 근거(L2)와 DB(L3) 불일치,,,,SC_V1931_B031_009
까치밥,명사,4,L2,NIKL2023:단일일치 | 내부(김광해):경계(L3~L4) | 태그:공식대조(충돌),공식 근거(L2)와 DB(L3) 불일치,,,,SC_V1931_B031_013
깍듯하다,형용사,4,L2,NIKL2023:단일일치 | 내부(김광해):경계(L3~L4) | 태그:공식대조(충돌),공식 근거(L2)와 DB(L3) 불일치,,,,SC_V1931_B031_018
깎아지르다,형용사,4,L2,NIKL2023:단일일치 | 내부(김광해):경계(L3~L4) | 태그:공식대조(충돌),공식 근거(L2)와 DB(L3) 불일치,,,,SC_V1931_B031_019
깡충거리다,동사,4,L2,NIKL2023:단일일치 | 내부(김광해):경계(L3~L4) | 태그:공식대조(충돌),공식 근거(L2)와 DB(L3) 불일치,,,,SC_V1931_B031_025
꺼이꺼이,부사,4,L2,NIKL2023:단일일치 | 내부(김광해):경계(L3~L4) | 태그:공식대조(충돌),공식 근거(L2)와 DB(L3) 불일치,,,,SC_V1931_B031_031
꺾꽂이,명사,4,L2,NIKL2023:단일일치 | 내부(김광해):경계(L3~L4) | 태그:공식대조(충돌),공식 근거(L2)와 DB(L3) 불일치,,,,SC_V1931_B031_033
꺾꽂이하다,동사,4,L2,NIKL2023:단일일치 | 내부(김광해):경계(L3~L4) | 태그:207(레벨보류);공식대조(충돌),공식 근거(L2)와 DB(L3) 불일치,,,,SC_V1931_B031_034
께름칙하다,형용사,4,L2,NIKL2023:단일일치 | 내부(김광해):경계(L3~L4) | 태그:공식대조(충돌),공식 근거(L2)와 DB(L3) 불일치,,,,SC_V1931_B031_035
꼬깃꼬깃,부사,4,L2,NIKL2023:단일일치 | 내부(김광해):경계(L3~L4) | 태그:공식대조(충돌),공식 근거(L2)와 DB(L3) 불일치,,,,SC_V1931_B031_036
꼬까신,명사,4,L2,NIKL2023:단일일치 | 내부(김광해):경계(L3~L4) | 태그:공식대조(충돌),공식 근거(L2)와 DB(L3) 불일치,,,,SC_V1931_B031_037
꼬리지느러미,명사,4,L2,NIKL2023:단일일치 | 내부(김광해):경계(L3~L4) | 태그:공식대조(충돌),공식 근거(L2)와 DB(L3) 불일치,,,,SC_V1931_B031_040
꼬부리다,동사,4,L2,NIKL2023:단일일치 | 내부(김광해):경계(L3~L4) | 태그:공식대조(충돌),공식 근거(L2)와 DB(L3) 불일치,,,,SC_V1931_B031_042
꼴뚜기,명사,4,L2,NIKL2023:단일일치 | 내부(김광해):경계(L3~L4) | 태그:공식대조(충돌),공식 근거(L2)와 DB(L3) 불일치,,,,SC_V1931_B031_045
꼼작,부사,4,L2,NIKL2023:단일일치 | 내부(김광해):경계(L3~L4) | 태그:공식대조(충돌),공식 근거(L2)와 DB(L3) 불일치,,,,SC_V1931_B031_047
꼼지락꼼지락,부사,4,L2,NIKL2023:단일일치 | 내부(김광해):경계(L3~L4) | 태그:공식대조(충돌),공식 근거(L2)와 DB(L3) 불일치,,,,SC_V1931_B031_048
꽃가루,명사,3,L1,NIKL2023:단일일치 | 내부(김광해):경계(L1~L2) | 태그:207(레벨보류),일치,,,,SC_V1931_B031_050
꽃나비,명사,4,L2,NIKL2023:단일일치 | 내부(김광해):경계(L3~L4) | 태그:공식대조(충돌),공식 근거(L2)와 DB(L3) 불일치,,,,SC_V1932_B032_003
꽃눈,명사,4,L2,NIKL2023:단일일치 | 내부(김광해):경계(L3~L4) | 태그:공식대조(충돌),공식 근거(L2)와 DB(L3) 불일치,,,,SC_V1932_B032_005
꽃사슴,명사,4,L2,NIKL2023:단일일치 | 내부(김광해):경계(L3~L4) | 태그:공식대조(충돌),공식 근거(L2)와 DB(L3) 불일치,,,,SC_V1932_B032_013
꾀꼴꾀꼴,부사,2,L0,NIKL2023:단일일치 | 내부(김광해):L0 | 태그:78(뜻풀이위험),일치,,,,SC_V193_B003_032
꾀부리다,동사,4,L2,NIKL2023:단일일치 | 내부(김광해):경계(L3~L4) | 태그:공식대조(충돌),공식 근거(L2)와 DB(L3) 불일치,,,,SC_V1932_B032_016
꾸깃꾸깃,부사,4,L2,NIKL2023:단일일치 | 내부(김광해):경계(L3~L4) | 태그:공식대조(충돌),공식 근거(L2)와 DB(L3) 불일치,,,,SC_V1932_B032_018
꾸부정하다,형용사,4,L2,NIKL2023:단일일치 | 내부(김광해):경계(L3~L4) | 태그:공식대조(충돌),공식 근거(L2)와 DB(L3) 불일치,,,,SC_V1932_B032_020
꾸불꾸불,부사,4,L2,NIKL2023:단일일치 | 내부(김광해):경계(L3~L4) | 태그:공식대조(충돌),공식 근거(L2)와 DB(L3) 불일치,,,,SC_V1932_B032_021
꾸지람하다,동사,4,L2,NIKL2023:단일일치 | 내부(김광해):경계(L3~L4) | 태그:공식대조(충돌),공식 근거(L2)와 DB(L3) 불일치,,,,SC_V1932_B032_025
꿇어앉다,동사,4,L2,NIKL2023:단일일치 | 내부(김광해):경계(L3~L4) | 태그:207(레벨보류),일치,,,,SC_V1932_B032_028
꿈길,명사,4,L2,NIKL2023:단일일치 | 내부(김광해):경계(L3~L4) | 태그:공식대조(충돌),공식 근거(L2)와 DB(L3) 불일치,,,,SC_V1932_B032_029
꿍꿍이속,명사,4,L2,NIKL2023:단일일치 | 내부(김광해):경계(L3~L4) | 태그:공식대조(충돌),공식 근거(L2)와 DB(L3) 불일치,,,,SC_V1932_B032_032
끄덕,부사,4,L2,NIKL2023:단일일치 | 내부(김광해):경계(L3~L4) | 태그:공식대조(충돌),공식 근거(L2)와 DB(L3) 불일치,,,,SC_V1932_B032_033
끄떡없다,형용사,4,L2,NIKL2023:단일일치 | 내부(김광해):경계(L3~L4) | 태그:공식대조(충돌),공식 근거(L2)와 DB(L3) 불일치,,,,SC_V1932_B032_035
끔적거리다,동사,4,L2,NIKL2023:단일일치 | 내부(김광해):경계(L3~L4) | 태그:공식대조(충돌),공식 근거(L2)와 DB(L3) 불일치,,,,SC_V1932_B032_039
낄낄,부사,4,L2,NIKL2023:단일일치 | 내부(김광해):경계(L3~L4) | 태그:공식대조(충돌),공식 근거(L2)와 DB(L3) 불일치,,,,SC_V1932_B032_050
나노,명사,4,L2,NIKL2023:단일일치 | 내부(김광해):경계(L3~L4) | 태그:공식대조(충돌),공식 근거(L2)와 DB(L3) 불일치,,,,SC_V1933_B033_003
나라꽃,명사,4,L2,NIKL2023:단일일치 | 내부(김광해):경계(L3~L4) | 태그:공식대조(충돌),공식 근거(L2)와 DB(L3) 불일치,,,,SC_V1933_B033_006
나막신,명사,4,L2,NIKL2023:단일일치 | 내부(김광해):경계(L3~L4) | 태그:공식대조(충돌),공식 근거(L2)와 DB(L3) 불일치,,,,SC_V1933_B033_011
나무망치,명사,4,L2,NIKL2023:단일일치 | 내부(김광해):경계(L3~L4) | 태그:공식대조(충돌),공식 근거(L2)와 DB(L3) 불일치,,,,SC_V1933_B033_013
나무뿌리,명사,4,L2,NIKL2023:단일일치 | 내부(김광해):경계(L3~L4) | 태그:공식대조(충돌),공식 근거(L2)와 DB(L3) 불일치,,,,SC_V1933_B033_014
나무줄기,명사,4,L2,NIKL2023:단일일치 | 내부(김광해):경계(L3~L4) | 태그:공식대조(충돌),공식 근거(L2)와 DB(L3) 불일치,,,,SC_V1933_B033_015
나무하다,동사,4,L2,NIKL2023:단일일치 | 내부(김광해):경계(L3~L4) | 태그:207(레벨보류),일치,,,,SC_V1933_B033_018
나박김치,명사,4,L2,NIKL2023:단일일치 | 내부(김광해):경계(L3~L4) | 태그:공식대조(충돌),공식 근거(L2)와 DB(L3) 불일치,,,,SC_V1933_B033_021
나풀나풀,부사,4,L2,NIKL2023:단일일치 | 내부(김광해):경계(L3~L4) | 태그:공식대조(충돌),공식 근거(L2)와 DB(L3) 불일치,,,,SC_V1933_B033_026
낙농,명사,4,L2,NIKL2023:단일일치 | 내부(김광해):경계(L3~L4) | 태그:공식대조(충돌),공식 근거(L2)와 DB(L3) 불일치,,,,SC_V1933_B033_027
낙농업,명사,4,L2,NIKL2023:단일일치 | 내부(김광해):경계(L3~L4) | 태그:공식대조(충돌),공식 근거(L2)와 DB(L3) 불일치,,,,SC_V1933_B033_028
낙담하다,동사,4,L2,NIKL2023:단일일치 | 내부(김광해):경계(L3~L4) | 태그:공식대조(충돌),공식 근거(L2)와 DB(L3) 불일치,,,,SC_V1933_B033_029
낙심,명사,4,L2,NIKL2023:단일일치 | 내부(김광해):경계(L3~L4) | 태그:공식대조(충돌),공식 근거(L2)와 DB(L3) 불일치,,,,SC_V1933_B033_030
낙심하다,동사,4,L2,NIKL2023:단일일치 | 내부(김광해):경계(L3~L4) | 태그:공식대조(충돌),공식 근거(L2)와 DB(L3) 불일치,,,,SC_V1933_B033_031
낚싯대,명사,4,L2,NIKL2023:단일일치 | 내부(김광해):경계(L3~L4) | 태그:공식대조(충돌),공식 근거(L2)와 DB(L3) 불일치,,,,SC_V1933_B033_034
난이도,명사,4,L2,NIKL2023:단일일치 | 내부(김광해):경계(L3~L4) | 태그:공식대조(충돌),공식 근거(L2)와 DB(L3) 불일치,,,,SC_V1933_B033_038
날아오르다,동사,2,L0,NIKL2023:단일일치 | 내부(김광해):L0 | 태그:78(뜻풀이위험),일치,,,,SC_V193_B003_044
남녀평등,명사,3,L1,NIKL2023:단일일치 | 내부(김광해):경계(L1~L2) | 태그:207(레벨보류),일치,,,,SC_V1933_B033_049
남부끄럽다,형용사,4,L2,NIKL2023:단일일치 | 내부(김광해):경계(L3~L4) | 태그:공식대조(충돌),공식 근거(L2)와 DB(L3) 불일치,,,,SC_V1934_B034_006
납득하다,동사,4,L2,NIKL2023:단일일치 | 내부(김광해):경계(L3~L4) | 태그:공식대조(충돌),공식 근거(L2)와 DB(L3) 불일치,,,,SC_V1934_B034_018
납땜질,명사,4,L2,NIKL2023:단일일치 | 내부(김광해):경계(L3~L4) | 태그:공식대조(충돌),공식 근거(L2)와 DB(L3) 불일치,,,,SC_V1934_B034_019
낭독회,명사,4,L2,NIKL2023:단일일치 | 내부(김광해):경계(L3~L4) | 태그:공식대조(충돌),공식 근거(L2)와 DB(L3) 불일치,,,,SC_V1934_B034_026
낱권,명사,4,L2,NIKL2023:단일일치 | 내부(김광해):경계(L3~L4) | 태그:공식대조(충돌),공식 근거(L2)와 DB(L3) 불일치,,,,SC_V1934_B034_033
내구성,명사,4,L2,NIKL2023:단일일치 | 내부(김광해):경계(L3~L4) | 태그:공식대조(충돌),공식 근거(L2)와 DB(L3) 불일치,,,,SC_V1934_B034_038
내로라하다,동사,4,L2,NIKL2023:단일일치 | 내부(김광해):경계(L3~L4) | 태그:공식대조(충돌),공식 근거(L2)와 DB(L3) 불일치,,,,SC_V1934_B034_042
냅킨,명사,4,L2,NIKL2023:단일일치 | 내부(김광해):경계(L3~L4) | 태그:공식대조(충돌),공식 근거(L2)와 DB(L3) 불일치,,,,SC_V1935_B035_003
냉국,명사,4,L2,NIKL2023:단일일치 | 내부(김광해):경계(L3~L4) | 태그:공식대조(충돌),공식 근거(L2)와 DB(L3) 불일치,,,,SC_V1935_B035_006
냉잇국,명사,4,L2,NIKL2023:단일일치 | 내부(김광해):경계(L3~L4) | 태그:공식대조(충돌),공식 근거(L2)와 DB(L3) 불일치,,,,SC_V1935_B035_013
냉철하다,형용사,4,L2,NIKL2023:단일일치 | 내부(김광해):경계(L3~L4) | 태그:공식대조(충돌),공식 근거(L2)와 DB(L3) 불일치,,,,SC_V1935_B035_015
너와집,명사,4,L2,NIKL2023:단일일치 | 내부(김광해):경계(L3~L4) | 태그:공식대조(충돌),공식 근거(L2)와 DB(L3) 불일치,,,,SC_V1935_B035_021
너트,명사,4,L2,NIKL2023:단일일치 | 내부(김광해):경계(L3~L4) | 태그:공식대조(충돌),공식 근거(L2)와 DB(L3) 불일치,,,,SC_V1935_B035_022
넓적다리,명사,4,L2,NIKL2023:단일일치 | 내부(김광해):경계(L3~L4) | 태그:공식대조(충돌),공식 근거(L2)와 DB(L3) 불일치,,,,SC_V1935_B035_027
넝쿨,명사,3,L1,NIKL2023:단일일치 | 내부(김광해):경계(L1~L2) | 태그:207(레벨보류),일치,,,,SC_V1935_B035_029
노닐다,동사,4,L2,NIKL2023:단일일치 | 내부(김광해):경계(L3~L4) | 태그:207(레벨보류),일치,,,,SC_V1935_B035_036
노동력,명사,3,L1,NIKL2023:단일일치 | 내부(김광해):경계(L1~L2) | 태그:17(L2_PROVISIONAL_AUTO);공식대조(충돌),공식 근거(L1)와 DB(L2) 불일치,,,,SC_V1935_B035_038
노래자랑,명사,4,L2,NIKL2023:단일일치 | 내부(김광해):경계(L3~L4) | 태그:공식대조(충돌),공식 근거(L2)와 DB(L3) 불일치,,,,SC_V1935_B035_039
노르무레하다,형용사,4,L2,NIKL2023:단일일치 | 내부(김광해):경계(L3~L4) | 태그:공식대조(충돌),공식 근거(L2)와 DB(L3) 불일치,,,,SC_V1935_B035_043
녹말풀,명사,4,L2,NIKL2023:단일일치 | 내부(김광해):경계(L3~L4) | 태그:공식대조(충돌),공식 근거(L2)와 DB(L3) 불일치,,,,SC_V1936_B036_008
녹지대,명사,4,L2,NIKL2023:단일일치 | 내부(김광해):경계(L3~L4) | 태그:공식대조(충돌),공식 근거(L2)와 DB(L3) 불일치,,,,SC_V1936_B036_011
논리적,명사,4,L2,NIKL2023:단일일치 | 내부(김광해):제외(자동분류 범위 밖 - 수동 배치) | 태그:공식대조(충돌),공식 근거(L2)와 DB(L5) 불일치,,,,SR_L5CORE_4858
논설문,명사,4,L2,NIKL2023:단일일치 | 내부(김광해):경계(L3~L4) | 태그:공식대조(충돌),공식 근거(L2)와 DB(L3) 불일치,,,,SC_V1936_B036_015
논하다,동사,4,L2,NIKL2023:단일일치 | 내부(김광해):제외(자동분류 범위 밖 - 수동 배치) | 태그:공식대조(충돌),공식 근거(L2)와 DB(L6) 불일치,,,,SR_L6COREV2_4994
놀잇감,명사,4,L2,NIKL2023:단일일치 | 내부(김광해):경계(L3~L4) | 태그:공식대조(충돌),공식 근거(L2)와 DB(L3) 불일치,,,,SC_V1936_B036_023
놋쇠,명사,4,L2,NIKL2023:단일일치 | 내부(김광해):경계(L3~L4) | 태그:공식대조(충돌),공식 근거(L2)와 DB(L3) 불일치,,,,SC_V1936_B036_024
농간,명사,4,L2,NIKL2023:단일일치 | 내부(김광해):경계(L3~L4) | 태그:공식대조(충돌),공식 근거(L2)와 DB(L3) 불일치,,,,SC_V1936_B036_025
농구대,명사,4,L2,NIKL2023:단일일치 | 내부(김광해):경계(L3~L4) | 태그:공식대조(충돌),공식 근거(L2)와 DB(L3) 불일치,,,,SC_V1936_B036_028
농기계,명사,4,L2,NIKL2023:단일일치 | 내부(김광해):경계(L3~L4) | 태그:공식대조(충돌),공식 근거(L2)와 DB(L3) 불일치,,,,SC_V1936_B036_029
농번기,명사,4,L2,NIKL2023:단일일치 | 내부(김광해):경계(L3~L4) | 태그:공식대조(충돌),공식 근거(L2)와 DB(L3) 불일치,,,,SC_V1936_B036_033
농삿집,명사,4,L2,NIKL2023:단일일치 | 내부(김광해):경계(L3~L4) | 태그:공식대조(충돌),공식 근거(L2)와 DB(L3) 불일치,,,,SC_V1936_B036_037
농업국,명사,4,L2,NIKL2023:단일일치 | 내부(김광해):경계(L3~L4) | 태그:공식대조(충돌),공식 근거(L2)와 DB(L3) 불일치,,,,SC_V1936_B036_044
농업용수,명사,4,L2,NIKL2023:단일일치 | 내부(김광해):경계(L3~L4) | 태그:공식대조(충돌),공식 근거(L2)와 DB(L3) 불일치,,,,SC_V1936_B036_045
농원,명사,4,L2,NIKL2023:단일일치 | 내부(김광해):경계(L3~L4) | 태그:공식대조(충돌),공식 근거(L2)와 DB(L3) 불일치,,,,SC_V1936_B036_046
높임,명사,4,L2,NIKL2023:단일일치 | 내부(김광해):경계(L3~L4) | 태그:공식대조(충돌),공식 근거(L2)와 DB(L3) 불일치,,,,SC_V1936_B036_050
높임법,명사,4,L2,NIKL2023:단일일치 | 내부(김광해):경계(L3~L4) | 태그:공식대조(충돌),공식 근거(L2)와 DB(L3) 불일치,,,,SC_V1937_B037_001
뇌리,명사,4,L2,NIKL2023:단일일치 | 내부(김광해):경계(L3~L4) | 태그:공식대조(충돌),공식 근거(L2)와 DB(L3) 불일치,,,,SC_V1937_B037_002
누르께하다,형용사,4,L2,NIKL2023:단일일치 | 내부(김광해):경계(L3~L4) | 태그:공식대조(충돌),공식 근거(L2)와 DB(L3) 불일치,,,,SC_V1937_B037_012
누에고치,명사,4,L2,NIKL2023:단일일치 | 내부(김광해):경계(L3~L4) | 태그:공식대조(충돌),공식 근거(L2)와 DB(L3) 불일치,,,,SC_V1937_B037_013
누에치기,명사,4,L2,NIKL2023:단일일치 | 내부(김광해):경계(L3~L4) | 태그:공식대조(충돌),공식 근거(L2)와 DB(L3) 불일치,,,,SC_V1937_B037_014
눈물샘,명사,4,L2,NIKL2023:단일일치 | 내부(김광해):경계(L3~L4) | 태그:공식대조(충돌),공식 근거(L2)와 DB(L3) 불일치,,,,SC_V1937_B037_027
눈물짓다,동사,4,L2,NIKL2023:단일일치 | 내부(김광해):경계(L3~L4) | 태그:공식대조(충돌),공식 근거(L2)와 DB(L3) 불일치,,,,SC_V1937_B037_028
눈사태,명사,4,L2,NIKL2023:단일일치 | 내부(김광해):경계(L3~L4) | 태그:공식대조(충돌),공식 근거(L2)와 DB(L3) 불일치,,,,SC_V1937_B037_030
눈요기,명사,4,L2,NIKL2023:단일일치 | 내부(김광해):경계(L3~L4) | 태그:공식대조(충돌),공식 근거(L2)와 DB(L3) 불일치,,,,SC_V1937_B037_036
눈짓,명사,4,L2,NIKL2023:단일일치 | 내부(김광해):경계(L3~L4) | 태그:공식대조(충돌),공식 근거(L2)와 DB(L3) 불일치,,,,SC_V1937_B037_041
눈짓하다,동사,4,L2,NIKL2023:단일일치 | 내부(김광해):경계(L3~L4) | 태그:공식대조(충돌),공식 근거(L2)와 DB(L3) 불일치,,,,SC_V1937_B037_042
뉘앙스,명사,4,L2,NIKL2023:단일일치 | 내부(김광해):경계(L3~L4) | 태그:공식대조(충돌),공식 근거(L2)와 DB(L3) 불일치,,,,SC_V1937_B037_045
뉘우침,명사,4,L2,NIKL2023:단일일치 | 내부(김광해):경계(L3~L4) | 태그:공식대조(충돌),공식 근거(L2)와 DB(L3) 불일치,,,,SC_V1937_B037_047
느닷없이,부사,4,L2,NIKL2023:단일일치 | 내부(김광해):경계(L3~L4) | 태그:207(레벨보류),일치,,,,SC_V1937_B037_048
능가하다,동사,4,L2,NIKL2023:단일일치 | 내부(김광해):경계(L3~L4) | 태그:공식대조(충돌),공식 근거(L2)와 DB(L3) 불일치,,,,SC_V1938_B038_004
늴리리야,명사,4,L2,NIKL2023:단일일치 | 내부(김광해):경계(L3~L4) | 태그:공식대조(충돌),공식 근거(L2)와 DB(L3) 불일치,,,,SC_V1938_B038_015
니크롬선,명사,4,L2,NIKL2023:단일일치 | 내부(김광해):경계(L3~L4) | 태그:공식대조(충돌),공식 근거(L2)와 DB(L3) 불일치,,,,SC_V1938_B038_016
다각형,명사,4,L2,NIKL2023:단일일치 | 내부(김광해):경계(L3~L4) | 태그:공식대조(충돌),공식 근거(L2)와 DB(L3) 불일치,,,,SC_V1938_B038_018
다년생,명사,4,L2,NIKL2023:단일일치 | 내부(김광해):경계(L3~L4) | 태그:공식대조(충돌),공식 근거(L2)와 DB(L3) 불일치,,,,SC_V1938_B038_021
다되다,형용사,4,L2,NIKL2023:단일일치 | 내부(김광해):경계(L3~L4) | 태그:공식대조(충돌),공식 근거(L2)와 DB(L3) 불일치,,,,SC_V1938_B038_022
다듬어지다,동사,4,L2,NIKL2023:단일일치 | 내부(김광해):경계(L3~L4) | 태그:공식대조(충돌),공식 근거(L2)와 DB(L3) 불일치,,,,SC_V1938_B038_023
다듬이질,명사,4,L2,NIKL2023:단일일치 | 내부(김광해):경계(L3~L4) | 태그:공식대조(충돌),공식 근거(L2)와 DB(L3) 불일치,,,,SC_V1938_B038_024
다락집,명사,4,L2,NIKL2023:단일일치 | 내부(김광해):경계(L3~L4) | 태그:공식대조(충돌),공식 근거(L2)와 DB(L3) 불일치,,,,SC_V1938_B038_025
다리미질하다,동사,4,L2,NIKL2023:단일일치 | 내부(김광해):경계(L3~L4) | 태그:공식대조(충돌),공식 근거(L2)와 DB(L3) 불일치,,,,SC_V1938_B038_029
다림질하다,동사,4,L2,NIKL2023:단일일치 | 내부(김광해):경계(L3~L4) | 태그:공식대조(충돌),공식 근거(L2)와 DB(L3) 불일치,,,,SC_V1938_B038_033
다목적,명사,4,L2,NIKL2023:단일일치 | 내부(김광해):경계(L3~L4) | 태그:공식대조(충돌),공식 근거(L2)와 DB(L3) 불일치,,,,SC_V1938_B038_034
다사다난하다,형용사,4,L2,NIKL2023:단일일치 | 내부(김광해):경계(L3~L4) | 태그:공식대조(충돌),공식 근거(L2)와 DB(L3) 불일치,,,,SC_V1938_B038_035
다운로드,명사,4,L2,NIKL2023:단일일치 | 내부(김광해):경계(L3~L4) | 태그:공식대조(충돌),공식 근거(L2)와 DB(L3) 불일치,,,,SC_V1938_B038_039
다정스럽다,형용사,4,L2,NIKL2023:단일일치 | 내부(김광해):경계(L3~L4) | 태그:공식대조(충돌),공식 근거(L2)와 DB(L3) 불일치,,,,SC_V1938_B038_042
다짜고짜로,부사,4,L2,NIKL2023:단일일치 | 내부(김광해):경계(L3~L4) | 태그:공식대조(충돌),공식 근거(L2)와 DB(L3) 불일치,,,,SC_V1938_B038_044
다큐멘터리,명사,4,L2,NIKL2023:단일일치 | 내부(김광해):경계(L3~L4) | 태그:공식대조(충돌),공식 근거(L2)와 DB(L3) 불일치,,,,SC_V1938_B038_046
단결력,명사,4,L2,NIKL2023:단일일치 | 내부(김광해):경계(L3~L4) | 태그:공식대조(충돌),공식 근거(L2)와 DB(L3) 불일치,,,,SC_V1939_B039_002
단연코,부사,4,L2,NIKL2023:단일일치 | 내부(김광해):경계(L3~L4) | 태그:공식대조(충돌),공식 근거(L2)와 DB(L3) 불일치,,,,SC_V1939_B039_008
단옷날,명사,4,L2,NIKL2023:단일일치 | 내부(김광해):경계(L3~L4) | 태그:공식대조(충돌),공식 근거(L2)와 DB(L3) 불일치,,,,SC_V1939_B039_009
단일어,명사,4,L2,NIKL2023:단일일치 | 내부(김광해):경계(L3~L4) | 태그:공식대조(충돌),공식 근거(L2)와 DB(L3) 불일치,,,,SC_V1939_B039_010
단일팀,명사,4,L2,NIKL2023:단일일치 | 내부(김광해):경계(L3~L4) | 태그:공식대조(충돌),공식 근거(L2)와 DB(L3) 불일치,,,,SC_V1939_B039_011
단정히,부사,4,L2,NIKL2023:단일일치 | 내부(김광해):경계(L3~L4) | 태그:공식대조(충돌),공식 근거(L2)와 DB(L3) 불일치,,,,SC_V1939_B039_012
단체전,명사,4,L2,NIKL2023:단일일치 | 내부(김광해):경계(L3~L4) | 태그:공식대조(충돌),공식 근거(L2)와 DB(L3) 불일치,,,,SC_V1939_B039_015
단합,명사,4,L2,NIKL2023:단일일치 | 내부(김광해):경계(L3~L4) | 태그:공식대조(충돌),공식 근거(L2)와 DB(L3) 불일치,,,,SC_V1939_B039_021
단호하다,형용사,4,L2,NIKL2023:단일일치 | 내부(김광해):경계(L3~L4) | 태그:공식대조(충돌),공식 근거(L2)와 DB(L3) 불일치,,,,SC_V1939_B039_022
단호히,부사,4,L2,NIKL2023:단일일치 | 내부(김광해):경계(L3~L4) | 태그:공식대조(충돌),공식 근거(L2)와 DB(L3) 불일치,,,,SC_V1939_B039_023
달걀귀신,명사,4,L2,NIKL2023:단일일치 | 내부(김광해):경계(L3~L4) | 태그:공식대조(충돌),공식 근거(L2)와 DB(L3) 불일치,,,,SC_V1939_B039_025
달걀부침,명사,4,L2,NIKL2023:단일일치 | 내부(김광해):경계(L3~L4) | 태그:공식대조(충돌),공식 근거(L2)와 DB(L3) 불일치,,,,SC_V1939_B039_027
달걀찜,명사,4,L2,NIKL2023:단일일치 | 내부(김광해):경계(L3~L4) | 태그:공식대조(충돌),공식 근거(L2)와 DB(L3) 불일치,,,,SC_V1939_B039_028
달걀흰자,명사,4,L2,NIKL2023:단일일치 | 내부(김광해):경계(L3~L4) | 태그:공식대조(충돌),공식 근거(L2)와 DB(L3) 불일치,,,,SC_V1939_B039_030
달그락거리다,동사,4,L2,NIKL2023:단일일치 | 내부(김광해):경계(L3~L4) | 태그:공식대조(충돌),공식 근거(L2)와 DB(L3) 불일치,,,,SC_V1939_B039_032
달그락달그락,부사,4,L2,NIKL2023:단일일치 | 내부(김광해):경계(L3~L4) | 태그:공식대조(충돌),공식 근거(L2)와 DB(L3) 불일치,,,,SC_V1939_B039_033
달음질치다,동사,4,L2,NIKL2023:단일일치 | 내부(김광해):경계(L3~L4) | 태그:공식대조(충돌),공식 근거(L2)와 DB(L3) 불일치,,,,SC_V1939_B039_039
닭조림,명사,4,L2,NIKL2023:단일일치 | 내부(김광해):경계(L3~L4) | 태그:공식대조(충돌),공식 근거(L2)와 DB(L3) 불일치,,,,SC_V1939_B039_043
닭튀김,명사,4,L2,NIKL2023:단일일치 | 내부(김광해):경계(L3~L4) | 태그:공식대조(충돌),공식 근거(L2)와 DB(L3) 불일치,,,,SC_V1939_B039_044
닮은꼴,명사,3,L1,NIKL2023:단일일치 | 내부(김광해):경계(L1~L2) | 태그:공식대조(충돌),공식 근거(L1)와 DB(L2) 불일치,,,,SC_V1939_B039_045
담력,명사,4,L2,NIKL2023:단일일치 | 내부(김광해):경계(L3~L4) | 태그:공식대조(충돌),공식 근거(L2)와 DB(L3) 불일치,,,,SC_V1939_B039_048
담판하다,동사,4,L2,NIKL2023:단일일치 | 내부(김광해):경계(L3~L4) | 태그:공식대조(충돌),공식 근거(L2)와 DB(L3) 불일치,,,,SC_V1940_B040_002
답례,명사,4,L2,NIKL2023:단일일치 | 내부(김광해):경계(L3~L4) | 태그:공식대조(충돌),공식 근거(L2)와 DB(L3) 불일치,,,,SC_V1940_B040_004
답례하다,동사,4,L2,NIKL2023:단일일치 | 내부(김광해):경계(L3~L4) | 태그:공식대조(충돌),공식 근거(L2)와 DB(L3) 불일치,,,,SC_V1940_B040_005
당구장,명사,4,L2,NIKL2023:단일일치 | 내부(김광해):경계(L3~L4) | 태그:공식대조(충돌),공식 근거(L2)와 DB(L3) 불일치,,,,SC_V1940_B040_007
대견스레,부사,4,L2,NIKL2023:단일일치 | 내부(김광해):경계(L3~L4) | 태그:공식대조(충돌),공식 근거(L2)와 DB(L3) 불일치,,,,SC_V1940_B040_016
대관람차,명사,4,L2,NIKL2023:단일일치 | 내부(김광해):경계(L3~L4) | 태그:공식대조(충돌),공식 근거(L2)와 DB(L3) 불일치,,,,SC_V1940_B040_018
대롱거리다,동사,4,L2,NIKL2023:단일일치 | 내부(김광해):경계(L3~L4) | 태그:공식대조(충돌),공식 근거(L2)와 DB(L3) 불일치,,,,SC_V1940_B040_026
대롱대롱,부사,2,L0,NIKL2023:단일일치 | 내부(김광해):L0 | 태그:78(뜻풀이위험),일치,,,,SC_V194_B004_021
대리점,명사,4,L2,NIKL2023:단일일치 | 내부(김광해):경계(L3~L4) | 태그:공식대조(충돌),공식 근거(L2)와 DB(L3) 불일치,,,,SC_V1940_B040_028
대문자,명사,4,L2,NIKL2023:단일일치 | 내부(김광해):경계(L3~L4) | 태그:공식대조(충돌),공식 근거(L2)와 DB(L3) 불일치,,,,SC_V1940_B040_030
대보름날,명사,4,L2,NIKL2023:단일일치 | 내부(김광해):경계(L3~L4) | 태그:공식대조(충돌),공식 근거(L2)와 DB(L3) 불일치,,,,SC_V1940_B040_039
대비책,명사,4,L2,NIKL2023:단일일치 | 내부(김광해):경계(L3~L4) | 태그:공식대조(충돌),공식 근거(L2)와 DB(L3) 불일치,,,,SC_V1940_B040_040
대소변,명사,4,L2,NIKL2023:단일일치 | 내부(김광해):경계(L3~L4) | 태그:공식대조(충돌),공식 근거(L2)와 DB(L3) 불일치,,,,SC_V1940_B040_043
대여점,명사,4,L2,NIKL2023:단일일치 | 내부(김광해):경계(L3~L4) | 태그:공식대조(충돌),공식 근거(L2)와 DB(L3) 불일치,,,,SC_V1940_B040_046
대중화되다,동사,4,L2,NIKL2023:단일일치 | 내부(김광해):경계(L3~L4) | 태그:공식대조(충돌),공식 근거(L2)와 DB(L3) 불일치,,,,SC_V1941_B041_009
대찬성,명사,4,L2,NIKL2023:단일일치 | 내부(김광해):경계(L3~L4) | 태그:공식대조(충돌),공식 근거(L2)와 DB(L3) 불일치,,,,SC_V1941_B041_010
대패질하다,동사,4,L2,NIKL2023:단일일치 | 내부(김광해):경계(L3~L4) | 태그:공식대조(충돌),공식 근거(L2)와 DB(L3) 불일치,,,,SC_V1941_B041_014
대팻밥,명사,4,L2,NIKL2023:단일일치 | 내부(김광해):경계(L3~L4) | 태그:207(레벨보류),일치,,,,SC_V1941_B041_015
대표작,명사,4,L2,NIKL2023:단일일치 | 내부(김광해):경계(L3~L4) | 태그:공식대조(충돌),공식 근거(L2)와 DB(L3) 불일치,,,,SC_V1941_B041_018
대피령,명사,4,L2,NIKL2023:단일일치 | 내부(김광해):경계(L3~L4) | 태그:공식대조(충돌),공식 근거(L2)와 DB(L3) 불일치,,,,SC_V1941_B041_019
대피소,명사,4,L2,NIKL2023:단일일치 | 내부(김광해):경계(L3~L4) | 태그:공식대조(충돌),공식 근거(L2)와 DB(L3) 불일치,,,,SC_V1941_B041_020
대피하다,동사,2,L0,NIKL2023:단일일치 | 내부(김광해):L0 | 태그:78(뜻풀이위험),일치,,,,SC_V194_B004_022
대학원,명사,4,L2,NIKL2023:단일일치 | 내부(김광해):경계(L3~L4) | 태그:공식대조(충돌),공식 근거(L2)와 DB(L3) 불일치,,,,SC_V1941_B041_021
대합실,명사,4,L2,NIKL2023:단일일치 | 내부(김광해):경계(L3~L4) | 태그:공식대조(충돌),공식 근거(L2)와 DB(L3) 불일치,,,,SC_V1941_B041_023
댓글,명사,4,L2,NIKL2023:단일일치 | 내부(김광해):경계(L3~L4) | 태그:공식대조(충돌),공식 근거(L2)와 DB(L3) 불일치,,,,SC_V1941_B041_026
댕그랑,부사,4,L2,NIKL2023:단일일치 | 내부(김광해):경계(L3~L4) | 태그:공식대조(충돌),공식 근거(L2)와 DB(L3) 불일치,,,,SC_V1941_B041_028
더러움,명사,4,L2,NIKL2023:단일일치 | 내부(김광해):경계(L3~L4) | 태그:공식대조(충돌),공식 근거(L2)와 DB(L3) 불일치,,,,SC_V1941_B041_033
덕담,명사,4,L2,NIKL2023:단일일치 | 내부(김광해):경계(L3~L4) | 태그:공식대조(충돌),공식 근거(L2)와 DB(L3) 불일치,,,,SC_V1941_B041_037
덕택,명사,4,L2,NIKL2023:단일일치 | 내부(김광해):경계(L3~L4) | 태그:공식대조(충돌),공식 근거(L2)와 DB(L3) 불일치,,,,SC_V1941_B041_038
덜거덕거리다,동사,4,L2,NIKL2023:단일일치 | 내부(김광해):경계(L3~L4) | 태그:공식대조(충돌),공식 근거(L2)와 DB(L3) 불일치,,,,SC_V1941_B041_039
덜커덩,부사,4,L2,NIKL2023:단일일치 | 내부(김광해):경계(L3~L4) | 태그:공식대조(충돌),공식 근거(L2)와 DB(L3) 불일치,,,,SC_V1941_B041_042
덥수룩하다,형용사,4,L2,NIKL2023:단일일치 | 내부(김광해):경계(L3~L4) | 태그:공식대조(충돌),공식 근거(L2)와 DB(L3) 불일치,,,,SC_V1941_B041_043
덧거름,명사,4,L2,NIKL2023:단일일치 | 내부(김광해):경계(L3~L4) | 태그:공식대조(충돌),공식 근거(L2)와 DB(L3) 불일치,,,,SC_V1941_B041_044
덩굴,명사,3,L1,NIKL2023:단일일치 | 내부(김광해):경계(L1~L2) | 태그:207(레벨보류),일치,,,,SC_V1941_B041_047
덩달다,동사,4,L2,NIKL2023:단일일치 | 내부(김광해):경계(L3~L4) | 태그:공식대조(충돌),공식 근거(L2)와 DB(L3) 불일치,,,,SC_V1941_B041_048
덮밥,명사,4,L2,NIKL2023:단일일치 | 내부(김광해):경계(L3~L4) | 태그:공식대조(충돌),공식 근거(L2)와 DB(L3) 불일치,,,,SC_V1941_B041_050
데스크톱,명사,4,L2,NIKL2023:단일일치 | 내부(김광해):경계(L3~L4) | 태그:공식대조(충돌),공식 근거(L2)와 DB(L3) 불일치,,,,SC_V1942_B042_005
도로망,명사,4,L2,NIKL2023:단일일치 | 내부(김광해):경계(L3~L4) | 태그:공식대조(충돌),공식 근거(L2)와 DB(L3) 불일치,,,,SC_V1942_B042_012
도리어,부사,4,L2,NIKL2023:단일일치 | 내부(김광해):경계(L3~L4) | 태그:공식대조(충돌),공식 근거(L2)와 DB(L3) 불일치,,,,SC_V1942_B042_014
도맡다,동사,4,L2,NIKL2023:단일일치 | 내부(김광해):경계(L3~L4) | 태그:공식대조(충돌),공식 근거(L2)와 DB(L3) 불일치,,,,SC_V1942_B042_015
도시권,명사,4,L2,NIKL2023:단일일치 | 내부(김광해):경계(L3~L4) | 태그:공식대조(충돌),공식 근거(L2)와 DB(L3) 불일치,,,,SC_V1942_B042_019
도시화,명사,4,L2,NIKL2023:단일일치 | 내부(김광해):제외(자동분류 범위 밖 - 수동 배치) | 태그:공식대조(충돌),공식 근거(L2)와 DB(L5) 불일치,,,,SR_L5CORE_5551
도움닫기,명사,4,L2,NIKL2023:단일일치 | 내부(김광해):경계(L3~L4) | 태그:공식대조(충돌),공식 근거(L2)와 DB(L3) 불일치,,,,SC_V1942_B042_021
도장공,명사,4,L2,NIKL2023:단일일치 | 내부(김광해):경계(L3~L4) | 태그:공식대조(충돌),공식 근거(L2)와 DB(L3) 불일치,,,,SC_V1942_B042_024
독려하다,동사,4,L2,NIKL2023:단일일치 | 내부(김광해):경계(L3~L4) | 태그:공식대조(충돌),공식 근거(L2)와 DB(L3) 불일치,,,,SC_V1942_B042_031
독창회,명사,4,L2,NIKL2023:단일일치 | 내부(김광해):경계(L3~L4) | 태그:공식대조(충돌),공식 근거(L2)와 DB(L3) 불일치,,,,SC_V1942_B042_038
돈독하다,형용사,4,L2,NIKL2023:단일일치 | 내부(김광해):경계(L3~L4) | 태그:공식대조(충돌),공식 근거(L2)와 DB(L3) 불일치,,,,SC_V1942_B042_040
돌도끼,명사,4,L2,NIKL2023:단일일치 | 내부(김광해):경계(L3~L4) | 태그:공식대조(충돌),공식 근거(L2)와 DB(L3) 불일치,,,,SC_V1942_B042_048
돌치기,명사,4,L2,NIKL2023:단일일치 | 내부(김광해):경계(L3~L4) | 태그:공식대조(충돌),공식 근거(L2)와 DB(L3) 불일치,,,,SC_V1943_B043_010
동감하다,동사,4,L2,NIKL2023:단일일치 | 내부(김광해):경계(L3~L4) | 태그:공식대조(충돌),공식 근거(L2)와 DB(L3) 불일치,,,,SC_V1943_B043_015
동급생,명사,4,L2,NIKL2023:단일일치 | 내부(김광해):경계(L3~L4) | 태그:207(레벨보류),일치,,,,SC_V1943_B043_018
동물성,명사,4,L2,NIKL2023:단일일치 | 내부(김광해):경계(L3~L4) | 태그:공식대조(충돌),공식 근거(L2)와 DB(L3) 불일치,,,,SC_V1943_B043_024
동심원,명사,4,L2,NIKL2023:단일일치 | 내부(김광해):경계(L3~L4) | 태그:공식대조(충돌),공식 근거(L2)와 DB(L3) 불일치,,,,SC_V1943_B043_032
동여매다,동사,4,L2,NIKL2023:단일일치 | 내부(김광해):경계(L3~L4) | 태그:공식대조(충돌),공식 근거(L2)와 DB(L3) 불일치,,,,SC_V1943_B043_034
동음이의어,명사,4,L2,NIKL2023:단일일치 | 내부(김광해):경계(L3~L4) | 태그:공식대조(충돌),공식 근거(L2)와 DB(L3) 불일치,,,,SC_V1943_B043_035
동장군,명사,4,L2,NIKL2023:단일일치 | 내부(김광해):경계(L3~L4) | 태그:공식대조(충돌),공식 근거(L2)와 DB(L3) 불일치,,,,SC_V1943_B043_037
동정심,명사,4,L2,NIKL2023:단일일치 | 내부(김광해):경계(L3~L4) | 태그:공식대조(충돌),공식 근거(L2)와 DB(L3) 불일치,,,,SC_V1943_B043_038
동조하다,동사,4,L2,NIKL2023:단일일치 | 내부(김광해):경계(L3~L4) | 태그:공식대조(충돌),공식 근거(L2)와 DB(L3) 불일치,,,,SC_V1943_B043_039
동창회,명사,4,L2,NIKL2023:단일일치 | 내부(김광해):경계(L3~L4) | 태그:공식대조(충돌),공식 근거(L2)와 DB(L3) 불일치,,,,SC_V1943_B043_043
되새김질하다,동사,4,L2,NIKL2023:단일일치 | 내부(김광해):경계(L3~L4) | 태그:공식대조(충돌),공식 근거(L2)와 DB(L3) 불일치,,,,SC_V1944_B044_003
된소리,명사,4,L2,NIKL2023:단일일치 | 내부(김광해):경계(L3~L4) | 태그:공식대조(충돌),공식 근거(L2)와 DB(L3) 불일치,,,,SC_V1944_B044_007
두레박,명사,4,L2,NIKL2023:단일일치 | 내부(김광해):경계(L3~L4) | 태그:공식대조(충돌),공식 근거(L2)와 DB(L3) 불일치,,,,SC_V1944_B044_014
두릅,명사,4,L2,NIKL2023:단일일치 | 내부(김광해):경계(L3~L4) | 태그:공식대조(충돌),공식 근거(L2)와 DB(L3) 불일치,,,,SC_V1944_B044_016
두메,명사,4,L2,NIKL2023:단일일치 | 내부(김광해):경계(L3~L4) | 태그:공식대조(충돌),공식 근거(L2)와 DB(L3) 불일치,,,,SC_V1944_B044_020
둔각,명사,4,L2,NIKL2023:단일일치 | 내부(김광해):경계(L3~L4) | 태그:공식대조(충돌),공식 근거(L2)와 DB(L3) 불일치,,,,SC_V1944_B044_026
뒤웅박,명사,4,L2,NIKL2023:단일일치 | 내부(김광해):경계(L3~L4) | 태그:공식대조(충돌),공식 근거(L2)와 DB(L3) 불일치,,,,SC_V1944_B044_041
뒤주,명사,4,L2,NIKL2023:단일일치 | 내부(김광해):경계(L3~L4) | 태그:공식대조(충돌),공식 근거(L2)와 DB(L3) 불일치,,,,SC_V1944_B044_043
뒤처리,명사,2,L0,NIKL2023:단일일치 | 내부(김광해):L0 | 태그:78(뜻풀이위험),일치,,,,SC_V194_B004_039
뒷정리,명사,4,L2,NIKL2023:단일일치 | 내부(김광해):경계(L3~L4) | 태그:공식대조(충돌),공식 근거(L2)와 DB(L3) 불일치,,,,SC_V1945_B045_009
드높이다,동사,4,L2,NIKL2023:단일일치 | 내부(김광해):경계(L3~L4) | 태그:공식대조(충돌),공식 근거(L2)와 DB(L3) 불일치,,,,SC_V1945_B045_013
득점왕,명사,4,L2,NIKL2023:단일일치 | 내부(김광해):경계(L3~L4) | 태그:공식대조(충돌),공식 근거(L2)와 DB(L3) 불일치,,,,SC_V1945_B045_015
들기름,명사,4,L2,NIKL2023:단일일치 | 내부(김광해):경계(L3~L4) | 태그:공식대조(충돌),공식 근거(L2)와 DB(L3) 불일치,,,,SC_V1945_B045_020
들락거리다,동사,2,L0,NIKL2023:단일일치 | 내부(김광해):L0 | 태그:78(뜻풀이위험),일치,,,,SC_V194_B004_041
들볶이다,동사,4,L2,NIKL2023:단일일치 | 내부(김광해):경계(L3~L4) | 태그:공식대조(충돌),공식 근거(L2)와 DB(L3) 불일치,,,,SC_V1945_B045_023
들쭉날쭉하다,형용사,4,L2,NIKL2023:단일일치 | 내부(김광해):경계(L3~L4) | 태그:공식대조(충돌),공식 근거(L2)와 DB(L3) 불일치,,,,SC_V1945_B045_033
듯싶다,보조 형용사,4,L2,NIKL2023:단일일치 | 내부(김광해):경계(L3~L4) | 태그:공식대조(충돌),공식 근거(L2)와 DB(L3) 불일치,,,,SC_V1945_B045_036
등고선,명사,4,L2,NIKL2023:단일일치 | 내부(김광해):경계(L3~L4) | 태그:공식대조(충돌),공식 근거(L2)와 DB(L3) 불일치,,,,SC_V1945_B045_038
등교,명사,2,L0,NIKL2023:단일일치 | 내부(김광해):L0 | 태그:78(뜻풀이위험),일치,,,,SC_V191_B001_043
등교하다,동사,2,L0,NIKL2023:단일일치 | 내부(김광해):L0 | 태그:78(뜻풀이위험),일치,,,,SC_V194_B004_043
등산가,명사,4,L2,NIKL2023:단일일치 | 내부(김광해):경계(L3~L4) | 태그:공식대조(충돌),공식 근거(L2)와 DB(L3) 불일치,,,,SC_V1945_B045_047
등산복,명사,4,L2,NIKL2023:단일일치 | 내부(김광해):경계(L3~L4) | 태그:207(레벨보류),일치,,,,SC_V1945_B045_050
등산화,명사,4,L2,NIKL2023:단일일치 | 내부(김광해):경계(L3~L4) | 태그:공식대조(충돌),공식 근거(L2)와 DB(L3) 불일치,,,,SC_V1946_B046_001
등장인물,명사,2,L0,NIKL2023:단일일치 | 내부(김광해):L0 | 태그:78(뜻풀이위험),일치,,,,SC_V194_B004_044
디지털,명사,3,L1,NIKL2023:단일일치 | 내부(김광해):경계(L1~L2) | 태그:공식대조(충돌),공식 근거(L1)와 DB(L2) 불일치,,,,SC_V1946_B046_010
따개비,명사,4,L2,NIKL2023:단일일치 | 내부(김광해):경계(L3~L4) | 태그:공식대조(충돌),공식 근거(L2)와 DB(L3) 불일치,,,,SC_V1946_B046_011
따끈하다,형용사,2,L0,NIKL2023:단일일치 | 내부(김광해):L0 | 태그:78(뜻풀이위험),일치,,,,SC_V194_B004_049
따끈히,부사,4,L2,NIKL2023:단일일치 | 내부(김광해):경계(L3~L4) | 태그:207(레벨보류),일치,,,,SC_V1946_B046_014
따사롭다,형용사,4,L2,NIKL2023:단일일치 | 내부(김광해):경계(L3~L4) | 태그:공식대조(충돌),공식 근거(L2)와 DB(L3) 불일치,,,,SC_V1946_B046_018
따옴표,명사,3,L1,NIKL2023:단일일치 | 내부(김광해):경계(L1~L2) | 태그:공식대조(충돌),공식 근거(L1)와 DB(L2) 불일치,,,,SC_V1946_B046_021
딴전,명사,4,L2,NIKL2023:단일일치 | 내부(김광해):경계(L3~L4) | 태그:공식대조(충돌),공식 근거(L2)와 DB(L3) 불일치,,,,SC_V1946_B046_023
딸랑이,명사,4,L2,NIKL2023:단일일치 | 내부(김광해):경계(L3~L4) | 태그:공식대조(충돌),공식 근거(L2)와 DB(L3) 불일치,,,,SC_V1946_B046_028
땀구멍,명사,4,L2,NIKL2023:단일일치 | 내부(김광해):경계(L3~L4) | 태그:공식대조(충돌),공식 근거(L2)와 DB(L3) 불일치,,,,SC_V1946_B046_030
땅덩어리,명사,4,L2,NIKL2023:단일일치 | 내부(김광해):경계(L3~L4) | 태그:공식대조(충돌),공식 근거(L2)와 DB(L3) 불일치,,,,SC_V1946_B046_032
땅덩이,명사,4,L2,NIKL2023:단일일치 | 내부(김광해):경계(L3~L4) | 태그:공식대조(충돌),공식 근거(L2)와 DB(L3) 불일치,,,,SC_V1946_B046_033
땅따먹기,명사,4,L2,NIKL2023:단일일치 | 내부(김광해):경계(L3~L4) | 태그:공식대조(충돌),공식 근거(L2)와 DB(L3) 불일치,,,,SC_V1946_B046_034
때굴때굴,부사,4,L2,NIKL2023:단일일치 | 내부(김광해):경계(L3~L4) | 태그:공식대조(충돌),공식 근거(L2)와 DB(L3) 불일치,,,,SC_V1946_B046_035
때때옷,명사,4,L2,NIKL2023:단일일치 | 내부(김광해):경계(L3~L4) | 태그:공식대조(충돌),공식 근거(L2)와 DB(L3) 불일치,,,,SC_V1946_B046_036
땡그랑,부사,4,L2,NIKL2023:단일일치 | 내부(김광해):경계(L3~L4) | 태그:공식대조(충돌),공식 근거(L2)와 DB(L3) 불일치,,,,SC_V1946_B046_040
떠나보내다,동사,4,L2,NIKL2023:단일일치 | 내부(김광해):경계(L3~L4) | 태그:공식대조(충돌),공식 근거(L2)와 DB(L3) 불일치,,,,SC_V1946_B046_043
떠벌리다,동사,4,L2,NIKL2023:단일일치 | 내부(김광해):경계(L3~L4) | 태그:공식대조(충돌),공식 근거(L2)와 DB(L3) 불일치,,,,SC_V1946_B046_050
떡메,명사,4,L2,NIKL2023:단일일치 | 내부(김광해):경계(L3~L4) | 태그:공식대조(충돌),공식 근거(L2)와 DB(L3) 불일치,,,,SC_V1947_B047_003
떡시루,명사,4,L2,NIKL2023:단일일치 | 내부(김광해):경계(L3~L4) | 태그:공식대조(충돌),공식 근거(L2)와 DB(L3) 불일치,,,,SC_V1947_B047_005
떳떳하다,형용사,2,L0,NIKL2023:단일일치 | 내부(김광해):L0 | 태그:78(뜻풀이위험),일치,,,,SC_V195_B005_006
또랑또랑하다,형용사,4,L2,NIKL2023:단일일치 | 내부(김광해):경계(L3~L4) | 태그:공식대조(충돌),공식 근거(L2)와 DB(L3) 불일치,,,,SC_V1947_B047_016
똑딱단추,명사,4,L2,NIKL2023:단일일치 | 내부(김광해):경계(L3~L4) | 태그:공식대조(충돌),공식 근거(L2)와 DB(L3) 불일치,,,,SC_V1947_B047_018
똥그랗다,형용사,4,L2,NIKL2023:단일일치 | 내부(김광해):경계(L3~L4) | 태그:공식대조(충돌),공식 근거(L2)와 DB(L3) 불일치,,,,SC_V1947_B047_019
똥글똥글,부사,4,L2,NIKL2023:단일일치 | 내부(김광해):경계(L3~L4) | 태그:공식대조(충돌),공식 근거(L2)와 DB(L3) 불일치,,,,SC_V1947_B047_020
뚜뚜,부사,4,L2,NIKL2023:단일일치 | 내부(김광해):경계(L3~L4) | 태그:공식대조(충돌),공식 근거(L2)와 DB(L3) 불일치,,,,SC_V1947_B047_024
뜀뛰다,동사,4,L2,NIKL2023:단일일치 | 내부(김광해):경계(L3~L4) | 태그:공식대조(충돌),공식 근거(L2)와 DB(L3) 불일치,,,,SC_V1947_B047_028
뜬눈,명사,4,L2,NIKL2023:단일일치 | 내부(김광해):경계(L3~L4) | 태그:공식대조(충돌),공식 근거(L2)와 DB(L3) 불일치,,,,SC_V1947_B047_031
뜻글자,명사,4,L2,NIKL2023:단일일치 | 내부(김광해):경계(L3~L4) | 태그:공식대조(충돌),공식 근거(L2)와 DB(L3) 불일치,,,,SC_V1947_B047_035
뜻깊다,형용사,2,L0,NIKL2023:단일일치 | 내부(김광해):L0 | 태그:78(뜻풀이위험),일치,,,,SC_V195_B005_008
뜻풀이,명사,4,L2,NIKL2023:단일일치 | 내부(김광해):경계(L3~L4) | 태그:공식대조(충돌),공식 근거(L2)와 DB(L3) 불일치,,,,SC_V1947_B047_037
띄어쓰기,명사,3,L1,NIKL2023:단일일치 | 내부(김광해):경계(L1~L2) | 태그:공식대조(충돌),공식 근거(L1)와 DB(L2) 불일치,,,,SC_V1947_B047_038
라스,명사,4,L2,NIKL2023:단일일치 | 내부(김광해):경계(L3~L4) | 태그:공식대조(충돌),공식 근거(L2)와 DB(L3) 불일치,,,,SC_V1947_B047_040
라켓,명사,4,L2,NIKL2023:단일일치 | 내부(김광해):경계(L3~L4) | 태그:공식대조(충돌),공식 근거(L2)와 DB(L3) 불일치,,,,SC_V1947_B047_042
러시아어,명사,4,L2,NIKL2023:단일일치 | 내부(김광해):경계(L3~L4) | 태그:공식대조(충돌),공식 근거(L2)와 DB(L3) 불일치,,,,SC_V1947_B047_045
레이더,명사,4,L2,NIKL2023:단일일치 | 내부(김광해):경계(L3~L4) | 태그:공식대조(충돌),공식 근거(L2)와 DB(L3) 불일치,,,,SC_V1947_B047_049
로맨틱하다,형용사,4,L2,NIKL2023:단일일치 | 내부(김광해):경계(L3~L4) | 태그:공식대조(충돌),공식 근거(L2)와 DB(L3) 불일치,,,,SC_V1948_B048_002
롤러스케이트,명사,4,L2,NIKL2023:단일일치 | 내부(김광해):경계(L3~L4) | 태그:공식대조(충돌),공식 근거(L2)와 DB(L3) 불일치,,,,SC_V1948_B048_004
리더,명사,2,L0,NIKL2023:단일일치 | 내부(김광해):L0 | 태그:78(뜻풀이위험),일치,,,,SC_V195_B005_011
리듬감,명사,4,L2,NIKL2023:단일일치 | 내부(김광해):경계(L3~L4) | 태그:공식대조(충돌),공식 근거(L2)와 DB(L3) 불일치,,,,SC_V1948_B048_007
리을,명사,2,L0,NIKL2023:단일일치 | 내부(김광해):L0 | 태그:207(레벨보류),일치,,,,SC_V195_B005_012
린스,명사,4,L2,NIKL2023:단일일치 | 내부(김광해):경계(L3~L4) | 태그:공식대조(충돌),공식 근거(L2)와 DB(L3) 불일치,,,,SC_V1948_B048_011
마네킹,명사,4,L2,NIKL2023:단일일치 | 내부(김광해):경계(L3~L4) | 태그:공식대조(충돌),공식 근거(L2)와 DB(L3) 불일치,,,,SC_V1948_B048_016
마늘장아찌,명사,4,L2,NIKL2023:단일일치 | 내부(김광해):경계(L3~L4) | 태그:공식대조(충돌),공식 근거(L2)와 DB(L3) 불일치,,,,SC_V1948_B048_017
마당비,명사,4,L2,NIKL2023:단일일치 | 내부(김광해):경계(L3~L4) | 태그:공식대조(충돌),공식 근거(L2)와 DB(L3) 불일치,,,,SC_V1948_B048_019
마루방,명사,4,L2,NIKL2023:단일일치 | 내부(김광해):경계(L3~L4) | 태그:공식대조(충돌),공식 근거(L2)와 DB(L3) 불일치,,,,SC_V1948_B048_023
마른걸레,명사,4,L2,NIKL2023:단일일치 | 내부(김광해):경계(L3~L4) | 태그:207(레벨보류),일치,,,,SC_V1948_B048_024
마른반찬,명사,4,L2,NIKL2023:단일일치 | 내부(김광해):경계(L3~L4) | 태그:공식대조(충돌),공식 근거(L2)와 DB(L3) 불일치,,,,SC_V1948_B048_026
마른오징어,명사,4,L2,NIKL2023:단일일치 | 내부(김광해):경계(L3~L4) | 태그:공식대조(충돌),공식 근거(L2)와 DB(L3) 불일치,,,,SC_V1948_B048_027
마름질,명사,4,L2,NIKL2023:단일일치 | 내부(김광해):경계(L3~L4) | 태그:공식대조(충돌),공식 근거(L2)와 DB(L3) 불일치,,,,SC_V1948_B048_031
마시멜로,명사,4,L2,NIKL2023:단일일치 | 내부(김광해):경계(L3~L4) | 태그:공식대조(충돌),공식 근거(L2)와 DB(L3) 불일치,,,,SC_V1948_B048_036
마케팅,명사,4,L2,NIKL2023:단일일치 | 내부(김광해):경계(L3~L4) | 태그:공식대조(충돌),공식 근거(L2)와 DB(L3) 불일치,,,,SC_V1948_B048_042
막국수,명사,4,L2,NIKL2023:단일일치 | 내부(김광해):경계(L3~L4) | 태그:공식대조(충돌),공식 근거(L2)와 DB(L3) 불일치,,,,SC_V1948_B048_044
만날,부사,4,L2,NIKL2023:단일일치 | 내부(김광해):경계(L3~L4) | 태그:207(레벨보류),일치,,,,SC_V1949_B049_003
만두소,명사,4,L2,NIKL2023:단일일치 | 내부(김광해):경계(L3~L4) | 태그:공식대조(충돌),공식 근거(L2)와 DB(L3) 불일치,,,,SC_V1949_B049_006
만백성,명사,4,L2,NIKL2023:단일일치 | 내부(김광해):경계(L3~L4) | 태그:공식대조(충돌),공식 근거(L2)와 DB(L3) 불일치,,,,SC_V1949_B049_009
만석꾼,명사,4,L2,NIKL2023:단일일치 | 내부(김광해):경계(L3~L4) | 태그:공식대조(충돌),공식 근거(L2)와 DB(L3) 불일치,,,,SC_V1949_B049_011
만족도,명사,4,L2,NIKL2023:단일일치 | 내부(김광해):경계(L3~L4) | 태그:공식대조(충돌),공식 근거(L2)와 DB(L3) 불일치,,,,SC_V1949_B049_013
만지작거리다,동사,2,L0,NIKL2023:단일일치 | 내부(김광해):L0 | 태그:78(뜻풀이위험),일치,,,,SC_V195_B005_022
만지작만지작,부사,4,L2,NIKL2023:단일일치 | 내부(김광해):경계(L3~L4) | 태그:공식대조(충돌),공식 근거(L2)와 DB(L3) 불일치,,,,SC_V1949_B049_014
만지작만지작하다,동사,4,L2,NIKL2023:단일일치 | 내부(김광해):경계(L3~L4) | 태그:공식대조(충돌),공식 근거(L2)와 DB(L3) 불일치,,,,SC_V1949_B049_015
말굽자석,명사,4,L2,NIKL2023:단일일치 | 내부(김광해):경계(L3~L4) | 태그:공식대조(충돌),공식 근거(L2)와 DB(L3) 불일치,,,,SC_V1949_B049_025
말버릇,명사,4,L2,NIKL2023:단일일치 | 내부(김광해):경계(L3~L4) | 태그:공식대조(충돌),공식 근거(L2)와 DB(L3) 불일치,,,,SC_V1949_B049_035
말복,명사,4,L2,NIKL2023:단일일치 | 내부(김광해):경계(L3~L4) | 태그:공식대조(충돌),공식 근거(L2)와 DB(L3) 불일치,,,,SC_V1949_B049_037
말조심,명사,4,L2,NIKL2023:단일일치 | 내부(김광해):경계(L3~L4) | 태그:공식대조(충돌),공식 근거(L2)와 DB(L3) 불일치,,,,SC_V1949_B049_043
말주머니,명사,4,L2,NIKL2023:단일일치 | 내부(김광해):경계(L3~L4) | 태그:공식대조(충돌),공식 근거(L2)와 DB(L3) 불일치,,,,SC_V1949_B049_044
말참견,명사,4,L2,NIKL2023:단일일치 | 내부(김광해):경계(L3~L4) | 태그:공식대조(충돌),공식 근거(L2)와 DB(L3) 불일치,,,,SC_V1949_B049_046
말참견하다,동사,4,L2,NIKL2023:단일일치 | 내부(김광해):경계(L3~L4) | 태그:공식대조(충돌),공식 근거(L2)와 DB(L3) 불일치,,,,SC_V1949_B049_047
맙소사,감탄사,4,L2,NIKL2023:단일일치 | 내부(김광해):경계(L3~L4) | 태그:공식대조(충돌),공식 근거(L2)와 DB(L3) 불일치,,,,SC_V1950_B050_004
망설임,명사,4,L2,NIKL2023:단일일치 | 내부(김광해):경계(L3~L4) | 태그:공식대조(충돌),공식 근거(L2)와 DB(L3) 불일치,,,,SC_V1950_B050_006
망치질,명사,4,L2,NIKL2023:단일일치 | 내부(김광해):경계(L3~L4) | 태그:공식대조(충돌),공식 근거(L2)와 DB(L3) 불일치,,,,SC_V1950_B050_007
망토,명사,2,L0,NIKL2023:단일일치 | 내부(김광해):L0 | 태그:78(뜻풀이위험),일치,,,,SC_V195_B005_024
맞바꾸다,동사,4,L2,NIKL2023:단일일치 | 내부(김광해):경계(L3~L4) | 태그:공식대조(충돌),공식 근거(L2)와 DB(L3) 불일치,,,,SC_V1950_B050_008
맞받아치다,동사,4,L2,NIKL2023:단일일치 | 내부(김광해):경계(L3~L4) | 태그:공식대조(충돌),공식 근거(L2)와 DB(L3) 불일치,,,,SC_V1950_B050_009
매끈거리다,동사,4,L2,NIKL2023:단일일치 | 내부(김광해):경계(L3~L4) | 태그:공식대조(충돌),공식 근거(L2)와 DB(L3) 불일치,,,,SC_V1950_B050_014
매끌매끌하다,형용사,4,L2,NIKL2023:단일일치 | 내부(김광해):경계(L3~L4) | 태그:공식대조(충돌),공식 근거(L2)와 DB(L3) 불일치,,,,SC_V1950_B050_017
매립,명사,4,L2,NIKL2023:단일일치 | 내부(김광해):경계(L3~L4) | 태그:공식대조(충돌),공식 근거(L2)와 DB(L3) 불일치,,,,SC_V1950_B050_018
매립장,명사,4,L2,NIKL2023:단일일치 | 내부(김광해):경계(L3~L4) | 태그:공식대조(충돌),공식 근거(L2)와 DB(L3) 불일치,,,,SC_V1950_B050_019
매립지,명사,4,L2,NIKL2023:단일일치 | 내부(김광해):경계(L3~L4) | 태그:공식대조(충돌),공식 근거(L2)와 DB(L3) 불일치,,,,SC_V1950_B050_020
매스,명사,4,L2,NIKL2023:단일일치 | 내부(김광해):경계(L3~L4) | 태그:공식대조(충돌),공식 근거(L2)와 DB(L3) 불일치,,,,SC_V1950_B050_025
매트리스,명사,4,L2,NIKL2023:단일일치 | 내부(김광해):경계(L3~L4) | 태그:공식대조(충돌),공식 근거(L2)와 DB(L3) 불일치,,,,SC_V1950_B050_028
맥고모자,명사,4,L2,NIKL2023:단일일치 | 내부(김광해):경계(L3~L4) | 태그:공식대조(충돌),공식 근거(L2)와 DB(L3) 불일치,,,,SC_V1950_B050_031
맨눈,명사,4,L2,NIKL2023:단일일치 | 내부(김광해):경계(L3~L4) | 태그:공식대조(충돌),공식 근거(L2)와 DB(L3) 불일치,,,,SC_V1950_B050_032
맺어지다,동사,4,L2,NIKL2023:단일일치 | 내부(김광해):경계(L3~L4) | 태그:공식대조(충돌),공식 근거(L2)와 DB(L3) 불일치,,,,SC_V1950_B050_041
머슴,명사,4,L2,NIKL2023:단일일치 | 내부(김광해):경계(L3~L4) | 태그:공식대조(충돌),공식 근거(L2)와 DB(L3) 불일치,,,,SC_V1950_B050_048
먼지떨이,명사,4,L2,NIKL2023:단일일치 | 내부(김광해):경계(L3~L4) | 태그:공식대조(충돌),공식 근거(L2)와 DB(L3) 불일치,,,,SC_V1951_B051_005
먼지투성이,명사,4,L2,NIKL2023:단일일치 | 내부(김광해):경계(L3~L4) | 태그:공식대조(충돌),공식 근거(L2)와 DB(L3) 불일치,,,,SC_V1951_B051_006
멀거니,부사,4,L2,NIKL2023:단일일치 | 내부(김광해):경계(L3~L4) | 태그:공식대조(충돌),공식 근거(L2)와 DB(L3) 불일치,,,,SC_V1951_B051_007
멀티미디어,명사,4,L2,NIKL2023:단일일치 | 내부(김광해):경계(L3~L4) | 태그:공식대조(충돌),공식 근거(L2)와 DB(L4) 불일치,,,,SC_V1951_B051_012
멋없다,형용사,4,L2,NIKL2023:단일일치 | 내부(김광해):경계(L3~L4) | 태그:공식대조(충돌),공식 근거(L2)와 DB(L3) 불일치,,,,SC_V1951_B051_017
멋없이,부사,4,L2,NIKL2023:단일일치 | 내부(김광해):경계(L3~L4) | 태그:공식대조(충돌),공식 근거(L2)와 DB(L3) 불일치,,,,SC_V1951_B051_018
메밀국수,명사,4,L2,NIKL2023:단일일치 | 내부(김광해):경계(L3~L4) | 태그:공식대조(충돌),공식 근거(L2)와 DB(L3) 불일치,,,,SC_V1951_B051_020
메밀묵,명사,4,L2,NIKL2023:단일일치 | 내부(김광해):경계(L3~L4) | 태그:공식대조(충돌),공식 근거(L2)와 DB(L3) 불일치,,,,SC_V1951_B051_021
메아리치다,동사,4,L2,NIKL2023:단일일치 | 내부(김광해):경계(L3~L4) | 태그:공식대조(충돌),공식 근거(L2)와 DB(L3) 불일치,,,,SC_V1951_B051_023
멜로디언,명사,4,L2,NIKL2023:단일일치 | 내부(김광해):경계(L3~L4) | 태그:공식대조(충돌),공식 근거(L2)와 DB(L3) 불일치,,,,SC_V1951_B051_029
면사무소,명사,3,L1,NIKL2023:단일일치 | 내부(김광해):경계(L1~L2) | 태그:공식대조(충돌),공식 근거(L1)와 DB(L2) 불일치,,,,SC_V1951_B051_035
면적,명사,3,L1,NIKL2023:단일일치 | 내부(김광해):경계(L1~L2) | 태그:공식대조(충돌),공식 근거(L1)와 DB(L2) 불일치,,,,SC_V1951_B051_036
면직물,명사,4,L2,NIKL2023:단일일치 | 내부(김광해):경계(L3~L4) | 태그:공식대조(충돌),공식 근거(L2)와 DB(L3) 불일치,,,,SC_V1951_B051_037
멸치젓,명사,4,L2,NIKL2023:단일일치 | 내부(김광해):경계(L3~L4) | 태그:207(레벨보류),일치,,,,SC_V1951_B051_044
멸치조림,명사,4,L2,NIKL2023:단일일치 | 내부(김광해):경계(L3~L4) | 태그:공식대조(충돌),공식 근거(L2)와 DB(L3) 불일치,,,,SC_V1951_B051_045
명령어,명사,4,L2,NIKL2023:단일일치 | 내부(김광해):경계(L3~L4) | 태그:공식대조(충돌),공식 근거(L2)와 DB(L3) 불일치,,,,SC_V1951_B051_048
명예스럽다,형용사,4,L2,NIKL2023:단일일치 | 내부(김광해):경계(L3~L4) | 태그:공식대조(충돌),공식 근거(L2)와 DB(L3) 불일치,,,,SC_V1952_B052_004
명절날,명사,4,L2,NIKL2023:단일일치 | 내부(김광해):경계(L3~L4) | 태그:공식대조(충돌),공식 근거(L2)와 DB(L3) 불일치,,,,SC_V1952_B052_006
명품,명사,2,L0,NIKL2023:단일일치 | 내부(김광해):L0 | 태그:78(뜻풀이위험),일치,,,,SC_V195_B005_033
모기향,명사,4,L2,NIKL2023:단일일치 | 내부(김광해):경계(L3~L4) | 태그:공식대조(충돌),공식 근거(L2)와 DB(L3) 불일치,,,,SC_V1952_B052_015
모깃불,명사,4,L2,NIKL2023:단일일치 | 내부(김광해):경계(L3~L4) | 태그:공식대조(충돌),공식 근거(L2)와 DB(L3) 불일치,,,,SC_V1952_B052_016
모내기하다,동사,4,L2,NIKL2023:단일일치 | 내부(김광해):경계(L3~L4) | 태그:공식대조(충돌),공식 근거(L2)와 DB(L3) 불일치,,,,SC_V1952_B052_018
모닝콜,명사,4,L2,NIKL2023:단일일치 | 내부(김광해):경계(L3~L4) | 태그:공식대조(충돌),공식 근거(L2)와 DB(L3) 불일치,,,,SC_V1952_B052_020
모둠발,명사,4,L2,NIKL2023:단일일치 | 내부(김광해):경계(L3~L4) | 태그:공식대조(충돌),공식 근거(L2)와 DB(L3) 불일치,,,,SC_V1952_B052_023
모래사막,명사,4,L2,NIKL2023:단일일치 | 내부(김광해):경계(L3~L4) | 태그:공식대조(충돌),공식 근거(L2)와 DB(L3) 불일치,,,,SC_V1952_B052_026
모래투성이,명사,4,L2,NIKL2023:단일일치 | 내부(김광해):경계(L3~L4) | 태그:공식대조(충돌),공식 근거(L2)와 DB(L3) 불일치,,,,SC_V1952_B052_030
모래흙,명사,4,L2,NIKL2023:단일일치 | 내부(김광해):경계(L3~L4) | 태그:공식대조(충돌),공식 근거(L2)와 DB(L3) 불일치,,,,SC_V1952_B052_031
모름지기,부사,4,L2,NIKL2023:단일일치 | 내부(김광해):경계(L3~L4) | 태그:공식대조(충돌),공식 근거(L2)와 DB(L3) 불일치,,,,SC_V1952_B052_032
모방하다,동사,4,L2,NIKL2023:단일일치 | 내부(김광해):경계(L3~L4) | 태그:207(레벨보류),일치,,,,SC_V1952_B052_033
모심기,명사,4,L2,NIKL2023:단일일치 | 내부(김광해):경계(L3~L4) | 태그:공식대조(충돌),공식 근거(L2)와 DB(L3) 불일치,,,,SC_V1952_B052_036
모음자,명사,4,L2,NIKL2023:단일일치 | 내부(김광해):경계(L3~L4) | 태그:공식대조(충돌),공식 근거(L2)와 DB(L3) 불일치,,,,SC_V1952_B052_038
모조지,명사,4,L2,NIKL2023:단일일치 | 내부(김광해):경계(L3~L4) | 태그:공식대조(충돌),공식 근거(L2)와 DB(L3) 불일치,,,,SC_V1952_B052_040
모종삽,명사,4,L2,NIKL2023:단일일치 | 내부(김광해):경계(L3~L4) | 태그:공식대조(충돌),공식 근거(L2)와 DB(L3) 불일치,,,,SC_V1952_B052_041
모직,명사,4,L2,NIKL2023:단일일치 | 내부(김광해):경계(L3~L4) | 태그:공식대조(충돌),공식 근거(L2)와 DB(L3) 불일치,,,,SC_V1952_B052_042
모쪼록,부사,4,L2,NIKL2023:단일일치 | 내부(김광해):경계(L3~L4) | 태그:공식대조(충돌),공식 근거(L2)와 DB(L3) 불일치,,,,SC_V1952_B052_043
모험가,명사,4,L2,NIKL2023:단일일치 | 내부(김광해):경계(L3~L4) | 태그:공식대조(충돌),공식 근거(L2)와 DB(L3) 불일치,,,,SC_V1952_B052_045
모험담,명사,4,L2,NIKL2023:단일일치 | 내부(김광해):경계(L3~L4) | 태그:공식대조(충돌),공식 근거(L2)와 DB(L3) 불일치,,,,SC_V1952_B052_046
목례,명사,4,L2,NIKL2023:단일일치 | 내부(김광해):경계(L3~L4) | 태그:207(레벨보류),일치,,,,SC_V1953_B053_005
목메다,동사,4,L2,NIKL2023:단일일치 | 내부(김광해):경계(L3~L4) | 태그:공식대조(충돌),공식 근거(L2)와 DB(L3) 불일치,,,,SC_V1953_B053_006
목욕통,명사,4,L2,NIKL2023:단일일치 | 내부(김광해):경계(L3~L4) | 태그:공식대조(충돌),공식 근거(L2)와 DB(L3) 불일치,,,,SC_V1953_B053_010
목적어,명사,4,L2,NIKL2023:단일일치 | 내부(김광해):경계(L3~L4) | 태그:공식대조(충돌),공식 근거(L2)와 DB(L3) 불일치,,,,SC_V1953_B053_012
목표물,명사,4,L2,NIKL2023:단일일치 | 내부(김광해):경계(L3~L4) | 태그:공식대조(충돌),공식 근거(L2)와 DB(L3) 불일치,,,,SC_V1953_B053_020
몰라주다,동사,3,L1,NIKL2023:단일일치 | 내부(김광해):경계(L1~L2) | 태그:공식대조(충돌),공식 근거(L1)와 DB(L2) 불일치,,,,SC_V1953_B053_024
몰려나오다,동사,4,L2,NIKL2023:단일일치 | 내부(김광해):경계(L3~L4) | 태그:공식대조(충돌),공식 근거(L2)와 DB(L3) 불일치,,,,SC_V1953_B053_025
몸길이,명사,4,L2,NIKL2023:단일일치 | 내부(김광해):경계(L3~L4) | 태그:공식대조(충돌),공식 근거(L2)와 DB(L3) 불일치,,,,SC_V1953_B053_029
몸서리나다,동사,4,L2,NIKL2023:단일일치 | 내부(김광해):경계(L3~L4) | 태그:공식대조(충돌),공식 근거(L2)와 DB(L3) 불일치,,,,SC_V1953_B053_034
몸서리치다,동사,4,L2,NIKL2023:단일일치 | 내부(김광해):경계(L3~L4) | 태그:공식대조(충돌),공식 근거(L2)와 DB(L3) 불일치,,,,SC_V1953_B053_035
못줄,명사,4,L2,NIKL2023:단일일치 | 내부(김광해):경계(L3~L4) | 태그:공식대조(충돌),공식 근거(L2)와 DB(L3) 불일치,,,,SC_V1953_B053_045
묘사되다,동사,4,L2,NIKL2023:단일일치 | 내부(김광해):경계(L3~L4) | 태그:공식대조(충돌),공식 근거(L2)와 DB(L3) 불일치,,,,SC_V1953_B053_050
무궁무진하다,형용사,4,L2,NIKL2023:단일일치 | 내부(김광해):경계(L3~L4) | 태그:공식대조(충돌),공식 근거(L2)와 DB(L3) 불일치,,,,SC_V1954_B054_004
무나물,명사,4,L2,NIKL2023:단일일치 | 내부(김광해):경계(L3~L4) | 태그:공식대조(충돌),공식 근거(L2)와 DB(L3) 불일치,,,,SC_V1954_B054_009
무덤덤하다,형용사,4,L2,NIKL2023:단일일치 | 내부(김광해):경계(L3~L4) | 태그:공식대조(충돌),공식 근거(L2)와 DB(L3) 불일치,,,,SC_V1954_B054_011
무뚝뚝하다,형용사,2,L0,NIKL2023:단일일치 | 내부(김광해):L0 | 태그:78(뜻풀이위험),일치,,,,SC_V195_B005_040
무방비,명사,4,L2,NIKL2023:단일일치 | 내부(김광해):경계(L3~L4) | 태그:공식대조(충돌),공식 근거(L2)와 DB(L3) 불일치,,,,SC_V1954_B054_014
무방하다,형용사,4,L2,NIKL2023:단일일치 | 내부(김광해):경계(L3~L4) | 태그:공식대조(충돌),공식 근거(L2)와 DB(L3) 불일치,,,,SC_V1954_B054_015
무산되다,동사,4,L2,NIKL2023:단일일치 | 내부(김광해):경계(L3~L4) | 태그:공식대조(충돌),공식 근거(L2)와 DB(L3) 불일치,,,,SC_V1954_B054_017
무생물,명사,4,L2,NIKL2023:단일일치 | 내부(김광해):경계(L3~L4) | 태그:공식대조(충돌),공식 근거(L2)와 DB(L3) 불일치,,,,SC_V1954_B054_018
무수하다,형용사,4,L2,NIKL2023:단일일치 | 내부(김광해):경계(L3~L4) | 태그:공식대조(충돌),공식 근거(L2)와 DB(L3) 불일치,,,,SC_V1954_B054_020
무언극,명사,4,L2,NIKL2023:단일일치 | 내부(김광해):경계(L3~L4) | 태그:공식대조(충돌),공식 근거(L2)와 DB(L3) 불일치,,,,SC_V1954_B054_024
무엄하다,형용사,4,L2,NIKL2023:단일일치 | 내부(김광해):경계(L3~L4) | 태그:공식대조(충돌),공식 근거(L2)와 DB(L3) 불일치,,,,SC_V1954_B054_025
무역선,명사,4,L2,NIKL2023:단일일치 | 내부(김광해):경계(L3~L4) | 태그:공식대조(충돌),공식 근거(L2)와 DB(L3) 불일치,,,,SC_V1954_B054_026
무역항,명사,4,L2,NIKL2023:단일일치 | 내부(김광해):경계(L3~L4) | 태그:공식대조(충돌),공식 근거(L2)와 DB(L3) 불일치,,,,SC_V1954_B054_029
무용수,명사,4,L2,NIKL2023:단일일치 | 내부(김광해):경계(L3~L4) | 태그:공식대조(충돌),공식 근거(L2)와 DB(L3) 불일치,,,,SC_V1954_B054_031
무인도,명사,2,L0,NIKL2023:단일일치 | 내부(김광해):L0 | 태그:78(뜻풀이위험),일치,,,,SC_V195_B005_041
무장아찌,명사,4,L2,NIKL2023:단일일치 | 내부(김광해):경계(L3~L4) | 태그:공식대조(충돌),공식 근거(L2)와 DB(L3) 불일치,,,,SC_V1954_B054_036
무진장하다,형용사,4,L2,NIKL2023:단일일치 | 내부(김광해):경계(L3~L4) | 태그:공식대조(충돌),공식 근거(L2)와 DB(L3) 불일치,,,,SC_V1954_B054_039
무턱대고,부사,4,L2,NIKL2023:단일일치 | 내부(김광해):경계(L3~L4) | 태그:공식대조(충돌),공식 근거(L2)와 DB(L3) 불일치,,,,SC_V1954_B054_040
무한히,부사,4,L2,NIKL2023:단일일치 | 내부(김광해):경계(L3~L4) | 태그:공식대조(충돌),공식 근거(L2)와 DB(L3) 불일치,,,,SC_V1954_B054_043
묵묵하다,형용사,4,L2,NIKL2023:단일일치 | 내부(김광해):경계(L3~L4) | 태그:207(레벨보류),일치,,,,SC_V1954_B054_045
문갑,명사,4,L2,NIKL2023:단일일치 | 내부(김광해):경계(L3~L4) | 태그:공식대조(충돌),공식 근거(L2)와 DB(L3) 불일치,,,,SC_V1954_B054_049
문란하다,형용사,4,L2,NIKL2023:단일일치 | 내부(김광해):경계(L3~L4) | 태그:공식대조(충돌),공식 근거(L2)와 DB(L3) 불일치,,,,SC_V1955_B055_002
문맥,명사,4,L2,NIKL2023:단일일치 | 내부(김광해):경계(L3~L4) | 태그:공식대조(충돌),공식 근거(L2)와 DB(L3) 불일치,,,,SC_V1955_B055_003
문살,명사,4,L2,NIKL2023:단일일치 | 내부(김광해):경계(L3~L4) | 태그:공식대조(충돌),공식 근거(L2)와 DB(L3) 불일치,,,,SC_V1955_B055_005
문자,명사,2,L0,NIKL2023:단일일치 | 내부(김광해):제외(자동분류 범위 밖 - 수동 배치) | 태그:공식대조(충돌),공식 근거(L0)와 DB(L4) 불일치,,,,SR_L4CORE_4753
문지기,명사,2,L0,NIKL2023:단일일치 | 내부(김광해):L0 | 태그:78(뜻풀이위험),일치,,,,SC_V195_B005_044
문지방,명사,4,L2,NIKL2023:단일일치 | 내부(김광해):경계(L3~L4) | 태그:공식대조(충돌),공식 근거(L2)와 DB(L3) 불일치,,,,SC_V1955_B055_011
문틀,명사,4,L2,NIKL2023:단일일치 | 내부(김광해):경계(L3~L4) | 태그:공식대조(충돌),공식 근거(L2)와 DB(L3) 불일치,,,,SC_V1955_B055_014
물구나무서기,명사,3,L1,NIKL2023:단일일치 | 내부(김광해):경계(L1~L2) | 태그:공식대조(충돌),공식 근거(L1)와 DB(L2) 불일치,,,,SC_V1955_B055_021
물기둥,명사,4,L2,NIKL2023:단일일치 | 내부(김광해):경계(L3~L4) | 태그:공식대조(충돌),공식 근거(L2)와 DB(L3) 불일치,,,,SC_V1955_B055_022
물레방앗간,명사,4,L2,NIKL2023:단일일치 | 내부(김광해):경계(L3~L4) | 태그:공식대조(충돌),공식 근거(L2)와 DB(L3) 불일치,,,,SC_V1955_B055_029
물리학,명사,4,L2,NIKL2023:단일일치 | 내부(김광해):경계(L3~L4) | 태그:공식대조(충돌),공식 근거(L2)와 DB(L4) 불일치,,,,SC_V1955_B055_030
물방울무늬,명사,4,L2,NIKL2023:단일일치 | 내부(김광해):경계(L3~L4) | 태그:공식대조(충돌),공식 근거(L2)와 DB(L3) 불일치,,,,SC_V1955_B055_035
물벼락,명사,4,L2,NIKL2023:단일일치 | 내부(김광해):경계(L3~L4) | 태그:공식대조(충돌),공식 근거(L2)와 DB(L3) 불일치,,,,SC_V1955_B055_036
물보라,명사,4,L2,NIKL2023:단일일치 | 내부(김광해):경계(L3~L4) | 태그:공식대조(충돌),공식 근거(L2)와 DB(L3) 불일치,,,,SC_V1955_B055_037
물비누,명사,4,L2,NIKL2023:단일일치 | 내부(김광해):경계(L3~L4) | 태그:공식대조(충돌),공식 근거(L2)와 DB(L3) 불일치,,,,SC_V1955_B055_038
물색하다,동사,4,L2,NIKL2023:단일일치 | 내부(김광해):경계(L3~L4) | 태그:공식대조(충돌),공식 근거(L2)와 DB(L3) 불일치,,,,SC_V1955_B055_040
물안개,명사,4,L2,NIKL2023:단일일치 | 내부(김광해):경계(L3~L4) | 태그:207(레벨보류),일치,,,,SC_V1955_B055_041
물장난하다,동사,4,L2,NIKL2023:단일일치 | 내부(김광해):경계(L3~L4) | 태그:공식대조(충돌),공식 근거(L2)와 DB(L3) 불일치,,,,SC_V1955_B055_044
물장수,명사,4,L2,NIKL2023:단일일치 | 내부(김광해):경계(L3~L4) | 태그:공식대조(충돌),공식 근거(L2)와 DB(L3) 불일치,,,,SC_V1955_B055_045
물청소하다,동사,4,L2,NIKL2023:단일일치 | 내부(김광해):경계(L3~L4) | 태그:공식대조(충돌),공식 근거(L2)와 DB(L3) 불일치,,,,SC_V1955_B055_048
물컹거리다,동사,4,L2,NIKL2023:단일일치 | 내부(김광해):경계(L3~L4) | 태그:공식대조(충돌),공식 근거(L2)와 DB(L3) 불일치,,,,SC_V1955_B055_050
물컹물컹하다,형용사,4,L2,NIKL2023:단일일치 | 내부(김광해):경계(L3~L4) | 태그:공식대조(충돌),공식 근거(L2)와 DB(L3) 불일치,,,,SC_V1956_B056_001
물컹하다,형용사,4,L2,NIKL2023:단일일치 | 내부(김광해):경계(L3~L4) | 태그:공식대조(충돌),공식 근거(L2)와 DB(L3) 불일치,,,,SC_V1956_B056_002
뭉툭하다,형용사,4,L2,NIKL2023:단일일치 | 내부(김광해):경계(L3~L4) | 태그:공식대조(충돌),공식 근거(L2)와 DB(L3) 불일치,,,,SC_V1956_B056_008
미끄럼대,명사,4,L2,NIKL2023:단일일치 | 내부(김광해):경계(L3~L4) | 태그:공식대조(충돌),공식 근거(L2)와 DB(L3) 불일치,,,,SC_V1956_B056_012
미니카,명사,4,L2,NIKL2023:단일일치 | 내부(김광해):경계(L3~L4) | 태그:공식대조(충돌),공식 근거(L2)와 DB(L3) 불일치,,,,SC_V1956_B056_014
미닫이,명사,4,L2,NIKL2023:단일일치 | 내부(김광해):경계(L3~L4) | 태그:공식대조(충돌),공식 근거(L2)와 DB(L3) 불일치,,,,SC_V1956_B056_015
미생물,명사,4,L2,NIKL2023:단일일치 | 내부(김광해):경계(L3~L4) | 태그:공식대조(충돌),공식 근거(L2)와 DB(L3) 불일치,,,,SC_V1956_B056_022
미술사,명사,4,L2,NIKL2023:단일일치 | 내부(김광해):경계(L3~L4) | 태그:공식대조(충돌),공식 근거(L2)와 DB(L3) 불일치,,,,SC_V1956_B056_026
미심쩍다,형용사,4,L2,NIKL2023:단일일치 | 내부(김광해):경계(L3~L4) | 태그:공식대조(충돌),공식 근거(L2)와 DB(L3) 불일치,,,,SC_V1956_B056_029
미장원,명사,4,L2,NIKL2023:단일일치 | 내부(김광해):경계(L3~L4) | 태그:공식대조(충돌),공식 근거(L2)와 DB(L3) 불일치,,,,SC_V1956_B056_032
민감성,명사,4,L2,NIKL2023:단일일치 | 내부(김광해):경계(L3~L4) | 태그:공식대조(충돌),공식 근거(L2)와 DB(L3) 불일치,,,,SC_V1956_B056_040
민감하다,형용사,4,L2,NIKL2023:단일일치 | 내부(김광해):경계(L3~L4) | 태그:공식대조(충돌),공식 근거(L2)와 DB(L3) 불일치,,,,SC_V1956_B056_041
민망스럽다,형용사,4,L2,NIKL2023:단일일치 | 내부(김광해):경계(L3~L4) | 태그:공식대조(충돌),공식 근거(L2)와 DB(L3) 불일치,,,,SC_V1956_B056_043
민물고기,명사,4,L2,NIKL2023:단일일치 | 내부(김광해):경계(L3~L4) | 태그:공식대조(충돌),공식 근거(L2)와 DB(L3) 불일치,,,,SC_V1956_B056_044
민요풍,명사,4,L2,NIKL2023:단일일치 | 내부(김광해):경계(L3~L4) | 태그:공식대조(충돌),공식 근거(L2)와 DB(L3) 불일치,,,,SC_V1956_B056_048
민첩성,명사,4,L2,NIKL2023:단일일치 | 내부(김광해):경계(L3~L4) | 태그:공식대조(충돌),공식 근거(L2)와 DB(L3) 불일치,,,,SC_V1957_B057_003
밀어닥치다,동사,4,L2,NIKL2023:단일일치 | 내부(김광해):경계(L3~L4) | 태그:공식대조(충돌),공식 근거(L2)와 DB(L3) 불일치,,,,SC_V1957_B057_009
밑넓이,명사,4,L2,NIKL2023:단일일치 | 내부(김광해):경계(L3~L4) | 태그:공식대조(충돌),공식 근거(L2)와 DB(L3) 불일치,,,,SC_V1957_B057_016
밑반찬,명사,4,L2,NIKL2023:단일일치 | 내부(김광해):경계(L3~L4) | 태그:공식대조(충돌),공식 근거(L2)와 DB(L3) 불일치,,,,SC_V1957_B057_018
바늘땀,명사,4,L2,NIKL2023:단일일치 | 내부(김광해):경계(L3~L4) | 태그:공식대조(충돌),공식 근거(L2)와 DB(L3) 불일치,,,,SC_V1957_B057_025
바닷물고기,명사,4,L2,NIKL2023:단일일치 | 내부(김광해):경계(L3~L4) | 태그:공식대조(충돌),공식 근거(L2)와 DB(L3) 불일치,,,,SC_V1957_B057_027
바래다주다,동사,4,L2,NIKL2023:단일일치 | 내부(김광해):경계(L3~L4) | 태그:공식대조(충돌),공식 근거(L2)와 DB(L3) 불일치,,,,SC_V1957_B057_032
바짓가랑이,명사,4,L2,NIKL2023:단일일치 | 내부(김광해):경계(L3~L4) | 태그:공식대조(충돌),공식 근거(L2)와 DB(L3) 불일치,,,,SC_V1957_B057_041
박애,명사,4,L2,NIKL2023:단일일치 | 내부(김광해):경계(L3~L4) | 태그:공식대조(충돌),공식 근거(L2)와 DB(L3) 불일치,,,,SC_V1957_B057_044
반가이,부사,4,L2,NIKL2023:단일일치 | 내부(김광해):경계(L3~L4) | 태그:공식대조(충돌),공식 근거(L2)와 DB(L3) 불일치,,,,SC_V1957_B057_046
반려동물,명사,4,L2,NIKL2023:단일일치 | 내부(김광해):경계(L3~L4) | 태그:공식대조(충돌),공식 근거(L2)와 DB(L3) 불일치,,,,SC_V1958_B058_002
반문,명사,4,L2,NIKL2023:단일일치 | 내부(김광해):제외(자동분류 범위 밖 - 수동 배치) | 태그:공식대조(충돌),공식 근거(L2)와 DB(L6) 불일치,,,,SR_L6COREV2_4997
반사경,명사,4,L2,NIKL2023:단일일치 | 내부(김광해):경계(L3~L4) | 태그:공식대조(충돌),공식 근거(L2)와 DB(L3) 불일치,,,,SC_V1958_B058_006
반소매,명사,4,L2,NIKL2023:단일일치 | 내부(김광해):경계(L3~L4) | 태그:공식대조(충돌),공식 근거(L2)와 DB(L3) 불일치,,,,SC_V1958_B058_011
반지름,명사,4,L2,NIKL2023:단일일치 | 내부(김광해):경계(L3~L4) | 태그:공식대조(충돌),공식 근거(L2)와 DB(L3) 불일치,,,,SC_V1958_B058_014
반짇고리,명사,4,L2,NIKL2023:단일일치 | 내부(김광해):경계(L3~L4) | 태그:공식대조(충돌),공식 근거(L2)와 DB(L3) 불일치,,,,SC_V1958_B058_015
발동선,명사,4,L2,NIKL2023:단일일치 | 내부(김광해):경계(L3~L4) | 태그:공식대조(충돌),공식 근거(L2)와 DB(L3) 불일치,,,,SC_V1958_B058_027
발동작,명사,4,L2,NIKL2023:단일일치 | 내부(김광해):경계(L3~L4) | 태그:공식대조(충돌),공식 근거(L2)와 DB(L3) 불일치,,,,SC_V1958_B058_028
발명되다,동사,4,L2,NIKL2023:단일일치 | 내부(김광해):경계(L3~L4) | 태그:공식대조(충돌),공식 근거(L2)와 DB(L3) 불일치,,,,SC_V1958_B058_032
발명왕,명사,4,L2,NIKL2023:단일일치 | 내부(김광해):경계(L3~L4) | 태그:공식대조(충돌),공식 근거(L2)와 DB(L3) 불일치,,,,SC_V1958_B058_033
발생률,명사,4,L2,NIKL2023:단일일치 | 내부(김광해):경계(L3~L4) | 태그:공식대조(충돌),공식 근거(L2)와 DB(L3) 불일치,,,,SC_V1958_B058_036
발야구,명사,4,L2,NIKL2023:단일일치 | 내부(김광해):경계(L3~L4) | 태그:공식대조(충돌),공식 근거(L2)와 DB(L3) 불일치,,,,SC_V1958_B058_042
발육,명사,4,L2,NIKL2023:단일일치 | 내부(김광해):경계(L3~L4) | 태그:공식대조(충돌),공식 근거(L2)와 DB(L3) 불일치,,,,SC_V1958_B058_043
밤송이,명사,4,L2,NIKL2023:단일일치 | 내부(김광해):경계(L3~L4) | 태그:공식대조(충돌),공식 근거(L2)와 DB(L3) 불일치,,,,SC_V1959_B059_008
밥상보,명사,4,L2,NIKL2023:단일일치 | 내부(김광해):경계(L3~L4) | 태그:공식대조(충돌),공식 근거(L2)와 DB(L3) 불일치,,,,SC_V1959_B059_012
방관,명사,4,L2,NIKL2023:단일일치 | 내부(김광해):경계(L3~L4) | 태그:공식대조(충돌),공식 근거(L2)와 DB(L3) 불일치,,,,SC_V1959_B059_014
방관하다,동사,4,L2,NIKL2023:단일일치 | 내부(김광해):경계(L3~L4) | 태그:공식대조(충돌),공식 근거(L2)와 DB(L3) 불일치,,,,SC_V1959_B059_015
방대하다,형용사,4,L2,NIKL2023:단일일치 | 내부(김광해):경계(L3~L4) | 태그:공식대조(충돌),공식 근거(L2)와 DB(L3) 불일치,,,,SC_V1959_B059_018
방부제,명사,4,L2,NIKL2023:단일일치 | 내부(김광해):경계(L3~L4) | 태그:공식대조(충돌),공식 근거(L2)와 DB(L4) 불일치,,,,SC_V1959_B059_025
방송극,명사,4,L2,NIKL2023:단일일치 | 내부(김광해):경계(L3~L4) | 태그:공식대조(충돌),공식 근거(L2)와 DB(L3) 불일치,,,,SC_V1959_B059_026
방영되다,동사,4,L2,NIKL2023:단일일치 | 내부(김광해):경계(L3~L4) | 태그:공식대조(충돌),공식 근거(L2)와 DB(L3) 불일치,,,,SC_V1959_B059_033
방영하다,동사,4,L2,NIKL2023:단일일치 | 내부(김광해):경계(L3~L4) | 태그:공식대조(충돌),공식 근거(L2)와 DB(L3) 불일치,,,,SC_V1959_B059_034
방위판,명사,4,L2,NIKL2023:단일일치 | 내부(김광해):경계(L3~L4) | 태그:207(레벨보류),일치,,,,SC_V1959_B059_035
방위표,명사,4,L2,NIKL2023:단일일치 | 내부(김광해):경계(L3~L4) | 태그:공식대조(충돌),공식 근거(L2)와 DB(L3) 불일치,,,,SC_V1959_B059_036
방음벽,명사,4,L2,NIKL2023:단일일치 | 내부(김광해):경계(L3~L4) | 태그:공식대조(충돌),공식 근거(L2)와 DB(L3) 불일치,,,,SC_V1959_B059_037
방정식,명사,4,L2,NIKL2023:단일일치 | 내부(김광해):경계(L3~L4) | 태그:공식대조(충돌),공식 근거(L2)와 DB(L3) 불일치,,,,SC_V1959_B059_038
방파제,명사,4,L2,NIKL2023:단일일치 | 내부(김광해):경계(L3~L4) | 태그:공식대조(충돌),공식 근거(L2)와 DB(L3) 불일치,,,,SC_V1959_B059_044
밭갈이,명사,4,L2,NIKL2023:단일일치 | 내부(김광해):경계(L3~L4) | 태그:공식대조(충돌),공식 근거(L2)와 DB(L3) 불일치,,,,SC_V1959_B059_046
밭고랑,명사,4,L2,NIKL2023:단일일치 | 내부(김광해):경계(L3~L4) | 태그:공식대조(충돌),공식 근거(L2)와 DB(L3) 불일치,,,,SC_V1959_B059_047
배관공,명사,4,L2,NIKL2023:단일일치 | 내부(김광해):경계(L3~L4) | 태그:공식대조(충돌),공식 근거(L2)와 DB(L3) 불일치,,,,SC_V1960_B060_003
배수로,명사,4,L2,NIKL2023:단일일치 | 내부(김광해):경계(L3~L4) | 태그:공식대조(충돌),공식 근거(L2)와 DB(L3) 불일치,,,,SC_V1960_B060_010
배신하다,동사,2,L0,NIKL2023:단일일치 | 내부(김광해):L0 | 태그:78(뜻풀이위험),일치,,,,SC_V196_B006_013
배영,명사,4,L2,NIKL2023:단일일치 | 내부(김광해):경계(L3~L4) | 태그:공식대조(충돌),공식 근거(L2)와 DB(L3) 불일치,,,,SC_V1960_B060_012
배짱부리다,동사,4,L2,NIKL2023:단일일치 | 내부(김광해):경계(L3~L4) | 태그:공식대조(충돌),공식 근거(L2)와 DB(L3) 불일치,,,,SC_V1960_B060_016
배턴,명사,4,L2,NIKL2023:단일일치 | 내부(김광해):경계(L3~L4) | 태그:공식대조(충돌),공식 근거(L2)와 DB(L3) 불일치,,,,SC_V1960_B060_019
배포되다,동사,4,L2,NIKL2023:단일일치 | 내부(김광해):경계(L3~L4) | 태그:공식대조(충돌),공식 근거(L2)와 DB(L3) 불일치,,,,SC_V1960_B060_022
백분율,명사,4,L2,NIKL2023:단일일치 | 내부(김광해):경계(L3~L4) | 태그:공식대조(충돌),공식 근거(L2)와 DB(L3) 불일치,,,,SC_V1960_B060_026
백열등,명사,4,L2,NIKL2023:단일일치 | 내부(김광해):경계(L3~L4) | 태그:공식대조(충돌),공식 근거(L2)와 DB(L3) 불일치,,,,SC_V1960_B060_028
백지도,명사,4,L2,NIKL2023:단일일치 | 내부(김광해):경계(L3~L4) | 태그:공식대조(충돌),공식 근거(L2)와 DB(L3) 불일치,,,,SC_V1960_B060_031
버겁다,형용사,4,L2,NIKL2023:단일일치 | 내부(김광해):경계(L3~L4) | 태그:공식대조(충돌),공식 근거(L2)와 DB(L3) 불일치,,,,SC_V1960_B060_037
버너,명사,4,L2,NIKL2023:단일일치 | 내부(김광해):경계(L3~L4) | 태그:공식대조(충돌),공식 근거(L2)와 DB(L3) 불일치,,,,SC_V1960_B060_040
버들강아지,명사,4,L2,NIKL2023:단일일치 | 내부(김광해):경계(L3~L4) | 태그:공식대조(충돌),공식 근거(L2)와 DB(L3) 불일치,,,,SC_V1960_B060_041
버릇없다,형용사,4,L2,NIKL2023:단일일치 | 내부(김광해):경계(L3~L4) | 태그:공식대조(충돌),공식 근거(L2)와 DB(L3) 불일치,,,,SC_V1960_B060_044
버림받다,동사,4,L2,NIKL2023:단일일치 | 내부(김광해):경계(L3~L4) | 태그:공식대조(충돌),공식 근거(L2)와 DB(L3) 불일치,,,,SC_V1960_B060_046
벅차오르다,동사,4,L2,NIKL2023:단일일치 | 내부(김광해):경계(L3~L4) | 태그:공식대조(충돌),공식 근거(L2)와 DB(L3) 불일치,,,,SC_V1960_B060_049
번득이다,동사,4,L2,NIKL2023:단일일치 | 내부(김광해):경계(L3~L4) | 태그:공식대조(충돌),공식 근거(L2)와 DB(L3) 불일치,,,,SC_V1960_B060_050
번쩍거리다,동사,4,L2,NIKL2023:단일일치 | 내부(김광해):경계(L3~L4) | 태그:공식대조(충돌),공식 근거(L2)와 DB(L3) 불일치,,,,SC_V1961_B061_008
번트,명사,4,L2,NIKL2023:단일일치 | 내부(김광해):경계(L3~L4) | 태그:공식대조(충돌),공식 근거(L2)와 DB(L3) 불일치,,,,SC_V1961_B061_010
벌거숭이산,명사,4,L2,NIKL2023:단일일치 | 내부(김광해):경계(L3~L4) | 태그:공식대조(충돌),공식 근거(L2)와 DB(L3) 불일치,,,,SC_V1961_B061_013
벌꿀,명사,4,L2,NIKL2023:단일일치 | 내부(김광해):경계(L3~L4) | 태그:공식대조(충돌),공식 근거(L2)와 DB(L3) 불일치,,,,SC_V1961_B061_015
벌러덩,부사,4,L2,NIKL2023:단일일치 | 내부(김광해):경계(L3~L4) | 태그:공식대조(충돌),공식 근거(L2)와 DB(L3) 불일치,,,,SC_V1961_B061_017
벌름거리다,동사,4,L2,NIKL2023:단일일치 | 내부(김광해):경계(L3~L4) | 태그:공식대조(충돌),공식 근거(L2)와 DB(L3) 불일치,,,,SC_V1961_B061_018
범죄,명사,2,L0,NIKL2023:단일일치 | 내부(김광해):제외(자동분류 범위 밖 - 수동 배치) | 태그:공식대조(충돌),공식 근거(L0)와 DB(L6) 불일치,,,,SR_L6CORE_6019
범칙금,명사,4,L2,NIKL2023:단일일치 | 내부(김광해):경계(L3~L4) | 태그:공식대조(충돌),공식 근거(L2)와 DB(L3) 불일치,,,,SC_V1961_B061_025
법관,명사,4,L2,NIKL2023:단일일치 | 내부(김광해):경계(L3~L4) | 태그:공식대조(충돌),공식 근거(L2)와 DB(L3) 불일치,,,,SC_V1961_B061_026
법칙,명사,2,L0,NIKL2023:단일일치 | 내부(김광해):제외(자동분류 범위 밖 - 수동 배치) | 태그:공식대조(충돌),공식 근거(L0)와 DB(L6) 불일치,,,,SR_L6COREV2_5000
벙글거리다,동사,4,L2,NIKL2023:단일일치 | 내부(김광해):경계(L3~L4) | 태그:공식대조(충돌),공식 근거(L2)와 DB(L3) 불일치,,,,SC_V1961_B061_030
벙글벙글,부사,4,L2,NIKL2023:단일일치 | 내부(김광해):경계(L3~L4) | 태그:공식대조(충돌),공식 근거(L2)와 DB(L3) 불일치,,,,SC_V1961_B061_031
벙글벙글하다,동사,4,L2,NIKL2023:단일일치 | 내부(김광해):경계(L3~L4) | 태그:공식대조(충돌),공식 근거(L2)와 DB(L3) 불일치,,,,SC_V1961_B061_032
베테랑,명사,4,L2,NIKL2023:단일일치 | 내부(김광해):경계(L3~L4) | 태그:공식대조(충돌),공식 근거(L2)와 DB(L3) 불일치,,,,SC_V1961_B061_035
벼룩,명사,4,L2,NIKL2023:단일일치 | 내부(김광해):경계(L3~L4) | 태그:공식대조(충돌),공식 근거(L2)와 DB(L3) 불일치,,,,SC_V1961_B061_039
벽돌집,명사,4,L2,NIKL2023:단일일치 | 내부(김광해):경계(L3~L4) | 태그:공식대조(충돌),공식 근거(L2)와 DB(L3) 불일치,,,,SC_V1961_B061_047
변덕스럽다,형용사,4,L2,NIKL2023:단일일치 | 내부(김광해):경계(L3~L4) | 태그:공식대조(충돌),공식 근거(L2)와 DB(L3) 불일치,,,,SC_V1962_B062_001
변장하다,동사,3,L1,NIKL2023:단일일치 | 내부(김광해):경계(L1~L2) | 태그:공식대조(충돌),공식 근거(L1)와 DB(L2) 불일치,,,,SC_V1962_B062_005
변주곡,명사,4,L2,NIKL2023:단일일치 | 내부(김광해):경계(L3~L4) | 태그:공식대조(충돌),공식 근거(L2)와 DB(L3) 불일치,,,,SC_V1962_B062_006
변질,명사,4,L2,NIKL2023:단일일치 | 내부(김광해):경계(L3~L4) | 태그:공식대조(충돌),공식 근거(L2)와 DB(L3) 불일치,,,,SC_V1962_B062_007
변호인,명사,4,L2,NIKL2023:단일일치 | 내부(김광해):경계(L3~L4) | 태그:공식대조(충돌),공식 근거(L2)와 DB(L3) 불일치,,,,SC_V1962_B062_010
변화무쌍하다,형용사,4,L2,NIKL2023:단일일치 | 내부(김광해):경계(L3~L4) | 태그:공식대조(충돌),공식 근거(L2)와 DB(L3) 불일치,,,,SC_V1962_B062_011
볍씨,명사,4,L2,NIKL2023:단일일치 | 내부(김광해):경계(L3~L4) | 태그:공식대조(충돌),공식 근거(L2)와 DB(L3) 불일치,,,,SC_V1962_B062_022
볏짚,명사,4,L2,NIKL2023:단일일치 | 내부(김광해):경계(L3~L4) | 태그:207(레벨보류),일치,,,,SC_V1962_B062_025
병균,명사,2,L0,NIKL2023:단일일치 | 내부(김광해):L0 | 태그:78(뜻풀이위험),일치,,,,SC_V196_B006_015
병원균,명사,4,L2,NIKL2023:단일일치 | 내부(김광해):경계(L3~L4) | 태그:공식대조(충돌),공식 근거(L2)와 DB(L3) 불일치,,,,SC_V1962_B062_031
보관소,명사,4,L2,NIKL2023:단일일치 | 내부(김광해):경계(L3~L4) | 태그:207(레벨보류),일치,,,,SC_V1962_B062_036
보급로,명사,4,L2,NIKL2023:단일일치 | 내부(김광해):경계(L3~L4) | 태그:공식대조(충돌),공식 근거(L2)와 DB(L3) 불일치,,,,SC_V1962_B062_038
보도되다,동사,4,L2,NIKL2023:단일일치 | 내부(김광해):경계(L3~L4) | 태그:공식대조(충돌),공식 근거(L2)와 DB(L3) 불일치,,,,SC_V1962_B062_040
보도블록,명사,4,L2,NIKL2023:단일일치 | 내부(김광해):경계(L3~L4) | 태그:공식대조(충돌),공식 근거(L2)와 DB(L3) 불일치,,,,SC_V1962_B062_041
보들보들하다,형용사,4,L2,NIKL2023:단일일치 | 내부(김광해):경계(L3~L4) | 태그:공식대조(충돌),공식 근거(L2)와 DB(L3) 불일치,,,,SC_V1962_B062_043
보디가드,명사,4,L2,NIKL2023:단일일치 | 내부(김광해):경계(L3~L4) | 태그:공식대조(충돌),공식 근거(L2)와 DB(L3) 불일치,,,,SC_V1962_B062_045
보배롭다,형용사,4,L2,NIKL2023:단일일치 | 내부(김광해):경계(L3~L4) | 태그:공식대조(충돌),공식 근거(L2)와 DB(L3) 불일치,,,,SC_V1963_B063_004
보수,명사,4,L2,NIKL2023:단일일치(동형이의있음·등급일치) | 내부(김광해):제외(자동분류 범위 밖 - 수동 배치) | 태그:78(뜻풀이위험);공식대조(충돌),공식 근거(L2)와 DB(L4) 불일치,,,,SR_L4CORE_4754
보슬비,명사,4,L2,NIKL2023:단일일치 | 내부(김광해):경계(L3~L4) | 태그:공식대조(충돌),공식 근거(L2)와 DB(L3) 불일치,,,,SC_V1963_B063_005
보잘것없다,형용사,4,L2,NIKL2023:단일일치 | 내부(김광해):경계(L3~L4) | 태그:207(레벨보류);공식대조(충돌),공식 근거(L2)와 DB(L3) 불일치,,,,SC_V1963_B063_009
보조선,명사,4,L2,NIKL2023:단일일치 | 내부(김광해):경계(L3~L4) | 태그:공식대조(충돌),공식 근거(L2)와 DB(L4) 불일치,,,,SC_V1963_B063_011
보청기,명사,4,L2,NIKL2023:단일일치 | 내부(김광해):경계(L3~L4) | 태그:공식대조(충돌),공식 근거(L2)와 DB(L3) 불일치,,,,SC_V1963_B063_012
보폭,명사,4,L2,NIKL2023:단일일치 | 내부(김광해):경계(L3~L4) | 태그:공식대조(충돌),공식 근거(L2)와 DB(L3) 불일치,,,,SC_V1963_B063_013
보행기,명사,4,L2,NIKL2023:단일일치 | 내부(김광해):경계(L3~L4) | 태그:공식대조(충돌),공식 근거(L2)와 DB(L3) 불일치,,,,SC_V1963_B063_014
보험금,명사,4,L2,NIKL2023:단일일치 | 내부(김광해):경계(L3~L4) | 태그:공식대조(충돌),공식 근거(L2)와 DB(L3) 불일치,,,,SC_V1963_B063_016
보험증,명사,4,L2,NIKL2023:단일일치 | 내부(김광해):경계(L3~L4) | 태그:공식대조(충돌),공식 근거(L2)와 DB(L4) 불일치,,,,SC_V1963_B063_017
보호석,명사,4,L2,NIKL2023:단일일치 | 내부(김광해):경계(L3~L4) | 태그:공식대조(충돌),공식 근거(L2)와 DB(L3) 불일치,,,,SC_V1963_B063_018
복귀하다,동사,4,L2,NIKL2023:단일일치 | 내부(김광해):경계(L3~L4) | 태그:공식대조(충돌),공식 근거(L2)와 DB(L3) 불일치,,,,SC_V1963_B063_020
복날,명사,4,L2,NIKL2023:단일일치 | 내부(김광해):경계(L3~L4) | 태그:공식대조(충돌),공식 근거(L2)와 DB(L3) 불일치,,,,SC_V1963_B063_021
복덩이,명사,4,L2,NIKL2023:단일일치 | 내부(김광해):경계(L3~L4) | 태그:공식대조(충돌),공식 근거(L2)와 DB(L3) 불일치,,,,SC_V1963_B063_022
복슬강아지,명사,4,L2,NIKL2023:단일일치 | 내부(김광해):경계(L3~L4) | 태그:공식대조(충돌),공식 근거(L2)와 DB(L3) 불일치,,,,SC_V1963_B063_027
본론,명사,3,L1,NIKL2023:단일일치 | 내부(김광해):제외(자동분류 범위 밖 - 수동 배치) | 태그:공식대조(충돌),공식 근거(L1)와 DB(L5) 불일치,,,,SR_L5CORE_4904
본부석,명사,4,L2,NIKL2023:단일일치 | 내부(김광해):경계(L3~L4) | 태그:공식대조(충돌),공식 근거(L2)와 DB(L3) 불일치,,,,SC_V1963_B063_032
본토박이,명사,4,L2,NIKL2023:단일일치 | 내부(김광해):경계(L3~L4) | 태그:공식대조(충돌),공식 근거(L2)와 DB(L3) 불일치,,,,SC_V1963_B063_034
볼우물,명사,4,L2,NIKL2023:단일일치 | 내부(김광해):경계(L3~L4) | 태그:공식대조(충돌),공식 근거(L2)와 DB(L3) 불일치,,,,SC_V1963_B063_038
봄놀이하다,동사,4,L2,NIKL2023:단일일치 | 내부(김광해):경계(L3~L4) | 태그:공식대조(충돌),공식 근거(L2)와 DB(L3) 불일치,,,,SC_V1963_B063_045
봄소식,명사,4,L2,NIKL2023:단일일치 | 내부(김광해):경계(L3~L4) | 태그:공식대조(충돌),공식 근거(L2)와 DB(L3) 불일치,,,,SC_V1963_B063_049
봇짐,명사,4,L2,NIKL2023:단일일치 | 내부(김광해):경계(L3~L4) | 태그:공식대조(충돌),공식 근거(L2)와 DB(L3) 불일치,,,,SC_V1964_B064_001
봉돌,명사,4,L2,NIKL2023:단일일치 | 내부(김광해):경계(L3~L4) | 태그:공식대조(충돌),공식 근거(L2)와 DB(L3) 불일치,,,,SC_V1964_B064_003
봉제품,명사,4,L2,NIKL2023:단일일치 | 내부(김광해):경계(L3~L4) | 태그:공식대조(충돌),공식 근거(L2)와 DB(L3) 불일치,,,,SC_V1964_B064_004
부귀영화,명사,3,L1,NIKL2023:단일일치 | 내부(김광해):경계(L1~L2) | 태그:공식대조(충돌),공식 근거(L1)와 DB(L2) 불일치,,,,SC_V1964_B064_005
부농,명사,4,L2,NIKL2023:단일일치 | 내부(김광해):경계(L3~L4) | 태그:공식대조(충돌),공식 근거(L2)와 DB(L3) 불일치,,,,SC_V1964_B064_007
부단히,부사,4,L2,NIKL2023:단일일치 | 내부(김광해):경계(L3~L4) | 태그:207(레벨보류),일치,,,,SC_V1964_B064_008
부당성,명사,4,L2,NIKL2023:단일일치 | 내부(김광해):경계(L3~L4) | 태그:공식대조(충돌),공식 근거(L2)와 DB(L3) 불일치,,,,SC_V1964_B064_010
부뚜막,명사,4,L2,NIKL2023:단일일치 | 내부(김광해):경계(L3~L4) | 태그:공식대조(충돌),공식 근거(L2)와 DB(L3) 불일치,,,,SC_V1964_B064_015
부랴부랴,부사,2,L0,NIKL2023:단일일치 | 내부(김광해):L0 | 태그:78(뜻풀이위험),일치,,,,SC_V196_B006_029
부러트리다,동사,4,L2,NIKL2023:단일일치 | 내부(김광해):경계(L3~L4) | 태그:공식대조(충돌),공식 근거(L2)와 DB(L3) 불일치,,,,SC_V1964_B064_019
부리부리하다,형용사,4,L2,NIKL2023:단일일치 | 내부(김광해):경계(L3~L4) | 태그:공식대조(충돌),공식 근거(L2)와 DB(L3) 불일치,,,,SC_V1964_B064_026
부산스럽다,형용사,4,L2,NIKL2023:단일일치 | 내부(김광해):경계(L3~L4) | 태그:공식대조(충돌),공식 근거(L2)와 DB(L3) 불일치,,,,SC_V1964_B064_029
부상자,명사,2,L0,NIKL2023:단일일치 | 내부(김광해):L0 | 태그:78(뜻풀이위험),일치,,,,SC_V196_B006_030
부스러뜨리다,동사,4,L2,NIKL2023:단일일치 | 내부(김광해):경계(L3~L4) | 태그:공식대조(충돌),공식 근거(L2)와 DB(L3) 불일치,,,,SC_V1964_B064_032
부스러지다,동사,4,L2,NIKL2023:단일일치 | 내부(김광해):경계(L3~L4) | 태그:공식대조(충돌),공식 근거(L2)와 DB(L3) 불일치,,,,SC_V1964_B064_033
부스럭거리다,동사,3,L1,NIKL2023:단일일치 | 내부(김광해):경계(L1~L2) | 태그:공식대조(충돌),공식 근거(L1)와 DB(L2) 불일치,,,,SC_V1964_B064_034
부싯돌,명사,4,L2,NIKL2023:단일일치 | 내부(김광해):경계(L3~L4) | 태그:공식대조(충돌),공식 근거(L2)와 DB(L3) 불일치,,,,SC_V1964_B064_036
부어오르다,동사,4,L2,NIKL2023:단일일치 | 내부(김광해):경계(L3~L4) | 태그:공식대조(충돌),공식 근거(L2)와 DB(L3) 불일치,,,,SC_V1964_B064_037
부엌방,명사,4,L2,NIKL2023:단일일치 | 내부(김광해):경계(L3~L4) | 태그:207(레벨보류),일치,,,,SC_V1964_B064_039
부엽토,명사,4,L2,NIKL2023:단일일치 | 내부(김광해):경계(L3~L4) | 태그:공식대조(충돌),공식 근거(L2)와 DB(L3) 불일치,,,,SC_V1964_B064_042
부의장,명사,4,L2,NIKL2023:단일일치 | 내부(김광해):경계(L3~L4) | 태그:공식대조(충돌),공식 근거(L2)와 DB(L3) 불일치,,,,SC_V1964_B064_043
부적당하다,형용사,4,L2,NIKL2023:단일일치 | 내부(김광해):경계(L3~L4) | 태그:공식대조(충돌),공식 근거(L2)와 DB(L3) 불일치,,,,SC_V1964_B064_048
부적절하다,형용사,4,L2,NIKL2023:단일일치 | 내부(김광해):경계(L3~L4) | 태그:공식대조(충돌),공식 근거(L2)와 DB(L3) 불일치,,,,SC_V1964_B064_049
부적합하다,형용사,3,L1,NIKL2023:단일일치 | 내부(김광해):경계(L1~L2) | 태그:공식대조(충돌),공식 근거(L1)와 DB(L2) 불일치,,,,SC_V1964_B064_050
부채춤,명사,4,L2,NIKL2023:단일일치 | 내부(김광해):경계(L3~L4) | 태그:공식대조(충돌),공식 근거(L2)와 DB(L3) 불일치,,,,SC_V1965_B065_006
부화기,명사,4,L2,NIKL2023:단일일치 | 내부(김광해):경계(L3~L4) | 태그:공식대조(충돌),공식 근거(L2)와 DB(L3) 불일치,,,,SC_V1965_B065_010
부흥,명사,4,L2,NIKL2023:단일일치 | 내부(김광해):경계(L3~L4) | 태그:공식대조(충돌),공식 근거(L2)와 DB(L3) 불일치,,,,SC_V1965_B065_011
북동,명사,4,L2,NIKL2023:단일일치 | 내부(김광해):경계(L3~L4) | 태그:공식대조(충돌),공식 근거(L2)와 DB(L3) 불일치,,,,SC_V1965_B065_015
북동쪽,명사,4,L2,NIKL2023:단일일치 | 내부(김광해):경계(L3~L4) | 태그:공식대조(충돌),공식 근거(L2)와 DB(L3) 불일치,,,,SC_V1965_B065_016
북받치다,동사,4,L2,NIKL2023:단일일치 | 내부(김광해):경계(L3~L4) | 태그:공식대조(충돌),공식 근거(L2)와 DB(L3) 불일치,,,,SC_V1965_B065_017
북엇국,명사,4,L2,NIKL2023:단일일치 | 내부(김광해):경계(L3~L4) | 태그:공식대조(충돌),공식 근거(L2)와 DB(L3) 불일치,,,,SC_V1965_B065_021
북장단,명사,4,L2,NIKL2023:단일일치 | 내부(김광해):경계(L3~L4) | 태그:공식대조(충돌),공식 근거(L2)와 DB(L3) 불일치,,,,SC_V1965_B065_022
분갈이,명사,4,L2,NIKL2023:단일일치 | 내부(김광해):경계(L3~L4) | 태그:공식대조(충돌),공식 근거(L2)와 DB(L3) 불일치,,,,SC_V1965_B065_024
분모,명사,3,L1,NIKL2023:단일일치 | 내부(김광해):경계(L1~L2) | 태그:207(레벨보류),일치,,,,SC_V1965_B065_030
분비되다,동사,4,L2,NIKL2023:단일일치 | 내부(김광해):경계(L3~L4) | 태그:공식대조(충돌),공식 근거(L2)와 DB(L3) 불일치,,,,SC_V1965_B065_031
분비물,명사,4,L2,NIKL2023:단일일치 | 내부(김광해):경계(L3~L4) | 태그:공식대조(충돌),공식 근거(L2)와 DB(L3) 불일치,,,,SC_V1965_B065_032
분지르다,동사,4,L2,NIKL2023:단일일치 | 내부(김광해):경계(L3~L4) | 태그:207(레벨보류),일치,,,,SC_V1965_B065_036
분해자,명사,4,L2,NIKL2023:단일일치 | 내부(김광해):경계(L3~L4) | 태그:공식대조(충돌),공식 근거(L2)와 DB(L3) 불일치,,,,SC_V1965_B065_039
분화구,명사,4,L2,NIKL2023:단일일치 | 내부(김광해):경계(L3~L4) | 태그:공식대조(충돌),공식 근거(L2)와 DB(L3) 불일치,,,,SC_V1965_B065_041
불가사의하다,형용사,4,L2,NIKL2023:단일일치 | 내부(김광해):경계(L3~L4) | 태그:공식대조(충돌),공식 근거(L2)와 DB(L3) 불일치,,,,SC_V1965_B065_043
불가피하다,형용사,4,L2,NIKL2023:단일일치 | 내부(김광해):제외(자동분류 범위 밖 - 수동 배치) | 태그:공식대조(충돌),공식 근거(L2)와 DB(L4) 불일치,,,,SR_L4CORE_4755
불건전하다,형용사,4,L2,NIKL2023:단일일치 | 내부(김광해):경계(L3~L4) | 태그:공식대조(충돌),공식 근거(L2)와 DB(L3) 불일치,,,,SC_V1965_B065_044
불공정하다,형용사,4,L2,NIKL2023:단일일치 | 내부(김광해):경계(L3~L4) | 태그:공식대조(충돌),공식 근거(L2)와 DB(L3) 불일치,,,,SC_V1965_B065_045
불균형하다,형용사,4,L2,NIKL2023:단일일치 | 내부(김광해):경계(L3~L4) | 태그:공식대조(충돌),공식 근거(L2)와 DB(L3) 불일치,,,,SC_V1965_B065_049
불그레하다,형용사,4,L2,NIKL2023:단일일치 | 내부(김광해):경계(L3~L4) | 태그:공식대조(충돌),공식 근거(L2)와 DB(L3) 불일치,,,,SC_V1965_B065_050
불길하다,형용사,2,L0,NIKL2023:단일일치 | 내부(김광해):L0 | 태그:78(뜻풀이위험),일치,,,,SC_V196_B006_034
불량품,명사,4,L2,NIKL2023:단일일치 | 내부(김광해):경계(L3~L4) | 태그:공식대조(충돌),공식 근거(L2)와 DB(L3) 불일치,,,,SC_V1966_B066_003
불러일으키다,동사,3,L1,NIKL2023:단일일치 | 내부(김광해):경계(L1~L2) | 태그:공식대조(충돌),공식 근거(L1)와 DB(L2) 불일치,,,,SC_V1966_B066_004
불만스럽다,형용사,3,L1,NIKL2023:단일일치 | 내부(김광해):경계(L1~L2) | 태그:207(레벨보류),일치,,,,SC_V1966_B066_006
불만족,명사,4,L2,NIKL2023:단일일치 | 내부(김광해):경계(L3~L4) | 태그:207(레벨보류),일치,,,,SC_V1966_B066_007
불볕더위,명사,4,L2,NIKL2023:단일일치 | 내부(김광해):경계(L3~L4) | 태그:207(레벨보류),일치,,,,SC_V1966_B066_010
불성실하다,형용사,3,L1,NIKL2023:단일일치 | 내부(김광해):경계(L1~L2) | 태그:207(레벨보류),일치,,,,SC_V1966_B066_011
불안감,명사,2,L0,NIKL2023:단일일치 | 내부(김광해):L0 | 태그:78(뜻풀이위험),일치,,,,SC_V196_B006_035
불안정하다,형용사,4,L2,NIKL2023:단일일치 | 내부(김광해):경계(L3~L4) | 태그:공식대조(충돌),공식 근거(L2)와 DB(L3) 불일치,,,,SC_V1966_B066_014
불완전하다,형용사,4,L2,NIKL2023:단일일치 | 내부(김광해):경계(L3~L4) | 태그:공식대조(충돌),공식 근거(L2)와 DB(L3) 불일치,,,,SC_V1966_B066_015
불참자,명사,4,L2,NIKL2023:단일일치 | 내부(김광해):경계(L3~L4) | 태그:공식대조(충돌),공식 근거(L2)와 DB(L3) 불일치,,,,SC_V1966_B066_019
불쾌지수,명사,4,L2,NIKL2023:단일일치 | 내부(김광해):경계(L3~L4) | 태그:공식대조(충돌),공식 근거(L2)와 DB(L3) 불일치,,,,SC_V1966_B066_023
불평등하다,형용사,4,L2,NIKL2023:단일일치 | 내부(김광해):경계(L3~L4) | 태그:공식대조(충돌),공식 근거(L2)와 DB(L3) 불일치,,,,SC_V1966_B066_025
불확실하다,형용사,4,L2,NIKL2023:단일일치 | 내부(김광해):경계(L3~L4) | 태그:공식대조(충돌),공식 근거(L2)와 DB(L3) 불일치,,,,SC_V1966_B066_031
붉어지다,동사,2,L0,NIKL2023:단일일치 | 내부(김광해):L0 | 태그:78(뜻풀이위험),일치,,,,SC_V196_B006_036
붙임성,명사,4,L2,NIKL2023:단일일치 | 내부(김광해):경계(L3~L4) | 태그:공식대조(충돌),공식 근거(L2)와 DB(L3) 불일치,,,,SC_V1966_B066_035
브랜드,명사,3,L1,NIKL2023:단일일치 | 내부(김광해):경계(L1~L2) | 태그:17(L2_PROVISIONAL_AUTO);공식대조(충돌),공식 근거(L1)와 DB(L2) 불일치,,,,SC_V1966_B066_037
브이,명사,4,L2,NIKL2023:단일일치 | 내부(김광해):경계(L3~L4) | 태그:공식대조(충돌),공식 근거(L2)와 DB(L3) 불일치,,,,SC_V1966_B066_038
블로그,명사,4,L2,NIKL2023:단일일치 | 내부(김광해):경계(L3~L4) | 태그:공식대조(충돌),공식 근거(L2)와 DB(L3) 불일치,,,,SC_V1966_B066_041
비공식,명사,4,L2,NIKL2023:단일일치 | 내부(김광해):경계(L3~L4) | 태그:공식대조(충돌),공식 근거(L2)와 DB(L3) 불일치,,,,SC_V1966_B066_042
비닐우산,명사,4,L2,NIKL2023:단일일치 | 내부(김광해):경계(L3~L4) | 태그:공식대조(충돌),공식 근거(L2)와 DB(L3) 불일치,,,,SC_V1966_B066_048
비단실,명사,4,L2,NIKL2023:단일일치 | 내부(김광해):경계(L3~L4) | 태그:공식대조(충돌),공식 근거(L2)와 DB(L3) 불일치,,,,SC_V1967_B067_001
비단옷,명사,4,L2,NIKL2023:단일일치 | 내부(김광해):경계(L3~L4) | 태그:207(레벨보류),일치,,,,SC_V1967_B067_002
비디오카메라,명사,4,L2,NIKL2023:단일일치 | 내부(김광해):경계(L3~L4) | 태그:공식대조(충돌),공식 근거(L2)와 DB(L3) 불일치,,,,SC_V1967_B067_004
비디오테이프,명사,4,L2,NIKL2023:단일일치 | 내부(김광해):경계(L3~L4) | 태그:공식대조(충돌),공식 근거(L2)와 DB(L3) 불일치,,,,SC_V1967_B067_005
비례식,명사,4,L2,NIKL2023:단일일치 | 내부(김광해):경계(L3~L4) | 태그:공식대조(충돌),공식 근거(L2)와 DB(L3) 불일치,,,,SC_V1967_B067_006
비범하다,형용사,4,L2,NIKL2023:단일일치 | 내부(김광해):경계(L3~L4) | 태그:207(레벨보류),일치,,,,SC_V1967_B067_016
비상구,명사,3,L1,NIKL2023:단일일치 | 내부(김광해):경계(L1~L2) | 태그:공식대조(충돌),공식 근거(L1)와 DB(L2) 불일치,,,,SC_V1967_B067_017
비상금,명사,4,L2,NIKL2023:단일일치 | 내부(김광해):경계(L3~L4) | 태그:공식대조(충돌),공식 근거(L2)와 DB(L3) 불일치,,,,SC_V1967_B067_018
비아냥거리다,동사,4,L2,NIKL2023:단일일치 | 내부(김광해):경계(L3~L4) | 태그:공식대조(충돌),공식 근거(L2)와 DB(L3) 불일치,,,,SC_V1967_B067_025
비취색,명사,4,L2,NIKL2023:단일일치 | 내부(김광해):경계(L3~L4) | 태그:207(레벨보류),일치,,,,SC_V1967_B067_030
비커,명사,4,L2,NIKL2023:단일일치 | 내부(김광해):경계(L3~L4) | 태그:공식대조(충돌),공식 근거(L2)와 DB(L3) 불일치,,,,SC_V1967_B067_032
비틀비틀,부사,2,L0,NIKL2023:단일일치 | 내부(김광해):L0 | 태그:78(뜻풀이위험),일치,,,,SC_V196_B006_043
비행사,명사,4,L2,NIKL2023:단일일치 | 내부(김광해):경계(L3~L4) | 태그:공식대조(충돌),공식 근거(L2)와 DB(L3) 불일치,,,,SC_V1967_B067_037
비행접시,명사,4,L2,NIKL2023:단일일치 | 내부(김광해):경계(L3~L4) | 태그:공식대조(충돌),공식 근거(L2)와 DB(L3) 불일치,,,,SC_V1967_B067_039
빈번히,부사,4,L2,NIKL2023:단일일치 | 내부(김광해):경계(L3~L4) | 태그:공식대조(충돌),공식 근거(L2)와 DB(L3) 불일치,,,,SC_V1967_B067_045
빈정거리다,동사,4,L2,NIKL2023:단일일치 | 내부(김광해):경계(L3~L4) | 태그:공식대조(충돌),공식 근거(L2)와 DB(L3) 불일치,,,,SC_V1967_B067_046
빙긋,부사,4,L2,NIKL2023:단일일치 | 내부(김광해):경계(L3~L4) | 태그:공식대조(충돌),공식 근거(L2)와 DB(L3) 불일치,,,,SC_V1968_B068_003
빙긋이,부사,4,L2,NIKL2023:단일일치 | 내부(김광해):경계(L3~L4) | 태그:공식대조(충돌),공식 근거(L2)와 DB(L3) 불일치,,,,SC_V1968_B068_004
빠르기,명사,4,L2,NIKL2023:단일일치 | 내부(김광해):경계(L3~L4) | 태그:공식대조(충돌),공식 근거(L2)와 DB(L3) 불일치,,,,SC_V1968_B068_007
빨래방,명사,4,L2,NIKL2023:단일일치 | 내부(김광해):경계(L3~L4) | 태그:공식대조(충돌),공식 근거(L2)와 DB(L3) 불일치,,,,SC_V1968_B068_009
빨래집게,명사,3,L1,NIKL2023:단일일치 | 내부(김광해):경계(L1~L2) | 태그:공식대조(충돌),공식 근거(L1)와 DB(L2) 불일치,,,,SC_V1968_B068_010
빨래판,명사,4,L2,NIKL2023:단일일치 | 내부(김광해):경계(L3~L4) | 태그:공식대조(충돌),공식 근거(L2)와 DB(L3) 불일치,,,,SC_V1968_B068_012
빨아올리다,동사,4,L2,NIKL2023:단일일치 | 내부(김광해):경계(L3~L4) | 태그:공식대조(충돌),공식 근거(L2)와 DB(L3) 불일치,,,,SC_V1968_B068_016
빵긋빵긋,부사,4,L2,NIKL2023:단일일치 | 내부(김광해):경계(L3~L4) | 태그:공식대조(충돌),공식 근거(L2)와 DB(L3) 불일치,,,,SC_V1968_B068_017
빼곡하다,형용사,4,L2,NIKL2023:단일일치 | 내부(김광해):경계(L3~L4) | 태그:공식대조(충돌),공식 근거(L2)와 DB(L3) 불일치,,,,SC_V1968_B068_020
뻐꾸기시계,명사,4,L2,NIKL2023:단일일치 | 내부(김광해):경계(L3~L4) | 태그:공식대조(충돌),공식 근거(L2)와 DB(L3) 불일치,,,,SC_V1968_B068_024
뼈마디,명사,4,L2,NIKL2023:단일일치 | 내부(김광해):경계(L3~L4) | 태그:공식대조(충돌),공식 근거(L2)와 DB(L3) 불일치,,,,SC_V1968_B068_030
뽕잎,명사,4,L2,NIKL2023:단일일치 | 내부(김광해):경계(L3~L4) | 태그:공식대조(충돌),공식 근거(L2)와 DB(L3) 불일치,,,,SC_V1968_B068_032
뾰로통하다,형용사,4,L2,NIKL2023:단일일치 | 내부(김광해):경계(L3~L4) | 태그:공식대조(충돌),공식 근거(L2)와 DB(L3) 불일치,,,,SC_V1968_B068_033
뿌리내리다,동사,4,L2,NIKL2023:단일일치 | 내부(김광해):경계(L3~L4) | 태그:공식대조(충돌),공식 근거(L2)와 DB(L3) 불일치,,,,SC_V1968_B068_036
뿔나다,동사,4,L2,NIKL2023:단일일치 | 내부(김광해):경계(L3~L4) | 태그:207(레벨보류),일치,,,,SC_V1968_B068_037
삐걱거리다,동사,2,L0,NIKL2023:단일일치 | 내부(김광해):L0 | 태그:78(뜻풀이위험),일치,,,,SC_V196_B006_048
삐걱삐걱,부사,2,L0,NIKL2023:단일일치 | 내부(김광해):L0 | 태그:78(뜻풀이위험),일치,,,,SC_V196_B006_049
삐죽거리다,동사,4,L2,NIKL2023:단일일치 | 내부(김광해):경계(L3~L4) | 태그:공식대조(충돌),공식 근거(L2)와 DB(L3) 불일치,,,,SC_V1968_B068_044
사각뿔,명사,4,L2,NIKL2023:단일일치 | 내부(김광해):경계(L3~L4) | 태그:공식대조(충돌),공식 근거(L2)와 DB(L3) 불일치,,,,SC_V1968_B068_045
사다리꼴,명사,4,L2,NIKL2023:단일일치 | 내부(김광해):경계(L3~L4) | 태그:공식대조(충돌),공식 근거(L2)와 DB(L3) 불일치,,,,SC_V1969_B069_004
사대문,명사,4,L2,NIKL2023:단일일치 | 내부(김광해):경계(L3~L4) | 태그:공식대조(충돌),공식 근거(L2)와 DB(L3) 불일치,,,,SC_V1969_B069_005
사무국,명사,4,L2,NIKL2023:단일일치 | 내부(김광해):경계(L3~L4) | 태그:공식대조(충돌),공식 근거(L2)와 DB(L3) 불일치,,,,SC_V1969_B069_014
사무라이,명사,4,L2,NIKL2023:단일일치 | 내부(김광해):경계(L3~L4) | 태그:공식대조(충돌),공식 근거(L2)와 DB(L3) 불일치,,,,SC_V1969_B069_015
사무직,명사,4,L2,NIKL2023:단일일치 | 내부(김광해):경계(L3~L4) | 태그:공식대조(충돌),공식 근거(L2)와 DB(L3) 불일치,,,,SC_V1969_B069_017
사물놀이,명사,4,L2,NIKL2023:단일일치 | 내부(김광해):경계(L3~L4) | 태그:공식대조(충돌),공식 근거(L2)와 DB(L3) 불일치,,,,SC_V1969_B069_019
사법부,명사,4,L2,NIKL2023:단일일치 | 내부(김광해):경계(L3~L4) | 태그:공식대조(충돌),공식 근거(L2)와 DB(L3) 불일치,,,,SC_V1969_B069_021
사사로이,부사,4,L2,NIKL2023:단일일치 | 내부(김광해):경계(L3~L4) | 태그:공식대조(충돌),공식 근거(L2)와 DB(L3) 불일치,,,,SC_V1969_B069_022
사사롭다,형용사,4,L2,NIKL2023:단일일치 | 내부(김광해):경계(L3~L4) | 태그:공식대조(충돌),공식 근거(L2)와 DB(L3) 불일치,,,,SC_V1969_B069_023
사상가,명사,4,L2,NIKL2023:단일일치 | 내부(김광해):경계(L3~L4) | 태그:공식대조(충돌),공식 근거(L2)와 DB(L3) 불일치,,,,SC_V1969_B069_024
사이트,명사,3,L1,NIKL2023:단일일치 | 내부(김광해):경계(L1~L2) | 태그:17(L2_PROVISIONAL_AUTO);공식대조(충돌),공식 근거(L1)와 DB(L2) 불일치,,,,SC_V1969_B069_034
사임하다,동사,4,L2,NIKL2023:단일일치 | 내부(김광해):경계(L3~L4) | 태그:공식대조(충돌),공식 근거(L2)와 DB(L3) 불일치,,,,SC_V1969_B069_035
사자탈,명사,4,L2,NIKL2023:단일일치 | 내부(김광해):경계(L3~L4) | 태그:공식대조(충돌),공식 근거(L2)와 DB(L3) 불일치,,,,SC_V1969_B069_036
사적지,명사,4,L2,NIKL2023:단일일치 | 내부(김광해):경계(L3~L4) | 태그:공식대조(충돌),공식 근거(L2)와 DB(L3) 불일치,,,,SC_V1969_B069_037
사절단,명사,4,L2,NIKL2023:단일일치 | 내부(김광해):경계(L3~L4) | 태그:공식대조(충돌),공식 근거(L2)와 DB(L3) 불일치,,,,SC_V1969_B069_038
사정사정하다,동사,4,L2,NIKL2023:단일일치 | 내부(김광해):경계(L3~L4) | 태그:공식대조(충돌),공식 근거(L2)와 DB(L3) 불일치,,,,SC_V1969_B069_040
사진틀,명사,4,L2,NIKL2023:단일일치 | 내부(김광해):경계(L3~L4) | 태그:공식대조(충돌),공식 근거(L2)와 DB(L3) 불일치,,,,SC_V1969_B069_045
사치스럽다,형용사,3,L1,NIKL2023:단일일치 | 내부(김광해):경계(L1~L2) | 태그:207(레벨보류);공식대조(충돌),공식 근거(L1)와 DB(L2) 불일치,,,,SC_V1969_B069_046
사포질,명사,4,L2,NIKL2023:단일일치 | 내부(김광해):경계(L3~L4) | 태그:공식대조(충돌),공식 근거(L2)와 DB(L3) 불일치,,,,SC_V1969_B069_047
사회과,명사,4,L2,NIKL2023:단일일치 | 내부(김광해):경계(L3~L4) | 태그:공식대조(충돌),공식 근거(L2)와 DB(L4) 불일치,,,,SC_V1969_B069_050
사회면,명사,4,L2,NIKL2023:단일일치 | 내부(김광해):경계(L3~L4) | 태그:공식대조(충돌),공식 근거(L2)와 DB(L3) 불일치,,,,SC_V1970_B070_001
사후,명사,다중,다중후보(L2/경계(L3~L4)),NIKL2023:다중후보 | 내부(김광해):제외(자동분류 범위 밖 - 수동 배치) | 태그:공식대조(다중의미위험),공식 등급 후보 상이(동형이의),,,,SR_L5CORE_4920
산바람,명사,4,L2,NIKL2023:단일일치 | 내부(김광해):경계(L3~L4) | 태그:공식대조(충돌),공식 근거(L2)와 DB(L3) 불일치,,,,SC_V1970_B070_013
산수화,명사,4,L2,NIKL2023:단일일치 | 내부(김광해):경계(L3~L4) | 태그:공식대조(충돌),공식 근거(L2)와 DB(L3) 불일치,,,,SC_V1970_B070_022
산신령,명사,4,L2,NIKL2023:단일일치 | 내부(김광해):경계(L3~L4) | 태그:공식대조(충돌),공식 근거(L2)와 DB(L3) 불일치,,,,SC_V1970_B070_023
산해진미,명사,4,L2,NIKL2023:단일일치 | 내부(김광해):경계(L3~L4) | 태그:공식대조(충돌),공식 근거(L2)와 DB(L3) 불일치,,,,SC_V1970_B070_031
산호초,명사,3,L1,NIKL2023:단일일치 | 내부(김광해):경계(L1~L2) | 태그:공식대조(충돌),공식 근거(L1)와 DB(L2) 불일치,,,,SC_V1970_B070_032
살균,명사,4,L2,NIKL2023:단일일치 | 내부(김광해):경계(L3~L4) | 태그:공식대조(충돌),공식 근거(L2)와 DB(L3) 불일치,,,,SC_V1970_B070_036
살래살래,부사,4,L2,NIKL2023:단일일치 | 내부(김광해):경계(L3~L4) | 태그:공식대조(충돌),공식 근거(L2)와 DB(L3) 불일치,,,,SC_V1970_B070_039
살충제,명사,4,L2,NIKL2023:단일일치 | 내부(김광해):경계(L3~L4) | 태그:공식대조(충돌),공식 근거(L2)와 DB(L3) 불일치,,,,SC_V1970_B070_048
삼각대,명사,4,L2,NIKL2023:단일일치 | 내부(김광해):경계(L3~L4) | 태그:공식대조(충돌),공식 근거(L2)와 DB(L3) 불일치,,,,SC_V1971_B071_001
삼각뿔,명사,4,L2,NIKL2023:단일일치 | 내부(김광해):경계(L3~L4) | 태그:공식대조(충돌),공식 근거(L2)와 DB(L3) 불일치,,,,SC_V1971_B071_002
삼권,명사,4,L2,NIKL2023:단일일치 | 내부(김광해):경계(L3~L4) | 태그:공식대조(충돌),공식 근거(L2)와 DB(L3) 불일치,,,,SC_V1971_B071_005
삼림,명사,4,L2,NIKL2023:단일일치 | 내부(김광해):경계(L3~L4) | 태그:공식대조(충돌),공식 근거(L2)와 DB(L3) 불일치,,,,SC_V1971_B071_007
삼원색,명사,4,L2,NIKL2023:단일일치 | 내부(김광해):경계(L3~L4) | 태그:공식대조(충돌),공식 근거(L2)와 DB(L3) 불일치,,,,SC_V1971_B071_011
삼팔선,명사,4,L2,NIKL2023:단일일치 | 내부(김광해):경계(L3~L4) | 태그:공식대조(충돌),공식 근거(L2)와 DB(L3) 불일치,,,,SC_V1971_B071_012
상담소,명사,4,L2,NIKL2023:단일일치 | 내부(김광해):경계(L3~L4) | 태그:공식대조(충돌),공식 근거(L2)와 DB(L3) 불일치,,,,SC_V1971_B071_018
상반기,명사,4,L2,NIKL2023:단일일치 | 내부(김광해):경계(L3~L4) | 태그:공식대조(충돌),공식 근거(L2)와 DB(L3) 불일치,,,,SC_V1971_B071_022
상부상조하다,동사,4,L2,NIKL2023:단일일치 | 내부(김광해):경계(L3~L4) | 태그:공식대조(충돌),공식 근거(L2)와 DB(L3) 불일치,,,,SC_V1971_B071_024
상상화,명사,4,L2,NIKL2023:단일일치 | 내부(김광해):경계(L3~L4) | 태그:공식대조(충돌),공식 근거(L2)와 DB(L3) 불일치,,,,SC_V1971_B071_026
상수도,명사,4,L2,NIKL2023:단일일치 | 내부(김광해):경계(L3~L4) | 태그:공식대조(충돌),공식 근거(L2)와 DB(L3) 불일치,,,,SC_V1971_B071_028
상영되다,동사,4,L2,NIKL2023:단일일치 | 내부(김광해):경계(L3~L4) | 태그:공식대조(충돌),공식 근거(L2)와 DB(L3) 불일치,,,,SC_V1971_B071_033
상품,,-,해당없음,NIKL2023:표제어만일치 | 내부(김광해):제외(자동분류 범위 밖 - 수동 배치) | 태그:78(뜻풀이위험),공식근거없음(표제어만일치),,,,SR_L6EVIDENCEV1_5749
상품권,명사,3,L1,NIKL2023:단일일치 | 내부(김광해):경계(L1~L2) | 태그:17(L2_PROVISIONAL_AUTO);공식대조(충돌),공식 근거(L1)와 DB(L2) 불일치,,,,SC_V1971_B071_036
상품성,명사,4,L2,NIKL2023:단일일치 | 내부(김광해):경계(L3~L4) | 태그:공식대조(충돌),공식 근거(L2)와 DB(L3) 불일치,,,,SC_V1971_B071_038
상품화,명사,4,L2,NIKL2023:단일일치 | 내부(김광해):경계(L3~L4) | 태그:공식대조(충돌),공식 근거(L2)와 DB(L3) 불일치,,,,SC_V1971_B071_039
상품화되다,동사,4,L2,NIKL2023:단일일치 | 내부(김광해):경계(L3~L4) | 태그:공식대조(충돌),공식 근거(L2)와 DB(L3) 불일치,,,,SC_V1971_B071_040
상현달,명사,4,L2,NIKL2023:단일일치 | 내부(김광해):경계(L3~L4) | 태그:공식대조(충돌),공식 근거(L2)와 DB(L3) 불일치,,,,SC_V1971_B071_041
새우구이,명사,3,L1,NIKL2023:단일일치 | 내부(김광해):경계(L1~L2) | 태그:207(레벨보류),일치,,,,SC_V1972_B072_001
새우볶음,명사,4,L2,NIKL2023:단일일치 | 내부(김광해):경계(L3~L4) | 태그:공식대조(충돌),공식 근거(L2)와 DB(L3) 불일치,,,,SC_V1972_B072_002
새우젓,명사,4,L2,NIKL2023:단일일치 | 내부(김광해):경계(L3~L4) | 태그:공식대조(충돌),공식 근거(L2)와 DB(L3) 불일치,,,,SC_V1972_B072_003
새우튀김,명사,4,L2,NIKL2023:단일일치 | 내부(김광해):경계(L3~L4) | 태그:207(레벨보류),일치,,,,SC_V1972_B072_004
색출하다,동사,4,L2,NIKL2023:단일일치 | 내부(김광해):경계(L3~L4) | 태그:공식대조(충돌),공식 근거(L2)와 DB(L3) 불일치,,,,SC_V1972_B072_013
샘플,명사,3,L1,NIKL2023:단일일치 | 내부(김광해):경계(L1~L2) | 태그:17(L2_PROVISIONAL_AUTO);공식대조(충돌),공식 근거(L1)와 DB(L2) 불일치,,,,SC_V1972_B072_019
생강차,명사,4,L2,NIKL2023:단일일치 | 내부(김광해):경계(L3~L4) | 태그:공식대조(충돌),공식 근거(L2)와 DB(L3) 불일치,,,,SC_V1972_B072_020
생긋,부사,4,L2,NIKL2023:단일일치 | 내부(김광해):경계(L3~L4) | 태그:공식대조(충돌),공식 근거(L2)와 DB(L3) 불일치,,,,SC_V1972_B072_025
생리대,명사,4,L2,NIKL2023:단일일치 | 내부(김광해):경계(L3~L4) | 태그:공식대조(충돌),공식 근거(L2)와 DB(L3) 불일치,,,,SC_V1972_B072_028
생방송,명사,3,L1,NIKL2023:단일일치 | 내부(김광해):경계(L1~L2) | 태그:17(L2_PROVISIONAL_AUTO);공식대조(충돌),공식 근거(L1)와 DB(L2) 불일치,,,,SC_V1972_B072_033
생산량,명사,4,L2,NIKL2023:단일일치 | 내부(김광해):경계(L3~L4) | 태그:공식대조(충돌),공식 근거(L2)와 DB(L3) 불일치,,,,SC_V1972_B072_034
생산력,명사,4,L2,NIKL2023:단일일치 | 내부(김광해):경계(L3~L4) | 태그:공식대조(충돌),공식 근거(L2)와 DB(L3) 불일치,,,,SC_V1972_B072_035
생산물,명사,4,L2,NIKL2023:단일일치 | 내부(김광해):경계(L3~L4) | 태그:공식대조(충돌),공식 근거(L2)와 DB(L3) 불일치,,,,SC_V1972_B072_036
생산비,명사,4,L2,NIKL2023:단일일치 | 내부(김광해):경계(L3~L4) | 태그:공식대조(충돌),공식 근거(L2)와 DB(L4) 불일치,,,,SC_V1972_B072_037
생산지,명사,4,L2,NIKL2023:단일일치 | 내부(김광해):경계(L3~L4) | 태그:공식대조(충돌),공식 근거(L2)와 DB(L3) 불일치,,,,SC_V1972_B072_038
생산품,명사,4,L2,NIKL2023:단일일치 | 내부(김광해):경계(L3~L4) | 태그:공식대조(충돌),공식 근거(L2)와 DB(L3) 불일치,,,,SC_V1972_B072_039
생선회,명사,4,L2,NIKL2023:단일일치 | 내부(김광해):경계(L3~L4) | 태그:공식대조(충돌),공식 근거(L2)와 DB(L3) 불일치,,,,SC_V1972_B072_041
생이별,명사,4,L2,NIKL2023:단일일치 | 내부(김광해):경계(L3~L4) | 태그:공식대조(충돌),공식 근거(L2)와 DB(L3) 불일치,,,,SC_V1972_B072_043
생일잔치하다,동사,4,L2,NIKL2023:단일일치 | 내부(김광해):경계(L3~L4) | 태그:공식대조(충돌),공식 근거(L2)와 DB(L3) 불일치,,,,SC_V1972_B072_045
생지옥,명사,4,L2,NIKL2023:단일일치 | 내부(김광해):경계(L3~L4) | 태그:공식대조(충돌),공식 근거(L2)와 DB(L3) 불일치,,,,SC_V1972_B072_049
생채기,명사,4,L2,NIKL2023:단일일치 | 내부(김광해):경계(L3~L4) | 태그:공식대조(충돌),공식 근거(L2)와 DB(L3) 불일치,,,,SC_V1972_B072_050
생활고,명사,4,L2,NIKL2023:단일일치 | 내부(김광해):경계(L3~L4) | 태그:공식대조(충돌),공식 근거(L2)와 DB(L3) 불일치,,,,SC_V1973_B073_003
생활필수품,명사,4,L2,NIKL2023:단일일치 | 내부(김광해):경계(L3~L4) | 태그:공식대조(충돌),공식 근거(L2)와 DB(L3) 불일치,,,,SC_V1973_B073_006
생활화,명사,4,L2,NIKL2023:단일일치 | 내부(김광해):경계(L3~L4) | 태그:공식대조(충돌),공식 근거(L2)와 DB(L3) 불일치,,,,SC_V1973_B073_007
생활화되다,동사,4,L2,NIKL2023:단일일치 | 내부(김광해):경계(L3~L4) | 태그:공식대조(충돌),공식 근거(L2)와 DB(L3) 불일치,,,,SC_V1973_B073_008
생활화하다,동사,4,L2,NIKL2023:단일일치 | 내부(김광해):경계(L3~L4) | 태그:공식대조(충돌),공식 근거(L2)와 DB(L3) 불일치,,,,SC_V1973_B073_009
샤쓰,명사,4,L2,NIKL2023:단일일치 | 내부(김광해):경계(L3~L4) | 태그:공식대조(충돌),공식 근거(L2)와 DB(L3) 불일치,,,,SC_V1973_B073_010
샤프펜슬,명사,4,L2,NIKL2023:단일일치 | 내부(김광해):경계(L3~L4) | 태그:공식대조(충돌),공식 근거(L2)와 DB(L3) 불일치,,,,SC_V1973_B073_012
서낭당,명사,4,L2,NIKL2023:단일일치 | 내부(김광해):경계(L3~L4) | 태그:공식대조(충돌),공식 근거(L2)와 DB(L3) 불일치,,,,SC_V1973_B073_016
서너,관형사,4,L2,NIKL2023:단일일치 | 내부(김광해):경계(L3~L4) | 태그:207(레벨보류),일치,,,,SC_V1973_B073_017
서대문,명사,4,L2,NIKL2023:단일일치 | 내부(김광해):경계(L3~L4) | 태그:공식대조(충돌),공식 근거(L2)와 DB(L3) 불일치,,,,SC_V1973_B073_019
서브,명사,3,L1,NIKL2023:단일일치 | 내부(김광해):경계(L1~L2) | 태그:공식대조(충돌),공식 근거(L1)와 DB(L2) 불일치,,,,SC_V1973_B073_023
서예가,명사,4,L2,NIKL2023:단일일치 | 내부(김광해):경계(L3~L4) | 태그:공식대조(충돌),공식 근거(L2)와 DB(L3) 불일치,,,,SC_V1973_B073_034
서책,명사,4,L2,NIKL2023:단일일치 | 내부(김광해):경계(L3~L4) | 태그:공식대조(충돌),공식 근거(L2)와 DB(L3) 불일치,,,,SC_V1973_B073_036
서클,명사,4,L2,NIKL2023:단일일치 | 내부(김광해):경계(L3~L4) | 태그:공식대조(충돌),공식 근거(L2)와 DB(L3) 불일치,,,,SC_V1973_B073_038
석불,명사,4,L2,NIKL2023:단일일치 | 내부(김광해):경계(L3~L4) | 태그:공식대조(충돌),공식 근거(L2)와 DB(L3) 불일치,,,,SC_V1973_B073_043
석빙고,명사,4,L2,NIKL2023:단일일치 | 내부(김광해):경계(L3~L4) | 태그:공식대조(충돌),공식 근거(L2)와 DB(L3) 불일치,,,,SC_V1973_B073_044
선명히,부사,4,L2,NIKL2023:단일일치 | 내부(김광해):경계(L3~L4) | 태그:공식대조(충돌),공식 근거(L2)와 DB(L3) 불일치,,,,SC_V1974_B074_001
선수권,명사,4,L2,NIKL2023:단일일치 | 내부(김광해):경계(L3~L4) | 태그:공식대조(충돌),공식 근거(L2)와 DB(L3) 불일치,,,,SC_V1974_B074_005
선임되다,동사,4,L2,NIKL2023:단일일치 | 내부(김광해):경계(L3~L4) | 태그:공식대조(충돌),공식 근거(L2)와 DB(L3) 불일치,,,,SC_V1974_B074_008
선입견,명사,4,L2,NIKL2023:단일일치 | 내부(김광해):경계(L3~L4) | 태그:공식대조(충돌),공식 근거(L2)와 DB(L3) 불일치,,,,SC_V1974_B074_009
선전탑,명사,4,L2,NIKL2023:단일일치 | 내부(김광해):경계(L3~L4) | 태그:공식대조(충돌),공식 근거(L2)와 DB(L3) 불일치,,,,SC_V1974_B074_010
선호도,명사,4,L2,NIKL2023:단일일치 | 내부(김광해):경계(L3~L4) | 태그:공식대조(충돌),공식 근거(L2)와 DB(L3) 불일치,,,,SC_V1974_B074_018
설립되다,동사,4,L2,NIKL2023:단일일치 | 내부(김광해):경계(L3~L4) | 태그:공식대조(충돌),공식 근거(L2)와 DB(L3) 불일치,,,,SC_V1974_B074_024
설명문,명사,4,L2,NIKL2023:단일일치 | 내부(김광해):경계(L3~L4) | 태그:공식대조(충돌),공식 근거(L2)와 DB(L3) 불일치,,,,SC_V1974_B074_026
설문지,명사,4,L2,NIKL2023:단일일치 | 내부(김광해):경계(L3~L4) | 태그:공식대조(충돌),공식 근거(L2)와 DB(L3) 불일치,,,,SC_V1974_B074_027
설빔,명사,4,L2,NIKL2023:단일일치 | 내부(김광해):경계(L3~L4) | 태그:공식대조(충돌),공식 근거(L2)와 DB(L3) 불일치,,,,SC_V1974_B074_028
설상가상,명사,4,L2,NIKL2023:단일일치 | 내부(김광해):경계(L3~L4) | 태그:공식대조(충돌),공식 근거(L2)와 DB(L3) 불일치,,,,SC_V1974_B074_029
섧다,형용사,4,L2,NIKL2023:단일일치 | 내부(김광해):경계(L3~L4) | 태그:207(레벨보류),일치,,,,SC_V1974_B074_032
성교육,명사,4,L2,NIKL2023:단일일치 | 내부(김광해):경계(L3~L4) | 태그:공식대조(충돌),공식 근거(L2)와 DB(L3) 불일치,,,,SC_V1974_B074_038
성대히,부사,4,L2,NIKL2023:단일일치 | 내부(김광해):경계(L3~L4) | 태그:207(레벨보류),일치,,,,SC_V1974_B074_043
성명서,명사,4,L2,NIKL2023:단일일치 | 내부(김광해):경계(L3~L4) | 태그:공식대조(충돌),공식 근거(L2)와 DB(L3) 불일치,,,,SC_V1974_B074_044
성악곡,명사,4,L2,NIKL2023:단일일치 | 내부(김광해):경계(L3~L4) | 태그:공식대조(충돌),공식 근거(L2)와 DB(L3) 불일치,,,,SC_V1974_B074_049
성취도,명사,4,L2,NIKL2023:단일일치 | 내부(김광해):경계(L3~L4) | 태그:공식대조(충돌),공식 근거(L2)와 DB(L3) 불일치,,,,SC_V1975_B075_002
성평등,명사,4,L2,NIKL2023:단일일치 | 내부(김광해):경계(L3~L4) | 태그:공식대조(충돌),공식 근거(L2)와 DB(L3) 불일치,,,,SC_V1975_B075_006
성향,명사,4,L2,NIKL2023:단일일치 | 내부(김광해):제외(자동분류 범위 밖 - 수동 배치) | 태그:공식대조(충돌),공식 근거(L2)와 DB(L5) 불일치,,,,SR_L5CORE_4934
세계화하다,동사,4,L2,NIKL2023:단일일치 | 내부(김광해):경계(L3~L4) | 태그:공식대조(충돌),공식 근거(L2)와 DB(L3) 불일치,,,,SC_V1975_B075_011
세관원,명사,4,L2,NIKL2023:단일일치 | 내부(김광해):경계(L3~L4) | 태그:207(레벨보류);공식대조(충돌),공식 근거(L2)와 DB(L3) 불일치,,,,SC_V1975_B075_012
세정제,명사,4,L2,NIKL2023:단일일치 | 내부(김광해):경계(L3~L4) | 태그:공식대조(충돌),공식 근거(L2)와 DB(L3) 불일치,,,,SC_V1975_B075_027
세트장,명사,4,L2,NIKL2023:단일일치 | 내부(김광해):경계(L3~L4) | 태그:공식대조(충돌),공식 근거(L2)와 DB(L3) 불일치,,,,SC_V1975_B075_031
센서,명사,3,L1,NIKL2023:단일일치 | 내부(김광해):경계(L1~L2) | 태그:17(L2_PROVISIONAL_AUTO);공식대조(충돌),공식 근거(L1)와 DB(L2) 불일치,,,,SC_V1975_B075_032
셀로판,명사,4,L2,NIKL2023:단일일치 | 내부(김광해):경계(L3~L4) | 태그:공식대조(충돌),공식 근거(L2)와 DB(L3) 불일치,,,,SC_V1975_B075_034
셀로판지,명사,4,L2,NIKL2023:단일일치 | 내부(김광해):경계(L3~L4) | 태그:공식대조(충돌),공식 근거(L2)와 DB(L3) 불일치,,,,SC_V1975_B075_035
셀프,명사,4,L2,NIKL2023:단일일치 | 내부(김광해):경계(L3~L4) | 태그:공식대조(충돌),공식 근거(L2)와 DB(L3) 불일치,,,,SC_V1975_B075_036
셔틀,명사,4,L2,NIKL2023:단일일치 | 내부(김광해):경계(L3~L4) | 태그:공식대조(충돌),공식 근거(L2)와 DB(L3) 불일치,,,,SC_V1975_B075_037
소각장,명사,4,L2,NIKL2023:단일일치 | 내부(김광해):경계(L3~L4) | 태그:공식대조(충돌),공식 근거(L2)와 DB(L3) 불일치,,,,SC_V1975_B075_038
소개업,명사,4,L2,NIKL2023:단일일치 | 내부(김광해):경계(L3~L4) | 태그:공식대조(충돌),공식 근거(L2)와 DB(L3) 불일치,,,,SC_V1975_B075_040
소곤거리다,동사,4,L2,NIKL2023:단일일치 | 내부(김광해):경계(L3~L4) | 태그:공식대조(충돌),공식 근거(L2)와 DB(L3) 불일치,,,,SC_V1975_B075_041
소낙비,명사,4,L2,NIKL2023:단일일치 | 내부(김광해):경계(L3~L4) | 태그:공식대조(충돌),공식 근거(L2)와 DB(L3) 불일치,,,,SC_V1975_B075_046
소도구,명사,4,L2,NIKL2023:단일일치 | 내부(김광해):경계(L3~L4) | 태그:공식대조(충돌),공식 근거(L2)와 DB(L3) 불일치,,,,SC_V1975_B075_049
소리글자,명사,4,L2,NIKL2023:단일일치 | 내부(김광해):경계(L3~L4) | 태그:공식대조(충돌),공식 근거(L2)와 DB(L3) 불일치,,,,SC_V1976_B076_002
소비재,명사,4,L2,NIKL2023:단일일치 | 내부(김광해):경계(L3~L4) | 태그:공식대조(충돌),공식 근거(L2)와 DB(L3) 불일치,,,,SC_V1976_B076_008
소스라치다,동사,4,L2,NIKL2023:단일일치 | 내부(김광해):경계(L3~L4) | 태그:공식대조(충돌),공식 근거(L2)와 DB(L3) 불일치,,,,SC_V1976_B076_012
소시민,명사,4,L2,NIKL2023:단일일치 | 내부(김광해):경계(L3~L4) | 태그:공식대조(충돌),공식 근거(L2)와 DB(L4) 불일치,,,,SC_V1976_B076_013
소신껏,부사,4,L2,NIKL2023:단일일치 | 내부(김광해):경계(L3~L4) | 태그:공식대조(충돌),공식 근거(L2)와 DB(L3) 불일치,,,,SC_V1976_B076_015
소유권,명사,4,L2,NIKL2023:단일일치 | 내부(김광해):경계(L3~L4) | 태그:공식대조(충돌),공식 근거(L2)와 DB(L4) 불일치,,,,SC_V1976_B076_023
소작인,명사,4,L2,NIKL2023:단일일치 | 내부(김광해):경계(L3~L4) | 태그:공식대조(충돌),공식 근거(L2)와 DB(L3) 불일치,,,,SC_V1976_B076_025
소행성,명사,4,L2,NIKL2023:단일일치 | 내부(김광해):경계(L3~L4) | 태그:공식대조(충돌),공식 근거(L2)와 DB(L4) 불일치,,,,SC_V1976_B076_033
소화액,명사,4,L2,NIKL2023:단일일치 | 내부(김광해):경계(L3~L4) | 태그:공식대조(충돌),공식 근거(L2)와 DB(L3) 불일치,,,,SC_V1976_B076_036
속내,명사,4,L2,NIKL2023:단일일치 | 내부(김광해):경계(L3~L4) | 태그:공식대조(충돌),공식 근거(L2)와 DB(L3) 불일치,,,,SC_V1976_B076_037
속닥속닥,부사,4,L2,NIKL2023:단일일치 | 내부(김광해):경계(L3~L4) | 태그:공식대조(충돌),공식 근거(L2)와 DB(L3) 불일치,,,,SC_V1976_B076_039
속수무책,명사,4,L2,NIKL2023:단일일치 | 내부(김광해):경계(L3~L4) | 태그:공식대조(충돌),공식 근거(L2)와 DB(L3) 불일치,,,,SC_V1976_B076_042
속치마,명사,4,L2,NIKL2023:단일일치 | 내부(김광해):경계(L3~L4) | 태그:공식대조(충돌),공식 근거(L2)와 DB(L3) 불일치,,,,SC_V1976_B076_044
솎다,동사,4,L2,NIKL2023:단일일치 | 내부(김광해):경계(L3~L4) | 태그:공식대조(충돌),공식 근거(L2)와 DB(L3) 불일치,,,,SC_V1976_B076_045
솎아베기,명사,4,L2,NIKL2023:단일일치 | 내부(김광해):경계(L3~L4) | 태그:공식대조(충돌),공식 근거(L2)와 DB(L3) 불일치,,,,SC_V1976_B076_046
손날,명사,4,L2,NIKL2023:단일일치 | 내부(김광해):경계(L3~L4) | 태그:공식대조(충돌),공식 근거(L2)와 DB(L3) 불일치,,,,SC_V1977_B077_001
손도장,명사,4,L2,NIKL2023:단일일치 | 내부(김광해):경계(L3~L4) | 태그:공식대조(충돌),공식 근거(L2)와 DB(L3) 불일치,,,,SC_V1977_B077_005
손바느질,명사,4,L2,NIKL2023:단일일치 | 내부(김광해):경계(L3~L4) | 태그:공식대조(충돌),공식 근거(L2)와 DB(L3) 불일치,,,,SC_V1977_B077_007
손빨래,명사,4,L2,NIKL2023:단일일치 | 내부(김광해):경계(L3~L4) | 태그:공식대조(충돌),공식 근거(L2)와 DB(L3) 불일치,,,,SC_V1977_B077_008
손사래,명사,4,L2,NIKL2023:단일일치 | 내부(김광해):경계(L3~L4) | 태그:공식대조(충돌),공식 근거(L2)와 DB(L3) 불일치,,,,SC_V1977_B077_009
손아랫사람,명사,4,L2,NIKL2023:단일일치 | 내부(김광해):경계(L3~L4) | 태그:공식대조(충돌),공식 근거(L2)와 DB(L3) 불일치,,,,SC_V1977_B077_014
손윗사람,명사,4,L2,NIKL2023:단일일치 | 내부(김광해):경계(L3~L4) | 태그:공식대조(충돌),공식 근거(L2)와 DB(L3) 불일치,,,,SC_V1977_B077_015
솔선수범하다,동사,4,L2,NIKL2023:단일일치 | 내부(김광해):경계(L3~L4) | 태그:공식대조(충돌),공식 근거(L2)와 DB(L3) 불일치,,,,SC_V1977_B077_022
솜이불,명사,2,L0,NIKL2023:단일일치 | 내부(김광해):L0 | 태그:78(뜻풀이위험),일치,,,,SC_V197_B007_027
송골송골,부사,4,L2,NIKL2023:단일일치 | 내부(김광해):경계(L3~L4) | 태그:공식대조(충돌),공식 근거(L2)와 DB(L3) 불일치,,,,SC_V1977_B077_029
송구스럽다,형용사,4,L2,NIKL2023:단일일치 | 내부(김광해):경계(L3~L4) | 태그:공식대조(충돌),공식 근거(L2)와 DB(L3) 불일치,,,,SC_V1977_B077_032
송신기,명사,4,L2,NIKL2023:단일일치 | 내부(김광해):경계(L3~L4) | 태그:공식대조(충돌),공식 근거(L2)와 DB(L3) 불일치,,,,SC_V1977_B077_035
송신탑,명사,4,L2,NIKL2023:단일일치 | 내부(김광해):경계(L3~L4) | 태그:공식대조(충돌),공식 근거(L2)와 DB(L3) 불일치,,,,SC_V1977_B077_036
송유관,명사,4,L2,NIKL2023:단일일치 | 내부(김광해):경계(L3~L4) | 태그:공식대조(충돌),공식 근거(L2)와 DB(L3) 불일치,,,,SC_V1977_B077_037
송전선,명사,4,L2,NIKL2023:단일일치 | 내부(김광해):경계(L3~L4) | 태그:공식대조(충돌),공식 근거(L2)와 DB(L4) 불일치,,,,SC_V1977_B077_039
송진,명사,4,L2,NIKL2023:단일일치 | 내부(김광해):경계(L3~L4) | 태그:공식대조(충돌),공식 근거(L2)와 DB(L3) 불일치,,,,SC_V1977_B077_040
솥뚜껑,명사,2,L0,NIKL2023:단일일치 | 내부(김광해):L0 | 태그:78(뜻풀이위험),일치,,,,SC_V197_B007_028
쇠고리,명사,4,L2,NIKL2023:단일일치 | 내부(김광해):경계(L3~L4) | 태그:공식대조(충돌),공식 근거(L2)와 DB(L3) 불일치,,,,SC_V1977_B077_041
쇠기름,명사,4,L2,NIKL2023:단일일치 | 내부(김광해):경계(L3~L4) | 태그:공식대조(충돌),공식 근거(L2)와 DB(L3) 불일치,,,,SC_V1977_B077_042
쇠스랑,명사,4,L2,NIKL2023:단일일치 | 내부(김광해):경계(L3~L4) | 태그:공식대조(충돌),공식 근거(L2)와 DB(L3) 불일치,,,,SC_V1977_B077_046
쇠죽,명사,4,L2,NIKL2023:단일일치 | 내부(김광해):경계(L3~L4) | 태그:공식대조(충돌),공식 근거(L2)와 DB(L3) 불일치,,,,SC_V1977_B077_048
쇠퇴,명사,4,L2,NIKL2023:단일일치 | 내부(김광해):경계(L3~L4) | 태그:공식대조(충돌),공식 근거(L2)와 DB(L3) 불일치,,,,SC_V1978_B078_002
쇠퇴하다,동사,4,L2,NIKL2023:단일일치 | 내부(김광해):경계(L3~L4) | 태그:공식대조(충돌),공식 근거(L2)와 DB(L3) 불일치,,,,SC_V1978_B078_003
쇼핑몰,명사,4,L2,NIKL2023:단일일치 | 내부(김광해):경계(L3~L4) | 태그:공식대조(충돌),공식 근거(L2)와 DB(L3) 불일치,,,,SC_V1978_B078_005
수공업,명사,4,L2,NIKL2023:단일일치 | 내부(김광해):경계(L3~L4) | 태그:공식대조(충돌),공식 근거(L2)와 DB(L3) 불일치,,,,SC_V1978_B078_009
수꽃,명사,4,L2,NIKL2023:단일일치 | 내부(김광해):경계(L3~L4) | 태그:공식대조(충돌),공식 근거(L2)와 DB(L3) 불일치,,,,SC_V1978_B078_013
수능,명사,4,L2,NIKL2023:단일일치 | 내부(김광해):경계(L3~L4) | 태그:공식대조(충돌),공식 근거(L2)와 DB(L3) 불일치,,,,SC_V1978_B078_014
수도권,명사,3,L1,NIKL2023:단일일치 | 내부(김광해):경계(L1~L2) | 태그:207(레벨보류),일치,,,,SC_V1978_B078_018
수두룩하다,형용사,3,L1,NIKL2023:단일일치 | 내부(김광해):경계(L1~L2) | 태그:207(레벨보류),일치,,,,SC_V1978_B078_021
수료증,명사,4,L2,NIKL2023:단일일치 | 내부(김광해):경계(L3~L4) | 태그:공식대조(충돌),공식 근거(L2)와 DB(L3) 불일치,,,,SC_V1978_B078_024
수리공,명사,4,L2,NIKL2023:단일일치 | 내부(김광해):경계(L3~L4) | 태그:공식대조(충돌),공식 근거(L2)와 DB(L3) 불일치,,,,SC_V1978_B078_027
수리소,명사,4,L2,NIKL2023:단일일치 | 내부(김광해):경계(L3~L4) | 태그:공식대조(충돌),공식 근거(L2)와 DB(L3) 불일치,,,,SC_V1978_B078_029
수면제,명사,4,L2,NIKL2023:단일일치 | 내부(김광해):경계(L3~L4) | 태그:공식대조(충돌),공식 근거(L2)와 DB(L3) 불일치,,,,SC_V1978_B078_030
수묵화,명사,4,L2,NIKL2023:단일일치 | 내부(김광해):경계(L3~L4) | 태그:공식대조(충돌),공식 근거(L2)와 DB(L3) 불일치,,,,SC_V1978_B078_032
수비수,명사,4,L2,NIKL2023:단일일치 | 내부(김광해):경계(L3~L4) | 태그:공식대조(충돌),공식 근거(L2)와 DB(L3) 불일치,,,,SC_V1978_B078_036
수산업,명사,4,L2,NIKL2023:단일일치 | 내부(김광해):경계(L3~L4) | 태그:공식대조(충돌),공식 근거(L2)와 DB(L3) 불일치,,,,SC_V1978_B078_039
수산업자,명사,4,L2,NIKL2023:단일일치 | 내부(김광해):경계(L3~L4) | 태그:공식대조(충돌),공식 근거(L2)와 DB(L3) 불일치,,,,SC_V1978_B078_040
수세식,명사,4,L2,NIKL2023:단일일치 | 내부(김광해):경계(L3~L4) | 태그:공식대조(충돌),공식 근거(L2)와 DB(L3) 불일치,,,,SC_V1978_B078_045
수소문하다,동사,4,L2,NIKL2023:단일일치 | 내부(김광해):경계(L3~L4) | 태그:공식대조(충돌),공식 근거(L2)와 DB(L3) 불일치,,,,SC_V1978_B078_046
수송,명사,4,L2,NIKL2023:단일일치 | 내부(김광해):경계(L3~L4) | 태그:공식대조(충돌),공식 근거(L2)와 DB(L3) 불일치,,,,SC_V1978_B078_047
수송하다,동사,4,L2,NIKL2023:단일일치 | 내부(김광해):경계(L3~L4) | 태그:공식대조(충돌),공식 근거(L2)와 DB(L3) 불일치,,,,SC_V1978_B078_048
수신자,명사,4,L2,NIKL2023:단일일치 | 내부(김광해):경계(L3~L4) | 태그:공식대조(충돌),공식 근거(L2)와 DB(L3) 불일치,,,,SC_V1979_B079_002
수정과,명사,4,L2,NIKL2023:단일일치 | 내부(김광해):경계(L3~L4) | 태그:공식대조(충돌),공식 근거(L2)와 DB(L3) 불일치,,,,SC_V1979_B079_013
수정테이프,명사,4,L2,NIKL2023:단일일치 | 내부(김광해):경계(L3~L4) | 태그:공식대조(충돌),공식 근거(L2)와 DB(L3) 불일치,,,,SC_V1979_B079_014
수줍다,형용사,4,L2,NIKL2023:단일일치 | 내부(김광해):경계(L3~L4) | 태그:공식대조(충돌),공식 근거(L2)와 DB(L3) 불일치,,,,SC_V1979_B079_015
수줍어하다,동사,4,L2,NIKL2023:단일일치 | 내부(김광해):경계(L3~L4) | 태그:공식대조(충돌),공식 근거(L2)와 DB(L3) 불일치,,,,SC_V1979_B079_016
수집상,명사,4,L2,NIKL2023:단일일치 | 내부(김광해):경계(L3~L4) | 태그:공식대조(충돌),공식 근거(L2)와 DB(L3) 불일치,,,,SC_V1979_B079_018
수채화,명사,3,L1,NIKL2023:단일일치 | 내부(김광해):경계(L1~L2) | 태그:공식대조(충돌),공식 근거(L1)와 DB(L2) 불일치,,,,SC_V1979_B079_019
수출되다,동사,4,L2,NIKL2023:단일일치 | 내부(김광해):경계(L3~L4) | 태그:공식대조(충돌),공식 근거(L2)와 DB(L3) 불일치,,,,SC_V1979_B079_022
수출항,명사,4,L2,NIKL2023:단일일치 | 내부(김광해):경계(L3~L4) | 태그:공식대조(충돌),공식 근거(L2)와 DB(L3) 불일치,,,,SC_V1979_B079_026
수치스럽다,형용사,4,L2,NIKL2023:단일일치 | 내부(김광해):경계(L3~L4) | 태그:공식대조(충돌),공식 근거(L2)와 DB(L3) 불일치,,,,SC_V1979_B079_027
수행원,명사,4,L2,NIKL2023:단일일치 | 내부(김광해):경계(L3~L4) | 태그:공식대조(충돌),공식 근거(L2)와 DB(L3) 불일치,,,,SC_V1979_B079_032
수화기,명사,4,L2,NIKL2023:단일일치 | 내부(김광해):경계(L3~L4) | 태그:공식대조(충돌),공식 근거(L2)와 DB(L3) 불일치,,,,SC_V1979_B079_035
순박하다,형용사,4,L2,NIKL2023:단일일치 | 내부(김광해):경계(L3~L4) | 태그:공식대조(충돌),공식 근거(L2)와 DB(L3) 불일치,,,,SC_V1979_B079_042
순이익,명사,4,L2,NIKL2023:단일일치 | 내부(김광해):경계(L3~L4) | 태그:공식대조(충돌),공식 근거(L2)와 DB(L3) 불일치,,,,SC_V1979_B079_043
순조롭다,형용사,3,L1,NIKL2023:단일일치 | 내부(김광해):경계(L1~L2) | 태그:공식대조(충돌),공식 근거(L1)와 DB(L2) 불일치,,,,SC_V1979_B079_045
순찰대,명사,4,L2,NIKL2023:단일일치 | 내부(김광해):경계(L3~L4) | 태그:공식대조(충돌),공식 근거(L2)와 DB(L3) 불일치,,,,SC_V1979_B079_047
술렁거리다,동사,4,L2,NIKL2023:단일일치 | 내부(김광해):경계(L3~L4) | 태그:공식대조(충돌),공식 근거(L2)와 DB(L3) 불일치,,,,SC_V1980_B080_002
숨통,명사,3,L1,NIKL2023:단일일치 | 내부(김광해):경계(L1~L2) | 태그:공식대조(충돌),공식 근거(L1)와 DB(L2) 불일치,,,,SC_V1980_B080_011
숫돌,명사,4,L2,NIKL2023:단일일치 | 내부(김광해):경계(L3~L4) | 태그:공식대조(충돌),공식 근거(L2)와 DB(L3) 불일치,,,,SC_V1980_B080_012
쉬쉬하다,동사,4,L2,NIKL2023:단일일치 | 내부(김광해):경계(L3~L4) | 태그:공식대조(충돌),공식 근거(L2)와 DB(L3) 불일치,,,,SC_V1980_B080_015
스카치테이프,명사,4,L2,NIKL2023:단일일치 | 내부(김광해):경계(L3~L4) | 태그:공식대조(충돌),공식 근거(L2)와 DB(L3) 불일치,,,,SC_V1980_B080_022
스캔들,명사,4,L2,NIKL2023:단일일치 | 내부(김광해):경계(L3~L4) | 태그:공식대조(충돌),공식 근거(L2)와 DB(L3) 불일치,,,,SC_V1980_B080_024
스케이팅,명사,4,L2,NIKL2023:단일일치 | 내부(김광해):경계(L3~L4) | 태그:공식대조(충돌),공식 근거(L2)와 DB(L3) 불일치,,,,SC_V1980_B080_025
스크랩북,명사,4,L2,NIKL2023:단일일치 | 내부(김광해):경계(L3~L4) | 태그:공식대조(충돌),공식 근거(L2)와 DB(L3) 불일치,,,,SC_V1980_B080_026
스킬,명사,4,L2,NIKL2023:단일일치 | 내부(김광해):경계(L3~L4) | 태그:공식대조(충돌),공식 근거(L2)와 DB(L3) 불일치,,,,SC_V1980_B080_027
스테인리스,명사,4,L2,NIKL2023:단일일치 | 내부(김광해):경계(L3~L4) | 태그:공식대조(충돌),공식 근거(L2)와 DB(L3) 불일치,,,,SC_V1980_B080_028
스트레칭,명사,4,L2,NIKL2023:단일일치 | 내부(김광해):경계(L3~L4) | 태그:공식대조(충돌),공식 근거(L2)와 DB(L3) 불일치,,,,SC_V1980_B080_030
스팀,명사,4,L2,NIKL2023:단일일치 | 내부(김광해):경계(L3~L4) | 태그:공식대조(충돌),공식 근거(L2)와 DB(L3) 불일치,,,,SC_V1980_B080_031
스포츠맨,명사,4,L2,NIKL2023:단일일치 | 내부(김광해):경계(L3~L4) | 태그:공식대조(충돌),공식 근거(L2)와 DB(L3) 불일치,,,,SC_V1980_B080_035
습관화하다,동사,4,L2,NIKL2023:단일일치 | 내부(김광해):경계(L3~L4) | 태그:공식대조(충돌),공식 근거(L2)와 DB(L3) 불일치,,,,SC_V1980_B080_042
습도계,명사,4,L2,NIKL2023:단일일치 | 내부(김광해):경계(L3~L4) | 태그:공식대조(충돌),공식 근거(L2)와 DB(L3) 불일치,,,,SC_V1980_B080_043
승강기,명사,4,L2,NIKL2023:단일일치 | 내부(김광해):경계(L3~L4) | 태그:공식대조(충돌),공식 근거(L2)와 DB(L3) 불일치,,,,SC_V1980_B080_044
승차권,명사,4,L2,NIKL2023:단일일치 | 내부(김광해):경계(L3~L4) | 태그:공식대조(충돌),공식 근거(L2)와 DB(L3) 불일치,,,,SC_V1980_B080_049
시끌벅적,부사,4,L2,NIKL2023:단일일치 | 내부(김광해):경계(L3~L4) | 태그:공식대조(충돌),공식 근거(L2)와 DB(L3) 불일치,,,,SC_V1981_B081_010
시상대,명사,4,L2,NIKL2023:단일일치 | 내부(김광해):경계(L3~L4) | 태그:공식대조(충돌),공식 근거(L2)와 DB(L3) 불일치,,,,SC_V1981_B081_019
시아주버니,명사,4,L2,NIKL2023:단일일치 | 내부(김광해):경계(L3~L4) | 태그:공식대조(충돌),공식 근거(L2)와 DB(L3) 불일치,,,,SC_V1981_B081_025
시중들다,동사,4,L2,NIKL2023:단일일치 | 내부(김광해):경계(L3~L4) | 태그:공식대조(충돌),공식 근거(L2)와 DB(L3) 불일치,,,,SC_V1981_B081_029
시즌,명사,4,L2,NIKL2023:단일일치 | 내부(김광해):경계(L3~L4) | 태그:공식대조(충돌),공식 근거(L2)와 DB(L3) 불일치,,,,SC_V1981_B081_030
시청각,명사,4,L2,NIKL2023:단일일치 | 내부(김광해):경계(L3~L4) | 태그:공식대조(충돌),공식 근거(L2)와 DB(L3) 불일치,,,,SC_V1981_B081_033
시청료,명사,4,L2,NIKL2023:단일일치 | 내부(김광해):경계(L3~L4) | 태그:공식대조(충돌),공식 근거(L2)와 DB(L3) 불일치,,,,SC_V1981_B081_034
시청률,명사,4,L2,NIKL2023:단일일치 | 내부(김광해):경계(L3~L4) | 태그:공식대조(충돌),공식 근거(L2)와 DB(L3) 불일치,,,,SC_V1981_B081_035
시침질,명사,4,L2,NIKL2023:단일일치 | 내부(김광해):경계(L3~L4) | 태그:공식대조(충돌),공식 근거(L2)와 DB(L3) 불일치,,,,SC_V1981_B081_036
시침질하다,동사,4,L2,NIKL2023:단일일치 | 내부(김광해):경계(L3~L4) | 태그:공식대조(충돌),공식 근거(L2)와 DB(L3) 불일치,,,,SC_V1981_B081_037
시판되다,동사,4,L2,NIKL2023:단일일치 | 내부(김광해):경계(L3~L4) | 태그:공식대조(충돌),공식 근거(L2)와 DB(L3) 불일치,,,,SC_V1981_B081_040
식단표,명사,4,L2,NIKL2023:단일일치 | 내부(김광해):경계(L3~L4) | 태그:공식대조(충돌),공식 근거(L2)와 DB(L3) 불일치,,,,SC_V1981_B081_046
식목일,명사,4,L2,NIKL2023:단일일치 | 내부(김광해):경계(L3~L4) | 태그:공식대조(충돌),공식 근거(L2)와 DB(L3) 불일치,,,,SC_V1981_B081_049
식습관,명사,4,L2,NIKL2023:단일일치 | 내부(김광해):경계(L3~L4) | 태그:공식대조(충돌),공식 근거(L2)와 DB(L3) 불일치,,,,SC_V1982_B082_004
신기록,명사,2,L0,NIKL2023:단일일치 | 내부(김광해):L0 | 태그:78(뜻풀이위험),일치,,,,SC_V198_B008_001
신대륙,명사,4,L2,NIKL2023:단일일치 | 내부(김광해):경계(L3~L4) | 태그:공식대조(충돌),공식 근거(L2)와 DB(L3) 불일치,,,,SC_V1982_B082_010
신문고,명사,4,L2,NIKL2023:단일일치 | 내부(김광해):경계(L3~L4) | 태그:공식대조(충돌),공식 근거(L2)와 DB(L3) 불일치,,,,SC_V1982_B082_015
신비감,명사,4,L2,NIKL2023:단일일치 | 내부(김광해):경계(L3~L4) | 태그:공식대조(충돌),공식 근거(L2)와 DB(L3) 불일치,,,,SC_V1982_B082_018
신비스럽다,형용사,4,L2,NIKL2023:단일일치 | 내부(김광해):경계(L3~L4) | 태그:공식대조(충돌),공식 근거(L2)와 DB(L3) 불일치,,,,SC_V1982_B082_019
신빙성,명사,4,L2,NIKL2023:단일일치 | 내부(김광해):경계(L3~L4) | 태그:공식대조(충돌),공식 근거(L2)와 DB(L3) 불일치,,,,SC_V1982_B082_020
신소재,명사,4,L2,NIKL2023:단일일치 | 내부(김광해):경계(L3~L4) | 태그:207(레벨보류);공식대조(충돌),공식 근거(L2)와 DB(L3) 불일치,,,,SC_V1982_B082_023
신조어,명사,3,L1,NIKL2023:단일일치 | 내부(김광해):경계(L1~L2) | 태그:공식대조(충돌),공식 근거(L1)와 DB(L2) 불일치,,,,SC_V1982_B082_026
신청자,명사,4,L2,NIKL2023:단일일치 | 내부(김광해):경계(L3~L4) | 태그:공식대조(충돌),공식 근거(L2)와 DB(L3) 불일치,,,,SC_V1982_B082_030
신학문,명사,4,L2,NIKL2023:단일일치 | 내부(김광해):경계(L3~L4) | 태그:공식대조(충돌),공식 근거(L2)와 DB(L3) 불일치,,,,SC_V1982_B082_033
신호하다,동사,4,L2,NIKL2023:단일일치 | 내부(김광해):경계(L3~L4) | 태그:공식대조(충돌),공식 근거(L2)와 DB(L3) 불일치,,,,SC_V1982_B082_035
실뜨기,명사,4,L2,NIKL2023:단일일치 | 내부(김광해):경계(L3~L4) | 태그:공식대조(충돌),공식 근거(L2)와 DB(L3) 불일치,,,,SC_V1982_B082_042
실룩거리다,동사,4,L2,NIKL2023:단일일치 | 내부(김광해):경계(L3~L4) | 태그:공식대조(충돌),공식 근거(L2)와 DB(L3) 불일치,,,,SC_V1982_B082_045
실망스럽다,형용사,3,L1,NIKL2023:단일일치 | 내부(김광해):경계(L1~L2) | 태그:공식대조(충돌),공식 근거(L1)와 DB(L2) 불일치,,,,SC_V1982_B082_047
실바람,명사,4,L2,NIKL2023:단일일치 | 내부(김광해):경계(L3~L4) | 태그:공식대조(충돌),공식 근거(L2)와 DB(L3) 불일치,,,,SC_V1982_B082_049
실선,명사,4,L2,NIKL2023:단일일치 | 내부(김광해):경계(L3~L4) | 태그:공식대조(충돌),공식 근거(L2)와 DB(L3) 불일치,,,,SC_V1983_B083_001
실습생,명사,4,L2,NIKL2023:단일일치 | 내부(김광해):경계(L3~L4) | 태그:공식대조(충돌),공식 근거(L2)와 DB(L3) 불일치,,,,SC_V1983_B083_003
실습하다,동사,4,L2,NIKL2023:단일일치 | 내부(김광해):경계(L3~L4) | 태그:공식대조(충돌),공식 근거(L2)와 DB(L3) 불일치,,,,SC_V1983_B083_005
실업가,명사,4,L2,NIKL2023:단일일치 | 내부(김광해):경계(L3~L4) | 태그:공식대조(충돌),공식 근거(L2)와 DB(L3) 불일치,,,,SC_V1983_B083_007
실업률,명사,4,L2,NIKL2023:단일일치 | 내부(김광해):경계(L3~L4) | 태그:공식대조(충돌),공식 근거(L2)와 DB(L4) 불일치,,,,SC_V1983_B083_008
실업자,명사,3,L1,NIKL2023:단일일치 | 내부(김광해):경계(L1~L2) | 태그:공식대조(충돌),공식 근거(L1)와 DB(L2) 불일치,,,,SC_V1983_B083_009
실장,명사,4,L2,NIKL2023:단일일치 | 내부(김광해):경계(L3~L4) | 태그:공식대조(충돌),공식 근거(L2)와 DB(L3) 불일치,,,,SC_V1983_B083_015
실점,명사,4,L2,NIKL2023:단일일치 | 내부(김광해):경계(L3~L4) | 태그:공식대조(충돌),공식 근거(L2)와 DB(L3) 불일치,,,,SC_V1983_B083_016
실종되다,동사,4,L2,NIKL2023:단일일치 | 내부(김광해):경계(L3~L4) | 태그:207(레벨보류),일치,,,,SC_V1983_B083_018
실질,명사,4,L2,NIKL2023:단일일치 | 내부(김광해):제외(자동분류 범위 밖 - 수동 배치) | 태그:공식대조(충돌),공식 근거(L2)와 DB(L6) 불일치,,,,SR_L6COREV2_5005
실타래,명사,4,L2,NIKL2023:단일일치 | 내부(김광해):경계(L3~L4) | 태그:공식대조(충돌),공식 근거(L2)와 DB(L3) 불일치,,,,SC_V1983_B083_021
실톱,명사,4,L2,NIKL2023:단일일치 | 내부(김광해):경계(L3~L4) | 태그:공식대조(충돌),공식 근거(L2)와 DB(L3) 불일치,,,,SC_V1983_B083_022
실향민,명사,4,L2,NIKL2023:단일일치 | 내부(김광해):경계(L3~L4) | 태그:공식대조(충돌),공식 근거(L2)와 DB(L3) 불일치,,,,SC_V1983_B083_023
심벌즈,명사,4,L2,NIKL2023:단일일치 | 내부(김광해):경계(L3~L4) | 태그:공식대조(충돌),공식 근거(L2)와 DB(L3) 불일치,,,,SC_V1983_B083_025
심층,명사,4,L2,NIKL2023:단일일치 | 내부(김광해):제외(자동분류 범위 밖 - 수동 배치) | 태그:공식대조(충돌),공식 근거(L2)와 DB(L6) 불일치,,,,SR_L6COREV2_5006
심판원,명사,4,L2,NIKL2023:단일일치 | 내부(김광해):경계(L3~L4) | 태그:공식대조(충돌),공식 근거(L2)와 DB(L3) 불일치,,,,SC_V1983_B083_035
심포니,명사,4,L2,NIKL2023:단일일치 | 내부(김광해):경계(L3~L4) | 태그:공식대조(충돌),공식 근거(L2)와 DB(L3) 불일치,,,,SC_V1983_B083_036
심호흡,명사,4,L2,NIKL2023:단일일치 | 내부(김광해):경계(L3~L4) | 태그:공식대조(충돌),공식 근거(L2)와 DB(L3) 불일치,,,,SC_V1983_B083_037
심히,부사,3,L1,NIKL2023:단일일치 | 내부(김광해):경계(L1~L2) | 태그:207(레벨보류),일치,,,,SC_V1983_B083_038
십이지장,명사,4,L2,NIKL2023:단일일치 | 내부(김광해):경계(L3~L4) | 태그:공식대조(충돌),공식 근거(L2)와 DB(L3) 불일치,,,,SC_V1983_B083_039
싱글거리다,동사,4,L2,NIKL2023:단일일치 | 내부(김광해):경계(L3~L4) | 태그:공식대조(충돌),공식 근거(L2)와 DB(L3) 불일치,,,,SC_V1983_B083_042
싱글싱글,부사,4,L2,NIKL2023:단일일치 | 내부(김광해):경계(L3~L4) | 태그:공식대조(충돌),공식 근거(L2)와 DB(L3) 불일치,,,,SC_V1983_B083_044
싱긋,부사,4,L2,NIKL2023:단일일치 | 내부(김광해):경계(L3~L4) | 태그:공식대조(충돌),공식 근거(L2)와 DB(L3) 불일치,,,,SC_V1983_B083_045
싱긋싱긋,부사,4,L2,NIKL2023:단일일치 | 내부(김광해):경계(L3~L4) | 태그:공식대조(충돌),공식 근거(L2)와 DB(L3) 불일치,,,,SC_V1983_B083_046
싱긋이,부사,4,L2,NIKL2023:단일일치 | 내부(김광해):경계(L3~L4) | 태그:공식대조(충돌),공식 근거(L2)와 DB(L3) 불일치,,,,SC_V1983_B083_047
싹싹하다,형용사,4,L2,NIKL2023:단일일치 | 내부(김광해):경계(L3~L4) | 태그:207(레벨보류),일치,,,,SC_V1984_B084_002
싼값,명사,4,L2,NIKL2023:단일일치 | 내부(김광해):경계(L3~L4) | 태그:207(레벨보류),일치,,,,SC_V1984_B084_003
쌀가게,명사,4,L2,NIKL2023:단일일치 | 내부(김광해):경계(L3~L4) | 태그:공식대조(충돌),공식 근거(L2)와 DB(L3) 불일치,,,,SC_V1984_B084_004
쌀농사,명사,4,L2,NIKL2023:단일일치 | 내부(김광해):경계(L3~L4) | 태그:공식대조(충돌),공식 근거(L2)와 DB(L3) 불일치,,,,SC_V1984_B084_008
쌀집,명사,4,L2,NIKL2023:단일일치 | 내부(김광해):경계(L3~L4) | 태그:공식대조(충돌),공식 근거(L2)와 DB(L3) 불일치,,,,SC_V1984_B084_012
쌈밥,명사,4,L2,NIKL2023:단일일치 | 내부(김광해):경계(L3~L4) | 태그:공식대조(충돌),공식 근거(L2)와 DB(L3) 불일치,,,,SC_V1984_B084_014
쌍기역,명사,3,L1,NIKL2023:단일일치 | 내부(김광해):경계(L1~L2) | 태그:공식대조(충돌),공식 근거(L1)와 DB(L2) 불일치,,,,SC_V1984_B084_015
쌍디귿,명사,3,L1,NIKL2023:단일일치 | 내부(김광해):경계(L1~L2) | 태그:공식대조(충돌),공식 근거(L1)와 DB(L2) 불일치,,,,SC_V1984_B084_016
쌍방,명사,4,L2,NIKL2023:단일일치 | 내부(김광해):경계(L3~L4) | 태그:공식대조(충돌),공식 근거(L2)와 DB(L3) 불일치,,,,SC_V1984_B084_017
쌍비읍,명사,3,L1,NIKL2023:단일일치 | 내부(김광해):경계(L1~L2) | 태그:공식대조(충돌),공식 근거(L1)와 DB(L2) 불일치,,,,SC_V1984_B084_018
쌍시옷,명사,3,L1,NIKL2023:단일일치 | 내부(김광해):경계(L1~L2) | 태그:공식대조(충돌),공식 근거(L1)와 DB(L2) 불일치,,,,SC_V1984_B084_019
쌍쌍이,부사,4,L2,NIKL2023:단일일치 | 내부(김광해):경계(L3~L4) | 태그:공식대조(충돌),공식 근거(L2)와 DB(L3) 불일치,,,,SC_V1984_B084_020
쌍지읒,명사,3,L1,NIKL2023:단일일치 | 내부(김광해):경계(L1~L2) | 태그:공식대조(충돌),공식 근거(L1)와 DB(L2) 불일치,,,,SC_V1984_B084_021
쌍화탕,명사,4,L2,NIKL2023:단일일치 | 내부(김광해):경계(L3~L4) | 태그:공식대조(충돌),공식 근거(L2)와 DB(L3) 불일치,,,,SC_V1984_B084_022
쑥덕거리다,동사,4,L2,NIKL2023:단일일치 | 내부(김광해):경계(L3~L4) | 태그:공식대조(충돌),공식 근거(L2)와 DB(L3) 불일치,,,,SC_V1984_B084_029
쓰개치마,명사,4,L2,NIKL2023:단일일치 | 내부(김광해):경계(L3~L4) | 태그:공식대조(충돌),공식 근거(L2)와 DB(L3) 불일치,,,,SC_V1984_B084_031
씨방,명사,4,L2,NIKL2023:단일일치 | 내부(김광해):경계(L3~L4) | 태그:공식대조(충돌),공식 근거(L2)와 DB(L3) 불일치,,,,SC_V1984_B084_040
씨족,명사,4,L2,NIKL2023:단일일치 | 내부(김광해):경계(L3~L4) | 태그:공식대조(충돌),공식 근거(L2)와 DB(L3) 불일치,,,,SC_V1984_B084_042
아랑곳하다,동사,4,L2,NIKL2023:단일일치 | 내부(김광해):경계(L3~L4) | 태그:공식대조(충돌),공식 근거(L2)와 DB(L3) 불일치,,,,SC_V1984_B084_050
아령,명사,4,L2,NIKL2023:단일일치 | 내부(김광해):경계(L3~L4) | 태그:공식대조(충돌),공식 근거(L2)와 DB(L3) 불일치,,,,SC_V1985_B085_007
아바마마,명사,4,L2,NIKL2023:단일일치 | 내부(김광해):경계(L3~L4) | 태그:공식대조(충돌),공식 근거(L2)와 DB(L3) 불일치,,,,SC_V1985_B085_010
아열대,명사,4,L2,NIKL2023:단일일치 | 내부(김광해):경계(L3~L4) | 태그:공식대조(충돌),공식 근거(L2)와 DB(L3) 불일치,,,,SC_V1985_B085_012
아우성,명사,4,L2,NIKL2023:단일일치 | 내부(김광해):경계(L3~L4) | 태그:공식대조(충돌),공식 근거(L2)와 DB(L3) 불일치,,,,SC_V1985_B085_014
아이디,명사,3,L1,NIKL2023:단일일치 | 내부(김광해):경계(L1~L2) | 태그:207(레벨보류);공식대조(충돌),공식 근거(L1)와 DB(L2) 불일치,,,,SC_V1985_B085_015
아이디어,명사,2,L0,NIKL2023:단일일치 | 내부(김광해):제외(자동분류 범위 밖 - 수동 배치) | 태그:공식대조(충돌),공식 근거(L0)와 DB(L6) 불일치,,,,SR_L6CORE_4942
아이스케이크,명사,4,L2,NIKL2023:단일일치 | 내부(김광해):경계(L3~L4) | 태그:공식대조(충돌),공식 근거(L2)와 DB(L3) 불일치,,,,SC_V1985_B085_016
아작아작,부사,4,L2,NIKL2023:단일일치 | 내부(김광해):경계(L3~L4) | 태그:공식대조(충돌),공식 근거(L2)와 DB(L3) 불일치,,,,SC_V1985_B085_018
아주버니,명사,4,L2,NIKL2023:단일일치 | 내부(김광해):경계(L3~L4) | 태그:공식대조(충돌),공식 근거(L2)와 DB(L3) 불일치,,,,SC_V1985_B085_019
아지랑이,명사,3,L1,NIKL2023:단일일치 | 내부(김광해):경계(L1~L2) | 태그:207(레벨보류);공식대조(충돌),공식 근거(L1)와 DB(L2) 불일치,,,,SC_V1985_B085_020
아첨,명사,4,L2,NIKL2023:단일일치 | 내부(김광해):경계(L3~L4) | 태그:공식대조(충돌),공식 근거(L2)와 DB(L3) 불일치,,,,SC_V1985_B085_021
아첨하다,동사,4,L2,NIKL2023:단일일치 | 내부(김광해):경계(L3~L4) | 태그:공식대조(충돌),공식 근거(L2)와 DB(L3) 불일치,,,,SC_V1985_B085_022
아코디언,명사,4,L2,NIKL2023:단일일치 | 내부(김광해):경계(L3~L4) | 태그:공식대조(충돌),공식 근거(L2)와 DB(L3) 불일치,,,,SC_V1985_B085_024
악독하다,형용사,4,L2,NIKL2023:단일일치 | 내부(김광해):경계(L3~L4) | 태그:공식대조(충돌),공식 근거(L2)와 DB(L3) 불일치,,,,SC_V1985_B085_027
악착스럽다,형용사,4,L2,NIKL2023:단일일치 | 내부(김광해):경계(L3~L4) | 태그:공식대조(충돌),공식 근거(L2)와 DB(L3) 불일치,,,,SC_V1985_B085_032
안개비,명사,4,L2,NIKL2023:단일일치 | 내부(김광해):경계(L3~L4) | 태그:공식대조(충돌),공식 근거(L2)와 DB(L3) 불일치,,,,SC_V1985_B085_035
안내소,명사,4,L2,NIKL2023:단일일치 | 내부(김광해):경계(L3~L4) | 태그:공식대조(충돌),공식 근거(L2)와 DB(L3) 불일치,,,,SC_V1985_B085_043
안락의자,명사,4,L2,NIKL2023:단일일치 | 내부(김광해):경계(L3~L4) | 태그:공식대조(충돌),공식 근거(L2)와 DB(L3) 불일치,,,,SC_V1985_B085_048
안전띠,명사,3,L1,NIKL2023:단일일치 | 내부(김광해):경계(L1~L2) | 태그:공식대조(충돌),공식 근거(L1)와 DB(L2) 불일치,,,,SC_V1986_B086_003
안전모,명사,4,L2,NIKL2023:단일일치 | 내부(김광해):경계(L3~L4) | 태그:공식대조(충돌),공식 근거(L2)와 DB(L3) 불일치,,,,SC_V1986_B086_004
안절부절못하다,동사,2,L0,NIKL2023:단일일치 | 내부(김광해):L0 | 태그:78(뜻풀이위험),일치,,,,SC_V198_B008_024
앉은키,명사,4,L2,NIKL2023:단일일치 | 내부(김광해):경계(L3~L4) | 태그:공식대조(충돌),공식 근거(L2)와 DB(L3) 불일치,,,,SC_V1986_B086_008
알껍데기,명사,4,L2,NIKL2023:단일일치 | 내부(김광해):경계(L3~L4) | 태그:공식대조(충돌),공식 근거(L2)와 DB(L3) 불일치,,,,SC_V1986_B086_009
알록달록,부사,2,L0,NIKL2023:단일일치 | 내부(김광해):L0 | 태그:78(뜻풀이위험),일치,,,,SC_V198_B008_027
알루미늄박,명사,4,L2,NIKL2023:단일일치 | 내부(김광해):경계(L3~L4) | 태그:공식대조(충돌),공식 근거(L2)와 DB(L3) 불일치,,,,SC_V1986_B086_011
알칼리,명사,4,L2,NIKL2023:단일일치 | 내부(김광해):경계(L3~L4) | 태그:공식대조(충돌),공식 근거(L2)와 DB(L3) 불일치,,,,SC_V1986_B086_015
알코올램프,명사,4,L2,NIKL2023:단일일치 | 내부(김광해):경계(L3~L4) | 태그:공식대조(충돌),공식 근거(L2)와 DB(L3) 불일치,,,,SC_V1986_B086_016
알파벳,명사,3,L1,NIKL2023:단일일치 | 내부(김광해):경계(L1~L2) | 태그:17(L2_PROVISIONAL_AUTO);공식대조(충돌),공식 근거(L1)와 DB(L2) 불일치,,,,SC_V1986_B086_018
암각화,명사,4,L2,NIKL2023:단일일치 | 내부(김광해):경계(L3~L4) | 태그:공식대조(충돌),공식 근거(L2)와 DB(L4) 불일치,,,,SC_V1986_B086_020
암꽃,명사,4,L2,NIKL2023:단일일치 | 내부(김광해):경계(L3~L4) | 태그:공식대조(충돌),공식 근거(L2)와 DB(L3) 불일치,,,,SC_V1986_B086_021
암산하다,동사,4,L2,NIKL2023:단일일치 | 내부(김광해):경계(L3~L4) | 태그:공식대조(충돌),공식 근거(L2)와 DB(L3) 불일치,,,,SC_V1986_B086_023
압도하다,동사,4,L2,NIKL2023:단일일치 | 내부(김광해):경계(L3~L4) | 태그:공식대조(충돌),공식 근거(L2)와 DB(L3) 불일치,,,,SC_V1986_B086_030
압박감,명사,4,L2,NIKL2023:단일일치 | 내부(김광해):경계(L3~L4) | 태그:공식대조(충돌),공식 근거(L2)와 DB(L3) 불일치,,,,SC_V1986_B086_031
압핀,명사,4,L2,NIKL2023:단일일치 | 내부(김광해):경계(L3~L4) | 태그:공식대조(충돌),공식 근거(L2)와 DB(L3) 불일치,,,,SC_V1986_B086_032
앙갚음,명사,4,L2,NIKL2023:단일일치 | 내부(김광해):경계(L3~L4) | 태그:공식대조(충돌),공식 근거(L2)와 DB(L3) 불일치,,,,SC_V1986_B086_033
앙증맞다,형용사,4,L2,NIKL2023:단일일치 | 내부(김광해):경계(L3~L4) | 태그:공식대조(충돌),공식 근거(L2)와 DB(L3) 불일치,,,,SC_V1986_B086_034
애걸복걸하다,동사,4,L2,NIKL2023:단일일치 | 내부(김광해):경계(L3~L4) | 태그:공식대조(충돌),공식 근거(L2)와 DB(L3) 불일치,,,,SC_V1986_B086_042
애걸하다,동사,4,L2,NIKL2023:단일일치 | 내부(김광해):경계(L3~L4) | 태그:공식대조(충돌),공식 근거(L2)와 DB(L3) 불일치,,,,SC_V1986_B086_043
애니메이션,명사,3,L1,NIKL2023:단일일치 | 내부(김광해):경계(L1~L2) | 태그:17(L2_PROVISIONAL_AUTO);공식대조(충돌),공식 근거(L1)와 DB(L2) 불일치,,,,SC_V1986_B086_048
애당초,명사,4,L2,NIKL2023:단일일치 | 내부(김광해):경계(L3~L4) | 태그:공식대조(충돌),공식 근거(L2)와 DB(L3) 불일치,,,,SC_V1986_B086_049
애드벌룬,명사,4,L2,NIKL2023:단일일치 | 내부(김광해):경계(L3~L4) | 태그:공식대조(충돌),공식 근거(L2)와 DB(L3) 불일치,,,,SC_V1987_B087_001
애매모호하다,형용사,4,L2,NIKL2023:단일일치 | 내부(김광해):경계(L3~L4) | 태그:공식대조(충돌),공식 근거(L2)와 DB(L3) 불일치,,,,SC_V1987_B087_002
애벌,명사,4,L2,NIKL2023:단일일치 | 내부(김광해):경계(L3~L4) | 태그:공식대조(충돌),공식 근거(L2)와 DB(L3) 불일치,,,,SC_V1987_B087_003
애완견,명사,4,L2,NIKL2023:단일일치 | 내부(김광해):경계(L3~L4) | 태그:공식대조(충돌),공식 근거(L2)와 DB(L3) 불일치,,,,SC_V1987_B087_004
애완용,명사,4,L2,NIKL2023:단일일치 | 내부(김광해):경계(L3~L4) | 태그:공식대조(충돌),공식 근거(L2)와 DB(L3) 불일치,,,,SC_V1987_B087_005
애칭,명사,4,L2,NIKL2023:단일일치 | 내부(김광해):경계(L3~L4) | 태그:공식대조(충돌),공식 근거(L2)와 DB(L3) 불일치,,,,SC_V1987_B087_009
애타다,동사,2,L0,NIKL2023:단일일치 | 내부(김광해):L0 | 태그:78(뜻풀이위험),일치,,,,SC_V198_B008_032
앵앵거리다,동사,4,L2,NIKL2023:단일일치 | 내부(김광해):경계(L3~L4) | 태그:공식대조(충돌),공식 근거(L2)와 DB(L3) 불일치,,,,SC_V1987_B087_014
야광침,명사,4,L2,NIKL2023:단일일치 | 내부(김광해):경계(L3~L4) | 태그:공식대조(충돌),공식 근거(L2)와 DB(L3) 불일치,,,,SC_V1987_B087_015
야무지다,형용사,3,L1,NIKL2023:단일일치 | 내부(김광해):경계(L1~L2) | 태그:공식대조(충돌),공식 근거(L1)와 DB(L2) 불일치,,,,SC_V1987_B087_019
야속하다,형용사,4,L2,NIKL2023:단일일치 | 내부(김광해):경계(L3~L4) | 태그:공식대조(충돌),공식 근거(L2)와 DB(L3) 불일치,,,,SC_V1987_B087_020
야영장,명사,4,L2,NIKL2023:단일일치 | 내부(김광해):경계(L3~L4) | 태그:공식대조(충돌),공식 근거(L2)와 DB(L3) 불일치,,,,SC_V1987_B087_021
야영지,명사,4,L2,NIKL2023:단일일치 | 내부(김광해):경계(L3~L4) | 태그:공식대조(충돌),공식 근거(L2)와 DB(L3) 불일치,,,,SC_V1987_B087_022
야옹거리다,동사,4,L2,NIKL2023:단일일치 | 내부(김광해):경계(L3~L4) | 태그:공식대조(충돌),공식 근거(L2)와 DB(L3) 불일치,,,,SC_V1987_B087_023
야옹야옹하다,동사,4,L2,NIKL2023:단일일치 | 내부(김광해):경계(L3~L4) | 태그:공식대조(충돌),공식 근거(L2)와 DB(L3) 불일치,,,,SC_V1987_B087_024
야자수,명사,3,L1,NIKL2023:단일일치 | 내부(김광해):경계(L1~L2) | 태그:공식대조(충돌),공식 근거(L1)와 DB(L2) 불일치,,,,SC_V1987_B087_026
야자열매,명사,4,L2,NIKL2023:단일일치 | 내부(김광해):경계(L3~L4) | 태그:공식대조(충돌),공식 근거(L2)와 DB(L3) 불일치,,,,SC_V1987_B087_027
야트막하다,형용사,4,L2,NIKL2023:단일일치 | 내부(김광해):경계(L3~L4) | 태그:공식대조(충돌),공식 근거(L2)와 DB(L3) 불일치,,,,SC_V1987_B087_028
야행성,명사,3,L1,NIKL2023:단일일치 | 내부(김광해):경계(L1~L2) | 태그:공식대조(충돌),공식 근거(L1)와 DB(L2) 불일치,,,,SC_V1987_B087_029
약밥,명사,4,L2,NIKL2023:단일일치 | 내부(김광해):경계(L3~L4) | 태그:공식대조(충돌),공식 근거(L2)와 DB(L3) 불일치,,,,SC_V1987_B087_031
약분하다,동사,4,L2,NIKL2023:단일일치 | 내부(김광해):경계(L3~L4) | 태그:공식대조(충돌),공식 근거(L2)와 DB(L3) 불일치,,,,SC_V1987_B087_032
양과자,명사,4,L2,NIKL2023:단일일치 | 내부(김광해):경계(L3~L4) | 태그:공식대조(충돌),공식 근거(L2)와 DB(L3) 불일치,,,,SC_V1987_B087_043
양날톱,명사,4,L2,NIKL2023:단일일치 | 내부(김광해):경계(L3~L4) | 태그:공식대조(충돌),공식 근거(L2)와 DB(L3) 불일치,,,,SC_V1987_B087_045
양수장,명사,4,L2,NIKL2023:단일일치 | 내부(김광해):경계(L3~L4) | 태그:공식대조(충돌),공식 근거(L2)와 DB(L3) 불일치,,,,SC_V1988_B088_001
양식업,명사,4,L2,NIKL2023:단일일치 | 내부(김광해):경계(L3~L4) | 태그:공식대조(충돌),공식 근거(L2)와 DB(L3) 불일치,,,,SC_V1988_B088_002
양식장,명사,4,L2,NIKL2023:단일일치 | 내부(김광해):경계(L3~L4) | 태그:공식대조(충돌),공식 근거(L2)와 DB(L3) 불일치,,,,SC_V1988_B088_003
양식하다,동사,4,L2,NIKL2023:단일일치 | 내부(김광해):경계(L3~L4) | 태그:공식대조(충돌),공식 근거(L2)와 DB(L3) 불일치,,,,SC_V1988_B088_004
양잠,명사,4,L2,NIKL2023:단일일치 | 내부(김광해):경계(L3~L4) | 태그:공식대조(충돌),공식 근거(L2)와 DB(L3) 불일치,,,,SC_V1988_B088_008
양지바르다,형용사,4,L2,NIKL2023:단일일치 | 내부(김광해):경계(L3~L4) | 태그:공식대조(충돌),공식 근거(L2)와 DB(L3) 불일치,,,,SC_V1988_B088_010
어깨띠,명사,4,L2,NIKL2023:단일일치 | 내부(김광해):경계(L3~L4) | 태그:공식대조(충돌),공식 근거(L2)와 DB(L3) 불일치,,,,SC_V1988_B088_023
어깨춤,명사,4,L2,NIKL2023:단일일치 | 내부(김광해):경계(L3~L4) | 태그:공식대조(충돌),공식 근거(L2)와 DB(L3) 불일치,,,,SC_V1988_B088_024
어떠어떠하다,형용사,4,L2,NIKL2023:단일일치 | 내부(김광해):경계(L3~L4) | 태그:공식대조(충돌),공식 근거(L2)와 DB(L3) 불일치,,,,SC_V1988_B088_030
어물전,명사,4,L2,NIKL2023:단일일치 | 내부(김광해):경계(L3~L4) | 태그:공식대조(충돌),공식 근거(L2)와 DB(L3) 불일치,,,,SC_V1988_B088_035
어슬렁어슬렁,부사,3,L1,NIKL2023:단일일치 | 내부(김광해):경계(L1~L2) | 태그:공식대조(충돌),공식 근거(L1)와 DB(L2) 불일치,,,,SC_V1988_B088_038
어시스트,명사,4,L2,NIKL2023:단일일치 | 내부(김광해):경계(L3~L4) | 태그:공식대조(충돌),공식 근거(L2)와 DB(L3) 불일치,,,,SC_V1988_B088_039
어영부영,부사,4,L2,NIKL2023:단일일치 | 내부(김광해):경계(L3~L4) | 태그:공식대조(충돌),공식 근거(L2)와 DB(L3) 불일치,,,,SC_V1988_B088_041
어학원,명사,4,L2,NIKL2023:단일일치 | 내부(김광해):경계(L3~L4) | 태그:공식대조(충돌),공식 근거(L2)와 DB(L3) 불일치,,,,SC_V1988_B088_049
어획량,명사,4,L2,NIKL2023:단일일치 | 내부(김광해):경계(L3~L4) | 태그:공식대조(충돌),공식 근거(L2)와 DB(L3) 불일치,,,,SC_V1988_B088_050
어휴,감탄사,4,L2,NIKL2023:단일일치 | 내부(김광해):경계(L3~L4) | 태그:공식대조(충돌),공식 근거(L2)와 DB(L3) 불일치,,,,SC_V1989_B089_001
억만,관형사,4,L2,NIKL2023:단일일치 | 내부(김광해):경계(L3~L4) | 태그:공식대조(충돌),공식 근거(L2)와 DB(L3) 불일치,,,,SC_V1989_B089_002
언급,명사,4,L2,NIKL2023:단일일치 | 내부(김광해):제외(자동분류 범위 밖 - 수동 배치) | 태그:공식대조(충돌),공식 근거(L2)와 DB(L6) 불일치,,,,SR_L6COREV2_5012
언론사,명사,4,L2,NIKL2023:단일일치 | 내부(김광해):경계(L3~L4) | 태그:공식대조(충돌),공식 근거(L2)와 DB(L3) 불일치,,,,SC_V1989_B089_006
언론인,명사,3,L1,NIKL2023:단일일치 | 내부(김광해):경계(L1~L2) | 태그:공식대조(충돌),공식 근거(L1)와 DB(L2) 불일치,,,,SC_V1989_B089_007
언어생활,명사,4,L2,NIKL2023:단일일치 | 내부(김광해):경계(L3~L4) | 태그:공식대조(충돌),공식 근거(L2)와 DB(L3) 불일치,,,,SC_V1989_B089_008
얼룩덜룩하다,형용사,4,L2,NIKL2023:단일일치 | 내부(김광해):경계(L3~L4) | 태그:공식대조(충돌),공식 근거(L2)와 DB(L3) 불일치,,,,SC_V1989_B089_014
얼음과자,명사,4,L2,NIKL2023:단일일치 | 내부(김광해):경계(L3~L4) | 태그:공식대조(충돌),공식 근거(L2)와 DB(L3) 불일치,,,,SC_V1989_B089_019
얼음지치기,명사,4,L2,NIKL2023:단일일치 | 내부(김광해):경계(L3~L4) | 태그:공식대조(충돌),공식 근거(L2)와 DB(L3) 불일치,,,,SC_V1989_B089_022
얼음집,명사,4,L2,NIKL2023:단일일치 | 내부(김광해):경계(L3~L4) | 태그:공식대조(충돌),공식 근거(L2)와 DB(L3) 불일치,,,,SC_V1989_B089_023
엄니,명사,4,L2,NIKL2023:단일일치 | 내부(김광해):경계(L3~L4) | 태그:공식대조(충돌),공식 근거(L2)와 DB(L3) 불일치,,,,SC_V1989_B089_025
엄포,명사,4,L2,NIKL2023:단일일치 | 내부(김광해):경계(L3~L4) | 태그:공식대조(충돌),공식 근거(L2)와 DB(L3) 불일치,,,,SC_V1989_B089_028
업그레이드,명사,3,L1,NIKL2023:단일일치 | 내부(김광해):경계(L1~L2) | 태그:17(L2_PROVISIONAL_AUTO);공식대조(충돌),공식 근거(L1)와 DB(L2) 불일치,,,,SC_V1989_B089_029
업소,명사,4,L2,NIKL2023:단일일치 | 내부(김광해):경계(L3~L4) | 태그:207(레벨보류),일치,,,,SC_V1989_B089_030
엉덩이뼈,명사,4,L2,NIKL2023:단일일치 | 내부(김광해):경계(L3~L4) | 태그:공식대조(충돌),공식 근거(L2)와 DB(L3) 불일치,,,,SC_V1989_B089_036
엎치락뒤치락,부사,4,L2,NIKL2023:단일일치 | 내부(김광해):경계(L3~L4) | 태그:공식대조(충돌),공식 근거(L2)와 DB(L3) 불일치,,,,SC_V1989_B089_037
에어백,명사,4,L2,NIKL2023:단일일치 | 내부(김광해):경계(L3~L4) | 태그:공식대조(충돌),공식 근거(L2)와 DB(L3) 불일치,,,,SC_V1989_B089_040
에취,부사,4,L2,NIKL2023:단일일치 | 내부(김광해):경계(L3~L4) | 태그:207(레벨보류),일치,,,,SC_V1989_B089_041
여관업,명사,4,L2,NIKL2023:단일일치 | 내부(김광해):경계(L3~L4) | 태그:207(레벨보류),일치,,,,SC_V1989_B089_048
여느,관형사,4,L2,NIKL2023:단일일치 | 내부(김광해):경계(L3~L4) | 태그:207(레벨보류),일치,,,,SC_V1989_B089_049
여러해살이,명사,4,L2,NIKL2023:단일일치 | 내부(김광해):경계(L3~L4) | 태그:공식대조(충돌),공식 근거(L2)와 DB(L3) 불일치,,,,SC_V1990_B090_004
여름내,부사,4,L2,NIKL2023:단일일치 | 내부(김광해):경계(L3~L4) | 태그:207(레벨보류),일치,,,,SC_V1990_B090_005
여름새,명사,4,L2,NIKL2023:단일일치 | 내부(김광해):경계(L3~L4) | 태그:공식대조(충돌),공식 근거(L2)와 DB(L3) 불일치,,,,SC_V1990_B090_006
여백,명사,2,L0,NIKL2023:단일일치 | 내부(김광해):L0 | 태그:78(뜻풀이위험),일치,,,,SC_V199_B009_004
여봐라,감탄사,4,L2,NIKL2023:단일일치 | 내부(김광해):경계(L3~L4) | 태그:공식대조(충돌),공식 근거(L2)와 DB(L3) 불일치,,,,SC_V1990_B090_008
여왕개미,명사,4,L2,NIKL2023:단일일치 | 내부(김광해):경계(L3~L4) | 태그:공식대조(충돌),공식 근거(L2)와 DB(L3) 불일치,,,,SC_V1990_B090_011
여주인공,명사,4,L2,NIKL2023:단일일치 | 내부(김광해):경계(L3~L4) | 태그:공식대조(충돌),공식 근거(L2)와 DB(L3) 불일치,,,,SC_V1990_B090_016
여행기,명사,4,L2,NIKL2023:단일일치 | 내부(김광해):경계(L3~L4) | 태그:공식대조(충돌),공식 근거(L2)와 DB(L3) 불일치,,,,SC_V1990_B090_019
여행담,명사,4,L2,NIKL2023:단일일치 | 내부(김광해):경계(L3~L4) | 태그:공식대조(충돌),공식 근거(L2)와 DB(L3) 불일치,,,,SC_V1990_B090_021
역겹다,형용사,4,L2,NIKL2023:단일일치 | 내부(김광해):경계(L3~L4) | 태그:공식대조(충돌),공식 근거(L2)와 DB(L3) 불일치,,,,SC_V1990_B090_024
역마차,명사,4,L2,NIKL2023:단일일치 | 내부(김광해):경계(L3~L4) | 태그:공식대조(충돌),공식 근거(L2)와 DB(L3) 불일치,,,,SC_V1990_B090_026
역무원,명사,4,L2,NIKL2023:단일일치 | 내부(김광해):경계(L3~L4) | 태그:공식대조(충돌),공식 근거(L2)와 DB(L3) 불일치,,,,SC_V1990_B090_027
역사관,명사,4,L2,NIKL2023:단일일치 | 내부(김광해):경계(L3~L4) | 태그:공식대조(충돌),공식 근거(L2)와 DB(L3) 불일치,,,,SC_V1990_B090_030
역할극,명사,4,L2,NIKL2023:단일일치 | 내부(김광해):경계(L3~L4) | 태그:공식대조(충돌),공식 근거(L2)와 DB(L3) 불일치,,,,SC_V1990_B090_034
역효과,명사,4,L2,NIKL2023:단일일치 | 내부(김광해):경계(L3~L4) | 태그:공식대조(충돌),공식 근거(L2)와 DB(L3) 불일치,,,,SC_V1990_B090_035
연구회,명사,4,L2,NIKL2023:단일일치 | 내부(김광해):경계(L3~L4) | 태그:공식대조(충돌),공식 근거(L2)와 DB(L3) 불일치,,,,SC_V1990_B090_038
연기자,명사,4,L2,NIKL2023:단일일치 | 내부(김광해):경계(L3~L4) | 태그:공식대조(충돌),공식 근거(L2)와 DB(L3) 불일치,,,,SC_V1990_B090_039
연대표,명사,4,L2,NIKL2023:단일일치 | 내부(김광해):경계(L3~L4) | 태그:공식대조(충돌),공식 근거(L2)와 DB(L3) 불일치,,,,SC_V1990_B090_041
연락망,명사,4,L2,NIKL2023:단일일치 | 내부(김광해):경계(L3~L4) | 태그:공식대조(충돌),공식 근거(L2)와 DB(L3) 불일치,,,,SC_V1990_B090_043
연맹,명사,4,L2,NIKL2023:단일일치 | 내부(김광해):경계(L3~L4) | 태그:공식대조(충돌),공식 근거(L2)와 DB(L3) 불일치,,,,SC_V1990_B090_045
연민,명사,4,L2,NIKL2023:단일일치 | 내부(김광해):경계(L3~L4) | 태그:공식대조(충돌),공식 근거(L2)와 DB(L3) 불일치,,,,SC_V1990_B090_047
연상되다,동사,4,L2,NIKL2023:단일일치 | 내부(김광해):경계(L3~L4) | 태그:공식대조(충돌),공식 근거(L2)와 DB(L3) 불일치,,,,SC_V1990_B090_048
연소기,명사,4,L2,NIKL2023:단일일치 | 내부(김광해):경계(L3~L4) | 태그:공식대조(충돌),공식 근거(L2)와 DB(L3) 불일치,,,,SC_V1990_B090_050
연쇄점,명사,4,L2,NIKL2023:단일일치 | 내부(김광해):경계(L3~L4) | 태그:공식대조(충돌),공식 근거(L2)와 DB(L3) 불일치,,,,SC_V1991_B091_001
연수원,명사,4,L2,NIKL2023:단일일치 | 내부(김광해):경계(L3~L4) | 태그:공식대조(충돌),공식 근거(L2)와 DB(L3) 불일치,,,,SC_V1991_B091_002
연싸움,명사,4,L2,NIKL2023:단일일치 | 내부(김광해):경계(L3~L4) | 태그:공식대조(충돌),공식 근거(L2)와 DB(L3) 불일치,,,,SC_V1991_B091_004
연이율,명사,4,L2,NIKL2023:단일일치 | 내부(김광해):경계(L3~L4) | 태그:공식대조(충돌),공식 근거(L2)와 DB(L3) 불일치,,,,SC_V1991_B091_006
연장전,명사,4,L2,NIKL2023:단일일치 | 내부(김광해):경계(L3~L4) | 태그:공식대조(충돌),공식 근거(L2)와 DB(L3) 불일치,,,,SC_V1991_B091_008
연주법,명사,4,L2,NIKL2023:단일일치 | 내부(김광해):경계(L3~L4) | 태그:공식대조(충돌),공식 근거(L2)와 DB(L3) 불일치,,,,SC_V1991_B091_010
연표,명사,4,L2,NIKL2023:단일일치 | 내부(김광해):경계(L3~L4) | 태그:공식대조(충돌),공식 근거(L2)와 DB(L3) 불일치,,,,SC_V1991_B091_016
연하장,명사,4,L2,NIKL2023:단일일치 | 내부(김광해):경계(L3~L4) | 태그:공식대조(충돌),공식 근거(L2)와 DB(L3) 불일치,,,,SC_V1991_B091_018
연합회,명사,4,L2,NIKL2023:단일일치 | 내부(김광해):경계(L3~L4) | 태그:공식대조(충돌),공식 근거(L2)와 DB(L3) 불일치,,,,SC_V1991_B091_019
열대림,명사,4,L2,NIKL2023:단일일치 | 내부(김광해):경계(L3~L4) | 태그:공식대조(충돌),공식 근거(L2)와 DB(L3) 불일치,,,,SC_V1991_B091_021
열등감,명사,4,L2,NIKL2023:단일일치 | 내부(김광해):경계(L3~L4) | 태그:공식대조(충돌),공식 근거(L2)와 DB(L3) 불일치,,,,SC_V1991_B091_023
열람,명사,4,L2,NIKL2023:단일일치 | 내부(김광해):경계(L3~L4) | 태그:공식대조(충돌),공식 근거(L2)와 DB(L3) 불일치,,,,SC_V1991_B091_024
열람하다,동사,4,L2,NIKL2023:단일일치 | 내부(김광해):경계(L3~L4) | 태그:공식대조(충돌),공식 근거(L2)와 DB(L3) 불일치,,,,SC_V1991_B091_026
열의,명사,4,L2,NIKL2023:단일일치 | 내부(김광해):경계(L3~L4) | 태그:공식대조(충돌),공식 근거(L2)와 DB(L3) 불일치,,,,SC_V1991_B091_031
염려되다,동사,4,L2,NIKL2023:단일일치 | 내부(김광해):경계(L3~L4) | 태그:공식대조(충돌),공식 근거(L2)와 DB(L3) 불일치,,,,SC_V1991_B091_032
염려스럽다,형용사,4,L2,NIKL2023:단일일치 | 내부(김광해):경계(L3~L4) | 태그:공식대조(충돌),공식 근거(L2)와 DB(L3) 불일치,,,,SC_V1991_B091_033
엿기름,명사,4,L2,NIKL2023:단일일치 | 내부(김광해):경계(L3~L4) | 태그:공식대조(충돌),공식 근거(L2)와 DB(L3) 불일치,,,,SC_V1991_B091_039
영구치,명사,4,L2,NIKL2023:단일일치 | 내부(김광해):경계(L3~L4) | 태그:공식대조(충돌),공식 근거(L2)와 DB(L3) 불일치,,,,SC_V1991_B091_042
영상물,명사,4,L2,NIKL2023:단일일치 | 내부(김광해):경계(L3~L4) | 태그:공식대조(충돌),공식 근거(L2)와 DB(L3) 불일치,,,,SC_V1991_B091_046
영양사,명사,4,L2,NIKL2023:단일일치 | 내부(김광해):경계(L3~L4) | 태그:공식대조(충돌),공식 근거(L2)와 DB(L3) 불일치,,,,SC_V1991_B091_047
영업하다,동사,3,L1,NIKL2023:단일일치 | 내부(김광해):경계(L1~L2) | 태그:공식대조(충돌),공식 근거(L1)와 DB(L2) 불일치,,,,SC_V1992_B092_002
영의정,명사,4,L2,NIKL2023:단일일치 | 내부(김광해):경계(L3~L4) | 태그:공식대조(충돌),공식 근거(L2)와 DB(L3) 불일치,,,,SC_V1992_B092_003
영향권,명사,4,L2,NIKL2023:단일일치 | 내부(김광해):경계(L3~L4) | 태그:공식대조(충돌),공식 근거(L2)와 DB(L3) 불일치,,,,SC_V1992_B092_004
영화제,명사,4,L2,NIKL2023:단일일치 | 내부(김광해):경계(L3~L4) | 태그:공식대조(충돌),공식 근거(L2)와 DB(L3) 불일치,,,,SC_V1992_B092_005
예견하다,동사,4,L2,NIKL2023:단일일치 | 내부(김광해):경계(L3~L4) | 태그:207(레벨보류),일치,,,,SC_V1992_B092_007
예금되다,동사,4,L2,NIKL2023:단일일치 | 내부(김광해):경계(L3~L4) | 태그:207(레벨보류);공식대조(충돌),공식 근거(L2)와 DB(L3) 불일치,,,,SC_V1992_B092_009
예금주,명사,4,L2,NIKL2023:단일일치 | 내부(김광해):경계(L3~L4) | 태그:공식대조(충돌),공식 근거(L2)와 DB(L3) 불일치,,,,SC_V1992_B092_011
예금하다,동사,4,L2,NIKL2023:단일일치 | 내부(김광해):경계(L3~L4) | 태그:공식대조(충돌),공식 근거(L2)와 DB(L3) 불일치,,,,SC_V1992_B092_012
예끼,감탄사,4,L2,NIKL2023:단일일치 | 내부(김광해):경계(L3~L4) | 태그:공식대조(충돌),공식 근거(L2)와 DB(L3) 불일치,,,,SC_V1992_B092_013
예산서,명사,4,L2,NIKL2023:단일일치 | 내부(김광해):경계(L3~L4) | 태그:공식대조(충돌),공식 근거(L2)와 DB(L3) 불일치,,,,SC_V1992_B092_017
예술단,명사,4,L2,NIKL2023:단일일치 | 내부(김광해):경계(L3~L4) | 태그:공식대조(충돌),공식 근거(L2)와 DB(L3) 불일치,,,,SC_V1992_B092_020
예술성,명사,4,L2,NIKL2023:단일일치 | 내부(김광해):경계(L3~L4) | 태그:공식대조(충돌),공식 근거(L2)와 DB(L3) 불일치,,,,SC_V1992_B092_021
예술제,명사,4,L2,NIKL2023:단일일치 | 내부(김광해):경계(L3~L4) | 태그:공식대조(충돌),공식 근거(L2)와 DB(L3) 불일치,,,,SC_V1992_B092_023
예술품,명사,4,L2,NIKL2023:단일일치 | 내부(김광해):경계(L3~L4) | 태그:공식대조(충돌),공식 근거(L2)와 DB(L3) 불일치,,,,SC_V1992_B092_024
예약제,명사,4,L2,NIKL2023:단일일치 | 내부(김광해):경계(L3~L4) | 태그:공식대조(충돌),공식 근거(L2)와 DB(L3) 불일치,,,,SC_V1992_B092_028
옛길,명사,4,L2,NIKL2023:단일일치 | 내부(김광해):경계(L3~L4) | 태그:207(레벨보류),일치,,,,SC_V1992_B092_034
옛사람,명사,4,L2,NIKL2023:단일일치 | 내부(김광해):경계(L3~L4) | 태그:207(레벨보류),일치,,,,SC_V1992_B092_035
오곡밥,명사,4,L2,NIKL2023:단일일치 | 내부(김광해):경계(L3~L4) | 태그:공식대조(충돌),공식 근거(L2)와 DB(L3) 불일치,,,,SC_V1992_B092_036
오너,명사,4,L2,NIKL2023:단일일치 | 내부(김광해):경계(L3~L4) | 태그:공식대조(충돌),공식 근거(L2)와 DB(L3) 불일치,,,,SC_V1992_B092_037
오래달리기,명사,4,L2,NIKL2023:단일일치 | 내부(김광해):경계(L3~L4) | 태그:공식대조(충돌),공식 근거(L2)와 DB(L3) 불일치,,,,SC_V1992_B092_041
오류,명사,2,L0,NIKL2023:단일일치 | 내부(김광해):제외(자동분류 범위 밖 - 수동 배치) | 태그:공식대조(충돌),공식 근거(L0)와 DB(L6) 불일치,,,,SR_L6CORE_4945
오르간,명사,4,L2,NIKL2023:단일일치 | 내부(김광해):경계(L3~L4) | 태그:공식대조(충돌),공식 근거(L2)와 DB(L3) 불일치,,,,SC_V1992_B092_044
오른손잡이,명사,4,L2,NIKL2023:단일일치 | 내부(김광해):경계(L3~L4) | 태그:공식대조(충돌),공식 근거(L2)와 DB(L3) 불일치,,,,SC_V1992_B092_046
오막살이집,명사,4,L2,NIKL2023:단일일치 | 내부(김광해):경계(L3~L4) | 태그:공식대조(충돌),공식 근거(L2)와 DB(L3) 불일치,,,,SC_V1992_B092_048
오목오목,부사,4,L2,NIKL2023:단일일치 | 내부(김광해):경계(L3~L4) | 태그:공식대조(충돌),공식 근거(L2)와 DB(L3) 불일치,,,,SC_V1992_B092_050
오목하다,형용사,4,L2,NIKL2023:단일일치 | 내부(김광해):경계(L3~L4) | 태그:공식대조(충돌),공식 근거(L2)와 DB(L3) 불일치,,,,SC_V1993_B093_001
오므라이스,명사,4,L2,NIKL2023:단일일치 | 내부(김광해):경계(L3~L4) | 태그:공식대조(충돌),공식 근거(L2)와 DB(L3) 불일치,,,,SC_V1993_B093_003
오색구름,명사,4,L2,NIKL2023:단일일치 | 내부(김광해):경계(L3~L4) | 태그:공식대조(충돌),공식 근거(L2)와 DB(L3) 불일치,,,,SC_V1993_B093_004
오선지,명사,4,L2,NIKL2023:단일일치 | 내부(김광해):경계(L3~L4) | 태그:공식대조(충돌),공식 근거(L2)와 DB(L3) 불일치,,,,SC_V1993_B093_005
오순도순,부사,2,L0,NIKL2023:단일일치 | 내부(김광해):L0 | 태그:78(뜻풀이위험),일치,,,,SC_V199_B009_027
오싹오싹,부사,4,L2,NIKL2023:단일일치 | 내부(김광해):경계(L3~L4) | 태그:공식대조(충돌),공식 근거(L2)와 DB(L3) 불일치,,,,SC_V1993_B093_007
오염원,명사,4,L2,NIKL2023:단일일치 | 내부(김광해):경계(L3~L4) | 태그:공식대조(충돌),공식 근거(L2)와 DB(L3) 불일치,,,,SC_V1993_B093_008
오이꽃,명사,4,L2,NIKL2023:단일일치 | 내부(김광해):경계(L3~L4) | 태그:공식대조(충돌),공식 근거(L2)와 DB(L3) 불일치,,,,SC_V1993_B093_011
오작교,명사,4,L2,NIKL2023:단일일치 | 내부(김광해):경계(L3~L4) | 태그:공식대조(충돌),공식 근거(L2)와 DB(L3) 불일치,,,,SC_V1993_B093_013
오죽하다,형용사,2,L0,NIKL2023:단일일치 | 내부(김광해):L0 | 태그:78(뜻풀이위험),일치,,,,SC_V199_B009_028
오케스트라,명사,3,L1,NIKL2023:단일일치 | 내부(김광해):경계(L1~L2) | 태그:공식대조(충돌),공식 근거(L1)와 DB(L2) 불일치,,,,SC_V1993_B093_016
오프닝,명사,4,L2,NIKL2023:단일일치 | 내부(김광해):경계(L3~L4) | 태그:공식대조(충돌),공식 근거(L2)와 DB(L3) 불일치,,,,SC_V1993_B093_019
오프라인,명사,4,L2,NIKL2023:단일일치 | 내부(김광해):경계(L3~L4) | 태그:공식대조(충돌),공식 근거(L2)와 DB(L4) 불일치,,,,SC_V1993_B093_020
온난화,명사,4,L2,NIKL2023:단일일치 | 내부(김광해):경계(L3~L4) | 태그:공식대조(충돌),공식 근거(L2)와 DB(L4) 불일치,,,,SC_V1993_B093_026
온대림,명사,4,L2,NIKL2023:단일일치 | 내부(김광해):경계(L3~L4) | 태그:공식대조(충돌),공식 근거(L2)와 DB(L3) 불일치,,,,SC_V1993_B093_027
온도계,명사,3,L1,NIKL2023:단일일치 | 내부(김광해):경계(L1~L2) | 태그:공식대조(충돌),공식 근거(L1)와 DB(L2) 불일치,,,,SC_V1993_B093_028
온음,명사,4,L2,NIKL2023:단일일치 | 내부(김광해):경계(L3~L4) | 태그:공식대조(충돌),공식 근거(L2)와 DB(L3) 불일치,,,,SC_V1993_B093_031
온풍기,명사,4,L2,NIKL2023:단일일치 | 내부(김광해):경계(L3~L4) | 태그:공식대조(충돌),공식 근거(L2)와 DB(L3) 불일치,,,,SC_V1993_B093_034
올록볼록,부사,4,L2,NIKL2023:단일일치 | 내부(김광해):경계(L3~L4) | 태그:공식대조(충돌),공식 근거(L2)와 DB(L3) 불일치,,,,SC_V1993_B093_035
옳아,감탄사,4,L2,NIKL2023:단일일치 | 내부(김광해):경계(L3~L4) | 태그:공식대조(충돌),공식 근거(L2)와 DB(L3) 불일치,,,,SC_V1993_B093_036
옷고름,명사,4,L2,NIKL2023:단일일치 | 내부(김광해):경계(L3~L4) | 태그:공식대조(충돌),공식 근거(L2)와 DB(L3) 불일치,,,,SC_V1993_B093_041
옹알이,명사,4,L2,NIKL2023:단일일치 | 내부(김광해):경계(L3~L4) | 태그:공식대조(충돌),공식 근거(L2)와 DB(L3) 불일치,,,,SC_V1993_B093_048
옹호하다,동사,4,L2,NIKL2023:단일일치 | 내부(김광해):경계(L3~L4) | 태그:공식대조(충돌),공식 근거(L2)와 DB(L3) 불일치,,,,SC_V1993_B093_049
와이샤쓰,명사,4,L2,NIKL2023:단일일치 | 내부(김광해):경계(L3~L4) | 태그:공식대조(충돌),공식 근거(L2)와 DB(L3) 불일치,,,,SC_V1994_B094_001
와해되다,동사,4,L2,NIKL2023:단일일치 | 내부(김광해):경계(L3~L4) | 태그:공식대조(충돌),공식 근거(L2)와 DB(L3) 불일치,,,,SC_V1994_B094_004
완료,명사,4,L2,NIKL2023:단일일치 | 내부(김광해):제외(자동분류 범위 밖 - 수동 배치) | 태그:공식대조(충돌),공식 근거(L2)와 DB(L4) 불일치,,,,SR_L4CORE_4759
완벽히,부사,4,L2,NIKL2023:단일일치 | 내부(김광해):경계(L3~L4) | 태그:207(레벨보류),일치,,,,SC_V1994_B094_009
완성도,명사,4,L2,NIKL2023:단일일치 | 내부(김광해):경계(L3~L4) | 태그:공식대조(충돌),공식 근거(L2)와 DB(L3) 불일치,,,,SC_V1994_B094_011
완충되다,동사,4,L2,NIKL2023:단일일치 | 내부(김광해):경계(L3~L4) | 태그:공식대조(충돌),공식 근거(L2)와 DB(L3) 불일치,,,,SC_V1994_B094_014
왕권,명사,4,L2,NIKL2023:단일일치 | 내부(김광해):경계(L3~L4) | 태그:공식대조(충돌),공식 근거(L2)와 DB(L3) 불일치,,,,SC_V1994_B094_017
왜곡,명사,4,L2,NIKL2023:단일일치 | 내부(김광해):제외(자동분류 범위 밖 - 수동 배치) | 태그:공식대조(충돌),공식 근거(L2)와 DB(L6) 불일치,,,,SR_L6CORE_4947
외교권,명사,4,L2,NIKL2023:단일일치 | 내부(김광해):경계(L3~L4) | 태그:공식대조(충돌),공식 근거(L2)와 DB(L4) 불일치,,,,SC_V1994_B094_031
외나무다리,명사,4,L2,NIKL2023:단일일치 | 내부(김광해):경계(L3~L4) | 태그:공식대조(충돌),공식 근거(L2)와 DB(L3) 불일치,,,,SC_V1994_B094_034
외딴길,명사,4,L2,NIKL2023:단일일치 | 내부(김광해):경계(L3~L4) | 태그:207(레벨보류),일치,,,,SC_V1994_B094_037
외래어,명사,3,L1,NIKL2023:단일일치 | 내부(김광해):경계(L1~L2) | 태그:공식대조(충돌),공식 근거(L1)와 DB(L2) 불일치,,,,SC_V1994_B094_040
요건,명사,4,L2,NIKL2023:단일일치 | 내부(김광해):제외(자동분류 범위 밖 - 수동 배치) | 태그:공식대조(충돌),공식 근거(L2)와 DB(L4) 불일치,,,,SR_L4CORE_4760
요만하다,형용사,3,L1,NIKL2023:단일일치 | 내부(김광해):경계(L1~L2) | 태그:공식대조(충돌),공식 근거(L1)와 DB(L2) 불일치,,,,SC_V1995_B095_005
요판,명사,4,L2,NIKL2023:단일일치 | 내부(김광해):경계(L3~L4) | 태그:공식대조(충돌),공식 근거(L2)와 DB(L3) 불일치,,,,SC_V1995_B095_010
욕설,명사,4,L2,NIKL2023:단일일치 | 내부(김광해):경계(L3~L4) | 태그:공식대조(충돌),공식 근거(L2)와 DB(L3) 불일치,,,,SC_V1995_B095_013
용감성,명사,4,L2,NIKL2023:단일일치 | 내부(김광해):경계(L3~L4) | 태그:공식대조(충돌),공식 근거(L2)와 DB(L3) 불일치,,,,SC_V1995_B095_015
용접기,명사,4,L2,NIKL2023:단일일치 | 내부(김광해):경계(L3~L4) | 태그:공식대조(충돌),공식 근거(L2)와 DB(L3) 불일치,,,,SC_V1995_B095_021
우당탕,부사,4,L2,NIKL2023:단일일치 | 내부(김광해):경계(L3~L4) | 태그:공식대조(충돌),공식 근거(L2)와 DB(L3) 불일치,,,,SC_V1995_B095_023
우두커니,부사,4,L2,NIKL2023:단일일치 | 내부(김광해):경계(L3~L4) | 태그:공식대조(충돌),공식 근거(L2)와 DB(L3) 불일치,,,,SC_V1995_B095_024
우등상,명사,4,L2,NIKL2023:단일일치 | 내부(김광해):경계(L3~L4) | 태그:공식대조(충돌),공식 근거(L2)와 DB(L3) 불일치,,,,SC_V1995_B095_025
우러나오다,동사,4,L2,NIKL2023:단일일치 | 내부(김광해):경계(L3~L4) | 태그:공식대조(충돌),공식 근거(L2)와 DB(L3) 불일치,,,,SC_V1995_B095_026
우리글,명사,4,L2,NIKL2023:단일일치 | 내부(김광해):경계(L3~L4) | 태그:공식대조(충돌),공식 근거(L2)와 DB(L3) 불일치,,,,SC_V1995_B095_028
우림,명사,4,L2,NIKL2023:단일일치 | 내부(김광해):경계(L3~L4) | 태그:공식대조(충돌),공식 근거(L2)와 DB(L3) 불일치,,,,SC_V1995_B095_029
우물쭈물하다,동사,3,L1,NIKL2023:단일일치 | 내부(김광해):경계(L1~L2) | 태그:207(레벨보류),일치,,,,SC_V1995_B095_031
우방국,명사,4,L2,NIKL2023:단일일치 | 내부(김광해):경계(L3~L4) | 태그:공식대조(충돌),공식 근거(L2)와 DB(L3) 불일치,,,,SC_V1995_B095_032
우산살,명사,4,L2,NIKL2023:단일일치 | 내부(김광해):경계(L3~L4) | 태그:공식대조(충돌),공식 근거(L2)와 DB(L3) 불일치,,,,SC_V1995_B095_033
우승자,명사,4,L2,NIKL2023:단일일치 | 내부(김광해):경계(L3~L4) | 태그:공식대조(충돌),공식 근거(L2)와 DB(L3) 불일치,,,,SC_V1995_B095_036
우의정,명사,4,L2,NIKL2023:단일일치 | 내부(김광해):경계(L3~L4) | 태그:공식대조(충돌),공식 근거(L2)와 DB(L3) 불일치,,,,SC_V1995_B095_044
우지끈,부사,4,L2,NIKL2023:단일일치 | 내부(김광해):경계(L3~L4) | 태그:공식대조(충돌),공식 근거(L2)와 DB(L3) 불일치,,,,SC_V1995_B095_045
우편료,명사,4,L2,NIKL2023:단일일치 | 내부(김광해):경계(L3~L4) | 태그:공식대조(충돌),공식 근거(L2)와 DB(L3) 불일치,,,,SC_V1995_B095_048
우편집배원,명사,4,L2,NIKL2023:단일일치 | 내부(김광해):경계(L3~L4) | 태그:공식대조(충돌),공식 근거(L2)와 DB(L4) 불일치,,,,SC_V1995_B095_050
운수업,명사,4,L2,NIKL2023:단일일치 | 내부(김광해):경계(L3~L4) | 태그:공식대조(충돌),공식 근거(L2)와 DB(L3) 불일치,,,,SC_V1996_B096_010
운율,명사,4,L2,NIKL2023:단일일치 | 내부(김광해):경계(L3~L4) | 태그:공식대조(충돌),공식 근거(L2)와 DB(L3) 불일치,,,,SC_V1996_B096_011
울퉁불퉁,부사,2,L0,NIKL2023:단일일치 | 내부(김광해):L0 | 태그:78(뜻풀이위험),일치,,,,SC_V199_B009_042
움막,명사,4,L2,NIKL2023:단일일치 | 내부(김광해):경계(L3~L4) | 태그:공식대조(충돌),공식 근거(L2)와 DB(L3) 불일치,,,,SC_V1996_B096_022
움찔하다,동사,4,L2,NIKL2023:단일일치 | 내부(김광해):경계(L3~L4) | 태그:공식대조(충돌),공식 근거(L2)와 DB(L3) 불일치,,,,SC_V1996_B096_024
웃돌다,동사,4,L2,NIKL2023:단일일치 | 내부(김광해):경계(L3~L4) | 태그:공식대조(충돌),공식 근거(L2)와 DB(L3) 불일치,,,,SC_V1996_B096_027
웅성이다,동사,4,L2,NIKL2023:단일일치 | 내부(김광해):경계(L3~L4) | 태그:공식대조(충돌),공식 근거(L2)와 DB(L3) 불일치,,,,SC_V1996_B096_034
원두커피,명사,4,L2,NIKL2023:단일일치 | 내부(김광해):경계(L3~L4) | 태그:공식대조(충돌),공식 근거(L2)와 DB(L3) 불일치,,,,SC_V1996_B096_037
원료비,명사,4,L2,NIKL2023:단일일치 | 내부(김광해):경계(L3~L4) | 태그:공식대조(충돌),공식 근거(L2)와 DB(L3) 불일치,,,,SC_V1996_B096_038
원반던지기,명사,4,L2,NIKL2023:단일일치 | 내부(김광해):경계(L3~L4) | 태그:공식대조(충돌),공식 근거(L2)와 DB(L3) 불일치,,,,SC_V1996_B096_039
원뿔,명사,4,L2,NIKL2023:단일일치 | 내부(김광해):경계(L3~L4) | 태그:공식대조(충돌),공식 근거(L2)와 DB(L3) 불일치,,,,SC_V1996_B096_040
원주율,명사,4,L2,NIKL2023:단일일치 | 내부(김광해):경계(L3~L4) | 태그:공식대조(충돌),공식 근거(L2)와 DB(L3) 불일치,,,,SC_V1996_B096_047
원천,명사,4,L2,NIKL2023:단일일치 | 내부(김광해):제외(자동분류 범위 밖 - 수동 배치) | 태그:공식대조(충돌),공식 근거(L2)와 DB(L4) 불일치,,,,SR_L4CORE_4761
월평균,명사,4,L2,NIKL2023:단일일치 | 내부(김광해):경계(L3~L4) | 태그:207(레벨보류),일치,,,,SC_V1997_B097_003
웨이브,명사,4,L2,NIKL2023:단일일치 | 내부(김광해):경계(L3~L4) | 태그:공식대조(충돌),공식 근거(L2)와 DB(L3) 불일치,,,,SC_V1997_B097_005
위문,명사,4,L2,NIKL2023:단일일치 | 내부(김광해):경계(L3~L4) | 태그:공식대조(충돌),공식 근거(L2)와 DB(L3) 불일치,,,,SC_V1997_B097_008
위문하다,동사,4,L2,NIKL2023:단일일치 | 내부(김광해):경계(L3~L4) | 태그:공식대조(충돌),공식 근거(L2)와 DB(L3) 불일치,,,,SC_V1997_B097_009
위배되다,동사,4,L2,NIKL2023:단일일치 | 내부(김광해):경계(L3~L4) | 태그:공식대조(충돌),공식 근거(L2)와 DB(L3) 불일치,,,,SC_V1997_B097_010
위생비,명사,4,L2,NIKL2023:단일일치 | 내부(김광해):경계(L3~L4) | 태그:공식대조(충돌),공식 근거(L2)와 DB(L3) 불일치,,,,SC_V1997_B097_012
위압감,명사,4,L2,NIKL2023:단일일치 | 내부(김광해):경계(L3~L4) | 태그:공식대조(충돌),공식 근거(L2)와 DB(L3) 불일치,,,,SC_V1997_B097_013
위원단,명사,4,L2,NIKL2023:단일일치 | 내부(김광해):경계(L3~L4) | 태그:공식대조(충돌),공식 근거(L2)와 DB(L3) 불일치,,,,SC_V1997_B097_015
위태위태하다,형용사,4,L2,NIKL2023:단일일치 | 내부(김광해):경계(L3~L4) | 태그:공식대조(충돌),공식 근거(L2)와 DB(L3) 불일치,,,,SC_V1997_B097_019
위트,명사,4,L2,NIKL2023:단일일치 | 내부(김광해):경계(L3~L4) | 태그:공식대조(충돌),공식 근거(L2)와 DB(L3) 불일치,,,,SC_V1997_B097_021
위헌,명사,4,L2,NIKL2023:단일일치 | 내부(김광해):경계(L3~L4) | 태그:공식대조(충돌),공식 근거(L2)와 DB(L3) 불일치,,,,SC_V1997_B097_022
위험성,명사,3,L1,NIKL2023:단일일치 | 내부(김광해):경계(L1~L2) | 태그:공식대조(충돌),공식 근거(L1)와 DB(L2) 불일치,,,,SC_V1997_B097_023
유념하다,동사,4,L2,NIKL2023:단일일치 | 내부(김광해):경계(L3~L4) | 태그:공식대조(충돌),공식 근거(L2)와 DB(L3) 불일치,,,,SC_V1997_B097_035
유단자,명사,4,L2,NIKL2023:단일일치 | 내부(김광해):경계(L3~L4) | 태그:공식대조(충돌),공식 근거(L2)와 DB(L3) 불일치,,,,SC_V1997_B097_037
유대감,명사,4,L2,NIKL2023:단일일치 | 내부(김광해):경계(L3~L4) | 태그:207(레벨보류),일치,,,,SC_V1997_B097_039
유리관,명사,4,L2,NIKL2023:단일일치 | 내부(김광해):경계(L3~L4) | 태그:공식대조(충돌),공식 근거(L2)와 DB(L3) 불일치,,,,SC_V1997_B097_040
유명세,명사,4,L2,NIKL2023:단일일치 | 내부(김광해):경계(L3~L4) | 태그:공식대조(충돌),공식 근거(L2)와 DB(L3) 불일치,,,,SC_V1997_B097_046
유배되다,동사,4,L2,NIKL2023:단일일치 | 내부(김광해):경계(L3~L4) | 태그:공식대조(충돌),공식 근거(L2)와 DB(L3) 불일치,,,,SC_V1997_B097_050
유산균,명사,4,L2,NIKL2023:단일일치 | 내부(김광해):경계(L3~L4) | 태그:공식대조(충돌),공식 근거(L2)와 DB(L3) 불일치,,,,SC_V1998_B098_003
유실수,명사,4,L2,NIKL2023:단일일치 | 내부(김광해):경계(L3~L4) | 태그:공식대조(충돌),공식 근거(L2)와 DB(L3) 불일치,,,,SC_V1998_B098_005
유유자적,명사,4,L2,NIKL2023:단일일치 | 내부(김광해):경계(L3~L4) | 태그:공식대조(충돌),공식 근거(L2)와 DB(L3) 불일치,,,,SC_V1998_B098_009
유의어,명사,4,L2,NIKL2023:단일일치 | 내부(김광해):경계(L3~L4) | 태그:공식대조(충돌),공식 근거(L2)와 DB(L3) 불일치,,,,SC_V1998_B098_010
유제품,명사,4,L2,NIKL2023:단일일치 | 내부(김광해):경계(L3~L4) | 태그:공식대조(충돌),공식 근거(L2)와 DB(L3) 불일치,,,,SC_V1998_B098_013
유채색,명사,4,L2,NIKL2023:단일일치 | 내부(김광해):경계(L3~L4) | 태그:공식대조(충돌),공식 근거(L2)와 DB(L3) 불일치,,,,SC_V1998_B098_016
유행성,명사,4,L2,NIKL2023:단일일치 | 내부(김광해):경계(L3~L4) | 태그:공식대조(충돌),공식 근거(L2)와 DB(L3) 불일치,,,,SC_V1998_B098_020
육각기둥,명사,4,L2,NIKL2023:단일일치 | 내부(김광해):경계(L3~L4) | 태그:공식대조(충돌),공식 근거(L2)와 DB(L3) 불일치,,,,SC_V1998_B098_021
육대주,명사,4,L2,NIKL2023:단일일치 | 내부(김광해):경계(L3~L4) | 태그:공식대조(충돌),공식 근거(L2)와 DB(L3) 불일치,,,,SC_V1998_B098_023
육면체,명사,4,L2,NIKL2023:단일일치 | 내부(김광해):경계(L3~L4) | 태그:공식대조(충돌),공식 근거(L2)와 DB(L3) 불일치,,,,SC_V1998_B098_025
융성,명사,4,L2,NIKL2023:단일일치 | 내부(김광해):경계(L3~L4) | 태그:공식대조(충돌),공식 근거(L2)와 DB(L3) 불일치,,,,SC_V1998_B098_028
으뜸음,명사,4,L2,NIKL2023:단일일치 | 내부(김광해):경계(L3~L4) | 태그:공식대조(충돌),공식 근거(L2)와 DB(L3) 불일치,,,,SC_V1998_B098_030
으스스하다,형용사,3,L1,NIKL2023:단일일치 | 내부(김광해):경계(L1~L2) | 태그:공식대조(충돌),공식 근거(L1)와 DB(L2) 불일치,,,,SC_V1998_B098_034
으하하,부사,4,L2,NIKL2023:단일일치 | 내부(김광해):경계(L3~L4) | 태그:공식대조(충돌),공식 근거(L2)와 DB(L3) 불일치,,,,SC_V1998_B098_036
으허허,부사,4,L2,NIKL2023:단일일치 | 내부(김광해):경계(L3~L4) | 태그:공식대조(충돌),공식 근거(L2)와 DB(L3) 불일치,,,,SC_V1998_B098_037
으흐흑,부사,4,L2,NIKL2023:단일일치 | 내부(김광해):경계(L3~L4) | 태그:공식대조(충돌),공식 근거(L2)와 DB(L3) 불일치,,,,SC_V1998_B098_038
윽박지르다,동사,4,L2,NIKL2023:단일일치 | 내부(김광해):경계(L3~L4) | 태그:공식대조(충돌),공식 근거(L2)와 DB(L3) 불일치,,,,SC_V1998_B098_039
은구슬,명사,4,L2,NIKL2023:단일일치 | 내부(김광해):경계(L3~L4) | 태그:207(레벨보류),일치,,,,SC_V1998_B098_040
은유법,명사,4,L2,NIKL2023:단일일치 | 내부(김광해):경계(L3~L4) | 태그:공식대조(충돌),공식 근거(L2)와 DB(L4) 불일치,,,,SC_V1998_B098_049
은퇴,명사,4,L2,NIKL2023:단일일치 | 내부(김광해):경계(L3~L4) | 태그:공식대조(충돌),공식 근거(L2)와 DB(L3) 불일치,,,,SC_V1998_B098_050
은하,명사,4,L2,NIKL2023:단일일치 | 내부(김광해):경계(L3~L4) | 태그:공식대조(충돌),공식 근거(L2)와 DB(L3) 불일치,,,,SC_V1999_B099_002
은행장,명사,4,L2,NIKL2023:단일일치 | 내부(김광해):경계(L3~L4) | 태그:공식대조(충돌),공식 근거(L2)와 DB(L3) 불일치,,,,SC_V1999_B099_005
음반,명사,4,L2,NIKL2023:단일일치 | 내부(김광해):경계(L3~L4) | 태그:공식대조(충돌),공식 근거(L2)와 DB(L3) 불일치,,,,SC_V1999_B099_008
음악대,명사,4,L2,NIKL2023:단일일치 | 내부(김광해):경계(L3~L4) | 태그:공식대조(충돌),공식 근거(L2)와 DB(L3) 불일치,,,,SC_V1999_B099_011
음악인,명사,4,L2,NIKL2023:단일일치 | 내부(김광해):경계(L3~L4) | 태그:공식대조(충돌),공식 근거(L2)와 DB(L3) 불일치,,,,SC_V1999_B099_012
음파,명사,4,L2,NIKL2023:단일일치 | 내부(김광해):경계(L3~L4) | 태그:공식대조(충돌),공식 근거(L2)와 DB(L3) 불일치,,,,SC_V1999_B099_013
읍사무소,명사,4,L2,NIKL2023:단일일치 | 내부(김광해):경계(L3~L4) | 태그:공식대조(충돌),공식 근거(L2)와 DB(L3) 불일치,,,,SC_V1999_B099_017
읍장,명사,4,L2,NIKL2023:단일일치 | 내부(김광해):경계(L3~L4) | 태그:공식대조(충돌),공식 근거(L2)와 DB(L3) 불일치,,,,SC_V1999_B099_018
응낙하다,동사,4,L2,NIKL2023:단일일치 | 내부(김광해):경계(L3~L4) | 태그:공식대조(충돌),공식 근거(L2)와 DB(L3) 불일치,,,,SC_V1999_B099_020
응원가,명사,4,L2,NIKL2023:단일일치 | 내부(김광해):경계(L3~L4) | 태그:공식대조(충돌),공식 근거(L2)와 DB(L3) 불일치,,,,SC_V1999_B099_026
응접실,명사,4,L2,NIKL2023:단일일치 | 내부(김광해):경계(L3~L4) | 태그:공식대조(충돌),공식 근거(L2)와 DB(L3) 불일치,,,,SC_V1999_B099_028
의기소침하다,형용사,4,L2,NIKL2023:단일일치 | 내부(김광해):경계(L3~L4) | 태그:공식대조(충돌),공식 근거(L2)와 DB(L3) 불일치,,,,SC_V1999_B099_032
의기양양하다,형용사,4,L2,NIKL2023:단일일치 | 내부(김광해):경계(L3~L4) | 태그:공식대조(충돌),공식 근거(L2)와 DB(L3) 불일치,,,,SC_V1999_B099_033
의료비,명사,4,L2,NIKL2023:단일일치 | 내부(김광해):경계(L3~L4) | 태그:공식대조(충돌),공식 근거(L2)와 DB(L3) 불일치,,,,SC_V1999_B099_036
의무화,명사,4,L2,NIKL2023:단일일치 | 내부(김광해):경계(L3~L4) | 태그:공식대조(충돌),공식 근거(L2)와 DB(L3) 불일치,,,,SC_V1999_B099_038
의문사,명사,4,L2,NIKL2023:단일일치 | 내부(김광해):경계(L3~L4) | 태그:공식대조(충돌),공식 근거(L2)와 DB(L3) 불일치,,,,SC_V1999_B099_039
의문스럽다,형용사,4,L2,NIKL2023:단일일치 | 내부(김광해):경계(L3~L4) | 태그:공식대조(충돌),공식 근거(L2)와 DB(L3) 불일치,,,,SC_V1999_B099_040
의미심장하다,형용사,4,L2,NIKL2023:단일일치 | 내부(김광해):경계(L3~L4) | 태그:공식대조(충돌),공식 근거(L2)와 DB(L3) 불일치,,,,SC_V1999_B099_041
의사당,명사,4,L2,NIKL2023:단일일치 | 내부(김광해):경계(L3~L4) | 태그:공식대조(충돌),공식 근거(L2)와 DB(L3) 불일치,,,,SC_V1999_B099_043
의사소통하다,동사,4,L2,NIKL2023:단일일치 | 내부(김광해):경계(L3~L4) | 태그:공식대조(충돌),공식 근거(L2)와 DB(L3) 불일치,,,,SC_V1999_B099_044
의성어,명사,4,L2,NIKL2023:단일일치 | 내부(김광해):경계(L3~L4) | 태그:공식대조(충돌),공식 근거(L2)와 DB(L3) 불일치,,,,SC_V1999_B099_046
의아스럽다,형용사,4,L2,NIKL2023:단일일치 | 내부(김광해):경계(L3~L4) | 태그:공식대조(충돌),공식 근거(L2)와 DB(L3) 불일치,,,,SC_V19100_B100_001
의외로,부사,2,L0,NIKL2023:단일일치 | 내부(김광해):L0 | 태그:78(뜻풀이위험),일치,,,,SC_V1910_B010_008
의좋다,형용사,4,L2,NIKL2023:단일일치 | 내부(김광해):경계(L3~L4) | 태그:207(레벨보류),일치,,,,SC_V19100_B100_005
의지,명사,다중,다중후보(L0/경계(L3~L4)),NIKL2023:다중후보 | 내부(김광해):제외(자동분류 범위 밖 - 수동 배치) | 태그:공식대조(다중의미위험),공식 등급 후보 상이(동형이의),,,,SR_L6CORE_4953
의태어,명사,4,L2,NIKL2023:단일일치 | 내부(김광해):경계(L3~L4) | 태그:공식대조(충돌),공식 근거(L2)와 DB(L3) 불일치,,,,SC_V19100_B100_007
이까짓,관형사,4,L2,NIKL2023:단일일치 | 내부(김광해):경계(L3~L4) | 태그:공식대조(충돌),공식 근거(L2)와 DB(L3) 불일치,,,,SC_V19100_B100_012
이러저러하다,형용사,4,L2,NIKL2023:단일일치 | 내부(김광해):경계(L3~L4) | 태그:공식대조(충돌),공식 근거(L2)와 DB(L3) 불일치,,,,SC_V19100_B100_016
이리하여,부사,4,L2,NIKL2023:단일일치 | 내부(김광해):경계(L3~L4) | 태그:공식대조(충돌),공식 근거(L2)와 DB(L3) 불일치,,,,SC_V19100_B100_020
이메일,명사,3,L1,NIKL2023:단일일치 | 내부(김광해):경계(L1~L2) | 태그:공식대조(충돌),공식 근거(L1)와 DB(L2) 불일치,,,,SC_V19100_B100_022
이면,명사,4,L2,NIKL2023:단일일치 | 내부(김광해):제외(자동분류 범위 밖 - 수동 배치) | 태그:공식대조(충돌),공식 근거(L2)와 DB(L6) 불일치,,,,SR_L6COREV2_5021
이모티콘,명사,4,L2,NIKL2023:단일일치 | 내부(김광해):경계(L3~L4) | 태그:공식대조(충돌),공식 근거(L2)와 DB(L3) 불일치,,,,SC_V19100_B100_026
이민자,명사,4,L2,NIKL2023:단일일치 | 내부(김광해):경계(L3~L4) | 태그:공식대조(충돌),공식 근거(L2)와 DB(L3) 불일치,,,,SC_V19100_B100_029
이발사,명사,4,L2,NIKL2023:단일일치 | 내부(김광해):경계(L3~L4) | 태그:공식대조(충돌),공식 근거(L2)와 DB(L3) 불일치,,,,SC_V19100_B100_031
이발소,명사,2,L0,NIKL2023:단일일치 | 내부(김광해):L0 | 태그:78(뜻풀이위험),일치,,,,SC_V1910_B010_010
이야기꽃,명사,4,L2,NIKL2023:단일일치 | 내부(김광해):경계(L3~L4) | 태그:공식대조(충돌),공식 근거(L2)와 DB(L3) 불일치,,,,SC_V19100_B100_039
이웃사촌,명사,4,L2,NIKL2023:단일일치 | 내부(김광해):경계(L3~L4) | 태그:공식대조(충돌),공식 근거(L2)와 DB(L3) 불일치,,,,SC_V19100_B100_046
이웃하다,동사,4,L2,NIKL2023:단일일치 | 내부(김광해):경계(L3~L4) | 태그:공식대조(충돌),공식 근거(L2)와 DB(L3) 불일치,,,,SC_V19100_B100_047
이응,명사,2,L0,NIKL2023:단일일치 | 내부(김광해):L0 | 태그:207(레벨보류),일치,,,,SC_V1910_B010_012
이자율,명사,4,L2,NIKL2023:단일일치 | 내부(김광해):경계(L3~L4) | 태그:207(레벨보류);공식대조(충돌),공식 근거(L2)와 DB(L3) 불일치,,,,SC_V19101_B101_001
이탈,명사,4,L2,NIKL2023:단일일치 | 내부(김광해):경계(L3~L4) | 태그:공식대조(충돌),공식 근거(L2)와 DB(L3) 불일치,,,,SC_V19101_B101_008
익살,명사,4,L2,NIKL2023:단일일치 | 내부(김광해):경계(L3~L4) | 태그:공식대조(충돌),공식 근거(L2)와 DB(L3) 불일치,,,,SC_V19101_B101_014
익살스럽다,형용사,4,L2,NIKL2023:단일일치 | 내부(김광해):경계(L3~L4) | 태그:공식대조(충돌),공식 근거(L2)와 DB(L3) 불일치,,,,SC_V19101_B101_015
인간관계,명사,3,L1,NIKL2023:단일일치 | 내부(김광해):경계(L1~L2) | 태그:17(L2_PROVISIONAL_AUTO);공식대조(충돌),공식 근거(L1)와 DB(L2) 불일치,,,,SC_V19101_B101_016
인공호,명사,4,L2,NIKL2023:단일일치 | 내부(김광해):경계(L3~L4) | 태그:공식대조(충돌),공식 근거(L2)와 DB(L3) 불일치,,,,SC_V19101_B101_018
인내력,명사,4,L2,NIKL2023:단일일치 | 내부(김광해):경계(L3~L4) | 태그:공식대조(충돌),공식 근거(L2)와 DB(L3) 불일치,,,,SC_V19101_B101_023
인내심,명사,2,L0,NIKL2023:단일일치 | 내부(김광해):L0 | 태그:78(뜻풀이위험),일치,,,,SC_V1910_B010_014
인명사전,명사,4,L2,NIKL2023:단일일치 | 내부(김광해):경계(L3~L4) | 태그:공식대조(충돌),공식 근거(L2)와 DB(L3) 불일치,,,,SC_V19101_B101_027
인문학,명사,4,L2,NIKL2023:단일일치 | 내부(김광해):경계(L3~L4) | 태그:공식대조(충돌),공식 근거(L2)와 DB(L3) 불일치,,,,SC_V19101_B101_029
인생사,명사,4,L2,NIKL2023:단일일치 | 내부(김광해):경계(L3~L4) | 태그:공식대조(충돌),공식 근거(L2)와 DB(L3) 불일치,,,,SC_V19101_B101_032
인쇄되다,동사,3,L1,NIKL2023:단일일치 | 내부(김광해):경계(L1~L2) | 태그:공식대조(충돌),공식 근거(L1)와 DB(L2) 불일치,,,,SC_V19101_B101_034
인지,명사,다중,다중후보(L2/경계(L3~L4)),NIKL2023:다중후보 | 내부(김광해):제외(자동분류 범위 밖 - 수동 배치) | 태그:공식대조(다중의미위험),공식 등급 후보 상이(동형이의),,,,SR_L4CORE_4773
인지도,명사,4,L2,NIKL2023:단일일치 | 내부(김광해):경계(L3~L4) | 태그:공식대조(충돌),공식 근거(L2)와 DB(L3) 불일치,,,,SC_V19101_B101_039
인터폰,명사,4,L2,NIKL2023:단일일치 | 내부(김광해):경계(L3~L4) | 태그:공식대조(충돌),공식 근거(L2)와 DB(L3) 불일치,,,,SC_V19101_B101_040
인파,명사,4,L2,NIKL2023:단일일치 | 내부(김광해):경계(L3~L4) | 태그:공식대조(충돌),공식 근거(L2)와 DB(L3) 불일치,,,,SC_V19101_B101_041
인화지,명사,4,L2,NIKL2023:단일일치 | 내부(김광해):경계(L3~L4) | 태그:공식대조(충돌),공식 근거(L2)와 DB(L3) 불일치,,,,SC_V19101_B101_043
일간지,명사,4,L2,NIKL2023:단일일치 | 내부(김광해):경계(L3~L4) | 태그:공식대조(충돌),공식 근거(L2)와 DB(L3) 불일치,,,,SC_V19101_B101_046
일관성,명사,4,L2,NIKL2023:단일일치 | 내부(김광해):제외(자동분류 범위 밖 - 수동 배치) | 태그:공식대조(충돌),공식 근거(L2)와 DB(L4) 불일치,,,,SR_L4CORE_4774
일교차,명사,4,L2,NIKL2023:단일일치 | 내부(김광해):경계(L3~L4) | 태그:공식대조(충돌),공식 근거(L2)와 DB(L3) 불일치,,,,SC_V19101_B101_049
일조량,명사,4,L2,NIKL2023:단일일치 | 내부(김광해):경계(L3~L4) | 태그:공식대조(충돌),공식 근거(L2)와 DB(L3) 불일치,,,,SC_V19102_B102_011
일층,부사,4,L2,NIKL2023:단일일치 | 내부(김광해):경계(L3~L4) | 태그:공식대조(충돌),공식 근거(L2)와 DB(L3) 불일치,,,,SC_V19102_B102_013
일편단심,명사,4,L2,NIKL2023:단일일치 | 내부(김광해):경계(L3~L4) | 태그:공식대조(충돌),공식 근거(L2)와 DB(L3) 불일치,,,,SC_V19102_B102_014
임기응변,명사,4,L2,NIKL2023:단일일치 | 내부(김광해):경계(L3~L4) | 태그:공식대조(충돌),공식 근거(L2)와 DB(L3) 불일치,,,,SC_V19102_B102_019
임대료,명사,4,L2,NIKL2023:단일일치 | 내부(김광해):경계(L3~L4) | 태그:공식대조(충돌),공식 근거(L2)와 DB(L3) 불일치,,,,SC_V19102_B102_020
임명장,명사,4,L2,NIKL2023:단일일치 | 내부(김광해):경계(L3~L4) | 태그:공식대조(충돌),공식 근거(L2)와 DB(L3) 불일치,,,,SC_V19102_B102_023
임산물,명사,4,L2,NIKL2023:단일일치 | 내부(김광해):경계(L3~L4) | 태그:공식대조(충돌),공식 근거(L2)와 DB(L3) 불일치,,,,SC_V19102_B102_024
임원회,명사,4,L2,NIKL2023:단일일치 | 내부(김광해):경계(L3~L4) | 태그:공식대조(충돌),공식 근거(L2)와 DB(L3) 불일치,,,,SC_V19102_B102_027
임의,명사,4,L2,NIKL2023:단일일치 | 내부(김광해):제외(자동분류 범위 밖 - 수동 배치) | 태그:공식대조(충돌),공식 근거(L2)와 DB(L4) 불일치,,,,SR_L4CORE_4776
입바람,명사,4,L2,NIKL2023:단일일치 | 내부(김광해):경계(L3~L4) | 태그:공식대조(충돌),공식 근거(L2)와 DB(L3) 불일치,,,,SC_V19102_B102_029
입법부,명사,4,L2,NIKL2023:단일일치 | 내부(김광해):경계(L3~L4) | 태그:공식대조(충돌),공식 근거(L2)와 DB(L3) 불일치,,,,SC_V19102_B102_030
입속,명사,4,L2,NIKL2023:단일일치 | 내부(김광해):경계(L3~L4) | 태그:공식대조(충돌),공식 근거(L2)와 DB(L3) 불일치,,,,SC_V19102_B102_032
입천장,명사,3,L1,NIKL2023:단일일치 | 내부(김광해):경계(L1~L2) | 태그:공식대조(충돌),공식 근거(L1)와 DB(L2) 불일치,,,,SC_V19102_B102_038
입후보하다,동사,4,L2,NIKL2023:단일일치 | 내부(김광해):경계(L3~L4) | 태그:공식대조(충돌),공식 근거(L2)와 DB(L3) 불일치,,,,SC_V19102_B102_040
잇몸,명사,3,L1,NIKL2023:단일일치 | 내부(김광해):경계(L1~L2) | 태그:207(레벨보류);공식대조(충돌),공식 근거(L1)와 DB(L2) 불일치,,,,SC_V19102_B102_042
잎자루,명사,4,L2,NIKL2023:단일일치 | 내부(김광해):경계(L3~L4) | 태그:공식대조(충돌),공식 근거(L2)와 DB(L3) 불일치,,,,SC_V19102_B102_046
자급자족하다,동사,4,L2,NIKL2023:단일일치 | 내부(김광해):경계(L3~L4) | 태그:공식대조(충돌),공식 근거(L2)와 DB(L3) 불일치,,,,SC_V19103_B103_001
자기장,명사,4,L2,NIKL2023:단일일치 | 내부(김광해):제외(자동분류 범위 밖 - 수동 배치) | 태그:공식대조(충돌),공식 근거(L2)와 DB(L4) 불일치,,,,SR_L4CORE_6392
자동식,명사,4,L2,NIKL2023:단일일치 | 내부(김광해):경계(L3~L4) | 태그:공식대조(충돌),공식 근거(L2)와 DB(L3) 불일치,,,,SC_V19103_B103_005
자랑거리,명사,3,L1,NIKL2023:단일일치 | 내부(김광해):경계(L1~L2) | 태그:공식대조(충돌),공식 근거(L1)와 DB(L2) 불일치,,,,SC_V19103_B103_006
자발적,명사,2,L0,NIKL2023:단일일치 | 내부(김광해):제외(자동분류 범위 밖 - 수동 배치) | 태그:공식대조(충돌),공식 근거(L0)와 DB(L6) 불일치,,,,SR_L6CORE_4956
자부심,명사,3,L1,NIKL2023:단일일치 | 내부(김광해):경계(L1~L2) | 태그:17(L2_PROVISIONAL_AUTO);공식대조(충돌),공식 근거(L1)와 DB(L2) 불일치,,,,SC_V19103_B103_013
자비롭다,형용사,4,L2,NIKL2023:단일일치 | 내부(김광해):경계(L3~L4) | 태그:공식대조(충돌),공식 근거(L2)와 DB(L3) 불일치,,,,SC_V19103_B103_014
자서전,명사,3,L1,NIKL2023:단일일치 | 내부(김광해):경계(L1~L2) | 태그:17(L2_PROVISIONAL_AUTO);공식대조(충돌),공식 근거(L1)와 DB(L2) 불일치,,,,SC_V19103_B103_016
자아,명사,4,L2,NIKL2023:단일일치 | 내부(김광해):제외(자동분류 범위 밖 - 수동 배치) | 태그:공식대조(충돌),공식 근거(L2)와 DB(L6) 불일치,,,,SR_L6CORE_4957
자애롭다,형용사,4,L2,NIKL2023:단일일치 | 내부(김광해):경계(L3~L4) | 태그:공식대조(충돌),공식 근거(L2)와 DB(L3) 불일치,,,,SC_V19103_B103_017
자연산,명사,4,L2,NIKL2023:단일일치 | 내부(김광해):경계(L3~L4) | 태그:공식대조(충돌),공식 근거(L2)와 DB(L3) 불일치,,,,SC_V19103_B103_018
자욱하다,형용사,2,L0,NIKL2023:단일일치 | 내부(김광해):L0 | 태그:78(뜻풀이위험),일치,,,,SC_V1910_B010_021
자유스럽다,형용사,3,L1,NIKL2023:단일일치 | 내부(김광해):경계(L1~L2) | 태그:공식대조(충돌),공식 근거(L1)와 DB(L2) 불일치,,,,SC_V19103_B103_026
자제력,명사,4,L2,NIKL2023:단일일치 | 내부(김광해):경계(L3~L4) | 태그:공식대조(충돌),공식 근거(L2)와 DB(L3) 불일치,,,,SC_V19103_B103_027
자책하다,동사,4,L2,NIKL2023:단일일치 | 내부(김광해):경계(L3~L4) | 태그:공식대조(충돌),공식 근거(L2)와 DB(L3) 불일치,,,,SC_V19103_B103_031
자초지종,명사,4,L2,NIKL2023:단일일치 | 내부(김광해):경계(L3~L4) | 태그:공식대조(충돌),공식 근거(L2)와 DB(L3) 불일치,,,,SC_V19103_B103_032
자치제,명사,4,L2,NIKL2023:단일일치 | 내부(김광해):경계(L3~L4) | 태그:공식대조(충돌),공식 근거(L2)와 DB(L4) 불일치,,,,SC_V19103_B103_033
작곡가,명사,3,L1,NIKL2023:단일일치 | 내부(김광해):경계(L1~L2) | 태그:공식대조(충돌),공식 근거(L1)와 DB(L2) 불일치,,,,SC_V19103_B103_036
작곡되다,동사,4,L2,NIKL2023:단일일치 | 내부(김광해):경계(L3~L4) | 태그:공식대조(충돌),공식 근거(L2)와 DB(L3) 불일치,,,,SC_V19103_B103_037
작곡자,명사,4,L2,NIKL2023:단일일치 | 내부(김광해):경계(L3~L4) | 태그:공식대조(충돌),공식 근거(L2)와 DB(L3) 불일치,,,,SC_V19103_B103_038
작디작다,형용사,4,L2,NIKL2023:단일일치 | 내부(김광해):경계(L3~L4) | 태그:공식대조(충돌),공식 근거(L2)와 DB(L3) 불일치,,,,SC_V19103_B103_040
작별,명사,2,L0,NIKL2023:단일일치 | 내부(김광해):L0 | 태그:78(뜻풀이위험),일치,,,,SC_V1910_B010_024
작심삼일,명사,4,L2,NIKL2023:단일일치 | 내부(김광해):경계(L3~L4) | 태그:공식대조(충돌),공식 근거(L2)와 DB(L3) 불일치,,,,SC_V19103_B103_045
작은북,명사,4,L2,NIKL2023:단일일치 | 내부(김광해):경계(L3~L4) | 태그:공식대조(충돌),공식 근거(L2)와 DB(L3) 불일치,,,,SC_V19103_B103_050
잔가지,명사,4,L2,NIKL2023:단일일치 | 내부(김광해):경계(L3~L4) | 태그:207(레벨보류),일치,,,,SC_V19104_B104_007
잔뿌리,명사,4,L2,NIKL2023:단일일치 | 내부(김광해):경계(L3~L4) | 태그:공식대조(충돌),공식 근거(L2)와 DB(L3) 불일치,,,,SC_V19104_B104_011
잠망경,명사,4,L2,NIKL2023:단일일치 | 내부(김광해):경계(L3~L4) | 태그:공식대조(충돌),공식 근거(L2)와 DB(L3) 불일치,,,,SC_V19104_B104_022
잠재되다,동사,4,L2,NIKL2023:단일일치 | 내부(김광해):경계(L3~L4) | 태그:공식대조(충돌),공식 근거(L2)와 DB(L3) 불일치,,,,SC_V19104_B104_025
잠재하다,동사,4,L2,NIKL2023:단일일치 | 내부(김광해):경계(L3~L4) | 태그:공식대조(충돌),공식 근거(L2)와 DB(L3) 불일치,,,,SC_V19104_B104_026
잡다하다,형용사,4,L2,NIKL2023:단일일치 | 내부(김광해):경계(L3~L4) | 태그:공식대조(충돌),공식 근거(L2)와 DB(L3) 불일치,,,,SC_V19104_B104_027
잡지사,명사,4,L2,NIKL2023:단일일치 | 내부(김광해):경계(L3~L4) | 태그:공식대조(충돌),공식 근거(L2)와 DB(L3) 불일치,,,,SC_V19104_B104_032
장난삼다,동사,4,L2,NIKL2023:단일일치 | 내부(김광해):경계(L3~L4) | 태그:공식대조(충돌),공식 근거(L2)와 DB(L3) 불일치,,,,SC_V19104_B104_037
장날,명사,4,L2,NIKL2023:단일일치 | 내부(김광해):경계(L3~L4) | 태그:공식대조(충돌),공식 근거(L2)와 DB(L3) 불일치,,,,SC_V19104_B104_038
장도리,명사,4,L2,NIKL2023:단일일치 | 내부(김광해):경계(L3~L4) | 태그:공식대조(충돌),공식 근거(L2)와 DB(L3) 불일치,,,,SC_V19104_B104_041
장독대,명사,4,L2,NIKL2023:단일일치 | 내부(김광해):경계(L3~L4) | 태그:공식대조(충돌),공식 근거(L2)와 DB(L3) 불일치,,,,SC_V19104_B104_043
장려금,명사,4,L2,NIKL2023:단일일치 | 내부(김광해):경계(L3~L4) | 태그:공식대조(충돌),공식 근거(L2)와 DB(L3) 불일치,,,,SC_V19104_B104_045
장삿배,명사,4,L2,NIKL2023:단일일치 | 내부(김광해):경계(L3~L4) | 태그:공식대조(충돌),공식 근거(L2)와 DB(L3) 불일치,,,,SC_V19105_B105_004
장손,명사,4,L2,NIKL2023:단일일치 | 내부(김광해):경계(L3~L4) | 태그:공식대조(충돌),공식 근거(L2)와 DB(L3) 불일치,,,,SC_V19105_B105_005
장아찌,명사,4,L2,NIKL2023:단일일치 | 내부(김광해):경계(L3~L4) | 태그:공식대조(충돌),공식 근거(L2)와 DB(L3) 불일치,,,,SC_V19105_B105_007
장타,명사,4,L2,NIKL2023:단일일치 | 내부(김광해):경계(L3~L4) | 태그:공식대조(충돌),공식 근거(L2)와 DB(L3) 불일치,,,,SC_V19105_B105_014
장터,명사,2,L0,NIKL2023:단일일치 | 내부(김광해):L0 | 태그:78(뜻풀이위험),일치,,,,SC_V191_B001_018
재개되다,동사,4,L2,NIKL2023:단일일치 | 내부(김광해):경계(L3~L4) | 태그:공식대조(충돌),공식 근거(L2)와 DB(L3) 불일치,,,,SC_V19105_B105_016
재검토하다,동사,4,L2,NIKL2023:단일일치 | 내부(김광해):경계(L3~L4) | 태그:공식대조(충돌),공식 근거(L2)와 DB(L3) 불일치,,,,SC_V19105_B105_017
재래시장,명사,4,L2,NIKL2023:단일일치 | 내부(김광해):경계(L3~L4) | 태그:공식대조(충돌),공식 근거(L2)와 DB(L3) 불일치,,,,SC_V19105_B105_019
재래식,명사,4,L2,NIKL2023:단일일치 | 내부(김광해):경계(L3~L4) | 태그:공식대조(충돌),공식 근거(L2)와 DB(L3) 불일치,,,,SC_V19105_B105_020
재발급,명사,4,L2,NIKL2023:단일일치 | 내부(김광해):경계(L3~L4) | 태그:공식대조(충돌),공식 근거(L2)와 DB(L3) 불일치,,,,SC_V19105_B105_022
재산권,명사,4,L2,NIKL2023:단일일치 | 내부(김광해):경계(L3~L4) | 태그:공식대조(충돌),공식 근거(L2)와 DB(L4) 불일치,,,,SC_V19105_B105_025
재앙,명사,4,L2,NIKL2023:단일일치 | 내부(김광해):경계(L3~L4) | 태그:공식대조(충돌),공식 근거(L2)와 DB(L3) 불일치,,,,SC_V19105_B105_027
재촉하다,동사,2,L0,NIKL2023:단일일치 | 내부(김광해):L0 | 태그:78(뜻풀이위험),일치,,,,SC_V1910_B010_035
재택근무,명사,4,L2,NIKL2023:단일일치 | 내부(김광해):경계(L3~L4) | 태그:공식대조(충돌),공식 근거(L2)와 DB(L3) 불일치,,,,SC_V19105_B105_032
재판관,명사,4,L2,NIKL2023:단일일치 | 내부(김광해):경계(L3~L4) | 태그:공식대조(충돌),공식 근거(L2)와 DB(L3) 불일치,,,,SC_V19105_B105_033
재판부,명사,4,L2,NIKL2023:단일일치 | 내부(김광해):경계(L3~L4) | 태그:공식대조(충돌),공식 근거(L2)와 DB(L3) 불일치,,,,SC_V19105_B105_034
저공해,명사,4,L2,NIKL2023:단일일치 | 내부(김광해):경계(L3~L4) | 태그:공식대조(충돌),공식 근거(L2)와 DB(L3) 불일치,,,,SC_V19105_B105_043
저벅저벅,부사,4,L2,NIKL2023:단일일치 | 내부(김광해):경계(L3~L4) | 태그:공식대조(충돌),공식 근거(L2)와 DB(L3) 불일치,,,,SC_V19105_B105_048
저울대,명사,4,L2,NIKL2023:단일일치 | 내부(김광해):경계(L3~L4) | 태그:공식대조(충돌),공식 근거(L2)와 DB(L3) 불일치,,,,SC_V19106_B106_001
저작물,명사,4,L2,NIKL2023:단일일치 | 내부(김광해):경계(L3~L4) | 태그:공식대조(충돌),공식 근거(L2)와 DB(L3) 불일치,,,,SC_V19106_B106_002
저작자,명사,4,L2,NIKL2023:단일일치 | 내부(김광해):경계(L3~L4) | 태그:공식대조(충돌),공식 근거(L2)와 DB(L3) 불일치,,,,SC_V19106_B106_003
저장고,명사,4,L2,NIKL2023:단일일치 | 내부(김광해):경계(L3~L4) | 태그:공식대조(충돌),공식 근거(L2)와 DB(L3) 불일치,,,,SC_V19106_B106_004
저토록,부사,4,L2,NIKL2023:단일일치 | 내부(김광해):경계(L3~L4) | 태그:공식대조(충돌),공식 근거(L2)와 DB(L3) 불일치,,,,SC_V19106_B106_006
저하,명사,4,L2,NIKL2023:단일일치 | 내부(김광해):제외(자동분류 범위 밖 - 수동 배치) | 태그:공식대조(충돌),공식 근거(L2)와 DB(L4) 불일치,,,,SR_L4CORE_4780
적대감,명사,4,L2,NIKL2023:단일일치 | 내부(김광해):경계(L3~L4) | 태그:공식대조(충돌),공식 근거(L2)와 DB(L3) 불일치,,,,SC_V19106_B106_010
적응력,명사,3,L1,NIKL2023:단일일치 | 내부(김광해):경계(L1~L2) | 태그:17(L2_PROVISIONAL_AUTO);공식대조(충돌),공식 근거(L1)와 DB(L2) 불일치,,,,SC_V19106_B106_012
전광판,명사,4,L2,NIKL2023:단일일치 | 내부(김광해):경계(L3~L4) | 태그:공식대조(충돌),공식 근거(L2)와 DB(L3) 불일치,,,,SC_V19106_B106_016
전기밥솥,명사,4,L2,NIKL2023:단일일치 | 내부(김광해):경계(L3~L4) | 태그:공식대조(충돌),공식 근거(L2)와 DB(L3) 불일치,,,,SC_V19106_B106_018
전기세,명사,4,L2,NIKL2023:단일일치 | 내부(김광해):경계(L3~L4) | 태그:공식대조(충돌),공식 근거(L2)와 DB(L3) 불일치,,,,SC_V19106_B106_019
전기솥,명사,4,L2,NIKL2023:단일일치 | 내부(김광해):경계(L3~L4) | 태그:공식대조(충돌),공식 근거(L2)와 DB(L3) 불일치,,,,SC_V19106_B106_020
전기스탠드,명사,4,L2,NIKL2023:단일일치 | 내부(김광해):경계(L3~L4) | 태그:공식대조(충돌),공식 근거(L2)와 DB(L3) 불일치,,,,SC_V19106_B106_021
전기차,명사,4,L2,NIKL2023:단일일치 | 내부(김광해):경계(L3~L4) | 태그:공식대조(충돌),공식 근거(L2)와 DB(L3) 불일치,,,,SC_V19106_B106_022
전등갓,명사,4,L2,NIKL2023:단일일치 | 내부(김광해):경계(L3~L4) | 태그:공식대조(충돌),공식 근거(L2)와 DB(L3) 불일치,,,,SC_V19106_B106_025
전람회,명사,4,L2,NIKL2023:단일일치 | 내부(김광해):경계(L3~L4) | 태그:공식대조(충돌),공식 근거(L2)와 DB(L3) 불일치,,,,SC_V19106_B106_027
전면,명사,다중,다중후보(L2/경계(L3~L4)),NIKL2023:다중후보 | 내부(김광해):제외(자동분류 범위 밖 - 수동 배치) | 태그:공식대조(다중의미위험),공식 등급 후보 상이(동형이의),,,,SR_L6COREV2_4959
전반전,명사,4,L2,NIKL2023:단일일치 | 내부(김광해):경계(L3~L4) | 태그:공식대조(충돌),공식 근거(L2)와 DB(L3) 불일치,,,,SC_V19106_B106_032
전승되다,동사,4,L2,NIKL2023:단일일치 | 내부(김광해):경계(L3~L4) | 태그:공식대조(충돌),공식 근거(L2)와 DB(L3) 불일치,,,,SC_V19106_B106_036
전신기,명사,4,L2,NIKL2023:단일일치 | 내부(김광해):경계(L3~L4) | 태그:공식대조(충돌),공식 근거(L2)와 DB(L3) 불일치,,,,SC_V19106_B106_042
전신주,명사,4,L2,NIKL2023:단일일치 | 내부(김광해):경계(L3~L4) | 태그:공식대조(충돌),공식 근거(L2)와 DB(L3) 불일치,,,,SC_V19106_B106_043
전열기,명사,4,L2,NIKL2023:단일일치 | 내부(김광해):경계(L3~L4) | 태그:공식대조(충돌),공식 근거(L2)와 DB(L3) 불일치,,,,SC_V19106_B106_044
전원주택,명사,4,L2,NIKL2023:단일일치 | 내부(김광해):경계(L3~L4) | 태그:공식대조(충돌),공식 근거(L2)와 DB(L3) 불일치,,,,SC_V19106_B106_045
전유물,명사,4,L2,NIKL2023:단일일치 | 내부(김광해):경계(L3~L4) | 태그:공식대조(충돌),공식 근거(L2)와 DB(L3) 불일치,,,,SC_V19106_B106_046
전자시계,명사,4,L2,NIKL2023:단일일치 | 내부(김광해):경계(L3~L4) | 태그:공식대조(충돌),공식 근거(L2)와 DB(L3) 불일치,,,,SC_V19106_B106_047
전자저울,명사,4,L2,NIKL2023:단일일치 | 내부(김광해):경계(L3~L4) | 태그:공식대조(충돌),공식 근거(L2)와 DB(L3) 불일치,,,,SC_V19106_B106_048
전자책,명사,4,L2,NIKL2023:단일일치 | 내부(김광해):경계(L3~L4) | 태그:공식대조(충돌),공식 근거(L2)와 DB(L3) 불일치,,,,SC_V19106_B106_049
전조등,명사,4,L2,NIKL2023:단일일치 | 내부(김광해):경계(L3~L4) | 태그:공식대조(충돌),공식 근거(L2)와 DB(L3) 불일치,,,,SC_V19107_B107_004
전학,명사,2,L0,NIKL2023:단일일치 | 내부(김광해):L0 | 태그:78(뜻풀이위험),일치,,,,SC_V1910_B010_047
전학생,명사,4,L2,NIKL2023:단일일치 | 내부(김광해):경계(L3~L4) | 태그:공식대조(충돌),공식 근거(L2)와 DB(L3) 불일치,,,,SC_V19107_B107_009
전학하다,동사,4,L2,NIKL2023:단일일치 | 내부(김광해):경계(L3~L4) | 태그:공식대조(충돌),공식 근거(L2)와 DB(L3) 불일치,,,,SC_V19107_B107_010
전형적,명사,3,L1,NIKL2023:단일일치 | 내부(김광해):제외(자동분류 범위 밖 - 수동 배치) | 태그:공식대조(충돌),공식 근거(L1)와 DB(L6) 불일치,,,,SR_L6CORE_4962
전화국,명사,4,L2,NIKL2023:단일일치 | 내부(김광해):경계(L3~L4) | 태그:공식대조(충돌),공식 근거(L2)와 DB(L3) 불일치,,,,SC_V19107_B107_011
전화선,명사,4,L2,NIKL2023:단일일치 | 내부(김광해):경계(L3~L4) | 태그:공식대조(충돌),공식 근거(L2)와 DB(L3) 불일치,,,,SC_V19107_B107_014
전환점,명사,4,L2,NIKL2023:단일일치 | 내부(김광해):경계(L3~L4) | 태그:공식대조(충돌),공식 근거(L2)와 DB(L3) 불일치,,,,SC_V19107_B107_015
전후좌우,명사,4,L2,NIKL2023:단일일치 | 내부(김광해):경계(L3~L4) | 태그:공식대조(충돌),공식 근거(L2)와 DB(L3) 불일치,,,,SC_V19107_B107_016
절굿공이,명사,4,L2,NIKL2023:단일일치 | 내부(김광해):경계(L3~L4) | 태그:공식대조(충돌),공식 근거(L2)와 DB(L3) 불일치,,,,SC_V19107_B107_017
절단기,명사,4,L2,NIKL2023:단일일치 | 내부(김광해):경계(L3~L4) | 태그:공식대조(충돌),공식 근거(L2)와 DB(L3) 불일치,,,,SC_V19107_B107_019
절약되다,동사,4,L2,NIKL2023:단일일치 | 내부(김광해):경계(L3~L4) | 태그:공식대조(충돌),공식 근거(L2)와 DB(L3) 불일치,,,,SC_V19107_B107_024
점선,명사,2,L0,NIKL2023:단일일치 | 내부(김광해):L0 | 태그:78(뜻풀이위험),일치,,,,SC_V1910_B010_048
점찍다,동사,4,L2,NIKL2023:단일일치 | 내부(김광해):경계(L3~L4) | 태그:공식대조(충돌),공식 근거(L2)와 DB(L3) 불일치,,,,SC_V19107_B107_027
점판,명사,4,L2,NIKL2023:단일일치 | 내부(김광해):경계(L3~L4) | 태그:공식대조(충돌),공식 근거(L2)와 DB(L3) 불일치,,,,SC_V19107_B107_028
접눈,명사,4,L2,NIKL2023:단일일치 | 내부(김광해):경계(L3~L4) | 태그:공식대조(충돌),공식 근거(L2)와 DB(L3) 불일치,,,,SC_V19107_B107_031
접붙이기,명사,4,L2,NIKL2023:단일일치 | 내부(김광해):경계(L3~L4) | 태그:공식대조(충돌),공식 근거(L2)와 DB(L3) 불일치,,,,SC_V19107_B107_032
접영,명사,4,L2,NIKL2023:단일일치 | 내부(김광해):경계(L3~L4) | 태그:공식대조(충돌),공식 근거(L2)와 DB(L3) 불일치,,,,SC_V19107_B107_033
접이식,명사,4,L2,NIKL2023:단일일치 | 내부(김광해):경계(L3~L4) | 태그:공식대조(충돌),공식 근거(L2)와 DB(L3) 불일치,,,,SC_V19107_B107_034
정글짐,명사,4,L2,NIKL2023:단일일치 | 내부(김광해):경계(L3~L4) | 태그:공식대조(충돌),공식 근거(L2)와 DB(L3) 불일치,,,,SC_V19107_B107_039
정기,명사,4,L2,NIKL2023:단일일치(동형이의있음·등급일치) | 내부(김광해):제외(자동분류 범위 밖 - 수동 배치) | 태그:78(뜻풀이위험);공식대조(충돌),공식 근거(L2)와 DB(L4) 불일치,,,,SR_L4CORE_4786
정년퇴직,명사,4,L2,NIKL2023:단일일치 | 내부(김광해):경계(L3~L4) | 태그:공식대조(충돌),공식 근거(L2)와 DB(L3) 불일치,,,,SC_V19107_B107_040
정다각형,명사,4,L2,NIKL2023:단일일치 | 내부(김광해):경계(L3~L4) | 태그:공식대조(충돌),공식 근거(L2)와 DB(L3) 불일치,,,,SC_V19107_B107_041
정반대되다,동사,4,L2,NIKL2023:단일일치 | 내부(김광해):경계(L3~L4) | 태그:공식대조(충돌),공식 근거(L2)와 DB(L3) 불일치,,,,SC_V19107_B107_044
정비례하다,동사,4,L2,NIKL2023:단일일치 | 내부(김광해):경계(L3~L4) | 태그:공식대조(충돌),공식 근거(L2)와 DB(L3) 불일치,,,,SC_V19107_B107_047
정상,명사,다중,다중후보(L0이전참고/L1/경계(L3~L4)),NIKL2023:다중후보 | 내부(김광해):제외(자동분류 범위 밖 - 수동 배치) | 태그:78(뜻풀이위험);공식대조(다중의미위험),공식 등급 후보 상이(동형이의),,,,SR_L4CORE_4787
정성스레,부사,4,L2,NIKL2023:단일일치 | 내부(김광해):경계(L3~L4) | 태그:공식대조(충돌),공식 근거(L2)와 DB(L3) 불일치,,,,SC_V19108_B108_001
정액권,명사,4,L2,NIKL2023:단일일치 | 내부(김광해):경계(L3~L4) | 태그:공식대조(충돌),공식 근거(L2)와 DB(L3) 불일치,,,,SC_V19108_B108_004
정열,명사,4,L2,NIKL2023:단일일치 | 내부(김광해):경계(L3~L4) | 태그:공식대조(충돌),공식 근거(L2)와 DB(L3) 불일치,,,,SC_V19108_B108_005
정오각형,명사,4,L2,NIKL2023:단일일치 | 내부(김광해):경계(L3~L4) | 태그:공식대조(충돌),공식 근거(L2)와 DB(L3) 불일치,,,,SC_V19108_B108_006
정원사,명사,4,L2,NIKL2023:단일일치 | 내부(김광해):경계(L3~L4) | 태그:공식대조(충돌),공식 근거(L2)와 DB(L3) 불일치,,,,SC_V19108_B108_007
정육면체,명사,4,L2,NIKL2023:단일일치 | 내부(김광해):경계(L3~L4) | 태그:공식대조(충돌),공식 근거(L2)와 DB(L3) 불일치,,,,SC_V19108_B108_009
정자나무,명사,4,L2,NIKL2023:단일일치 | 내부(김광해):경계(L3~L4) | 태그:공식대조(충돌),공식 근거(L2)와 DB(L3) 불일치,,,,SC_V19108_B108_012
정정당당하다,형용사,2,L0,NIKL2023:단일일치 | 내부(김광해):L0 | 태그:78(뜻풀이위험),일치,,,,SC_V1911_B011_002
정정당당히,부사,4,L2,NIKL2023:단일일치 | 내부(김광해):경계(L3~L4) | 태그:공식대조(충돌),공식 근거(L2)와 DB(L3) 불일치,,,,SC_V19108_B108_013
정직성,명사,4,L2,NIKL2023:단일일치 | 내부(김광해):경계(L3~L4) | 태그:공식대조(충돌),공식 근거(L2)와 DB(L3) 불일치,,,,SC_V19108_B108_016
정탐,명사,4,L2,NIKL2023:단일일치 | 내부(김광해):경계(L3~L4) | 태그:공식대조(충돌),공식 근거(L2)와 DB(L3) 불일치,,,,SC_V19108_B108_018
젖니,명사,4,L2,NIKL2023:단일일치 | 내부(김광해):경계(L3~L4) | 태그:공식대조(충돌),공식 근거(L2)와 DB(L3) 불일치,,,,SC_V19108_B108_019
제값,명사,4,L2,NIKL2023:단일일치 | 내부(김광해):경계(L3~L4) | 태그:공식대조(충돌),공식 근거(L2)와 DB(L3) 불일치,,,,SC_V19108_B108_020
제격,명사,4,L2,NIKL2023:단일일치 | 내부(김광해):경계(L3~L4) | 태그:공식대조(충돌),공식 근거(L2)와 DB(L3) 불일치,,,,SC_V19108_B108_021
제날짜,명사,4,L2,NIKL2023:단일일치 | 내부(김광해):경계(L3~L4) | 태그:공식대조(충돌),공식 근거(L2)와 DB(L3) 불일치,,,,SC_V19108_B108_024
제도지,명사,4,L2,NIKL2023:단일일치 | 내부(김광해):경계(L3~L4) | 태그:공식대조(충돌),공식 근거(L2)와 DB(L3) 불일치,,,,SC_V19108_B108_026
제멋,명사,4,L2,NIKL2023:단일일치 | 내부(김광해):경계(L3~L4) | 태그:207(레벨보류),일치,,,,SC_V19108_B108_027
제안자,명사,4,L2,NIKL2023:단일일치 | 내부(김광해):경계(L3~L4) | 태그:공식대조(충돌),공식 근거(L2)와 DB(L3) 불일치,,,,SC_V19108_B108_033
제자리멀리뛰기,명사,4,L2,NIKL2023:단일일치 | 내부(김광해):경계(L3~L4) | 태그:공식대조(충돌),공식 근거(L2)와 DB(L3) 불일치,,,,SC_V19108_B108_037
제작되다,동사,3,L1,NIKL2023:단일일치 | 내부(김광해):경계(L1~L2) | 태그:공식대조(충돌),공식 근거(L1)와 DB(L2) 불일치,,,,SC_V19108_B108_038
제작진,명사,4,L2,NIKL2023:단일일치 | 내부(김광해):경계(L3~L4) | 태그:공식대조(충돌),공식 근거(L2)와 DB(L3) 불일치,,,,SC_V19108_B108_041
제정되다,동사,4,L2,NIKL2023:단일일치 | 내부(김광해):경계(L3~L4) | 태그:공식대조(충돌),공식 근거(L2)와 DB(L3) 불일치,,,,SC_V19108_B108_042
제조법,명사,4,L2,NIKL2023:단일일치 | 내부(김광해):경계(L3~L4) | 태그:공식대조(충돌),공식 근거(L2)와 DB(L3) 불일치,,,,SC_V19108_B108_043
제휴,명사,4,L2,NIKL2023:단일일치 | 내부(김광해):경계(L3~L4) | 태그:207(레벨보류),일치,,,,SC_V19108_B108_045
조감도,명사,4,L2,NIKL2023:단일일치 | 내부(김광해):경계(L3~L4) | 태그:공식대조(충돌),공식 근거(L2)와 DB(L3) 불일치,,,,SC_V19108_B108_050
조개류,명사,4,L2,NIKL2023:단일일치 | 내부(김광해):경계(L3~L4) | 태그:공식대조(충돌),공식 근거(L2)와 DB(L3) 불일치,,,,SC_V19109_B109_001
조난,명사,4,L2,NIKL2023:단일일치 | 내부(김광해):경계(L3~L4) | 태그:공식대조(충돌),공식 근거(L2)와 DB(L3) 불일치,,,,SC_V19109_B109_004
조련사,명사,4,L2,NIKL2023:단일일치 | 내부(김광해):경계(L3~L4) | 태그:공식대조(충돌),공식 근거(L2)와 DB(L3) 불일치,,,,SC_V19109_B109_005
조리법,명사,4,L2,NIKL2023:단일일치 | 내부(김광해):경계(L3~L4) | 태그:공식대조(충돌),공식 근거(L2)와 DB(L3) 불일치,,,,SC_V19109_B109_006
조립되다,동사,4,L2,NIKL2023:단일일치 | 내부(김광해):경계(L3~L4) | 태그:공식대조(충돌),공식 근거(L2)와 DB(L3) 불일치,,,,SC_V19109_B109_008
조립식,명사,4,L2,NIKL2023:단일일치 | 내부(김광해):경계(L3~L4) | 태그:공식대조(충돌),공식 근거(L2)와 DB(L3) 불일치,,,,SC_V19109_B109_009
조마조마,부사,2,L0,NIKL2023:단일일치 | 내부(김광해):L0 | 태그:78(뜻풀이위험),일치,,,,SC_V1911_B011_005
조마조마하다,형용사,2,L0,NIKL2023:단일일치 | 내부(김광해):L0 | 태그:78(뜻풀이위험),일치,,,,SC_V1911_B011_006
조물조물,부사,4,L2,NIKL2023:단일일치 | 내부(김광해):경계(L3~L4) | 태그:공식대조(충돌),공식 근거(L2)와 DB(L3) 불일치,,,,SC_V19109_B109_012
조사단,명사,4,L2,NIKL2023:단일일치 | 내부(김광해):경계(L3~L4) | 태그:공식대조(충돌),공식 근거(L2)와 DB(L3) 불일치,,,,SC_V19109_B109_015
조사실,명사,4,L2,NIKL2023:단일일치 | 내부(김광해):경계(L3~L4) | 태그:공식대조(충돌),공식 근거(L2)와 DB(L3) 불일치,,,,SC_V19109_B109_016
조사표,명사,4,L2,NIKL2023:단일일치 | 내부(김광해):경계(L3~L4) | 태그:공식대조(충돌),공식 근거(L2)와 DB(L3) 불일치,,,,SC_V19109_B109_017
조심성,명사,3,L1,NIKL2023:단일일치 | 내부(김광해):경계(L1~L2) | 태그:17(L2_PROVISIONAL_AUTO);공식대조(충돌),공식 근거(L1)와 DB(L2) 불일치,,,,SC_V19109_B109_020
조정력,명사,4,L2,NIKL2023:단일일치 | 내부(김광해):경계(L3~L4) | 태그:공식대조(충돌),공식 근거(L2)와 DB(L3) 불일치,,,,SC_V19109_B109_024
조청,명사,4,L2,NIKL2023:단일일치 | 내부(김광해):경계(L3~L4) | 태그:공식대조(충돌),공식 근거(L2)와 DB(L3) 불일치,,,,SC_V19109_B109_026
조치,명사,3,L1,NIKL2023:단일일치 | 내부(김광해):제외(자동분류 범위 밖 - 수동 배치) | 태그:공식대조(충돌),공식 근거(L1)와 DB(L4) 불일치,,,,SR_L4CORE_4794
조형물,명사,4,L2,NIKL2023:단일일치 | 내부(김광해):경계(L3~L4) | 태그:공식대조(충돌),공식 근거(L2)와 DB(L3) 불일치,,,,SC_V19109_B109_029
조형미,명사,4,L2,NIKL2023:단일일치 | 내부(김광해):경계(L3~L4) | 태그:공식대조(충돌),공식 근거(L2)와 DB(L3) 불일치,,,,SC_V19109_B109_030
존경심,명사,4,L2,NIKL2023:단일일치 | 내부(김광해):경계(L3~L4) | 태그:공식대조(충돌),공식 근거(L2)와 DB(L3) 불일치,,,,SC_V19109_B109_033
존엄성,명사,4,L2,NIKL2023:단일일치 | 내부(김광해):경계(L3~L4) | 태그:공식대조(충돌),공식 근거(L2)와 DB(L3) 불일치,,,,SC_V19109_B109_034
존엄하다,형용사,4,L2,NIKL2023:단일일치 | 내부(김광해):경계(L3~L4) | 태그:공식대조(충돌),공식 근거(L2)와 DB(L3) 불일치,,,,SC_V19109_B109_035
종량제,명사,4,L2,NIKL2023:단일일치 | 내부(김광해):경계(L3~L4) | 태그:공식대조(충돌),공식 근거(L2)와 DB(L4) 불일치,,,,SC_V19109_B109_042
종례,명사,4,L2,NIKL2023:단일일치 | 내부(김광해):경계(L3~L4) | 태그:공식대조(충돌),공식 근거(L2)와 DB(L3) 불일치,,,,SC_V19109_B109_043
종료하다,동사,4,L2,NIKL2023:단일일치 | 내부(김광해):경계(L3~L4) | 태그:공식대조(충돌),공식 근거(L2)와 DB(L3) 불일치,,,,SC_V19109_B109_045
종사자,명사,4,L2,NIKL2023:단일일치 | 내부(김광해):경계(L3~L4) | 태그:공식대조(충돌),공식 근거(L2)와 DB(L3) 불일치,,,,SC_V19109_B109_047
종알거리다,동사,2,L0,NIKL2023:단일일치 | 내부(김광해):L0 | 태그:78(뜻풀이위험),일치,,,,SC_V1911_B011_011
종알대다,동사,2,L0,NIKL2023:단일일치 | 내부(김광해):L0 | 태그:78(뜻풀이위험),일치,,,,SC_V1911_B011_012
종알종알,부사,4,L2,NIKL2023:단일일치 | 내부(김광해):경계(L3~L4) | 태그:공식대조(충돌),공식 근거(L2)와 DB(L3) 불일치,,,,SC_V19109_B109_048
죄의식,명사,4,L2,NIKL2023:단일일치 | 내부(김광해):경계(L3~L4) | 태그:공식대조(충돌),공식 근거(L2)와 DB(L3) 불일치,,,,SC_V19110_B110_014
죄책감,명사,4,L2,NIKL2023:단일일치 | 내부(김광해):경계(L3~L4) | 태그:공식대조(충돌),공식 근거(L2)와 DB(L3) 불일치,,,,SC_V19110_B110_015
주거비,명사,4,L2,NIKL2023:단일일치 | 내부(김광해):경계(L3~L4) | 태그:공식대조(충돌),공식 근거(L2)와 DB(L3) 불일치,,,,SC_V19110_B110_017
주도권,명사,4,L2,NIKL2023:단일일치 | 내부(김광해):경계(L3~L4) | 태그:공식대조(충돌),공식 근거(L2)와 DB(L3) 불일치,,,,SC_V19110_B110_020
주름잡다,동사,4,L2,NIKL2023:단일일치 | 내부(김광해):경계(L3~L4) | 태그:공식대조(충돌),공식 근거(L2)와 DB(L3) 불일치,,,,SC_V19110_B110_025
주목적,명사,4,L2,NIKL2023:단일일치 | 내부(김광해):경계(L3~L4) | 태그:공식대조(충돌),공식 근거(L2)와 DB(L3) 불일치,,,,SC_V19110_B110_030
주물럭거리다,동사,4,L2,NIKL2023:단일일치 | 내부(김광해):경계(L3~L4) | 태그:공식대조(충돌),공식 근거(L2)와 DB(L3) 불일치,,,,SC_V19110_B110_031
주사약,명사,4,L2,NIKL2023:단일일치 | 내부(김광해):경계(L3~L4) | 태그:공식대조(충돌),공식 근거(L2)와 DB(L3) 불일치,,,,SC_V19110_B110_033
주의보,명사,4,L2,NIKL2023:단일일치 | 내부(김광해):경계(L3~L4) | 태그:공식대조(충돌),공식 근거(L2)와 DB(L4) 불일치,,,,SC_V19110_B110_036
주제어,명사,4,L2,NIKL2023:단일일치 | 내부(김광해):경계(L3~L4) | 태그:공식대조(충돌),공식 근거(L2)와 DB(L3) 불일치,,,,SC_V19110_B110_044
주춤,부사,4,L2,NIKL2023:단일일치 | 내부(김광해):경계(L3~L4) | 태그:공식대조(충돌),공식 근거(L2)와 DB(L3) 불일치,,,,SC_V19110_B110_049
주춧돌,명사,4,L2,NIKL2023:단일일치 | 내부(김광해):경계(L3~L4) | 태그:공식대조(충돌),공식 근거(L2)와 DB(L3) 불일치,,,,SC_V19111_B111_001
죽순,명사,4,L2,NIKL2023:단일일치 | 내부(김광해):경계(L3~L4) | 태그:공식대조(충돌),공식 근거(L2)와 DB(L3) 불일치,,,,SC_V19111_B111_004
준결승,명사,4,L2,NIKL2023:단일일치 | 내부(김광해):경계(L3~L4) | 태그:공식대조(충돌),공식 근거(L2)와 DB(L3) 불일치,,,,SC_V19111_B111_006
준말,명사,4,L2,NIKL2023:단일일치 | 내부(김광해):경계(L3~L4) | 태그:공식대조(충돌),공식 근거(L2)와 DB(L3) 불일치,,,,SC_V19111_B111_007
준법성,명사,4,L2,NIKL2023:단일일치 | 내부(김광해):경계(L3~L4) | 태그:공식대조(충돌),공식 근거(L2)와 DB(L3) 불일치,,,,SC_V19111_B111_008
준우승,명사,4,L2,NIKL2023:단일일치 | 내부(김광해):경계(L3~L4) | 태그:공식대조(충돌),공식 근거(L2)와 DB(L3) 불일치,,,,SC_V19111_B111_009
줄글,명사,4,L2,NIKL2023:단일일치 | 내부(김광해):경계(L3~L4) | 태그:공식대조(충돌),공식 근거(L2)와 DB(L3) 불일치,,,,SC_V19111_B111_011
줄뿌림,명사,4,L2,NIKL2023:단일일치 | 내부(김광해):경계(L3~L4) | 태그:공식대조(충돌),공식 근거(L2)와 DB(L3) 불일치,,,,SC_V19111_B111_014
중간중간,명사,4,L2,NIKL2023:단일일치 | 내부(김광해):경계(L3~L4) | 태그:공식대조(충돌),공식 근거(L2)와 DB(L3) 불일치,,,,SC_V19111_B111_018
중고등학교,명사,4,L2,NIKL2023:단일일치 | 내부(김광해):경계(L3~L4) | 태그:공식대조(충돌),공식 근거(L2)와 DB(L3) 불일치,,,,SC_V19111_B111_019
중고등학생,명사,4,L2,NIKL2023:단일일치 | 내부(김광해):경계(L3~L4) | 태그:공식대조(충돌),공식 근거(L2)와 DB(L3) 불일치,,,,SC_V19111_B111_020
중공업,명사,4,L2,NIKL2023:단일일치 | 내부(김광해):경계(L3~L4) | 태그:공식대조(충돌),공식 근거(L2)와 DB(L3) 불일치,,,,SC_V19111_B111_025
중국어,명사,3,L1,NIKL2023:단일일치 | 내부(김광해):경계(L1~L2) | 태그:공식대조(충돌),공식 근거(L1)와 DB(L2) 불일치,,,,SC_V19111_B111_026
중금속,명사,4,L2,NIKL2023:단일일치 | 내부(김광해):경계(L3~L4) | 태그:공식대조(충돌),공식 근거(L2)와 DB(L3) 불일치,,,,SC_V19111_B111_027
중복,명사,4,L2,NIKL2023:단일일치(동형이의있음·등급일치) | 내부(김광해):제외(자동분류 범위 밖 - 수동 배치) | 태그:공식대조(충돌),공식 근거(L2)와 DB(L4) 불일치,,,,SR_L4CORE_4801
중심인물,명사,4,L2,NIKL2023:단일일치 | 내부(김광해):경계(L3~L4) | 태그:공식대조(충돌),공식 근거(L2)와 DB(L3) 불일치,,,,SC_V19111_B111_032
중얼중얼,부사,3,L1,NIKL2023:단일일치 | 내부(김광해):경계(L1~L2) | 태그:공식대조(충돌),공식 근거(L1)와 DB(L2) 불일치,,,,SC_V19111_B111_033
중장비,명사,4,L2,NIKL2023:단일일치 | 내부(김광해):경계(L3~L4) | 태그:공식대조(충돌),공식 근거(L2)와 DB(L3) 불일치,,,,SC_V19111_B111_034
중지하다,동사,2,L0,NIKL2023:단일일치 | 내부(김광해):L0 | 태그:78(뜻풀이위험),일치,,,,SC_V1911_B011_016
중화학,명사,4,L2,NIKL2023:단일일치 | 내부(김광해):경계(L3~L4) | 태그:공식대조(충돌),공식 근거(L2)와 DB(L3) 불일치,,,,SC_V19111_B111_036
즉위,명사,4,L2,NIKL2023:단일일치 | 내부(김광해):경계(L3~L4) | 태그:공식대조(충돌),공식 근거(L2)와 DB(L3) 불일치,,,,SC_V19111_B111_042
즉위식,명사,4,L2,NIKL2023:단일일치 | 내부(김광해):경계(L3~L4) | 태그:공식대조(충돌),공식 근거(L2)와 DB(L3) 불일치,,,,SC_V19111_B111_043
즉위하다,동사,4,L2,NIKL2023:단일일치 | 내부(김광해):경계(L3~L4) | 태그:공식대조(충돌),공식 근거(L2)와 DB(L3) 불일치,,,,SC_V19111_B111_044
즉흥,명사,4,L2,NIKL2023:단일일치 | 내부(김광해):경계(L3~L4) | 태그:공식대조(충돌),공식 근거(L2)와 DB(L3) 불일치,,,,SC_V19111_B111_045
증류수,명사,4,L2,NIKL2023:단일일치 | 내부(김광해):경계(L3~L4) | 태그:공식대조(충돌),공식 근거(L2)와 DB(L3) 불일치,,,,SC_V19111_B111_049
증조,명사,4,L2,NIKL2023:단일일치 | 내부(김광해):경계(L3~L4) | 태그:공식대조(충돌),공식 근거(L2)와 DB(L3) 불일치,,,,SC_V19112_B112_001
증조모,명사,4,L2,NIKL2023:단일일치 | 내부(김광해):경계(L3~L4) | 태그:공식대조(충돌),공식 근거(L2)와 DB(L3) 불일치,,,,SC_V19112_B112_002
증조부,명사,4,L2,NIKL2023:단일일치 | 내부(김광해):경계(L3~L4) | 태그:공식대조(충돌),공식 근거(L2)와 DB(L3) 불일치,,,,SC_V19112_B112_003
증조할머니,명사,4,L2,NIKL2023:단일일치 | 내부(김광해):경계(L3~L4) | 태그:공식대조(충돌),공식 근거(L2)와 DB(L3) 불일치,,,,SC_V19112_B112_004
증조할머님,명사,4,L2,NIKL2023:단일일치 | 내부(김광해):경계(L3~L4) | 태그:공식대조(충돌),공식 근거(L2)와 DB(L3) 불일치,,,,SC_V19112_B112_005
증조할아버지,명사,4,L2,NIKL2023:단일일치 | 내부(김광해):경계(L3~L4) | 태그:공식대조(충돌),공식 근거(L2)와 DB(L3) 불일치,,,,SC_V19112_B112_006
지구력,명사,4,L2,NIKL2023:단일일치 | 내부(김광해):경계(L3~L4) | 태그:공식대조(충돌),공식 근거(L2)와 DB(L3) 불일치,,,,SC_V19112_B112_009
지느러미,명사,3,L1,NIKL2023:단일일치 | 내부(김광해):경계(L1~L2) | 태그:207(레벨보류);공식대조(충돌),공식 근거(L1)와 DB(L2) 불일치,,,,SC_V19112_B112_014
지명되다,동사,4,L2,NIKL2023:단일일치 | 내부(김광해):경계(L3~L4) | 태그:공식대조(충돌),공식 근거(L2)와 DB(L3) 불일치,,,,SC_V19112_B112_018
지목되다,동사,4,L2,NIKL2023:단일일치 | 내부(김광해):경계(L3~L4) | 태그:공식대조(충돌),공식 근거(L2)와 DB(L3) 불일치,,,,SC_V19112_B112_019
지사제,명사,4,L2,NIKL2023:단일일치 | 내부(김광해):경계(L3~L4) | 태그:공식대조(충돌),공식 근거(L2)와 DB(L3) 불일치,,,,SC_V19112_B112_022
지온,명사,4,L2,NIKL2023:단일일치 | 내부(김광해):경계(L3~L4) | 태그:207(레벨보류),일치,,,,SC_V19112_B112_026
지점토,명사,4,L2,NIKL2023:단일일치 | 내부(김광해):경계(L3~L4) | 태그:공식대조(충돌),공식 근거(L2)와 DB(L3) 불일치,,,,SC_V19112_B112_029
지정사,명사,4,L2,NIKL2023:단일일치 | 내부(김광해):경계(L3~L4) | 태그:공식대조(충돌),공식 근거(L2)와 DB(L3) 불일치,,,,SC_V19112_B112_030
지정석,명사,4,L2,NIKL2023:단일일치 | 내부(김광해):경계(L3~L4) | 태그:공식대조(충돌),공식 근거(L2)와 DB(L3) 불일치,,,,SC_V19112_B112_031
지표면,명사,4,L2,NIKL2023:단일일치 | 내부(김광해):경계(L3~L4) | 태그:207(레벨보류),일치,,,,SC_V19112_B112_036
지하자원,명사,4,L2,NIKL2023:단일일치 | 내부(김광해):경계(L3~L4) | 태그:공식대조(충돌),공식 근거(L2)와 DB(L3) 불일치,,,,SC_V19112_B112_037
지향,명사,4,L2,NIKL2023:단일일치 | 내부(김광해):제외(자동분류 범위 밖 - 수동 배치) | 태그:공식대조(충돌),공식 근거(L2)와 DB(L4) 불일치,,,,SR_L4CORE_4808
지휘법,명사,4,L2,NIKL2023:단일일치 | 내부(김광해):경계(L3~L4) | 태그:공식대조(충돌),공식 근거(L2)와 DB(L4) 불일치,,,,SC_V19112_B112_040
직거래,명사,4,L2,NIKL2023:단일일치 | 내부(김광해):경계(L3~L4) | 태그:공식대조(충돌),공식 근거(L2)와 DB(L3) 불일치,,,,SC_V19112_B112_041
직매장,명사,4,L2,NIKL2023:단일일치 | 내부(김광해):경계(L3~L4) | 태그:공식대조(충돌),공식 근거(L2)와 DB(L3) 불일치,,,,SC_V19112_B112_042
직매점,명사,4,L2,NIKL2023:단일일치 | 내부(김광해):경계(L3~L4) | 태그:공식대조(충돌),공식 근거(L2)와 DB(L3) 불일치,,,,SC_V19112_B112_043
직무,명사,4,L2,NIKL2023:단일일치 | 내부(김광해):경계(L3~L4) | 태그:공식대조(충돌),공식 근거(L2)와 DB(L3) 불일치,,,,SC_V19112_B112_044
진공청소기,명사,2,L0,NIKL2023:단일일치 | 내부(김광해):L0 | 태그:78(뜻풀이위험),일치,,,,SC_V1911_B011_025
진딧물,명사,4,L2,NIKL2023:단일일치 | 내부(김광해):경계(L3~L4) | 태그:공식대조(충돌),공식 근거(L2)와 DB(L3) 불일치,,,,SC_V19113_B113_009
진미채,명사,4,L2,NIKL2023:단일일치 | 내부(김광해):경계(L3~L4) | 태그:공식대조(충돌),공식 근거(L2)와 DB(L3) 불일치,,,,SC_V19113_B113_015
진열되다,동사,4,L2,NIKL2023:단일일치 | 내부(김광해):경계(L3~L4) | 태그:공식대조(충돌),공식 근거(L2)와 DB(L3) 불일치,,,,SC_V19113_B113_024
진정제,명사,4,L2,NIKL2023:단일일치 | 내부(김광해):경계(L3~L4) | 태그:공식대조(충돌),공식 근거(L2)와 DB(L4) 불일치,,,,SC_V19113_B113_026
질겁하다,동사,4,L2,NIKL2023:단일일치 | 내부(김광해):경계(L3~L4) | 태그:공식대조(충돌),공식 근거(L2)와 DB(L3) 불일치,,,,SC_V19113_B113_033
질척거리다,동사,4,L2,NIKL2023:단일일치 | 내부(김광해):경계(L3~L4) | 태그:공식대조(충돌),공식 근거(L2)와 DB(L3) 불일치,,,,SC_V19113_B113_038
집게발,명사,4,L2,NIKL2023:단일일치 | 내부(김광해):경계(L3~L4) | 태그:공식대조(충돌),공식 근거(L2)와 DB(L3) 불일치,,,,SC_V19113_B113_044
집결하다,동사,4,L2,NIKL2023:단일일치 | 내부(김광해):경계(L3~L4) | 태그:공식대조(충돌),공식 근거(L2)와 DB(L3) 불일치,,,,SC_V19113_B113_046
집계하다,동사,4,L2,NIKL2023:단일일치 | 내부(김광해):경계(L3~L4) | 태그:공식대조(충돌),공식 근거(L2)와 DB(L3) 불일치,,,,SC_V19113_B113_047
집념,명사,4,L2,NIKL2023:단일일치 | 내부(김광해):경계(L3~L4) | 태그:공식대조(충돌),공식 근거(L2)와 DB(L3) 불일치,,,,SC_V19113_B113_048
집단,명사,2,L0,NIKL2023:단일일치 | 내부(김광해):제외(자동분류 범위 밖 - 수동 배치) | 태그:공식대조(충돌),공식 근거(L0)와 DB(L4) 불일치,,,,SR_L4CORE_4812
집짐승,명사,4,L2,NIKL2023:단일일치 | 내부(김광해):경계(L3~L4) | 태그:공식대조(충돌),공식 근거(L2)와 DB(L3) 불일치,,,,SC_V19114_B114_002
집필하다,동사,4,L2,NIKL2023:단일일치 | 내부(김광해):경계(L3~L4) | 태그:공식대조(충돌),공식 근거(L2)와 DB(L3) 불일치,,,,SC_V19114_B114_004
짓궂다,형용사,4,L2,NIKL2023:단일일치 | 내부(김광해):경계(L3~L4) | 태그:공식대조(충돌),공식 근거(L2)와 DB(L3) 불일치,,,,SC_V19114_B114_007
짜개다,동사,4,L2,NIKL2023:단일일치 | 내부(김광해):경계(L3~L4) | 태그:공식대조(충돌),공식 근거(L2)와 DB(L3) 불일치,,,,SC_V19114_B114_013
짠하다,형용사,4,L2,NIKL2023:단일일치 | 내부(김광해):경계(L3~L4) | 태그:공식대조(충돌),공식 근거(L2)와 DB(L3) 불일치,,,,SC_V19114_B114_018
짹짹거리다,동사,4,L2,NIKL2023:단일일치 | 내부(김광해):경계(L3~L4) | 태그:공식대조(충돌),공식 근거(L2)와 DB(L3) 불일치,,,,SC_V19114_B114_023
쪼글쪼글,부사,2,L0,NIKL2023:단일일치 | 내부(김광해):L0 | 태그:78(뜻풀이위험),일치,,,,SC_V1911_B011_033
쭈글쭈글,부사,4,L2,NIKL2023:단일일치 | 내부(김광해):경계(L3~L4) | 태그:공식대조(충돌),공식 근거(L2)와 DB(L3) 불일치,,,,SC_V19114_B114_032
차림표,명사,4,L2,NIKL2023:단일일치 | 내부(김광해):경계(L3~L4) | 태그:공식대조(충돌),공식 근거(L2)와 DB(L3) 불일치,,,,SC_V19114_B114_043
차분차분,부사,4,L2,NIKL2023:단일일치 | 내부(김광해):경계(L3~L4) | 태그:공식대조(충돌),공식 근거(L2)와 DB(L3) 불일치,,,,SC_V19114_B114_045
차츰차츰,부사,4,L2,NIKL2023:단일일치 | 내부(김광해):경계(L3~L4) | 태그:공식대조(충돌),공식 근거(L2)와 DB(L4) 불일치,,,,SC_V19114_B114_049
착시,명사,4,L2,NIKL2023:단일일치 | 내부(김광해):경계(L3~L4) | 태그:공식대조(충돌),공식 근거(L2)와 DB(L3) 불일치,,,,SC_V19115_B115_002
찰밥,명사,4,L2,NIKL2023:단일일치 | 내부(김광해):경계(L3~L4) | 태그:공식대조(충돌),공식 근거(L2)와 DB(L3) 불일치,,,,SC_V19115_B115_008
참값,명사,4,L2,NIKL2023:단일일치 | 내부(김광해):경계(L3~L4) | 태그:공식대조(충돌),공식 근거(L2)와 DB(L3) 불일치,,,,SC_V19115_B115_010
참답다,형용사,4,L2,NIKL2023:단일일치 | 내부(김광해):경계(L3~L4) | 태그:공식대조(충돌),공식 근거(L2)와 DB(L3) 불일치,,,,SC_V19115_B115_011
참판,명사,4,L2,NIKL2023:단일일치 | 내부(김광해):경계(L3~L4) | 태그:공식대조(충돌),공식 근거(L2)와 DB(L3) 불일치,,,,SC_V19115_B115_020
참흙,명사,4,L2,NIKL2023:단일일치 | 내부(김광해):경계(L3~L4) | 태그:공식대조(충돌),공식 근거(L2)와 DB(L3) 불일치,,,,SC_V19115_B115_021
찻삯,명사,4,L2,NIKL2023:단일일치 | 내부(김광해):경계(L3~L4) | 태그:207(레벨보류),일치,,,,SC_V19115_B115_025
창간하다,동사,4,L2,NIKL2023:단일일치 | 내부(김광해):경계(L3~L4) | 태그:공식대조(충돌),공식 근거(L2)와 DB(L3) 불일치,,,,SC_V19115_B115_027
창시자,명사,4,L2,NIKL2023:단일일치 | 내부(김광해):경계(L3~L4) | 태그:공식대조(충돌),공식 근거(L2)와 DB(L3) 불일치,,,,SC_V19115_B115_031
창시하다,동사,4,L2,NIKL2023:단일일치 | 내부(김광해):경계(L3~L4) | 태그:공식대조(충돌),공식 근거(L2)와 DB(L3) 불일치,,,,SC_V19115_B115_032
창안하다,동사,4,L2,NIKL2023:단일일치 | 내부(김광해):경계(L3~L4) | 태그:공식대조(충돌),공식 근거(L2)와 DB(L3) 불일치,,,,SC_V19115_B115_033
창출,명사,4,L2,NIKL2023:단일일치 | 내부(김광해):제외(자동분류 범위 밖 - 수동 배치) | 태그:공식대조(충돌),공식 근거(L2)와 DB(L6) 불일치,,,,SR_L6CORE_4964
창포물,명사,4,L2,NIKL2023:단일일치 | 내부(김광해):경계(L3~L4) | 태그:공식대조(충돌),공식 근거(L2)와 DB(L3) 불일치,,,,SC_V19115_B115_035
채비,명사,4,L2,NIKL2023:단일일치 | 내부(김광해):경계(L3~L4) | 태그:공식대조(충돌),공식 근거(L2)와 DB(L3) 불일치,,,,SC_V19115_B115_037
책망하다,동사,4,L2,NIKL2023:단일일치 | 내부(김광해):경계(L3~L4) | 태그:207(레벨보류),일치,,,,SC_V19115_B115_043
책임자,명사,4,L2,NIKL2023:단일일치 | 내부(김광해):경계(L3~L4) | 태그:공식대조(충돌),공식 근거(L2)와 DB(L3) 불일치,,,,SC_V19115_B115_045
천막,명사,3,L1,NIKL2023:단일일치 | 내부(김광해):경계(L1~L2) | 태그:공식대조(충돌),공식 근거(L1)와 DB(L2) 불일치,,,,SC_V19116_B116_009
천문대,명사,4,L2,NIKL2023:단일일치 | 내부(김광해):경계(L3~L4) | 태그:공식대조(충돌),공식 근거(L2)와 DB(L3) 불일치,,,,SC_V19116_B116_010
천연기념물,명사,4,L2,NIKL2023:단일일치 | 내부(김광해):경계(L3~L4) | 태그:공식대조(충돌),공식 근거(L2)와 DB(L3) 불일치,,,,SC_V19116_B116_013
철거,명사,4,L2,NIKL2023:단일일치 | 내부(김광해):경계(L3~L4) | 태그:공식대조(충돌),공식 근거(L2)와 DB(L3) 불일치,,,,SC_V19116_B116_021
철거되다,동사,4,L2,NIKL2023:단일일치 | 내부(김광해):경계(L3~L4) | 태그:공식대조(충돌),공식 근거(L2)와 DB(L3) 불일치,,,,SC_V19116_B116_022
철공소,명사,4,L2,NIKL2023:단일일치 | 내부(김광해):경계(L3~L4) | 태그:공식대조(충돌),공식 근거(L2)와 DB(L3) 불일치,,,,SC_V19116_B116_023
철광석,명사,4,L2,NIKL2023:단일일치 | 내부(김광해):경계(L3~L4) | 태그:공식대조(충돌),공식 근거(L2)와 DB(L3) 불일치,,,,SC_V19116_B116_024
철근,명사,3,L1,NIKL2023:단일일치 | 내부(김광해):경계(L1~L2) | 태그:공식대조(충돌),공식 근거(L1)와 DB(L2) 불일치,,,,SC_V19116_B116_025
철길,명사,4,L2,NIKL2023:단일일치 | 내부(김광해):경계(L3~L4) | 태그:공식대조(충돌),공식 근거(L2)와 DB(L3) 불일치,,,,SC_V19116_B116_026
철마,명사,4,L2,NIKL2023:단일일치 | 내부(김광해):경계(L3~L4) | 태그:공식대조(충돌),공식 근거(L2)와 DB(L3) 불일치,,,,SC_V19116_B116_029
철칙,명사,4,L2,NIKL2023:단일일치 | 내부(김광해):경계(L3~L4) | 태그:공식대조(충돌),공식 근거(L2)와 DB(L3) 불일치,,,,SC_V19116_B116_036
첫소리,명사,4,L2,NIKL2023:단일일치 | 내부(김광해):경계(L3~L4) | 태그:공식대조(충돌),공식 근거(L2)와 DB(L3) 불일치,,,,SC_V19116_B116_045
첫인사,명사,4,L2,NIKL2023:단일일치 | 내부(김광해):경계(L3~L4) | 태그:공식대조(충돌),공식 근거(L2)와 DB(L3) 불일치,,,,SC_V19116_B116_047
청국장찌개,명사,4,L2,NIKL2023:단일일치 | 내부(김광해):경계(L3~L4) | 태그:공식대조(충돌),공식 근거(L2)와 DB(L3) 불일치,,,,SC_V19116_B116_050
청소년기,명사,3,L1,NIKL2023:단일일치 | 내부(김광해):경계(L1~L2) | 태그:17(L2_PROVISIONAL_AUTO);공식대조(충돌),공식 근거(L1)와 DB(L2) 불일치,,,,SC_V19117_B117_007
청소되다,동사,4,L2,NIKL2023:단일일치 | 내부(김광해):경계(L3~L4) | 태그:공식대조(충돌),공식 근거(L2)와 DB(L3) 불일치,,,,SC_V19117_B117_008
청양고추,명사,4,L2,NIKL2023:단일일치 | 내부(김광해):경계(L3~L4) | 태그:공식대조(충돌),공식 근거(L2)와 DB(L3) 불일치,,,,SC_V19117_B117_010
청운교,명사,4,L2,NIKL2023:단일일치 | 내부(김광해):경계(L3~L4) | 태그:공식대조(충돌),공식 근거(L2)와 DB(L3) 불일치,,,,SC_V19117_B117_011
청중,명사,4,L2,NIKL2023:단일일치 | 내부(김광해):경계(L3~L4) | 태그:공식대조(충돌),공식 근거(L2)와 DB(L3) 불일치,,,,SC_V19117_B117_012
체크아웃,명사,4,L2,NIKL2023:단일일치 | 내부(김광해):경계(L3~L4) | 태그:공식대조(충돌),공식 근거(L2)와 DB(L3) 불일치,,,,SC_V19117_B117_018
초벌,명사,4,L2,NIKL2023:단일일치 | 내부(김광해):경계(L3~L4) | 태그:공식대조(충돌),공식 근거(L2)와 DB(L3) 불일치,,,,SC_V19117_B117_024
초벌구이,명사,4,L2,NIKL2023:단일일치 | 내부(김광해):경계(L3~L4) | 태그:공식대조(충돌),공식 근거(L2)와 DB(L3) 불일치,,,,SC_V19117_B117_025
초시계,명사,4,L2,NIKL2023:단일일치 | 내부(김광해):경계(L3~L4) | 태그:공식대조(충돌),공식 근거(L2)와 DB(L3) 불일치,,,,SC_V19117_B117_031
초췌하다,형용사,4,L2,NIKL2023:단일일치 | 내부(김광해):경계(L3~L4) | 태그:공식대조(충돌),공식 근거(L2)와 DB(L3) 불일치,,,,SC_V19117_B117_037
초현실,명사,4,L2,NIKL2023:단일일치 | 내부(김광해):경계(L3~L4) | 태그:공식대조(충돌),공식 근거(L2)와 DB(L3) 불일치,,,,SC_V19117_B117_040
총각김치,명사,4,L2,NIKL2023:단일일치 | 내부(김광해):경계(L3~L4) | 태그:공식대조(충돌),공식 근거(L2)와 DB(L3) 불일치,,,,SC_V19117_B117_045
총각무,명사,4,L2,NIKL2023:단일일치 | 내부(김광해):경계(L3~L4) | 태그:공식대조(충돌),공식 근거(L2)와 DB(L3) 불일치,,,,SC_V19117_B117_046
총동원하다,동사,4,L2,NIKL2023:단일일치 | 내부(김광해):경계(L3~L4) | 태그:공식대조(충돌),공식 근거(L2)와 DB(L3) 불일치,,,,SC_V19118_B118_001
총연습,명사,4,L2,NIKL2023:단일일치 | 내부(김광해):경계(L3~L4) | 태그:공식대조(충돌),공식 근거(L2)와 DB(L3) 불일치,,,,SC_V19118_B118_011
총점,명사,4,L2,NIKL2023:단일일치 | 내부(김광해):경계(L3~L4) | 태그:207(레벨보류),일치,,,,SC_V19118_B118_013
총합,명사,4,L2,NIKL2023:단일일치 | 내부(김광해):제외(자동분류 범위 밖 - 수동 배치) | 태그:공식대조(충돌),공식 근거(L2)와 DB(L6) 불일치,,,,SR_L6CORE_4966
최강자,명사,4,L2,NIKL2023:단일일치 | 내부(김광해):경계(L3~L4) | 태그:공식대조(충돌),공식 근거(L2)와 DB(L3) 불일치,,,,SC_V19118_B118_017
최우수,명사,2,L0,NIKL2023:단일일치 | 내부(김광해):L0 | 태그:78(뜻풀이위험),일치,,,,SC_V1912_B012_014
추대되다,동사,4,L2,NIKL2023:단일일치 | 내부(김광해):경계(L3~L4) | 태그:공식대조(충돌),공식 근거(L2)와 DB(L3) 불일치,,,,SC_V19118_B118_025
추리다,동사,4,L2,NIKL2023:단일일치 | 내부(김광해):경계(L3~L4) | 태그:공식대조(충돌),공식 근거(L2)와 DB(L3) 불일치,,,,SC_V19118_B118_026
추석빔,명사,4,L2,NIKL2023:단일일치 | 내부(김광해):경계(L3~L4) | 태그:공식대조(충돌),공식 근거(L2)와 DB(L3) 불일치,,,,SC_V19118_B118_027
추억하다,동사,4,L2,NIKL2023:단일일치 | 내부(김광해):경계(L3~L4) | 태그:207(레벨보류),일치,,,,SC_V19118_B118_031
추월하다,동사,4,L2,NIKL2023:단일일치 | 내부(김광해):경계(L3~L4) | 태그:공식대조(충돌),공식 근거(L2)와 DB(L3) 불일치,,,,SC_V19118_B118_032
추이,명사,4,L2,NIKL2023:단일일치 | 내부(김광해):경계(L3~L4) | 태그:공식대조(충돌),공식 근거(L2)와 DB(L3) 불일치,,,,SC_V19118_B118_033
추임새,명사,4,L2,NIKL2023:단일일치 | 내부(김광해):경계(L3~L4) | 태그:공식대조(충돌),공식 근거(L2)와 DB(L3) 불일치,,,,SC_V19118_B118_034
추진,명사,4,L2,NIKL2023:단일일치 | 내부(김광해):제외(자동분류 범위 밖 - 수동 배치) | 태그:공식대조(충돌),공식 근거(L2)와 DB(L6) 불일치,,,,SR_L6CORE_4967
축산,명사,4,L2,NIKL2023:단일일치 | 내부(김광해):경계(L3~L4) | 태그:공식대조(충돌),공식 근거(L2)와 DB(L3) 불일치,,,,SC_V19118_B118_043
축산물,명사,4,L2,NIKL2023:단일일치 | 내부(김광해):경계(L3~L4) | 태그:공식대조(충돌),공식 근거(L2)와 DB(L3) 불일치,,,,SC_V19118_B118_044
축협,명사,4,L2,NIKL2023:단일일치 | 내부(김광해):경계(L3~L4) | 태그:공식대조(충돌),공식 근거(L2)와 DB(L3) 불일치,,,,SC_V19118_B118_049
춘향가,명사,4,L2,NIKL2023:단일일치 | 내부(김광해):경계(L3~L4) | 태그:공식대조(충돌),공식 근거(L2)와 DB(L3) 불일치,,,,SC_V19118_B118_050
출간되다,동사,4,L2,NIKL2023:단일일치 | 내부(김광해):경계(L3~L4) | 태그:공식대조(충돌),공식 근거(L2)와 DB(L3) 불일치,,,,SC_V19119_B119_001
출발지,명사,4,L2,NIKL2023:단일일치 | 내부(김광해):경계(L3~L4) | 태그:207(레벨보류),일치,,,,SC_V19119_B119_005
출생률,명사,4,L2,NIKL2023:단일일치 | 내부(김광해):경계(L3~L4) | 태그:공식대조(충돌),공식 근거(L2)와 DB(L3) 불일치,,,,SC_V19119_B119_006
출연진,명사,4,L2,NIKL2023:단일일치 | 내부(김광해):경계(L3~L4) | 태그:공식대조(충돌),공식 근거(L2)와 DB(L3) 불일치,,,,SC_V19119_B119_011
출토,명사,4,L2,NIKL2023:단일일치 | 내부(김광해):경계(L3~L4) | 태그:공식대조(충돌),공식 근거(L2)와 DB(L3) 불일치,,,,SC_V19119_B119_013
출판되다,동사,4,L2,NIKL2023:단일일치 | 내부(김광해):경계(L3~L4) | 태그:공식대조(충돌),공식 근거(L2)와 DB(L3) 불일치,,,,SC_V19119_B119_014
출판물,명사,4,L2,NIKL2023:단일일치 | 내부(김광해):경계(L3~L4) | 태그:공식대조(충돌),공식 근거(L2)와 DB(L3) 불일치,,,,SC_V19119_B119_015
출품되다,동사,4,L2,NIKL2023:단일일치 | 내부(김광해):경계(L3~L4) | 태그:공식대조(충돌),공식 근거(L2)와 DB(L3) 불일치,,,,SC_V19119_B119_017
출품하다,동사,4,L2,NIKL2023:단일일치 | 내부(김광해):경계(L3~L4) | 태그:공식대조(충돌),공식 근거(L2)와 DB(L3) 불일치,,,,SC_V19119_B119_018
춤곡,명사,3,L1,NIKL2023:단일일치 | 내부(김광해):경계(L1~L2) | 태그:공식대조(충돌),공식 근거(L1)와 DB(L2) 불일치,,,,SC_V19119_B119_019
춤사위,명사,4,L2,NIKL2023:단일일치 | 내부(김광해):경계(L3~L4) | 태그:공식대조(충돌),공식 근거(L2)와 DB(L3) 불일치,,,,SC_V19119_B119_020
충전기,명사,4,L2,NIKL2023:단일일치 | 내부(김광해):경계(L3~L4) | 태그:공식대조(충돌),공식 근거(L2)와 DB(L3) 불일치,,,,SC_V19119_B119_024
충직하다,형용사,4,L2,NIKL2023:단일일치 | 내부(김광해):경계(L3~L4) | 태그:공식대조(충돌),공식 근거(L2)와 DB(L3) 불일치,,,,SC_V19119_B119_025
충효,명사,4,L2,NIKL2023:단일일치 | 내부(김광해):경계(L3~L4) | 태그:공식대조(충돌),공식 근거(L2)와 DB(L3) 불일치,,,,SC_V19119_B119_028
취나물,명사,4,L2,NIKL2023:단일일치 | 내부(김광해):경계(L3~L4) | 태그:공식대조(충돌),공식 근거(L2)와 DB(L3) 불일치,,,,SC_V19119_B119_029
취업률,명사,4,L2,NIKL2023:단일일치 | 내부(김광해):경계(L3~L4) | 태그:공식대조(충돌),공식 근거(L2)와 DB(L3) 불일치,,,,SC_V19119_B119_032
취임,명사,4,L2,NIKL2023:단일일치 | 내부(김광해):경계(L3~L4) | 태그:공식대조(충돌),공식 근거(L2)와 DB(L3) 불일치,,,,SC_V19119_B119_034
취임식,명사,4,L2,NIKL2023:단일일치 | 내부(김광해):경계(L3~L4) | 태그:공식대조(충돌),공식 근거(L2)와 DB(L3) 불일치,,,,SC_V19119_B119_035
취임하다,동사,4,L2,NIKL2023:단일일치 | 내부(김광해):경계(L3~L4) | 태그:공식대조(충돌),공식 근거(L2)와 DB(L3) 불일치,,,,SC_V19119_B119_036
취재진,명사,4,L2,NIKL2023:단일일치 | 내부(김광해):경계(L3~L4) | 태그:공식대조(충돌),공식 근거(L2)와 DB(L3) 불일치,,,,SC_V19119_B119_037
측우기,명사,4,L2,NIKL2023:단일일치 | 내부(김광해):경계(L3~L4) | 태그:공식대조(충돌),공식 근거(L2)와 DB(L3) 불일치,,,,SC_V19119_B119_040
측은하다,형용사,4,L2,NIKL2023:단일일치 | 내부(김광해):경계(L3~L4) | 태그:공식대조(충돌),공식 근거(L2)와 DB(L3) 불일치,,,,SC_V19119_B119_041
층계,명사,4,L2,NIKL2023:단일일치 | 내부(김광해):경계(L3~L4) | 태그:공식대조(충돌),공식 근거(L2)와 DB(L3) 불일치,,,,SC_V19119_B119_042
친손자,명사,4,L2,NIKL2023:단일일치 | 내부(김광해):경계(L3~L4) | 태그:공식대조(충돌),공식 근거(L2)와 DB(L3) 불일치,,,,SC_V19120_B120_010
친정아버지,명사,4,L2,NIKL2023:단일일치 | 내부(김광해):경계(L3~L4) | 태그:공식대조(충돌),공식 근거(L2)와 DB(L3) 불일치,,,,SC_V19120_B120_018
친정어머니,명사,4,L2,NIKL2023:단일일치 | 내부(김광해):경계(L3~L4) | 태그:공식대조(충돌),공식 근거(L2)와 DB(L3) 불일치,,,,SC_V19120_B120_019
친할아버지,명사,3,L1,NIKL2023:단일일치 | 내부(김광해):경계(L1~L2) | 태그:공식대조(충돌),공식 근거(L1)와 DB(L2) 불일치,,,,SC_V19120_B120_024
친환경,명사,4,L2,NIKL2023:단일일치 | 내부(김광해):경계(L3~L4) | 태그:공식대조(충돌),공식 근거(L2)와 DB(L3) 불일치,,,,SC_V19120_B120_027
친히,부사,4,L2,NIKL2023:단일일치 | 내부(김광해):경계(L3~L4) | 태그:공식대조(충돌),공식 근거(L2)와 DB(L3) 불일치,,,,SC_V19120_B120_028
침범,명사,3,L1,NIKL2023:단일일치 | 내부(김광해):경계(L1~L2) | 태그:공식대조(충돌),공식 근거(L1)와 DB(L2) 불일치,,,,SC_V19120_B120_036
칭호,명사,4,L2,NIKL2023:단일일치 | 내부(김광해):경계(L3~L4) | 태그:공식대조(충돌),공식 근거(L2)와 DB(L3) 불일치,,,,SC_V19120_B120_045
카레라이스,명사,4,L2,NIKL2023:단일일치 | 내부(김광해):경계(L3~L4) | 태그:공식대조(충돌),공식 근거(L2)와 DB(L3) 불일치,,,,SC_V19120_B120_047
카스텔라,명사,4,L2,NIKL2023:단일일치 | 내부(김광해):경계(L3~L4) | 태그:공식대조(충돌),공식 근거(L2)와 DB(L3) 불일치,,,,SC_V19120_B120_048
칸막이,명사,4,L2,NIKL2023:단일일치 | 내부(김광해):경계(L3~L4) | 태그:공식대조(충돌),공식 근거(L2)와 DB(L3) 불일치,,,,SC_V19120_B120_049
캐스터,명사,4,L2,NIKL2023:단일일치 | 내부(김광해):경계(L3~L4) | 태그:공식대조(충돌),공식 근거(L2)와 DB(L3) 불일치,,,,SC_V19121_B121_004
캠프파이어,명사,4,L2,NIKL2023:단일일치 | 내부(김광해):경계(L3~L4) | 태그:공식대조(충돌),공식 근거(L2)와 DB(L3) 불일치,,,,SC_V19121_B121_007
커뮤니케이션,명사,4,L2,NIKL2023:단일일치 | 내부(김광해):경계(L3~L4) | 태그:공식대조(충돌),공식 근거(L2)와 DB(L3) 불일치,,,,SC_V19121_B121_008
커뮤니티,명사,4,L2,NIKL2023:단일일치 | 내부(김광해):경계(L3~L4) | 태그:공식대조(충돌),공식 근거(L2)와 DB(L3) 불일치,,,,SC_V19121_B121_009
커트라인,명사,4,L2,NIKL2023:단일일치 | 내부(김광해):경계(L3~L4) | 태그:공식대조(충돌),공식 근거(L2)와 DB(L3) 불일치,,,,SC_V19121_B121_010
컨설턴트,명사,4,L2,NIKL2023:단일일치 | 내부(김광해):경계(L3~L4) | 태그:공식대조(충돌),공식 근거(L2)와 DB(L3) 불일치,,,,SC_V19121_B121_012
컨테이너,명사,4,L2,NIKL2023:단일일치 | 내부(김광해):경계(L3~L4) | 태그:공식대조(충돌),공식 근거(L2)와 DB(L3) 불일치,,,,SC_V19121_B121_013
컬러텔레비전,명사,4,L2,NIKL2023:단일일치 | 내부(김광해):경계(L3~L4) | 태그:공식대조(충돌),공식 근거(L2)와 DB(L3) 불일치,,,,SC_V19121_B121_014
케첩,명사,3,L1,NIKL2023:단일일치 | 내부(김광해):경계(L1~L2) | 태그:공식대조(충돌),공식 근거(L1)와 DB(L2) 불일치,,,,SC_V19121_B121_017
켄트지,명사,4,L2,NIKL2023:단일일치 | 내부(김광해):경계(L3~L4) | 태그:공식대조(충돌),공식 근거(L2)와 DB(L3) 불일치,,,,SC_V19121_B121_018
코디네이터,명사,4,L2,NIKL2023:단일일치 | 내부(김광해):경계(L3~L4) | 태그:공식대조(충돌),공식 근거(L2)와 DB(L3) 불일치,,,,SC_V19121_B121_019
코바늘,명사,4,L2,NIKL2023:단일일치 | 내부(김광해):경계(L3~L4) | 태그:공식대조(충돌),공식 근거(L2)와 DB(L3) 불일치,,,,SC_V19121_B121_022
코팅,명사,3,L1,NIKL2023:단일일치 | 내부(김광해):경계(L1~L2) | 태그:공식대조(충돌),공식 근거(L1)와 DB(L2) 불일치,,,,SC_V19121_B121_024
콘트라베이스,명사,4,L2,NIKL2023:단일일치 | 내부(김광해):경계(L3~L4) | 태그:공식대조(충돌),공식 근거(L2)와 DB(L3) 불일치,,,,SC_V19121_B121_025
콤바인,명사,4,L2,NIKL2023:단일일치 | 내부(김광해):경계(L3~L4) | 태그:공식대조(충돌),공식 근거(L2)와 DB(L3) 불일치,,,,SC_V19121_B121_027
콧물감기,명사,4,L2,NIKL2023:단일일치 | 내부(김광해):경계(L3~L4) | 태그:공식대조(충돌),공식 근거(L2)와 DB(L3) 불일치,,,,SC_V19121_B121_030
콧속,명사,4,L2,NIKL2023:단일일치 | 내부(김광해):경계(L3~L4) | 태그:공식대조(충돌),공식 근거(L2)와 DB(L3) 불일치,,,,SC_V19121_B121_034
콩국수,명사,4,L2,NIKL2023:단일일치 | 내부(김광해):경계(L3~L4) | 태그:공식대조(충돌),공식 근거(L2)와 DB(L3) 불일치,,,,SC_V19121_B121_038
콩기름,명사,4,L2,NIKL2023:단일일치 | 내부(김광해):경계(L3~L4) | 태그:공식대조(충돌),공식 근거(L2)와 DB(L3) 불일치,,,,SC_V19121_B121_039
콩깻묵,명사,4,L2,NIKL2023:단일일치 | 내부(김광해):경계(L3~L4) | 태그:공식대조(충돌),공식 근거(L2)와 DB(L3) 불일치,,,,SC_V19121_B121_041
콸콸,부사,4,L2,NIKL2023:단일일치 | 내부(김광해):경계(L3~L4) | 태그:공식대조(충돌),공식 근거(L2)와 DB(L3) 불일치,,,,SC_V19121_B121_047
퀴퀴하다,형용사,4,L2,NIKL2023:단일일치 | 내부(김광해):경계(L3~L4) | 태그:공식대조(충돌),공식 근거(L2)와 DB(L3) 불일치,,,,SC_V19122_B122_003
큐레이터,명사,4,L2,NIKL2023:단일일치 | 내부(김광해):경계(L3~L4) | 태그:공식대조(충돌),공식 근거(L2)와 DB(L3) 불일치,,,,SC_V19122_B122_004
큰곰자리,명사,4,L2,NIKL2023:단일일치 | 내부(김광해):경계(L3~L4) | 태그:공식대조(충돌),공식 근거(L2)와 DB(L3) 불일치,,,,SC_V19122_B122_010
클리닝,명사,4,L2,NIKL2023:단일일치 | 내부(김광해):경계(L3~L4) | 태그:공식대조(충돌),공식 근거(L2)와 DB(L3) 불일치,,,,SC_V19122_B122_020
클릭,명사,4,L2,NIKL2023:단일일치 | 내부(김광해):경계(L3~L4) | 태그:공식대조(충돌),공식 근거(L2)와 DB(L3) 불일치,,,,SC_V19122_B122_021
클릭하다,동사,4,L2,NIKL2023:단일일치 | 내부(김광해):경계(L3~L4) | 태그:공식대조(충돌),공식 근거(L2)와 DB(L3) 불일치,,,,SC_V19122_B122_022
킁킁,부사,4,L2,NIKL2023:단일일치 | 내부(김광해):경계(L3~L4) | 태그:공식대조(충돌),공식 근거(L2)와 DB(L3) 불일치,,,,SC_V19122_B122_023
키득거리다,동사,4,L2,NIKL2023:단일일치 | 내부(김광해):경계(L3~L4) | 태그:공식대조(충돌),공식 근거(L2)와 DB(L3) 불일치,,,,SC_V19122_B122_026
킥킥,부사,4,L2,NIKL2023:단일일치 | 내부(김광해):경계(L3~L4) | 태그:공식대조(충돌),공식 근거(L2)와 DB(L3) 불일치,,,,SC_V19122_B122_027
킬킬거리다,동사,4,L2,NIKL2023:단일일치 | 내부(김광해):경계(L3~L4) | 태그:공식대조(충돌),공식 근거(L2)와 DB(L3) 불일치,,,,SC_V19122_B122_028
타다닥,부사,4,L2,NIKL2023:단일일치 | 내부(김광해):경계(L3~L4) | 태그:공식대조(충돌),공식 근거(L2)와 DB(L3) 불일치,,,,SC_V19122_B122_030
타당성,명사,4,L2,NIKL2023:단일일치 | 내부(김광해):제외(자동분류 범위 밖 - 수동 배치) | 태그:공식대조(충돌),공식 근거(L2)와 DB(L6) 불일치,,,,SR_L6CORE_4969
타원형,명사,3,L1,NIKL2023:단일일치 | 내부(김광해):경계(L1~L2) | 태그:207(레벨보류),일치,,,,SC_V19122_B122_033
타월,명사,4,L2,NIKL2023:단일일치 | 내부(김광해):경계(L3~L4) | 태그:공식대조(충돌),공식 근거(L2)와 DB(L3) 불일치,,,,SC_V19122_B122_034
타자기,명사,4,L2,NIKL2023:단일일치 | 내부(김광해):경계(L3~L4) | 태그:공식대조(충돌),공식 근거(L2)와 DB(L3) 불일치,,,,SC_V19122_B122_038
타파하다,동사,4,L2,NIKL2023:단일일치 | 내부(김광해):경계(L3~L4) | 태그:공식대조(충돌),공식 근거(L2)와 DB(L3) 불일치,,,,SC_V19122_B122_039
탁구공,명사,4,L2,NIKL2023:단일일치 | 내부(김광해):경계(L3~L4) | 태그:공식대조(충돌),공식 근거(L2)와 DB(L3) 불일치,,,,SC_V19122_B122_043
탁구대,명사,4,L2,NIKL2023:단일일치 | 내부(김광해):경계(L3~L4) | 태그:공식대조(충돌),공식 근거(L2)와 DB(L3) 불일치,,,,SC_V19122_B122_044
탄산수,명사,4,L2,NIKL2023:단일일치 | 내부(김광해):경계(L3~L4) | 태그:공식대조(충돌),공식 근거(L2)와 DB(L3) 불일치,,,,SC_V19122_B122_046
탈놀이,명사,4,L2,NIKL2023:단일일치 | 내부(김광해):경계(L3~L4) | 태그:공식대조(충돌),공식 근거(L2)와 DB(L3) 불일치,,,,SC_V19123_B123_002
탈퇴,명사,4,L2,NIKL2023:단일일치 | 내부(김광해):경계(L3~L4) | 태그:공식대조(충돌),공식 근거(L2)와 DB(L3) 불일치,,,,SC_V19123_B123_008
탈퇴하다,동사,4,L2,NIKL2023:단일일치 | 내부(김광해):경계(L3~L4) | 태그:공식대조(충돌),공식 근거(L2)와 DB(L3) 불일치,,,,SC_V19123_B123_009
탈피,명사,4,L2,NIKL2023:단일일치 | 내부(김광해):제외(자동분류 범위 밖 - 수동 배치) | 태그:공식대조(충돌),공식 근거(L2)와 DB(L6) 불일치,,,,SR_L6CORE_4970
탐사선,명사,4,L2,NIKL2023:단일일치 | 내부(김광해):경계(L3~L4) | 태그:공식대조(충돌),공식 근거(L2)와 DB(L3) 불일치,,,,SC_V19123_B123_014
탐사하다,동사,4,L2,NIKL2023:단일일치 | 내부(김광해):경계(L3~L4) | 태그:공식대조(충돌),공식 근거(L2)와 DB(L3) 불일치,,,,SC_V19123_B123_015
탐스럽다,형용사,3,L1,NIKL2023:단일일치 | 내부(김광해):경계(L1~L2) | 태그:공식대조(충돌),공식 근거(L1)와 DB(L2) 불일치,,,,SC_V19123_B123_016
탐지기,명사,4,L2,NIKL2023:단일일치 | 내부(김광해):경계(L3~L4) | 태그:공식대조(충돌),공식 근거(L2)와 DB(L3) 불일치,,,,SC_V19123_B123_017
탐지하다,동사,4,L2,NIKL2023:단일일치 | 내부(김광해):경계(L3~L4) | 태그:공식대조(충돌),공식 근거(L2)와 DB(L3) 불일치,,,,SC_V19123_B123_018
탐하다,동사,4,L2,NIKL2023:단일일치 | 내부(김광해):경계(L3~L4) | 태그:공식대조(충돌),공식 근거(L2)와 DB(L3) 불일치,,,,SC_V19123_B123_019
탐험가,명사,4,L2,NIKL2023:단일일치 | 내부(김광해):경계(L3~L4) | 태그:공식대조(충돌),공식 근거(L2)와 DB(L3) 불일치,,,,SC_V19123_B123_021
탐험대,명사,4,L2,NIKL2023:단일일치 | 내부(김광해):경계(L3~L4) | 태그:공식대조(충돌),공식 근거(L2)와 DB(L3) 불일치,,,,SC_V19123_B123_022
태연하다,형용사,4,L2,NIKL2023:단일일치 | 내부(김광해):경계(L3~L4) | 태그:공식대조(충돌),공식 근거(L2)와 DB(L3) 불일치,,,,SC_V19123_B123_028
태연히,부사,4,L2,NIKL2023:단일일치 | 내부(김광해):경계(L3~L4) | 태그:공식대조(충돌),공식 근거(L2)와 DB(L3) 불일치,,,,SC_V19123_B123_029
태엽,명사,4,L2,NIKL2023:단일일치 | 내부(김광해):경계(L3~L4) | 태그:공식대조(충돌),공식 근거(L2)와 DB(L3) 불일치,,,,SC_V19123_B123_030
탱자,명사,4,L2,NIKL2023:단일일치 | 내부(김광해):경계(L3~L4) | 태그:공식대조(충돌),공식 근거(L2)와 DB(L3) 불일치,,,,SC_V19123_B123_033
터무니없다,형용사,4,L2,NIKL2023:단일일치 | 내부(김광해):경계(L3~L4) | 태그:공식대조(충돌),공식 근거(L2)와 DB(L3) 불일치,,,,SC_V19123_B123_035
터무니없이,부사,4,L2,NIKL2023:단일일치 | 내부(김광해):경계(L3~L4) | 태그:공식대조(충돌),공식 근거(L2)와 DB(L3) 불일치,,,,SC_V19123_B123_036
털가죽,명사,4,L2,NIKL2023:단일일치 | 내부(김광해):경계(L3~L4) | 태그:공식대조(충돌),공식 근거(L2)와 DB(L3) 불일치,,,,SC_V19123_B123_038
털갈이,명사,4,L2,NIKL2023:단일일치 | 내부(김광해):경계(L3~L4) | 태그:공식대조(충돌),공식 근거(L2)와 DB(L3) 불일치,,,,SC_V19123_B123_039
털양말,명사,4,L2,NIKL2023:단일일치 | 내부(김광해):경계(L3~L4) | 태그:207(레벨보류),일치,,,,SC_V19123_B123_043
텃새,명사,4,L2,NIKL2023:단일일치 | 내부(김광해):경계(L3~L4) | 태그:공식대조(충돌),공식 근거(L2)와 DB(L3) 불일치,,,,SC_V19123_B123_045
테마,명사,3,L1,NIKL2023:단일일치 | 내부(김광해):경계(L1~L2) | 태그:공식대조(충돌),공식 근거(L1)와 DB(L2) 불일치,,,,SC_V19123_B123_047
테마파크,명사,4,L2,NIKL2023:단일일치 | 내부(김광해):경계(L3~L4) | 태그:공식대조(충돌),공식 근거(L2)와 DB(L3) 불일치,,,,SC_V19123_B123_048
테스트하다,동사,4,L2,NIKL2023:단일일치 | 내부(김광해):경계(L3~L4) | 태그:공식대조(충돌),공식 근거(L2)와 DB(L3) 불일치,,,,SC_V19123_B123_049
토닥거리다,동사,4,L2,NIKL2023:단일일치 | 내부(김광해):경계(L3~L4) | 태그:공식대조(충돌),공식 근거(L2)와 DB(L3) 불일치,,,,SC_V19124_B124_001
토닥이다,동사,4,L2,NIKL2023:단일일치 | 내부(김광해):경계(L3~L4) | 태그:공식대조(충돌),공식 근거(L2)와 DB(L3) 불일치,,,,SC_V19124_B124_002
토박이,명사,4,L2,NIKL2023:단일일치 | 내부(김광해):경계(L3~L4) | 태그:공식대조(충돌),공식 근거(L2)와 DB(L3) 불일치,,,,SC_V19124_B124_006
토종닭,명사,4,L2,NIKL2023:단일일치 | 내부(김광해):경계(L3~L4) | 태그:공식대조(충돌),공식 근거(L2)와 DB(L3) 불일치,,,,SC_V19124_B124_014
톱니바퀴,명사,4,L2,NIKL2023:단일일치 | 내부(김광해):경계(L3~L4) | 태그:공식대조(충돌),공식 근거(L2)와 DB(L3) 불일치,,,,SC_V19124_B124_017
통계청,명사,4,L2,NIKL2023:단일일치 | 내부(김광해):경계(L3~L4) | 태그:공식대조(충돌),공식 근거(L2)와 DB(L3) 불일치,,,,SC_V19124_B124_020
통근,명사,4,L2,NIKL2023:단일일치 | 내부(김광해):경계(L3~L4) | 태그:207(레벨보류),일치,,,,SC_V19124_B124_022
통솔력,명사,4,L2,NIKL2023:단일일치 | 내부(김광해):경계(L3~L4) | 태그:공식대조(충돌),공식 근거(L2)와 DB(L3) 불일치,,,,SC_V19124_B124_027
통솔하다,동사,4,L2,NIKL2023:단일일치 | 내부(김광해):경계(L3~L4) | 태그:공식대조(충돌),공식 근거(L2)와 DB(L3) 불일치,,,,SC_V19124_B124_028
통찰,명사,4,L2,NIKL2023:단일일치 | 내부(김광해):제외(자동분류 범위 밖 - 수동 배치) | 태그:공식대조(충돌),공식 근거(L2)와 DB(L6) 불일치,,,,SR_L6COREV2_4971
통학하다,동사,4,L2,NIKL2023:단일일치 | 내부(김광해):경계(L3~L4) | 태그:공식대조(충돌),공식 근거(L2)와 DB(L3) 불일치,,,,SC_V19124_B124_038
툇마루,명사,4,L2,NIKL2023:단일일치 | 내부(김광해):경계(L3~L4) | 태그:공식대조(충돌),공식 근거(L2)와 DB(L3) 불일치,,,,SC_V19124_B124_043
투고,명사,4,L2,NIKL2023:단일일치 | 내부(김광해):경계(L3~L4) | 태그:공식대조(충돌),공식 근거(L2)와 DB(L3) 불일치,,,,SC_V19124_B124_044
투두둑,부사,4,L2,NIKL2023:단일일치 | 내부(김광해):경계(L3~L4) | 태그:공식대조(충돌),공식 근거(L2)와 DB(L3) 불일치,,,,SC_V19124_B124_047
투피스,명사,4,L2,NIKL2023:단일일치 | 내부(김광해):경계(L3~L4) | 태그:공식대조(충돌),공식 근거(L2)와 DB(L3) 불일치,,,,SC_V19125_B125_003
툴툴거리다,동사,4,L2,NIKL2023:단일일치 | 내부(김광해):경계(L3~L4) | 태그:공식대조(충돌),공식 근거(L2)와 DB(L3) 불일치,,,,SC_V19125_B125_006
트로트,명사,4,L2,NIKL2023:단일일치 | 내부(김광해):경계(L3~L4) | 태그:공식대조(충돌),공식 근거(L2)와 DB(L3) 불일치,,,,SC_V19125_B125_010
특별법,명사,4,L2,NIKL2023:단일일치 | 내부(김광해):제외(자동분류 범위 밖 - 수동 배치) | 태그:공식대조(충돌),공식 근거(L2)와 DB(L6) 불일치,,,,SR_L6CORE_6039
특산물,명사,2,L0,NIKL2023:단일일치 | 내부(김광해):L0 | 태그:78(뜻풀이위험),일치,,,,SC_V1912_B012_049
특성화,명사,4,L2,NIKL2023:단일일치 | 내부(김광해):경계(L3~L4) | 태그:공식대조(충돌),공식 근거(L2)와 DB(L3) 불일치,,,,SC_V19125_B125_018
특실,명사,4,L2,NIKL2023:단일일치 | 내부(김광해):경계(L3~L4) | 태그:공식대조(충돌),공식 근거(L2)와 DB(L3) 불일치,,,,SC_V19125_B125_019
특허품,명사,4,L2,NIKL2023:단일일치 | 내부(김광해):경계(L3~L4) | 태그:공식대조(충돌),공식 근거(L2)와 DB(L3) 불일치,,,,SC_V19125_B125_023
특화,명사,4,L2,NIKL2023:단일일치 | 내부(김광해):경계(L3~L4) | 태그:공식대조(충돌),공식 근거(L2)와 DB(L4) 불일치,,,,SC_V19125_B125_024
티격태격,부사,4,L2,NIKL2023:단일일치 | 내부(김광해):경계(L3~L4) | 태그:공식대조(충돌),공식 근거(L2)와 DB(L3) 불일치,,,,SC_V19125_B125_028
팀원,명사,4,L2,NIKL2023:단일일치 | 내부(김광해):경계(L3~L4) | 태그:207(레벨보류),일치,,,,SC_V19125_B125_031
파급력,명사,4,L2,NIKL2023:단일일치 | 내부(김광해):경계(L3~L4) | 태그:공식대조(충돌),공식 근거(L2)와 DB(L3) 불일치,,,,SC_V19125_B125_033
파도타기,명사,4,L2,NIKL2023:단일일치 | 내부(김광해):경계(L3~L4) | 태그:공식대조(충돌),공식 근거(L2)와 DB(L3) 불일치,,,,SC_V19125_B125_034
파란만장하다,형용사,4,L2,NIKL2023:단일일치 | 내부(김광해):경계(L3~L4) | 태그:공식대조(충돌),공식 근거(L2)와 DB(L3) 불일치,,,,SC_V19125_B125_035
파래,명사,4,L2,NIKL2023:단일일치 | 내부(김광해):경계(L3~L4) | 태그:공식대조(충돌),공식 근거(L2)와 DB(L3) 불일치,,,,SC_V19125_B125_036
파마하다,동사,4,L2,NIKL2023:단일일치 | 내부(김광해):경계(L3~L4) | 태그:공식대조(충돌),공식 근거(L2)와 DB(L3) 불일치,,,,SC_V19125_B125_039
파손하다,동사,4,L2,NIKL2023:단일일치 | 내부(김광해):경계(L3~L4) | 태그:공식대조(충돌),공식 근거(L2)와 DB(L3) 불일치,,,,SC_V19125_B125_045
파워,명사,4,L2,NIKL2023:단일일치 | 내부(김광해):경계(L3~L4) | 태그:공식대조(충돌),공식 근거(L2)와 DB(L3) 불일치,,,,SC_V19125_B125_046
판결문,명사,4,L2,NIKL2023:단일일치 | 내부(김광해):경계(L3~L4) | 태그:공식대조(충돌),공식 근거(L2)와 DB(L3) 불일치,,,,SC_V19125_B125_047
판매자,명사,4,L2,NIKL2023:단일일치 | 내부(김광해):경계(L3~L4) | 태그:공식대조(충돌),공식 근거(L2)와 DB(L3) 불일치,,,,SC_V19126_B126_002
판매장,명사,4,L2,NIKL2023:단일일치 | 내부(김광해):경계(L3~L4) | 태그:공식대조(충돌),공식 근거(L2)와 DB(L3) 불일치,,,,SC_V19126_B126_003
판타지,명사,4,L2,NIKL2023:단일일치 | 내부(김광해):경계(L3~L4) | 태그:공식대조(충돌),공식 근거(L2)와 DB(L3) 불일치,,,,SC_V19126_B126_008
판판하다,형용사,4,L2,NIKL2023:단일일치 | 내부(김광해):경계(L3~L4) | 태그:공식대조(충돌),공식 근거(L2)와 DB(L3) 불일치,,,,SC_V19126_B126_009
팔레트,명사,4,L2,NIKL2023:단일일치 | 내부(김광해):경계(L3~L4) | 태그:공식대조(충돌),공식 근거(L2)와 DB(L3) 불일치,,,,SC_V19126_B126_011
팔뼈,명사,4,L2,NIKL2023:단일일치 | 내부(김광해):경계(L3~L4) | 태그:공식대조(충돌),공식 근거(L2)와 DB(L3) 불일치,,,,SC_V19126_B126_012
팔씨름,명사,4,L2,NIKL2023:단일일치 | 내부(김광해):경계(L3~L4) | 태그:공식대조(충돌),공식 근거(L2)와 DB(L3) 불일치,,,,SC_V19126_B126_013
팝송,명사,4,L2,NIKL2023:단일일치 | 내부(김광해):경계(L3~L4) | 태그:공식대조(충돌),공식 근거(L2)와 DB(L3) 불일치,,,,SC_V19126_B126_015
팥고물,명사,4,L2,NIKL2023:단일일치 | 내부(김광해):경계(L3~L4) | 태그:공식대조(충돌),공식 근거(L2)와 DB(L3) 불일치,,,,SC_V19126_B126_016
팥떡,명사,4,L2,NIKL2023:단일일치 | 내부(김광해):경계(L3~L4) | 태그:공식대조(충돌),공식 근거(L2)와 DB(L3) 불일치,,,,SC_V19126_B126_017
패션쇼,명사,4,L2,NIKL2023:단일일치 | 내부(김광해):경계(L3~L4) | 태그:공식대조(충돌),공식 근거(L2)와 DB(L3) 불일치,,,,SC_V19126_B126_020
팽글팽글,부사,4,L2,NIKL2023:단일일치 | 내부(김광해):경계(L3~L4) | 태그:공식대조(충돌),공식 근거(L2)와 DB(L3) 불일치,,,,SC_V19126_B126_021
팽이채,명사,4,L2,NIKL2023:단일일치 | 내부(김광해):경계(L3~L4) | 태그:공식대조(충돌),공식 근거(L2)와 DB(L3) 불일치,,,,SC_V19126_B126_022
펄프,명사,4,L2,NIKL2023:단일일치 | 내부(김광해):경계(L3~L4) | 태그:공식대조(충돌),공식 근거(L2)와 DB(L3) 불일치,,,,SC_V19126_B126_026
페르시아,명사,4,L2,NIKL2023:단일일치 | 내부(김광해):경계(L3~L4) | 태그:공식대조(충돌),공식 근거(L2)와 DB(L3) 불일치,,,,SC_V19126_B126_027
편찬,명사,4,L2,NIKL2023:단일일치 | 내부(김광해):경계(L3~L4) | 태그:공식대조(충돌),공식 근거(L2)와 DB(L3) 불일치,,,,SC_V19126_B126_040
편찬하다,동사,4,L2,NIKL2023:단일일치 | 내부(김광해):경계(L3~L4) | 태그:공식대조(충돌),공식 근거(L2)와 DB(L3) 불일치,,,,SC_V19126_B126_041
평론,명사,4,L2,NIKL2023:단일일치 | 내부(김광해):경계(L3~L4) | 태그:공식대조(충돌),공식 근거(L2)와 DB(L3) 불일치,,,,SC_V19126_B126_043
평사원,명사,4,L2,NIKL2023:단일일치 | 내부(김광해):경계(L3~L4) | 태그:공식대조(충돌),공식 근거(L2)와 DB(L3) 불일치,,,,SC_V19126_B126_044
평영,명사,4,L2,NIKL2023:단일일치 | 내부(김광해):경계(L3~L4) | 태그:공식대조(충돌),공식 근거(L2)와 DB(L3) 불일치,,,,SC_V19126_B126_049
평화스럽다,형용사,4,L2,NIKL2023:단일일치 | 내부(김광해):경계(L3~L4) | 태그:공식대조(충돌),공식 근거(L2)와 DB(L3) 불일치,,,,SC_V19127_B127_003
폐광,명사,4,L2,NIKL2023:단일일치 | 내부(김광해):경계(L3~L4) | 태그:공식대조(충돌),공식 근거(L2)와 DB(L3) 불일치,,,,SC_V19127_B127_004
폐막식,명사,4,L2,NIKL2023:단일일치 | 내부(김광해):경계(L3~L4) | 태그:공식대조(충돌),공식 근거(L2)와 DB(L3) 불일치,,,,SC_V19127_B127_006
폐해,명사,4,L2,NIKL2023:단일일치 | 내부(김광해):경계(L3~L4) | 태그:공식대조(충돌),공식 근거(L2)와 DB(L3) 불일치,,,,SC_V19127_B127_008
폐회,명사,4,L2,NIKL2023:단일일치 | 내부(김광해):경계(L3~L4) | 태그:공식대조(충돌),공식 근거(L2)와 DB(L3) 불일치,,,,SC_V19127_B127_010
포도밭,명사,2,L0,NIKL2023:단일일치 | 내부(김광해):L0 | 태그:78(뜻풀이위험),일치,,,,SC_V1913_B013_015
포스터컬러,명사,4,L2,NIKL2023:단일일치 | 내부(김광해):경계(L3~L4) | 태그:공식대조(충돌),공식 근거(L2)와 DB(L3) 불일치,,,,SC_V19127_B127_015
포용력,명사,4,L2,NIKL2023:단일일치 | 내부(김광해):경계(L3~L4) | 태그:공식대조(충돌),공식 근거(L2)와 DB(L3) 불일치,,,,SC_V19127_B127_017
포유동물,명사,4,L2,NIKL2023:단일일치 | 내부(김광해):경계(L3~L4) | 태그:공식대조(충돌),공식 근거(L2)와 DB(L3) 불일치,,,,SC_V19127_B127_021
포환던지기,명사,4,L2,NIKL2023:단일일치 | 내부(김광해):경계(L3~L4) | 태그:공식대조(충돌),공식 근거(L2)와 DB(L4) 불일치,,,,SC_V19127_B127_022
폴카,명사,4,L2,NIKL2023:단일일치 | 내부(김광해):경계(L3~L4) | 태그:공식대조(충돌),공식 근거(L2)와 DB(L3) 불일치,,,,SC_V19127_B127_040
표본실,명사,4,L2,NIKL2023:단일일치 | 내부(김광해):경계(L3~L4) | 태그:공식대조(충돌),공식 근거(L2)와 DB(L3) 불일치,,,,SC_V19127_B127_042
표절,명사,4,L2,NIKL2023:단일일치 | 내부(김광해):경계(L3~L4) | 태그:공식대조(충돌),공식 근거(L2)와 DB(L3) 불일치,,,,SC_V19127_B127_044
표주박,명사,4,L2,NIKL2023:단일일치 | 내부(김광해):경계(L3~L4) | 태그:공식대조(충돌),공식 근거(L2)와 DB(L3) 불일치,,,,SC_V19127_B127_045
표현력,명사,4,L2,NIKL2023:단일일치 | 내부(김광해):경계(L3~L4) | 태그:공식대조(충돌),공식 근거(L2)와 DB(L3) 불일치,,,,SC_V19127_B127_049
푸드,의존 명사,4,L2,NIKL2023:단일일치 | 내부(김광해):경계(L3~L4) | 태그:공식대조(충돌),공식 근거(L2)와 DB(L3) 불일치,,,,SC_V19128_B128_002
푸르뎅뎅하다,형용사,4,L2,NIKL2023:단일일치 | 내부(김광해):경계(L3~L4) | 태그:공식대조(충돌),공식 근거(L2)와 DB(L3) 불일치,,,,SC_V19128_B128_003
푸성귀,명사,4,L2,NIKL2023:단일일치 | 내부(김광해):경계(L3~L4) | 태그:공식대조(충돌),공식 근거(L2)와 DB(L3) 불일치,,,,SC_V19128_B128_006
푸푸,부사,4,L2,NIKL2023:단일일치 | 내부(김광해):경계(L3~L4) | 태그:공식대조(충돌),공식 근거(L2)와 DB(L3) 불일치,,,,SC_V19128_B128_008
푹신푹신하다,형용사,2,L0,NIKL2023:단일일치 | 내부(김광해):L0 | 태그:78(뜻풀이위험),일치,,,,SC_V1913_B013_021
풀무,명사,4,L2,NIKL2023:단일일치 | 내부(김광해):경계(L3~L4) | 태그:공식대조(충돌),공식 근거(L2)와 DB(L3) 불일치,,,,SC_V19128_B128_010
품값,명사,4,L2,NIKL2023:단일일치 | 내부(김광해):경계(L3~L4) | 태그:공식대조(충돌),공식 근거(L2)와 DB(L3) 불일치,,,,SC_V19128_B128_018
품삯,명사,4,L2,NIKL2023:단일일치 | 내부(김광해):경계(L3~L4) | 태그:공식대조(충돌),공식 근거(L2)와 DB(L3) 불일치,,,,SC_V19128_B128_019
품앗이,명사,4,L2,NIKL2023:단일일치 | 내부(김광해):경계(L3~L4) | 태그:공식대조(충돌),공식 근거(L2)와 DB(L3) 불일치,,,,SC_V19128_B128_020
품앗이하다,동사,4,L2,NIKL2023:단일일치 | 내부(김광해):경계(L3~L4) | 태그:공식대조(충돌),공식 근거(L2)와 DB(L3) 불일치,,,,SC_V19128_B128_021
품행,명사,4,L2,NIKL2023:단일일치 | 내부(김광해):경계(L3~L4) | 태그:공식대조(충돌),공식 근거(L2)와 DB(L3) 불일치,,,,SC_V19128_B128_022
풍경화,명사,4,L2,NIKL2023:단일일치 | 내부(김광해):경계(L3~L4) | 태그:공식대조(충돌),공식 근거(L2)와 DB(L3) 불일치,,,,SC_V19128_B128_025
풍덩,부사,3,L1,NIKL2023:단일일치 | 내부(김광해):경계(L1~L2) | 태그:207(레벨보류),일치,,,,SC_V19128_B128_026
풍덩풍덩,부사,4,L2,NIKL2023:단일일치 | 내부(김광해):경계(L3~L4) | 태그:공식대조(충돌),공식 근거(L2)와 DB(L3) 불일치,,,,SC_V19128_B128_027
풍속화,명사,4,L2,NIKL2023:단일일치 | 내부(김광해):경계(L3~L4) | 태그:공식대조(충돌),공식 근거(L2)와 DB(L3) 불일치,,,,SC_V19128_B128_029
풍요하다,형용사,4,L2,NIKL2023:단일일치 | 내부(김광해):경계(L3~L4) | 태그:207(레벨보류),일치,,,,SC_V19128_B128_031
풍작,명사,4,L2,NIKL2023:단일일치 | 내부(김광해):경계(L3~L4) | 태그:공식대조(충돌),공식 근거(L2)와 DB(L3) 불일치,,,,SC_V19128_B128_032
풍족하다,형용사,2,L0,NIKL2023:단일일치 | 내부(김광해):L0 | 태그:78(뜻풀이위험),일치,,,,SC_V1913_B013_022
풍채,명사,4,L2,NIKL2023:단일일치 | 내부(김광해):경계(L3~L4) | 태그:공식대조(충돌),공식 근거(L2)와 DB(L3) 불일치,,,,SC_V19128_B128_033
풍향계,명사,4,L2,NIKL2023:단일일치 | 내부(김광해):경계(L3~L4) | 태그:공식대조(충돌),공식 근거(L2)와 DB(L3) 불일치,,,,SC_V19128_B128_034
프레젠테이션,명사,4,L2,NIKL2023:단일일치 | 내부(김광해):경계(L3~L4) | 태그:공식대조(충돌),공식 근거(L2)와 DB(L3) 불일치,,,,SC_V19128_B128_036
프로듀서,명사,4,L2,NIKL2023:단일일치 | 내부(김광해):경계(L3~L4) | 태그:공식대조(충돌),공식 근거(L2)와 DB(L3) 불일치,,,,SC_V19128_B128_037
프리즘,명사,4,L2,NIKL2023:단일일치 | 내부(김광해):경계(L3~L4) | 태그:공식대조(충돌),공식 근거(L2)와 DB(L3) 불일치,,,,SC_V19128_B128_039
플라스크,명사,4,L2,NIKL2023:단일일치 | 내부(김광해):경계(L3~L4) | 태그:공식대조(충돌),공식 근거(L2)와 DB(L3) 불일치,,,,SC_V19128_B128_040
피고인,명사,4,L2,NIKL2023:단일일치 | 내부(김광해):경계(L3~L4) | 태그:공식대조(충돌),공식 근거(L2)와 DB(L3) 불일치,,,,SC_V19128_B128_041
피스,명사,4,L2,NIKL2023:단일일치 | 내부(김광해):경계(L3~L4) | 태그:공식대조(충돌),공식 근거(L2)와 DB(L3) 불일치,,,,SC_V19129_B129_004
피클,명사,3,L1,NIKL2023:단일일치 | 내부(김광해):경계(L1~L2) | 태그:공식대조(충돌),공식 근거(L1)와 DB(L2) 불일치,,,,SC_V19129_B129_009
필기도구,명사,4,L2,NIKL2023:단일일치 | 내부(김광해):경계(L3~L4) | 태그:공식대조(충돌),공식 근거(L2)와 DB(L3) 불일치,,,,SC_V19129_B129_013
필라멘트,명사,4,L2,NIKL2023:단일일치 | 내부(김광해):경계(L3~L4) | 태그:공식대조(충돌),공식 근거(L2)와 DB(L3) 불일치,,,,SC_V19129_B129_015
하권,명사,4,L2,NIKL2023:단일일치 | 내부(김광해):경계(L3~L4) | 태그:공식대조(충돌),공식 근거(L2)와 DB(L3) 불일치,,,,SC_V19129_B129_023
하급,명사,4,L2,NIKL2023:단일일치 | 내부(김광해):경계(L3~L4) | 태그:공식대조(충돌),공식 근거(L2)와 DB(L3) 불일치,,,,SC_V19129_B129_024
하기는,부사,4,L2,NIKL2023:단일일치 | 내부(김광해):경계(L3~L4) | 태그:공식대조(충돌),공식 근거(L2)와 DB(L3) 불일치,,,,SC_V19129_B129_026
하기야,부사,3,L1,NIKL2023:단일일치 | 내부(김광해):경계(L1~L2) | 태그:공식대조(충돌),공식 근거(L1)와 DB(L2) 불일치,,,,SC_V19129_B129_027
하늬바람,명사,4,L2,NIKL2023:단일일치 | 내부(김광해):경계(L3~L4) | 태그:공식대조(충돌),공식 근거(L2)와 DB(L3) 불일치,,,,SC_V19129_B129_030
하물며,부사,4,L2,NIKL2023:단일일치 | 내부(김광해):경계(L3~L4) | 태그:공식대조(충돌),공식 근거(L2)와 DB(L3) 불일치,,,,SC_V19129_B129_037
하반기,명사,4,L2,NIKL2023:단일일치 | 내부(김광해):경계(L3~L4) | 태그:공식대조(충돌),공식 근거(L2)와 DB(L3) 불일치,,,,SC_V19129_B129_038
하소연,명사,4,L2,NIKL2023:단일일치 | 내부(김광해):경계(L3~L4) | 태그:공식대조(충돌),공식 근거(L2)와 DB(L3) 불일치,,,,SC_V19129_B129_039
하소연하다,동사,4,L2,NIKL2023:단일일치 | 내부(김광해):경계(L3~L4) | 태그:공식대조(충돌),공식 근거(L2)와 DB(L3) 불일치,,,,SC_V19129_B129_040
하수관,명사,4,L2,NIKL2023:단일일치 | 내부(김광해):경계(L3~L4) | 태그:공식대조(충돌),공식 근거(L2)와 DB(L3) 불일치,,,,SC_V19129_B129_041
하이킹,명사,4,L2,NIKL2023:단일일치 | 내부(김광해):경계(L3~L4) | 태그:공식대조(충돌),공식 근거(L2)와 DB(L3) 불일치,,,,SC_V19129_B129_045
하품하다,동사,4,L2,NIKL2023:단일일치 | 내부(김광해):경계(L3~L4) | 태그:공식대조(충돌),공식 근거(L2)와 DB(L3) 불일치,,,,SC_V19129_B129_047
하현달,명사,4,L2,NIKL2023:단일일치 | 내부(김광해):경계(L3~L4) | 태그:공식대조(충돌),공식 근거(L2)와 DB(L3) 불일치,,,,SC_V19129_B129_048
학년도,명사,4,L2,NIKL2023:단일일치 | 내부(김광해):경계(L3~L4) | 태그:공식대조(충돌),공식 근거(L2)와 DB(L3) 불일치,,,,SC_V19129_B129_049
학수고대하다,동사,4,L2,NIKL2023:단일일치 | 내부(김광해):경계(L3~L4) | 태그:공식대조(충돌),공식 근거(L2)와 DB(L3) 불일치,,,,SC_V19130_B130_009
학위,명사,4,L2,NIKL2023:단일일치 | 내부(김광해):경계(L3~L4) | 태그:공식대조(충돌),공식 근거(L2)와 DB(L4) 불일치,,,,SC_V19130_B130_012
한가지,명사,3,L1,NIKL2023:단일일치 | 내부(김광해):경계(L1~L2) | 태그:207(레벨보류),일치,,,,SC_V19130_B130_016
한갓,부사,4,L2,NIKL2023:단일일치 | 내부(김광해):경계(L3~L4) | 태그:공식대조(충돌),공식 근거(L2)와 DB(L3) 불일치,,,,SC_V19130_B130_017
한국학,명사,4,L2,NIKL2023:단일일치 | 내부(김광해):경계(L3~L4) | 태그:공식대조(충돌),공식 근거(L2)와 DB(L3) 불일치,,,,SC_V19130_B130_018
한국화,명사,4,L2,NIKL2023:단일일치 | 내부(김광해):경계(L3~L4) | 태그:공식대조(충돌),공식 근거(L2)와 DB(L3) 불일치,,,,SC_V19130_B130_019
한껏,부사,2,L0,NIKL2023:단일일치 | 내부(김광해):L0 | 태그:78(뜻풀이위험),일치,,,,SC_V1913_B013_033
한낱,부사,4,L2,NIKL2023:단일일치 | 내부(김광해):경계(L3~L4) | 태그:공식대조(충돌),공식 근거(L2)와 DB(L3) 불일치,,,,SC_V19130_B130_022
한들한들,부사,4,L2,NIKL2023:단일일치 | 내부(김광해):경계(L3~L4) | 태그:공식대조(충돌),공식 근거(L2)와 DB(L3) 불일치,,,,SC_V19130_B130_024
한솥밥,명사,4,L2,NIKL2023:단일일치 | 내부(김광해):경계(L3~L4) | 태그:공식대조(충돌),공식 근거(L2)와 DB(L3) 불일치,,,,SC_V19130_B130_026
한탄하다,동사,4,L2,NIKL2023:단일일치 | 내부(김광해):경계(L3~L4) | 태그:공식대조(충돌),공식 근거(L2)와 DB(L3) 불일치,,,,SC_V19130_B130_039
한파,명사,4,L2,NIKL2023:단일일치 | 내부(김광해):경계(L3~L4) | 태그:공식대조(충돌),공식 근거(L2)와 DB(L3) 불일치,,,,SC_V19130_B130_041
할애하다,동사,4,L2,NIKL2023:단일일치 | 내부(김광해):경계(L3~L4) | 태그:공식대조(충돌),공식 근거(L2)와 DB(L3) 불일치,,,,SC_V19130_B130_042
할인율,명사,4,L2,NIKL2023:단일일치 | 내부(김광해):경계(L3~L4) | 태그:공식대조(충돌),공식 근거(L2)와 DB(L3) 불일치,,,,SC_V19130_B130_043
합격증,명사,4,L2,NIKL2023:단일일치 | 내부(김광해):경계(L3~L4) | 태그:공식대조(충돌),공식 근거(L2)와 DB(L3) 불일치,,,,SC_V19131_B131_002
합성,명사,3,L1,NIKL2023:단일일치 | 내부(김광해):제외(자동분류 범위 밖 - 수동 배치) | 태그:공식대조(충돌),공식 근거(L1)와 DB(L4) 불일치,,,,SR_L4CORE_4827
합주하다,동사,4,L2,NIKL2023:단일일치 | 내부(김광해):경계(L3~L4) | 태그:공식대조(충돌),공식 근거(L2)와 DB(L3) 불일치,,,,SC_V19131_B131_008
합창곡,명사,4,L2,NIKL2023:단일일치 | 내부(김광해):경계(L3~L4) | 태그:공식대조(충돌),공식 근거(L2)와 DB(L3) 불일치,,,,SC_V19131_B131_009
항공로,명사,4,L2,NIKL2023:단일일치 | 내부(김광해):경계(L3~L4) | 태그:공식대조(충돌),공식 근거(L2)와 DB(L3) 불일치,,,,SC_V19131_B131_013
해발,명사,4,L2,NIKL2023:단일일치 | 내부(김광해):경계(L3~L4) | 태그:공식대조(충돌),공식 근거(L2)와 DB(L3) 불일치,,,,SC_V19131_B131_020
해시계,명사,4,L2,NIKL2023:단일일치 | 내부(김광해):경계(L3~L4) | 태그:공식대조(충돌),공식 근거(L2)와 DB(L4) 불일치,,,,SC_V19131_B131_025
해지다,동사,4,L2,NIKL2023:단일일치 | 내부(김광해):경계(L3~L4) | 태그:공식대조(충돌),공식 근거(L2)와 DB(L3) 불일치,,,,SC_V19131_B131_032
해초류,명사,4,L2,NIKL2023:단일일치 | 내부(김광해):경계(L3~L4) | 태그:공식대조(충돌),공식 근거(L2)와 DB(L3) 불일치,,,,SC_V19131_B131_033
해협,명사,4,L2,NIKL2023:단일일치 | 내부(김광해):경계(L3~L4) | 태그:공식대조(충돌),공식 근거(L2)와 DB(L3) 불일치,,,,SC_V19131_B131_036
핸드볼,명사,4,L2,NIKL2023:단일일치 | 내부(김광해):경계(L3~L4) | 태그:공식대조(충돌),공식 근거(L2)와 DB(L3) 불일치,,,,SC_V19131_B131_038
행차,명사,4,L2,NIKL2023:단일일치 | 내부(김광해):경계(L3~L4) | 태그:공식대조(충돌),공식 근거(L2)와 DB(L3) 불일치,,,,SC_V19132_B132_003
행차하다,동사,4,L2,NIKL2023:단일일치 | 내부(김광해):경계(L3~L4) | 태그:공식대조(충돌),공식 근거(L2)와 DB(L3) 불일치,,,,SC_V19132_B132_004
행태,명사,4,L2,NIKL2023:단일일치 | 내부(김광해):경계(L3~L4) | 태그:공식대조(충돌),공식 근거(L2)와 DB(L3) 불일치,,,,SC_V19132_B132_005
향신료,명사,4,L2,NIKL2023:단일일치 | 내부(김광해):경계(L3~L4) | 태그:공식대조(충돌),공식 근거(L2)와 DB(L3) 불일치,,,,SC_V19132_B132_008
향유하다,동사,4,L2,NIKL2023:단일일치 | 내부(김광해):경계(L3~L4) | 태그:207(레벨보류),일치,,,,SC_V19132_B132_009
허둥거리다,동사,4,L2,NIKL2023:단일일치 | 내부(김광해):경계(L3~L4) | 태그:공식대조(충돌),공식 근거(L2)와 DB(L3) 불일치,,,,SC_V19132_B132_011
허리춤,명사,4,L2,NIKL2023:단일일치 | 내부(김광해):경계(L3~L4) | 태그:공식대조(충돌),공식 근거(L2)와 DB(L3) 불일치,,,,SC_V19132_B132_016
허리케인,명사,4,L2,NIKL2023:단일일치 | 내부(김광해):경계(L3~L4) | 태그:공식대조(충돌),공식 근거(L2)와 DB(L3) 불일치,,,,SC_V19132_B132_017
허벅다리,명사,4,L2,NIKL2023:단일일치 | 내부(김광해):경계(L3~L4) | 태그:207(레벨보류),일치,,,,SC_V19132_B132_018
허우대,명사,4,L2,NIKL2023:단일일치 | 내부(김광해):경계(L3~L4) | 태그:공식대조(충돌),공식 근거(L2)와 DB(L3) 불일치,,,,SC_V19132_B132_022
허파,명사,3,L1,NIKL2023:단일일치 | 내부(김광해):경계(L1~L2) | 태그:공식대조(충돌),공식 근거(L1)와 DB(L2) 불일치,,,,SC_V19132_B132_023
허풍,명사,4,L2,NIKL2023:단일일치 | 내부(김광해):경계(L3~L4) | 태그:공식대조(충돌),공식 근거(L2)와 DB(L3) 불일치,,,,SC_V19132_B132_024
허황되다,형용사,4,L2,NIKL2023:단일일치 | 내부(김광해):경계(L3~L4) | 태그:207(레벨보류),일치,,,,SC_V19132_B132_026
헌신하다,동사,4,L2,NIKL2023:단일일치 | 내부(김광해):경계(L3~L4) | 태그:공식대조(충돌),공식 근거(L2)와 DB(L3) 불일치,,,,SC_V19132_B132_030
헐값,명사,3,L1,NIKL2023:단일일치 | 내부(김광해):경계(L1~L2) | 태그:207(레벨보류),일치,,,,SC_V19132_B132_033
헐레벌떡,부사,2,L0,NIKL2023:단일일치 | 내부(김광해):L0 | 태그:78(뜻풀이위험),일치,,,,SC_V1913_B013_042
헛간,명사,4,L2,NIKL2023:단일일치 | 내부(김광해):경계(L3~L4) | 태그:공식대조(충돌),공식 근거(L2)와 DB(L3) 불일치,,,,SC_V19132_B132_039
헛걸음,명사,4,L2,NIKL2023:단일일치 | 내부(김광해):경계(L3~L4) | 태그:공식대조(충돌),공식 근거(L2)와 DB(L3) 불일치,,,,SC_V19132_B132_040
헛걸음하다,동사,4,L2,NIKL2023:단일일치 | 내부(김광해):경계(L3~L4) | 태그:공식대조(충돌),공식 근거(L2)와 DB(L3) 불일치,,,,SC_V19132_B132_041
헛기침,명사,4,L2,NIKL2023:단일일치 | 내부(김광해):경계(L3~L4) | 태그:공식대조(충돌),공식 근거(L2)와 DB(L3) 불일치,,,,SC_V19132_B132_042
헛되이,부사,4,L2,NIKL2023:단일일치 | 내부(김광해):경계(L3~L4) | 태그:공식대조(충돌),공식 근거(L2)와 DB(L3) 불일치,,,,SC_V19132_B132_043
헤어스타일,명사,4,L2,NIKL2023:단일일치 | 내부(김광해):경계(L3~L4) | 태그:공식대조(충돌),공식 근거(L2)와 DB(L3) 불일치,,,,SC_V19132_B132_050
헬스장,명사,4,L2,NIKL2023:단일일치 | 내부(김광해):경계(L3~L4) | 태그:공식대조(충돌),공식 근거(L2)와 DB(L3) 불일치,,,,SC_V19133_B133_004
혀뿌리,명사,4,L2,NIKL2023:단일일치 | 내부(김광해):경계(L3~L4) | 태그:공식대조(충돌),공식 근거(L2)와 DB(L3) 불일치,,,,SC_V19133_B133_005
혁신,명사,4,L2,NIKL2023:단일일치 | 내부(김광해):경계(L3~L4) | 태그:공식대조(충돌),공식 근거(L2)와 DB(L3) 불일치,,,,SC_V19133_B133_006
현대식,명사,4,L2,NIKL2023:단일일치 | 내부(김광해):경계(L3~L4) | 태그:공식대조(충돌),공식 근거(L2)와 DB(L3) 불일치,,,,SC_V19133_B133_008
현악,명사,4,L2,NIKL2023:단일일치 | 내부(김광해):경계(L3~L4) | 태그:공식대조(충돌),공식 근거(L2)와 DB(L3) 불일치,,,,SC_V19133_B133_009
현악기,명사,4,L2,NIKL2023:단일일치 | 내부(김광해):경계(L3~L4) | 태그:공식대조(충돌),공식 근거(L2)와 DB(L3) 불일치,,,,SC_V19133_B133_010
현혹,명사,4,L2,NIKL2023:단일일치 | 내부(김광해):경계(L3~L4) | 태그:공식대조(충돌),공식 근거(L2)와 DB(L3) 불일치,,,,SC_V19133_B133_013
혈연관계,명사,4,L2,NIKL2023:단일일치 | 내부(김광해):경계(L3~L4) | 태그:공식대조(충돌),공식 근거(L2)와 DB(L3) 불일치,,,,SC_V19133_B133_017
협동성,명사,4,L2,NIKL2023:단일일치 | 내부(김광해):경계(L3~L4) | 태그:공식대조(충돌),공식 근거(L2)와 DB(L3) 불일치,,,,SC_V19133_B133_018
협의회,명사,4,L2,NIKL2023:단일일치 | 내부(김광해):경계(L3~L4) | 태그:공식대조(충돌),공식 근거(L2)와 DB(L3) 불일치,,,,SC_V19133_B133_020
협주곡,명사,4,L2,NIKL2023:단일일치 | 내부(김광해):경계(L3~L4) | 태그:공식대조(충돌),공식 근거(L2)와 DB(L3) 불일치,,,,SC_V19133_B133_021
형벌,명사,3,L1,NIKL2023:단일일치 | 내부(김광해):제외(자동분류 범위 밖 - 수동 배치) | 태그:공식대조(충돌),공식 근거(L1)와 DB(L6) 불일치,,,,SR_L6CORE_6021
형용사,명사,4,L2,NIKL2023:단일일치 | 내부(김광해):경계(L3~L4) | 태그:공식대조(충돌),공식 근거(L2)와 DB(L4) 불일치,,,,SC_V19133_B133_024
형평성,명사,4,L2,NIKL2023:단일일치 | 내부(김광해):경계(L3~L4) | 태그:공식대조(충돌),공식 근거(L2)와 DB(L3) 불일치,,,,SC_V19133_B133_030
호른,명사,4,L2,NIKL2023:단일일치 | 내부(김광해):경계(L3~L4) | 태그:공식대조(충돌),공식 근거(L2)와 DB(L3) 불일치,,,,SC_V19133_B133_037
호박고지,명사,4,L2,NIKL2023:단일일치 | 내부(김광해):경계(L3~L4) | 태그:공식대조(충돌),공식 근거(L2)와 DB(L3) 불일치,,,,SC_V19133_B133_038
호사스럽다,형용사,4,L2,NIKL2023:단일일치 | 내부(김광해):경계(L3~L4) | 태그:공식대조(충돌),공식 근거(L2)와 DB(L3) 불일치,,,,SC_V19133_B133_042
호주머니,명사,3,L1,NIKL2023:단일일치 | 내부(김광해):경계(L1~L2) | 태그:공식대조(충돌),공식 근거(L1)와 DB(L2) 불일치,,,,SC_V19133_B133_044
호호백발,명사,4,L2,NIKL2023:단일일치 | 내부(김광해):경계(L3~L4) | 태그:공식대조(충돌),공식 근거(L2)와 DB(L3) 불일치,,,,SC_V19133_B133_045
호화스럽다,형용사,4,L2,NIKL2023:단일일치 | 내부(김광해):경계(L3~L4) | 태그:공식대조(충돌),공식 근거(L2)와 DB(L3) 불일치,,,,SC_V19133_B133_047
혼돈하다,형용사,4,L2,NIKL2023:단일일치 | 내부(김광해):경계(L3~L4) | 태그:공식대조(충돌),공식 근거(L2)와 DB(L3) 불일치,,,,SC_V19134_B134_001
혼비백산,명사,4,L2,NIKL2023:단일일치 | 내부(김광해):경계(L3~L4) | 태그:공식대조(충돌),공식 근거(L2)와 DB(L3) 불일치,,,,SC_V19134_B134_003
홀씨,명사,4,L2,NIKL2023:단일일치 | 내부(김광해):경계(L3~L4) | 태그:공식대조(충돌),공식 근거(L2)와 DB(L3) 불일치,,,,SC_V19134_B134_009
홍길동,명사,4,L2,NIKL2023:단일일치 | 내부(김광해):경계(L3~L4) | 태그:공식대조(충돌),공식 근거(L2)와 DB(L3) 불일치,,,,SC_V19134_B134_015
홍보물,명사,4,L2,NIKL2023:단일일치 | 내부(김광해):경계(L3~L4) | 태그:공식대조(충돌),공식 근거(L2)와 DB(L3) 불일치,,,,SC_V19134_B134_016
화기애애하다,형용사,4,L2,NIKL2023:단일일치 | 내부(김광해):경계(L3~L4) | 태그:공식대조(충돌),공식 근거(L2)와 DB(L3) 불일치,,,,SC_V19134_B134_018
화문석,명사,4,L2,NIKL2023:단일일치 | 내부(김광해):경계(L3~L4) | 태그:공식대조(충돌),공식 근거(L2)와 DB(L3) 불일치,,,,SC_V19134_B134_023
화물,명사,3,L1,NIKL2023:단일일치 | 내부(김광해):경계(L1~L2) | 태그:17(L2_PROVISIONAL_AUTO);공식대조(충돌),공식 근거(L1)와 DB(L2) 불일치,,,,SC_V19134_B134_024
화산섬,명사,4,L2,NIKL2023:단일일치 | 내부(김광해):경계(L3~L4) | 태그:공식대조(충돌),공식 근거(L2)와 DB(L3) 불일치,,,,SC_V19134_B134_027
화산재,명사,4,L2,NIKL2023:단일일치 | 내부(김광해):경계(L3~L4) | 태그:공식대조(충돌),공식 근거(L2)와 DB(L3) 불일치,,,,SC_V19134_B134_028
화선지,명사,4,L2,NIKL2023:단일일치 | 내부(김광해):경계(L3~L4) | 태그:공식대조(충돌),공식 근거(L2)와 DB(L3) 불일치,,,,SC_V19134_B134_030
화장술,명사,4,L2,NIKL2023:단일일치 | 내부(김광해):경계(L3~L4) | 태그:공식대조(충돌),공식 근거(L2)와 DB(L3) 불일치,,,,SC_V19134_B134_032
화젯거리,명사,4,L2,NIKL2023:단일일치 | 내부(김광해):경계(L3~L4) | 태그:207(레벨보류),일치,,,,SC_V19134_B134_033
화질,명사,4,L2,NIKL2023:단일일치 | 내부(김광해):경계(L3~L4) | 태그:공식대조(충돌),공식 근거(L2)와 DB(L3) 불일치,,,,SC_V19134_B134_034
환경부,명사,4,L2,NIKL2023:단일일치 | 내부(김광해):경계(L3~L4) | 태그:공식대조(충돌),공식 근거(L2)와 DB(L3) 불일치,,,,SC_V19134_B134_045
환풍기,명사,4,L2,NIKL2023:단일일치 | 내부(김광해):경계(L3~L4) | 태그:공식대조(충돌),공식 근거(L2)와 DB(L3) 불일치,,,,SC_V19134_B134_047
환호성,명사,4,L2,NIKL2023:단일일치 | 내부(김광해):경계(L3~L4) | 태그:공식대조(충돌),공식 근거(L2)와 DB(L3) 불일치,,,,SC_V19134_B134_048
활엽수,명사,4,L2,NIKL2023:단일일치 | 내부(김광해):경계(L3~L4) | 태그:공식대조(충돌),공식 근거(L2)와 DB(L3) 불일치,,,,SC_V19135_B135_004
활용법,명사,4,L2,NIKL2023:단일일치 | 내부(김광해):경계(L3~L4) | 태그:공식대조(충돌),공식 근거(L2)와 DB(L3) 불일치,,,,SC_V19135_B135_005
활주로,명사,4,L2,NIKL2023:단일일치 | 내부(김광해):경계(L3~L4) | 태그:공식대조(충돌),공식 근거(L2)와 DB(L3) 불일치,,,,SC_V19135_B135_006
황색,명사,4,L2,NIKL2023:단일일치 | 내부(김광해):경계(L3~L4) | 태그:207(레벨보류),일치,,,,SC_V19135_B135_011
황송하다,형용사,4,L2,NIKL2023:단일일치 | 내부(김광해):경계(L3~L4) | 태그:공식대조(충돌),공식 근거(L2)와 DB(L3) 불일치,,,,SC_V19135_B135_012
회견,명사,4,L2,NIKL2023:단일일치 | 내부(김광해):경계(L3~L4) | 태그:공식대조(충돌),공식 근거(L2)와 DB(L3) 불일치,,,,SC_V19135_B135_015
회오리,명사,3,L1,NIKL2023:단일일치 | 내부(김광해):경계(L1~L2) | 태그:공식대조(충돌),공식 근거(L1)와 DB(L2) 불일치,,,,SC_V19135_B135_021
회의록,명사,4,L2,NIKL2023:단일일치 | 내부(김광해):경계(L3~L4) | 태그:공식대조(충돌),공식 근거(L2)와 DB(L3) 불일치,,,,SC_V19135_B135_024
회장단,명사,4,L2,NIKL2023:단일일치 | 내부(김광해):경계(L3~L4) | 태그:공식대조(충돌),공식 근거(L2)와 DB(L3) 불일치,,,,SC_V19135_B135_026
회전수,명사,4,L2,NIKL2023:단일일치 | 내부(김광해):경계(L3~L4) | 태그:공식대조(충돌),공식 근거(L2)와 DB(L3) 불일치,,,,SC_V19135_B135_028
효과음,명사,4,L2,NIKL2023:단일일치 | 내부(김광해):경계(L3~L4) | 태그:공식대조(충돌),공식 근거(L2)와 DB(L3) 불일치,,,,SC_V19135_B135_034
후덥지근하다,형용사,3,L1,NIKL2023:단일일치 | 내부(김광해):경계(L1~L2) | 태그:공식대조(충돌),공식 근거(L1)와 DB(L2) 불일치,,,,SC_V19135_B135_042
후반전,명사,4,L2,NIKL2023:단일일치 | 내부(김광해):경계(L3~L4) | 태그:공식대조(충돌),공식 근거(L2)와 DB(L3) 불일치,,,,SC_V19135_B135_046
후원금,명사,4,L2,NIKL2023:단일일치 | 내부(김광해):경계(L3~L4) | 태그:공식대조(충돌),공식 근거(L2)와 DB(L3) 불일치,,,,SC_V19135_B135_049
후원자,명사,4,L2,NIKL2023:단일일치 | 내부(김광해):경계(L3~L4) | 태그:공식대조(충돌),공식 근거(L2)와 DB(L3) 불일치,,,,SC_V19135_B135_050
후원하다,동사,4,L2,NIKL2023:단일일치 | 내부(김광해):경계(L3~L4) | 태그:공식대조(충돌),공식 근거(L2)와 DB(L3) 불일치,,,,SC_V19136_B136_001
후텁지근하다,형용사,3,L1,NIKL2023:단일일치 | 내부(김광해):경계(L1~L2) | 태그:공식대조(충돌),공식 근거(L1)와 DB(L2) 불일치,,,,SC_V19136_B136_006
훌라후프,명사,2,L0,NIKL2023:단일일치 | 내부(김광해):L0 | 태그:78(뜻풀이위험),일치,,,,SC_V1914_B014_008
휘둘러보다,동사,4,L2,NIKL2023:단일일치 | 내부(김광해):경계(L3~L4) | 태그:공식대조(충돌),공식 근거(L2)와 DB(L3) 불일치,,,,SC_V19136_B136_013
휘발성,명사,4,L2,NIKL2023:단일일치 | 내부(김광해):경계(L3~L4) | 태그:공식대조(충돌),공식 근거(L2)와 DB(L3) 불일치,,,,SC_V19136_B136_016
휴관,명사,4,L2,NIKL2023:단일일치 | 내부(김광해):경계(L3~L4) | 태그:공식대조(충돌),공식 근거(L2)와 DB(L3) 불일치,,,,SC_V19136_B136_019
휴관하다,동사,4,L2,NIKL2023:단일일치 | 내부(김광해):경계(L3~L4) | 태그:공식대조(충돌),공식 근거(L2)와 DB(L3) 불일치,,,,SC_V19136_B136_020
휴대용,명사,2,L0,NIKL2023:단일일치 | 내부(김광해):L0 | 태그:78(뜻풀이위험),일치,,,,SC_V1914_B014_012
휴양림,명사,4,L2,NIKL2023:단일일치 | 내부(김광해):경계(L3~L4) | 태그:공식대조(충돌),공식 근거(L2)와 DB(L3) 불일치,,,,SC_V19136_B136_022
휴양소,명사,4,L2,NIKL2023:단일일치 | 내부(김광해):경계(L3~L4) | 태그:공식대조(충돌),공식 근거(L2)와 DB(L3) 불일치,,,,SC_V19136_B136_023
휴직,명사,4,L2,NIKL2023:단일일치 | 내부(김광해):경계(L3~L4) | 태그:공식대조(충돌),공식 근거(L2)와 DB(L3) 불일치,,,,SC_V19136_B136_025
휴직하다,동사,4,L2,NIKL2023:단일일치 | 내부(김광해):경계(L3~L4) | 태그:공식대조(충돌),공식 근거(L2)와 DB(L3) 불일치,,,,SC_V19136_B136_026
흐릿하다,형용사,2,L0,NIKL2023:단일일치 | 내부(김광해):L0 | 태그:78(뜻풀이위험),일치,,,,SC_V1914_B014_015
흐뭇하다,형용사,2,L0,NIKL2023:단일일치 | 내부(김광해):L0 | 태그:78(뜻풀이위험),일치,,,,SC_V1914_B014_016
흑설탕,명사,4,L2,NIKL2023:단일일치 | 내부(김광해):경계(L3~L4) | 태그:공식대조(충돌),공식 근거(L2)와 DB(L3) 불일치,,,,SC_V19136_B136_036
흙냄새,명사,2,L0,NIKL2023:단일일치 | 내부(김광해):L0 | 태그:78(뜻풀이위험),일치,,,,SC_V1914_B014_017
흠칫,부사,4,L2,NIKL2023:단일일치 | 내부(김광해):경계(L3~L4) | 태그:207(레벨보류),일치,,,,SC_V19137_B137_004
흡사,부사,4,L2,NIKL2023:단일일치 | 내부(김광해):경계(L3~L4) | 태그:공식대조(충돌),공식 근거(L2)와 DB(L3) 불일치,,,,SC_V19137_B137_005
흥건하다,형용사,4,L2,NIKL2023:단일일치 | 내부(김광해):경계(L3~L4) | 태그:공식대조(충돌),공식 근거(L2)와 DB(L3) 불일치,,,,SC_V19137_B137_009
희석,명사,4,L2,NIKL2023:단일일치 | 내부(김광해):경계(L3~L4) | 태그:공식대조(충돌),공식 근거(L2)와 DB(L3) 불일치,,,,SC_V19137_B137_020
희한하다,형용사,2,L0,NIKL2023:단일일치 | 내부(김광해):L0 | 태그:78(뜻풀이위험),일치,,,,SC_V1914_B014_024
힘살,명사,4,L2,NIKL2023:단일일치 | 내부(김광해):경계(L3~L4) | 태그:공식대조(충돌),공식 근거(L2)와 DB(L3) 불일치,,,,SC_V19137_B137_031
힘자랑하다,동사,4,L2,NIKL2023:단일일치 | 내부(김광해):경계(L3~L4) | 태그:공식대조(충돌),공식 근거(L2)와 DB(L3) 불일치,,,,SC_V19137_B137_033
힘줄,명사,4,L2,NIKL2023:단일일치 | 내부(김광해):경계(L3~L4) | 태그:공식대조(충돌),공식 근거(L2)와 DB(L3) 불일치,,,,SC_V19137_B137_034
