content_id,lemma,매핑범주,현재출제레벨,목표,공식등급,연결확인상태,exception_reason,비고
SC_V19100_B100_001,의아스럽다,RULE_A,3,L2,4,단일일치,,"현재 L3 -> L2(정책 후보, 사람 미승인 - tier1과 구분)"
SC_V19100_B100_012,이까짓,RULE_A,3,L2,4,단일일치,,"현재 L3 -> L2(정책 후보, 사람 미승인 - tier1과 구분)"
SC_V19100_B100_016,이러저러하다,RULE_A,3,L2,4,단일일치,,"현재 L3 -> L2(정책 후보, 사람 미승인 - tier1과 구분)"
SC_V19100_B100_020,이리하여,RULE_A,3,L2,4,단일일치,,"현재 L3 -> L2(정책 후보, 사람 미승인 - tier1과 구분)"
SC_V19100_B100_029,이민자,RULE_A,3,L2,4,단일일치,,"현재 L3 -> L2(정책 후보, 사람 미승인 - tier1과 구분)"
SC_V19100_B100_031,이발사,RULE_A,3,L2,4,단일일치,,"현재 L3 -> L2(정책 후보, 사람 미승인 - tier1과 구분)"
SC_V19100_B100_039,이야기꽃,RULE_A,3,L2,4,단일일치,,"현재 L3 -> L2(정책 후보, 사람 미승인 - tier1과 구분)"
SC_V19100_B100_046,이웃사촌,RULE_A,3,L2,4,단일일치,,"현재 L3 -> L2(정책 후보, 사람 미승인 - tier1과 구분)"
SC_V19100_B100_047,이웃하다,RULE_A,3,L2,4,단일일치,,"현재 L3 -> L2(정책 후보, 사람 미승인 - tier1과 구분)"
SC_V19101_B101_001,이자율,tier1_현재유지,3,L3,4,단일일치,교과_전문_의미,"변경 없음(사람 승인, 2026-09-29 15:00:51)"
SC_V19101_B101_008,이탈,RULE_A,3,L2,4,단일일치,,"현재 L3 -> L2(정책 후보, 사람 미승인 - tier1과 구분)"
SC_V19101_B101_014,익살,RULE_A,3,L2,4,단일일치,,"현재 L3 -> L2(정책 후보, 사람 미승인 - tier1과 구분)"
SC_V19101_B101_015,익살스럽다,RULE_A,3,L2,4,단일일치,,"현재 L3 -> L2(정책 후보, 사람 미승인 - tier1과 구분)"
SC_V19101_B101_016,인간관계,RULE_B,2,L1,3,단일일치,,"현재 L2 -> L1(정책 후보, 사람 미승인 - tier1과 구분)"
SC_V19101_B101_023,인내력,RULE_A,3,L2,4,단일일치,,"현재 L3 -> L2(정책 후보, 사람 미승인 - tier1과 구분)"
SC_V19101_B101_027,인명사전,RULE_A,3,L2,4,단일일치,,"현재 L3 -> L2(정책 후보, 사람 미승인 - tier1과 구분)"
SC_V19101_B101_032,인생사,RULE_A,3,L2,4,단일일치,,"현재 L3 -> L2(정책 후보, 사람 미승인 - tier1과 구분)"
SC_V19101_B101_039,인지도,RULE_A,3,L2,4,단일일치,,"현재 L3 -> L2(정책 후보, 사람 미승인 - tier1과 구분)"
SC_V19101_B101_040,인터폰,RULE_A,3,L2,4,단일일치,,"현재 L3 -> L2(정책 후보, 사람 미승인 - tier1과 구분)"
SC_V19101_B101_041,인파,RULE_A,3,L2,4,단일일치,,"현재 L3 -> L2(정책 후보, 사람 미승인 - tier1과 구분)"
SC_V19102_B102_011,일조량,RULE_A,3,L2,4,단일일치,,"현재 L3 -> L2(정책 후보, 사람 미승인 - tier1과 구분)"
SC_V19102_B102_013,일층,RULE_A,3,L2,4,단일일치,,"현재 L3 -> L2(정책 후보, 사람 미승인 - tier1과 구분)"
SC_V19102_B102_014,일편단심,RULE_A,3,L2,4,단일일치,,"현재 L3 -> L2(정책 후보, 사람 미승인 - tier1과 구분)"
SC_V19102_B102_019,임기응변,RULE_A,3,L2,4,단일일치,,"현재 L3 -> L2(정책 후보, 사람 미승인 - tier1과 구분)"
SC_V19102_B102_020,임대료,RULE_A,3,L2,4,단일일치,,"현재 L3 -> L2(정책 후보, 사람 미승인 - tier1과 구분)"
SC_V19102_B102_023,임명장,RULE_A,3,L2,4,단일일치,,"현재 L3 -> L2(정책 후보, 사람 미승인 - tier1과 구분)"
SC_V19102_B102_027,임원회,RULE_A,3,L2,4,단일일치,,"현재 L3 -> L2(정책 후보, 사람 미승인 - tier1과 구분)"
SC_V19102_B102_029,입바람,RULE_A,3,L2,4,단일일치,,"현재 L3 -> L2(정책 후보, 사람 미승인 - tier1과 구분)"
SC_V19102_B102_040,입후보하다,RULE_A,3,L2,4,단일일치,,"현재 L3 -> L2(정책 후보, 사람 미승인 - tier1과 구분)"
SC_V19102_B102_042,잇몸,tier1_기본레벨조정,2,L1,3,단일일치,교과_전문_의미,"현재 L2 -> L1(사람 승인, 2026-09-29 14:57:24)"
SC_V19103_B103_001,자급자족하다,RULE_A,3,L2,4,단일일치,,"현재 L3 -> L2(정책 후보, 사람 미승인 - tier1과 구분)"
SC_V19103_B103_005,자동식,RULE_A,3,L2,4,단일일치,,"현재 L3 -> L2(정책 후보, 사람 미승인 - tier1과 구분)"
SC_V19103_B103_006,자랑거리,RULE_B,2,L1,3,단일일치,,"현재 L2 -> L1(정책 후보, 사람 미승인 - tier1과 구분)"
SC_V19103_B103_013,자부심,RULE_B,2,L1,3,단일일치,,"현재 L2 -> L1(정책 후보, 사람 미승인 - tier1과 구분)"
SC_V19103_B103_014,자비롭다,RULE_A,3,L2,4,단일일치,,"현재 L3 -> L2(정책 후보, 사람 미승인 - tier1과 구분)"
SC_V19103_B103_017,자애롭다,RULE_A,3,L2,4,단일일치,,"현재 L3 -> L2(정책 후보, 사람 미승인 - tier1과 구분)"
SC_V19103_B103_018,자연산,RULE_A,3,L2,4,단일일치,,"현재 L3 -> L2(정책 후보, 사람 미승인 - tier1과 구분)"
SC_V19103_B103_026,자유스럽다,RULE_B,2,L1,3,단일일치,,"현재 L2 -> L1(정책 후보, 사람 미승인 - tier1과 구분)"
SC_V19103_B103_027,자제력,RULE_A,3,L2,4,단일일치,,"현재 L3 -> L2(정책 후보, 사람 미승인 - tier1과 구분)"
SC_V19103_B103_031,자책하다,RULE_A,3,L2,4,단일일치,,"현재 L3 -> L2(정책 후보, 사람 미승인 - tier1과 구분)"
SC_V19103_B103_032,자초지종,RULE_A,3,L2,4,단일일치,,"현재 L3 -> L2(정책 후보, 사람 미승인 - tier1과 구분)"
SC_V19103_B103_040,작디작다,RULE_A,3,L2,4,단일일치,,"현재 L3 -> L2(정책 후보, 사람 미승인 - tier1과 구분)"
SC_V19103_B103_045,작심삼일,RULE_A,3,L2,4,단일일치,,"현재 L3 -> L2(정책 후보, 사람 미승인 - tier1과 구분)"
SC_V19104_B104_025,잠재되다,RULE_A,3,L2,4,단일일치,,"현재 L3 -> L2(정책 후보, 사람 미승인 - tier1과 구분)"
SC_V19104_B104_026,잠재하다,RULE_A,3,L2,4,단일일치,,"현재 L3 -> L2(정책 후보, 사람 미승인 - tier1과 구분)"
SC_V19104_B104_027,잡다하다,RULE_A,3,L2,4,단일일치,,"현재 L3 -> L2(정책 후보, 사람 미승인 - tier1과 구분)"
SC_V19104_B104_032,잡지사,RULE_A,3,L2,4,단일일치,,"현재 L3 -> L2(정책 후보, 사람 미승인 - tier1과 구분)"
SC_V19104_B104_037,장난삼다,RULE_A,3,L2,4,단일일치,,"현재 L3 -> L2(정책 후보, 사람 미승인 - tier1과 구분)"
SC_V19104_B104_038,장날,RULE_A,3,L2,4,단일일치,,"현재 L3 -> L2(정책 후보, 사람 미승인 - tier1과 구분)"
SC_V19104_B104_041,장도리,RULE_A,3,L2,4,단일일치,,"현재 L3 -> L2(정책 후보, 사람 미승인 - tier1과 구분)"
SC_V19104_B104_043,장독대,RULE_A,3,L2,4,단일일치,,"현재 L3 -> L2(정책 후보, 사람 미승인 - tier1과 구분)"
SC_V19104_B104_045,장려금,RULE_A,3,L2,4,단일일치,,"현재 L3 -> L2(정책 후보, 사람 미승인 - tier1과 구분)"
SC_V19105_B105_004,장삿배,RULE_A,3,L2,4,단일일치,,"현재 L3 -> L2(정책 후보, 사람 미승인 - tier1과 구분)"
SC_V19105_B105_005,장손,RULE_A,3,L2,4,단일일치,,"현재 L3 -> L2(정책 후보, 사람 미승인 - tier1과 구분)"
SC_V19105_B105_007,장아찌,RULE_A,3,L2,4,단일일치,,"현재 L3 -> L2(정책 후보, 사람 미승인 - tier1과 구분)"
SC_V19105_B105_016,재개되다,RULE_A,3,L2,4,단일일치,,"현재 L3 -> L2(정책 후보, 사람 미승인 - tier1과 구분)"
SC_V19105_B105_017,재검토하다,RULE_A,3,L2,4,단일일치,,"현재 L3 -> L2(정책 후보, 사람 미승인 - tier1과 구분)"
SC_V19105_B105_019,재래시장,RULE_A,3,L2,4,단일일치,,"현재 L3 -> L2(정책 후보, 사람 미승인 - tier1과 구분)"
SC_V19105_B105_020,재래식,RULE_A,3,L2,4,단일일치,,"현재 L3 -> L2(정책 후보, 사람 미승인 - tier1과 구분)"
SC_V19105_B105_022,재발급,RULE_A,3,L2,4,단일일치,,"현재 L3 -> L2(정책 후보, 사람 미승인 - tier1과 구분)"
SC_V19105_B105_027,재앙,RULE_A,3,L2,4,단일일치,,"현재 L3 -> L2(정책 후보, 사람 미승인 - tier1과 구분)"
SC_V19105_B105_032,재택근무,RULE_A,3,L2,4,단일일치,,"현재 L3 -> L2(정책 후보, 사람 미승인 - tier1과 구분)"
SC_V19105_B105_043,저공해,RULE_A,3,L2,4,단일일치,,"현재 L3 -> L2(정책 후보, 사람 미승인 - tier1과 구분)"
SC_V19105_B105_048,저벅저벅,RULE_A,3,L2,4,단일일치,,"현재 L3 -> L2(정책 후보, 사람 미승인 - tier1과 구분)"
SC_V19106_B106_001,저울대,RULE_A,3,L2,4,단일일치,,"현재 L3 -> L2(정책 후보, 사람 미승인 - tier1과 구분)"
SC_V19106_B106_002,저작물,RULE_A,3,L2,4,단일일치,,"현재 L3 -> L2(정책 후보, 사람 미승인 - tier1과 구분)"
SC_V19106_B106_003,저작자,RULE_A,3,L2,4,단일일치,,"현재 L3 -> L2(정책 후보, 사람 미승인 - tier1과 구분)"
SC_V19106_B106_004,저장고,RULE_A,3,L2,4,단일일치,,"현재 L3 -> L2(정책 후보, 사람 미승인 - tier1과 구분)"
SC_V19106_B106_006,저토록,RULE_A,3,L2,4,단일일치,,"현재 L3 -> L2(정책 후보, 사람 미승인 - tier1과 구분)"
SC_V19106_B106_010,적대감,RULE_A,3,L2,4,단일일치,,"현재 L3 -> L2(정책 후보, 사람 미승인 - tier1과 구분)"
SC_V19106_B106_012,적응력,RULE_B,2,L1,3,단일일치,,"현재 L2 -> L1(정책 후보, 사람 미승인 - tier1과 구분)"
SC_V19106_B106_016,전광판,RULE_A,3,L2,4,단일일치,,"현재 L3 -> L2(정책 후보, 사람 미승인 - tier1과 구분)"
SC_V19106_B106_018,전기밥솥,RULE_A,3,L2,4,단일일치,,"현재 L3 -> L2(정책 후보, 사람 미승인 - tier1과 구분)"
SC_V19106_B106_019,전기세,RULE_A,3,L2,4,단일일치,,"현재 L3 -> L2(정책 후보, 사람 미승인 - tier1과 구분)"
SC_V19106_B106_020,전기솥,RULE_A,3,L2,4,단일일치,,"현재 L3 -> L2(정책 후보, 사람 미승인 - tier1과 구분)"
SC_V19106_B106_021,전기스탠드,RULE_A,3,L2,4,단일일치,,"현재 L3 -> L2(정책 후보, 사람 미승인 - tier1과 구분)"
SC_V19106_B106_022,전기차,RULE_A,3,L2,4,단일일치,,"현재 L3 -> L2(정책 후보, 사람 미승인 - tier1과 구분)"
SC_V19106_B106_025,전등갓,RULE_A,3,L2,4,단일일치,,"현재 L3 -> L2(정책 후보, 사람 미승인 - tier1과 구분)"
SC_V19106_B106_027,전람회,RULE_A,3,L2,4,단일일치,,"현재 L3 -> L2(정책 후보, 사람 미승인 - tier1과 구분)"
SC_V19106_B106_036,전승되다,RULE_A,3,L2,4,단일일치,,"현재 L3 -> L2(정책 후보, 사람 미승인 - tier1과 구분)"
SC_V19106_B106_043,전신주,RULE_A,3,L2,4,단일일치,,"현재 L3 -> L2(정책 후보, 사람 미승인 - tier1과 구분)"
SC_V19106_B106_045,전원주택,RULE_A,3,L2,4,단일일치,,"현재 L3 -> L2(정책 후보, 사람 미승인 - tier1과 구분)"
SC_V19106_B106_046,전유물,RULE_A,3,L2,4,단일일치,,"현재 L3 -> L2(정책 후보, 사람 미승인 - tier1과 구분)"
SC_V19106_B106_047,전자시계,RULE_A,3,L2,4,단일일치,,"현재 L3 -> L2(정책 후보, 사람 미승인 - tier1과 구분)"
SC_V19106_B106_048,전자저울,RULE_A,3,L2,4,단일일치,,"현재 L3 -> L2(정책 후보, 사람 미승인 - tier1과 구분)"
SC_V19106_B106_049,전자책,RULE_A,3,L2,4,단일일치,,"현재 L3 -> L2(정책 후보, 사람 미승인 - tier1과 구분)"
SC_V19107_B107_004,전조등,RULE_A,3,L2,4,단일일치,,"현재 L3 -> L2(정책 후보, 사람 미승인 - tier1과 구분)"
SC_V19107_B107_009,전학생,RULE_A,3,L2,4,단일일치,,"현재 L3 -> L2(정책 후보, 사람 미승인 - tier1과 구분)"
SC_V19107_B107_010,전학하다,RULE_A,3,L2,4,단일일치,,"현재 L3 -> L2(정책 후보, 사람 미승인 - tier1과 구분)"
SC_V19107_B107_011,전화국,RULE_A,3,L2,4,단일일치,,"현재 L3 -> L2(정책 후보, 사람 미승인 - tier1과 구분)"
SC_V19107_B107_014,전화선,RULE_A,3,L2,4,단일일치,,"현재 L3 -> L2(정책 후보, 사람 미승인 - tier1과 구분)"
SC_V19107_B107_015,전환점,RULE_A,3,L2,4,단일일치,,"현재 L3 -> L2(정책 후보, 사람 미승인 - tier1과 구분)"
SC_V19107_B107_016,전후좌우,RULE_A,3,L2,4,단일일치,,"현재 L3 -> L2(정책 후보, 사람 미승인 - tier1과 구분)"
SC_V19107_B107_017,절굿공이,RULE_A,3,L2,4,단일일치,,"현재 L3 -> L2(정책 후보, 사람 미승인 - tier1과 구분)"
SC_V19107_B107_024,절약되다,RULE_A,3,L2,4,단일일치,,"현재 L3 -> L2(정책 후보, 사람 미승인 - tier1과 구분)"
SC_V19107_B107_027,점찍다,RULE_A,3,L2,4,단일일치,,"현재 L3 -> L2(정책 후보, 사람 미승인 - tier1과 구분)"
SC_V19107_B107_034,접이식,RULE_A,3,L2,4,단일일치,,"현재 L3 -> L2(정책 후보, 사람 미승인 - tier1과 구분)"
SC_V19107_B107_039,정글짐,RULE_A,3,L2,4,단일일치,,"현재 L3 -> L2(정책 후보, 사람 미승인 - tier1과 구분)"
SC_V19107_B107_040,정년퇴직,RULE_A,3,L2,4,단일일치,,"현재 L3 -> L2(정책 후보, 사람 미승인 - tier1과 구분)"
SC_V19107_B107_041,정다각형,tier1_기본레벨조정,3,L2,4,단일일치,교과_전문_의미,"현재 L3 -> L2(사람 승인, 2026-09-29 15:00:57)"
SC_V19107_B107_044,정반대되다,RULE_A,3,L2,4,단일일치,,"현재 L3 -> L2(정책 후보, 사람 미승인 - tier1과 구분)"
SC_V19108_B108_001,정성스레,RULE_A,3,L2,4,단일일치,,"현재 L3 -> L2(정책 후보, 사람 미승인 - tier1과 구분)"
SC_V19108_B108_005,정열,RULE_A,3,L2,4,단일일치,,"현재 L3 -> L2(정책 후보, 사람 미승인 - tier1과 구분)"
SC_V19108_B108_007,정원사,RULE_A,3,L2,4,단일일치,,"현재 L3 -> L2(정책 후보, 사람 미승인 - tier1과 구분)"
SC_V19108_B108_012,정자나무,RULE_A,3,L2,4,단일일치,,"현재 L3 -> L2(정책 후보, 사람 미승인 - tier1과 구분)"
SC_V19108_B108_013,정정당당히,RULE_A,3,L2,4,단일일치,,"현재 L3 -> L2(정책 후보, 사람 미승인 - tier1과 구분)"
SC_V19108_B108_016,정직성,RULE_A,3,L2,4,단일일치,,"현재 L3 -> L2(정책 후보, 사람 미승인 - tier1과 구분)"
SC_V19108_B108_018,정탐,RULE_A,3,L2,4,단일일치,,"현재 L3 -> L2(정책 후보, 사람 미승인 - tier1과 구분)"
SC_V19108_B108_019,젖니,RULE_A,3,L2,4,단일일치,,"현재 L3 -> L2(정책 후보, 사람 미승인 - tier1과 구분)"
SC_V19108_B108_020,제값,RULE_A,3,L2,4,단일일치,,"현재 L3 -> L2(정책 후보, 사람 미승인 - tier1과 구분)"
SC_V19108_B108_021,제격,RULE_A,3,L2,4,단일일치,,"현재 L3 -> L2(정책 후보, 사람 미승인 - tier1과 구분)"
SC_V19108_B108_024,제날짜,RULE_A,3,L2,4,단일일치,,"현재 L3 -> L2(정책 후보, 사람 미승인 - tier1과 구분)"
SC_V19108_B108_033,제안자,RULE_A,3,L2,4,단일일치,,"현재 L3 -> L2(정책 후보, 사람 미승인 - tier1과 구분)"
SC_V19108_B108_038,제작되다,RULE_B,2,L1,3,단일일치,,"현재 L2 -> L1(정책 후보, 사람 미승인 - tier1과 구분)"
SC_V19108_B108_042,제정되다,RULE_A,3,L2,4,단일일치,,"현재 L3 -> L2(정책 후보, 사람 미승인 - tier1과 구분)"
SC_V19108_B108_043,제조법,RULE_A,3,L2,4,단일일치,,"현재 L3 -> L2(정책 후보, 사람 미승인 - tier1과 구분)"
SC_V19108_B108_050,조감도,RULE_A,3,L2,4,단일일치,,"현재 L3 -> L2(정책 후보, 사람 미승인 - tier1과 구분)"
SC_V19109_B109_001,조개류,RULE_A,3,L2,4,단일일치,,"현재 L3 -> L2(정책 후보, 사람 미승인 - tier1과 구분)"
SC_V19109_B109_004,조난,RULE_A,3,L2,4,단일일치,,"현재 L3 -> L2(정책 후보, 사람 미승인 - tier1과 구분)"
SC_V19109_B109_005,조련사,RULE_A,3,L2,4,단일일치,,"현재 L3 -> L2(정책 후보, 사람 미승인 - tier1과 구분)"
SC_V19109_B109_006,조리법,RULE_A,3,L2,4,단일일치,,"현재 L3 -> L2(정책 후보, 사람 미승인 - tier1과 구분)"
SC_V19109_B109_008,조립되다,RULE_A,3,L2,4,단일일치,,"현재 L3 -> L2(정책 후보, 사람 미승인 - tier1과 구분)"
SC_V19109_B109_009,조립식,RULE_A,3,L2,4,단일일치,,"현재 L3 -> L2(정책 후보, 사람 미승인 - tier1과 구분)"
SC_V19109_B109_012,조물조물,RULE_A,3,L2,4,단일일치,,"현재 L3 -> L2(정책 후보, 사람 미승인 - tier1과 구분)"
SC_V19109_B109_015,조사단,RULE_A,3,L2,4,단일일치,,"현재 L3 -> L2(정책 후보, 사람 미승인 - tier1과 구분)"
SC_V19109_B109_016,조사실,RULE_A,3,L2,4,단일일치,,"현재 L3 -> L2(정책 후보, 사람 미승인 - tier1과 구분)"
SC_V19109_B109_017,조사표,RULE_A,3,L2,4,단일일치,,"현재 L3 -> L2(정책 후보, 사람 미승인 - tier1과 구분)"
SC_V19109_B109_020,조심성,RULE_B,2,L1,3,단일일치,,"현재 L2 -> L1(정책 후보, 사람 미승인 - tier1과 구분)"
SC_V19109_B109_024,조정력,RULE_A,3,L2,4,단일일치,,"현재 L3 -> L2(정책 후보, 사람 미승인 - tier1과 구분)"
SC_V19109_B109_026,조청,RULE_A,3,L2,4,단일일치,,"현재 L3 -> L2(정책 후보, 사람 미승인 - tier1과 구분)"
SC_V19109_B109_029,조형물,RULE_A,3,L2,4,단일일치,,"현재 L3 -> L2(정책 후보, 사람 미승인 - tier1과 구분)"
SC_V19109_B109_033,존경심,RULE_A,3,L2,4,단일일치,,"현재 L3 -> L2(정책 후보, 사람 미승인 - tier1과 구분)"
SC_V19109_B109_034,존엄성,RULE_A,3,L2,4,단일일치,,"현재 L3 -> L2(정책 후보, 사람 미승인 - tier1과 구분)"
SC_V19109_B109_035,존엄하다,RULE_A,3,L2,4,단일일치,,"현재 L3 -> L2(정책 후보, 사람 미승인 - tier1과 구분)"
SC_V19109_B109_043,종례,RULE_A,3,L2,4,단일일치,,"현재 L3 -> L2(정책 후보, 사람 미승인 - tier1과 구분)"
SC_V19109_B109_045,종료하다,RULE_A,3,L2,4,단일일치,,"현재 L3 -> L2(정책 후보, 사람 미승인 - tier1과 구분)"
SC_V19109_B109_047,종사자,RULE_A,3,L2,4,단일일치,,"현재 L3 -> L2(정책 후보, 사람 미승인 - tier1과 구분)"
SC_V19109_B109_048,종알종알,RULE_A,3,L2,4,단일일치,,"현재 L3 -> L2(정책 후보, 사람 미승인 - tier1과 구분)"
SC_V1910_B010_012,이응,tier1_현재유지,0,L0,2,단일일치,교과_전문_의미,"변경 없음(사람 승인, 2026-09-29 14:55:46)"
SC_V19110_B110_014,죄의식,RULE_A,3,L2,4,단일일치,,"현재 L3 -> L2(정책 후보, 사람 미승인 - tier1과 구분)"
SC_V19110_B110_015,죄책감,RULE_A,3,L2,4,단일일치,,"현재 L3 -> L2(정책 후보, 사람 미승인 - tier1과 구분)"
SC_V19110_B110_017,주거비,RULE_A,3,L2,4,단일일치,,"현재 L3 -> L2(정책 후보, 사람 미승인 - tier1과 구분)"
SC_V19110_B110_020,주도권,RULE_A,3,L2,4,단일일치,,"현재 L3 -> L2(정책 후보, 사람 미승인 - tier1과 구분)"
SC_V19110_B110_025,주름잡다,RULE_A,3,L2,4,단일일치,,"현재 L3 -> L2(정책 후보, 사람 미승인 - tier1과 구분)"
SC_V19110_B110_030,주목적,RULE_A,3,L2,4,단일일치,,"현재 L3 -> L2(정책 후보, 사람 미승인 - tier1과 구분)"
SC_V19110_B110_031,주물럭거리다,RULE_A,3,L2,4,단일일치,,"현재 L3 -> L2(정책 후보, 사람 미승인 - tier1과 구분)"
SC_V19110_B110_044,주제어,RULE_A,3,L2,4,단일일치,,"현재 L3 -> L2(정책 후보, 사람 미승인 - tier1과 구분)"
SC_V19110_B110_049,주춤,RULE_A,3,L2,4,단일일치,,"현재 L3 -> L2(정책 후보, 사람 미승인 - tier1과 구분)"
SC_V19111_B111_004,죽순,RULE_A,3,L2,4,단일일치,,"현재 L3 -> L2(정책 후보, 사람 미승인 - tier1과 구분)"
SC_V19111_B111_008,준법성,RULE_A,3,L2,4,단일일치,,"현재 L3 -> L2(정책 후보, 사람 미승인 - tier1과 구분)"
SC_V19111_B111_009,준우승,RULE_A,3,L2,4,단일일치,,"현재 L3 -> L2(정책 후보, 사람 미승인 - tier1과 구분)"
SC_V19111_B111_018,중간중간,RULE_A,3,L2,4,단일일치,,"현재 L3 -> L2(정책 후보, 사람 미승인 - tier1과 구분)"
SC_V19111_B111_020,중고등학생,RULE_A,3,L2,4,단일일치,,"현재 L3 -> L2(정책 후보, 사람 미승인 - tier1과 구분)"
SC_V19111_B111_027,중금속,tier1_현재유지,3,L3,4,단일일치,교과_전문_의미,"변경 없음(사람 승인, 2026-09-29 15:01:05)"
SC_V19111_B111_032,중심인물,RULE_A,3,L2,4,단일일치,,"현재 L3 -> L2(정책 후보, 사람 미승인 - tier1과 구분)"
SC_V19111_B111_033,중얼중얼,RULE_B,2,L1,3,단일일치,,"현재 L2 -> L1(정책 후보, 사람 미승인 - tier1과 구분)"
SC_V19111_B111_034,중장비,RULE_A,3,L2,4,단일일치,,"현재 L3 -> L2(정책 후보, 사람 미승인 - tier1과 구분)"
SC_V19111_B111_042,즉위,RULE_A,3,L2,4,단일일치,,"현재 L3 -> L2(정책 후보, 사람 미승인 - tier1과 구분)"
SC_V19111_B111_043,즉위식,RULE_A,3,L2,4,단일일치,,"현재 L3 -> L2(정책 후보, 사람 미승인 - tier1과 구분)"
SC_V19111_B111_044,즉위하다,RULE_A,3,L2,4,단일일치,,"현재 L3 -> L2(정책 후보, 사람 미승인 - tier1과 구분)"
SC_V19111_B111_045,즉흥,RULE_A,3,L2,4,단일일치,,"현재 L3 -> L2(정책 후보, 사람 미승인 - tier1과 구분)"
SC_V19112_B112_001,증조,RULE_A,3,L2,4,단일일치,,"현재 L3 -> L2(정책 후보, 사람 미승인 - tier1과 구분)"
SC_V19112_B112_002,증조모,RULE_A,3,L2,4,단일일치,,"현재 L3 -> L2(정책 후보, 사람 미승인 - tier1과 구분)"
SC_V19112_B112_003,증조부,RULE_A,3,L2,4,단일일치,,"현재 L3 -> L2(정책 후보, 사람 미승인 - tier1과 구분)"
SC_V19112_B112_004,증조할머니,RULE_A,3,L2,4,단일일치,,"현재 L3 -> L2(정책 후보, 사람 미승인 - tier1과 구분)"
SC_V19112_B112_005,증조할머님,RULE_A,3,L2,4,단일일치,,"현재 L3 -> L2(정책 후보, 사람 미승인 - tier1과 구분)"
SC_V19112_B112_006,증조할아버지,RULE_A,3,L2,4,단일일치,,"현재 L3 -> L2(정책 후보, 사람 미승인 - tier1과 구분)"
SC_V19112_B112_009,지구력,RULE_A,3,L2,4,단일일치,,"현재 L3 -> L2(정책 후보, 사람 미승인 - tier1과 구분)"
SC_V19112_B112_014,지느러미,tier1_현재유지,2,L2,3,단일일치,교과_전문_의미,"변경 없음(사람 승인, 2026-09-29 14:57:48)"
SC_V19112_B112_018,지명되다,RULE_A,3,L2,4,단일일치,,"현재 L3 -> L2(정책 후보, 사람 미승인 - tier1과 구분)"
SC_V19112_B112_019,지목되다,RULE_A,3,L2,4,단일일치,,"현재 L3 -> L2(정책 후보, 사람 미승인 - tier1과 구분)"
SC_V19112_B112_029,지점토,RULE_A,3,L2,4,단일일치,,"현재 L3 -> L2(정책 후보, 사람 미승인 - tier1과 구분)"
SC_V19112_B112_031,지정석,RULE_A,3,L2,4,단일일치,,"현재 L3 -> L2(정책 후보, 사람 미승인 - tier1과 구분)"
SC_V19112_B112_037,지하자원,RULE_A,3,L2,4,단일일치,,"현재 L3 -> L2(정책 후보, 사람 미승인 - tier1과 구분)"
SC_V19112_B112_042,직매장,RULE_A,3,L2,4,단일일치,,"현재 L3 -> L2(정책 후보, 사람 미승인 - tier1과 구분)"
SC_V19112_B112_043,직매점,RULE_A,3,L2,4,단일일치,,"현재 L3 -> L2(정책 후보, 사람 미승인 - tier1과 구분)"
SC_V19112_B112_044,직무,RULE_A,3,L2,4,단일일치,,"현재 L3 -> L2(정책 후보, 사람 미승인 - tier1과 구분)"
SC_V19113_B113_015,진미채,RULE_A,3,L2,4,단일일치,,"현재 L3 -> L2(정책 후보, 사람 미승인 - tier1과 구분)"
SC_V19113_B113_024,진열되다,RULE_A,3,L2,4,단일일치,,"현재 L3 -> L2(정책 후보, 사람 미승인 - tier1과 구분)"
SC_V19113_B113_033,질겁하다,RULE_A,3,L2,4,단일일치,,"현재 L3 -> L2(정책 후보, 사람 미승인 - tier1과 구분)"
SC_V19113_B113_038,질척거리다,RULE_A,3,L2,4,단일일치,,"현재 L3 -> L2(정책 후보, 사람 미승인 - tier1과 구분)"
SC_V19113_B113_046,집결하다,RULE_A,3,L2,4,단일일치,,"현재 L3 -> L2(정책 후보, 사람 미승인 - tier1과 구분)"
SC_V19113_B113_047,집계하다,RULE_A,3,L2,4,단일일치,,"현재 L3 -> L2(정책 후보, 사람 미승인 - tier1과 구분)"
SC_V19113_B113_048,집념,RULE_A,3,L2,4,단일일치,,"현재 L3 -> L2(정책 후보, 사람 미승인 - tier1과 구분)"
SC_V19114_B114_002,집짐승,RULE_A,3,L2,4,단일일치,,"현재 L3 -> L2(정책 후보, 사람 미승인 - tier1과 구분)"
SC_V19114_B114_004,집필하다,RULE_A,3,L2,4,단일일치,,"현재 L3 -> L2(정책 후보, 사람 미승인 - tier1과 구분)"
SC_V19114_B114_007,짓궂다,RULE_A,3,L2,4,단일일치,,"현재 L3 -> L2(정책 후보, 사람 미승인 - tier1과 구분)"
SC_V19114_B114_013,짜개다,RULE_A,3,L2,4,단일일치,,"현재 L3 -> L2(정책 후보, 사람 미승인 - tier1과 구분)"
SC_V19114_B114_018,짠하다,RULE_A,3,L2,4,단일일치,,"현재 L3 -> L2(정책 후보, 사람 미승인 - tier1과 구분)"
SC_V19114_B114_023,짹짹거리다,RULE_A,3,L2,4,단일일치,,"현재 L3 -> L2(정책 후보, 사람 미승인 - tier1과 구분)"
SC_V19114_B114_032,쭈글쭈글,RULE_A,3,L2,4,단일일치,,"현재 L3 -> L2(정책 후보, 사람 미승인 - tier1과 구분)"
SC_V19114_B114_043,차림표,RULE_A,3,L2,4,단일일치,,"현재 L3 -> L2(정책 후보, 사람 미승인 - tier1과 구분)"
SC_V19114_B114_045,차분차분,RULE_A,3,L2,4,단일일치,,"현재 L3 -> L2(정책 후보, 사람 미승인 - tier1과 구분)"
SC_V19115_B115_008,찰밥,RULE_A,3,L2,4,단일일치,,"현재 L3 -> L2(정책 후보, 사람 미승인 - tier1과 구분)"
SC_V19115_B115_011,참답다,RULE_A,3,L2,4,단일일치,,"현재 L3 -> L2(정책 후보, 사람 미승인 - tier1과 구분)"
SC_V19115_B115_021,참흙,RULE_A,3,L2,4,단일일치,,"현재 L3 -> L2(정책 후보, 사람 미승인 - tier1과 구분)"
SC_V19115_B115_027,창간하다,RULE_A,3,L2,4,단일일치,,"현재 L3 -> L2(정책 후보, 사람 미승인 - tier1과 구분)"
SC_V19115_B115_031,창시자,RULE_A,3,L2,4,단일일치,,"현재 L3 -> L2(정책 후보, 사람 미승인 - tier1과 구분)"
SC_V19115_B115_032,창시하다,RULE_A,3,L2,4,단일일치,,"현재 L3 -> L2(정책 후보, 사람 미승인 - tier1과 구분)"
SC_V19115_B115_033,창안하다,RULE_A,3,L2,4,단일일치,,"현재 L3 -> L2(정책 후보, 사람 미승인 - tier1과 구분)"
SC_V19115_B115_037,채비,RULE_A,3,L2,4,단일일치,,"현재 L3 -> L2(정책 후보, 사람 미승인 - tier1과 구분)"
SC_V19115_B115_045,책임자,RULE_A,3,L2,4,단일일치,,"현재 L3 -> L2(정책 후보, 사람 미승인 - tier1과 구분)"
SC_V19116_B116_009,천막,RULE_B,2,L1,3,단일일치,,"현재 L2 -> L1(정책 후보, 사람 미승인 - tier1과 구분)"
SC_V19116_B116_021,철거,RULE_A,3,L2,4,단일일치,,"현재 L3 -> L2(정책 후보, 사람 미승인 - tier1과 구분)"
SC_V19116_B116_022,철거되다,RULE_A,3,L2,4,단일일치,,"현재 L3 -> L2(정책 후보, 사람 미승인 - tier1과 구분)"
SC_V19116_B116_023,철공소,RULE_A,3,L2,4,단일일치,,"현재 L3 -> L2(정책 후보, 사람 미승인 - tier1과 구분)"
SC_V19116_B116_026,철길,RULE_A,3,L2,4,단일일치,,"현재 L3 -> L2(정책 후보, 사람 미승인 - tier1과 구분)"
SC_V19116_B116_029,철마,RULE_A,3,L2,4,단일일치,,"현재 L3 -> L2(정책 후보, 사람 미승인 - tier1과 구분)"
SC_V19116_B116_036,철칙,RULE_A,3,L2,4,단일일치,,"현재 L3 -> L2(정책 후보, 사람 미승인 - tier1과 구분)"
SC_V19116_B116_047,첫인사,RULE_A,3,L2,4,단일일치,,"현재 L3 -> L2(정책 후보, 사람 미승인 - tier1과 구분)"
SC_V19116_B116_050,청국장찌개,RULE_A,3,L2,4,단일일치,,"현재 L3 -> L2(정책 후보, 사람 미승인 - tier1과 구분)"
SC_V19117_B117_008,청소되다,RULE_A,3,L2,4,단일일치,,"현재 L3 -> L2(정책 후보, 사람 미승인 - tier1과 구분)"
SC_V19117_B117_012,청중,RULE_A,3,L2,4,단일일치,,"현재 L3 -> L2(정책 후보, 사람 미승인 - tier1과 구분)"
SC_V19117_B117_018,체크아웃,RULE_A,3,L2,4,단일일치,,"현재 L3 -> L2(정책 후보, 사람 미승인 - tier1과 구분)"
SC_V19117_B117_024,초벌,RULE_A,3,L2,4,단일일치,,"현재 L3 -> L2(정책 후보, 사람 미승인 - tier1과 구분)"
SC_V19117_B117_031,초시계,RULE_A,3,L2,4,단일일치,,"현재 L3 -> L2(정책 후보, 사람 미승인 - tier1과 구분)"
SC_V19117_B117_037,초췌하다,RULE_A,3,L2,4,단일일치,,"현재 L3 -> L2(정책 후보, 사람 미승인 - tier1과 구분)"
SC_V19117_B117_040,초현실,RULE_A,3,L2,4,단일일치,,"현재 L3 -> L2(정책 후보, 사람 미승인 - tier1과 구분)"
SC_V19117_B117_045,총각김치,RULE_A,3,L2,4,단일일치,,"현재 L3 -> L2(정책 후보, 사람 미승인 - tier1과 구분)"
SC_V19118_B118_001,총동원하다,RULE_A,3,L2,4,단일일치,,"현재 L3 -> L2(정책 후보, 사람 미승인 - tier1과 구분)"
SC_V19118_B118_011,총연습,RULE_A,3,L2,4,단일일치,,"현재 L3 -> L2(정책 후보, 사람 미승인 - tier1과 구분)"
SC_V19118_B118_017,최강자,RULE_A,3,L2,4,단일일치,,"현재 L3 -> L2(정책 후보, 사람 미승인 - tier1과 구분)"
SC_V19118_B118_025,추대되다,RULE_A,3,L2,4,단일일치,,"현재 L3 -> L2(정책 후보, 사람 미승인 - tier1과 구분)"
SC_V19118_B118_026,추리다,RULE_A,3,L2,4,단일일치,,"현재 L3 -> L2(정책 후보, 사람 미승인 - tier1과 구분)"
SC_V19118_B118_027,추석빔,RULE_A,3,L2,4,단일일치,,"현재 L3 -> L2(정책 후보, 사람 미승인 - tier1과 구분)"
SC_V19118_B118_032,추월하다,RULE_A,3,L2,4,단일일치,,"현재 L3 -> L2(정책 후보, 사람 미승인 - tier1과 구분)"
SC_V19118_B118_033,추이,RULE_A,3,L2,4,단일일치,,"현재 L3 -> L2(정책 후보, 사람 미승인 - tier1과 구분)"
SC_V19118_B118_043,축산,RULE_A,3,L2,4,단일일치,,"현재 L3 -> L2(정책 후보, 사람 미승인 - tier1과 구분)"
SC_V19118_B118_044,축산물,RULE_A,3,L2,4,단일일치,,"현재 L3 -> L2(정책 후보, 사람 미승인 - tier1과 구분)"
SC_V19119_B119_001,출간되다,RULE_A,3,L2,4,단일일치,,"현재 L3 -> L2(정책 후보, 사람 미승인 - tier1과 구분)"
SC_V19119_B119_006,출생률,RULE_A,3,L2,4,단일일치,,"현재 L3 -> L2(정책 후보, 사람 미승인 - tier1과 구분)"
SC_V19119_B119_011,출연진,RULE_A,3,L2,4,단일일치,,"현재 L3 -> L2(정책 후보, 사람 미승인 - tier1과 구분)"
SC_V19119_B119_013,출토,RULE_A,3,L2,4,단일일치,,"현재 L3 -> L2(정책 후보, 사람 미승인 - tier1과 구분)"
SC_V19119_B119_014,출판되다,RULE_A,3,L2,4,단일일치,,"현재 L3 -> L2(정책 후보, 사람 미승인 - tier1과 구분)"
SC_V19119_B119_015,출판물,RULE_A,3,L2,4,단일일치,,"현재 L3 -> L2(정책 후보, 사람 미승인 - tier1과 구분)"
SC_V19119_B119_017,출품되다,RULE_A,3,L2,4,단일일치,,"현재 L3 -> L2(정책 후보, 사람 미승인 - tier1과 구분)"
SC_V19119_B119_018,출품하다,RULE_A,3,L2,4,단일일치,,"현재 L3 -> L2(정책 후보, 사람 미승인 - tier1과 구분)"
SC_V19119_B119_025,충직하다,RULE_A,3,L2,4,단일일치,,"현재 L3 -> L2(정책 후보, 사람 미승인 - tier1과 구분)"
SC_V19119_B119_028,충효,RULE_A,3,L2,4,단일일치,,"현재 L3 -> L2(정책 후보, 사람 미승인 - tier1과 구분)"
SC_V19119_B119_029,취나물,RULE_A,3,L2,4,단일일치,,"현재 L3 -> L2(정책 후보, 사람 미승인 - tier1과 구분)"
SC_V19119_B119_032,취업률,RULE_A,3,L2,4,단일일치,,"현재 L3 -> L2(정책 후보, 사람 미승인 - tier1과 구분)"
SC_V19119_B119_034,취임,RULE_A,3,L2,4,단일일치,,"현재 L3 -> L2(정책 후보, 사람 미승인 - tier1과 구분)"
SC_V19119_B119_035,취임식,RULE_A,3,L2,4,단일일치,,"현재 L3 -> L2(정책 후보, 사람 미승인 - tier1과 구분)"
SC_V19119_B119_036,취임하다,RULE_A,3,L2,4,단일일치,,"현재 L3 -> L2(정책 후보, 사람 미승인 - tier1과 구분)"
SC_V19119_B119_037,취재진,RULE_A,3,L2,4,단일일치,,"현재 L3 -> L2(정책 후보, 사람 미승인 - tier1과 구분)"
SC_V19119_B119_041,측은하다,RULE_A,3,L2,4,단일일치,,"현재 L3 -> L2(정책 후보, 사람 미승인 - tier1과 구분)"
SC_V19119_B119_042,층계,RULE_A,3,L2,4,단일일치,,"현재 L3 -> L2(정책 후보, 사람 미승인 - tier1과 구분)"
SC_V19120_B120_010,친손자,RULE_A,3,L2,4,단일일치,,"현재 L3 -> L2(정책 후보, 사람 미승인 - tier1과 구분)"
SC_V19120_B120_018,친정아버지,RULE_A,3,L2,4,단일일치,,"현재 L3 -> L2(정책 후보, 사람 미승인 - tier1과 구분)"
SC_V19120_B120_019,친정어머니,RULE_A,3,L2,4,단일일치,,"현재 L3 -> L2(정책 후보, 사람 미승인 - tier1과 구분)"
SC_V19120_B120_024,친할아버지,RULE_B,2,L1,3,단일일치,,"현재 L2 -> L1(정책 후보, 사람 미승인 - tier1과 구분)"
SC_V19120_B120_027,친환경,RULE_A,3,L2,4,단일일치,,"현재 L3 -> L2(정책 후보, 사람 미승인 - tier1과 구분)"
SC_V19120_B120_028,친히,RULE_A,3,L2,4,단일일치,,"현재 L3 -> L2(정책 후보, 사람 미승인 - tier1과 구분)"
SC_V19120_B120_036,침범,RULE_B,2,L1,3,단일일치,,"현재 L2 -> L1(정책 후보, 사람 미승인 - tier1과 구분)"
SC_V19120_B120_045,칭호,RULE_A,3,L2,4,단일일치,,"현재 L3 -> L2(정책 후보, 사람 미승인 - tier1과 구분)"
SC_V19120_B120_047,카레라이스,RULE_A,3,L2,4,단일일치,,"현재 L3 -> L2(정책 후보, 사람 미승인 - tier1과 구분)"
SC_V19120_B120_048,카스텔라,RULE_A,3,L2,4,단일일치,,"현재 L3 -> L2(정책 후보, 사람 미승인 - tier1과 구분)"
SC_V19120_B120_049,칸막이,RULE_A,3,L2,4,단일일치,,"현재 L3 -> L2(정책 후보, 사람 미승인 - tier1과 구분)"
SC_V19121_B121_004,캐스터,RULE_A,3,L2,4,단일일치,,"현재 L3 -> L2(정책 후보, 사람 미승인 - tier1과 구분)"
SC_V19121_B121_007,캠프파이어,RULE_A,3,L2,4,단일일치,,"현재 L3 -> L2(정책 후보, 사람 미승인 - tier1과 구분)"
SC_V19121_B121_008,커뮤니케이션,RULE_A,3,L2,4,단일일치,,"현재 L3 -> L2(정책 후보, 사람 미승인 - tier1과 구분)"
SC_V19121_B121_010,커트라인,RULE_A,3,L2,4,단일일치,,"현재 L3 -> L2(정책 후보, 사람 미승인 - tier1과 구분)"
SC_V19121_B121_013,컨테이너,RULE_A,3,L2,4,단일일치,,"현재 L3 -> L2(정책 후보, 사람 미승인 - tier1과 구분)"
SC_V19121_B121_014,컬러텔레비전,RULE_A,3,L2,4,단일일치,,"현재 L3 -> L2(정책 후보, 사람 미승인 - tier1과 구분)"
SC_V19121_B121_017,케첩,RULE_B,2,L1,3,단일일치,,"현재 L2 -> L1(정책 후보, 사람 미승인 - tier1과 구분)"
SC_V19121_B121_018,켄트지,RULE_A,3,L2,4,단일일치,,"현재 L3 -> L2(정책 후보, 사람 미승인 - tier1과 구분)"
SC_V19121_B121_019,코디네이터,RULE_A,3,L2,4,단일일치,,"현재 L3 -> L2(정책 후보, 사람 미승인 - tier1과 구분)"
SC_V19121_B121_022,코바늘,RULE_A,3,L2,4,단일일치,,"현재 L3 -> L2(정책 후보, 사람 미승인 - tier1과 구분)"
SC_V19121_B121_038,콩국수,RULE_A,3,L2,4,단일일치,,"현재 L3 -> L2(정책 후보, 사람 미승인 - tier1과 구분)"
SC_V19121_B121_039,콩기름,RULE_A,3,L2,4,단일일치,,"현재 L3 -> L2(정책 후보, 사람 미승인 - tier1과 구분)"
SC_V19121_B121_041,콩깻묵,RULE_A,3,L2,4,단일일치,,"현재 L3 -> L2(정책 후보, 사람 미승인 - tier1과 구분)"
SC_V19121_B121_047,콸콸,RULE_A,3,L2,4,단일일치,,"현재 L3 -> L2(정책 후보, 사람 미승인 - tier1과 구분)"
SC_V19122_B122_003,퀴퀴하다,RULE_A,3,L2,4,단일일치,,"현재 L3 -> L2(정책 후보, 사람 미승인 - tier1과 구분)"
SC_V19122_B122_020,클리닝,RULE_A,3,L2,4,단일일치,,"현재 L3 -> L2(정책 후보, 사람 미승인 - tier1과 구분)"
SC_V19122_B122_023,킁킁,RULE_A,3,L2,4,단일일치,,"현재 L3 -> L2(정책 후보, 사람 미승인 - tier1과 구분)"
SC_V19122_B122_026,키득거리다,RULE_A,3,L2,4,단일일치,,"현재 L3 -> L2(정책 후보, 사람 미승인 - tier1과 구분)"
SC_V19122_B122_027,킥킥,RULE_A,3,L2,4,단일일치,,"현재 L3 -> L2(정책 후보, 사람 미승인 - tier1과 구분)"
SC_V19122_B122_028,킬킬거리다,RULE_A,3,L2,4,단일일치,,"현재 L3 -> L2(정책 후보, 사람 미승인 - tier1과 구분)"
SC_V19122_B122_030,타다닥,RULE_A,3,L2,4,단일일치,,"현재 L3 -> L2(정책 후보, 사람 미승인 - tier1과 구분)"
SC_V19122_B122_033,타원형,tier1_현재유지,1,L1,3,단일일치,교과_전문_의미,"변경 없음(사람 승인, 2026-09-29 14:56:37)"
SC_V19122_B122_034,타월,RULE_A,3,L2,4,단일일치,,"현재 L3 -> L2(정책 후보, 사람 미승인 - tier1과 구분)"
SC_V19122_B122_038,타자기,RULE_A,3,L2,4,단일일치,,"현재 L3 -> L2(정책 후보, 사람 미승인 - tier1과 구분)"
SC_V19122_B122_039,타파하다,RULE_A,3,L2,4,단일일치,,"현재 L3 -> L2(정책 후보, 사람 미승인 - tier1과 구분)"
SC_V19122_B122_044,탁구대,RULE_A,3,L2,4,단일일치,,"현재 L3 -> L2(정책 후보, 사람 미승인 - tier1과 구분)"
SC_V19123_B123_008,탈퇴,RULE_A,3,L2,4,단일일치,,"현재 L3 -> L2(정책 후보, 사람 미승인 - tier1과 구분)"
SC_V19123_B123_009,탈퇴하다,RULE_A,3,L2,4,단일일치,,"현재 L3 -> L2(정책 후보, 사람 미승인 - tier1과 구분)"
SC_V19123_B123_014,탐사선,RULE_A,3,L2,4,단일일치,,"현재 L3 -> L2(정책 후보, 사람 미승인 - tier1과 구분)"
SC_V19123_B123_015,탐사하다,RULE_A,3,L2,4,단일일치,,"현재 L3 -> L2(정책 후보, 사람 미승인 - tier1과 구분)"
SC_V19123_B123_016,탐스럽다,RULE_B,2,L1,3,단일일치,,"현재 L2 -> L1(정책 후보, 사람 미승인 - tier1과 구분)"
SC_V19123_B123_017,탐지기,RULE_A,3,L2,4,단일일치,,"현재 L3 -> L2(정책 후보, 사람 미승인 - tier1과 구분)"
SC_V19123_B123_018,탐지하다,RULE_A,3,L2,4,단일일치,,"현재 L3 -> L2(정책 후보, 사람 미승인 - tier1과 구분)"
SC_V19123_B123_019,탐하다,RULE_A,3,L2,4,단일일치,,"현재 L3 -> L2(정책 후보, 사람 미승인 - tier1과 구분)"
SC_V19123_B123_021,탐험가,RULE_A,3,L2,4,단일일치,,"현재 L3 -> L2(정책 후보, 사람 미승인 - tier1과 구분)"
SC_V19123_B123_022,탐험대,RULE_A,3,L2,4,단일일치,,"현재 L3 -> L2(정책 후보, 사람 미승인 - tier1과 구분)"
SC_V19123_B123_028,태연하다,RULE_A,3,L2,4,단일일치,,"현재 L3 -> L2(정책 후보, 사람 미승인 - tier1과 구분)"
SC_V19123_B123_029,태연히,RULE_A,3,L2,4,단일일치,,"현재 L3 -> L2(정책 후보, 사람 미승인 - tier1과 구분)"
SC_V19123_B123_030,태엽,RULE_A,3,L2,4,단일일치,,"현재 L3 -> L2(정책 후보, 사람 미승인 - tier1과 구분)"
SC_V19123_B123_033,탱자,RULE_A,3,L2,4,단일일치,,"현재 L3 -> L2(정책 후보, 사람 미승인 - tier1과 구분)"
SC_V19123_B123_035,터무니없다,RULE_A,3,L2,4,단일일치,,"현재 L3 -> L2(정책 후보, 사람 미승인 - tier1과 구분)"
SC_V19123_B123_036,터무니없이,RULE_A,3,L2,4,단일일치,,"현재 L3 -> L2(정책 후보, 사람 미승인 - tier1과 구분)"
SC_V19123_B123_038,털가죽,RULE_A,3,L2,4,단일일치,,"현재 L3 -> L2(정책 후보, 사람 미승인 - tier1과 구분)"
SC_V19123_B123_039,털갈이,RULE_A,3,L2,4,단일일치,,"현재 L3 -> L2(정책 후보, 사람 미승인 - tier1과 구분)"
SC_V19123_B123_048,테마파크,RULE_A,3,L2,4,단일일치,,"현재 L3 -> L2(정책 후보, 사람 미승인 - tier1과 구분)"
SC_V19123_B123_049,테스트하다,RULE_A,3,L2,4,단일일치,,"현재 L3 -> L2(정책 후보, 사람 미승인 - tier1과 구분)"
SC_V19124_B124_001,토닥거리다,RULE_A,3,L2,4,단일일치,,"현재 L3 -> L2(정책 후보, 사람 미승인 - tier1과 구분)"
SC_V19124_B124_002,토닥이다,RULE_A,3,L2,4,단일일치,,"현재 L3 -> L2(정책 후보, 사람 미승인 - tier1과 구분)"
SC_V19124_B124_006,토박이,RULE_A,3,L2,4,단일일치,,"현재 L3 -> L2(정책 후보, 사람 미승인 - tier1과 구분)"
SC_V19124_B124_014,토종닭,RULE_A,3,L2,4,단일일치,,"현재 L3 -> L2(정책 후보, 사람 미승인 - tier1과 구분)"
SC_V19124_B124_017,톱니바퀴,RULE_A,3,L2,4,단일일치,,"현재 L3 -> L2(정책 후보, 사람 미승인 - tier1과 구분)"
SC_V19124_B124_027,통솔력,RULE_A,3,L2,4,단일일치,,"현재 L3 -> L2(정책 후보, 사람 미승인 - tier1과 구분)"
SC_V19124_B124_028,통솔하다,RULE_A,3,L2,4,단일일치,,"현재 L3 -> L2(정책 후보, 사람 미승인 - tier1과 구분)"
SC_V19124_B124_038,통학하다,RULE_A,3,L2,4,단일일치,,"현재 L3 -> L2(정책 후보, 사람 미승인 - tier1과 구분)"
SC_V19124_B124_044,투고,RULE_A,3,L2,4,단일일치,,"현재 L3 -> L2(정책 후보, 사람 미승인 - tier1과 구분)"
SC_V19124_B124_047,투두둑,RULE_A,3,L2,4,단일일치,,"현재 L3 -> L2(정책 후보, 사람 미승인 - tier1과 구분)"
SC_V19125_B125_003,투피스,RULE_A,3,L2,4,단일일치,,"현재 L3 -> L2(정책 후보, 사람 미승인 - tier1과 구분)"
SC_V19125_B125_006,툴툴거리다,RULE_A,3,L2,4,단일일치,,"현재 L3 -> L2(정책 후보, 사람 미승인 - tier1과 구분)"
SC_V19125_B125_018,특성화,RULE_A,3,L2,4,단일일치,,"현재 L3 -> L2(정책 후보, 사람 미승인 - tier1과 구분)"
SC_V19125_B125_019,특실,RULE_A,3,L2,4,단일일치,,"현재 L3 -> L2(정책 후보, 사람 미승인 - tier1과 구분)"
SC_V19125_B125_028,티격태격,RULE_A,3,L2,4,단일일치,,"현재 L3 -> L2(정책 후보, 사람 미승인 - tier1과 구분)"
SC_V19125_B125_033,파급력,RULE_A,3,L2,4,단일일치,,"현재 L3 -> L2(정책 후보, 사람 미승인 - tier1과 구분)"
SC_V19125_B125_034,파도타기,RULE_A,3,L2,4,단일일치,,"현재 L3 -> L2(정책 후보, 사람 미승인 - tier1과 구분)"
SC_V19125_B125_035,파란만장하다,RULE_A,3,L2,4,단일일치,,"현재 L3 -> L2(정책 후보, 사람 미승인 - tier1과 구분)"
SC_V19125_B125_036,파래,RULE_A,3,L2,4,단일일치,,"현재 L3 -> L2(정책 후보, 사람 미승인 - tier1과 구분)"
SC_V19125_B125_039,파마하다,RULE_A,3,L2,4,단일일치,,"현재 L3 -> L2(정책 후보, 사람 미승인 - tier1과 구분)"
SC_V19125_B125_045,파손하다,RULE_A,3,L2,4,단일일치,,"현재 L3 -> L2(정책 후보, 사람 미승인 - tier1과 구분)"
SC_V19125_B125_046,파워,RULE_A,3,L2,4,단일일치,,"현재 L3 -> L2(정책 후보, 사람 미승인 - tier1과 구분)"
SC_V19126_B126_003,판매장,RULE_A,3,L2,4,단일일치,,"현재 L3 -> L2(정책 후보, 사람 미승인 - tier1과 구분)"
SC_V19126_B126_009,판판하다,RULE_A,3,L2,4,단일일치,,"현재 L3 -> L2(정책 후보, 사람 미승인 - tier1과 구분)"
SC_V19126_B126_013,팔씨름,RULE_A,3,L2,4,단일일치,,"현재 L3 -> L2(정책 후보, 사람 미승인 - tier1과 구분)"
SC_V19126_B126_016,팥고물,RULE_A,3,L2,4,단일일치,,"현재 L3 -> L2(정책 후보, 사람 미승인 - tier1과 구분)"
SC_V19126_B126_017,팥떡,RULE_A,3,L2,4,단일일치,,"현재 L3 -> L2(정책 후보, 사람 미승인 - tier1과 구분)"
SC_V19126_B126_020,패션쇼,RULE_A,3,L2,4,단일일치,,"현재 L3 -> L2(정책 후보, 사람 미승인 - tier1과 구분)"
SC_V19126_B126_021,팽글팽글,RULE_A,3,L2,4,단일일치,,"현재 L3 -> L2(정책 후보, 사람 미승인 - tier1과 구분)"
SC_V19126_B126_022,팽이채,RULE_A,3,L2,4,단일일치,,"현재 L3 -> L2(정책 후보, 사람 미승인 - tier1과 구분)"
SC_V19126_B126_040,편찬,RULE_A,3,L2,4,단일일치,,"현재 L3 -> L2(정책 후보, 사람 미승인 - tier1과 구분)"
SC_V19126_B126_041,편찬하다,RULE_A,3,L2,4,단일일치,,"현재 L3 -> L2(정책 후보, 사람 미승인 - tier1과 구분)"
SC_V19126_B126_043,평론,RULE_A,3,L2,4,단일일치,,"현재 L3 -> L2(정책 후보, 사람 미승인 - tier1과 구분)"
SC_V19126_B126_044,평사원,RULE_A,3,L2,4,단일일치,,"현재 L3 -> L2(정책 후보, 사람 미승인 - tier1과 구분)"
SC_V19127_B127_003,평화스럽다,RULE_A,3,L2,4,단일일치,,"현재 L3 -> L2(정책 후보, 사람 미승인 - tier1과 구분)"
SC_V19127_B127_004,폐광,RULE_A,3,L2,4,단일일치,,"현재 L3 -> L2(정책 후보, 사람 미승인 - tier1과 구분)"
SC_V19127_B127_006,폐막식,RULE_A,3,L2,4,단일일치,,"현재 L3 -> L2(정책 후보, 사람 미승인 - tier1과 구분)"
SC_V19127_B127_008,폐해,RULE_A,3,L2,4,단일일치,,"현재 L3 -> L2(정책 후보, 사람 미승인 - tier1과 구분)"
SC_V19127_B127_010,폐회,RULE_A,3,L2,4,단일일치,,"현재 L3 -> L2(정책 후보, 사람 미승인 - tier1과 구분)"
SC_V19127_B127_015,포스터컬러,RULE_A,3,L2,4,단일일치,,"현재 L3 -> L2(정책 후보, 사람 미승인 - tier1과 구분)"
SC_V19127_B127_017,포용력,RULE_A,3,L2,4,단일일치,,"현재 L3 -> L2(정책 후보, 사람 미승인 - tier1과 구분)"
SC_V19127_B127_021,포유동물,RULE_A,3,L2,4,단일일치,,"현재 L3 -> L2(정책 후보, 사람 미승인 - tier1과 구분)"
SC_V19127_B127_042,표본실,RULE_A,3,L2,4,단일일치,,"현재 L3 -> L2(정책 후보, 사람 미승인 - tier1과 구분)"
SC_V19127_B127_044,표절,RULE_A,3,L2,4,단일일치,,"현재 L3 -> L2(정책 후보, 사람 미승인 - tier1과 구분)"
SC_V19127_B127_045,표주박,RULE_A,3,L2,4,단일일치,,"현재 L3 -> L2(정책 후보, 사람 미승인 - tier1과 구분)"
SC_V19127_B127_049,표현력,RULE_A,3,L2,4,단일일치,,"현재 L3 -> L2(정책 후보, 사람 미승인 - tier1과 구분)"
SC_V19128_B128_002,푸드,RULE_A,3,L2,4,단일일치,,"현재 L3 -> L2(정책 후보, 사람 미승인 - tier1과 구분)"
SC_V19128_B128_003,푸르뎅뎅하다,RULE_A,3,L2,4,단일일치,,"현재 L3 -> L2(정책 후보, 사람 미승인 - tier1과 구분)"
SC_V19128_B128_006,푸성귀,RULE_A,3,L2,4,단일일치,,"현재 L3 -> L2(정책 후보, 사람 미승인 - tier1과 구분)"
SC_V19128_B128_008,푸푸,RULE_A,3,L2,4,단일일치,,"현재 L3 -> L2(정책 후보, 사람 미승인 - tier1과 구분)"
SC_V19128_B128_010,풀무,RULE_A,3,L2,4,단일일치,,"현재 L3 -> L2(정책 후보, 사람 미승인 - tier1과 구분)"
SC_V19128_B128_018,품값,RULE_A,3,L2,4,단일일치,,"현재 L3 -> L2(정책 후보, 사람 미승인 - tier1과 구분)"
SC_V19128_B128_019,품삯,RULE_A,3,L2,4,단일일치,,"현재 L3 -> L2(정책 후보, 사람 미승인 - tier1과 구분)"
SC_V19128_B128_020,품앗이,RULE_A,3,L2,4,단일일치,,"현재 L3 -> L2(정책 후보, 사람 미승인 - tier1과 구분)"
SC_V19128_B128_021,품앗이하다,RULE_A,3,L2,4,단일일치,,"현재 L3 -> L2(정책 후보, 사람 미승인 - tier1과 구분)"
SC_V19128_B128_022,품행,RULE_A,3,L2,4,단일일치,,"현재 L3 -> L2(정책 후보, 사람 미승인 - tier1과 구분)"
SC_V19128_B128_027,풍덩풍덩,RULE_A,3,L2,4,단일일치,,"현재 L3 -> L2(정책 후보, 사람 미승인 - tier1과 구분)"
SC_V19128_B128_032,풍작,RULE_A,3,L2,4,단일일치,,"현재 L3 -> L2(정책 후보, 사람 미승인 - tier1과 구분)"
SC_V19128_B128_033,풍채,RULE_A,3,L2,4,단일일치,,"현재 L3 -> L2(정책 후보, 사람 미승인 - tier1과 구분)"
SC_V19129_B129_009,피클,RULE_B,2,L1,3,단일일치,,"현재 L2 -> L1(정책 후보, 사람 미승인 - tier1과 구분)"
SC_V19129_B129_013,필기도구,RULE_A,3,L2,4,단일일치,,"현재 L3 -> L2(정책 후보, 사람 미승인 - tier1과 구분)"
SC_V19129_B129_023,하권,RULE_A,3,L2,4,단일일치,,"현재 L3 -> L2(정책 후보, 사람 미승인 - tier1과 구분)"
SC_V19129_B129_024,하급,RULE_A,3,L2,4,단일일치,,"현재 L3 -> L2(정책 후보, 사람 미승인 - tier1과 구분)"
SC_V19129_B129_026,하기는,RULE_A,3,L2,4,단일일치,,"현재 L3 -> L2(정책 후보, 사람 미승인 - tier1과 구분)"
SC_V19129_B129_027,하기야,RULE_B,2,L1,3,단일일치,,"현재 L2 -> L1(정책 후보, 사람 미승인 - tier1과 구분)"
SC_V19129_B129_030,하늬바람,RULE_A,3,L2,4,단일일치,,"현재 L3 -> L2(정책 후보, 사람 미승인 - tier1과 구분)"
SC_V19129_B129_037,하물며,RULE_A,3,L2,4,단일일치,,"현재 L3 -> L2(정책 후보, 사람 미승인 - tier1과 구분)"
SC_V19129_B129_038,하반기,RULE_A,3,L2,4,단일일치,,"현재 L3 -> L2(정책 후보, 사람 미승인 - tier1과 구분)"
SC_V19129_B129_039,하소연,RULE_A,3,L2,4,단일일치,,"현재 L3 -> L2(정책 후보, 사람 미승인 - tier1과 구분)"
SC_V19129_B129_040,하소연하다,RULE_A,3,L2,4,단일일치,,"현재 L3 -> L2(정책 후보, 사람 미승인 - tier1과 구분)"
SC_V19129_B129_041,하수관,RULE_A,3,L2,4,단일일치,,"현재 L3 -> L2(정책 후보, 사람 미승인 - tier1과 구분)"
SC_V19129_B129_045,하이킹,RULE_A,3,L2,4,단일일치,,"현재 L3 -> L2(정책 후보, 사람 미승인 - tier1과 구분)"
SC_V19129_B129_047,하품하다,RULE_A,3,L2,4,단일일치,,"현재 L3 -> L2(정책 후보, 사람 미승인 - tier1과 구분)"
SC_V19130_B130_009,학수고대하다,RULE_A,3,L2,4,단일일치,,"현재 L3 -> L2(정책 후보, 사람 미승인 - tier1과 구분)"
SC_V19130_B130_017,한갓,RULE_A,3,L2,4,단일일치,,"현재 L3 -> L2(정책 후보, 사람 미승인 - tier1과 구분)"
SC_V19130_B130_018,한국학,RULE_A,3,L2,4,단일일치,,"현재 L3 -> L2(정책 후보, 사람 미승인 - tier1과 구분)"
SC_V19130_B130_022,한낱,RULE_A,3,L2,4,단일일치,,"현재 L3 -> L2(정책 후보, 사람 미승인 - tier1과 구분)"
SC_V19130_B130_024,한들한들,RULE_A,3,L2,4,단일일치,,"현재 L3 -> L2(정책 후보, 사람 미승인 - tier1과 구분)"
SC_V19130_B130_026,한솥밥,RULE_A,3,L2,4,단일일치,,"현재 L3 -> L2(정책 후보, 사람 미승인 - tier1과 구분)"
SC_V19130_B130_039,한탄하다,RULE_A,3,L2,4,단일일치,,"현재 L3 -> L2(정책 후보, 사람 미승인 - tier1과 구분)"
SC_V19130_B130_042,할애하다,RULE_A,3,L2,4,단일일치,,"현재 L3 -> L2(정책 후보, 사람 미승인 - tier1과 구분)"
SC_V19131_B131_002,합격증,RULE_A,3,L2,4,단일일치,,"현재 L3 -> L2(정책 후보, 사람 미승인 - tier1과 구분)"
SC_V19131_B131_013,항공로,RULE_A,3,L2,4,단일일치,,"현재 L3 -> L2(정책 후보, 사람 미승인 - tier1과 구분)"
SC_V19131_B131_020,해발,RULE_A,3,L2,4,단일일치,,"현재 L3 -> L2(정책 후보, 사람 미승인 - tier1과 구분)"
SC_V19131_B131_032,해지다,RULE_A,3,L2,4,단일일치,,"현재 L3 -> L2(정책 후보, 사람 미승인 - tier1과 구분)"
SC_V19132_B132_003,행차,RULE_A,3,L2,4,단일일치,,"현재 L3 -> L2(정책 후보, 사람 미승인 - tier1과 구분)"
SC_V19132_B132_004,행차하다,RULE_A,3,L2,4,단일일치,,"현재 L3 -> L2(정책 후보, 사람 미승인 - tier1과 구분)"
SC_V19132_B132_005,행태,RULE_A,3,L2,4,단일일치,,"현재 L3 -> L2(정책 후보, 사람 미승인 - tier1과 구분)"
SC_V19132_B132_008,향신료,RULE_A,3,L2,4,단일일치,,"현재 L3 -> L2(정책 후보, 사람 미승인 - tier1과 구분)"
SC_V19132_B132_011,허둥거리다,RULE_A,3,L2,4,단일일치,,"현재 L3 -> L2(정책 후보, 사람 미승인 - tier1과 구분)"
SC_V19132_B132_016,허리춤,RULE_A,3,L2,4,단일일치,,"현재 L3 -> L2(정책 후보, 사람 미승인 - tier1과 구분)"
SC_V19132_B132_022,허우대,RULE_A,3,L2,4,단일일치,,"현재 L3 -> L2(정책 후보, 사람 미승인 - tier1과 구분)"
SC_V19132_B132_023,허파,tier1_현재유지,2,L2,3,단일일치,교과_전문_의미,"변경 없음(사람 승인, 2026-09-29 14:57:54)"
SC_V19132_B132_024,허풍,RULE_A,3,L2,4,단일일치,,"현재 L3 -> L2(정책 후보, 사람 미승인 - tier1과 구분)"
SC_V19132_B132_030,헌신하다,RULE_A,3,L2,4,단일일치,,"현재 L3 -> L2(정책 후보, 사람 미승인 - tier1과 구분)"
SC_V19132_B132_039,헛간,RULE_A,3,L2,4,단일일치,,"현재 L3 -> L2(정책 후보, 사람 미승인 - tier1과 구분)"
SC_V19132_B132_040,헛걸음,RULE_A,3,L2,4,단일일치,,"현재 L3 -> L2(정책 후보, 사람 미승인 - tier1과 구분)"
SC_V19132_B132_041,헛걸음하다,RULE_A,3,L2,4,단일일치,,"현재 L3 -> L2(정책 후보, 사람 미승인 - tier1과 구분)"
SC_V19132_B132_042,헛기침,RULE_A,3,L2,4,단일일치,,"현재 L3 -> L2(정책 후보, 사람 미승인 - tier1과 구분)"
SC_V19132_B132_043,헛되이,RULE_A,3,L2,4,단일일치,,"현재 L3 -> L2(정책 후보, 사람 미승인 - tier1과 구분)"
SC_V19132_B132_050,헤어스타일,RULE_A,3,L2,4,단일일치,,"현재 L3 -> L2(정책 후보, 사람 미승인 - tier1과 구분)"
SC_V19133_B133_004,헬스장,RULE_A,3,L2,4,단일일치,,"현재 L3 -> L2(정책 후보, 사람 미승인 - tier1과 구분)"
SC_V19133_B133_006,혁신,RULE_A,3,L2,4,단일일치,,"현재 L3 -> L2(정책 후보, 사람 미승인 - tier1과 구분)"
SC_V19133_B133_008,현대식,RULE_A,3,L2,4,단일일치,,"현재 L3 -> L2(정책 후보, 사람 미승인 - tier1과 구분)"
SC_V19133_B133_013,현혹,RULE_A,3,L2,4,단일일치,,"현재 L3 -> L2(정책 후보, 사람 미승인 - tier1과 구분)"
SC_V19133_B133_017,혈연관계,RULE_A,3,L2,4,단일일치,,"현재 L3 -> L2(정책 후보, 사람 미승인 - tier1과 구분)"
SC_V19133_B133_018,협동성,RULE_A,3,L2,4,단일일치,,"현재 L3 -> L2(정책 후보, 사람 미승인 - tier1과 구분)"
SC_V19133_B133_020,협의회,RULE_A,3,L2,4,단일일치,,"현재 L3 -> L2(정책 후보, 사람 미승인 - tier1과 구분)"
SC_V19133_B133_030,형평성,RULE_A,3,L2,4,단일일치,,"현재 L3 -> L2(정책 후보, 사람 미승인 - tier1과 구분)"
SC_V19133_B133_038,호박고지,RULE_A,3,L2,4,단일일치,,"현재 L3 -> L2(정책 후보, 사람 미승인 - tier1과 구분)"
SC_V19133_B133_042,호사스럽다,RULE_A,3,L2,4,단일일치,,"현재 L3 -> L2(정책 후보, 사람 미승인 - tier1과 구분)"
SC_V19133_B133_044,호주머니,RULE_B,2,L1,3,단일일치,,"현재 L2 -> L1(정책 후보, 사람 미승인 - tier1과 구분)"
SC_V19133_B133_045,호호백발,RULE_A,3,L2,4,단일일치,,"현재 L3 -> L2(정책 후보, 사람 미승인 - tier1과 구분)"
SC_V19133_B133_047,호화스럽다,RULE_A,3,L2,4,단일일치,,"현재 L3 -> L2(정책 후보, 사람 미승인 - tier1과 구분)"
SC_V19134_B134_001,혼돈하다,RULE_A,3,L2,4,단일일치,,"현재 L3 -> L2(정책 후보, 사람 미승인 - tier1과 구분)"
SC_V19134_B134_003,혼비백산,RULE_A,3,L2,4,단일일치,,"현재 L3 -> L2(정책 후보, 사람 미승인 - tier1과 구분)"
SC_V19134_B134_016,홍보물,RULE_A,3,L2,4,단일일치,,"현재 L3 -> L2(정책 후보, 사람 미승인 - tier1과 구분)"
SC_V19134_B134_018,화기애애하다,RULE_A,3,L2,4,단일일치,,"현재 L3 -> L2(정책 후보, 사람 미승인 - tier1과 구분)"
SC_V19134_B134_023,화문석,RULE_A,3,L2,4,단일일치,,"현재 L3 -> L2(정책 후보, 사람 미승인 - tier1과 구분)"
SC_V19134_B134_030,화선지,RULE_A,3,L2,4,단일일치,,"현재 L3 -> L2(정책 후보, 사람 미승인 - tier1과 구분)"
SC_V19134_B134_032,화장술,RULE_A,3,L2,4,단일일치,,"현재 L3 -> L2(정책 후보, 사람 미승인 - tier1과 구분)"
SC_V19134_B134_034,화질,RULE_A,3,L2,4,단일일치,,"현재 L3 -> L2(정책 후보, 사람 미승인 - tier1과 구분)"
SC_V19134_B134_047,환풍기,RULE_A,3,L2,4,단일일치,,"현재 L3 -> L2(정책 후보, 사람 미승인 - tier1과 구분)"
SC_V19134_B134_048,환호성,RULE_A,3,L2,4,단일일치,,"현재 L3 -> L2(정책 후보, 사람 미승인 - tier1과 구분)"
SC_V19135_B135_005,활용법,RULE_A,3,L2,4,단일일치,,"현재 L3 -> L2(정책 후보, 사람 미승인 - tier1과 구분)"
SC_V19135_B135_006,활주로,RULE_A,3,L2,4,단일일치,,"현재 L3 -> L2(정책 후보, 사람 미승인 - tier1과 구분)"
SC_V19135_B135_012,황송하다,RULE_A,3,L2,4,단일일치,,"현재 L3 -> L2(정책 후보, 사람 미승인 - tier1과 구분)"
SC_V19135_B135_015,회견,RULE_A,3,L2,4,단일일치,,"현재 L3 -> L2(정책 후보, 사람 미승인 - tier1과 구분)"
SC_V19135_B135_021,회오리,RULE_B,2,L1,3,단일일치,,"현재 L2 -> L1(정책 후보, 사람 미승인 - tier1과 구분)"
SC_V19135_B135_024,회의록,RULE_A,3,L2,4,단일일치,,"현재 L3 -> L2(정책 후보, 사람 미승인 - tier1과 구분)"
SC_V19135_B135_026,회장단,RULE_A,3,L2,4,단일일치,,"현재 L3 -> L2(정책 후보, 사람 미승인 - tier1과 구분)"
SC_V19135_B135_028,회전수,tier1_현재유지,3,L3,4,단일일치,교과_전문_의미,"변경 없음(사람 승인, 2026-09-29 15:01:20)"
SC_V19135_B135_034,효과음,tier1_기본레벨조정,3,L2,4,단일일치,교과_전문_의미,"현재 L3 -> L2(사람 승인, 2026-09-29 15:01:39)"
SC_V19135_B135_042,후덥지근하다,RULE_B,2,L1,3,단일일치,,"현재 L2 -> L1(정책 후보, 사람 미승인 - tier1과 구분)"
SC_V19135_B135_049,후원금,RULE_A,3,L2,4,단일일치,,"현재 L3 -> L2(정책 후보, 사람 미승인 - tier1과 구분)"
SC_V19135_B135_050,후원자,RULE_A,3,L2,4,단일일치,,"현재 L3 -> L2(정책 후보, 사람 미승인 - tier1과 구분)"
SC_V19136_B136_001,후원하다,RULE_A,3,L2,4,단일일치,,"현재 L3 -> L2(정책 후보, 사람 미승인 - tier1과 구분)"
SC_V19136_B136_006,후텁지근하다,RULE_B,2,L1,3,단일일치,,"현재 L2 -> L1(정책 후보, 사람 미승인 - tier1과 구분)"
SC_V19136_B136_013,휘둘러보다,RULE_A,3,L2,4,단일일치,,"현재 L3 -> L2(정책 후보, 사람 미승인 - tier1과 구분)"
SC_V19136_B136_016,휘발성,RULE_A,3,L2,4,단일일치,,"현재 L3 -> L2(정책 후보, 사람 미승인 - tier1과 구분)"
SC_V19136_B136_019,휴관,RULE_A,3,L2,4,단일일치,,"현재 L3 -> L2(정책 후보, 사람 미승인 - tier1과 구분)"
SC_V19136_B136_020,휴관하다,RULE_A,3,L2,4,단일일치,,"현재 L3 -> L2(정책 후보, 사람 미승인 - tier1과 구분)"
SC_V19136_B136_022,휴양림,RULE_A,3,L2,4,단일일치,,"현재 L3 -> L2(정책 후보, 사람 미승인 - tier1과 구분)"
SC_V19136_B136_023,휴양소,RULE_A,3,L2,4,단일일치,,"현재 L3 -> L2(정책 후보, 사람 미승인 - tier1과 구분)"
SC_V19136_B136_025,휴직,RULE_A,3,L2,4,단일일치,,"현재 L3 -> L2(정책 후보, 사람 미승인 - tier1과 구분)"
SC_V19136_B136_026,휴직하다,RULE_A,3,L2,4,단일일치,,"현재 L3 -> L2(정책 후보, 사람 미승인 - tier1과 구분)"
SC_V19136_B136_036,흑설탕,RULE_A,3,L2,4,단일일치,,"현재 L3 -> L2(정책 후보, 사람 미승인 - tier1과 구분)"
SC_V19137_B137_005,흡사,RULE_A,3,L2,4,단일일치,,"현재 L3 -> L2(정책 후보, 사람 미승인 - tier1과 구분)"
SC_V19137_B137_009,흥건하다,RULE_A,3,L2,4,단일일치,,"현재 L3 -> L2(정책 후보, 사람 미승인 - tier1과 구분)"
SC_V19137_B137_033,힘자랑하다,RULE_A,3,L2,4,단일일치,,"현재 L3 -> L2(정책 후보, 사람 미승인 - tier1과 구분)"
SC_V1914_B014_028,가곡집,RULE_A,3,L2,4,단일일치,,"현재 L3 -> L2(정책 후보, 사람 미승인 - tier1과 구분)"
SC_V1914_B014_029,가공식품,RULE_A,3,L2,4,단일일치,,"현재 L3 -> L2(정책 후보, 사람 미승인 - tier1과 구분)"
SC_V1914_B014_043,가루우유,RULE_A,3,L2,4,단일일치,,"현재 L3 -> L2(정책 후보, 사람 미승인 - tier1과 구분)"
SC_V1914_B014_050,가무스름하다,RULE_A,3,L2,4,단일일치,,"현재 L3 -> L2(정책 후보, 사람 미승인 - tier1과 구분)"
SC_V1915_B015_008,가스보일러,RULE_A,3,L2,4,단일일치,,"현재 L3 -> L2(정책 후보, 사람 미승인 - tier1과 구분)"
SC_V1915_B015_009,가스오븐레인지,RULE_A,3,L2,4,단일일치,,"현재 L3 -> L2(정책 후보, 사람 미승인 - tier1과 구분)"
SC_V1915_B015_014,가엾이,RULE_A,3,L2,4,단일일치,,"현재 L3 -> L2(정책 후보, 사람 미승인 - tier1과 구분)"
SC_V1915_B015_015,가오리연,RULE_A,3,L2,4,단일일치,,"현재 L3 -> L2(정책 후보, 사람 미승인 - tier1과 구분)"
SC_V1915_B015_017,가운뎃손가락,RULE_A,3,L2,4,단일일치,,"현재 L3 -> L2(정책 후보, 사람 미승인 - tier1과 구분)"
SC_V1915_B015_021,가을벌레,RULE_A,3,L2,4,단일일치,,"현재 L3 -> L2(정책 후보, 사람 미승인 - tier1과 구분)"
SC_V1915_B015_025,가이,RULE_A,3,L2,4,단일일치,,"현재 L3 -> L2(정책 후보, 사람 미승인 - tier1과 구분)"
SC_V1915_B015_026,가입자,RULE_A,3,L2,4,단일일치,,"현재 L3 -> L2(정책 후보, 사람 미승인 - tier1과 구분)"
SC_V1915_B015_027,가장무도회,RULE_A,3,L2,4,단일일치,,"현재 L3 -> L2(정책 후보, 사람 미승인 - tier1과 구분)"
SC_V1915_B015_029,가전제품,RULE_A,3,L2,4,단일일치,,"현재 L3 -> L2(정책 후보, 사람 미승인 - tier1과 구분)"
SC_V1915_B015_040,가혹,RULE_A,3,L2,4,단일일치,,"현재 L3 -> L2(정책 후보, 사람 미승인 - tier1과 구분)"
SC_V1915_B015_041,가혹하다,RULE_A,3,L2,4,단일일치,,"현재 L3 -> L2(정책 후보, 사람 미승인 - tier1과 구분)"
SC_V1915_B015_043,각계각층,RULE_A,3,L2,4,단일일치,,"현재 L3 -> L2(정책 후보, 사람 미승인 - tier1과 구분)"
SC_V1915_B015_046,각도기,RULE_A,3,L2,4,단일일치,,"현재 L3 -> L2(정책 후보, 사람 미승인 - tier1과 구분)"
SC_V1915_B015_047,각별하다,RULE_A,3,L2,4,단일일치,,"현재 L3 -> L2(정책 후보, 사람 미승인 - tier1과 구분)"
SC_V1915_B015_048,각별히,RULE_A,3,L2,4,단일일치,,"현재 L3 -> L2(정책 후보, 사람 미승인 - tier1과 구분)"
SC_V1916_B016_003,간단명료하다,RULE_A,3,L2,4,단일일치,,"현재 L3 -> L2(정책 후보, 사람 미승인 - tier1과 구분)"
SC_V1916_B016_004,간담회,RULE_A,3,L2,4,단일일치,,"현재 L3 -> L2(정책 후보, 사람 미승인 - tier1과 구분)"
SC_V1916_B016_005,간소화되다,RULE_A,3,L2,4,단일일치,,"현재 L3 -> L2(정책 후보, 사람 미승인 - tier1과 구분)"
SC_V1916_B016_006,간소화하다,RULE_A,3,L2,4,단일일치,,"현재 L3 -> L2(정책 후보, 사람 미승인 - tier1과 구분)"
SC_V1916_B016_013,간척지,RULE_A,3,L2,4,단일일치,,"현재 L3 -> L2(정책 후보, 사람 미승인 - tier1과 구분)"
SC_V1916_B016_026,갈채,RULE_A,3,L2,4,단일일치,,"현재 L3 -> L2(정책 후보, 사람 미승인 - tier1과 구분)"
SC_V1916_B016_028,갈퀴,RULE_A,3,L2,4,단일일치,,"현재 L3 -> L2(정책 후보, 사람 미승인 - tier1과 구분)"
SC_V1916_B016_037,감미료,RULE_A,3,L2,4,단일일치,,"현재 L3 -> L2(정책 후보, 사람 미승인 - tier1과 구분)"
SC_V1916_B016_041,감시원,RULE_A,3,L2,4,단일일치,,"현재 L3 -> L2(정책 후보, 사람 미승인 - tier1과 구분)"
SC_V1916_B016_046,감촉,RULE_A,3,L2,4,단일일치,,"현재 L3 -> L2(정책 후보, 사람 미승인 - tier1과 구분)"
SC_V1917_B017_003,갑판,RULE_A,3,L2,4,단일일치,,"현재 L3 -> L2(정책 후보, 사람 미승인 - tier1과 구분)"
SC_V1917_B017_013,강습회,RULE_A,3,L2,4,단일일치,,"현재 L3 -> L2(정책 후보, 사람 미승인 - tier1과 구분)"
SC_V1917_B017_014,강연회,RULE_A,3,L2,4,단일일치,,"현재 L3 -> L2(정책 후보, 사람 미승인 - tier1과 구분)"
SC_V1917_B017_015,강우량,RULE_A,3,L2,4,단일일치,,"현재 L3 -> L2(정책 후보, 사람 미승인 - tier1과 구분)"
SC_V1917_B017_021,개과천선,RULE_A,3,L2,4,단일일치,,"현재 L3 -> L2(정책 후보, 사람 미승인 - tier1과 구분)"
SC_V1917_B017_022,개관식,RULE_A,3,L2,4,단일일치,,"현재 L3 -> L2(정책 후보, 사람 미승인 - tier1과 구분)"
SC_V1917_B017_033,개인차,RULE_A,3,L2,4,단일일치,,"현재 L3 -> L2(정책 후보, 사람 미승인 - tier1과 구분)"
SC_V1917_B017_034,개장사,RULE_A,3,L2,4,단일일치,,"현재 L3 -> L2(정책 후보, 사람 미승인 - tier1과 구분)"
SC_V1917_B017_035,개찰구,RULE_A,3,L2,4,단일일치,,"현재 L3 -> L2(정책 후보, 사람 미승인 - tier1과 구분)"
SC_V1917_B017_041,개키다,RULE_A,3,L2,4,단일일치,,"현재 L3 -> L2(정책 후보, 사람 미승인 - tier1과 구분)"
SC_V1918_B018_002,거닐다,RULE_A,3,L2,4,단일일치,,"현재 L3 -> L2(정책 후보, 사람 미승인 - tier1과 구분)"
SC_V1918_B018_003,거드럭거리다,RULE_A,3,L2,4,단일일치,,"현재 L3 -> L2(정책 후보, 사람 미승인 - tier1과 구분)"
SC_V1918_B018_005,거들먹거리다,RULE_A,3,L2,4,단일일치,,"현재 L3 -> L2(정책 후보, 사람 미승인 - tier1과 구분)"
SC_V1918_B018_007,거듭되다,RULE_A,3,L2,4,단일일치,,"현재 L3 -> L2(정책 후보, 사람 미승인 - tier1과 구분)"
SC_V1918_B018_015,거무스름하다,RULE_A,3,L2,4,단일일치,,"현재 L3 -> L2(정책 후보, 사람 미승인 - tier1과 구분)"
SC_V1918_B018_016,거무죽죽하다,RULE_A,3,L2,4,단일일치,,"현재 L3 -> L2(정책 후보, 사람 미승인 - tier1과 구분)"
SC_V1918_B018_017,거무튀튀하다,RULE_A,3,L2,4,단일일치,,"현재 L3 -> L2(정책 후보, 사람 미승인 - tier1과 구분)"
SC_V1918_B018_020,거봐라,RULE_A,3,L2,4,단일일치,,"현재 L3 -> L2(정책 후보, 사람 미승인 - tier1과 구분)"
SC_V1918_B018_025,거울삼다,RULE_A,3,L2,4,단일일치,,"현재 L3 -> L2(정책 후보, 사람 미승인 - tier1과 구분)"
SC_V1918_B018_026,거저먹기,RULE_A,3,L2,4,단일일치,,"현재 L3 -> L2(정책 후보, 사람 미승인 - tier1과 구분)"
SC_V1918_B018_031,거즈,RULE_A,3,L2,4,단일일치,,"현재 L3 -> L2(정책 후보, 사람 미승인 - tier1과 구분)"
SC_V1918_B018_034,거짓말투성이,RULE_A,3,L2,4,단일일치,,"현재 L3 -> L2(정책 후보, 사람 미승인 - tier1과 구분)"
SC_V1918_B018_039,거칠어지다,RULE_B,2,L1,3,단일일치,,"현재 L2 -> L1(정책 후보, 사람 미승인 - tier1과 구분)"
SC_V1918_B018_041,거침없이,RULE_A,3,L2,4,단일일치,,"현재 L3 -> L2(정책 후보, 사람 미승인 - tier1과 구분)"
SC_V1918_B018_048,건너다니다,RULE_A,3,L2,4,단일일치,,"현재 L3 -> L2(정책 후보, 사람 미승인 - tier1과 구분)"
SC_V1919_B019_003,건설업,RULE_A,3,L2,4,단일일치,,"현재 L3 -> L2(정책 후보, 사람 미승인 - tier1과 구분)"
SC_V1919_B019_004,건설업자,RULE_A,3,L2,4,단일일치,,"현재 L3 -> L2(정책 후보, 사람 미승인 - tier1과 구분)"
SC_V1919_B019_007,건조대,RULE_A,3,L2,4,단일일치,,"현재 L3 -> L2(정책 후보, 사람 미승인 - tier1과 구분)"
SC_V1919_B019_014,걷어붙이다,RULE_A,3,L2,4,단일일치,,"현재 L3 -> L2(정책 후보, 사람 미승인 - tier1과 구분)"
SC_V1919_B019_017,걸레질하다,RULE_A,3,L2,4,단일일치,,"현재 L3 -> L2(정책 후보, 사람 미승인 - tier1과 구분)"
SC_V1919_B019_024,검불,RULE_A,3,L2,4,단일일치,,"현재 L3 -> L2(정책 후보, 사람 미승인 - tier1과 구분)"
SC_V1919_B019_029,검소하다,RULE_A,3,L2,4,단일일치,,"현재 L3 -> L2(정책 후보, 사람 미승인 - tier1과 구분)"
SC_V1919_B019_048,게시되다,RULE_A,3,L2,4,단일일치,,"현재 L3 -> L2(정책 후보, 사람 미승인 - tier1과 구분)"
SC_V1919_B019_049,게시물,RULE_A,3,L2,4,단일일치,,"현재 L3 -> L2(정책 후보, 사람 미승인 - tier1과 구분)"
SC_V1919_B019_050,게시하다,RULE_A,3,L2,4,단일일치,,"현재 L3 -> L2(정책 후보, 사람 미승인 - tier1과 구분)"
SC_V1920_B020_001,게양대,RULE_A,3,L2,4,단일일치,,"현재 L3 -> L2(정책 후보, 사람 미승인 - tier1과 구분)"
SC_V1920_B020_009,겨를,RULE_A,3,L2,4,단일일치,,"현재 L3 -> L2(정책 후보, 사람 미승인 - tier1과 구분)"
SC_V1920_B020_017,격언,RULE_A,3,L2,4,단일일치,,"현재 L3 -> L2(정책 후보, 사람 미승인 - tier1과 구분)"
SC_V1920_B020_021,견적,RULE_A,3,L2,4,단일일치,,"현재 L3 -> L2(정책 후보, 사람 미승인 - tier1과 구분)"
SC_V1920_B020_022,견주다,RULE_A,3,L2,4,단일일치,,"현재 L3 -> L2(정책 후보, 사람 미승인 - tier1과 구분)"
SC_V1920_B020_026,결단력,RULE_A,3,L2,4,단일일치,,"현재 L3 -> L2(정책 후보, 사람 미승인 - tier1과 구분)"
SC_V1920_B020_032,결점,RULE_A,3,L2,4,단일일치,,"현재 L3 -> L2(정책 후보, 사람 미승인 - tier1과 구분)"
SC_V1920_B020_040,경계망,RULE_A,3,L2,4,단일일치,,"현재 L3 -> L2(정책 후보, 사람 미승인 - tier1과 구분)"
SC_V1920_B020_043,경례하다,RULE_A,3,L2,4,단일일치,,"현재 L3 -> L2(정책 후보, 사람 미승인 - tier1과 구분)"
SC_V1920_B020_047,경보기,RULE_A,3,L2,4,단일일치,,"현재 L3 -> L2(정책 후보, 사람 미승인 - tier1과 구분)"
SC_V1920_B020_049,경비하다,RULE_A,3,L2,4,단일일치,,"현재 L3 -> L2(정책 후보, 사람 미승인 - tier1과 구분)"
SC_V1920_B020_050,경사로,RULE_A,3,L2,4,단일일치,,"현재 L3 -> L2(정책 후보, 사람 미승인 - tier1과 구분)"
SC_V1921_B021_002,경사스럽다,RULE_A,3,L2,4,단일일치,,"현재 L3 -> L2(정책 후보, 사람 미승인 - tier1과 구분)"
SC_V1921_B021_010,경쟁력,RULE_A,3,L2,4,단일일치,,"현재 L3 -> L2(정책 후보, 사람 미승인 - tier1과 구분)"
SC_V1921_B021_011,경쟁심,RULE_A,3,L2,4,단일일치,,"현재 L3 -> L2(정책 후보, 사람 미승인 - tier1과 구분)"
SC_V1921_B021_019,경쾌하다,RULE_A,3,L2,4,단일일치,,"현재 L3 -> L2(정책 후보, 사람 미승인 - tier1과 구분)"
SC_V1921_B021_021,경험자,RULE_A,3,L2,4,단일일치,,"현재 L3 -> L2(정책 후보, 사람 미승인 - tier1과 구분)"
SC_V1921_B021_022,경호원,RULE_A,3,L2,4,단일일치,,"현재 L3 -> L2(정책 후보, 사람 미승인 - tier1과 구분)"
SC_V1921_B021_025,계란빵,RULE_A,3,L2,4,단일일치,,"현재 L3 -> L2(정책 후보, 사람 미승인 - tier1과 구분)"
SC_V1921_B021_028,계량스푼,RULE_A,3,L2,4,단일일치,,"현재 L3 -> L2(정책 후보, 사람 미승인 - tier1과 구분)"
SC_V1921_B021_029,계량컵,RULE_A,3,L2,4,단일일치,,"현재 L3 -> L2(정책 후보, 사람 미승인 - tier1과 구분)"
SC_V1921_B021_030,계몽,RULE_A,3,L2,4,단일일치,,"현재 L3 -> L2(정책 후보, 사람 미승인 - tier1과 구분)"
SC_V1921_B021_031,계몽하다,RULE_A,3,L2,4,단일일치,,"현재 L3 -> L2(정책 후보, 사람 미승인 - tier1과 구분)"
SC_V1921_B021_042,고구마튀김,RULE_A,3,L2,4,단일일치,,"현재 L3 -> L2(정책 후보, 사람 미승인 - tier1과 구분)"
SC_V1921_B021_047,고기잡이배,RULE_A,3,L2,4,단일일치,,"현재 L3 -> L2(정책 후보, 사람 미승인 - tier1과 구분)"
SC_V1922_B022_004,고뇌,RULE_A,3,L2,4,단일일치,,"현재 L3 -> L2(정책 후보, 사람 미승인 - tier1과 구분)"
SC_V1922_B022_011,고등어조림,RULE_A,3,L2,4,단일일치,,"현재 L3 -> L2(정책 후보, 사람 미승인 - tier1과 구분)"
SC_V1922_B022_013,고랭지,tier1_현재유지,3,L3,4,단일일치,교과_전문_의미,"변경 없음(사람 승인, 2026-09-29 14:58:04)"
SC_V1922_B022_017,고리하다,RULE_A,3,L2,4,단일일치,,"현재 L3 -> L2(정책 후보, 사람 미승인 - tier1과 구분)"
SC_V1922_B022_023,고무망치,RULE_A,3,L2,4,단일일치,,"현재 L3 -> L2(정책 후보, 사람 미승인 - tier1과 구분)"
SC_V1922_B022_024,고무보트,RULE_A,3,L2,4,단일일치,,"현재 L3 -> L2(정책 후보, 사람 미승인 - tier1과 구분)"
SC_V1922_B022_027,고무호스,RULE_A,3,L2,4,단일일치,,"현재 L3 -> L2(정책 후보, 사람 미승인 - tier1과 구분)"
SC_V1922_B022_034,고성능,RULE_A,3,L2,4,단일일치,,"현재 L3 -> L2(정책 후보, 사람 미승인 - tier1과 구분)"
SC_V1922_B022_035,고스란히,RULE_A,3,L2,4,단일일치,,"현재 L3 -> L2(정책 후보, 사람 미승인 - tier1과 구분)"
SC_V1922_B022_038,고안하다,RULE_A,3,L2,4,단일일치,,"현재 L3 -> L2(정책 후보, 사람 미승인 - tier1과 구분)"
SC_V1922_B022_039,고위급,RULE_A,3,L2,4,단일일치,,"현재 L3 -> L2(정책 후보, 사람 미승인 - tier1과 구분)"
SC_V1922_B022_041,고자질,RULE_A,3,L2,4,단일일치,,"현재 L3 -> L2(정책 후보, 사람 미승인 - tier1과 구분)"
SC_V1922_B022_042,고자질하다,RULE_A,3,L2,4,단일일치,,"현재 L3 -> L2(정책 후보, 사람 미승인 - tier1과 구분)"
SC_V1922_B022_045,고지식하다,RULE_A,3,L2,4,단일일치,,"현재 L3 -> L2(정책 후보, 사람 미승인 - tier1과 구분)"
SC_V1922_B022_046,고진감래,RULE_A,3,L2,4,단일일치,,"현재 L3 -> L2(정책 후보, 사람 미승인 - tier1과 구분)"
SC_V1923_B023_003,곤욕,RULE_A,3,L2,4,단일일치,,"현재 L3 -> L2(정책 후보, 사람 미승인 - tier1과 구분)"
SC_V1923_B023_006,곧이듣다,RULE_A,3,L2,4,단일일치,,"현재 L3 -> L2(정책 후보, 사람 미승인 - tier1과 구분)"
SC_V1923_B023_007,곧추세우다,RULE_A,3,L2,4,단일일치,,"현재 L3 -> L2(정책 후보, 사람 미승인 - tier1과 구분)"
SC_V1923_B023_018,골판지,RULE_A,3,L2,4,단일일치,,"현재 L3 -> L2(정책 후보, 사람 미승인 - tier1과 구분)"
SC_V1923_B023_028,공감대,RULE_A,3,L2,4,단일일치,,"현재 L3 -> L2(정책 후보, 사람 미승인 - tier1과 구분)"
SC_V1923_B023_033,공공시설,RULE_A,3,L2,4,단일일치,,"현재 L3 -> L2(정책 후보, 사람 미승인 - tier1과 구분)"
SC_V1923_B023_034,공공장소,RULE_A,3,L2,4,단일일치,,"현재 L3 -> L2(정책 후보, 사람 미승인 - tier1과 구분)"
SC_V1923_B023_035,공공질서,RULE_A,3,L2,4,단일일치,,"현재 L3 -> L2(정책 후보, 사람 미승인 - tier1과 구분)"
SC_V1923_B023_043,공명정대하다,RULE_A,3,L2,4,단일일치,,"현재 L3 -> L2(정책 후보, 사람 미승인 - tier1과 구분)"
SC_V1923_B023_044,공모전,RULE_A,3,L2,4,단일일치,,"현재 L3 -> L2(정책 후보, 사람 미승인 - tier1과 구분)"
SC_V1923_B023_045,공배수,tier1_기본레벨조정,3,L2,4,단일일치,교과_전문_의미,"현재 L3 -> L2(사람 승인, 2026-09-29 14:58:12)"
SC_V1924_B024_005,공업화,RULE_A,3,L2,4,단일일치,,"현재 L3 -> L2(정책 후보, 사람 미승인 - tier1과 구분)"
SC_V1924_B024_007,공예품,RULE_A,3,L2,4,단일일치,,"현재 L3 -> L2(정책 후보, 사람 미승인 - tier1과 구분)"
SC_V1924_B024_009,공정성,RULE_A,3,L2,4,단일일치,,"현재 L3 -> L2(정책 후보, 사람 미승인 - tier1과 구분)"
SC_V1924_B024_011,공중도덕,RULE_A,3,L2,4,단일일치,,"현재 L3 -> L2(정책 후보, 사람 미승인 - tier1과 구분)"
SC_V1924_B024_022,공항버스,RULE_A,3,L2,4,단일일치,,"현재 L3 -> L2(정책 후보, 사람 미승인 - tier1과 구분)"
SC_V1924_B024_023,공회전,tier1_현재유지,3,L3,4,단일일치,교과_전문_의미,"변경 없음(사람 승인, 2026-09-29 14:58:31)"
SC_V1924_B024_024,과감성,RULE_A,3,L2,4,단일일치,,"현재 L3 -> L2(정책 후보, 사람 미승인 - tier1과 구분)"
SC_V1924_B024_031,과속,RULE_A,3,L2,4,단일일치,,"현재 L3 -> L2(정책 후보, 사람 미승인 - tier1과 구분)"
SC_V1924_B024_033,과잉,RULE_A,3,L2,4,단일일치,,"현재 L3 -> L2(정책 후보, 사람 미승인 - tier1과 구분)"
SC_V1924_B024_039,과학계,RULE_A,3,L2,4,단일일치,,"현재 L3 -> L2(정책 후보, 사람 미승인 - tier1과 구분)"
SC_V1924_B024_041,과학화,RULE_A,3,L2,4,단일일치,,"현재 L3 -> L2(정책 후보, 사람 미승인 - tier1과 구분)"
SC_V1924_B024_042,과학화되다,RULE_A,3,L2,4,단일일치,,"현재 L3 -> L2(정책 후보, 사람 미승인 - tier1과 구분)"
SC_V1924_B024_045,관공서,RULE_A,3,L2,4,단일일치,,"현재 L3 -> L2(정책 후보, 사람 미승인 - tier1과 구분)"
SC_V1924_B024_050,관람료,RULE_A,3,L2,4,단일일치,,"현재 L3 -> L2(정책 후보, 사람 미승인 - tier1과 구분)"
SC_V1925_B025_001,관람석,RULE_A,3,L2,4,단일일치,,"현재 L3 -> L2(정책 후보, 사람 미승인 - tier1과 구분)"
SC_V1925_B025_002,관련자,RULE_A,3,L2,4,단일일치,,"현재 L3 -> L2(정책 후보, 사람 미승인 - tier1과 구분)"
SC_V1925_B025_004,관리소,RULE_A,3,L2,4,단일일치,,"현재 L3 -> L2(정책 후보, 사람 미승인 - tier1과 구분)"
SC_V1925_B025_006,관리원,RULE_A,3,L2,4,단일일치,,"현재 L3 -> L2(정책 후보, 사람 미승인 - tier1과 구분)"
SC_V1925_B025_012,관중석,RULE_A,3,L2,4,단일일치,,"현재 L3 -> L2(정책 후보, 사람 미승인 - tier1과 구분)"
SC_V1925_B025_013,관찰력,RULE_A,3,L2,4,단일일치,,"현재 L3 -> L2(정책 후보, 사람 미승인 - tier1과 구분)"
SC_V1925_B025_014,관찰자,RULE_A,3,L2,4,단일일치,,"현재 L3 -> L2(정책 후보, 사람 미승인 - tier1과 구분)"
SC_V1925_B025_022,광고주,RULE_A,3,L2,4,단일일치,,"현재 L3 -> L2(정책 후보, 사람 미승인 - tier1과 구분)"
SC_V1925_B025_026,광산촌,RULE_A,3,L2,4,단일일치,,"현재 L3 -> L2(정책 후보, 사람 미승인 - tier1과 구분)"
SC_V1925_B025_033,괘종시계,RULE_A,3,L2,4,단일일치,,"현재 L3 -> L2(정책 후보, 사람 미승인 - tier1과 구분)"
SC_V1925_B025_037,교대하다,RULE_A,3,L2,4,단일일치,,"현재 L3 -> L2(정책 후보, 사람 미승인 - tier1과 구분)"
SC_V1925_B025_039,교만하다,RULE_A,3,L2,4,단일일치,,"현재 L3 -> L2(정책 후보, 사람 미승인 - tier1과 구분)"
SC_V1925_B025_040,교역하다,RULE_A,3,L2,4,단일일치,,"현재 L3 -> L2(정책 후보, 사람 미승인 - tier1과 구분)"
SC_V1925_B025_047,교통난,RULE_A,3,L2,4,단일일치,,"현재 L3 -> L2(정책 후보, 사람 미승인 - tier1과 구분)"
SC_V1925_B025_048,교통로,RULE_A,3,L2,4,단일일치,,"현재 L3 -> L2(정책 후보, 사람 미승인 - tier1과 구분)"
SC_V1925_B025_049,교통망,RULE_A,3,L2,4,단일일치,,"현재 L3 -> L2(정책 후보, 사람 미승인 - tier1과 구분)"
SC_V1926_B026_001,교통안전,RULE_A,3,L2,4,단일일치,,"현재 L3 -> L2(정책 후보, 사람 미승인 - tier1과 구분)"
SC_V1926_B026_002,교통질서,RULE_A,3,L2,4,단일일치,,"현재 L3 -> L2(정책 후보, 사람 미승인 - tier1과 구분)"
SC_V1926_B026_003,교통편,RULE_A,3,L2,4,단일일치,,"현재 L3 -> L2(정책 후보, 사람 미승인 - tier1과 구분)"
SC_V1926_B026_012,구독료,RULE_A,3,L2,4,단일일치,,"현재 L3 -> L2(정책 후보, 사람 미승인 - tier1과 구분)"
SC_V1926_B026_017,구멍가게,RULE_A,3,L2,4,단일일치,,"현재 L3 -> L2(정책 후보, 사람 미승인 - tier1과 구분)"
SC_V1926_B026_019,구부정하다,RULE_A,3,L2,4,단일일치,,"현재 L3 -> L2(정책 후보, 사람 미승인 - tier1과 구분)"
SC_V1926_B026_025,구슬프다,RULE_A,3,L2,4,단일일치,,"현재 L3 -> L2(정책 후보, 사람 미승인 - tier1과 구분)"
SC_V1926_B026_026,구연동화,RULE_A,3,L2,4,단일일치,,"현재 L3 -> L2(정책 후보, 사람 미승인 - tier1과 구분)"
SC_V1926_B026_027,구조되다,RULE_A,3,L2,4,단일일치,,"현재 L3 -> L2(정책 후보, 사람 미승인 - tier1과 구분)"
SC_V1926_B026_034,국내선,RULE_A,3,L2,4,단일일치,,"현재 L3 -> L2(정책 후보, 사람 미승인 - tier1과 구분)"
SC_V1926_B026_049,국악인,RULE_A,3,L2,4,단일일치,,"현재 L3 -> L2(정책 후보, 사람 미승인 - tier1과 구분)"
SC_V1927_B027_002,국제공항,RULE_A,3,L2,4,단일일치,,"현재 L3 -> L2(정책 후보, 사람 미승인 - tier1과 구분)"
SC_V1927_B027_003,국제기구,RULE_A,3,L2,4,단일일치,,"현재 L3 -> L2(정책 후보, 사람 미승인 - tier1과 구분)"
SC_V1927_B027_006,군것질하다,RULE_A,3,L2,4,단일일치,,"현재 L3 -> L2(정책 후보, 사람 미승인 - tier1과 구분)"
SC_V1927_B027_011,군불,RULE_A,3,L2,4,단일일치,,"현재 L3 -> L2(정책 후보, 사람 미승인 - tier1과 구분)"
SC_V1927_B027_029,궂은비,RULE_A,3,L2,4,단일일치,,"현재 L3 -> L2(정책 후보, 사람 미승인 - tier1과 구분)"
SC_V1927_B027_031,권세,RULE_A,3,L2,4,단일일치,,"현재 L3 -> L2(정책 후보, 사람 미승인 - tier1과 구분)"
SC_V1927_B027_041,귀금속,RULE_A,3,L2,4,단일일치,,"현재 L3 -> L2(정책 후보, 사람 미승인 - tier1과 구분)"
SC_V1927_B027_044,귀담아듣다,RULE_A,3,L2,4,단일일치,,"현재 L3 -> L2(정책 후보, 사람 미승인 - tier1과 구분)"
SC_V1927_B027_046,귀띔하다,RULE_A,3,L2,4,단일일치,,"현재 L3 -> L2(정책 후보, 사람 미승인 - tier1과 구분)"
SC_V1928_B028_003,귀환,RULE_A,3,L2,4,단일일치,,"현재 L3 -> L2(정책 후보, 사람 미승인 - tier1과 구분)"
SC_V1928_B028_012,그간,RULE_A,3,L2,4,단일일치,,"현재 L3 -> L2(정책 후보, 사람 미승인 - tier1과 구분)"
SC_V1928_B028_018,그래픽,RULE_A,3,L2,4,단일일치,,"현재 L3 -> L2(정책 후보, 사람 미승인 - tier1과 구분)"
SC_V1928_B028_022,그리도,RULE_A,3,L2,4,단일일치,,"현재 L3 -> L2(정책 후보, 사람 미승인 - tier1과 구분)"
SC_V1928_B028_023,그리되다,RULE_A,3,L2,4,단일일치,,"현재 L3 -> L2(정책 후보, 사람 미승인 - tier1과 구분)"
SC_V1928_B028_027,그믐달,RULE_A,3,L2,4,단일일치,,"현재 L3 -> L2(정책 후보, 사람 미승인 - tier1과 구분)"
SC_V1928_B028_031,그을음,RULE_A,3,L2,4,단일일치,,"현재 L3 -> L2(정책 후보, 사람 미승인 - tier1과 구분)"
SC_V1928_B028_041,근대식,RULE_A,3,L2,4,단일일치,,"현재 L3 -> L2(정책 후보, 사람 미승인 - tier1과 구분)"
SC_V1928_B028_042,근대화,RULE_A,3,L2,4,단일일치,,"현재 L3 -> L2(정책 후보, 사람 미승인 - tier1과 구분)"
SC_V1928_B028_043,근대화되다,RULE_A,3,L2,4,단일일치,,"현재 L3 -> L2(정책 후보, 사람 미승인 - tier1과 구분)"
SC_V1928_B028_047,근면성,RULE_A,3,L2,4,단일일치,,"현재 L3 -> L2(정책 후보, 사람 미승인 - tier1과 구분)"
SC_V1928_B028_049,근심스럽다,RULE_A,3,L2,4,단일일치,,"현재 L3 -> L2(정책 후보, 사람 미승인 - tier1과 구분)"
SC_V1928_B028_050,근엄하다,RULE_A,3,L2,4,단일일치,,"현재 L3 -> L2(정책 후보, 사람 미승인 - tier1과 구분)"
SC_V1929_B029_006,글썽거리다,RULE_A,3,L2,4,단일일치,,"현재 L3 -> L2(정책 후보, 사람 미승인 - tier1과 구분)"
SC_V1929_B029_007,글썽글썽,RULE_A,3,L2,4,단일일치,,"현재 L3 -> L2(정책 후보, 사람 미승인 - tier1과 구분)"
SC_V1929_B029_008,글썽이다,RULE_A,3,L2,4,단일일치,,"현재 L3 -> L2(정책 후보, 사람 미승인 - tier1과 구분)"
SC_V1929_B029_015,금메달리스트,RULE_A,3,L2,4,단일일치,,"현재 L3 -> L2(정책 후보, 사람 미승인 - tier1과 구분)"
SC_V1929_B029_019,금새,RULE_A,3,L2,4,단일일치,,"현재 L3 -> L2(정책 후보, 사람 미승인 - tier1과 구분)"
SC_V1929_B029_020,금수강산,RULE_A,3,L2,4,단일일치,,"현재 L3 -> L2(정책 후보, 사람 미승인 - tier1과 구분)"
SC_V1929_B029_023,금융업,RULE_A,3,L2,4,단일일치,,"현재 L3 -> L2(정책 후보, 사람 미승인 - tier1과 구분)"
SC_V1929_B029_032,급변하다,RULE_A,3,L2,4,단일일치,,"현재 L3 -> L2(정책 후보, 사람 미승인 - tier1과 구분)"
SC_V1929_B029_039,급정거,RULE_A,3,L2,4,단일일치,,"현재 L3 -> L2(정책 후보, 사람 미승인 - tier1과 구분)"
SC_V1929_B029_044,기내식,RULE_A,3,L2,4,단일일치,,"현재 L3 -> L2(정책 후보, 사람 미승인 - tier1과 구분)"
SC_V1929_B029_050,기대서다,RULE_A,3,L2,4,단일일치,,"현재 L3 -> L2(정책 후보, 사람 미승인 - tier1과 구분)"
SC_V192_B002_018,겉보기,tier1_현재유지,0,L0,2,단일일치,뜻이_다를_가능성(뜻풀이위험78),"변경 없음(사람 승인, 2026-09-29 14:55:23)"
SC_V1930_B030_002,기동성,RULE_A,3,L2,4,단일일치,,"현재 L3 -> L2(정책 후보, 사람 미승인 - tier1과 구분)"
SC_V1930_B030_007,기리다,RULE_A,3,L2,4,단일일치,,"현재 L3 -> L2(정책 후보, 사람 미승인 - tier1과 구분)"
SC_V1930_B030_010,기본기,RULE_A,3,L2,4,단일일치,,"현재 L3 -> L2(정책 후보, 사람 미승인 - tier1과 구분)"
SC_V1930_B030_011,기본예절,RULE_A,3,L2,4,단일일치,,"현재 L3 -> L2(정책 후보, 사람 미승인 - tier1과 구분)"
SC_V1930_B030_012,기본자세,RULE_A,3,L2,4,단일일치,,"현재 L3 -> L2(정책 후보, 사람 미승인 - tier1과 구분)"
SC_V1930_B030_016,기세등등하다,RULE_A,3,L2,4,단일일치,,"현재 L3 -> L2(정책 후보, 사람 미승인 - tier1과 구분)"
SC_V1930_B030_018,기술력,RULE_A,3,L2,4,단일일치,,"현재 L3 -> L2(정책 후보, 사람 미승인 - tier1과 구분)"
SC_V1930_B030_027,기웃,RULE_A,3,L2,4,단일일치,,"현재 L3 -> L2(정책 후보, 사람 미승인 - tier1과 구분)"
SC_V1930_B030_039,기틀,RULE_A,3,L2,4,단일일치,,"현재 L3 -> L2(정책 후보, 사람 미승인 - tier1과 구분)"
SC_V1930_B030_045,긴박감,RULE_A,3,L2,4,단일일치,,"현재 L3 -> L2(정책 후보, 사람 미승인 - tier1과 구분)"
SC_V1931_B031_002,길쌈,RULE_A,3,L2,4,단일일치,,"현재 L3 -> L2(정책 후보, 사람 미승인 - tier1과 구분)"
SC_V1931_B031_005,김장철,RULE_A,3,L2,4,단일일치,,"현재 L3 -> L2(정책 후보, 사람 미승인 - tier1과 구분)"
SC_V1931_B031_009,까끌까끌하다,RULE_A,3,L2,4,단일일치,,"현재 L3 -> L2(정책 후보, 사람 미승인 - tier1과 구분)"
SC_V1931_B031_013,까치밥,RULE_A,3,L2,4,단일일치,,"현재 L3 -> L2(정책 후보, 사람 미승인 - tier1과 구분)"
SC_V1931_B031_018,깍듯하다,RULE_A,3,L2,4,단일일치,,"현재 L3 -> L2(정책 후보, 사람 미승인 - tier1과 구분)"
SC_V1931_B031_019,깎아지르다,RULE_A,3,L2,4,단일일치,,"현재 L3 -> L2(정책 후보, 사람 미승인 - tier1과 구분)"
SC_V1931_B031_025,깡충거리다,RULE_A,3,L2,4,단일일치,,"현재 L3 -> L2(정책 후보, 사람 미승인 - tier1과 구분)"
SC_V1931_B031_031,꺼이꺼이,RULE_A,3,L2,4,단일일치,,"현재 L3 -> L2(정책 후보, 사람 미승인 - tier1과 구분)"
SC_V1931_B031_034,꺾꽂이하다,tier1_현재유지,3,L3,4,단일일치,교과_전문_의미,"변경 없음(사람 승인, 2026-09-29 14:58:47)"
SC_V1931_B031_035,께름칙하다,RULE_A,3,L2,4,단일일치,,"현재 L3 -> L2(정책 후보, 사람 미승인 - tier1과 구분)"
SC_V1931_B031_036,꼬깃꼬깃,RULE_A,3,L2,4,단일일치,,"현재 L3 -> L2(정책 후보, 사람 미승인 - tier1과 구분)"
SC_V1931_B031_037,꼬까신,RULE_A,3,L2,4,단일일치,,"현재 L3 -> L2(정책 후보, 사람 미승인 - tier1과 구분)"
SC_V1931_B031_042,꼬부리다,RULE_A,3,L2,4,단일일치,,"현재 L3 -> L2(정책 후보, 사람 미승인 - tier1과 구분)"
SC_V1931_B031_047,꼼작,RULE_A,3,L2,4,단일일치,,"현재 L3 -> L2(정책 후보, 사람 미승인 - tier1과 구분)"
SC_V1931_B031_048,꼼지락꼼지락,RULE_A,3,L2,4,단일일치,,"현재 L3 -> L2(정책 후보, 사람 미승인 - tier1과 구분)"
SC_V1931_B031_050,꽃가루,tier1_현재유지,1,L1,3,단일일치,교과_전문_의미,"변경 없음(사람 승인, 2026-09-29 14:55:54)"
SC_V1932_B032_013,꽃사슴,RULE_A,3,L2,4,단일일치,,"현재 L3 -> L2(정책 후보, 사람 미승인 - tier1과 구분)"
SC_V1932_B032_016,꾀부리다,RULE_A,3,L2,4,단일일치,,"현재 L3 -> L2(정책 후보, 사람 미승인 - tier1과 구분)"
SC_V1932_B032_018,꾸깃꾸깃,RULE_A,3,L2,4,단일일치,,"현재 L3 -> L2(정책 후보, 사람 미승인 - tier1과 구분)"
SC_V1932_B032_020,꾸부정하다,RULE_A,3,L2,4,단일일치,,"현재 L3 -> L2(정책 후보, 사람 미승인 - tier1과 구분)"
SC_V1932_B032_021,꾸불꾸불,RULE_A,3,L2,4,단일일치,,"현재 L3 -> L2(정책 후보, 사람 미승인 - tier1과 구분)"
SC_V1932_B032_025,꾸지람하다,RULE_A,3,L2,4,단일일치,,"현재 L3 -> L2(정책 후보, 사람 미승인 - tier1과 구분)"
SC_V1932_B032_029,꿈길,RULE_A,3,L2,4,단일일치,,"현재 L3 -> L2(정책 후보, 사람 미승인 - tier1과 구분)"
SC_V1932_B032_032,꿍꿍이속,RULE_A,3,L2,4,단일일치,,"현재 L3 -> L2(정책 후보, 사람 미승인 - tier1과 구분)"
SC_V1932_B032_033,끄덕,RULE_A,3,L2,4,단일일치,,"현재 L3 -> L2(정책 후보, 사람 미승인 - tier1과 구분)"
SC_V1932_B032_035,끄떡없다,RULE_A,3,L2,4,단일일치,,"현재 L3 -> L2(정책 후보, 사람 미승인 - tier1과 구분)"
SC_V1932_B032_039,끔적거리다,RULE_A,3,L2,4,단일일치,,"현재 L3 -> L2(정책 후보, 사람 미승인 - tier1과 구분)"
SC_V1932_B032_050,낄낄,RULE_A,3,L2,4,단일일치,,"현재 L3 -> L2(정책 후보, 사람 미승인 - tier1과 구분)"
SC_V1933_B033_003,나노,tier1_현재유지,3,L3,4,단일일치,교과_전문_의미,"변경 없음(사람 승인, 2026-09-29 14:58:54)"
SC_V1933_B033_006,나라꽃,RULE_A,3,L2,4,단일일치,,"현재 L3 -> L2(정책 후보, 사람 미승인 - tier1과 구분)"
SC_V1933_B033_011,나막신,RULE_A,3,L2,4,단일일치,,"현재 L3 -> L2(정책 후보, 사람 미승인 - tier1과 구분)"
SC_V1933_B033_013,나무망치,RULE_A,3,L2,4,단일일치,,"현재 L3 -> L2(정책 후보, 사람 미승인 - tier1과 구분)"
SC_V1933_B033_014,나무뿌리,RULE_A,3,L2,4,단일일치,,"현재 L3 -> L2(정책 후보, 사람 미승인 - tier1과 구분)"
SC_V1933_B033_021,나박김치,RULE_A,3,L2,4,단일일치,,"현재 L3 -> L2(정책 후보, 사람 미승인 - tier1과 구분)"
SC_V1933_B033_026,나풀나풀,RULE_A,3,L2,4,단일일치,,"현재 L3 -> L2(정책 후보, 사람 미승인 - tier1과 구분)"
SC_V1933_B033_029,낙담하다,RULE_A,3,L2,4,단일일치,,"현재 L3 -> L2(정책 후보, 사람 미승인 - tier1과 구분)"
SC_V1933_B033_030,낙심,RULE_A,3,L2,4,단일일치,,"현재 L3 -> L2(정책 후보, 사람 미승인 - tier1과 구분)"
SC_V1933_B033_031,낙심하다,RULE_A,3,L2,4,단일일치,,"현재 L3 -> L2(정책 후보, 사람 미승인 - tier1과 구분)"
SC_V1933_B033_034,낚싯대,RULE_A,3,L2,4,단일일치,,"현재 L3 -> L2(정책 후보, 사람 미승인 - tier1과 구분)"
SC_V1933_B033_038,난이도,RULE_A,3,L2,4,단일일치,,"현재 L3 -> L2(정책 후보, 사람 미승인 - tier1과 구분)"
SC_V1934_B034_006,남부끄럽다,RULE_A,3,L2,4,단일일치,,"현재 L3 -> L2(정책 후보, 사람 미승인 - tier1과 구분)"
SC_V1934_B034_018,납득하다,RULE_A,3,L2,4,단일일치,,"현재 L3 -> L2(정책 후보, 사람 미승인 - tier1과 구분)"
SC_V1934_B034_019,납땜질,RULE_A,3,L2,4,단일일치,,"현재 L3 -> L2(정책 후보, 사람 미승인 - tier1과 구분)"
SC_V1934_B034_026,낭독회,RULE_A,3,L2,4,단일일치,,"현재 L3 -> L2(정책 후보, 사람 미승인 - tier1과 구분)"
SC_V1934_B034_033,낱권,RULE_A,3,L2,4,단일일치,,"현재 L3 -> L2(정책 후보, 사람 미승인 - tier1과 구분)"
SC_V1934_B034_038,내구성,RULE_A,3,L2,4,단일일치,,"현재 L3 -> L2(정책 후보, 사람 미승인 - tier1과 구분)"
SC_V1934_B034_042,내로라하다,RULE_A,3,L2,4,단일일치,,"현재 L3 -> L2(정책 후보, 사람 미승인 - tier1과 구분)"
SC_V1935_B035_003,냅킨,RULE_A,3,L2,4,단일일치,,"현재 L3 -> L2(정책 후보, 사람 미승인 - tier1과 구분)"
SC_V1935_B035_006,냉국,RULE_A,3,L2,4,단일일치,,"현재 L3 -> L2(정책 후보, 사람 미승인 - tier1과 구분)"
SC_V1935_B035_013,냉잇국,RULE_A,3,L2,4,단일일치,,"현재 L3 -> L2(정책 후보, 사람 미승인 - tier1과 구분)"
SC_V1935_B035_015,냉철하다,RULE_A,3,L2,4,단일일치,,"현재 L3 -> L2(정책 후보, 사람 미승인 - tier1과 구분)"
SC_V1935_B035_021,너와집,tier1_현재유지,3,L3,4,단일일치,교과_전문_의미,"변경 없음(사람 승인, 2026-09-29 14:59:00)"
SC_V1935_B035_027,넓적다리,RULE_A,3,L2,4,단일일치,,"현재 L3 -> L2(정책 후보, 사람 미승인 - tier1과 구분)"
SC_V1935_B035_029,넝쿨,tier1_현재유지,1,L1,3,단일일치,교과_전문_의미,"변경 없음(사람 승인, 2026-09-29 14:56:11)"
SC_V1935_B035_039,노래자랑,RULE_A,3,L2,4,단일일치,,"현재 L3 -> L2(정책 후보, 사람 미승인 - tier1과 구분)"
SC_V1935_B035_043,노르무레하다,RULE_A,3,L2,4,단일일치,,"현재 L3 -> L2(정책 후보, 사람 미승인 - tier1과 구분)"
SC_V1936_B036_008,녹말풀,RULE_A,3,L2,4,단일일치,,"현재 L3 -> L2(정책 후보, 사람 미승인 - tier1과 구분)"
SC_V1936_B036_023,놀잇감,RULE_A,3,L2,4,단일일치,,"현재 L3 -> L2(정책 후보, 사람 미승인 - tier1과 구분)"
SC_V1936_B036_025,농간,RULE_A,3,L2,4,단일일치,,"현재 L3 -> L2(정책 후보, 사람 미승인 - tier1과 구분)"
SC_V1936_B036_028,농구대,RULE_A,3,L2,4,단일일치,,"현재 L3 -> L2(정책 후보, 사람 미승인 - tier1과 구분)"
SC_V1936_B036_033,농번기,RULE_A,3,L2,4,단일일치,,"현재 L3 -> L2(정책 후보, 사람 미승인 - tier1과 구분)"
SC_V1936_B036_037,농삿집,RULE_A,3,L2,4,단일일치,,"현재 L3 -> L2(정책 후보, 사람 미승인 - tier1과 구분)"
SC_V1937_B037_002,뇌리,RULE_A,3,L2,4,단일일치,,"현재 L3 -> L2(정책 후보, 사람 미승인 - tier1과 구분)"
SC_V1937_B037_012,누르께하다,RULE_A,3,L2,4,단일일치,,"현재 L3 -> L2(정책 후보, 사람 미승인 - tier1과 구분)"
SC_V1937_B037_028,눈물짓다,RULE_A,3,L2,4,단일일치,,"현재 L3 -> L2(정책 후보, 사람 미승인 - tier1과 구분)"
SC_V1937_B037_030,눈사태,RULE_A,3,L2,4,단일일치,,"현재 L3 -> L2(정책 후보, 사람 미승인 - tier1과 구분)"
SC_V1937_B037_036,눈요기,RULE_A,3,L2,4,단일일치,,"현재 L3 -> L2(정책 후보, 사람 미승인 - tier1과 구분)"
SC_V1937_B037_041,눈짓,RULE_A,3,L2,4,단일일치,,"현재 L3 -> L2(정책 후보, 사람 미승인 - tier1과 구분)"
SC_V1937_B037_042,눈짓하다,RULE_A,3,L2,4,단일일치,,"현재 L3 -> L2(정책 후보, 사람 미승인 - tier1과 구분)"
SC_V1937_B037_045,뉘앙스,RULE_A,3,L2,4,단일일치,,"현재 L3 -> L2(정책 후보, 사람 미승인 - tier1과 구분)"
SC_V1937_B037_047,뉘우침,RULE_A,3,L2,4,단일일치,,"현재 L3 -> L2(정책 후보, 사람 미승인 - tier1과 구분)"
SC_V1938_B038_004,능가하다,RULE_A,3,L2,4,단일일치,,"현재 L3 -> L2(정책 후보, 사람 미승인 - tier1과 구분)"
SC_V1938_B038_022,다되다,RULE_A,3,L2,4,단일일치,,"현재 L3 -> L2(정책 후보, 사람 미승인 - tier1과 구분)"
SC_V1938_B038_023,다듬어지다,RULE_A,3,L2,4,단일일치,,"현재 L3 -> L2(정책 후보, 사람 미승인 - tier1과 구분)"
SC_V1938_B038_024,다듬이질,RULE_A,3,L2,4,단일일치,,"현재 L3 -> L2(정책 후보, 사람 미승인 - tier1과 구분)"
SC_V1938_B038_025,다락집,RULE_A,3,L2,4,단일일치,,"현재 L3 -> L2(정책 후보, 사람 미승인 - tier1과 구분)"
SC_V1938_B038_029,다리미질하다,RULE_A,3,L2,4,단일일치,,"현재 L3 -> L2(정책 후보, 사람 미승인 - tier1과 구분)"
SC_V1938_B038_033,다림질하다,RULE_A,3,L2,4,단일일치,,"현재 L3 -> L2(정책 후보, 사람 미승인 - tier1과 구분)"
SC_V1938_B038_034,다목적,RULE_A,3,L2,4,단일일치,,"현재 L3 -> L2(정책 후보, 사람 미승인 - tier1과 구분)"
SC_V1938_B038_035,다사다난하다,RULE_A,3,L2,4,단일일치,,"현재 L3 -> L2(정책 후보, 사람 미승인 - tier1과 구분)"
SC_V1938_B038_042,다정스럽다,RULE_A,3,L2,4,단일일치,,"현재 L3 -> L2(정책 후보, 사람 미승인 - tier1과 구분)"
SC_V1938_B038_044,다짜고짜로,RULE_A,3,L2,4,단일일치,,"현재 L3 -> L2(정책 후보, 사람 미승인 - tier1과 구분)"
SC_V1939_B039_002,단결력,RULE_A,3,L2,4,단일일치,,"현재 L3 -> L2(정책 후보, 사람 미승인 - tier1과 구분)"
SC_V1939_B039_008,단연코,RULE_A,3,L2,4,단일일치,,"현재 L3 -> L2(정책 후보, 사람 미승인 - tier1과 구분)"
SC_V1939_B039_009,단옷날,tier1_기본레벨조정,3,L2,4,단일일치,교과_전문_의미,"현재 L3 -> L2(사람 승인, 2026-09-29 14:59:08)"
SC_V1939_B039_011,단일팀,RULE_A,3,L2,4,단일일치,,"현재 L3 -> L2(정책 후보, 사람 미승인 - tier1과 구분)"
SC_V1939_B039_012,단정히,RULE_A,3,L2,4,단일일치,,"현재 L3 -> L2(정책 후보, 사람 미승인 - tier1과 구분)"
SC_V1939_B039_021,단합,RULE_A,3,L2,4,단일일치,,"현재 L3 -> L2(정책 후보, 사람 미승인 - tier1과 구분)"
SC_V1939_B039_022,단호하다,RULE_A,3,L2,4,단일일치,,"현재 L3 -> L2(정책 후보, 사람 미승인 - tier1과 구분)"
SC_V1939_B039_023,단호히,RULE_A,3,L2,4,단일일치,,"현재 L3 -> L2(정책 후보, 사람 미승인 - tier1과 구분)"
SC_V1939_B039_025,달걀귀신,RULE_A,3,L2,4,단일일치,,"현재 L3 -> L2(정책 후보, 사람 미승인 - tier1과 구분)"
SC_V1939_B039_027,달걀부침,RULE_A,3,L2,4,단일일치,,"현재 L3 -> L2(정책 후보, 사람 미승인 - tier1과 구분)"
SC_V1939_B039_028,달걀찜,RULE_A,3,L2,4,단일일치,,"현재 L3 -> L2(정책 후보, 사람 미승인 - tier1과 구분)"
SC_V1939_B039_030,달걀흰자,RULE_A,3,L2,4,단일일치,,"현재 L3 -> L2(정책 후보, 사람 미승인 - tier1과 구분)"
SC_V1939_B039_032,달그락거리다,RULE_A,3,L2,4,단일일치,,"현재 L3 -> L2(정책 후보, 사람 미승인 - tier1과 구분)"
SC_V1939_B039_033,달그락달그락,RULE_A,3,L2,4,단일일치,,"현재 L3 -> L2(정책 후보, 사람 미승인 - tier1과 구분)"
SC_V1939_B039_039,달음질치다,RULE_A,3,L2,4,단일일치,,"현재 L3 -> L2(정책 후보, 사람 미승인 - tier1과 구분)"
SC_V1939_B039_043,닭조림,RULE_A,3,L2,4,단일일치,,"현재 L3 -> L2(정책 후보, 사람 미승인 - tier1과 구분)"
SC_V1939_B039_044,닭튀김,RULE_A,3,L2,4,단일일치,,"현재 L3 -> L2(정책 후보, 사람 미승인 - tier1과 구분)"
SC_V1939_B039_048,담력,RULE_A,3,L2,4,단일일치,,"현재 L3 -> L2(정책 후보, 사람 미승인 - tier1과 구분)"
SC_V1940_B040_002,담판하다,RULE_A,3,L2,4,단일일치,,"현재 L3 -> L2(정책 후보, 사람 미승인 - tier1과 구분)"
SC_V1940_B040_004,답례,RULE_A,3,L2,4,단일일치,,"현재 L3 -> L2(정책 후보, 사람 미승인 - tier1과 구분)"
SC_V1940_B040_005,답례하다,RULE_A,3,L2,4,단일일치,,"현재 L3 -> L2(정책 후보, 사람 미승인 - tier1과 구분)"
SC_V1940_B040_007,당구장,RULE_A,3,L2,4,단일일치,,"현재 L3 -> L2(정책 후보, 사람 미승인 - tier1과 구분)"
SC_V1940_B040_016,대견스레,RULE_A,3,L2,4,단일일치,,"현재 L3 -> L2(정책 후보, 사람 미승인 - tier1과 구분)"
SC_V1940_B040_018,대관람차,RULE_A,3,L2,4,단일일치,,"현재 L3 -> L2(정책 후보, 사람 미승인 - tier1과 구분)"
SC_V1940_B040_026,대롱거리다,RULE_A,3,L2,4,단일일치,,"현재 L3 -> L2(정책 후보, 사람 미승인 - tier1과 구분)"
SC_V1940_B040_028,대리점,RULE_A,3,L2,4,단일일치,,"현재 L3 -> L2(정책 후보, 사람 미승인 - tier1과 구분)"
SC_V1940_B040_030,대문자,RULE_A,3,L2,4,단일일치,,"현재 L3 -> L2(정책 후보, 사람 미승인 - tier1과 구분)"
SC_V1940_B040_040,대비책,RULE_A,3,L2,4,단일일치,,"현재 L3 -> L2(정책 후보, 사람 미승인 - tier1과 구분)"
SC_V1940_B040_043,대소변,RULE_A,3,L2,4,단일일치,,"현재 L3 -> L2(정책 후보, 사람 미승인 - tier1과 구분)"
SC_V1940_B040_046,대여점,RULE_A,3,L2,4,단일일치,,"현재 L3 -> L2(정책 후보, 사람 미승인 - tier1과 구분)"
SC_V1941_B041_009,대중화되다,RULE_A,3,L2,4,단일일치,,"현재 L3 -> L2(정책 후보, 사람 미승인 - tier1과 구분)"
SC_V1941_B041_010,대찬성,RULE_A,3,L2,4,단일일치,,"현재 L3 -> L2(정책 후보, 사람 미승인 - tier1과 구분)"
SC_V1941_B041_014,대패질하다,RULE_A,3,L2,4,단일일치,,"현재 L3 -> L2(정책 후보, 사람 미승인 - tier1과 구분)"
SC_V1941_B041_018,대표작,RULE_A,3,L2,4,단일일치,,"현재 L3 -> L2(정책 후보, 사람 미승인 - tier1과 구분)"
SC_V1941_B041_019,대피령,RULE_A,3,L2,4,단일일치,,"현재 L3 -> L2(정책 후보, 사람 미승인 - tier1과 구분)"
SC_V1941_B041_020,대피소,RULE_A,3,L2,4,단일일치,,"현재 L3 -> L2(정책 후보, 사람 미승인 - tier1과 구분)"
SC_V1941_B041_023,대합실,RULE_A,3,L2,4,단일일치,,"현재 L3 -> L2(정책 후보, 사람 미승인 - tier1과 구분)"
SC_V1941_B041_028,댕그랑,RULE_A,3,L2,4,단일일치,,"현재 L3 -> L2(정책 후보, 사람 미승인 - tier1과 구분)"
SC_V1941_B041_033,더러움,RULE_A,3,L2,4,단일일치,,"현재 L3 -> L2(정책 후보, 사람 미승인 - tier1과 구분)"
SC_V1941_B041_037,덕담,RULE_A,3,L2,4,단일일치,,"현재 L3 -> L2(정책 후보, 사람 미승인 - tier1과 구분)"
SC_V1941_B041_038,덕택,RULE_A,3,L2,4,단일일치,,"현재 L3 -> L2(정책 후보, 사람 미승인 - tier1과 구분)"
SC_V1941_B041_039,덜거덕거리다,RULE_A,3,L2,4,단일일치,,"현재 L3 -> L2(정책 후보, 사람 미승인 - tier1과 구분)"
SC_V1941_B041_042,덜커덩,RULE_A,3,L2,4,단일일치,,"현재 L3 -> L2(정책 후보, 사람 미승인 - tier1과 구분)"
SC_V1941_B041_043,덥수룩하다,RULE_A,3,L2,4,단일일치,,"현재 L3 -> L2(정책 후보, 사람 미승인 - tier1과 구분)"
SC_V1941_B041_047,덩굴,tier1_현재유지,1,L1,3,단일일치,교과_전문_의미,"변경 없음(사람 승인, 2026-09-29 14:56:22)"
SC_V1941_B041_048,덩달다,RULE_A,3,L2,4,단일일치,,"현재 L3 -> L2(정책 후보, 사람 미승인 - tier1과 구분)"
SC_V1941_B041_050,덮밥,RULE_A,3,L2,4,단일일치,,"현재 L3 -> L2(정책 후보, 사람 미승인 - tier1과 구분)"
SC_V1942_B042_012,도로망,RULE_A,3,L2,4,단일일치,,"현재 L3 -> L2(정책 후보, 사람 미승인 - tier1과 구분)"
SC_V1942_B042_014,도리어,RULE_A,3,L2,4,단일일치,,"현재 L3 -> L2(정책 후보, 사람 미승인 - tier1과 구분)"
SC_V1942_B042_015,도맡다,RULE_A,3,L2,4,단일일치,,"현재 L3 -> L2(정책 후보, 사람 미승인 - tier1과 구분)"
SC_V1942_B042_031,독려하다,RULE_A,3,L2,4,단일일치,,"현재 L3 -> L2(정책 후보, 사람 미승인 - tier1과 구분)"
SC_V1942_B042_040,돈독하다,RULE_A,3,L2,4,단일일치,,"현재 L3 -> L2(정책 후보, 사람 미승인 - tier1과 구분)"
SC_V1943_B043_010,돌치기,RULE_A,3,L2,4,단일일치,,"현재 L3 -> L2(정책 후보, 사람 미승인 - tier1과 구분)"
SC_V1943_B043_015,동감하다,RULE_A,3,L2,4,단일일치,,"현재 L3 -> L2(정책 후보, 사람 미승인 - tier1과 구분)"
SC_V1943_B043_024,동물성,RULE_A,3,L2,4,단일일치,,"현재 L3 -> L2(정책 후보, 사람 미승인 - tier1과 구분)"
SC_V1943_B043_034,동여매다,RULE_A,3,L2,4,단일일치,,"현재 L3 -> L2(정책 후보, 사람 미승인 - tier1과 구분)"
SC_V1943_B043_037,동장군,RULE_A,3,L2,4,단일일치,,"현재 L3 -> L2(정책 후보, 사람 미승인 - tier1과 구분)"
SC_V1943_B043_038,동정심,RULE_A,3,L2,4,단일일치,,"현재 L3 -> L2(정책 후보, 사람 미승인 - tier1과 구분)"
SC_V1943_B043_039,동조하다,RULE_A,3,L2,4,단일일치,,"현재 L3 -> L2(정책 후보, 사람 미승인 - tier1과 구분)"
SC_V1943_B043_043,동창회,RULE_A,3,L2,4,단일일치,,"현재 L3 -> L2(정책 후보, 사람 미승인 - tier1과 구분)"
SC_V1944_B044_014,두레박,RULE_A,3,L2,4,단일일치,,"현재 L3 -> L2(정책 후보, 사람 미승인 - tier1과 구분)"
SC_V1944_B044_016,두릅,RULE_A,3,L2,4,단일일치,,"현재 L3 -> L2(정책 후보, 사람 미승인 - tier1과 구분)"
SC_V1944_B044_020,두메,RULE_A,3,L2,4,단일일치,,"현재 L3 -> L2(정책 후보, 사람 미승인 - tier1과 구분)"
SC_V1944_B044_041,뒤웅박,RULE_A,3,L2,4,단일일치,,"현재 L3 -> L2(정책 후보, 사람 미승인 - tier1과 구분)"
SC_V1944_B044_043,뒤주,RULE_A,3,L2,4,단일일치,,"현재 L3 -> L2(정책 후보, 사람 미승인 - tier1과 구분)"
SC_V1945_B045_009,뒷정리,RULE_A,3,L2,4,단일일치,,"현재 L3 -> L2(정책 후보, 사람 미승인 - tier1과 구분)"
SC_V1945_B045_013,드높이다,RULE_A,3,L2,4,단일일치,,"현재 L3 -> L2(정책 후보, 사람 미승인 - tier1과 구분)"
SC_V1945_B045_015,득점왕,RULE_A,3,L2,4,단일일치,,"현재 L3 -> L2(정책 후보, 사람 미승인 - tier1과 구분)"
SC_V1945_B045_020,들기름,RULE_A,3,L2,4,단일일치,,"현재 L3 -> L2(정책 후보, 사람 미승인 - tier1과 구분)"
SC_V1945_B045_023,들볶이다,RULE_A,3,L2,4,단일일치,,"현재 L3 -> L2(정책 후보, 사람 미승인 - tier1과 구분)"
SC_V1945_B045_033,들쭉날쭉하다,RULE_A,3,L2,4,단일일치,,"현재 L3 -> L2(정책 후보, 사람 미승인 - tier1과 구분)"
SC_V1945_B045_036,듯싶다,RULE_A,3,L2,4,단일일치,,"현재 L3 -> L2(정책 후보, 사람 미승인 - tier1과 구분)"
SC_V1945_B045_047,등산가,RULE_A,3,L2,4,단일일치,,"현재 L3 -> L2(정책 후보, 사람 미승인 - tier1과 구분)"
SC_V1946_B046_001,등산화,RULE_A,3,L2,4,단일일치,,"현재 L3 -> L2(정책 후보, 사람 미승인 - tier1과 구분)"
SC_V1946_B046_018,따사롭다,RULE_A,3,L2,4,단일일치,,"현재 L3 -> L2(정책 후보, 사람 미승인 - tier1과 구분)"
SC_V1946_B046_023,딴전,RULE_A,3,L2,4,단일일치,,"현재 L3 -> L2(정책 후보, 사람 미승인 - tier1과 구분)"
SC_V1946_B046_028,딸랑이,RULE_A,3,L2,4,단일일치,,"현재 L3 -> L2(정책 후보, 사람 미승인 - tier1과 구분)"
SC_V1946_B046_030,땀구멍,RULE_A,3,L2,4,단일일치,,"현재 L3 -> L2(정책 후보, 사람 미승인 - tier1과 구분)"
SC_V1946_B046_032,땅덩어리,RULE_A,3,L2,4,단일일치,,"현재 L3 -> L2(정책 후보, 사람 미승인 - tier1과 구분)"
SC_V1946_B046_033,땅덩이,RULE_A,3,L2,4,단일일치,,"현재 L3 -> L2(정책 후보, 사람 미승인 - tier1과 구분)"
SC_V1946_B046_034,땅따먹기,RULE_A,3,L2,4,단일일치,,"현재 L3 -> L2(정책 후보, 사람 미승인 - tier1과 구분)"
SC_V1946_B046_035,때굴때굴,RULE_A,3,L2,4,단일일치,,"현재 L3 -> L2(정책 후보, 사람 미승인 - tier1과 구분)"
SC_V1946_B046_036,때때옷,RULE_A,3,L2,4,단일일치,,"현재 L3 -> L2(정책 후보, 사람 미승인 - tier1과 구분)"
SC_V1946_B046_040,땡그랑,RULE_A,3,L2,4,단일일치,,"현재 L3 -> L2(정책 후보, 사람 미승인 - tier1과 구분)"
SC_V1946_B046_043,떠나보내다,RULE_A,3,L2,4,단일일치,,"현재 L3 -> L2(정책 후보, 사람 미승인 - tier1과 구분)"
SC_V1946_B046_050,떠벌리다,RULE_A,3,L2,4,단일일치,,"현재 L3 -> L2(정책 후보, 사람 미승인 - tier1과 구분)"
SC_V1947_B047_003,떡메,RULE_A,3,L2,4,단일일치,,"현재 L3 -> L2(정책 후보, 사람 미승인 - tier1과 구분)"
SC_V1947_B047_005,떡시루,RULE_A,3,L2,4,단일일치,,"현재 L3 -> L2(정책 후보, 사람 미승인 - tier1과 구분)"
SC_V1947_B047_016,또랑또랑하다,RULE_A,3,L2,4,단일일치,,"현재 L3 -> L2(정책 후보, 사람 미승인 - tier1과 구분)"
SC_V1947_B047_018,똑딱단추,RULE_A,3,L2,4,단일일치,,"현재 L3 -> L2(정책 후보, 사람 미승인 - tier1과 구분)"
SC_V1947_B047_019,똥그랗다,RULE_A,3,L2,4,단일일치,,"현재 L3 -> L2(정책 후보, 사람 미승인 - tier1과 구분)"
SC_V1947_B047_020,똥글똥글,RULE_A,3,L2,4,단일일치,,"현재 L3 -> L2(정책 후보, 사람 미승인 - tier1과 구분)"
SC_V1947_B047_024,뚜뚜,RULE_A,3,L2,4,단일일치,,"현재 L3 -> L2(정책 후보, 사람 미승인 - tier1과 구분)"
SC_V1947_B047_028,뜀뛰다,RULE_A,3,L2,4,단일일치,,"현재 L3 -> L2(정책 후보, 사람 미승인 - tier1과 구분)"
SC_V1947_B047_031,뜬눈,RULE_A,3,L2,4,단일일치,,"현재 L3 -> L2(정책 후보, 사람 미승인 - tier1과 구분)"
SC_V1948_B048_002,로맨틱하다,RULE_A,3,L2,4,단일일치,,"현재 L3 -> L2(정책 후보, 사람 미승인 - tier1과 구분)"
SC_V1948_B048_007,리듬감,RULE_A,3,L2,4,단일일치,,"현재 L3 -> L2(정책 후보, 사람 미승인 - tier1과 구분)"
SC_V1948_B048_011,린스,RULE_A,3,L2,4,단일일치,,"현재 L3 -> L2(정책 후보, 사람 미승인 - tier1과 구분)"
SC_V1948_B048_016,마네킹,RULE_A,3,L2,4,단일일치,,"현재 L3 -> L2(정책 후보, 사람 미승인 - tier1과 구분)"
SC_V1948_B048_017,마늘장아찌,RULE_A,3,L2,4,단일일치,,"현재 L3 -> L2(정책 후보, 사람 미승인 - tier1과 구분)"
SC_V1948_B048_019,마당비,RULE_A,3,L2,4,단일일치,,"현재 L3 -> L2(정책 후보, 사람 미승인 - tier1과 구분)"
SC_V1948_B048_026,마른반찬,RULE_A,3,L2,4,단일일치,,"현재 L3 -> L2(정책 후보, 사람 미승인 - tier1과 구분)"
SC_V1948_B048_027,마른오징어,RULE_A,3,L2,4,단일일치,,"현재 L3 -> L2(정책 후보, 사람 미승인 - tier1과 구분)"
SC_V1948_B048_031,마름질,RULE_A,3,L2,4,단일일치,,"현재 L3 -> L2(정책 후보, 사람 미승인 - tier1과 구분)"
SC_V1948_B048_036,마시멜로,RULE_A,3,L2,4,단일일치,,"현재 L3 -> L2(정책 후보, 사람 미승인 - tier1과 구분)"
SC_V1948_B048_044,막국수,RULE_A,3,L2,4,단일일치,,"현재 L3 -> L2(정책 후보, 사람 미승인 - tier1과 구분)"
SC_V1949_B049_006,만두소,RULE_A,3,L2,4,단일일치,,"현재 L3 -> L2(정책 후보, 사람 미승인 - tier1과 구분)"
SC_V1949_B049_009,만백성,RULE_A,3,L2,4,단일일치,,"현재 L3 -> L2(정책 후보, 사람 미승인 - tier1과 구분)"
SC_V1949_B049_011,만석꾼,RULE_A,3,L2,4,단일일치,,"현재 L3 -> L2(정책 후보, 사람 미승인 - tier1과 구분)"
SC_V1949_B049_013,만족도,RULE_A,3,L2,4,단일일치,,"현재 L3 -> L2(정책 후보, 사람 미승인 - tier1과 구분)"
SC_V1949_B049_014,만지작만지작,RULE_A,3,L2,4,단일일치,,"현재 L3 -> L2(정책 후보, 사람 미승인 - tier1과 구분)"
SC_V1949_B049_015,만지작만지작하다,RULE_A,3,L2,4,단일일치,,"현재 L3 -> L2(정책 후보, 사람 미승인 - tier1과 구분)"
SC_V1949_B049_035,말버릇,RULE_A,3,L2,4,단일일치,,"현재 L3 -> L2(정책 후보, 사람 미승인 - tier1과 구분)"
SC_V1949_B049_037,말복,RULE_A,3,L2,4,단일일치,,"현재 L3 -> L2(정책 후보, 사람 미승인 - tier1과 구분)"
SC_V1949_B049_043,말조심,RULE_A,3,L2,4,단일일치,,"현재 L3 -> L2(정책 후보, 사람 미승인 - tier1과 구분)"
SC_V1949_B049_044,말주머니,RULE_A,3,L2,4,단일일치,,"현재 L3 -> L2(정책 후보, 사람 미승인 - tier1과 구분)"
SC_V1949_B049_046,말참견,RULE_A,3,L2,4,단일일치,,"현재 L3 -> L2(정책 후보, 사람 미승인 - tier1과 구분)"
SC_V1949_B049_047,말참견하다,RULE_A,3,L2,4,단일일치,,"현재 L3 -> L2(정책 후보, 사람 미승인 - tier1과 구분)"
SC_V1950_B050_004,맙소사,RULE_A,3,L2,4,단일일치,,"현재 L3 -> L2(정책 후보, 사람 미승인 - tier1과 구분)"
SC_V1950_B050_006,망설임,RULE_A,3,L2,4,단일일치,,"현재 L3 -> L2(정책 후보, 사람 미승인 - tier1과 구분)"
SC_V1950_B050_007,망치질,RULE_A,3,L2,4,단일일치,,"현재 L3 -> L2(정책 후보, 사람 미승인 - tier1과 구분)"
SC_V1950_B050_008,맞바꾸다,RULE_A,3,L2,4,단일일치,,"현재 L3 -> L2(정책 후보, 사람 미승인 - tier1과 구분)"
SC_V1950_B050_009,맞받아치다,RULE_A,3,L2,4,단일일치,,"현재 L3 -> L2(정책 후보, 사람 미승인 - tier1과 구분)"
SC_V1950_B050_014,매끈거리다,RULE_A,3,L2,4,단일일치,,"현재 L3 -> L2(정책 후보, 사람 미승인 - tier1과 구분)"
SC_V1950_B050_017,매끌매끌하다,RULE_A,3,L2,4,단일일치,,"현재 L3 -> L2(정책 후보, 사람 미승인 - tier1과 구분)"
SC_V1950_B050_018,매립,RULE_A,3,L2,4,단일일치,,"현재 L3 -> L2(정책 후보, 사람 미승인 - tier1과 구분)"
SC_V1950_B050_019,매립장,RULE_A,3,L2,4,단일일치,,"현재 L3 -> L2(정책 후보, 사람 미승인 - tier1과 구분)"
SC_V1950_B050_028,매트리스,RULE_A,3,L2,4,단일일치,,"현재 L3 -> L2(정책 후보, 사람 미승인 - tier1과 구분)"
SC_V1950_B050_031,맥고모자,RULE_A,3,L2,4,단일일치,,"현재 L3 -> L2(정책 후보, 사람 미승인 - tier1과 구분)"
SC_V1950_B050_032,맨눈,RULE_A,3,L2,4,단일일치,,"현재 L3 -> L2(정책 후보, 사람 미승인 - tier1과 구분)"
SC_V1950_B050_041,맺어지다,RULE_A,3,L2,4,단일일치,,"현재 L3 -> L2(정책 후보, 사람 미승인 - tier1과 구분)"
SC_V1950_B050_048,머슴,RULE_A,3,L2,4,단일일치,,"현재 L3 -> L2(정책 후보, 사람 미승인 - tier1과 구분)"
SC_V1951_B051_005,먼지떨이,RULE_A,3,L2,4,단일일치,,"현재 L3 -> L2(정책 후보, 사람 미승인 - tier1과 구분)"
SC_V1951_B051_006,먼지투성이,RULE_A,3,L2,4,단일일치,,"현재 L3 -> L2(정책 후보, 사람 미승인 - tier1과 구분)"
SC_V1951_B051_007,멀거니,RULE_A,3,L2,4,단일일치,,"현재 L3 -> L2(정책 후보, 사람 미승인 - tier1과 구분)"
SC_V1951_B051_017,멋없다,RULE_A,3,L2,4,단일일치,,"현재 L3 -> L2(정책 후보, 사람 미승인 - tier1과 구분)"
SC_V1951_B051_018,멋없이,RULE_A,3,L2,4,단일일치,,"현재 L3 -> L2(정책 후보, 사람 미승인 - tier1과 구분)"
SC_V1951_B051_020,메밀국수,RULE_A,3,L2,4,단일일치,,"현재 L3 -> L2(정책 후보, 사람 미승인 - tier1과 구분)"
SC_V1951_B051_021,메밀묵,RULE_A,3,L2,4,단일일치,,"현재 L3 -> L2(정책 후보, 사람 미승인 - tier1과 구분)"
SC_V1951_B051_023,메아리치다,RULE_A,3,L2,4,단일일치,,"현재 L3 -> L2(정책 후보, 사람 미승인 - tier1과 구분)"
SC_V1951_B051_045,멸치조림,RULE_A,3,L2,4,단일일치,,"현재 L3 -> L2(정책 후보, 사람 미승인 - tier1과 구분)"
SC_V1952_B052_004,명예스럽다,RULE_A,3,L2,4,단일일치,,"현재 L3 -> L2(정책 후보, 사람 미승인 - tier1과 구분)"
SC_V1952_B052_006,명절날,RULE_A,3,L2,4,단일일치,,"현재 L3 -> L2(정책 후보, 사람 미승인 - tier1과 구분)"
SC_V1952_B052_015,모기향,RULE_A,3,L2,4,단일일치,,"현재 L3 -> L2(정책 후보, 사람 미승인 - tier1과 구분)"
SC_V1952_B052_016,모깃불,RULE_A,3,L2,4,단일일치,,"현재 L3 -> L2(정책 후보, 사람 미승인 - tier1과 구분)"
SC_V1952_B052_020,모닝콜,RULE_A,3,L2,4,단일일치,,"현재 L3 -> L2(정책 후보, 사람 미승인 - tier1과 구분)"
SC_V1952_B052_023,모둠발,RULE_A,3,L2,4,단일일치,,"현재 L3 -> L2(정책 후보, 사람 미승인 - tier1과 구분)"
SC_V1952_B052_030,모래투성이,RULE_A,3,L2,4,단일일치,,"현재 L3 -> L2(정책 후보, 사람 미승인 - tier1과 구분)"
SC_V1952_B052_032,모름지기,RULE_A,3,L2,4,단일일치,,"현재 L3 -> L2(정책 후보, 사람 미승인 - tier1과 구분)"
SC_V1952_B052_040,모조지,RULE_A,3,L2,4,단일일치,,"현재 L3 -> L2(정책 후보, 사람 미승인 - tier1과 구분)"
SC_V1952_B052_041,모종삽,RULE_A,3,L2,4,단일일치,,"현재 L3 -> L2(정책 후보, 사람 미승인 - tier1과 구분)"
SC_V1952_B052_043,모쪼록,RULE_A,3,L2,4,단일일치,,"현재 L3 -> L2(정책 후보, 사람 미승인 - tier1과 구분)"
SC_V1952_B052_045,모험가,RULE_A,3,L2,4,단일일치,,"현재 L3 -> L2(정책 후보, 사람 미승인 - tier1과 구분)"
SC_V1952_B052_046,모험담,RULE_A,3,L2,4,단일일치,,"현재 L3 -> L2(정책 후보, 사람 미승인 - tier1과 구분)"
SC_V1953_B053_006,목메다,RULE_A,3,L2,4,단일일치,,"현재 L3 -> L2(정책 후보, 사람 미승인 - tier1과 구분)"
SC_V1953_B053_010,목욕통,RULE_A,3,L2,4,단일일치,,"현재 L3 -> L2(정책 후보, 사람 미승인 - tier1과 구분)"
SC_V1953_B053_020,목표물,RULE_A,3,L2,4,단일일치,,"현재 L3 -> L2(정책 후보, 사람 미승인 - tier1과 구분)"
SC_V1953_B053_024,몰라주다,RULE_B,2,L1,3,단일일치,,"현재 L2 -> L1(정책 후보, 사람 미승인 - tier1과 구분)"
SC_V1953_B053_025,몰려나오다,RULE_A,3,L2,4,단일일치,,"현재 L3 -> L2(정책 후보, 사람 미승인 - tier1과 구분)"
SC_V1953_B053_034,몸서리나다,RULE_A,3,L2,4,단일일치,,"현재 L3 -> L2(정책 후보, 사람 미승인 - tier1과 구분)"
SC_V1953_B053_035,몸서리치다,RULE_A,3,L2,4,단일일치,,"현재 L3 -> L2(정책 후보, 사람 미승인 - tier1과 구분)"
SC_V1953_B053_050,묘사되다,RULE_A,3,L2,4,단일일치,,"현재 L3 -> L2(정책 후보, 사람 미승인 - tier1과 구분)"
SC_V1954_B054_004,무궁무진하다,RULE_A,3,L2,4,단일일치,,"현재 L3 -> L2(정책 후보, 사람 미승인 - tier1과 구분)"
SC_V1954_B054_009,무나물,RULE_A,3,L2,4,단일일치,,"현재 L3 -> L2(정책 후보, 사람 미승인 - tier1과 구분)"
SC_V1954_B054_011,무덤덤하다,RULE_A,3,L2,4,단일일치,,"현재 L3 -> L2(정책 후보, 사람 미승인 - tier1과 구분)"
SC_V1954_B054_014,무방비,RULE_A,3,L2,4,단일일치,,"현재 L3 -> L2(정책 후보, 사람 미승인 - tier1과 구분)"
SC_V1954_B054_015,무방하다,RULE_A,3,L2,4,단일일치,,"현재 L3 -> L2(정책 후보, 사람 미승인 - tier1과 구분)"
SC_V1954_B054_017,무산되다,RULE_A,3,L2,4,단일일치,,"현재 L3 -> L2(정책 후보, 사람 미승인 - tier1과 구분)"
SC_V1954_B054_020,무수하다,RULE_A,3,L2,4,단일일치,,"현재 L3 -> L2(정책 후보, 사람 미승인 - tier1과 구분)"
SC_V1954_B054_025,무엄하다,RULE_A,3,L2,4,단일일치,,"현재 L3 -> L2(정책 후보, 사람 미승인 - tier1과 구분)"
SC_V1954_B054_026,무역선,RULE_A,3,L2,4,단일일치,,"현재 L3 -> L2(정책 후보, 사람 미승인 - tier1과 구분)"
SC_V1954_B054_029,무역항,RULE_A,3,L2,4,단일일치,,"현재 L3 -> L2(정책 후보, 사람 미승인 - tier1과 구분)"
SC_V1954_B054_031,무용수,RULE_A,3,L2,4,단일일치,,"현재 L3 -> L2(정책 후보, 사람 미승인 - tier1과 구분)"
SC_V1954_B054_036,무장아찌,RULE_A,3,L2,4,단일일치,,"현재 L3 -> L2(정책 후보, 사람 미승인 - tier1과 구분)"
SC_V1954_B054_039,무진장하다,RULE_A,3,L2,4,단일일치,,"현재 L3 -> L2(정책 후보, 사람 미승인 - tier1과 구분)"
SC_V1954_B054_040,무턱대고,RULE_A,3,L2,4,단일일치,,"현재 L3 -> L2(정책 후보, 사람 미승인 - tier1과 구분)"
SC_V1954_B054_043,무한히,RULE_A,3,L2,4,단일일치,,"현재 L3 -> L2(정책 후보, 사람 미승인 - tier1과 구분)"
SC_V1954_B054_049,문갑,RULE_A,3,L2,4,단일일치,,"현재 L3 -> L2(정책 후보, 사람 미승인 - tier1과 구분)"
SC_V1955_B055_002,문란하다,RULE_A,3,L2,4,단일일치,,"현재 L3 -> L2(정책 후보, 사람 미승인 - tier1과 구분)"
SC_V1955_B055_005,문살,RULE_A,3,L2,4,단일일치,,"현재 L3 -> L2(정책 후보, 사람 미승인 - tier1과 구분)"
SC_V1955_B055_022,물기둥,RULE_A,3,L2,4,단일일치,,"현재 L3 -> L2(정책 후보, 사람 미승인 - tier1과 구분)"
SC_V1955_B055_029,물레방앗간,RULE_A,3,L2,4,단일일치,,"현재 L3 -> L2(정책 후보, 사람 미승인 - tier1과 구분)"
SC_V1955_B055_030,물리학,tier1_현재유지,4,L4,4,단일일치,교과_전문_의미,"변경 없음(사람 승인, 2026-09-29 15:02:05)"
SC_V1955_B055_035,물방울무늬,RULE_A,3,L2,4,단일일치,,"현재 L3 -> L2(정책 후보, 사람 미승인 - tier1과 구분)"
SC_V1955_B055_036,물벼락,RULE_A,3,L2,4,단일일치,,"현재 L3 -> L2(정책 후보, 사람 미승인 - tier1과 구분)"
SC_V1955_B055_037,물보라,RULE_A,3,L2,4,단일일치,,"현재 L3 -> L2(정책 후보, 사람 미승인 - tier1과 구분)"
SC_V1955_B055_038,물비누,RULE_A,3,L2,4,단일일치,,"현재 L3 -> L2(정책 후보, 사람 미승인 - tier1과 구분)"
SC_V1955_B055_040,물색하다,RULE_A,3,L2,4,단일일치,,"현재 L3 -> L2(정책 후보, 사람 미승인 - tier1과 구분)"
SC_V1955_B055_044,물장난하다,RULE_A,3,L2,4,단일일치,,"현재 L3 -> L2(정책 후보, 사람 미승인 - tier1과 구분)"
SC_V1955_B055_045,물장수,RULE_A,3,L2,4,단일일치,,"현재 L3 -> L2(정책 후보, 사람 미승인 - tier1과 구분)"
SC_V1955_B055_048,물청소하다,RULE_A,3,L2,4,단일일치,,"현재 L3 -> L2(정책 후보, 사람 미승인 - tier1과 구분)"
SC_V1955_B055_050,물컹거리다,RULE_A,3,L2,4,단일일치,,"현재 L3 -> L2(정책 후보, 사람 미승인 - tier1과 구분)"
SC_V1956_B056_001,물컹물컹하다,RULE_A,3,L2,4,단일일치,,"현재 L3 -> L2(정책 후보, 사람 미승인 - tier1과 구분)"
SC_V1956_B056_002,물컹하다,RULE_A,3,L2,4,단일일치,,"현재 L3 -> L2(정책 후보, 사람 미승인 - tier1과 구분)"
SC_V1956_B056_008,뭉툭하다,RULE_A,3,L2,4,단일일치,,"현재 L3 -> L2(정책 후보, 사람 미승인 - tier1과 구분)"
SC_V1956_B056_012,미끄럼대,RULE_A,3,L2,4,단일일치,,"현재 L3 -> L2(정책 후보, 사람 미승인 - tier1과 구분)"
SC_V1956_B056_014,미니카,RULE_A,3,L2,4,단일일치,,"현재 L3 -> L2(정책 후보, 사람 미승인 - tier1과 구분)"
SC_V1956_B056_015,미닫이,RULE_A,3,L2,4,단일일치,,"현재 L3 -> L2(정책 후보, 사람 미승인 - tier1과 구분)"
SC_V1956_B056_026,미술사,RULE_A,3,L2,4,단일일치,,"현재 L3 -> L2(정책 후보, 사람 미승인 - tier1과 구분)"
SC_V1956_B056_029,미심쩍다,RULE_A,3,L2,4,단일일치,,"현재 L3 -> L2(정책 후보, 사람 미승인 - tier1과 구분)"
SC_V1956_B056_032,미장원,RULE_A,3,L2,4,단일일치,,"현재 L3 -> L2(정책 후보, 사람 미승인 - tier1과 구분)"
SC_V1956_B056_040,민감성,RULE_A,3,L2,4,단일일치,,"현재 L3 -> L2(정책 후보, 사람 미승인 - tier1과 구분)"
SC_V1956_B056_041,민감하다,RULE_A,3,L2,4,단일일치,,"현재 L3 -> L2(정책 후보, 사람 미승인 - tier1과 구분)"
SC_V1956_B056_043,민망스럽다,RULE_A,3,L2,4,단일일치,,"현재 L3 -> L2(정책 후보, 사람 미승인 - tier1과 구분)"
SC_V1957_B057_003,민첩성,RULE_A,3,L2,4,단일일치,,"현재 L3 -> L2(정책 후보, 사람 미승인 - tier1과 구분)"
SC_V1957_B057_009,밀어닥치다,RULE_A,3,L2,4,단일일치,,"현재 L3 -> L2(정책 후보, 사람 미승인 - tier1과 구분)"
SC_V1957_B057_018,밑반찬,RULE_A,3,L2,4,단일일치,,"현재 L3 -> L2(정책 후보, 사람 미승인 - tier1과 구분)"
SC_V1957_B057_025,바늘땀,RULE_A,3,L2,4,단일일치,,"현재 L3 -> L2(정책 후보, 사람 미승인 - tier1과 구분)"
SC_V1957_B057_032,바래다주다,RULE_A,3,L2,4,단일일치,,"현재 L3 -> L2(정책 후보, 사람 미승인 - tier1과 구분)"
SC_V1957_B057_041,바짓가랑이,RULE_A,3,L2,4,단일일치,,"현재 L3 -> L2(정책 후보, 사람 미승인 - tier1과 구분)"
SC_V1957_B057_044,박애,RULE_A,3,L2,4,단일일치,,"현재 L3 -> L2(정책 후보, 사람 미승인 - tier1과 구분)"
SC_V1957_B057_046,반가이,RULE_A,3,L2,4,단일일치,,"현재 L3 -> L2(정책 후보, 사람 미승인 - tier1과 구분)"
SC_V1958_B058_002,반려동물,RULE_A,3,L2,4,단일일치,,"현재 L3 -> L2(정책 후보, 사람 미승인 - tier1과 구분)"
SC_V1958_B058_011,반소매,RULE_A,3,L2,4,단일일치,,"현재 L3 -> L2(정책 후보, 사람 미승인 - tier1과 구분)"
SC_V1958_B058_015,반짇고리,RULE_A,3,L2,4,단일일치,,"현재 L3 -> L2(정책 후보, 사람 미승인 - tier1과 구분)"
SC_V1958_B058_028,발동작,RULE_A,3,L2,4,단일일치,,"현재 L3 -> L2(정책 후보, 사람 미승인 - tier1과 구분)"
SC_V1958_B058_032,발명되다,RULE_A,3,L2,4,단일일치,,"현재 L3 -> L2(정책 후보, 사람 미승인 - tier1과 구분)"
SC_V1958_B058_033,발명왕,RULE_A,3,L2,4,단일일치,,"현재 L3 -> L2(정책 후보, 사람 미승인 - tier1과 구분)"
SC_V1958_B058_036,발생률,RULE_A,3,L2,4,단일일치,,"현재 L3 -> L2(정책 후보, 사람 미승인 - tier1과 구분)"
SC_V1958_B058_043,발육,RULE_A,3,L2,4,단일일치,,"현재 L3 -> L2(정책 후보, 사람 미승인 - tier1과 구분)"
SC_V1959_B059_008,밤송이,RULE_A,3,L2,4,단일일치,,"현재 L3 -> L2(정책 후보, 사람 미승인 - tier1과 구분)"
SC_V1959_B059_012,밥상보,RULE_A,3,L2,4,단일일치,,"현재 L3 -> L2(정책 후보, 사람 미승인 - tier1과 구분)"
SC_V1959_B059_014,방관,RULE_A,3,L2,4,단일일치,,"현재 L3 -> L2(정책 후보, 사람 미승인 - tier1과 구분)"
SC_V1959_B059_015,방관하다,RULE_A,3,L2,4,단일일치,,"현재 L3 -> L2(정책 후보, 사람 미승인 - tier1과 구분)"
SC_V1959_B059_018,방대하다,RULE_A,3,L2,4,단일일치,,"현재 L3 -> L2(정책 후보, 사람 미승인 - tier1과 구분)"
SC_V1959_B059_026,방송극,tier1_현재유지,3,L3,4,단일일치,교과_전문_의미,"변경 없음(사람 승인, 2026-09-29 14:59:30)"
SC_V1959_B059_033,방영되다,RULE_A,3,L2,4,단일일치,,"현재 L3 -> L2(정책 후보, 사람 미승인 - tier1과 구분)"
SC_V1959_B059_034,방영하다,RULE_A,3,L2,4,단일일치,,"현재 L3 -> L2(정책 후보, 사람 미승인 - tier1과 구분)"
SC_V1959_B059_036,방위표,RULE_A,3,L2,4,단일일치,,"현재 L3 -> L2(정책 후보, 사람 미승인 - tier1과 구분)"
SC_V1959_B059_047,밭고랑,RULE_A,3,L2,4,단일일치,,"현재 L3 -> L2(정책 후보, 사람 미승인 - tier1과 구분)"
SC_V195_B005_012,리을,tier1_현재유지,0,L0,2,단일일치,교과_전문_의미,"변경 없음(사람 승인, 2026-09-29 14:55:43)"
SC_V1960_B060_003,배관공,RULE_A,3,L2,4,단일일치,,"현재 L3 -> L2(정책 후보, 사람 미승인 - tier1과 구분)"
SC_V1960_B060_016,배짱부리다,RULE_A,3,L2,4,단일일치,,"현재 L3 -> L2(정책 후보, 사람 미승인 - tier1과 구분)"
SC_V1960_B060_022,배포되다,RULE_A,3,L2,4,단일일치,,"현재 L3 -> L2(정책 후보, 사람 미승인 - tier1과 구분)"
SC_V1960_B060_026,백분율,RULE_A,3,L2,4,단일일치,,"현재 L3 -> L2(정책 후보, 사람 미승인 - tier1과 구분)"
SC_V1960_B060_037,버겁다,RULE_A,3,L2,4,단일일치,,"현재 L3 -> L2(정책 후보, 사람 미승인 - tier1과 구분)"
SC_V1960_B060_044,버릇없다,RULE_A,3,L2,4,단일일치,,"현재 L3 -> L2(정책 후보, 사람 미승인 - tier1과 구분)"
SC_V1960_B060_046,버림받다,RULE_A,3,L2,4,단일일치,,"현재 L3 -> L2(정책 후보, 사람 미승인 - tier1과 구분)"
SC_V1960_B060_049,벅차오르다,RULE_A,3,L2,4,단일일치,,"현재 L3 -> L2(정책 후보, 사람 미승인 - tier1과 구분)"
SC_V1960_B060_050,번득이다,RULE_A,3,L2,4,단일일치,,"현재 L3 -> L2(정책 후보, 사람 미승인 - tier1과 구분)"
SC_V1961_B061_008,번쩍거리다,RULE_A,3,L2,4,단일일치,,"현재 L3 -> L2(정책 후보, 사람 미승인 - tier1과 구분)"
SC_V1961_B061_013,벌거숭이산,RULE_A,3,L2,4,단일일치,,"현재 L3 -> L2(정책 후보, 사람 미승인 - tier1과 구분)"
SC_V1961_B061_015,벌꿀,RULE_A,3,L2,4,단일일치,,"현재 L3 -> L2(정책 후보, 사람 미승인 - tier1과 구분)"
SC_V1961_B061_017,벌러덩,RULE_A,3,L2,4,단일일치,,"현재 L3 -> L2(정책 후보, 사람 미승인 - tier1과 구분)"
SC_V1961_B061_018,벌름거리다,RULE_A,3,L2,4,단일일치,,"현재 L3 -> L2(정책 후보, 사람 미승인 - tier1과 구분)"
SC_V1961_B061_030,벙글거리다,RULE_A,3,L2,4,단일일치,,"현재 L3 -> L2(정책 후보, 사람 미승인 - tier1과 구분)"
SC_V1961_B061_031,벙글벙글,RULE_A,3,L2,4,단일일치,,"현재 L3 -> L2(정책 후보, 사람 미승인 - tier1과 구분)"
SC_V1961_B061_032,벙글벙글하다,RULE_A,3,L2,4,단일일치,,"현재 L3 -> L2(정책 후보, 사람 미승인 - tier1과 구분)"
SC_V1961_B061_035,베테랑,RULE_A,3,L2,4,단일일치,,"현재 L3 -> L2(정책 후보, 사람 미승인 - tier1과 구분)"
SC_V1962_B062_001,변덕스럽다,RULE_A,3,L2,4,단일일치,,"현재 L3 -> L2(정책 후보, 사람 미승인 - tier1과 구분)"
SC_V1962_B062_005,변장하다,RULE_B,2,L1,3,단일일치,,"현재 L2 -> L1(정책 후보, 사람 미승인 - tier1과 구분)"
SC_V1962_B062_007,변질,RULE_A,3,L2,4,단일일치,,"현재 L3 -> L2(정책 후보, 사람 미승인 - tier1과 구분)"
SC_V1962_B062_011,변화무쌍하다,RULE_A,3,L2,4,단일일치,,"현재 L3 -> L2(정책 후보, 사람 미승인 - tier1과 구분)"
SC_V1962_B062_040,보도되다,RULE_A,3,L2,4,단일일치,,"현재 L3 -> L2(정책 후보, 사람 미승인 - tier1과 구분)"
SC_V1962_B062_041,보도블록,RULE_A,3,L2,4,단일일치,,"현재 L3 -> L2(정책 후보, 사람 미승인 - tier1과 구분)"
SC_V1962_B062_043,보들보들하다,RULE_A,3,L2,4,단일일치,,"현재 L3 -> L2(정책 후보, 사람 미승인 - tier1과 구분)"
SC_V1962_B062_045,보디가드,RULE_A,3,L2,4,단일일치,,"현재 L3 -> L2(정책 후보, 사람 미승인 - tier1과 구분)"
SC_V1963_B063_004,보배롭다,RULE_A,3,L2,4,단일일치,,"현재 L3 -> L2(정책 후보, 사람 미승인 - tier1과 구분)"
SC_V1963_B063_005,보슬비,RULE_A,3,L2,4,단일일치,,"현재 L3 -> L2(정책 후보, 사람 미승인 - tier1과 구분)"
SC_V1963_B063_009,보잘것없다,RULE_A,3,L2,4,단일일치,,"현재 L3 -> L2(정책 후보, 사람 미승인 - tier1과 구분)"
SC_V1963_B063_013,보폭,RULE_A,3,L2,4,단일일치,,"현재 L3 -> L2(정책 후보, 사람 미승인 - tier1과 구분)"
SC_V1963_B063_014,보행기,RULE_A,3,L2,4,단일일치,,"현재 L3 -> L2(정책 후보, 사람 미승인 - tier1과 구분)"
SC_V1963_B063_018,보호석,RULE_A,3,L2,4,단일일치,,"현재 L3 -> L2(정책 후보, 사람 미승인 - tier1과 구분)"
SC_V1963_B063_020,복귀하다,RULE_A,3,L2,4,단일일치,,"현재 L3 -> L2(정책 후보, 사람 미승인 - tier1과 구분)"
SC_V1963_B063_022,복덩이,RULE_A,3,L2,4,단일일치,,"현재 L3 -> L2(정책 후보, 사람 미승인 - tier1과 구분)"
SC_V1963_B063_027,복슬강아지,RULE_A,3,L2,4,단일일치,,"현재 L3 -> L2(정책 후보, 사람 미승인 - tier1과 구분)"
SC_V1963_B063_032,본부석,RULE_A,3,L2,4,단일일치,,"현재 L3 -> L2(정책 후보, 사람 미승인 - tier1과 구분)"
SC_V1963_B063_034,본토박이,RULE_A,3,L2,4,단일일치,,"현재 L3 -> L2(정책 후보, 사람 미승인 - tier1과 구분)"
SC_V1963_B063_038,볼우물,RULE_A,3,L2,4,단일일치,,"현재 L3 -> L2(정책 후보, 사람 미승인 - tier1과 구분)"
SC_V1963_B063_045,봄놀이하다,RULE_A,3,L2,4,단일일치,,"현재 L3 -> L2(정책 후보, 사람 미승인 - tier1과 구분)"
SC_V1963_B063_049,봄소식,RULE_A,3,L2,4,단일일치,,"현재 L3 -> L2(정책 후보, 사람 미승인 - tier1과 구분)"
SC_V1964_B064_001,봇짐,RULE_A,3,L2,4,단일일치,,"현재 L3 -> L2(정책 후보, 사람 미승인 - tier1과 구분)"
SC_V1964_B064_003,봉돌,RULE_A,3,L2,4,단일일치,,"현재 L3 -> L2(정책 후보, 사람 미승인 - tier1과 구분)"
SC_V1964_B064_004,봉제품,RULE_A,3,L2,4,단일일치,,"현재 L3 -> L2(정책 후보, 사람 미승인 - tier1과 구분)"
SC_V1964_B064_005,부귀영화,RULE_B,2,L1,3,단일일치,,"현재 L2 -> L1(정책 후보, 사람 미승인 - tier1과 구분)"
SC_V1964_B064_007,부농,RULE_A,3,L2,4,단일일치,,"현재 L3 -> L2(정책 후보, 사람 미승인 - tier1과 구분)"
SC_V1964_B064_010,부당성,RULE_A,3,L2,4,단일일치,,"현재 L3 -> L2(정책 후보, 사람 미승인 - tier1과 구분)"
SC_V1964_B064_015,부뚜막,RULE_A,3,L2,4,단일일치,,"현재 L3 -> L2(정책 후보, 사람 미승인 - tier1과 구분)"
SC_V1964_B064_019,부러트리다,RULE_A,3,L2,4,단일일치,,"현재 L3 -> L2(정책 후보, 사람 미승인 - tier1과 구분)"
SC_V1964_B064_026,부리부리하다,RULE_A,3,L2,4,단일일치,,"현재 L3 -> L2(정책 후보, 사람 미승인 - tier1과 구분)"
SC_V1964_B064_029,부산스럽다,RULE_A,3,L2,4,단일일치,,"현재 L3 -> L2(정책 후보, 사람 미승인 - tier1과 구분)"
SC_V1964_B064_032,부스러뜨리다,RULE_A,3,L2,4,단일일치,,"현재 L3 -> L2(정책 후보, 사람 미승인 - tier1과 구분)"
SC_V1964_B064_033,부스러지다,RULE_A,3,L2,4,단일일치,,"현재 L3 -> L2(정책 후보, 사람 미승인 - tier1과 구분)"
SC_V1964_B064_034,부스럭거리다,RULE_B,2,L1,3,단일일치,,"현재 L2 -> L1(정책 후보, 사람 미승인 - tier1과 구분)"
SC_V1964_B064_036,부싯돌,RULE_A,3,L2,4,단일일치,,"현재 L3 -> L2(정책 후보, 사람 미승인 - tier1과 구분)"
SC_V1964_B064_037,부어오르다,RULE_A,3,L2,4,단일일치,,"현재 L3 -> L2(정책 후보, 사람 미승인 - tier1과 구분)"
SC_V1964_B064_043,부의장,RULE_A,3,L2,4,단일일치,,"현재 L3 -> L2(정책 후보, 사람 미승인 - tier1과 구분)"
SC_V1964_B064_048,부적당하다,RULE_A,3,L2,4,단일일치,,"현재 L3 -> L2(정책 후보, 사람 미승인 - tier1과 구분)"
SC_V1964_B064_049,부적절하다,RULE_A,3,L2,4,단일일치,,"현재 L3 -> L2(정책 후보, 사람 미승인 - tier1과 구분)"
SC_V1964_B064_050,부적합하다,RULE_B,2,L1,3,단일일치,,"현재 L2 -> L1(정책 후보, 사람 미승인 - tier1과 구분)"
SC_V1965_B065_010,부화기,RULE_A,3,L2,4,단일일치,,"현재 L3 -> L2(정책 후보, 사람 미승인 - tier1과 구분)"
SC_V1965_B065_011,부흥,RULE_A,3,L2,4,단일일치,,"현재 L3 -> L2(정책 후보, 사람 미승인 - tier1과 구분)"
SC_V1965_B065_015,북동,RULE_A,3,L2,4,단일일치,,"현재 L3 -> L2(정책 후보, 사람 미승인 - tier1과 구분)"
SC_V1965_B065_016,북동쪽,RULE_A,3,L2,4,단일일치,,"현재 L3 -> L2(정책 후보, 사람 미승인 - tier1과 구분)"
SC_V1965_B065_017,북받치다,RULE_A,3,L2,4,단일일치,,"현재 L3 -> L2(정책 후보, 사람 미승인 - tier1과 구분)"
SC_V1965_B065_021,북엇국,RULE_A,3,L2,4,단일일치,,"현재 L3 -> L2(정책 후보, 사람 미승인 - tier1과 구분)"
SC_V1965_B065_024,분갈이,RULE_A,3,L2,4,단일일치,,"현재 L3 -> L2(정책 후보, 사람 미승인 - tier1과 구분)"
SC_V1965_B065_030,분모,tier1_현재유지,1,L1,3,단일일치,교과_전문_의미,"변경 없음(사람 승인, 2026-09-29 14:56:29)"
SC_V1965_B065_043,불가사의하다,RULE_A,3,L2,4,단일일치,,"현재 L3 -> L2(정책 후보, 사람 미승인 - tier1과 구분)"
SC_V1965_B065_044,불건전하다,RULE_A,3,L2,4,단일일치,,"현재 L3 -> L2(정책 후보, 사람 미승인 - tier1과 구분)"
SC_V1965_B065_045,불공정하다,RULE_A,3,L2,4,단일일치,,"현재 L3 -> L2(정책 후보, 사람 미승인 - tier1과 구분)"
SC_V1965_B065_049,불균형하다,RULE_A,3,L2,4,단일일치,,"현재 L3 -> L2(정책 후보, 사람 미승인 - tier1과 구분)"
SC_V1965_B065_050,불그레하다,RULE_A,3,L2,4,단일일치,,"현재 L3 -> L2(정책 후보, 사람 미승인 - tier1과 구분)"
SC_V1966_B066_003,불량품,RULE_A,3,L2,4,단일일치,,"현재 L3 -> L2(정책 후보, 사람 미승인 - tier1과 구분)"
SC_V1966_B066_004,불러일으키다,RULE_B,2,L1,3,단일일치,,"현재 L2 -> L1(정책 후보, 사람 미승인 - tier1과 구분)"
SC_V1966_B066_014,불안정하다,RULE_A,3,L2,4,단일일치,,"현재 L3 -> L2(정책 후보, 사람 미승인 - tier1과 구분)"
SC_V1966_B066_015,불완전하다,RULE_A,3,L2,4,단일일치,,"현재 L3 -> L2(정책 후보, 사람 미승인 - tier1과 구분)"
SC_V1966_B066_019,불참자,RULE_A,3,L2,4,단일일치,,"현재 L3 -> L2(정책 후보, 사람 미승인 - tier1과 구분)"
SC_V1966_B066_023,불쾌지수,RULE_A,3,L2,4,단일일치,,"현재 L3 -> L2(정책 후보, 사람 미승인 - tier1과 구분)"
SC_V1966_B066_025,불평등하다,RULE_A,3,L2,4,단일일치,,"현재 L3 -> L2(정책 후보, 사람 미승인 - tier1과 구분)"
SC_V1966_B066_031,불확실하다,RULE_A,3,L2,4,단일일치,,"현재 L3 -> L2(정책 후보, 사람 미승인 - tier1과 구분)"
SC_V1966_B066_035,붙임성,RULE_A,3,L2,4,단일일치,,"현재 L3 -> L2(정책 후보, 사람 미승인 - tier1과 구분)"
SC_V1966_B066_042,비공식,RULE_A,3,L2,4,단일일치,,"현재 L3 -> L2(정책 후보, 사람 미승인 - tier1과 구분)"
SC_V1966_B066_048,비닐우산,RULE_A,3,L2,4,단일일치,,"현재 L3 -> L2(정책 후보, 사람 미승인 - tier1과 구분)"
SC_V1967_B067_001,비단실,RULE_A,3,L2,4,단일일치,,"현재 L3 -> L2(정책 후보, 사람 미승인 - tier1과 구분)"
SC_V1967_B067_004,비디오카메라,RULE_A,3,L2,4,단일일치,,"현재 L3 -> L2(정책 후보, 사람 미승인 - tier1과 구분)"
SC_V1967_B067_005,비디오테이프,RULE_A,3,L2,4,단일일치,,"현재 L3 -> L2(정책 후보, 사람 미승인 - tier1과 구분)"
SC_V1967_B067_017,비상구,RULE_B,2,L1,3,단일일치,,"현재 L2 -> L1(정책 후보, 사람 미승인 - tier1과 구분)"
SC_V1967_B067_018,비상금,RULE_A,3,L2,4,단일일치,,"현재 L3 -> L2(정책 후보, 사람 미승인 - tier1과 구분)"
SC_V1967_B067_025,비아냥거리다,RULE_A,3,L2,4,단일일치,,"현재 L3 -> L2(정책 후보, 사람 미승인 - tier1과 구분)"
SC_V1967_B067_037,비행사,RULE_A,3,L2,4,단일일치,,"현재 L3 -> L2(정책 후보, 사람 미승인 - tier1과 구분)"
SC_V1967_B067_039,비행접시,RULE_A,3,L2,4,단일일치,,"현재 L3 -> L2(정책 후보, 사람 미승인 - tier1과 구분)"
SC_V1967_B067_045,빈번히,RULE_A,3,L2,4,단일일치,,"현재 L3 -> L2(정책 후보, 사람 미승인 - tier1과 구분)"
SC_V1967_B067_046,빈정거리다,RULE_A,3,L2,4,단일일치,,"현재 L3 -> L2(정책 후보, 사람 미승인 - tier1과 구분)"
SC_V1968_B068_003,빙긋,RULE_A,3,L2,4,단일일치,,"현재 L3 -> L2(정책 후보, 사람 미승인 - tier1과 구분)"
SC_V1968_B068_004,빙긋이,RULE_A,3,L2,4,단일일치,,"현재 L3 -> L2(정책 후보, 사람 미승인 - tier1과 구분)"
SC_V1968_B068_009,빨래방,RULE_A,3,L2,4,단일일치,,"현재 L3 -> L2(정책 후보, 사람 미승인 - tier1과 구분)"
SC_V1968_B068_010,빨래집게,RULE_B,2,L1,3,단일일치,,"현재 L2 -> L1(정책 후보, 사람 미승인 - tier1과 구분)"
SC_V1968_B068_012,빨래판,RULE_A,3,L2,4,단일일치,,"현재 L3 -> L2(정책 후보, 사람 미승인 - tier1과 구분)"
SC_V1968_B068_016,빨아올리다,RULE_A,3,L2,4,단일일치,,"현재 L3 -> L2(정책 후보, 사람 미승인 - tier1과 구분)"
SC_V1968_B068_017,빵긋빵긋,RULE_A,3,L2,4,단일일치,,"현재 L3 -> L2(정책 후보, 사람 미승인 - tier1과 구분)"
SC_V1968_B068_020,빼곡하다,RULE_A,3,L2,4,단일일치,,"현재 L3 -> L2(정책 후보, 사람 미승인 - tier1과 구분)"
SC_V1968_B068_024,뻐꾸기시계,RULE_A,3,L2,4,단일일치,,"현재 L3 -> L2(정책 후보, 사람 미승인 - tier1과 구분)"
SC_V1968_B068_033,뾰로통하다,RULE_A,3,L2,4,단일일치,,"현재 L3 -> L2(정책 후보, 사람 미승인 - tier1과 구분)"
SC_V1968_B068_036,뿌리내리다,RULE_A,3,L2,4,단일일치,,"현재 L3 -> L2(정책 후보, 사람 미승인 - tier1과 구분)"
SC_V1968_B068_044,삐죽거리다,RULE_A,3,L2,4,단일일치,,"현재 L3 -> L2(정책 후보, 사람 미승인 - tier1과 구분)"
SC_V1969_B069_014,사무국,RULE_A,3,L2,4,단일일치,,"현재 L3 -> L2(정책 후보, 사람 미승인 - tier1과 구분)"
SC_V1969_B069_017,사무직,RULE_A,3,L2,4,단일일치,,"현재 L3 -> L2(정책 후보, 사람 미승인 - tier1과 구분)"
SC_V1969_B069_022,사사로이,RULE_A,3,L2,4,단일일치,,"현재 L3 -> L2(정책 후보, 사람 미승인 - tier1과 구분)"
SC_V1969_B069_023,사사롭다,RULE_A,3,L2,4,단일일치,,"현재 L3 -> L2(정책 후보, 사람 미승인 - tier1과 구분)"
SC_V1969_B069_024,사상가,RULE_A,3,L2,4,단일일치,,"현재 L3 -> L2(정책 후보, 사람 미승인 - tier1과 구분)"
SC_V1969_B069_035,사임하다,RULE_A,3,L2,4,단일일치,,"현재 L3 -> L2(정책 후보, 사람 미승인 - tier1과 구분)"
SC_V1969_B069_037,사적지,RULE_A,3,L2,4,단일일치,,"현재 L3 -> L2(정책 후보, 사람 미승인 - tier1과 구분)"
SC_V1969_B069_038,사절단,RULE_A,3,L2,4,단일일치,,"현재 L3 -> L2(정책 후보, 사람 미승인 - tier1과 구분)"
SC_V1969_B069_040,사정사정하다,RULE_A,3,L2,4,단일일치,,"현재 L3 -> L2(정책 후보, 사람 미승인 - tier1과 구분)"
SC_V1969_B069_045,사진틀,RULE_A,3,L2,4,단일일치,,"현재 L3 -> L2(정책 후보, 사람 미승인 - tier1과 구분)"
SC_V1969_B069_046,사치스럽다,RULE_B,2,L1,3,단일일치,,"현재 L2 -> L1(정책 후보, 사람 미승인 - tier1과 구분)"
SC_V1969_B069_047,사포질,RULE_A,3,L2,4,단일일치,,"현재 L3 -> L2(정책 후보, 사람 미승인 - tier1과 구분)"
SC_V1970_B070_031,산해진미,RULE_A,3,L2,4,단일일치,,"현재 L3 -> L2(정책 후보, 사람 미승인 - tier1과 구분)"
SC_V1970_B070_036,살균,RULE_A,3,L2,4,단일일치,,"현재 L3 -> L2(정책 후보, 사람 미승인 - tier1과 구분)"
SC_V1970_B070_039,살래살래,RULE_A,3,L2,4,단일일치,,"현재 L3 -> L2(정책 후보, 사람 미승인 - tier1과 구분)"
SC_V1971_B071_001,삼각대,RULE_A,3,L2,4,단일일치,,"현재 L3 -> L2(정책 후보, 사람 미승인 - tier1과 구분)"
SC_V1971_B071_007,삼림,RULE_A,3,L2,4,단일일치,,"현재 L3 -> L2(정책 후보, 사람 미승인 - tier1과 구분)"
SC_V1971_B071_018,상담소,RULE_A,3,L2,4,단일일치,,"현재 L3 -> L2(정책 후보, 사람 미승인 - tier1과 구분)"
SC_V1971_B071_022,상반기,RULE_A,3,L2,4,단일일치,,"현재 L3 -> L2(정책 후보, 사람 미승인 - tier1과 구분)"
SC_V1971_B071_024,상부상조하다,RULE_A,3,L2,4,단일일치,,"현재 L3 -> L2(정책 후보, 사람 미승인 - tier1과 구분)"
SC_V1971_B071_028,상수도,RULE_A,3,L2,4,단일일치,,"현재 L3 -> L2(정책 후보, 사람 미승인 - tier1과 구분)"
SC_V1971_B071_033,상영되다,RULE_A,3,L2,4,단일일치,,"현재 L3 -> L2(정책 후보, 사람 미승인 - tier1과 구분)"
SC_V1971_B071_038,상품성,RULE_A,3,L2,4,단일일치,,"현재 L3 -> L2(정책 후보, 사람 미승인 - tier1과 구분)"
SC_V1971_B071_039,상품화,RULE_A,3,L2,4,단일일치,,"현재 L3 -> L2(정책 후보, 사람 미승인 - tier1과 구분)"
SC_V1971_B071_040,상품화되다,RULE_A,3,L2,4,단일일치,,"현재 L3 -> L2(정책 후보, 사람 미승인 - tier1과 구분)"
SC_V1972_B072_002,새우볶음,RULE_A,3,L2,4,단일일치,,"현재 L3 -> L2(정책 후보, 사람 미승인 - tier1과 구분)"
SC_V1972_B072_003,새우젓,RULE_A,3,L2,4,단일일치,,"현재 L3 -> L2(정책 후보, 사람 미승인 - tier1과 구분)"
SC_V1972_B072_013,색출하다,RULE_A,3,L2,4,단일일치,,"현재 L3 -> L2(정책 후보, 사람 미승인 - tier1과 구분)"
SC_V1972_B072_019,샘플,RULE_B,2,L1,3,단일일치,,"현재 L2 -> L1(정책 후보, 사람 미승인 - tier1과 구분)"
SC_V1972_B072_020,생강차,RULE_A,3,L2,4,단일일치,,"현재 L3 -> L2(정책 후보, 사람 미승인 - tier1과 구분)"
SC_V1972_B072_025,생긋,RULE_A,3,L2,4,단일일치,,"현재 L3 -> L2(정책 후보, 사람 미승인 - tier1과 구분)"
SC_V1972_B072_028,생리대,RULE_A,3,L2,4,단일일치,,"현재 L3 -> L2(정책 후보, 사람 미승인 - tier1과 구분)"
SC_V1972_B072_038,생산지,RULE_A,3,L2,4,단일일치,,"현재 L3 -> L2(정책 후보, 사람 미승인 - tier1과 구분)"
SC_V1972_B072_041,생선회,RULE_A,3,L2,4,단일일치,,"현재 L3 -> L2(정책 후보, 사람 미승인 - tier1과 구분)"
SC_V1972_B072_043,생이별,RULE_A,3,L2,4,단일일치,,"현재 L3 -> L2(정책 후보, 사람 미승인 - tier1과 구분)"
SC_V1972_B072_045,생일잔치하다,RULE_A,3,L2,4,단일일치,,"현재 L3 -> L2(정책 후보, 사람 미승인 - tier1과 구분)"
SC_V1972_B072_049,생지옥,RULE_A,3,L2,4,단일일치,,"현재 L3 -> L2(정책 후보, 사람 미승인 - tier1과 구분)"
SC_V1972_B072_050,생채기,RULE_A,3,L2,4,단일일치,,"현재 L3 -> L2(정책 후보, 사람 미승인 - tier1과 구분)"
SC_V1973_B073_003,생활고,RULE_A,3,L2,4,단일일치,,"현재 L3 -> L2(정책 후보, 사람 미승인 - tier1과 구분)"
SC_V1973_B073_006,생활필수품,RULE_A,3,L2,4,단일일치,,"현재 L3 -> L2(정책 후보, 사람 미승인 - tier1과 구분)"
SC_V1973_B073_007,생활화,RULE_A,3,L2,4,단일일치,,"현재 L3 -> L2(정책 후보, 사람 미승인 - tier1과 구분)"
SC_V1973_B073_008,생활화되다,RULE_A,3,L2,4,단일일치,,"현재 L3 -> L2(정책 후보, 사람 미승인 - tier1과 구분)"
SC_V1973_B073_009,생활화하다,RULE_A,3,L2,4,단일일치,,"현재 L3 -> L2(정책 후보, 사람 미승인 - tier1과 구분)"
SC_V1973_B073_010,샤쓰,RULE_A,3,L2,4,단일일치,,"현재 L3 -> L2(정책 후보, 사람 미승인 - tier1과 구분)"
SC_V1973_B073_012,샤프펜슬,RULE_A,3,L2,4,단일일치,,"현재 L3 -> L2(정책 후보, 사람 미승인 - tier1과 구분)"
SC_V1973_B073_034,서예가,RULE_A,3,L2,4,단일일치,,"현재 L3 -> L2(정책 후보, 사람 미승인 - tier1과 구분)"
SC_V1973_B073_036,서책,RULE_A,3,L2,4,단일일치,,"현재 L3 -> L2(정책 후보, 사람 미승인 - tier1과 구분)"
SC_V1973_B073_038,서클,RULE_A,3,L2,4,단일일치,,"현재 L3 -> L2(정책 후보, 사람 미승인 - tier1과 구분)"
SC_V1973_B073_044,석빙고,RULE_A,3,L2,4,단일일치,,"현재 L3 -> L2(정책 후보, 사람 미승인 - tier1과 구분)"
SC_V1974_B074_001,선명히,RULE_A,3,L2,4,단일일치,,"현재 L3 -> L2(정책 후보, 사람 미승인 - tier1과 구분)"
SC_V1974_B074_008,선임되다,RULE_A,3,L2,4,단일일치,,"현재 L3 -> L2(정책 후보, 사람 미승인 - tier1과 구분)"
SC_V1974_B074_009,선입견,RULE_A,3,L2,4,단일일치,,"현재 L3 -> L2(정책 후보, 사람 미승인 - tier1과 구분)"
SC_V1974_B074_010,선전탑,RULE_A,3,L2,4,단일일치,,"현재 L3 -> L2(정책 후보, 사람 미승인 - tier1과 구분)"
SC_V1974_B074_018,선호도,RULE_A,3,L2,4,단일일치,,"현재 L3 -> L2(정책 후보, 사람 미승인 - tier1과 구분)"
SC_V1974_B074_024,설립되다,RULE_A,3,L2,4,단일일치,,"현재 L3 -> L2(정책 후보, 사람 미승인 - tier1과 구분)"
SC_V1974_B074_027,설문지,RULE_A,3,L2,4,단일일치,,"현재 L3 -> L2(정책 후보, 사람 미승인 - tier1과 구분)"
SC_V1974_B074_028,설빔,RULE_A,3,L2,4,단일일치,,"현재 L3 -> L2(정책 후보, 사람 미승인 - tier1과 구분)"
SC_V1974_B074_029,설상가상,RULE_A,3,L2,4,단일일치,,"현재 L3 -> L2(정책 후보, 사람 미승인 - tier1과 구분)"
SC_V1974_B074_044,성명서,RULE_A,3,L2,4,단일일치,,"현재 L3 -> L2(정책 후보, 사람 미승인 - tier1과 구분)"
SC_V1975_B075_002,성취도,RULE_A,3,L2,4,단일일치,,"현재 L3 -> L2(정책 후보, 사람 미승인 - tier1과 구분)"
SC_V1975_B075_006,성평등,RULE_A,3,L2,4,단일일치,,"현재 L3 -> L2(정책 후보, 사람 미승인 - tier1과 구분)"
SC_V1975_B075_011,세계화하다,RULE_A,3,L2,4,단일일치,,"현재 L3 -> L2(정책 후보, 사람 미승인 - tier1과 구분)"
SC_V1975_B075_012,세관원,tier1_현재유지,3,L3,4,단일일치,교과_전문_의미,"변경 없음(사람 승인, 2026-09-29 14:59:35)"
SC_V1975_B075_027,세정제,RULE_A,3,L2,4,단일일치,,"현재 L3 -> L2(정책 후보, 사람 미승인 - tier1과 구분)"
SC_V1975_B075_031,세트장,RULE_A,3,L2,4,단일일치,,"현재 L3 -> L2(정책 후보, 사람 미승인 - tier1과 구분)"
SC_V1975_B075_038,소각장,RULE_A,3,L2,4,단일일치,,"현재 L3 -> L2(정책 후보, 사람 미승인 - tier1과 구분)"
SC_V1975_B075_040,소개업,RULE_A,3,L2,4,단일일치,,"현재 L3 -> L2(정책 후보, 사람 미승인 - tier1과 구분)"
SC_V1975_B075_041,소곤거리다,RULE_A,3,L2,4,단일일치,,"현재 L3 -> L2(정책 후보, 사람 미승인 - tier1과 구분)"
SC_V1975_B075_046,소낙비,RULE_A,3,L2,4,단일일치,,"현재 L3 -> L2(정책 후보, 사람 미승인 - tier1과 구분)"
SC_V1976_B076_012,소스라치다,RULE_A,3,L2,4,단일일치,,"현재 L3 -> L2(정책 후보, 사람 미승인 - tier1과 구분)"
SC_V1976_B076_015,소신껏,RULE_A,3,L2,4,단일일치,,"현재 L3 -> L2(정책 후보, 사람 미승인 - tier1과 구분)"
SC_V1976_B076_025,소작인,RULE_A,3,L2,4,단일일치,,"현재 L3 -> L2(정책 후보, 사람 미승인 - tier1과 구분)"
SC_V1976_B076_037,속내,RULE_A,3,L2,4,단일일치,,"현재 L3 -> L2(정책 후보, 사람 미승인 - tier1과 구분)"
SC_V1976_B076_039,속닥속닥,RULE_A,3,L2,4,단일일치,,"현재 L3 -> L2(정책 후보, 사람 미승인 - tier1과 구분)"
SC_V1976_B076_042,속수무책,RULE_A,3,L2,4,단일일치,,"현재 L3 -> L2(정책 후보, 사람 미승인 - tier1과 구분)"
SC_V1976_B076_044,속치마,RULE_A,3,L2,4,단일일치,,"현재 L3 -> L2(정책 후보, 사람 미승인 - tier1과 구분)"
SC_V1976_B076_045,솎다,RULE_A,3,L2,4,단일일치,,"현재 L3 -> L2(정책 후보, 사람 미승인 - tier1과 구분)"
SC_V1977_B077_001,손날,RULE_A,3,L2,4,단일일치,,"현재 L3 -> L2(정책 후보, 사람 미승인 - tier1과 구분)"
SC_V1977_B077_005,손도장,RULE_A,3,L2,4,단일일치,,"현재 L3 -> L2(정책 후보, 사람 미승인 - tier1과 구분)"
SC_V1977_B077_007,손바느질,RULE_A,3,L2,4,단일일치,,"현재 L3 -> L2(정책 후보, 사람 미승인 - tier1과 구분)"
SC_V1977_B077_008,손빨래,RULE_A,3,L2,4,단일일치,,"현재 L3 -> L2(정책 후보, 사람 미승인 - tier1과 구분)"
SC_V1977_B077_009,손사래,RULE_A,3,L2,4,단일일치,,"현재 L3 -> L2(정책 후보, 사람 미승인 - tier1과 구분)"
SC_V1977_B077_014,손아랫사람,RULE_A,3,L2,4,단일일치,,"현재 L3 -> L2(정책 후보, 사람 미승인 - tier1과 구분)"
SC_V1977_B077_015,손윗사람,RULE_A,3,L2,4,단일일치,,"현재 L3 -> L2(정책 후보, 사람 미승인 - tier1과 구분)"
SC_V1977_B077_022,솔선수범하다,RULE_A,3,L2,4,단일일치,,"현재 L3 -> L2(정책 후보, 사람 미승인 - tier1과 구분)"
SC_V1977_B077_029,송골송골,RULE_A,3,L2,4,단일일치,,"현재 L3 -> L2(정책 후보, 사람 미승인 - tier1과 구분)"
SC_V1977_B077_032,송구스럽다,RULE_A,3,L2,4,단일일치,,"현재 L3 -> L2(정책 후보, 사람 미승인 - tier1과 구분)"
SC_V1977_B077_037,송유관,RULE_A,3,L2,4,단일일치,,"현재 L3 -> L2(정책 후보, 사람 미승인 - tier1과 구분)"
SC_V1977_B077_040,송진,RULE_A,3,L2,4,단일일치,,"현재 L3 -> L2(정책 후보, 사람 미승인 - tier1과 구분)"
SC_V1977_B077_041,쇠고리,RULE_A,3,L2,4,단일일치,,"현재 L3 -> L2(정책 후보, 사람 미승인 - tier1과 구분)"
SC_V1977_B077_042,쇠기름,RULE_A,3,L2,4,단일일치,,"현재 L3 -> L2(정책 후보, 사람 미승인 - tier1과 구분)"
SC_V1977_B077_048,쇠죽,RULE_A,3,L2,4,단일일치,,"현재 L3 -> L2(정책 후보, 사람 미승인 - tier1과 구분)"
SC_V1978_B078_002,쇠퇴,RULE_A,3,L2,4,단일일치,,"현재 L3 -> L2(정책 후보, 사람 미승인 - tier1과 구분)"
SC_V1978_B078_003,쇠퇴하다,RULE_A,3,L2,4,단일일치,,"현재 L3 -> L2(정책 후보, 사람 미승인 - tier1과 구분)"
SC_V1978_B078_005,쇼핑몰,RULE_A,3,L2,4,단일일치,,"현재 L3 -> L2(정책 후보, 사람 미승인 - tier1과 구분)"
SC_V1978_B078_009,수공업,RULE_A,3,L2,4,단일일치,,"현재 L3 -> L2(정책 후보, 사람 미승인 - tier1과 구분)"
SC_V1978_B078_024,수료증,RULE_A,3,L2,4,단일일치,,"현재 L3 -> L2(정책 후보, 사람 미승인 - tier1과 구분)"
SC_V1978_B078_027,수리공,RULE_A,3,L2,4,단일일치,,"현재 L3 -> L2(정책 후보, 사람 미승인 - tier1과 구분)"
SC_V1978_B078_029,수리소,RULE_A,3,L2,4,단일일치,,"현재 L3 -> L2(정책 후보, 사람 미승인 - tier1과 구분)"
SC_V1978_B078_039,수산업,RULE_A,3,L2,4,단일일치,,"현재 L3 -> L2(정책 후보, 사람 미승인 - tier1과 구분)"
SC_V1978_B078_040,수산업자,RULE_A,3,L2,4,단일일치,,"현재 L3 -> L2(정책 후보, 사람 미승인 - tier1과 구분)"
SC_V1978_B078_045,수세식,RULE_A,3,L2,4,단일일치,,"현재 L3 -> L2(정책 후보, 사람 미승인 - tier1과 구분)"
SC_V1978_B078_046,수소문하다,RULE_A,3,L2,4,단일일치,,"현재 L3 -> L2(정책 후보, 사람 미승인 - tier1과 구분)"
SC_V1978_B078_047,수송,RULE_A,3,L2,4,단일일치,,"현재 L3 -> L2(정책 후보, 사람 미승인 - tier1과 구분)"
SC_V1978_B078_048,수송하다,RULE_A,3,L2,4,단일일치,,"현재 L3 -> L2(정책 후보, 사람 미승인 - tier1과 구분)"
SC_V1979_B079_002,수신자,RULE_A,3,L2,4,단일일치,,"현재 L3 -> L2(정책 후보, 사람 미승인 - tier1과 구분)"
SC_V1979_B079_013,수정과,RULE_A,3,L2,4,단일일치,,"현재 L3 -> L2(정책 후보, 사람 미승인 - tier1과 구분)"
SC_V1979_B079_014,수정테이프,RULE_A,3,L2,4,단일일치,,"현재 L3 -> L2(정책 후보, 사람 미승인 - tier1과 구분)"
SC_V1979_B079_015,수줍다,RULE_A,3,L2,4,단일일치,,"현재 L3 -> L2(정책 후보, 사람 미승인 - tier1과 구분)"
SC_V1979_B079_016,수줍어하다,RULE_A,3,L2,4,단일일치,,"현재 L3 -> L2(정책 후보, 사람 미승인 - tier1과 구분)"
SC_V1979_B079_018,수집상,RULE_A,3,L2,4,단일일치,,"현재 L3 -> L2(정책 후보, 사람 미승인 - tier1과 구분)"
SC_V1979_B079_022,수출되다,RULE_A,3,L2,4,단일일치,,"현재 L3 -> L2(정책 후보, 사람 미승인 - tier1과 구분)"
SC_V1979_B079_027,수치스럽다,RULE_A,3,L2,4,단일일치,,"현재 L3 -> L2(정책 후보, 사람 미승인 - tier1과 구분)"
SC_V1979_B079_032,수행원,RULE_A,3,L2,4,단일일치,,"현재 L3 -> L2(정책 후보, 사람 미승인 - tier1과 구분)"
SC_V1979_B079_035,수화기,RULE_A,3,L2,4,단일일치,,"현재 L3 -> L2(정책 후보, 사람 미승인 - tier1과 구분)"
SC_V1979_B079_042,순박하다,RULE_A,3,L2,4,단일일치,,"현재 L3 -> L2(정책 후보, 사람 미승인 - tier1과 구분)"
SC_V1979_B079_043,순이익,RULE_A,3,L2,4,단일일치,,"현재 L3 -> L2(정책 후보, 사람 미승인 - tier1과 구분)"
SC_V1979_B079_045,순조롭다,RULE_B,2,L1,3,단일일치,,"현재 L2 -> L1(정책 후보, 사람 미승인 - tier1과 구분)"
SC_V1979_B079_047,순찰대,RULE_A,3,L2,4,단일일치,,"현재 L3 -> L2(정책 후보, 사람 미승인 - tier1과 구분)"
SC_V1980_B080_002,술렁거리다,RULE_A,3,L2,4,단일일치,,"현재 L3 -> L2(정책 후보, 사람 미승인 - tier1과 구분)"
SC_V1980_B080_012,숫돌,RULE_A,3,L2,4,단일일치,,"현재 L3 -> L2(정책 후보, 사람 미승인 - tier1과 구분)"
SC_V1980_B080_015,쉬쉬하다,RULE_A,3,L2,4,단일일치,,"현재 L3 -> L2(정책 후보, 사람 미승인 - tier1과 구분)"
SC_V1980_B080_022,스카치테이프,RULE_A,3,L2,4,단일일치,,"현재 L3 -> L2(정책 후보, 사람 미승인 - tier1과 구분)"
SC_V1980_B080_024,스캔들,RULE_A,3,L2,4,단일일치,,"현재 L3 -> L2(정책 후보, 사람 미승인 - tier1과 구분)"
SC_V1980_B080_026,스크랩북,RULE_A,3,L2,4,단일일치,,"현재 L3 -> L2(정책 후보, 사람 미승인 - tier1과 구분)"
SC_V1980_B080_028,스테인리스,RULE_A,3,L2,4,단일일치,,"현재 L3 -> L2(정책 후보, 사람 미승인 - tier1과 구분)"
SC_V1980_B080_030,스트레칭,RULE_A,3,L2,4,단일일치,,"현재 L3 -> L2(정책 후보, 사람 미승인 - tier1과 구분)"
SC_V1980_B080_031,스팀,RULE_A,3,L2,4,단일일치,,"현재 L3 -> L2(정책 후보, 사람 미승인 - tier1과 구분)"
SC_V1980_B080_035,스포츠맨,RULE_A,3,L2,4,단일일치,,"현재 L3 -> L2(정책 후보, 사람 미승인 - tier1과 구분)"
SC_V1980_B080_042,습관화하다,RULE_A,3,L2,4,단일일치,,"현재 L3 -> L2(정책 후보, 사람 미승인 - tier1과 구분)"
SC_V1980_B080_044,승강기,RULE_A,3,L2,4,단일일치,,"현재 L3 -> L2(정책 후보, 사람 미승인 - tier1과 구분)"
SC_V1980_B080_049,승차권,RULE_A,3,L2,4,단일일치,,"현재 L3 -> L2(정책 후보, 사람 미승인 - tier1과 구분)"
SC_V1981_B081_010,시끌벅적,RULE_A,3,L2,4,단일일치,,"현재 L3 -> L2(정책 후보, 사람 미승인 - tier1과 구분)"
SC_V1981_B081_019,시상대,RULE_A,3,L2,4,단일일치,,"현재 L3 -> L2(정책 후보, 사람 미승인 - tier1과 구분)"
SC_V1981_B081_025,시아주버니,RULE_A,3,L2,4,단일일치,,"현재 L3 -> L2(정책 후보, 사람 미승인 - tier1과 구분)"
SC_V1981_B081_029,시중들다,RULE_A,3,L2,4,단일일치,,"현재 L3 -> L2(정책 후보, 사람 미승인 - tier1과 구분)"
SC_V1981_B081_030,시즌,RULE_A,3,L2,4,단일일치,,"현재 L3 -> L2(정책 후보, 사람 미승인 - tier1과 구분)"
SC_V1981_B081_033,시청각,RULE_A,3,L2,4,단일일치,,"현재 L3 -> L2(정책 후보, 사람 미승인 - tier1과 구분)"
SC_V1981_B081_034,시청료,RULE_A,3,L2,4,단일일치,,"현재 L3 -> L2(정책 후보, 사람 미승인 - tier1과 구분)"
SC_V1981_B081_035,시청률,RULE_A,3,L2,4,단일일치,,"현재 L3 -> L2(정책 후보, 사람 미승인 - tier1과 구분)"
SC_V1981_B081_036,시침질,RULE_A,3,L2,4,단일일치,,"현재 L3 -> L2(정책 후보, 사람 미승인 - tier1과 구분)"
SC_V1981_B081_037,시침질하다,RULE_A,3,L2,4,단일일치,,"현재 L3 -> L2(정책 후보, 사람 미승인 - tier1과 구분)"
SC_V1981_B081_046,식단표,RULE_A,3,L2,4,단일일치,,"현재 L3 -> L2(정책 후보, 사람 미승인 - tier1과 구분)"
SC_V1982_B082_004,식습관,RULE_A,3,L2,4,단일일치,,"현재 L3 -> L2(정책 후보, 사람 미승인 - tier1과 구분)"
SC_V1982_B082_018,신비감,RULE_A,3,L2,4,단일일치,,"현재 L3 -> L2(정책 후보, 사람 미승인 - tier1과 구분)"
SC_V1982_B082_019,신비스럽다,RULE_A,3,L2,4,단일일치,,"현재 L3 -> L2(정책 후보, 사람 미승인 - tier1과 구분)"
SC_V1982_B082_020,신빙성,RULE_A,3,L2,4,단일일치,,"현재 L3 -> L2(정책 후보, 사람 미승인 - tier1과 구분)"
SC_V1982_B082_023,신소재,RULE_A,3,L2,4,단일일치,,"현재 L3 -> L2(정책 후보, 사람 미승인 - tier1과 구분)"
SC_V1982_B082_030,신청자,RULE_A,3,L2,4,단일일치,,"현재 L3 -> L2(정책 후보, 사람 미승인 - tier1과 구분)"
SC_V1982_B082_033,신학문,RULE_A,3,L2,4,단일일치,,"현재 L3 -> L2(정책 후보, 사람 미승인 - tier1과 구분)"
SC_V1982_B082_035,신호하다,RULE_A,3,L2,4,단일일치,,"현재 L3 -> L2(정책 후보, 사람 미승인 - tier1과 구분)"
SC_V1982_B082_042,실뜨기,RULE_A,3,L2,4,단일일치,,"현재 L3 -> L2(정책 후보, 사람 미승인 - tier1과 구분)"
SC_V1982_B082_045,실룩거리다,RULE_A,3,L2,4,단일일치,,"현재 L3 -> L2(정책 후보, 사람 미승인 - tier1과 구분)"
SC_V1982_B082_047,실망스럽다,RULE_B,2,L1,3,단일일치,,"현재 L2 -> L1(정책 후보, 사람 미승인 - tier1과 구분)"
SC_V1983_B083_001,실선,RULE_A,3,L2,4,단일일치,,"현재 L3 -> L2(정책 후보, 사람 미승인 - tier1과 구분)"
SC_V1983_B083_003,실습생,RULE_A,3,L2,4,단일일치,,"현재 L3 -> L2(정책 후보, 사람 미승인 - tier1과 구분)"
SC_V1983_B083_005,실습하다,RULE_A,3,L2,4,단일일치,,"현재 L3 -> L2(정책 후보, 사람 미승인 - tier1과 구분)"
SC_V1983_B083_007,실업가,RULE_A,3,L2,4,단일일치,,"현재 L3 -> L2(정책 후보, 사람 미승인 - tier1과 구분)"
SC_V1983_B083_015,실장,RULE_A,3,L2,4,단일일치,,"현재 L3 -> L2(정책 후보, 사람 미승인 - tier1과 구분)"
SC_V1983_B083_016,실점,RULE_A,3,L2,4,단일일치,,"현재 L3 -> L2(정책 후보, 사람 미승인 - tier1과 구분)"
SC_V1983_B083_021,실타래,RULE_A,3,L2,4,단일일치,,"현재 L3 -> L2(정책 후보, 사람 미승인 - tier1과 구분)"
SC_V1983_B083_022,실톱,RULE_A,3,L2,4,단일일치,,"현재 L3 -> L2(정책 후보, 사람 미승인 - tier1과 구분)"
SC_V1983_B083_023,실향민,RULE_A,3,L2,4,단일일치,,"현재 L3 -> L2(정책 후보, 사람 미승인 - tier1과 구분)"
SC_V1983_B083_037,심호흡,RULE_A,3,L2,4,단일일치,,"현재 L3 -> L2(정책 후보, 사람 미승인 - tier1과 구분)"
SC_V1983_B083_042,싱글거리다,RULE_A,3,L2,4,단일일치,,"현재 L3 -> L2(정책 후보, 사람 미승인 - tier1과 구분)"
SC_V1983_B083_044,싱글싱글,RULE_A,3,L2,4,단일일치,,"현재 L3 -> L2(정책 후보, 사람 미승인 - tier1과 구분)"
SC_V1983_B083_045,싱긋,RULE_A,3,L2,4,단일일치,,"현재 L3 -> L2(정책 후보, 사람 미승인 - tier1과 구분)"
SC_V1983_B083_046,싱긋싱긋,RULE_A,3,L2,4,단일일치,,"현재 L3 -> L2(정책 후보, 사람 미승인 - tier1과 구분)"
SC_V1983_B083_047,싱긋이,RULE_A,3,L2,4,단일일치,,"현재 L3 -> L2(정책 후보, 사람 미승인 - tier1과 구분)"
SC_V1984_B084_004,쌀가게,RULE_A,3,L2,4,단일일치,,"현재 L3 -> L2(정책 후보, 사람 미승인 - tier1과 구분)"
SC_V1984_B084_012,쌀집,RULE_A,3,L2,4,단일일치,,"현재 L3 -> L2(정책 후보, 사람 미승인 - tier1과 구분)"
SC_V1984_B084_014,쌈밥,RULE_A,3,L2,4,단일일치,,"현재 L3 -> L2(정책 후보, 사람 미승인 - tier1과 구분)"
SC_V1984_B084_017,쌍방,RULE_A,3,L2,4,단일일치,,"현재 L3 -> L2(정책 후보, 사람 미승인 - tier1과 구분)"
SC_V1984_B084_020,쌍쌍이,RULE_A,3,L2,4,단일일치,,"현재 L3 -> L2(정책 후보, 사람 미승인 - tier1과 구분)"
SC_V1984_B084_029,쑥덕거리다,RULE_A,3,L2,4,단일일치,,"현재 L3 -> L2(정책 후보, 사람 미승인 - tier1과 구분)"
SC_V1984_B084_031,쓰개치마,RULE_A,3,L2,4,단일일치,,"현재 L3 -> L2(정책 후보, 사람 미승인 - tier1과 구분)"
SC_V1984_B084_050,아랑곳하다,RULE_A,3,L2,4,단일일치,,"현재 L3 -> L2(정책 후보, 사람 미승인 - tier1과 구분)"
SC_V1985_B085_010,아바마마,RULE_A,3,L2,4,단일일치,,"현재 L3 -> L2(정책 후보, 사람 미승인 - tier1과 구분)"
SC_V1985_B085_014,아우성,RULE_A,3,L2,4,단일일치,,"현재 L3 -> L2(정책 후보, 사람 미승인 - tier1과 구분)"
SC_V1985_B085_015,아이디,tier1_기본레벨조정,2,L1,3,단일일치,교과_전문_의미,"현재 L2 -> L1(사람 승인, 2026-09-29 14:57:03)"
SC_V1985_B085_016,아이스케이크,RULE_A,3,L2,4,단일일치,,"현재 L3 -> L2(정책 후보, 사람 미승인 - tier1과 구분)"
SC_V1985_B085_018,아작아작,RULE_A,3,L2,4,단일일치,,"현재 L3 -> L2(정책 후보, 사람 미승인 - tier1과 구분)"
SC_V1985_B085_019,아주버니,RULE_A,3,L2,4,단일일치,,"현재 L3 -> L2(정책 후보, 사람 미승인 - tier1과 구분)"
SC_V1985_B085_020,아지랑이,RULE_B,2,L1,3,단일일치,,"현재 L2 -> L1(정책 후보, 사람 미승인 - tier1과 구분)"
SC_V1985_B085_021,아첨,RULE_A,3,L2,4,단일일치,,"현재 L3 -> L2(정책 후보, 사람 미승인 - tier1과 구분)"
SC_V1985_B085_022,아첨하다,RULE_A,3,L2,4,단일일치,,"현재 L3 -> L2(정책 후보, 사람 미승인 - tier1과 구분)"
SC_V1985_B085_027,악독하다,RULE_A,3,L2,4,단일일치,,"현재 L3 -> L2(정책 후보, 사람 미승인 - tier1과 구분)"
SC_V1985_B085_032,악착스럽다,RULE_A,3,L2,4,단일일치,,"현재 L3 -> L2(정책 후보, 사람 미승인 - tier1과 구분)"
SC_V1985_B085_035,안개비,RULE_A,3,L2,4,단일일치,,"현재 L3 -> L2(정책 후보, 사람 미승인 - tier1과 구분)"
SC_V1985_B085_043,안내소,RULE_A,3,L2,4,단일일치,,"현재 L3 -> L2(정책 후보, 사람 미승인 - tier1과 구분)"
SC_V1985_B085_048,안락의자,RULE_A,3,L2,4,단일일치,,"현재 L3 -> L2(정책 후보, 사람 미승인 - tier1과 구분)"
SC_V1986_B086_003,안전띠,RULE_B,2,L1,3,단일일치,,"현재 L2 -> L1(정책 후보, 사람 미승인 - tier1과 구분)"
SC_V1986_B086_004,안전모,RULE_A,3,L2,4,단일일치,,"현재 L3 -> L2(정책 후보, 사람 미승인 - tier1과 구분)"
SC_V1986_B086_008,앉은키,RULE_A,3,L2,4,단일일치,,"현재 L3 -> L2(정책 후보, 사람 미승인 - tier1과 구분)"
SC_V1986_B086_016,알코올램프,RULE_A,3,L2,4,단일일치,,"현재 L3 -> L2(정책 후보, 사람 미승인 - tier1과 구분)"
SC_V1986_B086_023,암산하다,RULE_A,3,L2,4,단일일치,,"현재 L3 -> L2(정책 후보, 사람 미승인 - tier1과 구분)"
SC_V1986_B086_030,압도하다,RULE_A,3,L2,4,단일일치,,"현재 L3 -> L2(정책 후보, 사람 미승인 - tier1과 구분)"
SC_V1986_B086_031,압박감,RULE_A,3,L2,4,단일일치,,"현재 L3 -> L2(정책 후보, 사람 미승인 - tier1과 구분)"
SC_V1986_B086_032,압핀,RULE_A,3,L2,4,단일일치,,"현재 L3 -> L2(정책 후보, 사람 미승인 - tier1과 구분)"
SC_V1986_B086_033,앙갚음,RULE_A,3,L2,4,단일일치,,"현재 L3 -> L2(정책 후보, 사람 미승인 - tier1과 구분)"
SC_V1986_B086_034,앙증맞다,RULE_A,3,L2,4,단일일치,,"현재 L3 -> L2(정책 후보, 사람 미승인 - tier1과 구분)"
SC_V1986_B086_042,애걸복걸하다,RULE_A,3,L2,4,단일일치,,"현재 L3 -> L2(정책 후보, 사람 미승인 - tier1과 구분)"
SC_V1986_B086_043,애걸하다,RULE_A,3,L2,4,단일일치,,"현재 L3 -> L2(정책 후보, 사람 미승인 - tier1과 구분)"
SC_V1986_B086_049,애당초,RULE_A,3,L2,4,단일일치,,"현재 L3 -> L2(정책 후보, 사람 미승인 - tier1과 구분)"
SC_V1987_B087_001,애드벌룬,RULE_A,3,L2,4,단일일치,,"현재 L3 -> L2(정책 후보, 사람 미승인 - tier1과 구분)"
SC_V1987_B087_002,애매모호하다,RULE_A,3,L2,4,단일일치,,"현재 L3 -> L2(정책 후보, 사람 미승인 - tier1과 구분)"
SC_V1987_B087_003,애벌,RULE_A,3,L2,4,단일일치,,"현재 L3 -> L2(정책 후보, 사람 미승인 - tier1과 구분)"
SC_V1987_B087_004,애완견,RULE_A,3,L2,4,단일일치,,"현재 L3 -> L2(정책 후보, 사람 미승인 - tier1과 구분)"
SC_V1987_B087_005,애완용,RULE_A,3,L2,4,단일일치,,"현재 L3 -> L2(정책 후보, 사람 미승인 - tier1과 구분)"
SC_V1987_B087_009,애칭,RULE_A,3,L2,4,단일일치,,"현재 L3 -> L2(정책 후보, 사람 미승인 - tier1과 구분)"
SC_V1987_B087_014,앵앵거리다,RULE_A,3,L2,4,단일일치,,"현재 L3 -> L2(정책 후보, 사람 미승인 - tier1과 구분)"
SC_V1987_B087_015,야광침,RULE_A,3,L2,4,단일일치,,"현재 L3 -> L2(정책 후보, 사람 미승인 - tier1과 구분)"
SC_V1987_B087_019,야무지다,RULE_B,2,L1,3,단일일치,,"현재 L2 -> L1(정책 후보, 사람 미승인 - tier1과 구분)"
SC_V1987_B087_020,야속하다,RULE_A,3,L2,4,단일일치,,"현재 L3 -> L2(정책 후보, 사람 미승인 - tier1과 구분)"
SC_V1987_B087_021,야영장,RULE_A,3,L2,4,단일일치,,"현재 L3 -> L2(정책 후보, 사람 미승인 - tier1과 구분)"
SC_V1987_B087_022,야영지,RULE_A,3,L2,4,단일일치,,"현재 L3 -> L2(정책 후보, 사람 미승인 - tier1과 구분)"
SC_V1987_B087_023,야옹거리다,RULE_A,3,L2,4,단일일치,,"현재 L3 -> L2(정책 후보, 사람 미승인 - tier1과 구분)"
SC_V1987_B087_024,야옹야옹하다,RULE_A,3,L2,4,단일일치,,"현재 L3 -> L2(정책 후보, 사람 미승인 - tier1과 구분)"
SC_V1987_B087_027,야자열매,RULE_A,3,L2,4,단일일치,,"현재 L3 -> L2(정책 후보, 사람 미승인 - tier1과 구분)"
SC_V1987_B087_028,야트막하다,RULE_A,3,L2,4,단일일치,,"현재 L3 -> L2(정책 후보, 사람 미승인 - tier1과 구분)"
SC_V1987_B087_031,약밥,RULE_A,3,L2,4,단일일치,,"현재 L3 -> L2(정책 후보, 사람 미승인 - tier1과 구분)"
SC_V1987_B087_032,약분하다,tier1_기본레벨조정,3,L2,4,단일일치,교과_전문_의미,"현재 L3 -> L2(사람 승인, 2026-09-29 14:59:40)"
SC_V1987_B087_043,양과자,RULE_A,3,L2,4,단일일치,,"현재 L3 -> L2(정책 후보, 사람 미승인 - tier1과 구분)"
SC_V1987_B087_045,양날톱,RULE_A,3,L2,4,단일일치,,"현재 L3 -> L2(정책 후보, 사람 미승인 - tier1과 구분)"
SC_V1988_B088_001,양수장,RULE_A,3,L2,4,단일일치,,"현재 L3 -> L2(정책 후보, 사람 미승인 - tier1과 구분)"
SC_V1988_B088_002,양식업,RULE_A,3,L2,4,단일일치,,"현재 L3 -> L2(정책 후보, 사람 미승인 - tier1과 구분)"
SC_V1988_B088_003,양식장,RULE_A,3,L2,4,단일일치,,"현재 L3 -> L2(정책 후보, 사람 미승인 - tier1과 구분)"
SC_V1988_B088_004,양식하다,RULE_A,3,L2,4,단일일치,,"현재 L3 -> L2(정책 후보, 사람 미승인 - tier1과 구분)"
SC_V1988_B088_010,양지바르다,RULE_A,3,L2,4,단일일치,,"현재 L3 -> L2(정책 후보, 사람 미승인 - tier1과 구분)"
SC_V1988_B088_023,어깨띠,RULE_A,3,L2,4,단일일치,,"현재 L3 -> L2(정책 후보, 사람 미승인 - tier1과 구분)"
SC_V1988_B088_024,어깨춤,RULE_A,3,L2,4,단일일치,,"현재 L3 -> L2(정책 후보, 사람 미승인 - tier1과 구분)"
SC_V1988_B088_030,어떠어떠하다,RULE_A,3,L2,4,단일일치,,"현재 L3 -> L2(정책 후보, 사람 미승인 - tier1과 구분)"
SC_V1988_B088_035,어물전,RULE_A,3,L2,4,단일일치,,"현재 L3 -> L2(정책 후보, 사람 미승인 - tier1과 구분)"
SC_V1988_B088_038,어슬렁어슬렁,RULE_B,2,L1,3,단일일치,,"현재 L2 -> L1(정책 후보, 사람 미승인 - tier1과 구분)"
SC_V1988_B088_041,어영부영,RULE_A,3,L2,4,단일일치,,"현재 L3 -> L2(정책 후보, 사람 미승인 - tier1과 구분)"
SC_V1989_B089_001,어휴,RULE_A,3,L2,4,단일일치,,"현재 L3 -> L2(정책 후보, 사람 미승인 - tier1과 구분)"
SC_V1989_B089_002,억만,RULE_A,3,L2,4,단일일치,,"현재 L3 -> L2(정책 후보, 사람 미승인 - tier1과 구분)"
SC_V1989_B089_006,언론사,RULE_A,3,L2,4,단일일치,,"현재 L3 -> L2(정책 후보, 사람 미승인 - tier1과 구분)"
SC_V1989_B089_007,언론인,RULE_B,2,L1,3,단일일치,,"현재 L2 -> L1(정책 후보, 사람 미승인 - tier1과 구분)"
SC_V1989_B089_008,언어생활,RULE_A,3,L2,4,단일일치,,"현재 L3 -> L2(정책 후보, 사람 미승인 - tier1과 구분)"
SC_V1989_B089_014,얼룩덜룩하다,RULE_A,3,L2,4,단일일치,,"현재 L3 -> L2(정책 후보, 사람 미승인 - tier1과 구분)"
SC_V1989_B089_019,얼음과자,RULE_A,3,L2,4,단일일치,,"현재 L3 -> L2(정책 후보, 사람 미승인 - tier1과 구분)"
SC_V1989_B089_022,얼음지치기,RULE_A,3,L2,4,단일일치,,"현재 L3 -> L2(정책 후보, 사람 미승인 - tier1과 구분)"
SC_V1989_B089_023,얼음집,RULE_A,3,L2,4,단일일치,,"현재 L3 -> L2(정책 후보, 사람 미승인 - tier1과 구분)"
SC_V1989_B089_025,엄니,RULE_A,3,L2,4,단일일치,,"현재 L3 -> L2(정책 후보, 사람 미승인 - tier1과 구분)"
SC_V1989_B089_028,엄포,RULE_A,3,L2,4,단일일치,,"현재 L3 -> L2(정책 후보, 사람 미승인 - tier1과 구분)"
SC_V1989_B089_037,엎치락뒤치락,RULE_A,3,L2,4,단일일치,,"현재 L3 -> L2(정책 후보, 사람 미승인 - tier1과 구분)"
SC_V1989_B089_040,에어백,RULE_A,3,L2,4,단일일치,,"현재 L3 -> L2(정책 후보, 사람 미승인 - tier1과 구분)"
SC_V1990_B090_008,여봐라,RULE_A,3,L2,4,단일일치,,"현재 L3 -> L2(정책 후보, 사람 미승인 - tier1과 구분)"
SC_V1990_B090_016,여주인공,RULE_A,3,L2,4,단일일치,,"현재 L3 -> L2(정책 후보, 사람 미승인 - tier1과 구분)"
SC_V1990_B090_021,여행담,RULE_A,3,L2,4,단일일치,,"현재 L3 -> L2(정책 후보, 사람 미승인 - tier1과 구분)"
SC_V1990_B090_024,역겹다,RULE_A,3,L2,4,단일일치,,"현재 L3 -> L2(정책 후보, 사람 미승인 - tier1과 구분)"
SC_V1990_B090_026,역마차,RULE_A,3,L2,4,단일일치,,"현재 L3 -> L2(정책 후보, 사람 미승인 - tier1과 구분)"
SC_V1990_B090_027,역무원,RULE_A,3,L2,4,단일일치,,"현재 L3 -> L2(정책 후보, 사람 미승인 - tier1과 구분)"
SC_V1990_B090_030,역사관,RULE_A,3,L2,4,단일일치,,"현재 L3 -> L2(정책 후보, 사람 미승인 - tier1과 구분)"
SC_V1990_B090_035,역효과,RULE_A,3,L2,4,단일일치,,"현재 L3 -> L2(정책 후보, 사람 미승인 - tier1과 구분)"
SC_V1990_B090_038,연구회,RULE_A,3,L2,4,단일일치,,"현재 L3 -> L2(정책 후보, 사람 미승인 - tier1과 구분)"
SC_V1990_B090_041,연대표,RULE_A,3,L2,4,단일일치,,"현재 L3 -> L2(정책 후보, 사람 미승인 - tier1과 구분)"
SC_V1990_B090_043,연락망,RULE_A,3,L2,4,단일일치,,"현재 L3 -> L2(정책 후보, 사람 미승인 - tier1과 구분)"
SC_V1990_B090_045,연맹,RULE_A,3,L2,4,단일일치,,"현재 L3 -> L2(정책 후보, 사람 미승인 - tier1과 구분)"
SC_V1990_B090_047,연민,RULE_A,3,L2,4,단일일치,,"현재 L3 -> L2(정책 후보, 사람 미승인 - tier1과 구분)"
SC_V1990_B090_048,연상되다,tier1_현재유지,3,L3,4,단일일치,교과_전문_의미,"변경 없음(사람 승인, 2026-09-29 15:00:03)"
SC_V1991_B091_002,연수원,RULE_A,3,L2,4,단일일치,,"현재 L3 -> L2(정책 후보, 사람 미승인 - tier1과 구분)"
SC_V1991_B091_006,연이율,RULE_A,3,L2,4,단일일치,,"현재 L3 -> L2(정책 후보, 사람 미승인 - tier1과 구분)"
SC_V1991_B091_016,연표,RULE_A,3,L2,4,단일일치,,"현재 L3 -> L2(정책 후보, 사람 미승인 - tier1과 구분)"
SC_V1991_B091_018,연하장,RULE_A,3,L2,4,단일일치,,"현재 L3 -> L2(정책 후보, 사람 미승인 - tier1과 구분)"
SC_V1991_B091_019,연합회,RULE_A,3,L2,4,단일일치,,"현재 L3 -> L2(정책 후보, 사람 미승인 - tier1과 구분)"
SC_V1991_B091_024,열람,RULE_A,3,L2,4,단일일치,,"현재 L3 -> L2(정책 후보, 사람 미승인 - tier1과 구분)"
SC_V1991_B091_026,열람하다,RULE_A,3,L2,4,단일일치,,"현재 L3 -> L2(정책 후보, 사람 미승인 - tier1과 구분)"
SC_V1991_B091_031,열의,RULE_A,3,L2,4,단일일치,,"현재 L3 -> L2(정책 후보, 사람 미승인 - tier1과 구분)"
SC_V1991_B091_032,염려되다,RULE_A,3,L2,4,단일일치,,"현재 L3 -> L2(정책 후보, 사람 미승인 - tier1과 구분)"
SC_V1991_B091_033,염려스럽다,RULE_A,3,L2,4,단일일치,,"현재 L3 -> L2(정책 후보, 사람 미승인 - tier1과 구분)"
SC_V1991_B091_039,엿기름,RULE_A,3,L2,4,단일일치,,"현재 L3 -> L2(정책 후보, 사람 미승인 - tier1과 구분)"
SC_V1991_B091_046,영상물,RULE_A,3,L2,4,단일일치,,"현재 L3 -> L2(정책 후보, 사람 미승인 - tier1과 구분)"
SC_V1991_B091_047,영양사,RULE_A,3,L2,4,단일일치,,"현재 L3 -> L2(정책 후보, 사람 미승인 - tier1과 구분)"
SC_V1992_B092_004,영향권,RULE_A,3,L2,4,단일일치,,"현재 L3 -> L2(정책 후보, 사람 미승인 - tier1과 구분)"
SC_V1992_B092_005,영화제,RULE_A,3,L2,4,단일일치,,"현재 L3 -> L2(정책 후보, 사람 미승인 - tier1과 구분)"
SC_V1992_B092_009,예금되다,tier1_기본레벨조정,3,L2,4,단일일치,교과_전문_의미,"현재 L3 -> L2(사람 승인, 2026-09-29 15:00:40)"
SC_V1992_B092_011,예금주,RULE_A,3,L2,4,단일일치,,"현재 L3 -> L2(정책 후보, 사람 미승인 - tier1과 구분)"
SC_V1992_B092_013,예끼,RULE_A,3,L2,4,단일일치,,"현재 L3 -> L2(정책 후보, 사람 미승인 - tier1과 구분)"
SC_V1992_B092_017,예산서,RULE_A,3,L2,4,단일일치,,"현재 L3 -> L2(정책 후보, 사람 미승인 - tier1과 구분)"
SC_V1992_B092_020,예술단,RULE_A,3,L2,4,단일일치,,"현재 L3 -> L2(정책 후보, 사람 미승인 - tier1과 구분)"
SC_V1992_B092_021,예술성,RULE_A,3,L2,4,단일일치,,"현재 L3 -> L2(정책 후보, 사람 미승인 - tier1과 구분)"
SC_V1992_B092_023,예술제,RULE_A,3,L2,4,단일일치,,"현재 L3 -> L2(정책 후보, 사람 미승인 - tier1과 구분)"
SC_V1992_B092_024,예술품,RULE_A,3,L2,4,단일일치,,"현재 L3 -> L2(정책 후보, 사람 미승인 - tier1과 구분)"
SC_V1992_B092_028,예약제,RULE_A,3,L2,4,단일일치,,"현재 L3 -> L2(정책 후보, 사람 미승인 - tier1과 구분)"
SC_V1992_B092_036,오곡밥,RULE_A,3,L2,4,단일일치,,"현재 L3 -> L2(정책 후보, 사람 미승인 - tier1과 구분)"
SC_V1992_B092_046,오른손잡이,RULE_A,3,L2,4,단일일치,,"현재 L3 -> L2(정책 후보, 사람 미승인 - tier1과 구분)"
SC_V1992_B092_048,오막살이집,RULE_A,3,L2,4,단일일치,,"현재 L3 -> L2(정책 후보, 사람 미승인 - tier1과 구분)"
SC_V1992_B092_050,오목오목,RULE_A,3,L2,4,단일일치,,"현재 L3 -> L2(정책 후보, 사람 미승인 - tier1과 구분)"
SC_V1993_B093_001,오목하다,RULE_A,3,L2,4,단일일치,,"현재 L3 -> L2(정책 후보, 사람 미승인 - tier1과 구분)"
SC_V1993_B093_003,오므라이스,RULE_A,3,L2,4,단일일치,,"현재 L3 -> L2(정책 후보, 사람 미승인 - tier1과 구분)"
SC_V1993_B093_004,오색구름,RULE_A,3,L2,4,단일일치,,"현재 L3 -> L2(정책 후보, 사람 미승인 - tier1과 구분)"
SC_V1993_B093_007,오싹오싹,RULE_A,3,L2,4,단일일치,,"현재 L3 -> L2(정책 후보, 사람 미승인 - tier1과 구분)"
SC_V1993_B093_008,오염원,RULE_A,3,L2,4,단일일치,,"현재 L3 -> L2(정책 후보, 사람 미승인 - tier1과 구분)"
SC_V1993_B093_011,오이꽃,RULE_A,3,L2,4,단일일치,,"현재 L3 -> L2(정책 후보, 사람 미승인 - tier1과 구분)"
SC_V1993_B093_019,오프닝,RULE_A,3,L2,4,단일일치,,"현재 L3 -> L2(정책 후보, 사람 미승인 - tier1과 구분)"
SC_V1993_B093_034,온풍기,RULE_A,3,L2,4,단일일치,,"현재 L3 -> L2(정책 후보, 사람 미승인 - tier1과 구분)"
SC_V1993_B093_035,올록볼록,RULE_A,3,L2,4,단일일치,,"현재 L3 -> L2(정책 후보, 사람 미승인 - tier1과 구분)"
SC_V1993_B093_036,옳아,RULE_A,3,L2,4,단일일치,,"현재 L3 -> L2(정책 후보, 사람 미승인 - tier1과 구분)"
SC_V1993_B093_041,옷고름,RULE_A,3,L2,4,단일일치,,"현재 L3 -> L2(정책 후보, 사람 미승인 - tier1과 구분)"
SC_V1993_B093_048,옹알이,RULE_A,3,L2,4,단일일치,,"현재 L3 -> L2(정책 후보, 사람 미승인 - tier1과 구분)"
SC_V1993_B093_049,옹호하다,RULE_A,3,L2,4,단일일치,,"현재 L3 -> L2(정책 후보, 사람 미승인 - tier1과 구분)"
SC_V1994_B094_001,와이샤쓰,RULE_A,3,L2,4,단일일치,,"현재 L3 -> L2(정책 후보, 사람 미승인 - tier1과 구분)"
SC_V1994_B094_004,와해되다,RULE_A,3,L2,4,단일일치,,"현재 L3 -> L2(정책 후보, 사람 미승인 - tier1과 구분)"
SC_V1994_B094_011,완성도,RULE_A,3,L2,4,단일일치,,"현재 L3 -> L2(정책 후보, 사람 미승인 - tier1과 구분)"
SC_V1994_B094_014,완충되다,RULE_A,3,L2,4,단일일치,,"현재 L3 -> L2(정책 후보, 사람 미승인 - tier1과 구분)"
SC_V1994_B094_017,왕권,RULE_A,3,L2,4,단일일치,,"현재 L3 -> L2(정책 후보, 사람 미승인 - tier1과 구분)"
SC_V1994_B094_034,외나무다리,RULE_A,3,L2,4,단일일치,,"현재 L3 -> L2(정책 후보, 사람 미승인 - tier1과 구분)"
SC_V1995_B095_005,요만하다,RULE_B,2,L1,3,단일일치,,"현재 L2 -> L1(정책 후보, 사람 미승인 - tier1과 구분)"
SC_V1995_B095_013,욕설,RULE_A,3,L2,4,단일일치,,"현재 L3 -> L2(정책 후보, 사람 미승인 - tier1과 구분)"
SC_V1995_B095_015,용감성,RULE_A,3,L2,4,단일일치,,"현재 L3 -> L2(정책 후보, 사람 미승인 - tier1과 구분)"
SC_V1995_B095_023,우당탕,RULE_A,3,L2,4,단일일치,,"현재 L3 -> L2(정책 후보, 사람 미승인 - tier1과 구분)"
SC_V1995_B095_024,우두커니,RULE_A,3,L2,4,단일일치,,"현재 L3 -> L2(정책 후보, 사람 미승인 - tier1과 구분)"
SC_V1995_B095_025,우등상,RULE_A,3,L2,4,단일일치,,"현재 L3 -> L2(정책 후보, 사람 미승인 - tier1과 구분)"
SC_V1995_B095_026,우러나오다,RULE_A,3,L2,4,단일일치,,"현재 L3 -> L2(정책 후보, 사람 미승인 - tier1과 구분)"
SC_V1995_B095_028,우리글,RULE_A,3,L2,4,단일일치,,"현재 L3 -> L2(정책 후보, 사람 미승인 - tier1과 구분)"
SC_V1995_B095_032,우방국,RULE_A,3,L2,4,단일일치,,"현재 L3 -> L2(정책 후보, 사람 미승인 - tier1과 구분)"
SC_V1995_B095_033,우산살,RULE_A,3,L2,4,단일일치,,"현재 L3 -> L2(정책 후보, 사람 미승인 - tier1과 구분)"
SC_V1995_B095_045,우지끈,RULE_A,3,L2,4,단일일치,,"현재 L3 -> L2(정책 후보, 사람 미승인 - tier1과 구분)"
SC_V1996_B096_010,운수업,RULE_A,3,L2,4,단일일치,,"현재 L3 -> L2(정책 후보, 사람 미승인 - tier1과 구분)"
SC_V1996_B096_022,움막,RULE_A,3,L2,4,단일일치,,"현재 L3 -> L2(정책 후보, 사람 미승인 - tier1과 구분)"
SC_V1996_B096_024,움찔하다,RULE_A,3,L2,4,단일일치,,"현재 L3 -> L2(정책 후보, 사람 미승인 - tier1과 구분)"
SC_V1996_B096_027,웃돌다,RULE_A,3,L2,4,단일일치,,"현재 L3 -> L2(정책 후보, 사람 미승인 - tier1과 구분)"
SC_V1996_B096_034,웅성이다,RULE_A,3,L2,4,단일일치,,"현재 L3 -> L2(정책 후보, 사람 미승인 - tier1과 구분)"
SC_V1996_B096_037,원두커피,RULE_A,3,L2,4,단일일치,,"현재 L3 -> L2(정책 후보, 사람 미승인 - tier1과 구분)"
SC_V1997_B097_005,웨이브,RULE_A,3,L2,4,단일일치,,"현재 L3 -> L2(정책 후보, 사람 미승인 - tier1과 구분)"
SC_V1997_B097_008,위문,RULE_A,3,L2,4,단일일치,,"현재 L3 -> L2(정책 후보, 사람 미승인 - tier1과 구분)"
SC_V1997_B097_009,위문하다,RULE_A,3,L2,4,단일일치,,"현재 L3 -> L2(정책 후보, 사람 미승인 - tier1과 구분)"
SC_V1997_B097_010,위배되다,RULE_A,3,L2,4,단일일치,,"현재 L3 -> L2(정책 후보, 사람 미승인 - tier1과 구분)"
SC_V1997_B097_012,위생비,RULE_A,3,L2,4,단일일치,,"현재 L3 -> L2(정책 후보, 사람 미승인 - tier1과 구분)"
SC_V1997_B097_013,위압감,RULE_A,3,L2,4,단일일치,,"현재 L3 -> L2(정책 후보, 사람 미승인 - tier1과 구분)"
SC_V1997_B097_015,위원단,RULE_A,3,L2,4,단일일치,,"현재 L3 -> L2(정책 후보, 사람 미승인 - tier1과 구분)"
SC_V1997_B097_019,위태위태하다,RULE_A,3,L2,4,단일일치,,"현재 L3 -> L2(정책 후보, 사람 미승인 - tier1과 구분)"
SC_V1997_B097_021,위트,RULE_A,3,L2,4,단일일치,,"현재 L3 -> L2(정책 후보, 사람 미승인 - tier1과 구분)"
SC_V1997_B097_023,위험성,RULE_B,2,L1,3,단일일치,,"현재 L2 -> L1(정책 후보, 사람 미승인 - tier1과 구분)"
SC_V1997_B097_035,유념하다,RULE_A,3,L2,4,단일일치,,"현재 L3 -> L2(정책 후보, 사람 미승인 - tier1과 구분)"
SC_V1997_B097_037,유단자,RULE_A,3,L2,4,단일일치,,"현재 L3 -> L2(정책 후보, 사람 미승인 - tier1과 구분)"
SC_V1997_B097_046,유명세,RULE_A,3,L2,4,단일일치,,"현재 L3 -> L2(정책 후보, 사람 미승인 - tier1과 구분)"
SC_V1998_B098_005,유실수,RULE_A,3,L2,4,단일일치,,"현재 L3 -> L2(정책 후보, 사람 미승인 - tier1과 구분)"
SC_V1998_B098_009,유유자적,RULE_A,3,L2,4,단일일치,,"현재 L3 -> L2(정책 후보, 사람 미승인 - tier1과 구분)"
SC_V1998_B098_013,유제품,RULE_A,3,L2,4,단일일치,,"현재 L3 -> L2(정책 후보, 사람 미승인 - tier1과 구분)"
SC_V1998_B098_020,유행성,RULE_A,3,L2,4,단일일치,,"현재 L3 -> L2(정책 후보, 사람 미승인 - tier1과 구분)"
SC_V1998_B098_028,융성,RULE_A,3,L2,4,단일일치,,"현재 L3 -> L2(정책 후보, 사람 미승인 - tier1과 구분)"
SC_V1998_B098_034,으스스하다,RULE_B,2,L1,3,단일일치,,"현재 L2 -> L1(정책 후보, 사람 미승인 - tier1과 구분)"
SC_V1998_B098_036,으하하,RULE_A,3,L2,4,단일일치,,"현재 L3 -> L2(정책 후보, 사람 미승인 - tier1과 구분)"
SC_V1998_B098_037,으허허,RULE_A,3,L2,4,단일일치,,"현재 L3 -> L2(정책 후보, 사람 미승인 - tier1과 구분)"
SC_V1998_B098_038,으흐흑,RULE_A,3,L2,4,단일일치,,"현재 L3 -> L2(정책 후보, 사람 미승인 - tier1과 구분)"
SC_V1998_B098_039,윽박지르다,RULE_A,3,L2,4,단일일치,,"현재 L3 -> L2(정책 후보, 사람 미승인 - tier1과 구분)"
SC_V1998_B098_049,은유법,tier1_현재유지,4,L4,4,단일일치,교과_전문_의미,"변경 없음(사람 승인, 2026-09-29 15:02:11)"
SC_V1998_B098_050,은퇴,RULE_A,3,L2,4,단일일치,,"현재 L3 -> L2(정책 후보, 사람 미승인 - tier1과 구분)"
SC_V1999_B099_005,은행장,RULE_A,3,L2,4,단일일치,,"현재 L3 -> L2(정책 후보, 사람 미승인 - tier1과 구분)"
SC_V1999_B099_008,음반,RULE_A,3,L2,4,단일일치,,"현재 L3 -> L2(정책 후보, 사람 미승인 - tier1과 구분)"
SC_V1999_B099_011,음악대,RULE_A,3,L2,4,단일일치,,"현재 L3 -> L2(정책 후보, 사람 미승인 - tier1과 구분)"
SC_V1999_B099_012,음악인,RULE_A,3,L2,4,단일일치,,"현재 L3 -> L2(정책 후보, 사람 미승인 - tier1과 구분)"
SC_V1999_B099_020,응낙하다,RULE_A,3,L2,4,단일일치,,"현재 L3 -> L2(정책 후보, 사람 미승인 - tier1과 구분)"
SC_V1999_B099_026,응원가,RULE_A,3,L2,4,단일일치,,"현재 L3 -> L2(정책 후보, 사람 미승인 - tier1과 구분)"
SC_V1999_B099_028,응접실,RULE_A,3,L2,4,단일일치,,"현재 L3 -> L2(정책 후보, 사람 미승인 - tier1과 구분)"
SC_V1999_B099_032,의기소침하다,RULE_A,3,L2,4,단일일치,,"현재 L3 -> L2(정책 후보, 사람 미승인 - tier1과 구분)"
SC_V1999_B099_033,의기양양하다,RULE_A,3,L2,4,단일일치,,"현재 L3 -> L2(정책 후보, 사람 미승인 - tier1과 구분)"
SC_V1999_B099_036,의료비,RULE_A,3,L2,4,단일일치,,"현재 L3 -> L2(정책 후보, 사람 미승인 - tier1과 구분)"
SC_V1999_B099_038,의무화,RULE_A,3,L2,4,단일일치,,"현재 L3 -> L2(정책 후보, 사람 미승인 - tier1과 구분)"
SC_V1999_B099_040,의문스럽다,RULE_A,3,L2,4,단일일치,,"현재 L3 -> L2(정책 후보, 사람 미승인 - tier1과 구분)"
SC_V1999_B099_041,의미심장하다,RULE_A,3,L2,4,단일일치,,"현재 L3 -> L2(정책 후보, 사람 미승인 - tier1과 구분)"
SC_V1999_B099_043,의사당,RULE_A,3,L2,4,단일일치,,"현재 L3 -> L2(정책 후보, 사람 미승인 - tier1과 구분)"
SC_V1999_B099_044,의사소통하다,RULE_A,3,L2,4,단일일치,,"현재 L3 -> L2(정책 후보, 사람 미승인 - tier1과 구분)"
SR_L4CORE_4749,간과,미매칭다중후보의미위험_별도검토,4,해당없음(검토 필요),,매칭없음,,"match_type=매칭없음, exception_reason=-"
SR_L4CORE_4754,보수,미매칭다중후보의미위험_별도검토,4,해당없음(검토 필요),4,단일일치_동형이의주의,뜻이_다를_가능성(뜻풀이위험78),"match_type=단일일치_동형이의주의, exception_reason=뜻이_다를_가능성(뜻풀이위험78)"
SR_L4CORE_4762,유동,미매칭다중후보의미위험_별도검토,4,해당없음(검토 필요),,매칭없음,,"match_type=매칭없음, exception_reason=-"
SR_L4CORE_4765,유사,미매칭다중후보의미위험_별도검토,4,해당없음(검토 필요),,매칭없음,,"match_type=매칭없음, exception_reason=-"
SR_L4CORE_4767,유추,공식5등급_미검수,4,경계(L3~L4),5,단일일치,동형이의어,"레벨 변경 아님 - 경계 표시만 유지, 미검수"
SR_L4CORE_4773,인지,미매칭다중후보의미위험_별도검토,4,해당없음(검토 필요),,다중후보,동형이의어,"match_type=다중후보, exception_reason=동형이의어"
SR_L4CORE_4778,자연적,미매칭다중후보의미위험_별도검토,4,해당없음(검토 필요),,표제어만일치,,"match_type=표제어만일치, exception_reason=-"
SR_L4CORE_4782,적절,미매칭다중후보의미위험_별도검토,4,해당없음(검토 필요),,매칭없음,,"match_type=매칭없음, exception_reason=-"
SR_L4CORE_4784,점진,공식5등급_미검수,4,경계(L3~L4),5,단일일치,,"레벨 변경 아님 - 경계 표시만 유지, 미검수"
SR_L4CORE_4785,정교,미매칭다중후보의미위험_별도검토,4,해당없음(검토 필요),,매칭없음,,"match_type=매칭없음, exception_reason=-"
SR_L4CORE_4786,정기,미매칭다중후보의미위험_별도검토,4,해당없음(검토 필요),4,단일일치_동형이의주의,뜻이_다를_가능성(뜻풀이위험78),"match_type=단일일치_동형이의주의, exception_reason=뜻이_다를_가능성(뜻풀이위험78)"
SR_L4CORE_4787,정상,미매칭다중후보의미위험_별도검토,4,해당없음(검토 필요),,다중후보,뜻이_다를_가능성(뜻풀이위험78),"match_type=다중후보, exception_reason=뜻이_다를_가능성(뜻풀이위험78)"
SR_L4CORE_4796,종속,공식5등급_미검수,4,경계(L3~L4),5,단일일치,동형이의어,"레벨 변경 아님 - 경계 표시만 유지, 미검수"
SR_L4CORE_4799,준거,공식5등급_미검수,4,경계(L3~L4),5,단일일치,동형이의어,"레벨 변경 아님 - 경계 표시만 유지, 미검수"
SR_L4CORE_4801,중복,미매칭다중후보의미위험_별도검토,4,해당없음(검토 필요),4,단일일치_동형이의주의,동형이의어,"match_type=단일일치_동형이의주의, exception_reason=동형이의어"
SR_L4CORE_4810,직면,공식5등급_미검수,4,경계(L3~L4),5,단일일치,,"레벨 변경 아님 - 경계 표시만 유지, 미검수"
SR_L4CORE_4813,착수,공식5등급_미검수,4,경계(L3~L4),5,단일일치,동형이의어,"레벨 변경 아님 - 경계 표시만 유지, 미검수"
SR_L4CORE_4816,축적,공식5등급_미검수,4,경계(L3~L4),5,단일일치,,"레벨 변경 아님 - 경계 표시만 유지, 미검수"
SR_L4CORE_4823,필연,공식5등급_미검수,4,경계(L3~L4),5,단일일치,동형이의어,"레벨 변경 아님 - 경계 표시만 유지, 미검수"
SR_L4CORE_4825,하위,공식5등급_미검수,4,경계(L3~L4),5,단일일치,동형이의어,"레벨 변경 아님 - 경계 표시만 유지, 미검수"
SR_L4CORE_5410,사회변동,미매칭다중후보의미위험_별도검토,4,해당없음(검토 필요),,매칭없음,,"match_type=매칭없음, exception_reason=-"
SR_L4CORE_5431,곶,공식5등급_미검수,4,경계(L3~L4),5,단일일치,동형이의어,"레벨 변경 아님 - 경계 표시만 유지, 미검수"
SR_L4CORE_5495,사법권,공식5등급_미검수,4,경계(L3~L4),5,단일일치,,"레벨 변경 아님 - 경계 표시만 유지, 미검수"
SR_L4CORE_5518,균형 가격,미매칭다중후보의미위험_별도검토,4,해당없음(검토 필요),,매칭없음,,"match_type=매칭없음, exception_reason=-"
SR_L4CORE_6400,비열,미매칭다중후보의미위험_별도검토,4,해당없음(검토 필요),,매칭없음,,"match_type=매칭없음, exception_reason=-"
SR_L4CORE_6403,이동거리,미매칭다중후보의미위험_별도검토,4,해당없음(검토 필요),,매칭없음,,"match_type=매칭없음, exception_reason=-"
SR_L4CORE_6418,해류,공식5등급_미검수,4,경계(L3~L4),5,단일일치,동형이의어,"레벨 변경 아님 - 경계 표시만 유지, 미검수"
SR_L4CORE_6426,기권의 층상구조,미매칭다중후보의미위험_별도검토,4,해당없음(검토 필요),,매칭없음,,"match_type=매칭없음, exception_reason=-"
SR_L4CORE_6460,세포분열,미매칭다중후보의미위험_별도검토,4,해당없음(검토 필요),,매칭없음,,"match_type=매칭없음, exception_reason=-"
SR_L4CORE_6476,순물질,미매칭다중후보의미위험_별도검토,4,해당없음(검토 필요),,매칭없음,,"match_type=매칭없음, exception_reason=-"
SR_L5CORE_4834,가변,미매칭다중후보의미위험_별도검토,5,해당없음(검토 필요),,매칭없음,,"match_type=매칭없음, exception_reason=-"
SR_L5CORE_4836,간략,미매칭다중후보의미위험_별도검토,5,해당없음(검토 필요),,매칭없음,,"match_type=매칭없음, exception_reason=-"
SR_L5CORE_4837,감안,미매칭다중후보의미위험_별도검토,5,해당없음(검토 필요),,매칭없음,,"match_type=매칭없음, exception_reason=-"
SR_L5CORE_4838,개관,공식5등급_미검수,5,경계(L3~L4),5,단일일치_동형이의주의,동형이의어,"레벨 변경 아님 - 경계 표시만 유지, 미검수 [동형이의 위험 병존]"
SR_L5CORE_4839,개괄,미매칭다중후보의미위험_별도검토,5,해당없음(검토 필요),,매칭없음,,"match_type=매칭없음, exception_reason=-"
SR_L5CORE_4840,거시,미매칭다중후보의미위험_별도검토,5,해당없음(검토 필요),,매칭없음,,"match_type=매칭없음, exception_reason=-"
SR_L5CORE_4845,광범위,미매칭다중후보의미위험_별도검토,5,해당없음(검토 필요),,매칭없음,,"match_type=매칭없음, exception_reason=-"
SR_L5CORE_4846,구축,미매칭다중후보의미위험_별도검토,5,해당없음(검토 필요),,다중후보,동형이의어,"match_type=다중후보, exception_reason=동형이의어"
SR_L5CORE_4848,국면,공식5등급_미검수,5,경계(L3~L4),5,단일일치,,"레벨 변경 아님 - 경계 표시만 유지, 미검수"
SR_L5CORE_4849,급진,미매칭다중후보의미위험_별도검토,5,해당없음(검토 필요),,매칭없음,,"match_type=매칭없음, exception_reason=-"
SR_L5CORE_4854,난점,공식5등급_미검수,5,경계(L3~L4),5,단일일치,,"레벨 변경 아님 - 경계 표시만 유지, 미검수"
SR_L5CORE_4856,내재,미매칭다중후보의미위험_별도검토,5,해당없음(검토 필요),,매칭없음,,"match_type=매칭없음, exception_reason=-"
SR_L5CORE_4857,논거,공식5등급_미검수,5,경계(L3~L4),5,단일일치,,"레벨 변경 아님 - 경계 표시만 유지, 미검수"
SR_L5CORE_4859,논술,공식5등급_미검수,5,경계(L3~L4),5,단일일치,동형이의어,"레벨 변경 아님 - 경계 표시만 유지, 미검수"
SR_L5CORE_4868,대등,공식5등급_미검수,5,경계(L3~L4),5,단일일치,동형이의어,"레벨 변경 아님 - 경계 표시만 유지, 미검수"
SR_L5CORE_4906,부가,공식5등급_미검수,5,경계(L3~L4),5,단일일치,동형이의어,"레벨 변경 아님 - 경계 표시만 유지, 미검수"
SR_L5CORE_4920,사후,미매칭다중후보의미위험_별도검토,5,해당없음(검토 필요),,다중후보,동형이의어,"match_type=다중후보, exception_reason=동형이의어"
SR_L5CORE_5531,사회구조,미매칭다중후보의미위험_별도검토,5,해당없음(검토 필요),,매칭없음,,"match_type=매칭없음, exception_reason=-"
SR_L5CORE_5532,사회제도,미매칭다중후보의미위험_별도검토,5,해당없음(검토 필요),,매칭없음,,"match_type=매칭없음, exception_reason=-"
SR_L5CORE_5536,정주환경,미매칭다중후보의미위험_별도검토,5,해당없음(검토 필요),,매칭없음,,"match_type=매칭없음, exception_reason=-"
SR_L5CORE_5542,인간중심주의 자연관,미매칭다중후보의미위험_별도검토,5,해당없음(검토 필요),,매칭없음,,"match_type=매칭없음, exception_reason=-"
SR_L5CORE_5543,생태중심주의 자연관,미매칭다중후보의미위험_별도검토,5,해당없음(검토 필요),,매칭없음,,"match_type=매칭없음, exception_reason=-"
SR_L5CORE_5546,생태도시,미매칭다중후보의미위험_별도검토,5,해당없음(검토 필요),,매칭없음,,"match_type=매칭없음, exception_reason=-"
SR_L5CORE_5547,슬로시티,미매칭다중후보의미위험_별도검토,5,해당없음(검토 필요),,매칭없음,,"match_type=매칭없음, exception_reason=-"
SR_L5CORE_5550,녹색소비,미매칭다중후보의미위험_별도검토,5,해당없음(검토 필요),,매칭없음,,"match_type=매칭없음, exception_reason=-"
SR_L5CORE_5552,교외화,미매칭다중후보의미위험_별도검토,5,해당없음(검토 필요),,매칭없음,,"match_type=매칭없음, exception_reason=-"
SR_L5CORE_5553,도시문제,미매칭다중후보의미위험_별도검토,5,해당없음(검토 필요),,매칭없음,,"match_type=매칭없음, exception_reason=-"
SR_L5CORE_5554,인구공동화,미매칭다중후보의미위험_별도검토,5,해당없음(검토 필요),,매칭없음,,"match_type=매칭없음, exception_reason=-"
SR_L5CORE_6494,연약권,미매칭다중후보의미위험_별도검토,5,해당없음(검토 필요),,매칭없음,,"match_type=매칭없음, exception_reason=-"
SR_L5CORE_6495,맨틀,미매칭다중후보의미위험_별도검토,5,해당없음(검토 필요),,매칭없음,,"match_type=매칭없음, exception_reason=-"
SR_L5CORE_6498,발산형 경계,미매칭다중후보의미위험_별도검토,5,해당없음(검토 필요),,매칭없음,,"match_type=매칭없음, exception_reason=-"
SR_L5CORE_6499,해령,미매칭다중후보의미위험_별도검토,5,해당없음(검토 필요),,매칭없음,,"match_type=매칭없음, exception_reason=-"
SR_L5CORE_6500,열곡,미매칭다중후보의미위험_별도검토,5,해당없음(검토 필요),,매칭없음,,"match_type=매칭없음, exception_reason=-"
SR_L5CORE_6501,수렴형 경계,미매칭다중후보의미위험_별도검토,5,해당없음(검토 필요),,매칭없음,,"match_type=매칭없음, exception_reason=-"
SR_L5CORE_6502,해구,미매칭다중후보의미위험_별도검토,5,해당없음(검토 필요),,매칭없음,,"match_type=매칭없음, exception_reason=-"
SR_L5CORE_6508,열점,미매칭다중후보의미위험_별도검토,5,해당없음(검토 필요),,매칭없음,,"match_type=매칭없음, exception_reason=-"
SR_L5CORE_6510,결정형,미매칭다중후보의미위험_별도검토,5,해당없음(검토 필요),,매칭없음,,"match_type=매칭없음, exception_reason=-"
SR_L5CORE_6513,쪼개짐,미매칭다중후보의미위험_별도검토,5,해당없음(검토 필요),,매칭없음,,"match_type=매칭없음, exception_reason=-"
SR_L5CORE_6514,깨짐,미매칭다중후보의미위험_별도검토,5,해당없음(검토 필요),,매칭없음,,"match_type=매칭없음, exception_reason=-"
SR_L6COREV2_4959,전면,미매칭다중후보의미위험_별도검토,6,해당없음(검토 필요),,다중후보,동형이의어,"match_type=다중후보, exception_reason=동형이의어"
SR_L6COREV2_4976,객관성,공식5등급_미검수,6,경계(L3~L4),5,단일일치,,"레벨 변경 아님 - 경계 표시만 유지, 미검수"
SR_L6COREV2_4982,고찰,공식5등급_미검수,6,경계(L3~L4),5,단일일치,동형이의어,"레벨 변경 아님 - 경계 표시만 유지, 미검수"
SR_L6COREV2_4990,기호성,미매칭다중후보의미위험_별도검토,6,해당없음(검토 필요),,매칭없음,,"match_type=매칭없음, exception_reason=-"
SR_L6COREV2_4992,논증,공식5등급_미검수,6,경계(L3~L4),5,단일일치,동형이의어,"레벨 변경 아님 - 경계 표시만 유지, 미검수"
SR_L6COREV2_4993,논지,공식5등급_미검수,6,경계(L3~L4),5,단일일치,동형이의어,"레벨 변경 아님 - 경계 표시만 유지, 미검수"
SR_L6COREV2_4996,명확성,공식5등급_미검수,6,경계(L3~L4),5,단일일치,,"레벨 변경 아님 - 경계 표시만 유지, 미검수"
SR_L6COREV2_4998,배타,미매칭다중후보의미위험_별도검토,6,해당없음(검토 필요),,매칭없음,,"match_type=매칭없음, exception_reason=-"
SR_L6COREV2_4999,범주,공식5등급_미검수,6,경계(L3~L4),5,단일일치,동형이의어,"레벨 변경 아님 - 경계 표시만 유지, 미검수"
SR_L6COREV2_5001,분절성,미매칭다중후보의미위험_별도검토,6,해당없음(검토 필요),,매칭없음,,"match_type=매칭없음, exception_reason=-"
SR_L6COREV2_5003,실재,공식5등급_미검수,6,경계(L3~L4),5,단일일치,동형이의어,"레벨 변경 아님 - 경계 표시만 유지, 미검수"
SR_L6COREV2_5004,실증,미매칭다중후보의미위험_별도검토,6,해당없음(검토 필요),,매칭없음,,"match_type=매칭없음, exception_reason=-"
SR_L6COREV2_5008,암시,공식5등급_미검수,6,경계(L3~L4),5,단일일치,동형이의어,"레벨 변경 아님 - 경계 표시만 유지, 미검수"
SR_L6COREV2_5010,양극화,미매칭다중후보의미위험_별도검토,6,해당없음(검토 필요),,매칭없음,,"match_type=매칭없음, exception_reason=-"
SR_L6COREV2_5011,양상,공식5등급_미검수,6,경계(L3~L4),5,단일일치,동형이의어,"레벨 변경 아님 - 경계 표시만 유지, 미검수"
SR_L6COREV2_5014,역점,공식5등급_미검수,6,경계(L3~L4),5,단일일치,동형이의어,"레벨 변경 아님 - 경계 표시만 유지, 미검수"
SR_L6COREV2_5015,연쇄,공식5등급_미검수,6,경계(L3~L4),5,단일일치,동형이의어,"레벨 변경 아님 - 경계 표시만 유지, 미검수"
SR_L6COREV2_5016,여지,공식5등급_미검수,6,경계(L3~L4),5,단일일치,동형이의어,"레벨 변경 아님 - 경계 표시만 유지, 미검수"
SR_L6COREV2_5020,이룩,미매칭다중후보의미위험_별도검토,6,해당없음(검토 필요),,매칭없음,,"match_type=매칭없음, exception_reason=-"
SR_L6COREV2_5025,입각,공식5등급_미검수,6,경계(L3~L4),5,단일일치,동형이의어,"레벨 변경 아님 - 경계 표시만 유지, 미검수"
SR_L6COREV2_5026,패러다임,미매칭다중후보의미위험_별도검토,6,해당없음(검토 필요),,매칭없음,,"match_type=매칭없음, exception_reason=-"
SR_L6CORE_4943,야기,미매칭다중후보의미위험_별도검토,6,해당없음(검토 필요),,매칭없음,,"match_type=매칭없음, exception_reason=-"
SR_L6CORE_4944,엄밀,미매칭다중후보의미위험_별도검토,6,해당없음(검토 필요),,매칭없음,,"match_type=매칭없음, exception_reason=-"
SR_L6CORE_4946,완결,공식5등급_미검수,6,경계(L3~L4),5,단일일치,동형이의어,"레벨 변경 아님 - 경계 표시만 유지, 미검수"
SR_L6CORE_4948,용이,미매칭다중후보의미위험_별도검토,6,해당없음(검토 필요),,매칭없음,,"match_type=매칭없음, exception_reason=-"
SR_L6CORE_4950,운용,공식5등급_미검수,6,경계(L3~L4),5,단일일치,,"레벨 변경 아님 - 경계 표시만 유지, 미검수"
SR_L6CORE_4951,위계,미매칭다중후보의미위험_별도검토,6,해당없음(검토 필요),,매칭없음,,"match_type=매칭없음, exception_reason=-"
SR_L6CORE_4953,의지,미매칭다중후보의미위험_별도검토,6,해당없음(검토 필요),,다중후보,동형이의어,"match_type=다중후보, exception_reason=동형이의어"
SR_L6CORE_4955,일괄,공식5등급_미검수,6,경계(L3~L4),5,단일일치,,"레벨 변경 아님 - 경계 표시만 유지, 미검수"
SR_L6CORE_4958,잠정,공식5등급_미검수,6,경계(L3~L4),5,단일일치,,"레벨 변경 아님 - 경계 표시만 유지, 미검수"
SR_L6CORE_4960,전이,공식5등급_미검수,6,경계(L3~L4),5,단일일치,동형이의어,"레벨 변경 아님 - 경계 표시만 유지, 미검수"
SR_L6CORE_4961,전제,공식5등급_미검수,6,경계(L3~L4),5,단일일치,동형이의어,"레벨 변경 아님 - 경계 표시만 유지, 미검수"
SR_L6CORE_4965,체재,공식5등급_미검수,6,경계(L3~L4),5,단일일치,동형이의어,"레벨 변경 아님 - 경계 표시만 유지, 미검수"
SR_L6CORE_4968,취하,미매칭다중후보의미위험_별도검토,6,해당없음(검토 필요),,매칭없음,,"match_type=매칭없음, exception_reason=-"
SR_L6CORE_4972,합리적,공식5등급_미검수,6,경계(L3~L4),5,단일일치,,"레벨 변경 아님 - 경계 표시만 유지, 미검수"
SR_L6CORE_4973,개략,미매칭다중후보의미위험_별도검토,6,해당없음(검토 필요),,매칭없음,,"match_type=매칭없음, exception_reason=-"
SR_L6CORE_4975,개진,미매칭다중후보의미위험_별도검토,6,해당없음(검토 필요),,매칭없음,,"match_type=매칭없음, exception_reason=-"
SR_L6CORE_4978,객체,미매칭다중후보의미위험_별도검토,6,해당없음(검토 필요),,매칭없음,,"match_type=매칭없음, exception_reason=-"
SR_L6CORE_4979,견지,미매칭다중후보의미위험_별도검토,6,해당없음(검토 필요),,매칭없음,,"match_type=매칭없음, exception_reason=-"
SR_L6CORE_4980,결속,공식5등급_미검수,6,경계(L3~L4),5,단일일치,,"레벨 변경 아님 - 경계 표시만 유지, 미검수"
SR_L6CORE_4981,결여,공식5등급_미검수,6,경계(L3~L4),5,단일일치,동형이의어,"레벨 변경 아님 - 경계 표시만 유지, 미검수"
SR_L6CORE_4984,관통,공식5등급_미검수,6,경계(L3~L4),5,단일일치,동형이의어,"레벨 변경 아님 - 경계 표시만 유지, 미검수"
SR_L6CORE_4986,극단,미매칭다중후보의미위험_별도검토,6,해당없음(검토 필요),,다중후보,동형이의어,"match_type=다중후보, exception_reason=동형이의어"
SR_L6CORE_4987,극대,공식5등급_미검수,6,경계(L3~L4),5,단일일치,동형이의어,"레벨 변경 아님 - 경계 표시만 유지, 미검수"
SR_L6CORE_4988,기각,공식5등급_미검수,6,경계(L3~L4),5,단일일치,동형이의어,"레벨 변경 아님 - 경계 표시만 유지, 미검수"
SR_L6CORE_4989,기인,공식5등급_미검수,6,경계(L3~L4),5,단일일치,동형이의어,"레벨 변경 아님 - 경계 표시만 유지, 미검수"
SR_L6CORE_6018,죄형법정주의,미매칭다중후보의미위험_별도검토,6,해당없음(검토 필요),,매칭없음,,"match_type=매칭없음, exception_reason=-"
SR_L6CORE_6030,적법절차의 원칙,미매칭다중후보의미위험_별도검토,6,해당없음(검토 필요),,매칭없음,,"match_type=매칭없음, exception_reason=-"
SR_L6CORE_6031,무죄추정의 원칙,미매칭다중후보의미위험_별도검토,6,해당없음(검토 필요),,매칭없음,,"match_type=매칭없음, exception_reason=-"
SR_L6CORE_6036,실체법,미매칭다중후보의미위험_별도검토,6,해당없음(검토 필요),,매칭없음,,"match_type=매칭없음, exception_reason=-"
SR_L6CORE_6037,절차법,미매칭다중후보의미위험_별도검토,6,해당없음(검토 필요),,매칭없음,,"match_type=매칭없음, exception_reason=-"
SR_L6CORE_6038,일반법,미매칭다중후보의미위험_별도검토,6,해당없음(검토 필요),,매칭없음,,"match_type=매칭없음, exception_reason=-"
SR_L6CORE_6040,노동법,공식5등급_미검수,6,경계(L3~L4),5,단일일치,,"레벨 변경 아님 - 경계 표시만 유지, 미검수"
SR_L6CORE_6041,사회보장법,미매칭다중후보의미위험_별도검토,6,해당없음(검토 필요),,매칭없음,,"match_type=매칭없음, exception_reason=-"
SR_L6CORE_6042,경제법,공식5등급_미검수,6,경계(L3~L4),5,단일일치,,"레벨 변경 아님 - 경계 표시만 유지, 미검수"
SR_L6CORE_6043,행정법,공식5등급_미검수,6,경계(L3~L4),5,단일일치,,"레벨 변경 아님 - 경계 표시만 유지, 미검수"
SR_L6EVIDENCEV1_5747,합리성,미매칭다중후보의미위험_별도검토,6,해당없음(검토 필요),,표제어만일치,,"match_type=표제어만일치, exception_reason=-"
SR_L6EVIDENCEV1_5749,상품,미매칭다중후보의미위험_별도검토,6,해당없음(검토 필요),,표제어만일치,뜻이_다를_가능성(뜻풀이위험78),"match_type=표제어만일치, exception_reason=뜻이_다를_가능성(뜻풀이위험78)"
SR_L6EVIDENCEV1_5766,소득탄력성,미매칭다중후보의미위험_별도검토,6,해당없음(검토 필요),,매칭없음,,"match_type=매칭없음, exception_reason=-"
SR_L6EVIDENCEV1_5775,기펜재,미매칭다중후보의미위험_별도검토,6,해당없음(검토 필요),,매칭없음,,"match_type=매칭없음, exception_reason=-"
SR_L6EVIDENCEV1_5786,직접세,미매칭다중후보의미위험_별도검토,6,해당없음(검토 필요),,표제어만일치,,"match_type=표제어만일치, exception_reason=-"
SR_L6EVIDENCEV1_5794,국민소득,미매칭다중후보의미위험_별도검토,6,해당없음(검토 필요),,매칭없음,,"match_type=매칭없음, exception_reason=-"
SR_L6EVIDENCEV1_5796,국민총소득,미매칭다중후보의미위험_별도검토,6,해당없음(검토 필요),,매칭없음,,"match_type=매칭없음, exception_reason=-"
SR_L6EVIDENCEV1_5825,스놉효과,미매칭다중후보의미위험_별도검토,6,해당없음(검토 필요),,매칭없음,,"match_type=매칭없음, exception_reason=-"
SR_L6EVIDENCEV1_5834,지급준비제도,미매칭다중후보의미위험_별도검토,6,해당없음(검토 필요),,매칭없음,,"match_type=매칭없음, exception_reason=-"
SR_L6EVIDENCEV1_5839,파생통화,미매칭다중후보의미위험_별도검토,6,해당없음(검토 필요),,매칭없음,,"match_type=매칭없음, exception_reason=-"
SR_L6EVIDENCEV1_5844,환율의 경기자동조절기능,미매칭다중후보의미위험_별도검토,6,해당없음(검토 필요),,매칭없음,,"match_type=매칭없음, exception_reason=-"
SR_L6EVIDENCEV1_5845,고정환율제도,미매칭다중후보의미위험_별도검토,6,해당없음(검토 필요),,매칭없음,,"match_type=매칭없음, exception_reason=-"
SR_L6EVIDENCEV1_5868,도덕적 자율,미매칭다중후보의미위험_별도검토,6,해당없음(검토 필요),,매칭없음,,"match_type=매칭없음, exception_reason=-"
SR_L6EVIDENCEV1_5876,실질적평등,미매칭다중후보의미위험_별도검토,6,해당없음(검토 필요),,매칭없음,,"match_type=매칭없음, exception_reason=-"
SR_L6EVIDENCEV1_5881,공권력,미매칭다중후보의미위험_별도검토,6,해당없음(검토 필요),,표제어만일치,,"match_type=표제어만일치, exception_reason=-"
SR_L6EVIDENCEV1_5884,공화제,미매칭다중후보의미위험_별도검토,6,해당없음(검토 필요),,표제어만일치,,"match_type=표제어만일치, exception_reason=-"
SR_L6EVIDENCEV1_5924,정치의 의미,미매칭다중후보의미위험_별도검토,6,해당없음(검토 필요),,매칭없음,,"match_type=매칭없음, exception_reason=-"
SR_L6EVIDENCEV1_5945,탄핵소추,미매칭다중후보의미위험_별도검토,6,해당없음(검토 필요),,매칭없음,,"match_type=매칭없음, exception_reason=-"
SR_L6EVIDENCEV1_5950,형사재판,미매칭다중후보의미위험_별도검토,6,해당없음(검토 필요),,매칭없음,,"match_type=매칭없음, exception_reason=-"
SR_L6EVIDENCEV1_5968,포퓰리즘,미매칭다중후보의미위험_별도검토,6,해당없음(검토 필요),,매칭없음,,"match_type=매칭없음, exception_reason=-"
SR_L6EVIDENCEV1_5980,엽관제도,미매칭다중후보의미위험_별도검토,6,해당없음(검토 필요),,매칭없음,,"match_type=매칭없음, exception_reason=-"
SR_L6EVIDENCEV1_6756,고기압,미매칭다중후보의미위험_별도검토,6,해당없음(검토 필요),,표제어만일치,,"match_type=표제어만일치, exception_reason=-"
SR_L6EVIDENCEV1_6763,포화수증기압,미매칭다중후보의미위험_별도검토,6,해당없음(검토 필요),,매칭없음,,"match_type=매칭없음, exception_reason=-"
SR_L6EVIDENCEV1_6777,연안쇄파,미매칭다중후보의미위험_별도검토,6,해당없음(검토 필요),,매칭없음,,"match_type=매칭없음, exception_reason=-"
SR_L6EVIDENCEV1_6784,지구공전궤도의 이심률변화,미매칭다중후보의미위험_별도검토,6,해당없음(검토 필요),,매칭없음,,"match_type=매칭없음, exception_reason=-"
SR_L6EVIDENCEV1_6799,항성,미매칭다중후보의미위험_별도검토,6,해당없음(검토 필요),,표제어만일치,동형이의어,"match_type=표제어만일치, exception_reason=동형이의어"
SR_L6EVIDENCEV1_6816,지구중심설(천동설),미매칭다중후보의미위험_별도검토,6,해당없음(검토 필요),,매칭없음,,"match_type=매칭없음, exception_reason=-"
SR_L6EVIDENCEV1_6820,초신성,미매칭다중후보의미위험_별도검토,6,해당없음(검토 필요),,매칭없음,,"match_type=매칭없음, exception_reason=-"
SR_L6EVIDENCEV1_6832,면역,미매칭다중후보의미위험_별도검토,6,해당없음(검토 필요),,표제어만일치,동형이의어,"match_type=표제어만일치, exception_reason=동형이의어"
SR_L6EVIDENCEV1_6851,백신,미매칭다중후보의미위험_별도검토,6,해당없음(검토 필요),,표제어만일치,동형이의어,"match_type=표제어만일치, exception_reason=동형이의어"
SR_L6EVIDENCEV1_6856,유전자,미매칭다중후보의미위험_별도검토,6,해당없음(검토 필요),,표제어만일치,,"match_type=표제어만일치, exception_reason=-"
SR_L6EVIDENCEV1_6863,줄기세포 연구,미매칭다중후보의미위험_별도검토,6,해당없음(검토 필요),,매칭없음,,"match_type=매칭없음, exception_reason=-"
SR_L6EVIDENCEV1_6867,줄기세포,미매칭다중후보의미위험_별도검토,6,해당없음(검토 필요),,매칭없음,,"match_type=매칭없음, exception_reason=-"
SR_L6EVIDENCEV1_6880,단일클론항체,미매칭다중후보의미위험_별도검토,6,해당없음(검토 필요),,매칭없음,,"match_type=매칭없음, exception_reason=-"
SR_L6EVIDENCEV1_6881,생명의 기원과 종의 진화,미매칭다중후보의미위험_별도검토,6,해당없음(검토 필요),,매칭없음,,"match_type=매칭없음, exception_reason=-"
SR_L6EVIDENCEV1_6904,엑손,미매칭다중후보의미위험_별도검토,6,해당없음(검토 필요),,매칭없음,,"match_type=매칭없음, exception_reason=-"
SR_L6EVIDENCEV1_6918,이상 기체,미매칭다중후보의미위험_별도검토,6,해당없음(검토 필요),,매칭없음,,"match_type=매칭없음, exception_reason=-"
SR_L6EVIDENCEV1_6938,모세관 현상,미매칭다중후보의미위험_별도검토,6,해당없음(검토 필요),,매칭없음,,"match_type=매칭없음, exception_reason=-"
SR_L6EVIDENCEV1_6956,가역 반응,미매칭다중후보의미위험_별도검토,6,해당없음(검토 필요),,매칭없음,,"match_type=매칭없음, exception_reason=-"
SR_L6EVIDENCEV1_6962,활성화 에너지,미매칭다중후보의미위험_별도검토,6,해당없음(검토 필요),,매칭없음,,"match_type=매칭없음, exception_reason=-"
SR_L6EVIDENCEV1_6990,양자,미매칭다중후보의미위험_별도검토,6,해당없음(검토 필요),,표제어만일치,동형이의어,"match_type=표제어만일치, exception_reason=동형이의어"
SR_L6EVIDENCEV1_6993,광전효과,미매칭다중후보의미위험_별도검토,6,해당없음(검토 필요),,매칭없음,,"match_type=매칭없음, exception_reason=-"
SR_L6EVIDENCEV1_7009,양자 컴퓨터,미매칭다중후보의미위험_별도검토,6,해당없음(검토 필요),,매칭없음,,"match_type=매칭없음, exception_reason=-"
SR_L6EVIDENCEV1_7017,열적 평형,미매칭다중후보의미위험_별도검토,6,해당없음(검토 필요),,매칭없음,,"match_type=매칭없음, exception_reason=-"
SR_L6EVIDENCEV1_7025,전도성과 반도체,미매칭다중후보의미위험_별도검토,6,해당없음(검토 필요),,매칭없음,,"match_type=매칭없음, exception_reason=-"
SR_L6EVIDENCEV1_7027,반도체,미매칭다중후보의미위험_별도검토,6,해당없음(검토 필요),,표제어만일치,,"match_type=표제어만일치, exception_reason=-"
SR_L6EVIDENCEV1_7045,강유전체,미매칭다중후보의미위험_별도검토,6,해당없음(검토 필요),,매칭없음,,"match_type=매칭없음, exception_reason=-"
SR_L6EVIDENCEV1_7053,형광 단백질,미매칭다중후보의미위험_별도검토,6,해당없음(검토 필요),,매칭없음,,"match_type=매칭없음, exception_reason=-"
