term_id,headword,pos,source,subject_category,sense_category,note_subcategory,note_week,definition,db_definition_present,review_status,reviewed_at,external_id,grade_level,grade_source,xlsx_sheet_or_level,xlsx_row_no,xlsx_linked,xlsx_headword,xlsx_headword_match,xlsx_definition,xlsx_definition_present,xlsx_week,xlsx_sense_category,xlsx_subject_category,note
6939,열과 일의 등가성,,schemareading-schema,과학,화학,열화학,13주차,"열과 일은 서로 변환될 수 있으며, 변환되는 양적 관계가 일정하다는 성질.",True,검수완료,2026-09-01 23:47:34,sci-1003,,manual,sci,1003,True,열과 일의 등가성,True,,False,13주차,화학,과학,소분류: 열화학 / 주차: 13주차 / [AI 자동 생성 뜻풀이]
6940,열역학,,schemareading-schema,과학,화학,열화학,13주차,"열과 일의 이동, 에너지의 변환과 물질의 상태 변화를 다루는 물리학의 한 분야.",True,검수완료,2026-09-01 23:47:34,sci-1004,,manual,sci,1004,True,열역학,True,,False,13주차,화학,과학,소분류: 열화학 / 주차: 13주차 / [AI 자동 생성 뜻풀이]
6941,열역학 제0법칙,,schemareading-schema,과학,화학,열화학,13주차,두 물체가 각각 제3의 물체와 열평형을 이루면 두 물체도 서로 열평형 상태에 있다는 법칙.,True,검수완료,2026-09-01 23:47:34,sci-1005,,manual,sci,1005,True,열역학 제0법칙,True,,False,13주차,화학,과학,소분류: 열화학 / 주차: 13주차 / [AI 자동 생성 뜻풀이]
6942,열역학 제1법칙,,schemareading-schema,과학,화학,열화학,13주차,에너지는 형태가 바뀌어도 그 전체 양은 항상 일정하게 보존된다는 법칙.,True,검수완료,2026-09-01 23:47:34,sci-1006,,manual,sci,1006,True,열역학 제1법칙,True,,False,13주차,화학,과학,소분류: 열화학 / 주차: 13주차 / [AI 자동 생성 뜻풀이]
6943,열역학 제2법칙,,schemareading-schema,과학,화학,열화학,13주차,고립계에서 자연스럽게 일어나는 변화는 항상 엔트로피가 증가하는 방향으로 진행한다는 법칙.,True,검수완료,2026-09-01 23:47:34,sci-1007,,manual,sci,1007,True,열역학 제2법칙,True,,False,13주차,화학,과학,소분류: 열화학 / 주차: 13주차 / [AI 자동 생성 뜻풀이]
6944,엔트로피,,schemareading-schema,과학,화학,열화학,13주차,물질계의 무질서한 정도나 열적 상태를 나타내는 열역학적 물리량.,True,검수완료,2026-09-01 23:47:34,sci-1008,,manual,sci,1008,True,엔트로피,True,,False,13주차,화학,과학,소분류: 열화학 / 주차: 13주차 / [AI 자동 생성 뜻풀이]
6945,열역학 제3법칙,,schemareading-schema,과학,화학,열화학,13주차,절대 온도 0 켈빈(K)에서 완전히 정렬된 결정 물질의 엔트로피는 0이 된다는 법칙.,True,검수완료,2026-09-01 23:47:34,sci-1009,,manual,sci,1009,True,열역학 제3법칙,True,,False,13주차,화학,과학,소분류: 열화학 / 주차: 13주차 / [AI 자동 생성 뜻풀이]
6946,열기관,,schemareading-schema,과학,화학,열화학,13주차,열에너지를 흡수하여 기계적인 일로 바꾸는 장치.,True,검수완료,2026-09-01 23:47:34,sci-1010,,manual,sci,1010,True,열기관,True,,False,13주차,화학,과학,소분류: 열화학 / 주차: 13주차 / [AI 자동 생성 뜻풀이]
6947,열효율,,schemareading-schema,과학,화학,열화학,13주차,열기관에 공급된 전체 열에너지 중 일로 전환된 에너지를 비율로 나타낸 값.,True,검수완료,2026-09-01 23:47:34,sci-1011,,manual,sci,1011,True,열효율,True,,False,13주차,화학,과학,소분류: 열화학 / 주차: 13주차 / [AI 자동 생성 뜻풀이]
6948,열화학,,schemareading-schema,과학,화학,열화학,13주차,화학 반응에 동반되는 열의 흡수와 방출 등 열에너지의 변화를 연구하는 화학 분야.,True,검수완료,2026-09-01 23:47:34,sci-1012,,manual,sci,1012,True,열화학,True,,False,13주차,화학,과학,소분류: 열화학 / 주차: 13주차 / [AI 자동 생성 뜻풀이]
6949,엔탈피,,schemareading-schema,과학,화학,열화학,13주차,물질계가 가지고 있는 전체 에너지의 합을 나타내는 열역학적 상태량.,True,검수완료,2026-09-01 23:47:34,sci-1014,,manual,sci,1014,True,엔탈피,True,,False,13주차,화학,과학,소분류: 열화학 / 주차: 13주차 / [AI 자동 생성 뜻풀이]
6950,흡열반응,,schemareading-schema,과학,화학,열화학,13주차,화학 반응이 일어날 때 주위로부터 열에너지를 흡수하는 반응.,True,검수완료,2026-09-01 23:47:34,sci-1015,,manual,sci,1015,True,흡열반응,True,,False,13주차,화학,과학,소분류: 열화학 / 주차: 13주차 / [AI 자동 생성 뜻풀이]
6951,발열반응,,schemareading-schema,과학,화학,열화학,13주차,화학 반응이 일어날 때 주위로 열에너지를 방출하는 반응.,True,검수완료,2026-09-01 23:47:34,sci-1016,,manual,sci,1016,True,발열반응,True,,False,13주차,화학,과학,소분류: 열화학 / 주차: 13주차 / [AI 자동 생성 뜻풀이]
6952,정반응,,schemareading-schema,과학,화학,화학 평형,14주차,화학 반응에서 반응 물질이 생성 물질로 변하는 방향의 반응.,True,검수완료,2026-09-01 23:47:34,sci-1020,,manual,sci,1020,True,정반응,True,,False,14주차,화학,과학,소분류: 화학 평형 / 주차: 14주차 / [AI 자동 생성 뜻풀이]
6953,역반응,,schemareading-schema,과학,화학,화학 평형,14주차,화학 반응에서 생성 물질이 다시 반응 물질로 변하는 방향의 반응.,True,검수완료,2026-09-01 23:47:34,sci-1021,,manual,sci,1021,True,역반응,True,,False,14주차,화학,과학,소분류: 화학 평형 / 주차: 14주차 / [AI 자동 생성 뜻풀이]
6954,화학 평형,,schemareading-schema,과학,화학,화학 평형,14주차,가역 반응에서 정반응과 역반응의 속도가 같아 생성물과 반응물의 농도가 일정하게 유지되는 상태.,True,검수완료,2026-09-01 23:47:34,sci-1022,,manual,sci,1022,True,화학 평형,True,,False,14주차,화학,과학,소분류: 화학 평형 / 주차: 14주차 / [AI 자동 생성 뜻풀이]
6955,동적 평형,,schemareading-schema,과학,화학,화학 평형,14주차,정반응과 역반응이 같은 속도로 진행되어 겉보기에 반응이 멈춘 것처럼 보이는 상태.,True,검수완료,2026-09-01 23:47:34,sci-1023,,manual,sci,1023,True,동적 평형,True,,False,14주차,화학,과학,소분류: 화학 평형 / 주차: 14주차 / [AI 자동 생성 뜻풀이]
6956,가역 반응,,schemareading-schema,과학,화학,화학 평형,14주차,조건에 따라 정반응과 역반응이 양방향으로 모두 일어날 수 있는 화학 반응.,True,검수완료,2026-09-01 23:47:34,sci-1024,,manual,sci,1024,True,가역 반응,True,,False,14주차,화학,과학,소분류: 화학 평형 / 주차: 14주차 / [AI 자동 생성 뜻풀이]
6957,비가역 반응,,schemareading-schema,과학,화학,화학 평형,14주차,반응 물질이 생성 물질로 변한 뒤 다시 원래 물질로 돌아가지 않는 화학 반응.,True,검수완료,2026-09-01 23:47:34,sci-1025,,manual,sci,1025,True,비가역 반응,True,,False,14주차,화학,과학,소분류: 화학 평형 / 주차: 14주차 / [AI 자동 생성 뜻풀이]
6958,평형상수,,schemareading-schema,과학,화학,화학 평형,14주차,가역 반응이 화학 평형에 도달했을 때 반응물과 생성물의 농도 관계를 나타낸 상수.,True,검수완료,2026-09-01 23:47:34,sci-1026,,manual,sci,1026,True,평형상수,True,,False,14주차,화학,과학,소분류: 화학 평형 / 주차: 14주차 / [AI 자동 생성 뜻풀이]
6959,평형이동,,schemareading-schema,과학,화학,화학 평형,14주차,화학 평형 상태인 계의 조건이 변할 때 이를 완화하는 방향으로 새로운 평형에 도달하는 현상.,True,검수완료,2026-09-01 23:47:34,sci-1027,,manual,sci,1027,True,평형이동,True,,False,14주차,화학,과학,소분류: 화학 평형 / 주차: 14주차 / [AI 자동 생성 뜻풀이]
6960,르 샤를리에 원리,,schemareading-schema,과학,화학,화학 평형,14주차,평형 상태의 화학 계에 변화를 주면 그 변화를 완화하는 방향으로 평형이 이동한다는 원리.,True,검수완료,2026-09-01 23:47:34,sci-1028,,manual,sci,1028,True,르 샤를리에 원리,True,,False,14주차,화학,과학,소분류: 화학 평형 / 주차: 14주차 / [AI 자동 생성 뜻풀이]
6961,유효충돌,,schemareading-schema,과학,화학,반응 속도와 촉매,15주차,화학 반응을 일으킬 수 있을 만큼 충분한 에너지와 적절한 방향으로 일어나는 충돌.,True,검수완료,2026-09-01 23:47:34,sci-1029,,manual,sci,1029,True,유효충돌,True,,False,15주차,화학,과학,소분류: 반응 속도와 촉매 / 주차: 15주차 / [AI 자동 생성 뜻풀이]
6962,활성화 에너지,,schemareading-schema,과학,화학,반응 속도와 촉매,15주차,화학 반응이 일어나는 데 필요한 최소한의 에너지.,True,검수완료,2026-09-01 23:47:34,sci-1030,,manual,sci,1030,True,활성화 에너지,True,,False,15주차,화학,과학,소분류: 반응 속도와 촉매 / 주차: 15주차 / [AI 자동 생성 뜻풀이]
6963,반응속도,,schemareading-schema,과학,화학,반응 속도와 촉매,15주차,화학 반응이 진행될 때 단위 시간 동안 일어나는 반응물이나 생성물의 농도 변화량.,True,검수완료,2026-09-01 23:47:34,sci-1031,,manual,sci,1031,True,반응속도,True,,False,15주차,화학,과학,소분류: 반응 속도와 촉매 / 주차: 15주차 / [AI 자동 생성 뜻풀이]
6964,반응속도식,,schemareading-schema,과학,화학,반응 속도와 촉매,15주차,화학 반응의 속도와 반응 물질의 농도 사이의 수학적 관계를 나타낸 식.,True,검수완료,2026-09-01 23:47:34,sci-1032,,manual,sci,1032,True,반응속도식,True,,False,15주차,화학,과학,소분류: 반응 속도와 촉매 / 주차: 15주차 / [AI 자동 생성 뜻풀이]
6965,0차반응,,schemareading-schema,과학,화학,반응 속도와 촉매,15주차,반응 속도가 반응 물질의 농도 변화에 영향을 받지 않고 일정하게 유지되는 반응.,True,검수완료,2026-09-01 23:47:34,sci-1033,,manual,sci,1033,True,0차반응,True,,False,15주차,화학,과학,소분류: 반응 속도와 촉매 / 주차: 15주차 / [AI 자동 생성 뜻풀이]
6966,1차반응,,schemareading-schema,과학,화학,반응 속도와 촉매,15주차,반응 속도가 반응 물질의 농도에 직접 비례하여 변하는 화학 반응.,True,검수완료,2026-09-01 23:47:34,sci-1034,,manual,sci,1034,True,1차반응,True,,False,15주차,화학,과학,소분류: 반응 속도와 촉매 / 주차: 15주차 / [AI 자동 생성 뜻풀이]
6967,반감기,,schemareading-schema,과학,화학,반응 속도와 촉매,15주차,반응 물질의 양이나 농도가 처음 양의 절반으로 줄어드는 데 걸리는 시간.,True,검수완료,2026-09-01 23:47:34,sci-1035,,manual,sci,1035,True,반감기,True,,False,15주차,화학,과학,소분류: 반응 속도와 촉매 / 주차: 15주차 / [AI 자동 생성 뜻풀이]
6968,반응 속도와 농도,,schemareading-schema,과학,화학,반응 속도와 촉매,15주차,반응 물질의 농도가 높아질수록 입자 간 충돌이 많아져 반응 속도가 빨라지는 관계.,True,검수완료,2026-09-01 23:47:34,sci-1036,,manual,sci,1036,True,반응 속도와 농도,True,,False,15주차,화학,과학,소분류: 반응 속도와 촉매 / 주차: 15주차 / [AI 자동 생성 뜻풀이]
6969,반응속도와 온도,,schemareading-schema,과학,화학,반응 속도와 촉매,15주차,온도가 높아질수록 입자의 운동 에너지가 증가하여 반응 속도가 빨라지는 관계.,True,검수완료,2026-09-01 23:47:34,sci-1037,,manual,sci,1037,True,반응속도와 온도,True,,False,15주차,화학,과학,소분류: 반응 속도와 촉매 / 주차: 15주차 / [AI 자동 생성 뜻풀이]
6970,반응속도와 촉매,,schemareading-schema,과학,화학,반응 속도와 촉매,15주차,촉매를 첨가하여 활성화 에너지를 바꾸어 반응 속도를 변화시키는 관계.,True,검수완료,2026-09-01 23:47:34,sci-1038,,manual,sci,1038,True,반응속도와 촉매,True,,False,15주차,화학,과학,소분류: 반응 속도와 촉매 / 주차: 15주차 / [AI 자동 생성 뜻풀이]
6971,촉매,,schemareading-schema,과학,화학,반응 속도와 촉매,15주차,자신은 변하지 않으면서 화학 반응의 속도를 변화시키는 물질.,True,검수완료,2026-09-01 23:47:34,sci-1039,,manual,sci,1039,True,촉매,True,,False,15주차,화학,과학,소분류: 반응 속도와 촉매 / 주차: 15주차 / [AI 자동 생성 뜻풀이]
6972,정촉매,,schemareading-schema,과학,화학,반응 속도와 촉매,15주차,활성화 에너지를 낮추어 화학 반응 속도를 빠르게 하는 촉매.,True,검수완료,2026-09-01 23:47:34,sci-1040,,manual,sci,1040,True,정촉매,True,,False,15주차,화학,과학,소분류: 반응 속도와 촉매 / 주차: 15주차 / [AI 자동 생성 뜻풀이]
6973,부촉매,,schemareading-schema,과학,화학,반응 속도와 촉매,15주차,화학 반응의 속도를 느리게 하는 촉매.,True,검수완료,2026-09-01 23:47:34,sci-1041,,manual,sci,1041,True,부촉매,True,,False,15주차,화학,과학,소분류: 반응 속도와 촉매 / 주차: 15주차 / [AI 자동 생성 뜻풀이]
6974,시공간과 상대성,,schemareading-schema,과학,물리,상대성 이론,16주차,"시간과 공간을 하나의 연속체로 보고, 관찰자의 운동에 따라 물리량이 달라짐을 설명하는 개념.",True,검수완료,2026-09-01 23:47:34,sci-1042,,manual,sci,1042,True,시공간과 상대성,True,,False,16주차,물리,과학,소분류: 상대성 이론 / 주차: 16주차 / [AI 자동 생성 뜻풀이]
6975,기준틀,,schemareading-schema,과학,물리,상대성 이론,16주차,물체의 위치나 운동을 기술하기 위해 기준으로 삼는 좌표계.,True,검수완료,2026-09-01 23:47:34,sci-1043,,manual,sci,1043,True,기준틀,True,,False,16주차,물리,과학,소분류: 상대성 이론 / 주차: 16주차 / [AI 자동 생성 뜻풀이]
6976,관성 기준틀,,schemareading-schema,과학,물리,상대성 이론,16주차,정지해 있거나 등속 직선 운동을 하여 관성 법칙이 성립하는 좌표계.,True,검수완료,2026-09-01 23:47:34,sci-1044,,manual,sci,1044,True,관성 기준틀,True,,False,16주차,물리,과학,소분류: 상대성 이론 / 주차: 16주차 / [AI 자동 생성 뜻풀이]
6977,상대성원리,,schemareading-schema,과학,물리,상대성 이론,16주차,모든 관성 기준틀에서 자연의 물리 법칙이 동일하게 적용된다는 원리.,True,검수완료,2026-09-01 23:47:34,sci-1045,,manual,sci,1045,True,상대성원리,True,,False,16주차,물리,과학,소분류: 상대성 이론 / 주차: 16주차 / [AI 자동 생성 뜻풀이]
6978,절대공간,,schemareading-schema,과학,물리,상대성 이론,16주차,관찰자의 운동과 관계없이 언제나 고정되어 변하지 않는다고 본 가상의 공간.,True,검수완료,2026-09-01 23:47:34,sci-1046,,manual,sci,1046,True,절대공간,True,,False,16주차,물리,과학,소분류: 상대성 이론 / 주차: 16주차 / [AI 자동 생성 뜻풀이]
6979,절대시간,,schemareading-schema,과학,물리,상대성 이론,16주차,관찰자의 운동 상태에 영향받지 않고 누구에게나 일정하게 흐른다고 본 가상의 시간.,True,검수완료,2026-09-01 23:47:34,sci-1047,,manual,sci,1047,True,절대시간,True,,False,16주차,물리,과학,소분류: 상대성 이론 / 주차: 16주차 / [AI 자동 생성 뜻풀이]
6980,에테르,,schemareading-schema,과학,물리,상대성 이론,16주차,빛이 파동으로서 전파하는 데 필요하다고 여겼던 가상의 매질.,True,검수완료,2026-09-01 23:47:34,sci-1048,,manual,sci,1048,True,에테르,True,,False,16주차,물리,과학,소분류: 상대성 이론 / 주차: 16주차 / [AI 자동 생성 뜻풀이]
6981,특수상대성이론,,schemareading-schema,과학,물리,상대성 이론,16주차,등속 운동하는 관성 기준틀에서 시공간의 성질을 다룬 아인슈타인의 이론.,True,검수완료,2026-09-01 23:47:34,sci-1049,,manual,sci,1049,True,특수상대성이론,True,,False,16주차,물리,과학,소분류: 상대성 이론 / 주차: 16주차 / [AI 자동 생성 뜻풀이]
6982,광속불변원리,,schemareading-schema,과학,물리,상대성 이론,16주차,진공 중에서 빛의 속도는 관찰자나 광원의 운동 상태와 상관없이 항상 일정하다는 원리.,True,검수완료,2026-09-01 23:47:34,sci-1050,,manual,sci,1050,True,광속불변원리,True,,False,16주차,물리,과학,소분류: 상대성 이론 / 주차: 16주차 / [AI 자동 생성 뜻풀이]
6983,동시성의 상대성,,schemareading-schema,과학,물리,상대성 이론,16주차,한 기준틀에서 동시에 일어난 사건이 다른 운동 상태의 관찰자에게는 동시에 일어나지 않는 현상.,True,검수완료,2026-09-01 23:47:34,sci-1051,,manual,sci,1051,True,동시성의 상대성,True,,False,16주차,물리,과학,소분류: 상대성 이론 / 주차: 16주차 / [AI 자동 생성 뜻풀이]
6984,시간 팽창,,schemareading-schema,과학,물리,상대성 이론,16주차,정지한 관찰자가 볼 때 빠르게 움직이는 계의 시간이 천천히 흐르는 현상.,True,검수완료,2026-09-01 23:47:34,sci-1052,,manual,sci,1052,True,시간 팽창,True,,False,16주차,물리,과학,소분류: 상대성 이론 / 주차: 16주차 / [AI 자동 생성 뜻풀이]
6985,길이 수축,,schemareading-schema,과학,물리,상대성 이론,16주차,정지한 관찰자가 볼 때 빠르게 움직이는 물체의 길이가 운동 방향으로 줄어드는 현상.,True,검수완료,2026-09-01 23:47:34,sci-1053,,manual,sci,1053,True,길이 수축,True,,False,16주차,물리,과학,소분류: 상대성 이론 / 주차: 16주차 / [AI 자동 생성 뜻풀이]
6986,질량 에너지 등가원리,,schemareading-schema,과학,물리,상대성 이론,16주차,질량과 에너지는 서로 변환될 수 있으며 본질적으로 같다는 원리.,True,검수완료,2026-09-01 23:47:34,sci-1054,,manual,sci,1054,True,질량 에너지 등가원리,True,,False,16주차,물리,과학,소분류: 상대성 이론 / 주차: 16주차 / [AI 자동 생성 뜻풀이]
6987,핵반응,,schemareading-schema,과학,물리,상대성 이론,16주차,"원자핵이 다른 입자와 충돌하여 변화하거나 분열, 융합하면서 성질이 바뀌는 현상.",True,검수완료,2026-09-01 23:47:34,sci-1055,,manual,sci,1055,True,핵반응,True,,False,16주차,물리,과학,소분류: 상대성 이론 / 주차: 16주차 / [AI 자동 생성 뜻풀이]
6988,일반 상대성이론,,schemareading-schema,과학,물리,상대성 이론,16주차,가속 운동과 중력을 시공간의 휘어짐으로 설명하는 아인슈타인의 물리 이론.,True,검수완료,2026-09-01 23:47:34,sci-1056,,manual,sci,1056,True,일반 상대성이론,True,,False,16주차,물리,과학,소분류: 상대성 이론 / 주차: 16주차 / [AI 자동 생성 뜻풀이]
6989,중력 시간지연,,schemareading-schema,과학,물리,상대성 이론,16주차,중력이 강할수록 시간이 더 천천히 흐르는 현상.,True,검수완료,2026-09-01 23:47:34,sci-1057,,manual,sci,1057,True,중력 시간지연,True,,False,16주차,물리,과학,소분류: 상대성 이론 / 주차: 16주차 / [AI 자동 생성 뜻풀이]
6990,양자,,schemareading-schema,과학,물리,양자 역학,17주차,더 이상 나눌 수 없는 양의 최소 단위.,True,검수완료,2026-09-01 23:47:34,sci-1058,,manual,sci,1058,True,양자,True,,False,17주차,물리,과학,소분류: 양자 역학 / 주차: 17주차 / [AI 자동 생성 뜻풀이]
6991,양자화 가설,,schemareading-schema,과학,물리,양자 역학,17주차,에너지가 연속적이지 않고 불연속적인 단위로 존재한다는 가설.,True,검수완료,2026-09-01 23:47:34,sci-1059,,manual,sci,1059,True,양자화 가설,True,,False,17주차,물리,과학,소분류: 양자 역학 / 주차: 17주차 / [AI 자동 생성 뜻풀이]
6992,광양자설,,schemareading-schema,과학,물리,양자 역학,17주차,빛이 불연속적인 입자의 흐름으로 이루어져 있다는 학설.,True,검수완료,2026-09-01 23:47:34,sci-1060,,manual,sci,1060,True,광양자설,True,,False,17주차,물리,과학,소분류: 양자 역학 / 주차: 17주차 / [AI 자동 생성 뜻풀이]
6993,광전효과,,schemareading-schema,과학,물리,양자 역학,17주차,금속 등의 물질에 빛을 비추었을 때 전자가 튀어나오는 현상.,True,검수완료,2026-09-01 23:47:34,sci-1061,,manual,sci,1061,True,광전효과,True,,False,17주차,물리,과학,소분류: 양자 역학 / 주차: 17주차 / [AI 자동 생성 뜻풀이]
6994,빛의 이중성,,schemareading-schema,과학,물리,양자 역학,17주차,빛이 파동의 성질과 입자의 성질을 모두 가지는 특성.,True,검수완료,2026-09-01 23:47:34,sci-1062,,manual,sci,1062,True,빛의 이중성,True,,False,17주차,물리,과학,소분류: 양자 역학 / 주차: 17주차 / [AI 자동 생성 뜻풀이]
6995,물질파,,schemareading-schema,과학,물리,양자 역학,17주차,전자나 원자 등 운동하는 물질 입자가 가지는 파동.,True,검수완료,2026-09-01 23:47:34,sci-1063,,manual,sci,1063,True,물질파,True,,False,17주차,물리,과학,소분류: 양자 역학 / 주차: 17주차 / [AI 자동 생성 뜻풀이]
6996,물질의 이중성,,schemareading-schema,과학,물리,양자 역학,17주차,전자와 같은 물질이 입자와 파동의 성질을 모두 가지는 현상.,True,검수완료,2026-09-01 23:47:34,sci-1064,,manual,sci,1064,True,물질의 이중성,True,,False,17주차,물리,과학,소분류: 양자 역학 / 주차: 17주차 / [AI 자동 생성 뜻풀이]
6997,파동적 성질,,schemareading-schema,과학,물리,양자 역학,17주차,파동처럼 넓게 퍼지거나 간섭 및 회절을 일으키는 성질.,True,검수완료,2026-09-01 23:47:34,sci-1065,,manual,sci,1065,True,파동적 성질,True,,False,17주차,물리,과학,소분류: 양자 역학 / 주차: 17주차 / [AI 자동 생성 뜻풀이]
6998,입자적 성질,,schemareading-schema,과학,물리,양자 역학,17주차,입자처럼 한 곳에 위치하고 충돌하여 에너지를 전달하는 성질.,True,검수완료,2026-09-01 23:47:34,sci-1066,,manual,sci,1066,True,입자적 성질,True,,False,17주차,물리,과학,소분류: 양자 역학 / 주차: 17주차 / [AI 자동 생성 뜻풀이]
6999,파동함수,,schemareading-schema,과학,물리,양자 역학,17주차,양자 역학에서 미시적 입자의 상태와 존재 확률을 나타내는 함수.,True,검수완료,2026-09-01 23:47:34,sci-1067,,manual,sci,1067,True,파동함수,True,,False,17주차,물리,과학,소분류: 양자 역학 / 주차: 17주차 / [AI 자동 생성 뜻풀이]
7000,양자 역학적 현상,,schemareading-schema,과학,물리,양자 역학,17주차,원자나 전자 등 미시적인 세계에서 일어나는 물리적 현상.,True,검수완료,2026-09-01 23:47:34,sci-1068,,manual,sci,1068,True,양자 역학적 현상,True,,False,17주차,물리,과학,소분류: 양자 역학 / 주차: 17주차 / [AI 자동 생성 뜻풀이]
7001,양자 터널링,,schemareading-schema,과학,물리,양자 역학,17주차,미시적 입자가 자신이 가진 에너지보다 높은 장벽을 통과하는 현상.,True,검수완료,2026-09-01 23:47:34,sci-1069,,manual,sci,1069,True,양자 터널링,True,,False,17주차,물리,과학,소분류: 양자 역학 / 주차: 17주차 / [AI 자동 생성 뜻풀이]
7002,양자 상태,,schemareading-schema,과학,물리,양자 역학,17주차,양자 역학에서 계의 물리적 상태를 나타내는 개념.,True,검수완료,2026-09-01 23:47:34,sci-1070,,manual,sci,1070,True,양자 상태,True,,False,17주차,물리,과학,소분류: 양자 역학 / 주차: 17주차 / [AI 자동 생성 뜻풀이]
7003,파동 함수의 중첩,,schemareading-schema,과학,물리,양자 역학,17주차,여러 양자 상태의 파동함수가 합쳐져 존재할 수 있는 현상.,True,검수완료,2026-09-01 23:47:34,sci-1071,,manual,sci,1071,True,파동 함수의 중첩,True,,False,17주차,물리,과학,소분류: 양자 역학 / 주차: 17주차 / [AI 자동 생성 뜻풀이]
7004,양자 역학의 활용,,schemareading-schema,과학,물리,양자 역학,17주차,양자 역학의 원리를 응용하여 첨단 기술이나 기기를 개발하고 사용하는 일.,True,검수완료,2026-09-01 23:47:34,sci-1072,,manual,sci,1072,True,양자 역학의 활용,True,,False,17주차,물리,과학,소분류: 양자 역학 / 주차: 17주차 / [AI 자동 생성 뜻풀이]
7005,광 다이오드,,schemareading-schema,과학,물리,양자 역학,17주차,빛을 받으면 전류를 발생시키는 성질을 이용한 반도체 소자.,True,검수완료,2026-09-01 23:47:34,sci-1073,,manual,sci,1073,True,광 다이오드,True,,False,17주차,물리,과학,소분류: 양자 역학 / 주차: 17주차 / [AI 자동 생성 뜻풀이]
7006,전자 현미경,,schemareading-schema,과학,물리,양자 역학,17주차,빛 대신 전자선을 사용하여 물체를 매우 크게 확대하여 관찰하는 장치.,True,검수완료,2026-09-01 23:47:34,sci-1074,,manual,sci,1074,True,전자 현미경,True,,False,17주차,물리,과학,소분류: 양자 역학 / 주차: 17주차 / [AI 자동 생성 뜻풀이]
7007,양자 통신,,schemareading-schema,과학,물리,양자 역학,17주차,양자 역학의 원리를 이용하여 정보를 안전하게 전달하는 통신 기술.,True,검수완료,2026-09-01 23:47:34,sci-1075,,manual,sci,1075,True,양자 통신,True,,False,17주차,물리,과학,소분류: 양자 역학 / 주차: 17주차 / [AI 자동 생성 뜻풀이]
7008,양자점,,schemareading-schema,과학,물리,양자 역학,17주차,빛을 받으면 특정 색의 빛을 내는 나노미터 크기의 초미세 반도체 결정.,True,검수완료,2026-09-01 23:47:34,sci-1076,,manual,sci,1076,True,양자점,True,,False,17주차,물리,과학,소분류: 양자 역학 / 주차: 17주차 / [AI 자동 생성 뜻풀이]
7009,양자 컴퓨터,,schemareading-schema,과학,물리,양자 역학,17주차,양자 역학의 원리를 응용하여 복잡한 연산을 매우 빠르게 처리하는 컴퓨터.,True,검수완료,2026-09-01 23:47:34,sci-1077,,manual,sci,1077,True,양자 컴퓨터,True,,False,17주차,물리,과학,소분류: 양자 역학 / 주차: 17주차 / [AI 자동 생성 뜻풀이]
7010,열의 이동,,schemareading-schema,과학,물리,열역학과 열기관,18주차,온도가 높은 곳에서 온도가 낮은 곳으로 열에너지가 옮겨 가는 현상.,True,검수완료,2026-09-01 23:47:34,sci-1078,,manual,sci,1078,True,열의 이동,True,,False,18주차,물리,과학,소분류: 열역학과 열기관 / 주차: 18주차 / [AI 자동 생성 뜻풀이]
7011,열과 일의 변환,,schemareading-schema,과학,물리,열역학과 열기관,18주차,열이 일로 바뀌거나 반대로 일이 열로 바뀌는 상호 변환 과정.,True,검수완료,2026-09-01 23:47:34,sci-1083,,manual,sci,1083,True,열과 일의 변환,True,,False,18주차,물리,과학,소분류: 열역학과 열기관 / 주차: 18주차 / [AI 자동 생성 뜻풀이]
7012,일의 일당량,,schemareading-schema,과학,물리,열역학과 열기관,18주차,단위 양의 일이 발생시키는 열의 양.,True,검수완료,2026-09-01 23:47:34,sci-1084,,manual,sci,1084,True,일의 일당량,True,,False,18주차,물리,과학,소분류: 열역학과 열기관 / 주차: 18주차 / [AI 자동 생성 뜻풀이]
7013,내연기관,,schemareading-schema,과학,물리,열역학과 열기관,18주차,기관의 내부에서 연료를 태워 발생하는 열에너지로 동력을 얻는 장치.,True,검수완료,2026-09-01 23:47:34,sci-1085,,manual,sci,1085,True,내연기관,True,,False,18주차,물리,과학,소분류: 열역학과 열기관 / 주차: 18주차 / [AI 자동 생성 뜻풀이]
7014,외연기관,,schemareading-schema,과학,물리,열역학과 열기관,18주차,기관의 외부에서 연료를 태워 발생시킨 기체의 힘으로 동력을 얻는 장치.,True,검수완료,2026-09-01 23:47:34,sci-1086,,manual,sci,1086,True,외연기관,True,,False,18주차,물리,과학,소분류: 열역학과 열기관 / 주차: 18주차 / [AI 자동 생성 뜻풀이]
7015,고열원,,schemareading-schema,과학,물리,열역학과 열기관,18주차,열기관에 열을 공급하는 온도가 높은 열원.,True,검수완료,2026-09-01 23:47:34,sci-1088,,manual,sci,1088,True,고열원,True,,False,18주차,물리,과학,소분류: 열역학과 열기관 / 주차: 18주차 / [AI 자동 생성 뜻풀이]
7016,저열원,,schemareading-schema,과학,물리,열역학과 열기관,18주차,열기관에서 일을 하고 남은 열을 받아들이는 온도가 낮은 열원.,True,검수완료,2026-09-01 23:47:34,sci-1089,,manual,sci,1089,True,저열원,True,,False,18주차,물리,과학,소분류: 열역학과 열기관 / 주차: 18주차 / [AI 자동 생성 뜻풀이]
7017,열적 평형,,schemareading-schema,과학,물리,열역학과 열기관,18주차,온도가 다른 물체들이 접촉하여 열이 이동한 끝에 온도가 같아진 상태.,True,검수완료,2026-09-01 23:47:34,sci-1090,,manual,sci,1090,True,열적 평형,True,,False,18주차,물리,과학,소분류: 열역학과 열기관 / 주차: 18주차 / [AI 자동 생성 뜻풀이]
7018,절대 영도,,schemareading-schema,과학,물리,열역학과 열기관,18주차,분자의 열운동이 완전히 정지한 상태의 이론상 가장 낮은 온도.,True,검수완료,2026-09-01 23:47:34,sci-1091,,manual,sci,1091,True,절대 영도,True,,False,18주차,물리,과학,소분류: 열역학과 열기관 / 주차: 18주차 / [AI 자동 생성 뜻풀이]
7019,영구기관,,schemareading-schema,과학,물리,열역학과 열기관,18주차,외부의 에너지 공급 없이 영원히 계속해서 일을 하는 가상의 장치.,True,검수완료,2026-09-01 23:47:34,sci-1093,,manual,sci,1093,True,영구기관,True,,False,18주차,물리,과학,소분류: 열역학과 열기관 / 주차: 18주차 / [AI 자동 생성 뜻풀이]
7020,자유에너지,,schemareading-schema,과학,물리,열역학과 열기관,18주차,계의 일정한 상태에서 유용한 일로 변환될 수 있는 에너지의 양.,True,검수완료,2026-09-01 23:47:34,sci-1094,,manual,sci,1094,True,자유에너지,True,,False,18주차,물리,과학,소분류: 열역학과 열기관 / 주차: 18주차 / [AI 자동 생성 뜻풀이]
7021,열역학의 활용,,schemareading-schema,과학,물리,열역학과 열기관,18주차,열과 에너지 사이의 전환 법칙을 산업이나 일상생활에 응용하는 일.,True,검수완료,2026-09-01 23:47:34,sci-1095,,manual,sci,1095,True,열역학의 활용,True,,False,18주차,물리,과학,소분류: 열역학과 열기관 / 주차: 18주차 / [AI 자동 생성 뜻풀이]
7022,가스터빈,,schemareading-schema,과학,물리,열역학과 열기관,18주차,고온·고압의 가스를 분사하여 터빈을 돌림으로써 동력을 얻는 원동기.,True,검수완료,2026-09-01 23:47:34,sci-1096,,manual,sci,1096,True,가스터빈,True,,False,18주차,물리,과학,소분류: 열역학과 열기관 / 주차: 18주차 / [AI 자동 생성 뜻풀이]
7023,열펌프,,schemareading-schema,과학,물리,열역학과 열기관,18주차,저온의 열원에서 열을 흡수하여 고온의 열원으로 이동시키는 장치.,True,검수완료,2026-09-01 23:47:34,sci-1097,,manual,sci,1097,True,열펌프,True,,False,18주차,물리,과학,소분류: 열역학과 열기관 / 주차: 18주차 / [AI 자동 생성 뜻풀이]
7024,열전소자,,schemareading-schema,과학,물리,열역학과 열기관,18주차,열에너지와 전기에너지를 직접 서로 변환하는 전자 부품.,True,검수완료,2026-09-01 23:47:34,sci-1098,,manual,sci,1098,True,열전소자,True,,False,18주차,물리,과학,소분류: 열역학과 열기관 / 주차: 18주차 / [AI 자동 생성 뜻풀이]
7025,전도성과 반도체,,schemareading-schema,과학,물리,반도체와 신소재,19주차,"물질이 전기를 통하는 성질과, 도체와 절연체 중간 성질을 가진 물질.",True,검수완료,2026-09-01 23:47:34,sci-1099,,manual,sci,1099,True,전도성과 반도체,True,,False,19주차,물리,과학,소분류: 반도체와 신소재 / 주차: 19주차 / [AI 자동 생성 뜻풀이]
7026,전기 전도성,,schemareading-schema,과학,물리,반도체와 신소재,19주차,물질 안에서 전하가 이동하여 전기가 잘 통하는 정도나 성질.,True,검수완료,2026-09-01 23:47:34,sci-1100,,manual,sci,1100,True,전기 전도성,True,,False,19주차,물리,과학,소분류: 반도체와 신소재 / 주차: 19주차 / [AI 자동 생성 뜻풀이]
7027,반도체,,schemareading-schema,과학,물리,반도체와 신소재,19주차,전기 전도도가 도체와 절연체의 중간 정도인 물질.,True,검수완료,2026-09-01 23:47:34,sci-1101,,manual,sci,1101,True,반도체,True,,False,19주차,물리,과학,소분류: 반도체와 신소재 / 주차: 19주차 / [AI 자동 생성 뜻풀이]
7028,불순물 반도체,,schemareading-schema,과학,물리,반도체와 신소재,19주차,순수한 반도체에 불순물을 첨가하여 전기 전도성을 높인 반도체.,True,검수완료,2026-09-01 23:47:34,sci-1102,,manual,sci,1102,True,불순물 반도체,True,,False,19주차,물리,과학,소분류: 반도체와 신소재 / 주차: 19주차 / [AI 자동 생성 뜻풀이]
7029,p형 반도체,,schemareading-schema,과학,물리,반도체와 신소재,19주차,양공이 주요 전하 운반자로 작용하여 전기를 통하게 하는 불순물 반도체.,True,검수완료,2026-09-01 23:47:34,sci-1103,,manual,sci,1103,True,p형 반도체,True,,False,19주차,물리,과학,소분류: 반도체와 신소재 / 주차: 19주차 / [AI 자동 생성 뜻풀이]
7030,n형 반도체,,schemareading-schema,과학,물리,반도체와 신소재,19주차,전자가 주요 전하 운반자로 작용하여 전기를 통하게 하는 불순물 반도체.,True,검수완료,2026-09-01 23:47:34,sci-1104,,manual,sci,1104,True,n형 반도체,True,,False,19주차,물리,과학,소분류: 반도체와 신소재 / 주차: 19주차 / [AI 자동 생성 뜻풀이]
7031,양공,,schemareading-schema,과학,물리,반도체와 신소재,19주차,반도체에서 전자가 빠져나간 자리에 생기는 양(+)전하 성질의 구멍.,True,검수완료,2026-09-01 23:47:34,sci-1105,,manual,sci,1105,True,양공,True,,False,19주차,물리,과학,소분류: 반도체와 신소재 / 주차: 19주차 / [AI 자동 생성 뜻풀이]
7032,전도전자,,schemareading-schema,과학,물리,반도체와 신소재,19주차,원자에 매이지 않고 결정 내부를 자유롭게 이동하며 전기를 전달하는 전자.,True,검수완료,2026-09-01 23:47:34,sci-1106,,manual,sci,1106,True,전도전자,True,,False,19주차,물리,과학,소분류: 반도체와 신소재 / 주차: 19주차 / [AI 자동 생성 뜻풀이]
7033,에너지 준위,,schemareading-schema,과학,물리,반도체와 신소재,19주차,원자나 분자 속 전자가 가질 수 있는 불연속적인 에너지 상태.,True,검수완료,2026-09-01 23:47:34,sci-1107,,manual,sci,1107,True,에너지 준위,True,,False,19주차,물리,과학,소분류: 반도체와 신소재 / 주차: 19주차 / [AI 자동 생성 뜻풀이]
7034,바닥상태,,schemareading-schema,과학,물리,반도체와 신소재,19주차,원자나 분자 따위가 가질 수 있는 가장 낮은 에너지를 가진 안정된 상태.,True,검수완료,2026-09-01 23:47:34,sci-1108,,manual,sci,1108,True,바닥상태,True,,False,19주차,물리,과학,소분류: 반도체와 신소재 / 주차: 19주차 / [AI 자동 생성 뜻풀이]
7035,들뜬상태,,schemareading-schema,과학,물리,반도체와 신소재,19주차,원자나 분자가 외부 에너지를 받아 바닥상태보다 높은 에너지를 가지는 상태.,True,검수완료,2026-09-01 23:47:34,sci-1109,,manual,sci,1109,True,들뜬상태,True,,False,19주차,물리,과학,소분류: 반도체와 신소재 / 주차: 19주차 / [AI 자동 생성 뜻풀이]
7036,에너지띠,,schemareading-schema,과학,물리,반도체와 신소재,19주차,결정 안에서 전자가 가질 수 있는 에너지 수준이 띠 모양으로 촘촘히 모여 있는 범위.,True,검수완료,2026-09-01 23:47:34,sci-1110,,manual,sci,1110,True,에너지띠,True,,False,19주차,물리,과학,소분류: 반도체와 신소재 / 주차: 19주차 / [AI 자동 생성 뜻풀이]
7037,띠 간격,,schemareading-schema,과학,물리,반도체와 신소재,19주차,에너지띠 사이에 전자가 존재할 수 없는 에너지의 간격.,True,검수완료,2026-09-01 23:47:34,sci-1111,,manual,sci,1111,True,띠 간격,True,,False,19주차,물리,과학,소분류: 반도체와 신소재 / 주차: 19주차 / [AI 자동 생성 뜻풀이]
7038,반도체의 활용,,schemareading-schema,과학,물리,반도체와 신소재,19주차,전기 전도성이 중간인 반도체의 성질을 활용하여 다양한 전자 제품을 만드는 일.,True,검수완료,2026-09-01 23:47:34,sci-1112,,manual,sci,1112,True,반도체의 활용,True,,False,19주차,물리,과학,소분류: 반도체와 신소재 / 주차: 19주차 / [AI 자동 생성 뜻풀이]
7039,p-n접합 다이오드,,schemareading-schema,과학,물리,반도체와 신소재,19주차,p형 반도체와 n형 반도체를 접합하여 전류를 한쪽 방향으로만 흐르게 하는 소자.,True,검수완료,2026-09-01 23:47:34,sci-1113,,manual,sci,1113,True,p-n접합 다이오드,True,,False,19주차,물리,과학,소분류: 반도체와 신소재 / 주차: 19주차 / [AI 자동 생성 뜻풀이]
7040,발광 다이오드,,schemareading-schema,과학,물리,반도체와 신소재,19주차,전류가 흐르면 빛을 방출하는 반도체 소자.,True,검수완료,2026-09-01 23:47:34,sci-1114,,manual,sci,1114,True,발광 다이오드,True,,False,19주차,물리,과학,소분류: 반도체와 신소재 / 주차: 19주차 / [AI 자동 생성 뜻풀이]
7041,트랜지스터,,schemareading-schema,과학,물리,반도체와 신소재,19주차,전기 신호를 증폭하거나 스위치 역할을 하는 반도체 소자.,True,검수완료,2026-09-01 23:47:34,sci-1115,,manual,sci,1115,True,트랜지스터,True,,False,19주차,물리,과학,소분류: 반도체와 신소재 / 주차: 19주차 / [AI 자동 생성 뜻풀이]
7042,태양전지,,schemareading-schema,과학,물리,반도체와 신소재,19주차,태양의 빛에너지를 전기 에너지로 직접 바꾸는 장치.,True,검수완료,2026-09-01 23:47:34,sci-1116,,manual,sci,1116,True,태양전지,True,,False,19주차,물리,과학,소분류: 반도체와 신소재 / 주차: 19주차 / [AI 자동 생성 뜻풀이]
7043,초전도체,,schemareading-schema,과학,물리,반도체와 신소재,19주차,특정 온도 이하에서 전기 저항이 0이 되는 물질.,True,검수완료,2026-09-01 23:47:34,sci-1117,,manual,sci,1117,True,초전도체,True,,False,19주차,물리,과학,소분류: 반도체와 신소재 / 주차: 19주차 / [AI 자동 생성 뜻풀이]
7044,그래핀,,schemareading-schema,과학,물리,반도체와 신소재,19주차,탄소 원자가 육각형 벌집 모양으로 연결된 평면 구조의 물질.,True,검수완료,2026-09-01 23:47:34,sci-1118,,manual,sci,1118,True,그래핀,True,,False,19주차,물리,과학,소분류: 반도체와 신소재 / 주차: 19주차 / [AI 자동 생성 뜻풀이]
7045,강유전체,,schemareading-schema,과학,물리,반도체와 신소재,19주차,외부 전기장이 없어도 스스로 전기 분극을 가지는 물질.,True,검수완료,2026-09-01 23:47:34,sci-1119,,manual,sci,1119,True,강유전체,True,,False,19주차,물리,과학,소분류: 반도체와 신소재 / 주차: 19주차 / [AI 자동 생성 뜻풀이]
7046,뉴클레오타이드,,schemareading-schema,과학,기술,DNA 분석 기술,20주차,"핵산을 구성하는 기본 단위로, 당과 염기, 인산이 결합한 화합물.",True,검수완료,2026-09-01 23:47:34,sci-1120,,manual,sci,1120,True,뉴클레오타이드,True,,False,20주차,기술,과학,소분류: DNA 분석 기술 / 주차: 20주차 / [AI 자동 생성 뜻풀이]
7047,리보뉴클레오타이드,,schemareading-schema,과학,기술,DNA 분석 기술,20주차,오탄당으로 리보스를 포함하며 RNA를 구성하는 뉴클레오타이드.,True,검수완료,2026-09-01 23:47:34,sci-1121,,manual,sci,1121,True,리보뉴클레오타이드,True,,False,20주차,기술,과학,소분류: DNA 분석 기술 / 주차: 20주차 / [AI 자동 생성 뜻풀이]
7048,디디옥시뉴클레오타이드,,schemareading-schema,과학,기술,DNA 분석 기술,20주차,산소 원자가 하나 더 없어 DNA 합성을 중단시키는 뉴클레오타이드.,True,검수완료,2026-09-01 23:47:34,sci-1122,,manual,sci,1122,True,디디옥시뉴클레오타이드,True,,False,20주차,기술,과학,소분류: DNA 분석 기술 / 주차: 20주차 / [AI 자동 생성 뜻풀이]
7049,DNA 중합효소,,schemareading-schema,과학,기술,DNA 분석 기술,20주차,DNA 복제 과정에서 새로운 DNA 가닥을 합성하는 효소.,True,검수완료,2026-09-01 23:47:34,sci-1123,,manual,sci,1123,True,DNA 중합효소,True,,False,20주차,기술,과학,소분류: DNA 분석 기술 / 주차: 20주차 / [AI 자동 생성 뜻풀이]
7050,주형 DNA,,schemareading-schema,과학,기술,DNA 분석 기술,20주차,새로운 DNA 가닥을 합성할 때 바탕이 되는 DNA 가닥.,True,검수완료,2026-09-01 23:47:34,sci-1124,,manual,sci,1124,True,주형 DNA,True,,False,20주차,기술,과학,소분류: DNA 분석 기술 / 주차: 20주차 / [AI 자동 생성 뜻풀이]
7051,프라이머,,schemareading-schema,과학,기술,DNA 분석 기술,20주차,DNA 합성이나 증폭 과정에서 시작점 역할을 하는 짧은 유전자 조각.,True,검수완료,2026-09-01 23:47:34,sci-1125,,manual,sci,1125,True,프라이머,True,,False,20주차,기술,과학,소분류: DNA 분석 기술 / 주차: 20주차 / [AI 자동 생성 뜻풀이]
7052,형광물질,,schemareading-schema,과학,기술,DNA 분석 기술,20주차,빛이나 방사선을 흡수하여 스스로 빛을 내는 물질.,True,검수완료,2026-09-01 23:47:34,sci-1126,,manual,sci,1126,True,형광물질,True,,False,20주차,기술,과학,소분류: DNA 분석 기술 / 주차: 20주차 / [AI 자동 생성 뜻풀이]
7053,형광 단백질,,schemareading-schema,과학,기술,DNA 분석 기술,20주차,빛을 받으면 특정 색의 형광을 발하는 단백질.,True,검수완료,2026-09-01 23:47:34,sci-1127,,manual,sci,1127,True,형광 단백질,True,,False,20주차,기술,과학,소분류: DNA 분석 기술 / 주차: 20주차 / [AI 자동 생성 뜻풀이]
7054,형광 염료,,schemareading-schema,과학,기술,DNA 분석 기술,20주차,특정 물질이나 세포에 결합하여 형광을 띠게 만드는 염료.,True,검수완료,2026-09-01 23:47:34,sci-1128,,manual,sci,1128,True,형광 염료,True,,False,20주차,기술,과학,소분류: DNA 분석 기술 / 주차: 20주차 / [AI 자동 생성 뜻풀이]
7055,형광 표지,,schemareading-schema,과학,기술,DNA 분석 기술,20주차,관찰하려는 물질의 위치나 변화를 추적하기 위해 형광 물질을 붙이는 일.,True,검수완료,2026-09-01 23:47:34,sci-1129,,manual,sci,1129,True,형광 표지,True,,False,20주차,기술,과학,소분류: DNA 분석 기술 / 주차: 20주차 / [AI 자동 생성 뜻풀이]
7056,탐침자,,schemareading-schema,과학,기술,DNA 분석 기술,20주차,특정 유전자나 분자를 검출하기 위해 사용하는 표지된 핵산 가닥.,True,검수완료,2026-09-01 23:47:34,sci-1130,,manual,sci,1130,True,탐침자,True,,False,20주차,기술,과학,소분류: DNA 분석 기술 / 주차: 20주차 / [AI 자동 생성 뜻풀이]
7057,중합효소연쇄반응(PCR),,schemareading-schema,과학,기술,DNA 분석 기술,20주차,DNA의 특정 영역을 빠르게 복제하여 대량으로 증폭하는 기술.,True,검수완료,2026-09-01 23:47:34,sci-1131,,manual,sci,1131,True,중합효소연쇄반응(PCR),True,,False,20주차,기술,과학,소분류: DNA 분석 기술 / 주차: 20주차 / [AI 자동 생성 뜻풀이]
7058,실시간 중합효소연쇄반응,,schemareading-schema,과학,기술,DNA 분석 기술,20주차,DNA의 증폭 과정을 실시간으로 확인하고 정량 분석하는 기술.,True,검수완료,2026-09-01 23:47:34,sci-1132,,manual,sci,1132,True,실시간 중합효소연쇄반응,True,,False,20주차,기술,과학,소분류: DNA 분석 기술 / 주차: 20주차 / [AI 자동 생성 뜻풀이]
7059,검체,,schemareading-schema,과학,기술,DNA 분석 기술,20주차,검사나 진단을 위해 생체 등에서 채취한 시험용 물질.,True,검수완료,2026-09-01 23:47:34,sci-1133,,manual,sci,1133,True,검체,True,,False,20주차,기술,과학,소분류: DNA 분석 기술 / 주차: 20주차 / [AI 자동 생성 뜻풀이]
6756,고기압,,schemareading-schema,과학,지구과학,날씨,1주차,주위보다 상대적으로 기압이 높은 영역이나 그러한 기압계.,True,검수완료,2026-09-01 23:47:34,sci-792,,manual,sci,792,True,고기압,True,,False,1주차,지구과학,과학,소분류: 날씨 / 주차: 1주차 / [AI 자동 생성 뜻풀이]
6757,저기압,,schemareading-schema,과학,지구과학,날씨,1주차,주위보다 상대적으로 기압이 낮은 영역이나 그러한 기압계.,True,검수완료,2026-09-01 23:47:34,sci-793,,manual,sci,793,True,저기압,True,,False,1주차,지구과학,과학,소분류: 날씨 / 주차: 1주차 / [AI 자동 생성 뜻풀이]
6758,온대저기압,,schemareading-schema,과학,지구과학,날씨,1주차,중위도 지방에서 온난 전선과 한랭 전선을 동반하며 발생하고 발달하는 저기압.,True,검수완료,2026-09-01 23:47:34,sci-794,,manual,sci,794,True,온대저기압,True,,False,1주차,지구과학,과학,소분류: 날씨 / 주차: 1주차 / [AI 자동 생성 뜻풀이]
6759,열대저기압,,schemareading-schema,과학,지구과학,날씨,1주차,열대 지방의 따뜻한 해상에서 발생하는 강한 저기압.,True,검수완료,2026-09-01 23:47:34,sci-795,,manual,sci,795,True,열대저기압,True,,False,1주차,지구과학,과학,소분류: 날씨 / 주차: 1주차 / [AI 자동 생성 뜻풀이]
6760,폐색전선,,schemareading-schema,과학,지구과학,날씨,1주차,이동 속도가 빠른 한랭 전선이 온난 전선을 따라잡아 두 전선이 겹쳐져서 생기는 전선.,True,검수완료,2026-09-01 23:47:34,sci-798,,manual,sci,798,True,폐색전선,True,,False,1주차,지구과학,과학,소분류: 날씨 / 주차: 1주차 / [AI 자동 생성 뜻풀이]
6761,정체전선,,schemareading-schema,과학,지구과학,날씨,1주차,세력이 비슷한 두 기단이 만나 이동하지 않고 한 곳에 오래 머물러 있는 전선.,True,검수완료,2026-09-01 23:47:34,sci-799,,manual,sci,799,True,정체전선,True,,False,1주차,지구과학,과학,소분류: 날씨 / 주차: 1주차 / [AI 자동 생성 뜻풀이]
6762,습도,,schemareading-schema,과학,지구과학,날씨,1주차,공기 속에 수증기가 포함되어 있는 정도.,True,검수완료,2026-09-01 23:47:34,sci-800,,manual,sci,800,True,습도,True,,False,1주차,지구과학,과학,소분류: 날씨 / 주차: 1주차 / [AI 자동 생성 뜻풀이]
6763,포화수증기압,,schemareading-schema,과학,지구과학,날씨,1주차,어떤 온도에서 공기가 수증기를 최대로 포함하고 있을 때의 수증기 압력.,True,검수완료,2026-09-01 23:47:34,sci-801,,manual,sci,801,True,포화수증기압,True,,False,1주차,지구과학,과학,소분류: 날씨 / 주차: 1주차 / [AI 자동 생성 뜻풀이]
6764,이슬점,,schemareading-schema,과학,지구과학,날씨,1주차,공기가 냉각되어 수증기가 물방울로 응결하기 시작하는 온도.,True,검수완료,2026-09-01 23:47:34,sci-802,,manual,sci,802,True,이슬점,True,,False,1주차,지구과학,과학,소분류: 날씨 / 주차: 1주차 / [AI 자동 생성 뜻풀이]
6765,열,,schemareading-schema,과학,지구과학,날씨,1주차,온도 차이에 의해 온도가 높은 물체에서 온도가 낮은 물체로 이동하는 에너지.,True,검수완료,2026-09-01 23:47:34,sci-803,,manual,sci,803,True,열,True,,False,1주차,지구과학,과학,소분류: 날씨 / 주차: 1주차 / [AI 자동 생성 뜻풀이]
6766,푄현상,,schemareading-schema,과학,지구과학,날씨,1주차,바람이 산맥을 넘어 내려오면서 기온이 올라가고 건조해지는 현상.,True,검수완료,2026-09-01 23:47:34,sci-807,,manual,sci,807,True,푄현상,True,,False,1주차,지구과학,과학,소분류: 날씨 / 주차: 1주차 / [AI 자동 생성 뜻풀이]
6767,건조단열감률,,schemareading-schema,과학,지구과학,날씨,1주차,수증기가 포화되지 않은 공기 덩어리가 상승할 때 높이에 따라 기온이 낮아지는 비율.,True,검수완료,2026-09-01 23:47:34,sci-808,,manual,sci,808,True,건조단열감률,True,,False,1주차,지구과학,과학,소분류: 날씨 / 주차: 1주차 / [AI 자동 생성 뜻풀이]
6768,습윤단열감률,,schemareading-schema,과학,지구과학,날씨,1주차,수증기가 포화된 공기 덩어리가 상승할 때 높이에 따라 기온이 낮아지는 비율.,True,검수완료,2026-09-01 23:47:34,sci-809,,manual,sci,809,True,습윤단열감률,True,,False,1주차,지구과학,과학,소분류: 날씨 / 주차: 1주차 / [AI 자동 생성 뜻풀이]
6769,대기대순환,,schemareading-schema,과학,지구과학,날씨,1주차,지구 전체 규모로 일어나는 대기의 대규모 순환 운동.,True,검수완료,2026-09-01 23:47:34,sci-810,,manual,sci,810,True,대기대순환,True,,False,1주차,지구과학,과학,소분류: 날씨 / 주차: 1주차 / [AI 자동 생성 뜻풀이]
6770,수온,,schemareading-schema,과학,지구과학,해양,2주차,"바다, 호수, 강 등 물의 온도.",True,검수완료,2026-09-01 23:47:34,sci-813,,manual,sci,813,True,수온,True,,False,2주차,지구과학,과학,소분류: 해양 / 주차: 2주차 / [AI 자동 생성 뜻풀이]
6771,표층순환,,schemareading-schema,과학,지구과학,해양,2주차,바람의 영향으로 해수면 가까운 바닷물이 크게 순환하는 현상.,True,검수완료,2026-09-01 23:47:34,sci-814,,manual,sci,814,True,표층순환,True,,False,2주차,지구과학,과학,소분류: 해양 / 주차: 2주차 / [AI 자동 생성 뜻풀이]
6772,심층순환,,schemareading-schema,과학,지구과학,해양,2주차,수온과 염분에 따른 밀도 차이로 인해 깊은 바다에서 일어나는 해수의 순환.,True,검수완료,2026-09-01 23:47:34,sci-815,,manual,sci,815,True,심층순환,True,,False,2주차,지구과학,과학,소분류: 해양 / 주차: 2주차 / [AI 자동 생성 뜻풀이]
6773,용승과 침강,,schemareading-schema,과학,지구과학,해양,2주차,깊은 곳의 바닷물이 위로 올라오는 현상과 표층의 바닷물이 아래로 내려가는 현상.,True,검수완료,2026-09-01 23:47:34,sci-816,,manual,sci,816,True,용승과 침강,True,,False,2주차,지구과학,과학,소분류: 해양 / 주차: 2주차 / [AI 자동 생성 뜻풀이]
6774,해파,,schemareading-schema,과학,지구과학,해양,2주차,바람이나 지진 등으로 인해 해수면이 위아래로 주기적으로 출렁이는 파도.,True,검수완료,2026-09-01 23:47:34,sci-817,,manual,sci,817,True,해파,True,,False,2주차,지구과학,과학,소분류: 해양 / 주차: 2주차 / [AI 자동 생성 뜻풀이]
6775,풍랑,,schemareading-schema,과학,지구과학,해양,2주차,바람이 직접 불어 해수면에 생기는 불규칙하고 뾰족한 파도.,True,검수완료,2026-09-01 23:47:34,sci-818,,manual,sci,818,True,풍랑,True,,False,2주차,지구과학,과학,소분류: 해양 / 주차: 2주차 / [AI 자동 생성 뜻풀이]
6776,너울,,schemareading-schema,과학,지구과학,해양,2주차,바람이 그치거나 바람이 불던 해역에서 벗어나 멀리까지 이동해 온 둥그스름한 파도.,True,검수완료,2026-09-01 23:47:34,sci-819,,manual,sci,819,True,너울,True,,False,2주차,지구과학,과학,소분류: 해양 / 주차: 2주차 / [AI 자동 생성 뜻풀이]
6777,연안쇄파,,schemareading-schema,과학,지구과학,해양,2주차,해파가 수심이 얕은 해안으로 다가가면서 파도의 윗부분이 무너져 부서지는 현상.,True,검수완료,2026-09-01 23:47:34,sci-820,,manual,sci,820,True,연안쇄파,True,,False,2주차,지구과학,과학,소분류: 해양 / 주차: 2주차 / [AI 자동 생성 뜻풀이]
6778,천해파,,schemareading-schema,과학,지구과학,해양,2주차,수심이 파장의 20분의 1보다 얕은 바다에서 밑바닥의 영향을 받으며 진행하는 해파.,True,검수완료,2026-09-01 23:47:34,sci-821,,manual,sci,821,True,천해파,True,,False,2주차,지구과학,과학,소분류: 해양 / 주차: 2주차 / [AI 자동 생성 뜻풀이]
6779,심해파,,schemareading-schema,과학,지구과학,해양,2주차,수심이 파장의 2분의 1보다 깊은 바다에서 밑바닥의 영향을 받지 않고 진행하는 해파.,True,검수완료,2026-09-01 23:47:34,sci-822,,manual,sci,822,True,심해파,True,,False,2주차,지구과학,과학,소분류: 해양 / 주차: 2주차 / [AI 자동 생성 뜻풀이]
6780,쓰나미,,schemareading-schema,과학,지구과학,해양,2주차,해저 지진이나 화산 폭발 등으로 생겨 해안가로 밀려오는 거대한 지진해일.,True,검수완료,2026-09-01 23:47:34,sci-823,,manual,sci,823,True,쓰나미,True,,False,2주차,지구과학,과학,소분류: 해양 / 주차: 2주차 / [AI 자동 생성 뜻풀이]
6781,사리(대조),,schemareading-schema,과학,지구과학,해양,2주차,달과 태양의 인력이 합쳐져 만조와 간조 때의 해수면 높이 차가 가장 커지는 시기.,True,검수완료,2026-09-01 23:47:34,sci-825,,manual,sci,825,True,사리(대조),True,,False,2주차,지구과학,과학,소분류: 해양 / 주차: 2주차 / [AI 자동 생성 뜻풀이]
6782,조금(소조),,schemareading-schema,과학,지구과학,해양,2주차,달과 태양의 인력이 상쇄되어 만조와 간조 때의 해수면 높이 차가 가장 작아지는 시기.,True,검수완료,2026-09-01 23:47:34,sci-826,,manual,sci,826,True,조금(소조),True,,False,2주차,지구과학,과학,소분류: 해양 / 주차: 2주차 / [AI 자동 생성 뜻풀이]
6783,기조력,,schemareading-schema,과학,지구과학,해양,2주차,달과 태양의 인력 및 지구 원심력의 합으로 지구에 조석 현상을 일으키는 힘.,True,검수완료,2026-09-01 23:47:34,sci-827,,manual,sci,827,True,기조력,True,,False,2주차,지구과학,과학,소분류: 해양 / 주차: 2주차 / [AI 자동 생성 뜻풀이]
6784,지구공전궤도의 이심률변화,,schemareading-schema,과학,지구과학,기후변화,3주차,지구의 공전 궤도가 원에서 타원 모양으로 찌그러진 정도가 주기적으로 변하는 현상.,True,검수완료,2026-09-01 23:47:34,sci-828,,manual,sci,828,True,지구공전궤도의 이심률변화,True,,False,3주차,지구과학,과학,소분류: 기후변화 / 주차: 3주차 / [AI 자동 생성 뜻풀이]
6785,근일점,,schemareading-schema,과학,지구과학,기후변화,3주차,태양 주위를 돌고 있는 행성이나 천체가 태양과 가장 가까워지는 궤도상의 지점.,True,검수완료,2026-09-01 23:47:34,sci-830,,manual,sci,830,True,근일점,True,,False,3주차,지구과학,과학,소분류: 기후변화 / 주차: 3주차 / [AI 자동 생성 뜻풀이]
6786,원일점,,schemareading-schema,과학,지구과학,기후변화,3주차,태양 주위를 도는 천체의 궤도에서 태양과 가장 멀어지는 지점.,True,검수완료,2026-09-01 23:47:34,sci-831,,manual,sci,831,True,원일점,True,,False,3주차,지구과학,과학,소분류: 기후변화 / 주차: 3주차 / [AI 자동 생성 뜻풀이]
6787,이심률,,schemareading-schema,과학,지구과학,기후변화,3주차,행성의 타원 궤도가 원 모양에서 벗어난 정도를 나타내는 값.,True,검수완료,2026-09-01 23:47:34,sci-832,,manual,sci,832,True,이심률,True,,False,3주차,지구과학,과학,소분류: 기후변화 / 주차: 3주차 / [AI 자동 생성 뜻풀이]
6788,지구자전축의 기울기변화,,schemareading-schema,과학,지구과학,기후변화,3주차,지구 자전축의 경사각이 오랜 주기에 걸쳐 변하는 현상.,True,검수완료,2026-09-01 23:47:34,sci-833,,manual,sci,833,True,지구자전축의 기울기변화,True,,False,3주차,지구과학,과학,소분류: 기후변화 / 주차: 3주차 / [AI 자동 생성 뜻풀이]
6789,자전축의 세차운동,,schemareading-schema,과학,지구과학,기후변화,3주차,지구 자전축이 팽이처럼 비틀거리며 회전하는 운동.,True,검수완료,2026-09-01 23:47:34,sci-835,,manual,sci,835,True,자전축의 세차운동,True,,False,3주차,지구과학,과학,소분류: 기후변화 / 주차: 3주차 / [AI 자동 생성 뜻풀이]
6790,태양의 활동변화,,schemareading-schema,과학,지구과학,기후변화,3주차,흑점 수 변화 등 태양이 방출하는 에너지의 양이 변하는 현상.,True,검수완료,2026-09-01 23:47:34,sci-836,,manual,sci,836,True,태양의 활동변화,True,,False,3주차,지구과학,과학,소분류: 기후변화 / 주차: 3주차 / [AI 자동 생성 뜻풀이]
6791,기후변화의 지구내적요인,,schemareading-schema,과학,지구과학,기후변화,3주차,화산 활동이나 수륙 분포 변화처럼 지구 내부나 지표에서 일어나는 기후 변화 원인.,True,검수완료,2026-09-01 23:47:34,sci-837,,manual,sci,837,True,기후변화의 지구내적요인,True,,False,3주차,지구과학,과학,소분류: 기후변화 / 주차: 3주차 / [AI 자동 생성 뜻풀이]
6792,반사율,,schemareading-schema,과학,지구과학,기후변화,3주차,물체의 표면에 들어오는 빛의 양에 대한 반사되는 빛의 비율.,True,검수완료,2026-09-01 23:47:34,sci-838,,manual,sci,838,True,반사율,True,,False,3주차,지구과학,과학,소분류: 기후변화 / 주차: 3주차 / [AI 자동 생성 뜻풀이]
6793,온실기체,,schemareading-schema,과학,지구과학,기후변화,3주차,지표면에서 방출되는 열을 흡수하여 지구를 따뜻하게 유지하는 대기 중의 기체.,True,검수완료,2026-09-01 23:47:34,sci-841,,manual,sci,841,True,온실기체,True,,False,3주차,지구과학,과학,소분류: 기후변화 / 주차: 3주차 / [AI 자동 생성 뜻풀이]
6794,열수지 평형,,schemareading-schema,과학,지구과학,기후변화,3주차,지구에 흡수되는 복사 에너지와 우주로 방출되는 복사 에너지가 같은 상태.,True,검수완료,2026-09-01 23:47:34,sci-842,,manual,sci,842,True,열수지 평형,True,,False,3주차,지구과학,과학,소분류: 기후변화 / 주차: 3주차 / [AI 자동 생성 뜻풀이]
6795,에어로졸,,schemareading-schema,과학,지구과학,기후변화,3주차,대기 중에 떠 있는 미세한 고체 입자나 액체 방울을 통틀어 이르는 말.,True,검수완료,2026-09-01 23:47:34,sci-843,,manual,sci,843,True,에어로졸,True,,False,3주차,지구과학,과학,소분류: 기후변화 / 주차: 3주차 / [AI 자동 생성 뜻풀이]
6796,엘니뇨,,schemareading-schema,과학,지구과학,기후변화,3주차,적도 부근 동태평양의 해수면 온도가 평년보다 높게 지속되는 현상.,True,검수완료,2026-09-01 23:47:34,sci-844,,manual,sci,844,True,엘니뇨,True,,False,3주차,지구과학,과학,소분류: 기후변화 / 주차: 3주차 / [AI 자동 생성 뜻풀이]
6797,라니냐,,schemareading-schema,과학,지구과학,기후변화,3주차,적도 부근 동태평양의 해수면 온도가 평년보다 낮게 지속되는 현상.,True,검수완료,2026-09-01 23:47:34,sci-845,,manual,sci,845,True,라니냐,True,,False,3주차,지구과학,과학,소분류: 기후변화 / 주차: 3주차 / [AI 자동 생성 뜻풀이]
6798,남방진동,,schemareading-schema,과학,지구과학,기후변화,3주차,남태평양 동부와 인도네시아 부근 사이의 해수면 기압이 주기적으로 변화하는 현상.,True,검수완료,2026-09-01 23:47:34,sci-846,,manual,sci,846,True,남방진동,True,,False,3주차,지구과학,과학,소분류: 기후변화 / 주차: 3주차 / [AI 자동 생성 뜻풀이]
6799,항성,,schemareading-schema,과학,지구과학,천체의 운동,4주차,스스로 빛과 열을 내며 위치를 바꾸지 않는 것처럼 보이는 천체.,True,검수완료,2026-09-01 23:47:34,sci-847,,manual,sci,847,True,항성,True,,False,4주차,지구과학,과학,소분류: 천체의 운동 / 주차: 4주차 / [AI 자동 생성 뜻풀이]
6800,위성,,schemareading-schema,과학,지구과학,천체의 운동,4주차,행성의 주위를 일정한 궤도로 도는 천체.,True,검수완료,2026-09-01 23:47:34,sci-849,,manual,sci,849,True,위성,True,,False,4주차,지구과학,과학,소분류: 천체의 운동 / 주차: 4주차 / [AI 자동 생성 뜻풀이]
6801,지구의 운동,,schemareading-schema,과학,지구과학,천체의 운동,4주차,지구가 자전하거나 태양 주위를 공전하는 움직임.,True,검수완료,2026-09-01 23:47:34,sci-850,,manual,sci,850,True,지구의 운동,True,,False,4주차,지구과학,과학,소분류: 천체의 운동 / 주차: 4주차 / [AI 자동 생성 뜻풀이]
6802,일주운동,,schemareading-schema,과학,지구과학,천체의 운동,4주차,지구의 자전 때문에 천체가 하루에 한 바퀴씩 돌게 보이는 운동.,True,검수완료,2026-09-01 23:47:34,sci-851,,manual,sci,851,True,일주운동,True,,False,4주차,지구과학,과학,소분류: 천체의 운동 / 주차: 4주차 / [AI 자동 생성 뜻풀이]
6803,천구,,schemareading-schema,과학,지구과학,천체의 운동,4주차,관측자를 중심으로 모든 천체가 붙어 있는 것처럼 보이는 가상의 거대한 구.,True,검수완료,2026-09-01 23:47:34,sci-852,,manual,sci,852,True,천구,True,,False,4주차,지구과학,과학,소분류: 천체의 운동 / 주차: 4주차 / [AI 자동 생성 뜻풀이]
6804,연주운동,,schemareading-schema,과학,지구과학,천체의 운동,4주차,지구의 공전 때문에 태양이나 별이 1년을 주기로 돌게 보이는 운동.,True,검수완료,2026-09-01 23:47:34,sci-853,,manual,sci,853,True,연주운동,True,,False,4주차,지구과학,과학,소분류: 천체의 운동 / 주차: 4주차 / [AI 자동 생성 뜻풀이]
6805,시차,,schemareading-schema,과학,지구과학,천체의 운동,4주차,관측하는 위치에 따라 대상 물체가 보이는 방향이 달라지는 각도 차이.,True,검수완료,2026-09-01 23:47:34,sci-854,,manual,sci,854,True,시차,True,,False,4주차,지구과학,과학,소분류: 천체의 운동 / 주차: 4주차 / [AI 자동 생성 뜻풀이]
6806,태양의 운동,,schemareading-schema,과학,지구과학,천체의 운동,4주차,지구의 자전과 공전으로 인해 태양이 하늘에서 위치를 바꾸어 보이는 운동.,True,검수완료,2026-09-01 23:47:34,sci-855,,manual,sci,855,True,태양의 운동,True,,False,4주차,지구과학,과학,소분류: 천체의 운동 / 주차: 4주차 / [AI 자동 생성 뜻풀이]
6807,달의 운동,,schemareading-schema,과학,지구과학,천체의 운동,4주차,달이 지구 둘레를 공전하거나 스스로 자전하는 움직임.,True,검수완료,2026-09-01 23:47:34,sci-856,,manual,sci,856,True,달의 운동,True,,False,4주차,지구과학,과학,소분류: 천체의 운동 / 주차: 4주차 / [AI 자동 생성 뜻풀이]
6808,행성의 운동,,schemareading-schema,과학,지구과학,천체의 운동,4주차,행성들이 태양 둘레를 공전하거나 스스로 자전하는 움직임.,True,검수완료,2026-09-01 23:47:34,sci-858,,manual,sci,858,True,행성의 운동,True,,False,4주차,지구과학,과학,소분류: 천체의 운동 / 주차: 4주차 / [AI 자동 생성 뜻풀이]
6809,내행성,,schemareading-schema,과학,지구과학,천체의 운동,4주차,태양계에서 지구 공전 궤도의 안쪽에서 태양 둘레를 도는 행성.,True,검수완료,2026-09-01 23:47:34,sci-859,,manual,sci,859,True,내행성,True,,False,4주차,지구과학,과학,소분류: 천체의 운동 / 주차: 4주차 / [AI 자동 생성 뜻풀이]
6810,외행성,,schemareading-schema,과학,지구과학,천체의 운동,4주차,태양계에서 지구 공전 궤도의 바깥쪽에서 태양 둘레를 도는 행성.,True,검수완료,2026-09-01 23:47:34,sci-860,,manual,sci,860,True,외행성,True,,False,4주차,지구과학,과학,소분류: 천체의 운동 / 주차: 4주차 / [AI 자동 생성 뜻풀이]
6811,순행,,schemareading-schema,과학,지구과학,천체의 운동,4주차,행성이 천구상에서 별자리 사이를 서쪽에서 동쪽으로 이동하는 운동.,True,검수완료,2026-09-01 23:47:34,sci-861,,manual,sci,861,True,순행,True,,False,4주차,지구과학,과학,소분류: 천체의 운동 / 주차: 4주차 / [AI 자동 생성 뜻풀이]
6812,역행,,schemareading-schema,과학,지구과학,천체의 운동,4주차,행성이 천구상에서 별자리 사이를 동쪽에서 서쪽으로 이동하는 운동.,True,검수완료,2026-09-01 23:47:34,sci-862,,manual,sci,862,True,역행,True,,False,4주차,지구과학,과학,소분류: 천체의 운동 / 주차: 4주차 / [AI 자동 생성 뜻풀이]
6813,회합주기,,schemareading-schema,과학,지구과학,천체의 운동,4주차,지구에서 볼 때 행성과 태양의 상대적인 위치 관계가 다시 같아지는 주기.,True,검수완료,2026-09-01 23:47:34,sci-863,,manual,sci,863,True,회합주기,True,,False,4주차,지구과학,과학,소분류: 천체의 운동 / 주차: 4주차 / [AI 자동 생성 뜻풀이]
6814,이각,,schemareading-schema,과학,지구과학,천체의 운동,4주차,지구에서 보았을 때 태양과 천체가 이루는 각도의 크기.,True,검수완료,2026-09-01 23:47:34,sci-864,,manual,sci,864,True,이각,True,,False,4주차,지구과학,과학,소분류: 천체의 운동 / 주차: 4주차 / [AI 자동 생성 뜻풀이]
6815,태양중심설(지동설),,schemareading-schema,과학,지구과학,천체의 운동,4주차,태양이 중심에 있고 지구를 비롯한 행성들이 그 주위를 돈다는 학설.,True,검수완료,2026-09-01 23:47:34,sci-865,,manual,sci,865,True,태양중심설(지동설),True,,False,4주차,지구과학,과학,소분류: 천체의 운동 / 주차: 4주차 / [AI 자동 생성 뜻풀이]
6816,지구중심설(천동설),,schemareading-schema,과학,지구과학,천체의 운동,4주차,지구가 우주의 중심에 고정되어 있고 모든 천체가 지구 둘레를 돈다는 설.,True,검수완료,2026-09-01 23:47:34,sci-866,,manual,sci,866,True,지구중심설(천동설),True,,False,4주차,지구과학,과학,소분류: 천체의 운동 / 주차: 4주차 / [AI 자동 생성 뜻풀이]
6817,별의 진화,,schemareading-schema,과학,지구과학,별의 진화와 우주론,5주차,별이 가시구름에서 탄생하여 성장하고 변형하여 마침내 사멸하기까지의 과정.,True,검수완료,2026-09-01 23:47:34,sci-867,,manual,sci,867,True,별의 진화,True,,False,5주차,지구과학,과학,소분류: 별의 진화와 우주론 / 주차: 5주차 / [AI 자동 생성 뜻풀이]
6818,주계열성,,schemareading-schema,과학,지구과학,별의 진화와 우주론,5주차,수소 핵융합 반응으로 에너지를 내며 별의 일생 중 가장 오랜 시간을 보내는 단계의 별.,True,검수완료,2026-09-01 23:47:34,sci-868,,manual,sci,868,True,주계열성,True,,False,5주차,지구과학,과학,소분류: 별의 진화와 우주론 / 주차: 5주차 / [AI 자동 생성 뜻풀이]
6819,적색거성,,schemareading-schema,과학,지구과학,별의 진화와 우주론,5주차,주계열성 이후 단계에서 바깥층이 크게 팽창하여 크고 붉게 보이는 별.,True,검수완료,2026-09-01 23:47:34,sci-869,,manual,sci,869,True,적색거성,True,,False,5주차,지구과학,과학,소분류: 별의 진화와 우주론 / 주차: 5주차 / [AI 자동 생성 뜻풀이]
6820,초신성,,schemareading-schema,과학,지구과학,별의 진화와 우주론,5주차,질량이 큰 별이 일생의 마지막에 대폭발을 일으키며 매우 밝게 빛나는 현상 또는 그 별.,True,검수완료,2026-09-01 23:47:34,sci-870,,manual,sci,870,True,초신성,True,,False,5주차,지구과학,과학,소분류: 별의 진화와 우주론 / 주차: 5주차 / [AI 자동 생성 뜻풀이]
6821,백색왜성,,schemareading-schema,과학,지구과학,별의 진화와 우주론,5주차,태양 정도 질량의 별이 진화의 마지막 단계에서 형성되는 작고 밀도가 높은 밀집성.,True,검수완료,2026-09-01 23:47:34,sci-871,,manual,sci,871,True,백색왜성,True,,False,5주차,지구과학,과학,소분류: 별의 진화와 우주론 / 주차: 5주차 / [AI 자동 생성 뜻풀이]
6822,행성상성운,,schemareading-schema,과학,지구과학,별의 진화와 우주론,5주차,적색거성이 수명을 다할 때 방출한 가스층이 중심별 주변을 둘러싸고 형성된 성운.,True,검수완료,2026-09-01 23:47:34,sci-872,,manual,sci,872,True,행성상성운,True,,False,5주차,지구과학,과학,소분류: 별의 진화와 우주론 / 주차: 5주차 / [AI 자동 생성 뜻풀이]
6823,중성자별,,schemareading-schema,과학,지구과학,별의 진화와 우주론,5주차,초신성 폭발 후 중심핵이 강력한 중력으로 붕괴하여 중성자로만 이루어진 매우 빽빽한 별.,True,검수완료,2026-09-01 23:47:34,sci-873,,manual,sci,873,True,중성자별,True,,False,5주차,지구과학,과학,소분류: 별의 진화와 우주론 / 주차: 5주차 / [AI 자동 생성 뜻풀이]
6824,블랙홀,,schemareading-schema,과학,지구과학,별의 진화와 우주론,5주차,중력이 매우 강하여 빛을 포함한 어떤 물체도 빠져나올 수 없는 천체나 영역.,True,검수완료,2026-09-01 23:47:34,sci-874,,manual,sci,874,True,블랙홀,True,,False,5주차,지구과학,과학,소분류: 별의 진화와 우주론 / 주차: 5주차 / [AI 자동 생성 뜻풀이]
6825,겉보기등급과 절대등급,,schemareading-schema,과학,지구과학,별의 진화와 우주론,5주차,눈으로 보이는 별의 밝기 등급과 모든 별을 동일한 거리에 놓았을 때의 실제 밝기 등급.,True,검수완료,2026-09-01 23:47:34,sci-875,,manual,sci,875,True,겉보기등급과 절대등급,True,,False,5주차,지구과학,과학,소분류: 별의 진화와 우주론 / 주차: 5주차 / [AI 자동 생성 뜻풀이]
6826,정상우주론,,schemareading-schema,과학,지구과학,별의 진화와 우주론,5주차,우주가 팽창하면서 새 물질이 계속 생성되어 평균 밀도와 관측 모습이 일정하게 유지된다는 이론.,True,검수완료,2026-09-01 23:47:34,sci-876,,manual,sci,876,True,정상우주론,True,,False,5주차,지구과학,과학,소분류: 별의 진화와 우주론 / 주차: 5주차 / [AI 자동 생성 뜻풀이]
6827,우주배경복사,,schemareading-schema,과학,지구과학,별의 진화와 우주론,5주차,빅뱅 직후 초기 우주에서 발생하여 오늘날 우주 전역에 고르게 분포하는 전자기파.,True,검수완료,2026-09-01 23:47:34,sci-877,,manual,sci,877,True,우주배경복사,True,,False,5주차,지구과학,과학,소분류: 별의 진화와 우주론 / 주차: 5주차 / [AI 자동 생성 뜻풀이]
6828,대폭발우주론,,schemareading-schema,과학,지구과학,별의 진화와 우주론,5주차,우주가 매우 작고 뜨거운 한 점에서 일어난 대폭발로 시작되어 팽창하고 있다는 우주론.,True,검수완료,2026-09-01 23:47:34,sci-878,,manual,sci,878,True,대폭발우주론,True,,False,5주차,지구과학,과학,소분류: 별의 진화와 우주론 / 주차: 5주차 / [AI 자동 생성 뜻풀이]
6829,빅뱅우주론,,schemareading-schema,과학,지구과학,별의 진화와 우주론,5주차,초고온·초고밀도의 한 점에서 시작된 대폭발을 통해 현재의 우주가 만들어졌다는 모형.,True,검수완료,2026-09-01 23:47:34,sci-879,,manual,sci,879,True,빅뱅우주론,True,,False,5주차,지구과학,과학,소분류: 별의 진화와 우주론 / 주차: 5주차 / [AI 자동 생성 뜻풀이]
6830,암흑물질,,schemareading-schema,과학,지구과학,별의 진화와 우주론,5주차,빛을 방출하거나 반사하지 않아 직접 관측되지 않지만 중력을 통해 존재가 확인되는 물질.,True,검수완료,2026-09-01 23:47:34,sci-880,,manual,sci,880,True,암흑물질,True,,False,5주차,지구과학,과학,소분류: 별의 진화와 우주론 / 주차: 5주차 / [AI 자동 생성 뜻풀이]
6831,암흑에너지,,schemareading-schema,과학,지구과학,별의 진화와 우주론,5주차,우주의 가속 팽창을 일으키는 원인으로 추정되는 미지의 에너지.,True,검수완료,2026-09-01 23:47:34,sci-881,,manual,sci,881,True,암흑에너지,True,,False,5주차,지구과학,과학,소분류: 별의 진화와 우주론 / 주차: 5주차 / [AI 자동 생성 뜻풀이]
6832,면역,,schemareading-schema,과학,생명과학,방어 작용,6주차,체내에 침입한 병원체나 이물질에 맞서 몸을 보호하고 질병을 예방하는 작용.,True,검수완료,2026-09-01 23:47:34,sci-883,,manual,sci,883,True,면역,True,,False,6주차,생명과학,과학,소분류: 방어 작용 / 주차: 6주차 / [AI 자동 생성 뜻풀이]
6833,비특이적 방어작용,,schemareading-schema,과학,생명과학,방어 작용,6주차,병원체의 종류를 가리지 않고 체내 침입을 막거나 공격하는 선천적 방어 작용.,True,검수완료,2026-09-01 23:47:34,sci-884,,manual,sci,884,True,비특이적 방어작용,True,,False,6주차,생명과학,과학,소분류: 방어 작용 / 주차: 6주차 / [AI 자동 생성 뜻풀이]
6834,특이적 방어작용,,schemareading-schema,과학,생명과학,방어 작용,6주차,특정 항원을 정확히 인식하여 선택적으로 제거하는 후천적 방어 작용.,True,검수완료,2026-09-01 23:47:34,sci-885,,manual,sci,885,True,특이적 방어작용,True,,False,6주차,생명과학,과학,소분류: 방어 작용 / 주차: 6주차 / [AI 자동 생성 뜻풀이]
6835,항원,,schemareading-schema,과학,생명과학,방어 작용,6주차,체내에 침입하여 면역 반응을 일으키게 하는 이물질이나 병원체.,True,검수완료,2026-09-01 23:47:34,sci-886,,manual,sci,886,True,항원,True,,False,6주차,생명과학,과학,소분류: 방어 작용 / 주차: 6주차 / [AI 자동 생성 뜻풀이]
6836,항체,,schemareading-schema,과학,생명과학,방어 작용,6주차,항원과 결합하여 이를 무력화하거나 제거하기 위해 림프구가 만드는 단백질.,True,검수완료,2026-09-01 23:47:34,sci-887,,manual,sci,887,True,항체,True,,False,6주차,생명과학,과학,소분류: 방어 작용 / 주차: 6주차 / [AI 자동 생성 뜻풀이]
6837,항원 항체 반응의 특이성,,schemareading-schema,과학,생명과학,방어 작용,6주차,하나의 항체가 그에 입체적으로 대응하는 특정 항원하고만 결합하는 성질.,True,검수완료,2026-09-01 23:47:34,sci-888,,manual,sci,888,True,항원 항체 반응의 특이성,True,,False,6주차,생명과학,과학,소분류: 방어 작용 / 주차: 6주차 / [AI 자동 생성 뜻풀이]
6838,면역 세포,,schemareading-schema,과학,생명과학,방어 작용,6주차,체내에 침입한 병원체나 이물질을 공격하여 몸을 지키는 세포.,True,검수완료,2026-09-01 23:47:34,sci-889,,manual,sci,889,True,면역 세포,True,,False,6주차,생명과학,과학,소분류: 방어 작용 / 주차: 6주차 / [AI 자동 생성 뜻풀이]
6839,대식 세포,,schemareading-schema,과학,생명과학,방어 작용,6주차,체내의 병원체를 잡아먹어 분해하고 다른 세포에 항원을 제시하는 면역 세포.,True,검수완료,2026-09-01 23:47:34,sci-890,,manual,sci,890,True,대식 세포,True,,False,6주차,생명과학,과학,소분류: 방어 작용 / 주차: 6주차 / [AI 자동 생성 뜻풀이]
6840,비만 세포,,schemareading-schema,과학,생명과학,방어 작용,6주차,히스타민 등을 분비하여 염증이나 알레르기 반응을 일으키는 면역 세포.,True,검수완료,2026-09-01 23:47:34,sci-891,,manual,sci,891,True,비만 세포,True,,False,6주차,생명과학,과학,소분류: 방어 작용 / 주차: 6주차 / [AI 자동 생성 뜻풀이]
6841,림프구,,schemareading-schema,과학,생명과학,방어 작용,6주차,"백혈구의 한 종류로, 특이적 면역 반응을 중심적으로 담당하는 세포.",True,검수완료,2026-09-01 23:47:34,sci-892,,manual,sci,892,True,림프구,True,,False,6주차,생명과학,과학,소분류: 방어 작용 / 주차: 6주차 / [AI 자동 생성 뜻풀이]
6842,항원 제시,,schemareading-schema,과학,생명과학,방어 작용,6주차,면역 세포가 침입한 병원체를 조각내어 그 조각을 표면에 나타내어 알려 주는 작용.,True,검수완료,2026-09-01 23:47:34,sci-893,,manual,sci,893,True,항원 제시,True,,False,6주차,생명과학,과학,소분류: 방어 작용 / 주차: 6주차 / [AI 자동 생성 뜻풀이]
6843,T림프구,,schemareading-schema,과학,생명과학,방어 작용,6주차,가슴샘에서 성숙하여 감염된 세포를 직접 파괴하거나 면역 반응을 돕는 림프구.,True,검수완료,2026-09-01 23:47:34,sci-894,,manual,sci,894,True,T림프구,True,,False,6주차,생명과학,과학,소분류: 방어 작용 / 주차: 6주차 / [AI 자동 생성 뜻풀이]
6844,B림프구,,schemareading-schema,과학,생명과학,방어 작용,6주차,골수에서 성숙하며 항체를 생성하는 형질세포로 분화하는 림프구.,True,검수완료,2026-09-01 23:47:34,sci-895,,manual,sci,895,True,B림프구,True,,False,6주차,생명과학,과학,소분류: 방어 작용 / 주차: 6주차 / [AI 자동 생성 뜻풀이]
6845,형질세포,,schemareading-schema,과학,생명과학,방어 작용,6주차,B림프구에서 분화되어 항체를 집중적으로 합성하고 분비하는 세포.,True,검수완료,2026-09-01 23:47:34,sci-896,,manual,sci,896,True,형질세포,True,,False,6주차,생명과학,과학,소분류: 방어 작용 / 주차: 6주차 / [AI 자동 생성 뜻풀이]
6846,기억세포,,schemareading-schema,과학,생명과학,방어 작용,6주차,항원을 접한 뒤 그 정보를 기억하여 재침입 시 빠르게 반응하도록 돕는 세포.,True,검수완료,2026-09-01 23:47:34,sci-897,,manual,sci,897,True,기억세포,True,,False,6주차,생명과학,과학,소분류: 방어 작용 / 주차: 6주차 / [AI 자동 생성 뜻풀이]
6847,세포성 면역,,schemareading-schema,과학,생명과학,방어 작용,6주차,T림프구가 감염된 세포를 직접 파괴하여 항원을 제거하는 면역 작용.,True,검수완료,2026-09-01 23:47:34,sci-898,,manual,sci,898,True,세포성 면역,True,,False,6주차,생명과학,과학,소분류: 방어 작용 / 주차: 6주차 / [AI 자동 생성 뜻풀이]
6848,체액성 면역,,schemareading-schema,과학,생명과학,방어 작용,6주차,B림프구가 만든 항체가 체액 속 항원과 결합하여 무력화하는 면역 작용.,True,검수완료,2026-09-01 23:47:34,sci-899,,manual,sci,899,True,체액성 면역,True,,False,6주차,생명과학,과학,소분류: 방어 작용 / 주차: 6주차 / [AI 자동 생성 뜻풀이]
6849,1차면역반응,,schemareading-schema,과학,생명과학,방어 작용,6주차,항원에 처음 침입받았을 때 항체를 느리고 적게 생성하는 면역 반응.,True,검수완료,2026-09-01 23:47:34,sci-900,,manual,sci,900,True,1차면역반응,True,,False,6주차,생명과학,과학,소분류: 방어 작용 / 주차: 6주차 / [AI 자동 생성 뜻풀이]
6850,2차면역반응,,schemareading-schema,과학,생명과학,방어 작용,6주차,같은 항원에 다시 침입받았을 때 기억 세포에 의해 빠르고 강하게 나타나는 면역 반응.,True,검수완료,2026-09-01 23:47:34,sci-901,,manual,sci,901,True,2차면역반응,True,,False,6주차,생명과학,과학,소분류: 방어 작용 / 주차: 6주차 / [AI 자동 생성 뜻풀이]
6851,백신,,schemareading-schema,과학,생명과학,방어 작용,6주차,면역을 형성하기 위해 약화하거나 죽인 병원체를 이용해 만든 의약품.,True,검수완료,2026-09-01 23:47:34,sci-902,,manual,sci,902,True,백신,True,,False,6주차,생명과학,과학,소분류: 방어 작용 / 주차: 6주차 / [AI 자동 생성 뜻풀이]
6852,유전정보,,schemareading-schema,과학,생명과학,"유전물질, 유전자의 발현",7주차,생물의 형질을 결정하고 부모에게서 자손으로 전달되는 생명 정보.,True,검수완료,2026-09-01 23:47:34,sci-904,,manual,sci,904,True,유전정보,True,,False,7주차,생명과학,과학,"소분류: 유전물질, 유전자의 발현 / 주차: 7주차 / [AI 자동 생성 뜻풀이]"
6853,DNA,,schemareading-schema,과학,생명과학,"유전물질, 유전자의 발현",7주차,생물체의 유전 정보를 저장하고 전달하는 디옥시리보핵산.,True,검수완료,2026-09-01 23:47:34,sci-905,,manual,sci,905,True,DNA,True,,False,7주차,생명과학,과학,"소분류: 유전물질, 유전자의 발현 / 주차: 7주차 / [AI 자동 생성 뜻풀이]"
6854,염기서열,,schemareading-schema,과학,생명과학,"유전물질, 유전자의 발현",7주차,DNA나 RNA를 구성하는 염기들이 배열되어 있는 순서.,True,검수완료,2026-09-01 23:47:34,sci-906,,manual,sci,906,True,염기서열,True,,False,7주차,생명과학,과학,"소분류: 유전물질, 유전자의 발현 / 주차: 7주차 / [AI 자동 생성 뜻풀이]"
6855,상보적 결합,,schemareading-schema,과학,생명과학,"유전물질, 유전자의 발현",7주차,DNA나 RNA를 이루는 염기들이 특정 짝과만 결합하는 현상.,True,검수완료,2026-09-01 23:47:34,sci-907,,manual,sci,907,True,상보적 결합,True,,False,7주차,생명과학,과학,"소분류: 유전물질, 유전자의 발현 / 주차: 7주차 / [AI 자동 생성 뜻풀이]"
6856,유전자,,schemareading-schema,과학,생명과학,"유전물질, 유전자의 발현",7주차,생물의 형질을 결정하고 부모에게서 자손으로 물려지는 유전 정보의 단위.,True,검수완료,2026-09-01 23:47:34,sci-908,,manual,sci,908,True,유전자,True,,False,7주차,생명과학,과학,"소분류: 유전물질, 유전자의 발현 / 주차: 7주차 / [AI 자동 생성 뜻풀이]"
6857,RNA,,schemareading-schema,과학,생명과학,"유전물질, 유전자의 발현",7주차,DNA의 유전 정보를 전달하여 단백질을 합성하는 데 관여하는 핵산.,True,검수완료,2026-09-01 23:47:34,sci-909,,manual,sci,909,True,RNA,True,,False,7주차,생명과학,과학,"소분류: 유전물질, 유전자의 발현 / 주차: 7주차 / [AI 자동 생성 뜻풀이]"
6858,전사,,schemareading-schema,과학,생명과학,"유전물질, 유전자의 발현",7주차,DNA에 저장되어 있는 유전 정보를 RNA로 합성해내는 과정.,True,검수완료,2026-09-01 23:47:34,sci-910,,manual,sci,910,True,전사,True,,False,7주차,생명과학,과학,"소분류: 유전물질, 유전자의 발현 / 주차: 7주차 / [AI 자동 생성 뜻풀이]"
6859,번역,,schemareading-schema,과학,생명과학,"유전물질, 유전자의 발현",7주차,RNA의 유전 정보에 따라 아미노산이 연결되어 단백질이 합성되는 과정.,True,검수완료,2026-09-01 23:47:34,sci-911,,manual,sci,911,True,번역,True,,False,7주차,생명과학,과학,"소분류: 유전물질, 유전자의 발현 / 주차: 7주차 / [AI 자동 생성 뜻풀이]"
6860,중심원리,,schemareading-schema,과학,생명과학,"유전물질, 유전자의 발현",7주차,유전 정보가 DNA에서 RNA를 거쳐 단백질로 전달된다는 생물학의 기본 원리.,True,검수완료,2026-09-01 23:47:34,sci-912,,manual,sci,912,True,중심원리,True,,False,7주차,생명과학,과학,"소분류: 유전물질, 유전자의 발현 / 주차: 7주차 / [AI 자동 생성 뜻풀이]"
6861,유전자 발현,,schemareading-schema,과학,생명과학,"유전물질, 유전자의 발현",7주차,유전자의 유전 정보가 RNA나 단백질로 합성되어 실제 형질로 나타나는 과정.,True,검수완료,2026-09-01 23:47:34,sci-913,,manual,sci,913,True,유전자 발현,True,,False,7주차,생명과학,과학,"소분류: 유전물질, 유전자의 발현 / 주차: 7주차 / [AI 자동 생성 뜻풀이]"
6862,돌연변이,,schemareading-schema,과학,생명과학,"유전물질, 유전자의 발현",7주차,유전물질인 DNA의 변화로 인해 어버이에 없던 새로운 형질이 자손에게 나타나는 현상.,True,검수완료,2026-09-01 23:47:34,sci-914,,manual,sci,914,True,돌연변이,True,,False,7주차,생명과학,과학,"소분류: 유전물질, 유전자의 발현 / 주차: 7주차 / [AI 자동 생성 뜻풀이]"
6863,줄기세포 연구,,schemareading-schema,과학,생명과학,생명공학기술,8주차,줄기세포의 분화 능력을 이용하여 질병 치료 및 재생 의학 기술을 개발하는 연구.,True,검수완료,2026-09-01 23:47:34,sci-915,,manual,sci,915,True,줄기세포 연구,True,,False,8주차,생명과학,과학,소분류: 생명공학기술 / 주차: 8주차 / [AI 자동 생성 뜻풀이]
6864,분화,,schemareading-schema,과학,생명과학,생명공학기술,8주차,생물의 미분화된 세포나 조직이 고유한 형태와 기능을 가진 세포로 달라지는 현상.,True,검수완료,2026-09-01 23:47:34,sci-916,,manual,sci,916,True,분화,True,,False,8주차,생명과학,과학,소분류: 생명공학기술 / 주차: 8주차 / [AI 자동 생성 뜻풀이]
6865,역분화,,schemareading-schema,과학,생명과학,생명공학기술,8주차,이미 분화가 끝난 성숙한 세포가 분화 전의 초기 미분화 상태로 되돌아가는 현상.,True,검수완료,2026-09-01 23:47:34,sci-917,,manual,sci,917,True,역분화,True,,False,8주차,생명과학,과학,소분류: 생명공학기술 / 주차: 8주차 / [AI 자동 생성 뜻풀이]
6866,배아,,schemareading-schema,과학,생명과학,생명공학기술,8주차,수정란이 세포 분열을 시작하여 하나의 완전한 개체가 되기 전까지의 생물체.,True,검수완료,2026-09-01 23:47:34,sci-918,,manual,sci,918,True,배아,True,,False,8주차,생명과학,과학,소분류: 생명공학기술 / 주차: 8주차 / [AI 자동 생성 뜻풀이]
6867,줄기세포,,schemareading-schema,과학,생명과학,생명공학기술,8주차,다양한 신체 조직 세포로 분화할 수 있는 능력을 지닌 미분화 세포.,True,검수완료,2026-09-01 23:47:34,sci-919,,manual,sci,919,True,줄기세포,True,,False,8주차,생명과학,과학,소분류: 생명공학기술 / 주차: 8주차 / [AI 자동 생성 뜻풀이]
6868,배아 줄기세포,,schemareading-schema,과학,생명과학,생명공학기술,8주차,발생 초기의 배아에서 추출하여 모든 종류의 조직 세포로 분화할 수 있는 줄기세포.,True,검수완료,2026-09-01 23:47:34,sci-920,,manual,sci,920,True,배아 줄기세포,True,,False,8주차,생명과학,과학,소분류: 생명공학기술 / 주차: 8주차 / [AI 자동 생성 뜻풀이]
6869,성체 줄기세포,,schemareading-schema,과학,생명과학,생명공학기술,8주차,성인의 몸 여러 조직이나 장기에 존재하며 특정 세포로 분화할 수 있는 줄기세포.,True,검수완료,2026-09-01 23:47:34,sci-921,,manual,sci,921,True,성체 줄기세포,True,,False,8주차,생명과학,과학,소분류: 생명공학기술 / 주차: 8주차 / [AI 자동 생성 뜻풀이]
6870,유도 만능 줄기세포,,schemareading-schema,과학,생명과학,생명공학기술,8주차,분화된 체세포에 인위적으로 유전자를 넣어 배아 줄기세포와 같은 만능성을 갖게 한 세포.,True,검수완료,2026-09-01 23:47:34,sci-922,,manual,sci,922,True,유도 만능 줄기세포,True,,False,8주차,생명과학,과학,소분류: 생명공학기술 / 주차: 8주차 / [AI 자동 생성 뜻풀이]
6871,유전자 재조합 기술,,schemareading-schema,과학,생명과학,생명공학기술,8주차,특정한 유전자를 잘라내어 다른 생물체의 DNA에 결합시켜 새로운 유전 물질을 만드는 기술.,True,검수완료,2026-09-01 23:47:34,sci-923,,manual,sci,923,True,유전자 재조합 기술,True,,False,8주차,생명과학,과학,소분류: 생명공학기술 / 주차: 8주차 / [AI 자동 생성 뜻풀이]
6872,표적 유전자,,schemareading-schema,과학,생명과학,생명공학기술,8주차,유전자 재조합이나 치료 연구 등에서 이동시키거나 조작하려는 목적이 되는 유전자.,True,검수완료,2026-09-01 23:47:34,sci-924,,manual,sci,924,True,표적 유전자,True,,False,8주차,생명과학,과학,소분류: 생명공학기술 / 주차: 8주차 / [AI 자동 생성 뜻풀이]
6873,DNA 운반체,,schemareading-schema,과학,생명과학,생명공학기술,8주차,원하는 유전자를 다른 세포나 생물체 안으로 운반하기 위해 사용하는 DNA 분자.,True,검수완료,2026-09-01 23:47:34,sci-925,,manual,sci,925,True,DNA 운반체,True,,False,8주차,생명과학,과학,소분류: 생명공학기술 / 주차: 8주차 / [AI 자동 생성 뜻풀이]
6874,플라스미드,,schemareading-schema,과학,생명과학,생명공학기술,8주차,세균의 세포 내에 존재하며 주 DNA와 별도로 독자적으로 복제할 수 있는 고리 모양의 DNA.,True,검수완료,2026-09-01 23:47:34,sci-926,,manual,sci,926,True,플라스미드,True,,False,8주차,생명과학,과학,소분류: 생명공학기술 / 주차: 8주차 / [AI 자동 생성 뜻풀이]
6875,제한 효소,,schemareading-schema,과학,생명과학,생명공학기술,8주차,DNA의 특정 염기 서열을 인식하여 절단하는 효소.,True,검수완료,2026-09-01 23:47:34,sci-927,,manual,sci,927,True,제한 효소,True,,False,8주차,생명과학,과학,소분류: 생명공학기술 / 주차: 8주차 / [AI 자동 생성 뜻풀이]
6876,DNA 연결효소,,schemareading-schema,과학,생명과학,생명공학기술,8주차,절단된 DNA의 조각들을 서로 연결해 주는 효소.,True,검수완료,2026-09-01 23:47:34,sci-928,,manual,sci,928,True,DNA 연결효소,True,,False,8주차,생명과학,과학,소분류: 생명공학기술 / 주차: 8주차 / [AI 자동 생성 뜻풀이]
6877,형질전환,,schemareading-schema,과학,생명과학,생명공학기술,8주차,외부 유전자에 의해 생물의 형질이 바뀌는 현상.,True,검수완료,2026-09-01 23:47:34,sci-929,,manual,sci,929,True,형질전환,True,,False,8주차,생명과학,과학,소분류: 생명공학기술 / 주차: 8주차 / [AI 자동 생성 뜻풀이]
6878,세포융합기술,,schemareading-schema,과학,생명과학,생명공학기술,8주차,서로 다른 두 세포를 합쳐 두 세포의 형질을 모두 가진 새로운 세포를 만드는 기술.,True,검수완료,2026-09-01 23:47:34,sci-930,,manual,sci,930,True,세포융합기술,True,,False,8주차,생명과학,과학,소분류: 생명공학기술 / 주차: 8주차 / [AI 자동 생성 뜻풀이]
6879,클론,,schemareading-schema,과학,생명과학,생명공학기술,8주차,어버이와 유전적으로 완전히 동일하게 복제된 세포나 개체.,True,검수완료,2026-09-01 23:47:34,sci-931,,manual,sci,931,True,클론,True,,False,8주차,생명과학,과학,소분류: 생명공학기술 / 주차: 8주차 / [AI 자동 생성 뜻풀이]
6880,단일클론항체,,schemareading-schema,과학,생명과학,생명공학기술,8주차,하나의 항원 결정기에만 특이적으로 반응하는 항체.,True,검수완료,2026-09-01 23:47:34,sci-932,,manual,sci,932,True,단일클론항체,True,,False,8주차,생명과학,과학,소분류: 생명공학기술 / 주차: 8주차 / [AI 자동 생성 뜻풀이]
6881,생명의 기원과 종의 진화,,schemareading-schema,과학,생명과학,생명체의 진화,9주차,생명이 지구에 처음 등장한 역사와 여러 생물 종으로 발전해 온 과정.,True,검수완료,2026-09-01 23:47:34,sci-933,,manual,sci,933,True,생명의 기원과 종의 진화,True,,False,9주차,생명과학,과학,소분류: 생명체의 진화 / 주차: 9주차 / [AI 자동 생성 뜻풀이]
6882,유기물,,schemareading-schema,과학,생명과학,생명체의 진화,9주차,탄소를 기본 골격으로 가진 생명체의 구성 물질 및 탄소 화합물.,True,검수완료,2026-09-01 23:47:34,sci-934,,manual,sci,934,True,유기물,True,,False,9주차,생명과학,과학,소분류: 생명체의 진화 / 주차: 9주차 / [AI 자동 생성 뜻풀이]
6883,무기물,,schemareading-schema,과학,생명과학,생명체의 진화,9주차,탄소를 기본 골격으로 하지 않으며 생명체를 구성하는 유기물 이외의 물질.,True,검수완료,2026-09-01 23:47:34,sci-935,,manual,sci,935,True,무기물,True,,False,9주차,생명과학,과학,소분류: 생명체의 진화 / 주차: 9주차 / [AI 자동 생성 뜻풀이]
6884,종속영양생물,,schemareading-schema,과학,생명과학,생명체의 진화,9주차,스스로 영양분을 만들지 못하고 다른 생물을 섭취하여 유기물을 얻는 생물.,True,검수완료,2026-09-01 23:47:34,sci-936,,manual,sci,936,True,종속영양생물,True,,False,9주차,생명과학,과학,소분류: 생명체의 진화 / 주차: 9주차 / [AI 자동 생성 뜻풀이]
6885,독립영양생물,,schemareading-schema,과학,생명과학,생명체의 진화,9주차,빛이나 화학에너지를 이용해 필요한 유기물을 스스로 합성하는 생물.,True,검수완료,2026-09-01 23:47:34,sci-937,,manual,sci,937,True,독립영양생물,True,,False,9주차,생명과학,과학,소분류: 생명체의 진화 / 주차: 9주차 / [AI 자동 생성 뜻풀이]
6886,리보자임,,schemareading-schema,과학,생명과학,생명체의 진화,9주차,화학 반응을 촉매하는 기능을 가진 RNA 분자.,True,검수완료,2026-09-01 23:47:34,sci-938,,manual,sci,938,True,리보자임,True,,False,9주차,생명과학,과학,소분류: 생명체의 진화 / 주차: 9주차 / [AI 자동 생성 뜻풀이]
6887,인지질,,schemareading-schema,과학,생명과학,생명체의 진화,9주차,친수성 부위와 소수성 부위를 모두 가지며 세포막을 이루는 대표적 주성분.,True,검수완료,2026-09-01 23:47:34,sci-939,,manual,sci,939,True,인지질,True,,False,9주차,생명과학,과학,소분류: 생명체의 진화 / 주차: 9주차 / [AI 자동 생성 뜻풀이]
6888,리포솜,,schemareading-schema,과학,생명과학,생명체의 진화,9주차,인지질 이중층이 공 모양의 구형을 이룬 미세한 인공 주머니.,True,검수완료,2026-09-01 23:47:34,sci-940,,manual,sci,940,True,리포솜,True,,False,9주차,생명과학,과학,소분류: 생명체의 진화 / 주차: 9주차 / [AI 자동 생성 뜻풀이]
6889,생물학적 종,,schemareading-schema,과학,생명과학,생명체의 진화,9주차,자연 상태에서 서로 교배하여 생식 능력이 있는 자손을 낳는 생물 무리.,True,검수완료,2026-09-01 23:47:34,sci-941,,manual,sci,941,True,생물학적 종,True,,False,9주차,생명과학,과학,소분류: 생명체의 진화 / 주차: 9주차 / [AI 자동 생성 뜻풀이]
6890,종분화,,schemareading-schema,과학,생명과학,생명체의 진화,9주차,하나의 종에서 격리나 진화를 거쳐 둘 이상의 새로운 종으로 갈라지는 현상.,True,검수완료,2026-09-01 23:47:34,sci-942,,manual,sci,942,True,종분화,True,,False,9주차,생명과학,과학,소분류: 생명체의 진화 / 주차: 9주차 / [AI 자동 생성 뜻풀이]
6891,진화,,schemareading-schema,과학,생명과학,생명체의 진화,9주차,생물이 여러 세대를 거치면서 환경에 적응하며 몸의 구조나 형질이 변하는 현상.,True,검수완료,2026-09-01 23:47:34,sci-943,,manual,sci,943,True,진화,True,,False,9주차,생명과학,과학,소분류: 생명체의 진화 / 주차: 9주차 / [AI 자동 생성 뜻풀이]
6892,상동성,,schemareading-schema,과학,생명과학,생명체의 진화,9주차,생물의 기관이나 유전자가 공통 조상에서 유래하여 형태나 구조가 닮은 성질.,True,검수완료,2026-09-01 23:47:34,sci-944,,manual,sci,944,True,상동성,True,,False,9주차,생명과학,과학,소분류: 생명체의 진화 / 주차: 9주차 / [AI 자동 생성 뜻풀이]
6893,상사성,,schemareading-schema,과학,생명과학,생명체의 진화,9주차,발생 기원은 다르지만 비슷한 환경에 적응하면서 형태나 기능이 닮아진 성질.,True,검수완료,2026-09-01 23:47:34,sci-945,,manual,sci,945,True,상사성,True,,False,9주차,생명과학,과학,소분류: 생명체의 진화 / 주차: 9주차 / [AI 자동 생성 뜻풀이]
6894,생물의 분류체계,,schemareading-schema,과학,생명과학,생명체의 진화,9주차,생물을 진화적 계통과 형태적 유사성에 따라 기준을 세워 단계별로 정리한 체계.,True,검수완료,2026-09-01 23:47:34,sci-947,,manual,sci,947,True,생물의 분류체계,True,,False,9주차,생명과학,과학,소분류: 생명체의 진화 / 주차: 9주차 / [AI 자동 생성 뜻풀이]
6895,3역6계 분류체계,,schemareading-schema,과학,생명과학,생명체의 진화,9주차,생물을 세 개의 역과 여섯 개의 계로 나누어 정리한 생물 분류 체계.,True,검수완료,2026-09-01 23:47:34,sci-948,,manual,sci,948,True,3역6계 분류체계,True,,False,9주차,생명과학,과학,소분류: 생명체의 진화 / 주차: 9주차 / [AI 자동 생성 뜻풀이]
6896,진정세균계,,schemareading-schema,과학,생명과학,생명체의 진화,9주차,핵막이 없는 세포 구조를 가진 단세포 생물 중 고세균을 제외한 세균류의 무리.,True,검수완료,2026-09-01 23:47:34,sci-949,,manual,sci,949,True,진정세균계,True,,False,9주차,생명과학,과학,소분류: 생명체의 진화 / 주차: 9주차 / [AI 자동 생성 뜻풀이]
6897,고세균계,,schemareading-schema,과학,생명과학,생명체의 진화,9주차,온천이나 염전 같은 극단적인 환경에 주로 살며 핵막이 없는 원핵생물군.,True,검수완료,2026-09-01 23:47:34,sci-950,,manual,sci,950,True,고세균계,True,,False,9주차,생명과학,과학,소분류: 생명체의 진화 / 주차: 9주차 / [AI 자동 생성 뜻풀이]
6898,식물계,,schemareading-schema,과학,생명과학,생명체의 진화,9주차,엽록체를 가지고 있어 광합성을 통해 스스로 유기물을 합성하는 다세포 진핵생물군.,True,검수완료,2026-09-01 23:47:34,sci-951,,manual,sci,951,True,식물계,True,,False,9주차,생명과학,과학,소분류: 생명체의 진화 / 주차: 9주차 / [AI 자동 생성 뜻풀이]
6899,균계,,schemareading-schema,과학,생명과학,생명체의 진화,9주차,광합성을 하지 못하고 다른 생물체나 유기물을 분해하여 영양분을 얻는 진핵생물군.,True,검수완료,2026-09-01 23:47:34,sci-952,,manual,sci,952,True,균계,True,,False,9주차,생명과학,과학,소분류: 생명체의 진화 / 주차: 9주차 / [AI 자동 생성 뜻풀이]
6900,동물계,,schemareading-schema,과학,생명과학,생명체의 진화,9주차,광합성을 하지 못하여 다른 생물을 먹이로 섭취하고 운동성이 있는 다세포 진핵생물군.,True,검수완료,2026-09-01 23:47:34,sci-953,,manual,sci,953,True,동물계,True,,False,9주차,생명과학,과학,소분류: 생명체의 진화 / 주차: 9주차 / [AI 자동 생성 뜻풀이]
6901,원생생물계,,schemareading-schema,과학,생명과학,생명체의 진화,9주차,"진핵생물 중 동물, 식물, 균계 어디에도 속하지 않는 생물들의 무리.",True,검수완료,2026-09-01 23:47:34,sci-954,,manual,sci,954,True,원생생물계,True,,False,9주차,생명과학,과학,소분류: 생명체의 진화 / 주차: 9주차 / [AI 자동 생성 뜻풀이]
6902,유전체,,schemareading-schema,과학,생명과학,유전체의 진화,10주차,한 생물체가 가지고 있는 모든 유전 정보의 전체.,True,검수완료,2026-09-01 23:47:34,sci-955,,manual,sci,955,True,유전체,True,,False,10주차,생명과학,과학,소분류: 유전체의 진화 / 주차: 10주차 / [AI 자동 생성 뜻풀이]
6903,암호화 DNA,,schemareading-schema,과학,생명과학,유전체의 진화,10주차,단백질을 합성하는 데 필요한 유전 정보를 담고 있는 DNA 영역.,True,검수완료,2026-09-01 23:47:34,sci-957,,manual,sci,957,True,암호화 DNA,True,,False,10주차,생명과학,과학,소분류: 유전체의 진화 / 주차: 10주차 / [AI 자동 생성 뜻풀이]
6904,엑손,,schemareading-schema,과학,생명과학,유전체의 진화,10주차,유전자 서열 중 최종 단백질을 만드는 데 쓰이는 정보를 포함한 부위.,True,검수완료,2026-09-01 23:47:34,sci-958,,manual,sci,958,True,엑손,True,,False,10주차,생명과학,과학,소분류: 유전체의 진화 / 주차: 10주차 / [AI 자동 생성 뜻풀이]
6905,비암호화 DNA,,schemareading-schema,과학,생명과학,유전체의 진화,10주차,단백질 합성에 사용되는 유전 정보를 담고 있지 않은 DNA 영역.,True,검수완료,2026-09-01 23:47:34,sci-959,,manual,sci,959,True,비암호화 DNA,True,,False,10주차,생명과학,과학,소분류: 유전체의 진화 / 주차: 10주차 / [AI 자동 생성 뜻풀이]
6906,인트론,,schemareading-schema,과학,생명과학,유전체의 진화,10주차,유전자 서열 중 단백질을 만드는 과정에서 제거되는 비암호화 부위.,True,검수완료,2026-09-01 23:47:34,sci-960,,manual,sci,960,True,인트론,True,,False,10주차,생명과학,과학,소분류: 유전체의 진화 / 주차: 10주차 / [AI 자동 생성 뜻풀이]
6907,반복서열,,schemareading-schema,과학,생명과학,유전체의 진화,10주차,DNA나 RNA에서 같은 염기 서열이 여러 번 반복하여 나타나는 부분.,True,검수완료,2026-09-01 23:47:34,sci-961,,manual,sci,961,True,반복서열,True,,False,10주차,생명과학,과학,소분류: 유전체의 진화 / 주차: 10주차 / [AI 자동 생성 뜻풀이]
6908,위유전자,,schemareading-schema,과학,생명과학,유전체의 진화,10주차,유전자와 구조는 비슷하지만 돌연변이 등으로 인해 기능을 잃은 유전자.,True,검수완료,2026-09-01 23:47:34,sci-962,,manual,sci,962,True,위유전자,True,,False,10주차,생명과학,과학,소분류: 유전체의 진화 / 주차: 10주차 / [AI 자동 생성 뜻풀이]
6909,텔로미어,,schemareading-schema,과학,생명과학,유전체의 진화,10주차,염색체 끝부분에 위치하여 염색체를 보호하고 세포 노화에 관여하는 부분.,True,검수완료,2026-09-01 23:47:34,sci-963,,manual,sci,963,True,텔로미어,True,,False,10주차,생명과학,과학,소분류: 유전체의 진화 / 주차: 10주차 / [AI 자동 생성 뜻풀이]
6910,조절부위,,schemareading-schema,과학,생명과학,유전체의 진화,10주차,유전자의 전사와 발현 과정을 조절하는 DNA의 특정 영역.,True,검수완료,2026-09-01 23:47:34,sci-964,,manual,sci,964,True,조절부위,True,,False,10주차,생명과학,과학,소분류: 유전체의 진화 / 주차: 10주차 / [AI 자동 생성 뜻풀이]
6911,전이인자,,schemareading-schema,과학,생명과학,유전체의 진화,10주차,생물체의 유전체 내에서 위치를 스스로 이동할 수 있는 DNA 서열.,True,검수완료,2026-09-01 23:47:34,sci-965,,manual,sci,965,True,전이인자,True,,False,10주차,생명과학,과학,소분류: 유전체의 진화 / 주차: 10주차 / [AI 자동 생성 뜻풀이]
6912,RNA 가공,,schemareading-schema,과학,생명과학,유전체의 진화,10주차,전사를 통해 만들어진 초기 RNA를 기능이 있는 성숙한 RNA로 바꾸는 과정.,True,검수완료,2026-09-01 23:47:34,sci-966,,manual,sci,966,True,RNA 가공,True,,False,10주차,생명과학,과학,소분류: 유전체의 진화 / 주차: 10주차 / [AI 자동 생성 뜻풀이]
6913,기체의 압력,,schemareading-schema,과학,화학,기체 운동,11주차,기체 입자가 용기 벽면에 끊임없이 충돌하며 단위 면적에 가하는 힘.,True,검수완료,2026-09-01 23:47:34,sci-968,,manual,sci,968,True,기체의 압력,True,,False,11주차,화학,과학,소분류: 기체 운동 / 주차: 11주차 / [AI 자동 생성 뜻풀이]
6914,기체의 부피,,schemareading-schema,과학,화학,기체 운동,11주차,기체가 공간에서 차지하고 있는 크기.,True,검수완료,2026-09-01 23:47:34,sci-969,,manual,sci,969,True,기체의 부피,True,,False,11주차,화학,과학,소분류: 기체 운동 / 주차: 11주차 / [AI 자동 생성 뜻풀이]
6915,섭씨 온도,,schemareading-schema,과학,화학,기체 운동,11주차,"1기압에서 물의 어는점을 0도, 끓는점을 100도로 하여 100등분한 온도 체계.",True,검수완료,2026-09-01 23:47:34,sci-970,,manual,sci,970,True,섭씨 온도,True,,False,11주차,화학,과학,소분류: 기체 운동 / 주차: 11주차 / [AI 자동 생성 뜻풀이]
6916,절대 온도,,schemareading-schema,과학,화학,기체 운동,11주차,입자의 열운동이 정지하는 상태를 0으로 정한 온도 체계.,True,검수완료,2026-09-01 23:47:34,sci-971,,manual,sci,971,True,절대 온도,True,,False,11주차,화학,과학,소분류: 기체 운동 / 주차: 11주차 / [AI 자동 생성 뜻풀이]
6917,기체의 운동법칙,,schemareading-schema,과학,화학,기체 운동,11주차,기체 입자들의 무질서한 운동과 성질을 설명하는 법칙.,True,검수완료,2026-09-01 23:47:34,sci-972,,manual,sci,972,True,기체의 운동법칙,True,,False,11주차,화학,과학,소분류: 기체 운동 / 주차: 11주차 / [AI 자동 생성 뜻풀이]
6918,이상 기체,,schemareading-schema,과학,화학,기체 운동,11주차,분자 자체의 부피와 분자 간 상호작용이 없다고 가정한 가상의 기체.,True,검수완료,2026-09-01 23:47:34,sci-973,,manual,sci,973,True,이상 기체,True,,False,11주차,화학,과학,소분류: 기체 운동 / 주차: 11주차 / [AI 자동 생성 뜻풀이]
6919,아보가드로 법칙,,schemareading-schema,과학,화학,기체 운동,11주차,온도와 압력이 같을 때 모든 기체는 같은 부피 속에 같은 수의 분자를 가진다는 법칙.,True,검수완료,2026-09-01 23:47:34,sci-976,,manual,sci,976,True,아보가드로 법칙,True,,False,11주차,화학,과학,소분류: 기체 운동 / 주차: 11주차 / [AI 자동 생성 뜻풀이]
6920,이상기체방정식,,schemareading-schema,과학,화학,기체 운동,11주차,"이상 기체의 압력, 부피, 몰수, 절대 온도 사이의 관계를 나타낸 수식.",True,검수완료,2026-09-01 23:47:34,sci-977,,manual,sci,977,True,이상기체방정식,True,,False,11주차,화학,과학,소분류: 기체 운동 / 주차: 11주차 / [AI 자동 생성 뜻풀이]
6921,혼합기체,,schemareading-schema,과학,화학,기체 운동,11주차,두 가지 이상의 서로 다른 기체가 섞여 있는 기체.,True,검수완료,2026-09-01 23:47:34,sci-978,,manual,sci,978,True,혼합기체,True,,False,11주차,화학,과학,소분류: 기체 운동 / 주차: 11주차 / [AI 자동 생성 뜻풀이]
6922,부분압력,,schemareading-schema,과학,화학,기체 운동,11주차,혼합 기체에서 각 성분 기체가 용기 안을 혼자 차지할 때 나타내는 압력.,True,검수완료,2026-09-01 23:47:34,sci-979,,manual,sci,979,True,부분압력,True,,False,11주차,화학,과학,소분류: 기체 운동 / 주차: 11주차 / [AI 자동 생성 뜻풀이]
6923,부분압력법칙,,schemareading-schema,과학,화학,기체 운동,11주차,혼합 기체의 전체 압력은 각 성분 기체의 부분 압력의 합과 같다는 법칙.,True,검수완료,2026-09-01 23:47:34,sci-980,,manual,sci,980,True,부분압력법칙,True,,False,11주차,화학,과학,소분류: 기체 운동 / 주차: 11주차 / [AI 자동 생성 뜻풀이]
6924,분자간 상호작용,,schemareading-schema,과학,화학,액체와 물,12주차,이웃한 분자들 사이에 서로 끌어당기거나 밀어내는 작용.,True,검수완료,2026-09-01 23:47:34,sci-981,,manual,sci,981,True,분자간 상호작용,True,,False,12주차,화학,과학,소분류: 액체와 물 / 주차: 12주차 / [AI 자동 생성 뜻풀이]
6925,극성분자,,schemareading-schema,과학,화학,액체와 물,12주차,분자 내 전하가 불균일하게 분포하여 부분적인 극성을 띠는 분자.,True,검수완료,2026-09-01 23:47:34,sci-983,,manual,sci,983,True,극성분자,True,,False,12주차,화학,과학,소분류: 액체와 물 / 주차: 12주차 / [AI 자동 생성 뜻풀이]
6926,무극성분자,,schemareading-schema,과학,화학,액체와 물,12주차,분자 내 전하가 균일하게 분포하여 극성을 띠지 않는 분자.,True,검수완료,2026-09-01 23:47:34,sci-984,,manual,sci,984,True,무극성분자,True,,False,12주차,화학,과학,소분류: 액체와 물 / 주차: 12주차 / [AI 자동 생성 뜻풀이]
6927,쌍극자,,schemareading-schema,과학,화학,액체와 물,12주차,크기가 같고 부호가 반대인 두 전하가 일정한 거리를 두고 떨어진 계.,True,검수완료,2026-09-01 23:47:34,sci-985,,manual,sci,985,True,쌍극자,True,,False,12주차,화학,과학,소분류: 액체와 물 / 주차: 12주차 / [AI 자동 생성 뜻풀이]
6928,쌍극자 모멘트,,schemareading-schema,과학,화학,액체와 물,12주차,분자 안에서 전하의 분리 정도와 그 크기를 나타내는 물리량.,True,검수완료,2026-09-01 23:47:34,sci-986,,manual,sci,986,True,쌍극자 모멘트,True,,False,12주차,화학,과학,소분류: 액체와 물 / 주차: 12주차 / [AI 자동 생성 뜻풀이]
6929,수소 결합,,schemareading-schema,과학,화학,액체와 물,12주차,전기 음성도가 높은 원자에 결합한 수소 원자가 다른 분자의 원자 쪽으로 끌리는 강한 분자 간 인력.,True,검수완료,2026-09-01 23:47:34,sci-987,,manual,sci,987,True,수소 결합,True,,False,12주차,화학,과학,소분류: 액체와 물 / 주차: 12주차 / [AI 자동 생성 뜻풀이]
6930,편극 현상,,schemareading-schema,과학,화학,액체와 물,12주차,전하를 띤 물질이 접근할 때 분자 내 전하 분포가 한쪽으로 쏠려 극성을 띠는 현상.,True,검수완료,2026-09-01 23:47:34,sci-988,,manual,sci,988,True,편극 현상,True,,False,12주차,화학,과학,소분류: 액체와 물 / 주차: 12주차 / [AI 자동 생성 뜻풀이]
6931,반데르발스 힘,,schemareading-schema,과학,화학,액체와 물,12주차,분자 사이에 작용하는 끌어당기거나 밀쳐내는 약한 인력과 반발력을 통틀어 이르는 힘.,True,검수완료,2026-09-01 23:47:34,sci-989,,manual,sci,989,True,반데르발스 힘,True,,False,12주차,화학,과학,소분류: 액체와 물 / 주차: 12주차 / [AI 자동 생성 뜻풀이]
6932,증발,,schemareading-schema,과학,화학,액체와 물,12주차,액체 표면의 입자가 스스로 운동하여 기체 상태로 변하는 현상.,True,검수완료,2026-09-01 23:47:34,sci-990,,manual,sci,990,True,증발,True,,False,12주차,화학,과학,소분류: 액체와 물 / 주차: 12주차 / [AI 자동 생성 뜻풀이]
6933,응축,,schemareading-schema,과학,화학,액체와 물,12주차,기체가 냉각되거나 압력을 받아 액체 상태로 변하는 현상.,True,검수완료,2026-09-01 23:47:34,sci-991,,manual,sci,991,True,응축,True,,False,12주차,화학,과학,소분류: 액체와 물 / 주차: 12주차 / [AI 자동 생성 뜻풀이]
6934,증기 압력,,schemareading-schema,과학,화학,액체와 물,12주차,닫힌 용기 속에서 액체와 그 증기가 동적 평형 상태를 이룰 때 증기가 나타내는 압력.,True,검수완료,2026-09-01 23:47:34,sci-992,,manual,sci,992,True,증기 압력,True,,False,12주차,화학,과학,소분류: 액체와 물 / 주차: 12주차 / [AI 자동 생성 뜻풀이]
6935,끓음,,schemareading-schema,과학,화학,액체와 물,12주차,액체 표면과 내부 모두에서 기화가 일어나 액체 전체가 기체로 변하는 현상.,True,검수완료,2026-09-01 23:47:34,sci-993,,manual,sci,993,True,끓음,True,,False,12주차,화학,과학,소분류: 액체와 물 / 주차: 12주차 / [AI 자동 생성 뜻풀이]
6936,열용량,,schemareading-schema,과학,화학,액체와 물,12주차,어떤 물질의 온도를 1도 올려주는 데 필요한 열량.,True,검수완료,2026-09-01 23:47:34,sci-995,,manual,sci,995,True,열용량,True,,False,12주차,화학,과학,소분류: 액체와 물 / 주차: 12주차 / [AI 자동 생성 뜻풀이]
6937,표면장력,,schemareading-schema,과학,화학,액체와 물,12주차,액체 표면이 스스로 작아지려고 축소되는 방향으로 작용하는 힘.,True,검수완료,2026-09-01 23:47:34,sci-996,,manual,sci,996,True,표면장력,True,,False,12주차,화학,과학,소분류: 액체와 물 / 주차: 12주차 / [AI 자동 생성 뜻풀이]
6938,모세관 현상,,schemareading-schema,과학,화학,액체와 물,12주차,가느다란 관을 액체에 넣었을 때 관 속의 액체 수면이 높아지거나 낮아지는 현상.,True,검수완료,2026-09-01 23:47:34,sci-997,,manual,sci,997,True,모세관 현상,True,,False,12주차,화학,과학,소분류: 액체와 물 / 주차: 12주차 / [AI 자동 생성 뜻풀이]
5965,옴브즈맨,,schemareading-schema,사회,정치,정당과 선거제도,15주차,행정 기관의 부당한 권력 남용이나 행위로부터 국민의 권리를 보호하는 제도.,True,검수완료,2026-09-01 23:47:34,social-1000,,manual,social,1000,True,옴브즈맨,True,,False,15주차,정치,사회,소분류: 정당과 선거제도 / 주차: 15주차 / [AI 자동 생성 뜻풀이]
5966,여론정치,,schemareading-schema,사회,정치,정당과 선거제도,15주차,대다수 국민의 의견이나 여론을 바탕으로 국가의 정치를 이끌어 가는 방식.,True,검수완료,2026-09-01 23:47:34,social-1001,,manual,social,1001,True,여론정치,True,,False,15주차,정치,사회,소분류: 정당과 선거제도 / 주차: 15주차 / [AI 자동 생성 뜻풀이]
5967,정치적 무관심,,schemareading-schema,사회,정치,정당과 선거제도,15주차,국민이 정치 현상이나 국가의 정치적 문제에 아무런 관심도 가지지 않는 상태.,True,검수완료,2026-09-01 23:47:34,social-1002,,manual,social,1002,True,정치적 무관심,True,,False,15주차,정치,사회,소분류: 정당과 선거제도 / 주차: 15주차 / [AI 자동 생성 뜻풀이]
5968,포퓰리즘,,schemareading-schema,사회,정치,정당과 선거제도,15주차,대중의 인기나 이익만을 겨냥하여 정책을 추진하는 정치적 경향.,True,검수완료,2026-09-01 23:47:34,social-1003,,manual,social,1003,True,포퓰리즘,True,,False,15주차,정치,사회,소분류: 정당과 선거제도 / 주차: 15주차 / [AI 자동 생성 뜻풀이]
5969,헤게모니,,schemareading-schema,사회,정치,정당과 선거제도,15주차,한 집단이나 국가가 주도권을 잡고 우월한 영향력을 행사하는 일.,True,검수완료,2026-09-01 23:47:34,social-1004,,manual,social,1004,True,헤게모니,True,,False,15주차,정치,사회,소분류: 정당과 선거제도 / 주차: 15주차 / [AI 자동 생성 뜻풀이]
5970,게리맨더링,,schemareading-schema,사회,정치,정당과 선거제도,15주차,특정 정당이나 후보에게 유리하게 선거구를 불공정하게 나누는 일.,True,검수완료,2026-09-01 23:47:34,social-1005,,manual,social,1005,True,게리맨더링,True,,False,15주차,정치,사회,소분류: 정당과 선거제도 / 주차: 15주차 / [AI 자동 생성 뜻풀이]
5971,전자정부,,schemareading-schema,사회,정치,정당과 선거제도,15주차,정보 통신 기술을 활용하여 행정 업무를 효율적으로 처리하는 정부.,True,검수완료,2026-09-01 23:47:34,social-1007,,manual,social,1007,True,전자정부,True,,False,15주차,정치,사회,소분류: 정당과 선거제도 / 주차: 15주차 / [AI 자동 생성 뜻풀이]
5972,샤프파워,,schemareading-schema,사회,정치,정당과 선거제도,15주차,정보 교란이나 매수 등을 통해 은밀하게 영향력을 행사하는 권력.,True,검수완료,2026-09-01 23:47:34,social-1008,,manual,social,1008,True,샤프파워,True,,False,15주차,정치,사회,소분류: 정당과 선거제도 / 주차: 15주차 / [AI 자동 생성 뜻풀이]
5973,가짜뉴스,,schemareading-schema,사회,정치,정당과 선거제도,15주차,정치적·상업적 이익을 위해 거짓 정보를 사실처럼 작성하여 퍼뜨리는 뉴스.,True,검수완료,2026-09-01 23:47:34,social-1009,,manual,social,1009,True,가짜뉴스,True,,False,15주차,정치,사회,소분류: 정당과 선거제도 / 주차: 15주차 / [AI 자동 생성 뜻풀이]
5974,사회적 폭포효과,,schemareading-schema,사회,정치,정당과 선거제도,15주차,일부의 의견이나 정보가 폭포처럼 급격히 퍼져 전체 동의를 이루는 현상.,True,검수완료,2026-09-01 23:47:34,social-1010,,manual,social,1010,True,사회적 폭포효과,True,,False,15주차,정치,사회,소분류: 정당과 선거제도 / 주차: 15주차 / [AI 자동 생성 뜻풀이]
5975,아그레망,,schemareading-schema,사회,정치,정당과 선거제도,15주차,새로운 외교 파견 사절에 대해 상대국이 비공식적으로 동의하는 일.,True,검수완료,2026-09-01 23:47:34,social-1011,,manual,social,1011,True,아그레망,True,,False,15주차,정치,사회,소분류: 정당과 선거제도 / 주차: 15주차 / [AI 자동 생성 뜻풀이]
5976,레임덕,,schemareading-schema,사회,정치,정당과 선거제도,15주차,임기 만료를 앞둔 지도자의 권력이나 통솔력이 떨어지는 현상.,True,검수완료,2026-09-01 23:47:34,social-1012,,manual,social,1012,True,레임덕,True,,False,15주차,정치,사회,소분류: 정당과 선거제도 / 주차: 15주차 / [AI 자동 생성 뜻풀이]
5977,브래들리효과,,schemareading-schema,사회,정치,정당과 선거제도,15주차,인종이나 사회적 편견 때문에 여론 조사와 실제 투표 결과가 다르게 나오는 현상.,True,검수완료,2026-09-01 23:47:34,social-1013,,manual,social,1013,True,브래들리효과,True,,False,15주차,정치,사회,소분류: 정당과 선거제도 / 주차: 15주차 / [AI 자동 생성 뜻풀이]
5978,언더독효과,,schemareading-schema,사회,정치,정당과 선거제도,15주차,약자나 열세에 있는 후보에게 동정표가 몰려 투표 결과가 뒤바뀌는 현상.,True,검수완료,2026-09-01 23:47:34,social-1014,,manual,social,1014,True,언더독효과,True,,False,15주차,정치,사회,소분류: 정당과 선거제도 / 주차: 15주차 / [AI 자동 생성 뜻풀이]
5979,왝더독효과,,schemareading-schema,사회,정치,정당과 선거제도,15주차,하위의 주장이나 이슈가 전체나 본질을 끌고 가는 주객전도의 현상.,True,검수완료,2026-09-01 23:47:34,social-1015,,manual,social,1015,True,왝더독효과,True,,False,15주차,정치,사회,소분류: 정당과 선거제도 / 주차: 15주차 / [AI 자동 생성 뜻풀이]
5980,엽관제도,,schemareading-schema,사회,정치,정당과 선거제도,15주차,선거에서 이긴 정당이 공로가 있는 지지자에게 관직을 주는 제도.,True,검수완료,2026-09-01 23:47:34,social-1016,,manual,social,1016,True,엽관제도,True,,False,15주차,정치,사회,소분류: 정당과 선거제도 / 주차: 15주차 / [AI 자동 생성 뜻풀이]
5981,민법의 기본원리,,schemareading-schema,사회,법,민법,16주차,개인의 사적 자치와 권리 보장을 바탕으로 민법의 해석과 적용의 기준이 되는 기본 원칙.,True,검수완료,2026-09-01 23:47:34,social-1018,,manual,social,1018,True,민법의 기본원리,True,,False,16주차,법,사회,소분류: 민법 / 주차: 16주차 / [AI 자동 생성 뜻풀이]
5982,신의성실의 원칙,,schemareading-schema,사회,법,민법,16주차,권리의 행사와 의무의 이행은 신의에 조화되도록 성실하게 하여야 한다는 원칙.,True,검수완료,2026-09-01 23:47:34,social-1019,,manual,social,1019,True,신의성실의 원칙,True,,False,16주차,법,사회,소분류: 민법 / 주차: 16주차 / [AI 자동 생성 뜻풀이]
5983,귄리남용 금지의 원칙,,schemareading-schema,사회,법,민법,16주차,권리를 가졌다 하더라도 그것을 사회적 정당성을 벗어나 함부로 행사해서는 안 된다는 원칙.,True,검수완료,2026-09-01 23:47:34,social-1020,,manual,social,1020,True,귄리남용 금지의 원칙,True,,False,16주차,법,사회,소분류: 민법 / 주차: 16주차 / [AI 자동 생성 뜻풀이]
5984,사정변경의 원칙,,schemareading-schema,사회,법,민법,16주차,계약 체결 당시의 사정이 현저히 바뀐 경우 계약 내용을 변경하거나 해제할 수 있다는 원칙.,True,검수완료,2026-09-01 23:47:34,social-1021,,manual,social,1021,True,사정변경의 원칙,True,,False,16주차,법,사회,소분류: 민법 / 주차: 16주차 / [AI 자동 생성 뜻풀이]
5985,모순행위금지의 원칙,,schemareading-schema,사회,법,민법,16주차,자신의 선행 행위와 모순되는 행위를 함으로써 상대방의 신뢰를 침해해서는 안 된다는 원칙.,True,검수완료,2026-09-01 23:47:34,social-1022,,manual,social,1022,True,모순행위금지의 원칙,True,,False,16주차,법,사회,소분류: 민법 / 주차: 16주차 / [AI 자동 생성 뜻풀이]
5986,실효의 원칙,,schemareading-schema,사회,법,민법,16주차,권리자가 오랫동안 권리를 행사하지 않아 상대방이 이를 신뢰한 경우 권리 행사를 제한하는 원칙.,True,검수완료,2026-09-01 23:47:34,social-1023,,manual,social,1023,True,실효의 원칙,True,,False,16주차,법,사회,소분류: 민법 / 주차: 16주차 / [AI 자동 생성 뜻풀이]
5987,계약의 종류,,schemareading-schema,사회,법,민법,16주차,"법률상의 성질이나 목적, 방식 따위에 따라 구별되는 계약의 여러 형태.",True,검수완료,2026-09-01 23:47:34,social-1024,,manual,social,1024,True,계약의 종류,True,,False,16주차,법,사회,소분류: 민법 / 주차: 16주차 / [AI 자동 생성 뜻풀이]
5988,매매,,schemareading-schema,사회,법,민법,16주차,당사자 한쪽이 재산권을 넘겨줄 것을 약정하고 상대방은 그 대금을 지급할 것을 약정하는 계약.,True,검수완료,2026-09-01 23:47:34,social-1025,,manual,social,1025,True,매매,True,,False,16주차,법,사회,소분류: 민법 / 주차: 16주차 / [AI 자동 생성 뜻풀이]
5989,임대차,,schemareading-schema,사회,법,민법,16주차,당사자 한쪽이 상대방에게 물건을 사용·수익하게 하고 상대방은 이에 대해 차임을 지급할 것을 약정하는 계약.,True,검수완료,2026-09-01 23:47:34,social-1027,,manual,social,1027,True,임대차,True,,False,16주차,법,사회,소분류: 민법 / 주차: 16주차 / [AI 자동 생성 뜻풀이]
5990,증여,,schemareading-schema,사회,법,민법,16주차,당사자 한쪽이 대가 없이 자신의 재산을 상대방에게 준다는 의사를 표시하고 상대방이 이를 승낙하는 계약.,True,검수완료,2026-09-01 23:47:34,social-1028,,manual,social,1028,True,증여,True,,False,16주차,법,사회,소분류: 민법 / 주차: 16주차 / [AI 자동 생성 뜻풀이]
5991,교환,,schemareading-schema,사회,법,민법,16주차,당사자 쌍방이 금전 이외의 재산권을 서로 이전할 것을 약정함으로써 성립하는 계약.,True,검수완료,2026-09-01 23:47:34,social-1029,,manual,social,1029,True,교환,True,,False,16주차,법,사회,소분류: 민법 / 주차: 16주차 / [AI 자동 생성 뜻풀이]
5992,도급,,schemareading-schema,사회,법,민법,16주차,당사자 한쪽이 어떤 일을 완성할 것을 약정하고 상대방은 그 일의 결과에 대해 보수를 지급할 것을 약정하는 계약.,True,검수완료,2026-09-01 23:47:34,social-1030,,manual,social,1030,True,도급,True,,False,16주차,법,사회,소분류: 민법 / 주차: 16주차 / [AI 자동 생성 뜻풀이]
5993,계약의 성립,,schemareading-schema,사회,법,민법,16주차,청약과 승낙이라는 서로 대립하는 두 개 이상의 의사표시가 합치하여 계약의 효력이 발생하는 것.,True,검수완료,2026-09-01 23:47:34,social-1031,,manual,social,1031,True,계약의 성립,True,,False,16주차,법,사회,소분류: 민법 / 주차: 16주차 / [AI 자동 생성 뜻풀이]
5994,청약,,schemareading-schema,사회,법,민법,16주차,계약을 체결하고 싶다는 뜻으로 상대방에게 행하는 일방적이고 구체적인 의사표시.,True,검수완료,2026-09-01 23:47:34,social-1032,,manual,social,1032,True,청약,True,,False,16주차,법,사회,소분류: 민법 / 주차: 16주차 / [AI 자동 생성 뜻풀이]
5995,승낙,,schemareading-schema,사회,법,민법,16주차,상대방의 청약을 받아들여 계약을 성립시키겠다는 뜻으로 행하는 의사표시.,True,검수완료,2026-09-01 23:47:34,social-1033,,manual,social,1033,True,승낙,True,,False,16주차,법,사회,소분류: 민법 / 주차: 16주차 / [AI 자동 생성 뜻풀이]
5996,계약의 효력,,schemareading-schema,사회,법,민법,16주차,계약이 성립함에 따라 당사자 간에 권리와 의무가 발생하는 법적 효력.,True,검수완료,2026-09-01 23:47:34,social-1034,,manual,social,1034,True,계약의 효력,True,,False,16주차,법,사회,소분류: 민법 / 주차: 16주차 / [AI 자동 생성 뜻풀이]
5997,의사능력,,schemareading-schema,사회,법,민법,16주차,자신의 행위가 지니는 법적 의미나 결과를 판단할 수 있는 정신적 능력.,True,검수완료,2026-09-01 23:47:34,social-1035,,manual,social,1035,True,의사능력,True,,False,16주차,법,사회,소분류: 민법 / 주차: 16주차 / [AI 자동 생성 뜻풀이]
5998,행위능력,,schemareading-schema,사회,법,민법,16주차,단독으로 유효한 법률행위를 행할 수 있는 법적인 능력.,True,검수완료,2026-09-01 23:47:34,social-1036,,manual,social,1036,True,행위능력,True,,False,16주차,법,사회,소분류: 민법 / 주차: 16주차 / [AI 자동 생성 뜻풀이]
5999,미성년자의 법률행위,,schemareading-schema,사회,법,민법,16주차,"미성년자가 하는 법률행위로, 원칙적으로 법정대리인의 동의가 필요함.",True,검수완료,2026-09-01 23:47:34,social-1037,,manual,social,1037,True,미성년자의 법률행위,True,,False,16주차,법,사회,소분류: 민법 / 주차: 16주차 / [AI 자동 생성 뜻풀이]
6000,불법행위,,schemareading-schema,사회,법,민법,16주차,고의나 과실로 타인에게 손해를 입히는 위법한 행위.,True,검수완료,2026-09-01 23:47:34,social-1038,,manual,social,1038,True,불법행위,True,,False,16주차,법,사회,소분류: 민법 / 주차: 16주차 / [AI 자동 생성 뜻풀이]
6001,손해배상,,schemareading-schema,사회,법,민법,16주차,위법한 행위로 타인에게 입힌 손해를 물어 주어 원래 상태로 돌려놓는 일.,True,검수완료,2026-09-01 23:47:34,social-1039,,manual,social,1039,True,손해배상,True,,False,16주차,법,사회,소분류: 민법 / 주차: 16주차 / [AI 자동 생성 뜻풀이]
6002,징벌적 손해배상제도,,schemareading-schema,사회,법,민법,16주차,가해자의 악의적인 행위에 대해 실제 손해보다 더 많은 배상금을 부과하는 제도.,True,검수완료,2026-09-01 23:47:34,social-1040,,manual,social,1040,True,징벌적 손해배상제도,True,,False,16주차,법,사회,소분류: 민법 / 주차: 16주차 / [AI 자동 생성 뜻풀이]
6003,특수불법행위,,schemareading-schema,사회,법,민법,16주차,타인의 행위나 공작물 등의 하자에 대해 특정한 자에게 지우는 불법행위 책임.,True,검수완료,2026-09-01 23:47:34,social-1041,,manual,social,1041,True,특수불법행위,True,,False,16주차,법,사회,소분류: 민법 / 주차: 16주차 / [AI 자동 생성 뜻풀이]
6004,권리능력,,schemareading-schema,사회,법,민법,16주차,권리를 누리고 의무를 질 수 있는 주체가 될 수 있는 법적 자격.,True,검수완료,2026-09-01 23:47:34,social-1042,,manual,social,1042,True,권리능력,True,,False,16주차,법,사회,소분류: 민법 / 주차: 16주차 / [AI 자동 생성 뜻풀이]
6005,책임능력,,schemareading-schema,사회,법,민법,16주차,자신의 위법한 행위에 대한 법적 책임을 판단하여 질 수 있는 능력.,True,검수완료,2026-09-01 23:47:34,social-1043,,manual,social,1043,True,책임능력,True,,False,16주차,법,사회,소분류: 민법 / 주차: 16주차 / [AI 자동 생성 뜻풀이]
6006,법률관계,,schemareading-schema,사회,법,민법,16주차,법에 의해 규율되고 보호되는 사람 간 또는 사람과 물건 간의 관계.,True,검수완료,2026-09-01 23:47:34,social-1044,,manual,social,1044,True,법률관계,True,,False,16주차,법,사회,소분류: 민법 / 주차: 16주차 / [AI 자동 생성 뜻풀이]
6007,공증,,schemareading-schema,사회,법,민법,16주차,법률관계나 사문서의 작성 및 내용에 대하여 국가가 증명하여 주는 일.,True,검수완료,2026-09-01 23:47:34,social-1045,,manual,social,1045,True,공증,True,,False,16주차,법,사회,소분류: 민법 / 주차: 16주차 / [AI 자동 생성 뜻풀이]
6008,민사조정제도,,schemareading-schema,사회,법,민법,16주차,판사의 판결에 의하지 않고 조정위원회의 중재를 통해 민사 분쟁을 해결하는 제도.,True,검수완료,2026-09-01 23:47:34,social-1046,,manual,social,1046,True,민사조정제도,True,,False,16주차,법,사회,소분류: 민법 / 주차: 16주차 / [AI 자동 생성 뜻풀이]
6009,지급명령제도,,schemareading-schema,사회,법,민법,16주차,법원이 서류 심사만으로 채무자에게 돈을 지급하도록 명령하는 간이 재판 제도.,True,검수완료,2026-09-01 23:47:34,social-1047,,manual,social,1047,True,지급명령제도,True,,False,16주차,법,사회,소분류: 민법 / 주차: 16주차 / [AI 자동 생성 뜻풀이]
6010,대안적 분쟁해결방법,,schemareading-schema,사회,법,민법,16주차,소송과 같은 법원의 재판을 거치지 않고 분쟁을 해결하는 제도나 방법.,True,검수완료,2026-09-01 23:47:34,social-1048,,manual,social,1048,True,대안적 분쟁해결방법,True,,False,16주차,법,사회,소분류: 민법 / 주차: 16주차 / [AI 자동 생성 뜻풀이]
6011,법률구조제도,,schemareading-schema,사회,법,민법,16주차,경제적 어려움 등으로 법적 보호를 받지 못하는 사람에게 법률 지원을 제공하는 제도.,True,검수완료,2026-09-01 23:47:34,social-1049,,manual,social,1049,True,법률구조제도,True,,False,16주차,법,사회,소분류: 민법 / 주차: 16주차 / [AI 자동 생성 뜻풀이]
6012,자연인과 법인,,schemareading-schema,사회,법,민법,16주차,살아 있는 사람인 자연인과 법에 의해 권리와 의무의 주체로 인정받은 기관이나 단체.,True,검수완료,2026-09-01 23:47:34,social-1050,,manual,social,1050,True,자연인과 법인,True,,False,16주차,법,사회,소분류: 민법 / 주차: 16주차 / [AI 자동 생성 뜻풀이]
6013,친권,,schemareading-schema,사회,법,민법,16주차,부모가 미성년자인 자녀를 보호·양육하고 그 재산을 관리할 법률상의 권리와 의무.,True,검수완료,2026-09-01 23:47:34,social-1051,,manual,social,1051,True,친권,True,,False,16주차,법,사회,소분류: 민법 / 주차: 16주차 / [AI 자동 생성 뜻풀이]
6014,부동산,,schemareading-schema,사회,법,상법,17주차,토지 및 건물처럼 정착되어 있어 쉽게 옮길 수 없는 재산.,True,검수완료,2026-09-01 23:47:34,social-1053,,manual,social,1053,True,부동산,True,,False,17주차,법,사회,소분류: 상법 / 주차: 17주차 / [AI 자동 생성 뜻풀이]
6015,등기제도,,schemareading-schema,사회,법,상법,17주차,부동산의 권리 관계 등을 국가 기관의 공적 장부에 기록하여 공개하는 제도.,True,검수완료,2026-09-01 23:47:34,social-1054,,manual,social,1054,True,등기제도,True,,False,17주차,법,사회,소분류: 상법 / 주차: 17주차 / [AI 자동 생성 뜻풀이]
6016,공시,,schemareading-schema,사회,법,상법,17주차,일정한 법률 상태나 권리 관계를 불특정 다수가 알 수 있게 공식적으로 알리는 일.,True,검수완료,2026-09-01 23:47:34,social-1055,,manual,social,1055,True,공시,True,,False,17주차,법,사회,소분류: 상법 / 주차: 17주차 / [AI 자동 생성 뜻풀이]
6017,주택임대차,,schemareading-schema,사회,법,상법,17주차,주택 소유자에게 차임을 지급하고 주택을 빌려 사용하는 계약 관계.,True,검수완료,2026-09-01 23:47:34,social-1056,,manual,social,1056,True,주택임대차,True,,False,17주차,법,사회,소분류: 상법 / 주차: 17주차 / [AI 자동 생성 뜻풀이]
6029,상소절차,,schemareading-schema,사회,법,형법,18주차,법원의 판결에 불복하여 상급 법원에 다시 재판을 신청하는 절차.,True,검수완료,2026-09-01 23:47:34,social-1069,,manual,social,1069,True,상소절차,True,,False,18주차,법,사회,소분류: 형법 / 주차: 18주차 / [AI 자동 생성 뜻풀이]
5747,합리성,,schemareading-schema,사회,경제,경제와 생활,1주차,이치나 논리에 맞고 타당한 성질.,True,검수완료,2026-09-01 23:47:34,social-768,,manual,social,768,True,합리성,True,,False,1주차,경제,사회,소분류: 경제와 생활 / 주차: 1주차 / [AI 자동 생성 뜻풀이]
5748,경제적 자원,,schemareading-schema,사회,경제,경제와 생활,1주차,"인간의 경제 활동에 필요한 물자, 노동, 자본 따위를 통틀어 이르는 말.",True,검수완료,2026-09-01 23:47:34,social-769,,manual,social,769,True,경제적 자원,True,,False,1주차,경제,사회,소분류: 경제와 생활 / 주차: 1주차 / [AI 자동 생성 뜻풀이]
5749,상품,,schemareading-schema,사회,경제,경제와 생활,1주차,사고팔기 위하여 시장에 내놓는 물건.,True,검수완료,2026-09-01 23:47:34,social-770,,manual,social,770,True,상품,True,,False,1주차,경제,사회,소분류: 경제와 생활 / 주차: 1주차 / [AI 자동 생성 뜻풀이]
5750,자유재,,schemareading-schema,사회,경제,경제와 생활,1주차,대가를 지불하지 않고도 원하는 만큼 얻을 수 있는 재화.,True,검수완료,2026-09-01 23:47:34,social-771,,manual,social,771,True,자유재,True,,False,1주차,경제,사회,소분류: 경제와 생활 / 주차: 1주차 / [AI 자동 생성 뜻풀이]
5751,경제재,,schemareading-schema,사회,경제,경제와 생활,1주차,희소성이 있어 대가를 지불해야만 얻을 수 있는 재화.,True,검수완료,2026-09-01 23:47:34,social-772,,manual,social,772,True,경제재,True,,False,1주차,경제,사회,소분류: 경제와 생활 / 주차: 1주차 / [AI 자동 생성 뜻풀이]
5752,경제주체,,schemareading-schema,사회,경제,경제와 생활,1주차,"경제 활동에 참여하는 주체로, 가계, 기업, 정부 따위를 이름.",True,검수완료,2026-09-01 23:47:34,social-773,,manual,social,773,True,경제주체,True,,False,1주차,경제,사회,소분류: 경제와 생활 / 주차: 1주차 / [AI 자동 생성 뜻풀이]
5753,자유경쟁시장,,schemareading-schema,사회,경제,경제와 생활,1주차,정부의 개입 없이 개개인의 자유로운 경쟁에 맡기는 시장.,True,검수완료,2026-09-01 23:47:34,social-775,,manual,social,775,True,자유경쟁시장,True,,False,1주차,경제,사회,소분류: 경제와 생활 / 주차: 1주차 / [AI 자동 생성 뜻풀이]
5754,완전경쟁시장,,schemareading-schema,사회,경제,경제와 생활,1주차,다수의 수요자와 공급자가 제한 없이 자유롭게 거래하는 시장.,True,검수완료,2026-09-01 23:47:34,social-776,,manual,social,776,True,완전경쟁시장,True,,False,1주차,경제,사회,소분류: 경제와 생활 / 주차: 1주차 / [AI 자동 생성 뜻풀이]
5755,독점적 경쟁시장,,schemareading-schema,사회,경제,경제와 생활,1주차,다수의 판매자가 유사하지만 차별화된 상품을 파는 시장.,True,검수완료,2026-09-01 23:47:34,social-777,,manual,social,777,True,독점적 경쟁시장,True,,False,1주차,경제,사회,소분류: 경제와 생활 / 주차: 1주차 / [AI 자동 생성 뜻풀이]
5756,과점시장,,schemareading-schema,사회,경제,경제와 생활,1주차,소수의 기업이 시장의 공급을 대부분 차지하고 있는 시장.,True,검수완료,2026-09-01 23:47:34,social-778,,manual,social,778,True,과점시장,True,,False,1주차,경제,사회,소분류: 경제와 생활 / 주차: 1주차 / [AI 자동 생성 뜻풀이]
5757,독점시장,,schemareading-schema,사회,경제,경제와 생활,1주차,하나의 기업이 시장 전체의 상품 공급을 독점하고 있는 시장.,True,검수완료,2026-09-01 23:47:34,social-779,,manual,social,779,True,독점시장,True,,False,1주차,경제,사회,소분류: 경제와 생활 / 주차: 1주차 / [AI 자동 생성 뜻풀이]
5758,독과점시장,,schemareading-schema,사회,경제,경제와 생활,1주차,하나의 기업 또는 소수의 기업이 시장을 지배하고 있는 시장.,True,검수완료,2026-09-01 23:47:34,social-780,,manual,social,780,True,독과점시장,True,,False,1주차,경제,사회,소분류: 경제와 생활 / 주차: 1주차 / [AI 자동 생성 뜻풀이]
5759,시장경제,,schemareading-schema,사회,경제,경제와 생활,1주차,가격 기구에 의해 상품의 생산과 소비가 결정되는 경제 체제.,True,검수완료,2026-09-01 23:47:34,social-781,,manual,social,781,True,시장경제,True,,False,1주차,경제,사회,소분류: 경제와 생활 / 주차: 1주차 / [AI 자동 생성 뜻풀이]
5760,수요와 공급,,schemareading-schema,사회,경제,경제와 생활,1주차,"상품을 사려는 욕구와 파려는 욕구, 또는 그 수량.",True,검수완료,2026-09-01 23:47:34,social-782,,manual,social,782,True,수요와 공급,True,,False,1주차,경제,사회,소분류: 경제와 생활 / 주차: 1주차 / [AI 자동 생성 뜻풀이]
5761,수요의 법칙,,schemareading-schema,사회,경제,경제와 생활,1주차,가격이 오르면 수요량이 줄고 내리면 수요량이 늘어나는 법칙.,True,검수완료,2026-09-01 23:47:34,social-783,,manual,social,783,True,수요의 법칙,True,,False,1주차,경제,사회,소분류: 경제와 생활 / 주차: 1주차 / [AI 자동 생성 뜻풀이]
5762,공급의 법칙,,schemareading-schema,사회,경제,경제와 생활,1주차,가격이 오르면 공급량이 늘고 가격이 내리면 공급량이 줄어드는 원리.,True,검수완료,2026-09-01 23:47:34,social-784,,manual,social,784,True,공급의 법칙,True,,False,1주차,경제,사회,소분류: 경제와 생활 / 주차: 1주차 / [AI 자동 생성 뜻풀이]
5763,탄력성,,schemareading-schema,사회,경제,경제와 생활,1주차,가격이나 소득 등이 변할 때 수요나 공급이 반응하여 변하는 정도.,True,검수완료,2026-09-01 23:47:34,social-785,,manual,social,785,True,탄력성,True,,False,1주차,경제,사회,소분류: 경제와 생활 / 주차: 1주차 / [AI 자동 생성 뜻풀이]
5764,수요탄력성,,schemareading-schema,사회,경제,경제와 생활,1주차,가격이나 소득의 변화에 따라 수요량이 변하는 비율.,True,검수완료,2026-09-01 23:47:34,social-786,,manual,social,786,True,수요탄력성,True,,False,1주차,경제,사회,소분류: 경제와 생활 / 주차: 1주차 / [AI 자동 생성 뜻풀이]
5765,공급탄력성,,schemareading-schema,사회,경제,경제와 생활,1주차,가격이 변함에 따라 상품의 공급량이 변하는 비율.,True,검수완료,2026-09-01 23:47:34,social-787,,manual,social,787,True,공급탄력성,True,,False,1주차,경제,사회,소분류: 경제와 생활 / 주차: 1주차 / [AI 자동 생성 뜻풀이]
5766,소득탄력성,,schemareading-schema,사회,경제,경제와 생활,1주차,소득이 변함에 따라 상품의 수요량이 변하는 정도.,True,검수완료,2026-09-01 23:47:34,social-788,,manual,social,788,True,소득탄력성,True,,False,1주차,경제,사회,소분류: 경제와 생활 / 주차: 1주차 / [AI 자동 생성 뜻풀이]
5767,균형가격,,schemareading-schema,사회,경제,가격과 시장 균형,2주차,시장에서 수요량과 공급량이 서로 일치하여 결정되는 가격.,True,검수완료,2026-09-01 23:47:34,social-789,,manual,social,789,True,균형가격,True,,False,2주차,경제,사회,소분류: 가격과 시장 균형 / 주차: 2주차 / [AI 자동 생성 뜻풀이]
5768,소비자 잉여,,schemareading-schema,사회,경제,가격과 시장 균형,2주차,소비자가 지불할 용의가 있는 최대 금액과 실제 지불한 금액의 차이.,True,검수완료,2026-09-01 23:47:34,social-790,,manual,social,790,True,소비자 잉여,True,,False,2주차,경제,사회,소분류: 가격과 시장 균형 / 주차: 2주차 / [AI 자동 생성 뜻풀이]
5769,생산자 잉여,,schemareading-schema,사회,경제,가격과 시장 균형,2주차,생산자가 실제로 받은 금액과 판매하고자 하는 최소 금액의 차이.,True,검수완료,2026-09-01 23:47:34,social-791,,manual,social,791,True,생산자 잉여,True,,False,2주차,경제,사회,소분류: 가격과 시장 균형 / 주차: 2주차 / [AI 자동 생성 뜻풀이]
5770,효용,,schemareading-schema,사회,경제,가격과 시장 균형,2주차,재화나 서비스를 소비할 때 얻는 주관적인 만족이나 유용성.,True,검수완료,2026-09-01 23:47:34,social-792,,manual,social,792,True,효용,True,,False,2주차,경제,사회,소분류: 가격과 시장 균형 / 주차: 2주차 / [AI 자동 생성 뜻풀이]
5771,한계효용,,schemareading-schema,사회,경제,가격과 시장 균형,2주차,재화나 서비스를 한 단위 추가로 소비할 때 늘어나는 효용.,True,검수완료,2026-09-01 23:47:34,social-793,,manual,social,793,True,한계효용,True,,False,2주차,경제,사회,소분류: 가격과 시장 균형 / 주차: 2주차 / [AI 자동 생성 뜻풀이]
5772,한계효용 체감의 법칙,,schemareading-schema,사회,경제,가격과 시장 균형,2주차,재화의 소비량이 증가함에 따라 추가로 얻는 한계효용이 줄어든다는 법칙.,True,검수완료,2026-09-01 23:47:34,social-794,,manual,social,794,True,한계효용 체감의 법칙,True,,False,2주차,경제,사회,소분류: 가격과 시장 균형 / 주차: 2주차 / [AI 자동 생성 뜻풀이]
5773,대체효과,,schemareading-schema,사회,경제,가격과 시장 균형,2주차,한 상품의 가격 변화로 상대적으로 싸진 다른 상품으로 소비를 바꾸는 효과.,True,검수완료,2026-09-01 23:47:34,social-795,,manual,social,795,True,대체효과,True,,False,2주차,경제,사회,소분류: 가격과 시장 균형 / 주차: 2주차 / [AI 자동 생성 뜻풀이]
5774,소득효과,,schemareading-schema,사회,경제,가격과 시장 균형,2주차,가격의 변화로 실질 소득이 변하여 상품의 수요량이 변하는 효과.,True,검수완료,2026-09-01 23:47:34,social-796,,manual,social,796,True,소득효과,True,,False,2주차,경제,사회,소분류: 가격과 시장 균형 / 주차: 2주차 / [AI 자동 생성 뜻풀이]
5775,기펜재,,schemareading-schema,사회,경제,가격과 시장 균형,2주차,가격이 오르면 오히려 수요량이 늘어나는 성질을 가진 재화.,True,검수완료,2026-09-01 23:47:34,social-797,,manual,social,797,True,기펜재,True,,False,2주차,경제,사회,소분류: 가격과 시장 균형 / 주차: 2주차 / [AI 자동 생성 뜻풀이]
5776,대체재,,schemareading-schema,사회,경제,가격과 시장 균형,2주차,서로 비슷하여 한 재화 대신 다른 재화를 쓸 수 있는 관계의 재화.,True,검수완료,2026-09-01 23:47:34,social-798,,manual,social,798,True,대체재,True,,False,2주차,경제,사회,소분류: 가격과 시장 균형 / 주차: 2주차 / [AI 자동 생성 뜻풀이]
5777,보완재,,schemareading-schema,사회,경제,가격과 시장 균형,2주차,두 가지 이상의 재화를 함께 사용할 때 만족감이 더욱 커지는 재화.,True,검수완료,2026-09-01 23:47:34,social-799,,manual,social,799,True,보완재,True,,False,2주차,경제,사회,소분류: 가격과 시장 균형 / 주차: 2주차 / [AI 자동 생성 뜻풀이]
5778,생산요소,,schemareading-schema,사회,경제,가격과 시장 균형,2주차,"재화나 서비스를 생산하는 과정에 투입되는 토지, 노동, 자본 따위의 자원.",True,검수완료,2026-09-01 23:47:34,social-800,,manual,social,800,True,생산요소,True,,False,2주차,경제,사회,소분류: 가격과 시장 균형 / 주차: 2주차 / [AI 자동 생성 뜻풀이]
5779,수확체감의 법칙,,schemareading-schema,사회,경제,가격과 시장 균형,2주차,다른 생산 요소가 고정된 상태에서 한 요소를 추가할 때 늘어나는 생산량이 점차 줄어드는 법칙.,True,검수완료,2026-09-01 23:47:34,social-801,,manual,social,801,True,수확체감의 법칙,True,,False,2주차,경제,사회,소분류: 가격과 시장 균형 / 주차: 2주차 / [AI 자동 생성 뜻풀이]
5780,생산비용,,schemareading-schema,사회,경제,가격과 시장 균형,2주차,"재화나 서비스를 생산하는 데 필요한 원자재비, 임금 따위의 모든 비용.",True,검수완료,2026-09-01 23:47:34,social-802,,manual,social,802,True,생산비용,True,,False,2주차,경제,사회,소분류: 가격과 시장 균형 / 주차: 2주차 / [AI 자동 생성 뜻풀이]
5781,한계비용,,schemareading-schema,사회,경제,가격과 시장 균형,2주차,재화나 서비스의 생산량을 한 단위 늘릴 때 추가로 들어가는 비용.,True,검수완료,2026-09-01 23:47:34,social-803,,manual,social,803,True,한계비용,True,,False,2주차,경제,사회,소분류: 가격과 시장 균형 / 주차: 2주차 / [AI 자동 생성 뜻풀이]
5782,규모의 경제,,schemareading-schema,사회,경제,경제 문제,3주차,생산 규모를 늘릴수록 제품 한 단위당 드는 평균 생산 비용이 줄어드는 현상.,True,검수완료,2026-09-01 23:47:34,social-804,,manual,social,804,True,규모의 경제,True,,False,3주차,경제,사회,소분류: 경제 문제 / 주차: 3주차 / [AI 자동 생성 뜻풀이]
5783,범위의 경제,,schemareading-schema,사회,경제,경제 문제,3주차,한 기업이 여러 종류의 제품을 함께 생산함으로써 생산 비용을 줄이는 현상.,True,검수완료,2026-09-01 23:47:34,social-805,,manual,social,805,True,범위의 경제,True,,False,3주차,경제,사회,소분류: 경제 문제 / 주차: 3주차 / [AI 자동 생성 뜻풀이]
5784,경제적 지대,,schemareading-schema,사회,경제,경제 문제,3주차,"공급이 제한된 생산 요소의 소유자가 얻는, 최소 수입을 초과하는 잉여 소득.",True,검수완료,2026-09-01 23:47:34,social-806,,manual,social,806,True,경제적 지대,True,,False,3주차,경제,사회,소분류: 경제 문제 / 주차: 3주차 / [AI 자동 생성 뜻풀이]
5785,한계소비성향,,schemareading-schema,사회,경제,경제 문제,3주차,소득이 한 단위 늘어났을 때 소비가 늘어나는 비율.,True,검수완료,2026-09-01 23:47:34,social-807,,manual,social,807,True,한계소비성향,True,,False,3주차,경제,사회,소분류: 경제 문제 / 주차: 3주차 / [AI 자동 생성 뜻풀이]
5786,직접세,,schemareading-schema,사회,경제,경제 문제,3주차,세금을 실제로 부담하는 납세자와 세금을 납부하는 의무자가 같은 조세.,True,검수완료,2026-09-01 23:47:34,social-808,,manual,social,808,True,직접세,True,,False,3주차,경제,사회,소분류: 경제 문제 / 주차: 3주차 / [AI 자동 생성 뜻풀이]
5787,간접세,,schemareading-schema,사회,경제,경제 문제,3주차,세금을 실제로 부담하는 사람과 이를 납부하는 의무자가 서로 다른 조세.,True,검수완료,2026-09-01 23:47:34,social-809,,manual,social,809,True,간접세,True,,False,3주차,경제,사회,소분류: 경제 문제 / 주차: 3주차 / [AI 자동 생성 뜻풀이]
5788,조세의 전가,,schemareading-schema,사회,경제,경제 문제,3주차,납세 의무자가 자신이 부담해야 할 세금을 상품 가격 등에 포함시켜 다른 사람에게 넘기는 일.,True,검수완료,2026-09-01 23:47:34,social-810,,manual,social,810,True,조세의 전가,True,,False,3주차,경제,사회,소분류: 경제 문제 / 주차: 3주차 / [AI 자동 생성 뜻풀이]
5789,사용가치,,schemareading-schema,사회,경제,경제 문제,3주차,물건이 사람의 필요나 욕망을 충족해 주는 유용성의 정도.,True,검수완료,2026-09-01 23:47:34,social-811,,manual,social,811,True,사용가치,True,,False,3주차,경제,사회,소분류: 경제 문제 / 주차: 3주차 / [AI 자동 생성 뜻풀이]
5790,교환가치,,schemareading-schema,사회,경제,경제 문제,3주차,어떤 물건이 다른 물건과 교환되는 가치나 비율.,True,검수완료,2026-09-01 23:47:34,social-812,,manual,social,812,True,교환가치,True,,False,3주차,경제,사회,소분류: 경제 문제 / 주차: 3주차 / [AI 자동 생성 뜻풀이]
5791,경기,,schemareading-schema,사회,경제,시장과 경제 활동,4주차,매매나 거래 등 경제 활동의 전반적인 활성화 상태.,True,검수완료,2026-09-01 23:47:34,social-813,,manual,social,813,True,경기,True,,False,4주차,경제,사회,소분류: 시장과 경제 활동 / 주차: 4주차 / [AI 자동 생성 뜻풀이]
5792,경기조절정책,,schemareading-schema,사회,경제,시장과 경제 활동,4주차,경기가 지나치게 과열되거나 침체할 때 이를 적정한 수준으로 조절하는 정책.,True,검수완료,2026-09-01 23:47:34,social-814,,manual,social,814,True,경기조절정책,True,,False,4주차,경제,사회,소분류: 시장과 경제 활동 / 주차: 4주차 / [AI 자동 생성 뜻풀이]
5793,경기안정화정책,,schemareading-schema,사회,경제,시장과 경제 활동,4주차,경제의 급격한 변동을 줄이고 물가와 고용을 안정시키기 위해 펼치는 정책.,True,검수완료,2026-09-01 23:47:34,social-815,,manual,social,815,True,경기안정화정책,True,,False,4주차,경제,사회,소분류: 시장과 경제 활동 / 주차: 4주차 / [AI 자동 생성 뜻풀이]
5794,국민소득,,schemareading-schema,사회,경제,시장과 경제 활동,4주차,한 나라의 국민이 일정 기간 새로 생산한 재화와 서비스의 가치를 합한 소득.,True,검수완료,2026-09-01 23:47:34,social-816,,manual,social,816,True,국민소득,True,,False,4주차,경제,사회,소분류: 시장과 경제 활동 / 주차: 4주차 / [AI 자동 생성 뜻풀이]
5795,국민소득 3면 등가의 법칙,,schemareading-schema,사회,경제,시장과 경제 활동,4주차,"국민소득이 생산, 분배, 지출의 세 가지 측면에서 측정했을 때 모두 같다는 법칙.",True,검수완료,2026-09-01 23:47:34,social-817,,manual,social,817,True,국민소득 3면 등가의 법칙,True,,False,4주차,경제,사회,소분류: 시장과 경제 활동 / 주차: 4주차 / [AI 자동 생성 뜻풀이]
5796,국민총소득,,schemareading-schema,사회,경제,시장과 경제 활동,4주차,한 나라의 국민이 일정 기간 국내외에서 생산 활동에 참여하여 얻은 소득의 합계.,True,검수완료,2026-09-01 23:47:34,social-818,,manual,social,818,True,국민총소득,True,,False,4주차,경제,사회,소분류: 시장과 경제 활동 / 주차: 4주차 / [AI 자동 생성 뜻풀이]
5797,국민순소득,,schemareading-schema,사회,경제,시장과 경제 활동,4주차,국민총소득에서 생산 설비의 가치 감소분인 감가상각비를 뺀 소득.,True,검수완료,2026-09-01 23:47:34,social-819,,manual,social,819,True,국민순소득,True,,False,4주차,경제,사회,소분류: 시장과 경제 활동 / 주차: 4주차 / [AI 자동 생성 뜻풀이]
5798,국내총생산,,schemareading-schema,사회,경제,시장과 경제 활동,4주차,일정 기간 한 나라 안에서 생산된 최종 생산물의 시장 가치를 모두 합한 것.,True,검수완료,2026-09-01 23:47:34,social-820,,manual,social,820,True,국내총생산,True,,False,4주차,경제,사회,소분류: 시장과 경제 활동 / 주차: 4주차 / [AI 자동 생성 뜻풀이]
5799,경제성장률,,schemareading-schema,사회,경제,시장과 경제 활동,4주차,일정 기간 한 나라의 경제 규모나 실질 생산량이 얼마나 증가했는지를 나타내는 비율.,True,검수완료,2026-09-01 23:47:34,social-821,,manual,social,821,True,경제성장률,True,,False,4주차,경제,사회,소분류: 시장과 경제 활동 / 주차: 4주차 / [AI 자동 생성 뜻풀이]
5800,명목GDP,,schemareading-schema,사회,경제,정부의 경제정책,5주차,물가 변동을 반영하지 않고 당해 연도의 시장 가격을 기준으로 계산한 국내총생산.,True,검수완료,2026-09-01 23:47:34,social-822,,manual,social,822,True,명목GDP,True,,False,5주차,경제,사회,소분류: 정부의 경제정책 / 주차: 5주차 / [AI 자동 생성 뜻풀이]
5801,실질GDP,,schemareading-schema,사회,경제,정부의 경제정책,5주차,물가 변동의 영향을 제외하고 기준 연도의 가격을 적용하여 산출한 국내총생산.,True,검수완료,2026-09-01 23:47:34,social-823,,manual,social,823,True,실질GDP,True,,False,5주차,경제,사회,소분류: 정부의 경제정책 / 주차: 5주차 / [AI 자동 생성 뜻풀이]
5802,기대 인플레이션,,schemareading-schema,사회,경제,정부의 경제정책,5주차,기업이나 소비자 등 경제 주체들이 앞으로 물가가 얼마나 오를지 예상하는 정도.,True,검수완료,2026-09-01 23:47:34,social-824,,manual,social,824,True,기대 인플레이션,True,,False,5주차,경제,사회,소분류: 정부의 경제정책 / 주차: 5주차 / [AI 자동 생성 뜻풀이]
5803,기저효과,,schemareading-schema,사회,경제,정부의 경제정책,5주차,비교하는 기준 시점의 수치가 너무 높거나 낮아 결과가 실제보다 크게 distortion되어 보이는 현상.,True,검수완료,2026-09-01 23:47:34,social-825,,manual,social,825,True,기저효과,True,,False,5주차,경제,사회,소분류: 정부의 경제정책 / 주차: 5주차 / [AI 자동 생성 뜻풀이]
5804,긴축정책,,schemareading-schema,사회,경제,정부의 경제정책,5주차,경기 과열이나 물가 상승을 막기 위해 통화량을 줄이거나 정부 지출을 축소하는 정책.,True,검수완료,2026-09-01 23:47:34,social-826,,manual,social,826,True,긴축정책,True,,False,5주차,경제,사회,소분류: 정부의 경제정책 / 주차: 5주차 / [AI 자동 생성 뜻풀이]
5805,낙수효과,,schemareading-schema,사회,경제,정부의 경제정책,5주차,대기업이나 고소득층의 경제적 성과가 늘어나면 저소득층에게도 혜택이 돌아간다는 이론.,True,검수완료,2026-09-01 23:47:34,social-827,,manual,social,827,True,낙수효과,True,,False,5주차,경제,사회,소분류: 정부의 경제정책 / 주차: 5주차 / [AI 자동 생성 뜻풀이]
5806,명목소득,,schemareading-schema,사회,경제,정부의 경제정책,5주차,물가 변동에 따른 구매력을 고려하지 않고 현재 화폐 단위의 금액으로 나타낸 소득.,True,검수완료,2026-09-01 23:47:34,social-830,,manual,social,830,True,명목소득,True,,False,5주차,경제,사회,소분류: 정부의 경제정책 / 주차: 5주차 / [AI 자동 생성 뜻풀이]
5807,실질소득,,schemareading-schema,사회,경제,정부의 경제정책,5주차,물가 변동을 반영하여 실제로 물건을 살 수 있는 돈의 가치를 나타낸 소득.,True,검수완료,2026-09-01 23:47:34,social-831,,manual,social,831,True,실질소득,True,,False,5주차,경제,사회,소분류: 정부의 경제정책 / 주차: 5주차 / [AI 자동 생성 뜻풀이]
5808,물가지수,,schemareading-schema,사회,경제,정부의 경제정책,5주차,물가의 변동을 종합적으로 알아보기 위하여 기준 시점의 물가를 기준으로 나타낸 지표.,True,검수완료,2026-09-01 23:47:34,social-832,,manual,social,832,True,물가지수,True,,False,5주차,경제,사회,소분류: 정부의 경제정책 / 주차: 5주차 / [AI 자동 생성 뜻풀이]
5809,스태그플레이션,,schemareading-schema,사회,경제,정부의 경제정책,5주차,경기가 침체하여 불황인데도 물가가 계속해서 오르는 현상.,True,검수완료,2026-09-01 23:47:34,social-833,,manual,social,833,True,스태그플레이션,True,,False,5주차,경제,사회,소분류: 정부의 경제정책 / 주차: 5주차 / [AI 자동 생성 뜻풀이]
5810,양적완화정책,,schemareading-schema,사회,경제,정부의 경제정책,5주차,중앙은행이 시장에 직접 돈을 풀어서 경기 침체를 막고 통화량을 늘리는 정책.,True,검수완료,2026-09-01 23:47:34,social-834,,manual,social,834,True,양적완화정책,True,,False,5주차,경제,사회,소분류: 정부의 경제정책 / 주차: 5주차 / [AI 자동 생성 뜻풀이]
5811,재정정책,,schemareading-schema,사회,경제,정부의 경제정책,5주차,정부가 세금이나 지출을 조절하여 경기를 안정시키고 경제 성장을 조절하는 정책.,True,검수완료,2026-09-01 23:47:34,social-835,,manual,social,835,True,재정정책,True,,False,5주차,경제,사회,소분류: 정부의 경제정책 / 주차: 5주차 / [AI 자동 생성 뜻풀이]
5812,정책시차,,schemareading-schema,사회,경제,정부의 경제정책,5주차,경제 정책을 수립하고 시행하여 실제 효과가 나타날 때까지 걸리는 시간.,True,검수완료,2026-09-01 23:47:34,social-836,,manual,social,836,True,정책시차,True,,False,5주차,경제,사회,소분류: 정부의 경제정책 / 주차: 5주차 / [AI 자동 생성 뜻풀이]
5813,조세부담률,,schemareading-schema,사회,경제,정부의 경제정책,5주차,한 나라의 국민소득에서 국민이 내는 세금이 차지하는 비율.,True,검수완료,2026-09-01 23:47:34,social-837,,manual,social,837,True,조세부담률,True,,False,5주차,경제,사회,소분류: 정부의 경제정책 / 주차: 5주차 / [AI 자동 생성 뜻풀이]
5814,피셔효과,,schemareading-schema,사회,경제,정부의 경제정책,5주차,명목 금리가 실질 금리와 예상되는 물가 상승률의 합과 같아지는 현상.,True,검수완료,2026-09-01 23:47:34,social-838,,manual,social,838,True,피셔효과,True,,False,5주차,경제,사회,소분류: 정부의 경제정책 / 주차: 5주차 / [AI 자동 생성 뜻풀이]
5815,GDP갭,,schemareading-schema,사회,경제,정부의 경제정책,5주차,한 나라의 실제 국내총생산(GDP)과 잠재 국내총생산의 차이.,True,검수완료,2026-09-01 23:47:34,social-839,,manual,social,839,True,GDP갭,True,,False,5주차,경제,사회,소분류: 정부의 경제정책 / 주차: 5주차 / [AI 자동 생성 뜻풀이]
5816,GDP 디플레이터,,schemareading-schema,사회,경제,정부의 경제정책,5주차,명목 국내총생산(GDP)을 실질 국내총생산으로 나누어 국민경제의 전체 물가 수준을 나타낸 지수.,True,검수완료,2026-09-01 23:47:34,social-840,,manual,social,840,True,GDP 디플레이터,True,,False,5주차,경제,사회,소분류: 정부의 경제정책 / 주차: 5주차 / [AI 자동 생성 뜻풀이]
5817,세이의 법칙,,schemareading-schema,사회,경제,정부의 경제정책,5주차,공급이 그 자체의 수요를 스스로 창출하므로 만성적인 공급 과잉은 발생하지 않는다는 법칙.,True,검수완료,2026-09-01 23:47:34,social-841,,manual,social,841,True,세이의 법칙,True,,False,5주차,경제,사회,소분류: 정부의 경제정책 / 주차: 5주차 / [AI 자동 생성 뜻풀이]
5818,정보의 비대칭성,,schemareading-schema,사회,경제,바람직한 소비선택,6주차,경제적 거래에서 한쪽 당사자가 다른 쪽보다 더 많거나 정확한 정보를 가진 상태.,True,검수완료,2026-09-01 23:47:34,social-842,,manual,social,842,True,정보의 비대칭성,True,,False,6주차,경제,사회,소분류: 바람직한 소비선택 / 주차: 6주차 / [AI 자동 생성 뜻풀이]
5819,도덕적 해이,,schemareading-schema,사회,경제,바람직한 소비선택,6주차,감시가 불충분하거나 위험을 타인에게 떠넘길 수 있을 때 주의를 게을리하는 현상.,True,검수완료,2026-09-01 23:47:34,social-843,,manual,social,843,True,도덕적 해이,True,,False,6주차,경제,사회,소분류: 바람직한 소비선택 / 주차: 6주차 / [AI 자동 생성 뜻풀이]
5820,역선택,,schemareading-schema,사회,경제,바람직한 소비선택,6주차,정보가 부족하여 바람직하지 않거나 불리한 대상을 선택하게 되는 현상.,True,검수완료,2026-09-01 23:47:34,social-844,,manual,social,844,True,역선택,True,,False,6주차,경제,사회,소분류: 바람직한 소비선택 / 주차: 6주차 / [AI 자동 생성 뜻풀이]
5821,낙인효과,,schemareading-schema,사회,경제,바람직한 소비선택,6주차,한번 나쁜 사람으로 인식이 되면 실제로도 그러할 것이라고 평가받는 현상.,True,검수완료,2026-09-01 23:47:34,social-845,,manual,social,845,True,낙인효과,True,,False,6주차,경제,사회,소분류: 바람직한 소비선택 / 주차: 6주차 / [AI 자동 생성 뜻풀이]
5822,분수효과,,schemareading-schema,사회,경제,바람직한 소비선택,6주차,저소득층의 소비 증대가 경제 전체를 활성화하고 고소득층의 소득까지 늘리는 현상.,True,검수완료,2026-09-01 23:47:34,social-846,,manual,social,846,True,분수효과,True,,False,6주차,경제,사회,소분류: 바람직한 소비선택 / 주차: 6주차 / [AI 자동 생성 뜻풀이]
5823,네트워크효과,,schemareading-schema,사회,경제,바람직한 소비선택,6주차,어떤 상품이나 서비스를 사용하는 사람이 늘어날수록 그 가치와 효용이 커지는 현상.,True,검수완료,2026-09-01 23:47:34,social-847,,manual,social,847,True,네트워크효과,True,,False,6주차,경제,사회,소분류: 바람직한 소비선택 / 주차: 6주차 / [AI 자동 생성 뜻풀이]
5824,밴드웨건효과,,schemareading-schema,사회,경제,바람직한 소비선택,6주차,다른 사람들의 소비 흐름에 따라 자신도 특정 상품을 따라 구매하게 되는 현상.,True,검수완료,2026-09-01 23:47:34,social-848,,manual,social,848,True,밴드웨건효과,True,,False,6주차,경제,사회,소분류: 바람직한 소비선택 / 주차: 6주차 / [AI 자동 생성 뜻풀이]
5825,스놉효과,,schemareading-schema,사회,경제,바람직한 소비선택,6주차,남들이 많이 구매하는 상품의 소비는 피하고 자신만의 특별한 제품을 구하려는 현상.,True,검수완료,2026-09-01 23:47:34,social-849,,manual,social,849,True,스놉효과,True,,False,6주차,경제,사회,소분류: 바람직한 소비선택 / 주차: 6주차 / [AI 자동 생성 뜻풀이]
5826,속물효과,,schemareading-schema,사회,경제,바람직한 소비선택,6주차,많은 사람이 소비하는 제품을 피하여 자신만의 차별성과 희소성을 추구하는 소비 현상.,True,검수완료,2026-09-01 23:47:34,social-850,,manual,social,850,True,속물효과,True,,False,6주차,경제,사회,소분류: 바람직한 소비선택 / 주차: 6주차 / [AI 자동 생성 뜻풀이]
5827,베블런효과,,schemareading-schema,사회,경제,바람직한 소비선택,6주차,가격이 오르는데도 허영심이나 과시욕 때문에 수요가 오히려 늘어나는 현상.,True,검수완료,2026-09-01 23:47:34,social-851,,manual,social,851,True,베블런효과,True,,False,6주차,경제,사회,소분류: 바람직한 소비선택 / 주차: 6주차 / [AI 자동 생성 뜻풀이]
5828,로렌츠곡선,,schemareading-schema,사회,경제,바람직한 소비선택,6주차,인구의 누적 비율과 소득의 누적 비율 관계를 나타내어 소득 분배 상태를 보여 주는 곡선.,True,검수완료,2026-09-01 23:47:34,social-852,,manual,social,852,True,로렌츠곡선,True,,False,6주차,경제,사회,소분류: 바람직한 소비선택 / 주차: 6주차 / [AI 자동 생성 뜻풀이]
5829,지니계수,,schemareading-schema,사회,경제,바람직한 소비선택,6주차,소득 불평등의 정도를 0과 1 사이의 수치로 나타낸 경제 지표.,True,검수완료,2026-09-01 23:47:34,social-853,,manual,social,853,True,지니계수,True,,False,6주차,경제,사회,소분류: 바람직한 소비선택 / 주차: 6주차 / [AI 자동 생성 뜻풀이]
5830,이스털린의 역설,,schemareading-schema,사회,경제,바람직한 소비선택,6주차,소득이 일정 수준을 넘으면 소득이 늘어나도 행복도가 더 이상 비례하여 증가하지 않는다는 이론.,True,검수완료,2026-09-01 23:47:34,social-854,,manual,social,854,True,이스털린의 역설,True,,False,6주차,경제,사회,소분류: 바람직한 소비선택 / 주차: 6주차 / [AI 자동 생성 뜻풀이]
5831,골디락스,,schemareading-schema,사회,경제,바람직한 소비선택,6주차,물가 상승에 대한 우려 없이 안정적이고 높은 경제 성장을 이어 가는 이상적인 경제 상태.,True,검수완료,2026-09-01 23:47:34,social-855,,manual,social,855,True,골디락스,True,,False,6주차,경제,사회,소분류: 바람직한 소비선택 / 주차: 6주차 / [AI 자동 생성 뜻풀이]
5832,체리피커,,schemareading-schema,사회,경제,바람직한 소비선택,6주차,기업의 혜택이나 실속만 챙기고 정작 주요 상품이나 서비스는 이용하지 않는 소비자.,True,검수완료,2026-09-01 23:47:34,social-856,,manual,social,856,True,체리피커,True,,False,6주차,경제,사회,소분류: 바람직한 소비선택 / 주차: 6주차 / [AI 자동 생성 뜻풀이]
5833,통화정책수단,,schemareading-schema,사회,경제,통화정책,7주차,중앙은행이 시중의 통화량이나 금리를 조절하여 경제를 안정시키기 위해 사용하는 정책적 도구.,True,검수완료,2026-09-01 23:47:34,social-857,,manual,social,857,True,통화정책수단,True,,False,7주차,경제,사회,소분류: 통화정책 / 주차: 7주차 / [AI 자동 생성 뜻풀이]
5834,지급준비제도,,schemareading-schema,사회,경제,통화정책,7주차,금융 기관이 예금자의 출금 요구에 응하기 위해 예금액의 일정 비율을 중앙은행에 예치하도록 하는 제도.,True,검수완료,2026-09-01 23:47:34,social-858,,manual,social,858,True,지급준비제도,True,,False,7주차,경제,사회,소분류: 통화정책 / 주차: 7주차 / [AI 자동 생성 뜻풀이]
5835,공개시장운영정책,,schemareading-schema,사회,경제,통화정책,7주차,중앙은행이 금융 시장에서 국공채 등을 매매하여 시중의 통화량과 금리를 조절하는 정책.,True,검수완료,2026-09-01 23:47:34,social-859,,manual,social,859,True,공개시장운영정책,True,,False,7주차,경제,사회,소분류: 통화정책 / 주차: 7주차 / [AI 자동 생성 뜻풀이]
5836,대출정책,,schemareading-schema,사회,경제,통화정책,7주차,중앙은행이 예금 은행에 자금을 대출하거나 조건과 금리를 조절하여 시중 통화량을 관리하는 정책.,True,검수완료,2026-09-01 23:47:34,social-860,,manual,social,860,True,대출정책,True,,False,7주차,경제,사회,소분류: 통화정책 / 주차: 7주차 / [AI 자동 생성 뜻풀이]
5837,통화지표,,schemareading-schema,사회,경제,통화정책,7주차,시중에 유통되는 돈의 양과 흐름을 나타내는 지표.,True,검수완료,2026-09-01 23:47:34,social-861,,manual,social,861,True,통화지표,True,,False,7주차,경제,사회,소분류: 통화정책 / 주차: 7주차 / [AI 자동 생성 뜻풀이]
5838,본원통화,,schemareading-schema,사회,경제,통화정책,7주차,중앙은행이 공급하여 통화 창출의 기초가 되는 돈.,True,검수완료,2026-09-01 23:47:34,social-862,,manual,social,862,True,본원통화,True,,False,7주차,경제,사회,소분류: 통화정책 / 주차: 7주차 / [AI 자동 생성 뜻풀이]
5839,파생통화,,schemareading-schema,사회,경제,통화정책,7주차,금융 기관의 예금과 대출을 통해 새로 만들어진 통화.,True,검수완료,2026-09-01 23:47:34,social-863,,manual,social,863,True,파생통화,True,,False,7주차,경제,사회,소분류: 통화정책 / 주차: 7주차 / [AI 자동 생성 뜻풀이]
5840,통화승수,,schemareading-schema,사회,경제,통화정책,7주차,본원통화 한 단위가 창출해 내는 총통화량의 배수.,True,검수완료,2026-09-01 23:47:34,social-864,,manual,social,864,True,통화승수,True,,False,7주차,경제,사회,소분류: 통화정책 / 주차: 7주차 / [AI 자동 생성 뜻풀이]
5841,신용창조,,schemareading-schema,사회,경제,통화정책,7주차,은행이 예금을 바탕으로 대출을 반복하며 통화량을 늘려 가는 일.,True,검수완료,2026-09-01 23:47:34,social-865,,manual,social,865,True,신용창조,True,,False,7주차,경제,사회,소분류: 통화정책 / 주차: 7주차 / [AI 자동 생성 뜻풀이]
5842,승수효과,,schemareading-schema,사회,경제,통화정책,7주차,어떤 경제 요인의 변화가 연쇄적인 영향을 미쳐 사회 전체의 소득을 크게 늘리는 효과.,True,검수완료,2026-09-01 23:47:34,social-866,,manual,social,866,True,승수효과,True,,False,7주차,경제,사회,소분류: 통화정책 / 주차: 7주차 / [AI 자동 생성 뜻풀이]
5843,유동성함정,,schemareading-schema,사회,경제,통화정책,7주차,금리를 낮추어도 경제 주체들이 돈을 쓰지 않아 경기가 회복되지 않는 상태.,True,검수완료,2026-09-01 23:47:34,social-868,,manual,social,868,True,유동성함정,True,,False,7주차,경제,사회,소분류: 통화정책 / 주차: 7주차 / [AI 자동 생성 뜻풀이]
5844,환율의 경기자동조절기능,,schemareading-schema,사회,경제,환율,8주차,환율 변동에 따라 수출입과 물가가 조정되면서 경기가 자동으로 조절되는 기능.,True,검수완료,2026-09-01 23:47:34,social-870,,manual,social,870,True,환율의 경기자동조절기능,True,,False,8주차,경제,사회,소분류: 환율 / 주차: 8주차 / [AI 자동 생성 뜻풀이]
5845,고정환율제도,,schemareading-schema,사회,경제,환율,8주차,정부나 중앙은행이 환율을 일정한 수준으로 고정해 두는 제도.,True,검수완료,2026-09-01 23:47:34,social-871,,manual,social,871,True,고정환율제도,True,,False,8주차,경제,사회,소분류: 환율 / 주차: 8주차 / [AI 자동 생성 뜻풀이]
5846,변동환율제도,,schemareading-schema,사회,경제,환율,8주차,외환 시장의 수요와 공급에 따라 환율이 결정되도록 하는 제도.,True,검수완료,2026-09-01 23:47:34,social-872,,manual,social,872,True,변동환율제도,True,,False,8주차,경제,사회,소분류: 환율 / 주차: 8주차 / [AI 자동 생성 뜻풀이]
5847,기준금리,,schemareading-schema,사회,경제,환율,8주차,"한 나라의 금리 체계에서 기준이 되는 금리로, 중앙은행이 결정한다.",True,검수완료,2026-09-01 23:47:34,social-873,,manual,social,873,True,기준금리,True,,False,8주차,경제,사회,소분류: 환율 / 주차: 8주차 / [AI 자동 생성 뜻풀이]
5848,기준환율,,schemareading-schema,사회,경제,환율,8주차,다른 나라 돈과 교환할 때 기준이 되는 환율.,True,검수완료,2026-09-01 23:47:34,social-874,,manual,social,874,True,기준환율,True,,False,8주차,경제,사회,소분류: 환율 / 주차: 8주차 / [AI 자동 생성 뜻풀이]
5849,기축통화,,schemareading-schema,사회,경제,환율,8주차,국제적인 거래나 금융 결제에서 기본으로 사용되는 통화.,True,검수완료,2026-09-01 23:47:34,social-875,,manual,social,875,True,기축통화,True,,False,8주차,경제,사회,소분류: 환율 / 주차: 8주차 / [AI 자동 생성 뜻풀이]
5850,디커플링,,schemareading-schema,사회,경제,환율,8주차,한 국가의 경제가 세계 경제나 다른 국가의 흐름과 벗어나 독자적으로 움직이는 현상.,True,검수완료,2026-09-01 23:47:34,social-876,,manual,social,876,True,디커플링,True,,False,8주차,경제,사회,소분류: 환율 / 주차: 8주차 / [AI 자동 생성 뜻풀이]
5851,명목금리,,schemareading-schema,사회,경제,환율,8주차,물가 변동을 반영하지 않고 금융 기관이 표면상으로 제시한 금리.,True,검수완료,2026-09-01 23:47:34,social-877,,manual,social,877,True,명목금리,True,,False,8주차,경제,사회,소분류: 환율 / 주차: 8주차 / [AI 자동 생성 뜻풀이]
5852,실질금리,,schemareading-schema,사회,경제,환율,8주차,명목 금리에서 물가 상승률을 뺀 실제 금리.,True,검수완료,2026-09-01 23:47:34,social-878,,manual,social,878,True,실질금리,True,,False,8주차,경제,사회,소분류: 환율 / 주차: 8주차 / [AI 자동 생성 뜻풀이]
5853,평가절상,,schemareading-schema,사회,경제,환율,8주차,한 나라의 통화 가치를 다른 나라의 통화에 비해 높이는 일.,True,검수완료,2026-09-01 23:47:34,social-879,,manual,social,879,True,평가절상,True,,False,8주차,경제,사회,소분류: 환율 / 주차: 8주차 / [AI 자동 생성 뜻풀이]
5854,평가절하,,schemareading-schema,사회,경제,환율,8주차,한 나라의 통화 가치를 다른 나라의 통화에 비해 낮추는 일.,True,검수완료,2026-09-01 23:47:34,social-880,,manual,social,880,True,평가절하,True,,False,8주차,경제,사회,소분류: 환율 / 주차: 8주차 / [AI 자동 생성 뜻풀이]
5855,환리스크,,schemareading-schema,사회,경제,환율,8주차,환율 변동으로 인해 손실을 입을 가능성이나 위험.,True,검수완료,2026-09-01 23:47:34,social-881,,manual,social,881,True,환리스크,True,,False,8주차,경제,사회,소분류: 환율 / 주차: 8주차 / [AI 자동 생성 뜻풀이]
5856,환차손,,schemareading-schema,사회,경제,환율,8주차,환율이 변동함에 따라 발생하는 손실.,True,검수완료,2026-09-01 23:47:34,social-882,,manual,social,882,True,환차손,True,,False,8주차,경제,사회,소분류: 환율 / 주차: 8주차 / [AI 자동 생성 뜻풀이]
5857,환차익,,schemareading-schema,사회,경제,환율,8주차,환율이 변동함에 따라 발생하는 이익.,True,검수완료,2026-09-01 23:47:34,social-883,,manual,social,883,True,환차익,True,,False,8주차,경제,사회,소분류: 환율 / 주차: 8주차 / [AI 자동 생성 뜻풀이]
5858,J커브효과,,schemareading-schema,사회,경제,환율,8주차,환율 상승 초기에는 무역 수지가 악화되다가 시간이 지나며 개선되는 현상.,True,검수완료,2026-09-01 23:47:34,social-884,,manual,social,884,True,J커브효과,True,,False,8주차,경제,사회,소분류: 환율 / 주차: 8주차 / [AI 자동 생성 뜻풀이]
5859,리디노미네이션,,schemareading-schema,사회,경제,환율,8주차,화폐의 가치는 그대로 유지하면서 액면가를 낮추어 표기하는 일.,True,검수완료,2026-09-01 23:47:34,social-885,,manual,social,885,True,리디노미네이션,True,,False,8주차,경제,사회,소분류: 환율 / 주차: 8주차 / [AI 자동 생성 뜻풀이]
5860,토빈세,,schemareading-schema,사회,경제,환율,8주차,단기 투기성 자금의 급격한 이동을 막기 위해 국제 금융 거래에 부과하는 세금.,True,검수완료,2026-09-01 23:47:34,social-886,,manual,social,886,True,토빈세,True,,False,8주차,경제,사회,소분류: 환율 / 주차: 8주차 / [AI 자동 생성 뜻풀이]
5861,블랙스완,,schemareading-schema,사회,경제,환율,8주차,발생 가능성은 매우 낮지만 일단 발생하면 커다란 충격을 주는 사건.,True,검수완료,2026-09-01 23:47:34,social-887,,manual,social,887,True,블랙스완,True,,False,8주차,경제,사회,소분류: 환율 / 주차: 8주차 / [AI 자동 생성 뜻풀이]
5862,화이트스완,,schemareading-schema,사회,경제,환율,8주차,충분히 예측할 수 있고 예방할 수 있지만 반복해서 나타나는 위기 상황.,True,검수완료,2026-09-01 23:47:34,social-888,,manual,social,888,True,화이트스완,True,,False,8주차,경제,사회,소분류: 환율 / 주차: 8주차 / [AI 자동 생성 뜻풀이]
5863,자유의지,,schemareading-schema,사회,정치,자유와 평등,9주차,자신의 행동과 의사를 외부의 강요 없이 스스로 결정할 수 있는 의지.,True,검수완료,2026-09-01 23:47:34,social-889,,manual,social,889,True,자유의지,True,,False,9주차,정치,사회,소분류: 자유와 평등 / 주차: 9주차 / [AI 자동 생성 뜻풀이]
5864,결정론,,schemareading-schema,사회,정치,자유와 평등,9주차,세상의 모든 사건이나 인간의 행동이 이미 결정되어 있다는 견해.,True,검수완료,2026-09-01 23:47:34,social-890,,manual,social,890,True,결정론,True,,False,9주차,정치,사회,소분류: 자유와 평등 / 주차: 9주차 / [AI 자동 생성 뜻풀이]
5865,소극적자유,,schemareading-schema,사회,정치,자유와 평등,9주차,타인이나 국가 등의 외부로부터 간섭이나 구속을 받지 않는 상태.,True,검수완료,2026-09-01 23:47:34,social-891,,manual,social,891,True,소극적자유,True,,False,9주차,정치,사회,소분류: 자유와 평등 / 주차: 9주차 / [AI 자동 생성 뜻풀이]
5866,적극적자유,,schemareading-schema,사회,정치,자유와 평등,9주차,자신의 의지에 따라 스스로 목표를 정하고 실현할 수 있는 상태.,True,검수완료,2026-09-01 23:47:34,social-892,,manual,social,892,True,적극적자유,True,,False,9주차,정치,사회,소분류: 자유와 평등 / 주차: 9주차 / [AI 자동 생성 뜻풀이]
5867,자유의 역설,,schemareading-schema,사회,정치,자유와 평등,9주차,무제한의 자유가 오히려 타인의 자유를 침해하는 결과를 가져오는 현상.,True,검수완료,2026-09-01 23:47:34,social-893,,manual,social,893,True,자유의 역설,True,,False,9주차,정치,사회,소분류: 자유와 평등 / 주차: 9주차 / [AI 자동 생성 뜻풀이]
5868,도덕적 자율,,schemareading-schema,사회,정치,자유와 평등,9주차,외부의 강요 없이 스스로 도덕 규범을 세우고 이를 실천하는 태도.,True,검수완료,2026-09-01 23:47:34,social-894,,manual,social,894,True,도덕적 자율,True,,False,9주차,정치,사회,소분류: 자유와 평등 / 주차: 9주차 / [AI 자동 생성 뜻풀이]
5869,도덕적 갈등상황,,schemareading-schema,사회,정치,자유와 평등,9주차,서로 충돌하는 둘 이상의 도덕적 가치 사이에서 선택해야 하는 상황.,True,검수완료,2026-09-01 23:47:34,social-895,,manual,social,895,True,도덕적 갈등상황,True,,False,9주차,정치,사회,소분류: 자유와 평등 / 주차: 9주차 / [AI 자동 생성 뜻풀이]
5870,사실판단과 가치판단,,schemareading-schema,사회,정치,자유와 평등,9주차,객관적 사실을 판단하는 것과 주관적 가치 기준에 따라 판단하는 것.,True,검수완료,2026-09-01 23:47:34,social-896,,manual,social,896,True,사실판단과 가치판단,True,,False,9주차,정치,사회,소분류: 자유와 평등 / 주차: 9주차 / [AI 자동 생성 뜻풀이]
5871,도덕적 상대주의,,schemareading-schema,사회,정치,자유와 평등,9주차,도덕적 가치나 규범이 사회나 시대에 따라 달라진다고 보는 견해.,True,검수완료,2026-09-01 23:47:34,social-897,,manual,social,897,True,도덕적 상대주의,True,,False,9주차,정치,사회,소분류: 자유와 평등 / 주차: 9주차 / [AI 자동 생성 뜻풀이]
5872,도덕적 정당화,,schemareading-schema,사회,정치,정의와 공정,10주차,어떤 행위나 판단이 도덕적으로 옳음을 이치에 맞게 증명함.,True,검수완료,2026-09-01 23:47:34,social-898,,manual,social,898,True,도덕적 정당화,True,,False,10주차,정치,사회,소분류: 정의와 공정 / 주차: 10주차 / [AI 자동 생성 뜻풀이]
5873,동기론,,schemareading-schema,사회,정치,정의와 공정,10주차,행위의 결과보다 행위를 하게 된 동기를 도덕적 평가의 기준으로 삼는 관점.,True,검수완료,2026-09-01 23:47:34,social-899,,manual,social,899,True,동기론,True,,False,10주차,정치,사회,소분류: 정의와 공정 / 주차: 10주차 / [AI 자동 생성 뜻풀이]
5874,결과론,,schemareading-schema,사회,정치,정의와 공정,10주차,행위의 동기보다 행위가 가져오는 결과를 도덕적 평가의 기준으로 삼는 관점.,True,검수완료,2026-09-01 23:47:34,social-900,,manual,social,900,True,결과론,True,,False,10주차,정치,사회,소분류: 정의와 공정 / 주차: 10주차 / [AI 자동 생성 뜻풀이]
5875,형식적평등,,schemareading-schema,사회,정치,정의와 공정,10주차,개인의 차이를 고려하지 않고 모든 사람을 똑같이 대우하는 것.,True,검수완료,2026-09-01 23:47:34,social-902,,manual,social,902,True,형식적평등,True,,False,10주차,정치,사회,소분류: 정의와 공정 / 주차: 10주차 / [AI 자동 생성 뜻풀이]
5876,실질적평등,,schemareading-schema,사회,정치,정의와 공정,10주차,개인의 조건과 차이를 고려하여 실질적으로 균등한 기회를 제공하는 것.,True,검수완료,2026-09-01 23:47:34,social-903,,manual,social,903,True,실질적평등,True,,False,10주차,정치,사회,소분류: 정의와 공정 / 주차: 10주차 / [AI 자동 생성 뜻풀이]
5877,합리적차별,,schemareading-schema,사회,정치,정의와 공정,10주차,합당한 이유와 정당한 기준에 따라 다르게 대우하는 일.,True,검수완료,2026-09-01 23:47:34,social-904,,manual,social,904,True,합리적차별,True,,False,10주차,정치,사회,소분류: 정의와 공정 / 주차: 10주차 / [AI 자동 생성 뜻풀이]
5878,형식적정의,,schemareading-schema,사회,정치,정의와 공정,10주차,법이나 규칙을 적용할 때 동일한 기준과 절차를 공정하게 따르는 정의.,True,검수완료,2026-09-01 23:47:34,social-905,,manual,social,905,True,형식적정의,True,,False,10주차,정치,사회,소분류: 정의와 공정 / 주차: 10주차 / [AI 자동 생성 뜻풀이]
5879,실질적정의,,schemareading-schema,사회,정치,정의와 공정,10주차,개인의 구체적인 조건이나 차이를 고려하여 실질적 평등을 실현하는 정의.,True,검수완료,2026-09-01 23:47:34,social-906,,manual,social,906,True,실질적정의,True,,False,10주차,정치,사회,소분류: 정의와 공정 / 주차: 10주차 / [AI 자동 생성 뜻풀이]
5880,공리의 원리,,schemareading-schema,사회,정치,정의와 공정,10주차,최대 다수의 최대 행복을 행위나 정책의 올바른 평가 기준으로 삼는 원리.,True,검수완료,2026-09-01 23:47:34,social-907,,manual,social,907,True,공리의 원리,True,,False,10주차,정치,사회,소분류: 정의와 공정 / 주차: 10주차 / [AI 자동 생성 뜻풀이]
5881,공권력,,schemareading-schema,사회,정치,개인과 국가,11주차,국가나 공공 단체가 공공복리를 위하여 국민에게 행사하는 강제적인 권력.,True,검수완료,2026-09-01 23:47:34,social-908,,manual,social,908,True,공권력,True,,False,11주차,정치,사회,소분류: 개인과 국가 / 주차: 11주차 / [AI 자동 생성 뜻풀이]
5882,국가주의,,schemareading-schema,사회,정치,개인과 국가,11주차,국가의 이익과 발전을 개인의 자유나 권리보다 우선시하는 정치 사상.,True,검수완료,2026-09-01 23:47:34,social-909,,manual,social,909,True,국가주의,True,,False,11주차,정치,사회,소분류: 개인과 국가 / 주차: 11주차 / [AI 자동 생성 뜻풀이]
5883,무정부주의,,schemareading-schema,사회,정치,개인과 국가,11주차,모든 형태의 국가 권력과 강제적인 정부 통제를 부정하는 정치 사상.,True,검수완료,2026-09-01 23:47:34,social-910,,manual,social,910,True,무정부주의,True,,False,11주차,정치,사회,소분류: 개인과 국가 / 주차: 11주차 / [AI 자동 생성 뜻풀이]
5884,공화제,,schemareading-schema,사회,정치,개인과 국가,11주차,세습 군주 없이 국민이 선출한 대표가 국가를 통치하는 정치 형태.,True,검수완료,2026-09-01 23:47:34,social-911,,manual,social,911,True,공화제,True,,False,11주차,정치,사회,소분류: 개인과 국가 / 주차: 11주차 / [AI 자동 생성 뜻풀이]
5885,입헌군주제,,schemareading-schema,사회,정치,개인과 국가,11주차,헌법에 따라 군주의 권력을 제한하고 법을 준수하게 하는 정치 형태.,True,검수완료,2026-09-01 23:47:34,social-912,,manual,social,912,True,입헌군주제,True,,False,11주차,정치,사회,소분류: 개인과 국가 / 주차: 11주차 / [AI 자동 생성 뜻풀이]
5886,이데올로기,,schemareading-schema,사회,정치,개인과 국가,11주차,인간과 사회에 대한 체계적이고 신념화된 행동 지침이나 생각의 틀.,True,검수완료,2026-09-01 23:47:34,social-913,,manual,social,913,True,이데올로기,True,,False,11주차,정치,사회,소분류: 개인과 국가 / 주차: 11주차 / [AI 자동 생성 뜻풀이]
5887,자연권,,schemareading-schema,사회,정치,개인과 국가,11주차,"인간이 태어나면서부터 자연적으로 가지는, 누구도 침해할 수 없는 권리.",True,검수완료,2026-09-01 23:47:34,social-914,,manual,social,914,True,자연권,True,,False,11주차,정치,사회,소분류: 개인과 국가 / 주차: 11주차 / [AI 자동 생성 뜻풀이]
5888,홉스의 사회계약론,,schemareading-schema,사회,정치,개인과 국가,11주차,혼란을 벗어나기 위해 절대 권력자에게 권리를 양도한다는 사회 계약 이론.,True,검수완료,2026-09-01 23:47:34,social-915,,manual,social,915,True,홉스의 사회계약론,True,,False,11주차,정치,사회,소분류: 개인과 국가 / 주차: 11주차 / [AI 자동 생성 뜻풀이]
5889,로크의 사회계약론,,schemareading-schema,사회,정치,개인과 국가,11주차,기본권 보장을 위해 정부에 권한을 위임하고 저항권을 명시한 사회 계약 이론.,True,검수완료,2026-09-01 23:47:34,social-916,,manual,social,916,True,로크의 사회계약론,True,,False,11주차,정치,사회,소분류: 개인과 국가 / 주차: 11주차 / [AI 자동 생성 뜻풀이]
5890,루소의 사회계약론,,schemareading-schema,사회,정치,개인과 국가,11주차,일반의지에 따라 주권을 가진 국민이 직접 공동체를 형성한다는 사회 계약 이론.,True,검수완료,2026-09-01 23:47:34,social-917,,manual,social,917,True,루소의 사회계약론,True,,False,11주차,정치,사회,소분류: 개인과 국가 / 주차: 11주차 / [AI 자동 생성 뜻풀이]
5891,국가 중립성,,schemareading-schema,사회,정치,개인과 국가,11주차,국가가 특정한 종교나 가치관에 개입하지 않고 중립을 지켜야 한다는 원칙.,True,검수완료,2026-09-01 23:47:34,social-918,,manual,social,918,True,국가 중립성,True,,False,11주차,정치,사회,소분류: 개인과 국가 / 주차: 11주차 / [AI 자동 생성 뜻풀이]
5892,공유의 비극,,schemareading-schema,사회,정치,개인과 국가,11주차,모두가 함께 쓰는 자원이 개인의 이기심으로 인해 남용되어 고갈되는 현상.,True,검수완료,2026-09-01 23:47:34,social-919,,manual,social,919,True,공유의 비극,True,,False,11주차,정치,사회,소분류: 개인과 국가 / 주차: 11주차 / [AI 자동 생성 뜻풀이]
5893,구성적 공동체,,schemareading-schema,사회,정치,개인과 국가,11주차,개인이 속한 공동체가 개인의 정체성 형성에 결정적 역할을 한다고 보는 공동체.,True,검수완료,2026-09-01 23:47:34,social-920,,manual,social,920,True,구성적 공동체,True,,False,11주차,정치,사회,소분류: 개인과 국가 / 주차: 11주차 / [AI 자동 생성 뜻풀이]
5894,공동선,,schemareading-schema,사회,정치,개인과 국가,11주차,사회 구성원 모두에게 공통으로 이익이 되는 선이나 복지.,True,검수완료,2026-09-01 23:47:34,social-921,,manual,social,921,True,공동선,True,,False,11주차,정치,사회,소분류: 개인과 국가 / 주차: 11주차 / [AI 자동 생성 뜻풀이]
5895,도덕적 인간과 비도덕적 사회,,schemareading-schema,사회,정치,개인과 국가,11주차,개인은 도덕적일 수 있으나 집단은 이기적으로 행동하기 쉽다는 라인홀드 니부어의 이론.,True,검수완료,2026-09-01 23:47:34,social-922,,manual,social,922,True,도덕적 인간과 비도덕적 사회,True,,False,11주차,정치,사회,소분류: 개인과 국가 / 주차: 11주차 / [AI 자동 생성 뜻풀이]
5896,집단 이기주의,,schemareading-schema,사회,정치,개인과 국가,11주차,자신이 속한 집단의 이익만을 이기적으로 추구하는 태도.,True,검수완료,2026-09-01 23:47:34,social-923,,manual,social,923,True,집단 이기주의,True,,False,11주차,정치,사회,소분류: 개인과 국가 / 주차: 11주차 / [AI 자동 생성 뜻풀이]
5897,개인주의,,schemareading-schema,사회,정치,개인과 국가,11주차,국가나 집단보다 개인의 자유와 권리를 우선시하는 사상.,True,검수완료,2026-09-01 23:47:34,social-924,,manual,social,924,True,개인주의,True,,False,11주차,정치,사회,소분류: 개인과 국가 / 주차: 11주차 / [AI 자동 생성 뜻풀이]
5898,이기주의,,schemareading-schema,사회,정치,개인과 국가,11주차,타인이나 사회보다 자신의 이익만을 우선으로 생각하고 추구하는 태도.,True,검수완료,2026-09-01 23:47:34,social-925,,manual,social,925,True,이기주의,True,,False,11주차,정치,사회,소분류: 개인과 국가 / 주차: 11주차 / [AI 자동 생성 뜻풀이]
5899,님비,,schemareading-schema,사회,정치,개인과 국가,11주차,혐오 시설이나 기피 시설이 자신이 사는 지역에 들어서는 것을 반대하는 현상.,True,검수완료,2026-09-01 23:47:34,social-926,,manual,social,926,True,님비,True,,False,11주차,정치,사회,소분류: 개인과 국가 / 주차: 11주차 / [AI 자동 생성 뜻풀이]
5900,핌비,,schemareading-schema,사회,정치,개인과 국가,11주차,편의 시설이나 이익이 되는 시설을 자신이 사는 지역에 유치하려는 현상.,True,검수완료,2026-09-01 23:47:34,social-927,,manual,social,927,True,핌비,True,,False,11주차,정치,사회,소분류: 개인과 국가 / 주차: 11주차 / [AI 자동 생성 뜻풀이]
5901,사회윤리,,schemareading-schema,사회,정치,개인과 국가,11주차,"사회 구조나 제도, 집단 간의 관계에서 지켜야 할 도덕적 규범.",True,검수완료,2026-09-01 23:47:34,social-928,,manual,social,928,True,사회윤리,True,,False,11주차,정치,사회,소분류: 개인과 국가 / 주차: 11주차 / [AI 자동 생성 뜻풀이]
5902,연대의식,,schemareading-schema,사회,정치,개인과 국가,11주차,같은 집단의 구성원으로서 서로 돕고 책임과 운명을 함께하려는 의식.,True,검수완료,2026-09-01 23:47:34,social-929,,manual,social,929,True,연대의식,True,,False,11주차,정치,사회,소분류: 개인과 국가 / 주차: 11주차 / [AI 자동 생성 뜻풀이]
5903,정치적의무,,schemareading-schema,사회,정치,개인과 국가,11주차,국가나 정치 공동체의 법과 권위에 따르고 협력해야 할 시민의 의무.,True,검수완료,2026-09-01 23:47:34,social-930,,manual,social,930,True,정치적의무,True,,False,11주차,정치,사회,소분류: 개인과 국가 / 주차: 11주차 / [AI 자동 생성 뜻풀이]
5904,민족정체성,,schemareading-schema,사회,정치,개인과 국가,11주차,한 민족의 구성원으로서 공유하는 역사적·문화적 소속감과 자의식.,True,검수완료,2026-09-01 23:47:34,social-931,,manual,social,931,True,민족정체성,True,,False,11주차,정치,사회,소분류: 개인과 국가 / 주차: 11주차 / [AI 자동 생성 뜻풀이]
5905,국가정체성,,schemareading-schema,사회,정치,개인과 국가,11주차,특정 국가의 국민으로서 갖는 소속감과 자의식.,True,검수완료,2026-09-01 23:47:34,social-932,,manual,social,932,True,국가정체성,True,,False,11주차,정치,사회,소분류: 개인과 국가 / 주차: 11주차 / [AI 자동 생성 뜻풀이]
5906,세계주의,,schemareading-schema,사회,정치,개인과 국가,11주차,인류 전체를 하나의 공동체로 보고 국가나 민족의 경계를 뛰어넘으려는 사상.,True,검수완료,2026-09-01 23:47:34,social-933,,manual,social,933,True,세계주의,True,,False,11주차,정치,사회,소분류: 개인과 국가 / 주차: 11주차 / [AI 자동 생성 뜻풀이]
5907,민본주의,,schemareading-schema,사회,정치,개인과 국가,11주차,백성을 국가의 근본으로 여기고 백성의 삶을 최우선으로 삼는 정치 사상.,True,검수완료,2026-09-01 23:47:34,social-934,,manual,social,934,True,민본주의,True,,False,11주차,정치,사회,소분류: 개인과 국가 / 주차: 11주차 / [AI 자동 생성 뜻풀이]
5908,보이지않는손,,schemareading-schema,사회,정치,개인과 국가,11주차,개인의 사적 이익 추구가 시장 가격을 통해 사회 전체의 이익으로 이어지는 자율적 조정 기능.,True,검수완료,2026-09-01 23:47:34,social-935,,manual,social,935,True,보이지않는손,True,,False,11주차,정치,사회,소분류: 개인과 국가 / 주차: 11주차 / [AI 자동 생성 뜻풀이]
5909,가치전도현상,,schemareading-schema,사회,정치,개인과 국가,11주차,본래의 중요한 목적과 수단이 뒤바뀌어 수단이 목적처럼 취급되는 현상.,True,검수완료,2026-09-01 23:47:34,social-936,,manual,social,936,True,가치전도현상,True,,False,11주차,정치,사회,소분류: 개인과 국가 / 주차: 11주차 / [AI 자동 생성 뜻풀이]
5910,인간소외현상,,schemareading-schema,사회,정치,개인과 국가,11주차,인간이 만든 물질이나 제도에 인간 스스로가 지배당하여 인간성을 잃어버리는 현상.,True,검수완료,2026-09-01 23:47:34,social-937,,manual,social,937,True,인간소외현상,True,,False,11주차,정치,사회,소분류: 개인과 국가 / 주차: 11주차 / [AI 자동 생성 뜻풀이]
5911,사회주의,,schemareading-schema,사회,정치,개인과 국가,11주차,생산 수단의 사회적 소유와 관리를 통해 평등한 사회를 건설하고자 하는 사상 및 제도.,True,검수완료,2026-09-01 23:47:34,social-938,,manual,social,938,True,사회주의,True,,False,11주차,정치,사회,소분류: 개인과 국가 / 주차: 11주차 / [AI 자동 생성 뜻풀이]
5912,민주사회주의,,schemareading-schema,사회,정치,개인과 국가,11주차,민주주의적인 절차와 방법에 따라 사회주의적 가치를 실현하려는 정치 사상.,True,검수완료,2026-09-01 23:47:34,social-939,,manual,social,939,True,민주사회주의,True,,False,11주차,정치,사회,소분류: 개인과 국가 / 주차: 11주차 / [AI 자동 생성 뜻풀이]
5913,전체주의,,schemareading-schema,사회,정치,개인과 국가,11주차,개인의 자유와 권리보다 국가나 집단의 이익을 절대적으로 우선시하는 정치 사상이나 체제.,True,검수완료,2026-09-01 23:47:34,social-940,,manual,social,940,True,전체주의,True,,False,11주차,정치,사회,소분류: 개인과 국가 / 주차: 11주차 / [AI 자동 생성 뜻풀이]
5914,복지자본주의,,schemareading-schema,사회,정치,개인과 국가,11주차,자본주의 시장 경제를 기본으로 하면서 국가의 복지 정책을 통해 국민의 삶을 보장하는 제도.,True,검수완료,2026-09-01 23:47:34,social-941,,manual,social,941,True,복지자본주의,True,,False,11주차,정치,사회,소분류: 개인과 국가 / 주차: 11주차 / [AI 자동 생성 뜻풀이]
5915,시장자유주의,,schemareading-schema,사회,정치,개인과 국가,11주차,정부의 개입을 줄이고 시장의 자율성과 개인의 자유로운 경제 활동을 강조하는 사상.,True,검수완료,2026-09-01 23:47:34,social-942,,manual,social,942,True,시장자유주의,True,,False,11주차,정치,사회,소분류: 개인과 국가 / 주차: 11주차 / [AI 자동 생성 뜻풀이]
5916,민족,,schemareading-schema,사회,정치,민족주의,12주차,"같은 언어, 문화, 역사를 공유하며 공동체 의식을 가지고 있는 사람들의 집단.",True,검수완료,2026-09-01 23:47:34,social-943,,manual,social,943,True,민족,True,,False,12주차,정치,사회,소분류: 민족주의 / 주차: 12주차 / [AI 자동 생성 뜻풀이]
5917,민족주의,,schemareading-schema,사회,정치,민족주의,12주차,"자기 민족의 독립과 발전, 단결을 최고의 가치로 여기는 사상이나 태도.",True,검수완료,2026-09-01 23:47:34,social-944,,manual,social,944,True,민족주의,True,,False,12주차,정치,사회,소분류: 민족주의 / 주차: 12주차 / [AI 자동 생성 뜻풀이]
5918,자민족중심주의,,schemareading-schema,사회,정치,민족주의,12주차,자기 민족의 문화나 가치만을 우월하다고 믿고 다른 민족을 배척하는 태도.,True,검수완료,2026-09-01 23:47:34,social-945,,manual,social,945,True,자민족중심주의,True,,False,12주차,정치,사회,소분류: 민족주의 / 주차: 12주차 / [AI 자동 생성 뜻풀이]
5919,열린민족주의,,schemareading-schema,사회,정치,민족주의,12주차,자기 민족의 주체성을 지키면서 다른 민족이나 문화에 대하여 열린 태도를 가지는 사상.,True,검수완료,2026-09-01 23:47:34,social-946,,manual,social,946,True,열린민족주의,True,,False,12주차,정치,사회,소분류: 민족주의 / 주차: 12주차 / [AI 자동 생성 뜻풀이]
5920,닫힌민족주의,,schemareading-schema,사회,정치,민족주의,12주차,자기 민족의 이익만을 내세우며 다른 민족이나 문화를 배척하고 닫힌 태도를 보이는 사상.,True,검수완료,2026-09-01 23:47:34,social-947,,manual,social,947,True,닫힌민족주의,True,,False,12주차,정치,사회,소분류: 민족주의 / 주차: 12주차 / [AI 자동 생성 뜻풀이]
5921,민족문화,,schemareading-schema,사회,정치,민족주의,12주차,한 민족이 역사 속에서 오랜 기간에 걸쳐 형성하고 발전시켜 온 고유한 문화.,True,검수완료,2026-09-01 23:47:34,social-948,,manual,social,948,True,민족문화,True,,False,12주차,정치,사회,소분류: 민족주의 / 주차: 12주차 / [AI 자동 생성 뜻풀이]
5922,정체성,,schemareading-schema,사회,정치,민족주의,12주차,어떤 존재가 자기 자신에 대해 가지는 변함없는 본질이나 독자적인 자아의식.,True,검수완료,2026-09-01 23:47:34,social-949,,manual,social,949,True,정체성,True,,False,12주차,정치,사회,소분류: 민족주의 / 주차: 12주차 / [AI 자동 생성 뜻풀이]
5923,자아정체성,,schemareading-schema,사회,정치,민족주의,12주차,자기 자신의 독특성과 연속성에 대해 갖는 통일된 자의식.,True,검수완료,2026-09-01 23:47:34,social-950,,manual,social,950,True,자아정체성,True,,False,12주차,정치,사회,소분류: 민족주의 / 주차: 12주차 / [AI 자동 생성 뜻풀이]
5924,정치의 의미,,schemareading-schema,사회,정치,민주정치와 법치주의,13주차,사회 구성원 간의 대립과 갈등을 조정하고 이해관계를 해결하는 활동.,True,검수완료,2026-09-01 23:47:34,social-951,,manual,social,951,True,정치의 의미,True,,False,13주차,정치,사회,소분류: 민주정치와 법치주의 / 주차: 13주차 / [AI 자동 생성 뜻풀이]
5925,라스웰의 권력개념,,schemareading-schema,사회,정치,민주정치와 법치주의,13주차,"정치학자 라스웰이 정의한, 가치의 권위적 배분을 결정하는 영향력.",True,검수완료,2026-09-01 23:47:34,social-952,,manual,social,952,True,라스웰의 권력개념,True,,False,13주차,정치,사회,소분류: 민주정치와 법치주의 / 주차: 13주차 / [AI 자동 생성 뜻풀이]
5926,다원주의,,schemareading-schema,사회,정치,민주정치와 법치주의,13주차,사회의 다양한 집단이 독립성을 가지며 자율적으로 의사를 결정하는 사상.,True,검수완료,2026-09-01 23:47:34,social-953,,manual,social,953,True,다원주의,True,,False,13주차,정치,사회,소분류: 민주정치와 법치주의 / 주차: 13주차 / [AI 자동 생성 뜻풀이]
5927,민주정치의 이념,,schemareading-schema,사회,정치,민주정치와 법치주의,13주차,인간의 존엄성 실현을 최고 가치로 하고 자유와 평등을 보장하는 정치의 목표.,True,검수완료,2026-09-01 23:47:34,social-954,,manual,social,954,True,민주정치의 이념,True,,False,13주차,정치,사회,소분류: 민주정치와 법치주의 / 주차: 13주차 / [AI 자동 생성 뜻풀이]
5928,민주정치의 기본원리,,schemareading-schema,사회,정치,민주정치와 법치주의,13주차,"국민 주권, 권력 분립 등 민주 정치를 올바르게 운용하기 위한 기본 원칙.",True,검수완료,2026-09-01 23:47:34,social-955,,manual,social,955,True,민주정치의 기본원리,True,,False,13주차,정치,사회,소분류: 민주정치와 법치주의 / 주차: 13주차 / [AI 자동 생성 뜻풀이]
5929,민주주의,,schemareading-schema,사회,정치,민주정치와 법치주의,13주차,국가의 주권이 국민에게 있고 국민의 뜻에 따라 국정을 운영하는 정치 체제나 사상.,True,검수완료,2026-09-01 23:47:34,social-956,,manual,social,956,True,민주주의,True,,False,13주차,정치,사회,소분류: 민주정치와 법치주의 / 주차: 13주차 / [AI 자동 생성 뜻풀이]
5930,절차적민주주의,,schemareading-schema,사회,정치,민주정치와 법치주의,13주차,선거와 법적 절차의 공정성과 합법성을 중심으로 운영되는 민주주의.,True,검수완료,2026-09-01 23:47:34,social-957,,manual,social,957,True,절차적민주주의,True,,False,13주차,정치,사회,소분류: 민주정치와 법치주의 / 주차: 13주차 / [AI 자동 생성 뜻풀이]
5931,실질적민주주의,,schemareading-schema,사회,정치,민주정치와 법치주의,13주차,형식적인 절차를 넘어 사회 구성원의 실질적인 자유와 평등을 실현하는 민주주의.,True,검수완료,2026-09-01 23:47:34,social-958,,manual,social,958,True,실질적민주주의,True,,False,13주차,정치,사회,소분류: 민주정치와 법치주의 / 주차: 13주차 / [AI 자동 생성 뜻풀이]
5932,자유민주주의,,schemareading-schema,사회,정치,민주정치와 법치주의,13주차,개인의 자유와 권리를 최대한 보장하며 국민 주권을 실현하는 정치 체제.,True,검수완료,2026-09-01 23:47:34,social-959,,manual,social,959,True,자유민주주의,True,,False,13주차,정치,사회,소분류: 민주정치와 법치주의 / 주차: 13주차 / [AI 자동 생성 뜻풀이]
5933,국민주권론,,schemareading-schema,사회,정치,민주정치와 법치주의,13주차,국가의 최고 권력인 주권이 국민에게 있고 모든 권력은 국민으로부터 나온다는 이론.,True,검수완료,2026-09-01 23:47:34,social-960,,manual,social,960,True,국민주권론,True,,False,13주차,정치,사회,소분류: 민주정치와 법치주의 / 주차: 13주차 / [AI 자동 생성 뜻풀이]
5934,대의제,,schemareading-schema,사회,정치,민주정치와 법치주의,13주차,국민이 선출한 대표자를 통하여 국가의 의사를 결정하고 국정을 운영하는 제도.,True,검수완료,2026-09-01 23:47:34,social-962,,manual,social,962,True,대의제,True,,False,13주차,정치,사회,소분류: 민주정치와 법치주의 / 주차: 13주차 / [AI 자동 생성 뜻풀이]
5935,다수결원칙,,schemareading-schema,사회,정치,민주정치와 법치주의,13주차,집단의 의사를 결정할 때 다수의 의견을 전체의 의사로 채택하는 원리.,True,검수완료,2026-09-01 23:47:34,social-963,,manual,social,963,True,다수결원칙,True,,False,13주차,정치,사회,소분류: 민주정치와 법치주의 / 주차: 13주차 / [AI 자동 생성 뜻풀이]
5936,중우정치,,schemareading-schema,사회,정치,민주정치와 법치주의,13주차,사려 깊지 못한 대중이 선동이나 감정에 이끌려 정치를 그르치는 상태.,True,검수완료,2026-09-01 23:47:34,social-964,,manual,social,964,True,중우정치,True,,False,13주차,정치,사회,소분류: 민주정치와 법치주의 / 주차: 13주차 / [AI 자동 생성 뜻풀이]
5937,국민투표,,schemareading-schema,사회,정치,민주정치와 법치주의,13주차,국가의 중대한 정책이나 헌법 개정안을 국민이 직접 투표하여 결정하는 제도.,True,검수완료,2026-09-01 23:47:34,social-965,,manual,social,965,True,국민투표,True,,False,13주차,정치,사회,소분류: 민주정치와 법치주의 / 주차: 13주차 / [AI 자동 생성 뜻풀이]
5938,심의민주주의,,schemareading-schema,사회,정치,민주정치와 법치주의,13주차,시민들이 숙의와 토론을 거쳐 합리적인 정책을 결정하는 민주주의 제도.,True,검수완료,2026-09-01 23:47:34,social-966,,manual,social,966,True,심의민주주의,True,,False,13주차,정치,사회,소분류: 민주정치와 법치주의 / 주차: 13주차 / [AI 자동 생성 뜻풀이]
5939,전자민주주의,,schemareading-schema,사회,정치,민주정치와 법치주의,13주차,정보 통신 기술을 활용하여 시민의 정치 참여를 확대하는 민주주의 형태.,True,검수완료,2026-09-01 23:47:34,social-967,,manual,social,967,True,전자민주주의,True,,False,13주차,정치,사회,소분류: 민주정치와 법치주의 / 주차: 13주차 / [AI 자동 생성 뜻풀이]
5940,권력분립의 원리,,schemareading-schema,사회,정치,민주정치와 법치주의,13주차,국가 권력을 여러 기관에 나누어 견제와 균형을 이루게 하는 원리.,True,검수완료,2026-09-01 23:47:34,social-968,,manual,social,968,True,권력분립의 원리,True,,False,13주차,정치,사회,소분류: 민주정치와 법치주의 / 주차: 13주차 / [AI 자동 생성 뜻풀이]
5941,교섭단체,,schemareading-schema,사회,정치,민주정치와 법치주의,13주차,국회에서 의사 진행을 원활하게 하기 위해 일정 수 이상의 의원으로 구성하는 단체.,True,검수완료,2026-09-01 23:47:34,social-971,,manual,social,971,True,교섭단체,True,,False,13주차,정치,사회,소분류: 민주정치와 법치주의 / 주차: 13주차 / [AI 자동 생성 뜻풀이]
5942,헌법개정,,schemareading-schema,사회,정치,민주정치와 법치주의,13주차,정해진 절차에 따라 기존 헌법의 내용을 수정하거나 바꾸는 일.,True,검수완료,2026-09-01 23:47:34,social-972,,manual,social,972,True,헌법개정,True,,False,13주차,정치,사회,소분류: 민주정치와 법치주의 / 주차: 13주차 / [AI 자동 생성 뜻풀이]
5943,법률제정,,schemareading-schema,사회,정치,민주정치와 법치주의,13주차,국회에서 정해진 절차를 거쳐 새로운 법률을 만드는 일.,True,검수완료,2026-09-01 23:47:34,social-973,,manual,social,973,True,법률제정,True,,False,13주차,정치,사회,소분류: 민주정치와 법치주의 / 주차: 13주차 / [AI 자동 생성 뜻풀이]
5944,법률개정,,schemareading-schema,사회,정치,민주정치와 법치주의,13주차,기존 법률의 내용 중 일부를 수정하거나 바꾸는 일.,True,검수완료,2026-09-01 23:47:34,social-974,,manual,social,974,True,법률개정,True,,False,13주차,정치,사회,소분류: 민주정치와 법치주의 / 주차: 13주차 / [AI 자동 생성 뜻풀이]
5945,탄핵소추,,schemareading-schema,사회,정치,민주정치와 법치주의,13주차,고위 공직자의 위법 행위에 대해 국회가 파면을 요구하는 결의를 하는 일.,True,검수완료,2026-09-01 23:47:34,social-975,,manual,social,975,True,탄핵소추,True,,False,13주차,정치,사회,소분류: 민주정치와 법치주의 / 주차: 13주차 / [AI 자동 생성 뜻풀이]
5946,의원내각제,,schemareading-schema,사회,정치,정부형태와 정치제도,14주차,의회의 다수당을 중심으로 내각을 구성하여 국정을 담당하는 정부 형태.,True,검수완료,2026-09-01 23:47:34,social-978,,manual,social,978,True,의원내각제,True,,False,14주차,정치,사회,소분류: 정부형태와 정치제도 / 주차: 14주차 / [AI 자동 생성 뜻풀이]
5947,대통령의 지위와 권한,,schemareading-schema,사회,정치,정부형태와 정치제도,14주차,국가 원수이자 행정부 수반으로서 대통령이 가지는 법적 위치와 권리.,True,검수완료,2026-09-01 23:47:34,social-979,,manual,social,979,True,대통령의 지위와 권한,True,,False,14주차,정치,사회,소분류: 정부형태와 정치제도 / 주차: 14주차 / [AI 자동 생성 뜻풀이]
5948,법원,,schemareading-schema,사회,정치,정부형태와 정치제도,14주차,법을 적용하여 사회적 분쟁을 해결하고 재판하는 국가 기관.,True,검수완료,2026-09-01 23:47:34,social-980,,manual,social,980,True,법원,True,,False,14주차,정치,사회,소분류: 정부형태와 정치제도 / 주차: 14주차 / [AI 자동 생성 뜻풀이]
5949,민사재판,,schemareading-schema,사회,정치,정부형태와 정치제도,14주차,개인 사이의 권리관계나 법률적 다툼을 해결하기 위하여 진행하는 재판.,True,검수완료,2026-09-01 23:47:34,social-982,,manual,social,982,True,민사재판,True,,False,14주차,정치,사회,소분류: 정부형태와 정치제도 / 주차: 14주차 / [AI 자동 생성 뜻풀이]
5950,형사재판,,schemareading-schema,사회,정치,정부형태와 정치제도,14주차,범죄 성립 여부를 밝히고 형벌을 정하기 위하여 진행하는 재판.,True,검수완료,2026-09-01 23:47:34,social-983,,manual,social,983,True,형사재판,True,,False,14주차,정치,사회,소분류: 정부형태와 정치제도 / 주차: 14주차 / [AI 자동 생성 뜻풀이]
5951,행정재판,,schemareading-schema,사회,정치,정부형태와 정치제도,14주차,행정 기관의 위법한 처분에 의한 권리 침해를 구제하기 위한 재판.,True,검수완료,2026-09-01 23:47:34,social-984,,manual,social,984,True,행정재판,True,,False,14주차,정치,사회,소분류: 정부형태와 정치제도 / 주차: 14주차 / [AI 자동 생성 뜻풀이]
5952,선거재판,,schemareading-schema,사회,정치,정부형태와 정치제도,14주차,선거의 효력이나 당선의 유효 여부에 관한 다툼을 해결하기 위한 재판.,True,검수완료,2026-09-01 23:47:34,social-985,,manual,social,985,True,선거재판,True,,False,14주차,정치,사회,소분류: 정부형태와 정치제도 / 주차: 14주차 / [AI 자동 생성 뜻풀이]
5953,군사재판,,schemareading-schema,사회,정치,정부형태와 정치제도,14주차,군인이나 군무원의 범죄를 심판하기 위하여 군사 법원에서 하는 재판.,True,검수완료,2026-09-01 23:47:34,social-986,,manual,social,986,True,군사재판,True,,False,14주차,정치,사회,소분류: 정부형태와 정치제도 / 주차: 14주차 / [AI 자동 생성 뜻풀이]
5954,정당정치,,schemareading-schema,사회,정치,정당과 선거제도,15주차,정당이 중심이 되어 국가의 정치를 이끌어 가는 정치 형태.,True,검수완료,2026-09-01 23:47:34,social-988,,manual,social,988,True,정당정치,True,,False,15주차,정치,사회,소분류: 정당과 선거제도 / 주차: 15주차 / [AI 자동 생성 뜻풀이]
5955,복수정당제,,schemareading-schema,사회,정치,정당과 선거제도,15주차,둘 이상의 정당이 자유롭게 경쟁하고 활동할 수 있도록 보장하는 제도.,True,검수완료,2026-09-01 23:47:34,social-989,,manual,social,989,True,복수정당제,True,,False,15주차,정치,사회,소분류: 정당과 선거제도 / 주차: 15주차 / [AI 자동 생성 뜻풀이]
5956,공약,,schemareading-schema,사회,정치,정당과 선거제도,15주차,정당이나 후보자가 선거에 당선되면 이행하겠다고 국민에게 한 약속.,True,검수완료,2026-09-01 23:47:34,social-991,,manual,social,991,True,공약,True,,False,15주차,정치,사회,소분류: 정당과 선거제도 / 주차: 15주차 / [AI 자동 생성 뜻풀이]
5957,다수대표제,,schemareading-schema,사회,정치,정당과 선거제도,15주차,한 선거구에서 가장 많은 표를 얻은 후보자를 당선자로 선출하는 제도.,True,검수완료,2026-09-01 23:47:34,social-992,,manual,social,992,True,다수대표제,True,,False,15주차,정치,사회,소분류: 정당과 선거제도 / 주차: 15주차 / [AI 자동 생성 뜻풀이]
5958,비례대표제,,schemareading-schema,사회,정치,정당과 선거제도,15주차,각 정당이 얻은 득표율에 비례하여 의석을 배분하는 선거 제도.,True,검수완료,2026-09-01 23:47:34,social-993,,manual,social,993,True,비례대표제,True,,False,15주차,정치,사회,소분류: 정당과 선거제도 / 주차: 15주차 / [AI 자동 생성 뜻풀이]
5959,선거구제,,schemareading-schema,사회,정치,정당과 선거제도,15주차,선거를 실시하기 위해 대표자를 선출할 지역 단위를 나누는 제도.,True,검수완료,2026-09-01 23:47:34,social-994,,manual,social,994,True,선거구제,True,,False,15주차,정치,사회,소분류: 정당과 선거제도 / 주차: 15주차 / [AI 자동 생성 뜻풀이]
5960,사표,,schemareading-schema,사회,정치,정당과 선거제도,15주차,선거에서 낙선한 후보에게 투표하여 당선 결정에 영향을 주지 못한 표.,True,검수완료,2026-09-01 23:47:34,social-995,,manual,social,995,True,사표,True,,False,15주차,정치,사회,소분류: 정당과 선거제도 / 주차: 15주차 / [AI 자동 생성 뜻풀이]
5961,공직선거법,,schemareading-schema,사회,정치,정당과 선거제도,15주차,공직 선거가 공정하게 치러지도록 필요한 사항을 정해 놓은 법률.,True,검수완료,2026-09-01 23:47:34,social-996,,manual,social,996,True,공직선거법,True,,False,15주차,정치,사회,소분류: 정당과 선거제도 / 주차: 15주차 / [AI 자동 생성 뜻풀이]
5962,선거구법정주의,,schemareading-schema,사회,정치,정당과 선거제도,15주차,선거구의 구획을 자의적으로 나누지 못하도록 반드시 법률로 정하는 원칙.,True,검수완료,2026-09-01 23:47:34,social-997,,manual,social,997,True,선거구법정주의,True,,False,15주차,정치,사회,소분류: 정당과 선거제도 / 주차: 15주차 / [AI 자동 생성 뜻풀이]
5963,정치참여,,schemareading-schema,사회,정치,정당과 선거제도,15주차,국민이 국가의 정치 과정이나 결정에 영향력을 행사하는 여러 활동.,True,검수완료,2026-09-01 23:47:34,social-998,,manual,social,998,True,정치참여,True,,False,15주차,정치,사회,소분류: 정당과 선거제도 / 주차: 15주차 / [AI 자동 생성 뜻풀이]
5964,정치적효용감,,schemareading-schema,사회,정치,정당과 선거제도,15주차,자신의 정치적 행위가 정치 과정에 영향을 미칠 수 있다고 믿는 태도.,True,검수완료,2026-09-01 23:47:34,social-999,,manual,social,999,True,정치적효용감,True,,False,15주차,정치,사회,소분류: 정당과 선거제도 / 주차: 15주차 / [AI 자동 생성 뜻풀이]
5022,이면적,,schemareading-tooldict,,,,,겉으로 드러나지 않은 속이나 뒷면의. 또는 그런 것.,True,검수완료,2026-09-01 23:47:34,L6-175,,manual,6,175,True,이면적,True,,False,18주차,,,[AI 자동 생성 뜻풀이]
