source,vs_label,id,headword,level_raw,subject_category,sense_category,week,topic_subcat,definition_missing,review_status
schemareading-schema,S(스키마 개념어),7060,형이상학,5,인문 철학,인문 철학,1주차,철학의 분야,0,검수전
schemareading-schema,S(스키마 개념어),7069,공리주의,5,인문 철학,인문 철학,2주차,현대윤리학 분야,0,검수전
schemareading-schema,S(스키마 개념어),7070,의무론,5,인문 철학,인문 철학,2주차,현대윤리학 분야,0,검수전
schemareading-schema,S(스키마 개념어),7071,덕윤리,5,인문 철학,인문 철학,2주차,현대윤리학 분야,0,검수전
schemareading-schema,S(스키마 개념어),7072,배려윤리,5,인문 철학,인문 철학,2주차,현대윤리학 분야,0,검수전
schemareading-schema,S(스키마 개념어),7073,생명윤리,5,인문 철학,인문 철학,2주차,현대윤리학 분야,0,검수전
schemareading-schema,S(스키마 개념어),7074,환경윤리,5,인문 철학,인문 철학,2주차,현대윤리학 분야,0,검수전
schemareading-schema,S(스키마 개념어),7075,기술윤리,5,인문 철학,인문 철학,2주차,현대윤리학 분야,0,검수전
schemareading-schema,S(스키마 개념어),7076,소피스트의 상대주의 윤리관,5,인문 철학,인문 철학,3주차,상대주의 윤리와 보편주의 윤리,0,검수전
schemareading-schema,S(스키마 개념어),7077,소크라테스의 보편주의 윤리관,5,인문 철학,인문 철학,3주차,상대주의 윤리와 보편주의 윤리,0,검수전
schemareading-schema,S(스키마 개념어),7078,윤리적 회의주의,5,인문 철학,인문 철학,3주차,상대주의 윤리와 보편주의 윤리,0,검수전
schemareading-schema,S(스키마 개념어),7061,인식론,5,인문 철학,인문 철학,1주차,철학의 분야,0,검수전
schemareading-schema,S(스키마 개념어),7079,쾌락주의 윤리,5,인문 철학,인문 철학,4주차,이상주의 윤리와 현실주의 윤리,0,검수전
schemareading-schema,S(스키마 개념어),7080,플라톤의 이상주의 윤리,5,인문 철학,인문 철학,4주차,이상주의 윤리와 현실주의 윤리,0,검수전
schemareading-schema,S(스키마 개념어),7081,아리스토텔레스의 현실주의 윤리,5,인문 철학,인문 철학,4주차,이상주의 윤리와 현실주의 윤리,0,검수전
schemareading-schema,S(스키마 개념어),7082,금욕주의 윤리,5,인문 철학,인문 철학,4주차,이상주의 윤리와 현실주의 윤리,0,검수전
schemareading-schema,S(스키마 개념어),7083,교부철학 윤리,5,인문 철학,인문 철학,4주차,이상주의 윤리와 현실주의 윤리,0,검수전
schemareading-schema,S(스키마 개념어),7084,스콜라철학 윤리,5,인문 철학,인문 철학,4주차,이상주의 윤리와 현실주의 윤리,0,검수전
schemareading-schema,S(스키마 개념어),7085,프로테스탄티즘 윤리,5,인문 철학,인문 철학,4주차,이상주의 윤리와 현실주의 윤리,0,검수전
schemareading-schema,S(스키마 개념어),7086,경험주의,5,인문 철학,인문 철학,4주차,이상주의 윤리와 현실주의 윤리,0,검수전
schemareading-schema,S(스키마 개념어),7087,이성주의,5,인문 철학,인문 철학,4주차,이상주의 윤리와 현실주의 윤리,0,검수전
schemareading-schema,S(스키마 개념어),7062,윤리학,5,인문 철학,인문 철학,1주차,철학의 분야,0,검수전
schemareading-schema,S(스키마 개념어),7063,미학,5,인문 철학,인문 철학,1주차,철학의 분야,0,검수전
schemareading-schema,S(스키마 개념어),7064,논리학,5,인문 철학,인문 철학,1주차,철학의 분야,0,검수전
schemareading-schema,S(스키마 개념어),7065,메타윤리,5,인문 철학,인문 철학,2주차,현대윤리학 분야,0,검수전
schemareading-schema,S(스키마 개념어),7066,자연주의 윤리,5,인문 철학,인문 철학,2주차,현대윤리학 분야,0,검수전
schemareading-schema,S(스키마 개념어),7067,직관주의 윤리,5,인문 철학,인문 철학,2주차,현대윤리학 분야,0,검수전
schemareading-schema,S(스키마 개념어),7068,규범윤리,5,인문 철학,인문 철학,2주차,현대윤리학 분야,0,검수전
schemareading-schema,S(스키마 개념어),6051,저울,1,과학,과학,1주차,무게를 재는 방법,0,검수완료
schemareading-schema,S(스키마 개념어),6060,자철석,1,과학,과학,2주차,자석은 어떻게 발견되었을까?,0,검수완료
schemareading-schema,S(스키마 개념어),6149,완력기,1,과학,과학,15주차,탄성이 있어서 할 수 있는 것들,0,검수완료
schemareading-schema,S(스키마 개념어),6939,열과 일의 등가성,6,과학,화학,13주차,열화학,0,검수완료
schemareading-schema,S(스키마 개념어),6940,열역학,6,과학,화학,13주차,열화학,0,검수완료
schemareading-schema,S(스키마 개념어),6941,열역학 제0법칙,6,과학,화학,13주차,열화학,0,검수완료
schemareading-schema,S(스키마 개념어),6942,열역학 제1법칙,6,과학,화학,13주차,열화학,0,검수완료
schemareading-schema,S(스키마 개념어),6943,열역학 제2법칙,6,과학,화학,13주차,열화학,0,검수완료
schemareading-schema,S(스키마 개념어),6944,엔트로피,6,과학,화학,13주차,열화학,0,검수완료
schemareading-schema,S(스키마 개념어),6945,열역학 제3법칙,6,과학,화학,13주차,열화학,0,검수완료
schemareading-schema,S(스키마 개념어),6150,트램펄린,1,과학,과학,15주차,탄성이 있어서 할 수 있는 것들,0,검수완료
schemareading-schema,S(스키마 개념어),6946,열기관,6,과학,화학,13주차,열화학,0,검수완료
schemareading-schema,S(스키마 개념어),6947,열효율,6,과학,화학,13주차,열화학,0,검수완료
schemareading-schema,S(스키마 개념어),6948,열화학,6,과학,화학,13주차,열화학,0,검수완료
schemareading-schema,S(스키마 개념어),6949,엔탈피,6,과학,화학,13주차,열화학,0,검수완료
schemareading-schema,S(스키마 개념어),6950,흡열반응,6,과학,화학,13주차,열화학,0,검수완료
schemareading-schema,S(스키마 개념어),6951,발열반응,6,과학,화학,13주차,열화학,0,검수완료
schemareading-schema,S(스키마 개념어),6151,나침반,1,과학,과학,16주차,나침반의 방향이 항상 같은 이유는 무엇일까?,0,검수완료
schemareading-schema,S(스키마 개념어),6952,정반응,6,과학,화학,14주차,화학 평형,0,검수완료
schemareading-schema,S(스키마 개념어),6953,역반응,6,과학,화학,14주차,화학 평형,0,검수완료
schemareading-schema,S(스키마 개념어),6954,화학 평형,6,과학,화학,14주차,화학 평형,0,검수완료
schemareading-schema,S(스키마 개념어),6955,동적 평형,6,과학,화학,14주차,화학 평형,0,검수완료
schemareading-schema,S(스키마 개념어),6956,가역 반응,6,과학,화학,14주차,화학 평형,0,검수완료
schemareading-schema,S(스키마 개념어),6957,비가역 반응,6,과학,화학,14주차,화학 평형,0,검수완료
schemareading-schema,S(스키마 개념어),6958,평형상수,6,과학,화학,14주차,화학 평형,0,검수완료
schemareading-schema,S(스키마 개념어),6959,평형이동,6,과학,화학,14주차,화학 평형,0,검수완료
schemareading-schema,S(스키마 개념어),6960,르 샤를리에 원리,6,과학,화학,14주차,화학 평형,0,검수완료
schemareading-schema,S(스키마 개념어),6961,유효충돌,6,과학,화학,15주차,반응 속도와 촉매,0,검수완료
schemareading-schema,S(스키마 개념어),6152,지남차,1,과학,과학,16주차,나침반의 방향이 항상 같은 이유는 무엇일까?,0,검수완료
schemareading-schema,S(스키마 개념어),6962,활성화 에너지,6,과학,화학,15주차,반응 속도와 촉매,0,검수완료
schemareading-schema,S(스키마 개념어),6963,반응속도,6,과학,화학,15주차,반응 속도와 촉매,0,검수완료
schemareading-schema,S(스키마 개념어),6964,반응속도식,6,과학,화학,15주차,반응 속도와 촉매,0,검수완료
schemareading-schema,S(스키마 개념어),6965,0차반응,6,과학,화학,15주차,반응 속도와 촉매,0,검수완료
schemareading-schema,S(스키마 개념어),6966,1차반응,6,과학,화학,15주차,반응 속도와 촉매,0,검수완료
schemareading-schema,S(스키마 개념어),6967,반감기,6,과학,화학,15주차,반응 속도와 촉매,0,검수완료
schemareading-schema,S(스키마 개념어),6968,반응 속도와 농도,6,과학,화학,15주차,반응 속도와 촉매,0,검수완료
schemareading-schema,S(스키마 개념어),6969,반응속도와 온도,6,과학,화학,15주차,반응 속도와 촉매,0,검수완료
schemareading-schema,S(스키마 개념어),6970,반응속도와 촉매,6,과학,화학,15주차,반응 속도와 촉매,0,검수완료
schemareading-schema,S(스키마 개념어),6971,촉매,6,과학,화학,15주차,반응 속도와 촉매,0,검수완료
schemareading-schema,S(스키마 개념어),6153,외핵,1,과학,과학,16주차,나침반의 방향이 항상 같은 이유는 무엇일까?,0,검수완료
schemareading-schema,S(스키마 개념어),6972,정촉매,6,과학,화학,15주차,반응 속도와 촉매,0,검수완료
schemareading-schema,S(스키마 개념어),6973,부촉매,6,과학,화학,15주차,반응 속도와 촉매,0,검수완료
schemareading-schema,S(스키마 개념어),6974,시공간과 상대성,6,과학,물리,16주차,상대성 이론,0,검수완료
schemareading-schema,S(스키마 개념어),6975,기준틀,6,과학,물리,16주차,상대성 이론,0,검수완료
schemareading-schema,S(스키마 개념어),6976,관성 기준틀,6,과학,물리,16주차,상대성 이론,0,검수완료
schemareading-schema,S(스키마 개념어),6977,상대성원리,6,과학,물리,16주차,상대성 이론,0,검수완료
schemareading-schema,S(스키마 개념어),6978,절대공간,6,과학,물리,16주차,상대성 이론,0,검수완료
schemareading-schema,S(스키마 개념어),6979,절대시간,6,과학,물리,16주차,상대성 이론,0,검수완료
schemareading-schema,S(스키마 개념어),6980,에테르,6,과학,물리,16주차,상대성 이론,0,검수완료
schemareading-schema,S(스키마 개념어),6981,특수상대성이론,6,과학,물리,16주차,상대성 이론,0,검수완료
schemareading-schema,S(스키마 개념어),6154,자북,1,과학,과학,16주차,나침반의 방향이 항상 같은 이유는 무엇일까?,0,검수완료
schemareading-schema,S(스키마 개념어),6982,광속불변원리,6,과학,물리,16주차,상대성 이론,0,검수완료
schemareading-schema,S(스키마 개념어),6983,동시성의 상대성,6,과학,물리,16주차,상대성 이론,0,검수완료
schemareading-schema,S(스키마 개념어),6984,시간 팽창,6,과학,물리,16주차,상대성 이론,0,검수완료
schemareading-schema,S(스키마 개념어),6985,길이 수축,6,과학,물리,16주차,상대성 이론,0,검수완료
schemareading-schema,S(스키마 개념어),6986,질량 에너지 등가원리,6,과학,물리,16주차,상대성 이론,0,검수완료
schemareading-schema,S(스키마 개념어),6987,핵반응,6,과학,물리,16주차,상대성 이론,0,검수완료
schemareading-schema,S(스키마 개념어),6988,일반 상대성이론,6,과학,물리,16주차,상대성 이론,0,검수완료
schemareading-schema,S(스키마 개념어),6989,중력 시간지연,6,과학,물리,16주차,상대성 이론,0,검수완료
schemareading-schema,S(스키마 개념어),6990,양자,6,과학,물리,17주차,양자 역학,0,검수완료
schemareading-schema,S(스키마 개념어),6991,양자화 가설,6,과학,물리,17주차,양자 역학,0,검수완료
schemareading-schema,S(스키마 개념어),6155,진북,1,과학,과학,16주차,나침반의 방향이 항상 같은 이유는 무엇일까?,0,검수완료
schemareading-schema,S(스키마 개념어),6992,광양자설,6,과학,물리,17주차,양자 역학,0,검수완료
schemareading-schema,S(스키마 개념어),6993,광전효과,6,과학,물리,17주차,양자 역학,0,검수완료
schemareading-schema,S(스키마 개념어),6994,빛의 이중성,6,과학,물리,17주차,양자 역학,0,검수완료
schemareading-schema,S(스키마 개념어),6995,물질파,6,과학,물리,17주차,양자 역학,0,검수완료
schemareading-schema,S(스키마 개념어),6996,물질의 이중성,6,과학,물리,17주차,양자 역학,0,검수완료
schemareading-schema,S(스키마 개념어),6997,파동적 성질,6,과학,물리,17주차,양자 역학,0,검수완료
schemareading-schema,S(스키마 개념어),6998,입자적 성질,6,과학,물리,17주차,양자 역학,0,검수완료
schemareading-schema,S(스키마 개념어),6999,파동함수,6,과학,물리,17주차,양자 역학,0,검수완료
schemareading-schema,S(스키마 개념어),7000,양자 역학적 현상,6,과학,물리,17주차,양자 역학,0,검수완료
schemareading-schema,S(스키마 개념어),7001,양자 터널링,6,과학,물리,17주차,양자 역학,0,검수완료
schemareading-schema,S(스키마 개념어),7002,양자 상태,6,과학,물리,17주차,양자 역학,0,검수완료
schemareading-schema,S(스키마 개념어),7003,파동 함수의 중첩,6,과학,물리,17주차,양자 역학,0,검수완료
schemareading-schema,S(스키마 개념어),7004,양자 역학의 활용,6,과학,물리,17주차,양자 역학,0,검수완료
schemareading-schema,S(스키마 개념어),7005,광 다이오드,6,과학,물리,17주차,양자 역학,0,검수완료
schemareading-schema,S(스키마 개념어),7006,전자 현미경,6,과학,물리,17주차,양자 역학,0,검수완료
schemareading-schema,S(스키마 개념어),7007,양자 통신,6,과학,물리,17주차,양자 역학,0,검수완료
schemareading-schema,S(스키마 개념어),7008,양자점,6,과학,물리,17주차,양자 역학,0,검수완료
schemareading-schema,S(스키마 개념어),7009,양자 컴퓨터,6,과학,물리,17주차,양자 역학,0,검수완료
schemareading-schema,S(스키마 개념어),7010,열의 이동,6,과학,물리,18주차,열역학과 열기관,0,검수완료
schemareading-schema,S(스키마 개념어),6156,주파수,1,과학,과학,17주차,박쥐는 왜 어둠 속에서도 잘 날 수 있을까?,0,검수완료
schemareading-schema,S(스키마 개념어),7011,열과 일의 변환,6,과학,물리,18주차,열역학과 열기관,0,검수완료
schemareading-schema,S(스키마 개념어),7012,일의 일당량,6,과학,물리,18주차,열역학과 열기관,0,검수완료
schemareading-schema,S(스키마 개념어),7013,내연기관,6,과학,물리,18주차,열역학과 열기관,0,검수완료
schemareading-schema,S(스키마 개념어),7014,외연기관,6,과학,물리,18주차,열역학과 열기관,0,검수완료
schemareading-schema,S(스키마 개념어),7015,고열원,6,과학,물리,18주차,열역학과 열기관,0,검수완료
schemareading-schema,S(스키마 개념어),7016,저열원,6,과학,물리,18주차,열역학과 열기관,0,검수완료
schemareading-schema,S(스키마 개념어),6157,초음파 센서,1,과학,과학,17주차,박쥐는 왜 어둠 속에서도 잘 날 수 있을까?,0,검수완료
schemareading-schema,S(스키마 개념어),7017,열적 평형,6,과학,물리,18주차,열역학과 열기관,0,검수완료
schemareading-schema,S(스키마 개념어),7018,절대 영도,6,과학,물리,18주차,열역학과 열기관,0,검수완료
schemareading-schema,S(스키마 개념어),7019,영구기관,6,과학,물리,18주차,열역학과 열기관,0,검수완료
schemareading-schema,S(스키마 개념어),7020,자유에너지,6,과학,물리,18주차,열역학과 열기관,0,검수완료
schemareading-schema,S(스키마 개념어),7021,열역학의 활용,6,과학,물리,18주차,열역학과 열기관,0,검수완료
schemareading-schema,S(스키마 개념어),7022,가스터빈,6,과학,물리,18주차,열역학과 열기관,0,검수완료
schemareading-schema,S(스키마 개념어),7023,열펌프,6,과학,물리,18주차,열역학과 열기관,0,검수완료
schemareading-schema,S(스키마 개념어),7024,열전소자,6,과학,물리,18주차,열역학과 열기관,0,검수완료
schemareading-schema,S(스키마 개념어),7025,전도성과 반도체,6,과학,물리,19주차,반도체와 신소재,0,검수완료
schemareading-schema,S(스키마 개념어),6061,마그넷,1,과학,과학,2주차,자석은 어떻게 발견되었을까?,0,검수완료
schemareading-schema,S(스키마 개념어),6158,초음파 검사,1,과학,과학,17주차,박쥐는 왜 어둠 속에서도 잘 날 수 있을까?,0,검수완료
schemareading-schema,S(스키마 개념어),7026,전기 전도성,6,과학,물리,19주차,반도체와 신소재,0,검수완료
schemareading-schema,S(스키마 개념어),7027,반도체,6,과학,물리,19주차,반도체와 신소재,0,검수완료
schemareading-schema,S(스키마 개념어),7028,불순물 반도체,6,과학,물리,19주차,반도체와 신소재,0,검수완료
schemareading-schema,S(스키마 개념어),7029,p형 반도체,6,과학,물리,19주차,반도체와 신소재,0,검수완료
schemareading-schema,S(스키마 개념어),7030,n형 반도체,6,과학,물리,19주차,반도체와 신소재,0,검수완료
schemareading-schema,S(스키마 개념어),7031,양공,6,과학,물리,19주차,반도체와 신소재,0,검수완료
schemareading-schema,S(스키마 개념어),7032,전도전자,6,과학,물리,19주차,반도체와 신소재,0,검수완료
schemareading-schema,S(스키마 개념어),7033,에너지 준위,6,과학,물리,19주차,반도체와 신소재,0,검수완료
schemareading-schema,S(스키마 개념어),7034,바닥상태,6,과학,물리,19주차,반도체와 신소재,0,검수완료
schemareading-schema,S(스키마 개념어),7035,들뜬상태,6,과학,물리,19주차,반도체와 신소재,0,검수완료
schemareading-schema,S(스키마 개념어),6159,드라이아이스,1,과학,과학,18주차,"고체에서 기체로, 드라이아이스의 원리",0,검수완료
schemareading-schema,S(스키마 개념어),7036,에너지띠,6,과학,물리,19주차,반도체와 신소재,0,검수완료
schemareading-schema,S(스키마 개념어),7037,띠 간격,6,과학,물리,19주차,반도체와 신소재,0,검수완료
schemareading-schema,S(스키마 개념어),7038,반도체의 활용,6,과학,물리,19주차,반도체와 신소재,0,검수완료
schemareading-schema,S(스키마 개념어),7039,p-n접합 다이오드,6,과학,물리,19주차,반도체와 신소재,0,검수완료
schemareading-schema,S(스키마 개념어),7040,발광 다이오드,6,과학,물리,19주차,반도체와 신소재,0,검수완료
schemareading-schema,S(스키마 개념어),7041,트랜지스터,6,과학,물리,19주차,반도체와 신소재,0,검수완료
schemareading-schema,S(스키마 개념어),7042,태양전지,6,과학,물리,19주차,반도체와 신소재,0,검수완료
schemareading-schema,S(스키마 개념어),7043,초전도체,6,과학,물리,19주차,반도체와 신소재,0,검수완료
schemareading-schema,S(스키마 개념어),7044,그래핀,6,과학,물리,19주차,반도체와 신소재,0,검수완료
schemareading-schema,S(스키마 개념어),7045,강유전체,6,과학,물리,19주차,반도체와 신소재,0,검수완료
schemareading-schema,S(스키마 개념어),6160,승화,1,과학,과학,18주차,"고체에서 기체로, 드라이아이스의 원리",0,검수완료
schemareading-schema,S(스키마 개념어),7046,뉴클레오타이드,6,과학,기술,20주차,DNA 분석 기술,0,검수완료
schemareading-schema,S(스키마 개념어),7047,리보뉴클레오타이드,6,과학,기술,20주차,DNA 분석 기술,0,검수완료
schemareading-schema,S(스키마 개념어),7048,디디옥시뉴클레오타이드,6,과학,기술,20주차,DNA 분석 기술,0,검수완료
schemareading-schema,S(스키마 개념어),7049,DNA 중합효소,6,과학,기술,20주차,DNA 분석 기술,0,검수완료
schemareading-schema,S(스키마 개념어),7050,주형 DNA,6,과학,기술,20주차,DNA 분석 기술,0,검수완료
schemareading-schema,S(스키마 개념어),7051,프라이머,6,과학,기술,20주차,DNA 분석 기술,0,검수완료
schemareading-schema,S(스키마 개념어),7052,형광물질,6,과학,기술,20주차,DNA 분석 기술,0,검수완료
schemareading-schema,S(스키마 개념어),7053,형광 단백질,6,과학,기술,20주차,DNA 분석 기술,0,검수완료
schemareading-schema,S(스키마 개념어),7054,형광 염료,6,과학,기술,20주차,DNA 분석 기술,0,검수완료
schemareading-schema,S(스키마 개념어),7055,형광 표지,6,과학,기술,20주차,DNA 분석 기술,0,검수완료
schemareading-schema,S(스키마 개념어),6161,냉각제,1,과학,과학,18주차,"고체에서 기체로, 드라이아이스의 원리",0,검수완료
schemareading-schema,S(스키마 개념어),7056,탐침자,6,과학,기술,20주차,DNA 분석 기술,0,검수완료
schemareading-schema,S(스키마 개념어),7057,중합효소연쇄반응(PCR),6,과학,기술,20주차,DNA 분석 기술,0,검수완료
schemareading-schema,S(스키마 개념어),7058,실시간 중합효소연쇄반응,6,과학,기술,20주차,DNA 분석 기술,0,검수완료
schemareading-schema,S(스키마 개념어),7059,검체,6,과학,기술,20주차,DNA 분석 기술,0,검수완료
schemareading-schema,S(스키마 개념어),6162,현미경,1,과학,과학,19주차,작은 세계를 볼 수 있는 현미경에는 어떤 종류가 있을까?,0,검수완료
schemareading-schema,S(스키마 개념어),6163,광학현미경,1,과학,과학,19주차,작은 세계를 볼 수 있는 현미경에는 어떤 종류가 있을까?,0,검수완료
schemareading-schema,S(스키마 개념어),6164,접안렌즈,1,과학,과학,19주차,작은 세계를 볼 수 있는 현미경에는 어떤 종류가 있을까?,0,검수완료
schemareading-schema,S(스키마 개념어),6165,대물렌즈,1,과학,과학,19주차,작은 세계를 볼 수 있는 현미경에는 어떤 종류가 있을까?,0,검수완료
schemareading-schema,S(스키마 개념어),6166,전자현미경,1,과학,과학,19주차,작은 세계를 볼 수 있는 현미경에는 어떤 종류가 있을까?,0,검수완료
schemareading-schema,S(스키마 개념어),6167,감염병,1,과학,과학,20주차,감염병이란 무엇일까?,0,검수완료
schemareading-schema,S(스키마 개념어),6062,자력,1,과학,과학,2주차,자석은 어떻게 발견되었을까?,0,검수완료
schemareading-schema,S(스키마 개념어),6168,병원체,1,과학,과학,20주차,감염병이란 무엇일까?,0,검수완료
schemareading-schema,S(스키마 개념어),6169,전염병,1,과학,과학,20주차,감염병이란 무엇일까?,0,검수완료
schemareading-schema,S(스키마 개념어),6170,예방접종,1,과학,과학,20주차,감염병이란 무엇일까?,0,검수완료
schemareading-schema,S(스키마 개념어),6171,면역력,1,과학,과학,20주차,감염병이란 무엇일까?,0,검수완료
schemareading-schema,S(스키마 개념어),6172,속력,2,과학,과학,1주차,속력이란 무엇인가?,0,검수전
schemareading-schema,S(스키마 개념어),6173,거리,2,과학,과학,1주차,속력이란 무엇인가?,0,검수전
schemareading-schema,S(스키마 개념어),6174,시간,2,과학,과학,1주차,속력이란 무엇인가?,0,검수전
schemareading-schema,S(스키마 개념어),6175,초속,2,과학,과학,1주차,속력이란 무엇인가?,0,검수전
schemareading-schema,S(스키마 개념어),6176,음속,2,과학,과학,1주차,속력이란 무엇인가?,0,검수전
schemareading-schema,S(스키마 개념어),6177,광속,2,과학,과학,1주차,속력이란 무엇인가?,0,검수전
schemareading-schema,S(스키마 개념어),6063,소리의 세기,1,과학,과학,3주차,남자의 목소리가 저음인 까닭은?,0,검수완료
schemareading-schema,S(스키마 개념어),6178,대류,2,과학,과학,2주차,"에어컨은 위쪽, 난로는 아래쪽",0,검수전
schemareading-schema,S(스키마 개념어),6179,열기구,2,과학,과학,2주차,"에어컨은 위쪽, 난로는 아래쪽",0,검수전
schemareading-schema,S(스키마 개념어),6180,부피,2,과학,과학,2주차,"에어컨은 위쪽, 난로는 아래쪽",0,검수전
schemareading-schema,S(스키마 개념어),6181,전기,2,과학,과학,3주차,전기는 무엇일까?,0,검수전
schemareading-schema,S(스키마 개념어),6182,원자,2,과학,과학,3주차,전기는 무엇일까?,0,검수전
schemareading-schema,S(스키마 개념어),6183,전자,2,과학,과학,3주차,전기는 무엇일까?,0,검수전
schemareading-schema,S(스키마 개념어),6184,전류,2,과학,과학,3주차,전기는 무엇일까?,0,검수전
schemareading-schema,S(스키마 개념어),6185,발전소,2,과학,과학,3주차,전기는 무엇일까?,0,검수전
schemareading-schema,S(스키마 개념어),6186,송전용 변전소,2,과학,과학,3주차,전기는 무엇일까?,0,검수전
schemareading-schema,S(스키마 개념어),6187,배전용 변전소,2,과학,과학,3주차,전기는 무엇일까?,0,검수전
schemareading-schema,S(스키마 개념어),6064,높낮이,1,과학,과학,3주차,남자의 목소리가 저음인 까닭은?,0,검수완료
schemareading-schema,S(스키마 개념어),6188,변압기,2,과학,과학,3주차,전기는 무엇일까?,0,검수전
schemareading-schema,S(스키마 개념어),6189,단열 변화,2,과학,과학,4주차,뜨거운 음식을 먹을 때 후후 부는 이유는?,0,검수전
schemareading-schema,S(스키마 개념어),6190,단열 팽창,2,과학,과학,4주차,뜨거운 음식을 먹을 때 후후 부는 이유는?,0,검수전
schemareading-schema,S(스키마 개념어),6191,단열 수축,2,과학,과학,4주차,뜨거운 음식을 먹을 때 후후 부는 이유는?,0,검수전
schemareading-schema,S(스키마 개념어),6192,열전도,2,과학,과학,5주차,열의 움직임을 추적하라!,0,검수전
schemareading-schema,S(스키마 개념어),6193,열전도율,2,과학,과학,5주차,열의 움직임을 추적하라!,0,검수전
schemareading-schema,S(스키마 개념어),6194,단열,2,과학,과학,5주차,열의 움직임을 추적하라!,0,검수전
schemareading-schema,S(스키마 개념어),6195,진공,2,과학,과학,5주차,열의 움직임을 추적하라!,0,검수전
schemareading-schema,S(스키마 개념어),6196,보온병,2,과학,과학,5주차,열의 움직임을 추적하라!,0,검수전
schemareading-schema,S(스키마 개념어),6065,음색,1,과학,과학,3주차,남자의 목소리가 저음인 까닭은?,0,검수완료
schemareading-schema,S(스키마 개념어),6197,단열재,2,과학,과학,5주차,열의 움직임을 추적하라!,0,검수전
schemareading-schema,S(스키마 개념어),6198,이글루,2,과학,과학,5주차,열의 움직임을 추적하라!,0,검수전
schemareading-schema,S(스키마 개념어),6199,빛의 굴절,2,과학,과학,6주차,빛의 굴절을 이용한 착시 현상,0,검수전
schemareading-schema,S(스키마 개념어),6200,신기루,2,과학,과학,6주차,빛의 굴절을 이용한 착시 현상,0,검수전
schemareading-schema,S(스키마 개념어),6201,별빛,2,과학,과학,6주차,빛의 굴절을 이용한 착시 현상,0,검수전
schemareading-schema,S(스키마 개념어),6202,각막,2,과학,과학,7주차,"눈과 시각, 렌즈",0,검수전
schemareading-schema,S(스키마 개념어),6203,동공,2,과학,과학,7주차,"눈과 시각, 렌즈",0,검수전
schemareading-schema,S(스키마 개념어),6204,수정체,2,과학,과학,7주차,"눈과 시각, 렌즈",0,검수전
schemareading-schema,S(스키마 개념어),6205,유리체,2,과학,과학,7주차,"눈과 시각, 렌즈",0,검수전
schemareading-schema,S(스키마 개념어),6066,파동,1,과학,과학,3주차,남자의 목소리가 저음인 까닭은?,0,검수완료
schemareading-schema,S(스키마 개념어),6206,망막,2,과학,과학,7주차,"눈과 시각, 렌즈",0,검수전
schemareading-schema,S(스키마 개념어),6207,시신경,2,과학,과학,7주차,"눈과 시각, 렌즈",0,검수전
schemareading-schema,S(스키마 개념어),6208,렌즈,2,과학,과학,7주차,"눈과 시각, 렌즈",0,검수전
schemareading-schema,S(스키마 개념어),6209,근시,2,과학,과학,7주차,"눈과 시각, 렌즈",0,검수전
schemareading-schema,S(스키마 개념어),6210,원시,2,과학,과학,7주차,"눈과 시각, 렌즈",0,검수전
schemareading-schema,S(스키마 개념어),6211,난시,2,과학,과학,7주차,"눈과 시각, 렌즈",0,검수전
schemareading-schema,S(스키마 개념어),6212,지시약,2,과학,과학,8주차,산성인지 염기성인지 내가 알려주마!,0,검수전
schemareading-schema,S(스키마 개념어),6213,산성,2,과학,과학,8주차,산성인지 염기성인지 내가 알려주마!,0,검수전
schemareading-schema,S(스키마 개념어),6214,중성,2,과학,과학,8주차,산성인지 염기성인지 내가 알려주마!,0,검수전
schemareading-schema,S(스키마 개념어),6215,염기성,2,과학,과학,8주차,산성인지 염기성인지 내가 알려주마!,0,검수전
schemareading-schema,S(스키마 개념어),6067,진동수,1,과학,과학,3주차,남자의 목소리가 저음인 까닭은?,0,검수완료
schemareading-schema,S(스키마 개념어),6216,pH,2,과학,과학,8주차,산성인지 염기성인지 내가 알려주마!,0,검수전
schemareading-schema,S(스키마 개념어),6217,소변검사,2,과학,과학,8주차,산성인지 염기성인지 내가 알려주마!,0,검수전
schemareading-schema,S(스키마 개념어),6218,연소,2,과학,과학,9주차,불을 끄는 방법도 상황에 따라 다르다.,0,검수전
schemareading-schema,S(스키마 개념어),6219,발화점,2,과학,과학,9주차,불을 끄는 방법도 상황에 따라 다르다.,0,검수전
schemareading-schema,S(스키마 개념어),6220,소화7,2,과학,과학,9주차,불을 끄는 방법도 상황에 따라 다르다.,0,검수전
schemareading-schema,S(스키마 개념어),6221,냉각 소화법,2,과학,과학,9주차,불을 끄는 방법도 상황에 따라 다르다.,0,검수전
schemareading-schema,S(스키마 개념어),6222,제거 소화법,2,과학,과학,9주차,불을 끄는 방법도 상황에 따라 다르다.,0,검수전
schemareading-schema,S(스키마 개념어),6223,질식 소화법,2,과학,과학,9주차,불을 끄는 방법도 상황에 따라 다르다.,0,검수전
schemareading-schema,S(스키마 개념어),6224,세포 소기관,2,과학,과학,10주차,"작은 세포 속에 더 작은 기관들, 세포 소기관.",0,검수전
schemareading-schema,S(스키마 개념어),6225,세포핵,2,과학,과학,10주차,"작은 세포 속에 더 작은 기관들, 세포 소기관.",0,검수전
schemareading-schema,S(스키마 개념어),6068,초음파,1,과학,과학,3주차,남자의 목소리가 저음인 까닭은?,0,검수완료
schemareading-schema,S(스키마 개념어),6226,미토콘드리아,2,과학,과학,10주차,"작은 세포 속에 더 작은 기관들, 세포 소기관.",0,검수전
schemareading-schema,S(스키마 개념어),6227,세포막,2,과학,과학,10주차,"작은 세포 속에 더 작은 기관들, 세포 소기관.",0,검수전
schemareading-schema,S(스키마 개념어),6228,소포체,2,과학,과학,10주차,"작은 세포 속에 더 작은 기관들, 세포 소기관.",0,검수전
schemareading-schema,S(스키마 개념어),6229,골지체,2,과학,과학,10주차,"작은 세포 속에 더 작은 기관들, 세포 소기관.",0,검수전
schemareading-schema,S(스키마 개념어),6230,동물세포,2,과학,과학,10주차,"작은 세포 속에 더 작은 기관들, 세포 소기관.",0,검수전
schemareading-schema,S(스키마 개념어),6231,식물세포,2,과학,과학,10주차,"작은 세포 속에 더 작은 기관들, 세포 소기관.",0,검수전
schemareading-schema,S(스키마 개념어),6232,소화6,2,과학,과학,11주차,우리 몸의 소화 과정,0,검수전
schemareading-schema,S(스키마 개념어),6233,입,2,과학,과학,11주차,우리 몸의 소화 과정,0,검수전
schemareading-schema,S(스키마 개념어),6234,식도,2,과학,과학,11주차,우리 몸의 소화 과정,0,검수전
schemareading-schema,S(스키마 개념어),6235,위,2,과학,과학,11주차,우리 몸의 소화 과정,0,검수전
schemareading-schema,S(스키마 개념어),6069,고체,1,과학,과학,4주차,물체를 이루는 물질의 성질,0,검수완료
schemareading-schema,S(스키마 개념어),6236,작은창자,2,과학,과학,11주차,우리 몸의 소화 과정,0,검수전
schemareading-schema,S(스키마 개념어),6237,큰창자,2,과학,과학,11주차,우리 몸의 소화 과정,0,검수전
schemareading-schema,S(스키마 개념어),6238,간,2,과학,과학,11주차,우리 몸의 소화 과정,0,검수전
schemareading-schema,S(스키마 개념어),6239,쓸개,2,과학,과학,11주차,우리 몸의 소화 과정,0,검수전
schemareading-schema,S(스키마 개념어),6240,이자,2,과학,과학,11주차,우리 몸의 소화 과정,0,검수전
schemareading-schema,S(스키마 개념어),6241,침샘,2,과학,과학,11주차,우리 몸의 소화 과정,0,검수전
schemareading-schema,S(스키마 개념어),6242,광합성,2,과학,과학,12주차,식물은 광합성으로 무엇을 만들까?,0,검수전
schemareading-schema,S(스키마 개념어),6243,포도당,2,과학,과학,12주차,식물은 광합성으로 무엇을 만들까?,0,검수전
schemareading-schema,S(스키마 개념어),6244,녹말,2,과학,과학,12주차,식물은 광합성으로 무엇을 만들까?,0,검수전
schemareading-schema,S(스키마 개념어),6245,녹말잎,2,과학,과학,12주차,식물은 광합성으로 무엇을 만들까?,0,검수전
schemareading-schema,S(스키마 개념어),6052,저울추,1,과학,과학,1주차,무게를 재는 방법,0,검수완료
schemareading-schema,S(스키마 개념어),6070,액체,1,과학,과학,4주차,물체를 이루는 물질의 성질,0,검수완료
schemareading-schema,S(스키마 개념어),6246,당잎,2,과학,과학,12주차,식물은 광합성으로 무엇을 만들까?,0,검수전
schemareading-schema,S(스키마 개념어),6247,광합성 산물의 저장,2,과학,과학,12주차,식물은 광합성으로 무엇을 만들까?,0,검수전
schemareading-schema,S(스키마 개념어),6248,화석,2,과학,과학,13주차,화석이 지구의 역사를 알려줄까?,0,검수전
schemareading-schema,S(스키마 개념어),6249,선캄브리아,2,과학,과학,13주차,화석이 지구의 역사를 알려줄까?,0,검수전
schemareading-schema,S(스키마 개념어),6250,고생대,2,과학,과학,13주차,화석이 지구의 역사를 알려줄까?,0,검수전
schemareading-schema,S(스키마 개념어),6251,삼엽충,2,과학,과학,13주차,화석이 지구의 역사를 알려줄까?,0,검수전
schemareading-schema,S(스키마 개념어),6252,고사리 화석,2,과학,과학,13주차,화석이 지구의 역사를 알려줄까?,0,검수전
schemareading-schema,S(스키마 개념어),6253,중생대,2,과학,과학,13주차,화석이 지구의 역사를 알려줄까?,0,검수전
schemareading-schema,S(스키마 개념어),6254,공룡,2,과학,과학,13주차,화석이 지구의 역사를 알려줄까?,0,검수전
schemareading-schema,S(스키마 개념어),6255,신생대,2,과학,과학,13주차,화석이 지구의 역사를 알려줄까?,0,검수전
schemareading-schema,S(스키마 개념어),6071,기체,1,과학,과학,4주차,물체를 이루는 물질의 성질,0,검수완료
schemareading-schema,S(스키마 개념어),6256,화폐석,2,과학,과학,13주차,화석이 지구의 역사를 알려줄까?,0,검수전
schemareading-schema,S(스키마 개념어),6257,화학반응,2,과학,과학,14주차,생명 활동이 이뤄지는 곳에서 나타나는 화학 반응,0,검수전
schemareading-schema,S(스키마 개념어),6258,소화,2,과학,과학,14주차,생명 활동이 이뤄지는 곳에서 나타나는 화학 반응,0,검수전
schemareading-schema,S(스키마 개념어),6259,세포 호흡,2,과학,과학,14주차,생명 활동이 이뤄지는 곳에서 나타나는 화학 반응,0,검수전
schemareading-schema,S(스키마 개념어),6260,지층,2,과학,과학,15주차,생명 활동이 이뤄지는 곳에서 나타나는 화학 반응,0,검수전
schemareading-schema,S(스키마 개념어),6261,퇴적물,2,과학,과학,15주차,생명 활동이 이뤄지는 곳에서 나타나는 화학 반응,0,검수전
schemareading-schema,S(스키마 개념어),6262,층리,2,과학,과학,15주차,생명 활동이 이뤄지는 곳에서 나타나는 화학 반응,0,검수전
schemareading-schema,S(스키마 개념어),6263,단층,2,과학,과학,15주차,생명 활동이 이뤄지는 곳에서 나타나는 화학 반응,0,검수전
schemareading-schema,S(스키마 개념어),6264,천동설,2,과학,과학,16주차,낮과 밤이 생기는 까닭,0,검수전
schemareading-schema,S(스키마 개념어),6072,겉보기 성질,1,과학,과학,4주차,물체를 이루는 물질의 성질,0,검수완료
schemareading-schema,S(스키마 개념어),6265,지동설,2,과학,과학,16주차,낮과 밤이 생기는 까닭,0,검수전
schemareading-schema,S(스키마 개념어),6266,자전,2,과학,과학,16주차,낮과 밤이 생기는 까닭,0,검수전
schemareading-schema,S(스키마 개념어),6267,자전 주기,2,과학,과학,16주차,낮과 밤이 생기는 까닭,0,검수전
schemareading-schema,S(스키마 개념어),6268,공전,2,과학,과학,16주차,낮과 밤이 생기는 까닭,0,검수전
schemareading-schema,S(스키마 개념어),6269,공전 주기,2,과학,과학,16주차,낮과 밤이 생기는 까닭,0,검수전
schemareading-schema,S(스키마 개념어),6270,비중,2,과학,과학,17주차,우리가 물 위에 뜰 수 있는 이유는?,0,검수전
schemareading-schema,S(스키마 개념어),6271,부력,2,과학,과학,17주차,우리가 물 위에 뜰 수 있는 이유는?,0,검수전
schemareading-schema,S(스키마 개념어),6272,백야,2,과학,과학,18주차,하루 종일 낮이면 어떻게 살지?,0,검수전
schemareading-schema,S(스키마 개념어),6273,극야,2,과학,과학,18주차,하루 종일 낮이면 어떻게 살지?,0,검수전
schemareading-schema,S(스키마 개념어),6073,녹는점,1,과학,과학,4주차,물체를 이루는 물질의 성질,0,검수완료
schemareading-schema,S(스키마 개념어),6274,자전축,2,과학,과학,18주차,하루 종일 낮이면 어떻게 살지?,0,검수전
schemareading-schema,S(스키마 개념어),6275,북반구,2,과학,과학,18주차,하루 종일 낮이면 어떻게 살지?,0,검수전
schemareading-schema,S(스키마 개념어),6276,남반구,2,과학,과학,18주차,하루 종일 낮이면 어떻게 살지?,0,검수전
schemareading-schema,S(스키마 개념어),6277,비만,2,과학,과학,19주차,비만과 다이어트,0,검수전
schemareading-schema,S(스키마 개념어),6278,다이어트,2,과학,과학,19주차,비만과 다이어트,0,검수전
schemareading-schema,S(스키마 개념어),6279,요요현상,2,과학,과학,19주차,비만과 다이어트,0,검수전
schemareading-schema,S(스키마 개념어),6280,고혈압,2,과학,과학,19주차,비만과 다이어트,0,검수전
schemareading-schema,S(스키마 개념어),6281,당뇨,2,과학,과학,19주차,비만과 다이어트,0,검수전
schemareading-schema,S(스키마 개념어),6282,식이장애,2,과학,과학,19주차,비만과 다이어트,0,검수전
schemareading-schema,S(스키마 개념어),6283,우주탐사,2,과학,과학,20주차,더 멀리 더 높이 지구 빡으로 나가자!,0,검수전
schemareading-schema,S(스키마 개념어),6074,어는점,1,과학,과학,4주차,물체를 이루는 물질의 성질,0,검수완료
schemareading-schema,S(스키마 개념어),6284,인공위성,2,과학,과학,20주차,더 멀리 더 높이 지구 빡으로 나가자!,0,검수전
schemareading-schema,S(스키마 개념어),6285,우주정거장,2,과학,과학,20주차,더 멀리 더 높이 지구 빡으로 나가자!,0,검수전
schemareading-schema,S(스키마 개념어),6286,우주탐사선,2,과학,과학,20주차,더 멀리 더 높이 지구 빡으로 나가자!,0,검수전
schemareading-schema,S(스키마 개념어),6287,우주로봇,2,과학,과학,20주차,더 멀리 더 높이 지구 빡으로 나가자!,0,검수전
schemareading-schema,S(스키마 개념어),6288,NASA,2,과학,과학,20주차,더 멀리 더 높이 지구 빡으로 나가자!,0,검수전
schemareading-schema,S(스키마 개념어),6289,중력,3,과학,물리,1주차,다양한 힘,0,검수전
schemareading-schema,S(스키마 개념어),6290,힘,3,과학,물리,1주차,다양한 힘,0,검수전
schemareading-schema,S(스키마 개념어),6291,질량,3,과학,물리,1주차,다양한 힘,0,검수전
schemareading-schema,S(스키마 개념어),6075,끓는점,1,과학,과학,4주차,물체를 이루는 물질의 성질,0,검수완료
schemareading-schema,S(스키마 개념어),6292,탄성력,3,과학,물리,1주차,다양한 힘,0,검수전
schemareading-schema,S(스키마 개념어),6293,마찰력,3,과학,물리,2주차,운동을 못 하도록 방해하는 힘,0,검수전
schemareading-schema,S(스키마 개념어),6294,운동,3,과학,물리,2주차,운동을 못 하도록 방해하는 힘,0,검수전
schemareading-schema,S(스키마 개념어),6295,마찰력의 방향,3,과학,물리,2주차,운동을 못 하도록 방해하는 힘,0,검수전
schemareading-schema,S(스키마 개념어),6296,마찰력의 크기,3,과학,물리,2주차,운동을 못 하도록 방해하는 힘,0,검수전
schemareading-schema,S(스키마 개념어),6297,거칠기,3,과학,물리,2주차,운동을 못 하도록 방해하는 힘,0,검수전
schemareading-schema,S(스키마 개념어),6298,광원,3,과학,물리,3주차,빛은 어떻게 움직일까?,0,검수전
schemareading-schema,S(스키마 개념어),6299,빛의 직진,3,과학,물리,3주차,빛은 어떻게 움직일까?,0,검수전
schemareading-schema,S(스키마 개념어),6300,빛의 반사,3,과학,물리,3주차,빛은 어떻게 움직일까?,0,검수전
schemareading-schema,S(스키마 개념어),6301,빛의 합성,3,과학,물리,3주차,빛은 어떻게 움직일까?,0,검수전
schemareading-schema,S(스키마 개념어),6076,밀도,1,과학,과학,4주차,물체를 이루는 물질의 성질,0,검수완료
schemareading-schema,S(스키마 개념어),6302,매질,3,과학,물리,4주차,소리는 어떻게 전달 되는가?,0,검수전
schemareading-schema,S(스키마 개념어),6303,횡파,3,과학,물리,4주차,소리는 어떻게 전달 되는가?,0,검수전
schemareading-schema,S(스키마 개념어),6304,종파,3,과학,물리,4주차,소리는 어떻게 전달 되는가?,0,검수전
schemareading-schema,S(스키마 개념어),6305,파장,3,과학,물리,4주차,소리는 어떻게 전달 되는가?,0,검수전
schemareading-schema,S(스키마 개념어),6306,진폭,3,과학,물리,4주차,소리는 어떻게 전달 되는가?,0,검수전
schemareading-schema,S(스키마 개념어),6307,대전,3,과학,물리,5주차,정전기는 왜 겨울에 자주 발생하지?,0,검수전
schemareading-schema,S(스키마 개념어),6308,전하,3,과학,물리,5주차,정전기는 왜 겨울에 자주 발생하지?,0,검수전
schemareading-schema,S(스키마 개념어),6077,용액,1,과학,과학,4주차,물체를 이루는 물질의 성질,0,검수완료
schemareading-schema,S(스키마 개념어),6309,정전기,3,과학,물리,5주차,정전기는 왜 겨울에 자주 발생하지?,0,검수전
schemareading-schema,S(스키마 개념어),6310,전압,3,과학,물리,5주차,정전기는 왜 겨울에 자주 발생하지?,0,검수전
schemareading-schema,S(스키마 개념어),6311,저항,3,과학,물리,5주차,정전기는 왜 겨울에 자주 발생하지?,0,검수전
schemareading-schema,S(스키마 개념어),6312,옴의 법칙,3,과학,물리,5주차,정전기는 왜 겨울에 자주 발생하지?,0,검수전
schemareading-schema,S(스키마 개념어),6313,지각,3,과학,지구과학,6주차,돌의 순환,0,검수전
schemareading-schema,S(스키마 개념어),6314,화성암,3,과학,지구과학,6주차,돌의 순환,0,검수전
schemareading-schema,S(스키마 개념어),6315,퇴적암,3,과학,지구과학,6주차,돌의 순환,0,검수전
schemareading-schema,S(스키마 개념어),6316,변성암,3,과학,지구과학,6주차,돌의 순환,0,검수전
schemareading-schema,S(스키마 개념어),6078,용해도,1,과학,과학,4주차,물체를 이루는 물질의 성질,0,검수완료
schemareading-schema,S(스키마 개념어),6317,암석의 순환,3,과학,지구과학,6주차,돌의 순환,0,검수전
schemareading-schema,S(스키마 개념어),6318,화산 활동,3,과학,지구과학,7주차,화산 활동이 자주 일어나는 곳,0,검수전
schemareading-schema,S(스키마 개념어),6319,대륙이동설,3,과학,지구과학,7주차,화산 활동이 자주 일어나는 곳,0,검수전
schemareading-schema,S(스키마 개념어),6320,판구조론,3,과학,지구과학,7주차,화산 활동이 자주 일어나는 곳,0,검수전
schemareading-schema,S(스키마 개념어),6321,화산대,3,과학,지구과학,7주차,화산 활동이 자주 일어나는 곳,0,검수전
schemareading-schema,S(스키마 개념어),6322,지진대,3,과학,지구과학,7주차,화산 활동이 자주 일어나는 곳,0,검수전
schemareading-schema,S(스키마 개념어),6323,지구의 자전,3,과학,지구과학,8주차,지구의 움직임,0,검수전
schemareading-schema,S(스키마 개념어),6324,일주 운동,3,과학,지구과학,8주차,지구의 움직임,0,검수전
schemareading-schema,S(스키마 개념어),6325,별자리,3,과학,지구과학,8주차,지구의 움직임,0,검수전
schemareading-schema,S(스키마 개념어),6079,바다,1,과학,과학,5주차,지구의 물,0,검수완료
schemareading-schema,S(스키마 개념어),6326,연주 운동,3,과학,지구과학,8주차,지구의 움직임,0,검수전
schemareading-schema,S(스키마 개념어),6327,황도,3,과학,지구과학,8주차,지구의 움직임,0,검수전
schemareading-schema,S(스키마 개념어),6328,지구의 공전,3,과학,지구과학,8주차,지구의 움직임,0,검수전
schemareading-schema,S(스키마 개념어),6329,흑점,3,과학,지구과학,9주차,태양이 강해질 때 나타나는 현상,0,검수전
schemareading-schema,S(스키마 개념어),6330,홍염,3,과학,지구과학,9주차,태양이 강해질 때 나타나는 현상,0,검수전
schemareading-schema,S(스키마 개념어),6331,채층,3,과학,지구과학,9주차,태양이 강해질 때 나타나는 현상,0,검수전
schemareading-schema,S(스키마 개념어),6332,플레어,3,과학,지구과학,9주차,태양이 강해질 때 나타나는 현상,0,검수전
schemareading-schema,S(스키마 개념어),6333,코로나,3,과학,지구과학,9주차,태양이 강해질 때 나타나는 현상,0,검수전
schemareading-schema,S(스키마 개념어),6334,태양풍,3,과학,지구과학,9주차,태양이 강해질 때 나타나는 현상,0,검수전
schemareading-schema,S(스키마 개념어),6335,자기폭풍,3,과학,지구과학,9주차,태양이 강해질 때 나타나는 현상,0,검수전
schemareading-schema,S(스키마 개념어),6053,무게,1,과학,과학,1주차,무게를 재는 방법,0,검수완료
schemareading-schema,S(스키마 개념어),6080,빙하,1,과학,과학,5주차,지구의 물,0,검수완료
schemareading-schema,S(스키마 개념어),6336,오로라,3,과학,지구과학,9주차,태양이 강해질 때 나타나는 현상,0,검수전
schemareading-schema,S(스키마 개념어),6337,생물의 다양성,3,과학,생명과학,10주차,생물의 종류,0,검수전
schemareading-schema,S(스키마 개념어),6338,변이,3,과학,생명과학,10주차,생물의 종류,0,검수전
schemareading-schema,S(스키마 개념어),6339,생물 분류,3,과학,생명과학,10주차,생물의 종류,0,검수전
schemareading-schema,S(스키마 개념어),6340,계,3,과학,생명과학,10주차,생물의 종류,0,검수전
schemareading-schema,S(스키마 개념어),6341,종,3,과학,생명과학,10주차,생물의 종류,0,검수전
schemareading-schema,S(스키마 개념어),6342,생태계,3,과학,생명과학,11주차,"생물들의 사회, 생태계",0,검수전
schemareading-schema,S(스키마 개념어),6343,멸종,3,과학,생명과학,11주차,"생물들의 사회, 생태계",0,검수전
schemareading-schema,S(스키마 개념어),6344,외래생물,3,과학,생명과학,11주차,"생물들의 사회, 생태계",0,검수전
schemareading-schema,S(스키마 개념어),6081,하천,1,과학,과학,5주차,지구의 물,0,검수완료
schemareading-schema,S(스키마 개념어),6345,빛에너지,3,과학,생명과학,12주차,식물이 영양분을 만드는 방법,0,검수전
schemareading-schema,S(스키마 개념어),6346,엽록체,3,과학,생명과학,12주차,식물이 영양분을 만드는 방법,0,검수전
schemareading-schema,S(스키마 개념어),6347,기공,3,과학,생명과학,12주차,식물이 영양분을 만드는 방법,0,검수전
schemareading-schema,S(스키마 개념어),6348,이산화탄소,3,과학,생명과학,12주차,식물이 영양분을 만드는 방법,0,검수전
schemareading-schema,S(스키마 개념어),6349,모세관현상,3,과학,생명과학,12주차,식물이 영양분을 만드는 방법,0,검수전
schemareading-schema,S(스키마 개념어),6350,산소,3,과학,생명과학,13주차,식물은 어떻게 호흡을 할까?,0,검수전
schemareading-schema,S(스키마 개념어),6351,식물의 호흡,3,과학,생명과학,13주차,식물은 어떻게 호흡을 할까?,0,검수전
schemareading-schema,S(스키마 개념어),6082,호수,1,과학,과학,5주차,지구의 물,0,검수완료
schemareading-schema,S(스키마 개념어),6352,기관계,3,과학,생명과학,14주차,사람은 어떻게 에너지를 얻을까?,0,검수전
schemareading-schema,S(스키마 개념어),6353,영양소,3,과학,생명과학,14주차,사람은 어떻게 에너지를 얻을까?,0,검수전
schemareading-schema,S(스키마 개념어),6354,소화계,3,과학,생명과학,14주차,사람은 어떻게 에너지를 얻을까?,0,검수전
schemareading-schema,S(스키마 개념어),6355,소화 효소,3,과학,생명과학,14주차,사람은 어떻게 에너지를 얻을까?,0,검수전
schemareading-schema,S(스키마 개념어),6356,순환계,3,과학,생명과학,14주차,사람은 어떻게 에너지를 얻을까?,0,검수전
schemareading-schema,S(스키마 개념어),6357,심장,3,과학,생명과학,14주차,사람은 어떻게 에너지를 얻을까?,0,검수전
schemareading-schema,S(스키마 개념어),6358,혈관,3,과학,생명과학,14주차,사람은 어떻게 에너지를 얻을까?,0,검수전
schemareading-schema,S(스키마 개념어),6359,호흡,3,과학,생명과학,15주차,호흡과 배설,0,검수전
schemareading-schema,S(스키마 개념어),6360,호흡계,3,과학,생명과학,15주차,호흡과 배설,0,검수전
schemareading-schema,S(스키마 개념어),6083,지하수,1,과학,과학,5주차,지구의 물,0,검수완료
schemareading-schema,S(스키마 개념어),6361,폐포,3,과학,생명과학,15주차,호흡과 배설,0,검수전
schemareading-schema,S(스키마 개념어),6362,배설,3,과학,생명과학,15주차,호흡과 배설,0,검수전
schemareading-schema,S(스키마 개념어),6363,배설계,3,과학,생명과학,15주차,호흡과 배설,0,검수전
schemareading-schema,S(스키마 개념어),6364,콩팥,3,과학,생명과학,15주차,호흡과 배설,0,검수전
schemareading-schema,S(스키마 개념어),6365,네프론,3,과학,생명과학,15주차,호흡과 배설,0,검수전
schemareading-schema,S(스키마 개념어),6366,입자,3,과학,화학,16주차,기체는 항상 움직인다.,0,검수전
schemareading-schema,S(스키마 개념어),6367,입자의 운동,3,과학,화학,16주차,기체는 항상 움직인다.,0,검수전
schemareading-schema,S(스키마 개념어),6368,기체의 확산,3,과학,화학,16주차,기체는 항상 움직인다.,0,검수전
schemareading-schema,S(스키마 개념어),6369,증발 현상,3,과학,화학,16주차,기체는 항상 움직인다.,0,검수전
schemareading-schema,S(스키마 개념어),6084,수증기,1,과학,과학,5주차,지구의 물,0,검수완료
schemareading-schema,S(스키마 개념어),6370,압력,3,과학,화학,17주차,하늘 높이 올라간 풍선은 왜 터질까?,0,검수전
schemareading-schema,S(스키마 개념어),6371,대기압,3,과학,화학,17주차,하늘 높이 올라간 풍선은 왜 터질까?,0,검수전
schemareading-schema,S(스키마 개념어),6372,보일 법칙,3,과학,화학,17주차,하늘 높이 올라간 풍선은 왜 터질까?,0,검수전
schemareading-schema,S(스키마 개념어),6373,온도,3,과학,화학,17주차,하늘 높이 올라간 풍선은 왜 터질까?,0,검수전
schemareading-schema,S(스키마 개념어),6374,샤를 법칙,3,과학,화학,17주차,하늘 높이 올라간 풍선은 왜 터질까?,0,검수전
schemareading-schema,S(스키마 개념어),6375,융해,3,과학,화학,18주차,물질의 상태 변화,0,검수전
schemareading-schema,S(스키마 개념어),6376,응고,3,과학,화학,18주차,물질의 상태 변화,0,검수전
schemareading-schema,S(스키마 개념어),6085,구름,1,과학,과학,5주차,지구의 물,0,검수완료
schemareading-schema,S(스키마 개념어),6377,기화,3,과학,화학,18주차,물질의 상태 변화,0,검수전
schemareading-schema,S(스키마 개념어),6378,액화,3,과학,화학,18주차,물질의 상태 변화,0,검수전
schemareading-schema,S(스키마 개념어),6379,열에너지,3,과학,화학,19주차,상태 변화시 나타나는 열,0,검수전
schemareading-schema,S(스키마 개념어),6380,융해열,3,과학,화학,19주차,상태 변화시 나타나는 열,0,검수전
schemareading-schema,S(스키마 개념어),6381,기화열,3,과학,화학,19주차,상태 변화시 나타나는 열,0,검수전
schemareading-schema,S(스키마 개념어),6382,승화열,3,과학,화학,19주차,상태 변화시 나타나는 열,0,검수전
schemareading-schema,S(스키마 개념어),6383,응고열,3,과학,화학,19주차,상태 변화시 나타나는 열,0,검수전
schemareading-schema,S(스키마 개념어),6384,액화열,3,과학,화학,19주차,상태 변화시 나타나는 열,0,검수전
schemareading-schema,S(스키마 개념어),6385,원소,3,과학,화학,20주차,원소와 원자와 분자의 차이,0,검수전
schemareading-schema,S(스키마 개념어),6086,눈,1,과학,과학,5주차,지구의 물,0,검수완료
schemareading-schema,S(스키마 개념어),6386,불꽃반응,3,과학,화학,20주차,원소와 원자와 분자의 차이,0,검수전
schemareading-schema,S(스키마 개념어),6387,스펙트럼,3,과학,화학,20주차,원소와 원자와 분자의 차이,0,검수전
schemareading-schema,S(스키마 개념어),6388,분광기,3,과학,화학,20주차,원소와 원자와 분자의 차이,0,검수전
schemareading-schema,S(스키마 개념어),6389,원자핵,3,과학,화학,20주차,원소와 원자와 분자의 차이,0,검수전
schemareading-schema,S(스키마 개념어),6390,분자,3,과학,화학,20주차,원소와 원자와 분자의 차이,0,검수전
schemareading-schema,S(스키마 개념어),6391,자기력,4,과학,물리,1주차,전류가 만드는 자기장,0,검수전
schemareading-schema,S(스키마 개념어),6392,자기장,4,과학,물리,1주차,전류가 만드는 자기장,0,검수전
schemareading-schema,S(스키마 개념어),6393,전자석,4,과학,물리,1주차,전류가 만드는 자기장,0,검수전
schemareading-schema,S(스키마 개념어),6087,얼음,1,과학,과학,5주차,지구의 물,0,검수완료
schemareading-schema,S(스키마 개념어),6394,자기화,4,과학,물리,1주차,전류가 만드는 자기장,0,검수전
schemareading-schema,S(스키마 개념어),6395,전동기,4,과학,물리,1주차,전류가 만드는 자기장,0,검수전
schemareading-schema,S(스키마 개념어),6396,전도,4,과학,물리,2주차,열의 이동,0,검수전
schemareading-schema,S(스키마 개념어),6397,복사,4,과학,물리,2주차,열의 이동,0,검수전
schemareading-schema,S(스키마 개념어),6398,열평형,4,과학,물리,2주차,열의 이동,0,검수전
schemareading-schema,S(스키마 개념어),6399,열량,4,과학,물리,3주차,열을 받으면 커지는 것들이 있다고?,0,검수전
schemareading-schema,S(스키마 개념어),6400,비열,4,과학,물리,3주차,열을 받으면 커지는 것들이 있다고?,0,검수전
schemareading-schema,S(스키마 개념어),6401,열팽창,4,과학,물리,3주차,열을 받으면 커지는 것들이 있다고?,0,검수전
schemareading-schema,S(스키마 개념어),6088,수권,1,과학,과학,5주차,지구의 물,0,검수완료
schemareading-schema,S(스키마 개념어),6402,바이메탈,4,과학,물리,3주차,열을 받으면 커지는 것들이 있다고?,0,검수전
schemareading-schema,S(스키마 개념어),6403,이동거리,4,과학,물리,4주차,물체가 어떻게 운동을 할 수 있을까?,0,검수전
schemareading-schema,S(스키마 개념어),6404,등속운동,4,과학,물리,4주차,물체가 어떻게 운동을 할 수 있을까?,0,검수전
schemareading-schema,S(스키마 개념어),6405,공기저항,4,과학,물리,4주차,물체가 어떻게 운동을 할 수 있을까?,0,검수전
schemareading-schema,S(스키마 개념어),6406,자유낙하운동,4,과학,물리,4주차,물체가 어떻게 운동을 할 수 있을까?,0,검수전
schemareading-schema,S(스키마 개념어),6407,일,4,과학,물리,5주차,일을 하는데 어떻게 에너지가 생기지?,0,검수전
schemareading-schema,S(스키마 개념어),6408,일의 양,4,과학,물리,5주차,일을 하는데 어떻게 에너지가 생기지?,0,검수전
schemareading-schema,S(스키마 개념어),6409,에너지,4,과학,물리,5주차,일을 하는데 어떻게 에너지가 생기지?,0,검수전
schemareading-schema,S(스키마 개념어),6410,운동에너지,4,과학,물리,5주차,일을 하는데 어떻게 에너지가 생기지?,0,검수전
schemareading-schema,S(스키마 개념어),6089,뿌리,1,과학,과학,6주차,식물의 구조와 기능,0,검수완료
schemareading-schema,S(스키마 개념어),6411,위치에너지,4,과학,물리,5주차,일을 하는데 어떻게 에너지가 생기지?,0,검수전
schemareading-schema,S(스키마 개념어),6412,혼합층,4,과학,지구과학,6주차,바다마다 온도가 다른 이유,0,검수전
schemareading-schema,S(스키마 개념어),6413,수온 약층,4,과학,지구과학,6주차,바다마다 온도가 다른 이유,0,검수전
schemareading-schema,S(스키마 개념어),6414,심해층,4,과학,지구과학,6주차,바다마다 온도가 다른 이유,0,검수전
schemareading-schema,S(스키마 개념어),6415,염류,4,과학,지구과학,6주차,바다마다 온도가 다른 이유,0,검수전
schemareading-schema,S(스키마 개념어),6416,염분,4,과학,지구과학,6주차,바다마다 온도가 다른 이유,0,검수전
schemareading-schema,S(스키마 개념어),6417,염분비 일정법칙,4,과학,지구과학,6주차,바다마다 온도가 다른 이유,0,검수전
schemareading-schema,S(스키마 개념어),6418,해류,4,과학,지구과학,7주차,바닷물의 움직임,0,검수전
schemareading-schema,S(스키마 개념어),6419,난류,4,과학,지구과학,7주차,바닷물의 움직임,0,검수전
schemareading-schema,S(스키마 개념어),6420,한류,4,과학,지구과학,7주차,바닷물의 움직임,0,검수전
schemareading-schema,S(스키마 개념어),6054,용수철 저울,1,과학,과학,1주차,무게를 재는 방법,0,검수완료
schemareading-schema,S(스키마 개념어),6090,줄기,1,과학,과학,6주차,식물의 구조와 기능,0,검수완료
schemareading-schema,S(스키마 개념어),6421,조석,4,과학,지구과학,7주차,바닷물의 움직임,0,검수전
schemareading-schema,S(스키마 개념어),6422,만조,4,과학,지구과학,7주차,바닷물의 움직임,0,검수전
schemareading-schema,S(스키마 개념어),6423,간조,4,과학,지구과학,7주차,바닷물의 움직임,0,검수전
schemareading-schema,S(스키마 개념어),6424,조차,4,과학,지구과학,7주차,바닷물의 움직임,0,검수전
schemareading-schema,S(스키마 개념어),6425,기권,4,과학,지구과학,8주차,뜨거워지는 지구,0,검수전
schemareading-schema,S(스키마 개념어),6426,기권의 층상구조,4,과학,지구과학,8주차,뜨거워지는 지구,0,검수전
schemareading-schema,S(스키마 개념어),6427,복사평형,4,과학,지구과학,8주차,뜨거워지는 지구,0,검수전
schemareading-schema,S(스키마 개념어),6428,온실효과,4,과학,지구과학,8주차,뜨거워지는 지구,0,검수전
schemareading-schema,S(스키마 개념어),6429,지구온난화,4,과학,지구과학,8주차,뜨거워지는 지구,0,검수전
schemareading-schema,S(스키마 개념어),6430,기압,4,과학,지구과학,9주차,바람이 부는 이유,0,검수전
schemareading-schema,S(스키마 개념어),6091,잎,1,과학,과학,6주차,식물의 구조와 기능,0,검수완료
schemareading-schema,S(스키마 개념어),6431,바람,4,과학,지구과학,9주차,바람이 부는 이유,0,검수전
schemareading-schema,S(스키마 개념어),6432,해륙풍,4,과학,지구과학,9주차,바람이 부는 이유,0,검수전
schemareading-schema,S(스키마 개념어),6433,계절풍,4,과학,지구과학,9주차,바람이 부는 이유,0,검수전
schemareading-schema,S(스키마 개념어),6434,기단,4,과학,지구과학,9주차,바람이 부는 이유,0,검수전
schemareading-schema,S(스키마 개념어),6435,전선면,4,과학,지구과학,9주차,바람이 부는 이유,0,검수전
schemareading-schema,S(스키마 개념어),6436,전선,4,과학,지구과학,9주차,바람이 부는 이유,0,검수전
schemareading-schema,S(스키마 개념어),6437,자극,4,과학,생명과학,10주차,"눈, 코, 입. 감각기관의 역할",0,검수전
schemareading-schema,S(스키마 개념어),6438,시각,4,과학,생명과학,10주차,"눈, 코, 입. 감각기관의 역할",0,검수전
schemareading-schema,S(스키마 개념어),6439,청각,4,과학,생명과학,10주차,"눈, 코, 입. 감각기관의 역할",0,검수전
schemareading-schema,S(스키마 개념어),6440,후각,4,과학,생명과학,10주차,"눈, 코, 입. 감각기관의 역할",0,검수전
schemareading-schema,S(스키마 개념어),6092,삼투현상,1,과학,과학,6주차,식물의 구조와 기능,0,검수완료
schemareading-schema,S(스키마 개념어),6441,미각,4,과학,생명과학,10주차,"눈, 코, 입. 감각기관의 역할",0,검수전
schemareading-schema,S(스키마 개념어),6442,피부감각,4,과학,생명과학,10주차,"눈, 코, 입. 감각기관의 역할",0,검수전
schemareading-schema,S(스키마 개념어),6443,뉴런,4,과학,생명과학,11주차,우리 몸은 자극에 어떻게 반응하는가?,0,검수전
schemareading-schema,S(스키마 개념어),6444,중추 신경계,4,과학,생명과학,11주차,우리 몸은 자극에 어떻게 반응하는가?,0,검수전
schemareading-schema,S(스키마 개념어),6445,말초 신경계,4,과학,생명과학,11주차,우리 몸은 자극에 어떻게 반응하는가?,0,검수전
schemareading-schema,S(스키마 개념어),6446,무조건 반사,4,과학,생명과학,11주차,우리 몸은 자극에 어떻게 반응하는가?,0,검수전
schemareading-schema,S(스키마 개념어),6447,호르몬,4,과학,생명과학,11주차,우리 몸은 자극에 어떻게 반응하는가?,0,검수전
schemareading-schema,S(스키마 개념어),6448,항상성,4,과학,생명과학,11주차,우리 몸은 자극에 어떻게 반응하는가?,0,검수전
schemareading-schema,S(스키마 개념어),6449,형질,4,과학,생명과학,12주차,"유전, 우성과 열성",0,검수전
schemareading-schema,S(스키마 개념어),6450,대립 형질,4,과학,생명과학,12주차,"유전, 우성과 열성",0,검수전
schemareading-schema,S(스키마 개념어),6093,증산작용,1,과학,과학,6주차,식물의 구조와 기능,0,검수완료
schemareading-schema,S(스키마 개념어),6451,우성,4,과학,생명과학,12주차,"유전, 우성과 열성",0,검수전
schemareading-schema,S(스키마 개념어),6452,열성,4,과학,생명과학,12주차,"유전, 우성과 열성",0,검수전
schemareading-schema,S(스키마 개념어),6453,분리법칙,4,과학,생명과학,12주차,"유전, 우성과 열성",0,검수전
schemareading-schema,S(스키마 개념어),6454,독립법칙,4,과학,생명과학,12주차,"유전, 우성과 열성",0,검수전
schemareading-schema,S(스키마 개념어),6455,유전형질,4,과학,생명과학,13주차,인간의 유전,0,검수전
schemareading-schema,S(스키마 개념어),6456,상염색체 유전,4,과학,생명과학,13주차,인간의 유전,0,검수전
schemareading-schema,S(스키마 개념어),6457,성염색체 유전,4,과학,생명과학,13주차,인간의 유전,0,검수전
schemareading-schema,S(스키마 개념어),6458,보인자,4,과학,생명과학,13주차,인간의 유전,0,검수전
schemareading-schema,S(스키마 개념어),6459,가계도 조사,4,과학,생명과학,13주차,인간의 유전,0,검수전
schemareading-schema,S(스키마 개념어),6460,세포분열,4,과학,생명과학,14주차,우리 몸의 성장은 어떻게 이뤄지는가?,0,검수전
schemareading-schema,S(스키마 개념어),6094,물관,1,과학,과학,6주차,식물의 구조와 기능,0,검수완료
schemareading-schema,S(스키마 개념어),6461,재생,4,과학,생명과학,14주차,우리 몸의 성장은 어떻게 이뤄지는가?,0,검수전
schemareading-schema,S(스키마 개념어),6462,생장,4,과학,생명과학,14주차,우리 몸의 성장은 어떻게 이뤄지는가?,0,검수전
schemareading-schema,S(스키마 개념어),6463,생식,4,과학,생명과학,14주차,우리 몸의 성장은 어떻게 이뤄지는가?,0,검수전
schemareading-schema,S(스키마 개념어),6464,유성생식,4,과학,생명과학,14주차,우리 몸의 성장은 어떻게 이뤄지는가?,0,검수전
schemareading-schema,S(스키마 개념어),6465,염색체,4,과학,생명과학,14주차,우리 몸의 성장은 어떻게 이뤄지는가?,0,검수전
schemareading-schema,S(스키마 개념어),6466,체세포 분열,4,과학,생명과학,14주차,우리 몸의 성장은 어떻게 이뤄지는가?,0,검수전
schemareading-schema,S(스키마 개념어),6467,생식세포,4,과학,생명과학,15주차,생명체가 만들어지는 과정,0,검수전
schemareading-schema,S(스키마 개념어),6468,수정,4,과학,생명과학,15주차,생명체가 만들어지는 과정,0,검수전
schemareading-schema,S(스키마 개념어),6469,감수 분열,4,과학,생명과학,15주차,생명체가 만들어지는 과정,0,검수전
schemareading-schema,S(스키마 개념어),6470,난할,4,과학,생명과학,15주차,생명체가 만들어지는 과정,0,검수전
schemareading-schema,S(스키마 개념어),6095,체관,1,과학,과학,6주차,식물의 구조와 기능,0,검수완료
schemareading-schema,S(스키마 개념어),6471,발생,4,과학,생명과학,15주차,생명체가 만들어지는 과정,0,검수전
schemareading-schema,S(스키마 개념어),6472,이온,4,과학,화학,16주차,전자의 이동,0,검수전
schemareading-schema,S(스키마 개념어),6473,양이온,4,과학,화학,16주차,전자의 이동,0,검수전
schemareading-schema,S(스키마 개념어),6474,음이온,4,과학,화학,16주차,전자의 이동,0,검수전
schemareading-schema,S(스키마 개념어),6475,앙금 생성 반응,4,과학,화학,16주차,전자의 이동,0,검수전
schemareading-schema,S(스키마 개념어),6476,순물질,4,과학,화학,17주차,라면 끓일 때 스프를 넣고 끓이면 100℃ 에도 끓지 않는 이유,0,검수전
schemareading-schema,S(스키마 개념어),6477,혼합물,4,과학,화학,17주차,라면 끓일 때 스프를 넣고 끓이면 101℃ 에도 끓지 않는 이유,0,검수전
schemareading-schema,S(스키마 개념어),6096,홑잎,1,과학,과학,6주차,식물의 구조와 기능,0,검수완료
schemareading-schema,S(스키마 개념어),6478,용매,4,과학,화학,17주차,라면 끓일 때 스프를 넣고 끓이면 104℃ 에도 끓지 않는 이유,0,검수전
schemareading-schema,S(스키마 개념어),6479,증류,4,과학,화학,18주차,바닷물도 식수가 될 수 있다.,0,검수전
schemareading-schema,S(스키마 개념어),6480,끊는점 차이,4,과학,화학,18주차,바닷물도 식수가 될 수 있다.,0,검수전
schemareading-schema,S(스키마 개념어),6481,밀도 차이,4,과학,화학,18주차,바닷물도 식수가 될 수 있다.,0,검수전
schemareading-schema,S(스키마 개념어),6482,재결정,4,과학,화학,18주차,바닷물도 식수가 될 수 있다.,0,검수전
schemareading-schema,S(스키마 개념어),6483,크로마토그래피,4,과학,화학,18주차,바닷물도 식수가 될 수 있다.,0,검수전
schemareading-schema,S(스키마 개념어),6484,질량보존의 법칙,4,과학,화학,19주차,물건을 연소시키면 질량이 줄까?,0,검수전
schemareading-schema,S(스키마 개념어),6097,겹잎,1,과학,과학,6주차,식물의 구조와 기능,0,검수완료
schemareading-schema,S(스키마 개념어),6485,연소반응,4,과학,화학,19주차,물건을 연소시키면 질량이 줄까?,0,검수전
schemareading-schema,S(스키마 개념어),6486,열린공간,4,과학,화학,19주차,물건을 연소시키면 질량이 줄까?,0,검수전
schemareading-schema,S(스키마 개념어),6487,닫힌공간,4,과학,화학,19주차,물건을 연소시키면 질량이 줄까?,0,검수전
schemareading-schema,S(스키마 개념어),6488,기체발생반응,4,과학,화학,19주차,물건을 연소시키면 질량이 줄까?,0,검수전
schemareading-schema,S(스키마 개념어),6489,발열 반응,4,과학,화학,20주차,에너지가 내는 열,0,검수전
schemareading-schema,S(스키마 개념어),6490,흡열 반응,4,과학,화학,20주차,에너지가 내는 열,0,검수전
schemareading-schema,S(스키마 개념어),6491,반응열,4,과학,화학,20주차,에너지가 내는 열,0,검수전
schemareading-schema,S(스키마 개념어),6492,열분해,4,과학,화학,20주차,에너지가 내는 열,0,검수전
schemareading-schema,S(스키마 개념어),6493,판,5,과학,지구과학,1주차,판구조론,0,검수전
schemareading-schema,S(스키마 개념어),6098,잎맥,1,과학,과학,6주차,식물의 구조와 기능,0,검수완료
schemareading-schema,S(스키마 개념어),6494,연약권,5,과학,지구과학,1주차,판구조론,0,검수전
schemareading-schema,S(스키마 개념어),6495,맨틀,5,과학,지구과학,1주차,판구조론,0,검수전
schemareading-schema,S(스키마 개념어),6496,맨틀 대류설,5,과학,지구과학,1주차,판구조론,0,검수전
schemareading-schema,S(스키마 개념어),6497,해양저확장설,5,과학,지구과학,1주차,판구조론,0,검수전
schemareading-schema,S(스키마 개념어),6498,발산형 경계,5,과학,지구과학,1주차,판구조론,0,검수전
schemareading-schema,S(스키마 개념어),6499,해령,5,과학,지구과학,1주차,판구조론,0,검수전
schemareading-schema,S(스키마 개념어),6500,열곡,5,과학,지구과학,1주차,판구조론,0,검수전
schemareading-schema,S(스키마 개념어),6501,수렴형 경계,5,과학,지구과학,1주차,판구조론,0,검수전
schemareading-schema,S(스키마 개념어),6502,해구,5,과학,지구과학,1주차,판구조론,0,검수전
schemareading-schema,S(스키마 개념어),6099,척추동물,1,과학,과학,7주차,동물은 어떻게 나뉠까?,0,검수완료
schemareading-schema,S(스키마 개념어),6503,호상열도,5,과학,지구과학,1주차,판구조론,0,검수전
schemareading-schema,S(스키마 개념어),6504,습곡산맥,5,과학,지구과학,1주차,판구조론,0,검수전
schemareading-schema,S(스키마 개념어),6505,보존형 경계,5,과학,지구과학,1주차,판구조론,0,검수전
schemareading-schema,S(스키마 개념어),6506,변환단층,5,과학,지구과학,1주차,판구조론,0,검수전
schemareading-schema,S(스키마 개념어),6507,플룸,5,과학,지구과학,1주차,판구조론,0,검수전
schemareading-schema,S(스키마 개념어),6508,열점,5,과학,지구과학,1주차,판구조론,0,검수전
schemareading-schema,S(스키마 개념어),6509,광물,5,과학,지구과학,2주차,지구 구성 물질,0,검수전
schemareading-schema,S(스키마 개념어),6510,결정형,5,과학,지구과학,2주차,지구 구성 물질,0,검수전
schemareading-schema,S(스키마 개념어),6511,조흔색,5,과학,지구과학,2주차,지구 구성 물질,0,검수전
schemareading-schema,S(스키마 개념어),6512,모스굳기계,5,과학,지구과학,2주차,지구 구성 물질,0,검수전
schemareading-schema,S(스키마 개념어),6055,양팔 저울,1,과학,과학,1주차,무게를 재는 방법,0,검수완료
schemareading-schema,S(스키마 개념어),6100,무척추동물,1,과학,과학,7주차,동물은 어떻게 나뉠까?,0,검수완료
schemareading-schema,S(스키마 개념어),6513,쪼개짐,5,과학,지구과학,2주차,지구 구성 물질,0,검수전
schemareading-schema,S(스키마 개념어),6514,깨짐,5,과학,지구과학,2주차,지구 구성 물질,0,검수전
schemareading-schema,S(스키마 개념어),6515,복굴절,5,과학,지구과학,2주차,지구 구성 물질,0,검수전
schemareading-schema,S(스키마 개념어),6516,암석,5,과학,지구과학,2주차,지구 구성 물질,0,검수전
schemareading-schema,S(스키마 개념어),6517,암석의 조직,5,과학,지구과학,2주차,지구 구성 물질,0,검수전
schemareading-schema,S(스키마 개념어),6518,조립질,5,과학,지구과학,2주차,지구 구성 물질,0,검수전
schemareading-schema,S(스키마 개념어),6519,세립질,5,과학,지구과학,2주차,지구 구성 물질,0,검수전
schemareading-schema,S(스키마 개념어),6520,쇄설성,5,과학,지구과학,2주차,지구 구성 물질,0,검수전
schemareading-schema,S(스키마 개념어),6521,엽리,5,과학,지구과학,2주차,지구 구성 물질,0,검수전
schemareading-schema,S(스키마 개념어),6101,어류,1,과학,과학,7주차,동물은 어떻게 나뉠까?,0,검수완료
schemareading-schema,S(스키마 개념어),6522,화산암,5,과학,지구과학,2주차,지구 구성 물질,0,검수전
schemareading-schema,S(스키마 개념어),6523,심성암,5,과학,지구과학,2주차,지구 구성 물질,0,검수전
schemareading-schema,S(스키마 개념어),6524,지권,5,과학,지구과학,3주차,지구 시스템,0,검수전
schemareading-schema,S(스키마 개념어),6525,대류권,5,과학,지구과학,3주차,지구 시스템,0,검수전
schemareading-schema,S(스키마 개념어),6526,성층권,5,과학,지구과학,3주차,지구 시스템,0,검수전
schemareading-schema,S(스키마 개념어),6527,오존층,5,과학,지구과학,3주차,지구 시스템,0,검수전
schemareading-schema,S(스키마 개념어),6528,중간권,5,과학,지구과학,3주차,지구 시스템,0,검수전
schemareading-schema,S(스키마 개념어),6102,양서류,1,과학,과학,7주차,동물은 어떻게 나뉠까?,0,검수완료
schemareading-schema,S(스키마 개념어),6529,열권,5,과학,지구과학,3주차,지구 시스템,0,검수전
schemareading-schema,S(스키마 개념어),6530,수온약층,5,과학,지구과학,3주차,지구 시스템,0,검수전
schemareading-schema,S(스키마 개념어),6531,생물권,5,과학,지구과학,3주차,지구 시스템,0,검수전
schemareading-schema,S(스키마 개념어),6532,외권,5,과학,지구과학,3주차,지구 시스템,0,검수전
schemareading-schema,S(스키마 개념어),6533,물질과 에너지 순환,5,과학,지구과학,3주차,지구 시스템,0,검수전
schemareading-schema,S(스키마 개념어),6534,태양에너지,5,과학,지구과학,3주차,지구 시스템,0,검수전
schemareading-schema,S(스키마 개념어),6535,조력에너지,5,과학,지구과학,3주차,지구 시스템,0,검수전
schemareading-schema,S(스키마 개념어),6103,파충류,1,과학,과학,7주차,동물은 어떻게 나뉠까?,0,검수완료
schemareading-schema,S(스키마 개념어),6536,지구내부에너지,5,과학,지구과학,3주차,지구 시스템,0,검수전
schemareading-schema,S(스키마 개념어),6537,시추,5,과학,지구과학,4주차,지구 내부 구조,0,검수전
schemareading-schema,S(스키마 개념어),6538,화산 분출물 조사,5,과학,지구과학,4주차,지구 내부 구조,0,검수전
schemareading-schema,S(스키마 개념어),6539,지진파,5,과학,지구과학,4주차,지구 내부 구조,0,검수전
schemareading-schema,S(스키마 개념어),6540,P파,5,과학,지구과학,4주차,지구 내부 구조,0,검수전
schemareading-schema,S(스키마 개념어),6541,S파,5,과학,지구과학,4주차,지구 내부 구조,0,검수전
schemareading-schema,S(스키마 개념어),6542,표면파,5,과학,지구과학,4주차,지구 내부 구조,0,검수전
schemareading-schema,S(스키마 개념어),6543,PS시,5,과학,지구과학,4주차,지구 내부 구조,0,검수전
schemareading-schema,S(스키마 개념어),6544,암영대,5,과학,지구과학,4주차,지구 내부 구조,0,검수전
schemareading-schema,S(스키마 개념어),6545,중력이상,5,과학,지구과학,4주차,지구 내부 구조,0,검수전
schemareading-schema,S(스키마 개념어),6104,조류,1,과학,과학,7주차,동물은 어떻게 나뉠까?,0,검수완료
schemareading-schema,S(스키마 개념어),6546,지구 자기장,5,과학,지구과학,4주차,지구 내부 구조,0,검수전
schemareading-schema,S(스키마 개념어),6547,지자기 역전,5,과학,지구과학,4주차,지구 내부 구조,0,검수전
schemareading-schema,S(스키마 개념어),6548,퇴적구조,5,과학,지구과학,5주차,지구의 역사,0,검수전
schemareading-schema,S(스키마 개념어),6549,표준화석,5,과학,지구과학,5주차,지구의 역사,0,검수전
schemareading-schema,S(스키마 개념어),6550,시상화석,5,과학,지구과학,5주차,지구의 역사,0,검수전
schemareading-schema,S(스키마 개념어),6551,상대연령,5,과학,지구과학,5주차,지구의 역사,0,검수전
schemareading-schema,S(스키마 개념어),6552,절대연령,5,과학,지구과학,5주차,지구의 역사,0,검수전
schemareading-schema,S(스키마 개념어),6553,지질구조,5,과학,지구과학,5주차,지구의 역사,0,검수전
schemareading-schema,S(스키마 개념어),6554,지질시대,5,과학,지구과학,5주차,지구의 역사,0,검수전
schemareading-schema,S(스키마 개념어),6555,은생누대,5,과학,지구과학,5주차,지구의 역사,0,검수전
schemareading-schema,S(스키마 개념어),6105,포유류,1,과학,과학,7주차,동물은 어떻게 나뉠까?,0,검수완료
schemareading-schema,S(스키마 개념어),6556,현생누대,5,과학,지구과학,5주차,지구의 역사,0,검수전
schemareading-schema,S(스키마 개념어),6557,빙하기,5,과학,지구과학,5주차,지구의 역사,0,검수전
schemareading-schema,S(스키마 개념어),6558,판게아,5,과학,지구과학,5주차,지구의 역사,0,검수전
schemareading-schema,S(스키마 개념어),6559,사층리,5,과학,지구과학,5주차,지구의 역사,0,검수전
schemareading-schema,S(스키마 개념어),6560,점이층리,5,과학,지구과학,5주차,지구의 역사,0,검수전
schemareading-schema,S(스키마 개념어),6561,연흔,5,과학,지구과학,5주차,지구의 역사,0,검수전
schemareading-schema,S(스키마 개념어),6562,건열,5,과학,지구과학,5주차,지구의 역사,0,검수전
schemareading-schema,S(스키마 개념어),6563,선캄브리아시대,5,과학,지구과학,5주차,지구의 역사,0,검수전
schemareading-schema,S(스키마 개념어),6106,버섯,1,과학,과학,8주차,동물도 식물도 아닌 이것의 정체는?,0,검수완료
schemareading-schema,S(스키마 개념어),6564,반응물,5,과학,생명과학,6주차,물질대사,0,검수전
schemareading-schema,S(스키마 개념어),6565,생성물,5,과학,생명과학,6주차,물질대사,0,검수전
schemareading-schema,S(스키마 개념어),6566,활성화에너지,5,과학,생명과학,6주차,물질대사,0,검수전
schemareading-schema,S(스키마 개념어),6567,물질대사,5,과학,생명과학,6주차,물질대사,0,검수전
schemareading-schema,S(스키마 개념어),6568,동화작용,5,과학,생명과학,6주차,물질대사,0,검수전
schemareading-schema,S(스키마 개념어),6569,이화작용,5,과학,생명과학,6주차,물질대사,0,검수전
schemareading-schema,S(스키마 개념어),6570,세포호흡,5,과학,생명과학,6주차,물질대사,0,검수전
schemareading-schema,S(스키마 개념어),6107,곰팡이,1,과학,과학,8주차,동물도 식물도 아닌 이것의 정체는?,0,검수완료
schemareading-schema,S(스키마 개념어),6571,ATP,5,과학,생명과학,6주차,물질대사,0,검수전
schemareading-schema,S(스키마 개념어),6572,효소,5,과학,생명과학,6주차,물질대사,0,검수전
schemareading-schema,S(스키마 개념어),6573,기질,5,과학,생명과학,6주차,물질대사,0,검수전
schemareading-schema,S(스키마 개념어),6574,기질특이성,5,과학,생명과학,6주차,물질대사,0,검수전
schemareading-schema,S(스키마 개념어),6575,발효,5,과학,생명과학,6주차,물질대사,0,검수전
schemareading-schema,S(스키마 개념어),6576,탄수화물,5,과학,생명과학,7주차,세포,0,검수전
schemareading-schema,S(스키마 개념어),6577,단백질,5,과학,생명과학,7주차,세포,0,검수전
schemareading-schema,S(스키마 개념어),6578,지질,5,과학,생명과학,7주차,세포,0,검수전
schemareading-schema,S(스키마 개념어),6579,핵산,5,과학,생명과학,7주차,세포,0,검수전
schemareading-schema,S(스키마 개념어),6580,세포,5,과학,생명과학,7주차,세포,0,검수전
schemareading-schema,S(스키마 개념어),6108,효모,1,과학,과학,8주차,동물도 식물도 아닌 이것의 정체는?,0,검수완료
schemareading-schema,S(스키마 개념어),6581,세포질,5,과학,생명과학,7주차,세포,0,검수전
schemareading-schema,S(스키마 개념어),6582,세포소기관,5,과학,생명과학,7주차,세포,0,검수전
schemareading-schema,S(스키마 개념어),6583,리보솜,5,과학,생명과학,7주차,세포,0,검수전
schemareading-schema,S(스키마 개념어),6584,핵,5,과학,생명과학,7주차,세포,0,검수전
schemareading-schema,S(스키마 개념어),6585,원핵세포,5,과학,생명과학,7주차,세포,0,검수전
schemareading-schema,S(스키마 개념어),6586,진핵세포,5,과학,생명과학,7주차,세포,0,검수전
schemareading-schema,S(스키마 개념어),6587,조직,5,과학,생명과학,7주차,세포,0,검수전
schemareading-schema,S(스키마 개념어),6109,세균,1,과학,과학,8주차,동물도 식물도 아닌 이것의 정체는?,0,검수완료
schemareading-schema,S(스키마 개념어),6588,구심성 뉴런,5,과학,생명과학,8주차,신경계,0,검수전
schemareading-schema,S(스키마 개념어),6589,원심성 뉴런,5,과학,생명과학,8주차,신경계,0,검수전
schemareading-schema,S(스키마 개념어),6590,연합뉴런,5,과학,생명과학,8주차,신경계,0,검수전
schemareading-schema,S(스키마 개념어),6591,흥분,5,과학,생명과학,8주차,신경계,0,검수전
schemareading-schema,S(스키마 개념어),6592,막전위,5,과학,생명과학,8주차,신경계,0,검수전
schemareading-schema,S(스키마 개념어),6593,이온통로,5,과학,생명과학,8주차,신경계,0,검수전
schemareading-schema,S(스키마 개념어),6594,흥분의 전도,5,과학,생명과학,8주차,신경계,0,검수전
schemareading-schema,S(스키마 개념어),6595,신경전달물질,5,과학,생명과학,8주차,신경계,0,검수전
schemareading-schema,S(스키마 개념어),6596,신경전달물질 수용체,5,과학,생명과학,8주차,신경계,0,검수전
schemareading-schema,S(스키마 개념어),6056,수평,1,과학,과학,1주차,무게를 재는 방법,0,검수완료
schemareading-schema,S(스키마 개념어),6110,단세포생물,1,과학,과학,8주차,동물도 식물도 아닌 이것의 정체는?,0,검수완료
schemareading-schema,S(스키마 개념어),6597,흥분의 전달,5,과학,생명과학,8주차,신경계,0,검수전
schemareading-schema,S(스키마 개념어),6598,시냅스,5,과학,생명과학,8주차,신경계,0,검수전
schemareading-schema,S(스키마 개념어),6599,신경계 구성,5,과학,생명과학,8주차,신경계,0,검수전
schemareading-schema,S(스키마 개념어),6600,중추신경계,5,과학,생명과학,8주차,신경계,0,검수전
schemareading-schema,S(스키마 개념어),6601,말초신경계,5,과학,생명과학,8주차,신경계,0,검수전
schemareading-schema,S(스키마 개념어),6602,자율신경계,5,과학,생명과학,8주차,신경계,0,검수전
schemareading-schema,S(스키마 개념어),6603,교감신경,5,과학,생명과학,8주차,신경계,0,검수전
schemareading-schema,S(스키마 개념어),6604,부교감신경,5,과학,생명과학,8주차,신경계,0,검수전
schemareading-schema,S(스키마 개념어),6605,길항작용,5,과학,생명과학,8주차,신경계,0,검수전
schemareading-schema,S(스키마 개념어),6606,내분비샘,5,과학,생명과학,9주차,호르몬,0,검수전
schemareading-schema,S(스키마 개념어),6111,먹이사슬,1,과학,과학,9주차,생태계 내 생물들 간의 관계,0,검수완료
schemareading-schema,S(스키마 개념어),6607,외분비샘,5,과학,생명과학,9주차,호르몬,0,검수전
schemareading-schema,S(스키마 개념어),6608,수용성호르몬,5,과학,생명과학,9주차,호르몬,0,검수전
schemareading-schema,S(스키마 개념어),6609,지용성호르몬,5,과학,생명과학,9주차,호르몬,0,검수전
schemareading-schema,S(스키마 개념어),6610,호르몬수용체,5,과학,생명과학,9주차,호르몬,0,검수전
schemareading-schema,S(스키마 개념어),6611,세포막수용체,5,과학,생명과학,9주차,호르몬,0,검수전
schemareading-schema,S(스키마 개념어),6612,세포질수용체,5,과학,생명과학,9주차,호르몬,0,검수전
schemareading-schema,S(스키마 개념어),6613,리간드,5,과학,생명과학,9주차,호르몬,0,검수전
schemareading-schema,S(스키마 개념어),6614,포적세포,5,과학,생명과학,9주차,호르몬,0,검수전
schemareading-schema,S(스키마 개념어),6112,먹이그물,1,과학,과학,9주차,생태계 내 생물들 간의 관계,0,검수완료
schemareading-schema,S(스키마 개념어),6615,혈당량,5,과학,생명과학,9주차,호르몬,0,검수전
schemareading-schema,S(스키마 개념어),6616,삼투압,5,과학,생명과학,9주차,호르몬,0,검수전
schemareading-schema,S(스키마 개념어),6617,음성되먹임,5,과학,생명과학,9주차,호르몬,0,검수전
schemareading-schema,S(스키마 개념어),6618,양성되먹임,5,과학,생명과학,9주차,호르몬,0,검수전
schemareading-schema,S(스키마 개념어),6619,환경호르몬,5,과학,생명과학,9주차,호르몬,0,검수전
schemareading-schema,S(스키마 개념어),6620,원자번호,5,과학,화학,10주차,원자의 구조,0,검수전
schemareading-schema,S(스키마 개념어),6621,양성자,5,과학,화학,10주차,원자의 구조,0,검수전
schemareading-schema,S(스키마 개념어),6113,생태 피라미드,1,과학,과학,9주차,생태계 내 생물들 간의 관계,0,검수완료
schemareading-schema,S(스키마 개념어),6622,중성자,5,과학,화학,10주차,원자의 구조,0,검수전
schemareading-schema,S(스키마 개념어),6623,동위원소,5,과학,화학,10주차,원자의 구조,0,검수전
schemareading-schema,S(스키마 개념어),6624,질량수,5,과학,화학,10주차,원자의 구조,0,검수전
schemareading-schema,S(스키마 개념어),6625,원자량,5,과학,화학,10주차,원자의 구조,0,검수전
schemareading-schema,S(스키마 개념어),6626,전자껍질,5,과학,화학,10주차,원자의 구조,0,검수전
schemareading-schema,S(스키마 개념어),6627,원자스펙트럼,5,과학,화학,10주차,원자의 구조,0,검수전
schemareading-schema,S(스키마 개념어),6628,오비탈,5,과학,화학,10주차,원자의 구조,0,검수전
schemareading-schema,S(스키마 개념어),6114,생태계 평형,1,과학,과학,9주차,생태계 내 생물들 간의 관계,0,검수완료
schemareading-schema,S(스키마 개념어),6629,금속원소,5,과학,화학,11주차,화학 결합,0,검수전
schemareading-schema,S(스키마 개념어),6630,비금속원소,5,과학,화학,11주차,화학 결합,0,검수전
schemareading-schema,S(스키마 개념어),6631,원자가,5,과학,화학,11주차,화학 결합,0,검수전
schemareading-schema,S(스키마 개념어),6632,원자가전자,5,과학,화학,11주차,화학 결합,0,검수전
schemareading-schema,S(스키마 개념어),6633,화합물,5,과학,화학,11주차,화학 결합,0,검수전
schemareading-schema,S(스키마 개념어),6115,화산,1,과학,과학,10주차,"아름답고도 파괴력 있는 자연의 신비, 화산",0,검수완료
schemareading-schema,S(스키마 개념어),6634,화학결합,5,과학,화학,11주차,화학 결합,0,검수전
schemareading-schema,S(스키마 개념어),6635,이온결합,5,과학,화학,11주차,화학 결합,0,검수전
schemareading-schema,S(스키마 개념어),6636,공유결합,5,과학,화학,11주차,화학 결합,0,검수전
schemareading-schema,S(스키마 개념어),6637,탄소화합물,5,과학,화학,12주차,탄소 화합물,0,검수전
schemareading-schema,S(스키마 개념어),6638,공유전자쌍,5,과학,화학,12주차,탄소 화합물,0,검수전
schemareading-schema,S(스키마 개념어),6639,전기음성도,5,과학,화학,12주차,탄소 화합물,0,검수전
schemareading-schema,S(스키마 개념어),6640,사슬모양탄화수소,5,과학,화학,12주차,탄소 화합물,0,검수전
schemareading-schema,S(스키마 개념어),6641,고리모양탄화수소,5,과학,화학,12주차,탄소 화합물,0,검수전
schemareading-schema,S(스키마 개념어),6642,포화탄화수소,5,과학,화학,12주차,탄소 화합물,0,검수전
schemareading-schema,S(스키마 개념어),6643,불포화탄화수소,5,과학,화학,12주차,탄소 화합물,0,검수전
schemareading-schema,S(스키마 개념어),6116,마그마,1,과학,과학,10주차,"아름답고도 파괴력 있는 자연의 신비, 화산",0,검수완료
schemareading-schema,S(스키마 개념어),6644,방향족탄화수소,5,과학,화학,12주차,탄소 화합물,0,검수전
schemareading-schema,S(스키마 개념어),6645,벤젠,5,과학,화학,12주차,탄소 화합물,0,검수전
schemareading-schema,S(스키마 개념어),6646,고분자화합물,5,과학,화학,12주차,탄소 화합물,0,검수전
schemareading-schema,S(스키마 개념어),6647,단위체,5,과학,화학,12주차,탄소 화합물,0,검수전
schemareading-schema,S(스키마 개념어),6648,중합체,5,과학,화학,12주차,탄소 화합물,0,검수전
schemareading-schema,S(스키마 개념어),6649,이온화,5,과학,화학,13주차,산 염기 중화 반응,0,검수전
schemareading-schema,S(스키마 개념어),6650,전해질,5,과학,화학,13주차,산 염기 중화 반응,0,검수전
schemareading-schema,S(스키마 개념어),6651,산,5,과학,화학,13주차,산 염기 중화 반응,0,검수전
schemareading-schema,S(스키마 개념어),6652,강산,5,과학,화학,13주차,산 염기 중화 반응,0,검수전
schemareading-schema,S(스키마 개념어),6653,약산,5,과학,화학,13주차,산 염기 중화 반응,0,검수전
schemareading-schema,S(스키마 개념어),6117,순상화산,1,과학,과학,10주차,"아름답고도 파괴력 있는 자연의 신비, 화산",0,검수완료
schemareading-schema,S(스키마 개념어),6654,염기,5,과학,화학,13주차,산 염기 중화 반응,0,검수전
schemareading-schema,S(스키마 개념어),6655,강염기,5,과학,화학,13주차,산 염기 중화 반응,0,검수전
schemareading-schema,S(스키마 개념어),6656,약염기,5,과학,화학,13주차,산 염기 중화 반응,0,검수전
schemareading-schema,S(스키마 개념어),6657,양쪽성물질,5,과학,화학,13주차,산 염기 중화 반응,0,검수전
schemareading-schema,S(스키마 개념어),6658,산염기지시약,5,과학,화학,13주차,산 염기 중화 반응,0,검수전
schemareading-schema,S(스키마 개념어),6659,중화반응,5,과학,화학,13주차,산 염기 중화 반응,0,검수전
schemareading-schema,S(스키마 개념어),6660,완충능력,5,과학,화학,13주차,산 염기 중화 반응,0,검수전
schemareading-schema,S(스키마 개념어),6661,완충용액,5,과학,화학,13주차,산 염기 중화 반응,0,검수전
schemareading-schema,S(스키마 개념어),6662,산화환원반응,5,과학,화학,14주차,산화 환원 반응과 화학 전지,0,검수전
schemareading-schema,S(스키마 개념어),6118,종상화산,1,과학,과학,10주차,"아름답고도 파괴력 있는 자연의 신비, 화산",0,검수완료
schemareading-schema,S(스키마 개념어),6663,이온화경향,5,과학,화학,14주차,산화 환원 반응과 화학 전지,0,검수전
schemareading-schema,S(스키마 개념어),6664,전기에너지,5,과학,화학,14주차,산화 환원 반응과 화학 전지,0,검수전
schemareading-schema,S(스키마 개념어),6665,화학에너지,5,과학,화학,14주차,산화 환원 반응과 화학 전지,0,검수전
schemareading-schema,S(스키마 개념어),6666,전기화학,5,과학,화학,14주차,산화 환원 반응과 화학 전지,0,검수전
schemareading-schema,S(스키마 개념어),6667,화학전지,5,과학,화학,14주차,산화 환원 반응과 화학 전지,0,검수전
schemareading-schema,S(스키마 개념어),6668,산화전극,5,과학,화학,14주차,산화 환원 반응과 화학 전지,0,검수전
schemareading-schema,S(스키마 개념어),6669,환원전극,5,과학,화학,14주차,산화 환원 반응과 화학 전지,0,검수전
schemareading-schema,S(스키마 개념어),6670,2차전지,5,과학,화학,14주차,산화 환원 반응과 화학 전지,0,검수전
schemareading-schema,S(스키마 개념어),6671,충전,5,과학,화학,14주차,산화 환원 반응과 화학 전지,0,검수전
schemareading-schema,S(스키마 개념어),6672,방전,5,과학,화학,14주차,산화 환원 반응과 화학 전지,0,검수전
schemareading-schema,S(스키마 개념어),6119,칼데라,1,과학,과학,10주차,"아름답고도 파괴력 있는 자연의 신비, 화산",0,검수완료
schemareading-schema,S(스키마 개념어),6673,리튬이온전지,5,과학,화학,14주차,산화 환원 반응과 화학 전지,0,검수전
schemareading-schema,S(스키마 개념어),6674,양극재,5,과학,화학,14주차,산화 환원 반응과 화학 전지,0,검수전
schemareading-schema,S(스키마 개념어),6675,음극재,5,과학,화학,14주차,산화 환원 반응과 화학 전지,0,검수전
schemareading-schema,S(스키마 개념어),6676,연료전지,5,과학,화학,14주차,산화 환원 반응과 화학 전지,0,검수전
schemareading-schema,S(스키마 개념어),6677,물리량,5,과학,물리,15주차,역학적 물리량과 운동,0,검수전
schemareading-schema,S(스키마 개념어),6678,속도,5,과학,물리,15주차,역학적 물리량과 운동,0,검수전
schemareading-schema,S(스키마 개념어),6679,가속도,5,과학,물리,15주차,역학적 물리량과 운동,0,검수전
schemareading-schema,S(스키마 개념어),6057,자석,1,과학,과학,2주차,자석은 어떻게 발견되었을까?,0,검수완료
schemareading-schema,S(스키마 개념어),6120,용암대지,1,과학,과학,10주차,"아름답고도 파괴력 있는 자연의 신비, 화산",0,검수완료
schemareading-schema,S(스키마 개념어),6680,운동량,5,과학,물리,15주차,역학적 물리량과 운동,0,검수전
schemareading-schema,S(스키마 개념어),6681,역학적에너지,5,과학,물리,15주차,역학적 물리량과 운동,0,검수전
schemareading-schema,S(스키마 개념어),6682,뉴턴의 운동법칙,5,과학,물리,15주차,역학적 물리량과 운동,0,검수전
schemareading-schema,S(스키마 개념어),6683,만유인력,5,과학,물리,15주차,역학적 물리량과 운동,0,검수전
schemareading-schema,S(스키마 개념어),6684,관성의 법칙,5,과학,물리,15주차,역학적 물리량과 운동,0,검수전
schemareading-schema,S(스키마 개념어),6685,가속도의 법칙,5,과학,물리,15주차,역학적 물리량과 운동,0,검수전
schemareading-schema,S(스키마 개념어),6121,지진,1,과학,과학,11주차,우리나라는 정말 지진에 안전할까?,0,검수완료
schemareading-schema,S(스키마 개념어),6686,작용과 반작용의 법칙,5,과학,물리,15주차,역학적 물리량과 운동,0,검수전
schemareading-schema,S(스키마 개념어),6687,등가속도운동,5,과학,물리,15주차,역학적 물리량과 운동,0,검수전
schemareading-schema,S(스키마 개념어),6688,보존력,5,과학,물리,16주차,여러가지 보존법칙,0,검수전
schemareading-schema,S(스키마 개념어),6689,비보존력,5,과학,물리,16주차,여러가지 보존법칙,0,검수전
schemareading-schema,S(스키마 개념어),6690,역학적에너지 보존법칙,5,과학,물리,16주차,여러가지 보존법칙,0,검수전
schemareading-schema,S(스키마 개념어),6691,에너지 보존법칙,5,과학,물리,16주차,여러가지 보존법칙,0,검수전
schemareading-schema,S(스키마 개념어),6692,질량과 에너지의 동등성,5,과학,물리,16주차,여러가지 보존법칙,0,검수전
schemareading-schema,S(스키마 개념어),6693,선운동량,5,과학,물리,16주차,여러가지 보존법칙,0,검수전
schemareading-schema,S(스키마 개념어),6694,선운동량 보존법칙,5,과학,물리,16주차,여러가지 보존법칙,0,검수전
schemareading-schema,S(스키마 개념어),6122,불의 고리,1,과학,과학,11주차,우리나라는 정말 지진에 안전할까?,0,검수완료
schemareading-schema,S(스키마 개념어),6695,각운동량,5,과학,물리,16주차,여러가지 보존법칙,0,검수전
schemareading-schema,S(스키마 개념어),6696,각운동량 보존법칙,5,과학,물리,16주차,여러가지 보존법칙,0,검수전
schemareading-schema,S(스키마 개념어),6697,파동의 주기성,5,과학,물리,17주차,파동의 간섭과 굴절,0,검수전
schemareading-schema,S(스키마 개념어),6698,마루,5,과학,물리,17주차,파동의 간섭과 굴절,0,검수전
schemareading-schema,S(스키마 개념어),6699,골,5,과학,물리,17주차,파동의 간섭과 굴절,0,검수전
schemareading-schema,S(스키마 개념어),6700,주기,5,과학,물리,17주차,파동의 간섭과 굴절,0,검수전
schemareading-schema,S(스키마 개념어),6123,진도,1,과학,과학,11주차,우리나라는 정말 지진에 안전할까?,0,검수완료
schemareading-schema,S(스키마 개념어),6701,파동의 유형과 특성,5,과학,물리,17주차,파동의 간섭과 굴절,0,검수전
schemareading-schema,S(스키마 개념어),6702,파형,5,과학,물리,17주차,파동의 간섭과 굴절,0,검수전
schemareading-schema,S(스키마 개념어),6703,굴절,5,과학,물리,17주차,파동의 간섭과 굴절,0,검수전
schemareading-schema,S(스키마 개념어),6704,반사,5,과학,물리,17주차,파동의 간섭과 굴절,0,검수전
schemareading-schema,S(스키마 개념어),6705,광선,5,과학,물리,17주차,파동의 간섭과 굴절,0,검수전
schemareading-schema,S(스키마 개념어),6706,반사와 굴절의 활용,5,과학,물리,17주차,파동의 간섭과 굴절,0,검수전
schemareading-schema,S(스키마 개념어),6124,내신 설계,1,과학,과학,11주차,우리나라는 정말 지진에 안전할까?,0,검수완료
schemareading-schema,S(스키마 개념어),6707,초점,5,과학,물리,17주차,파동의 간섭과 굴절,0,검수전
schemareading-schema,S(스키마 개념어),6708,파동의 간섭,5,과학,물리,18주차,파동의 간섭과 회절,0,검수전
schemareading-schema,S(스키마 개념어),6709,파동의 중첩,5,과학,물리,18주차,파동의 간섭과 회절,0,검수전
schemareading-schema,S(스키마 개념어),6710,위상,5,과학,물리,18주차,파동의 간섭과 회절,0,검수전
schemareading-schema,S(스키마 개념어),6711,위상차,5,과학,물리,18주차,파동의 간섭과 회절,0,검수전
schemareading-schema,S(스키마 개념어),6712,상쇄 간섭,5,과학,물리,18주차,파동의 간섭과 회절,0,검수전
schemareading-schema,S(스키마 개념어),6713,보강 간섭,5,과학,물리,18주차,파동의 간섭과 회절,0,검수전
schemareading-schema,S(스키마 개념어),6714,파동의 회절,5,과학,물리,18주차,파동의 간섭과 회절,0,검수전
schemareading-schema,S(스키마 개념어),6715,회절,5,과학,물리,18주차,파동의 간섭과 회절,0,검수전
schemareading-schema,S(스키마 개념어),6716,회절 무늬,5,과학,물리,18주차,파동의 간섭과 회절,0,검수전
schemareading-schema,S(스키마 개념어),6125,갯벌,1,과학,과학,12주차,"바다가 만든 퇴적 지형, 갯벌",0,검수완료
schemareading-schema,S(스키마 개념어),6717,회절 격자,5,과학,물리,18주차,파동의 간섭과 회절,0,검수전
schemareading-schema,S(스키마 개념어),6718,간섭과 회절의 응용,5,과학,물리,18주차,파동의 간섭과 회절,0,검수전
schemareading-schema,S(스키마 개념어),6719,홀로그램,5,과학,물리,18주차,파동의 간섭과 회절,0,검수전
schemareading-schema,S(스키마 개념어),6720,도플러 효과,5,과학,물리,18주차,파동의 간섭과 회절,0,검수전
schemareading-schema,S(스키마 개념어),6721,편이,5,과학,물리,18주차,파동의 간섭과 회절,0,검수전
schemareading-schema,S(스키마 개념어),6722,회절 한계,5,과학,물리,18주차,파동의 간섭과 회절,0,검수전
schemareading-schema,S(스키마 개념어),6723,자성체,5,과학,물리,19주차,전자기 유도,0,검수전
schemareading-schema,S(스키마 개념어),6724,자화,5,과학,물리,19주차,전자기 유도,0,검수전
schemareading-schema,S(스키마 개념어),6725,전자기력,5,과학,물리,19주차,전자기 유도,0,검수전
schemareading-schema,S(스키마 개념어),6126,밀물,1,과학,과학,12주차,"바다가 만든 퇴적 지형, 갯벌",0,검수완료
schemareading-schema,S(스키마 개념어),6726,전자기장,5,과학,물리,19주차,전자기 유도,0,검수전
schemareading-schema,S(스키마 개념어),6727,코일,5,과학,물리,19주차,전자기 유도,0,검수전
schemareading-schema,S(스키마 개념어),6728,직류,5,과학,물리,19주차,전자기 유도,0,검수전
schemareading-schema,S(스키마 개념어),6729,교류,5,과학,물리,19주차,전자기 유도,0,검수전
schemareading-schema,S(스키마 개념어),6730,전자기유도,5,과학,물리,19주차,전자기 유도,0,검수전
schemareading-schema,S(스키마 개념어),6731,상호유도,5,과학,물리,19주차,전자기 유도,0,검수전
schemareading-schema,S(스키마 개념어),6732,유도기전력,5,과학,물리,19주차,전자기 유도,0,검수전
schemareading-schema,S(스키마 개념어),6733,전자기파,5,과학,물리,19주차,전자기 유도,0,검수전
schemareading-schema,S(스키마 개념어),6734,전자기유도의 활용,5,과학,물리,19주차,전자기 유도,0,검수전
schemareading-schema,S(스키마 개념어),6735,발전기,5,과학,물리,19주차,전자기 유도,0,검수전
schemareading-schema,S(스키마 개념어),6127,썰물,1,과학,과학,12주차,"바다가 만든 퇴적 지형, 갯벌",0,검수완료
schemareading-schema,S(스키마 개념어),6736,안테나,5,과학,물리,19주차,전자기 유도,0,검수전
schemareading-schema,S(스키마 개념어),6737,무선통신,5,과학,물리,19주차,전자기 유도,0,검수전
schemareading-schema,S(스키마 개념어),6738,대역폭,5,과학,물리,19주차,전자기 유도,0,검수전
schemareading-schema,S(스키마 개념어),6739,근거리 무선통신,5,과학,물리,19주차,전자기 유도,0,검수전
schemareading-schema,S(스키마 개념어),6740,아날로그데이터,5,과학,기술,20주차,데이터와 인공지능,0,검수전
schemareading-schema,S(스키마 개념어),6741,디지털데이터,5,과학,기술,20주차,데이터와 인공지능,0,검수전
schemareading-schema,S(스키마 개념어),6742,빅데이터,5,과학,기술,20주차,데이터와 인공지능,0,검수전
schemareading-schema,S(스키마 개념어),6743,정보,5,과학,기술,20주차,데이터와 인공지능,0,검수전
schemareading-schema,S(스키마 개념어),6744,유니코드,5,과학,기술,20주차,데이터와 인공지능,0,검수전
schemareading-schema,S(스키마 개념어),6128,조수간만,1,과학,과학,12주차,"바다가 만든 퇴적 지형, 갯벌",0,검수완료
schemareading-schema,S(스키마 개념어),6745,알고리즘,5,과학,기술,20주차,데이터와 인공지능,0,검수전
schemareading-schema,S(스키마 개념어),6746,탐욕 알고리즘,5,과학,기술,20주차,데이터와 인공지능,0,검수전
schemareading-schema,S(스키마 개념어),6747,복잡도,5,과학,기술,20주차,데이터와 인공지능,0,검수전
schemareading-schema,S(스키마 개념어),6748,인공지능,5,과학,기술,20주차,데이터와 인공지능,0,검수전
schemareading-schema,S(스키마 개념어),6749,회귀모형,5,과학,기술,20주차,데이터와 인공지능,0,검수전
schemareading-schema,S(스키마 개념어),6750,분류모형,5,과학,기술,20주차,데이터와 인공지능,0,검수전
schemareading-schema,S(스키마 개념어),6751,생성모형,5,과학,기술,20주차,데이터와 인공지능,0,검수전
schemareading-schema,S(스키마 개념어),6752,인공신경망,5,과학,기술,20주차,데이터와 인공지능,0,검수전
schemareading-schema,S(스키마 개념어),6753,딥러닝,5,과학,기술,20주차,데이터와 인공지능,0,검수전
schemareading-schema,S(스키마 개념어),6754,손실함수,5,과학,기술,20주차,데이터와 인공지능,0,검수전
schemareading-schema,S(스키마 개념어),6129,해수면,1,과학,과학,12주차,"바다가 만든 퇴적 지형, 갯벌",0,검수완료
schemareading-schema,S(스키마 개념어),6755,경사하강법,5,과학,기술,20주차,데이터와 인공지능,0,검수전
schemareading-schema,S(스키마 개념어),6756,고기압,6,과학,지구과학,1주차,날씨,0,검수완료
schemareading-schema,S(스키마 개념어),6757,저기압,6,과학,지구과학,1주차,날씨,0,검수완료
schemareading-schema,S(스키마 개념어),6758,온대저기압,6,과학,지구과학,1주차,날씨,0,검수완료
schemareading-schema,S(스키마 개념어),6759,열대저기압,6,과학,지구과학,1주차,날씨,0,검수완료
schemareading-schema,S(스키마 개념어),6760,폐색전선,6,과학,지구과학,1주차,날씨,0,검수완료
schemareading-schema,S(스키마 개념어),6761,정체전선,6,과학,지구과학,1주차,날씨,0,검수완료
schemareading-schema,S(스키마 개념어),6058,N극,1,과학,과학,2주차,자석은 어떻게 발견되었을까?,0,검수완료
schemareading-schema,S(스키마 개념어),6130,서해안,1,과학,과학,12주차,"바다가 만든 퇴적 지형, 갯벌",0,검수완료
schemareading-schema,S(스키마 개념어),6762,습도,6,과학,지구과학,1주차,날씨,0,검수완료
schemareading-schema,S(스키마 개념어),6763,포화수증기압,6,과학,지구과학,1주차,날씨,0,검수완료
schemareading-schema,S(스키마 개념어),6764,이슬점,6,과학,지구과학,1주차,날씨,0,검수완료
schemareading-schema,S(스키마 개념어),6765,열,6,과학,지구과학,1주차,날씨,0,검수완료
schemareading-schema,S(스키마 개념어),6766,푄현상,6,과학,지구과학,1주차,날씨,0,검수완료
schemareading-schema,S(스키마 개념어),6767,건조단열감률,6,과학,지구과학,1주차,날씨,0,검수완료
schemareading-schema,S(스키마 개념어),6768,습윤단열감률,6,과학,지구과학,1주차,날씨,0,검수완료
schemareading-schema,S(스키마 개념어),6131,남해안,1,과학,과학,12주차,"바다가 만든 퇴적 지형, 갯벌",0,검수완료
schemareading-schema,S(스키마 개념어),6769,대기대순환,6,과학,지구과학,1주차,날씨,0,검수완료
schemareading-schema,S(스키마 개념어),6770,수온,6,과학,지구과학,2주차,해양,0,검수완료
schemareading-schema,S(스키마 개념어),6771,표층순환,6,과학,지구과학,2주차,해양,0,검수완료
schemareading-schema,S(스키마 개념어),6772,심층순환,6,과학,지구과학,2주차,해양,0,검수완료
schemareading-schema,S(스키마 개념어),6773,용승과 침강,6,과학,지구과학,2주차,해양,0,검수완료
schemareading-schema,S(스키마 개념어),6774,해파,6,과학,지구과학,2주차,해양,0,검수완료
schemareading-schema,S(스키마 개념어),6775,풍랑,6,과학,지구과학,2주차,해양,0,검수완료
schemareading-schema,S(스키마 개념어),6776,너울,6,과학,지구과학,2주차,해양,0,검수완료
schemareading-schema,S(스키마 개념어),6132,행성,1,과학,과학,13주차,태양계 행성,0,검수완료
schemareading-schema,S(스키마 개념어),6777,연안쇄파,6,과학,지구과학,2주차,해양,0,검수완료
schemareading-schema,S(스키마 개념어),6778,천해파,6,과학,지구과학,2주차,해양,0,검수완료
schemareading-schema,S(스키마 개념어),6779,심해파,6,과학,지구과학,2주차,해양,0,검수완료
schemareading-schema,S(스키마 개념어),6780,쓰나미,6,과학,지구과학,2주차,해양,0,검수완료
schemareading-schema,S(스키마 개념어),6781,사리(대조),6,과학,지구과학,2주차,해양,0,검수완료
schemareading-schema,S(스키마 개념어),6782,조금(소조),6,과학,지구과학,2주차,해양,0,검수완료
schemareading-schema,S(스키마 개념어),6783,기조력,6,과학,지구과학,2주차,해양,0,검수완료
schemareading-schema,S(스키마 개념어),6784,지구공전궤도의 이심률변화,6,과학,지구과학,3주차,기후변화,0,검수완료
schemareading-schema,S(스키마 개념어),6133,수성,1,과학,과학,13주차,태양계 행성,0,검수완료
schemareading-schema,S(스키마 개념어),6785,근일점,6,과학,지구과학,3주차,기후변화,0,검수완료
schemareading-schema,S(스키마 개념어),6786,원일점,6,과학,지구과학,3주차,기후변화,0,검수완료
schemareading-schema,S(스키마 개념어),6787,이심률,6,과학,지구과학,3주차,기후변화,0,검수완료
schemareading-schema,S(스키마 개념어),6788,지구자전축의 기울기변화,6,과학,지구과학,3주차,기후변화,0,검수완료
schemareading-schema,S(스키마 개념어),6789,자전축의 세차운동,6,과학,지구과학,3주차,기후변화,0,검수완료
schemareading-schema,S(스키마 개념어),6790,태양의 활동변화,6,과학,지구과학,3주차,기후변화,0,검수완료
schemareading-schema,S(스키마 개념어),6791,기후변화의 지구내적요인,6,과학,지구과학,3주차,기후변화,0,검수완료
schemareading-schema,S(스키마 개념어),6792,반사율,6,과학,지구과학,3주차,기후변화,0,검수완료
schemareading-schema,S(스키마 개념어),6134,금성,1,과학,과학,13주차,태양계 행성,0,검수완료
schemareading-schema,S(스키마 개념어),6793,온실기체,6,과학,지구과학,3주차,기후변화,0,검수완료
schemareading-schema,S(스키마 개념어),6794,열수지 평형,6,과학,지구과학,3주차,기후변화,0,검수완료
schemareading-schema,S(스키마 개념어),6795,에어로졸,6,과학,지구과학,3주차,기후변화,0,검수완료
schemareading-schema,S(스키마 개념어),6796,엘니뇨,6,과학,지구과학,3주차,기후변화,0,검수완료
schemareading-schema,S(스키마 개념어),6797,라니냐,6,과학,지구과학,3주차,기후변화,0,검수완료
schemareading-schema,S(스키마 개념어),6798,남방진동,6,과학,지구과학,3주차,기후변화,0,검수완료
schemareading-schema,S(스키마 개념어),6799,항성,6,과학,지구과학,4주차,천체의 운동,0,검수완료
schemareading-schema,S(스키마 개념어),6800,위성,6,과학,지구과학,4주차,천체의 운동,0,검수완료
schemareading-schema,S(스키마 개념어),6135,지구,1,과학,과학,13주차,태양계 행성,0,검수완료
schemareading-schema,S(스키마 개념어),6801,지구의 운동,6,과학,지구과학,4주차,천체의 운동,0,검수완료
schemareading-schema,S(스키마 개념어),6802,일주운동,6,과학,지구과학,4주차,천체의 운동,0,검수완료
schemareading-schema,S(스키마 개념어),6803,천구,6,과학,지구과학,4주차,천체의 운동,0,검수완료
schemareading-schema,S(스키마 개념어),6804,연주운동,6,과학,지구과학,4주차,천체의 운동,0,검수완료
schemareading-schema,S(스키마 개념어),6805,시차,6,과학,지구과학,4주차,천체의 운동,0,검수완료
schemareading-schema,S(스키마 개념어),6806,태양의 운동,6,과학,지구과학,4주차,천체의 운동,0,검수완료
schemareading-schema,S(스키마 개념어),6807,달의 운동,6,과학,지구과학,4주차,천체의 운동,0,검수완료
schemareading-schema,S(스키마 개념어),6808,행성의 운동,6,과학,지구과학,4주차,천체의 운동,0,검수완료
schemareading-schema,S(스키마 개념어),6809,내행성,6,과학,지구과학,4주차,천체의 운동,0,검수완료
schemareading-schema,S(스키마 개념어),6136,화성,1,과학,과학,13주차,태양계 행성,0,검수완료
schemareading-schema,S(스키마 개념어),6810,외행성,6,과학,지구과학,4주차,천체의 운동,0,검수완료
schemareading-schema,S(스키마 개념어),6811,순행,6,과학,지구과학,4주차,천체의 운동,0,검수완료
schemareading-schema,S(스키마 개념어),6812,역행,6,과학,지구과학,4주차,천체의 운동,0,검수완료
schemareading-schema,S(스키마 개념어),6813,회합주기,6,과학,지구과학,4주차,천체의 운동,0,검수완료
schemareading-schema,S(스키마 개념어),6814,이각,6,과학,지구과학,4주차,천체의 운동,0,검수완료
schemareading-schema,S(스키마 개념어),6815,태양중심설(지동설),6,과학,지구과학,4주차,천체의 운동,0,검수완료
schemareading-schema,S(스키마 개념어),6816,지구중심설(천동설),6,과학,지구과학,4주차,천체의 운동,0,검수완료
schemareading-schema,S(스키마 개념어),6817,별의 진화,6,과학,지구과학,5주차,별의 진화와 우주론,0,검수완료
schemareading-schema,S(스키마 개념어),6818,주계열성,6,과학,지구과학,5주차,별의 진화와 우주론,0,검수완료
schemareading-schema,S(스키마 개념어),6819,적색거성,6,과학,지구과학,5주차,별의 진화와 우주론,0,검수완료
schemareading-schema,S(스키마 개념어),6137,목성,1,과학,과학,13주차,태양계 행성,0,검수완료
schemareading-schema,S(스키마 개념어),6820,초신성,6,과학,지구과학,5주차,별의 진화와 우주론,0,검수완료
schemareading-schema,S(스키마 개념어),6821,백색왜성,6,과학,지구과학,5주차,별의 진화와 우주론,0,검수완료
schemareading-schema,S(스키마 개념어),6822,행성상성운,6,과학,지구과학,5주차,별의 진화와 우주론,0,검수완료
schemareading-schema,S(스키마 개념어),6823,중성자별,6,과학,지구과학,5주차,별의 진화와 우주론,0,검수완료
schemareading-schema,S(스키마 개념어),6824,블랙홀,6,과학,지구과학,5주차,별의 진화와 우주론,0,검수완료
schemareading-schema,S(스키마 개념어),6825,겉보기등급과 절대등급,6,과학,지구과학,5주차,별의 진화와 우주론,0,검수완료
schemareading-schema,S(스키마 개념어),6826,정상우주론,6,과학,지구과학,5주차,별의 진화와 우주론,0,검수완료
schemareading-schema,S(스키마 개념어),6827,우주배경복사,6,과학,지구과학,5주차,별의 진화와 우주론,0,검수완료
schemareading-schema,S(스키마 개념어),6828,대폭발우주론,6,과학,지구과학,5주차,별의 진화와 우주론,0,검수완료
schemareading-schema,S(스키마 개념어),6829,빅뱅우주론,6,과학,지구과학,5주차,별의 진화와 우주론,0,검수완료
schemareading-schema,S(스키마 개념어),6138,토성,1,과학,과학,13주차,태양계 행성,0,검수완료
schemareading-schema,S(스키마 개념어),6830,암흑물질,6,과학,지구과학,5주차,별의 진화와 우주론,0,검수완료
schemareading-schema,S(스키마 개념어),6831,암흑에너지,6,과학,지구과학,5주차,별의 진화와 우주론,0,검수완료
schemareading-schema,S(스키마 개념어),6832,면역,6,과학,생명과학,6주차,방어 작용,0,검수완료
schemareading-schema,S(스키마 개념어),6833,비특이적 방어작용,6,과학,생명과학,6주차,방어 작용,0,검수완료
schemareading-schema,S(스키마 개념어),6834,특이적 방어작용,6,과학,생명과학,6주차,방어 작용,0,검수완료
schemareading-schema,S(스키마 개념어),6835,항원,6,과학,생명과학,6주차,방어 작용,0,검수완료
schemareading-schema,S(스키마 개념어),6836,항체,6,과학,생명과학,6주차,방어 작용,0,검수완료
schemareading-schema,S(스키마 개념어),6837,항원 항체 반응의 특이성,6,과학,생명과학,6주차,방어 작용,0,검수완료
schemareading-schema,S(스키마 개념어),6838,면역 세포,6,과학,생명과학,6주차,방어 작용,0,검수완료
schemareading-schema,S(스키마 개념어),6139,천왕성,1,과학,과학,13주차,태양계 행성,0,검수완료
schemareading-schema,S(스키마 개념어),6839,대식 세포,6,과학,생명과학,6주차,방어 작용,0,검수완료
schemareading-schema,S(스키마 개념어),6840,비만 세포,6,과학,생명과학,6주차,방어 작용,0,검수완료
schemareading-schema,S(스키마 개념어),6841,림프구,6,과학,생명과학,6주차,방어 작용,0,검수완료
schemareading-schema,S(스키마 개념어),6842,항원 제시,6,과학,생명과학,6주차,방어 작용,0,검수완료
schemareading-schema,S(스키마 개념어),6843,T림프구,6,과학,생명과학,6주차,방어 작용,0,검수완료
schemareading-schema,S(스키마 개념어),6844,B림프구,6,과학,생명과학,6주차,방어 작용,0,검수완료
schemareading-schema,S(스키마 개념어),6845,형질세포,6,과학,생명과학,6주차,방어 작용,0,검수완료
schemareading-schema,S(스키마 개념어),6846,기억세포,6,과학,생명과학,6주차,방어 작용,0,검수완료
schemareading-schema,S(스키마 개념어),6847,세포성 면역,6,과학,생명과학,6주차,방어 작용,0,검수완료
schemareading-schema,S(스키마 개념어),6848,체액성 면역,6,과학,생명과학,6주차,방어 작용,0,검수완료
schemareading-schema,S(스키마 개념어),6059,S극,1,과학,과학,2주차,자석은 어떻게 발견되었을까?,0,검수완료
schemareading-schema,S(스키마 개념어),6140,해왕성,1,과학,과학,13주차,태양계 행성,0,검수완료
schemareading-schema,S(스키마 개념어),6849,1차면역반응,6,과학,생명과학,6주차,방어 작용,0,검수완료
schemareading-schema,S(스키마 개념어),6850,2차면역반응,6,과학,생명과학,6주차,방어 작용,0,검수완료
schemareading-schema,S(스키마 개념어),6851,백신,6,과학,생명과학,6주차,방어 작용,0,검수완료
schemareading-schema,S(스키마 개념어),6852,유전정보,6,과학,생명과학,7주차,"유전물질, 유전자의 발현",0,검수완료
schemareading-schema,S(스키마 개념어),6853,DNA,6,과학,생명과학,7주차,"유전물질, 유전자의 발현",0,검수완료
schemareading-schema,S(스키마 개념어),6854,염기서열,6,과학,생명과학,7주차,"유전물질, 유전자의 발현",0,검수완료
schemareading-schema,S(스키마 개념어),6855,상보적 결합,6,과학,생명과학,7주차,"유전물질, 유전자의 발현",0,검수완료
schemareading-schema,S(스키마 개념어),6856,유전자,6,과학,생명과학,7주차,"유전물질, 유전자의 발현",0,검수완료
schemareading-schema,S(스키마 개념어),6857,RNA,6,과학,생명과학,7주차,"유전물질, 유전자의 발현",0,검수완료
schemareading-schema,S(스키마 개념어),6858,전사,6,과학,생명과학,7주차,"유전물질, 유전자의 발현",0,검수완료
schemareading-schema,S(스키마 개념어),6859,번역,6,과학,생명과학,7주차,"유전물질, 유전자의 발현",0,검수완료
schemareading-schema,S(스키마 개념어),6860,중심원리,6,과학,생명과학,7주차,"유전물질, 유전자의 발현",0,검수완료
schemareading-schema,S(스키마 개념어),6861,유전자 발현,6,과학,생명과학,7주차,"유전물질, 유전자의 발현",0,검수완료
schemareading-schema,S(스키마 개념어),6862,돌연변이,6,과학,생명과학,7주차,"유전물질, 유전자의 발현",0,검수완료
schemareading-schema,S(스키마 개념어),6863,줄기세포 연구,6,과학,생명과학,8주차,생명공학기술,0,검수완료
schemareading-schema,S(스키마 개념어),6864,분화,6,과학,생명과학,8주차,생명공학기술,0,검수완료
schemareading-schema,S(스키마 개념어),6865,역분화,6,과학,생명과학,8주차,생명공학기술,0,검수완료
schemareading-schema,S(스키마 개념어),6866,배아,6,과학,생명과학,8주차,생명공학기술,0,검수완료
schemareading-schema,S(스키마 개념어),6867,줄기세포,6,과학,생명과학,8주차,생명공학기술,0,검수완료
schemareading-schema,S(스키마 개념어),6141,유익 세균,1,과학,과학,14주차,세균과의 사랑과 전쟁,0,검수완료
schemareading-schema,S(스키마 개념어),6868,배아 줄기세포,6,과학,생명과학,8주차,생명공학기술,0,검수완료
schemareading-schema,S(스키마 개념어),6869,성체 줄기세포,6,과학,생명과학,8주차,생명공학기술,0,검수완료
schemareading-schema,S(스키마 개념어),6870,유도 만능 줄기세포,6,과학,생명과학,8주차,생명공학기술,0,검수완료
schemareading-schema,S(스키마 개념어),6871,유전자 재조합 기술,6,과학,생명과학,8주차,생명공학기술,0,검수완료
schemareading-schema,S(스키마 개념어),6872,표적 유전자,6,과학,생명과학,8주차,생명공학기술,0,검수완료
schemareading-schema,S(스키마 개념어),6873,DNA 운반체,6,과학,생명과학,8주차,생명공학기술,0,검수완료
schemareading-schema,S(스키마 개념어),6874,플라스미드,6,과학,생명과학,8주차,생명공학기술,0,검수완료
schemareading-schema,S(스키마 개념어),6875,제한 효소,6,과학,생명과학,8주차,생명공학기술,0,검수완료
schemareading-schema,S(스키마 개념어),6876,DNA 연결효소,6,과학,생명과학,8주차,생명공학기술,0,검수완료
schemareading-schema,S(스키마 개념어),6877,형질전환,6,과학,생명과학,8주차,생명공학기술,0,검수완료
schemareading-schema,S(스키마 개념어),6142,유해 세균,1,과학,과학,14주차,세균과의 사랑과 전쟁,0,검수완료
schemareading-schema,S(스키마 개념어),6878,세포융합기술,6,과학,생명과학,8주차,생명공학기술,0,검수완료
schemareading-schema,S(스키마 개념어),6879,클론,6,과학,생명과학,8주차,생명공학기술,0,검수완료
schemareading-schema,S(스키마 개념어),6880,단일클론항체,6,과학,생명과학,8주차,생명공학기술,0,검수완료
schemareading-schema,S(스키마 개념어),6881,생명의 기원과 종의 진화,6,과학,생명과학,9주차,생명체의 진화,0,검수완료
schemareading-schema,S(스키마 개념어),6882,유기물,6,과학,생명과학,9주차,생명체의 진화,0,검수완료
schemareading-schema,S(스키마 개념어),6883,무기물,6,과학,생명과학,9주차,생명체의 진화,0,검수완료
schemareading-schema,S(스키마 개념어),6884,종속영양생물,6,과학,생명과학,9주차,생명체의 진화,0,검수완료
schemareading-schema,S(스키마 개념어),6885,독립영양생물,6,과학,생명과학,9주차,생명체의 진화,0,검수완료
schemareading-schema,S(스키마 개념어),6886,리보자임,6,과학,생명과학,9주차,생명체의 진화,0,검수완료
schemareading-schema,S(스키마 개념어),6887,인지질,6,과학,생명과학,9주차,생명체의 진화,0,검수완료
schemareading-schema,S(스키마 개념어),6143,원핵생물,1,과학,과학,14주차,세균과의 사랑과 전쟁,0,검수완료
schemareading-schema,S(스키마 개념어),6888,리포솜,6,과학,생명과학,9주차,생명체의 진화,0,검수완료
schemareading-schema,S(스키마 개념어),6889,생물학적 종,6,과학,생명과학,9주차,생명체의 진화,0,검수완료
schemareading-schema,S(스키마 개념어),6890,종분화,6,과학,생명과학,9주차,생명체의 진화,0,검수완료
schemareading-schema,S(스키마 개념어),6891,진화,6,과학,생명과학,9주차,생명체의 진화,0,검수완료
schemareading-schema,S(스키마 개념어),6892,상동성,6,과학,생명과학,9주차,생명체의 진화,0,검수완료
schemareading-schema,S(스키마 개념어),6893,상사성,6,과학,생명과학,9주차,생명체의 진화,0,검수완료
schemareading-schema,S(스키마 개념어),6894,생물의 분류체계,6,과학,생명과학,9주차,생명체의 진화,0,검수완료
schemareading-schema,S(스키마 개념어),6895,3역6계 분류체계,6,과학,생명과학,9주차,생명체의 진화,0,검수완료
schemareading-schema,S(스키마 개념어),6896,진정세균계,6,과학,생명과학,9주차,생명체의 진화,0,검수완료
schemareading-schema,S(스키마 개념어),6144,전염,1,과학,과학,14주차,세균과의 사랑과 전쟁,0,검수완료
schemareading-schema,S(스키마 개념어),6897,고세균계,6,과학,생명과학,9주차,생명체의 진화,0,검수완료
schemareading-schema,S(스키마 개념어),6898,식물계,6,과학,생명과학,9주차,생명체의 진화,0,검수완료
schemareading-schema,S(스키마 개념어),6899,균계,6,과학,생명과학,9주차,생명체의 진화,0,검수완료
schemareading-schema,S(스키마 개념어),6900,동물계,6,과학,생명과학,9주차,생명체의 진화,0,검수완료
schemareading-schema,S(스키마 개념어),6901,원생생물계,6,과학,생명과학,9주차,생명체의 진화,0,검수완료
schemareading-schema,S(스키마 개념어),6902,유전체,6,과학,생명과학,10주차,유전체의 진화,0,검수완료
schemareading-schema,S(스키마 개념어),6903,암호화 DNA,6,과학,생명과학,10주차,유전체의 진화,0,검수완료
schemareading-schema,S(스키마 개념어),6904,엑손,6,과학,생명과학,10주차,유전체의 진화,0,검수완료
schemareading-schema,S(스키마 개념어),6905,비암호화 DNA,6,과학,생명과학,10주차,유전체의 진화,0,검수완료
schemareading-schema,S(스키마 개념어),6145,감염,1,과학,과학,14주차,세균과의 사랑과 전쟁,0,검수완료
schemareading-schema,S(스키마 개념어),6906,인트론,6,과학,생명과학,10주차,유전체의 진화,0,검수완료
schemareading-schema,S(스키마 개념어),6907,반복서열,6,과학,생명과학,10주차,유전체의 진화,0,검수완료
schemareading-schema,S(스키마 개념어),6908,위유전자,6,과학,생명과학,10주차,유전체의 진화,0,검수완료
schemareading-schema,S(스키마 개념어),6909,텔로미어,6,과학,생명과학,10주차,유전체의 진화,0,검수완료
schemareading-schema,S(스키마 개념어),6910,조절부위,6,과학,생명과학,10주차,유전체의 진화,0,검수완료
schemareading-schema,S(스키마 개념어),6911,전이인자,6,과학,생명과학,10주차,유전체의 진화,0,검수완료
schemareading-schema,S(스키마 개념어),6912,RNA 가공,6,과학,생명과학,10주차,유전체의 진화,0,검수완료
schemareading-schema,S(스키마 개념어),6913,기체의 압력,6,과학,화학,11주차,기체 운동,0,검수완료
schemareading-schema,S(스키마 개념어),6914,기체의 부피,6,과학,화학,11주차,기체 운동,0,검수완료
schemareading-schema,S(스키마 개념어),6146,탄성,1,과학,과학,15주차,탄성이 있어서 할 수 있는 것들,0,검수완료
schemareading-schema,S(스키마 개념어),6915,섭씨 온도,6,과학,화학,11주차,기체 운동,0,검수완료
schemareading-schema,S(스키마 개념어),6916,절대 온도,6,과학,화학,11주차,기체 운동,0,검수완료
schemareading-schema,S(스키마 개념어),6917,기체의 운동법칙,6,과학,화학,11주차,기체 운동,0,검수완료
schemareading-schema,S(스키마 개념어),6918,이상 기체,6,과학,화학,11주차,기체 운동,0,검수완료
schemareading-schema,S(스키마 개념어),6919,아보가드로 법칙,6,과학,화학,11주차,기체 운동,0,검수완료
schemareading-schema,S(스키마 개념어),6920,이상기체방정식,6,과학,화학,11주차,기체 운동,0,검수완료
schemareading-schema,S(스키마 개념어),6921,혼합기체,6,과학,화학,11주차,기체 운동,0,검수완료
schemareading-schema,S(스키마 개념어),6922,부분압력,6,과학,화학,11주차,기체 운동,0,검수완료
schemareading-schema,S(스키마 개념어),6147,고무줄,1,과학,과학,15주차,탄성이 있어서 할 수 있는 것들,0,검수완료
schemareading-schema,S(스키마 개념어),6923,부분압력법칙,6,과학,화학,11주차,기체 운동,0,검수완료
schemareading-schema,S(스키마 개념어),6924,분자간 상호작용,6,과학,화학,12주차,액체와 물,0,검수완료
schemareading-schema,S(스키마 개념어),6925,극성분자,6,과학,화학,12주차,액체와 물,0,검수완료
schemareading-schema,S(스키마 개념어),6926,무극성분자,6,과학,화학,12주차,액체와 물,0,검수완료
schemareading-schema,S(스키마 개념어),6927,쌍극자,6,과학,화학,12주차,액체와 물,0,검수완료
schemareading-schema,S(스키마 개념어),6928,쌍극자 모멘트,6,과학,화학,12주차,액체와 물,0,검수완료
schemareading-schema,S(스키마 개념어),6929,수소 결합,6,과학,화학,12주차,액체와 물,0,검수완료
schemareading-schema,S(스키마 개념어),6930,편극 현상,6,과학,화학,12주차,액체와 물,0,검수완료
schemareading-schema,S(스키마 개념어),6931,반데르발스 힘,6,과학,화학,12주차,액체와 물,0,검수완료
schemareading-schema,S(스키마 개념어),6148,용수철,1,과학,과학,15주차,탄성이 있어서 할 수 있는 것들,0,검수완료
schemareading-schema,S(스키마 개념어),6932,증발,6,과학,화학,12주차,액체와 물,0,검수완료
schemareading-schema,S(스키마 개념어),6933,응축,6,과학,화학,12주차,액체와 물,0,검수완료
schemareading-schema,S(스키마 개념어),6934,증기 압력,6,과학,화학,12주차,액체와 물,0,검수완료
schemareading-schema,S(스키마 개념어),6935,끓음,6,과학,화학,12주차,액체와 물,0,검수완료
schemareading-schema,S(스키마 개념어),6936,열용량,6,과학,화학,12주차,액체와 물,0,검수완료
schemareading-schema,S(스키마 개념어),6937,표면장력,6,과학,화학,12주차,액체와 물,0,검수완료
schemareading-schema,S(스키마 개념어),6938,모세관 현상,6,과학,화학,12주차,액체와 물,0,검수완료
schemareading-schema,S(스키마 개념어),5027,아파트,1,사회,지리,1주차,우리가 사는 곳,0,검수전
schemareading-schema,S(스키마 개념어),5036,동·읍·면,1,사회,지리,2주차,우리나라의 행정구역,0,검수전
schemareading-schema,S(스키마 개념어),5126,카톨릭,1,사회,사회문화,14주차,우리나라의 다양한 종교,0,검수전
schemareading-schema,S(스키마 개념어),5965,옴브즈맨,6,사회,정치,15주차,정당과 선거제도,0,검수완료
schemareading-schema,S(스키마 개념어),5966,여론정치,6,사회,정치,15주차,정당과 선거제도,0,검수완료
schemareading-schema,S(스키마 개념어),5967,정치적 무관심,6,사회,정치,15주차,정당과 선거제도,0,검수완료
schemareading-schema,S(스키마 개념어),5968,포퓰리즘,6,사회,정치,15주차,정당과 선거제도,0,검수완료
schemareading-schema,S(스키마 개념어),5969,헤게모니,6,사회,정치,15주차,정당과 선거제도,0,검수완료
schemareading-schema,S(스키마 개념어),5970,게리맨더링,6,사회,정치,15주차,정당과 선거제도,0,검수완료
schemareading-schema,S(스키마 개념어),5971,전자정부,6,사회,정치,15주차,정당과 선거제도,0,검수완료
schemareading-schema,S(스키마 개념어),5972,샤프파워,6,사회,정치,15주차,정당과 선거제도,0,검수완료
schemareading-schema,S(스키마 개념어),5973,가짜뉴스,6,사회,정치,15주차,정당과 선거제도,0,검수완료
schemareading-schema,S(스키마 개념어),5127,개신교,1,사회,사회문화,14주차,우리나라의 다양한 종교,0,검수전
schemareading-schema,S(스키마 개념어),5974,사회적 폭포효과,6,사회,정치,15주차,정당과 선거제도,0,검수완료
schemareading-schema,S(스키마 개념어),5975,아그레망,6,사회,정치,15주차,정당과 선거제도,0,검수완료
schemareading-schema,S(스키마 개념어),5976,레임덕,6,사회,정치,15주차,정당과 선거제도,0,검수완료
schemareading-schema,S(스키마 개념어),5977,브래들리효과,6,사회,정치,15주차,정당과 선거제도,0,검수완료
schemareading-schema,S(스키마 개념어),5978,언더독효과,6,사회,정치,15주차,정당과 선거제도,0,검수완료
schemareading-schema,S(스키마 개념어),5979,왝더독효과,6,사회,정치,15주차,정당과 선거제도,0,검수완료
schemareading-schema,S(스키마 개념어),5980,엽관제도,6,사회,정치,15주차,정당과 선거제도,0,검수완료
schemareading-schema,S(스키마 개념어),5981,민법의 기본원리,6,사회,법,16주차,민법,0,검수완료
schemareading-schema,S(스키마 개념어),5982,신의성실의 원칙,6,사회,법,16주차,민법,0,검수완료
schemareading-schema,S(스키마 개념어),5128,원불교,1,사회,사회문화,14주차,우리나라의 다양한 종교,0,검수전
schemareading-schema,S(스키마 개념어),5983,귄리남용 금지의 원칙,6,사회,법,16주차,민법,0,검수완료
schemareading-schema,S(스키마 개념어),5984,사정변경의 원칙,6,사회,법,16주차,민법,0,검수완료
schemareading-schema,S(스키마 개념어),5985,모순행위금지의 원칙,6,사회,법,16주차,민법,0,검수완료
schemareading-schema,S(스키마 개념어),5986,실효의 원칙,6,사회,법,16주차,민법,0,검수완료
schemareading-schema,S(스키마 개념어),5987,계약의 종류,6,사회,법,16주차,민법,0,검수완료
schemareading-schema,S(스키마 개념어),5988,매매,6,사회,법,16주차,민법,0,검수완료
schemareading-schema,S(스키마 개념어),5989,임대차,6,사회,법,16주차,민법,0,검수완료
schemareading-schema,S(스키마 개념어),5990,증여,6,사회,법,16주차,민법,0,검수완료
schemareading-schema,S(스키마 개념어),5991,교환,6,사회,법,16주차,민법,0,검수완료
schemareading-schema,S(스키마 개념어),5129,천도교,1,사회,사회문화,14주차,우리나라의 다양한 종교,0,검수전
schemareading-schema,S(스키마 개념어),5992,도급,6,사회,법,16주차,민법,0,검수완료
schemareading-schema,S(스키마 개념어),5993,계약의 성립,6,사회,법,16주차,민법,0,검수완료
schemareading-schema,S(스키마 개념어),5994,청약,6,사회,법,16주차,민법,0,검수완료
schemareading-schema,S(스키마 개념어),5995,승낙,6,사회,법,16주차,민법,0,검수완료
schemareading-schema,S(스키마 개념어),5996,계약의 효력,6,사회,법,16주차,민법,0,검수완료
schemareading-schema,S(스키마 개념어),5997,의사능력,6,사회,법,16주차,민법,0,검수완료
schemareading-schema,S(스키마 개념어),5998,행위능력,6,사회,법,16주차,민법,0,검수완료
schemareading-schema,S(스키마 개념어),5999,미성년자의 법률행위,6,사회,법,16주차,민법,0,검수완료
schemareading-schema,S(스키마 개념어),6000,불법행위,6,사회,법,16주차,민법,0,검수완료
schemareading-schema,S(스키마 개념어),6001,손해배상,6,사회,법,16주차,민법,0,검수완료
schemareading-schema,S(스키마 개념어),5130,제사,1,사회,사회문화,15주차,다양한 제사가 있던 우리나라,0,검수전
schemareading-schema,S(스키마 개념어),6002,징벌적 손해배상제도,6,사회,법,16주차,민법,0,검수완료
schemareading-schema,S(스키마 개념어),6003,특수불법행위,6,사회,법,16주차,민법,0,검수완료
schemareading-schema,S(스키마 개념어),6004,권리능력,6,사회,법,16주차,민법,0,검수완료
schemareading-schema,S(스키마 개념어),6005,책임능력,6,사회,법,16주차,민법,0,검수완료
schemareading-schema,S(스키마 개념어),6006,법률관계,6,사회,법,16주차,민법,0,검수완료
schemareading-schema,S(스키마 개념어),6007,공증,6,사회,법,16주차,민법,0,검수완료
schemareading-schema,S(스키마 개념어),6008,민사조정제도,6,사회,법,16주차,민법,0,검수완료
schemareading-schema,S(스키마 개념어),6009,지급명령제도,6,사회,법,16주차,민법,0,검수완료
schemareading-schema,S(스키마 개념어),6010,대안적 분쟁해결방법,6,사회,법,16주차,민법,0,검수완료
schemareading-schema,S(스키마 개념어),6011,법률구조제도,6,사회,법,16주차,민법,0,검수완료
schemareading-schema,S(스키마 개념어),5131,차례,1,사회,사회문화,15주차,다양한 제사가 있던 우리나라,0,검수전
schemareading-schema,S(스키마 개념어),6012,자연인과 법인,6,사회,법,16주차,민법,0,검수완료
schemareading-schema,S(스키마 개념어),6013,친권,6,사회,법,16주차,민법,0,검수완료
schemareading-schema,S(스키마 개념어),6014,부동산,6,사회,법,17주차,상법,0,검수완료
schemareading-schema,S(스키마 개념어),6015,등기제도,6,사회,법,17주차,상법,0,검수완료
schemareading-schema,S(스키마 개념어),6016,공시,6,사회,법,17주차,상법,0,검수완료
schemareading-schema,S(스키마 개념어),6017,주택임대차,6,사회,법,17주차,상법,0,검수완료
schemareading-schema,S(스키마 개념어),6018,죄형법정주의,6,사회,법,18주차,형법,0,검수전
schemareading-schema,S(스키마 개념어),6019,범죄,6,사회,법,18주차,형법,0,검수전
schemareading-schema,S(스키마 개념어),5132,제례,1,사회,사회문화,15주차,다양한 제사가 있던 우리나라,0,검수전
schemareading-schema,S(스키마 개념어),6020,위법성조각사유,6,사회,법,18주차,형법,0,검수전
schemareading-schema,S(스키마 개념어),6021,형벌,6,사회,법,18주차,형법,0,검수전
schemareading-schema,S(스키마 개념어),6022,형벌의 종류,6,사회,법,18주차,형법,0,검수전
schemareading-schema,S(스키마 개념어),6023,보안처분,6,사회,법,18주차,형법,0,검수전
schemareading-schema,S(스키마 개념어),6024,형사절차,6,사회,법,18주차,형법,0,검수전
schemareading-schema,S(스키마 개념어),6025,수사,6,사회,법,18주차,형법,0,검수전
schemareading-schema,S(스키마 개념어),6026,공소제기,6,사회,법,18주차,형법,0,검수전
schemareading-schema,S(스키마 개념어),6027,재정신청,6,사회,법,18주차,형법,0,검수전
schemareading-schema,S(스키마 개념어),6028,공판,6,사회,법,18주차,형법,0,검수전
schemareading-schema,S(스키마 개념어),6029,상소절차,6,사회,법,18주차,형법,0,검수완료
schemareading-schema,S(스키마 개념어),5133,기우제,1,사회,사회문화,15주차,다양한 제사가 있던 우리나라,0,검수전
schemareading-schema,S(스키마 개념어),6030,적법절차의 원칙,6,사회,법,19주차,사회법,0,검수전
schemareading-schema,S(스키마 개념어),6031,무죄추정의 원칙,6,사회,법,19주차,사회법,0,검수전
schemareading-schema,S(스키마 개념어),6032,국선변호인,6,사회,법,19주차,사회법,0,검수전
schemareading-schema,S(스키마 개념어),6033,미란다원칙,6,사회,법,19주차,사회법,0,검수전
schemareading-schema,S(스키마 개념어),6034,범죄피해자구조제도,6,사회,법,19주차,사회법,0,검수전
schemareading-schema,S(스키마 개념어),6035,배상명령제도,6,사회,법,19주차,사회법,0,검수전
schemareading-schema,S(스키마 개념어),6036,실체법,6,사회,법,19주차,사회법,0,검수전
schemareading-schema,S(스키마 개념어),6037,절차법,6,사회,법,19주차,사회법,0,검수전
schemareading-schema,S(스키마 개념어),6038,일반법,6,사회,법,19주차,사회법,0,검수전
schemareading-schema,S(스키마 개념어),6039,특별법,6,사회,법,19주차,사회법,0,검수전
schemareading-schema,S(스키마 개념어),5134,풍어제,1,사회,사회문화,15주차,다양한 제사가 있던 우리나라,0,검수전
schemareading-schema,S(스키마 개념어),6040,노동법,6,사회,법,19주차,사회법,0,검수전
schemareading-schema,S(스키마 개념어),6041,사회보장법,6,사회,법,19주차,사회법,0,검수전
schemareading-schema,S(스키마 개념어),6042,경제법,6,사회,법,19주차,사회법,0,검수전
schemareading-schema,S(스키마 개념어),6043,행정법,6,사회,법,20주차,행정법,0,검수전
schemareading-schema,S(스키마 개념어),6044,행정행위,6,사회,법,20주차,행정법,0,검수전
schemareading-schema,S(스키마 개념어),6045,행정지도,6,사회,법,20주차,행정법,0,검수전
schemareading-schema,S(스키마 개념어),6046,행정구제제도,6,사회,법,20주차,행정법,0,검수전
schemareading-schema,S(스키마 개념어),6047,행정쟁송제도,6,사회,법,20주차,행정법,0,검수전
schemareading-schema,S(스키마 개념어),6048,행정심판,6,사회,법,20주차,행정법,0,검수전
schemareading-schema,S(스키마 개념어),5135,종묘제례,1,사회,사회문화,15주차,다양한 제사가 있던 우리나라,0,검수전
schemareading-schema,S(스키마 개념어),6049,행정소송,6,사회,법,20주차,행정법,0,검수전
schemareading-schema,S(스키마 개념어),6050,김영란법,6,사회,법,20주차,행정법,0,검수전
schemareading-schema,S(스키마 개념어),5037,주소,1,사회,지리,2주차,우리나라의 행정구역,0,검수전
schemareading-schema,S(스키마 개념어),5136,성비,1,사회,지리,16주차,남자와 여자의 수가 달라요,0,검수전
schemareading-schema,S(스키마 개념어),5137,성비 불균형,1,사회,지리,16주차,남자와 여자의 수가 달라요,0,검수전
schemareading-schema,S(스키마 개념어),5138,군대,1,사회,지리,16주차,남자와 여자의 수가 달라요,0,검수전
schemareading-schema,S(스키마 개념어),5139,조선소,1,사회,지리,16주차,남자와 여자의 수가 달라요,0,검수전
schemareading-schema,S(스키마 개념어),5140,평균 수명,1,사회,지리,16주차,남자와 여자의 수가 달라요,0,검수전
schemareading-schema,S(스키마 개념어),5141,봉수,1,사회,사회문화,17주차,소식을 알리는 방법의 변화,0,검수전
schemareading-schema,S(스키마 개념어),5142,파발,1,사회,사회문화,17주차,소식을 알리는 방법의 변화,0,검수전
schemareading-schema,S(스키마 개념어),5143,전보,1,사회,사회문화,17주차,소식을 알리는 방법의 변화,0,검수전
schemareading-schema,S(스키마 개념어),5144,전화,1,사회,사회문화,17주차,소식을 알리는 방법의 변화,0,검수전
schemareading-schema,S(스키마 개념어),5038,인구,1,사회,지리,2주차,우리나라의 행정구역,0,검수전
schemareading-schema,S(스키마 개념어),5145,인터넷,1,사회,사회문화,17주차,소식을 알리는 방법의 변화,0,검수전
schemareading-schema,S(스키마 개념어),5146,전자우편,1,사회,사회문화,17주차,소식을 알리는 방법의 변화,0,검수전
schemareading-schema,S(스키마 개념어),5147,SNS,1,사회,사회문화,17주차,소식을 알리는 방법의 변화,0,검수전
schemareading-schema,S(스키마 개념어),5148,통신수단,1,사회,사회문화,17주차,소식을 알리는 방법의 변화,0,검수전
schemareading-schema,S(스키마 개념어),5149,농업,1,사회,지리,18주차,자연 물자를 얻는 직업과 촌락,0,검수전
schemareading-schema,S(스키마 개념어),5150,농촌,1,사회,지리,18주차,자연 물자를 얻는 직업과 촌락,0,검수전
schemareading-schema,S(스키마 개념어),5151,어업,1,사회,지리,18주차,자연 물자를 얻는 직업과 촌락,0,검수전
schemareading-schema,S(스키마 개념어),5152,어촌,1,사회,지리,18주차,자연 물자를 얻는 직업과 촌락,0,검수전
schemareading-schema,S(스키마 개념어),5153,임업,1,사회,지리,18주차,자연 물자를 얻는 직업과 촌락,0,검수전
schemareading-schema,S(스키마 개념어),5154,과수업,1,사회,지리,18주차,자연 물자를 얻는 직업과 촌락,0,검수전
schemareading-schema,S(스키마 개념어),5039,주민,1,사회,지리,2주차,우리나라의 행정구역,0,검수전
schemareading-schema,S(스키마 개념어),5155,집촌,1,사회,지리,18주차,자연 물자를 얻는 직업과 촌락,0,검수전
schemareading-schema,S(스키마 개념어),5156,산촌,1,사회,지리,18주차,자연 물자를 얻는 직업과 촌락,0,검수전
schemareading-schema,S(스키마 개념어),5157,반농반어촌,1,사회,지리,18주차,자연 물자를 얻는 직업과 촌락,0,검수전
schemareading-schema,S(스키마 개념어),5158,소비,1,사회,경제,19주차,합리적인 소비,0,검수전
schemareading-schema,S(스키마 개념어),5159,현금,1,사회,경제,19주차,합리적인 소비,0,검수전
schemareading-schema,S(스키마 개념어),5160,신용,1,사회,경제,19주차,합리적인 소비,0,검수전
schemareading-schema,S(스키마 개념어),5161,신용카드,1,사회,경제,19주차,합리적인 소비,0,검수전
schemareading-schema,S(스키마 개념어),5162,체크카드,1,사회,경제,19주차,합리적인 소비,0,검수전
schemareading-schema,S(스키마 개념어),5163,플라스틱,1,사회,지리,20주차,플라스틱 섬을 들어봤니?,0,검수전
schemareading-schema,S(스키마 개념어),5040,핵가족,1,사회,사회문화,3주차,우리 사회의 다양한 가족 형태,0,검수전
schemareading-schema,S(스키마 개념어),5164,플라스틱 쓰레기 섬,1,사회,지리,20주차,플라스틱 섬을 들어봤니?,0,검수전
schemareading-schema,S(스키마 개념어),5165,일회용,1,사회,지리,20주차,플라스틱 섬을 들어봤니?,0,검수전
schemareading-schema,S(스키마 개념어),5166,재활용,1,사회,지리,20주차,플라스틱 섬을 들어봤니?,0,검수전
schemareading-schema,S(스키마 개념어),5167,문화,2,사회,사회문화,1주차,문화란 무엇일까?,0,검수전
schemareading-schema,S(스키마 개념어),5168,생활 양식,2,사회,사회문화,1주차,문화란 무엇일까?,0,검수전
schemareading-schema,S(스키마 개념어),5169,문명,2,사회,사회문화,1주차,문화란 무엇일까?,0,검수전
schemareading-schema,S(스키마 개념어),5170,선천적,2,사회,사회문화,1주차,문화란 무엇일까?,0,검수전
schemareading-schema,S(스키마 개념어),5171,후천적,2,사회,사회문화,1주차,문화란 무엇일까?,0,검수전
schemareading-schema,S(스키마 개념어),5172,믈질 문화,2,사회,사회문화,1주차,문화란 무엇일까?,0,검수전
schemareading-schema,S(스키마 개념어),5173,비물질 문화,2,사회,사회문화,1주차,문화란 무엇일까?,0,검수전
schemareading-schema,S(스키마 개념어),5041,대가족,1,사회,사회문화,3주차,우리 사회의 다양한 가족 형태,0,검수전
schemareading-schema,S(스키마 개념어),5174,쌀,2,사회,지리,2주차,세계인의 주식,0,검수전
schemareading-schema,S(스키마 개념어),5175,밀,2,사회,지리,2주차,세계인의 주식,0,검수전
schemareading-schema,S(스키마 개념어),5176,옥수수,2,사회,지리,2주차,세계인의 주식,0,검수전
schemareading-schema,S(스키마 개념어),5177,식량작물,2,사회,지리,2주차,세계인의 주식,0,검수전
schemareading-schema,S(스키마 개념어),5178,밥,2,사회,지리,2주차,세계인의 주식,0,검수전
schemareading-schema,S(스키마 개념어),5179,빵,2,사회,지리,2주차,세계인의 주식,0,검수전
schemareading-schema,S(스키마 개념어),5180,논농사,2,사회,지리,2주차,세계인의 주식,0,검수전
schemareading-schema,S(스키마 개념어),5181,밭농사,2,사회,지리,2주차,세계인의 주식,0,검수전
schemareading-schema,S(스키마 개념어),5182,영토,2,사회,지리,3주차,우리나라의 영역,0,검수전
schemareading-schema,S(스키마 개념어),5183,영해,2,사회,지리,3주차,우리나라의 영역,0,검수전
schemareading-schema,S(스키마 개념어),5042,확대가족,1,사회,사회문화,3주차,우리 사회의 다양한 가족 형태,0,검수전
schemareading-schema,S(스키마 개념어),5184,영공,2,사회,지리,3주차,우리나라의 영역,0,검수전
schemareading-schema,S(스키마 개념어),5185,기선,2,사회,지리,3주차,우리나라의 영역,0,검수전
schemareading-schema,S(스키마 개념어),5186,통상기선,2,사회,지리,3주차,우리나라의 영역,0,검수전
schemareading-schema,S(스키마 개념어),5187,직선기선,2,사회,지리,3주차,우리나라의 영역,0,검수전
schemareading-schema,S(스키마 개념어),5188,해리,2,사회,지리,3주차,우리나라의 영역,0,검수전
schemareading-schema,S(스키마 개념어),5189,배타적 경제수역,2,사회,지리,3주차,우리나라의 영역,0,검수전
schemareading-schema,S(스키마 개념어),5190,우산국,2,사회,지리,4주차,독도이야기,0,검수전
schemareading-schema,S(스키마 개념어),5191,우산도,2,사회,지리,4주차,독도이야기,0,검수전
schemareading-schema,S(스키마 개념어),5192,신라 이사부,2,사회,지리,4주차,독도이야기,0,검수전
schemareading-schema,S(스키마 개념어),5193,삼국사기,2,사회,지리,4주차,독도이야기,0,검수전
schemareading-schema,S(스키마 개념어),5043,한부모 가족,1,사회,사회문화,3주차,우리 사회의 다양한 가족 형태,0,검수전
schemareading-schema,S(스키마 개념어),5194,안용복,2,사회,지리,4주차,독도이야기,0,검수전
schemareading-schema,S(스키마 개념어),5195,독도의용수비대,2,사회,지리,4주차,독도이야기,0,검수전
schemareading-schema,S(스키마 개념어),5196,실학,2,사회,일반사회,5주차,조선을 개혁하려한 실학,0,검수전
schemareading-schema,S(스키마 개념어),5197,사농공상,2,사회,일반사회,5주차,조선을 개혁하려한 실학,0,검수전
schemareading-schema,S(스키마 개념어),5198,실학자,2,사회,일반사회,5주차,조선을 개혁하려한 실학,0,검수전
schemareading-schema,S(스키마 개념어),5199,수원 화성,2,사회,일반사회,5주차,조선을 개혁하려한 실학,0,검수전
schemareading-schema,S(스키마 개념어),5200,북학파,2,사회,일반사회,5주차,조선을 개혁하려한 실학,0,검수전
schemareading-schema,S(스키마 개념어),5201,중농학파,2,사회,일반사회,5주차,조선을 개혁하려한 실학,0,검수전
schemareading-schema,S(스키마 개념어),5202,중상학파,2,사회,일반사회,5주차,조선을 개혁하려한 실학,0,검수전
schemareading-schema,S(스키마 개념어),5203,국제연합(UN),2,사회,지리,6주차,지구촌을 하나로! 정부간 국제기구,0,검수전
schemareading-schema,S(스키마 개념어),5044,다문화 가족,1,사회,사회문화,3주차,우리 사회의 다양한 가족 형태,0,검수전
schemareading-schema,S(스키마 개념어),5204,유엔 사무총장,2,사회,지리,6주차,지구촌을 하나로! 정부간 국제기구,0,검수전
schemareading-schema,S(스키마 개념어),5205,경제협력개발기구(OECD),2,사회,지리,6주차,지구촌을 하나로! 정부간 국제기구,0,검수전
schemareading-schema,S(스키마 개념어),5206,유럽연합(EU),2,사회,지리,6주차,지구촌을 하나로! 정부간 국제기구,0,검수전
schemareading-schema,S(스키마 개념어),5207,공업,2,사회,지리,7주차,우리나라 공업 발달 및 특징,0,검수전
schemareading-schema,S(스키마 개념어),5208,가내수공업,2,사회,지리,7주차,우리나라 공업 발달 및 특징,0,검수전
schemareading-schema,S(스키마 개념어),5209,경제개발계획,2,사회,지리,7주차,우리나라 공업 발달 및 특징,0,검수전
schemareading-schema,S(스키마 개념어),5210,경공업,2,사회,지리,7주차,우리나라 공업 발달 및 특징,0,검수전
schemareading-schema,S(스키마 개념어),5211,중화학공업,2,사회,지리,7주차,우리나라 공업 발달 및 특징,0,검수전
schemareading-schema,S(스키마 개념어),5212,첨단산업,2,사회,지리,7주차,우리나라 공업 발달 및 특징,0,검수전
schemareading-schema,S(스키마 개념어),5213,대기업,2,사회,지리,7주차,우리나라 공업 발달 및 특징,0,검수전
schemareading-schema,S(스키마 개념어),5045,명절,1,사회,사회문화,4주차,우리나라의 다양한 명절과 풍속,0,검수전
schemareading-schema,S(스키마 개념어),5214,중소기업,2,사회,지리,7주차,우리나라 공업 발달 및 특징,0,검수전
schemareading-schema,S(스키마 개념어),5215,공업의 지역적 분포,2,사회,지리,7주차,우리나라 공업 발달 및 특징,0,검수전
schemareading-schema,S(스키마 개념어),5216,벼룩시장,2,사회,일반사회,8주차,서로 함께 나눠요,0,검수전
schemareading-schema,S(스키마 개념어),5217,아나바다,2,사회,일반사회,8주차,서로 함께 나눠요,0,검수전
schemareading-schema,S(스키마 개념어),5218,주민자치,2,사회,일반사회,8주차,서로 함께 나눠요,0,검수전
schemareading-schema,S(스키마 개념어),5219,재능기부,2,사회,일반사회,8주차,서로 함께 나눠요,0,검수전
schemareading-schema,S(스키마 개념어),5220,고려,2,사회,일반사회,9주차,금속활자와 목판인쇄술,0,검수전
schemareading-schema,S(스키마 개념어),5221,목판인쇄술,2,사회,일반사회,9주차,금속활자와 목판인쇄술,0,검수전
schemareading-schema,S(스키마 개념어),5222,팔만대장경,2,사회,일반사회,9주차,금속활자와 목판인쇄술,0,검수전
schemareading-schema,S(스키마 개념어),5223,세계기록유산,2,사회,일반사회,9주차,금속활자와 목판인쇄술,0,검수전
schemareading-schema,S(스키마 개념어),5028,양옥,1,사회,지리,1주차,우리가 사는 곳,0,검수전
schemareading-schema,S(스키마 개념어),5046,설,1,사회,사회문화,4주차,우리나라의 다양한 명절과 풍속,0,검수전
schemareading-schema,S(스키마 개념어),5224,금속활자,2,사회,일반사회,9주차,금속활자와 목판인쇄술,0,검수전
schemareading-schema,S(스키마 개념어),5225,직지심체요절,2,사회,일반사회,9주차,금속활자와 목판인쇄술,0,검수전
schemareading-schema,S(스키마 개념어),5226,정보화사회,2,사회,일반사회,10주차,"빅데이터, 정보의 홍수 속에 살다.",0,검수전
schemareading-schema,S(스키마 개념어),5227,빅데이터,2,사회,일반사회,10주차,"빅데이터, 정보의 홍수 속에 살다.",0,검수전
schemareading-schema,S(스키마 개념어),5228,개인정보보호,2,사회,일반사회,10주차,"빅데이터, 정보의 홍수 속에 살다.",0,검수전
schemareading-schema,S(스키마 개념어),5229,열섬현상,2,사회,지리,11주차,도시에서 일어나는 현상,0,검수전
schemareading-schema,S(스키마 개념어),5230,인공열,2,사회,지리,11주차,도시에서 일어나는 현상,0,검수전
schemareading-schema,S(스키마 개념어),5231,열대야 현상,2,사회,지리,11주차,도시에서 일어나는 현상,0,검수전
schemareading-schema,S(스키마 개념어),5232,인구 공동화 현상,2,사회,지리,11주차,도시에서 일어나는 현상,0,검수전
schemareading-schema,S(스키마 개념어),5233,상주인구,2,사회,지리,11주차,도시에서 일어나는 현상,0,검수전
schemareading-schema,S(스키마 개념어),5047,추석,1,사회,사회문화,4주차,우리나라의 다양한 명절과 풍속,0,검수전
schemareading-schema,S(스키마 개념어),5234,주간인구,2,사회,지리,11주차,도시에서 일어나는 현상,0,검수전
schemareading-schema,S(스키마 개념어),5235,버스전용차로제,2,사회,지리,12주차,버스가 왜 중앙 차로로 달릴까?,0,검수전
schemareading-schema,S(스키마 개념어),5236,중앙버스전용차로제,2,사회,지리,12주차,버스가 왜 중앙 차로로 달릴까?,0,검수전
schemareading-schema,S(스키마 개념어),5237,차량 정체,2,사회,지리,12주차,버스가 왜 중앙 차로로 달릴까?,0,검수전
schemareading-schema,S(스키마 개념어),5238,불법 주정차,2,사회,지리,12주차,버스가 왜 중앙 차로로 달릴까?,0,검수전
schemareading-schema,S(스키마 개념어),5239,사생팬,2,사회,사회문화,13주차,팬 문화의 문제점은?!,0,검수전
schemareading-schema,S(스키마 개념어),5240,팬덤,2,사회,사회문화,13주차,팬 문화의 문제점은?!,0,검수전
schemareading-schema,S(스키마 개념어),5241,파파라치,2,사회,사회문화,13주차,팬 문화의 문제점은?!,0,검수전
schemareading-schema,S(스키마 개념어),5242,사생활 노출,2,사회,사회문화,13주차,팬 문화의 문제점은?!,0,검수전
schemareading-schema,S(스키마 개념어),5243,인구 정책,2,사회,사회문화,14주차,저출산의 늪에서 탈출하려면,0,검수전
schemareading-schema,S(스키마 개념어),5048,한식,1,사회,사회문화,4주차,우리나라의 다양한 명절과 풍속,0,검수전
schemareading-schema,S(스키마 개념어),5244,출산율,2,사회,사회문화,14주차,저출산의 늪에서 탈출하려면,0,검수전
schemareading-schema,S(스키마 개념어),5245,가족계획,2,사회,사회문화,14주차,저출산의 늪에서 탈출하려면,0,검수전
schemareading-schema,S(스키마 개념어),5246,저출산,2,사회,사회문화,14주차,저출산의 늪에서 탈출하려면,0,검수전
schemareading-schema,S(스키마 개념어),5247,대체 출산율,2,사회,사회문화,14주차,저출산의 늪에서 탈출하려면,0,검수전
schemareading-schema,S(스키마 개념어),5248,인구 절벽,2,사회,사회문화,14주차,저출산의 늪에서 탈출하려면,0,검수전
schemareading-schema,S(스키마 개념어),5249,비정부기구,2,사회,사회문화,15주차,여러 나라를 돕는 비정부기구,0,검수전
schemareading-schema,S(스키마 개념어),5250,비영리 시민단체,2,사회,사회문화,15주차,여러 나라를 돕는 비정부기구,0,검수전
schemareading-schema,S(스키마 개념어),5251,국경없는 의사회,2,사회,사회문화,15주차,여러 나라를 돕는 비정부기구,0,검수전
schemareading-schema,S(스키마 개념어),5252,그린피스,2,사회,사회문화,15주차,여러 나라를 돕는 비정부기구,0,검수전
schemareading-schema,S(스키마 개념어),5253,세이브 더 칠드런,2,사회,사회문화,15주차,여러 나라를 돕는 비정부기구,0,검수전
schemareading-schema,S(스키마 개념어),5049,단오,1,사회,사회문화,4주차,우리나라의 다양한 명절과 풍속,0,검수전
schemareading-schema,S(스키마 개념어),5254,화폐 대차,2,사회,경제,16주차,은행의 기능,0,검수전
schemareading-schema,S(스키마 개념어),5255,화폐 지급,2,사회,경제,16주차,은행의 기능,0,검수전
schemareading-schema,S(스키마 개념어),5256,인터넷 뱅킹,2,사회,경제,16주차,은행의 기능,0,검수전
schemareading-schema,S(스키마 개념어),5257,신용 창조,2,사회,경제,16주차,은행의 기능,0,검수전
schemareading-schema,S(스키마 개념어),5258,환전,2,사회,경제,16주차,은행의 기능,0,검수전
schemareading-schema,S(스키마 개념어),5259,공과금 수납,2,사회,경제,16주차,은행의 기능,0,검수전
schemareading-schema,S(스키마 개념어),5260,난민,2,사회,일반사회,17주차,"고향을 잃고 떠도는 사람들, 난민",0,검수전
schemareading-schema,S(스키마 개념어),5261,내전,2,사회,일반사회,17주차,"고향을 잃고 떠도는 사람들, 난민",0,검수전
schemareading-schema,S(스키마 개념어),5262,인종 차별,2,사회,일반사회,17주차,"고향을 잃고 떠도는 사람들, 난민",0,검수전
schemareading-schema,S(스키마 개념어),5263,종교 갈등,2,사회,일반사회,17주차,"고향을 잃고 떠도는 사람들, 난민",0,검수전
schemareading-schema,S(스키마 개념어),5050,절기,1,사회,사회문화,4주차,우리나라의 다양한 명절과 풍속,0,검수전
schemareading-schema,S(스키마 개념어),5264,생태학적 난민,2,사회,일반사회,17주차,"고향을 잃고 떠도는 사람들, 난민",0,검수전
schemareading-schema,S(스키마 개념어),5265,유엔난민협약,2,사회,일반사회,17주차,"고향을 잃고 떠도는 사람들, 난민",0,검수전
schemareading-schema,S(스키마 개념어),5266,학교 폭력,2,사회,일반사회,18주차,학교 폭력도 범죄일까?,0,검수전
schemareading-schema,S(스키마 개념어),5267,언어 폭력,2,사회,일반사회,18주차,학교 폭력도 범죄일까?,0,검수전
schemareading-schema,S(스키마 개념어),5268,신체 폭력,2,사회,일반사회,18주차,학교 폭력도 범죄일까?,0,검수전
schemareading-schema,S(스키마 개념어),5269,금품 갈취,2,사회,일반사회,18주차,학교 폭력도 범죄일까?,0,검수전
schemareading-schema,S(스키마 개념어),5270,사이버 폭력,2,사회,일반사회,18주차,학교 폭력도 범죄일까?,0,검수전
schemareading-schema,S(스키마 개념어),5271,따돌림,2,사회,일반사회,18주차,학교 폭력도 범죄일까?,0,검수전
schemareading-schema,S(스키마 개념어),5272,배리어 프리,2,사회,일반사회,19주차,세상의 장벽을 허무는 디자인,0,검수전
schemareading-schema,S(스키마 개념어),5273,1역1동선,2,사회,일반사회,19주차,세상의 장벽을 허무는 디자인,0,검수전
schemareading-schema,S(스키마 개념어),5051,정월 대보름,1,사회,사회문화,4주차,우리나라의 다양한 명절과 풍속,0,검수전
schemareading-schema,S(스키마 개념어),5274,저상버스,2,사회,일반사회,19주차,세상의 장벽을 허무는 디자인,0,검수전
schemareading-schema,S(스키마 개념어),5275,이동권,2,사회,일반사회,19주차,세상의 장벽을 허무는 디자인,0,검수전
schemareading-schema,S(스키마 개념어),5276,유니버설 디자인,2,사회,일반사회,19주차,세상의 장벽을 허무는 디자인,0,검수전
schemareading-schema,S(스키마 개념어),5277,세금,2,사회,경제,20주차,정부의 재정 활동,0,검수전
schemareading-schema,S(스키마 개념어),5278,부가가치세,2,사회,경제,20주차,정부의 재정 활동,0,검수전
schemareading-schema,S(스키마 개념어),5279,소득세,2,사회,경제,20주차,정부의 재정 활동,0,검수전
schemareading-schema,S(스키마 개념어),5280,법인세,2,사회,경제,20주차,정부의 재정 활동,0,검수전
schemareading-schema,S(스키마 개념어),5281,재산세,2,사회,경제,20주차,정부의 재정 활동,0,검수전
schemareading-schema,S(스키마 개념어),5282,예산,2,사회,경제,20주차,정부의 재정 활동,0,검수전
schemareading-schema,S(스키마 개념어),5283,국채,2,사회,경제,20주차,정부의 재정 활동,0,검수전
schemareading-schema,S(스키마 개념어),5052,동지,1,사회,사회문화,4주차,우리나라의 다양한 명절과 풍속,0,검수전
schemareading-schema,S(스키마 개념어),5284,재정투명성,2,사회,경제,20주차,정부의 재정 활동,0,검수전
schemareading-schema,S(스키마 개념어),5285,사회화,3,사회,일반사회,1주차,인간이 사회를 살아가는 법,0,검수전
schemareading-schema,S(스키마 개념어),5286,재사회화,3,사회,일반사회,1주차,인간이 사회를 살아가는 법,0,검수전
schemareading-schema,S(스키마 개념어),5287,또래 집단,3,사회,일반사회,1주차,인간이 사회를 살아가는 법,0,검수전
schemareading-schema,S(스키마 개념어),5288,자아 정체성,3,사회,일반사회,1주차,인간이 사회를 살아가는 법,0,검수전
schemareading-schema,S(스키마 개념어),5289,사회적 지위,3,사회,일반사회,1주차,인간이 사회를 살아가는 법,0,검수전
schemareading-schema,S(스키마 개념어),5290,역할,3,사회,일반사회,1주차,인간이 사회를 살아가는 법,0,검수전
schemareading-schema,S(스키마 개념어),5291,역할 갈등,3,사회,일반사회,1주차,인간이 사회를 살아가는 법,0,검수전
schemareading-schema,S(스키마 개념어),5292,사회집단,3,사회,일반사회,2주차,사회에는 어떤 집단이 있을까?,0,검수전
schemareading-schema,S(스키마 개념어),5293,차이,3,사회,일반사회,2주차,사회에는 어떤 집단이 있을까?,0,검수전
schemareading-schema,S(스키마 개념어),5053,세시풍속,1,사회,사회문화,4주차,우리나라의 다양한 명절과 풍속,0,검수전
schemareading-schema,S(스키마 개념어),5294,차별,3,사회,일반사회,2주차,사회에는 어떤 집단이 있을까?,0,검수전
schemareading-schema,S(스키마 개념어),5295,준거집단,3,사회,일반사회,2주차,사회에는 어떤 집단이 있을까?,0,검수전
schemareading-schema,S(스키마 개념어),5296,공동사회,3,사회,일반사회,2주차,사회에는 어떤 집단이 있을까?,0,검수전
schemareading-schema,S(스키마 개념어),5297,이익사회,3,사회,일반사회,2주차,사회에는 어떤 집단이 있을까?,0,검수전
schemareading-schema,S(스키마 개념어),5298,1차집단,3,사회,일반사회,2주차,사회에는 어떤 집단이 있을까?,0,검수전
schemareading-schema,S(스키마 개념어),5299,2차집단,3,사회,일반사회,2주차,사회에는 어떤 집단이 있을까?,0,검수전
schemareading-schema,S(스키마 개념어),5300,내집단,3,사회,일반사회,2주차,사회에는 어떤 집단이 있을까?,0,검수전
schemareading-schema,S(스키마 개념어),5301,외집단,3,사회,일반사회,2주차,사회에는 어떤 집단이 있을까?,0,검수전
schemareading-schema,S(스키마 개념어),5302,대중문화,3,사회,일반사회,3주차,대중매체는 어떻게 만들어지고 확산되는가?,0,검수전
schemareading-schema,S(스키마 개념어),5303,대중매체,3,사회,일반사회,3주차,대중매체는 어떻게 만들어지고 확산되는가?,0,검수전
schemareading-schema,S(스키마 개념어),5054,봄,1,사회,지리,5주차,우리나라의 다양한 계절과 날씨,0,검수전
schemareading-schema,S(스키마 개념어),5304,뉴미디어,3,사회,일반사회,3주차,대중매체는 어떻게 만들어지고 확산되는가?,0,검수전
schemareading-schema,S(스키마 개념어),5305,대중화,3,사회,일반사회,3주차,대중매체는 어떻게 만들어지고 확산되는가?,0,검수전
schemareading-schema,S(스키마 개념어),5306,상업성,3,사회,일반사회,3주차,대중매체는 어떻게 만들어지고 확산되는가?,0,검수전
schemareading-schema,S(스키마 개념어),5307,획일화,3,사회,일반사회,3주차,대중매체는 어떻게 만들어지고 확산되는가?,0,검수전
schemareading-schema,S(스키마 개념어),5308,지도,3,사회,지리,4주차,지도로 보는 세상,0,검수전
schemareading-schema,S(스키마 개념어),5309,자연환경,3,사회,지리,4주차,지도로 보는 세상,0,검수전
schemareading-schema,S(스키마 개념어),5310,인문환경,3,사회,지리,4주차,지도로 보는 세상,0,검수전
schemareading-schema,S(스키마 개념어),5311,대축척지도,3,사회,지리,4주차,지도로 보는 세상,0,검수전
schemareading-schema,S(스키마 개념어),5312,소축척지도,3,사회,지리,4주차,지도로 보는 세상,0,검수전
schemareading-schema,S(스키마 개념어),5313,일반도,3,사회,지리,4주차,지도로 보는 세상,0,검수전
schemareading-schema,S(스키마 개념어),5055,여름,1,사회,지리,5주차,우리나라의 다양한 계절과 날씨,0,검수전
schemareading-schema,S(스키마 개념어),5314,주제도,3,사회,지리,4주차,지도로 보는 세상,0,검수전
schemareading-schema,S(스키마 개념어),5315,위치,3,사회,지리,5주차,나는 어디에 있는가?,0,검수전
schemareading-schema,S(스키마 개념어),5316,랜드마크,3,사회,사회,5주차,나는 어디에 있는가?,0,검수전
schemareading-schema,S(스키마 개념어),5317,위도,3,사회,사회,5주차,나는 어디에 있는가?,0,검수전
schemareading-schema,S(스키마 개념어),5318,경도,3,사회,사회,5주차,나는 어디에 있는가?,0,검수전
schemareading-schema,S(스키마 개념어),5319,표준시,3,사회,사회,5주차,나는 어디에 있는가?,0,검수전
schemareading-schema,S(스키마 개념어),5320,시차,3,사회,사회,5주차,나는 어디에 있는가?,0,검수전
schemareading-schema,S(스키마 개념어),5321,기후,3,사회,사회,6주차,세계의 다양한 기후,0,검수전
schemareading-schema,S(스키마 개념어),5322,열대 기후,3,사회,사회,6주차,세계의 다양한 기후,0,검수전
schemareading-schema,S(스키마 개념어),5323,건조 기후,3,사회,사회,6주차,세계의 다양한 기후,0,검수전
schemareading-schema,S(스키마 개념어),5029,초가집,1,사회,지리,1주차,우리가 사는 곳,0,검수전
schemareading-schema,S(스키마 개념어),5056,가을,1,사회,지리,5주차,우리나라의 다양한 계절과 날씨,0,검수전
schemareading-schema,S(스키마 개념어),5324,온대 기후,3,사회,사회,6주차,세계의 다양한 기후,0,검수전
schemareading-schema,S(스키마 개념어),5325,냉대 기후,3,사회,사회,6주차,세계의 다양한 기후,0,검수전
schemareading-schema,S(스키마 개념어),5326,한대 기후,3,사회,사회,6주차,세계의 다양한 기후,0,검수전
schemareading-schema,S(스키마 개념어),5327,고산 기후,3,사회,사회,6주차,세계의 다양한 기후,0,검수전
schemareading-schema,S(스키마 개념어),5328,열대 우림 기후,3,사회,사회,7주차,세계 여러 기후 지역의 생활 모습,0,검수전
schemareading-schema,S(스키마 개념어),5329,이동식 화전 농업,3,사회,사회,7주차,세계 여러 기후 지역의 생활 모습,0,검수전
schemareading-schema,S(스키마 개념어),5330,사막 기후,3,사회,사회,7주차,세계 여러 기후 지역의 생활 모습,0,검수전
schemareading-schema,S(스키마 개념어),5331,스텝 기후,3,사회,사회,7주차,세계 여러 기후 지역의 생활 모습,0,검수전
schemareading-schema,S(스키마 개념어),5332,혼합 농업,3,사회,사회,7주차,세계 여러 기후 지역의 생활 모습,0,검수전
schemareading-schema,S(스키마 개념어),5333,수목 농업,3,사회,사회,7주차,세계 여러 기후 지역의 생활 모습,0,검수전
schemareading-schema,S(스키마 개념어),5057,겨울,1,사회,지리,5주차,우리나라의 다양한 계절과 날씨,0,검수전
schemareading-schema,S(스키마 개념어),5334,툰드라 기후,3,사회,사회,7주차,세계 여러 기후 지역의 생활 모습,0,검수전
schemareading-schema,S(스키마 개념어),5335,공동체,3,사회,사회,8주차,정치가 필요한 이유,0,검수전
schemareading-schema,S(스키마 개념어),5336,정치,3,사회,사회,8주차,정치가 필요한 이유,0,검수전
schemareading-schema,S(스키마 개념어),5337,정치권력,3,사회,사회,8주차,정치가 필요한 이유,0,검수전
schemareading-schema,S(스키마 개념어),5338,정책,3,사회,사회,8주차,정치가 필요한 이유,0,검수전
schemareading-schema,S(스키마 개념어),5339,이해관계,3,사회,사회,8주차,정치가 필요한 이유,0,검수전
schemareading-schema,S(스키마 개념어),5340,시민,3,사회,사회,8주차,정치가 필요한 이유,0,검수전
schemareading-schema,S(스키마 개념어),5341,자유,3,사회,사회,9주차,민주주의의 기본 이념 세가지,0,검수전
schemareading-schema,S(스키마 개념어),5342,평등,3,사회,사회,9주차,민주주의의 기본 이념 세가지,0,검수전
schemareading-schema,S(스키마 개념어),5343,인간의 존엄성,3,사회,사회,9주차,민주주의의 기본 이념 세가지,0,검수전
schemareading-schema,S(스키마 개념어),5058,기온,1,사회,지리,5주차,우리나라의 다양한 계절과 날씨,0,검수전
schemareading-schema,S(스키마 개념어),5344,국민 주권,3,사회,사회,9주차,민주주의의 기본 이념 세가지,0,검수전
schemareading-schema,S(스키마 개념어),5345,국민 자치,3,사회,사회,9주차,민주주의의 기본 이념 세가지,0,검수전
schemareading-schema,S(스키마 개념어),5346,입헌주의,3,사회,사회,9주차,민주주의의 기본 이념 세가지,0,검수전
schemareading-schema,S(스키마 개념어),5347,권력 분립,3,사회,사회,9주차,민주주의의 기본 이념 세가지,0,검수전
schemareading-schema,S(스키마 개념어),5348,민주 정치,3,사회,사회,10주차,민주 정치는 어떻게 발전해 왔을까?,0,검수전
schemareading-schema,S(스키마 개념어),5349,직접 민주 정치,3,사회,사회,10주차,민주 정치는 어떻게 발전해 왔을까?,0,검수전
schemareading-schema,S(스키마 개념어),5350,대의 민주 정치,3,사회,사회,10주차,민주 정치는 어떻게 발전해 왔을까?,0,검수전
schemareading-schema,S(스키마 개념어),5351,시민 혁명,3,사회,사회,10주차,민주 정치는 어떻게 발전해 왔을까?,0,검수전
schemareading-schema,S(스키마 개념어),5352,참정권,3,사회,사회,10주차,민주 정치는 어떻게 발전해 왔을까?,0,검수전
schemareading-schema,S(스키마 개념어),5353,보통 선거 제도,3,사회,사회,10주차,민주 정치는 어떻게 발전해 왔을까?,0,검수전
schemareading-schema,S(스키마 개념어),5059,연교차,1,사회,지리,5주차,우리나라의 다양한 계절과 날씨,0,검수전
schemareading-schema,S(스키마 개념어),5354,대통령제,3,사회,사회,11주차,민주 정치를 실현하는 두 가지 정부 형태,0,검수전
schemareading-schema,S(스키마 개념어),5355,의원 내각제,3,사회,사회,11주차,민주 정치를 실현하는 두 가지 정부 형태,0,검수전
schemareading-schema,S(스키마 개념어),5356,내각,3,사회,사회,11주차,민주 정치를 실현하는 두 가지 정부 형태,0,검수전
schemareading-schema,S(스키마 개념어),5357,내각 불신임권,3,사회,사회,11주차,민주 정치를 실현하는 두 가지 정부 형태,0,검수전
schemareading-schema,S(스키마 개념어),5358,의회 해산권,3,사회,사회,11주차,민주 정치를 실현하는 두 가지 정부 형태,0,검수전
schemareading-schema,S(스키마 개념어),5359,법률안 거부권,3,사회,사회,11주차,민주 정치를 실현하는 두 가지 정부 형태,0,검수전
schemareading-schema,S(스키마 개념어),5360,법,3,사회,사회,12주차,인간 사회의 여러 규범,0,검수전
schemareading-schema,S(스키마 개념어),5361,사회규범,3,사회,사회,12주차,인간 사회의 여러 규범,0,검수전
schemareading-schema,S(스키마 개념어),5362,관습,3,사회,사회,12주차,인간 사회의 여러 규범,0,검수전
schemareading-schema,S(스키마 개념어),5363,도덕,3,사회,사회,12주차,인간 사회의 여러 규범,0,검수전
schemareading-schema,S(스키마 개념어),5060,강수량,1,사회,지리,5주차,우리나라의 다양한 계절과 날씨,0,검수전
schemareading-schema,S(스키마 개념어),5364,강제성,3,사회,사회,12주차,인간 사회의 여러 규범,0,검수전
schemareading-schema,S(스키마 개념어),5365,사법,3,사회,사회,13주차,우리 사회의 다양한 법,0,검수전
schemareading-schema,S(스키마 개념어),5366,공법,3,사회,사회,13주차,우리 사회의 다양한 법,0,검수전
schemareading-schema,S(스키마 개념어),5367,사회법,3,사회,사회,13주차,우리 사회의 다양한 법,0,검수전
schemareading-schema,S(스키마 개념어),5368,민법,3,사회,사회,13주차,우리 사회의 다양한 법,0,검수전
schemareading-schema,S(스키마 개념어),5369,상법,3,사회,사회,13주차,우리 사회의 다양한 법,0,검수전
schemareading-schema,S(스키마 개념어),5370,헌법,3,사회,사회,13주차,우리 사회의 다양한 법,0,검수전
schemareading-schema,S(스키마 개념어),5371,형법,3,사회,사회,13주차,우리 사회의 다양한 법,0,검수전
schemareading-schema,S(스키마 개념어),5372,재판,3,사회,사회,14주차,어떤 재판을 받아야 할까?,0,검수전
schemareading-schema,S(스키마 개념어),5373,민사 재판,3,사회,사회,14주차,어떤 재판을 받아야 할까?,0,검수전
schemareading-schema,S(스키마 개념어),5061,장마,1,사회,지리,5주차,우리나라의 다양한 계절과 날씨,0,검수전
schemareading-schema,S(스키마 개념어),5374,원고,3,사회,사회,14주차,어떤 재판을 받아야 할까?,0,검수전
schemareading-schema,S(스키마 개념어),5375,피고,3,사회,사회,14주차,어떤 재판을 받아야 할까?,0,검수전
schemareading-schema,S(스키마 개념어),5376,형사 재판,3,사회,사회,14주차,어떤 재판을 받아야 할까?,0,검수전
schemareading-schema,S(스키마 개념어),5377,피의자,3,사회,사회,14주차,어떤 재판을 받아야 할까?,0,검수전
schemareading-schema,S(스키마 개념어),5378,기소,3,사회,사회,14주차,어떤 재판을 받아야 할까?,0,검수전
schemareading-schema,S(스키마 개념어),5379,사법권의 독립,3,사회,사회,15주차,공정한 재판을 위한 제도,0,검수전
schemareading-schema,S(스키마 개념어),5380,공개 재판주의,3,사회,사회,15주차,공정한 재판을 위한 제도,0,검수전
schemareading-schema,S(스키마 개념어),5381,증거 재판주의,3,사회,사회,15주차,공정한 재판을 위한 제도,0,검수전
schemareading-schema,S(스키마 개념어),5382,심급 제도,3,사회,사회,15주차,공정한 재판을 위한 제도,0,검수전
schemareading-schema,S(스키마 개념어),5383,항소,3,사회,사회,15주차,공정한 재판을 위한 제도,0,검수전
schemareading-schema,S(스키마 개념어),5062,기압,1,사회,지리,5주차,우리나라의 다양한 계절과 날씨,0,검수전
schemareading-schema,S(스키마 개념어),5384,상고,3,사회,사회,15주차,공정한 재판을 위한 제도,0,검수전
schemareading-schema,S(스키마 개념어),5385,인권,3,사회,사회,16주차,"하늘이 내린 권리, 인권",0,검수전
schemareading-schema,S(스키마 개념어),5386,기본권,3,사회,사회,16주차,"하늘이 내린 권리, 인권",0,검수전
schemareading-schema,S(스키마 개념어),5387,평등권,3,사회,사회,16주차,"하늘이 내린 권리, 인권",0,검수전
schemareading-schema,S(스키마 개념어),5388,자유권,3,사회,사회,16주차,"하늘이 내린 권리, 인권",0,검수전
schemareading-schema,S(스키마 개념어),5389,청구권,3,사회,사회,16주차,"하늘이 내린 권리, 인권",0,검수전
schemareading-schema,S(스키마 개념어),5390,사회권,3,사회,사회,16주차,"하늘이 내린 권리, 인권",0,검수전
schemareading-schema,S(스키마 개념어),5391,생산,3,사회,사회,17주차,세상에 공짜는 없다.,0,검수전
schemareading-schema,S(스키마 개념어),5392,분배,3,사회,사회,17주차,세상에 공짜는 없다.,0,검수전
schemareading-schema,S(스키마 개념어),5063,기단,1,사회,지리,5주차,우리나라의 다양한 계절과 날씨,0,검수전
schemareading-schema,S(스키마 개념어),5393,희소성,3,사회,사회,17주차,세상에 공짜는 없다.,0,검수전
schemareading-schema,S(스키마 개념어),5394,기회비용,3,사회,사회,17주차,세상에 공짜는 없다.,0,검수전
schemareading-schema,S(스키마 개념어),5395,합리적 선택,3,사회,사회,17주차,세상에 공짜는 없다.,0,검수전
schemareading-schema,S(스키마 개념어),5396,경제 체제,3,사회,사회,18주차,세 가지 경제 체제,0,검수전
schemareading-schema,S(스키마 개념어),5397,시장 경제 체제,3,사회,사회,18주차,세 가지 경제 체제,0,검수전
schemareading-schema,S(스키마 개념어),5398,계획 경제 체제,3,사회,사회,18주차,세 가지 경제 체제,0,검수전
schemareading-schema,S(스키마 개념어),5399,혼합 경제 체제,3,사회,사회,18주차,세 가지 경제 체제,0,검수전
schemareading-schema,S(스키마 개념어),5400,기업,3,사회,사회,19주차,기업의 역할,0,검수전
schemareading-schema,S(스키마 개념어),5401,생산 요소,3,사회,사회,19주차,기업의 역할,0,검수전
schemareading-schema,S(스키마 개념어),5064,도로,1,사회,지리,6주차,다양한 교통망과 특징,0,검수전
schemareading-schema,S(스키마 개념어),5402,고용,3,사회,사회,19주차,기업의 역할,0,검수전
schemareading-schema,S(스키마 개념어),5403,가계 소득,3,사회,사회,19주차,기업의 역할,0,검수전
schemareading-schema,S(스키마 개념어),5404,기업의 사회적 책임,3,사회,사회,19주차,기업의 역할,0,검수전
schemareading-schema,S(스키마 개념어),5405,자산,3,사회,사회,20주차,합리적 자산 관리 방법,0,검수전
schemareading-schema,S(스키마 개념어),5406,자산 관리,3,사회,사회,20주차,합리적 자산 관리 방법,0,검수전
schemareading-schema,S(스키마 개념어),5407,안전성,3,사회,사회,20주차,합리적 자산 관리 방법,0,검수전
schemareading-schema,S(스키마 개념어),5408,수익성,3,사회,사회,20주차,합리적 자산 관리 방법,0,검수전
schemareading-schema,S(스키마 개념어),5409,유동성,3,사회,사회,20주차,합리적 자산 관리 방법,0,검수전
schemareading-schema,S(스키마 개념어),5410,사회변동,4,사회,일반사회,1주차,사회 변화의 물결,0,검수전
schemareading-schema,S(스키마 개념어),5065,철도,1,사회,지리,6주차,다양한 교통망과 특징,0,검수전
schemareading-schema,S(스키마 개념어),5411,기술의 발달,4,사회,일반사회,1주차,사회 변화의 물결,0,검수전
schemareading-schema,S(스키마 개념어),5412,인구변화,4,사회,일반사회,1주차,사회 변화의 물결,0,검수전
schemareading-schema,S(스키마 개념어),5413,산업화,4,사회,일반사회,1주차,사회 변화의 물결,0,검수전
schemareading-schema,S(스키마 개념어),5414,정보화,4,사회,일반사회,1주차,사회 변화의 물결,0,검수전
schemareading-schema,S(스키마 개념어),5415,세계화,4,사회,일반사회,1주차,사회 변화의 물결,0,검수전
schemareading-schema,S(스키마 개념어),5416,고령화,4,사회,일반사회,2주차,한국사회가 달라지고 있다?!,0,검수전
schemareading-schema,S(스키마 개념어),5417,다문화사회,4,사회,일반사회,2주차,한국사회가 달라지고 있다?!,0,검수전
schemareading-schema,S(스키마 개념어),5418,공존,4,사회,일반사회,2주차,한국사회가 달라지고 있다?!,0,검수전
schemareading-schema,S(스키마 개념어),5419,관용,4,사회,일반사회,2주차,한국사회가 달라지고 있다?!,0,검수전
schemareading-schema,S(스키마 개념어),5030,한옥,1,사회,지리,1주차,우리가 사는 곳,0,검수전
schemareading-schema,S(스키마 개념어),5066,항만,1,사회,지리,6주차,다양한 교통망과 특징,0,검수전
schemareading-schema,S(스키마 개념어),5420,자문화 중심주의,4,사회,일반사회,3주차,문화를 바라보는 다양한 태도,0,검수전
schemareading-schema,S(스키마 개념어),5421,문화 제국주의,4,사회,일반사회,3주차,문화를 바라보는 다양한 태도,0,검수전
schemareading-schema,S(스키마 개념어),5422,문화 사대주의,4,사회,일반사회,3주차,문화를 바라보는 다양한 태도,0,검수전
schemareading-schema,S(스키마 개념어),5423,문화 상대주의,4,사회,일반사회,3주차,문화를 바라보는 다양한 태도,0,검수전
schemareading-schema,S(스키마 개념어),5424,습곡,4,사회,지리,4주차,"지구가 살아서 움직이는 증거, 산지지형",0,검수전
schemareading-schema,S(스키마 개념어),5425,단층,4,사회,지리,4주차,"지구가 살아서 움직이는 증거, 산지지형",0,검수전
schemareading-schema,S(스키마 개념어),5426,화산 활동,4,사회,지리,4주차,"지구가 살아서 움직이는 증거, 산지지형",0,검수전
schemareading-schema,S(스키마 개념어),5427,고원,4,사회,지리,4주차,"지구가 살아서 움직이는 증거, 산지지형",0,검수전
schemareading-schema,S(스키마 개념어),5428,신기 습곡 산지,4,사회,지리,4주차,"지구가 살아서 움직이는 증거, 산지지형",0,검수전
schemareading-schema,S(스키마 개념어),5067,공항,1,사회,지리,6주차,다양한 교통망과 특징,0,검수전
schemareading-schema,S(스키마 개념어),5429,고기 습곡 산지,4,사회,지리,4주차,"지구가 살아서 움직이는 증거, 산지지형",0,검수전
schemareading-schema,S(스키마 개념어),5430,광업,4,사회,지리,4주차,"지구가 살아서 움직이는 증거, 산지지형",0,검수전
schemareading-schema,S(스키마 개념어),5431,곶,4,사회,사회,5주차,"바다와 육지의 만남, 해안 지형",0,검수전
schemareading-schema,S(스키마 개념어),5432,만,4,사회,사회,5주차,"바다와 육지의 만남, 해안 지형",0,검수전
schemareading-schema,S(스키마 개념어),5433,해식애,4,사회,사회,5주차,"바다와 육지의 만남, 해안 지형",0,검수전
schemareading-schema,S(스키마 개념어),5434,해식 동굴,4,사회,사회,5주차,"바다와 육지의 만남, 해안 지형",0,검수전
schemareading-schema,S(스키마 개념어),5435,시 스택,4,사회,사회,5주차,"바다와 육지의 만남, 해안 지형",0,검수전
schemareading-schema,S(스키마 개념어),5436,사빈,4,사회,사회,5주차,"바다와 육지의 만남, 해안 지형",0,검수전
schemareading-schema,S(스키마 개념어),5437,석호,4,사회,사회,5주차,"바다와 육지의 만남, 해안 지형",0,검수전
schemareading-schema,S(스키마 개념어),5438,천연자원,4,사회,사회,6주차,자원을 두고 경쟁하는 지구촌,0,검수전
schemareading-schema,S(스키마 개념어),5068,교량,1,사회,지리,6주차,다양한 교통망과 특징,0,검수전
schemareading-schema,S(스키마 개념어),5439,인적자원,4,사회,사회,6주차,자원을 두고 경쟁하는 지구촌,0,검수전
schemareading-schema,S(스키마 개념어),5440,문화자원,4,사회,사회,6주차,자원을 두고 경쟁하는 지구촌,0,검수전
schemareading-schema,S(스키마 개념어),5441,유한성,4,사회,사회,6주차,자원을 두고 경쟁하는 지구촌,0,검수전
schemareading-schema,S(스키마 개념어),5442,가변성,4,사회,사회,6주차,자원을 두고 경쟁하는 지구촌,0,검수전
schemareading-schema,S(스키마 개념어),5443,편재성,4,사회,사회,6주차,자원을 두고 경쟁하는 지구촌,0,검수전
schemareading-schema,S(스키마 개념어),5444,자원 민족주의,4,사회,사회,6주차,자원을 두고 경쟁하는 지구촌,0,검수전
schemareading-schema,S(스키마 개념어),5445,신재생에너지,4,사회,사회,7주차,계속해서 쓸 수 있는 에너지가 있다고?!,0,검수전
schemareading-schema,S(스키마 개념어),5446,태양광에너지,4,사회,사회,7주차,계속해서 쓸 수 있는 에너지가 있다고?!,0,검수전
schemareading-schema,S(스키마 개념어),5447,풍력에너지,4,사회,사회,7주차,계속해서 쓸 수 있는 에너지가 있다고?!,0,검수전
schemareading-schema,S(스키마 개념어),5448,수력에너지,4,사회,사회,7주차,계속해서 쓸 수 있는 에너지가 있다고?!,0,검수전
schemareading-schema,S(스키마 개념어),5069,터널,1,사회,지리,6주차,다양한 교통망과 특징,0,검수전
schemareading-schema,S(스키마 개념어),5449,지열에너지,4,사회,사회,7주차,계속해서 쓸 수 있는 에너지가 있다고?!,0,검수전
schemareading-schema,S(스키마 개념어),5450,조력에너지,4,사회,사회,7주차,계속해서 쓸 수 있는 에너지가 있다고?!,0,검수전
schemareading-schema,S(스키마 개념어),5451,바이오에너지,4,사회,사회,7주차,계속해서 쓸 수 있는 에너지가 있다고?!,0,검수전
schemareading-schema,S(스키마 개념어),5452,정치 과정,4,사회,사회,8주차,정치의 과정과 주체,0,검수전
schemareading-schema,S(스키마 개념어),5453,정치 주체,4,사회,사회,8주차,정치의 과정과 주체,0,검수전
schemareading-schema,S(스키마 개념어),5454,이익집단,4,사회,사회,8주차,정치의 과정과 주체,0,검수전
schemareading-schema,S(스키마 개념어),5455,시민단체,4,사회,사회,8주차,정치의 과정과 주체,0,검수전
schemareading-schema,S(스키마 개념어),5456,언론,4,사회,사회,8주차,정치의 과정과 주체,0,검수전
schemareading-schema,S(스키마 개념어),5457,여론,4,사회,사회,8주차,정치의 과정과 주체,0,검수전
schemareading-schema,S(스키마 개념어),5458,정당,4,사회,사회,8주차,정치의 과정과 주체,0,검수전
schemareading-schema,S(스키마 개념어),5070,운하,1,사회,지리,6주차,다양한 교통망과 특징,0,검수전
schemareading-schema,S(스키마 개념어),5459,유권자,4,사회,사회,9주차,선거의 의미와 기본 원칙,0,검수전
schemareading-schema,S(스키마 개념어),5460,정당성,4,사회,사회,9주차,선거의 의미와 기본 원칙,0,검수전
schemareading-schema,S(스키마 개념어),5461,비밀 선거,4,사회,사회,9주차,선거의 의미와 기본 원칙,0,검수전
schemareading-schema,S(스키마 개념어),5462,선거구,4,사회,사회,10주차,공정한 선거를 위해서는 무엇이 필요할까?,0,검수전
schemareading-schema,S(스키마 개념어),5463,선거구 획정,4,사회,사회,10주차,공정한 선거를 위해서는 무엇이 필요할까?,0,검수전
schemareading-schema,S(스키마 개념어),5464,선거구 법정주의,4,사회,사회,10주차,공정한 선거를 위해서는 무엇이 필요할까?,0,검수전
schemareading-schema,S(스키마 개념어),5071,자전거 도로,1,사회,지리,6주차,다양한 교통망과 특징,0,검수전
schemareading-schema,S(스키마 개념어),5465,선거 운동,4,사회,사회,10주차,공정한 선거를 위해서는 무엇이 필요할까?,0,검수전
schemareading-schema,S(스키마 개념어),5466,선거 공영제,4,사회,사회,10주차,공정한 선거를 위해서는 무엇이 필요할까?,0,검수전
schemareading-schema,S(스키마 개념어),5467,선거 관리 위원회,4,사회,사회,10주차,공정한 선거를 위해서는 무엇이 필요할까?,0,검수전
schemareading-schema,S(스키마 개념어),5468,지방자치제도,4,사회,사회,11주차,지역 사회의 문제 해결은 우리 손으로!,0,검수전
schemareading-schema,S(스키마 개념어),5469,의결기관,4,사회,사회,11주차,지역 사회의 문제 해결은 우리 손으로!,0,검수전
schemareading-schema,S(스키마 개념어),5470,집행기관,4,사회,사회,11주차,지역 사회의 문제 해결은 우리 손으로!,0,검수전
schemareading-schema,S(스키마 개념어),5471,주민 발의제,4,사회,사회,11주차,지역 사회의 문제 해결은 우리 손으로!,0,검수전
schemareading-schema,S(스키마 개념어),5472,주민 투표제,4,사회,사회,11주차,지역 사회의 문제 해결은 우리 손으로!,0,검수전
schemareading-schema,S(스키마 개념어),5473,주민 소환제,4,사회,사회,11주차,지역 사회의 문제 해결은 우리 손으로!,0,검수전
schemareading-schema,S(스키마 개념어),5474,주민 참여 예산제,4,사회,사회,11주차,지역 사회의 문제 해결은 우리 손으로!,0,검수전
schemareading-schema,S(스키마 개념어),5072,선거,1,사회,정치,7주차,"우리 삶에 녹아있는 민주주의, 선거",0,검수전
schemareading-schema,S(스키마 개념어),5475,인권 감수성,4,사회,사회,12주차,소중한 국민의 권리,0,검수전
schemareading-schema,S(스키마 개념어),5476,인권 침해,4,사회,사회,12주차,소중한 국민의 권리,0,검수전
schemareading-schema,S(스키마 개념어),5477,노동 삼권,4,사회,사회,12주차,소중한 국민의 권리,0,검수전
schemareading-schema,S(스키마 개념어),5478,단결권,4,사회,사회,12주차,소중한 국민의 권리,0,검수전
schemareading-schema,S(스키마 개념어),5479,단체 교섭권,4,사회,사회,12주차,소중한 국민의 권리,0,검수전
schemareading-schema,S(스키마 개념어),5480,단체 행동권,4,사회,사회,12주차,소중한 국민의 권리,0,검수전
schemareading-schema,S(스키마 개념어),5481,간접 민주제,4,사회,사회,13주차,"국민의 대표, 국회",0,검수전
schemareading-schema,S(스키마 개념어),5482,국회,4,사회,사회,13주차,"국민의 대표, 국회",0,검수전
schemareading-schema,S(스키마 개념어),5483,입법,4,사회,사회,13주차,"국민의 대표, 국회",0,검수전
schemareading-schema,S(스키마 개념어),5484,재정,4,사회,사회,13주차,"국민의 대표, 국회",0,검수전
schemareading-schema,S(스키마 개념어),5073,개표,1,사회,정치,7주차,"우리 삶에 녹아있는 민주주의, 선거",0,검수전
schemareading-schema,S(스키마 개념어),5485,국정 견제,4,사회,사회,13주차,"국민의 대표, 국회",0,검수전
schemareading-schema,S(스키마 개념어),5486,본회의,4,사회,사회,13주차,"국민의 대표, 국회",0,검수전
schemareading-schema,S(스키마 개념어),5487,상임 위원회,4,사회,사회,13주차,"국민의 대표, 국회",0,검수전
schemareading-schema,S(스키마 개념어),5488,대통령,4,사회,사회,14주차,"국민의 일꾼, 행정부",0,검수전
schemareading-schema,S(스키마 개념어),5489,행정부 수반,4,사회,사회,14주차,"국민의 일꾼, 행정부",0,검수전
schemareading-schema,S(스키마 개념어),5490,국가 원수,4,사회,사회,14주차,"국민의 일꾼, 행정부",0,검수전
schemareading-schema,S(스키마 개념어),5491,행정부,4,사회,사회,14주차,"국민의 일꾼, 행정부",0,검수전
schemareading-schema,S(스키마 개념어),5492,국무회의,4,사회,사회,14주차,"국민의 일꾼, 행정부",0,검수전
schemareading-schema,S(스키마 개념어),5493,행정 각부,4,사회,사회,14주차,"국민의 일꾼, 행정부",0,검수전
schemareading-schema,S(스키마 개념어),5494,감사원,4,사회,사회,14주차,"국민의 일꾼, 행정부",0,검수전
schemareading-schema,S(스키마 개념어),5074,학급자치,1,사회,정치,7주차,"우리 삶에 녹아있는 민주주의, 선거",0,검수전
schemareading-schema,S(스키마 개념어),5495,사법권,4,사회,사회,15주차,"국민의 판관, 사법부",0,검수전
schemareading-schema,S(스키마 개념어),5496,지방 법원,4,사회,사회,15주차,"국민의 판관, 사법부",0,검수전
schemareading-schema,S(스키마 개념어),5497,고등 법원,4,사회,사회,15주차,"국민의 판관, 사법부",0,검수전
schemareading-schema,S(스키마 개념어),5498,대법원,4,사회,사회,15주차,"국민의 판관, 사법부",0,검수전
schemareading-schema,S(스키마 개념어),5499,특허 법원,4,사회,사회,15주차,"국민의 판관, 사법부",0,검수전
schemareading-schema,S(스키마 개념어),5500,행정 법원,4,사회,사회,15주차,"국민의 판관, 사법부",0,검수전
schemareading-schema,S(스키마 개념어),5501,가정 법원,4,사회,사회,15주차,"국민의 판관, 사법부",0,검수전
schemareading-schema,S(스키마 개념어),5502,헌법 재판소,4,사회,사회,16주차,"헌법의 수호자, 헌법 재판소",0,검수전
schemareading-schema,S(스키마 개념어),5503,위헌 법률 심판,4,사회,사회,16주차,"헌법의 수호자, 헌법 재판소",0,검수전
schemareading-schema,S(스키마 개념어),5504,헌법 소원 심판,4,사회,사회,16주차,"헌법의 수호자, 헌법 재판소",0,검수전
schemareading-schema,S(스키마 개념어),5075,지방자치,1,사회,정치,7주차,"우리 삶에 녹아있는 민주주의, 선거",0,검수전
schemareading-schema,S(스키마 개념어),5505,탄핵 심판,4,사회,사회,16주차,"헌법의 수호자, 헌법 재판소",0,검수전
schemareading-schema,S(스키마 개념어),5506,정당 해산 심판,4,사회,사회,16주차,"헌법의 수호자, 헌법 재판소",0,검수전
schemareading-schema,S(스키마 개념어),5507,권한 쟁의 심판,4,사회,사회,16주차,"헌법의 수호자, 헌법 재판소",0,검수전
schemareading-schema,S(스키마 개념어),5508,시장,4,사회,사회,17주차,시장의 다양한 모습,0,검수전
schemareading-schema,S(스키마 개념어),5509,완전 경쟁 시장,4,사회,사회,17주차,시장의 다양한 모습,0,검수전
schemareading-schema,S(스키마 개념어),5510,불완전 경쟁 시장,4,사회,사회,17주차,시장의 다양한 모습,0,검수전
schemareading-schema,S(스키마 개념어),5511,독과점 시장,4,사회,사회,17주차,시장의 다양한 모습,0,검수전
schemareading-schema,S(스키마 개념어),5512,생산물 시장,4,사회,사회,17주차,시장의 다양한 모습,0,검수전
schemareading-schema,S(스키마 개념어),5513,생산 요소 시장,4,사회,사회,17주차,시장의 다양한 모습,0,검수전
schemareading-schema,S(스키마 개념어),5514,수요량,4,사회,사회,18주차,시장 경제의 보이지 않는 손,0,검수전
schemareading-schema,S(스키마 개념어),5031,도시,1,사회,지리,1주차,우리가 사는 곳,0,검수전
schemareading-schema,S(스키마 개념어),5076,다수결의 원칙,1,사회,정치,7주차,"우리 삶에 녹아있는 민주주의, 선거",0,검수전
schemareading-schema,S(스키마 개념어),5515,수요 법칙,4,사회,사회,18주차,시장 경제의 보이지 않는 손,0,검수전
schemareading-schema,S(스키마 개념어),5516,공급량,4,사회,사회,18주차,시장 경제의 보이지 않는 손,0,검수전
schemareading-schema,S(스키마 개념어),5517,공급 법칙,4,사회,사회,18주차,시장 경제의 보이지 않는 손,0,검수전
schemareading-schema,S(스키마 개념어),5518,균형 가격,4,사회,사회,18주차,시장 경제의 보이지 않는 손,0,검수전
schemareading-schema,S(스키마 개념어),5519,균형 거래량,4,사회,사회,18주차,시장 경제의 보이지 않는 손,0,검수전
schemareading-schema,S(스키마 개념어),5520,국민 경제,4,사회,사회,19주차,나라 살림은 어떻게 이뤄지는가?,0,검수전
schemareading-schema,S(스키마 개념어),5521,국내 총생산,4,사회,사회,19주차,나라 살림은 어떻게 이뤄지는가?,0,검수전
schemareading-schema,S(스키마 개념어),5522,실업,4,사회,사회,19주차,나라 살림은 어떻게 이뤄지는가?,0,검수전
schemareading-schema,S(스키마 개념어),5523,물가,4,사회,사회,19주차,나라 살림은 어떻게 이뤄지는가?,0,검수전
schemareading-schema,S(스키마 개념어),5524,인플레이션,4,사회,사회,19주차,나라 살림은 어떻게 이뤄지는가?,0,검수전
schemareading-schema,S(스키마 개념어),5077,직접 선거,1,사회,정치,7주차,"우리 삶에 녹아있는 민주주의, 선거",0,검수전
schemareading-schema,S(스키마 개념어),5525,디플레이션,4,사회,사회,19주차,나라 살림은 어떻게 이뤄지는가?,0,검수전
schemareading-schema,S(스키마 개념어),5526,스테그플레이션,4,사회,사회,19주차,나라 살림은 어떻게 이뤄지는가?,0,검수전
schemareading-schema,S(스키마 개념어),5527,국제 거래,4,사회,사회,20주차,지구촌 시장,0,검수전
schemareading-schema,S(스키마 개념어),5528,비교 우위,4,사회,사회,20주차,지구촌 시장,0,검수전
schemareading-schema,S(스키마 개념어),5529,환율,4,사회,사회,20주차,지구촌 시장,0,검수전
schemareading-schema,S(스키마 개념어),5530,외화,4,사회,사회,20주차,지구촌 시장,0,검수전
schemareading-schema,S(스키마 개념어),5531,사회구조,5,사회,사회,1주차,인간과 사회,0,검수전
schemareading-schema,S(스키마 개념어),5532,사회제도,5,사회,사회,1주차,인간과 사회,0,검수전
schemareading-schema,S(스키마 개념어),5533,가치,5,사회,사회,1주차,인간과 사회,0,검수전
schemareading-schema,S(스키마 개념어),5534,동양의 행복론,5,사회,사회,1주차,인간과 사회,0,검수전
schemareading-schema,S(스키마 개념어),5078,평등 선거,1,사회,정치,7주차,"우리 삶에 녹아있는 민주주의, 선거",0,검수전
schemareading-schema,S(스키마 개념어),5535,서양의 행복론,5,사회,사회,1주차,인간과 사회,0,검수전
schemareading-schema,S(스키마 개념어),5536,정주환경,5,사회,사회,1주차,인간과 사회,0,검수전
schemareading-schema,S(스키마 개념어),5537,동양의 이상사회,5,사회,사회,1주차,인간과 사회,0,검수전
schemareading-schema,S(스키마 개념어),5538,서양의 이상사회,5,사회,사회,1주차,인간과 사회,0,검수전
schemareading-schema,S(스키마 개념어),5539,착한 사마리아인 법,5,사회,사회,1주차,인간과 사회,0,검수전
schemareading-schema,S(스키마 개념어),5540,햄버거 커넥션,5,사회,사회,1주차,인간과 사회,0,검수전
schemareading-schema,S(스키마 개념어),5541,아리스토텔레스의 바람직한 정치,5,사회,사회,1주차,인간과 사회,0,검수전
schemareading-schema,S(스키마 개념어),5542,인간중심주의 자연관,5,사회,사회,2주차,자연환경과 인간,0,검수전
schemareading-schema,S(스키마 개념어),5543,생태중심주의 자연관,5,사회,사회,2주차,자연환경과 인간,0,검수전
schemareading-schema,S(스키마 개념어),5544,레오폴드의 대지윤리,5,사회,사회,2주차,자연환경과 인간,0,검수전
schemareading-schema,S(스키마 개념어),5079,보통 선거,1,사회,정치,7주차,"우리 삶에 녹아있는 민주주의, 선거",0,검수전
schemareading-schema,S(스키마 개념어),5545,환경 파시즘,5,사회,사회,2주차,자연환경과 인간,0,검수전
schemareading-schema,S(스키마 개념어),5546,생태도시,5,사회,사회,2주차,자연환경과 인간,0,검수전
schemareading-schema,S(스키마 개념어),5547,슬로시티,5,사회,사회,2주차,자연환경과 인간,0,검수전
schemareading-schema,S(스키마 개념어),5548,환경 영향 평가 제도,5,사회,사회,2주차,자연환경과 인간,0,검수전
schemareading-schema,S(스키마 개념어),5549,저탄소 녹색성장,5,사회,사회,2주차,자연환경과 인간,0,검수전
schemareading-schema,S(스키마 개념어),5550,녹색소비,5,사회,사회,2주차,자연환경과 인간,0,검수전
schemareading-schema,S(스키마 개념어),5551,도시화,5,사회,사회,3주차,생활공간과 인간,0,검수전
schemareading-schema,S(스키마 개념어),5552,교외화,5,사회,사회,3주차,생활공간과 인간,0,검수전
schemareading-schema,S(스키마 개념어),5080,용돈,1,사회,경제,8주차,내 용돈으로 배우는 경제,0,검수전
schemareading-schema,S(스키마 개념어),5553,도시문제,5,사회,사회,3주차,생활공간과 인간,0,검수전
schemareading-schema,S(스키마 개념어),5554,인구공동화,5,사회,사회,3주차,생활공간과 인간,0,검수전
schemareading-schema,S(스키마 개념어),5555,정보윤리,5,사회,사회,3주차,생활공간과 인간,0,검수전
schemareading-schema,S(스키마 개념어),5556,정보 격차,5,사회,사회,3주차,생활공간과 인간,0,검수전
schemareading-schema,S(스키마 개념어),5557,스마트 시티,5,사회,사회,3주차,생활공간과 인간,0,검수전
schemareading-schema,S(스키마 개념어),5558,위성 위치 확인 시스템(GPS),5,사회,사회,3주차,생활공간과 인간,0,검수전
schemareading-schema,S(스키마 개념어),5559,지리 정보 시스템(GIS),5,사회,사회,3주차,생활공간과 인간,0,검수전
schemareading-schema,S(스키마 개념어),5081,용돈 기입장,1,사회,경제,8주차,내 용돈으로 배우는 경제,0,검수전
schemareading-schema,S(스키마 개념어),5560,인권 확장의 역사적 전개과정,5,사회,사회,4주차,인권,0,검수전
schemareading-schema,S(스키마 개념어),5561,영국 명예혁명,5,사회,사회,4주차,인권,0,검수전
schemareading-schema,S(스키마 개념어),5562,미국 독립선언,5,사회,사회,4주차,인권,0,검수전
schemareading-schema,S(스키마 개념어),5563,프랑스 인권선언,5,사회,사회,4주차,인권,0,검수전
schemareading-schema,S(스키마 개념어),5564,영국 차티스트 운동,5,사회,사회,4주차,인권,0,검수전
schemareading-schema,S(스키마 개념어),5565,영국 여성 참정권 운동,5,사회,사회,4주차,인권,0,검수전
schemareading-schema,S(스키마 개념어),5566,독일 바이마르 헌법,5,사회,사회,4주차,인권,0,검수전
schemareading-schema,S(스키마 개념어),5567,세계 인권 선언,5,사회,사회,4주차,인권,0,검수전
schemareading-schema,S(스키마 개념어),5568,흑인 민권 운동,5,사회,사회,4주차,인권,0,검수전
schemareading-schema,S(스키마 개념어),5569,현대 사회에서의 확장된 인권,5,사회,사회,4주차,인권,0,검수전
schemareading-schema,S(스키마 개념어),5082,예금,1,사회,경제,8주차,내 용돈으로 배우는 경제,0,검수전
schemareading-schema,S(스키마 개념어),5570,주거권,5,사회,사회,4주차,인권,0,검수전
schemareading-schema,S(스키마 개념어),5571,안전권,5,사회,사회,4주차,인권,0,검수전
schemareading-schema,S(스키마 개념어),5572,환경권,5,사회,사회,4주차,인권,0,검수전
schemareading-schema,S(스키마 개념어),5573,문화권,5,사회,사회,4주차,인권,0,검수전
schemareading-schema,S(스키마 개념어),5574,잊힐 권리,5,사회,사회,4주차,인권,0,검수전
schemareading-schema,S(스키마 개념어),5575,알 권리,5,사회,사회,4주차,인권,0,검수전
schemareading-schema,S(스키마 개념어),5576,헌법의 기본원리,5,사회,사회,5주차,헌법,0,검수전
schemareading-schema,S(스키마 개념어),5577,국민 주권의 원리,5,사회,사회,5주차,헌법,0,검수전
schemareading-schema,S(스키마 개념어),5578,권력 분립의 원리,5,사회,사회,5주차,헌법,0,검수전
schemareading-schema,S(스키마 개념어),5083,저축,1,사회,경제,8주차,내 용돈으로 배우는 경제,0,검수전
schemareading-schema,S(스키마 개념어),5579,법치주의,5,사회,사회,5주차,헌법,0,검수전
schemareading-schema,S(스키마 개념어),5580,헌법과 법의 관계,5,사회,사회,5주차,헌법,0,검수전
schemareading-schema,S(스키마 개념어),5581,청원,5,사회,사회,5주차,헌법,0,검수전
schemareading-schema,S(스키마 개념어),5582,헌법재판소,5,사회,사회,5주차,헌법,0,검수전
schemareading-schema,S(스키마 개념어),5583,헌법소원,5,사회,사회,5주차,헌법,0,검수전
schemareading-schema,S(스키마 개념어),5584,헌법 불합치 결정,5,사회,사회,5주차,헌법,0,검수전
schemareading-schema,S(스키마 개념어),5585,형식적 법치주의,5,사회,사회,6주차,법치주의,0,검수전
schemareading-schema,S(스키마 개념어),5586,실질적 법치주의,5,사회,사회,6주차,법치주의,0,검수전
schemareading-schema,S(스키마 개념어),5084,통장,1,사회,경제,8주차,내 용돈으로 배우는 경제,0,검수전
schemareading-schema,S(스키마 개념어),5587,신뢰보호원칙,5,사회,사회,6주차,법치주의,0,검수전
schemareading-schema,S(스키마 개념어),5588,과잉금지원칙,5,사회,사회,6주차,법치주의,0,검수전
schemareading-schema,S(스키마 개념어),5589,법실증주의,5,사회,사회,6주차,법치주의,0,검수전
schemareading-schema,S(스키마 개념어),5590,법의 합목적성,5,사회,사회,6주차,법치주의,0,검수전
schemareading-schema,S(스키마 개념어),5591,법적안정성,5,사회,사회,6주차,법치주의,0,검수전
schemareading-schema,S(스키마 개념어),5592,헌법이 보장하는 기본권,5,사회,사회,6주차,법치주의,0,검수전
schemareading-schema,S(스키마 개념어),5085,이자,1,사회,경제,8주차,내 용돈으로 배우는 경제,0,검수전
schemareading-schema,S(스키마 개념어),5593,시민참여,5,사회,사회,7주차,삶의 질과 행복,0,검수전
schemareading-schema,S(스키마 개념어),5594,시민불복종,5,사회,사회,7주차,삶의 질과 행복,0,검수전
schemareading-schema,S(스키마 개념어),5595,기본권의 제한,5,사회,사회,7주차,삶의 질과 행복,0,검수전
schemareading-schema,S(스키마 개념어),5596,행복추구권,5,사회,사회,7주차,삶의 질과 행복,0,검수전
schemareading-schema,S(스키마 개념어),5597,최저임금,5,사회,사회,7주차,삶의 질과 행복,0,검수전
schemareading-schema,S(스키마 개념어),5598,세계자유지수,5,사회,사회,7주차,삶의 질과 행복,0,검수전
schemareading-schema,S(스키마 개념어),5599,자본주의,5,사회,사회,8주차,자본주의,0,검수전
schemareading-schema,S(스키마 개념어),5600,프로테스탄트윤리,5,사회,사회,8주차,자본주의,0,검수전
schemareading-schema,S(스키마 개념어),5032,촌락,1,사회,지리,1주차,우리가 사는 곳,0,검수전
schemareading-schema,S(스키마 개념어),5086,적금,1,사회,경제,8주차,내 용돈으로 배우는 경제,0,검수전
schemareading-schema,S(스키마 개념어),5601,자본주의정신,5,사회,사회,8주차,자본주의,0,검수전
schemareading-schema,S(스키마 개념어),5602,자본주의의 역사적 전개과정,5,사회,사회,8주차,자본주의,0,검수전
schemareading-schema,S(스키마 개념어),5603,산업 자본주의,5,사회,사회,8주차,자본주의,0,검수전
schemareading-schema,S(스키마 개념어),5604,독점 자본주의,5,사회,사회,8주차,자본주의,0,검수전
schemareading-schema,S(스키마 개념어),5605,수정 자본주의,5,사회,사회,8주차,자본주의,0,검수전
schemareading-schema,S(스키마 개념어),5606,신자유주의,5,사회,사회,8주차,자본주의,0,검수전
schemareading-schema,S(스키마 개념어),5607,매몰비용,5,사회,사회,9주차,시장 경제,0,검수전
schemareading-schema,S(스키마 개념어),5608,절약의역설,5,사회,사회,9주차,시장 경제,0,검수전
schemareading-schema,S(스키마 개념어),5087,급여,1,사회,경제,8주차,내 용돈으로 배우는 경제,0,검수전
schemareading-schema,S(스키마 개념어),5609,시장실패,5,사회,사회,9주차,시장 경제,0,검수전
schemareading-schema,S(스키마 개념어),5610,정부실패,5,사회,사회,9주차,시장 경제,0,검수전
schemareading-schema,S(스키마 개념어),5611,불완전경쟁,5,사회,사회,9주차,시장 경제,0,검수전
schemareading-schema,S(스키마 개념어),5612,담합,5,사회,사회,9주차,시장 경제,0,검수전
schemareading-schema,S(스키마 개념어),5613,공공재부족,5,사회,사회,9주차,시장 경제,0,검수전
schemareading-schema,S(스키마 개념어),5614,무임승차,5,사회,사회,9주차,시장 경제,0,검수전
schemareading-schema,S(스키마 개념어),5615,외부효과,5,사회,사회,9주차,시장 경제,0,검수전
schemareading-schema,S(스키마 개념어),5616,사회적기업,5,사회,사회,9주차,시장 경제,0,검수전
schemareading-schema,S(스키마 개념어),5617,근로권,5,사회,사회,9주차,시장 경제,0,검수전
schemareading-schema,S(스키마 개념어),5088,소득,1,사회,경제,8주차,내 용돈으로 배우는 경제,0,검수전
schemareading-schema,S(스키마 개념어),5618,노동3권,5,사회,사회,9주차,시장 경제,0,검수전
schemareading-schema,S(스키마 개념어),5619,단체교섭권,5,사회,사회,9주차,시장 경제,0,검수전
schemareading-schema,S(스키마 개념어),5620,단체행동권,5,사회,사회,9주차,시장 경제,0,검수전
schemareading-schema,S(스키마 개념어),5621,소비자주권,5,사회,사회,9주차,시장 경제,0,검수전
schemareading-schema,S(스키마 개념어),5622,윤리적소비,5,사회,사회,9주차,시장 경제,0,검수전
schemareading-schema,S(스키마 개념어),5623,스마트컨슈머,5,사회,사회,9주차,시장 경제,0,검수전
schemareading-schema,S(스키마 개념어),5624,무역,5,사회,사회,10주차,무역과 금융,0,검수전
schemareading-schema,S(스키마 개념어),5625,세계무역기구(WTO),5,사회,사회,10주차,무역과 금융,0,검수전
schemareading-schema,S(스키마 개념어),5626,자유무역협정(FTA),5,사회,사회,10주차,무역과 금융,0,검수전
schemareading-schema,S(스키마 개념어),5089,월급,1,사회,경제,8주차,내 용돈으로 배우는 경제,0,검수전
schemareading-schema,S(스키마 개념어),5627,무역의존도,5,사회,사회,10주차,무역과 금융,0,검수전
schemareading-schema,S(스키마 개념어),5628,소득의 유형,5,사회,사회,10주차,무역과 금융,0,검수전
schemareading-schema,S(스키마 개념어),5629,근로소득,5,사회,사회,10주차,무역과 금융,0,검수전
schemareading-schema,S(스키마 개념어),5630,사업소득,5,사회,사회,10주차,무역과 금융,0,검수전
schemareading-schema,S(스키마 개념어),5631,재산소득,5,사회,사회,10주차,무역과 금융,0,검수전
schemareading-schema,S(스키마 개념어),5632,이전소득,5,사회,사회,10주차,무역과 금융,0,검수전
schemareading-schema,S(스키마 개념어),5633,금융자산,5,사회,사회,10주차,무역과 금융,0,검수전
schemareading-schema,S(스키마 개념어),5090,재산,1,사회,경제,8주차,내 용돈으로 배우는 경제,0,검수전
schemareading-schema,S(스키마 개념어),5634,예금자보호제도,5,사회,사회,10주차,무역과 금융,0,검수전
schemareading-schema,S(스키마 개념어),5635,주식,5,사회,사회,10주차,무역과 금융,0,검수전
schemareading-schema,S(스키마 개념어),5636,배당,5,사회,사회,10주차,무역과 금융,0,검수전
schemareading-schema,S(스키마 개념어),5637,시세차익,5,사회,사회,10주차,무역과 금융,0,검수전
schemareading-schema,S(스키마 개념어),5638,채권,5,사회,사회,10주차,무역과 금융,0,검수전
schemareading-schema,S(스키마 개념어),5639,펀드,5,사회,사회,10주차,무역과 금융,0,검수전
schemareading-schema,S(스키마 개념어),5640,보험,5,사회,사회,10주차,무역과 금융,0,검수전
schemareading-schema,S(스키마 개념어),5641,연금,5,사회,사회,10주차,무역과 금융,0,검수전
schemareading-schema,S(스키마 개념어),5642,포트폴리오,5,사회,사회,10주차,무역과 금융,0,검수전
schemareading-schema,S(스키마 개념어),5091,절약,1,사회,경제,8주차,내 용돈으로 배우는 경제,0,검수전
schemareading-schema,S(스키마 개념어),5643,단리,5,사회,사회,10주차,무역과 금융,0,검수전
schemareading-schema,S(스키마 개념어),5644,복리,5,사회,사회,10주차,무역과 금융,0,검수전
schemareading-schema,S(스키마 개념어),5645,정의의 의미,5,사회,사회,11주차,정의,0,검수전
schemareading-schema,S(스키마 개념어),5646,정의의 역할,5,사회,사회,11주차,정의,0,검수전
schemareading-schema,S(스키마 개념어),5647,개인선과 공동선,5,사회,사회,11주차,정의,0,검수전
schemareading-schema,S(스키마 개념어),5648,아리스토텔레스의 정의구분,5,사회,사회,11주차,정의,0,검수전
schemareading-schema,S(스키마 개념어),5649,분배적 정의의 다양한 기준,5,사회,사회,11주차,정의,0,검수전
schemareading-schema,S(스키마 개념어),5650,기회의 평등,5,사회,사회,11주차,정의,0,검수전
schemareading-schema,S(스키마 개념어),5651,결과의 평등,5,사회,사회,11주차,정의,0,검수전
schemareading-schema,S(스키마 개념어),5092,도시 문제,1,사회,지리,9주차,"사람이 많은 도시, 문제도 많은 도시",0,검수전
schemareading-schema,S(스키마 개념어),5652,베리어프리,5,사회,사회,11주차,정의,0,검수전
schemareading-schema,S(스키마 개념어),5653,자유주의,5,사회,사회,11주차,정의,0,검수전
schemareading-schema,S(스키마 개념어),5654,자유주의적 정의관,5,사회,사회,12주차,정의관,0,검수전
schemareading-schema,S(스키마 개념어),5655,공리주의적 정의관,5,사회,사회,12주차,정의관,0,검수전
schemareading-schema,S(스키마 개념어),5656,롤스의 공정으로서의 정의,5,사회,사회,12주차,정의관,0,검수전
schemareading-schema,S(스키마 개념어),5657,노직의 소유권리로서의 정의,5,사회,사회,12주차,정의관,0,검수전
schemareading-schema,S(스키마 개념어),5658,롤스의 사회정의원칙,5,사회,사회,12주차,정의관,0,검수전
schemareading-schema,S(스키마 개념어),5659,공동체주의,5,사회,사회,12주차,정의관,0,검수전
schemareading-schema,S(스키마 개념어),5660,공동체주의적 정의관,5,사회,사회,12주차,정의관,0,검수전
schemareading-schema,S(스키마 개념어),5093,인구 이동,1,사회,지리,9주차,"사람이 많은 도시, 문제도 많은 도시",0,검수전
schemareading-schema,S(스키마 개념어),5661,복합평등으로서의 정의,5,사회,사회,12주차,정의관,0,검수전
schemareading-schema,S(스키마 개념어),5662,개인의 자유와 공동선,5,사회,사회,12주차,정의관,0,검수전
schemareading-schema,S(스키마 개념어),5663,사회 불평등,5,사회,사회,13주차,불평등,0,검수전
schemareading-schema,S(스키마 개념어),5664,공간 불평등,5,사회,사회,13주차,불평등,0,검수전
schemareading-schema,S(스키마 개념어),5665,적극적우대조치,5,사회,사회,13주차,불평등,0,검수전
schemareading-schema,S(스키마 개념어),5666,역차별,5,사회,사회,13주차,불평등,0,검수전
schemareading-schema,S(스키마 개념어),5667,사회적자본,5,사회,사회,13주차,불평등,0,검수전
schemareading-schema,S(스키마 개념어),5668,문화변동,5,사회,사회,14주차,문화와 다양성,0,검수전
schemareading-schema,S(스키마 개념어),5094,인구 집중,1,사회,지리,9주차,"사람이 많은 도시, 문제도 많은 도시",0,검수전
schemareading-schema,S(스키마 개념어),5669,문화전파,5,사회,사회,14주차,문화와 다양성,0,검수전
schemareading-schema,S(스키마 개념어),5670,문화접변,5,사회,사회,14주차,문화와 다양성,0,검수전
schemareading-schema,S(스키마 개념어),5671,문화병존,5,사회,사회,14주차,문화와 다양성,0,검수전
schemareading-schema,S(스키마 개념어),5672,문화동화,5,사회,사회,14주차,문화와 다양성,0,검수전
schemareading-schema,S(스키마 개념어),5673,문화융합,5,사회,사회,14주차,문화와 다양성,0,검수전
schemareading-schema,S(스키마 개념어),5674,문화 다양성,5,사회,사회,14주차,문화와 다양성,0,검수전
schemareading-schema,S(스키마 개념어),5675,문화 절대주의,5,사회,사회,14주차,문화와 다양성,0,검수전
schemareading-schema,S(스키마 개념어),5095,교통 체증,1,사회,지리,9주차,"사람이 많은 도시, 문제도 많은 도시",0,검수전
schemareading-schema,S(스키마 개념어),5676,극단적 문화 상대주의,5,사회,사회,14주차,문화와 다양성,0,검수전
schemareading-schema,S(스키마 개념어),5677,다문화 사회,5,사회,사회,14주차,문화와 다양성,0,검수전
schemareading-schema,S(스키마 개념어),5678,캐나다의 모자이크 정책,5,사회,사회,14주차,문화와 다양성,0,검수전
schemareading-schema,S(스키마 개념어),5679,동화주의,5,사회,사회,14주차,문화와 다양성,0,검수전
schemareading-schema,S(스키마 개념어),5680,용광로이론,5,사회,사회,14주차,문화와 다양성,0,검수전
schemareading-schema,S(스키마 개념어),5681,다문화주의,5,사회,사회,14주차,문화와 다양성,0,검수전
schemareading-schema,S(스키마 개념어),5682,샐러드볼 이론,5,사회,사회,14주차,문화와 다양성,0,검수전
schemareading-schema,S(스키마 개념어),5683,소극적 관용,5,사회,사회,14주차,문화와 다양성,0,검수전
schemareading-schema,S(스키마 개념어),5684,적극적 관용,5,사회,사회,14주차,문화와 다양성,0,검수전
schemareading-schema,S(스키마 개념어),5033,고장,1,사회,지리,1주차,우리가 사는 곳,0,검수전
schemareading-schema,S(스키마 개념어),5096,주택 부족,1,사회,지리,9주차,"사람이 많은 도시, 문제도 많은 도시",0,검수전
schemareading-schema,S(스키마 개념어),5685,지역화,5,사회,사회,15주차,세계화,0,검수전
schemareading-schema,S(스키마 개념어),5686,세계도시,5,사회,사회,15주차,세계화,0,검수전
schemareading-schema,S(스키마 개념어),5687,다국적기업,5,사회,사회,15주차,세계화,0,검수전
schemareading-schema,S(스키마 개념어),5688,공정무역,5,사회,사회,15주차,세계화,0,검수전
schemareading-schema,S(스키마 개념어),5689,국제사회의 행위주체,5,사회,사회,15주차,세계화,0,검수전
schemareading-schema,S(스키마 개념어),5690,소극적평화,5,사회,사회,15주차,세계화,0,검수전
schemareading-schema,S(스키마 개념어),5691,적극적평화,5,사회,사회,15주차,세계화,0,검수전
schemareading-schema,S(스키마 개념어),5692,동북공정,5,사회,사회,15주차,세계화,0,검수전
schemareading-schema,S(스키마 개념어),5097,귀농인구,1,사회,지리,10주차,촌락도 변하고 있다.,0,검수전
schemareading-schema,S(스키마 개념어),5693,인구구조,5,사회,사회,16주차,지속 가능한 삶,0,검수전
schemareading-schema,S(스키마 개념어),5694,인구피라미드,5,사회,사회,16주차,지속 가능한 삶,0,검수전
schemareading-schema,S(스키마 개념어),5695,중위연령,5,사회,사회,16주차,지속 가능한 삶,0,검수전
schemareading-schema,S(스키마 개념어),5696,자원민족주의,5,사회,사회,16주차,지속 가능한 삶,0,검수전
schemareading-schema,S(스키마 개념어),5697,지속가능한발전,5,사회,사회,16주차,지속 가능한 삶,0,검수전
schemareading-schema,S(스키마 개념어),5698,람사르협약,5,사회,사회,16주차,지속 가능한 삶,0,검수전
schemareading-schema,S(스키마 개념어),5699,몬트리올의정서,5,사회,사회,16주차,지속 가능한 삶,0,검수전
schemareading-schema,S(스키마 개념어),5700,바젤협약,5,사회,사회,16주차,지속 가능한 삶,0,검수전
schemareading-schema,S(스키마 개념어),5701,기후변화협약,5,사회,사회,16주차,지속 가능한 삶,0,검수전
schemareading-schema,S(스키마 개념어),5702,생물다양성협약,5,사회,사회,16주차,지속 가능한 삶,0,검수전
schemareading-schema,S(스키마 개념어),5098,촌락 문제,1,사회,지리,10주차,촌락도 변하고 있다.,0,검수전
schemareading-schema,S(스키마 개념어),5703,사막화방지협약,5,사회,사회,16주차,지속 가능한 삶,0,검수전
schemareading-schema,S(스키마 개념어),5704,로하스족,5,사회,사회,16주차,지속 가능한 삶,0,검수전
schemareading-schema,S(스키마 개념어),5705,기능론,5,사회,사회,17주차,사회이론,0,검수전
schemareading-schema,S(스키마 개념어),5706,갈등론,5,사회,사회,17주차,사회이론,0,검수전
schemareading-schema,S(스키마 개념어),5707,상징적상호작용론,5,사회,사회,17주차,사회이론,0,검수전
schemareading-schema,S(스키마 개념어),5708,사회실재론,5,사회,사회,17주차,사회이론,0,검수전
schemareading-schema,S(스키마 개념어),5709,사회명목론,5,사회,사회,17주차,사회이론,0,검수전
schemareading-schema,S(스키마 개념어),5710,방법론적 일원론,5,사회,사회,17주차,사회이론,0,검수전
schemareading-schema,S(스키마 개념어),5711,방법론적 이원론,5,사회,사회,17주차,사회이론,0,검수전
schemareading-schema,S(스키마 개념어),5712,연역적 접근,5,사회,사회,17주차,사회이론,0,검수전
schemareading-schema,S(스키마 개념어),5099,일손 부족,1,사회,지리,10주차,촌락도 변하고 있다.,0,검수전
schemareading-schema,S(스키마 개념어),5713,귀납적 접근,5,사회,사회,17주차,사회이론,0,검수전
schemareading-schema,S(스키마 개념어),5714,연구윤리,5,사회,사회,17주차,사회이론,0,검수전
schemareading-schema,S(스키마 개념어),5715,사회조직,5,사회,사회,18주차,개인과 사회,0,검수전
schemareading-schema,S(스키마 개념어),5716,비공식조직,5,사회,사회,18주차,개인과 사회,0,검수전
schemareading-schema,S(스키마 개념어),5717,자발적결사체,5,사회,사회,18주차,개인과 사회,0,검수전
schemareading-schema,S(스키마 개념어),5718,관료제,5,사회,사회,18주차,개인과 사회,0,검수전
schemareading-schema,S(스키마 개념어),5719,탈관료제현상,5,사회,사회,18주차,개인과 사회,0,검수전
schemareading-schema,S(스키마 개념어),5100,친환경 농업,1,사회,지리,10주차,촌락도 변하고 있다.,0,검수전
schemareading-schema,S(스키마 개념어),5720,일탈행동,5,사회,사회,18주차,개인과 사회,0,검수전
schemareading-schema,S(스키마 개념어),5721,일탈행동이론,5,사회,사회,18주차,개인과 사회,0,검수전
schemareading-schema,S(스키마 개념어),5722,아노미론,5,사회,사회,18주차,개인과 사회,0,검수전
schemareading-schema,S(스키마 개념어),5723,사회해체론,5,사회,사회,18주차,개인과 사회,0,검수전
schemareading-schema,S(스키마 개념어),5724,하위문화론,5,사회,사회,18주차,개인과 사회,0,검수전
schemareading-schema,S(스키마 개념어),5725,차별적교제이론,5,사회,사회,18주차,개인과 사회,0,검수전
schemareading-schema,S(스키마 개념어),5726,낙인이론,5,사회,사회,18주차,개인과 사회,0,검수전
schemareading-schema,S(스키마 개념어),5727,문화화,5,사회,사회,19주차,문화와 일상생활,0,검수전
schemareading-schema,S(스키마 개념어),5728,문화의 보편성,5,사회,사회,19주차,문화와 일상생활,0,검수전
schemareading-schema,S(스키마 개념어),5729,문화의 특수성,5,사회,사회,19주차,문화와 일상생활,0,검수전
schemareading-schema,S(스키마 개념어),5101,생태 마을 조성,1,사회,지리,10주차,촌락도 변하고 있다.,0,검수전
schemareading-schema,S(스키마 개념어),5730,문화의 속성,5,사회,사회,19주차,문화와 일상생활,0,검수전
schemareading-schema,S(스키마 개념어),5731,문화요소,5,사회,사회,19주차,문화와 일상생활,0,검수전
schemareading-schema,S(스키마 개념어),5732,호모루덴스,5,사회,사회,19주차,문화와 일상생활,0,검수전
schemareading-schema,S(스키마 개념어),5733,세대문화,5,사회,사회,19주차,문화와 일상생활,0,검수전
schemareading-schema,S(스키마 개념어),5734,반문화,5,사회,사회,19주차,문화와 일상생활,0,검수전
schemareading-schema,S(스키마 개념어),5735,문화정체성,5,사회,사회,19주차,문화와 일상생활,0,검수전
schemareading-schema,S(스키마 개념어),5736,문화의 세계화,5,사회,사회,19주차,문화와 일상생활,0,검수전
schemareading-schema,S(스키마 개념어),5737,디지털유목민,5,사회,사회,19주차,문화와 일상생활,0,검수전
schemareading-schema,S(스키마 개념어),5738,문화자본,5,사회,사회,19주차,문화와 일상생활,0,검수전
schemareading-schema,S(스키마 개념어),5102,농공단지,1,사회,지리,10주차,촌락도 변하고 있다.,0,검수전
schemareading-schema,S(스키마 개념어),5739,소비의 이데올로기,5,사회,사회,19주차,문화와 일상생활,0,검수전
schemareading-schema,S(스키마 개념어),5740,사회계층구조,5,사회,사회,20주차,계층과 불평등,0,검수전
schemareading-schema,S(스키마 개념어),5741,사회이동,5,사회,사회,20주차,계층과 불평등,0,검수전
schemareading-schema,S(스키마 개념어),5742,성불평등현상,5,사회,사회,20주차,계층과 불평등,0,검수전
schemareading-schema,S(스키마 개념어),5743,사회적 소수자,5,사회,사회,20주차,계층과 불평등,0,검수전
schemareading-schema,S(스키마 개념어),5744,복지국가,5,사회,사회,20주차,계층과 불평등,0,검수전
schemareading-schema,S(스키마 개념어),5745,사회안전망,5,사회,사회,20주차,계층과 불평등,0,검수전
schemareading-schema,S(스키마 개념어),5746,제3의 길,5,사회,사회,20주차,계층과 불평등,0,검수전
schemareading-schema,S(스키마 개념어),5747,합리성,6,사회,경제,1주차,경제와 생활,0,검수완료
schemareading-schema,S(스키마 개념어),5748,경제적 자원,6,사회,경제,1주차,경제와 생활,0,검수완료
schemareading-schema,S(스키마 개념어),5103,원산지 표시제,1,사회,지리,10주차,촌락도 변하고 있다.,0,검수전
schemareading-schema,S(스키마 개념어),5749,상품,6,사회,경제,1주차,경제와 생활,0,검수완료
schemareading-schema,S(스키마 개념어),5750,자유재,6,사회,경제,1주차,경제와 생활,0,검수완료
schemareading-schema,S(스키마 개념어),5751,경제재,6,사회,경제,1주차,경제와 생활,0,검수완료
schemareading-schema,S(스키마 개념어),5752,경제주체,6,사회,경제,1주차,경제와 생활,0,검수완료
schemareading-schema,S(스키마 개념어),5753,자유경쟁시장,6,사회,경제,1주차,경제와 생활,0,검수완료
schemareading-schema,S(스키마 개념어),5754,완전경쟁시장,6,사회,경제,1주차,경제와 생활,0,검수완료
schemareading-schema,S(스키마 개념어),5755,독점적 경쟁시장,6,사회,경제,1주차,경제와 생활,0,검수완료
schemareading-schema,S(스키마 개념어),5756,과점시장,6,사회,경제,1주차,경제와 생활,0,검수완료
schemareading-schema,S(스키마 개념어),5757,독점시장,6,사회,경제,1주차,경제와 생활,0,검수완료
schemareading-schema,S(스키마 개념어),5104,국경일,1,사회,사회문화,11주차,국가가 기뻐하는 날,0,검수전
schemareading-schema,S(스키마 개념어),5758,독과점시장,6,사회,경제,1주차,경제와 생활,0,검수완료
schemareading-schema,S(스키마 개념어),5759,시장경제,6,사회,경제,1주차,경제와 생활,0,검수완료
schemareading-schema,S(스키마 개념어),5760,수요와 공급,6,사회,경제,1주차,경제와 생활,0,검수완료
schemareading-schema,S(스키마 개념어),5761,수요의 법칙,6,사회,경제,1주차,경제와 생활,0,검수완료
schemareading-schema,S(스키마 개념어),5762,공급의 법칙,6,사회,경제,1주차,경제와 생활,0,검수완료
schemareading-schema,S(스키마 개념어),5763,탄력성,6,사회,경제,1주차,경제와 생활,0,검수완료
schemareading-schema,S(스키마 개념어),5764,수요탄력성,6,사회,경제,1주차,경제와 생활,0,검수완료
schemareading-schema,S(스키마 개념어),5765,공급탄력성,6,사회,경제,1주차,경제와 생활,0,검수완료
schemareading-schema,S(스키마 개념어),5766,소득탄력성,6,사회,경제,1주차,경제와 생활,0,검수완료
schemareading-schema,S(스키마 개념어),5767,균형가격,6,사회,경제,2주차,가격과 시장 균형,0,검수완료
schemareading-schema,S(스키마 개념어),5105,삼일절,1,사회,사회문화,11주차,국가가 기뻐하는 날,0,검수전
schemareading-schema,S(스키마 개념어),5768,소비자 잉여,6,사회,경제,2주차,가격과 시장 균형,0,검수완료
schemareading-schema,S(스키마 개념어),5769,생산자 잉여,6,사회,경제,2주차,가격과 시장 균형,0,검수완료
schemareading-schema,S(스키마 개념어),5770,효용,6,사회,경제,2주차,가격과 시장 균형,0,검수완료
schemareading-schema,S(스키마 개념어),5771,한계효용,6,사회,경제,2주차,가격과 시장 균형,0,검수완료
schemareading-schema,S(스키마 개념어),5772,한계효용 체감의 법칙,6,사회,경제,2주차,가격과 시장 균형,0,검수완료
schemareading-schema,S(스키마 개념어),5773,대체효과,6,사회,경제,2주차,가격과 시장 균형,0,검수완료
schemareading-schema,S(스키마 개념어),5774,소득효과,6,사회,경제,2주차,가격과 시장 균형,0,검수완료
schemareading-schema,S(스키마 개념어),5775,기펜재,6,사회,경제,2주차,가격과 시장 균형,0,검수완료
schemareading-schema,S(스키마 개념어),5776,대체재,6,사회,경제,2주차,가격과 시장 균형,0,검수완료
schemareading-schema,S(스키마 개념어),5777,보완재,6,사회,경제,2주차,가격과 시장 균형,0,검수완료
schemareading-schema,S(스키마 개념어),5034,시·도,1,사회,지리,2주차,우리나라의 행정구역,0,검수전
schemareading-schema,S(스키마 개념어),5106,제헌절,1,사회,사회문화,11주차,국가가 기뻐하는 날,0,검수전
schemareading-schema,S(스키마 개념어),5778,생산요소,6,사회,경제,2주차,가격과 시장 균형,0,검수완료
schemareading-schema,S(스키마 개념어),5779,수확체감의 법칙,6,사회,경제,2주차,가격과 시장 균형,0,검수완료
schemareading-schema,S(스키마 개념어),5780,생산비용,6,사회,경제,2주차,가격과 시장 균형,0,검수완료
schemareading-schema,S(스키마 개념어),5781,한계비용,6,사회,경제,2주차,가격과 시장 균형,0,검수완료
schemareading-schema,S(스키마 개념어),5782,규모의 경제,6,사회,경제,3주차,경제 문제,0,검수완료
schemareading-schema,S(스키마 개념어),5783,범위의 경제,6,사회,경제,3주차,경제 문제,0,검수완료
schemareading-schema,S(스키마 개념어),5784,경제적 지대,6,사회,경제,3주차,경제 문제,0,검수완료
schemareading-schema,S(스키마 개념어),5785,한계소비성향,6,사회,경제,3주차,경제 문제,0,검수완료
schemareading-schema,S(스키마 개념어),5786,직접세,6,사회,경제,3주차,경제 문제,0,검수완료
schemareading-schema,S(스키마 개념어),5787,간접세,6,사회,경제,3주차,경제 문제,0,검수완료
schemareading-schema,S(스키마 개념어),5107,광복절,1,사회,사회문화,11주차,국가가 기뻐하는 날,0,검수전
schemareading-schema,S(스키마 개념어),5788,조세의 전가,6,사회,경제,3주차,경제 문제,0,검수완료
schemareading-schema,S(스키마 개념어),5789,사용가치,6,사회,경제,3주차,경제 문제,0,검수완료
schemareading-schema,S(스키마 개념어),5790,교환가치,6,사회,경제,3주차,경제 문제,0,검수완료
schemareading-schema,S(스키마 개념어),5791,경기,6,사회,경제,4주차,시장과 경제 활동,0,검수완료
schemareading-schema,S(스키마 개념어),5792,경기조절정책,6,사회,경제,4주차,시장과 경제 활동,0,검수완료
schemareading-schema,S(스키마 개념어),5793,경기안정화정책,6,사회,경제,4주차,시장과 경제 활동,0,검수완료
schemareading-schema,S(스키마 개념어),5794,국민소득,6,사회,경제,4주차,시장과 경제 활동,0,검수완료
schemareading-schema,S(스키마 개념어),5795,국민소득 3면 등가의 법칙,6,사회,경제,4주차,시장과 경제 활동,0,검수완료
schemareading-schema,S(스키마 개념어),5796,국민총소득,6,사회,경제,4주차,시장과 경제 활동,0,검수완료
schemareading-schema,S(스키마 개념어),5797,국민순소득,6,사회,경제,4주차,시장과 경제 활동,0,검수완료
schemareading-schema,S(스키마 개념어),5108,개천절,1,사회,사회문화,11주차,국가가 기뻐하는 날,0,검수전
schemareading-schema,S(스키마 개념어),5798,국내총생산,6,사회,경제,4주차,시장과 경제 활동,0,검수완료
schemareading-schema,S(스키마 개념어),5799,경제성장률,6,사회,경제,4주차,시장과 경제 활동,0,검수완료
schemareading-schema,S(스키마 개념어),5800,명목GDP,6,사회,경제,5주차,정부의 경제정책,0,검수완료
schemareading-schema,S(스키마 개념어),5801,실질GDP,6,사회,경제,5주차,정부의 경제정책,0,검수완료
schemareading-schema,S(스키마 개념어),5802,기대 인플레이션,6,사회,경제,5주차,정부의 경제정책,0,검수완료
schemareading-schema,S(스키마 개념어),5803,기저효과,6,사회,경제,5주차,정부의 경제정책,0,검수완료
schemareading-schema,S(스키마 개념어),5804,긴축정책,6,사회,경제,5주차,정부의 경제정책,0,검수완료
schemareading-schema,S(스키마 개념어),5805,낙수효과,6,사회,경제,5주차,정부의 경제정책,0,검수완료
schemareading-schema,S(스키마 개념어),5109,한글날,1,사회,사회문화,11주차,국가가 기뻐하는 날,0,검수전
schemareading-schema,S(스키마 개념어),5806,명목소득,6,사회,경제,5주차,정부의 경제정책,0,검수완료
schemareading-schema,S(스키마 개념어),5807,실질소득,6,사회,경제,5주차,정부의 경제정책,0,검수완료
schemareading-schema,S(스키마 개념어),5808,물가지수,6,사회,경제,5주차,정부의 경제정책,0,검수완료
schemareading-schema,S(스키마 개념어),5809,스태그플레이션,6,사회,경제,5주차,정부의 경제정책,0,검수완료
schemareading-schema,S(스키마 개념어),5810,양적완화정책,6,사회,경제,5주차,정부의 경제정책,0,검수완료
schemareading-schema,S(스키마 개념어),5811,재정정책,6,사회,경제,5주차,정부의 경제정책,0,검수완료
schemareading-schema,S(스키마 개념어),5812,정책시차,6,사회,경제,5주차,정부의 경제정책,0,검수완료
schemareading-schema,S(스키마 개념어),5813,조세부담률,6,사회,경제,5주차,정부의 경제정책,0,검수완료
schemareading-schema,S(스키마 개념어),5814,피셔효과,6,사회,경제,5주차,정부의 경제정책,0,검수완료
schemareading-schema,S(스키마 개념어),5815,GDP갭,6,사회,경제,5주차,정부의 경제정책,0,검수완료
schemareading-schema,S(스키마 개념어),5110,복지 정책,1,사회,정치,12주차,복지정책이 필요한 이유,0,검수전
schemareading-schema,S(스키마 개념어),5816,GDP 디플레이터,6,사회,경제,5주차,정부의 경제정책,0,검수완료
schemareading-schema,S(스키마 개념어),5817,세이의 법칙,6,사회,경제,5주차,정부의 경제정책,0,검수완료
schemareading-schema,S(스키마 개념어),5818,정보의 비대칭성,6,사회,경제,6주차,바람직한 소비선택,0,검수완료
schemareading-schema,S(스키마 개념어),5819,도덕적 해이,6,사회,경제,6주차,바람직한 소비선택,0,검수완료
schemareading-schema,S(스키마 개념어),5820,역선택,6,사회,경제,6주차,바람직한 소비선택,0,검수완료
schemareading-schema,S(스키마 개념어),5821,낙인효과,6,사회,경제,6주차,바람직한 소비선택,0,검수완료
schemareading-schema,S(스키마 개념어),5822,분수효과,6,사회,경제,6주차,바람직한 소비선택,0,검수완료
schemareading-schema,S(스키마 개념어),5823,네트워크효과,6,사회,경제,6주차,바람직한 소비선택,0,검수완료
schemareading-schema,S(스키마 개념어),5824,밴드웨건효과,6,사회,경제,6주차,바람직한 소비선택,0,검수완료
schemareading-schema,S(스키마 개념어),5825,스놉효과,6,사회,경제,6주차,바람직한 소비선택,0,검수완료
schemareading-schema,S(스키마 개념어),5111,보편적 복지,1,사회,정치,12주차,복지정책이 필요한 이유,0,검수전
schemareading-schema,S(스키마 개념어),5826,속물효과,6,사회,경제,6주차,바람직한 소비선택,0,검수완료
schemareading-schema,S(스키마 개념어),5827,베블런효과,6,사회,경제,6주차,바람직한 소비선택,0,검수완료
schemareading-schema,S(스키마 개념어),5828,로렌츠곡선,6,사회,경제,6주차,바람직한 소비선택,0,검수완료
schemareading-schema,S(스키마 개념어),5829,지니계수,6,사회,경제,6주차,바람직한 소비선택,0,검수완료
schemareading-schema,S(스키마 개념어),5830,이스털린의 역설,6,사회,경제,6주차,바람직한 소비선택,0,검수완료
schemareading-schema,S(스키마 개념어),5831,골디락스,6,사회,경제,6주차,바람직한 소비선택,0,검수완료
schemareading-schema,S(스키마 개념어),5832,체리피커,6,사회,경제,6주차,바람직한 소비선택,0,검수완료
schemareading-schema,S(스키마 개념어),5833,통화정책수단,6,사회,경제,7주차,통화정책,0,검수완료
schemareading-schema,S(스키마 개념어),5834,지급준비제도,6,사회,경제,7주차,통화정책,0,검수완료
schemareading-schema,S(스키마 개념어),5835,공개시장운영정책,6,사회,경제,7주차,통화정책,0,검수완료
schemareading-schema,S(스키마 개념어),5112,선별적 복지,1,사회,정치,12주차,복지정책이 필요한 이유,0,검수전
schemareading-schema,S(스키마 개념어),5836,대출정책,6,사회,경제,7주차,통화정책,0,검수완료
schemareading-schema,S(스키마 개념어),5837,통화지표,6,사회,경제,7주차,통화정책,0,검수완료
schemareading-schema,S(스키마 개념어),5838,본원통화,6,사회,경제,7주차,통화정책,0,검수완료
schemareading-schema,S(스키마 개념어),5839,파생통화,6,사회,경제,7주차,통화정책,0,검수완료
schemareading-schema,S(스키마 개념어),5840,통화승수,6,사회,경제,7주차,통화정책,0,검수완료
schemareading-schema,S(스키마 개념어),5841,신용창조,6,사회,경제,7주차,통화정책,0,검수완료
schemareading-schema,S(스키마 개념어),5842,승수효과,6,사회,경제,7주차,통화정책,0,검수완료
schemareading-schema,S(스키마 개념어),5843,유동성함정,6,사회,경제,7주차,통화정책,0,검수완료
schemareading-schema,S(스키마 개념어),5113,노인,1,사회,정치,12주차,복지정책이 필요한 이유,0,검수전
schemareading-schema,S(스키마 개념어),5844,환율의 경기자동조절기능,6,사회,경제,8주차,환율,0,검수완료
schemareading-schema,S(스키마 개념어),5845,고정환율제도,6,사회,경제,8주차,환율,0,검수완료
schemareading-schema,S(스키마 개념어),5846,변동환율제도,6,사회,경제,8주차,환율,0,검수완료
schemareading-schema,S(스키마 개념어),5847,기준금리,6,사회,경제,8주차,환율,0,검수완료
schemareading-schema,S(스키마 개념어),5848,기준환율,6,사회,경제,8주차,환율,0,검수완료
schemareading-schema,S(스키마 개념어),5849,기축통화,6,사회,경제,8주차,환율,0,검수완료
schemareading-schema,S(스키마 개념어),5850,디커플링,6,사회,경제,8주차,환율,0,검수완료
schemareading-schema,S(스키마 개념어),5851,명목금리,6,사회,경제,8주차,환율,0,검수완료
schemareading-schema,S(스키마 개념어),5852,실질금리,6,사회,경제,8주차,환율,0,검수완료
schemareading-schema,S(스키마 개념어),5853,평가절상,6,사회,경제,8주차,환율,0,검수완료
schemareading-schema,S(스키마 개념어),5114,장애인,1,사회,정치,12주차,복지정책이 필요한 이유,0,검수전
schemareading-schema,S(스키마 개념어),5854,평가절하,6,사회,경제,8주차,환율,0,검수완료
schemareading-schema,S(스키마 개념어),5855,환리스크,6,사회,경제,8주차,환율,0,검수완료
schemareading-schema,S(스키마 개념어),5856,환차손,6,사회,경제,8주차,환율,0,검수완료
schemareading-schema,S(스키마 개념어),5857,환차익,6,사회,경제,8주차,환율,0,검수완료
schemareading-schema,S(스키마 개념어),5858,J커브효과,6,사회,경제,8주차,환율,0,검수완료
schemareading-schema,S(스키마 개념어),5859,리디노미네이션,6,사회,경제,8주차,환율,0,검수완료
schemareading-schema,S(스키마 개념어),5860,토빈세,6,사회,경제,8주차,환율,0,검수완료
schemareading-schema,S(스키마 개념어),5861,블랙스완,6,사회,경제,8주차,환율,0,검수완료
schemareading-schema,S(스키마 개념어),5862,화이트스완,6,사회,경제,8주차,환율,0,검수완료
schemareading-schema,S(스키마 개념어),5863,자유의지,6,사회,정치,9주차,자유와 평등,0,검수완료
schemareading-schema,S(스키마 개념어),5115,사회적 약자,1,사회,정치,12주차,복지정책이 필요한 이유,0,검수전
schemareading-schema,S(스키마 개념어),5864,결정론,6,사회,정치,9주차,자유와 평등,0,검수완료
schemareading-schema,S(스키마 개념어),5865,소극적자유,6,사회,정치,9주차,자유와 평등,0,검수완료
schemareading-schema,S(스키마 개념어),5866,적극적자유,6,사회,정치,9주차,자유와 평등,0,검수완료
schemareading-schema,S(스키마 개념어),5867,자유의 역설,6,사회,정치,9주차,자유와 평등,0,검수완료
schemareading-schema,S(스키마 개념어),5868,도덕적 자율,6,사회,정치,9주차,자유와 평등,0,검수완료
schemareading-schema,S(스키마 개념어),5869,도덕적 갈등상황,6,사회,정치,9주차,자유와 평등,0,검수완료
schemareading-schema,S(스키마 개념어),5870,사실판단과 가치판단,6,사회,정치,9주차,자유와 평등,0,검수완료
schemareading-schema,S(스키마 개념어),5871,도덕적 상대주의,6,사회,정치,9주차,자유와 평등,0,검수완료
schemareading-schema,S(스키마 개념어),5872,도덕적 정당화,6,사회,정치,10주차,정의와 공정,0,검수완료
schemareading-schema,S(스키마 개념어),5873,동기론,6,사회,정치,10주차,정의와 공정,0,검수완료
schemareading-schema,S(스키마 개념어),5035,시·군·구,1,사회,지리,2주차,우리나라의 행정구역,0,검수전
schemareading-schema,S(스키마 개념어),5116,한복,1,사회,사회문화,13주차,옷차림은 어떻게 변해 왔는가?,0,검수전
schemareading-schema,S(스키마 개념어),5874,결과론,6,사회,정치,10주차,정의와 공정,0,검수완료
schemareading-schema,S(스키마 개념어),5875,형식적평등,6,사회,정치,10주차,정의와 공정,0,검수완료
schemareading-schema,S(스키마 개념어),5876,실질적평등,6,사회,정치,10주차,정의와 공정,0,검수완료
schemareading-schema,S(스키마 개념어),5877,합리적차별,6,사회,정치,10주차,정의와 공정,0,검수완료
schemareading-schema,S(스키마 개념어),5878,형식적정의,6,사회,정치,10주차,정의와 공정,0,검수완료
schemareading-schema,S(스키마 개념어),5879,실질적정의,6,사회,정치,10주차,정의와 공정,0,검수완료
schemareading-schema,S(스키마 개념어),5880,공리의 원리,6,사회,정치,10주차,정의와 공정,0,검수완료
schemareading-schema,S(스키마 개념어),5881,공권력,6,사회,정치,11주차,개인과 국가,0,검수완료
schemareading-schema,S(스키마 개념어),5882,국가주의,6,사회,정치,11주차,개인과 국가,0,검수완료
schemareading-schema,S(스키마 개념어),5117,백의민족,1,사회,사회문화,13주차,옷차림은 어떻게 변해 왔는가?,0,검수전
schemareading-schema,S(스키마 개념어),5883,무정부주의,6,사회,정치,11주차,개인과 국가,0,검수완료
schemareading-schema,S(스키마 개념어),5884,공화제,6,사회,정치,11주차,개인과 국가,0,검수완료
schemareading-schema,S(스키마 개념어),5885,입헌군주제,6,사회,정치,11주차,개인과 국가,0,검수완료
schemareading-schema,S(스키마 개념어),5886,이데올로기,6,사회,정치,11주차,개인과 국가,0,검수완료
schemareading-schema,S(스키마 개념어),5887,자연권,6,사회,정치,11주차,개인과 국가,0,검수완료
schemareading-schema,S(스키마 개념어),5888,홉스의 사회계약론,6,사회,정치,11주차,개인과 국가,0,검수완료
schemareading-schema,S(스키마 개념어),5889,로크의 사회계약론,6,사회,정치,11주차,개인과 국가,0,검수완료
schemareading-schema,S(스키마 개념어),5890,루소의 사회계약론,6,사회,정치,11주차,개인과 국가,0,검수완료
schemareading-schema,S(스키마 개념어),5891,국가 중립성,6,사회,정치,11주차,개인과 국가,0,검수완료
schemareading-schema,S(스키마 개념어),5892,공유의 비극,6,사회,정치,11주차,개인과 국가,0,검수완료
schemareading-schema,S(스키마 개념어),5118,비단,1,사회,사회문화,13주차,옷차림은 어떻게 변해 왔는가?,0,검수전
schemareading-schema,S(스키마 개념어),5893,구성적 공동체,6,사회,정치,11주차,개인과 국가,0,검수완료
schemareading-schema,S(스키마 개념어),5894,공동선,6,사회,정치,11주차,개인과 국가,0,검수완료
schemareading-schema,S(스키마 개념어),5895,도덕적 인간과 비도덕적 사회,6,사회,정치,11주차,개인과 국가,0,검수완료
schemareading-schema,S(스키마 개념어),5896,집단 이기주의,6,사회,정치,11주차,개인과 국가,0,검수완료
schemareading-schema,S(스키마 개념어),5897,개인주의,6,사회,정치,11주차,개인과 국가,0,검수완료
schemareading-schema,S(스키마 개념어),5898,이기주의,6,사회,정치,11주차,개인과 국가,0,검수완료
schemareading-schema,S(스키마 개념어),5899,님비,6,사회,정치,11주차,개인과 국가,0,검수완료
schemareading-schema,S(스키마 개념어),5900,핌비,6,사회,정치,11주차,개인과 국가,0,검수완료
schemareading-schema,S(스키마 개념어),5901,사회윤리,6,사회,정치,11주차,개인과 국가,0,검수완료
schemareading-schema,S(스키마 개념어),5902,연대의식,6,사회,정치,11주차,개인과 국가,0,검수완료
schemareading-schema,S(스키마 개념어),5119,짚신,1,사회,사회문화,13주차,옷차림은 어떻게 변해 왔는가?,0,검수전
schemareading-schema,S(스키마 개념어),5903,정치적의무,6,사회,정치,11주차,개인과 국가,0,검수완료
schemareading-schema,S(스키마 개념어),5904,민족정체성,6,사회,정치,11주차,개인과 국가,0,검수완료
schemareading-schema,S(스키마 개념어),5905,국가정체성,6,사회,정치,11주차,개인과 국가,0,검수완료
schemareading-schema,S(스키마 개념어),5906,세계주의,6,사회,정치,11주차,개인과 국가,0,검수완료
schemareading-schema,S(스키마 개념어),5907,민본주의,6,사회,정치,11주차,개인과 국가,0,검수완료
schemareading-schema,S(스키마 개념어),5908,보이지않는손,6,사회,정치,11주차,개인과 국가,0,검수완료
schemareading-schema,S(스키마 개념어),5909,가치전도현상,6,사회,정치,11주차,개인과 국가,0,검수완료
schemareading-schema,S(스키마 개념어),5910,인간소외현상,6,사회,정치,11주차,개인과 국가,0,검수완료
schemareading-schema,S(스키마 개념어),5911,사회주의,6,사회,정치,11주차,개인과 국가,0,검수완료
schemareading-schema,S(스키마 개념어),5912,민주사회주의,6,사회,정치,11주차,개인과 국가,0,검수완료
schemareading-schema,S(스키마 개념어),5120,고무신,1,사회,사회문화,13주차,옷차림은 어떻게 변해 왔는가?,0,검수전
schemareading-schema,S(스키마 개념어),5913,전체주의,6,사회,정치,11주차,개인과 국가,0,검수완료
schemareading-schema,S(스키마 개념어),5914,복지자본주의,6,사회,정치,11주차,개인과 국가,0,검수완료
schemareading-schema,S(스키마 개념어),5915,시장자유주의,6,사회,정치,11주차,개인과 국가,0,검수완료
schemareading-schema,S(스키마 개념어),5916,민족,6,사회,정치,12주차,민족주의,0,검수완료
schemareading-schema,S(스키마 개념어),5917,민족주의,6,사회,정치,12주차,민족주의,0,검수완료
schemareading-schema,S(스키마 개념어),5918,자민족중심주의,6,사회,정치,12주차,민족주의,0,검수완료
schemareading-schema,S(스키마 개념어),5919,열린민족주의,6,사회,정치,12주차,민족주의,0,검수완료
schemareading-schema,S(스키마 개념어),5920,닫힌민족주의,6,사회,정치,12주차,민족주의,0,검수완료
schemareading-schema,S(스키마 개념어),5921,민족문화,6,사회,정치,12주차,민족주의,0,검수완료
schemareading-schema,S(스키마 개념어),5922,정체성,6,사회,정치,12주차,민족주의,0,검수완료
schemareading-schema,S(스키마 개념어),5121,양복,1,사회,사회문화,13주차,옷차림은 어떻게 변해 왔는가?,0,검수전
schemareading-schema,S(스키마 개념어),5923,자아정체성,6,사회,정치,12주차,민족주의,0,검수완료
schemareading-schema,S(스키마 개념어),5924,정치의 의미,6,사회,정치,13주차,민주정치와 법치주의,0,검수완료
schemareading-schema,S(스키마 개념어),5925,라스웰의 권력개념,6,사회,정치,13주차,민주정치와 법치주의,0,검수완료
schemareading-schema,S(스키마 개념어),5926,다원주의,6,사회,정치,13주차,민주정치와 법치주의,0,검수완료
schemareading-schema,S(스키마 개념어),5927,민주정치의 이념,6,사회,정치,13주차,민주정치와 법치주의,0,검수완료
schemareading-schema,S(스키마 개념어),5928,민주정치의 기본원리,6,사회,정치,13주차,민주정치와 법치주의,0,검수완료
schemareading-schema,S(스키마 개념어),5929,민주주의,6,사회,정치,13주차,민주정치와 법치주의,0,검수완료
schemareading-schema,S(스키마 개념어),5930,절차적민주주의,6,사회,정치,13주차,민주정치와 법치주의,0,검수완료
schemareading-schema,S(스키마 개념어),5931,실질적민주주의,6,사회,정치,13주차,민주정치와 법치주의,0,검수완료
schemareading-schema,S(스키마 개념어),5932,자유민주주의,6,사회,정치,13주차,민주정치와 법치주의,0,검수완료
schemareading-schema,S(스키마 개념어),5122,의복문화,1,사회,사회문화,13주차,옷차림은 어떻게 변해 왔는가?,0,검수전
schemareading-schema,S(스키마 개념어),5933,국민주권론,6,사회,정치,13주차,민주정치와 법치주의,0,검수완료
schemareading-schema,S(스키마 개념어),5934,대의제,6,사회,정치,13주차,민주정치와 법치주의,0,검수완료
schemareading-schema,S(스키마 개념어),5935,다수결원칙,6,사회,정치,13주차,민주정치와 법치주의,0,검수완료
schemareading-schema,S(스키마 개념어),5936,중우정치,6,사회,정치,13주차,민주정치와 법치주의,0,검수완료
schemareading-schema,S(스키마 개념어),5937,국민투표,6,사회,정치,13주차,민주정치와 법치주의,0,검수완료
schemareading-schema,S(스키마 개념어),5938,심의민주주의,6,사회,정치,13주차,민주정치와 법치주의,0,검수완료
schemareading-schema,S(스키마 개념어),5939,전자민주주의,6,사회,정치,13주차,민주정치와 법치주의,0,검수완료
schemareading-schema,S(스키마 개념어),5940,권력분립의 원리,6,사회,정치,13주차,민주정치와 법치주의,0,검수완료
schemareading-schema,S(스키마 개념어),5123,종교,1,사회,사회문화,14주차,우리나라의 다양한 종교,0,검수전
schemareading-schema,S(스키마 개념어),5941,교섭단체,6,사회,정치,13주차,민주정치와 법치주의,0,검수완료
schemareading-schema,S(스키마 개념어),5942,헌법개정,6,사회,정치,13주차,민주정치와 법치주의,0,검수완료
schemareading-schema,S(스키마 개념어),5943,법률제정,6,사회,정치,13주차,민주정치와 법치주의,0,검수완료
schemareading-schema,S(스키마 개념어),5944,법률개정,6,사회,정치,13주차,민주정치와 법치주의,0,검수완료
schemareading-schema,S(스키마 개념어),5945,탄핵소추,6,사회,정치,13주차,민주정치와 법치주의,0,검수완료
schemareading-schema,S(스키마 개념어),5946,의원내각제,6,사회,정치,14주차,정부형태와 정치제도,0,검수완료
schemareading-schema,S(스키마 개념어),5947,대통령의 지위와 권한,6,사회,정치,14주차,정부형태와 정치제도,0,검수완료
schemareading-schema,S(스키마 개념어),5124,유교,1,사회,사회문화,14주차,우리나라의 다양한 종교,0,검수전
schemareading-schema,S(스키마 개념어),5948,법원,6,사회,정치,14주차,정부형태와 정치제도,0,검수완료
schemareading-schema,S(스키마 개념어),5949,민사재판,6,사회,정치,14주차,정부형태와 정치제도,0,검수완료
schemareading-schema,S(스키마 개념어),5950,형사재판,6,사회,정치,14주차,정부형태와 정치제도,0,검수완료
schemareading-schema,S(스키마 개념어),5951,행정재판,6,사회,정치,14주차,정부형태와 정치제도,0,검수완료
schemareading-schema,S(스키마 개념어),5952,선거재판,6,사회,정치,14주차,정부형태와 정치제도,0,검수완료
schemareading-schema,S(스키마 개념어),5953,군사재판,6,사회,정치,14주차,정부형태와 정치제도,0,검수완료
schemareading-schema,S(스키마 개념어),5954,정당정치,6,사회,정치,15주차,정당과 선거제도,0,검수완료
schemareading-schema,S(스키마 개념어),5955,복수정당제,6,사회,정치,15주차,정당과 선거제도,0,검수완료
schemareading-schema,S(스키마 개념어),5125,불교,1,사회,사회문화,14주차,우리나라의 다양한 종교,0,검수전
schemareading-schema,S(스키마 개념어),5956,공약,6,사회,정치,15주차,정당과 선거제도,0,검수완료
schemareading-schema,S(스키마 개념어),5957,다수대표제,6,사회,정치,15주차,정당과 선거제도,0,검수완료
schemareading-schema,S(스키마 개념어),5958,비례대표제,6,사회,정치,15주차,정당과 선거제도,0,검수완료
schemareading-schema,S(스키마 개념어),5959,선거구제,6,사회,정치,15주차,정당과 선거제도,0,검수완료
schemareading-schema,S(스키마 개념어),5960,사표,6,사회,정치,15주차,정당과 선거제도,0,검수완료
schemareading-schema,S(스키마 개념어),5961,공직선거법,6,사회,정치,15주차,정당과 선거제도,0,검수완료
schemareading-schema,S(스키마 개념어),5962,선거구법정주의,6,사회,정치,15주차,정당과 선거제도,0,검수완료
schemareading-schema,S(스키마 개념어),5963,정치참여,6,사회,정치,15주차,정당과 선거제도,0,검수완료
schemareading-schema,S(스키마 개념어),5964,정치적효용감,6,사회,정치,15주차,정당과 선거제도,0,검수완료
schemareading-tooldict,V(학습도구어),3711,간추리다,1,,,,,0,검수전
schemareading-tooldict,V(학습도구어),3792,돌리다,1,,,,,0,검수전
schemareading-tooldict,V(학습도구어),3793,듣다,1,,,,,0,검수전
schemareading-tooldict,V(학습도구어),3794,되돌아보다,1,,,,,0,검수전
schemareading-tooldict,V(학습도구어),3795,들려주다,1,,,,,0,검수전
schemareading-tooldict,V(학습도구어),3796,뒤집다,1,,,,,0,검수전
schemareading-tooldict,V(학습도구어),3797,등장,1,,,,,0,검수전
schemareading-tooldict,V(학습도구어),3798,따라,1,,,,,0,검수전
schemareading-tooldict,V(학습도구어),3799,떠오르다,1,,,,,0,검수전
schemareading-tooldict,V(학습도구어),3712,간격,1,,,,,0,검수전
schemareading-tooldict,V(학습도구어),3800,뜻,1,,,,,0,검수전
schemareading-tooldict,V(학습도구어),3801,마무리,1,,,,,0,검수전
schemareading-tooldict,V(학습도구어),3802,떠올리다,1,,,,,0,검수전
schemareading-tooldict,V(학습도구어),3803,만들다,1,,,,,0,검수전
schemareading-tooldict,V(학습도구어),3804,똑같이,1,,,,,0,검수전
schemareading-tooldict,V(학습도구어),3805,말,1,,,,,0,검수전
schemareading-tooldict,V(학습도구어),3806,맞다,1,,,,,0,검수전
schemareading-tooldict,V(학습도구어),3807,리터,1,,,,,0,검수전
schemareading-tooldict,V(학습도구어),3808,맞히다,1,,,,,0,검수전
schemareading-tooldict,V(학습도구어),3809,마음,1,,,,,0,검수전
schemareading-tooldict,V(학습도구어),3713,감동적,1,,,,,0,검수전
schemareading-tooldict,V(학습도구어),3810,모두,1,,,,,0,검수전
schemareading-tooldict,V(학습도구어),3811,모양,1,,,,,0,검수전
schemareading-tooldict,V(학습도구어),3812,말하다,1,,,,,0,검수전
schemareading-tooldict,V(학습도구어),3813,모으다,1,,,,,0,검수전
schemareading-tooldict,V(학습도구어),3814,모형,1,,,,,0,검수전
schemareading-tooldict,V(학습도구어),3815,묶다,1,,,,,0,검수전
schemareading-tooldict,V(학습도구어),3816,모습,1,,,,,0,검수전
schemareading-tooldict,V(학습도구어),3817,문장,1,,,,,0,검수전
schemareading-tooldict,V(학습도구어),3818,문제,1,,,,,0,검수전
schemareading-tooldict,V(학습도구어),3714,간단히,1,,,,,0,검수전
schemareading-tooldict,V(학습도구어),3819,물음,1,,,,,0,검수전
schemareading-tooldict,V(학습도구어),3820,바꾸다,1,,,,,0,검수전
schemareading-tooldict,V(학습도구어),3821,무게,1,,,,,0,검수전
schemareading-tooldict,V(학습도구어),3822,바르다,1,,,,,0,검수전
schemareading-tooldict,V(학습도구어),3824,바탕색,1,,,,,0,검수전
schemareading-tooldict,V(학습도구어),3823,무리,1,,,,,0,검수전
schemareading-tooldict,V(학습도구어),3825,짓다,1,,,,,0,검수전
schemareading-tooldict,V(학습도구어),3715,거르다,1,,,,,0,검수전
schemareading-tooldict,V(학습도구어),3826,반대,1,,,,,0,검수전
schemareading-tooldict,V(학습도구어),3827,반복,1,,,,,0,검수전
schemareading-tooldict,V(학습도구어),3828,반응,1,,,,,0,검수전
schemareading-tooldict,V(학습도구어),3829,문제점,1,,,,,0,검수전
schemareading-tooldict,V(학습도구어),3830,발견,1,,,,,0,검수전
schemareading-tooldict,V(학습도구어),3831,미래,1,,,,,0,검수전
schemareading-tooldict,V(학습도구어),3832,발표,1,,,,,0,검수전
schemareading-tooldict,V(학습도구어),3833,미리,1,,,,,0,검수전
schemareading-tooldict,V(학습도구어),3834,방법,1,,,,,0,검수전
schemareading-tooldict,V(학습도구어),3835,밀리리터,1,,,,,0,검수전
schemareading-tooldict,V(학습도구어),3716,감상,1,,,,,0,검수전
schemareading-tooldict,V(학습도구어),3836,방향,1,,,,,0,검수전
schemareading-tooldict,V(학습도구어),3837,배열,1,,,,,0,검수전
schemareading-tooldict,V(학습도구어),3838,바라다,1,,,,,0,검수전
schemareading-tooldict,V(학습도구어),3839,번호,1,,,,,0,검수전
schemareading-tooldict,V(학습도구어),3840,바람직하다,1,,,,,0,검수전
schemareading-tooldict,V(학습도구어),3841,변화,1,,,,,0,검수전
schemareading-tooldict,V(학습도구어),3842,보기,1,,,,,0,검수전
schemareading-tooldict,V(학습도구어),3843,바탕,1,,,,,0,검수전
schemareading-tooldict,V(학습도구어),3844,보다,1,,,,,0,검수전
schemareading-tooldict,V(학습도구어),3845,반영,1,,,,,0,검수전
schemareading-tooldict,V(학습도구어),3717,검산,1,,,,,0,검수전
schemareading-tooldict,V(학습도구어),3846,보충,1,,,,,0,검수전
schemareading-tooldict,V(학습도구어),3847,발달,1,,,,,0,검수전
schemareading-tooldict,V(학습도구어),3848,본뜨다,1,,,,,0,검수전
schemareading-tooldict,V(학습도구어),3849,발생,1,,,,,0,검수전
schemareading-tooldict,V(학습도구어),3850,부분,1,,,,,0,검수전
schemareading-tooldict,V(학습도구어),3851,분류,1,,,,,0,검수전
schemareading-tooldict,V(학습도구어),3852,분명,1,,,,,0,검수전
schemareading-tooldict,V(학습도구어),3853,붙이다,1,,,,,0,검수전
schemareading-tooldict,V(학습도구어),3854,붙임딱지,1,,,,,0,검수전
schemareading-tooldict,V(학습도구어),3855,번갈아,1,,,,,0,검수전
schemareading-tooldict,V(학습도구어),3718,같다,1,,,,,0,검수전
schemareading-tooldict,V(학습도구어),3856,비교,1,,,,,0,검수전
schemareading-tooldict,V(학습도구어),3857,범위,1,,,,,0,검수전
schemareading-tooldict,V(학습도구어),3858,빈,1,,,,,0,검수전
schemareading-tooldict,V(학습도구어),3859,곳,1,,,,,0,검수전
schemareading-tooldict,V(학습도구어),3860,변하다,1,,,,,0,검수전
schemareading-tooldict,V(학습도구어),3861,빈칸,1,,,,,0,검수전
schemareading-tooldict,V(학습도구어),3862,뽑다,1,,,,,0,검수전
schemareading-tooldict,V(학습도구어),3863,사물,1,,,,,0,검수전
schemareading-tooldict,V(학습도구어),3864,부족,1,,,,,0,검수전
schemareading-tooldict,V(학습도구어),3865,사실,1,,,,,0,검수전
schemareading-tooldict,V(학습도구어),3719,겪다,1,,,,,0,검수전
schemareading-tooldict,V(학습도구어),3866,사용,1,,,,,0,검수전
schemareading-tooldict,V(학습도구어),3867,분리,1,,,,,0,검수전
schemareading-tooldict,V(학습도구어),3868,사회,1,,,,,0,검수전
schemareading-tooldict,V(학습도구어),3869,분포,1,,,,,0,검수전
schemareading-tooldict,V(학습도구어),3870,살펴보다,1,,,,,0,검수전
schemareading-tooldict,V(학습도구어),3871,상대,1,,,,,0,검수전
schemareading-tooldict,V(학습도구어),3872,상상,1,,,,,0,검수전
schemareading-tooldict,V(학습도구어),3873,비슷하다,1,,,,,0,검수전
schemareading-tooldict,V(학습도구어),3874,상황,1,,,,,0,검수전
schemareading-tooldict,V(학습도구어),3875,비추다,1,,,,,0,검수전
schemareading-tooldict,V(학습도구어),3720,견학,1,,,,,0,검수전
schemareading-tooldict,V(학습도구어),3876,색칠,1,,,,,0,검수전
schemareading-tooldict,V(학습도구어),3877,빗대어,1,,,,,0,검수전
schemareading-tooldict,V(학습도구어),3878,생각,1,,,,,0,검수전
schemareading-tooldict,V(학습도구어),3879,빠르다,1,,,,,0,검수전
schemareading-tooldict,V(학습도구어),3880,생각그물,1,,,,,0,검수전
schemareading-tooldict,V(학습도구어),3881,사례,1,,,,,0,검수전
schemareading-tooldict,V(학습도구어),3882,선택,1,,,,,0,검수전
schemareading-tooldict,V(학습도구어),3883,설명,1,,,,,0,검수전
schemareading-tooldict,V(학습도구어),3884,살다,1,,,,,0,검수전
schemareading-tooldict,V(학습도구어),3885,세다,1,,,,,0,검수전
schemareading-tooldict,V(학습도구어),3721,결과,1,,,,,0,검수전
schemareading-tooldict,V(학습도구어),3886,살아가다,1,,,,,0,검수전
schemareading-tooldict,V(학습도구어),3887,소개,1,,,,,0,검수전
schemareading-tooldict,V(학습도구어),3888,소리내어,1,,,,,0,검수완료
schemareading-tooldict,V(학습도구어),3889,읽다,1,,,,,0,검수전
schemareading-tooldict,V(학습도구어),3890,수업,1,,,,,0,검수전
schemareading-tooldict,V(학습도구어),3891,새로,1,,,,,0,검수전
schemareading-tooldict,V(학습도구어),3892,수행평가,1,,,,,0,검수전
schemareading-tooldict,V(학습도구어),3893,순서,1,,,,,0,검수전
schemareading-tooldict,V(학습도구어),3894,스스로,1,,,,,0,검수전
schemareading-tooldict,V(학습도구어),3895,시각,1,,,,,0,검수전
schemareading-tooldict,V(학습도구어),3722,경험,1,,,,,0,검수전
schemareading-tooldict,V(학습도구어),3896,생김새,1,,,,,0,검수전
schemareading-tooldict,V(학습도구어),3897,실감나다,1,,,,,0,검수전
schemareading-tooldict,V(학습도구어),3898,생활,1,,,,,0,검수전
schemareading-tooldict,V(학습도구어),3899,실천,1,,,,,0,검수전
schemareading-tooldict,V(학습도구어),3900,섞다,1,,,,,0,검수전
schemareading-tooldict,V(학습도구어),3901,실험,1,,,,,0,검수전
schemareading-tooldict,V(학습도구어),3902,쌓다,1,,,,,0,검수전
schemareading-tooldict,V(학습도구어),3903,설득,1,,,,,0,검수전
schemareading-tooldict,V(학습도구어),3904,써넣다,1,,,,,0,검수전
schemareading-tooldict,V(학습도구어),3723,경우,1,,,,,0,검수전
schemareading-tooldict,V(학습도구어),3905,성질,1,,,,,0,검수전
schemareading-tooldict,V(학습도구어),3906,쓰임,1,,,,,0,검수전
schemareading-tooldict,V(학습도구어),3907,앉다,1,,,,,0,검수전
schemareading-tooldict,V(학습도구어),3908,알다,1,,,,,0,검수전
schemareading-tooldict,V(학습도구어),3909,알려,1,,,,,0,검수전
schemareading-tooldict,V(학습도구어),3910,주다,1,,,,,0,검수전
schemareading-tooldict,V(학습도구어),3911,알맞다,1,,,,,0,검수전
schemareading-tooldict,V(학습도구어),3912,수단,1,,,,,0,검수전
schemareading-tooldict,V(학습도구어),3913,알아보다,1,,,,,0,검수전
schemareading-tooldict,V(학습도구어),3724,계산,1,,,,,0,검수전
schemareading-tooldict,V(학습도구어),3914,어림,1,,,,,0,검수전
schemareading-tooldict,V(학습도구어),3915,쉬다,1,,,,,0,검수전
schemareading-tooldict,V(학습도구어),3916,어울리다,1,,,,,0,검수전
schemareading-tooldict,V(학습도구어),3917,연결,1,,,,,0,검수전
schemareading-tooldict,V(학습도구어),3918,예상,1,,,,,0,검수전
schemareading-tooldict,V(학습도구어),3919,완성,1,,,,,0,검수전
schemareading-tooldict,V(학습도구어),3920,실현,1,,,,,0,검수전
schemareading-tooldict,V(학습도구어),3921,위치,1,,,,,0,검수전
schemareading-tooldict,V(학습도구어),3922,심다,1,,,,,0,검수전
schemareading-tooldict,V(학습도구어),3923,유지,1,,,,,0,검수전
schemareading-tooldict,V(학습도구어),3725,계획,1,,,,,0,검수전
schemareading-tooldict,V(학습도구어),3924,의미,1,,,,,0,검수전
schemareading-tooldict,V(학습도구어),3925,이기다,1,,,,,0,검수전
schemareading-tooldict,V(학습도구어),3926,쓰임새,1,,,,,0,검수전
schemareading-tooldict,V(학습도구어),3927,이동,1,,,,,0,검수전
schemareading-tooldict,V(학습도구어),3928,이야기,1,,,,,0,검수전
schemareading-tooldict,V(학습도구어),3929,이용,1,,,,,0,검수전
schemareading-tooldict,V(학습도구어),3930,이해,1,,,,,0,검수전
schemareading-tooldict,V(학습도구어),3931,어떠하다,1,,,,,0,검수전
schemareading-tooldict,V(학습도구어),3932,익히다,1,,,,,0,검수전
schemareading-tooldict,V(학습도구어),3933,익힘책,1,,,,,0,검수전
schemareading-tooldict,V(학습도구어),3726,계획을,1,,,,,0,검수완료
schemareading-tooldict,V(학습도구어),3934,인상,1,,,,,0,검수전
schemareading-tooldict,V(학습도구어),3935,깊다,1,,,,,0,검수전
schemareading-tooldict,V(학습도구어),3936,여러,1,,,,,0,검수전
schemareading-tooldict,V(학습도구어),3937,가지,1,,,,,0,검수전
schemareading-tooldict,V(학습도구어),3938,인원,1,,,,,0,검수전
schemareading-tooldict,V(학습도구어),3939,역할,1,,,,,0,검수전
schemareading-tooldict,V(학습도구어),3940,일정,1,,,,,0,검수전
schemareading-tooldict,V(학습도구어),3941,연습,1,,,,,0,검수전
schemareading-tooldict,V(학습도구어),3942,잇다01,1,,,,,0,검수전
schemareading-tooldict,V(학습도구어),3727,세우다,1,,,,,0,검수전
schemareading-tooldict,V(학습도구어),3943,영향,1,,,,,0,검수전
schemareading-tooldict,V(학습도구어),3944,자세히,1,,,,,0,검수전
schemareading-tooldict,V(학습도구어),3945,영향을,1,,,,,0,검수완료
schemareading-tooldict,V(학습도구어),3946,미치다,1,,,,,0,검수전
schemareading-tooldict,V(학습도구어),3947,자신,1,,,,,0,검수전
schemareading-tooldict,V(학습도구어),3948,자유롭다,1,,,,,0,검수전
schemareading-tooldict,V(학습도구어),3949,예시,1,,,,,0,검수전
schemareading-tooldict,V(학습도구어),3950,작품,1,,,,,0,검수전
schemareading-tooldict,V(학습도구어),3951,올바르다,1,,,,,0,검수전
schemareading-tooldict,V(학습도구어),3728,고르다,1,,,,,0,검수전
schemareading-tooldict,V(학습도구어),3952,잡다,1,,,,,0,검수전
schemareading-tooldict,V(학습도구어),3953,옮겨쓰다,1,,,,,0,검수완료
schemareading-tooldict,V(학습도구어),3954,장면,1,,,,,0,검수전
schemareading-tooldict,V(학습도구어),3955,옮기다,1,,,,,0,검수전
schemareading-tooldict,V(학습도구어),3956,재다,1,,,,,0,검수전
schemareading-tooldict,V(학습도구어),3957,옳다,1,,,,,0,검수전
schemareading-tooldict,V(학습도구어),3958,재료,1,,,,,0,검수전
schemareading-tooldict,V(학습도구어),3959,적다,1,,,,,0,검수전
schemareading-tooldict,V(학습도구어),3960,움직이다,1,,,,,0,검수전
schemareading-tooldict,V(학습도구어),3961,적당하다,1,,,,,0,검수전
schemareading-tooldict,V(학습도구어),3729,고려,1,,,,,0,검수전
schemareading-tooldict,V(학습도구어),3962,원리,1,,,,,0,검수전
schemareading-tooldict,V(학습도구어),3963,전달,1,,,,,0,검수전
schemareading-tooldict,V(학습도구어),3964,원칙,1,,,,,0,검수전
schemareading-tooldict,V(학습도구어),3965,전자,1,,,,,0,검수전
schemareading-tooldict,V(학습도구어),3966,전체,1,,,,,0,검수전
schemareading-tooldict,V(학습도구어),3967,유리,1,,,,,0,검수전
schemareading-tooldict,V(학습도구어),3968,전하다,1,,,,,0,검수전
schemareading-tooldict,V(학습도구어),3969,응용,1,,,,,0,검수전
schemareading-tooldict,V(학습도구어),3970,정답,1,,,,,0,검수전
schemareading-tooldict,V(학습도구어),3971,의견을,1,,,,,0,검수전
schemareading-tooldict,V(학습도구어),3730,고정,1,,,,,0,검수전
schemareading-tooldict,V(학습도구어),3972,정리,1,,,,,0,검수전
schemareading-tooldict,V(학습도구어),3973,의논,1,,,,,0,검수전
schemareading-tooldict,V(학습도구어),3974,정보,1,,,,,0,검수전
schemareading-tooldict,V(학습도구어),3975,의도,1,,,,,0,검수전
schemareading-tooldict,V(학습도구어),3976,정하다,1,,,,,0,검수전
schemareading-tooldict,V(학습도구어),3977,정확,1,,,,,0,검수전
schemareading-tooldict,V(학습도구어),3978,제목,1,,,,,0,검수전
schemareading-tooldict,V(학습도구어),3979,이루다,1,,,,,0,검수전
schemareading-tooldict,V(학습도구어),3980,제시,1,,,,,0,검수전
schemareading-tooldict,V(학습도구어),3981,조사,1,,,,,0,검수전
schemareading-tooldict,V(학습도구어),3982,조절,1,,,,,0,검수전
schemareading-tooldict,V(학습도구어),3983,이유,1,,,,,0,검수전
schemareading-tooldict,V(학습도구어),3984,조정,1,,,,,0,검수전
schemareading-tooldict,V(학습도구어),3985,종류,1,,,,,0,검수전
schemareading-tooldict,V(학습도구어),3986,인쇄,1,,,,,0,검수전
schemareading-tooldict,V(학습도구어),3987,좋은,1,,,,,0,검수전
schemareading-tooldict,V(학습도구어),3988,점,1,,,,,0,검수전
schemareading-tooldict,V(학습도구어),3731,고치다,1,,,,,0,검수전
schemareading-tooldict,V(학습도구어),3989,주변,1,,,,,0,검수전
schemareading-tooldict,V(학습도구어),3990,주위,1,,,,,0,검수전
schemareading-tooldict,V(학습도구어),3991,주의,1,,,,,0,검수전
schemareading-tooldict,V(학습도구어),3992,자료,1,,,,,0,검수전
schemareading-tooldict,V(학습도구어),3993,주장,1,,,,,0,검수전
schemareading-tooldict,V(학습도구어),3994,자르다,1,,,,,0,검수전
schemareading-tooldict,V(학습도구어),3995,준비물,1,,,,,0,검수전
schemareading-tooldict,V(학습도구어),3996,자세하다,1,,,,,0,검수전
schemareading-tooldict,V(학습도구어),3732,고쳐,1,,,,,0,검수완료
schemareading-tooldict,V(학습도구어),3997,준비,1,,,,,0,검수전
schemareading-tooldict,V(학습도구어),3998,작성,1,,,,,0,검수전
schemareading-tooldict,V(학습도구어),3999,중심,1,,,,,0,검수전
schemareading-tooldict,V(학습도구어),4000,장단점,1,,,,,0,검수전
schemareading-tooldict,V(학습도구어),4001,중요,1,,,,,0,검수전
schemareading-tooldict,V(학습도구어),4002,즐겁다,1,,,,,0,검수전
schemareading-tooldict,V(학습도구어),4003,지시,1,,,,,0,검수전
schemareading-tooldict,V(학습도구어),4004,지우다,1,,,,,0,검수전
schemareading-tooldict,V(학습도구어),3733,쓰다,1,,,,,0,검수전
schemareading-tooldict,V(학습도구어),4005,재미있다,1,,,,,0,검수전
schemareading-tooldict,V(학습도구어),4006,직접,1,,,,,0,검수전
schemareading-tooldict,V(학습도구어),4007,저울,1,,,,,0,검수전
schemareading-tooldict,V(학습도구어),4008,짐작,1,,,,,0,검수전
schemareading-tooldict,V(학습도구어),4009,집중,1,,,,,0,검수전
schemareading-tooldict,V(학습도구어),4010,적응,1,,,,,0,검수전
schemareading-tooldict,V(학습도구어),4011,적절하다,1,,,,,0,검수전
schemareading-tooldict,V(학습도구어),4012,짜임,1,,,,,0,검수전
schemareading-tooldict,V(학습도구어),3734,공부,1,,,,,0,검수전
schemareading-tooldict,V(학습도구어),4013,차례,1,,,,,0,검수전
schemareading-tooldict,V(학습도구어),4014,전략,1,,,,,0,검수전
schemareading-tooldict,V(학습도구어),4015,차이,1,,,,,0,검수전
schemareading-tooldict,V(학습도구어),4016,전시,1,,,,,0,검수전
schemareading-tooldict,V(학습도구어),4017,참여,1,,,,,0,검수전
schemareading-tooldict,V(학습도구어),4018,창의,1,,,,,0,검수전
schemareading-tooldict,V(학습도구어),4019,찾다,1,,,,,0,검수전
schemareading-tooldict,V(학습도구어),4020,점검,1,,,,,0,검수전
schemareading-tooldict,V(학습도구어),3735,공통점,1,,,,,0,검수전
schemareading-tooldict,V(학습도구어),4021,처리,1,,,,,0,검수전
schemareading-tooldict,V(학습도구어),4022,체험,1,,,,,0,검수전
schemareading-tooldict,V(학습도구어),4023,추측,1,,,,,0,검수전
schemareading-tooldict,V(학습도구어),4024,출발,1,,,,,0,검수전
schemareading-tooldict,V(학습도구어),4025,칠,1,,,,,0,검수전
schemareading-tooldict,V(학습도구어),4026,제안,1,,,,,0,검수전
schemareading-tooldict,V(학습도구어),3736,공통적,1,,,,,0,검수전
schemareading-tooldict,V(학습도구어),4027,칭찬,1,,,,,0,검수전
schemareading-tooldict,V(학습도구어),4028,조건,1,,,,,0,검수전
schemareading-tooldict,V(학습도구어),4029,탐구,1,,,,,0,검수전
schemareading-tooldict,V(학습도구어),4030,태도,1,,,,,0,검수전
schemareading-tooldict,V(학습도구어),4031,특징,1,,,,,0,검수전
schemareading-tooldict,V(학습도구어),4032,편리,1,,,,,0,검수전
schemareading-tooldict,V(학습도구어),4033,평가,1,,,,,0,검수전
schemareading-tooldict,V(학습도구어),4034,주고받다,1,,,,,0,검수전
schemareading-tooldict,V(학습도구어),4035,표시,1,,,,,0,검수전
schemareading-tooldict,V(학습도구어),4036,표현,1,,,,,0,검수전
schemareading-tooldict,V(학습도구어),3737,공평,1,,,,,0,검수전
schemareading-tooldict,V(학습도구어),4037,주제,1,,,,,0,검수전
schemareading-tooldict,V(학습도구어),4038,풀다,1,,,,,0,검수전
schemareading-tooldict,V(학습도구어),4039,필요,1,,,,,0,검수전
schemareading-tooldict,V(학습도구어),4040,중요성,1,,,,,0,검수전
schemareading-tooldict,V(학습도구어),4041,학습,1,,,,,0,검수전
schemareading-tooldict,V(학습도구어),4042,학습목표,1,,,,,0,검수전
schemareading-tooldict,V(학습도구어),4043,해결,1,,,,,0,검수전
schemareading-tooldict,V(학습도구어),4044,진행,1,,,,,0,검수전
schemareading-tooldict,V(학습도구어),4045,해당,1,,,,,0,검수전
schemareading-tooldict,V(학습도구어),3738,과정,1,,,,,0,검수전
schemareading-tooldict,V(학습도구어),4046,확인,1,,,,,0,검수전
schemareading-tooldict,V(학습도구어),4047,환경,1,,,,,0,검수전
schemareading-tooldict,V(학습도구어),4048,차별,1,,,,,0,검수전
schemareading-tooldict,V(학습도구어),4049,활동,1,,,,,0,검수전
schemareading-tooldict,V(학습도구어),4050,활용,1,,,,,0,검수전
schemareading-tooldict,V(학습도구어),4051,차이점,1,,,,,0,검수전
schemareading-tooldict,V(학습도구어),4052,횟수,1,,,,,0,검수전
schemareading-tooldict,V(학습도구어),3739,관계,1,,,,,0,검수전
schemareading-tooldict,V(학습도구어),4053,차지,1,,,,,0,검수전
schemareading-tooldict,V(학습도구어),4054,추리,1,,,,,0,검수전
schemareading-tooldict,V(학습도구어),4055,측정,1,,,,,0,검수전
schemareading-tooldict,V(학습도구어),4056,토론,1,,,,,0,검수전
schemareading-tooldict,V(학습도구어),4057,토의,1,,,,,0,검수전
schemareading-tooldict,V(학습도구어),4058,통과,1,,,,,0,검수전
schemareading-tooldict,V(학습도구어),4059,특성,1,,,,,0,검수전
schemareading-tooldict,V(학습도구어),4060,특이,1,,,,,0,검수전
schemareading-tooldict,V(학습도구어),4061,파악,1,,,,,0,검수전
schemareading-tooldict,V(학습도구어),4062,판단,1,,,,,0,검수전
schemareading-tooldict,V(학습도구어),3740,관련짓다,1,,,,,0,검수전
schemareading-tooldict,V(학습도구어),4063,풀이과정,1,,,,,0,검수완료
schemareading-tooldict,V(학습도구어),4064,필요성,1,,,,,0,검수전
schemareading-tooldict,V(학습도구어),4065,함께,1,,,,,0,검수전
schemareading-tooldict,V(학습도구어),4066,현명,1,,,,,0,검수전
schemareading-tooldict,V(학습도구어),4067,형식,1,,,,,0,검수전
schemareading-tooldict,V(학습도구어),4068,효과적,1,,,,,0,검수전
schemareading-tooldict,V(학습도구어),4069,흉내,1,,,,,0,검수전
schemareading-tooldict,V(학습도구어),3741,관련,1,,,,,0,검수전
schemareading-tooldict,V(학습도구어),4070,내다,1,,,,,0,검수전
schemareading-tooldict,V(학습도구어),4071,흐름,1,,,,,0,검수전
schemareading-tooldict,V(학습도구어),3742,있다,1,,,,,0,검수전
schemareading-tooldict,V(학습도구어),3743,관리,1,,,,,0,검수전
schemareading-tooldict,V(학습도구어),3744,구별,1,,,,,0,검수전
schemareading-tooldict,V(학습도구어),3745,관찰,1,,,,,0,검수전
schemareading-tooldict,V(학습도구어),3746,구하다,1,,,,,0,검수전
schemareading-tooldict,V(학습도구어),3747,교류,1,,,,,0,검수전
schemareading-tooldict,V(학습도구어),3748,굴리다,1,,,,,0,검수전
schemareading-tooldict,V(학습도구어),3706,가르다,1,,,,,0,검수전
schemareading-tooldict,V(학습도구어),3749,규칙,1,,,,,0,검수전
schemareading-tooldict,V(학습도구어),3750,구분,1,,,,,0,검수전
schemareading-tooldict,V(학습도구어),3751,그리다,1,,,,,0,검수전
schemareading-tooldict,V(학습도구어),3752,그림,1,,,,,0,검수전
schemareading-tooldict,V(학습도구어),3753,기간,1,,,,,0,검수전
schemareading-tooldict,V(학습도구어),3754,기능,1,,,,,0,검수전
schemareading-tooldict,V(학습도구어),3755,극복,1,,,,,0,검수전
schemareading-tooldict,V(학습도구어),3756,기분,1,,,,,0,검수전
schemareading-tooldict,V(학습도구어),3757,글,1,,,,,0,검수전
schemareading-tooldict,V(학습도구어),3707,각각,1,,,,,0,검수전
schemareading-tooldict,V(학습도구어),3758,기준,1,,,,,0,검수전
schemareading-tooldict,V(학습도구어),3760,까닭,1,,,,,0,검수전
schemareading-tooldict,V(학습도구어),3759,긋다,1,,,,,0,검수전
schemareading-tooldict,V(학습도구어),3761,꾸미다,1,,,,,0,검수전
schemareading-tooldict,V(학습도구어),3762,기록,1,,,,,0,검수전
schemareading-tooldict,V(학습도구어),3763,나타내다,1,,,,,0,검수전
schemareading-tooldict,V(학습도구어),3764,남다,1,,,,,0,검수전
schemareading-tooldict,V(학습도구어),3708,가장,1,,,,,0,검수전
schemareading-tooldict,V(학습도구어),3765,낭송,1,,,,,0,검수전
schemareading-tooldict,V(학습도구어),3766,낱말,1,,,,,0,검수전
schemareading-tooldict,V(학습도구어),3767,나누다,1,,,,,0,검수전
schemareading-tooldict,V(학습도구어),3768,내용,1,,,,,0,검수전
schemareading-tooldict,V(학습도구어),3769,나뉘다,1,,,,,0,검수전
schemareading-tooldict,V(학습도구어),3770,넣다,1,,,,,0,검수전
schemareading-tooldict,V(학습도구어),3771,놀이,1,,,,,0,검수전
schemareading-tooldict,V(학습도구어),3772,놓다,1,,,,,0,검수전
schemareading-tooldict,V(학습도구어),3773,느낌,1,,,,,0,검수전
schemareading-tooldict,V(학습도구어),3709,간단,1,,,,,0,검수전
schemareading-tooldict,V(학습도구어),3774,늘어놓다,1,,,,,0,검수전
schemareading-tooldict,V(학습도구어),3775,다르다,1,,,,,0,검수전
schemareading-tooldict,V(학습도구어),3776,노력,1,,,,,0,검수전
schemareading-tooldict,V(학습도구어),3777,다시,1,,,,,0,검수전
schemareading-tooldict,V(학습도구어),3778,높낮이,1,,,,,0,검수전
schemareading-tooldict,V(학습도구어),3779,다양하다,1,,,,,0,검수전
schemareading-tooldict,V(학습도구어),3780,느끼다,1,,,,,0,검수전
schemareading-tooldict,V(학습도구어),3781,다짐,1,,,,,0,검수전
schemareading-tooldict,V(학습도구어),3782,단순,1,,,,,0,검수전
schemareading-tooldict,V(학습도구어),3710,가져오다,1,,,,,0,검수전
schemareading-tooldict,V(학습도구어),3783,단원,1,,,,,0,검수전
schemareading-tooldict,V(학습도구어),3784,답,1,,,,,0,검수전
schemareading-tooldict,V(학습도구어),3785,대상,1,,,,,0,검수전
schemareading-tooldict,V(학습도구어),3786,달라지다,1,,,,,0,검수전
schemareading-tooldict,V(학습도구어),3787,덜다,1,,,,,0,검수전
schemareading-tooldict,V(학습도구어),3788,대화,1,,,,,0,검수전
schemareading-tooldict,V(학습도구어),3789,도구,1,,,,,0,검수전
schemareading-tooldict,V(학습도구어),3790,덮다,1,,,,,0,검수전
schemareading-tooldict,V(학습도구어),3791,드러나다,1,,,,,0,검수전
schemareading-tooldict,V(학습도구어),4077,가치,2,,,,,0,검수전
schemareading-tooldict,V(학습도구어),4167,내외,2,,,,,0,검수전
schemareading-tooldict,V(학습도구어),4168,내지,2,,,,,0,검수전
schemareading-tooldict,V(학습도구어),4169,노출,2,,,,,0,검수전
schemareading-tooldict,V(학습도구어),4170,논란,2,,,,,0,검수전
schemareading-tooldict,V(학습도구어),4171,논리,2,,,,,0,검수전
schemareading-tooldict,V(학습도구어),4172,논의,2,,,,,0,검수전
schemareading-tooldict,V(학습도구어),4173,논쟁,2,,,,,0,검수전
schemareading-tooldict,V(학습도구어),4174,누적,2,,,,,0,검수전
schemareading-tooldict,V(학습도구어),4175,다수,2,,,,,0,검수전
schemareading-tooldict,V(학습도구어),4176,다음,2,,,,,0,검수전
schemareading-tooldict,V(학습도구어),4078,각기,2,,,,,0,검수전
schemareading-tooldict,V(학습도구어),4177,단면,2,,,,,0,검수전
schemareading-tooldict,V(학습도구어),4178,단서,2,,,,,0,검수전
schemareading-tooldict,V(학습도구어),4179,단일,2,,,,,0,검수전
schemareading-tooldict,V(학습도구어),4180,단점,2,,,,,0,검수전
schemareading-tooldict,V(학습도구어),4181,단정,2,,,,,0,검수전
schemareading-tooldict,V(학습도구어),4182,달성,2,,,,,0,검수전
schemareading-tooldict,V(학습도구어),4183,담겨,2,,,,,0,검수전
schemareading-tooldict,V(학습도구어),4184,담당,2,,,,,0,검수전
schemareading-tooldict,V(학습도구어),4185,대개,2,,,,,0,검수전
schemareading-tooldict,V(학습도구어),4079,각종,2,,,,,0,검수전
schemareading-tooldict,V(학습도구어),4186,대규모,2,,,,,0,검수전
schemareading-tooldict,V(학습도구어),4187,대답,2,,,,,0,검수전
schemareading-tooldict,V(학습도구어),4188,대략,2,,,,,0,검수전
schemareading-tooldict,V(학습도구어),4189,대립,2,,,,,0,검수전
schemareading-tooldict,V(학습도구어),4190,대부분,2,,,,,0,검수전
schemareading-tooldict,V(학습도구어),4191,대비,2,,,,,0,검수전
schemareading-tooldict,V(학습도구어),4192,대안,2,,,,,0,검수전
schemareading-tooldict,V(학습도구어),4193,대책,2,,,,,0,검수전
schemareading-tooldict,V(학습도구어),4194,대처,2,,,,,0,검수전
schemareading-tooldict,V(학습도구어),4195,대체,2,,,,,0,검수전
schemareading-tooldict,V(학습도구어),4080,간결성,2,,,,,0,검수전
schemareading-tooldict,V(학습도구어),4196,대체로,2,,,,,0,검수전
schemareading-tooldict,V(학습도구어),4197,대폭,2,,,,,0,검수전
schemareading-tooldict,V(학습도구어),4198,대표,2,,,,,0,검수전
schemareading-tooldict,V(학습도구어),4199,대하다,2,,,,,0,검수전
schemareading-tooldict,V(학습도구어),4200,도달,2,,,,,0,검수전
schemareading-tooldict,V(학습도구어),4201,도모,2,,,,,0,검수전
schemareading-tooldict,V(학습도구어),4202,독자,2,,,,,0,검수전
schemareading-tooldict,V(학습도구어),4203,독특,2,,,,,0,검수전
schemareading-tooldict,V(학습도구어),4204,동기,2,,,,,0,검수전
schemareading-tooldict,V(학습도구어),4205,동등,2,,,,,0,검수전
schemareading-tooldict,V(학습도구어),4081,간략하다,2,,,,,0,검수전
schemareading-tooldict,V(학습도구어),4206,동원,2,,,,,0,검수전
schemareading-tooldict,V(학습도구어),4207,동의,2,,,,,0,검수전
schemareading-tooldict,V(학습도구어),4208,동일,2,,,,,0,검수전
schemareading-tooldict,V(학습도구어),4209,뚜렷이,2,,,,,0,검수전
schemareading-tooldict,V(학습도구어),4210,마련,2,,,,,0,검수전
schemareading-tooldict,V(학습도구어),4211,마주,2,,,,,0,검수전
schemareading-tooldict,V(학습도구어),4212,만나다,2,,,,,0,검수전
schemareading-tooldict,V(학습도구어),4213,매기다,2,,,,,0,검수전
schemareading-tooldict,V(학습도구어),4214,매체,2,,,,,0,검수전
schemareading-tooldict,V(학습도구어),4082,간섭,2,,,,,0,검수전
schemareading-tooldict,V(학습도구어),4215,면모,2,,,,,0,검수전
schemareading-tooldict,V(학습도구어),4216,명명,2,,,,,0,검수전
schemareading-tooldict,V(학습도구어),4217,명시,2,,,,,0,검수전
schemareading-tooldict,V(학습도구어),4218,모델,2,,,,,0,검수전
schemareading-tooldict,V(학습도구어),4219,모르다,2,,,,,0,검수전
schemareading-tooldict,V(학습도구어),4220,모범,2,,,,,0,검수전
schemareading-tooldict,V(학습도구어),4221,모순,2,,,,,0,검수전
schemareading-tooldict,V(학습도구어),4222,모호,2,,,,,0,검수전
schemareading-tooldict,V(학습도구어),4223,목록,2,,,,,0,검수전
schemareading-tooldict,V(학습도구어),4224,무시,2,,,,,0,검수전
schemareading-tooldict,V(학습도구어),4083,간접,2,,,,,0,검수전
schemareading-tooldict,V(학습도구어),4225,무질서,2,,,,,0,검수전
schemareading-tooldict,V(학습도구어),4226,무한,2,,,,,0,검수전
schemareading-tooldict,V(학습도구어),4227,무형,2,,,,,0,검수전
schemareading-tooldict,V(학습도구어),4228,문항,2,,,,,0,검수전
schemareading-tooldict,V(학습도구어),4229,문헌,2,,,,,0,검수전
schemareading-tooldict,V(학습도구어),4230,문화,2,,,,,0,검수전
schemareading-tooldict,V(학습도구어),4231,물질,2,,,,,0,검수전
schemareading-tooldict,V(학습도구어),4232,미만,2,,,,,0,검수전
schemareading-tooldict,V(학습도구어),4233,미흡,2,,,,,0,검수전
schemareading-tooldict,V(학습도구어),4234,밀접,2,,,,,0,검수전
schemareading-tooldict,V(학습도구어),4084,간주,2,,,,,0,검수전
schemareading-tooldict,V(학습도구어),4235,반론,2,,,,,0,검수전
schemareading-tooldict,V(학습도구어),4236,반면,2,,,,,0,검수전
schemareading-tooldict,V(학습도구어),4237,반박,2,,,,,0,검수전
schemareading-tooldict,V(학습도구어),4238,반발,2,,,,,0,검수전
schemareading-tooldict,V(학습도구어),4239,반성,2,,,,,0,검수전
schemareading-tooldict,V(학습도구어),4240,반증,2,,,,,0,검수전
schemareading-tooldict,V(학습도구어),4241,발단,2,,,,,0,검수전
schemareading-tooldict,V(학습도구어),4242,발휘,2,,,,,0,검수전
schemareading-tooldict,V(학습도구어),4243,방식,2,,,,,0,검수전
schemareading-tooldict,V(학습도구어),4244,방안,2,,,,,0,검수전
schemareading-tooldict,V(학습도구어),4085,감각,2,,,,,0,검수전
schemareading-tooldict,V(학습도구어),4245,방지,2,,,,,0,검수전
schemareading-tooldict,V(학습도구어),4246,배경,2,,,,,0,검수전
schemareading-tooldict,V(학습도구어),4247,배치,2,,,,,0,검수전
schemareading-tooldict,V(학습도구어),4248,번갈다,2,,,,,0,검수전
schemareading-tooldict,V(학습도구어),4249,변경,2,,,,,0,검수전
schemareading-tooldict,V(학습도구어),4250,변동,2,,,,,0,검수전
schemareading-tooldict,V(학습도구어),4251,변천,2,,,,,0,검수전
schemareading-tooldict,V(학습도구어),4252,변형,2,,,,,0,검수전
schemareading-tooldict,V(학습도구어),4253,변환,2,,,,,0,검수전
schemareading-tooldict,V(학습도구어),4254,별도,2,,,,,0,검수전
schemareading-tooldict,V(학습도구어),4086,감소,2,,,,,0,검수전
schemareading-tooldict,V(학습도구어),4255,병행,2,,,,,0,검수전
schemareading-tooldict,V(학습도구어),4256,보고,2,,,,,0,검수전
schemareading-tooldict,V(학습도구어),4257,보고서,2,,,,,0,검수전
schemareading-tooldict,V(학습도구어),4258,보관,2,,,,,0,검수전
schemareading-tooldict,V(학습도구어),4259,보급,2,,,,,0,검수전
schemareading-tooldict,V(학습도구어),4260,보여주다,2,,,,,0,검수완료
schemareading-tooldict,V(학습도구어),4261,보완하다,2,,,,,0,검수전
schemareading-tooldict,V(학습도구어),4262,보유,2,,,,,0,검수전
schemareading-tooldict,V(학습도구어),4263,보장,2,,,,,0,검수전
schemareading-tooldict,V(학습도구어),4264,보조,2,,,,,0,검수전
schemareading-tooldict,V(학습도구어),4087,강의,2,,,,,0,검수전
schemareading-tooldict,V(학습도구어),4265,보존,2,,,,,0,검수전
schemareading-tooldict,V(학습도구어),4266,보편적,2,,,,,0,검수전
schemareading-tooldict,V(학습도구어),4267,보호,2,,,,,0,검수전
schemareading-tooldict,V(학습도구어),4268,복잡,2,,,,,0,검수전
schemareading-tooldict,V(학습도구어),4269,복합,2,,,,,0,검수전
schemareading-tooldict,V(학습도구어),4270,본격적,2,,,,,0,검수전
schemareading-tooldict,V(학습도구어),4271,본질적,2,,,,,0,검수전
schemareading-tooldict,V(학습도구어),4272,부록,2,,,,,0,검수전
schemareading-tooldict,V(학습도구어),4273,부속,2,,,,,0,검수전
schemareading-tooldict,V(학습도구어),4274,부수,2,,,,,0,검수전
schemareading-tooldict,V(학습도구어),4088,강조,2,,,,,0,검수전
schemareading-tooldict,V(학습도구어),4275,부여,2,,,,,0,검수전
schemareading-tooldict,V(학습도구어),4276,부응,2,,,,,0,검수전
schemareading-tooldict,V(학습도구어),4277,부인,2,,,,,0,검수전
schemareading-tooldict,V(학습도구어),4278,부재,2,,,,,0,검수전
schemareading-tooldict,V(학습도구어),4279,부적절,2,,,,,0,검수전
schemareading-tooldict,V(학습도구어),4280,부정,2,,,,,0,검수전
schemareading-tooldict,V(학습도구어),4281,부정적,2,,,,,0,검수전
schemareading-tooldict,V(학습도구어),4282,부호,2,,,,,0,검수전
schemareading-tooldict,V(학습도구어),4283,분별,2,,,,,0,검수전
schemareading-tooldict,V(학습도구어),4284,분야,2,,,,,0,검수전
schemareading-tooldict,V(학습도구어),4089,강화,2,,,,,0,검수전
schemareading-tooldict,V(학습도구어),4285,분할,2,,,,,0,검수전
schemareading-tooldict,V(학습도구어),4286,불가능,2,,,,,0,검수전
schemareading-tooldict,V(학습도구어),4287,불과,2,,,,,0,검수전
schemareading-tooldict,V(학습도구어),4288,불규칙,2,,,,,0,검수전
schemareading-tooldict,V(학습도구어),4289,불완전,2,,,,,0,검수전
schemareading-tooldict,V(학습도구어),4290,불편,2,,,,,0,검수전
schemareading-tooldict,V(학습도구어),4291,비례,2,,,,,0,검수전
schemareading-tooldict,V(학습도구어),4292,비법,2,,,,,0,검수전
schemareading-tooldict,V(학습도구어),4293,비약,2,,,,,0,검수전
schemareading-tooldict,V(학습도구어),4294,비유,2,,,,,0,검수전
schemareading-tooldict,V(학습도구어),4090,개별,2,,,,,0,검수전
schemareading-tooldict,V(학습도구어),4295,비율,2,,,,,0,검수전
schemareading-tooldict,V(학습도구어),4296,비판,2,,,,,0,검수전
schemareading-tooldict,V(학습도구어),4297,비하다,2,,,,,0,검수전
schemareading-tooldict,V(학습도구어),4298,빈번하다,2,,,,,0,검수전
schemareading-tooldict,V(학습도구어),4299,빨리,2,,,,,0,검수전
schemareading-tooldict,V(학습도구어),4300,사건,2,,,,,0,검수전
schemareading-tooldict,V(학습도구어),4301,사상,2,,,,,0,검수전
schemareading-tooldict,V(학습도구어),4302,사적,2,,,,,0,검수전
schemareading-tooldict,V(학습도구어),4303,사전,2,,,,,0,검수전
schemareading-tooldict,V(학습도구어),4304,사정,2,,,,,0,검수전
schemareading-tooldict,V(학습도구어),4091,개선,2,,,,,0,검수전
schemareading-tooldict,V(학습도구어),4305,사태,2,,,,,0,검수전
schemareading-tooldict,V(학습도구어),4306,사항,2,,,,,0,검수전
schemareading-tooldict,V(학습도구어),4307,사회과부도,2,,,,,0,검수완료
schemareading-tooldict,V(학습도구어),4308,사회과탐구,2,,,,,0,검수완료
schemareading-tooldict,V(학습도구어),4309,삭제,2,,,,,0,검수전
schemareading-tooldict,V(학습도구어),4310,삼차원,2,,,,,0,검수전
schemareading-tooldict,V(학습도구어),4311,삽입,2,,,,,0,검수전
schemareading-tooldict,V(학습도구어),4312,상관,2,,,,,0,검수전
schemareading-tooldict,V(학습도구어),4313,상당,2,,,,,0,검수전
schemareading-tooldict,V(학습도구어),4314,상세,2,,,,,0,검수전
schemareading-tooldict,V(학습도구어),4092,개요,2,,,,,0,검수전
schemareading-tooldict,V(학습도구어),4315,상술,2,,,,,0,검수전
schemareading-tooldict,V(학습도구어),4316,상승,2,,,,,0,검수전
schemareading-tooldict,V(학습도구어),4317,상실,2,,,,,0,검수전
schemareading-tooldict,V(학습도구어),4318,상징,2,,,,,0,검수전
schemareading-tooldict,V(학습도구어),4319,상태,2,,,,,0,검수전
schemareading-tooldict,V(학습도구어),4320,상호,2,,,,,0,검수전
schemareading-tooldict,V(학습도구어),4321,상호작용,2,,,,,0,검수전
schemareading-tooldict,V(학습도구어),4322,새롭다,2,,,,,0,검수전
schemareading-tooldict,V(학습도구어),4323,생기다,2,,,,,0,검수전
schemareading-tooldict,V(학습도구어),4324,생략,2,,,,,0,검수전
schemareading-tooldict,V(학습도구어),4093,개입,2,,,,,0,검수전
schemareading-tooldict,V(학습도구어),4325,생산,2,,,,,0,검수전
schemareading-tooldict,V(학습도구어),4326,생성,2,,,,,0,검수전
schemareading-tooldict,V(학습도구어),4327,서술,2,,,,,0,검수전
schemareading-tooldict,V(학습도구어),4328,선호,2,,,,,0,검수전
schemareading-tooldict,V(학습도구어),4329,설계,2,,,,,0,검수전
schemareading-tooldict,V(학습도구어),4330,설문,2,,,,,0,검수전
schemareading-tooldict,V(학습도구어),4331,설정,2,,,,,0,검수전
schemareading-tooldict,V(학습도구어),4332,설치,2,,,,,0,검수전
schemareading-tooldict,V(학습도구어),4094,개정,2,,,,,0,검수전
schemareading-tooldict,V(학습도구어),4333,성격,2,,,,,0,검수전
schemareading-tooldict,V(학습도구어),4334,성공,2,,,,,0,검수전
schemareading-tooldict,V(학습도구어),4335,성과,2,,,,,0,검수전
schemareading-tooldict,V(학습도구어),4336,성립,2,,,,,0,검수전
schemareading-tooldict,V(학습도구어),4337,성분,2,,,,,0,검수전
schemareading-tooldict,V(학습도구어),4338,성장,2,,,,,0,검수전
schemareading-tooldict,V(학습도구어),4339,성취,2,,,,,0,검수전
schemareading-tooldict,V(학습도구어),4340,세기,2,,,,,0,검수전
schemareading-tooldict,V(학습도구어),4341,세부,2,,,,,0,검수전
schemareading-tooldict,V(학습도구어),4342,소감,2,,,,,0,검수전
schemareading-tooldict,V(학습도구어),4095,개체,2,,,,,0,검수전
schemareading-tooldict,V(학습도구어),4343,소극,2,,,,,0,검수전
schemareading-tooldict,V(학습도구어),4344,소비,2,,,,,0,검수전
schemareading-tooldict,V(학습도구어),4345,소요,2,,,,,0,검수전
schemareading-tooldict,V(학습도구어),4346,소유,2,,,,,0,검수전
schemareading-tooldict,V(학습도구어),4347,소재,2,,,,,0,검수전
schemareading-tooldict,V(학습도구어),4348,소통,2,,,,,0,검수전
schemareading-tooldict,V(학습도구어),4349,속성,2,,,,,0,검수전
schemareading-tooldict,V(학습도구어),4350,수립,2,,,,,0,검수전
schemareading-tooldict,V(학습도구어),4351,수용,2,,,,,0,검수전
schemareading-tooldict,V(학습도구어),4352,수정,2,,,,,0,검수전
schemareading-tooldict,V(학습도구어),4096,객관,2,,,,,0,검수전
schemareading-tooldict,V(학습도구어),4353,수준,2,,,,,0,검수전
schemareading-tooldict,V(학습도구어),4354,수집,2,,,,,0,검수전
schemareading-tooldict,V(학습도구어),4355,수행,2,,,,,0,검수전
schemareading-tooldict,V(학습도구어),4356,순환,2,,,,,0,검수전
schemareading-tooldict,V(학습도구어),4357,시기,2,,,,,0,검수전
schemareading-tooldict,V(학습도구어),4358,시도,2,,,,,0,검수전
schemareading-tooldict,V(학습도구어),4359,시스템,2,,,,,0,검수전
schemareading-tooldict,V(학습도구어),4360,시점,2,,,,,0,검수전
schemareading-tooldict,V(학습도구어),4361,시행,2,,,,,0,검수전
schemareading-tooldict,V(학습도구어),4362,신뢰,2,,,,,0,검수전
schemareading-tooldict,V(학습도구어),4097,거부,2,,,,,0,검수전
schemareading-tooldict,V(학습도구어),4363,신속,2,,,,,0,검수전
schemareading-tooldict,V(학습도구어),4364,실시,2,,,,,0,검수전
schemareading-tooldict,V(학습도구어),4365,실용,2,,,,,0,검수전
schemareading-tooldict,V(학습도구어),4366,실정,2,,,,,0,검수전
schemareading-tooldict,V(학습도구어),4367,실질적,2,,,,,0,검수전
schemareading-tooldict,V(학습도구어),4368,실체,2,,,,,0,검수전
schemareading-tooldict,V(학습도구어),4369,실태,2,,,,,0,검수전
schemareading-tooldict,V(학습도구어),4370,실패,2,,,,,0,검수전
schemareading-tooldict,V(학습도구어),4371,실행,2,,,,,0,검수전
schemareading-tooldict,V(학습도구어),4098,건설,2,,,,,0,검수전
schemareading-tooldict,V(학습도구어),4372,심각,2,,,,,0,검수전
schemareading-tooldict,V(학습도구어),4373,심리,2,,,,,0,검수전
schemareading-tooldict,V(학습도구어),4374,심화,2,,,,,0,검수전
schemareading-tooldict,V(학습도구어),4375,안정,2,,,,,0,검수전
schemareading-tooldict,V(학습도구어),4376,알리다,2,,,,,0,검수전
schemareading-tooldict,V(학습도구어),4377,알아맞히다,2,,,,,0,검수전
schemareading-tooldict,V(학습도구어),4378,압축,2,,,,,0,검수전
schemareading-tooldict,V(학습도구어),4099,검사,2,,,,,0,검수전
schemareading-tooldict,V(학습도구어),4379,애매,2,,,,,0,검수전
schemareading-tooldict,V(학습도구어),4380,약화,2,,,,,0,검수전
schemareading-tooldict,V(학습도구어),4381,양,2,,,,,0,검수전
schemareading-tooldict,V(학습도구어),4382,양극,2,,,,,0,검수전
schemareading-tooldict,V(학습도구어),4383,양식,2,,,,,0,검수전
schemareading-tooldict,V(학습도구어),4384,양적,2,,,,,0,검수전
schemareading-tooldict,V(학습도구어),4385,어렵다,2,,,,,0,검수전
schemareading-tooldict,V(학습도구어),4386,억제,2,,,,,0,검수전
schemareading-tooldict,V(학습도구어),4387,얼마,2,,,,,0,검수전
schemareading-tooldict,V(학습도구어),4388,에너지,2,,,,,0,검수전
schemareading-tooldict,V(학습도구어),4100,검색,2,,,,,0,검수전
schemareading-tooldict,V(학습도구어),4389,여건,2,,,,,0,검수전
schemareading-tooldict,V(학습도구어),4390,여부,2,,,,,0,검수전
schemareading-tooldict,V(학습도구어),4391,역설,2,,,,,0,검수전
schemareading-tooldict,V(학습도구어),4392,연계,2,,,,,0,검수전
schemareading-tooldict,V(학습도구어),4393,연관,2,,,,,0,검수전
schemareading-tooldict,V(학습도구어),4394,연속,2,,,,,0,검수전
schemareading-tooldict,V(학습도구어),4395,연장,2,,,,,0,검수전
schemareading-tooldict,V(학습도구어),4396,연합,2,,,,,0,검수전
schemareading-tooldict,V(학습도구어),4397,열거,2,,,,,0,검수전
schemareading-tooldict,V(학습도구어),4398,영역,2,,,,,0,검수전
schemareading-tooldict,V(학습도구어),4101,검증,2,,,,,0,검수전
schemareading-tooldict,V(학습도구어),4399,예,2,,,,,0,검수전
schemareading-tooldict,V(학습도구어),4400,예외,2,,,,,0,검수전
schemareading-tooldict,V(학습도구어),4401,예측,2,,,,,0,검수전
schemareading-tooldict,V(학습도구어),4402,완벽,2,,,,,0,검수전
schemareading-tooldict,V(학습도구어),4403,왜냐하면,2,,,,,0,검수전
schemareading-tooldict,V(학습도구어),4404,외부,2,,,,,0,검수전
schemareading-tooldict,V(학습도구어),4405,요약,2,,,,,0,검수전
schemareading-tooldict,V(학습도구어),4406,요인,2,,,,,0,검수전
schemareading-tooldict,V(학습도구어),4102,검토,2,,,,,0,검수전
schemareading-tooldict,V(학습도구어),4407,요청,2,,,,,0,검수전
schemareading-tooldict,V(학습도구어),4408,욕구,2,,,,,0,검수전
schemareading-tooldict,V(학습도구어),4409,용도,2,,,,,0,검수전
schemareading-tooldict,V(학습도구어),4410,우려,2,,,,,0,검수전
schemareading-tooldict,V(학습도구어),4411,우세,2,,,,,0,검수전
schemareading-tooldict,V(학습도구어),4412,우수,2,,,,,0,검수전
schemareading-tooldict,V(학습도구어),4413,우수성,2,,,,,0,검수전
schemareading-tooldict,V(학습도구어),4414,움직임,2,,,,,0,검수전
schemareading-tooldict,V(학습도구어),4415,원인,2,,,,,0,검수전
schemareading-tooldict,V(학습도구어),4416,원활,2,,,,,0,검수전
schemareading-tooldict,V(학습도구어),4103,견해,2,,,,,0,검수전
schemareading-tooldict,V(학습도구어),4417,위대,2,,,,,0,검수전
schemareading-tooldict,V(학습도구어),4418,위상,2,,,,,0,검수전
schemareading-tooldict,V(학습도구어),4419,유기적,2,,,,,0,검수전
schemareading-tooldict,V(학습도구어),4420,유도,2,,,,,0,검수전
schemareading-tooldict,V(학습도구어),4421,유래,2,,,,,0,검수전
schemareading-tooldict,V(학습도구어),4422,유리하다,2,,,,,0,검수전
schemareading-tooldict,V(학습도구어),4423,유발,2,,,,,0,검수전
schemareading-tooldict,V(학습도구어),4424,유사점,2,,,,,0,검수전
schemareading-tooldict,V(학습도구어),4425,유용,2,,,,,0,검수전
schemareading-tooldict,V(학습도구어),4426,유의,2,,,,,0,검수전
schemareading-tooldict,V(학습도구어),4104,결국,2,,,,,0,검수전
schemareading-tooldict,V(학습도구어),4427,유한,2,,,,,0,검수전
schemareading-tooldict,V(학습도구어),4428,유형,2,,,,,0,검수전
schemareading-tooldict,V(학습도구어),4429,의거,2,,,,,0,검수전
schemareading-tooldict,V(학습도구어),4430,의견,2,,,,,0,검수전
schemareading-tooldict,V(학습도구어),4431,의결,2,,,,,0,검수전
schemareading-tooldict,V(학습도구어),4432,의문,2,,,,,0,검수전
schemareading-tooldict,V(학습도구어),4433,의사,2,,,,,0,검수전
schemareading-tooldict,V(학습도구어),4434,의사소통,2,,,,,0,검수전
schemareading-tooldict,V(학습도구어),4435,의식,2,,,,,0,검수전
schemareading-tooldict,V(학습도구어),4436,의의,2,,,,,0,검수전
schemareading-tooldict,V(학습도구어),4105,결단,2,,,,,0,검수전
schemareading-tooldict,V(학습도구어),4437,의존,2,,,,,0,검수전
schemareading-tooldict,V(학습도구어),4438,이론,2,,,,,0,검수전
schemareading-tooldict,V(학습도구어),4439,이면.,2,,,,,0,검수전
schemareading-tooldict,V(학습도구어),4440,이의,2,,,,,0,검수전
schemareading-tooldict,V(학습도구어),4441,이치,2,,,,,0,검수전
schemareading-tooldict,V(학습도구어),4442,이행,2,,,,,0,검수전
schemareading-tooldict,V(학습도구어),4443,인과,2,,,,,0,검수전
schemareading-tooldict,V(학습도구어),4444,인상적,2,,,,,0,검수전
schemareading-tooldict,V(학습도구어),4445,인식,2,,,,,0,검수전
schemareading-tooldict,V(학습도구어),4446,인용,2,,,,,0,검수전
schemareading-tooldict,V(학습도구어),4106,결론,2,,,,,0,검수전
schemareading-tooldict,V(학습도구어),4447,인위적,2,,,,,0,검수전
schemareading-tooldict,V(학습도구어),4448,인접,2,,,,,0,검수전
schemareading-tooldict,V(학습도구어),4449,인정,2,,,,,0,검수전
schemareading-tooldict,V(학습도구어),4450,인하다,2,,,,,0,검수전
schemareading-tooldict,V(학습도구어),4451,일과,2,,,,,0,검수전
schemareading-tooldict,V(학습도구어),4452,일부,2,,,,,0,검수전
schemareading-tooldict,V(학습도구어),4453,일부분,2,,,,,0,검수전
schemareading-tooldict,V(학습도구어),4454,일시,2,,,,,0,검수전
schemareading-tooldict,V(학습도구어),4455,일정03,2,,,,,0,검수전
schemareading-tooldict,V(학습도구어),4456,일치,2,,,,,0,검수전
schemareading-tooldict,V(학습도구어),4107,결속력,2,,,,,0,검수전
schemareading-tooldict,V(학습도구어),4457,일컫다,2,,,,,0,검수전
schemareading-tooldict,V(학습도구어),4458,일환,2,,,,,0,검수전
schemareading-tooldict,V(학습도구어),4459,입력,2,,,,,0,검수전
schemareading-tooldict,V(학습도구어),4460,입증,2,,,,,0,검수전
schemareading-tooldict,V(학습도구어),4461,입체,2,,,,,0,검수전
schemareading-tooldict,V(학습도구어),4462,잎,2,,,,,0,검수전
schemareading-tooldict,V(학습도구어),4463,자극,2,,,,,0,검수전
schemareading-tooldict,V(학습도구어),4464,자동,2,,,,,0,검수전
schemareading-tooldict,V(학습도구어),4465,자립,2,,,,,0,검수전
schemareading-tooldict,V(학습도구어),4466,자발,2,,,,,0,검수전
schemareading-tooldict,V(학습도구어),4108,결합,2,,,,,0,검수전
schemareading-tooldict,V(학습도구어),4467,자유탐구,2,,,,,0,검수완료
schemareading-tooldict,V(학습도구어),4468,자율,2,,,,,0,검수전
schemareading-tooldict,V(학습도구어),4469,자체,2,,,,,0,검수전
schemareading-tooldict,V(학습도구어),4470,작용,2,,,,,0,검수전
schemareading-tooldict,V(학습도구어),4471,잘못하다,2,,,,,0,검수전
schemareading-tooldict,V(학습도구어),4472,잠재,2,,,,,0,검수전
schemareading-tooldict,V(학습도구어),4473,장기적,2,,,,,0,검수전
schemareading-tooldict,V(학습도구어),4474,장려,2,,,,,0,검수전
schemareading-tooldict,V(학습도구어),4475,장애,2,,,,,0,검수전
schemareading-tooldict,V(학습도구어),4476,장점,2,,,,,0,검수전
schemareading-tooldict,V(학습도구어),4109,경계,2,,,,,0,검수전
schemareading-tooldict,V(학습도구어),4477,재구성,2,,,,,0,검수전
schemareading-tooldict,V(학습도구어),4478,쟁점,2,,,,,0,검수전
schemareading-tooldict,V(학습도구어),4479,적극,2,,,,,0,검수전
schemareading-tooldict,V(학습도구어),4480,적어도,2,,,,,0,검수전
schemareading-tooldict,V(학습도구어),4481,적절히,2,,,,,0,검수전
schemareading-tooldict,V(학습도구어),4482,적합,2,,,,,0,검수전
schemareading-tooldict,V(학습도구어),4483,전개,2,,,,,0,검수전
schemareading-tooldict,V(학습도구어),4484,전망,2,,,,,0,검수전
schemareading-tooldict,V(학습도구어),4485,전문,2,,,,,0,검수전
schemareading-tooldict,V(학습도구어),4486,전반,2,,,,,0,검수전
schemareading-tooldict,V(학습도구어),4110,경고,2,,,,,0,검수전
schemareading-tooldict,V(학습도구어),4487,전파,2,,,,,0,검수전
schemareading-tooldict,V(학습도구어),4488,전환,2,,,,,0,검수전
schemareading-tooldict,V(학습도구어),4489,절대,2,,,,,0,검수전
schemareading-tooldict,V(학습도구어),4490,절실,2,,,,,0,검수전
schemareading-tooldict,V(학습도구어),4491,절차,2,,,,,0,검수전
schemareading-tooldict,V(학습도구어),4492,점차,2,,,,,0,검수전
schemareading-tooldict,V(학습도구어),4493,접근,2,,,,,0,검수전
schemareading-tooldict,V(학습도구어),4494,접다,2,,,,,0,검수전
schemareading-tooldict,V(학습도구어),4495,접촉,2,,,,,0,검수전
schemareading-tooldict,V(학습도구어),4496,정기적,2,,,,,0,검수전
schemareading-tooldict,V(학습도구어),4111,경과,2,,,,,0,검수전
schemareading-tooldict,V(학습도구어),4497,정당,2,,,,,0,검수전
schemareading-tooldict,V(학습도구어),4498,정립,2,,,,,0,검수전
schemareading-tooldict,V(학습도구어),4499,정밀,2,,,,,0,검수전
schemareading-tooldict,V(학습도구어),4500,정지,2,,,,,0,검수전
schemareading-tooldict,V(학습도구어),4501,정확히,2,,,,,0,검수전
schemareading-tooldict,V(학습도구어),4502,제각각,2,,,,,0,검수전
schemareading-tooldict,V(학습도구어),4503,제거,2,,,,,0,검수전
schemareading-tooldict,V(학습도구어),4504,제공,2,,,,,0,검수전
schemareading-tooldict,V(학습도구어),4505,제기,2,,,,,0,검수전
schemareading-tooldict,V(학습도구어),4506,제도,2,,,,,0,검수전
schemareading-tooldict,V(학습도구어),4112,경로,2,,,,,0,검수전
schemareading-tooldict,V(학습도구어),4507,제약,2,,,,,0,검수전
schemareading-tooldict,V(학습도구어),4508,제외,2,,,,,0,검수전
schemareading-tooldict,V(학습도구어),4509,제작,2,,,,,0,검수전
schemareading-tooldict,V(학습도구어),4510,제출,2,,,,,0,검수전
schemareading-tooldict,V(학습도구어),4511,제한,2,,,,,0,검수전
schemareading-tooldict,V(학습도구어),4512,조성,2,,,,,0,검수전
schemareading-tooldict,V(학습도구어),4513,조작,2,,,,,0,검수전
schemareading-tooldict,V(학습도구어),4514,조직,2,,,,,0,검수전
schemareading-tooldict,V(학습도구어),4515,조합,2,,,,,0,검수전
schemareading-tooldict,V(학습도구어),4516,조화,2,,,,,0,검수전
schemareading-tooldict,V(학습도구어),4113,경향,2,,,,,0,검수전
schemareading-tooldict,V(학습도구어),4517,존재,2,,,,,0,검수전
schemareading-tooldict,V(학습도구어),4518,종합,2,,,,,0,검수전
schemareading-tooldict,V(학습도구어),4519,주관,2,,,,,0,검수전
schemareading-tooldict,V(학습도구어),4520,주되다,2,,,,,0,검수전
schemareading-tooldict,V(학습도구어),4521,주목,2,,,,,0,검수전
schemareading-tooldict,V(학습도구어),4522,주요,2,,,,,0,검수전
schemareading-tooldict,V(학습도구어),4523,준수,2,,,,,0,검수전
schemareading-tooldict,V(학습도구어),4524,줄기,2,,,,,0,검수전
schemareading-tooldict,V(학습도구어),4525,줄어들다,2,,,,,0,검수전
schemareading-tooldict,V(학습도구어),4526,중간,2,,,,,0,검수전
schemareading-tooldict,V(학습도구어),4114,계기,2,,,,,0,검수전
schemareading-tooldict,V(학습도구어),4527,중대,2,,,,,0,검수전
schemareading-tooldict,V(학습도구어),4528,중시,2,,,,,0,검수전
schemareading-tooldict,V(학습도구어),4529,중점,2,,,,,0,검수전
schemareading-tooldict,V(학습도구어),4530,증거,2,,,,,0,검수전
schemareading-tooldict,V(학습도구어),4531,증대,2,,,,,0,검수전
schemareading-tooldict,V(학습도구어),4532,증명,2,,,,,0,검수전
schemareading-tooldict,V(학습도구어),4533,증진,2,,,,,0,검수전
schemareading-tooldict,V(학습도구어),4534,지식,2,,,,,0,검수전
schemareading-tooldict,V(학습도구어),4535,지원,2,,,,,0,검수전
schemareading-tooldict,V(학습도구어),4536,지적,2,,,,,0,검수전
schemareading-tooldict,V(학습도구어),4115,계량,2,,,,,0,검수전
schemareading-tooldict,V(학습도구어),4537,지점,2,,,,,0,검수전
schemareading-tooldict,V(학습도구어),4538,지정,2,,,,,0,검수전
schemareading-tooldict,V(학습도구어),4539,지지,2,,,,,0,검수전
schemareading-tooldict,V(학습도구어),4540,지표,2,,,,,0,검수전
schemareading-tooldict,V(학습도구어),4541,직후,2,,,,,0,검수전
schemareading-tooldict,V(학습도구어),4542,진단,2,,,,,0,검수전
schemareading-tooldict,V(학습도구어),4543,진보,2,,,,,0,검수전
schemareading-tooldict,V(학습도구어),4544,진술,2,,,,,0,검수전
schemareading-tooldict,V(학습도구어),4545,진전,2,,,,,0,검수전
schemareading-tooldict,V(학습도구어),4546,질,2,,,,,0,검수전
schemareading-tooldict,V(학습도구어),4116,계발,2,,,,,0,검수전
schemareading-tooldict,V(학습도구어),4547,질서,2,,,,,0,검수전
schemareading-tooldict,V(학습도구어),4548,차원,2,,,,,0,검수전
schemareading-tooldict,V(학습도구어),4549,착안,2,,,,,0,검수전
schemareading-tooldict,V(학습도구어),4550,찬성,2,,,,,0,검수전
schemareading-tooldict,V(학습도구어),4551,참고,2,,,,,0,검수전
schemareading-tooldict,V(학습도구어),4552,참조,2,,,,,0,검수전
schemareading-tooldict,V(학습도구어),4553,창조,2,,,,,0,검수전
schemareading-tooldict,V(학습도구어),4554,채우다,2,,,,,0,검수전
schemareading-tooldict,V(학습도구어),4555,채택,2,,,,,0,검수전
schemareading-tooldict,V(학습도구어),4556,척도,2,,,,,0,검수전
schemareading-tooldict,V(학습도구어),4072,가능성,2,,,,,0,검수전
schemareading-tooldict,V(학습도구어),4117,고수,2,,,,,0,검수전
schemareading-tooldict,V(학습도구어),4557,철저,2,,,,,0,검수전
schemareading-tooldict,V(학습도구어),4558,체계,2,,,,,0,검수전
schemareading-tooldict,V(학습도구어),4559,체제,2,,,,,0,검수전
schemareading-tooldict,V(학습도구어),4560,초과,2,,,,,0,검수전
schemareading-tooldict,V(학습도구어),4561,초기,2,,,,,0,검수전
schemareading-tooldict,V(학습도구어),4562,초래,2,,,,,0,검수전
schemareading-tooldict,V(학습도구어),4563,초점,2,,,,,0,검수전
schemareading-tooldict,V(학습도구어),4564,촉구,2,,,,,0,검수전
schemareading-tooldict,V(학습도구어),4565,촉진,2,,,,,0,검수전
schemareading-tooldict,V(학습도구어),4566,총괄,2,,,,,0,검수전
schemareading-tooldict,V(학습도구어),4118,고유,2,,,,,0,검수전
schemareading-tooldict,V(학습도구어),4567,총체,2,,,,,0,검수전
schemareading-tooldict,V(학습도구어),4568,최고,2,,,,,0,검수전
schemareading-tooldict,V(학습도구어),4569,최대,2,,,,,0,검수전
schemareading-tooldict,V(학습도구어),4570,최소,2,,,,,0,검수전
schemareading-tooldict,V(학습도구어),4571,최종,2,,,,,0,검수전
schemareading-tooldict,V(학습도구어),4572,최초,2,,,,,0,검수전
schemareading-tooldict,V(학습도구어),4573,추가,2,,,,,0,검수전
schemareading-tooldict,V(학습도구어),4574,추구,2,,,,,0,검수전
schemareading-tooldict,V(학습도구어),4575,추론,2,,,,,0,검수전
schemareading-tooldict,V(학습도구어),4576,추상,2,,,,,0,검수전
schemareading-tooldict,V(학습도구어),4119,공개,2,,,,,0,검수전
schemareading-tooldict,V(학습도구어),4577,추세,2,,,,,0,검수전
schemareading-tooldict,V(학습도구어),4578,추적,2,,,,,0,검수전
schemareading-tooldict,V(학습도구어),4579,추정,2,,,,,0,검수전
schemareading-tooldict,V(학습도구어),4580,추출,2,,,,,0,검수전
schemareading-tooldict,V(학습도구어),4581,출처,2,,,,,0,검수전
schemareading-tooldict,V(학습도구어),4582,출현,2,,,,,0,검수전
schemareading-tooldict,V(학습도구어),4583,충족,2,,,,,0,검수전
schemareading-tooldict,V(학습도구어),4584,취급,2,,,,,0,검수전
schemareading-tooldict,V(학습도구어),4585,취지,2,,,,,0,검수전
schemareading-tooldict,V(학습도구어),4586,취하다,2,,,,,0,검수전
schemareading-tooldict,V(학습도구어),4120,공급,2,,,,,0,검수전
schemareading-tooldict,V(학습도구어),4587,측면,2,,,,,0,검수전
schemareading-tooldict,V(학습도구어),4588,치밀하다,2,,,,,0,검수전
schemareading-tooldict,V(학습도구어),4589,치열,2,,,,,0,검수전
schemareading-tooldict,V(학습도구어),4590,치우치다,2,,,,,0,검수전
schemareading-tooldict,V(학습도구어),4591,카드,2,,,,,0,검수전
schemareading-tooldict,V(학습도구어),4592,크기,2,,,,,0,검수전
schemareading-tooldict,V(학습도구어),4593,타당,2,,,,,0,검수전
schemareading-tooldict,V(학습도구어),4594,탁월,2,,,,,0,검수전
schemareading-tooldict,V(학습도구어),4595,탐구활동,2,,,,,0,검수전
schemareading-tooldict,V(학습도구어),4596,탐색,2,,,,,0,검수전
schemareading-tooldict,V(학습도구어),4121,공동,2,,,,,0,검수전
schemareading-tooldict,V(학습도구어),4597,토대,2,,,,,0,검수전
schemareading-tooldict,V(학습도구어),4598,통계,2,,,,,0,검수전
schemareading-tooldict,V(학습도구어),4599,통로,2,,,,,0,검수전
schemareading-tooldict,V(학습도구어),4600,통일,2,,,,,0,검수전
schemareading-tooldict,V(학습도구어),4601,통제,2,,,,,0,검수전
schemareading-tooldict,V(학습도구어),4602,통찰력,2,,,,,0,검수전
schemareading-tooldict,V(학습도구어),4603,통하다,2,,,,,0,검수전
schemareading-tooldict,V(학습도구어),4604,통합,2,,,,,0,검수전
schemareading-tooldict,V(학습도구어),4605,투입,2,,,,,0,검수전
schemareading-tooldict,V(학습도구어),4606,특색,2,,,,,0,검수전
schemareading-tooldict,V(학습도구어),4122,공식,2,,,,,0,검수전
schemareading-tooldict,V(학습도구어),4607,특수,2,,,,,0,검수전
schemareading-tooldict,V(학습도구어),4608,특정,2,,,,,0,검수전
schemareading-tooldict,V(학습도구어),4609,틀,2,,,,,0,검수전
schemareading-tooldict,V(학습도구어),4610,퍼센트,2,,,,,0,검수전
schemareading-tooldict,V(학습도구어),4611,편견,2,,,,,0,검수전
schemareading-tooldict,V(학습도구어),4612,펼치다,2,,,,,0,검수전
schemareading-tooldict,V(학습도구어),4613,평균,2,,,,,0,검수전
schemareading-tooldict,V(학습도구어),4614,포개다,2,,,,,0,검수전
schemareading-tooldict,V(학습도구어),4615,폭넓다,2,,,,,0,검수전
schemareading-tooldict,V(학습도구어),4616,표기,2,,,,,0,검수전
schemareading-tooldict,V(학습도구어),4123,공유,2,,,,,0,검수전
schemareading-tooldict,V(학습도구어),4617,표면,2,,,,,0,검수전
schemareading-tooldict,V(학습도구어),4618,표준,2,,,,,0,검수전
schemareading-tooldict,V(학습도구어),4619,풍부,2,,,,,0,검수전
schemareading-tooldict,V(학습도구어),4620,프로그램,2,,,,,0,검수전
schemareading-tooldict,V(학습도구어),4621,필수,2,,,,,0,검수전
schemareading-tooldict,V(학습도구어),4622,학문,2,,,,,0,검수전
schemareading-tooldict,V(학습도구어),4623,학설,2,,,,,0,검수전
schemareading-tooldict,V(학습도구어),4624,학술,2,,,,,0,검수전
schemareading-tooldict,V(학습도구어),4625,학습내용,2,,,,,0,검수완료
schemareading-tooldict,V(학습도구어),4626,한계,2,,,,,0,검수전
schemareading-tooldict,V(학습도구어),4124,공존,2,,,,,0,검수전
schemareading-tooldict,V(학습도구어),4627,한정,2,,,,,0,검수전
schemareading-tooldict,V(학습도구어),4628,함축,2,,,,,0,검수전
schemareading-tooldict,V(학습도구어),4629,합계,2,,,,,0,검수전
schemareading-tooldict,V(학습도구어),4630,합리,2,,,,,0,검수전
schemareading-tooldict,V(학습도구어),4631,합의,2,,,,,0,검수전
schemareading-tooldict,V(학습도구어),4632,합치다,2,,,,,0,검수전
schemareading-tooldict,V(학습도구어),4633,항복,2,,,,,0,검수전
schemareading-tooldict,V(학습도구어),4634,해답,2,,,,,0,검수전
schemareading-tooldict,V(학습도구어),4635,해당하다,2,,,,,0,검수전
schemareading-tooldict,V(학습도구어),4636,해석,2,,,,,0,검수전
schemareading-tooldict,V(학습도구어),4125,과학,2,,,,,0,검수전
schemareading-tooldict,V(학습도구어),4637,해소,2,,,,,0,검수전
schemareading-tooldict,V(학습도구어),4638,향상,2,,,,,0,검수전
schemareading-tooldict,V(학습도구어),4639,허용,2,,,,,0,검수전
schemareading-tooldict,V(학습도구어),4640,현대,2,,,,,0,검수전
schemareading-tooldict,V(학습도구어),4641,현실,2,,,,,0,검수전
schemareading-tooldict,V(학습도구어),4642,현장,2,,,,,0,검수전
schemareading-tooldict,V(학습도구어),4643,현황,2,,,,,0,검수전
schemareading-tooldict,V(학습도구어),4644,협력,2,,,,,0,검수전
schemareading-tooldict,V(학습도구어),4645,협의,2,,,,,0,검수전
schemareading-tooldict,V(학습도구어),4646,형상,2,,,,,0,검수전
schemareading-tooldict,V(학습도구어),4126,관념,2,,,,,0,검수전
schemareading-tooldict,V(학습도구어),4647,형태,2,,,,,0,검수전
schemareading-tooldict,V(학습도구어),4648,혼동,2,,,,,0,검수전
schemareading-tooldict,V(학습도구어),4649,혼란,2,,,,,0,검수전
schemareading-tooldict,V(학습도구어),4650,혼합,2,,,,,0,검수전
schemareading-tooldict,V(학습도구어),4651,활률,2,,,,,0,검수전
schemareading-tooldict,V(학습도구어),4652,확립,2,,,,,0,검수전
schemareading-tooldict,V(학습도구어),4653,확보,2,,,,,0,검수전
schemareading-tooldict,V(학습도구어),4654,확산,2,,,,,0,검수전
schemareading-tooldict,V(학습도구어),4655,확신,2,,,,,0,검수전
schemareading-tooldict,V(학습도구어),4656,확실,2,,,,,0,검수전
schemareading-tooldict,V(학습도구어),4073,가상,2,,,,,0,검수전
schemareading-tooldict,V(학습도구어),4127,관여,2,,,,,0,검수전
schemareading-tooldict,V(학습도구어),4657,확정,2,,,,,0,검수전
schemareading-tooldict,V(학습도구어),4658,확충,2,,,,,0,검수전
schemareading-tooldict,V(학습도구어),4659,활발,2,,,,,0,검수전
schemareading-tooldict,V(학습도구어),4660,활성화,2,,,,,0,검수전
schemareading-tooldict,V(학습도구어),4661,회복,2,,,,,0,검수전
schemareading-tooldict,V(학습도구어),4662,획기적,2,,,,,0,검수전
schemareading-tooldict,V(학습도구어),4663,획득,2,,,,,0,검수전
schemareading-tooldict,V(학습도구어),4664,효과,2,,,,,0,검수전
schemareading-tooldict,V(학습도구어),4665,효율,2,,,,,0,검수전
schemareading-tooldict,V(학습도구어),4666,후반,2,,,,,0,검수전
schemareading-tooldict,V(학습도구어),4128,관측,2,,,,,0,검수전
schemareading-tooldict,V(학습도구어),4667,흐르다,2,,,,,0,검수전
schemareading-tooldict,V(학습도구어),4668,흡수,2,,,,,0,검수전
schemareading-tooldict,V(학습도구어),4129,교육,2,,,,,0,검수전
schemareading-tooldict,V(학습도구어),4130,교환,2,,,,,0,검수전
schemareading-tooldict,V(학습도구어),4131,구상,2,,,,,0,검수전
schemareading-tooldict,V(학습도구어),4132,구실,2,,,,,0,검수전
schemareading-tooldict,V(학습도구어),4133,구역,2,,,,,0,검수전
schemareading-tooldict,V(학습도구어),4134,구체,2,,,,,0,검수전
schemareading-tooldict,V(학습도구어),4135,국어활동,2,,,,,0,검수전
schemareading-tooldict,V(학습도구어),4136,궁리,2,,,,,0,검수전
schemareading-tooldict,V(학습도구어),4074,가설,2,,,,,0,검수전
schemareading-tooldict,V(학습도구어),4137,권유,2,,,,,0,검수전
schemareading-tooldict,V(학습도구어),4138,규명,2,,,,,0,검수전
schemareading-tooldict,V(학습도구어),4139,규모,2,,,,,0,검수전
schemareading-tooldict,V(학습도구어),4140,규범,2,,,,,0,검수전
schemareading-tooldict,V(학습도구어),4141,규정,2,,,,,0,검수전
schemareading-tooldict,V(학습도구어),4142,규제,2,,,,,0,검수전
schemareading-tooldict,V(학습도구어),4143,균형,2,,,,,0,검수전
schemareading-tooldict,V(학습도구어),4144,근본,2,,,,,0,검수전
schemareading-tooldict,V(학습도구어),4145,근원,2,,,,,0,검수전
schemareading-tooldict,V(학습도구어),4146,근접,2,,,,,0,검수전
schemareading-tooldict,V(학습도구어),4075,가운데,2,,,,,0,검수전
schemareading-tooldict,V(학습도구어),4147,급격,2,,,,,0,검수전
schemareading-tooldict,V(학습도구어),4148,급속,2,,,,,0,검수전
schemareading-tooldict,V(학습도구어),4149,급증,2,,,,,0,검수전
schemareading-tooldict,V(학습도구어),4150,긍정,2,,,,,0,검수전
schemareading-tooldict,V(학습도구어),4151,긍정적,2,,,,,0,검수전
schemareading-tooldict,V(학습도구어),4152,기구,2,,,,,0,검수전
schemareading-tooldict,V(학습도구어),4153,기대,2,,,,,0,검수전
schemareading-tooldict,V(학습도구어),4154,기르다,2,,,,,0,검수전
schemareading-tooldict,V(학습도구어),4155,기반,2,,,,,0,검수전
schemareading-tooldict,V(학습도구어),4156,기법,2,,,,,0,검수전
schemareading-tooldict,V(학습도구어),4076,가정,2,,,,,0,검수전
schemareading-tooldict,V(학습도구어),4157,기본,2,,,,,0,검수전
schemareading-tooldict,V(학습도구어),4158,기술,2,,,,,0,검수전
schemareading-tooldict,V(학습도구어),4159,기여,2,,,,,0,검수전
schemareading-tooldict,V(학습도구어),4160,기원,2,,,,,0,검수전
schemareading-tooldict,V(학습도구어),4161,기존,2,,,,,0,검수전
schemareading-tooldict,V(학습도구어),4162,기초,2,,,,,0,검수전
schemareading-tooldict,V(학습도구어),4163,기타,2,,,,,0,검수전
schemareading-tooldict,V(학습도구어),4164,긴밀,2,,,,,0,검수전
schemareading-tooldict,V(학습도구어),4165,깨닫다,2,,,,,0,검수전
schemareading-tooldict,V(학습도구어),4166,나열,2,,,,,0,검수전
schemareading-tooldict,V(학습도구어),4672,개발,3,,,,,0,검수전
schemareading-tooldict,V(학습도구어),4711,소단원,3,,,,,0,검수전
schemareading-tooldict,V(학습도구어),4712,소리,3,,,,,0,검수전
schemareading-tooldict,V(학습도구어),4713,수행 평가,3,,,,,0,검수전
schemareading-tooldict,V(학습도구어),4714,시대,3,,,,,0,검수전
schemareading-tooldict,V(학습도구어),4715,신재생에너지,3,,,,,0,검수전
schemareading-tooldict,V(학습도구어),4716,실제,3,,,,,0,검수전
schemareading-tooldict,V(학습도구어),4717,언어,3,,,,,0,검수전
schemareading-tooldict,V(학습도구어),4718,역사,3,,,,,0,검수전
schemareading-tooldict,V(학습도구어),4673,개인,3,,,,,0,검수전
schemareading-tooldict,V(학습도구어),4719,연구,3,,,,,0,검수전
schemareading-tooldict,V(학습도구어),4720,예제,3,,,,,0,검수전
schemareading-tooldict,V(학습도구어),4721,완전,3,,,,,0,검수전
schemareading-tooldict,V(학습도구어),4722,요구,3,,,,,0,검수전
schemareading-tooldict,V(학습도구어),4723,요소,3,,,,,0,검수전
schemareading-tooldict,V(학습도구어),4724,용어,3,,,,,0,검수전
schemareading-tooldict,V(학습도구어),4725,운영,3,,,,,0,검수전
schemareading-tooldict,V(학습도구어),4726,이외,3,,,,,0,검수전
schemareading-tooldict,V(학습도구어),4727,인간,3,,,,,0,검수전
schemareading-tooldict,V(학습도구어),4674,결정,3,,,,,0,검수전
schemareading-tooldict,V(학습도구어),4728,인성,3,,,,,0,검수전
schemareading-tooldict,V(학습도구어),4729,일러두기,3,,,,,0,검수전
schemareading-tooldict,V(학습도구어),4730,일반,3,,,,,0,검수전
schemareading-tooldict,V(학습도구어),4731,일상생활,3,,,,,0,검수전
schemareading-tooldict,V(학습도구어),4732,자연,3,,,,,0,검수전
schemareading-tooldict,V(학습도구어),4733,자원,3,,,,,0,검수전
schemareading-tooldict,V(학습도구어),4734,적용,3,,,,,0,검수전
schemareading-tooldict,V(학습도구어),4675,경제,3,,,,,0,검수전
schemareading-tooldict,V(학습도구어),4735,정의,3,,,,,0,검수전
schemareading-tooldict,V(학습도구어),4676,계수03,3,,,,,0,검수전
schemareading-tooldict,V(학습도구어),4736,중단원,3,,,,,0,검수전
schemareading-tooldict,V(학습도구어),4737,증가,3,,,,,0,검수전
schemareading-tooldict,V(학습도구어),4738,지속,3,,,,,0,검수전
schemareading-tooldict,V(학습도구어),4739,지진,3,,,,,0,검수전
schemareading-tooldict,V(학습도구어),4740,최근,3,,,,,0,검수전
schemareading-tooldict,V(학습도구어),4741,포함,3,,,,,0,검수전
schemareading-tooldict,V(학습도구어),4677,공통,3,,,,,0,검수전
schemareading-tooldict,V(학습도구어),4742,학습 목표,3,,,,,0,검수전
schemareading-tooldict,V(학습도구어),4743,핵심,3,,,,,0,검수전
schemareading-tooldict,V(학습도구어),4744,현상,3,,,,,0,검수전
schemareading-tooldict,V(학습도구어),4745,형성,3,,,,,0,검수전
schemareading-tooldict,V(학습도구어),4746,확대,3,,,,,0,검수전
schemareading-tooldict,V(학습도구어),4747,확장,3,,,,,0,검수전
schemareading-tooldict,V(학습도구어),4748,활발하다,3,,,,,0,검수전
schemareading-tooldict,V(학습도구어),4678,과제,3,,,,,0,검수전
schemareading-tooldict,V(학습도구어),4679,관심,3,,,,,0,검수전
schemareading-tooldict,V(학습도구어),4680,관점,3,,,,,0,검수전
schemareading-tooldict,V(학습도구어),4681,구성,3,,,,,0,검수전
schemareading-tooldict,V(학습도구어),4682,구조,3,,,,,0,검수전
schemareading-tooldict,V(학습도구어),4683,규칙성,3,,,,,0,검수전
schemareading-tooldict,V(학습도구어),4684,그래프,3,,,,,0,검수전
schemareading-tooldict,V(학습도구어),4685,근거,3,,,,,0,검수전
schemareading-tooldict,V(학습도구어),4686,기호,3,,,,,0,검수전
schemareading-tooldict,V(학습도구어),4687,길이,3,,,,,0,검수전
schemareading-tooldict,V(학습도구어),4688,길잡이,3,,,,,0,검수전
schemareading-tooldict,V(학습도구어),4689,내부,3,,,,,0,검수전
schemareading-tooldict,V(학습도구어),4690,능력,3,,,,,0,검수전
schemareading-tooldict,V(학습도구어),4691,다양,3,,,,,0,검수전
schemareading-tooldict,V(학습도구어),4692,다양성,3,,,,,0,검수전
schemareading-tooldict,V(학습도구어),4693,단계,3,,,,,0,검수전
schemareading-tooldict,V(학습도구어),4669,가능,3,,,,,0,검수전
schemareading-tooldict,V(학습도구어),4694,단위,3,,,,,0,검수전
schemareading-tooldict,V(학습도구어),4695,대단원,3,,,,,0,검수전
schemareading-tooldict,V(학습도구어),4696,대응,3,,,,,0,검수전
schemareading-tooldict,V(학습도구어),4697,도입,3,,,,,0,검수전
schemareading-tooldict,V(학습도구어),4698,등,3,,,,,0,검수전
schemareading-tooldict,V(학습도구어),4699,목적,3,,,,,0,검수전
schemareading-tooldict,V(학습도구어),4700,목표,3,,,,,0,검수전
schemareading-tooldict,V(학습도구어),4701,물,3,,,,,0,검수전
schemareading-tooldict,V(학습도구어),4702,발전,3,,,,,0,검수전
schemareading-tooldict,V(학습도구어),4703,복잡하다,3,,,,,0,검수전
schemareading-tooldict,V(학습도구어),4704,본문,3,,,,,0,검수전
schemareading-tooldict,V(학습도구어),4670,갈등,3,,,,,0,검수전
schemareading-tooldict,V(학습도구어),4705,부피,3,,,,,0,검수전
schemareading-tooldict,V(학습도구어),4706,분석,3,,,,,0,검수전
schemareading-tooldict,V(학습도구어),4707,비롯하다,3,,,,,0,검수전
schemareading-tooldict,V(학습도구어),4708,사고,3,,,,,0,검수전
schemareading-tooldict,V(학습도구어),4671,개념,3,,,,,0,검수전
schemareading-tooldict,V(학습도구어),4709,상호 작용,3,,,,,0,검수전
schemareading-tooldict,V(학습도구어),4710,선정,3,,,,,0,검수전
schemareading-tooldict,V(학습도구어),4778,자연적,4,,,,,0,검수전
schemareading-tooldict,V(학습도구어),4779,장기,4,,,,,0,검수전
schemareading-tooldict,V(학습도구어),4780,저하,4,,,,,0,검수전
schemareading-tooldict,V(학습도구어),4781,적당,4,,,,,0,검수전
schemareading-tooldict,V(학습도구어),4782,적절,4,,,,,0,검수전
schemareading-tooldict,V(학습도구어),4783,적정,4,,,,,0,검수전
schemareading-tooldict,V(학습도구어),4784,점진,4,,,,,0,검수전
schemareading-tooldict,V(학습도구어),4785,정교,4,,,,,0,검수전
schemareading-tooldict,V(학습도구어),4786,정기,4,,,,,0,검수전
schemareading-tooldict,V(학습도구어),4787,정상,4,,,,,0,검수전
schemareading-tooldict,V(학습도구어),4788,정서,4,,,,,0,검수전
schemareading-tooldict,V(학습도구어),4789,정연,4,,,,,0,검수전
schemareading-tooldict,V(학습도구어),4790,정점,4,,,,,0,검수전
schemareading-tooldict,V(학습도구어),4791,정책,4,,,,,0,검수전
schemareading-tooldict,V(학습도구어),4792,제반,4,,,,,0,검수전
schemareading-tooldict,V(학습도구어),4793,조망,4,,,,,0,검수전
schemareading-tooldict,V(학습도구어),4794,조치,4,,,,,0,검수전
schemareading-tooldict,V(학습도구어),4795,존중,4,,,,,0,검수전
schemareading-tooldict,V(학습도구어),4796,종속,4,,,,,0,검수전
schemareading-tooldict,V(학습도구어),4750,공간,4,,,,,0,검수전
schemareading-tooldict,V(학습도구어),4797,주안,4,,,,,0,검수전
schemareading-tooldict,V(학습도구어),4798,주체,4,,,,,0,검수전
schemareading-tooldict,V(학습도구어),4799,준거,4,,,,,0,검수전
schemareading-tooldict,V(학습도구어),4800,중략,4,,,,,0,검수전
schemareading-tooldict,V(학습도구어),4801,중복,4,,,,,0,검수전
schemareading-tooldict,V(학습도구어),4802,즉각,4,,,,,0,검수전
schemareading-tooldict,V(학습도구어),4803,지각,4,,,,,0,검수전
schemareading-tooldict,V(학습도구어),4804,지양,4,,,,,0,검수전
schemareading-tooldict,V(학습도구어),4805,지역,4,,,,,0,검수전
schemareading-tooldict,V(학습도구어),4806,지적01,4,,,,,0,검수전
schemareading-tooldict,V(학습도구어),4807,지칭,4,,,,,0,검수전
schemareading-tooldict,V(학습도구어),4808,지향,4,,,,,0,검수전
schemareading-tooldict,V(학습도구어),4809,직결,4,,,,,0,검수전
schemareading-tooldict,V(학습도구어),4810,직면,4,,,,,0,검수전
schemareading-tooldict,V(학습도구어),4811,질08,4,,,,,0,검수전
schemareading-tooldict,V(학습도구어),4812,집단,4,,,,,0,검수전
schemareading-tooldict,V(학습도구어),4813,착수,4,,,,,0,검수전
schemareading-tooldict,V(학습도구어),4814,참,4,,,,,0,검수전
schemareading-tooldict,V(학습도구어),4815,축소,4,,,,,0,검수전
schemareading-tooldict,V(학습도구어),4816,축적,4,,,,,0,검수전
schemareading-tooldict,V(학습도구어),4817,치밀,4,,,,,0,검수전
schemareading-tooldict,V(학습도구어),4818,통신,4,,,,,0,검수전
schemareading-tooldict,V(학습도구어),4819,특질,4,,,,,0,검수전
schemareading-tooldict,V(학습도구어),4751,기억,4,,,,,0,검수전
schemareading-tooldict,V(학습도구어),4820,패턴,4,,,,,0,검수전
schemareading-tooldict,V(학습도구어),4821,포괄,4,,,,,0,검수전
schemareading-tooldict,V(학습도구어),4822,표,4,,,,,0,검수전
schemareading-tooldict,V(학습도구어),4823,필연,4,,,,,0,검수전
schemareading-tooldict,V(학습도구어),4824,하부,4,,,,,0,검수전
schemareading-tooldict,V(학습도구어),4825,하위,4,,,,,0,검수전
schemareading-tooldict,V(학습도구어),4826,함의,4,,,,,0,검수전
schemareading-tooldict,V(학습도구어),4827,합성,4,,,,,0,검수전
schemareading-tooldict,V(학습도구어),4828,항목,4,,,,,0,검수전
schemareading-tooldict,V(학습도구어),4829,현저,4,,,,,0,검수전
schemareading-tooldict,V(학습도구어),4830,확고,4,,,,,0,검수전
schemareading-tooldict,V(학습도구어),4831,확률,4,,,,,0,검수전
schemareading-tooldict,V(학습도구어),4832,효용성,4,,,,,0,검수전
schemareading-tooldict,V(학습도구어),4833,후자,4,,,,,0,검수전
schemareading-tooldict,V(학습도구어),4752,만족,4,,,,,0,검수전
schemareading-tooldict,V(학습도구어),4753,문자,4,,,,,0,검수전
schemareading-tooldict,V(학습도구어),4754,보수,4,,,,,0,검수전
schemareading-tooldict,V(학습도구어),4755,불가피하다,4,,,,,0,검수전
schemareading-tooldict,V(학습도구어),4756,삶,4,,,,,0,검수전
schemareading-tooldict,V(학습도구어),4757,시간,4,,,,,0,검수전
schemareading-tooldict,V(학습도구어),4758,예7,4,,,,,0,검수전
schemareading-tooldict,V(학습도구어),4759,완료,4,,,,,0,검수전
schemareading-tooldict,V(학습도구어),4749,간과,4,,,,,0,검수전
schemareading-tooldict,V(학습도구어),4760,요건,4,,,,,0,검수전
schemareading-tooldict,V(학습도구어),4761,원천,4,,,,,0,검수전
schemareading-tooldict,V(학습도구어),4762,유동,4,,,,,0,검수전
schemareading-tooldict,V(학습도구어),4763,유리02,4,,,,,0,검수전
schemareading-tooldict,V(학습도구어),4764,유무,4,,,,,0,검수전
schemareading-tooldict,V(학습도구어),4765,유사,4,,,,,0,검수전
schemareading-tooldict,V(학습도구어),4766,유일,4,,,,,0,검수전
schemareading-tooldict,V(학습도구어),4767,유추,4,,,,,0,검수전
schemareading-tooldict,V(학습도구어),4768,유형02,4,,,,,0,검수전
schemareading-tooldict,V(학습도구어),4769,유형07,4,,,,,0,검수전
schemareading-tooldict,V(학습도구어),4770,유효,4,,,,,0,검수전
schemareading-tooldict,V(학습도구어),4771,인위,4,,,,,0,검수전
schemareading-tooldict,V(학습도구어),4772,인자,4,,,,,0,검수전
schemareading-tooldict,V(학습도구어),4773,인지,4,,,,,0,검수전
schemareading-tooldict,V(학습도구어),4774,일관성,4,,,,,0,검수전
schemareading-tooldict,V(학습도구어),4775,일정01,4,,,,,0,검수전
schemareading-tooldict,V(학습도구어),4776,임의,4,,,,,0,검수전
schemareading-tooldict,V(학습도구어),4777,입장,4,,,,,0,검수전
schemareading-tooldict,V(학습도구어),4864,단적,5,,,,,0,검수전
schemareading-tooldict,V(학습도구어),4865,단절,5,,,,,0,검수전
schemareading-tooldict,V(학습도구어),4866,답03,5,,,,,0,검수전
schemareading-tooldict,V(학습도구어),4867,대두,5,,,,,0,검수전
schemareading-tooldict,V(학습도구어),4868,대등,5,,,,,0,검수전
schemareading-tooldict,V(학습도구어),4836,간략,5,,,,,0,검수전
schemareading-tooldict,V(학습도구어),4869,대범,5,,,,,0,검수전
schemareading-tooldict,V(학습도구어),4870,대입,5,,,,,0,검수전
schemareading-tooldict,V(학습도구어),4871,대조,5,,,,,0,검수전
schemareading-tooldict,V(학습도구어),4872,대체02,5,,,,,0,검수전
schemareading-tooldict,V(학습도구어),4873,대체03,5,,,,,0,검수전
schemareading-tooldict,V(학습도구어),4874,데이터,5,,,,,0,검수전
schemareading-tooldict,V(학습도구어),4875,도식,5,,,,,0,검수전
schemareading-tooldict,V(학습도구어),4876,도출,5,,,,,0,검수전
schemareading-tooldict,V(학습도구어),4877,독립성,5,,,,,0,검수전
schemareading-tooldict,V(학습도구어),4878,독창,5,,,,,0,검수전
schemareading-tooldict,V(학습도구어),4879,동적,5,,,,,0,검수전
schemareading-tooldict,V(학습도구어),4880,동질,5,,,,,0,검수전
schemareading-tooldict,V(학습도구어),4881,동화,5,,,,,0,검수전
schemareading-tooldict,V(학습도구어),4882,드러내다,5,,,,,0,검수전
schemareading-tooldict,V(학습도구어),4883,등05,5,,,,,0,검수전
schemareading-tooldict,V(학습도구어),4884,매개,5,,,,,0,검수전
schemareading-tooldict,V(학습도구어),4885,맥락,5,,,,,0,검수전
schemareading-tooldict,V(학습도구어),4886,명료,5,,,,,0,검수전
schemareading-tooldict,V(학습도구어),4887,명백,5,,,,,0,검수전
schemareading-tooldict,V(학습도구어),4888,모색,5,,,,,0,검수전
schemareading-tooldict,V(학습도구어),4837,감안,5,,,,,0,검수전
schemareading-tooldict,V(학습도구어),4889,무관,5,,,,,0,검수전
schemareading-tooldict,V(학습도구어),4890,무작위,5,,,,,0,검수전
schemareading-tooldict,V(학습도구어),4891,문명,5,,,,,0,검수전
schemareading-tooldict,V(학습도구어),4892,미세,5,,,,,0,검수전
schemareading-tooldict,V(학습도구어),4893,미시,5,,,,,0,검수전
schemareading-tooldict,V(학습도구어),4894,바람직,5,,,,,0,검수전
schemareading-tooldict,V(학습도구어),4838,개관,5,,,,,0,검수전
schemareading-tooldict,V(학습도구어),4895,방어,5,,,,,0,검수전
schemareading-tooldict,V(학습도구어),4839,개괄,5,,,,,0,검수전
schemareading-tooldict,V(학습도구어),4896,배제,5,,,,,0,검수전
schemareading-tooldict,V(학습도구어),4897,변별,5,,,,,0,검수전
schemareading-tooldict,V(학습도구어),4898,변수,5,,,,,0,검수전
schemareading-tooldict,V(학습도구어),4899,별개,5,,,,,0,검수전
schemareading-tooldict,V(학습도구어),4900,보완,5,,,,,0,검수전
schemareading-tooldict,V(학습도구어),4901,반하다,5,,,,,0,검수전
schemareading-tooldict,V(학습도구어),4902,보편성,5,,,,,0,검수전
schemareading-tooldict,V(학습도구어),4903,본격,5,,,,,0,검수전
schemareading-tooldict,V(학습도구어),4904,본론,5,,,,,0,검수전
schemareading-tooldict,V(학습도구어),4905,본질,5,,,,,0,검수전
schemareading-tooldict,V(학습도구어),4906,부가,5,,,,,0,검수전
schemareading-tooldict,V(학습도구어),4907,부각,5,,,,,0,검수전
schemareading-tooldict,V(학습도구어),4908,부합,5,,,,,0,검수전
schemareading-tooldict,V(학습도구어),4909,분배,5,,,,,0,검수전
schemareading-tooldict,V(학습도구어),4910,분산,5,,,,,0,검수전
schemareading-tooldict,V(학습도구어),4911,분화,5,,,,,0,검수전
schemareading-tooldict,V(학습도구어),4912,불과하다,5,,,,,0,검수전
schemareading-tooldict,V(학습도구어),4913,불변,5,,,,,0,검수전
schemareading-tooldict,V(학습도구어),4840,거시,5,,,,,0,검수전
schemareading-tooldict,V(학습도구어),4914,빈도,5,,,,,0,검수전
schemareading-tooldict,V(학습도구어),4915,빈번,5,,,,,0,검수전
schemareading-tooldict,V(학습도구어),4916,사상15,5,,,,,0,검수전
schemareading-tooldict,V(학습도구어),4917,사안,5,,,,,0,검수전
schemareading-tooldict,V(학습도구어),4918,사적02,5,,,,,0,검수전
schemareading-tooldict,V(학습도구어),4919,사진,5,,,,,0,검수전
schemareading-tooldict,V(학습도구어),4841,검정,5,,,,,0,검수전
schemareading-tooldict,V(학습도구어),4920,사후,5,,,,,0,검수전
schemareading-tooldict,V(학습도구어),4921,산출,5,,,,,0,검수전
schemareading-tooldict,V(학습도구어),4922,상기19,5,,,,,0,검수전
schemareading-tooldict,V(학습도구어),4923,상반,5,,,,,0,검수전
schemareading-tooldict,V(학습도구어),4924,상부,5,,,,,0,검수전
schemareading-tooldict,V(학습도구어),4925,상위,5,,,,,0,검수전
schemareading-tooldict,V(학습도구어),4926,상응,5,,,,,0,검수전
schemareading-tooldict,V(학습도구어),4927,상이,5,,,,,0,검수전
schemareading-tooldict,V(학습도구어),4928,상정,5,,,,,0,검수전
schemareading-tooldict,V(학습도구어),4929,상징적,5,,,,,0,검수전
schemareading-tooldict,V(학습도구어),4930,상충,5,,,,,0,검수전
schemareading-tooldict,V(학습도구어),4931,상통,5,,,,,0,검수전
schemareading-tooldict,V(학습도구어),4932,서론,5,,,,,0,검수전
schemareading-tooldict,V(학습도구어),4933,선행,5,,,,,0,검수전
schemareading-tooldict,V(학습도구어),4842,결정01,5,,,,,0,검수전
schemareading-tooldict,V(학습도구어),4934,성향,5,,,,,0,검수전
schemareading-tooldict,V(학습도구어),4935,세분,5,,,,,0,검수전
schemareading-tooldict,V(학습도구어),4936,소위,5,,,,,0,검수전
schemareading-tooldict,V(학습도구어),4937,수동,5,,,,,0,검수전
schemareading-tooldict,V(학습도구어),4938,수렴,5,,,,,0,검수전
schemareading-tooldict,V(학습도구어),4939,수반,5,,,,,0,검수전
schemareading-tooldict,V(학습도구어),4940,숙고,5,,,,,0,검수전
schemareading-tooldict,V(학습도구어),4941,시사,5,,,,,0,검수전
schemareading-tooldict,V(학습도구어),4843,계승,5,,,,,0,검수전
schemareading-tooldict,V(학습도구어),4844,계통,5,,,,,0,검수전
schemareading-tooldict,V(학습도구어),4845,광범위,5,,,,,0,검수전
schemareading-tooldict,V(학습도구어),4834,가변,5,,,,,0,검수전
schemareading-tooldict,V(학습도구어),4846,구축,5,,,,,0,검수전
schemareading-tooldict,V(학습도구어),4847,구현,5,,,,,0,검수전
schemareading-tooldict,V(학습도구어),4848,국면,5,,,,,0,검수전
schemareading-tooldict,V(학습도구어),4849,급진,5,,,,,0,검수전
schemareading-tooldict,V(학습도구어),4850,기술01,5,,,,,0,검수전
schemareading-tooldict,V(학습도구어),4851,기술03,5,,,,,0,검수전
schemareading-tooldict,V(학습도구어),4852,기원04,5,,,,,0,검수전
schemareading-tooldict,V(학습도구어),4853,기원05,5,,,,,0,검수전
schemareading-tooldict,V(학습도구어),4854,난점,5,,,,,0,검수전
schemareading-tooldict,V(학습도구어),4855,내면,5,,,,,0,검수전
schemareading-tooldict,V(학습도구어),4856,내재,5,,,,,0,검수전
schemareading-tooldict,V(학습도구어),4857,논거,5,,,,,0,검수전
schemareading-tooldict,V(학습도구어),4858,논리적,5,,,,,0,검수전
schemareading-tooldict,V(학습도구어),4859,논술,5,,,,,0,검수전
schemareading-tooldict,V(학습도구어),4835,가치관,5,,,,,0,검수전
schemareading-tooldict,V(학습도구어),4860,논점,5,,,,,0,검수전
schemareading-tooldict,V(학습도구어),4861,능동적,5,,,,,0,검수전
schemareading-tooldict,V(학습도구어),4862,다소,5,,,,,0,검수전
schemareading-tooldict,V(학습도구어),4863,단언,5,,,,,0,검수전
schemareading-tooldict,V(학습도구어),4980,결속,6,,,,,0,검수전
schemareading-tooldict,V(학습도구어),4981,결여,6,,,,,0,검수전
schemareading-tooldict,V(학습도구어),4982,고찰,6,,,,,0,검수전
schemareading-tooldict,V(학습도구어),4983,공동체,6,,,,,0,검수전
schemareading-tooldict,V(학습도구어),4984,관통,6,,,,,0,검수전
schemareading-tooldict,V(학습도구어),4985,궁극,6,,,,,0,검수전
schemareading-tooldict,V(학습도구어),4986,극단,6,,,,,0,검수전
schemareading-tooldict,V(학습도구어),4944,엄밀,6,,,,,0,검수전
schemareading-tooldict,V(학습도구어),4987,극대,6,,,,,0,검수전
schemareading-tooldict,V(학습도구어),4988,기각,6,,,,,0,검수전
schemareading-tooldict,V(학습도구어),4989,기인,6,,,,,0,검수전
schemareading-tooldict,V(학습도구어),4990,기호성,6,,,,,0,검수전
schemareading-tooldict,V(학습도구어),4991,내,6,,,,,0,검수전
schemareading-tooldict,V(학습도구어),4992,논증,6,,,,,0,검수전
schemareading-tooldict,V(학습도구어),4993,논지,6,,,,,0,검수전
schemareading-tooldict,V(학습도구어),4994,논하다,6,,,,,0,검수전
schemareading-tooldict,V(학습도구어),4995,매커니즘,6,,,,,0,검수전
schemareading-tooldict,V(학습도구어),4996,명확성,6,,,,,0,검수전
schemareading-tooldict,V(학습도구어),4997,반문,6,,,,,0,검수전
schemareading-tooldict,V(학습도구어),4998,배타,6,,,,,0,검수전
schemareading-tooldict,V(학습도구어),4999,범주,6,,,,,0,검수전
schemareading-tooldict,V(학습도구어),5000,법칙,6,,,,,0,검수전
schemareading-tooldict,V(학습도구어),5001,분절성,6,,,,,0,검수전
schemareading-tooldict,V(학습도구어),5002,신장,6,,,,,0,검수전
schemareading-tooldict,V(학습도구어),5003,실재,6,,,,,0,검수전
schemareading-tooldict,V(학습도구어),5004,실증,6,,,,,0,검수전
schemareading-tooldict,V(학습도구어),5005,실질,6,,,,,0,검수전
schemareading-tooldict,V(학습도구어),5006,심층,6,,,,,0,검수전
schemareading-tooldict,V(학습도구어),5007,아래,6,,,,,0,검수전
schemareading-tooldict,V(학습도구어),5008,암시,6,,,,,0,검수전
schemareading-tooldict,V(학습도구어),4945,오류,6,,,,,0,검수전
schemareading-tooldict,V(학습도구어),5009,양20,6,,,,,0,검수전
schemareading-tooldict,V(학습도구어),5010,양극화,6,,,,,0,검수전
schemareading-tooldict,V(학습도구어),5011,양상,6,,,,,0,검수전
schemareading-tooldict,V(학습도구어),5012,언급,6,,,,,0,검수전
schemareading-tooldict,V(학습도구어),5013,역설02,6,,,,,0,검수전
schemareading-tooldict,V(학습도구어),5014,역점,6,,,,,0,검수전
schemareading-tooldict,V(학습도구어),4946,완결,6,,,,,0,검수전
schemareading-tooldict,V(학습도구어),5015,연쇄,6,,,,,0,검수전
schemareading-tooldict,V(학습도구어),5016,여지,6,,,,,0,검수전
schemareading-tooldict,V(학습도구어),5017,외04,6,,,,,0,검수전
schemareading-tooldict,V(학습도구어),5018,원,6,,,,,0,검수전
schemareading-tooldict,V(학습도구어),5019,이론01,6,,,,,0,검수전
schemareading-tooldict,V(학습도구어),5020,이룩,6,,,,,0,검수전
schemareading-tooldict,V(학습도구어),5021,이면,6,,,,,0,검수전
schemareading-tooldict,V(학습도구어),5022,이면적,6,,,,,0,검수완료
schemareading-tooldict,V(학습도구어),5023,이상하다,6,,,,,0,검수전
schemareading-tooldict,V(학습도구어),5024,이성,6,,,,,0,검수전
schemareading-tooldict,V(학습도구어),5025,입각,6,,,,,0,검수전
schemareading-tooldict,V(학습도구어),4947,왜곡,6,,,,,0,검수전
schemareading-tooldict,V(학습도구어),5026,패러다임,6,,,,,0,검수전
schemareading-tooldict,V(학습도구어),4948,용이,6,,,,,0,검수전
schemareading-tooldict,V(학습도구어),4949,운동,6,,,,,0,검수전
schemareading-tooldict,V(학습도구어),4950,운용,6,,,,,0,검수전
schemareading-tooldict,V(학습도구어),4951,위계,6,,,,,0,검수전
schemareading-tooldict,V(학습도구어),4952,이용01,6,,,,,0,검수전
schemareading-tooldict,V(학습도구어),4953,의지,6,,,,,0,검수전
schemareading-tooldict,V(학습도구어),4954,인하다01,6,,,,,0,검수전
schemareading-tooldict,V(학습도구어),4955,일괄,6,,,,,0,검수전
schemareading-tooldict,V(학습도구어),4956,자발적,6,,,,,0,검수전
schemareading-tooldict,V(학습도구어),4942,아이디어,6,,,,,0,검수전
schemareading-tooldict,V(학습도구어),4957,자아,6,,,,,0,검수전
schemareading-tooldict,V(학습도구어),4958,잠정,6,,,,,0,검수전
schemareading-tooldict,V(학습도구어),4959,전면,6,,,,,0,검수전
schemareading-tooldict,V(학습도구어),4960,전이,6,,,,,0,검수전
schemareading-tooldict,V(학습도구어),4961,전제,6,,,,,0,검수전
schemareading-tooldict,V(학습도구어),4962,전형적,6,,,,,0,검수전
schemareading-tooldict,V(학습도구어),4963,지,6,,,,,0,검수전
schemareading-tooldict,V(학습도구어),4964,창출,6,,,,,0,검수전
schemareading-tooldict,V(학습도구어),4965,체재,6,,,,,0,검수전
schemareading-tooldict,V(학습도구어),4966,총합,6,,,,,0,검수전
schemareading-tooldict,V(학습도구어),4967,추진,6,,,,,0,검수전
schemareading-tooldict,V(학습도구어),4968,취하,6,,,,,0,검수전
schemareading-tooldict,V(학습도구어),4969,타당성,6,,,,,0,검수전
schemareading-tooldict,V(학습도구어),4943,야기,6,,,,,0,검수전
schemareading-tooldict,V(학습도구어),4970,탈피,6,,,,,0,검수전
schemareading-tooldict,V(학습도구어),4971,통찰,6,,,,,0,검수전
schemareading-tooldict,V(학습도구어),4972,합리적,6,,,,,0,검수전
schemareading-tooldict,V(학습도구어),4973,개략,6,,,,,0,검수전
schemareading-tooldict,V(학습도구어),4974,개설02,6,,,,,0,검수전
schemareading-tooldict,V(학습도구어),4975,개진,6,,,,,0,검수전
schemareading-tooldict,V(학습도구어),4976,객관성,6,,,,,0,검수전
schemareading-tooldict,V(학습도구어),4977,객관적,6,,,,,0,검수전
schemareading-tooldict,V(학습도구어),4978,객체,6,,,,,0,검수전
schemareading-tooldict,V(학습도구어),4979,견지,6,,,,,0,검수전
