rule,content_id,level_row_id,lemma,official_grade,proposed_base_level,review_status,old_vocab_level,old_level_status,new_vocab_level,new_level_status,level_version,public_ready,student_exposure
RULE_A,SC_V19100_B100_001,4228,의아스럽다,4,L2,RULE_PROPOSED_PENDING_APPROVAL,3,PROVISIONAL_AUTO,2,PROVISIONAL_AUTO,level_policy_v0.1,0,0
RULE_A,SC_V19100_B100_012,4236,이까짓,4,L2,RULE_PROPOSED_PENDING_APPROVAL,3,PROVISIONAL_AUTO,2,PROVISIONAL_AUTO,level_policy_v0.1,0,0
RULE_A,SC_V19100_B100_016,4240,이러저러하다,4,L2,RULE_PROPOSED_PENDING_APPROVAL,3,PROVISIONAL_AUTO,2,PROVISIONAL_AUTO,level_policy_v0.1,0,0
RULE_A,SC_V19100_B100_020,4244,이리하여,4,L2,RULE_PROPOSED_PENDING_APPROVAL,3,PROVISIONAL_AUTO,2,PROVISIONAL_AUTO,level_policy_v0.1,0,0
RULE_A,SC_V19100_B100_029,4253,이민자,4,L2,RULE_PROPOSED_PENDING_APPROVAL,3,PROVISIONAL_AUTO,2,PROVISIONAL_AUTO,level_policy_v0.1,0,0
RULE_A,SC_V19100_B100_031,4255,이발사,4,L2,RULE_PROPOSED_PENDING_APPROVAL,3,PROVISIONAL_AUTO,2,PROVISIONAL_AUTO,level_policy_v0.1,0,0
RULE_A,SC_V19100_B100_039,4259,이야기꽃,4,L2,RULE_PROPOSED_PENDING_APPROVAL,3,PROVISIONAL_AUTO,2,PROVISIONAL_AUTO,level_policy_v0.1,0,0
RULE_A,SC_V19100_B100_046,4266,이웃사촌,4,L2,RULE_PROPOSED_PENDING_APPROVAL,3,PROVISIONAL_AUTO,2,PROVISIONAL_AUTO,level_policy_v0.1,0,0
RULE_A,SC_V19100_B100_047,4267,이웃하다,4,L2,RULE_PROPOSED_PENDING_APPROVAL,3,PROVISIONAL_AUTO,2,PROVISIONAL_AUTO,level_policy_v0.1,0,0
RULE_A,SC_V19101_B101_008,4276,이탈,4,L2,RULE_PROPOSED_PENDING_APPROVAL,3,PROVISIONAL_AUTO,2,PROVISIONAL_AUTO,level_policy_v0.1,0,0
RULE_A,SC_V19101_B101_014,4280,익살,4,L2,RULE_PROPOSED_PENDING_APPROVAL,3,PROVISIONAL_AUTO,2,PROVISIONAL_AUTO,level_policy_v0.1,0,0
RULE_A,SC_V19101_B101_015,4281,익살스럽다,4,L2,RULE_PROPOSED_PENDING_APPROVAL,3,PROVISIONAL_AUTO,2,PROVISIONAL_AUTO,level_policy_v0.1,0,0
RULE_A,SC_V19101_B101_023,4288,인내력,4,L2,RULE_PROPOSED_PENDING_APPROVAL,3,PROVISIONAL_AUTO,2,PROVISIONAL_AUTO,level_policy_v0.1,0,0
RULE_A,SC_V19101_B101_027,4291,인명사전,4,L2,RULE_PROPOSED_PENDING_APPROVAL,3,PROVISIONAL_AUTO,2,PROVISIONAL_AUTO,level_policy_v0.1,0,0
RULE_A,SC_V19101_B101_032,4295,인생사,4,L2,RULE_PROPOSED_PENDING_APPROVAL,3,PROVISIONAL_AUTO,2,PROVISIONAL_AUTO,level_policy_v0.1,0,0
RULE_A,SC_V19101_B101_039,4302,인지도,4,L2,RULE_PROPOSED_PENDING_APPROVAL,3,PROVISIONAL_AUTO,2,PROVISIONAL_AUTO,level_policy_v0.1,0,0
RULE_A,SC_V19101_B101_040,4303,인터폰,4,L2,RULE_PROPOSED_PENDING_APPROVAL,3,PROVISIONAL_AUTO,2,PROVISIONAL_AUTO,level_policy_v0.1,0,0
RULE_A,SC_V19101_B101_041,4304,인파,4,L2,RULE_PROPOSED_PENDING_APPROVAL,3,PROVISIONAL_AUTO,2,PROVISIONAL_AUTO,level_policy_v0.1,0,0
RULE_A,SC_V19102_B102_011,4322,일조량,4,L2,RULE_PROPOSED_PENDING_APPROVAL,3,PROVISIONAL_AUTO,2,PROVISIONAL_AUTO,level_policy_v0.1,0,0
RULE_A,SC_V19102_B102_013,4324,일층,4,L2,RULE_PROPOSED_PENDING_APPROVAL,3,PROVISIONAL_AUTO,2,PROVISIONAL_AUTO,level_policy_v0.1,0,0
RULE_A,SC_V19102_B102_014,4325,일편단심,4,L2,RULE_PROPOSED_PENDING_APPROVAL,3,PROVISIONAL_AUTO,2,PROVISIONAL_AUTO,level_policy_v0.1,0,0
RULE_A,SC_V19102_B102_019,4329,임기응변,4,L2,RULE_PROPOSED_PENDING_APPROVAL,3,PROVISIONAL_AUTO,2,PROVISIONAL_AUTO,level_policy_v0.1,0,0
RULE_A,SC_V19102_B102_020,4330,임대료,4,L2,RULE_PROPOSED_PENDING_APPROVAL,3,PROVISIONAL_AUTO,2,PROVISIONAL_AUTO,level_policy_v0.1,0,0
RULE_A,SC_V19102_B102_023,4333,임명장,4,L2,RULE_PROPOSED_PENDING_APPROVAL,3,PROVISIONAL_AUTO,2,PROVISIONAL_AUTO,level_policy_v0.1,0,0
RULE_A,SC_V19102_B102_027,4336,임원회,4,L2,RULE_PROPOSED_PENDING_APPROVAL,3,PROVISIONAL_AUTO,2,PROVISIONAL_AUTO,level_policy_v0.1,0,0
RULE_A,SC_V19102_B102_029,4337,입바람,4,L2,RULE_PROPOSED_PENDING_APPROVAL,3,PROVISIONAL_AUTO,2,PROVISIONAL_AUTO,level_policy_v0.1,0,0
RULE_A,SC_V19102_B102_040,4346,입후보하다,4,L2,RULE_PROPOSED_PENDING_APPROVAL,3,PROVISIONAL_AUTO,2,PROVISIONAL_AUTO,level_policy_v0.1,0,0
RULE_A,SC_V19103_B103_001,4355,자급자족하다,4,L2,RULE_PROPOSED_PENDING_APPROVAL,3,PROVISIONAL_AUTO,2,PROVISIONAL_AUTO,level_policy_v0.1,0,0
RULE_A,SC_V19103_B103_005,4359,자동식,4,L2,RULE_PROPOSED_PENDING_APPROVAL,3,REVIEW_BOUNDARY,2,REVIEW_BOUNDARY,level_policy_v0.1,0,0
RULE_A,SC_V19103_B103_014,4367,자비롭다,4,L2,RULE_PROPOSED_PENDING_APPROVAL,3,PROVISIONAL_AUTO,2,PROVISIONAL_AUTO,level_policy_v0.1,0,0
RULE_A,SC_V19103_B103_017,4369,자애롭다,4,L2,RULE_PROPOSED_PENDING_APPROVAL,3,PROVISIONAL_AUTO,2,PROVISIONAL_AUTO,level_policy_v0.1,0,0
RULE_A,SC_V19103_B103_018,4370,자연산,4,L2,RULE_PROPOSED_PENDING_APPROVAL,3,PROVISIONAL_AUTO,2,PROVISIONAL_AUTO,level_policy_v0.1,0,0
RULE_A,SC_V19103_B103_027,4379,자제력,4,L2,RULE_PROPOSED_PENDING_APPROVAL,3,PROVISIONAL_AUTO,2,PROVISIONAL_AUTO,level_policy_v0.1,0,0
RULE_A,SC_V19103_B103_031,4382,자책하다,4,L2,RULE_PROPOSED_PENDING_APPROVAL,3,PROVISIONAL_AUTO,2,PROVISIONAL_AUTO,level_policy_v0.1,0,0
RULE_A,SC_V19103_B103_032,4383,자초지종,4,L2,RULE_PROPOSED_PENDING_APPROVAL,3,PROVISIONAL_AUTO,2,PROVISIONAL_AUTO,level_policy_v0.1,0,0
RULE_A,SC_V19103_B103_040,4390,작디작다,4,L2,RULE_PROPOSED_PENDING_APPROVAL,3,PROVISIONAL_AUTO,2,PROVISIONAL_AUTO,level_policy_v0.1,0,0
RULE_A,SC_V19103_B103_045,4395,작심삼일,4,L2,RULE_PROPOSED_PENDING_APPROVAL,3,PROVISIONAL_AUTO,2,PROVISIONAL_AUTO,level_policy_v0.1,0,0
RULE_A,SC_V19104_B104_025,4420,잠재되다,4,L2,RULE_PROPOSED_PENDING_APPROVAL,3,PROVISIONAL_AUTO,2,PROVISIONAL_AUTO,level_policy_v0.1,0,0
RULE_A,SC_V19104_B104_026,4421,잠재하다,4,L2,RULE_PROPOSED_PENDING_APPROVAL,3,PROVISIONAL_AUTO,2,PROVISIONAL_AUTO,level_policy_v0.1,0,0
RULE_A,SC_V19104_B104_027,4422,잡다하다,4,L2,RULE_PROPOSED_PENDING_APPROVAL,3,PROVISIONAL_AUTO,2,PROVISIONAL_AUTO,level_policy_v0.1,0,0
RULE_A,SC_V19104_B104_032,4427,잡지사,4,L2,RULE_PROPOSED_PENDING_APPROVAL,3,PROVISIONAL_AUTO,2,PROVISIONAL_AUTO,level_policy_v0.1,0,0
RULE_A,SC_V19104_B104_037,4432,장난삼다,4,L2,RULE_PROPOSED_PENDING_APPROVAL,3,PROVISIONAL_AUTO,2,PROVISIONAL_AUTO,level_policy_v0.1,0,0
RULE_A,SC_V19104_B104_038,4433,장날,4,L2,RULE_PROPOSED_PENDING_APPROVAL,3,PROVISIONAL_AUTO,2,PROVISIONAL_AUTO,level_policy_v0.1,0,0
RULE_A,SC_V19104_B104_041,4435,장도리,4,L2,RULE_PROPOSED_PENDING_APPROVAL,3,PROVISIONAL_AUTO,2,PROVISIONAL_AUTO,level_policy_v0.1,0,0
RULE_A,SC_V19104_B104_043,4437,장독대,4,L2,RULE_PROPOSED_PENDING_APPROVAL,3,PROVISIONAL_AUTO,2,PROVISIONAL_AUTO,level_policy_v0.1,0,0
RULE_A,SC_V19104_B104_045,4439,장려금,4,L2,RULE_PROPOSED_PENDING_APPROVAL,3,PROVISIONAL_AUTO,2,PROVISIONAL_AUTO,level_policy_v0.1,0,0
RULE_A,SC_V19105_B105_004,4445,장삿배,4,L2,RULE_PROPOSED_PENDING_APPROVAL,3,PROVISIONAL_AUTO,2,PROVISIONAL_AUTO,level_policy_v0.1,0,0
RULE_A,SC_V19105_B105_005,4446,장손,4,L2,RULE_PROPOSED_PENDING_APPROVAL,3,PROVISIONAL_AUTO,2,PROVISIONAL_AUTO,level_policy_v0.1,0,0
RULE_A,SC_V19105_B105_007,4448,장아찌,4,L2,RULE_PROPOSED_PENDING_APPROVAL,3,PROVISIONAL_AUTO,2,PROVISIONAL_AUTO,level_policy_v0.1,0,0
RULE_A,SC_V19105_B105_016,4455,재개되다,4,L2,RULE_PROPOSED_PENDING_APPROVAL,3,PROVISIONAL_AUTO,2,PROVISIONAL_AUTO,level_policy_v0.1,0,0
RULE_A,SC_V19105_B105_017,4456,재검토하다,4,L2,RULE_PROPOSED_PENDING_APPROVAL,3,PROVISIONAL_AUTO,2,PROVISIONAL_AUTO,level_policy_v0.1,0,0
RULE_A,SC_V19105_B105_019,4457,재래시장,4,L2,RULE_PROPOSED_PENDING_APPROVAL,3,PROVISIONAL_AUTO,2,PROVISIONAL_AUTO,level_policy_v0.1,0,0
RULE_A,SC_V19105_B105_020,4458,재래식,4,L2,RULE_PROPOSED_PENDING_APPROVAL,3,PROVISIONAL_AUTO,2,PROVISIONAL_AUTO,level_policy_v0.1,0,0
RULE_A,SC_V19105_B105_022,4460,재발급,4,L2,RULE_PROPOSED_PENDING_APPROVAL,3,PROVISIONAL_AUTO,2,PROVISIONAL_AUTO,level_policy_v0.1,0,0
RULE_A,SC_V19105_B105_027,4465,재앙,4,L2,RULE_PROPOSED_PENDING_APPROVAL,3,PROVISIONAL_AUTO,2,PROVISIONAL_AUTO,level_policy_v0.1,0,0
RULE_A,SC_V19105_B105_032,4470,재택근무,4,L2,RULE_PROPOSED_PENDING_APPROVAL,3,PROVISIONAL_AUTO,2,PROVISIONAL_AUTO,level_policy_v0.1,0,0
RULE_A,SC_V19105_B105_043,4479,저공해,4,L2,RULE_PROPOSED_PENDING_APPROVAL,3,PROVISIONAL_AUTO,2,PROVISIONAL_AUTO,level_policy_v0.1,0,0
RULE_A,SC_V19105_B105_048,4484,저벅저벅,4,L2,RULE_PROPOSED_PENDING_APPROVAL,3,PROVISIONAL_AUTO,2,PROVISIONAL_AUTO,level_policy_v0.1,0,0
RULE_A,SC_V19106_B106_001,4485,저울대,4,L2,RULE_PROPOSED_PENDING_APPROVAL,3,PROVISIONAL_AUTO,2,PROVISIONAL_AUTO,level_policy_v0.1,0,0
RULE_A,SC_V19106_B106_002,4486,저작물,4,L2,RULE_PROPOSED_PENDING_APPROVAL,3,PROVISIONAL_AUTO,2,PROVISIONAL_AUTO,level_policy_v0.1,0,0
RULE_A,SC_V19106_B106_003,4487,저작자,4,L2,RULE_PROPOSED_PENDING_APPROVAL,3,PROVISIONAL_AUTO,2,PROVISIONAL_AUTO,level_policy_v0.1,0,0
RULE_A,SC_V19106_B106_004,4488,저장고,4,L2,RULE_PROPOSED_PENDING_APPROVAL,3,PROVISIONAL_AUTO,2,PROVISIONAL_AUTO,level_policy_v0.1,0,0
RULE_A,SC_V19106_B106_006,4490,저토록,4,L2,RULE_PROPOSED_PENDING_APPROVAL,3,PROVISIONAL_AUTO,2,PROVISIONAL_AUTO,level_policy_v0.1,0,0
RULE_A,SC_V19106_B106_010,4494,적대감,4,L2,RULE_PROPOSED_PENDING_APPROVAL,3,PROVISIONAL_AUTO,2,PROVISIONAL_AUTO,level_policy_v0.1,0,0
RULE_A,SC_V19106_B106_016,4497,전광판,4,L2,RULE_PROPOSED_PENDING_APPROVAL,3,PROVISIONAL_AUTO,2,PROVISIONAL_AUTO,level_policy_v0.1,0,0
RULE_A,SC_V19106_B106_018,4499,전기밥솥,4,L2,RULE_PROPOSED_PENDING_APPROVAL,3,PROVISIONAL_AUTO,2,PROVISIONAL_AUTO,level_policy_v0.1,0,0
RULE_A,SC_V19106_B106_019,4500,전기세,4,L2,RULE_PROPOSED_PENDING_APPROVAL,3,PROVISIONAL_AUTO,2,PROVISIONAL_AUTO,level_policy_v0.1,0,0
RULE_A,SC_V19106_B106_020,4501,전기솥,4,L2,RULE_PROPOSED_PENDING_APPROVAL,3,PROVISIONAL_AUTO,2,PROVISIONAL_AUTO,level_policy_v0.1,0,0
RULE_A,SC_V19106_B106_021,4502,전기스탠드,4,L2,RULE_PROPOSED_PENDING_APPROVAL,3,PROVISIONAL_AUTO,2,PROVISIONAL_AUTO,level_policy_v0.1,0,0
RULE_A,SC_V19106_B106_022,4503,전기차,4,L2,RULE_PROPOSED_PENDING_APPROVAL,3,PROVISIONAL_AUTO,2,PROVISIONAL_AUTO,level_policy_v0.1,0,0
RULE_A,SC_V19106_B106_025,4506,전등갓,4,L2,RULE_PROPOSED_PENDING_APPROVAL,3,PROVISIONAL_AUTO,2,PROVISIONAL_AUTO,level_policy_v0.1,0,0
RULE_A,SC_V19106_B106_027,4508,전람회,4,L2,RULE_PROPOSED_PENDING_APPROVAL,3,PROVISIONAL_AUTO,2,PROVISIONAL_AUTO,level_policy_v0.1,0,0
RULE_A,SC_V19106_B106_036,4515,전승되다,4,L2,RULE_PROPOSED_PENDING_APPROVAL,3,PROVISIONAL_AUTO,2,PROVISIONAL_AUTO,level_policy_v0.1,0,0
RULE_A,SC_V19106_B106_043,4522,전신주,4,L2,RULE_PROPOSED_PENDING_APPROVAL,3,PROVISIONAL_AUTO,2,PROVISIONAL_AUTO,level_policy_v0.1,0,0
RULE_A,SC_V19106_B106_045,4524,전원주택,4,L2,RULE_PROPOSED_PENDING_APPROVAL,3,PROVISIONAL_AUTO,2,PROVISIONAL_AUTO,level_policy_v0.1,0,0
RULE_A,SC_V19106_B106_046,4525,전유물,4,L2,RULE_PROPOSED_PENDING_APPROVAL,3,PROVISIONAL_AUTO,2,PROVISIONAL_AUTO,level_policy_v0.1,0,0
RULE_A,SC_V19106_B106_047,4526,전자시계,4,L2,RULE_PROPOSED_PENDING_APPROVAL,3,PROVISIONAL_AUTO,2,PROVISIONAL_AUTO,level_policy_v0.1,0,0
RULE_A,SC_V19106_B106_048,4527,전자저울,4,L2,RULE_PROPOSED_PENDING_APPROVAL,3,PROVISIONAL_AUTO,2,PROVISIONAL_AUTO,level_policy_v0.1,0,0
RULE_A,SC_V19106_B106_049,4528,전자책,4,L2,RULE_PROPOSED_PENDING_APPROVAL,3,PROVISIONAL_AUTO,2,PROVISIONAL_AUTO,level_policy_v0.1,0,0
RULE_A,SC_V19107_B107_004,4530,전조등,4,L2,RULE_PROPOSED_PENDING_APPROVAL,3,PROVISIONAL_AUTO,2,PROVISIONAL_AUTO,level_policy_v0.1,0,0
RULE_A,SC_V19107_B107_009,4533,전학생,4,L2,RULE_PROPOSED_PENDING_APPROVAL,3,PROVISIONAL_AUTO,2,PROVISIONAL_AUTO,level_policy_v0.1,0,0
RULE_A,SC_V19107_B107_010,4534,전학하다,4,L2,RULE_PROPOSED_PENDING_APPROVAL,3,PROVISIONAL_AUTO,2,PROVISIONAL_AUTO,level_policy_v0.1,0,0
RULE_A,SC_V19107_B107_011,4535,전화국,4,L2,RULE_PROPOSED_PENDING_APPROVAL,3,PROVISIONAL_AUTO,2,PROVISIONAL_AUTO,level_policy_v0.1,0,0
RULE_A,SC_V19107_B107_014,4538,전화선,4,L2,RULE_PROPOSED_PENDING_APPROVAL,3,PROVISIONAL_AUTO,2,PROVISIONAL_AUTO,level_policy_v0.1,0,0
RULE_A,SC_V19107_B107_015,4539,전환점,4,L2,RULE_PROPOSED_PENDING_APPROVAL,3,PROVISIONAL_AUTO,2,PROVISIONAL_AUTO,level_policy_v0.1,0,0
RULE_A,SC_V19107_B107_016,4540,전후좌우,4,L2,RULE_PROPOSED_PENDING_APPROVAL,3,PROVISIONAL_AUTO,2,PROVISIONAL_AUTO,level_policy_v0.1,0,0
RULE_A,SC_V19107_B107_017,4541,절굿공이,4,L2,RULE_PROPOSED_PENDING_APPROVAL,3,PROVISIONAL_AUTO,2,PROVISIONAL_AUTO,level_policy_v0.1,0,0
RULE_A,SC_V19107_B107_024,4545,절약되다,4,L2,RULE_PROPOSED_PENDING_APPROVAL,3,PROVISIONAL_AUTO,2,PROVISIONAL_AUTO,level_policy_v0.1,0,0
RULE_A,SC_V19107_B107_027,4548,점찍다,4,L2,RULE_PROPOSED_PENDING_APPROVAL,3,PROVISIONAL_AUTO,2,PROVISIONAL_AUTO,level_policy_v0.1,0,0
RULE_A,SC_V19107_B107_034,4555,접이식,4,L2,RULE_PROPOSED_PENDING_APPROVAL,3,PROVISIONAL_AUTO,2,PROVISIONAL_AUTO,level_policy_v0.1,0,0
RULE_A,SC_V19107_B107_039,4560,정글짐,4,L2,RULE_PROPOSED_PENDING_APPROVAL,3,PROVISIONAL_AUTO,2,PROVISIONAL_AUTO,level_policy_v0.1,0,0
RULE_A,SC_V19107_B107_040,4561,정년퇴직,4,L2,RULE_PROPOSED_PENDING_APPROVAL,3,PROVISIONAL_AUTO,2,PROVISIONAL_AUTO,level_policy_v0.1,0,0
RULE_A,SC_V19107_B107_044,4565,정반대되다,4,L2,RULE_PROPOSED_PENDING_APPROVAL,3,PROVISIONAL_AUTO,2,PROVISIONAL_AUTO,level_policy_v0.1,0,0
RULE_A,SC_V19108_B108_001,4569,정성스레,4,L2,RULE_PROPOSED_PENDING_APPROVAL,3,PROVISIONAL_AUTO,2,PROVISIONAL_AUTO,level_policy_v0.1,0,0
RULE_A,SC_V19108_B108_005,4573,정열,4,L2,RULE_PROPOSED_PENDING_APPROVAL,3,PROVISIONAL_AUTO,2,PROVISIONAL_AUTO,level_policy_v0.1,0,0
RULE_A,SC_V19108_B108_007,4575,정원사,4,L2,RULE_PROPOSED_PENDING_APPROVAL,3,PROVISIONAL_AUTO,2,PROVISIONAL_AUTO,level_policy_v0.1,0,0
RULE_A,SC_V19108_B108_012,4580,정자나무,4,L2,RULE_PROPOSED_PENDING_APPROVAL,3,PROVISIONAL_AUTO,2,PROVISIONAL_AUTO,level_policy_v0.1,0,0
RULE_A,SC_V19108_B108_013,4581,정정당당히,4,L2,RULE_PROPOSED_PENDING_APPROVAL,3,PROVISIONAL_AUTO,2,PROVISIONAL_AUTO,level_policy_v0.1,0,0
RULE_A,SC_V19108_B108_016,4584,정직성,4,L2,RULE_PROPOSED_PENDING_APPROVAL,3,REVIEW_BOUNDARY,2,REVIEW_BOUNDARY,level_policy_v0.1,0,0
RULE_A,SC_V19108_B108_018,4585,정탐,4,L2,RULE_PROPOSED_PENDING_APPROVAL,3,PROVISIONAL_AUTO,2,PROVISIONAL_AUTO,level_policy_v0.1,0,0
RULE_A,SC_V19108_B108_019,4586,젖니,4,L2,RULE_PROPOSED_PENDING_APPROVAL,3,PROVISIONAL_AUTO,2,PROVISIONAL_AUTO,level_policy_v0.1,0,0
RULE_A,SC_V19108_B108_020,4587,제값,4,L2,RULE_PROPOSED_PENDING_APPROVAL,3,PROVISIONAL_AUTO,2,PROVISIONAL_AUTO,level_policy_v0.1,0,0
RULE_A,SC_V19108_B108_021,4588,제격,4,L2,RULE_PROPOSED_PENDING_APPROVAL,3,PROVISIONAL_AUTO,2,PROVISIONAL_AUTO,level_policy_v0.1,0,0
RULE_A,SC_V19108_B108_024,4591,제날짜,4,L2,RULE_PROPOSED_PENDING_APPROVAL,3,PROVISIONAL_AUTO,2,PROVISIONAL_AUTO,level_policy_v0.1,0,0
RULE_A,SC_V19108_B108_033,4597,제안자,4,L2,RULE_PROPOSED_PENDING_APPROVAL,3,PROVISIONAL_AUTO,2,PROVISIONAL_AUTO,level_policy_v0.1,0,0
RULE_A,SC_V19108_B108_042,4606,제정되다,4,L2,RULE_PROPOSED_PENDING_APPROVAL,3,PROVISIONAL_AUTO,2,PROVISIONAL_AUTO,level_policy_v0.1,0,0
RULE_A,SC_V19108_B108_043,4607,제조법,4,L2,RULE_PROPOSED_PENDING_APPROVAL,3,PROVISIONAL_AUTO,2,PROVISIONAL_AUTO,level_policy_v0.1,0,0
RULE_A,SC_V19108_B108_050,4613,조감도,4,L2,RULE_PROPOSED_PENDING_APPROVAL,3,PROVISIONAL_AUTO,2,PROVISIONAL_AUTO,level_policy_v0.1,0,0
RULE_A,SC_V19109_B109_001,4614,조개류,4,L2,RULE_PROPOSED_PENDING_APPROVAL,3,PROVISIONAL_AUTO,2,PROVISIONAL_AUTO,level_policy_v0.1,0,0
RULE_A,SC_V19109_B109_004,4616,조난,4,L2,RULE_PROPOSED_PENDING_APPROVAL,3,PROVISIONAL_AUTO,2,PROVISIONAL_AUTO,level_policy_v0.1,0,0
RULE_A,SC_V19109_B109_005,4617,조련사,4,L2,RULE_PROPOSED_PENDING_APPROVAL,3,PROVISIONAL_AUTO,2,PROVISIONAL_AUTO,level_policy_v0.1,0,0
RULE_A,SC_V19109_B109_006,4618,조리법,4,L2,RULE_PROPOSED_PENDING_APPROVAL,3,PROVISIONAL_AUTO,2,PROVISIONAL_AUTO,level_policy_v0.1,0,0
RULE_A,SC_V19109_B109_008,4620,조립되다,4,L2,RULE_PROPOSED_PENDING_APPROVAL,3,PROVISIONAL_AUTO,2,PROVISIONAL_AUTO,level_policy_v0.1,0,0
RULE_A,SC_V19109_B109_009,4621,조립식,4,L2,RULE_PROPOSED_PENDING_APPROVAL,3,REVIEW_BOUNDARY,2,REVIEW_BOUNDARY,level_policy_v0.1,0,0
RULE_A,SC_V19109_B109_012,4623,조물조물,4,L2,RULE_PROPOSED_PENDING_APPROVAL,3,PROVISIONAL_AUTO,2,PROVISIONAL_AUTO,level_policy_v0.1,0,0
RULE_A,SC_V19109_B109_015,4626,조사단,4,L2,RULE_PROPOSED_PENDING_APPROVAL,3,PROVISIONAL_AUTO,2,PROVISIONAL_AUTO,level_policy_v0.1,0,0
RULE_A,SC_V19109_B109_016,4627,조사실,4,L2,RULE_PROPOSED_PENDING_APPROVAL,3,PROVISIONAL_AUTO,2,PROVISIONAL_AUTO,level_policy_v0.1,0,0
RULE_A,SC_V19109_B109_017,4628,조사표,4,L2,RULE_PROPOSED_PENDING_APPROVAL,3,PROVISIONAL_AUTO,2,PROVISIONAL_AUTO,level_policy_v0.1,0,0
RULE_A,SC_V19109_B109_024,4633,조정력,4,L2,RULE_PROPOSED_PENDING_APPROVAL,3,PROVISIONAL_AUTO,2,PROVISIONAL_AUTO,level_policy_v0.1,0,0
RULE_A,SC_V19109_B109_026,4634,조청,4,L2,RULE_PROPOSED_PENDING_APPROVAL,3,PROVISIONAL_AUTO,2,PROVISIONAL_AUTO,level_policy_v0.1,0,0
RULE_A,SC_V19109_B109_029,4636,조형물,4,L2,RULE_PROPOSED_PENDING_APPROVAL,3,PROVISIONAL_AUTO,2,PROVISIONAL_AUTO,level_policy_v0.1,0,0
RULE_A,SC_V19109_B109_033,4640,존경심,4,L2,RULE_PROPOSED_PENDING_APPROVAL,3,PROVISIONAL_AUTO,2,PROVISIONAL_AUTO,level_policy_v0.1,0,0
RULE_A,SC_V19109_B109_034,4641,존엄성,4,L2,RULE_PROPOSED_PENDING_APPROVAL,3,REVIEW_BOUNDARY,2,REVIEW_BOUNDARY,level_policy_v0.1,0,0
RULE_A,SC_V19109_B109_035,4642,존엄하다,4,L2,RULE_PROPOSED_PENDING_APPROVAL,3,REVIEW_BOUNDARY,2,REVIEW_BOUNDARY,level_policy_v0.1,0,0
RULE_A,SC_V19109_B109_043,4648,종례,4,L2,RULE_PROPOSED_PENDING_APPROVAL,3,PROVISIONAL_AUTO,2,PROVISIONAL_AUTO,level_policy_v0.1,0,0
RULE_A,SC_V19109_B109_045,4650,종료하다,4,L2,RULE_PROPOSED_PENDING_APPROVAL,3,PROVISIONAL_AUTO,2,PROVISIONAL_AUTO,level_policy_v0.1,0,0
RULE_A,SC_V19109_B109_047,4651,종사자,4,L2,RULE_PROPOSED_PENDING_APPROVAL,3,PROVISIONAL_AUTO,2,PROVISIONAL_AUTO,level_policy_v0.1,0,0
RULE_A,SC_V19109_B109_048,4652,종알종알,4,L2,RULE_PROPOSED_PENDING_APPROVAL,3,REVIEW_BOUNDARY,2,REVIEW_BOUNDARY,level_policy_v0.1,0,0
RULE_A,SC_V19110_B110_014,4667,죄의식,4,L2,RULE_PROPOSED_PENDING_APPROVAL,3,PROVISIONAL_AUTO,2,PROVISIONAL_AUTO,level_policy_v0.1,0,0
RULE_A,SC_V19110_B110_015,4668,죄책감,4,L2,RULE_PROPOSED_PENDING_APPROVAL,3,PROVISIONAL_AUTO,2,PROVISIONAL_AUTO,level_policy_v0.1,0,0
RULE_A,SC_V19110_B110_017,4670,주거비,4,L2,RULE_PROPOSED_PENDING_APPROVAL,3,PROVISIONAL_AUTO,2,PROVISIONAL_AUTO,level_policy_v0.1,0,0
RULE_A,SC_V19110_B110_020,4672,주도권,4,L2,RULE_PROPOSED_PENDING_APPROVAL,3,PROVISIONAL_AUTO,2,PROVISIONAL_AUTO,level_policy_v0.1,0,0
RULE_A,SC_V19110_B110_025,4674,주름잡다,4,L2,RULE_PROPOSED_PENDING_APPROVAL,3,PROVISIONAL_AUTO,2,PROVISIONAL_AUTO,level_policy_v0.1,0,0
RULE_A,SC_V19110_B110_030,4675,주목적,4,L2,RULE_PROPOSED_PENDING_APPROVAL,3,PROVISIONAL_AUTO,2,PROVISIONAL_AUTO,level_policy_v0.1,0,0
RULE_A,SC_V19110_B110_031,4676,주물럭거리다,4,L2,RULE_PROPOSED_PENDING_APPROVAL,3,PROVISIONAL_AUTO,2,PROVISIONAL_AUTO,level_policy_v0.1,0,0
RULE_A,SC_V19110_B110_044,4686,주제어,4,L2,RULE_PROPOSED_PENDING_APPROVAL,3,PROVISIONAL_AUTO,2,PROVISIONAL_AUTO,level_policy_v0.1,0,0
RULE_A,SC_V19110_B110_049,4690,주춤,4,L2,RULE_PROPOSED_PENDING_APPROVAL,3,PROVISIONAL_AUTO,2,PROVISIONAL_AUTO,level_policy_v0.1,0,0
RULE_A,SC_V19111_B111_004,4695,죽순,4,L2,RULE_PROPOSED_PENDING_APPROVAL,3,PROVISIONAL_AUTO,2,PROVISIONAL_AUTO,level_policy_v0.1,0,0
RULE_A,SC_V19111_B111_008,4698,준법성,4,L2,RULE_PROPOSED_PENDING_APPROVAL,3,REVIEW_BOUNDARY,2,REVIEW_BOUNDARY,level_policy_v0.1,0,0
RULE_A,SC_V19111_B111_009,4699,준우승,4,L2,RULE_PROPOSED_PENDING_APPROVAL,3,PROVISIONAL_AUTO,2,PROVISIONAL_AUTO,level_policy_v0.1,0,0
RULE_A,SC_V19111_B111_018,4708,중간중간,4,L2,RULE_PROPOSED_PENDING_APPROVAL,3,PROVISIONAL_AUTO,2,PROVISIONAL_AUTO,level_policy_v0.1,0,0
RULE_A,SC_V19111_B111_020,4710,중고등학생,4,L2,RULE_PROPOSED_PENDING_APPROVAL,3,PROVISIONAL_AUTO,2,PROVISIONAL_AUTO,level_policy_v0.1,0,0
RULE_A,SC_V19111_B111_032,4719,중심인물,4,L2,RULE_PROPOSED_PENDING_APPROVAL,3,PROVISIONAL_AUTO,2,PROVISIONAL_AUTO,level_policy_v0.1,0,0
RULE_A,SC_V19111_B111_034,4721,중장비,4,L2,RULE_PROPOSED_PENDING_APPROVAL,3,PROVISIONAL_AUTO,2,PROVISIONAL_AUTO,level_policy_v0.1,0,0
RULE_A,SC_V19111_B111_042,4726,즉위,4,L2,RULE_PROPOSED_PENDING_APPROVAL,3,PROVISIONAL_AUTO,2,PROVISIONAL_AUTO,level_policy_v0.1,0,0
RULE_A,SC_V19111_B111_043,4727,즉위식,4,L2,RULE_PROPOSED_PENDING_APPROVAL,3,PROVISIONAL_AUTO,2,PROVISIONAL_AUTO,level_policy_v0.1,0,0
RULE_A,SC_V19111_B111_044,4728,즉위하다,4,L2,RULE_PROPOSED_PENDING_APPROVAL,3,PROVISIONAL_AUTO,2,PROVISIONAL_AUTO,level_policy_v0.1,0,0
RULE_A,SC_V19111_B111_045,4729,즉흥,4,L2,RULE_PROPOSED_PENDING_APPROVAL,3,PROVISIONAL_AUTO,2,PROVISIONAL_AUTO,level_policy_v0.1,0,0
RULE_A,SC_V19112_B112_001,4734,증조,4,L2,RULE_PROPOSED_PENDING_APPROVAL,3,PROVISIONAL_AUTO,2,PROVISIONAL_AUTO,level_policy_v0.1,0,0
RULE_A,SC_V19112_B112_002,4735,증조모,4,L2,RULE_PROPOSED_PENDING_APPROVAL,3,PROVISIONAL_AUTO,2,PROVISIONAL_AUTO,level_policy_v0.1,0,0
RULE_A,SC_V19112_B112_003,4736,증조부,4,L2,RULE_PROPOSED_PENDING_APPROVAL,3,PROVISIONAL_AUTO,2,PROVISIONAL_AUTO,level_policy_v0.1,0,0
RULE_A,SC_V19112_B112_004,4737,증조할머니,4,L2,RULE_PROPOSED_PENDING_APPROVAL,3,PROVISIONAL_AUTO,2,PROVISIONAL_AUTO,level_policy_v0.1,0,0
RULE_A,SC_V19112_B112_005,4738,증조할머님,4,L2,RULE_PROPOSED_PENDING_APPROVAL,3,PROVISIONAL_AUTO,2,PROVISIONAL_AUTO,level_policy_v0.1,0,0
RULE_A,SC_V19112_B112_006,4739,증조할아버지,4,L2,RULE_PROPOSED_PENDING_APPROVAL,3,PROVISIONAL_AUTO,2,PROVISIONAL_AUTO,level_policy_v0.1,0,0
RULE_A,SC_V19112_B112_009,4741,지구력,4,L2,RULE_PROPOSED_PENDING_APPROVAL,3,PROVISIONAL_AUTO,2,PROVISIONAL_AUTO,level_policy_v0.1,0,0
RULE_A,SC_V19112_B112_018,4748,지명되다,4,L2,RULE_PROPOSED_PENDING_APPROVAL,3,PROVISIONAL_AUTO,2,PROVISIONAL_AUTO,level_policy_v0.1,0,0
RULE_A,SC_V19112_B112_019,4749,지목되다,4,L2,RULE_PROPOSED_PENDING_APPROVAL,3,PROVISIONAL_AUTO,2,PROVISIONAL_AUTO,level_policy_v0.1,0,0
RULE_A,SC_V19112_B112_029,4756,지점토,4,L2,RULE_PROPOSED_PENDING_APPROVAL,3,PROVISIONAL_AUTO,2,PROVISIONAL_AUTO,level_policy_v0.1,0,0
RULE_A,SC_V19112_B112_031,4758,지정석,4,L2,RULE_PROPOSED_PENDING_APPROVAL,3,PROVISIONAL_AUTO,2,PROVISIONAL_AUTO,level_policy_v0.1,0,0
RULE_A,SC_V19112_B112_037,4764,지하자원,4,L2,RULE_PROPOSED_PENDING_APPROVAL,3,PROVISIONAL_AUTO,2,PROVISIONAL_AUTO,level_policy_v0.1,0,0
RULE_A,SC_V19112_B112_042,4767,직매장,4,L2,RULE_PROPOSED_PENDING_APPROVAL,3,PROVISIONAL_AUTO,2,PROVISIONAL_AUTO,level_policy_v0.1,0,0
RULE_A,SC_V19112_B112_043,4768,직매점,4,L2,RULE_PROPOSED_PENDING_APPROVAL,3,PROVISIONAL_AUTO,2,PROVISIONAL_AUTO,level_policy_v0.1,0,0
RULE_A,SC_V19112_B112_044,4769,직무,4,L2,RULE_PROPOSED_PENDING_APPROVAL,3,PROVISIONAL_AUTO,2,PROVISIONAL_AUTO,level_policy_v0.1,0,0
RULE_A,SC_V19113_B113_015,4781,진미채,4,L2,RULE_PROPOSED_PENDING_APPROVAL,3,PROVISIONAL_AUTO,2,PROVISIONAL_AUTO,level_policy_v0.1,0,0
RULE_A,SC_V19113_B113_024,4787,진열되다,4,L2,RULE_PROPOSED_PENDING_APPROVAL,3,PROVISIONAL_AUTO,2,PROVISIONAL_AUTO,level_policy_v0.1,0,0
RULE_A,SC_V19113_B113_033,4793,질겁하다,4,L2,RULE_PROPOSED_PENDING_APPROVAL,3,PROVISIONAL_AUTO,2,PROVISIONAL_AUTO,level_policy_v0.1,0,0
RULE_A,SC_V19113_B113_038,4796,질척거리다,4,L2,RULE_PROPOSED_PENDING_APPROVAL,3,PROVISIONAL_AUTO,2,PROVISIONAL_AUTO,level_policy_v0.1,0,0
RULE_A,SC_V19113_B113_046,4803,집결하다,4,L2,RULE_PROPOSED_PENDING_APPROVAL,3,PROVISIONAL_AUTO,2,PROVISIONAL_AUTO,level_policy_v0.1,0,0
RULE_A,SC_V19113_B113_047,4804,집계하다,4,L2,RULE_PROPOSED_PENDING_APPROVAL,3,PROVISIONAL_AUTO,2,PROVISIONAL_AUTO,level_policy_v0.1,0,0
RULE_A,SC_V19113_B113_048,4805,집념,4,L2,RULE_PROPOSED_PENDING_APPROVAL,3,PROVISIONAL_AUTO,2,PROVISIONAL_AUTO,level_policy_v0.1,0,0
RULE_A,SC_V19114_B114_002,4808,집짐승,4,L2,RULE_PROPOSED_PENDING_APPROVAL,3,PROVISIONAL_AUTO,2,PROVISIONAL_AUTO,level_policy_v0.1,0,0
RULE_A,SC_V19114_B114_004,4809,집필하다,4,L2,RULE_PROPOSED_PENDING_APPROVAL,3,PROVISIONAL_AUTO,2,PROVISIONAL_AUTO,level_policy_v0.1,0,0
RULE_A,SC_V19114_B114_007,4810,짓궂다,4,L2,RULE_PROPOSED_PENDING_APPROVAL,3,PROVISIONAL_AUTO,2,PROVISIONAL_AUTO,level_policy_v0.1,0,0
RULE_A,SC_V19114_B114_013,4814,짜개다,4,L2,RULE_PROPOSED_PENDING_APPROVAL,3,PROVISIONAL_AUTO,2,PROVISIONAL_AUTO,level_policy_v0.1,0,0
RULE_A,SC_V19114_B114_018,4819,짠하다,4,L2,RULE_PROPOSED_PENDING_APPROVAL,3,PROVISIONAL_AUTO,2,PROVISIONAL_AUTO,level_policy_v0.1,0,0
RULE_A,SC_V19114_B114_023,4823,짹짹거리다,4,L2,RULE_PROPOSED_PENDING_APPROVAL,3,PROVISIONAL_AUTO,2,PROVISIONAL_AUTO,level_policy_v0.1,0,0
RULE_A,SC_V19114_B114_032,4830,쭈글쭈글,4,L2,RULE_PROPOSED_PENDING_APPROVAL,3,PROVISIONAL_AUTO,2,PROVISIONAL_AUTO,level_policy_v0.1,0,0
RULE_A,SC_V19114_B114_043,4840,차림표,4,L2,RULE_PROPOSED_PENDING_APPROVAL,3,PROVISIONAL_AUTO,2,PROVISIONAL_AUTO,level_policy_v0.1,0,0
RULE_A,SC_V19114_B114_045,4842,차분차분,4,L2,RULE_PROPOSED_PENDING_APPROVAL,3,PROVISIONAL_AUTO,2,PROVISIONAL_AUTO,level_policy_v0.1,0,0
RULE_A,SC_V19115_B115_008,4853,찰밥,4,L2,RULE_PROPOSED_PENDING_APPROVAL,3,PROVISIONAL_AUTO,2,PROVISIONAL_AUTO,level_policy_v0.1,0,0
RULE_A,SC_V19115_B115_011,4856,참답다,4,L2,RULE_PROPOSED_PENDING_APPROVAL,3,PROVISIONAL_AUTO,2,PROVISIONAL_AUTO,level_policy_v0.1,0,0
RULE_A,SC_V19115_B115_021,4866,참흙,4,L2,RULE_PROPOSED_PENDING_APPROVAL,3,PROVISIONAL_AUTO,2,PROVISIONAL_AUTO,level_policy_v0.1,0,0
RULE_A,SC_V19115_B115_027,4872,창간하다,4,L2,RULE_PROPOSED_PENDING_APPROVAL,3,PROVISIONAL_AUTO,2,PROVISIONAL_AUTO,level_policy_v0.1,0,0
RULE_A,SC_V19115_B115_031,4876,창시자,4,L2,RULE_PROPOSED_PENDING_APPROVAL,3,PROVISIONAL_AUTO,2,PROVISIONAL_AUTO,level_policy_v0.1,0,0
RULE_A,SC_V19115_B115_032,4877,창시하다,4,L2,RULE_PROPOSED_PENDING_APPROVAL,3,PROVISIONAL_AUTO,2,PROVISIONAL_AUTO,level_policy_v0.1,0,0
RULE_A,SC_V19115_B115_033,4878,창안하다,4,L2,RULE_PROPOSED_PENDING_APPROVAL,3,PROVISIONAL_AUTO,2,PROVISIONAL_AUTO,level_policy_v0.1,0,0
RULE_A,SC_V19115_B115_037,4882,채비,4,L2,RULE_PROPOSED_PENDING_APPROVAL,3,PROVISIONAL_AUTO,2,PROVISIONAL_AUTO,level_policy_v0.1,0,0
RULE_A,SC_V19115_B115_045,4887,책임자,4,L2,RULE_PROPOSED_PENDING_APPROVAL,3,PROVISIONAL_AUTO,2,PROVISIONAL_AUTO,level_policy_v0.1,0,0
RULE_A,SC_V19116_B116_021,4902,철거,4,L2,RULE_PROPOSED_PENDING_APPROVAL,3,PROVISIONAL_AUTO,2,PROVISIONAL_AUTO,level_policy_v0.1,0,0
RULE_A,SC_V19116_B116_022,4903,철거되다,4,L2,RULE_PROPOSED_PENDING_APPROVAL,3,PROVISIONAL_AUTO,2,PROVISIONAL_AUTO,level_policy_v0.1,0,0
RULE_A,SC_V19116_B116_023,4904,철공소,4,L2,RULE_PROPOSED_PENDING_APPROVAL,3,PROVISIONAL_AUTO,2,PROVISIONAL_AUTO,level_policy_v0.1,0,0
RULE_A,SC_V19116_B116_026,4907,철길,4,L2,RULE_PROPOSED_PENDING_APPROVAL,3,PROVISIONAL_AUTO,2,PROVISIONAL_AUTO,level_policy_v0.1,0,0
RULE_A,SC_V19116_B116_029,4909,철마,4,L2,RULE_PROPOSED_PENDING_APPROVAL,3,PROVISIONAL_AUTO,2,PROVISIONAL_AUTO,level_policy_v0.1,0,0
RULE_A,SC_V19116_B116_036,4912,철칙,4,L2,RULE_PROPOSED_PENDING_APPROVAL,3,PROVISIONAL_AUTO,2,PROVISIONAL_AUTO,level_policy_v0.1,0,0
RULE_A,SC_V19116_B116_047,4922,첫인사,4,L2,RULE_PROPOSED_PENDING_APPROVAL,3,PROVISIONAL_AUTO,2,PROVISIONAL_AUTO,level_policy_v0.1,0,0
RULE_A,SC_V19116_B116_050,4925,청국장찌개,4,L2,RULE_PROPOSED_PENDING_APPROVAL,3,PROVISIONAL_AUTO,2,PROVISIONAL_AUTO,level_policy_v0.1,0,0
RULE_A,SC_V19117_B117_008,4931,청소되다,4,L2,RULE_PROPOSED_PENDING_APPROVAL,3,PROVISIONAL_AUTO,2,PROVISIONAL_AUTO,level_policy_v0.1,0,0
RULE_A,SC_V19117_B117_012,4934,청중,4,L2,RULE_PROPOSED_PENDING_APPROVAL,3,PROVISIONAL_AUTO,2,PROVISIONAL_AUTO,level_policy_v0.1,0,0
RULE_A,SC_V19117_B117_018,4938,체크아웃,4,L2,RULE_PROPOSED_PENDING_APPROVAL,3,PROVISIONAL_AUTO,2,PROVISIONAL_AUTO,level_policy_v0.1,0,0
RULE_A,SC_V19117_B117_024,4943,초벌,4,L2,RULE_PROPOSED_PENDING_APPROVAL,3,PROVISIONAL_AUTO,2,PROVISIONAL_AUTO,level_policy_v0.1,0,0
RULE_A,SC_V19117_B117_031,4949,초시계,4,L2,RULE_PROPOSED_PENDING_APPROVAL,3,PROVISIONAL_AUTO,2,PROVISIONAL_AUTO,level_policy_v0.1,0,0
RULE_A,SC_V19117_B117_037,4955,초췌하다,4,L2,RULE_PROPOSED_PENDING_APPROVAL,3,PROVISIONAL_AUTO,2,PROVISIONAL_AUTO,level_policy_v0.1,0,0
RULE_A,SC_V19117_B117_040,4958,초현실,4,L2,RULE_PROPOSED_PENDING_APPROVAL,3,PROVISIONAL_AUTO,2,PROVISIONAL_AUTO,level_policy_v0.1,0,0
RULE_A,SC_V19117_B117_045,4963,총각김치,4,L2,RULE_PROPOSED_PENDING_APPROVAL,3,PROVISIONAL_AUTO,2,PROVISIONAL_AUTO,level_policy_v0.1,0,0
RULE_A,SC_V19118_B118_001,4965,총동원하다,4,L2,RULE_PROPOSED_PENDING_APPROVAL,3,PROVISIONAL_AUTO,2,PROVISIONAL_AUTO,level_policy_v0.1,0,0
RULE_A,SC_V19118_B118_011,4967,총연습,4,L2,RULE_PROPOSED_PENDING_APPROVAL,3,PROVISIONAL_AUTO,2,PROVISIONAL_AUTO,level_policy_v0.1,0,0
RULE_A,SC_V19118_B118_017,4972,최강자,4,L2,RULE_PROPOSED_PENDING_APPROVAL,3,PROVISIONAL_AUTO,2,PROVISIONAL_AUTO,level_policy_v0.1,0,0
RULE_A,SC_V19118_B118_025,4977,추대되다,4,L2,RULE_PROPOSED_PENDING_APPROVAL,3,PROVISIONAL_AUTO,2,PROVISIONAL_AUTO,level_policy_v0.1,0,0
RULE_A,SC_V19118_B118_026,4978,추리다,4,L2,RULE_PROPOSED_PENDING_APPROVAL,3,PROVISIONAL_AUTO,2,PROVISIONAL_AUTO,level_policy_v0.1,0,0
RULE_A,SC_V19118_B118_027,4979,추석빔,4,L2,RULE_PROPOSED_PENDING_APPROVAL,3,PROVISIONAL_AUTO,2,PROVISIONAL_AUTO,level_policy_v0.1,0,0
RULE_A,SC_V19118_B118_032,4983,추월하다,4,L2,RULE_PROPOSED_PENDING_APPROVAL,3,PROVISIONAL_AUTO,2,PROVISIONAL_AUTO,level_policy_v0.1,0,0
RULE_A,SC_V19118_B118_033,4984,추이,4,L2,RULE_PROPOSED_PENDING_APPROVAL,3,PROVISIONAL_AUTO,2,PROVISIONAL_AUTO,level_policy_v0.1,0,0
RULE_A,SC_V19118_B118_043,4993,축산,4,L2,RULE_PROPOSED_PENDING_APPROVAL,3,PROVISIONAL_AUTO,2,PROVISIONAL_AUTO,level_policy_v0.1,0,0
RULE_A,SC_V19118_B118_044,4994,축산물,4,L2,RULE_PROPOSED_PENDING_APPROVAL,3,PROVISIONAL_AUTO,2,PROVISIONAL_AUTO,level_policy_v0.1,0,0
RULE_A,SC_V19119_B119_001,5000,출간되다,4,L2,RULE_PROPOSED_PENDING_APPROVAL,3,PROVISIONAL_AUTO,2,PROVISIONAL_AUTO,level_policy_v0.1,0,0
RULE_A,SC_V19119_B119_006,5005,출생률,4,L2,RULE_PROPOSED_PENDING_APPROVAL,3,REVIEW_BOUNDARY,2,REVIEW_BOUNDARY,level_policy_v0.1,0,0
RULE_A,SC_V19119_B119_011,5010,출연진,4,L2,RULE_PROPOSED_PENDING_APPROVAL,3,PROVISIONAL_AUTO,2,PROVISIONAL_AUTO,level_policy_v0.1,0,0
RULE_A,SC_V19119_B119_013,5012,출토,4,L2,RULE_PROPOSED_PENDING_APPROVAL,3,PROVISIONAL_AUTO,2,PROVISIONAL_AUTO,level_policy_v0.1,0,0
RULE_A,SC_V19119_B119_014,5013,출판되다,4,L2,RULE_PROPOSED_PENDING_APPROVAL,3,PROVISIONAL_AUTO,2,PROVISIONAL_AUTO,level_policy_v0.1,0,0
RULE_A,SC_V19119_B119_015,5014,출판물,4,L2,RULE_PROPOSED_PENDING_APPROVAL,3,PROVISIONAL_AUTO,2,PROVISIONAL_AUTO,level_policy_v0.1,0,0
RULE_A,SC_V19119_B119_017,5016,출품되다,4,L2,RULE_PROPOSED_PENDING_APPROVAL,3,PROVISIONAL_AUTO,2,PROVISIONAL_AUTO,level_policy_v0.1,0,0
RULE_A,SC_V19119_B119_018,5017,출품하다,4,L2,RULE_PROPOSED_PENDING_APPROVAL,3,PROVISIONAL_AUTO,2,PROVISIONAL_AUTO,level_policy_v0.1,0,0
RULE_A,SC_V19119_B119_025,5024,충직하다,4,L2,RULE_PROPOSED_PENDING_APPROVAL,3,PROVISIONAL_AUTO,2,PROVISIONAL_AUTO,level_policy_v0.1,0,0
RULE_A,SC_V19119_B119_028,5025,충효,4,L2,RULE_PROPOSED_PENDING_APPROVAL,3,PROVISIONAL_AUTO,2,PROVISIONAL_AUTO,level_policy_v0.1,0,0
RULE_A,SC_V19119_B119_029,5026,취나물,4,L2,RULE_PROPOSED_PENDING_APPROVAL,3,PROVISIONAL_AUTO,2,PROVISIONAL_AUTO,level_policy_v0.1,0,0
RULE_A,SC_V19119_B119_032,5029,취업률,4,L2,RULE_PROPOSED_PENDING_APPROVAL,3,PROVISIONAL_AUTO,2,PROVISIONAL_AUTO,level_policy_v0.1,0,0
RULE_A,SC_V19119_B119_034,5031,취임,4,L2,RULE_PROPOSED_PENDING_APPROVAL,3,PROVISIONAL_AUTO,2,PROVISIONAL_AUTO,level_policy_v0.1,0,0
RULE_A,SC_V19119_B119_035,5032,취임식,4,L2,RULE_PROPOSED_PENDING_APPROVAL,3,PROVISIONAL_AUTO,2,PROVISIONAL_AUTO,level_policy_v0.1,0,0
RULE_A,SC_V19119_B119_036,5033,취임하다,4,L2,RULE_PROPOSED_PENDING_APPROVAL,3,PROVISIONAL_AUTO,2,PROVISIONAL_AUTO,level_policy_v0.1,0,0
RULE_A,SC_V19119_B119_037,5034,취재진,4,L2,RULE_PROPOSED_PENDING_APPROVAL,3,PROVISIONAL_AUTO,2,PROVISIONAL_AUTO,level_policy_v0.1,0,0
RULE_A,SC_V19119_B119_041,5038,측은하다,4,L2,RULE_PROPOSED_PENDING_APPROVAL,3,PROVISIONAL_AUTO,2,PROVISIONAL_AUTO,level_policy_v0.1,0,0
RULE_A,SC_V19119_B119_042,5039,층계,4,L2,RULE_PROPOSED_PENDING_APPROVAL,3,PROVISIONAL_AUTO,2,PROVISIONAL_AUTO,level_policy_v0.1,0,0
RULE_A,SC_V19120_B120_010,5053,친손자,4,L2,RULE_PROPOSED_PENDING_APPROVAL,3,PROVISIONAL_AUTO,2,PROVISIONAL_AUTO,level_policy_v0.1,0,0
RULE_A,SC_V19120_B120_018,5061,친정아버지,4,L2,RULE_PROPOSED_PENDING_APPROVAL,3,PROVISIONAL_AUTO,2,PROVISIONAL_AUTO,level_policy_v0.1,0,0
RULE_A,SC_V19120_B120_019,5062,친정어머니,4,L2,RULE_PROPOSED_PENDING_APPROVAL,3,PROVISIONAL_AUTO,2,PROVISIONAL_AUTO,level_policy_v0.1,0,0
RULE_A,SC_V19120_B120_027,5069,친환경,4,L2,RULE_PROPOSED_PENDING_APPROVAL,3,PROVISIONAL_AUTO,2,PROVISIONAL_AUTO,level_policy_v0.1,0,0
RULE_A,SC_V19120_B120_028,5070,친히,4,L2,RULE_PROPOSED_PENDING_APPROVAL,3,PROVISIONAL_AUTO,2,PROVISIONAL_AUTO,level_policy_v0.1,0,0
RULE_A,SC_V19120_B120_045,5082,칭호,4,L2,RULE_PROPOSED_PENDING_APPROVAL,3,PROVISIONAL_AUTO,2,PROVISIONAL_AUTO,level_policy_v0.1,0,0
RULE_A,SC_V19120_B120_047,5084,카레라이스,4,L2,RULE_PROPOSED_PENDING_APPROVAL,3,PROVISIONAL_AUTO,2,PROVISIONAL_AUTO,level_policy_v0.1,0,0
RULE_A,SC_V19120_B120_048,5085,카스텔라,4,L2,RULE_PROPOSED_PENDING_APPROVAL,3,PROVISIONAL_AUTO,2,PROVISIONAL_AUTO,level_policy_v0.1,0,0
RULE_A,SC_V19120_B120_049,5086,칸막이,4,L2,RULE_PROPOSED_PENDING_APPROVAL,3,PROVISIONAL_AUTO,2,PROVISIONAL_AUTO,level_policy_v0.1,0,0
RULE_A,SC_V19121_B121_004,5088,캐스터,4,L2,RULE_PROPOSED_PENDING_APPROVAL,3,PROVISIONAL_AUTO,2,PROVISIONAL_AUTO,level_policy_v0.1,0,0
RULE_A,SC_V19121_B121_007,5091,캠프파이어,4,L2,RULE_PROPOSED_PENDING_APPROVAL,3,PROVISIONAL_AUTO,2,PROVISIONAL_AUTO,level_policy_v0.1,0,0
RULE_A,SC_V19121_B121_008,5092,커뮤니케이션,4,L2,RULE_PROPOSED_PENDING_APPROVAL,3,PROVISIONAL_AUTO,2,PROVISIONAL_AUTO,level_policy_v0.1,0,0
RULE_A,SC_V19121_B121_010,5094,커트라인,4,L2,RULE_PROPOSED_PENDING_APPROVAL,3,PROVISIONAL_AUTO,2,PROVISIONAL_AUTO,level_policy_v0.1,0,0
RULE_A,SC_V19121_B121_013,5096,컨테이너,4,L2,RULE_PROPOSED_PENDING_APPROVAL,3,PROVISIONAL_AUTO,2,PROVISIONAL_AUTO,level_policy_v0.1,0,0
RULE_A,SC_V19121_B121_014,5097,컬러텔레비전,4,L2,RULE_PROPOSED_PENDING_APPROVAL,3,PROVISIONAL_AUTO,2,PROVISIONAL_AUTO,level_policy_v0.1,0,0
RULE_A,SC_V19121_B121_018,5101,켄트지,4,L2,RULE_PROPOSED_PENDING_APPROVAL,3,PROVISIONAL_AUTO,2,PROVISIONAL_AUTO,level_policy_v0.1,0,0
RULE_A,SC_V19121_B121_019,5102,코디네이터,4,L2,RULE_PROPOSED_PENDING_APPROVAL,3,REVIEW_BOUNDARY,2,REVIEW_BOUNDARY,level_policy_v0.1,0,0
RULE_A,SC_V19121_B121_022,5105,코바늘,4,L2,RULE_PROPOSED_PENDING_APPROVAL,3,PROVISIONAL_AUTO,2,PROVISIONAL_AUTO,level_policy_v0.1,0,0
RULE_A,SC_V19121_B121_038,5116,콩국수,4,L2,RULE_PROPOSED_PENDING_APPROVAL,3,PROVISIONAL_AUTO,2,PROVISIONAL_AUTO,level_policy_v0.1,0,0
RULE_A,SC_V19121_B121_039,5117,콩기름,4,L2,RULE_PROPOSED_PENDING_APPROVAL,3,PROVISIONAL_AUTO,2,PROVISIONAL_AUTO,level_policy_v0.1,0,0
RULE_A,SC_V19121_B121_041,5119,콩깻묵,4,L2,RULE_PROPOSED_PENDING_APPROVAL,3,PROVISIONAL_AUTO,2,PROVISIONAL_AUTO,level_policy_v0.1,0,0
RULE_A,SC_V19121_B121_047,5125,콸콸,4,L2,RULE_PROPOSED_PENDING_APPROVAL,3,PROVISIONAL_AUTO,2,PROVISIONAL_AUTO,level_policy_v0.1,0,0
RULE_A,SC_V19122_B122_003,5130,퀴퀴하다,4,L2,RULE_PROPOSED_PENDING_APPROVAL,3,PROVISIONAL_AUTO,2,PROVISIONAL_AUTO,level_policy_v0.1,0,0
RULE_A,SC_V19122_B122_020,5144,클리닝,4,L2,RULE_PROPOSED_PENDING_APPROVAL,3,PROVISIONAL_AUTO,2,PROVISIONAL_AUTO,level_policy_v0.1,0,0
RULE_A,SC_V19122_B122_023,5147,킁킁,4,L2,RULE_PROPOSED_PENDING_APPROVAL,3,PROVISIONAL_AUTO,2,PROVISIONAL_AUTO,level_policy_v0.1,0,0
RULE_A,SC_V19122_B122_026,5149,키득거리다,4,L2,RULE_PROPOSED_PENDING_APPROVAL,3,PROVISIONAL_AUTO,2,PROVISIONAL_AUTO,level_policy_v0.1,0,0
RULE_A,SC_V19122_B122_027,5150,킥킥,4,L2,RULE_PROPOSED_PENDING_APPROVAL,3,PROVISIONAL_AUTO,2,PROVISIONAL_AUTO,level_policy_v0.1,0,0
RULE_A,SC_V19122_B122_028,5151,킬킬거리다,4,L2,RULE_PROPOSED_PENDING_APPROVAL,3,PROVISIONAL_AUTO,2,PROVISIONAL_AUTO,level_policy_v0.1,0,0
RULE_A,SC_V19122_B122_030,5152,타다닥,4,L2,RULE_PROPOSED_PENDING_APPROVAL,3,PROVISIONAL_AUTO,2,PROVISIONAL_AUTO,level_policy_v0.1,0,0
RULE_A,SC_V19122_B122_034,5154,타월,4,L2,RULE_PROPOSED_PENDING_APPROVAL,3,PROVISIONAL_AUTO,2,PROVISIONAL_AUTO,level_policy_v0.1,0,0
RULE_A,SC_V19122_B122_038,5158,타자기,4,L2,RULE_PROPOSED_PENDING_APPROVAL,3,PROVISIONAL_AUTO,2,PROVISIONAL_AUTO,level_policy_v0.1,0,0
RULE_A,SC_V19122_B122_039,5159,타파하다,4,L2,RULE_PROPOSED_PENDING_APPROVAL,3,PROVISIONAL_AUTO,2,PROVISIONAL_AUTO,level_policy_v0.1,0,0
RULE_A,SC_V19122_B122_044,5164,탁구대,4,L2,RULE_PROPOSED_PENDING_APPROVAL,3,PROVISIONAL_AUTO,2,PROVISIONAL_AUTO,level_policy_v0.1,0,0
RULE_A,SC_V19123_B123_008,5172,탈퇴,4,L2,RULE_PROPOSED_PENDING_APPROVAL,3,PROVISIONAL_AUTO,2,PROVISIONAL_AUTO,level_policy_v0.1,0,0
RULE_A,SC_V19123_B123_009,5173,탈퇴하다,4,L2,RULE_PROPOSED_PENDING_APPROVAL,3,REVIEW_BOUNDARY,2,REVIEW_BOUNDARY,level_policy_v0.1,0,0
RULE_A,SC_V19123_B123_014,5175,탐사선,4,L2,RULE_PROPOSED_PENDING_APPROVAL,3,PROVISIONAL_AUTO,2,PROVISIONAL_AUTO,level_policy_v0.1,0,0
RULE_A,SC_V19123_B123_015,5176,탐사하다,4,L2,RULE_PROPOSED_PENDING_APPROVAL,3,PROVISIONAL_AUTO,2,PROVISIONAL_AUTO,level_policy_v0.1,0,0
RULE_A,SC_V19123_B123_017,5178,탐지기,4,L2,RULE_PROPOSED_PENDING_APPROVAL,3,PROVISIONAL_AUTO,2,PROVISIONAL_AUTO,level_policy_v0.1,0,0
RULE_A,SC_V19123_B123_018,5179,탐지하다,4,L2,RULE_PROPOSED_PENDING_APPROVAL,3,PROVISIONAL_AUTO,2,PROVISIONAL_AUTO,level_policy_v0.1,0,0
RULE_A,SC_V19123_B123_019,5180,탐하다,4,L2,RULE_PROPOSED_PENDING_APPROVAL,3,PROVISIONAL_AUTO,2,PROVISIONAL_AUTO,level_policy_v0.1,0,0
RULE_A,SC_V19123_B123_021,5182,탐험가,4,L2,RULE_PROPOSED_PENDING_APPROVAL,3,PROVISIONAL_AUTO,2,PROVISIONAL_AUTO,level_policy_v0.1,0,0
RULE_A,SC_V19123_B123_022,5183,탐험대,4,L2,RULE_PROPOSED_PENDING_APPROVAL,3,PROVISIONAL_AUTO,2,PROVISIONAL_AUTO,level_policy_v0.1,0,0
RULE_A,SC_V19123_B123_028,5189,태연하다,4,L2,RULE_PROPOSED_PENDING_APPROVAL,3,PROVISIONAL_AUTO,2,PROVISIONAL_AUTO,level_policy_v0.1,0,0
RULE_A,SC_V19123_B123_029,5190,태연히,4,L2,RULE_PROPOSED_PENDING_APPROVAL,3,PROVISIONAL_AUTO,2,PROVISIONAL_AUTO,level_policy_v0.1,0,0
RULE_A,SC_V19123_B123_030,5191,태엽,4,L2,RULE_PROPOSED_PENDING_APPROVAL,3,PROVISIONAL_AUTO,2,PROVISIONAL_AUTO,level_policy_v0.1,0,0
RULE_A,SC_V19123_B123_033,5193,탱자,4,L2,RULE_PROPOSED_PENDING_APPROVAL,3,PROVISIONAL_AUTO,2,PROVISIONAL_AUTO,level_policy_v0.1,0,0
RULE_A,SC_V19123_B123_035,5195,터무니없다,4,L2,RULE_PROPOSED_PENDING_APPROVAL,3,PROVISIONAL_AUTO,2,PROVISIONAL_AUTO,level_policy_v0.1,0,0
RULE_A,SC_V19123_B123_036,5196,터무니없이,4,L2,RULE_PROPOSED_PENDING_APPROVAL,3,PROVISIONAL_AUTO,2,PROVISIONAL_AUTO,level_policy_v0.1,0,0
RULE_A,SC_V19123_B123_038,5197,털가죽,4,L2,RULE_PROPOSED_PENDING_APPROVAL,3,PROVISIONAL_AUTO,2,PROVISIONAL_AUTO,level_policy_v0.1,0,0
RULE_A,SC_V19123_B123_039,5198,털갈이,4,L2,RULE_PROPOSED_PENDING_APPROVAL,3,PROVISIONAL_AUTO,2,PROVISIONAL_AUTO,level_policy_v0.1,0,0
RULE_A,SC_V19123_B123_048,5206,테마파크,4,L2,RULE_PROPOSED_PENDING_APPROVAL,3,PROVISIONAL_AUTO,2,PROVISIONAL_AUTO,level_policy_v0.1,0,0
RULE_A,SC_V19123_B123_049,5207,테스트하다,4,L2,RULE_PROPOSED_PENDING_APPROVAL,3,PROVISIONAL_AUTO,2,PROVISIONAL_AUTO,level_policy_v0.1,0,0
RULE_A,SC_V19124_B124_001,5208,토닥거리다,4,L2,RULE_PROPOSED_PENDING_APPROVAL,3,PROVISIONAL_AUTO,2,PROVISIONAL_AUTO,level_policy_v0.1,0,0
RULE_A,SC_V19124_B124_002,5209,토닥이다,4,L2,RULE_PROPOSED_PENDING_APPROVAL,3,PROVISIONAL_AUTO,2,PROVISIONAL_AUTO,level_policy_v0.1,0,0
RULE_A,SC_V19124_B124_006,5213,토박이,4,L2,RULE_PROPOSED_PENDING_APPROVAL,3,PROVISIONAL_AUTO,2,PROVISIONAL_AUTO,level_policy_v0.1,0,0
RULE_A,SC_V19124_B124_014,5221,토종닭,4,L2,RULE_PROPOSED_PENDING_APPROVAL,3,PROVISIONAL_AUTO,2,PROVISIONAL_AUTO,level_policy_v0.1,0,0
RULE_A,SC_V19124_B124_017,5223,톱니바퀴,4,L2,RULE_PROPOSED_PENDING_APPROVAL,3,PROVISIONAL_AUTO,2,PROVISIONAL_AUTO,level_policy_v0.1,0,0
RULE_A,SC_V19124_B124_027,5231,통솔력,4,L2,RULE_PROPOSED_PENDING_APPROVAL,3,PROVISIONAL_AUTO,2,PROVISIONAL_AUTO,level_policy_v0.1,0,0
RULE_A,SC_V19124_B124_028,5232,통솔하다,4,L2,RULE_PROPOSED_PENDING_APPROVAL,3,PROVISIONAL_AUTO,2,PROVISIONAL_AUTO,level_policy_v0.1,0,0
RULE_A,SC_V19124_B124_038,5241,통학하다,4,L2,RULE_PROPOSED_PENDING_APPROVAL,3,PROVISIONAL_AUTO,2,PROVISIONAL_AUTO,level_policy_v0.1,0,0
RULE_A,SC_V19124_B124_044,5247,투고,4,L2,RULE_PROPOSED_PENDING_APPROVAL,3,PROVISIONAL_AUTO,2,PROVISIONAL_AUTO,level_policy_v0.1,0,0
RULE_A,SC_V19124_B124_047,5250,투두둑,4,L2,RULE_PROPOSED_PENDING_APPROVAL,3,PROVISIONAL_AUTO,2,PROVISIONAL_AUTO,level_policy_v0.1,0,0
RULE_A,SC_V19125_B125_003,5251,투피스,4,L2,RULE_PROPOSED_PENDING_APPROVAL,3,PROVISIONAL_AUTO,2,PROVISIONAL_AUTO,level_policy_v0.1,0,0
RULE_A,SC_V19125_B125_006,5253,툴툴거리다,4,L2,RULE_PROPOSED_PENDING_APPROVAL,3,PROVISIONAL_AUTO,2,PROVISIONAL_AUTO,level_policy_v0.1,0,0
RULE_A,SC_V19125_B125_018,5263,특성화,4,L2,RULE_PROPOSED_PENDING_APPROVAL,3,REVIEW_BOUNDARY,2,REVIEW_BOUNDARY,level_policy_v0.1,0,0
RULE_A,SC_V19125_B125_019,5264,특실,4,L2,RULE_PROPOSED_PENDING_APPROVAL,3,PROVISIONAL_AUTO,2,PROVISIONAL_AUTO,level_policy_v0.1,0,0
RULE_A,SC_V19125_B125_028,5271,티격태격,4,L2,RULE_PROPOSED_PENDING_APPROVAL,3,PROVISIONAL_AUTO,2,PROVISIONAL_AUTO,level_policy_v0.1,0,0
RULE_A,SC_V19125_B125_033,5275,파급력,4,L2,RULE_PROPOSED_PENDING_APPROVAL,3,PROVISIONAL_AUTO,2,PROVISIONAL_AUTO,level_policy_v0.1,0,0
RULE_A,SC_V19125_B125_034,5276,파도타기,4,L2,RULE_PROPOSED_PENDING_APPROVAL,3,PROVISIONAL_AUTO,2,PROVISIONAL_AUTO,level_policy_v0.1,0,0
RULE_A,SC_V19125_B125_035,5277,파란만장하다,4,L2,RULE_PROPOSED_PENDING_APPROVAL,3,PROVISIONAL_AUTO,2,PROVISIONAL_AUTO,level_policy_v0.1,0,0
RULE_A,SC_V19125_B125_036,5278,파래,4,L2,RULE_PROPOSED_PENDING_APPROVAL,3,PROVISIONAL_AUTO,2,PROVISIONAL_AUTO,level_policy_v0.1,0,0
RULE_A,SC_V19125_B125_039,5281,파마하다,4,L2,RULE_PROPOSED_PENDING_APPROVAL,3,PROVISIONAL_AUTO,2,PROVISIONAL_AUTO,level_policy_v0.1,0,0
RULE_A,SC_V19125_B125_045,5286,파손하다,4,L2,RULE_PROPOSED_PENDING_APPROVAL,3,PROVISIONAL_AUTO,2,PROVISIONAL_AUTO,level_policy_v0.1,0,0
RULE_A,SC_V19125_B125_046,5287,파워,4,L2,RULE_PROPOSED_PENDING_APPROVAL,3,PROVISIONAL_AUTO,2,PROVISIONAL_AUTO,level_policy_v0.1,0,0
RULE_A,SC_V19126_B126_003,5294,판매장,4,L2,RULE_PROPOSED_PENDING_APPROVAL,3,PROVISIONAL_AUTO,2,PROVISIONAL_AUTO,level_policy_v0.1,0,0
RULE_A,SC_V19126_B126_009,5298,판판하다,4,L2,RULE_PROPOSED_PENDING_APPROVAL,3,PROVISIONAL_AUTO,2,PROVISIONAL_AUTO,level_policy_v0.1,0,0
RULE_A,SC_V19126_B126_013,5302,팔씨름,4,L2,RULE_PROPOSED_PENDING_APPROVAL,3,PROVISIONAL_AUTO,2,PROVISIONAL_AUTO,level_policy_v0.1,0,0
RULE_A,SC_V19126_B126_016,5304,팥고물,4,L2,RULE_PROPOSED_PENDING_APPROVAL,3,PROVISIONAL_AUTO,2,PROVISIONAL_AUTO,level_policy_v0.1,0,0
RULE_A,SC_V19126_B126_017,5305,팥떡,4,L2,RULE_PROPOSED_PENDING_APPROVAL,3,PROVISIONAL_AUTO,2,PROVISIONAL_AUTO,level_policy_v0.1,0,0
RULE_A,SC_V19126_B126_020,5308,패션쇼,4,L2,RULE_PROPOSED_PENDING_APPROVAL,3,PROVISIONAL_AUTO,2,PROVISIONAL_AUTO,level_policy_v0.1,0,0
RULE_A,SC_V19126_B126_021,5309,팽글팽글,4,L2,RULE_PROPOSED_PENDING_APPROVAL,3,PROVISIONAL_AUTO,2,PROVISIONAL_AUTO,level_policy_v0.1,0,0
RULE_A,SC_V19126_B126_022,5310,팽이채,4,L2,RULE_PROPOSED_PENDING_APPROVAL,3,PROVISIONAL_AUTO,2,PROVISIONAL_AUTO,level_policy_v0.1,0,0
RULE_A,SC_V19126_B126_040,5325,편찬,4,L2,RULE_PROPOSED_PENDING_APPROVAL,3,PROVISIONAL_AUTO,2,PROVISIONAL_AUTO,level_policy_v0.1,0,0
RULE_A,SC_V19126_B126_041,5326,편찬하다,4,L2,RULE_PROPOSED_PENDING_APPROVAL,3,PROVISIONAL_AUTO,2,PROVISIONAL_AUTO,level_policy_v0.1,0,0
RULE_A,SC_V19126_B126_043,5328,평론,4,L2,RULE_PROPOSED_PENDING_APPROVAL,3,REVIEW_BOUNDARY,2,REVIEW_BOUNDARY,level_policy_v0.1,0,0
RULE_A,SC_V19126_B126_044,5329,평사원,4,L2,RULE_PROPOSED_PENDING_APPROVAL,3,PROVISIONAL_AUTO,2,PROVISIONAL_AUTO,level_policy_v0.1,0,0
RULE_A,SC_V19127_B127_003,5337,평화스럽다,4,L2,RULE_PROPOSED_PENDING_APPROVAL,3,PROVISIONAL_AUTO,2,PROVISIONAL_AUTO,level_policy_v0.1,0,0
RULE_A,SC_V19127_B127_004,5338,폐광,4,L2,RULE_PROPOSED_PENDING_APPROVAL,3,PROVISIONAL_AUTO,2,PROVISIONAL_AUTO,level_policy_v0.1,0,0
RULE_A,SC_V19127_B127_006,5340,폐막식,4,L2,RULE_PROPOSED_PENDING_APPROVAL,3,PROVISIONAL_AUTO,2,PROVISIONAL_AUTO,level_policy_v0.1,0,0
RULE_A,SC_V19127_B127_008,5342,폐해,4,L2,RULE_PROPOSED_PENDING_APPROVAL,3,PROVISIONAL_AUTO,2,PROVISIONAL_AUTO,level_policy_v0.1,0,0
RULE_A,SC_V19127_B127_010,5343,폐회,4,L2,RULE_PROPOSED_PENDING_APPROVAL,3,PROVISIONAL_AUTO,2,PROVISIONAL_AUTO,level_policy_v0.1,0,0
RULE_A,SC_V19127_B127_015,5346,포스터컬러,4,L2,RULE_PROPOSED_PENDING_APPROVAL,3,PROVISIONAL_AUTO,2,PROVISIONAL_AUTO,level_policy_v0.1,0,0
RULE_A,SC_V19127_B127_017,5347,포용력,4,L2,RULE_PROPOSED_PENDING_APPROVAL,3,PROVISIONAL_AUTO,2,PROVISIONAL_AUTO,level_policy_v0.1,0,0
RULE_A,SC_V19127_B127_021,5349,포유동물,4,L2,RULE_PROPOSED_PENDING_APPROVAL,3,PROVISIONAL_AUTO,2,PROVISIONAL_AUTO,level_policy_v0.1,0,0
RULE_A,SC_V19127_B127_042,5357,표본실,4,L2,RULE_PROPOSED_PENDING_APPROVAL,3,PROVISIONAL_AUTO,2,PROVISIONAL_AUTO,level_policy_v0.1,0,0
RULE_A,SC_V19127_B127_044,5359,표절,4,L2,RULE_PROPOSED_PENDING_APPROVAL,3,PROVISIONAL_AUTO,2,PROVISIONAL_AUTO,level_policy_v0.1,0,0
RULE_A,SC_V19127_B127_045,5360,표주박,4,L2,RULE_PROPOSED_PENDING_APPROVAL,3,PROVISIONAL_AUTO,2,PROVISIONAL_AUTO,level_policy_v0.1,0,0
RULE_A,SC_V19127_B127_049,5364,표현력,4,L2,RULE_PROPOSED_PENDING_APPROVAL,3,REVIEW_BOUNDARY,2,REVIEW_BOUNDARY,level_policy_v0.1,0,0
RULE_A,SC_V19128_B128_002,5367,푸드,4,L2,RULE_PROPOSED_PENDING_APPROVAL,3,PROVISIONAL_AUTO,2,PROVISIONAL_AUTO,level_policy_v0.1,0,0
RULE_A,SC_V19128_B128_003,5368,푸르뎅뎅하다,4,L2,RULE_PROPOSED_PENDING_APPROVAL,3,PROVISIONAL_AUTO,2,PROVISIONAL_AUTO,level_policy_v0.1,0,0
RULE_A,SC_V19128_B128_006,5371,푸성귀,4,L2,RULE_PROPOSED_PENDING_APPROVAL,3,PROVISIONAL_AUTO,2,PROVISIONAL_AUTO,level_policy_v0.1,0,0
RULE_A,SC_V19128_B128_008,5372,푸푸,4,L2,RULE_PROPOSED_PENDING_APPROVAL,3,PROVISIONAL_AUTO,2,PROVISIONAL_AUTO,level_policy_v0.1,0,0
RULE_A,SC_V19128_B128_010,5374,풀무,4,L2,RULE_PROPOSED_PENDING_APPROVAL,3,PROVISIONAL_AUTO,2,PROVISIONAL_AUTO,level_policy_v0.1,0,0
RULE_A,SC_V19128_B128_018,5382,품값,4,L2,RULE_PROPOSED_PENDING_APPROVAL,3,PROVISIONAL_AUTO,2,PROVISIONAL_AUTO,level_policy_v0.1,0,0
RULE_A,SC_V19128_B128_019,5383,품삯,4,L2,RULE_PROPOSED_PENDING_APPROVAL,3,PROVISIONAL_AUTO,2,PROVISIONAL_AUTO,level_policy_v0.1,0,0
RULE_A,SC_V19128_B128_020,5384,품앗이,4,L2,RULE_PROPOSED_PENDING_APPROVAL,3,PROVISIONAL_AUTO,2,PROVISIONAL_AUTO,level_policy_v0.1,0,0
RULE_A,SC_V19128_B128_021,5385,품앗이하다,4,L2,RULE_PROPOSED_PENDING_APPROVAL,3,PROVISIONAL_AUTO,2,PROVISIONAL_AUTO,level_policy_v0.1,0,0
RULE_A,SC_V19128_B128_022,5386,품행,4,L2,RULE_PROPOSED_PENDING_APPROVAL,3,PROVISIONAL_AUTO,2,PROVISIONAL_AUTO,level_policy_v0.1,0,0
RULE_A,SC_V19128_B128_027,5391,풍덩풍덩,4,L2,RULE_PROPOSED_PENDING_APPROVAL,3,PROVISIONAL_AUTO,2,PROVISIONAL_AUTO,level_policy_v0.1,0,0
RULE_A,SC_V19128_B128_032,5396,풍작,4,L2,RULE_PROPOSED_PENDING_APPROVAL,3,PROVISIONAL_AUTO,2,PROVISIONAL_AUTO,level_policy_v0.1,0,0
RULE_A,SC_V19128_B128_033,5397,풍채,4,L2,RULE_PROPOSED_PENDING_APPROVAL,3,PROVISIONAL_AUTO,2,PROVISIONAL_AUTO,level_policy_v0.1,0,0
RULE_A,SC_V19129_B129_013,5417,필기도구,4,L2,RULE_PROPOSED_PENDING_APPROVAL,3,PROVISIONAL_AUTO,2,PROVISIONAL_AUTO,level_policy_v0.1,0,0
RULE_A,SC_V19129_B129_023,5425,하권,4,L2,RULE_PROPOSED_PENDING_APPROVAL,3,PROVISIONAL_AUTO,2,PROVISIONAL_AUTO,level_policy_v0.1,0,0
RULE_A,SC_V19129_B129_024,5426,하급,4,L2,RULE_PROPOSED_PENDING_APPROVAL,3,PROVISIONAL_AUTO,2,PROVISIONAL_AUTO,level_policy_v0.1,0,0
RULE_A,SC_V19129_B129_026,5428,하기는,4,L2,RULE_PROPOSED_PENDING_APPROVAL,3,PROVISIONAL_AUTO,2,PROVISIONAL_AUTO,level_policy_v0.1,0,0
RULE_A,SC_V19129_B129_030,5431,하늬바람,4,L2,RULE_PROPOSED_PENDING_APPROVAL,3,PROVISIONAL_AUTO,2,PROVISIONAL_AUTO,level_policy_v0.1,0,0
RULE_A,SC_V19129_B129_037,5436,하물며,4,L2,RULE_PROPOSED_PENDING_APPROVAL,3,PROVISIONAL_AUTO,2,PROVISIONAL_AUTO,level_policy_v0.1,0,0
RULE_A,SC_V19129_B129_038,5437,하반기,4,L2,RULE_PROPOSED_PENDING_APPROVAL,3,PROVISIONAL_AUTO,2,PROVISIONAL_AUTO,level_policy_v0.1,0,0
RULE_A,SC_V19129_B129_039,5438,하소연,4,L2,RULE_PROPOSED_PENDING_APPROVAL,3,PROVISIONAL_AUTO,2,PROVISIONAL_AUTO,level_policy_v0.1,0,0
RULE_A,SC_V19129_B129_040,5439,하소연하다,4,L2,RULE_PROPOSED_PENDING_APPROVAL,3,PROVISIONAL_AUTO,2,PROVISIONAL_AUTO,level_policy_v0.1,0,0
RULE_A,SC_V19129_B129_041,5440,하수관,4,L2,RULE_PROPOSED_PENDING_APPROVAL,3,PROVISIONAL_AUTO,2,PROVISIONAL_AUTO,level_policy_v0.1,0,0
RULE_A,SC_V19129_B129_045,5443,하이킹,4,L2,RULE_PROPOSED_PENDING_APPROVAL,3,PROVISIONAL_AUTO,2,PROVISIONAL_AUTO,level_policy_v0.1,0,0
RULE_A,SC_V19129_B129_047,5444,하품하다,4,L2,RULE_PROPOSED_PENDING_APPROVAL,3,PROVISIONAL_AUTO,2,PROVISIONAL_AUTO,level_policy_v0.1,0,0
RULE_A,SC_V19130_B130_009,5452,학수고대하다,4,L2,RULE_PROPOSED_PENDING_APPROVAL,3,PROVISIONAL_AUTO,2,PROVISIONAL_AUTO,level_policy_v0.1,0,0
RULE_A,SC_V19130_B130_017,5458,한갓,4,L2,RULE_PROPOSED_PENDING_APPROVAL,3,PROVISIONAL_AUTO,2,PROVISIONAL_AUTO,level_policy_v0.1,0,0
RULE_A,SC_V19130_B130_018,5459,한국학,4,L2,RULE_PROPOSED_PENDING_APPROVAL,3,PROVISIONAL_AUTO,2,PROVISIONAL_AUTO,level_policy_v0.1,0,0
RULE_A,SC_V19130_B130_022,5463,한낱,4,L2,RULE_PROPOSED_PENDING_APPROVAL,3,PROVISIONAL_AUTO,2,PROVISIONAL_AUTO,level_policy_v0.1,0,0
RULE_A,SC_V19130_B130_024,5465,한들한들,4,L2,RULE_PROPOSED_PENDING_APPROVAL,3,PROVISIONAL_AUTO,2,PROVISIONAL_AUTO,level_policy_v0.1,0,0
RULE_A,SC_V19130_B130_026,5467,한솥밥,4,L2,RULE_PROPOSED_PENDING_APPROVAL,3,PROVISIONAL_AUTO,2,PROVISIONAL_AUTO,level_policy_v0.1,0,0
RULE_A,SC_V19130_B130_039,5472,한탄하다,4,L2,RULE_PROPOSED_PENDING_APPROVAL,3,PROVISIONAL_AUTO,2,PROVISIONAL_AUTO,level_policy_v0.1,0,0
RULE_A,SC_V19130_B130_042,5475,할애하다,4,L2,RULE_PROPOSED_PENDING_APPROVAL,3,PROVISIONAL_AUTO,2,PROVISIONAL_AUTO,level_policy_v0.1,0,0
RULE_A,SC_V19131_B131_002,5483,합격증,4,L2,RULE_PROPOSED_PENDING_APPROVAL,3,PROVISIONAL_AUTO,2,PROVISIONAL_AUTO,level_policy_v0.1,0,0
RULE_A,SC_V19131_B131_013,5492,항공로,4,L2,RULE_PROPOSED_PENDING_APPROVAL,3,PROVISIONAL_AUTO,2,PROVISIONAL_AUTO,level_policy_v0.1,0,0
RULE_A,SC_V19131_B131_020,5495,해발,4,L2,RULE_PROPOSED_PENDING_APPROVAL,3,PROVISIONAL_AUTO,2,PROVISIONAL_AUTO,level_policy_v0.1,0,0
RULE_A,SC_V19131_B131_032,5503,해지다,4,L2,RULE_PROPOSED_PENDING_APPROVAL,3,PROVISIONAL_AUTO,2,PROVISIONAL_AUTO,level_policy_v0.1,0,0
RULE_A,SC_V19132_B132_003,5519,행차,4,L2,RULE_PROPOSED_PENDING_APPROVAL,3,PROVISIONAL_AUTO,2,PROVISIONAL_AUTO,level_policy_v0.1,0,0
RULE_A,SC_V19132_B132_004,5520,행차하다,4,L2,RULE_PROPOSED_PENDING_APPROVAL,3,PROVISIONAL_AUTO,2,PROVISIONAL_AUTO,level_policy_v0.1,0,0
RULE_A,SC_V19132_B132_005,5521,행태,4,L2,RULE_PROPOSED_PENDING_APPROVAL,3,PROVISIONAL_AUTO,2,PROVISIONAL_AUTO,level_policy_v0.1,0,0
RULE_A,SC_V19132_B132_008,5522,향신료,4,L2,RULE_PROPOSED_PENDING_APPROVAL,3,PROVISIONAL_AUTO,2,PROVISIONAL_AUTO,level_policy_v0.1,0,0
RULE_A,SC_V19132_B132_011,5525,허둥거리다,4,L2,RULE_PROPOSED_PENDING_APPROVAL,3,PROVISIONAL_AUTO,2,PROVISIONAL_AUTO,level_policy_v0.1,0,0
RULE_A,SC_V19132_B132_016,5530,허리춤,4,L2,RULE_PROPOSED_PENDING_APPROVAL,3,PROVISIONAL_AUTO,2,PROVISIONAL_AUTO,level_policy_v0.1,0,0
RULE_A,SC_V19132_B132_022,5533,허우대,4,L2,RULE_PROPOSED_PENDING_APPROVAL,3,PROVISIONAL_AUTO,2,PROVISIONAL_AUTO,level_policy_v0.1,0,0
RULE_A,SC_V19132_B132_024,5535,허풍,4,L2,RULE_PROPOSED_PENDING_APPROVAL,3,PROVISIONAL_AUTO,2,PROVISIONAL_AUTO,level_policy_v0.1,0,0
RULE_A,SC_V19132_B132_030,5539,헌신하다,4,L2,RULE_PROPOSED_PENDING_APPROVAL,3,PROVISIONAL_AUTO,2,PROVISIONAL_AUTO,level_policy_v0.1,0,0
RULE_A,SC_V19132_B132_039,5542,헛간,4,L2,RULE_PROPOSED_PENDING_APPROVAL,3,PROVISIONAL_AUTO,2,PROVISIONAL_AUTO,level_policy_v0.1,0,0
RULE_A,SC_V19132_B132_040,5543,헛걸음,4,L2,RULE_PROPOSED_PENDING_APPROVAL,3,PROVISIONAL_AUTO,2,PROVISIONAL_AUTO,level_policy_v0.1,0,0
RULE_A,SC_V19132_B132_041,5544,헛걸음하다,4,L2,RULE_PROPOSED_PENDING_APPROVAL,3,PROVISIONAL_AUTO,2,PROVISIONAL_AUTO,level_policy_v0.1,0,0
RULE_A,SC_V19132_B132_042,5545,헛기침,4,L2,RULE_PROPOSED_PENDING_APPROVAL,3,PROVISIONAL_AUTO,2,PROVISIONAL_AUTO,level_policy_v0.1,0,0
RULE_A,SC_V19132_B132_043,5546,헛되이,4,L2,RULE_PROPOSED_PENDING_APPROVAL,3,PROVISIONAL_AUTO,2,PROVISIONAL_AUTO,level_policy_v0.1,0,0
RULE_A,SC_V19132_B132_050,5552,헤어스타일,4,L2,RULE_PROPOSED_PENDING_APPROVAL,3,PROVISIONAL_AUTO,2,PROVISIONAL_AUTO,level_policy_v0.1,0,0
RULE_A,SC_V19133_B133_004,5556,헬스장,4,L2,RULE_PROPOSED_PENDING_APPROVAL,3,PROVISIONAL_AUTO,2,PROVISIONAL_AUTO,level_policy_v0.1,0,0
RULE_A,SC_V19133_B133_006,5558,혁신,4,L2,RULE_PROPOSED_PENDING_APPROVAL,3,PROVISIONAL_AUTO,2,PROVISIONAL_AUTO,level_policy_v0.1,0,0
RULE_A,SC_V19133_B133_008,5559,현대식,4,L2,RULE_PROPOSED_PENDING_APPROVAL,3,PROVISIONAL_AUTO,2,PROVISIONAL_AUTO,level_policy_v0.1,0,0
RULE_A,SC_V19133_B133_013,5562,현혹,4,L2,RULE_PROPOSED_PENDING_APPROVAL,3,PROVISIONAL_AUTO,2,PROVISIONAL_AUTO,level_policy_v0.1,0,0
RULE_A,SC_V19133_B133_017,5563,혈연관계,4,L2,RULE_PROPOSED_PENDING_APPROVAL,3,REVIEW_BOUNDARY,2,REVIEW_BOUNDARY,level_policy_v0.1,0,0
RULE_A,SC_V19133_B133_018,5564,협동성,4,L2,RULE_PROPOSED_PENDING_APPROVAL,3,REVIEW_BOUNDARY,2,REVIEW_BOUNDARY,level_policy_v0.1,0,0
RULE_A,SC_V19133_B133_020,5566,협의회,4,L2,RULE_PROPOSED_PENDING_APPROVAL,3,PROVISIONAL_AUTO,2,PROVISIONAL_AUTO,level_policy_v0.1,0,0
RULE_A,SC_V19133_B133_030,5574,형평성,4,L2,RULE_PROPOSED_PENDING_APPROVAL,3,REVIEW_BOUNDARY,2,REVIEW_BOUNDARY,level_policy_v0.1,0,0
RULE_A,SC_V19133_B133_038,5581,호박고지,4,L2,RULE_PROPOSED_PENDING_APPROVAL,3,PROVISIONAL_AUTO,2,PROVISIONAL_AUTO,level_policy_v0.1,0,0
RULE_A,SC_V19133_B133_042,5585,호사스럽다,4,L2,RULE_PROPOSED_PENDING_APPROVAL,3,PROVISIONAL_AUTO,2,PROVISIONAL_AUTO,level_policy_v0.1,0,0
RULE_A,SC_V19133_B133_045,5588,호호백발,4,L2,RULE_PROPOSED_PENDING_APPROVAL,3,PROVISIONAL_AUTO,2,PROVISIONAL_AUTO,level_policy_v0.1,0,0
RULE_A,SC_V19133_B133_047,5590,호화스럽다,4,L2,RULE_PROPOSED_PENDING_APPROVAL,3,PROVISIONAL_AUTO,2,PROVISIONAL_AUTO,level_policy_v0.1,0,0
RULE_A,SC_V19134_B134_001,5593,혼돈하다,4,L2,RULE_PROPOSED_PENDING_APPROVAL,3,PROVISIONAL_AUTO,2,PROVISIONAL_AUTO,level_policy_v0.1,0,0
RULE_A,SC_V19134_B134_003,5594,혼비백산,4,L2,RULE_PROPOSED_PENDING_APPROVAL,3,PROVISIONAL_AUTO,2,PROVISIONAL_AUTO,level_policy_v0.1,0,0
RULE_A,SC_V19134_B134_016,5604,홍보물,4,L2,RULE_PROPOSED_PENDING_APPROVAL,3,PROVISIONAL_AUTO,2,PROVISIONAL_AUTO,level_policy_v0.1,0,0
RULE_A,SC_V19134_B134_018,5606,화기애애하다,4,L2,RULE_PROPOSED_PENDING_APPROVAL,3,PROVISIONAL_AUTO,2,PROVISIONAL_AUTO,level_policy_v0.1,0,0
RULE_A,SC_V19134_B134_023,5610,화문석,4,L2,RULE_PROPOSED_PENDING_APPROVAL,3,PROVISIONAL_AUTO,2,PROVISIONAL_AUTO,level_policy_v0.1,0,0
RULE_A,SC_V19134_B134_030,5616,화선지,4,L2,RULE_PROPOSED_PENDING_APPROVAL,3,PROVISIONAL_AUTO,2,PROVISIONAL_AUTO,level_policy_v0.1,0,0
RULE_A,SC_V19134_B134_032,5618,화장술,4,L2,RULE_PROPOSED_PENDING_APPROVAL,3,PROVISIONAL_AUTO,2,PROVISIONAL_AUTO,level_policy_v0.1,0,0
RULE_A,SC_V19134_B134_034,5620,화질,4,L2,RULE_PROPOSED_PENDING_APPROVAL,3,PROVISIONAL_AUTO,2,PROVISIONAL_AUTO,level_policy_v0.1,0,0
RULE_A,SC_V19134_B134_047,5630,환풍기,4,L2,RULE_PROPOSED_PENDING_APPROVAL,3,PROVISIONAL_AUTO,2,PROVISIONAL_AUTO,level_policy_v0.1,0,0
RULE_A,SC_V19134_B134_048,5631,환호성,4,L2,RULE_PROPOSED_PENDING_APPROVAL,3,PROVISIONAL_AUTO,2,PROVISIONAL_AUTO,level_policy_v0.1,0,0
RULE_A,SC_V19135_B135_005,5636,활용법,4,L2,RULE_PROPOSED_PENDING_APPROVAL,3,PROVISIONAL_AUTO,2,PROVISIONAL_AUTO,level_policy_v0.1,0,0
RULE_A,SC_V19135_B135_006,5637,활주로,4,L2,RULE_PROPOSED_PENDING_APPROVAL,3,PROVISIONAL_AUTO,2,PROVISIONAL_AUTO,level_policy_v0.1,0,0
RULE_A,SC_V19135_B135_012,5643,황송하다,4,L2,RULE_PROPOSED_PENDING_APPROVAL,3,PROVISIONAL_AUTO,2,PROVISIONAL_AUTO,level_policy_v0.1,0,0
RULE_A,SC_V19135_B135_015,5645,회견,4,L2,RULE_PROPOSED_PENDING_APPROVAL,3,PROVISIONAL_AUTO,2,PROVISIONAL_AUTO,level_policy_v0.1,0,0
RULE_A,SC_V19135_B135_024,5650,회의록,4,L2,RULE_PROPOSED_PENDING_APPROVAL,3,PROVISIONAL_AUTO,2,PROVISIONAL_AUTO,level_policy_v0.1,0,0
RULE_A,SC_V19135_B135_026,5652,회장단,4,L2,RULE_PROPOSED_PENDING_APPROVAL,3,PROVISIONAL_AUTO,2,PROVISIONAL_AUTO,level_policy_v0.1,0,0
RULE_A,SC_V19135_B135_049,5661,후원금,4,L2,RULE_PROPOSED_PENDING_APPROVAL,3,PROVISIONAL_AUTO,2,PROVISIONAL_AUTO,level_policy_v0.1,0,0
RULE_A,SC_V19135_B135_050,5662,후원자,4,L2,RULE_PROPOSED_PENDING_APPROVAL,3,PROVISIONAL_AUTO,2,PROVISIONAL_AUTO,level_policy_v0.1,0,0
RULE_A,SC_V19136_B136_001,5663,후원하다,4,L2,RULE_PROPOSED_PENDING_APPROVAL,3,PROVISIONAL_AUTO,2,PROVISIONAL_AUTO,level_policy_v0.1,0,0
RULE_A,SC_V19136_B136_013,5670,휘둘러보다,4,L2,RULE_PROPOSED_PENDING_APPROVAL,3,PROVISIONAL_AUTO,2,PROVISIONAL_AUTO,level_policy_v0.1,0,0
RULE_A,SC_V19136_B136_016,5672,휘발성,4,L2,RULE_PROPOSED_PENDING_APPROVAL,3,REVIEW_BOUNDARY,2,REVIEW_BOUNDARY,level_policy_v0.1,0,0
RULE_A,SC_V19136_B136_019,5675,휴관,4,L2,RULE_PROPOSED_PENDING_APPROVAL,3,PROVISIONAL_AUTO,2,PROVISIONAL_AUTO,level_policy_v0.1,0,0
RULE_A,SC_V19136_B136_020,5676,휴관하다,4,L2,RULE_PROPOSED_PENDING_APPROVAL,3,PROVISIONAL_AUTO,2,PROVISIONAL_AUTO,level_policy_v0.1,0,0
RULE_A,SC_V19136_B136_022,5678,휴양림,4,L2,RULE_PROPOSED_PENDING_APPROVAL,3,PROVISIONAL_AUTO,2,PROVISIONAL_AUTO,level_policy_v0.1,0,0
RULE_A,SC_V19136_B136_023,5679,휴양소,4,L2,RULE_PROPOSED_PENDING_APPROVAL,3,PROVISIONAL_AUTO,2,PROVISIONAL_AUTO,level_policy_v0.1,0,0
RULE_A,SC_V19136_B136_025,5681,휴직,4,L2,RULE_PROPOSED_PENDING_APPROVAL,3,PROVISIONAL_AUTO,2,PROVISIONAL_AUTO,level_policy_v0.1,0,0
RULE_A,SC_V19136_B136_026,5682,휴직하다,4,L2,RULE_PROPOSED_PENDING_APPROVAL,3,PROVISIONAL_AUTO,2,PROVISIONAL_AUTO,level_policy_v0.1,0,0
RULE_A,SC_V19136_B136_036,5686,흑설탕,4,L2,RULE_PROPOSED_PENDING_APPROVAL,3,PROVISIONAL_AUTO,2,PROVISIONAL_AUTO,level_policy_v0.1,0,0
RULE_A,SC_V19137_B137_005,5701,흡사,4,L2,RULE_PROPOSED_PENDING_APPROVAL,3,PROVISIONAL_AUTO,2,PROVISIONAL_AUTO,level_policy_v0.1,0,0
RULE_A,SC_V19137_B137_009,5703,흥건하다,4,L2,RULE_PROPOSED_PENDING_APPROVAL,3,PROVISIONAL_AUTO,2,PROVISIONAL_AUTO,level_policy_v0.1,0,0
RULE_A,SC_V19137_B137_033,5722,힘자랑하다,4,L2,RULE_PROPOSED_PENDING_APPROVAL,3,PROVISIONAL_AUTO,2,PROVISIONAL_AUTO,level_policy_v0.1,0,0
RULE_A,SC_V1914_B014_028,616,가곡집,4,L2,RULE_PROPOSED_PENDING_APPROVAL,3,PROVISIONAL_AUTO,2,PROVISIONAL_AUTO,level_policy_v0.1,0,0
RULE_A,SC_V1914_B014_029,617,가공식품,4,L2,RULE_PROPOSED_PENDING_APPROVAL,3,PROVISIONAL_AUTO,2,PROVISIONAL_AUTO,level_policy_v0.1,0,0
RULE_A,SC_V1914_B014_043,629,가루우유,4,L2,RULE_PROPOSED_PENDING_APPROVAL,3,PROVISIONAL_AUTO,2,PROVISIONAL_AUTO,level_policy_v0.1,0,0
RULE_A,SC_V1914_B014_050,636,가무스름하다,4,L2,RULE_PROPOSED_PENDING_APPROVAL,3,PROVISIONAL_AUTO,2,PROVISIONAL_AUTO,level_policy_v0.1,0,0
RULE_A,SC_V1915_B015_008,643,가스보일러,4,L2,RULE_PROPOSED_PENDING_APPROVAL,3,PROVISIONAL_AUTO,2,PROVISIONAL_AUTO,level_policy_v0.1,0,0
RULE_A,SC_V1915_B015_009,644,가스오븐레인지,4,L2,RULE_PROPOSED_PENDING_APPROVAL,3,PROVISIONAL_AUTO,2,PROVISIONAL_AUTO,level_policy_v0.1,0,0
RULE_A,SC_V1915_B015_014,649,가엾이,4,L2,RULE_PROPOSED_PENDING_APPROVAL,3,PROVISIONAL_AUTO,2,PROVISIONAL_AUTO,level_policy_v0.1,0,0
RULE_A,SC_V1915_B015_015,650,가오리연,4,L2,RULE_PROPOSED_PENDING_APPROVAL,3,PROVISIONAL_AUTO,2,PROVISIONAL_AUTO,level_policy_v0.1,0,0
RULE_A,SC_V1915_B015_017,652,가운뎃손가락,4,L2,RULE_PROPOSED_PENDING_APPROVAL,3,PROVISIONAL_AUTO,2,PROVISIONAL_AUTO,level_policy_v0.1,0,0
RULE_A,SC_V1915_B015_021,656,가을벌레,4,L2,RULE_PROPOSED_PENDING_APPROVAL,3,PROVISIONAL_AUTO,2,PROVISIONAL_AUTO,level_policy_v0.1,0,0
RULE_A,SC_V1915_B015_025,660,가이,4,L2,RULE_PROPOSED_PENDING_APPROVAL,3,PROVISIONAL_AUTO,2,PROVISIONAL_AUTO,level_policy_v0.1,0,0
RULE_A,SC_V1915_B015_026,661,가입자,4,L2,RULE_PROPOSED_PENDING_APPROVAL,3,PROVISIONAL_AUTO,2,PROVISIONAL_AUTO,level_policy_v0.1,0,0
RULE_A,SC_V1915_B015_027,662,가장무도회,4,L2,RULE_PROPOSED_PENDING_APPROVAL,3,PROVISIONAL_AUTO,2,PROVISIONAL_AUTO,level_policy_v0.1,0,0
RULE_A,SC_V1915_B015_029,664,가전제품,4,L2,RULE_PROPOSED_PENDING_APPROVAL,3,PROVISIONAL_AUTO,2,PROVISIONAL_AUTO,level_policy_v0.1,0,0
RULE_A,SC_V1915_B015_040,673,가혹,4,L2,RULE_PROPOSED_PENDING_APPROVAL,3,PROVISIONAL_AUTO,2,PROVISIONAL_AUTO,level_policy_v0.1,0,0
RULE_A,SC_V1915_B015_041,674,가혹하다,4,L2,RULE_PROPOSED_PENDING_APPROVAL,3,PROVISIONAL_AUTO,2,PROVISIONAL_AUTO,level_policy_v0.1,0,0
RULE_A,SC_V1915_B015_043,676,각계각층,4,L2,RULE_PROPOSED_PENDING_APPROVAL,3,PROVISIONAL_AUTO,2,PROVISIONAL_AUTO,level_policy_v0.1,0,0
RULE_A,SC_V1915_B015_046,679,각도기,4,L2,RULE_PROPOSED_PENDING_APPROVAL,3,PROVISIONAL_AUTO,2,PROVISIONAL_AUTO,level_policy_v0.1,0,0
RULE_A,SC_V1915_B015_047,680,각별하다,4,L2,RULE_PROPOSED_PENDING_APPROVAL,3,PROVISIONAL_AUTO,2,PROVISIONAL_AUTO,level_policy_v0.1,0,0
RULE_A,SC_V1915_B015_048,681,각별히,4,L2,RULE_PROPOSED_PENDING_APPROVAL,3,PROVISIONAL_AUTO,2,PROVISIONAL_AUTO,level_policy_v0.1,0,0
RULE_A,SC_V1916_B016_003,686,간단명료하다,4,L2,RULE_PROPOSED_PENDING_APPROVAL,3,PROVISIONAL_AUTO,2,PROVISIONAL_AUTO,level_policy_v0.1,0,0
RULE_A,SC_V1916_B016_004,687,간담회,4,L2,RULE_PROPOSED_PENDING_APPROVAL,3,PROVISIONAL_AUTO,2,PROVISIONAL_AUTO,level_policy_v0.1,0,0
RULE_A,SC_V1916_B016_005,688,간소화되다,4,L2,RULE_PROPOSED_PENDING_APPROVAL,3,PROVISIONAL_AUTO,2,PROVISIONAL_AUTO,level_policy_v0.1,0,0
RULE_A,SC_V1916_B016_006,689,간소화하다,4,L2,RULE_PROPOSED_PENDING_APPROVAL,3,PROVISIONAL_AUTO,2,PROVISIONAL_AUTO,level_policy_v0.1,0,0
RULE_A,SC_V1916_B016_013,693,간척지,4,L2,RULE_PROPOSED_PENDING_APPROVAL,3,PROVISIONAL_AUTO,2,PROVISIONAL_AUTO,level_policy_v0.1,0,0
RULE_A,SC_V1916_B016_026,704,갈채,4,L2,RULE_PROPOSED_PENDING_APPROVAL,3,PROVISIONAL_AUTO,2,PROVISIONAL_AUTO,level_policy_v0.1,0,0
RULE_A,SC_V1916_B016_028,706,갈퀴,4,L2,RULE_PROPOSED_PENDING_APPROVAL,3,PROVISIONAL_AUTO,2,PROVISIONAL_AUTO,level_policy_v0.1,0,0
RULE_A,SC_V1916_B016_037,712,감미료,4,L2,RULE_PROPOSED_PENDING_APPROVAL,3,PROVISIONAL_AUTO,2,PROVISIONAL_AUTO,level_policy_v0.1,0,0
RULE_A,SC_V1916_B016_041,716,감시원,4,L2,RULE_PROPOSED_PENDING_APPROVAL,3,PROVISIONAL_AUTO,2,PROVISIONAL_AUTO,level_policy_v0.1,0,0
RULE_A,SC_V1916_B016_046,720,감촉,4,L2,RULE_PROPOSED_PENDING_APPROVAL,3,PROVISIONAL_AUTO,2,PROVISIONAL_AUTO,level_policy_v0.1,0,0
RULE_A,SC_V1917_B017_003,725,갑판,4,L2,RULE_PROPOSED_PENDING_APPROVAL,3,PROVISIONAL_AUTO,2,PROVISIONAL_AUTO,level_policy_v0.1,0,0
RULE_A,SC_V1917_B017_013,734,강습회,4,L2,RULE_PROPOSED_PENDING_APPROVAL,3,PROVISIONAL_AUTO,2,PROVISIONAL_AUTO,level_policy_v0.1,0,0
RULE_A,SC_V1917_B017_014,735,강연회,4,L2,RULE_PROPOSED_PENDING_APPROVAL,3,PROVISIONAL_AUTO,2,PROVISIONAL_AUTO,level_policy_v0.1,0,0
RULE_A,SC_V1917_B017_015,736,강우량,4,L2,RULE_PROPOSED_PENDING_APPROVAL,3,PROVISIONAL_AUTO,2,PROVISIONAL_AUTO,level_policy_v0.1,0,0
RULE_A,SC_V1917_B017_021,741,개과천선,4,L2,RULE_PROPOSED_PENDING_APPROVAL,3,PROVISIONAL_AUTO,2,PROVISIONAL_AUTO,level_policy_v0.1,0,0
RULE_A,SC_V1917_B017_022,742,개관식,4,L2,RULE_PROPOSED_PENDING_APPROVAL,3,PROVISIONAL_AUTO,2,PROVISIONAL_AUTO,level_policy_v0.1,0,0
RULE_A,SC_V1917_B017_033,753,개인차,4,L2,RULE_PROPOSED_PENDING_APPROVAL,3,PROVISIONAL_AUTO,2,PROVISIONAL_AUTO,level_policy_v0.1,0,0
RULE_A,SC_V1917_B017_034,754,개장사,4,L2,RULE_PROPOSED_PENDING_APPROVAL,3,PROVISIONAL_AUTO,2,PROVISIONAL_AUTO,level_policy_v0.1,0,0
RULE_A,SC_V1917_B017_035,755,개찰구,4,L2,RULE_PROPOSED_PENDING_APPROVAL,3,PROVISIONAL_AUTO,2,PROVISIONAL_AUTO,level_policy_v0.1,0,0
RULE_A,SC_V1917_B017_041,761,개키다,4,L2,RULE_PROPOSED_PENDING_APPROVAL,3,PROVISIONAL_AUTO,2,PROVISIONAL_AUTO,level_policy_v0.1,0,0
RULE_A,SC_V1918_B018_002,771,거닐다,4,L2,RULE_PROPOSED_PENDING_APPROVAL,3,PROVISIONAL_AUTO,2,PROVISIONAL_AUTO,level_policy_v0.1,0,0
RULE_A,SC_V1918_B018_003,772,거드럭거리다,4,L2,RULE_PROPOSED_PENDING_APPROVAL,3,PROVISIONAL_AUTO,2,PROVISIONAL_AUTO,level_policy_v0.1,0,0
RULE_A,SC_V1918_B018_005,774,거들먹거리다,4,L2,RULE_PROPOSED_PENDING_APPROVAL,3,PROVISIONAL_AUTO,2,PROVISIONAL_AUTO,level_policy_v0.1,0,0
RULE_A,SC_V1918_B018_007,776,거듭되다,4,L2,RULE_PROPOSED_PENDING_APPROVAL,3,PROVISIONAL_AUTO,2,PROVISIONAL_AUTO,level_policy_v0.1,0,0
RULE_A,SC_V1918_B018_015,782,거무스름하다,4,L2,RULE_PROPOSED_PENDING_APPROVAL,3,PROVISIONAL_AUTO,2,PROVISIONAL_AUTO,level_policy_v0.1,0,0
RULE_A,SC_V1918_B018_016,783,거무죽죽하다,4,L2,RULE_PROPOSED_PENDING_APPROVAL,3,PROVISIONAL_AUTO,2,PROVISIONAL_AUTO,level_policy_v0.1,0,0
RULE_A,SC_V1918_B018_017,784,거무튀튀하다,4,L2,RULE_PROPOSED_PENDING_APPROVAL,3,PROVISIONAL_AUTO,2,PROVISIONAL_AUTO,level_policy_v0.1,0,0
RULE_A,SC_V1918_B018_020,787,거봐라,4,L2,RULE_PROPOSED_PENDING_APPROVAL,3,PROVISIONAL_AUTO,2,PROVISIONAL_AUTO,level_policy_v0.1,0,0
RULE_A,SC_V1918_B018_025,792,거울삼다,4,L2,RULE_PROPOSED_PENDING_APPROVAL,3,PROVISIONAL_AUTO,2,PROVISIONAL_AUTO,level_policy_v0.1,0,0
RULE_A,SC_V1918_B018_026,793,거저먹기,4,L2,RULE_PROPOSED_PENDING_APPROVAL,3,PROVISIONAL_AUTO,2,PROVISIONAL_AUTO,level_policy_v0.1,0,0
RULE_A,SC_V1918_B018_031,798,거즈,4,L2,RULE_PROPOSED_PENDING_APPROVAL,3,PROVISIONAL_AUTO,2,PROVISIONAL_AUTO,level_policy_v0.1,0,0
RULE_A,SC_V1918_B018_034,800,거짓말투성이,4,L2,RULE_PROPOSED_PENDING_APPROVAL,3,PROVISIONAL_AUTO,2,PROVISIONAL_AUTO,level_policy_v0.1,0,0
RULE_A,SC_V1918_B018_041,807,거침없이,4,L2,RULE_PROPOSED_PENDING_APPROVAL,3,PROVISIONAL_AUTO,2,PROVISIONAL_AUTO,level_policy_v0.1,0,0
RULE_A,SC_V1918_B018_048,810,건너다니다,4,L2,RULE_PROPOSED_PENDING_APPROVAL,3,PROVISIONAL_AUTO,2,PROVISIONAL_AUTO,level_policy_v0.1,0,0
RULE_A,SC_V1919_B019_003,815,건설업,4,L2,RULE_PROPOSED_PENDING_APPROVAL,3,PROVISIONAL_AUTO,2,PROVISIONAL_AUTO,level_policy_v0.1,0,0
RULE_A,SC_V1919_B019_004,816,건설업자,4,L2,RULE_PROPOSED_PENDING_APPROVAL,3,PROVISIONAL_AUTO,2,PROVISIONAL_AUTO,level_policy_v0.1,0,0
RULE_A,SC_V1919_B019_007,819,건조대,4,L2,RULE_PROPOSED_PENDING_APPROVAL,3,PROVISIONAL_AUTO,2,PROVISIONAL_AUTO,level_policy_v0.1,0,0
RULE_A,SC_V1919_B019_014,826,걷어붙이다,4,L2,RULE_PROPOSED_PENDING_APPROVAL,3,PROVISIONAL_AUTO,2,PROVISIONAL_AUTO,level_policy_v0.1,0,0
RULE_A,SC_V1919_B019_017,829,걸레질하다,4,L2,RULE_PROPOSED_PENDING_APPROVAL,3,PROVISIONAL_AUTO,2,PROVISIONAL_AUTO,level_policy_v0.1,0,0
RULE_A,SC_V1919_B019_024,834,검불,4,L2,RULE_PROPOSED_PENDING_APPROVAL,3,PROVISIONAL_AUTO,2,PROVISIONAL_AUTO,level_policy_v0.1,0,0
RULE_A,SC_V1919_B019_029,839,검소하다,4,L2,RULE_PROPOSED_PENDING_APPROVAL,3,PROVISIONAL_AUTO,2,PROVISIONAL_AUTO,level_policy_v0.1,0,0
RULE_A,SC_V1919_B019_048,857,게시되다,4,L2,RULE_PROPOSED_PENDING_APPROVAL,3,PROVISIONAL_AUTO,2,PROVISIONAL_AUTO,level_policy_v0.1,0,0
RULE_A,SC_V1919_B019_049,858,게시물,4,L2,RULE_PROPOSED_PENDING_APPROVAL,3,PROVISIONAL_AUTO,2,PROVISIONAL_AUTO,level_policy_v0.1,0,0
RULE_A,SC_V1919_B019_050,859,게시하다,4,L2,RULE_PROPOSED_PENDING_APPROVAL,3,PROVISIONAL_AUTO,2,PROVISIONAL_AUTO,level_policy_v0.1,0,0
RULE_A,SC_V1920_B020_001,860,게양대,4,L2,RULE_PROPOSED_PENDING_APPROVAL,3,PROVISIONAL_AUTO,2,PROVISIONAL_AUTO,level_policy_v0.1,0,0
RULE_A,SC_V1920_B020_009,867,겨를,4,L2,RULE_PROPOSED_PENDING_APPROVAL,3,PROVISIONAL_AUTO,2,PROVISIONAL_AUTO,level_policy_v0.1,0,0
RULE_A,SC_V1920_B020_017,875,격언,4,L2,RULE_PROPOSED_PENDING_APPROVAL,3,PROVISIONAL_AUTO,2,PROVISIONAL_AUTO,level_policy_v0.1,0,0
RULE_A,SC_V1920_B020_021,876,견적,4,L2,RULE_PROPOSED_PENDING_APPROVAL,3,PROVISIONAL_AUTO,2,PROVISIONAL_AUTO,level_policy_v0.1,0,0
RULE_A,SC_V1920_B020_022,877,견주다,4,L2,RULE_PROPOSED_PENDING_APPROVAL,3,PROVISIONAL_AUTO,2,PROVISIONAL_AUTO,level_policy_v0.1,0,0
RULE_A,SC_V1920_B020_026,881,결단력,4,L2,RULE_PROPOSED_PENDING_APPROVAL,3,PROVISIONAL_AUTO,2,PROVISIONAL_AUTO,level_policy_v0.1,0,0
RULE_A,SC_V1920_B020_032,885,결점,4,L2,RULE_PROPOSED_PENDING_APPROVAL,3,PROVISIONAL_AUTO,2,PROVISIONAL_AUTO,level_policy_v0.1,0,0
RULE_A,SC_V1920_B020_040,893,경계망,4,L2,RULE_PROPOSED_PENDING_APPROVAL,3,PROVISIONAL_AUTO,2,PROVISIONAL_AUTO,level_policy_v0.1,0,0
RULE_A,SC_V1920_B020_043,896,경례하다,4,L2,RULE_PROPOSED_PENDING_APPROVAL,3,PROVISIONAL_AUTO,2,PROVISIONAL_AUTO,level_policy_v0.1,0,0
RULE_A,SC_V1920_B020_047,897,경보기,4,L2,RULE_PROPOSED_PENDING_APPROVAL,3,PROVISIONAL_AUTO,2,PROVISIONAL_AUTO,level_policy_v0.1,0,0
RULE_A,SC_V1920_B020_049,899,경비하다,4,L2,RULE_PROPOSED_PENDING_APPROVAL,3,PROVISIONAL_AUTO,2,PROVISIONAL_AUTO,level_policy_v0.1,0,0
RULE_A,SC_V1920_B020_050,900,경사로,4,L2,RULE_PROPOSED_PENDING_APPROVAL,3,PROVISIONAL_AUTO,2,PROVISIONAL_AUTO,level_policy_v0.1,0,0
RULE_A,SC_V1921_B021_002,902,경사스럽다,4,L2,RULE_PROPOSED_PENDING_APPROVAL,3,PROVISIONAL_AUTO,2,PROVISIONAL_AUTO,level_policy_v0.1,0,0
RULE_A,SC_V1921_B021_010,910,경쟁력,4,L2,RULE_PROPOSED_PENDING_APPROVAL,3,PROVISIONAL_AUTO,2,PROVISIONAL_AUTO,level_policy_v0.1,0,0
RULE_A,SC_V1921_B021_011,911,경쟁심,4,L2,RULE_PROPOSED_PENDING_APPROVAL,3,PROVISIONAL_AUTO,2,PROVISIONAL_AUTO,level_policy_v0.1,0,0
RULE_A,SC_V1921_B021_019,917,경쾌하다,4,L2,RULE_PROPOSED_PENDING_APPROVAL,3,PROVISIONAL_AUTO,2,PROVISIONAL_AUTO,level_policy_v0.1,0,0
RULE_A,SC_V1921_B021_021,919,경험자,4,L2,RULE_PROPOSED_PENDING_APPROVAL,3,PROVISIONAL_AUTO,2,PROVISIONAL_AUTO,level_policy_v0.1,0,0
RULE_A,SC_V1921_B021_022,920,경호원,4,L2,RULE_PROPOSED_PENDING_APPROVAL,3,PROVISIONAL_AUTO,2,PROVISIONAL_AUTO,level_policy_v0.1,0,0
RULE_A,SC_V1921_B021_025,922,계란빵,4,L2,RULE_PROPOSED_PENDING_APPROVAL,3,PROVISIONAL_AUTO,2,PROVISIONAL_AUTO,level_policy_v0.1,0,0
RULE_A,SC_V1921_B021_028,925,계량스푼,4,L2,RULE_PROPOSED_PENDING_APPROVAL,3,PROVISIONAL_AUTO,2,PROVISIONAL_AUTO,level_policy_v0.1,0,0
RULE_A,SC_V1921_B021_029,926,계량컵,4,L2,RULE_PROPOSED_PENDING_APPROVAL,3,PROVISIONAL_AUTO,2,PROVISIONAL_AUTO,level_policy_v0.1,0,0
RULE_A,SC_V1921_B021_030,927,계몽,4,L2,RULE_PROPOSED_PENDING_APPROVAL,3,PROVISIONAL_AUTO,2,PROVISIONAL_AUTO,level_policy_v0.1,0,0
RULE_A,SC_V1921_B021_031,928,계몽하다,4,L2,RULE_PROPOSED_PENDING_APPROVAL,3,PROVISIONAL_AUTO,2,PROVISIONAL_AUTO,level_policy_v0.1,0,0
RULE_A,SC_V1921_B021_042,936,고구마튀김,4,L2,RULE_PROPOSED_PENDING_APPROVAL,3,PROVISIONAL_AUTO,2,PROVISIONAL_AUTO,level_policy_v0.1,0,0
RULE_A,SC_V1921_B021_047,941,고기잡이배,4,L2,RULE_PROPOSED_PENDING_APPROVAL,3,PROVISIONAL_AUTO,2,PROVISIONAL_AUTO,level_policy_v0.1,0,0
RULE_A,SC_V1922_B022_004,946,고뇌,4,L2,RULE_PROPOSED_PENDING_APPROVAL,3,PROVISIONAL_AUTO,2,PROVISIONAL_AUTO,level_policy_v0.1,0,0
RULE_A,SC_V1922_B022_011,953,고등어조림,4,L2,RULE_PROPOSED_PENDING_APPROVAL,3,PROVISIONAL_AUTO,2,PROVISIONAL_AUTO,level_policy_v0.1,0,0
RULE_A,SC_V1922_B022_017,957,고리하다,4,L2,RULE_PROPOSED_PENDING_APPROVAL,3,PROVISIONAL_AUTO,2,PROVISIONAL_AUTO,level_policy_v0.1,0,0
RULE_A,SC_V1922_B022_023,963,고무망치,4,L2,RULE_PROPOSED_PENDING_APPROVAL,3,PROVISIONAL_AUTO,2,PROVISIONAL_AUTO,level_policy_v0.1,0,0
RULE_A,SC_V1922_B022_024,964,고무보트,4,L2,RULE_PROPOSED_PENDING_APPROVAL,3,PROVISIONAL_AUTO,2,PROVISIONAL_AUTO,level_policy_v0.1,0,0
RULE_A,SC_V1922_B022_027,967,고무호스,4,L2,RULE_PROPOSED_PENDING_APPROVAL,3,PROVISIONAL_AUTO,2,PROVISIONAL_AUTO,level_policy_v0.1,0,0
RULE_A,SC_V1922_B022_034,973,고성능,4,L2,RULE_PROPOSED_PENDING_APPROVAL,3,PROVISIONAL_AUTO,2,PROVISIONAL_AUTO,level_policy_v0.1,0,0
RULE_A,SC_V1922_B022_035,974,고스란히,4,L2,RULE_PROPOSED_PENDING_APPROVAL,3,PROVISIONAL_AUTO,2,PROVISIONAL_AUTO,level_policy_v0.1,0,0
RULE_A,SC_V1922_B022_038,976,고안하다,4,L2,RULE_PROPOSED_PENDING_APPROVAL,3,PROVISIONAL_AUTO,2,PROVISIONAL_AUTO,level_policy_v0.1,0,0
RULE_A,SC_V1922_B022_039,977,고위급,4,L2,RULE_PROPOSED_PENDING_APPROVAL,3,PROVISIONAL_AUTO,2,PROVISIONAL_AUTO,level_policy_v0.1,0,0
RULE_A,SC_V1922_B022_041,979,고자질,4,L2,RULE_PROPOSED_PENDING_APPROVAL,3,PROVISIONAL_AUTO,2,PROVISIONAL_AUTO,level_policy_v0.1,0,0
RULE_A,SC_V1922_B022_042,980,고자질하다,4,L2,RULE_PROPOSED_PENDING_APPROVAL,3,PROVISIONAL_AUTO,2,PROVISIONAL_AUTO,level_policy_v0.1,0,0
RULE_A,SC_V1922_B022_045,983,고지식하다,4,L2,RULE_PROPOSED_PENDING_APPROVAL,3,PROVISIONAL_AUTO,2,PROVISIONAL_AUTO,level_policy_v0.1,0,0
RULE_A,SC_V1922_B022_046,984,고진감래,4,L2,RULE_PROPOSED_PENDING_APPROVAL,3,PROVISIONAL_AUTO,2,PROVISIONAL_AUTO,level_policy_v0.1,0,0
RULE_A,SC_V1923_B023_003,989,곤욕,4,L2,RULE_PROPOSED_PENDING_APPROVAL,3,PROVISIONAL_AUTO,2,PROVISIONAL_AUTO,level_policy_v0.1,0,0
RULE_A,SC_V1923_B023_006,992,곧이듣다,4,L2,RULE_PROPOSED_PENDING_APPROVAL,3,PROVISIONAL_AUTO,2,PROVISIONAL_AUTO,level_policy_v0.1,0,0
RULE_A,SC_V1923_B023_007,993,곧추세우다,4,L2,RULE_PROPOSED_PENDING_APPROVAL,3,PROVISIONAL_AUTO,2,PROVISIONAL_AUTO,level_policy_v0.1,0,0
RULE_A,SC_V1923_B023_018,1001,골판지,4,L2,RULE_PROPOSED_PENDING_APPROVAL,3,PROVISIONAL_AUTO,2,PROVISIONAL_AUTO,level_policy_v0.1,0,0
RULE_A,SC_V1923_B023_028,1009,공감대,4,L2,RULE_PROPOSED_PENDING_APPROVAL,3,PROVISIONAL_AUTO,2,PROVISIONAL_AUTO,level_policy_v0.1,0,0
RULE_A,SC_V1923_B023_033,1014,공공시설,4,L2,RULE_PROPOSED_PENDING_APPROVAL,3,PROVISIONAL_AUTO,2,PROVISIONAL_AUTO,level_policy_v0.1,0,0
RULE_A,SC_V1923_B023_034,1015,공공장소,4,L2,RULE_PROPOSED_PENDING_APPROVAL,3,PROVISIONAL_AUTO,2,PROVISIONAL_AUTO,level_policy_v0.1,0,0
RULE_A,SC_V1923_B023_035,1016,공공질서,4,L2,RULE_PROPOSED_PENDING_APPROVAL,3,PROVISIONAL_AUTO,2,PROVISIONAL_AUTO,level_policy_v0.1,0,0
RULE_A,SC_V1923_B023_043,1023,공명정대하다,4,L2,RULE_PROPOSED_PENDING_APPROVAL,3,PROVISIONAL_AUTO,2,PROVISIONAL_AUTO,level_policy_v0.1,0,0
RULE_A,SC_V1923_B023_044,1024,공모전,4,L2,RULE_PROPOSED_PENDING_APPROVAL,3,PROVISIONAL_AUTO,2,PROVISIONAL_AUTO,level_policy_v0.1,0,0
RULE_A,SC_V1924_B024_005,1031,공업화,4,L2,RULE_PROPOSED_PENDING_APPROVAL,3,PROVISIONAL_AUTO,2,PROVISIONAL_AUTO,level_policy_v0.1,0,0
RULE_A,SC_V1924_B024_007,1033,공예품,4,L2,RULE_PROPOSED_PENDING_APPROVAL,3,PROVISIONAL_AUTO,2,PROVISIONAL_AUTO,level_policy_v0.1,0,0
RULE_A,SC_V1924_B024_009,1035,공정성,4,L2,RULE_PROPOSED_PENDING_APPROVAL,3,REVIEW_BOUNDARY,2,REVIEW_BOUNDARY,level_policy_v0.1,0,0
RULE_A,SC_V1924_B024_011,1036,공중도덕,4,L2,RULE_PROPOSED_PENDING_APPROVAL,3,PROVISIONAL_AUTO,2,PROVISIONAL_AUTO,level_policy_v0.1,0,0
RULE_A,SC_V1924_B024_022,1044,공항버스,4,L2,RULE_PROPOSED_PENDING_APPROVAL,3,PROVISIONAL_AUTO,2,PROVISIONAL_AUTO,level_policy_v0.1,0,0
RULE_A,SC_V1924_B024_024,1046,과감성,4,L2,RULE_PROPOSED_PENDING_APPROVAL,3,REVIEW_BOUNDARY,2,REVIEW_BOUNDARY,level_policy_v0.1,0,0
RULE_A,SC_V1924_B024_031,1049,과속,4,L2,RULE_PROPOSED_PENDING_APPROVAL,3,PROVISIONAL_AUTO,2,PROVISIONAL_AUTO,level_policy_v0.1,0,0
RULE_A,SC_V1924_B024_033,1051,과잉,4,L2,RULE_PROPOSED_PENDING_APPROVAL,3,PROVISIONAL_AUTO,2,PROVISIONAL_AUTO,level_policy_v0.1,0,0
RULE_A,SC_V1924_B024_039,1055,과학계,4,L2,RULE_PROPOSED_PENDING_APPROVAL,3,PROVISIONAL_AUTO,2,PROVISIONAL_AUTO,level_policy_v0.1,0,0
RULE_A,SC_V1924_B024_041,1057,과학화,4,L2,RULE_PROPOSED_PENDING_APPROVAL,3,REVIEW_BOUNDARY,2,REVIEW_BOUNDARY,level_policy_v0.1,0,0
RULE_A,SC_V1924_B024_042,1058,과학화되다,4,L2,RULE_PROPOSED_PENDING_APPROVAL,3,PROVISIONAL_AUTO,2,PROVISIONAL_AUTO,level_policy_v0.1,0,0
RULE_A,SC_V1924_B024_045,1061,관공서,4,L2,RULE_PROPOSED_PENDING_APPROVAL,3,PROVISIONAL_AUTO,2,PROVISIONAL_AUTO,level_policy_v0.1,0,0
RULE_A,SC_V1924_B024_050,1066,관람료,4,L2,RULE_PROPOSED_PENDING_APPROVAL,3,PROVISIONAL_AUTO,2,PROVISIONAL_AUTO,level_policy_v0.1,0,0
RULE_A,SC_V1925_B025_001,1067,관람석,4,L2,RULE_PROPOSED_PENDING_APPROVAL,3,PROVISIONAL_AUTO,2,PROVISIONAL_AUTO,level_policy_v0.1,0,0
RULE_A,SC_V1925_B025_002,1068,관련자,4,L2,RULE_PROPOSED_PENDING_APPROVAL,3,PROVISIONAL_AUTO,2,PROVISIONAL_AUTO,level_policy_v0.1,0,0
RULE_A,SC_V1925_B025_004,1070,관리소,4,L2,RULE_PROPOSED_PENDING_APPROVAL,3,PROVISIONAL_AUTO,2,PROVISIONAL_AUTO,level_policy_v0.1,0,0
RULE_A,SC_V1925_B025_006,1072,관리원,4,L2,RULE_PROPOSED_PENDING_APPROVAL,3,PROVISIONAL_AUTO,2,PROVISIONAL_AUTO,level_policy_v0.1,0,0
RULE_A,SC_V1925_B025_012,1076,관중석,4,L2,RULE_PROPOSED_PENDING_APPROVAL,3,PROVISIONAL_AUTO,2,PROVISIONAL_AUTO,level_policy_v0.1,0,0
RULE_A,SC_V1925_B025_013,1077,관찰력,4,L2,RULE_PROPOSED_PENDING_APPROVAL,3,REVIEW_BOUNDARY,2,REVIEW_BOUNDARY,level_policy_v0.1,0,0
RULE_A,SC_V1925_B025_014,1078,관찰자,4,L2,RULE_PROPOSED_PENDING_APPROVAL,3,PROVISIONAL_AUTO,2,PROVISIONAL_AUTO,level_policy_v0.1,0,0
RULE_A,SC_V1925_B025_022,1083,광고주,4,L2,RULE_PROPOSED_PENDING_APPROVAL,3,PROVISIONAL_AUTO,2,PROVISIONAL_AUTO,level_policy_v0.1,0,0
RULE_A,SC_V1925_B025_026,1086,광산촌,4,L2,RULE_PROPOSED_PENDING_APPROVAL,3,PROVISIONAL_AUTO,2,PROVISIONAL_AUTO,level_policy_v0.1,0,0
RULE_A,SC_V1925_B025_033,1091,괘종시계,4,L2,RULE_PROPOSED_PENDING_APPROVAL,3,PROVISIONAL_AUTO,2,PROVISIONAL_AUTO,level_policy_v0.1,0,0
RULE_A,SC_V1925_B025_037,1094,교대하다,4,L2,RULE_PROPOSED_PENDING_APPROVAL,3,PROVISIONAL_AUTO,2,PROVISIONAL_AUTO,level_policy_v0.1,0,0
RULE_A,SC_V1925_B025_039,1095,교만하다,4,L2,RULE_PROPOSED_PENDING_APPROVAL,3,PROVISIONAL_AUTO,2,PROVISIONAL_AUTO,level_policy_v0.1,0,0
RULE_A,SC_V1925_B025_040,1096,교역하다,4,L2,RULE_PROPOSED_PENDING_APPROVAL,3,PROVISIONAL_AUTO,2,PROVISIONAL_AUTO,level_policy_v0.1,0,0
RULE_A,SC_V1925_B025_047,1101,교통난,4,L2,RULE_PROPOSED_PENDING_APPROVAL,3,PROVISIONAL_AUTO,2,PROVISIONAL_AUTO,level_policy_v0.1,0,0
RULE_A,SC_V1925_B025_048,1102,교통로,4,L2,RULE_PROPOSED_PENDING_APPROVAL,3,PROVISIONAL_AUTO,2,PROVISIONAL_AUTO,level_policy_v0.1,0,0
RULE_A,SC_V1925_B025_049,1103,교통망,4,L2,RULE_PROPOSED_PENDING_APPROVAL,3,PROVISIONAL_AUTO,2,PROVISIONAL_AUTO,level_policy_v0.1,0,0
RULE_A,SC_V1926_B026_001,1104,교통안전,4,L2,RULE_PROPOSED_PENDING_APPROVAL,3,PROVISIONAL_AUTO,2,PROVISIONAL_AUTO,level_policy_v0.1,0,0
RULE_A,SC_V1926_B026_002,1105,교통질서,4,L2,RULE_PROPOSED_PENDING_APPROVAL,3,PROVISIONAL_AUTO,2,PROVISIONAL_AUTO,level_policy_v0.1,0,0
RULE_A,SC_V1926_B026_003,1106,교통편,4,L2,RULE_PROPOSED_PENDING_APPROVAL,3,PROVISIONAL_AUTO,2,PROVISIONAL_AUTO,level_policy_v0.1,0,0
RULE_A,SC_V1926_B026_012,1113,구독료,4,L2,RULE_PROPOSED_PENDING_APPROVAL,3,PROVISIONAL_AUTO,2,PROVISIONAL_AUTO,level_policy_v0.1,0,0
RULE_A,SC_V1926_B026_017,1117,구멍가게,4,L2,RULE_PROPOSED_PENDING_APPROVAL,3,PROVISIONAL_AUTO,2,PROVISIONAL_AUTO,level_policy_v0.1,0,0
RULE_A,SC_V1926_B026_019,1119,구부정하다,4,L2,RULE_PROPOSED_PENDING_APPROVAL,3,PROVISIONAL_AUTO,2,PROVISIONAL_AUTO,level_policy_v0.1,0,0
RULE_A,SC_V1926_B026_025,1125,구슬프다,4,L2,RULE_PROPOSED_PENDING_APPROVAL,3,PROVISIONAL_AUTO,2,PROVISIONAL_AUTO,level_policy_v0.1,0,0
RULE_A,SC_V1926_B026_026,1126,구연동화,4,L2,RULE_PROPOSED_PENDING_APPROVAL,3,PROVISIONAL_AUTO,2,PROVISIONAL_AUTO,level_policy_v0.1,0,0
RULE_A,SC_V1926_B026_027,1127,구조되다,4,L2,RULE_PROPOSED_PENDING_APPROVAL,3,PROVISIONAL_AUTO,2,PROVISIONAL_AUTO,level_policy_v0.1,0,0
RULE_A,SC_V1926_B026_034,1130,국내선,4,L2,RULE_PROPOSED_PENDING_APPROVAL,3,PROVISIONAL_AUTO,2,PROVISIONAL_AUTO,level_policy_v0.1,0,0
RULE_A,SC_V1926_B026_049,1137,국악인,4,L2,RULE_PROPOSED_PENDING_APPROVAL,3,PROVISIONAL_AUTO,2,PROVISIONAL_AUTO,level_policy_v0.1,0,0
RULE_A,SC_V1927_B027_002,1139,국제공항,4,L2,RULE_PROPOSED_PENDING_APPROVAL,3,PROVISIONAL_AUTO,2,PROVISIONAL_AUTO,level_policy_v0.1,0,0
RULE_A,SC_V1927_B027_003,1140,국제기구,4,L2,RULE_PROPOSED_PENDING_APPROVAL,3,PROVISIONAL_AUTO,2,PROVISIONAL_AUTO,level_policy_v0.1,0,0
RULE_A,SC_V1927_B027_006,1141,군것질하다,4,L2,RULE_PROPOSED_PENDING_APPROVAL,3,PROVISIONAL_AUTO,2,PROVISIONAL_AUTO,level_policy_v0.1,0,0
RULE_A,SC_V1927_B027_011,1145,군불,4,L2,RULE_PROPOSED_PENDING_APPROVAL,3,PROVISIONAL_AUTO,2,PROVISIONAL_AUTO,level_policy_v0.1,0,0
RULE_A,SC_V1927_B027_029,1155,궂은비,4,L2,RULE_PROPOSED_PENDING_APPROVAL,3,PROVISIONAL_AUTO,2,PROVISIONAL_AUTO,level_policy_v0.1,0,0
RULE_A,SC_V1927_B027_031,1156,권세,4,L2,RULE_PROPOSED_PENDING_APPROVAL,3,PROVISIONAL_AUTO,2,PROVISIONAL_AUTO,level_policy_v0.1,0,0
RULE_A,SC_V1927_B027_041,1163,귀금속,4,L2,RULE_PROPOSED_PENDING_APPROVAL,3,PROVISIONAL_AUTO,2,PROVISIONAL_AUTO,level_policy_v0.1,0,0
RULE_A,SC_V1927_B027_044,1166,귀담아듣다,4,L2,RULE_PROPOSED_PENDING_APPROVAL,3,PROVISIONAL_AUTO,2,PROVISIONAL_AUTO,level_policy_v0.1,0,0
RULE_A,SC_V1927_B027_046,1168,귀띔하다,4,L2,RULE_PROPOSED_PENDING_APPROVAL,3,PROVISIONAL_AUTO,2,PROVISIONAL_AUTO,level_policy_v0.1,0,0
RULE_A,SC_V1928_B028_003,1172,귀환,4,L2,RULE_PROPOSED_PENDING_APPROVAL,3,PROVISIONAL_AUTO,2,PROVISIONAL_AUTO,level_policy_v0.1,0,0
RULE_A,SC_V1928_B028_012,1179,그간,4,L2,RULE_PROPOSED_PENDING_APPROVAL,3,PROVISIONAL_AUTO,2,PROVISIONAL_AUTO,level_policy_v0.1,0,0
RULE_A,SC_V1928_B028_018,1185,그래픽,4,L2,RULE_PROPOSED_PENDING_APPROVAL,3,PROVISIONAL_AUTO,2,PROVISIONAL_AUTO,level_policy_v0.1,0,0
RULE_A,SC_V1928_B028_022,1189,그리도,4,L2,RULE_PROPOSED_PENDING_APPROVAL,3,PROVISIONAL_AUTO,2,PROVISIONAL_AUTO,level_policy_v0.1,0,0
RULE_A,SC_V1928_B028_023,1190,그리되다,4,L2,RULE_PROPOSED_PENDING_APPROVAL,3,PROVISIONAL_AUTO,2,PROVISIONAL_AUTO,level_policy_v0.1,0,0
RULE_A,SC_V1928_B028_027,1194,그믐달,4,L2,RULE_PROPOSED_PENDING_APPROVAL,3,PROVISIONAL_AUTO,2,PROVISIONAL_AUTO,level_policy_v0.1,0,0
RULE_A,SC_V1928_B028_031,1198,그을음,4,L2,RULE_PROPOSED_PENDING_APPROVAL,3,PROVISIONAL_AUTO,2,PROVISIONAL_AUTO,level_policy_v0.1,0,0
RULE_A,SC_V1928_B028_041,1207,근대식,4,L2,RULE_PROPOSED_PENDING_APPROVAL,3,PROVISIONAL_AUTO,2,PROVISIONAL_AUTO,level_policy_v0.1,0,0
RULE_A,SC_V1928_B028_042,1208,근대화,4,L2,RULE_PROPOSED_PENDING_APPROVAL,3,PROVISIONAL_AUTO,2,PROVISIONAL_AUTO,level_policy_v0.1,0,0
RULE_A,SC_V1928_B028_043,1209,근대화되다,4,L2,RULE_PROPOSED_PENDING_APPROVAL,3,PROVISIONAL_AUTO,2,PROVISIONAL_AUTO,level_policy_v0.1,0,0
RULE_A,SC_V1928_B028_047,1212,근면성,4,L2,RULE_PROPOSED_PENDING_APPROVAL,3,PROVISIONAL_AUTO,2,PROVISIONAL_AUTO,level_policy_v0.1,0,0
RULE_A,SC_V1928_B028_049,1214,근심스럽다,4,L2,RULE_PROPOSED_PENDING_APPROVAL,3,PROVISIONAL_AUTO,2,PROVISIONAL_AUTO,level_policy_v0.1,0,0
RULE_A,SC_V1928_B028_050,1215,근엄하다,4,L2,RULE_PROPOSED_PENDING_APPROVAL,3,PROVISIONAL_AUTO,2,PROVISIONAL_AUTO,level_policy_v0.1,0,0
RULE_A,SC_V1929_B029_006,1220,글썽거리다,4,L2,RULE_PROPOSED_PENDING_APPROVAL,3,PROVISIONAL_AUTO,2,PROVISIONAL_AUTO,level_policy_v0.1,0,0
RULE_A,SC_V1929_B029_007,1221,글썽글썽,4,L2,RULE_PROPOSED_PENDING_APPROVAL,3,PROVISIONAL_AUTO,2,PROVISIONAL_AUTO,level_policy_v0.1,0,0
RULE_A,SC_V1929_B029_008,1222,글썽이다,4,L2,RULE_PROPOSED_PENDING_APPROVAL,3,PROVISIONAL_AUTO,2,PROVISIONAL_AUTO,level_policy_v0.1,0,0
RULE_A,SC_V1929_B029_015,1229,금메달리스트,4,L2,RULE_PROPOSED_PENDING_APPROVAL,3,PROVISIONAL_AUTO,2,PROVISIONAL_AUTO,level_policy_v0.1,0,0
RULE_A,SC_V1929_B029_019,1233,금새,4,L2,RULE_PROPOSED_PENDING_APPROVAL,3,PROVISIONAL_AUTO,2,PROVISIONAL_AUTO,level_policy_v0.1,0,0
RULE_A,SC_V1929_B029_020,1234,금수강산,4,L2,RULE_PROPOSED_PENDING_APPROVAL,3,PROVISIONAL_AUTO,2,PROVISIONAL_AUTO,level_policy_v0.1,0,0
RULE_A,SC_V1929_B029_023,1237,금융업,4,L2,RULE_PROPOSED_PENDING_APPROVAL,3,PROVISIONAL_AUTO,2,PROVISIONAL_AUTO,level_policy_v0.1,0,0
RULE_A,SC_V1929_B029_032,1244,급변하다,4,L2,RULE_PROPOSED_PENDING_APPROVAL,3,PROVISIONAL_AUTO,2,PROVISIONAL_AUTO,level_policy_v0.1,0,0
RULE_A,SC_V1929_B029_039,1251,급정거,4,L2,RULE_PROPOSED_PENDING_APPROVAL,3,PROVISIONAL_AUTO,2,PROVISIONAL_AUTO,level_policy_v0.1,0,0
RULE_A,SC_V1929_B029_044,1254,기내식,4,L2,RULE_PROPOSED_PENDING_APPROVAL,3,PROVISIONAL_AUTO,2,PROVISIONAL_AUTO,level_policy_v0.1,0,0
RULE_A,SC_V1929_B029_050,1259,기대서다,4,L2,RULE_PROPOSED_PENDING_APPROVAL,3,PROVISIONAL_AUTO,2,PROVISIONAL_AUTO,level_policy_v0.1,0,0
RULE_A,SC_V1930_B030_002,1260,기동성,4,L2,RULE_PROPOSED_PENDING_APPROVAL,3,REVIEW_BOUNDARY,2,REVIEW_BOUNDARY,level_policy_v0.1,0,0
RULE_A,SC_V1930_B030_007,1265,기리다,4,L2,RULE_PROPOSED_PENDING_APPROVAL,3,PROVISIONAL_AUTO,2,PROVISIONAL_AUTO,level_policy_v0.1,0,0
RULE_A,SC_V1930_B030_010,1268,기본기,4,L2,RULE_PROPOSED_PENDING_APPROVAL,3,PROVISIONAL_AUTO,2,PROVISIONAL_AUTO,level_policy_v0.1,0,0
RULE_A,SC_V1930_B030_011,1269,기본예절,4,L2,RULE_PROPOSED_PENDING_APPROVAL,3,PROVISIONAL_AUTO,2,PROVISIONAL_AUTO,level_policy_v0.1,0,0
RULE_A,SC_V1930_B030_012,1270,기본자세,4,L2,RULE_PROPOSED_PENDING_APPROVAL,3,PROVISIONAL_AUTO,2,PROVISIONAL_AUTO,level_policy_v0.1,0,0
RULE_A,SC_V1930_B030_016,1273,기세등등하다,4,L2,RULE_PROPOSED_PENDING_APPROVAL,3,PROVISIONAL_AUTO,2,PROVISIONAL_AUTO,level_policy_v0.1,0,0
RULE_A,SC_V1930_B030_018,1275,기술력,4,L2,RULE_PROPOSED_PENDING_APPROVAL,3,PROVISIONAL_AUTO,2,PROVISIONAL_AUTO,level_policy_v0.1,0,0
RULE_A,SC_V1930_B030_027,1284,기웃,4,L2,RULE_PROPOSED_PENDING_APPROVAL,3,PROVISIONAL_AUTO,2,PROVISIONAL_AUTO,level_policy_v0.1,0,0
RULE_A,SC_V1930_B030_039,1292,기틀,4,L2,RULE_PROPOSED_PENDING_APPROVAL,3,PROVISIONAL_AUTO,2,PROVISIONAL_AUTO,level_policy_v0.1,0,0
RULE_A,SC_V1930_B030_045,1297,긴박감,4,L2,RULE_PROPOSED_PENDING_APPROVAL,3,PROVISIONAL_AUTO,2,PROVISIONAL_AUTO,level_policy_v0.1,0,0
RULE_A,SC_V1931_B031_002,1304,길쌈,4,L2,RULE_PROPOSED_PENDING_APPROVAL,3,PROVISIONAL_AUTO,2,PROVISIONAL_AUTO,level_policy_v0.1,0,0
RULE_A,SC_V1931_B031_005,1307,김장철,4,L2,RULE_PROPOSED_PENDING_APPROVAL,3,PROVISIONAL_AUTO,2,PROVISIONAL_AUTO,level_policy_v0.1,0,0
RULE_A,SC_V1931_B031_009,1310,까끌까끌하다,4,L2,RULE_PROPOSED_PENDING_APPROVAL,3,PROVISIONAL_AUTO,2,PROVISIONAL_AUTO,level_policy_v0.1,0,0
RULE_A,SC_V1931_B031_013,1313,까치밥,4,L2,RULE_PROPOSED_PENDING_APPROVAL,3,PROVISIONAL_AUTO,2,PROVISIONAL_AUTO,level_policy_v0.1,0,0
RULE_A,SC_V1931_B031_018,1316,깍듯하다,4,L2,RULE_PROPOSED_PENDING_APPROVAL,3,PROVISIONAL_AUTO,2,PROVISIONAL_AUTO,level_policy_v0.1,0,0
RULE_A,SC_V1931_B031_019,1317,깎아지르다,4,L2,RULE_PROPOSED_PENDING_APPROVAL,3,PROVISIONAL_AUTO,2,PROVISIONAL_AUTO,level_policy_v0.1,0,0
RULE_A,SC_V1931_B031_025,1323,깡충거리다,4,L2,RULE_PROPOSED_PENDING_APPROVAL,3,PROVISIONAL_AUTO,2,PROVISIONAL_AUTO,level_policy_v0.1,0,0
RULE_A,SC_V1931_B031_031,1328,꺼이꺼이,4,L2,RULE_PROPOSED_PENDING_APPROVAL,3,PROVISIONAL_AUTO,2,PROVISIONAL_AUTO,level_policy_v0.1,0,0
RULE_A,SC_V1931_B031_035,1331,께름칙하다,4,L2,RULE_PROPOSED_PENDING_APPROVAL,3,PROVISIONAL_AUTO,2,PROVISIONAL_AUTO,level_policy_v0.1,0,0
RULE_A,SC_V1931_B031_036,1332,꼬깃꼬깃,4,L2,RULE_PROPOSED_PENDING_APPROVAL,3,PROVISIONAL_AUTO,2,PROVISIONAL_AUTO,level_policy_v0.1,0,0
RULE_A,SC_V1931_B031_037,1333,꼬까신,4,L2,RULE_PROPOSED_PENDING_APPROVAL,3,PROVISIONAL_AUTO,2,PROVISIONAL_AUTO,level_policy_v0.1,0,0
RULE_A,SC_V1931_B031_042,1337,꼬부리다,4,L2,RULE_PROPOSED_PENDING_APPROVAL,3,PROVISIONAL_AUTO,2,PROVISIONAL_AUTO,level_policy_v0.1,0,0
RULE_A,SC_V1931_B031_047,1341,꼼작,4,L2,RULE_PROPOSED_PENDING_APPROVAL,3,PROVISIONAL_AUTO,2,PROVISIONAL_AUTO,level_policy_v0.1,0,0
RULE_A,SC_V1931_B031_048,1342,꼼지락꼼지락,4,L2,RULE_PROPOSED_PENDING_APPROVAL,3,PROVISIONAL_AUTO,2,PROVISIONAL_AUTO,level_policy_v0.1,0,0
RULE_A,SC_V1932_B032_013,1356,꽃사슴,4,L2,RULE_PROPOSED_PENDING_APPROVAL,3,PROVISIONAL_AUTO,2,PROVISIONAL_AUTO,level_policy_v0.1,0,0
RULE_A,SC_V1932_B032_016,1359,꾀부리다,4,L2,RULE_PROPOSED_PENDING_APPROVAL,3,PROVISIONAL_AUTO,2,PROVISIONAL_AUTO,level_policy_v0.1,0,0
RULE_A,SC_V1932_B032_018,1361,꾸깃꾸깃,4,L2,RULE_PROPOSED_PENDING_APPROVAL,3,PROVISIONAL_AUTO,2,PROVISIONAL_AUTO,level_policy_v0.1,0,0
RULE_A,SC_V1932_B032_020,1363,꾸부정하다,4,L2,RULE_PROPOSED_PENDING_APPROVAL,3,PROVISIONAL_AUTO,2,PROVISIONAL_AUTO,level_policy_v0.1,0,0
RULE_A,SC_V1932_B032_021,1364,꾸불꾸불,4,L2,RULE_PROPOSED_PENDING_APPROVAL,3,PROVISIONAL_AUTO,2,PROVISIONAL_AUTO,level_policy_v0.1,0,0
RULE_A,SC_V1932_B032_025,1368,꾸지람하다,4,L2,RULE_PROPOSED_PENDING_APPROVAL,3,PROVISIONAL_AUTO,2,PROVISIONAL_AUTO,level_policy_v0.1,0,0
RULE_A,SC_V1932_B032_029,1371,꿈길,4,L2,RULE_PROPOSED_PENDING_APPROVAL,3,PROVISIONAL_AUTO,2,PROVISIONAL_AUTO,level_policy_v0.1,0,0
RULE_A,SC_V1932_B032_032,1373,꿍꿍이속,4,L2,RULE_PROPOSED_PENDING_APPROVAL,3,PROVISIONAL_AUTO,2,PROVISIONAL_AUTO,level_policy_v0.1,0,0
RULE_A,SC_V1932_B032_033,1374,끄덕,4,L2,RULE_PROPOSED_PENDING_APPROVAL,3,PROVISIONAL_AUTO,2,PROVISIONAL_AUTO,level_policy_v0.1,0,0
RULE_A,SC_V1932_B032_035,1376,끄떡없다,4,L2,RULE_PROPOSED_PENDING_APPROVAL,3,PROVISIONAL_AUTO,2,PROVISIONAL_AUTO,level_policy_v0.1,0,0
RULE_A,SC_V1932_B032_039,1380,끔적거리다,4,L2,RULE_PROPOSED_PENDING_APPROVAL,3,PROVISIONAL_AUTO,2,PROVISIONAL_AUTO,level_policy_v0.1,0,0
RULE_A,SC_V1932_B032_050,1391,낄낄,4,L2,RULE_PROPOSED_PENDING_APPROVAL,3,PROVISIONAL_AUTO,2,PROVISIONAL_AUTO,level_policy_v0.1,0,0
RULE_A,SC_V1933_B033_006,1397,나라꽃,4,L2,RULE_PROPOSED_PENDING_APPROVAL,3,PROVISIONAL_AUTO,2,PROVISIONAL_AUTO,level_policy_v0.1,0,0
RULE_A,SC_V1933_B033_011,1400,나막신,4,L2,RULE_PROPOSED_PENDING_APPROVAL,3,PROVISIONAL_AUTO,2,PROVISIONAL_AUTO,level_policy_v0.1,0,0
RULE_A,SC_V1933_B033_013,1402,나무망치,4,L2,RULE_PROPOSED_PENDING_APPROVAL,3,PROVISIONAL_AUTO,2,PROVISIONAL_AUTO,level_policy_v0.1,0,0
RULE_A,SC_V1933_B033_014,1403,나무뿌리,4,L2,RULE_PROPOSED_PENDING_APPROVAL,3,PROVISIONAL_AUTO,2,PROVISIONAL_AUTO,level_policy_v0.1,0,0
RULE_A,SC_V1933_B033_021,1409,나박김치,4,L2,RULE_PROPOSED_PENDING_APPROVAL,3,PROVISIONAL_AUTO,2,PROVISIONAL_AUTO,level_policy_v0.1,0,0
RULE_A,SC_V1933_B033_026,1413,나풀나풀,4,L2,RULE_PROPOSED_PENDING_APPROVAL,3,PROVISIONAL_AUTO,2,PROVISIONAL_AUTO,level_policy_v0.1,0,0
RULE_A,SC_V1933_B033_029,1416,낙담하다,4,L2,RULE_PROPOSED_PENDING_APPROVAL,3,PROVISIONAL_AUTO,2,PROVISIONAL_AUTO,level_policy_v0.1,0,0
RULE_A,SC_V1933_B033_030,1417,낙심,4,L2,RULE_PROPOSED_PENDING_APPROVAL,3,PROVISIONAL_AUTO,2,PROVISIONAL_AUTO,level_policy_v0.1,0,0
RULE_A,SC_V1933_B033_031,1418,낙심하다,4,L2,RULE_PROPOSED_PENDING_APPROVAL,3,PROVISIONAL_AUTO,2,PROVISIONAL_AUTO,level_policy_v0.1,0,0
RULE_A,SC_V1933_B033_034,1421,낚싯대,4,L2,RULE_PROPOSED_PENDING_APPROVAL,3,PROVISIONAL_AUTO,2,PROVISIONAL_AUTO,level_policy_v0.1,0,0
RULE_A,SC_V1933_B033_038,1425,난이도,4,L2,RULE_PROPOSED_PENDING_APPROVAL,3,PROVISIONAL_AUTO,2,PROVISIONAL_AUTO,level_policy_v0.1,0,0
RULE_A,SC_V1934_B034_006,1440,남부끄럽다,4,L2,RULE_PROPOSED_PENDING_APPROVAL,3,PROVISIONAL_AUTO,2,PROVISIONAL_AUTO,level_policy_v0.1,0,0
RULE_A,SC_V1934_B034_018,1448,납득하다,4,L2,RULE_PROPOSED_PENDING_APPROVAL,3,PROVISIONAL_AUTO,2,PROVISIONAL_AUTO,level_policy_v0.1,0,0
RULE_A,SC_V1934_B034_019,1449,납땜질,4,L2,RULE_PROPOSED_PENDING_APPROVAL,3,PROVISIONAL_AUTO,2,PROVISIONAL_AUTO,level_policy_v0.1,0,0
RULE_A,SC_V1934_B034_026,1452,낭독회,4,L2,RULE_PROPOSED_PENDING_APPROVAL,3,PROVISIONAL_AUTO,2,PROVISIONAL_AUTO,level_policy_v0.1,0,0
RULE_A,SC_V1934_B034_033,1459,낱권,4,L2,RULE_PROPOSED_PENDING_APPROVAL,3,PROVISIONAL_AUTO,2,PROVISIONAL_AUTO,level_policy_v0.1,0,0
RULE_A,SC_V1934_B034_038,1464,내구성,4,L2,RULE_PROPOSED_PENDING_APPROVAL,3,REVIEW_BOUNDARY,2,REVIEW_BOUNDARY,level_policy_v0.1,0,0
RULE_A,SC_V1934_B034_042,1467,내로라하다,4,L2,RULE_PROPOSED_PENDING_APPROVAL,3,PROVISIONAL_AUTO,2,PROVISIONAL_AUTO,level_policy_v0.1,0,0
RULE_A,SC_V1935_B035_003,1473,냅킨,4,L2,RULE_PROPOSED_PENDING_APPROVAL,3,PROVISIONAL_AUTO,2,PROVISIONAL_AUTO,level_policy_v0.1,0,0
RULE_A,SC_V1935_B035_006,1476,냉국,4,L2,RULE_PROPOSED_PENDING_APPROVAL,3,PROVISIONAL_AUTO,2,PROVISIONAL_AUTO,level_policy_v0.1,0,0
RULE_A,SC_V1935_B035_013,1481,냉잇국,4,L2,RULE_PROPOSED_PENDING_APPROVAL,3,PROVISIONAL_AUTO,2,PROVISIONAL_AUTO,level_policy_v0.1,0,0
RULE_A,SC_V1935_B035_015,1483,냉철하다,4,L2,RULE_PROPOSED_PENDING_APPROVAL,3,PROVISIONAL_AUTO,2,PROVISIONAL_AUTO,level_policy_v0.1,0,0
RULE_A,SC_V1935_B035_027,1495,넓적다리,4,L2,RULE_PROPOSED_PENDING_APPROVAL,3,PROVISIONAL_AUTO,2,PROVISIONAL_AUTO,level_policy_v0.1,0,0
RULE_A,SC_V1935_B035_039,1504,노래자랑,4,L2,RULE_PROPOSED_PENDING_APPROVAL,3,PROVISIONAL_AUTO,2,PROVISIONAL_AUTO,level_policy_v0.1,0,0
RULE_A,SC_V1935_B035_043,1507,노르무레하다,4,L2,RULE_PROPOSED_PENDING_APPROVAL,3,PROVISIONAL_AUTO,2,PROVISIONAL_AUTO,level_policy_v0.1,0,0
RULE_A,SC_V1936_B036_008,1512,녹말풀,4,L2,RULE_PROPOSED_PENDING_APPROVAL,3,PROVISIONAL_AUTO,2,PROVISIONAL_AUTO,level_policy_v0.1,0,0
RULE_A,SC_V1936_B036_023,1524,놀잇감,4,L2,RULE_PROPOSED_PENDING_APPROVAL,3,PROVISIONAL_AUTO,2,PROVISIONAL_AUTO,level_policy_v0.1,0,0
RULE_A,SC_V1936_B036_025,1526,농간,4,L2,RULE_PROPOSED_PENDING_APPROVAL,3,PROVISIONAL_AUTO,2,PROVISIONAL_AUTO,level_policy_v0.1,0,0
RULE_A,SC_V1936_B036_028,1529,농구대,4,L2,RULE_PROPOSED_PENDING_APPROVAL,3,PROVISIONAL_AUTO,2,PROVISIONAL_AUTO,level_policy_v0.1,0,0
RULE_A,SC_V1936_B036_033,1533,농번기,4,L2,RULE_PROPOSED_PENDING_APPROVAL,3,PROVISIONAL_AUTO,2,PROVISIONAL_AUTO,level_policy_v0.1,0,0
RULE_A,SC_V1936_B036_037,1537,농삿집,4,L2,RULE_PROPOSED_PENDING_APPROVAL,3,PROVISIONAL_AUTO,2,PROVISIONAL_AUTO,level_policy_v0.1,0,0
RULE_A,SC_V1937_B037_002,1552,뇌리,4,L2,RULE_PROPOSED_PENDING_APPROVAL,3,PROVISIONAL_AUTO,2,PROVISIONAL_AUTO,level_policy_v0.1,0,0
RULE_A,SC_V1937_B037_012,1560,누르께하다,4,L2,RULE_PROPOSED_PENDING_APPROVAL,3,PROVISIONAL_AUTO,2,PROVISIONAL_AUTO,level_policy_v0.1,0,0
RULE_A,SC_V1937_B037_028,1572,눈물짓다,4,L2,RULE_PROPOSED_PENDING_APPROVAL,3,PROVISIONAL_AUTO,2,PROVISIONAL_AUTO,level_policy_v0.1,0,0
RULE_A,SC_V1937_B037_030,1574,눈사태,4,L2,RULE_PROPOSED_PENDING_APPROVAL,3,PROVISIONAL_AUTO,2,PROVISIONAL_AUTO,level_policy_v0.1,0,0
RULE_A,SC_V1937_B037_036,1580,눈요기,4,L2,RULE_PROPOSED_PENDING_APPROVAL,3,PROVISIONAL_AUTO,2,PROVISIONAL_AUTO,level_policy_v0.1,0,0
RULE_A,SC_V1937_B037_041,1583,눈짓,4,L2,RULE_PROPOSED_PENDING_APPROVAL,3,PROVISIONAL_AUTO,2,PROVISIONAL_AUTO,level_policy_v0.1,0,0
RULE_A,SC_V1937_B037_042,1584,눈짓하다,4,L2,RULE_PROPOSED_PENDING_APPROVAL,3,PROVISIONAL_AUTO,2,PROVISIONAL_AUTO,level_policy_v0.1,0,0
RULE_A,SC_V1937_B037_045,1586,뉘앙스,4,L2,RULE_PROPOSED_PENDING_APPROVAL,3,PROVISIONAL_AUTO,2,PROVISIONAL_AUTO,level_policy_v0.1,0,0
RULE_A,SC_V1937_B037_047,1588,뉘우침,4,L2,RULE_PROPOSED_PENDING_APPROVAL,3,PROVISIONAL_AUTO,2,PROVISIONAL_AUTO,level_policy_v0.1,0,0
RULE_A,SC_V1938_B038_004,1593,능가하다,4,L2,RULE_PROPOSED_PENDING_APPROVAL,3,PROVISIONAL_AUTO,2,PROVISIONAL_AUTO,level_policy_v0.1,0,0
RULE_A,SC_V1938_B038_022,1609,다되다,4,L2,RULE_PROPOSED_PENDING_APPROVAL,3,PROVISIONAL_AUTO,2,PROVISIONAL_AUTO,level_policy_v0.1,0,0
RULE_A,SC_V1938_B038_023,1610,다듬어지다,4,L2,RULE_PROPOSED_PENDING_APPROVAL,3,PROVISIONAL_AUTO,2,PROVISIONAL_AUTO,level_policy_v0.1,0,0
RULE_A,SC_V1938_B038_024,1611,다듬이질,4,L2,RULE_PROPOSED_PENDING_APPROVAL,3,PROVISIONAL_AUTO,2,PROVISIONAL_AUTO,level_policy_v0.1,0,0
RULE_A,SC_V1938_B038_025,1612,다락집,4,L2,RULE_PROPOSED_PENDING_APPROVAL,3,PROVISIONAL_AUTO,2,PROVISIONAL_AUTO,level_policy_v0.1,0,0
RULE_A,SC_V1938_B038_029,1616,다리미질하다,4,L2,RULE_PROPOSED_PENDING_APPROVAL,3,PROVISIONAL_AUTO,2,PROVISIONAL_AUTO,level_policy_v0.1,0,0
RULE_A,SC_V1938_B038_033,1619,다림질하다,4,L2,RULE_PROPOSED_PENDING_APPROVAL,3,PROVISIONAL_AUTO,2,PROVISIONAL_AUTO,level_policy_v0.1,0,0
RULE_A,SC_V1938_B038_034,1620,다목적,4,L2,RULE_PROPOSED_PENDING_APPROVAL,3,PROVISIONAL_AUTO,2,PROVISIONAL_AUTO,level_policy_v0.1,0,0
RULE_A,SC_V1938_B038_035,1621,다사다난하다,4,L2,RULE_PROPOSED_PENDING_APPROVAL,3,PROVISIONAL_AUTO,2,PROVISIONAL_AUTO,level_policy_v0.1,0,0
RULE_A,SC_V1938_B038_042,1626,다정스럽다,4,L2,RULE_PROPOSED_PENDING_APPROVAL,3,PROVISIONAL_AUTO,2,PROVISIONAL_AUTO,level_policy_v0.1,0,0
RULE_A,SC_V1938_B038_044,1628,다짜고짜로,4,L2,RULE_PROPOSED_PENDING_APPROVAL,3,PROVISIONAL_AUTO,2,PROVISIONAL_AUTO,level_policy_v0.1,0,0
RULE_A,SC_V1939_B039_002,1635,단결력,4,L2,RULE_PROPOSED_PENDING_APPROVAL,3,PROVISIONAL_AUTO,2,PROVISIONAL_AUTO,level_policy_v0.1,0,0
RULE_A,SC_V1939_B039_008,1640,단연코,4,L2,RULE_PROPOSED_PENDING_APPROVAL,3,PROVISIONAL_AUTO,2,PROVISIONAL_AUTO,level_policy_v0.1,0,0
RULE_A,SC_V1939_B039_011,1643,단일팀,4,L2,RULE_PROPOSED_PENDING_APPROVAL,3,PROVISIONAL_AUTO,2,PROVISIONAL_AUTO,level_policy_v0.1,0,0
RULE_A,SC_V1939_B039_012,1644,단정히,4,L2,RULE_PROPOSED_PENDING_APPROVAL,3,PROVISIONAL_AUTO,2,PROVISIONAL_AUTO,level_policy_v0.1,0,0
RULE_A,SC_V1939_B039_021,1651,단합,4,L2,RULE_PROPOSED_PENDING_APPROVAL,3,PROVISIONAL_AUTO,2,PROVISIONAL_AUTO,level_policy_v0.1,0,0
RULE_A,SC_V1939_B039_022,1652,단호하다,4,L2,RULE_PROPOSED_PENDING_APPROVAL,3,PROVISIONAL_AUTO,2,PROVISIONAL_AUTO,level_policy_v0.1,0,0
RULE_A,SC_V1939_B039_023,1653,단호히,4,L2,RULE_PROPOSED_PENDING_APPROVAL,3,PROVISIONAL_AUTO,2,PROVISIONAL_AUTO,level_policy_v0.1,0,0
RULE_A,SC_V1939_B039_025,1655,달걀귀신,4,L2,RULE_PROPOSED_PENDING_APPROVAL,3,PROVISIONAL_AUTO,2,PROVISIONAL_AUTO,level_policy_v0.1,0,0
RULE_A,SC_V1939_B039_027,1657,달걀부침,4,L2,RULE_PROPOSED_PENDING_APPROVAL,3,PROVISIONAL_AUTO,2,PROVISIONAL_AUTO,level_policy_v0.1,0,0
RULE_A,SC_V1939_B039_028,1658,달걀찜,4,L2,RULE_PROPOSED_PENDING_APPROVAL,3,PROVISIONAL_AUTO,2,PROVISIONAL_AUTO,level_policy_v0.1,0,0
RULE_A,SC_V1939_B039_030,1660,달걀흰자,4,L2,RULE_PROPOSED_PENDING_APPROVAL,3,PROVISIONAL_AUTO,2,PROVISIONAL_AUTO,level_policy_v0.1,0,0
RULE_A,SC_V1939_B039_032,1662,달그락거리다,4,L2,RULE_PROPOSED_PENDING_APPROVAL,3,PROVISIONAL_AUTO,2,PROVISIONAL_AUTO,level_policy_v0.1,0,0
RULE_A,SC_V1939_B039_033,1663,달그락달그락,4,L2,RULE_PROPOSED_PENDING_APPROVAL,3,PROVISIONAL_AUTO,2,PROVISIONAL_AUTO,level_policy_v0.1,0,0
RULE_A,SC_V1939_B039_039,1668,달음질치다,4,L2,RULE_PROPOSED_PENDING_APPROVAL,3,PROVISIONAL_AUTO,2,PROVISIONAL_AUTO,level_policy_v0.1,0,0
RULE_A,SC_V1939_B039_043,1672,닭조림,4,L2,RULE_PROPOSED_PENDING_APPROVAL,3,PROVISIONAL_AUTO,2,PROVISIONAL_AUTO,level_policy_v0.1,0,0
RULE_A,SC_V1939_B039_044,1673,닭튀김,4,L2,RULE_PROPOSED_PENDING_APPROVAL,3,PROVISIONAL_AUTO,2,PROVISIONAL_AUTO,level_policy_v0.1,0,0
RULE_A,SC_V1939_B039_048,1676,담력,4,L2,RULE_PROPOSED_PENDING_APPROVAL,3,PROVISIONAL_AUTO,2,PROVISIONAL_AUTO,level_policy_v0.1,0,0
RULE_A,SC_V1940_B040_002,1678,담판하다,4,L2,RULE_PROPOSED_PENDING_APPROVAL,3,PROVISIONAL_AUTO,2,PROVISIONAL_AUTO,level_policy_v0.1,0,0
RULE_A,SC_V1940_B040_004,1679,답례,4,L2,RULE_PROPOSED_PENDING_APPROVAL,3,PROVISIONAL_AUTO,2,PROVISIONAL_AUTO,level_policy_v0.1,0,0
RULE_A,SC_V1940_B040_005,1680,답례하다,4,L2,RULE_PROPOSED_PENDING_APPROVAL,3,PROVISIONAL_AUTO,2,PROVISIONAL_AUTO,level_policy_v0.1,0,0
RULE_A,SC_V1940_B040_007,1682,당구장,4,L2,RULE_PROPOSED_PENDING_APPROVAL,3,PROVISIONAL_AUTO,2,PROVISIONAL_AUTO,level_policy_v0.1,0,0
RULE_A,SC_V1940_B040_016,1689,대견스레,4,L2,RULE_PROPOSED_PENDING_APPROVAL,3,PROVISIONAL_AUTO,2,PROVISIONAL_AUTO,level_policy_v0.1,0,0
RULE_A,SC_V1940_B040_018,1691,대관람차,4,L2,RULE_PROPOSED_PENDING_APPROVAL,3,PROVISIONAL_AUTO,2,PROVISIONAL_AUTO,level_policy_v0.1,0,0
RULE_A,SC_V1940_B040_026,1698,대롱거리다,4,L2,RULE_PROPOSED_PENDING_APPROVAL,3,PROVISIONAL_AUTO,2,PROVISIONAL_AUTO,level_policy_v0.1,0,0
RULE_A,SC_V1940_B040_028,1699,대리점,4,L2,RULE_PROPOSED_PENDING_APPROVAL,3,PROVISIONAL_AUTO,2,PROVISIONAL_AUTO,level_policy_v0.1,0,0
RULE_A,SC_V1940_B040_030,1700,대문자,4,L2,RULE_PROPOSED_PENDING_APPROVAL,3,PROVISIONAL_AUTO,2,PROVISIONAL_AUTO,level_policy_v0.1,0,0
RULE_A,SC_V1940_B040_040,1707,대비책,4,L2,RULE_PROPOSED_PENDING_APPROVAL,3,PROVISIONAL_AUTO,2,PROVISIONAL_AUTO,level_policy_v0.1,0,0
RULE_A,SC_V1940_B040_043,1709,대소변,4,L2,RULE_PROPOSED_PENDING_APPROVAL,3,PROVISIONAL_AUTO,2,PROVISIONAL_AUTO,level_policy_v0.1,0,0
RULE_A,SC_V1940_B040_046,1712,대여점,4,L2,RULE_PROPOSED_PENDING_APPROVAL,3,PROVISIONAL_AUTO,2,PROVISIONAL_AUTO,level_policy_v0.1,0,0
RULE_A,SC_V1941_B041_009,1720,대중화되다,4,L2,RULE_PROPOSED_PENDING_APPROVAL,3,PROVISIONAL_AUTO,2,PROVISIONAL_AUTO,level_policy_v0.1,0,0
RULE_A,SC_V1941_B041_010,1721,대찬성,4,L2,RULE_PROPOSED_PENDING_APPROVAL,3,PROVISIONAL_AUTO,2,PROVISIONAL_AUTO,level_policy_v0.1,0,0
RULE_A,SC_V1941_B041_014,1724,대패질하다,4,L2,RULE_PROPOSED_PENDING_APPROVAL,3,PROVISIONAL_AUTO,2,PROVISIONAL_AUTO,level_policy_v0.1,0,0
RULE_A,SC_V1941_B041_018,1726,대표작,4,L2,RULE_PROPOSED_PENDING_APPROVAL,3,PROVISIONAL_AUTO,2,PROVISIONAL_AUTO,level_policy_v0.1,0,0
RULE_A,SC_V1941_B041_019,1727,대피령,4,L2,RULE_PROPOSED_PENDING_APPROVAL,3,PROVISIONAL_AUTO,2,PROVISIONAL_AUTO,level_policy_v0.1,0,0
RULE_A,SC_V1941_B041_020,1728,대피소,4,L2,RULE_PROPOSED_PENDING_APPROVAL,3,PROVISIONAL_AUTO,2,PROVISIONAL_AUTO,level_policy_v0.1,0,0
RULE_A,SC_V1941_B041_023,1731,대합실,4,L2,RULE_PROPOSED_PENDING_APPROVAL,3,PROVISIONAL_AUTO,2,PROVISIONAL_AUTO,level_policy_v0.1,0,0
RULE_A,SC_V1941_B041_028,1736,댕그랑,4,L2,RULE_PROPOSED_PENDING_APPROVAL,3,PROVISIONAL_AUTO,2,PROVISIONAL_AUTO,level_policy_v0.1,0,0
RULE_A,SC_V1941_B041_033,1741,더러움,4,L2,RULE_PROPOSED_PENDING_APPROVAL,3,PROVISIONAL_AUTO,2,PROVISIONAL_AUTO,level_policy_v0.1,0,0
RULE_A,SC_V1941_B041_037,1745,덕담,4,L2,RULE_PROPOSED_PENDING_APPROVAL,3,PROVISIONAL_AUTO,2,PROVISIONAL_AUTO,level_policy_v0.1,0,0
RULE_A,SC_V1941_B041_038,1746,덕택,4,L2,RULE_PROPOSED_PENDING_APPROVAL,3,PROVISIONAL_AUTO,2,PROVISIONAL_AUTO,level_policy_v0.1,0,0
RULE_A,SC_V1941_B041_039,1747,덜거덕거리다,4,L2,RULE_PROPOSED_PENDING_APPROVAL,3,PROVISIONAL_AUTO,2,PROVISIONAL_AUTO,level_policy_v0.1,0,0
RULE_A,SC_V1941_B041_042,1749,덜커덩,4,L2,RULE_PROPOSED_PENDING_APPROVAL,3,PROVISIONAL_AUTO,2,PROVISIONAL_AUTO,level_policy_v0.1,0,0
RULE_A,SC_V1941_B041_043,1750,덥수룩하다,4,L2,RULE_PROPOSED_PENDING_APPROVAL,3,PROVISIONAL_AUTO,2,PROVISIONAL_AUTO,level_policy_v0.1,0,0
RULE_A,SC_V1941_B041_048,1754,덩달다,4,L2,RULE_PROPOSED_PENDING_APPROVAL,3,PROVISIONAL_AUTO,2,PROVISIONAL_AUTO,level_policy_v0.1,0,0
RULE_A,SC_V1941_B041_050,1756,덮밥,4,L2,RULE_PROPOSED_PENDING_APPROVAL,3,PROVISIONAL_AUTO,2,PROVISIONAL_AUTO,level_policy_v0.1,0,0
RULE_A,SC_V1942_B042_012,1765,도로망,4,L2,RULE_PROPOSED_PENDING_APPROVAL,3,PROVISIONAL_AUTO,2,PROVISIONAL_AUTO,level_policy_v0.1,0,0
RULE_A,SC_V1942_B042_014,1767,도리어,4,L2,RULE_PROPOSED_PENDING_APPROVAL,3,PROVISIONAL_AUTO,2,PROVISIONAL_AUTO,level_policy_v0.1,0,0
RULE_A,SC_V1942_B042_015,1768,도맡다,4,L2,RULE_PROPOSED_PENDING_APPROVAL,3,PROVISIONAL_AUTO,2,PROVISIONAL_AUTO,level_policy_v0.1,0,0
RULE_A,SC_V1942_B042_031,1782,독려하다,4,L2,RULE_PROPOSED_PENDING_APPROVAL,3,PROVISIONAL_AUTO,2,PROVISIONAL_AUTO,level_policy_v0.1,0,0
RULE_A,SC_V1942_B042_040,1789,돈독하다,4,L2,RULE_PROPOSED_PENDING_APPROVAL,3,PROVISIONAL_AUTO,2,PROVISIONAL_AUTO,level_policy_v0.1,0,0
RULE_A,SC_V1943_B043_010,1804,돌치기,4,L2,RULE_PROPOSED_PENDING_APPROVAL,3,PROVISIONAL_AUTO,2,PROVISIONAL_AUTO,level_policy_v0.1,0,0
RULE_A,SC_V1943_B043_015,1806,동감하다,4,L2,RULE_PROPOSED_PENDING_APPROVAL,3,PROVISIONAL_AUTO,2,PROVISIONAL_AUTO,level_policy_v0.1,0,0
RULE_A,SC_V1943_B043_024,1814,동물성,4,L2,RULE_PROPOSED_PENDING_APPROVAL,3,REVIEW_BOUNDARY,2,REVIEW_BOUNDARY,level_policy_v0.1,0,0
RULE_A,SC_V1943_B043_034,1822,동여매다,4,L2,RULE_PROPOSED_PENDING_APPROVAL,3,PROVISIONAL_AUTO,2,PROVISIONAL_AUTO,level_policy_v0.1,0,0
RULE_A,SC_V1943_B043_037,1825,동장군,4,L2,RULE_PROPOSED_PENDING_APPROVAL,3,PROVISIONAL_AUTO,2,PROVISIONAL_AUTO,level_policy_v0.1,0,0
RULE_A,SC_V1943_B043_038,1826,동정심,4,L2,RULE_PROPOSED_PENDING_APPROVAL,3,PROVISIONAL_AUTO,2,PROVISIONAL_AUTO,level_policy_v0.1,0,0
RULE_A,SC_V1943_B043_039,1827,동조하다,4,L2,RULE_PROPOSED_PENDING_APPROVAL,3,PROVISIONAL_AUTO,2,PROVISIONAL_AUTO,level_policy_v0.1,0,0
RULE_A,SC_V1943_B043_043,1830,동창회,4,L2,RULE_PROPOSED_PENDING_APPROVAL,3,PROVISIONAL_AUTO,2,PROVISIONAL_AUTO,level_policy_v0.1,0,0
RULE_A,SC_V1944_B044_014,1844,두레박,4,L2,RULE_PROPOSED_PENDING_APPROVAL,3,PROVISIONAL_AUTO,2,PROVISIONAL_AUTO,level_policy_v0.1,0,0
RULE_A,SC_V1944_B044_016,1846,두릅,4,L2,RULE_PROPOSED_PENDING_APPROVAL,3,PROVISIONAL_AUTO,2,PROVISIONAL_AUTO,level_policy_v0.1,0,0
RULE_A,SC_V1944_B044_020,1850,두메,4,L2,RULE_PROPOSED_PENDING_APPROVAL,3,PROVISIONAL_AUTO,2,PROVISIONAL_AUTO,level_policy_v0.1,0,0
RULE_A,SC_V1944_B044_041,1869,뒤웅박,4,L2,RULE_PROPOSED_PENDING_APPROVAL,3,PROVISIONAL_AUTO,2,PROVISIONAL_AUTO,level_policy_v0.1,0,0
RULE_A,SC_V1944_B044_043,1871,뒤주,4,L2,RULE_PROPOSED_PENDING_APPROVAL,3,PROVISIONAL_AUTO,2,PROVISIONAL_AUTO,level_policy_v0.1,0,0
RULE_A,SC_V1945_B045_009,1887,뒷정리,4,L2,RULE_PROPOSED_PENDING_APPROVAL,3,PROVISIONAL_AUTO,2,PROVISIONAL_AUTO,level_policy_v0.1,0,0
RULE_A,SC_V1945_B045_013,1891,드높이다,4,L2,RULE_PROPOSED_PENDING_APPROVAL,3,PROVISIONAL_AUTO,2,PROVISIONAL_AUTO,level_policy_v0.1,0,0
RULE_A,SC_V1945_B045_015,1893,득점왕,4,L2,RULE_PROPOSED_PENDING_APPROVAL,3,PROVISIONAL_AUTO,2,PROVISIONAL_AUTO,level_policy_v0.1,0,0
RULE_A,SC_V1945_B045_020,1894,들기름,4,L2,RULE_PROPOSED_PENDING_APPROVAL,3,PROVISIONAL_AUTO,2,PROVISIONAL_AUTO,level_policy_v0.1,0,0
RULE_A,SC_V1945_B045_023,1897,들볶이다,4,L2,RULE_PROPOSED_PENDING_APPROVAL,3,PROVISIONAL_AUTO,2,PROVISIONAL_AUTO,level_policy_v0.1,0,0
RULE_A,SC_V1945_B045_033,1906,들쭉날쭉하다,4,L2,RULE_PROPOSED_PENDING_APPROVAL,3,PROVISIONAL_AUTO,2,PROVISIONAL_AUTO,level_policy_v0.1,0,0
RULE_A,SC_V1945_B045_036,1909,듯싶다,4,L2,RULE_PROPOSED_PENDING_APPROVAL,3,PROVISIONAL_AUTO,2,PROVISIONAL_AUTO,level_policy_v0.1,0,0
RULE_A,SC_V1945_B045_047,1918,등산가,4,L2,RULE_PROPOSED_PENDING_APPROVAL,3,PROVISIONAL_AUTO,2,PROVISIONAL_AUTO,level_policy_v0.1,0,0
RULE_A,SC_V1946_B046_001,1922,등산화,4,L2,RULE_PROPOSED_PENDING_APPROVAL,3,PROVISIONAL_AUTO,2,PROVISIONAL_AUTO,level_policy_v0.1,0,0
RULE_A,SC_V1946_B046_018,1935,따사롭다,4,L2,RULE_PROPOSED_PENDING_APPROVAL,3,PROVISIONAL_AUTO,2,PROVISIONAL_AUTO,level_policy_v0.1,0,0
RULE_A,SC_V1946_B046_023,1939,딴전,4,L2,RULE_PROPOSED_PENDING_APPROVAL,3,PROVISIONAL_AUTO,2,PROVISIONAL_AUTO,level_policy_v0.1,0,0
RULE_A,SC_V1946_B046_028,1941,딸랑이,4,L2,RULE_PROPOSED_PENDING_APPROVAL,3,PROVISIONAL_AUTO,2,PROVISIONAL_AUTO,level_policy_v0.1,0,0
RULE_A,SC_V1946_B046_030,1942,땀구멍,4,L2,RULE_PROPOSED_PENDING_APPROVAL,3,PROVISIONAL_AUTO,2,PROVISIONAL_AUTO,level_policy_v0.1,0,0
RULE_A,SC_V1946_B046_032,1944,땅덩어리,4,L2,RULE_PROPOSED_PENDING_APPROVAL,3,PROVISIONAL_AUTO,2,PROVISIONAL_AUTO,level_policy_v0.1,0,0
RULE_A,SC_V1946_B046_033,1945,땅덩이,4,L2,RULE_PROPOSED_PENDING_APPROVAL,3,PROVISIONAL_AUTO,2,PROVISIONAL_AUTO,level_policy_v0.1,0,0
RULE_A,SC_V1946_B046_034,1946,땅따먹기,4,L2,RULE_PROPOSED_PENDING_APPROVAL,3,PROVISIONAL_AUTO,2,PROVISIONAL_AUTO,level_policy_v0.1,0,0
RULE_A,SC_V1946_B046_035,1947,때굴때굴,4,L2,RULE_PROPOSED_PENDING_APPROVAL,3,PROVISIONAL_AUTO,2,PROVISIONAL_AUTO,level_policy_v0.1,0,0
RULE_A,SC_V1946_B046_036,1948,때때옷,4,L2,RULE_PROPOSED_PENDING_APPROVAL,3,PROVISIONAL_AUTO,2,PROVISIONAL_AUTO,level_policy_v0.1,0,0
RULE_A,SC_V1946_B046_040,1952,땡그랑,4,L2,RULE_PROPOSED_PENDING_APPROVAL,3,PROVISIONAL_AUTO,2,PROVISIONAL_AUTO,level_policy_v0.1,0,0
RULE_A,SC_V1946_B046_043,1955,떠나보내다,4,L2,RULE_PROPOSED_PENDING_APPROVAL,3,PROVISIONAL_AUTO,2,PROVISIONAL_AUTO,level_policy_v0.1,0,0
RULE_A,SC_V1946_B046_050,1961,떠벌리다,4,L2,RULE_PROPOSED_PENDING_APPROVAL,3,PROVISIONAL_AUTO,2,PROVISIONAL_AUTO,level_policy_v0.1,0,0
RULE_A,SC_V1947_B047_003,1964,떡메,4,L2,RULE_PROPOSED_PENDING_APPROVAL,3,PROVISIONAL_AUTO,2,PROVISIONAL_AUTO,level_policy_v0.1,0,0
RULE_A,SC_V1947_B047_005,1966,떡시루,4,L2,RULE_PROPOSED_PENDING_APPROVAL,3,PROVISIONAL_AUTO,2,PROVISIONAL_AUTO,level_policy_v0.1,0,0
RULE_A,SC_V1947_B047_016,1973,또랑또랑하다,4,L2,RULE_PROPOSED_PENDING_APPROVAL,3,PROVISIONAL_AUTO,2,PROVISIONAL_AUTO,level_policy_v0.1,0,0
RULE_A,SC_V1947_B047_018,1975,똑딱단추,4,L2,RULE_PROPOSED_PENDING_APPROVAL,3,PROVISIONAL_AUTO,2,PROVISIONAL_AUTO,level_policy_v0.1,0,0
RULE_A,SC_V1947_B047_019,1976,똥그랗다,4,L2,RULE_PROPOSED_PENDING_APPROVAL,3,PROVISIONAL_AUTO,2,PROVISIONAL_AUTO,level_policy_v0.1,0,0
RULE_A,SC_V1947_B047_020,1977,똥글똥글,4,L2,RULE_PROPOSED_PENDING_APPROVAL,3,PROVISIONAL_AUTO,2,PROVISIONAL_AUTO,level_policy_v0.1,0,0
RULE_A,SC_V1947_B047_024,1980,뚜뚜,4,L2,RULE_PROPOSED_PENDING_APPROVAL,3,PROVISIONAL_AUTO,2,PROVISIONAL_AUTO,level_policy_v0.1,0,0
RULE_A,SC_V1947_B047_028,1982,뜀뛰다,4,L2,RULE_PROPOSED_PENDING_APPROVAL,3,PROVISIONAL_AUTO,2,PROVISIONAL_AUTO,level_policy_v0.1,0,0
RULE_A,SC_V1947_B047_031,1985,뜬눈,4,L2,RULE_PROPOSED_PENDING_APPROVAL,3,PROVISIONAL_AUTO,2,PROVISIONAL_AUTO,level_policy_v0.1,0,0
RULE_A,SC_V1948_B048_002,2003,로맨틱하다,4,L2,RULE_PROPOSED_PENDING_APPROVAL,3,PROVISIONAL_AUTO,2,PROVISIONAL_AUTO,level_policy_v0.1,0,0
RULE_A,SC_V1948_B048_007,2008,리듬감,4,L2,RULE_PROPOSED_PENDING_APPROVAL,3,PROVISIONAL_AUTO,2,PROVISIONAL_AUTO,level_policy_v0.1,0,0
RULE_A,SC_V1948_B048_011,2012,린스,4,L2,RULE_PROPOSED_PENDING_APPROVAL,3,PROVISIONAL_AUTO,2,PROVISIONAL_AUTO,level_policy_v0.1,0,0
RULE_A,SC_V1948_B048_016,2017,마네킹,4,L2,RULE_PROPOSED_PENDING_APPROVAL,3,PROVISIONAL_AUTO,2,PROVISIONAL_AUTO,level_policy_v0.1,0,0
RULE_A,SC_V1948_B048_017,2018,마늘장아찌,4,L2,RULE_PROPOSED_PENDING_APPROVAL,3,PROVISIONAL_AUTO,2,PROVISIONAL_AUTO,level_policy_v0.1,0,0
RULE_A,SC_V1948_B048_019,2020,마당비,4,L2,RULE_PROPOSED_PENDING_APPROVAL,3,PROVISIONAL_AUTO,2,PROVISIONAL_AUTO,level_policy_v0.1,0,0
RULE_A,SC_V1948_B048_026,2026,마른반찬,4,L2,RULE_PROPOSED_PENDING_APPROVAL,3,PROVISIONAL_AUTO,2,PROVISIONAL_AUTO,level_policy_v0.1,0,0
RULE_A,SC_V1948_B048_027,2027,마른오징어,4,L2,RULE_PROPOSED_PENDING_APPROVAL,3,PROVISIONAL_AUTO,2,PROVISIONAL_AUTO,level_policy_v0.1,0,0
RULE_A,SC_V1948_B048_031,2031,마름질,4,L2,RULE_PROPOSED_PENDING_APPROVAL,3,PROVISIONAL_AUTO,2,PROVISIONAL_AUTO,level_policy_v0.1,0,0
RULE_A,SC_V1948_B048_036,2035,마시멜로,4,L2,RULE_PROPOSED_PENDING_APPROVAL,3,PROVISIONAL_AUTO,2,PROVISIONAL_AUTO,level_policy_v0.1,0,0
RULE_A,SC_V1948_B048_044,2040,막국수,4,L2,RULE_PROPOSED_PENDING_APPROVAL,3,PROVISIONAL_AUTO,2,PROVISIONAL_AUTO,level_policy_v0.1,0,0
RULE_A,SC_V1949_B049_006,2048,만두소,4,L2,RULE_PROPOSED_PENDING_APPROVAL,3,PROVISIONAL_AUTO,2,PROVISIONAL_AUTO,level_policy_v0.1,0,0
RULE_A,SC_V1949_B049_009,2051,만백성,4,L2,RULE_PROPOSED_PENDING_APPROVAL,3,PROVISIONAL_AUTO,2,PROVISIONAL_AUTO,level_policy_v0.1,0,0
RULE_A,SC_V1949_B049_011,2052,만석꾼,4,L2,RULE_PROPOSED_PENDING_APPROVAL,3,PROVISIONAL_AUTO,2,PROVISIONAL_AUTO,level_policy_v0.1,0,0
RULE_A,SC_V1949_B049_013,2054,만족도,4,L2,RULE_PROPOSED_PENDING_APPROVAL,3,PROVISIONAL_AUTO,2,PROVISIONAL_AUTO,level_policy_v0.1,0,0
RULE_A,SC_V1949_B049_014,2055,만지작만지작,4,L2,RULE_PROPOSED_PENDING_APPROVAL,3,PROVISIONAL_AUTO,2,PROVISIONAL_AUTO,level_policy_v0.1,0,0
RULE_A,SC_V1949_B049_015,2056,만지작만지작하다,4,L2,RULE_PROPOSED_PENDING_APPROVAL,3,PROVISIONAL_AUTO,2,PROVISIONAL_AUTO,level_policy_v0.1,0,0
RULE_A,SC_V1949_B049_035,2067,말버릇,4,L2,RULE_PROPOSED_PENDING_APPROVAL,3,PROVISIONAL_AUTO,2,PROVISIONAL_AUTO,level_policy_v0.1,0,0
RULE_A,SC_V1949_B049_037,2069,말복,4,L2,RULE_PROPOSED_PENDING_APPROVAL,3,PROVISIONAL_AUTO,2,PROVISIONAL_AUTO,level_policy_v0.1,0,0
RULE_A,SC_V1949_B049_043,2072,말조심,4,L2,RULE_PROPOSED_PENDING_APPROVAL,3,PROVISIONAL_AUTO,2,PROVISIONAL_AUTO,level_policy_v0.1,0,0
RULE_A,SC_V1949_B049_044,2073,말주머니,4,L2,RULE_PROPOSED_PENDING_APPROVAL,3,PROVISIONAL_AUTO,2,PROVISIONAL_AUTO,level_policy_v0.1,0,0
RULE_A,SC_V1949_B049_046,2075,말참견,4,L2,RULE_PROPOSED_PENDING_APPROVAL,3,PROVISIONAL_AUTO,2,PROVISIONAL_AUTO,level_policy_v0.1,0,0
RULE_A,SC_V1949_B049_047,2076,말참견하다,4,L2,RULE_PROPOSED_PENDING_APPROVAL,3,PROVISIONAL_AUTO,2,PROVISIONAL_AUTO,level_policy_v0.1,0,0
RULE_A,SC_V1950_B050_004,2082,맙소사,4,L2,RULE_PROPOSED_PENDING_APPROVAL,3,PROVISIONAL_AUTO,2,PROVISIONAL_AUTO,level_policy_v0.1,0,0
RULE_A,SC_V1950_B050_006,2083,망설임,4,L2,RULE_PROPOSED_PENDING_APPROVAL,3,PROVISIONAL_AUTO,2,PROVISIONAL_AUTO,level_policy_v0.1,0,0
RULE_A,SC_V1950_B050_007,2084,망치질,4,L2,RULE_PROPOSED_PENDING_APPROVAL,3,PROVISIONAL_AUTO,2,PROVISIONAL_AUTO,level_policy_v0.1,0,0
RULE_A,SC_V1950_B050_008,2085,맞바꾸다,4,L2,RULE_PROPOSED_PENDING_APPROVAL,3,PROVISIONAL_AUTO,2,PROVISIONAL_AUTO,level_policy_v0.1,0,0
RULE_A,SC_V1950_B050_009,2086,맞받아치다,4,L2,RULE_PROPOSED_PENDING_APPROVAL,3,PROVISIONAL_AUTO,2,PROVISIONAL_AUTO,level_policy_v0.1,0,0
RULE_A,SC_V1950_B050_014,2090,매끈거리다,4,L2,RULE_PROPOSED_PENDING_APPROVAL,3,PROVISIONAL_AUTO,2,PROVISIONAL_AUTO,level_policy_v0.1,0,0
RULE_A,SC_V1950_B050_017,2093,매끌매끌하다,4,L2,RULE_PROPOSED_PENDING_APPROVAL,3,PROVISIONAL_AUTO,2,PROVISIONAL_AUTO,level_policy_v0.1,0,0
RULE_A,SC_V1950_B050_018,2094,매립,4,L2,RULE_PROPOSED_PENDING_APPROVAL,3,PROVISIONAL_AUTO,2,PROVISIONAL_AUTO,level_policy_v0.1,0,0
RULE_A,SC_V1950_B050_019,2095,매립장,4,L2,RULE_PROPOSED_PENDING_APPROVAL,3,PROVISIONAL_AUTO,2,PROVISIONAL_AUTO,level_policy_v0.1,0,0
RULE_A,SC_V1950_B050_028,2100,매트리스,4,L2,RULE_PROPOSED_PENDING_APPROVAL,3,PROVISIONAL_AUTO,2,PROVISIONAL_AUTO,level_policy_v0.1,0,0
RULE_A,SC_V1950_B050_031,2103,맥고모자,4,L2,RULE_PROPOSED_PENDING_APPROVAL,3,PROVISIONAL_AUTO,2,PROVISIONAL_AUTO,level_policy_v0.1,0,0
RULE_A,SC_V1950_B050_032,2104,맨눈,4,L2,RULE_PROPOSED_PENDING_APPROVAL,3,PROVISIONAL_AUTO,2,PROVISIONAL_AUTO,level_policy_v0.1,0,0
RULE_A,SC_V1950_B050_041,2109,맺어지다,4,L2,RULE_PROPOSED_PENDING_APPROVAL,3,PROVISIONAL_AUTO,2,PROVISIONAL_AUTO,level_policy_v0.1,0,0
RULE_A,SC_V1950_B050_048,2116,머슴,4,L2,RULE_PROPOSED_PENDING_APPROVAL,3,PROVISIONAL_AUTO,2,PROVISIONAL_AUTO,level_policy_v0.1,0,0
RULE_A,SC_V1951_B051_005,2121,먼지떨이,4,L2,RULE_PROPOSED_PENDING_APPROVAL,3,PROVISIONAL_AUTO,2,PROVISIONAL_AUTO,level_policy_v0.1,0,0
RULE_A,SC_V1951_B051_006,2122,먼지투성이,4,L2,RULE_PROPOSED_PENDING_APPROVAL,3,PROVISIONAL_AUTO,2,PROVISIONAL_AUTO,level_policy_v0.1,0,0
RULE_A,SC_V1951_B051_007,2123,멀거니,4,L2,RULE_PROPOSED_PENDING_APPROVAL,3,PROVISIONAL_AUTO,2,PROVISIONAL_AUTO,level_policy_v0.1,0,0
RULE_A,SC_V1951_B051_017,2132,멋없다,4,L2,RULE_PROPOSED_PENDING_APPROVAL,3,PROVISIONAL_AUTO,2,PROVISIONAL_AUTO,level_policy_v0.1,0,0
RULE_A,SC_V1951_B051_018,2133,멋없이,4,L2,RULE_PROPOSED_PENDING_APPROVAL,3,PROVISIONAL_AUTO,2,PROVISIONAL_AUTO,level_policy_v0.1,0,0
RULE_A,SC_V1951_B051_020,2135,메밀국수,4,L2,RULE_PROPOSED_PENDING_APPROVAL,3,PROVISIONAL_AUTO,2,PROVISIONAL_AUTO,level_policy_v0.1,0,0
RULE_A,SC_V1951_B051_021,2136,메밀묵,4,L2,RULE_PROPOSED_PENDING_APPROVAL,3,PROVISIONAL_AUTO,2,PROVISIONAL_AUTO,level_policy_v0.1,0,0
RULE_A,SC_V1951_B051_023,2138,메아리치다,4,L2,RULE_PROPOSED_PENDING_APPROVAL,3,PROVISIONAL_AUTO,2,PROVISIONAL_AUTO,level_policy_v0.1,0,0
RULE_A,SC_V1951_B051_045,2152,멸치조림,4,L2,RULE_PROPOSED_PENDING_APPROVAL,3,PROVISIONAL_AUTO,2,PROVISIONAL_AUTO,level_policy_v0.1,0,0
RULE_A,SC_V1952_B052_004,2159,명예스럽다,4,L2,RULE_PROPOSED_PENDING_APPROVAL,3,PROVISIONAL_AUTO,2,PROVISIONAL_AUTO,level_policy_v0.1,0,0
RULE_A,SC_V1952_B052_006,2161,명절날,4,L2,RULE_PROPOSED_PENDING_APPROVAL,3,PROVISIONAL_AUTO,2,PROVISIONAL_AUTO,level_policy_v0.1,0,0
RULE_A,SC_V1952_B052_015,2165,모기향,4,L2,RULE_PROPOSED_PENDING_APPROVAL,3,PROVISIONAL_AUTO,2,PROVISIONAL_AUTO,level_policy_v0.1,0,0
RULE_A,SC_V1952_B052_016,2166,모깃불,4,L2,RULE_PROPOSED_PENDING_APPROVAL,3,PROVISIONAL_AUTO,2,PROVISIONAL_AUTO,level_policy_v0.1,0,0
RULE_A,SC_V1952_B052_020,2170,모닝콜,4,L2,RULE_PROPOSED_PENDING_APPROVAL,3,PROVISIONAL_AUTO,2,PROVISIONAL_AUTO,level_policy_v0.1,0,0
RULE_A,SC_V1952_B052_023,2172,모둠발,4,L2,RULE_PROPOSED_PENDING_APPROVAL,3,PROVISIONAL_AUTO,2,PROVISIONAL_AUTO,level_policy_v0.1,0,0
RULE_A,SC_V1952_B052_030,2179,모래투성이,4,L2,RULE_PROPOSED_PENDING_APPROVAL,3,PROVISIONAL_AUTO,2,PROVISIONAL_AUTO,level_policy_v0.1,0,0
RULE_A,SC_V1952_B052_032,2181,모름지기,4,L2,RULE_PROPOSED_PENDING_APPROVAL,3,PROVISIONAL_AUTO,2,PROVISIONAL_AUTO,level_policy_v0.1,0,0
RULE_A,SC_V1952_B052_040,2187,모조지,4,L2,RULE_PROPOSED_PENDING_APPROVAL,3,PROVISIONAL_AUTO,2,PROVISIONAL_AUTO,level_policy_v0.1,0,0
RULE_A,SC_V1952_B052_041,2188,모종삽,4,L2,RULE_PROPOSED_PENDING_APPROVAL,3,PROVISIONAL_AUTO,2,PROVISIONAL_AUTO,level_policy_v0.1,0,0
RULE_A,SC_V1952_B052_043,2190,모쪼록,4,L2,RULE_PROPOSED_PENDING_APPROVAL,3,PROVISIONAL_AUTO,2,PROVISIONAL_AUTO,level_policy_v0.1,0,0
RULE_A,SC_V1952_B052_045,2191,모험가,4,L2,RULE_PROPOSED_PENDING_APPROVAL,3,PROVISIONAL_AUTO,2,PROVISIONAL_AUTO,level_policy_v0.1,0,0
RULE_A,SC_V1952_B052_046,2192,모험담,4,L2,RULE_PROPOSED_PENDING_APPROVAL,3,PROVISIONAL_AUTO,2,PROVISIONAL_AUTO,level_policy_v0.1,0,0
RULE_A,SC_V1953_B053_006,2201,목메다,4,L2,RULE_PROPOSED_PENDING_APPROVAL,3,PROVISIONAL_AUTO,2,PROVISIONAL_AUTO,level_policy_v0.1,0,0
RULE_A,SC_V1953_B053_010,2203,목욕통,4,L2,RULE_PROPOSED_PENDING_APPROVAL,3,PROVISIONAL_AUTO,2,PROVISIONAL_AUTO,level_policy_v0.1,0,0
RULE_A,SC_V1953_B053_020,2209,목표물,4,L2,RULE_PROPOSED_PENDING_APPROVAL,3,PROVISIONAL_AUTO,2,PROVISIONAL_AUTO,level_policy_v0.1,0,0
RULE_A,SC_V1953_B053_025,2214,몰려나오다,4,L2,RULE_PROPOSED_PENDING_APPROVAL,3,PROVISIONAL_AUTO,2,PROVISIONAL_AUTO,level_policy_v0.1,0,0
RULE_A,SC_V1953_B053_034,2220,몸서리나다,4,L2,RULE_PROPOSED_PENDING_APPROVAL,3,PROVISIONAL_AUTO,2,PROVISIONAL_AUTO,level_policy_v0.1,0,0
RULE_A,SC_V1953_B053_035,2221,몸서리치다,4,L2,RULE_PROPOSED_PENDING_APPROVAL,3,PROVISIONAL_AUTO,2,PROVISIONAL_AUTO,level_policy_v0.1,0,0
RULE_A,SC_V1953_B053_050,2231,묘사되다,4,L2,RULE_PROPOSED_PENDING_APPROVAL,3,PROVISIONAL_AUTO,2,PROVISIONAL_AUTO,level_policy_v0.1,0,0
RULE_A,SC_V1954_B054_004,2235,무궁무진하다,4,L2,RULE_PROPOSED_PENDING_APPROVAL,3,PROVISIONAL_AUTO,2,PROVISIONAL_AUTO,level_policy_v0.1,0,0
RULE_A,SC_V1954_B054_009,2239,무나물,4,L2,RULE_PROPOSED_PENDING_APPROVAL,3,PROVISIONAL_AUTO,2,PROVISIONAL_AUTO,level_policy_v0.1,0,0
RULE_A,SC_V1954_B054_011,2240,무덤덤하다,4,L2,RULE_PROPOSED_PENDING_APPROVAL,3,PROVISIONAL_AUTO,2,PROVISIONAL_AUTO,level_policy_v0.1,0,0
RULE_A,SC_V1954_B054_014,2243,무방비,4,L2,RULE_PROPOSED_PENDING_APPROVAL,3,PROVISIONAL_AUTO,2,PROVISIONAL_AUTO,level_policy_v0.1,0,0
RULE_A,SC_V1954_B054_015,2244,무방하다,4,L2,RULE_PROPOSED_PENDING_APPROVAL,3,PROVISIONAL_AUTO,2,PROVISIONAL_AUTO,level_policy_v0.1,0,0
RULE_A,SC_V1954_B054_017,2245,무산되다,4,L2,RULE_PROPOSED_PENDING_APPROVAL,3,PROVISIONAL_AUTO,2,PROVISIONAL_AUTO,level_policy_v0.1,0,0
RULE_A,SC_V1954_B054_020,2247,무수하다,4,L2,RULE_PROPOSED_PENDING_APPROVAL,3,PROVISIONAL_AUTO,2,PROVISIONAL_AUTO,level_policy_v0.1,0,0
RULE_A,SC_V1954_B054_025,2252,무엄하다,4,L2,RULE_PROPOSED_PENDING_APPROVAL,3,PROVISIONAL_AUTO,2,PROVISIONAL_AUTO,level_policy_v0.1,0,0
RULE_A,SC_V1954_B054_026,2253,무역선,4,L2,RULE_PROPOSED_PENDING_APPROVAL,3,PROVISIONAL_AUTO,2,PROVISIONAL_AUTO,level_policy_v0.1,0,0
RULE_A,SC_V1954_B054_029,2256,무역항,4,L2,RULE_PROPOSED_PENDING_APPROVAL,3,PROVISIONAL_AUTO,2,PROVISIONAL_AUTO,level_policy_v0.1,0,0
RULE_A,SC_V1954_B054_031,2258,무용수,4,L2,RULE_PROPOSED_PENDING_APPROVAL,3,PROVISIONAL_AUTO,2,PROVISIONAL_AUTO,level_policy_v0.1,0,0
RULE_A,SC_V1954_B054_036,2261,무장아찌,4,L2,RULE_PROPOSED_PENDING_APPROVAL,3,PROVISIONAL_AUTO,2,PROVISIONAL_AUTO,level_policy_v0.1,0,0
RULE_A,SC_V1954_B054_039,2264,무진장하다,4,L2,RULE_PROPOSED_PENDING_APPROVAL,3,PROVISIONAL_AUTO,2,PROVISIONAL_AUTO,level_policy_v0.1,0,0
RULE_A,SC_V1954_B054_040,2265,무턱대고,4,L2,RULE_PROPOSED_PENDING_APPROVAL,3,PROVISIONAL_AUTO,2,PROVISIONAL_AUTO,level_policy_v0.1,0,0
RULE_A,SC_V1954_B054_043,2268,무한히,4,L2,RULE_PROPOSED_PENDING_APPROVAL,3,PROVISIONAL_AUTO,2,PROVISIONAL_AUTO,level_policy_v0.1,0,0
RULE_A,SC_V1954_B054_049,2273,문갑,4,L2,RULE_PROPOSED_PENDING_APPROVAL,3,PROVISIONAL_AUTO,2,PROVISIONAL_AUTO,level_policy_v0.1,0,0
RULE_A,SC_V1955_B055_002,2275,문란하다,4,L2,RULE_PROPOSED_PENDING_APPROVAL,3,PROVISIONAL_AUTO,2,PROVISIONAL_AUTO,level_policy_v0.1,0,0
RULE_A,SC_V1955_B055_005,2278,문살,4,L2,RULE_PROPOSED_PENDING_APPROVAL,3,PROVISIONAL_AUTO,2,PROVISIONAL_AUTO,level_policy_v0.1,0,0
RULE_A,SC_V1955_B055_022,2291,물기둥,4,L2,RULE_PROPOSED_PENDING_APPROVAL,3,PROVISIONAL_AUTO,2,PROVISIONAL_AUTO,level_policy_v0.1,0,0
RULE_A,SC_V1955_B055_029,2297,물레방앗간,4,L2,RULE_PROPOSED_PENDING_APPROVAL,3,PROVISIONAL_AUTO,2,PROVISIONAL_AUTO,level_policy_v0.1,0,0
RULE_A,SC_V1955_B055_035,2303,물방울무늬,4,L2,RULE_PROPOSED_PENDING_APPROVAL,3,PROVISIONAL_AUTO,2,PROVISIONAL_AUTO,level_policy_v0.1,0,0
RULE_A,SC_V1955_B055_036,2304,물벼락,4,L2,RULE_PROPOSED_PENDING_APPROVAL,3,PROVISIONAL_AUTO,2,PROVISIONAL_AUTO,level_policy_v0.1,0,0
RULE_A,SC_V1955_B055_037,2305,물보라,4,L2,RULE_PROPOSED_PENDING_APPROVAL,3,PROVISIONAL_AUTO,2,PROVISIONAL_AUTO,level_policy_v0.1,0,0
RULE_A,SC_V1955_B055_038,2306,물비누,4,L2,RULE_PROPOSED_PENDING_APPROVAL,3,PROVISIONAL_AUTO,2,PROVISIONAL_AUTO,level_policy_v0.1,0,0
RULE_A,SC_V1955_B055_040,2308,물색하다,4,L2,RULE_PROPOSED_PENDING_APPROVAL,3,PROVISIONAL_AUTO,2,PROVISIONAL_AUTO,level_policy_v0.1,0,0
RULE_A,SC_V1955_B055_044,2311,물장난하다,4,L2,RULE_PROPOSED_PENDING_APPROVAL,3,PROVISIONAL_AUTO,2,PROVISIONAL_AUTO,level_policy_v0.1,0,0
RULE_A,SC_V1955_B055_045,2312,물장수,4,L2,RULE_PROPOSED_PENDING_APPROVAL,3,PROVISIONAL_AUTO,2,PROVISIONAL_AUTO,level_policy_v0.1,0,0
RULE_A,SC_V1955_B055_048,2315,물청소하다,4,L2,RULE_PROPOSED_PENDING_APPROVAL,3,PROVISIONAL_AUTO,2,PROVISIONAL_AUTO,level_policy_v0.1,0,0
RULE_A,SC_V1955_B055_050,2317,물컹거리다,4,L2,RULE_PROPOSED_PENDING_APPROVAL,3,PROVISIONAL_AUTO,2,PROVISIONAL_AUTO,level_policy_v0.1,0,0
RULE_A,SC_V1956_B056_001,2318,물컹물컹하다,4,L2,RULE_PROPOSED_PENDING_APPROVAL,3,PROVISIONAL_AUTO,2,PROVISIONAL_AUTO,level_policy_v0.1,0,0
RULE_A,SC_V1956_B056_002,2319,물컹하다,4,L2,RULE_PROPOSED_PENDING_APPROVAL,3,PROVISIONAL_AUTO,2,PROVISIONAL_AUTO,level_policy_v0.1,0,0
RULE_A,SC_V1956_B056_008,2324,뭉툭하다,4,L2,RULE_PROPOSED_PENDING_APPROVAL,3,PROVISIONAL_AUTO,2,PROVISIONAL_AUTO,level_policy_v0.1,0,0
RULE_A,SC_V1956_B056_012,2327,미끄럼대,4,L2,RULE_PROPOSED_PENDING_APPROVAL,3,PROVISIONAL_AUTO,2,PROVISIONAL_AUTO,level_policy_v0.1,0,0
RULE_A,SC_V1956_B056_014,2328,미니카,4,L2,RULE_PROPOSED_PENDING_APPROVAL,3,PROVISIONAL_AUTO,2,PROVISIONAL_AUTO,level_policy_v0.1,0,0
RULE_A,SC_V1956_B056_015,2329,미닫이,4,L2,RULE_PROPOSED_PENDING_APPROVAL,3,PROVISIONAL_AUTO,2,PROVISIONAL_AUTO,level_policy_v0.1,0,0
RULE_A,SC_V1956_B056_026,2336,미술사,4,L2,RULE_PROPOSED_PENDING_APPROVAL,3,PROVISIONAL_AUTO,2,PROVISIONAL_AUTO,level_policy_v0.1,0,0
RULE_A,SC_V1956_B056_029,2338,미심쩍다,4,L2,RULE_PROPOSED_PENDING_APPROVAL,3,PROVISIONAL_AUTO,2,PROVISIONAL_AUTO,level_policy_v0.1,0,0
RULE_A,SC_V1956_B056_032,2340,미장원,4,L2,RULE_PROPOSED_PENDING_APPROVAL,3,PROVISIONAL_AUTO,2,PROVISIONAL_AUTO,level_policy_v0.1,0,0
RULE_A,SC_V1956_B056_040,2343,민감성,4,L2,RULE_PROPOSED_PENDING_APPROVAL,3,REVIEW_BOUNDARY,2,REVIEW_BOUNDARY,level_policy_v0.1,0,0
RULE_A,SC_V1956_B056_041,2344,민감하다,4,L2,RULE_PROPOSED_PENDING_APPROVAL,3,PROVISIONAL_AUTO,2,PROVISIONAL_AUTO,level_policy_v0.1,0,0
RULE_A,SC_V1956_B056_043,2345,민망스럽다,4,L2,RULE_PROPOSED_PENDING_APPROVAL,3,PROVISIONAL_AUTO,2,PROVISIONAL_AUTO,level_policy_v0.1,0,0
RULE_A,SC_V1957_B057_003,2350,민첩성,4,L2,RULE_PROPOSED_PENDING_APPROVAL,3,PROVISIONAL_AUTO,2,PROVISIONAL_AUTO,level_policy_v0.1,0,0
RULE_A,SC_V1957_B057_009,2353,밀어닥치다,4,L2,RULE_PROPOSED_PENDING_APPROVAL,3,PROVISIONAL_AUTO,2,PROVISIONAL_AUTO,level_policy_v0.1,0,0
RULE_A,SC_V1957_B057_018,2362,밑반찬,4,L2,RULE_PROPOSED_PENDING_APPROVAL,3,PROVISIONAL_AUTO,2,PROVISIONAL_AUTO,level_policy_v0.1,0,0
RULE_A,SC_V1957_B057_025,2369,바늘땀,4,L2,RULE_PROPOSED_PENDING_APPROVAL,3,PROVISIONAL_AUTO,2,PROVISIONAL_AUTO,level_policy_v0.1,0,0
RULE_A,SC_V1957_B057_032,2375,바래다주다,4,L2,RULE_PROPOSED_PENDING_APPROVAL,3,PROVISIONAL_AUTO,2,PROVISIONAL_AUTO,level_policy_v0.1,0,0
RULE_A,SC_V1957_B057_041,2379,바짓가랑이,4,L2,RULE_PROPOSED_PENDING_APPROVAL,3,PROVISIONAL_AUTO,2,PROVISIONAL_AUTO,level_policy_v0.1,0,0
RULE_A,SC_V1957_B057_044,2382,박애,4,L2,RULE_PROPOSED_PENDING_APPROVAL,3,PROVISIONAL_AUTO,2,PROVISIONAL_AUTO,level_policy_v0.1,0,0
RULE_A,SC_V1957_B057_046,2384,반가이,4,L2,RULE_PROPOSED_PENDING_APPROVAL,3,PROVISIONAL_AUTO,2,PROVISIONAL_AUTO,level_policy_v0.1,0,0
RULE_A,SC_V1958_B058_002,2386,반려동물,4,L2,RULE_PROPOSED_PENDING_APPROVAL,3,PROVISIONAL_AUTO,2,PROVISIONAL_AUTO,level_policy_v0.1,0,0
RULE_A,SC_V1958_B058_011,2391,반소매,4,L2,RULE_PROPOSED_PENDING_APPROVAL,3,PROVISIONAL_AUTO,2,PROVISIONAL_AUTO,level_policy_v0.1,0,0
RULE_A,SC_V1958_B058_015,2394,반짇고리,4,L2,RULE_PROPOSED_PENDING_APPROVAL,3,PROVISIONAL_AUTO,2,PROVISIONAL_AUTO,level_policy_v0.1,0,0
RULE_A,SC_V1958_B058_028,2402,발동작,4,L2,RULE_PROPOSED_PENDING_APPROVAL,3,PROVISIONAL_AUTO,2,PROVISIONAL_AUTO,level_policy_v0.1,0,0
RULE_A,SC_V1958_B058_032,2405,발명되다,4,L2,RULE_PROPOSED_PENDING_APPROVAL,3,PROVISIONAL_AUTO,2,PROVISIONAL_AUTO,level_policy_v0.1,0,0
RULE_A,SC_V1958_B058_033,2406,발명왕,4,L2,RULE_PROPOSED_PENDING_APPROVAL,3,PROVISIONAL_AUTO,2,PROVISIONAL_AUTO,level_policy_v0.1,0,0
RULE_A,SC_V1958_B058_036,2408,발생률,4,L2,RULE_PROPOSED_PENDING_APPROVAL,3,REVIEW_BOUNDARY,2,REVIEW_BOUNDARY,level_policy_v0.1,0,0
RULE_A,SC_V1958_B058_043,2411,발육,4,L2,RULE_PROPOSED_PENDING_APPROVAL,3,PROVISIONAL_AUTO,2,PROVISIONAL_AUTO,level_policy_v0.1,0,0
RULE_A,SC_V1959_B059_008,2424,밤송이,4,L2,RULE_PROPOSED_PENDING_APPROVAL,3,PROVISIONAL_AUTO,2,PROVISIONAL_AUTO,level_policy_v0.1,0,0
RULE_A,SC_V1959_B059_012,2426,밥상보,4,L2,RULE_PROPOSED_PENDING_APPROVAL,3,PROVISIONAL_AUTO,2,PROVISIONAL_AUTO,level_policy_v0.1,0,0
RULE_A,SC_V1959_B059_014,2428,방관,4,L2,RULE_PROPOSED_PENDING_APPROVAL,3,PROVISIONAL_AUTO,2,PROVISIONAL_AUTO,level_policy_v0.1,0,0
RULE_A,SC_V1959_B059_015,2429,방관하다,4,L2,RULE_PROPOSED_PENDING_APPROVAL,3,PROVISIONAL_AUTO,2,PROVISIONAL_AUTO,level_policy_v0.1,0,0
RULE_A,SC_V1959_B059_018,2432,방대하다,4,L2,RULE_PROPOSED_PENDING_APPROVAL,3,PROVISIONAL_AUTO,2,PROVISIONAL_AUTO,level_policy_v0.1,0,0
RULE_A,SC_V1959_B059_033,2442,방영되다,4,L2,RULE_PROPOSED_PENDING_APPROVAL,3,PROVISIONAL_AUTO,2,PROVISIONAL_AUTO,level_policy_v0.1,0,0
RULE_A,SC_V1959_B059_034,2443,방영하다,4,L2,RULE_PROPOSED_PENDING_APPROVAL,3,PROVISIONAL_AUTO,2,PROVISIONAL_AUTO,level_policy_v0.1,0,0
RULE_A,SC_V1959_B059_036,2445,방위표,4,L2,RULE_PROPOSED_PENDING_APPROVAL,3,PROVISIONAL_AUTO,2,PROVISIONAL_AUTO,level_policy_v0.1,0,0
RULE_A,SC_V1959_B059_047,2454,밭고랑,4,L2,RULE_PROPOSED_PENDING_APPROVAL,3,PROVISIONAL_AUTO,2,PROVISIONAL_AUTO,level_policy_v0.1,0,0
RULE_A,SC_V1960_B060_003,2460,배관공,4,L2,RULE_PROPOSED_PENDING_APPROVAL,3,PROVISIONAL_AUTO,2,PROVISIONAL_AUTO,level_policy_v0.1,0,0
RULE_A,SC_V1960_B060_016,2471,배짱부리다,4,L2,RULE_PROPOSED_PENDING_APPROVAL,3,PROVISIONAL_AUTO,2,PROVISIONAL_AUTO,level_policy_v0.1,0,0
RULE_A,SC_V1960_B060_022,2475,배포되다,4,L2,RULE_PROPOSED_PENDING_APPROVAL,3,PROVISIONAL_AUTO,2,PROVISIONAL_AUTO,level_policy_v0.1,0,0
RULE_A,SC_V1960_B060_026,2478,백분율,4,L2,RULE_PROPOSED_PENDING_APPROVAL,3,PROVISIONAL_AUTO,2,PROVISIONAL_AUTO,level_policy_v0.1,0,0
RULE_A,SC_V1960_B060_037,2486,버겁다,4,L2,RULE_PROPOSED_PENDING_APPROVAL,3,PROVISIONAL_AUTO,2,PROVISIONAL_AUTO,level_policy_v0.1,0,0
RULE_A,SC_V1960_B060_044,2491,버릇없다,4,L2,RULE_PROPOSED_PENDING_APPROVAL,3,PROVISIONAL_AUTO,2,PROVISIONAL_AUTO,level_policy_v0.1,0,0
RULE_A,SC_V1960_B060_046,2493,버림받다,4,L2,RULE_PROPOSED_PENDING_APPROVAL,3,REVIEW_BOUNDARY,2,REVIEW_BOUNDARY,level_policy_v0.1,0,0
RULE_A,SC_V1960_B060_049,2496,벅차오르다,4,L2,RULE_PROPOSED_PENDING_APPROVAL,3,PROVISIONAL_AUTO,2,PROVISIONAL_AUTO,level_policy_v0.1,0,0
RULE_A,SC_V1960_B060_050,2497,번득이다,4,L2,RULE_PROPOSED_PENDING_APPROVAL,3,PROVISIONAL_AUTO,2,PROVISIONAL_AUTO,level_policy_v0.1,0,0
RULE_A,SC_V1961_B061_008,2505,번쩍거리다,4,L2,RULE_PROPOSED_PENDING_APPROVAL,3,PROVISIONAL_AUTO,2,PROVISIONAL_AUTO,level_policy_v0.1,0,0
RULE_A,SC_V1961_B061_013,2510,벌거숭이산,4,L2,RULE_PROPOSED_PENDING_APPROVAL,3,PROVISIONAL_AUTO,2,PROVISIONAL_AUTO,level_policy_v0.1,0,0
RULE_A,SC_V1961_B061_015,2512,벌꿀,4,L2,RULE_PROPOSED_PENDING_APPROVAL,3,PROVISIONAL_AUTO,2,PROVISIONAL_AUTO,level_policy_v0.1,0,0
RULE_A,SC_V1961_B061_017,2514,벌러덩,4,L2,RULE_PROPOSED_PENDING_APPROVAL,3,REVIEW_BOUNDARY,2,REVIEW_BOUNDARY,level_policy_v0.1,0,0
RULE_A,SC_V1961_B061_018,2515,벌름거리다,4,L2,RULE_PROPOSED_PENDING_APPROVAL,3,PROVISIONAL_AUTO,2,PROVISIONAL_AUTO,level_policy_v0.1,0,0
RULE_A,SC_V1961_B061_030,2526,벙글거리다,4,L2,RULE_PROPOSED_PENDING_APPROVAL,3,PROVISIONAL_AUTO,2,PROVISIONAL_AUTO,level_policy_v0.1,0,0
RULE_A,SC_V1961_B061_031,2527,벙글벙글,4,L2,RULE_PROPOSED_PENDING_APPROVAL,3,PROVISIONAL_AUTO,2,PROVISIONAL_AUTO,level_policy_v0.1,0,0
RULE_A,SC_V1961_B061_032,2528,벙글벙글하다,4,L2,RULE_PROPOSED_PENDING_APPROVAL,3,PROVISIONAL_AUTO,2,PROVISIONAL_AUTO,level_policy_v0.1,0,0
RULE_A,SC_V1961_B061_035,2531,베테랑,4,L2,RULE_PROPOSED_PENDING_APPROVAL,3,PROVISIONAL_AUTO,2,PROVISIONAL_AUTO,level_policy_v0.1,0,0
RULE_A,SC_V1962_B062_001,2547,변덕스럽다,4,L2,RULE_PROPOSED_PENDING_APPROVAL,3,PROVISIONAL_AUTO,2,PROVISIONAL_AUTO,level_policy_v0.1,0,0
RULE_A,SC_V1962_B062_007,2552,변질,4,L2,RULE_PROPOSED_PENDING_APPROVAL,3,PROVISIONAL_AUTO,2,PROVISIONAL_AUTO,level_policy_v0.1,0,0
RULE_A,SC_V1962_B062_011,2556,변화무쌍하다,4,L2,RULE_PROPOSED_PENDING_APPROVAL,3,PROVISIONAL_AUTO,2,PROVISIONAL_AUTO,level_policy_v0.1,0,0
RULE_A,SC_V1962_B062_040,2581,보도되다,4,L2,RULE_PROPOSED_PENDING_APPROVAL,3,PROVISIONAL_AUTO,2,PROVISIONAL_AUTO,level_policy_v0.1,0,0
RULE_A,SC_V1962_B062_041,2582,보도블록,4,L2,RULE_PROPOSED_PENDING_APPROVAL,3,PROVISIONAL_AUTO,2,PROVISIONAL_AUTO,level_policy_v0.1,0,0
RULE_A,SC_V1962_B062_043,2584,보들보들하다,4,L2,RULE_PROPOSED_PENDING_APPROVAL,3,PROVISIONAL_AUTO,2,PROVISIONAL_AUTO,level_policy_v0.1,0,0
RULE_A,SC_V1962_B062_045,2586,보디가드,4,L2,RULE_PROPOSED_PENDING_APPROVAL,3,PROVISIONAL_AUTO,2,PROVISIONAL_AUTO,level_policy_v0.1,0,0
RULE_A,SC_V1963_B063_004,2595,보배롭다,4,L2,RULE_PROPOSED_PENDING_APPROVAL,3,PROVISIONAL_AUTO,2,PROVISIONAL_AUTO,level_policy_v0.1,0,0
RULE_A,SC_V1963_B063_005,2596,보슬비,4,L2,RULE_PROPOSED_PENDING_APPROVAL,3,PROVISIONAL_AUTO,2,PROVISIONAL_AUTO,level_policy_v0.1,0,0
RULE_A,SC_V1963_B063_009,2600,보잘것없다,4,L2,RULE_PROPOSED_PENDING_APPROVAL,3,REVIEW_BOUNDARY,2,REVIEW_BOUNDARY,level_policy_v0.1,0,0
RULE_A,SC_V1963_B063_013,2604,보폭,4,L2,RULE_PROPOSED_PENDING_APPROVAL,3,PROVISIONAL_AUTO,2,PROVISIONAL_AUTO,level_policy_v0.1,0,0
RULE_A,SC_V1963_B063_014,2605,보행기,4,L2,RULE_PROPOSED_PENDING_APPROVAL,3,PROVISIONAL_AUTO,2,PROVISIONAL_AUTO,level_policy_v0.1,0,0
RULE_A,SC_V1963_B063_018,2609,보호석,4,L2,RULE_PROPOSED_PENDING_APPROVAL,3,PROVISIONAL_AUTO,2,PROVISIONAL_AUTO,level_policy_v0.1,0,0
RULE_A,SC_V1963_B063_020,2611,복귀하다,4,L2,RULE_PROPOSED_PENDING_APPROVAL,3,PROVISIONAL_AUTO,2,PROVISIONAL_AUTO,level_policy_v0.1,0,0
RULE_A,SC_V1963_B063_022,2613,복덩이,4,L2,RULE_PROPOSED_PENDING_APPROVAL,3,PROVISIONAL_AUTO,2,PROVISIONAL_AUTO,level_policy_v0.1,0,0
RULE_A,SC_V1963_B063_027,2618,복슬강아지,4,L2,RULE_PROPOSED_PENDING_APPROVAL,3,PROVISIONAL_AUTO,2,PROVISIONAL_AUTO,level_policy_v0.1,0,0
RULE_A,SC_V1963_B063_032,2622,본부석,4,L2,RULE_PROPOSED_PENDING_APPROVAL,3,PROVISIONAL_AUTO,2,PROVISIONAL_AUTO,level_policy_v0.1,0,0
RULE_A,SC_V1963_B063_034,2624,본토박이,4,L2,RULE_PROPOSED_PENDING_APPROVAL,3,PROVISIONAL_AUTO,2,PROVISIONAL_AUTO,level_policy_v0.1,0,0
RULE_A,SC_V1963_B063_038,2627,볼우물,4,L2,RULE_PROPOSED_PENDING_APPROVAL,3,PROVISIONAL_AUTO,2,PROVISIONAL_AUTO,level_policy_v0.1,0,0
RULE_A,SC_V1963_B063_045,2634,봄놀이하다,4,L2,RULE_PROPOSED_PENDING_APPROVAL,3,PROVISIONAL_AUTO,2,PROVISIONAL_AUTO,level_policy_v0.1,0,0
RULE_A,SC_V1963_B063_049,2638,봄소식,4,L2,RULE_PROPOSED_PENDING_APPROVAL,3,REVIEW_BOUNDARY,2,REVIEW_BOUNDARY,level_policy_v0.1,0,0
RULE_A,SC_V1964_B064_001,2640,봇짐,4,L2,RULE_PROPOSED_PENDING_APPROVAL,3,PROVISIONAL_AUTO,2,PROVISIONAL_AUTO,level_policy_v0.1,0,0
RULE_A,SC_V1964_B064_003,2642,봉돌,4,L2,RULE_PROPOSED_PENDING_APPROVAL,3,PROVISIONAL_AUTO,2,PROVISIONAL_AUTO,level_policy_v0.1,0,0
RULE_A,SC_V1964_B064_004,2643,봉제품,4,L2,RULE_PROPOSED_PENDING_APPROVAL,3,PROVISIONAL_AUTO,2,PROVISIONAL_AUTO,level_policy_v0.1,0,0
RULE_A,SC_V1964_B064_007,2645,부농,4,L2,RULE_PROPOSED_PENDING_APPROVAL,3,PROVISIONAL_AUTO,2,PROVISIONAL_AUTO,level_policy_v0.1,0,0
RULE_A,SC_V1964_B064_010,2648,부당성,4,L2,RULE_PROPOSED_PENDING_APPROVAL,3,REVIEW_BOUNDARY,2,REVIEW_BOUNDARY,level_policy_v0.1,0,0
RULE_A,SC_V1964_B064_015,2653,부뚜막,4,L2,RULE_PROPOSED_PENDING_APPROVAL,3,PROVISIONAL_AUTO,2,PROVISIONAL_AUTO,level_policy_v0.1,0,0
RULE_A,SC_V1964_B064_019,2656,부러트리다,4,L2,RULE_PROPOSED_PENDING_APPROVAL,3,PROVISIONAL_AUTO,2,PROVISIONAL_AUTO,level_policy_v0.1,0,0
RULE_A,SC_V1964_B064_026,2663,부리부리하다,4,L2,RULE_PROPOSED_PENDING_APPROVAL,3,PROVISIONAL_AUTO,2,PROVISIONAL_AUTO,level_policy_v0.1,0,0
RULE_A,SC_V1964_B064_029,2666,부산스럽다,4,L2,RULE_PROPOSED_PENDING_APPROVAL,3,PROVISIONAL_AUTO,2,PROVISIONAL_AUTO,level_policy_v0.1,0,0
RULE_A,SC_V1964_B064_032,2668,부스러뜨리다,4,L2,RULE_PROPOSED_PENDING_APPROVAL,3,PROVISIONAL_AUTO,2,PROVISIONAL_AUTO,level_policy_v0.1,0,0
RULE_A,SC_V1964_B064_033,2669,부스러지다,4,L2,RULE_PROPOSED_PENDING_APPROVAL,3,PROVISIONAL_AUTO,2,PROVISIONAL_AUTO,level_policy_v0.1,0,0
RULE_A,SC_V1964_B064_036,2672,부싯돌,4,L2,RULE_PROPOSED_PENDING_APPROVAL,3,PROVISIONAL_AUTO,2,PROVISIONAL_AUTO,level_policy_v0.1,0,0
RULE_A,SC_V1964_B064_037,2673,부어오르다,4,L2,RULE_PROPOSED_PENDING_APPROVAL,3,PROVISIONAL_AUTO,2,PROVISIONAL_AUTO,level_policy_v0.1,0,0
RULE_A,SC_V1964_B064_043,2679,부의장,4,L2,RULE_PROPOSED_PENDING_APPROVAL,3,PROVISIONAL_AUTO,2,PROVISIONAL_AUTO,level_policy_v0.1,0,0
RULE_A,SC_V1964_B064_048,2682,부적당하다,4,L2,RULE_PROPOSED_PENDING_APPROVAL,3,PROVISIONAL_AUTO,2,PROVISIONAL_AUTO,level_policy_v0.1,0,0
RULE_A,SC_V1964_B064_049,2683,부적절하다,4,L2,RULE_PROPOSED_PENDING_APPROVAL,3,PROVISIONAL_AUTO,2,PROVISIONAL_AUTO,level_policy_v0.1,0,0
RULE_A,SC_V1965_B065_010,2694,부화기,4,L2,RULE_PROPOSED_PENDING_APPROVAL,3,PROVISIONAL_AUTO,2,PROVISIONAL_AUTO,level_policy_v0.1,0,0
RULE_A,SC_V1965_B065_011,2695,부흥,4,L2,RULE_PROPOSED_PENDING_APPROVAL,3,PROVISIONAL_AUTO,2,PROVISIONAL_AUTO,level_policy_v0.1,0,0
RULE_A,SC_V1965_B065_015,2698,북동,4,L2,RULE_PROPOSED_PENDING_APPROVAL,3,PROVISIONAL_AUTO,2,PROVISIONAL_AUTO,level_policy_v0.1,0,0
RULE_A,SC_V1965_B065_016,2699,북동쪽,4,L2,RULE_PROPOSED_PENDING_APPROVAL,3,PROVISIONAL_AUTO,2,PROVISIONAL_AUTO,level_policy_v0.1,0,0
RULE_A,SC_V1965_B065_017,2700,북받치다,4,L2,RULE_PROPOSED_PENDING_APPROVAL,3,PROVISIONAL_AUTO,2,PROVISIONAL_AUTO,level_policy_v0.1,0,0
RULE_A,SC_V1965_B065_021,2704,북엇국,4,L2,RULE_PROPOSED_PENDING_APPROVAL,3,PROVISIONAL_AUTO,2,PROVISIONAL_AUTO,level_policy_v0.1,0,0
RULE_A,SC_V1965_B065_024,2707,분갈이,4,L2,RULE_PROPOSED_PENDING_APPROVAL,3,PROVISIONAL_AUTO,2,PROVISIONAL_AUTO,level_policy_v0.1,0,0
RULE_A,SC_V1965_B065_043,2726,불가사의하다,4,L2,RULE_PROPOSED_PENDING_APPROVAL,3,PROVISIONAL_AUTO,2,PROVISIONAL_AUTO,level_policy_v0.1,0,0
RULE_A,SC_V1965_B065_044,2727,불건전하다,4,L2,RULE_PROPOSED_PENDING_APPROVAL,3,PROVISIONAL_AUTO,2,PROVISIONAL_AUTO,level_policy_v0.1,0,0
RULE_A,SC_V1965_B065_045,2728,불공정하다,4,L2,RULE_PROPOSED_PENDING_APPROVAL,3,PROVISIONAL_AUTO,2,PROVISIONAL_AUTO,level_policy_v0.1,0,0
RULE_A,SC_V1965_B065_049,2731,불균형하다,4,L2,RULE_PROPOSED_PENDING_APPROVAL,3,PROVISIONAL_AUTO,2,PROVISIONAL_AUTO,level_policy_v0.1,0,0
RULE_A,SC_V1965_B065_050,2732,불그레하다,4,L2,RULE_PROPOSED_PENDING_APPROVAL,3,PROVISIONAL_AUTO,2,PROVISIONAL_AUTO,level_policy_v0.1,0,0
RULE_A,SC_V1966_B066_003,2734,불량품,4,L2,RULE_PROPOSED_PENDING_APPROVAL,3,PROVISIONAL_AUTO,2,PROVISIONAL_AUTO,level_policy_v0.1,0,0
RULE_A,SC_V1966_B066_014,2744,불안정하다,4,L2,RULE_PROPOSED_PENDING_APPROVAL,3,PROVISIONAL_AUTO,2,PROVISIONAL_AUTO,level_policy_v0.1,0,0
RULE_A,SC_V1966_B066_015,2745,불완전하다,4,L2,RULE_PROPOSED_PENDING_APPROVAL,3,PROVISIONAL_AUTO,2,PROVISIONAL_AUTO,level_policy_v0.1,0,0
RULE_A,SC_V1966_B066_019,2749,불참자,4,L2,RULE_PROPOSED_PENDING_APPROVAL,3,PROVISIONAL_AUTO,2,PROVISIONAL_AUTO,level_policy_v0.1,0,0
RULE_A,SC_V1966_B066_023,2753,불쾌지수,4,L2,RULE_PROPOSED_PENDING_APPROVAL,3,REVIEW_BOUNDARY,2,REVIEW_BOUNDARY,level_policy_v0.1,0,0
RULE_A,SC_V1966_B066_025,2755,불평등하다,4,L2,RULE_PROPOSED_PENDING_APPROVAL,3,PROVISIONAL_AUTO,2,PROVISIONAL_AUTO,level_policy_v0.1,0,0
RULE_A,SC_V1966_B066_031,2760,불확실하다,4,L2,RULE_PROPOSED_PENDING_APPROVAL,3,PROVISIONAL_AUTO,2,PROVISIONAL_AUTO,level_policy_v0.1,0,0
RULE_A,SC_V1966_B066_035,2764,붙임성,4,L2,RULE_PROPOSED_PENDING_APPROVAL,3,REVIEW_BOUNDARY,2,REVIEW_BOUNDARY,level_policy_v0.1,0,0
RULE_A,SC_V1966_B066_042,2770,비공식,4,L2,RULE_PROPOSED_PENDING_APPROVAL,3,PROVISIONAL_AUTO,2,PROVISIONAL_AUTO,level_policy_v0.1,0,0
RULE_A,SC_V1966_B066_048,2776,비닐우산,4,L2,RULE_PROPOSED_PENDING_APPROVAL,3,PROVISIONAL_AUTO,2,PROVISIONAL_AUTO,level_policy_v0.1,0,0
RULE_A,SC_V1967_B067_001,2779,비단실,4,L2,RULE_PROPOSED_PENDING_APPROVAL,3,PROVISIONAL_AUTO,2,PROVISIONAL_AUTO,level_policy_v0.1,0,0
RULE_A,SC_V1967_B067_004,2782,비디오카메라,4,L2,RULE_PROPOSED_PENDING_APPROVAL,3,PROVISIONAL_AUTO,2,PROVISIONAL_AUTO,level_policy_v0.1,0,0
RULE_A,SC_V1967_B067_005,2783,비디오테이프,4,L2,RULE_PROPOSED_PENDING_APPROVAL,3,PROVISIONAL_AUTO,2,PROVISIONAL_AUTO,level_policy_v0.1,0,0
RULE_A,SC_V1967_B067_018,2795,비상금,4,L2,RULE_PROPOSED_PENDING_APPROVAL,3,PROVISIONAL_AUTO,2,PROVISIONAL_AUTO,level_policy_v0.1,0,0
RULE_A,SC_V1967_B067_025,2802,비아냥거리다,4,L2,RULE_PROPOSED_PENDING_APPROVAL,3,PROVISIONAL_AUTO,2,PROVISIONAL_AUTO,level_policy_v0.1,0,0
RULE_A,SC_V1967_B067_037,2812,비행사,4,L2,RULE_PROPOSED_PENDING_APPROVAL,3,PROVISIONAL_AUTO,2,PROVISIONAL_AUTO,level_policy_v0.1,0,0
RULE_A,SC_V1967_B067_039,2814,비행접시,4,L2,RULE_PROPOSED_PENDING_APPROVAL,3,PROVISIONAL_AUTO,2,PROVISIONAL_AUTO,level_policy_v0.1,0,0
RULE_A,SC_V1967_B067_045,2819,빈번히,4,L2,RULE_PROPOSED_PENDING_APPROVAL,3,PROVISIONAL_AUTO,2,PROVISIONAL_AUTO,level_policy_v0.1,0,0
RULE_A,SC_V1967_B067_046,2820,빈정거리다,4,L2,RULE_PROPOSED_PENDING_APPROVAL,3,PROVISIONAL_AUTO,2,PROVISIONAL_AUTO,level_policy_v0.1,0,0
RULE_A,SC_V1968_B068_003,2827,빙긋,4,L2,RULE_PROPOSED_PENDING_APPROVAL,3,PROVISIONAL_AUTO,2,PROVISIONAL_AUTO,level_policy_v0.1,0,0
RULE_A,SC_V1968_B068_004,2828,빙긋이,4,L2,RULE_PROPOSED_PENDING_APPROVAL,3,PROVISIONAL_AUTO,2,PROVISIONAL_AUTO,level_policy_v0.1,0,0
RULE_A,SC_V1968_B068_009,2833,빨래방,4,L2,RULE_PROPOSED_PENDING_APPROVAL,3,PROVISIONAL_AUTO,2,PROVISIONAL_AUTO,level_policy_v0.1,0,0
RULE_A,SC_V1968_B068_012,2836,빨래판,4,L2,RULE_PROPOSED_PENDING_APPROVAL,3,PROVISIONAL_AUTO,2,PROVISIONAL_AUTO,level_policy_v0.1,0,0
RULE_A,SC_V1968_B068_016,2840,빨아올리다,4,L2,RULE_PROPOSED_PENDING_APPROVAL,3,PROVISIONAL_AUTO,2,PROVISIONAL_AUTO,level_policy_v0.1,0,0
RULE_A,SC_V1968_B068_017,2841,빵긋빵긋,4,L2,RULE_PROPOSED_PENDING_APPROVAL,3,PROVISIONAL_AUTO,2,PROVISIONAL_AUTO,level_policy_v0.1,0,0
RULE_A,SC_V1968_B068_020,2843,빼곡하다,4,L2,RULE_PROPOSED_PENDING_APPROVAL,3,PROVISIONAL_AUTO,2,PROVISIONAL_AUTO,level_policy_v0.1,0,0
RULE_A,SC_V1968_B068_024,2846,뻐꾸기시계,4,L2,RULE_PROPOSED_PENDING_APPROVAL,3,PROVISIONAL_AUTO,2,PROVISIONAL_AUTO,level_policy_v0.1,0,0
RULE_A,SC_V1968_B068_033,2854,뾰로통하다,4,L2,RULE_PROPOSED_PENDING_APPROVAL,3,PROVISIONAL_AUTO,2,PROVISIONAL_AUTO,level_policy_v0.1,0,0
RULE_A,SC_V1968_B068_036,2857,뿌리내리다,4,L2,RULE_PROPOSED_PENDING_APPROVAL,3,PROVISIONAL_AUTO,2,PROVISIONAL_AUTO,level_policy_v0.1,0,0
RULE_A,SC_V1968_B068_044,2864,삐죽거리다,4,L2,RULE_PROPOSED_PENDING_APPROVAL,3,PROVISIONAL_AUTO,2,PROVISIONAL_AUTO,level_policy_v0.1,0,0
RULE_A,SC_V1969_B069_014,2880,사무국,4,L2,RULE_PROPOSED_PENDING_APPROVAL,3,PROVISIONAL_AUTO,2,PROVISIONAL_AUTO,level_policy_v0.1,0,0
RULE_A,SC_V1969_B069_017,2883,사무직,4,L2,RULE_PROPOSED_PENDING_APPROVAL,3,PROVISIONAL_AUTO,2,PROVISIONAL_AUTO,level_policy_v0.1,0,0
RULE_A,SC_V1969_B069_022,2888,사사로이,4,L2,RULE_PROPOSED_PENDING_APPROVAL,3,PROVISIONAL_AUTO,2,PROVISIONAL_AUTO,level_policy_v0.1,0,0
RULE_A,SC_V1969_B069_023,2889,사사롭다,4,L2,RULE_PROPOSED_PENDING_APPROVAL,3,PROVISIONAL_AUTO,2,PROVISIONAL_AUTO,level_policy_v0.1,0,0
RULE_A,SC_V1969_B069_024,2890,사상가,4,L2,RULE_PROPOSED_PENDING_APPROVAL,3,PROVISIONAL_AUTO,2,PROVISIONAL_AUTO,level_policy_v0.1,0,0
RULE_A,SC_V1969_B069_035,2899,사임하다,4,L2,RULE_PROPOSED_PENDING_APPROVAL,3,PROVISIONAL_AUTO,2,PROVISIONAL_AUTO,level_policy_v0.1,0,0
RULE_A,SC_V1969_B069_037,2901,사적지,4,L2,RULE_PROPOSED_PENDING_APPROVAL,3,PROVISIONAL_AUTO,2,PROVISIONAL_AUTO,level_policy_v0.1,0,0
RULE_A,SC_V1969_B069_038,2902,사절단,4,L2,RULE_PROPOSED_PENDING_APPROVAL,3,PROVISIONAL_AUTO,2,PROVISIONAL_AUTO,level_policy_v0.1,0,0
RULE_A,SC_V1969_B069_040,2903,사정사정하다,4,L2,RULE_PROPOSED_PENDING_APPROVAL,3,PROVISIONAL_AUTO,2,PROVISIONAL_AUTO,level_policy_v0.1,0,0
RULE_A,SC_V1969_B069_045,2908,사진틀,4,L2,RULE_PROPOSED_PENDING_APPROVAL,3,PROVISIONAL_AUTO,2,PROVISIONAL_AUTO,level_policy_v0.1,0,0
RULE_A,SC_V1969_B069_047,2910,사포질,4,L2,RULE_PROPOSED_PENDING_APPROVAL,3,PROVISIONAL_AUTO,2,PROVISIONAL_AUTO,level_policy_v0.1,0,0
RULE_A,SC_V1970_B070_031,2939,산해진미,4,L2,RULE_PROPOSED_PENDING_APPROVAL,3,PROVISIONAL_AUTO,2,PROVISIONAL_AUTO,level_policy_v0.1,0,0
RULE_A,SC_V1970_B070_036,2944,살균,4,L2,RULE_PROPOSED_PENDING_APPROVAL,3,PROVISIONAL_AUTO,2,PROVISIONAL_AUTO,level_policy_v0.1,0,0
RULE_A,SC_V1970_B070_039,2947,살래살래,4,L2,RULE_PROPOSED_PENDING_APPROVAL,3,PROVISIONAL_AUTO,2,PROVISIONAL_AUTO,level_policy_v0.1,0,0
RULE_A,SC_V1971_B071_001,2953,삼각대,4,L2,RULE_PROPOSED_PENDING_APPROVAL,3,PROVISIONAL_AUTO,2,PROVISIONAL_AUTO,level_policy_v0.1,0,0
RULE_A,SC_V1971_B071_007,2957,삼림,4,L2,RULE_PROPOSED_PENDING_APPROVAL,3,PROVISIONAL_AUTO,2,PROVISIONAL_AUTO,level_policy_v0.1,0,0
RULE_A,SC_V1971_B071_018,2967,상담소,4,L2,RULE_PROPOSED_PENDING_APPROVAL,3,PROVISIONAL_AUTO,2,PROVISIONAL_AUTO,level_policy_v0.1,0,0
RULE_A,SC_V1971_B071_022,2970,상반기,4,L2,RULE_PROPOSED_PENDING_APPROVAL,3,PROVISIONAL_AUTO,2,PROVISIONAL_AUTO,level_policy_v0.1,0,0
RULE_A,SC_V1971_B071_024,2972,상부상조하다,4,L2,RULE_PROPOSED_PENDING_APPROVAL,3,PROVISIONAL_AUTO,2,PROVISIONAL_AUTO,level_policy_v0.1,0,0
RULE_A,SC_V1971_B071_028,2975,상수도,4,L2,RULE_PROPOSED_PENDING_APPROVAL,3,PROVISIONAL_AUTO,2,PROVISIONAL_AUTO,level_policy_v0.1,0,0
RULE_A,SC_V1971_B071_033,2979,상영되다,4,L2,RULE_PROPOSED_PENDING_APPROVAL,3,PROVISIONAL_AUTO,2,PROVISIONAL_AUTO,level_policy_v0.1,0,0
RULE_A,SC_V1971_B071_038,2984,상품성,4,L2,RULE_PROPOSED_PENDING_APPROVAL,3,REVIEW_BOUNDARY,2,REVIEW_BOUNDARY,level_policy_v0.1,0,0
RULE_A,SC_V1971_B071_039,2985,상품화,4,L2,RULE_PROPOSED_PENDING_APPROVAL,3,PROVISIONAL_AUTO,2,PROVISIONAL_AUTO,level_policy_v0.1,0,0
RULE_A,SC_V1971_B071_040,2986,상품화되다,4,L2,RULE_PROPOSED_PENDING_APPROVAL,3,PROVISIONAL_AUTO,2,PROVISIONAL_AUTO,level_policy_v0.1,0,0
RULE_A,SC_V1972_B072_002,2998,새우볶음,4,L2,RULE_PROPOSED_PENDING_APPROVAL,3,PROVISIONAL_AUTO,2,PROVISIONAL_AUTO,level_policy_v0.1,0,0
RULE_A,SC_V1972_B072_003,2999,새우젓,4,L2,RULE_PROPOSED_PENDING_APPROVAL,3,PROVISIONAL_AUTO,2,PROVISIONAL_AUTO,level_policy_v0.1,0,0
RULE_A,SC_V1972_B072_013,3008,색출하다,4,L2,RULE_PROPOSED_PENDING_APPROVAL,3,PROVISIONAL_AUTO,2,PROVISIONAL_AUTO,level_policy_v0.1,0,0
RULE_A,SC_V1972_B072_020,3015,생강차,4,L2,RULE_PROPOSED_PENDING_APPROVAL,3,PROVISIONAL_AUTO,2,PROVISIONAL_AUTO,level_policy_v0.1,0,0
RULE_A,SC_V1972_B072_025,3020,생긋,4,L2,RULE_PROPOSED_PENDING_APPROVAL,3,PROVISIONAL_AUTO,2,PROVISIONAL_AUTO,level_policy_v0.1,0,0
RULE_A,SC_V1972_B072_028,3023,생리대,4,L2,RULE_PROPOSED_PENDING_APPROVAL,3,PROVISIONAL_AUTO,2,PROVISIONAL_AUTO,level_policy_v0.1,0,0
RULE_A,SC_V1972_B072_038,3031,생산지,4,L2,RULE_PROPOSED_PENDING_APPROVAL,3,PROVISIONAL_AUTO,2,PROVISIONAL_AUTO,level_policy_v0.1,0,0
RULE_A,SC_V1972_B072_041,3034,생선회,4,L2,RULE_PROPOSED_PENDING_APPROVAL,3,PROVISIONAL_AUTO,2,PROVISIONAL_AUTO,level_policy_v0.1,0,0
RULE_A,SC_V1972_B072_043,3036,생이별,4,L2,RULE_PROPOSED_PENDING_APPROVAL,3,PROVISIONAL_AUTO,2,PROVISIONAL_AUTO,level_policy_v0.1,0,0
RULE_A,SC_V1972_B072_045,3038,생일잔치하다,4,L2,RULE_PROPOSED_PENDING_APPROVAL,3,PROVISIONAL_AUTO,2,PROVISIONAL_AUTO,level_policy_v0.1,0,0
RULE_A,SC_V1972_B072_049,3041,생지옥,4,L2,RULE_PROPOSED_PENDING_APPROVAL,3,PROVISIONAL_AUTO,2,PROVISIONAL_AUTO,level_policy_v0.1,0,0
RULE_A,SC_V1972_B072_050,3042,생채기,4,L2,RULE_PROPOSED_PENDING_APPROVAL,3,PROVISIONAL_AUTO,2,PROVISIONAL_AUTO,level_policy_v0.1,0,0
RULE_A,SC_V1973_B073_003,3045,생활고,4,L2,RULE_PROPOSED_PENDING_APPROVAL,3,PROVISIONAL_AUTO,2,PROVISIONAL_AUTO,level_policy_v0.1,0,0
RULE_A,SC_V1973_B073_006,3048,생활필수품,4,L2,RULE_PROPOSED_PENDING_APPROVAL,3,PROVISIONAL_AUTO,2,PROVISIONAL_AUTO,level_policy_v0.1,0,0
RULE_A,SC_V1973_B073_007,3049,생활화,4,L2,RULE_PROPOSED_PENDING_APPROVAL,3,PROVISIONAL_AUTO,2,PROVISIONAL_AUTO,level_policy_v0.1,0,0
RULE_A,SC_V1973_B073_008,3050,생활화되다,4,L2,RULE_PROPOSED_PENDING_APPROVAL,3,PROVISIONAL_AUTO,2,PROVISIONAL_AUTO,level_policy_v0.1,0,0
RULE_A,SC_V1973_B073_009,3051,생활화하다,4,L2,RULE_PROPOSED_PENDING_APPROVAL,3,PROVISIONAL_AUTO,2,PROVISIONAL_AUTO,level_policy_v0.1,0,0
RULE_A,SC_V1973_B073_010,3052,샤쓰,4,L2,RULE_PROPOSED_PENDING_APPROVAL,3,PROVISIONAL_AUTO,2,PROVISIONAL_AUTO,level_policy_v0.1,0,0
RULE_A,SC_V1973_B073_012,3054,샤프펜슬,4,L2,RULE_PROPOSED_PENDING_APPROVAL,3,PROVISIONAL_AUTO,2,PROVISIONAL_AUTO,level_policy_v0.1,0,0
RULE_A,SC_V1973_B073_034,3073,서예가,4,L2,RULE_PROPOSED_PENDING_APPROVAL,3,PROVISIONAL_AUTO,2,PROVISIONAL_AUTO,level_policy_v0.1,0,0
RULE_A,SC_V1973_B073_036,3075,서책,4,L2,RULE_PROPOSED_PENDING_APPROVAL,3,PROVISIONAL_AUTO,2,PROVISIONAL_AUTO,level_policy_v0.1,0,0
RULE_A,SC_V1973_B073_038,3077,서클,4,L2,RULE_PROPOSED_PENDING_APPROVAL,3,REVIEW_BOUNDARY,2,REVIEW_BOUNDARY,level_policy_v0.1,0,0
RULE_A,SC_V1973_B073_044,3081,석빙고,4,L2,RULE_PROPOSED_PENDING_APPROVAL,3,PROVISIONAL_AUTO,2,PROVISIONAL_AUTO,level_policy_v0.1,0,0
RULE_A,SC_V1974_B074_001,3082,선명히,4,L2,RULE_PROPOSED_PENDING_APPROVAL,3,PROVISIONAL_AUTO,2,PROVISIONAL_AUTO,level_policy_v0.1,0,0
RULE_A,SC_V1974_B074_008,3089,선임되다,4,L2,RULE_PROPOSED_PENDING_APPROVAL,3,PROVISIONAL_AUTO,2,PROVISIONAL_AUTO,level_policy_v0.1,0,0
RULE_A,SC_V1974_B074_009,3090,선입견,4,L2,RULE_PROPOSED_PENDING_APPROVAL,3,PROVISIONAL_AUTO,2,PROVISIONAL_AUTO,level_policy_v0.1,0,0
RULE_A,SC_V1974_B074_010,3091,선전탑,4,L2,RULE_PROPOSED_PENDING_APPROVAL,3,PROVISIONAL_AUTO,2,PROVISIONAL_AUTO,level_policy_v0.1,0,0
RULE_A,SC_V1974_B074_018,3099,선호도,4,L2,RULE_PROPOSED_PENDING_APPROVAL,3,PROVISIONAL_AUTO,2,PROVISIONAL_AUTO,level_policy_v0.1,0,0
RULE_A,SC_V1974_B074_024,3105,설립되다,4,L2,RULE_PROPOSED_PENDING_APPROVAL,3,PROVISIONAL_AUTO,2,PROVISIONAL_AUTO,level_policy_v0.1,0,0
RULE_A,SC_V1974_B074_027,3108,설문지,4,L2,RULE_PROPOSED_PENDING_APPROVAL,3,PROVISIONAL_AUTO,2,PROVISIONAL_AUTO,level_policy_v0.1,0,0
RULE_A,SC_V1974_B074_028,3109,설빔,4,L2,RULE_PROPOSED_PENDING_APPROVAL,3,PROVISIONAL_AUTO,2,PROVISIONAL_AUTO,level_policy_v0.1,0,0
RULE_A,SC_V1974_B074_029,3110,설상가상,4,L2,RULE_PROPOSED_PENDING_APPROVAL,3,PROVISIONAL_AUTO,2,PROVISIONAL_AUTO,level_policy_v0.1,0,0
RULE_A,SC_V1974_B074_044,3123,성명서,4,L2,RULE_PROPOSED_PENDING_APPROVAL,3,PROVISIONAL_AUTO,2,PROVISIONAL_AUTO,level_policy_v0.1,0,0
RULE_A,SC_V1975_B075_002,3129,성취도,4,L2,RULE_PROPOSED_PENDING_APPROVAL,3,PROVISIONAL_AUTO,2,PROVISIONAL_AUTO,level_policy_v0.1,0,0
RULE_A,SC_V1975_B075_006,3132,성평등,4,L2,RULE_PROPOSED_PENDING_APPROVAL,3,REVIEW_BOUNDARY,2,REVIEW_BOUNDARY,level_policy_v0.1,0,0
RULE_A,SC_V1975_B075_011,3134,세계화하다,4,L2,RULE_PROPOSED_PENDING_APPROVAL,3,PROVISIONAL_AUTO,2,PROVISIONAL_AUTO,level_policy_v0.1,0,0
RULE_A,SC_V1975_B075_027,3150,세정제,4,L2,RULE_PROPOSED_PENDING_APPROVAL,3,REVIEW_BOUNDARY,2,REVIEW_BOUNDARY,level_policy_v0.1,0,0
RULE_A,SC_V1975_B075_031,3154,세트장,4,L2,RULE_PROPOSED_PENDING_APPROVAL,3,PROVISIONAL_AUTO,2,PROVISIONAL_AUTO,level_policy_v0.1,0,0
RULE_A,SC_V1975_B075_038,3161,소각장,4,L2,RULE_PROPOSED_PENDING_APPROVAL,3,PROVISIONAL_AUTO,2,PROVISIONAL_AUTO,level_policy_v0.1,0,0
RULE_A,SC_V1975_B075_040,3163,소개업,4,L2,RULE_PROPOSED_PENDING_APPROVAL,3,PROVISIONAL_AUTO,2,PROVISIONAL_AUTO,level_policy_v0.1,0,0
RULE_A,SC_V1975_B075_041,3164,소곤거리다,4,L2,RULE_PROPOSED_PENDING_APPROVAL,3,PROVISIONAL_AUTO,2,PROVISIONAL_AUTO,level_policy_v0.1,0,0
RULE_A,SC_V1975_B075_046,3168,소낙비,4,L2,RULE_PROPOSED_PENDING_APPROVAL,3,PROVISIONAL_AUTO,2,PROVISIONAL_AUTO,level_policy_v0.1,0,0
RULE_A,SC_V1976_B076_012,3181,소스라치다,4,L2,RULE_PROPOSED_PENDING_APPROVAL,3,PROVISIONAL_AUTO,2,PROVISIONAL_AUTO,level_policy_v0.1,0,0
RULE_A,SC_V1976_B076_015,3184,소신껏,4,L2,RULE_PROPOSED_PENDING_APPROVAL,3,PROVISIONAL_AUTO,2,PROVISIONAL_AUTO,level_policy_v0.1,0,0
RULE_A,SC_V1976_B076_025,3191,소작인,4,L2,RULE_PROPOSED_PENDING_APPROVAL,3,PROVISIONAL_AUTO,2,PROVISIONAL_AUTO,level_policy_v0.1,0,0
RULE_A,SC_V1976_B076_037,3202,속내,4,L2,RULE_PROPOSED_PENDING_APPROVAL,3,PROVISIONAL_AUTO,2,PROVISIONAL_AUTO,level_policy_v0.1,0,0
RULE_A,SC_V1976_B076_039,3204,속닥속닥,4,L2,RULE_PROPOSED_PENDING_APPROVAL,3,PROVISIONAL_AUTO,2,PROVISIONAL_AUTO,level_policy_v0.1,0,0
RULE_A,SC_V1976_B076_042,3207,속수무책,4,L2,RULE_PROPOSED_PENDING_APPROVAL,3,PROVISIONAL_AUTO,2,PROVISIONAL_AUTO,level_policy_v0.1,0,0
RULE_A,SC_V1976_B076_044,3209,속치마,4,L2,RULE_PROPOSED_PENDING_APPROVAL,3,PROVISIONAL_AUTO,2,PROVISIONAL_AUTO,level_policy_v0.1,0,0
RULE_A,SC_V1976_B076_045,3210,솎다,4,L2,RULE_PROPOSED_PENDING_APPROVAL,3,PROVISIONAL_AUTO,2,PROVISIONAL_AUTO,level_policy_v0.1,0,0
RULE_A,SC_V1977_B077_001,3216,손날,4,L2,RULE_PROPOSED_PENDING_APPROVAL,3,PROVISIONAL_AUTO,2,PROVISIONAL_AUTO,level_policy_v0.1,0,0
RULE_A,SC_V1977_B077_005,3220,손도장,4,L2,RULE_PROPOSED_PENDING_APPROVAL,3,PROVISIONAL_AUTO,2,PROVISIONAL_AUTO,level_policy_v0.1,0,0
RULE_A,SC_V1977_B077_007,3222,손바느질,4,L2,RULE_PROPOSED_PENDING_APPROVAL,3,PROVISIONAL_AUTO,2,PROVISIONAL_AUTO,level_policy_v0.1,0,0
RULE_A,SC_V1977_B077_008,3223,손빨래,4,L2,RULE_PROPOSED_PENDING_APPROVAL,3,PROVISIONAL_AUTO,2,PROVISIONAL_AUTO,level_policy_v0.1,0,0
RULE_A,SC_V1977_B077_009,3224,손사래,4,L2,RULE_PROPOSED_PENDING_APPROVAL,3,PROVISIONAL_AUTO,2,PROVISIONAL_AUTO,level_policy_v0.1,0,0
RULE_A,SC_V1977_B077_014,3229,손아랫사람,4,L2,RULE_PROPOSED_PENDING_APPROVAL,3,PROVISIONAL_AUTO,2,PROVISIONAL_AUTO,level_policy_v0.1,0,0
RULE_A,SC_V1977_B077_015,3230,손윗사람,4,L2,RULE_PROPOSED_PENDING_APPROVAL,3,PROVISIONAL_AUTO,2,PROVISIONAL_AUTO,level_policy_v0.1,0,0
RULE_A,SC_V1977_B077_022,3237,솔선수범하다,4,L2,RULE_PROPOSED_PENDING_APPROVAL,3,PROVISIONAL_AUTO,2,PROVISIONAL_AUTO,level_policy_v0.1,0,0
RULE_A,SC_V1977_B077_029,3244,송골송골,4,L2,RULE_PROPOSED_PENDING_APPROVAL,3,PROVISIONAL_AUTO,2,PROVISIONAL_AUTO,level_policy_v0.1,0,0
RULE_A,SC_V1977_B077_032,3247,송구스럽다,4,L2,RULE_PROPOSED_PENDING_APPROVAL,3,PROVISIONAL_AUTO,2,PROVISIONAL_AUTO,level_policy_v0.1,0,0
RULE_A,SC_V1977_B077_037,3252,송유관,4,L2,RULE_PROPOSED_PENDING_APPROVAL,3,PROVISIONAL_AUTO,2,PROVISIONAL_AUTO,level_policy_v0.1,0,0
RULE_A,SC_V1977_B077_040,3255,송진,4,L2,RULE_PROPOSED_PENDING_APPROVAL,3,PROVISIONAL_AUTO,2,PROVISIONAL_AUTO,level_policy_v0.1,0,0
RULE_A,SC_V1977_B077_041,3256,쇠고리,4,L2,RULE_PROPOSED_PENDING_APPROVAL,3,PROVISIONAL_AUTO,2,PROVISIONAL_AUTO,level_policy_v0.1,0,0
RULE_A,SC_V1977_B077_042,3257,쇠기름,4,L2,RULE_PROPOSED_PENDING_APPROVAL,3,PROVISIONAL_AUTO,2,PROVISIONAL_AUTO,level_policy_v0.1,0,0
RULE_A,SC_V1977_B077_048,3261,쇠죽,4,L2,RULE_PROPOSED_PENDING_APPROVAL,3,PROVISIONAL_AUTO,2,PROVISIONAL_AUTO,level_policy_v0.1,0,0
RULE_A,SC_V1978_B078_002,3265,쇠퇴,4,L2,RULE_PROPOSED_PENDING_APPROVAL,3,PROVISIONAL_AUTO,2,PROVISIONAL_AUTO,level_policy_v0.1,0,0
RULE_A,SC_V1978_B078_003,3266,쇠퇴하다,4,L2,RULE_PROPOSED_PENDING_APPROVAL,3,PROVISIONAL_AUTO,2,PROVISIONAL_AUTO,level_policy_v0.1,0,0
RULE_A,SC_V1978_B078_005,3268,쇼핑몰,4,L2,RULE_PROPOSED_PENDING_APPROVAL,3,PROVISIONAL_AUTO,2,PROVISIONAL_AUTO,level_policy_v0.1,0,0
RULE_A,SC_V1978_B078_009,3272,수공업,4,L2,RULE_PROPOSED_PENDING_APPROVAL,3,PROVISIONAL_AUTO,2,PROVISIONAL_AUTO,level_policy_v0.1,0,0
RULE_A,SC_V1978_B078_024,3284,수료증,4,L2,RULE_PROPOSED_PENDING_APPROVAL,3,PROVISIONAL_AUTO,2,PROVISIONAL_AUTO,level_policy_v0.1,0,0
RULE_A,SC_V1978_B078_027,3286,수리공,4,L2,RULE_PROPOSED_PENDING_APPROVAL,3,PROVISIONAL_AUTO,2,PROVISIONAL_AUTO,level_policy_v0.1,0,0
RULE_A,SC_V1978_B078_029,3288,수리소,4,L2,RULE_PROPOSED_PENDING_APPROVAL,3,PROVISIONAL_AUTO,2,PROVISIONAL_AUTO,level_policy_v0.1,0,0
RULE_A,SC_V1978_B078_039,3294,수산업,4,L2,RULE_PROPOSED_PENDING_APPROVAL,3,PROVISIONAL_AUTO,2,PROVISIONAL_AUTO,level_policy_v0.1,0,0
RULE_A,SC_V1978_B078_040,3295,수산업자,4,L2,RULE_PROPOSED_PENDING_APPROVAL,3,PROVISIONAL_AUTO,2,PROVISIONAL_AUTO,level_policy_v0.1,0,0
RULE_A,SC_V1978_B078_045,3298,수세식,4,L2,RULE_PROPOSED_PENDING_APPROVAL,3,REVIEW_BOUNDARY,2,REVIEW_BOUNDARY,level_policy_v0.1,0,0
RULE_A,SC_V1978_B078_046,3299,수소문하다,4,L2,RULE_PROPOSED_PENDING_APPROVAL,3,PROVISIONAL_AUTO,2,PROVISIONAL_AUTO,level_policy_v0.1,0,0
RULE_A,SC_V1978_B078_047,3300,수송,4,L2,RULE_PROPOSED_PENDING_APPROVAL,3,PROVISIONAL_AUTO,2,PROVISIONAL_AUTO,level_policy_v0.1,0,0
RULE_A,SC_V1978_B078_048,3301,수송하다,4,L2,RULE_PROPOSED_PENDING_APPROVAL,3,PROVISIONAL_AUTO,2,PROVISIONAL_AUTO,level_policy_v0.1,0,0
RULE_A,SC_V1979_B079_002,3303,수신자,4,L2,RULE_PROPOSED_PENDING_APPROVAL,3,PROVISIONAL_AUTO,2,PROVISIONAL_AUTO,level_policy_v0.1,0,0
RULE_A,SC_V1979_B079_013,3311,수정과,4,L2,RULE_PROPOSED_PENDING_APPROVAL,3,PROVISIONAL_AUTO,2,PROVISIONAL_AUTO,level_policy_v0.1,0,0
RULE_A,SC_V1979_B079_014,3312,수정테이프,4,L2,RULE_PROPOSED_PENDING_APPROVAL,3,PROVISIONAL_AUTO,2,PROVISIONAL_AUTO,level_policy_v0.1,0,0
RULE_A,SC_V1979_B079_015,3313,수줍다,4,L2,RULE_PROPOSED_PENDING_APPROVAL,3,PROVISIONAL_AUTO,2,PROVISIONAL_AUTO,level_policy_v0.1,0,0
RULE_A,SC_V1979_B079_016,3314,수줍어하다,4,L2,RULE_PROPOSED_PENDING_APPROVAL,3,PROVISIONAL_AUTO,2,PROVISIONAL_AUTO,level_policy_v0.1,0,0
RULE_A,SC_V1979_B079_018,3316,수집상,4,L2,RULE_PROPOSED_PENDING_APPROVAL,3,PROVISIONAL_AUTO,2,PROVISIONAL_AUTO,level_policy_v0.1,0,0
RULE_A,SC_V1979_B079_022,3320,수출되다,4,L2,RULE_PROPOSED_PENDING_APPROVAL,3,PROVISIONAL_AUTO,2,PROVISIONAL_AUTO,level_policy_v0.1,0,0
RULE_A,SC_V1979_B079_027,3325,수치스럽다,4,L2,RULE_PROPOSED_PENDING_APPROVAL,3,PROVISIONAL_AUTO,2,PROVISIONAL_AUTO,level_policy_v0.1,0,0
RULE_A,SC_V1979_B079_032,3329,수행원,4,L2,RULE_PROPOSED_PENDING_APPROVAL,3,PROVISIONAL_AUTO,2,PROVISIONAL_AUTO,level_policy_v0.1,0,0
RULE_A,SC_V1979_B079_035,3331,수화기,4,L2,RULE_PROPOSED_PENDING_APPROVAL,3,PROVISIONAL_AUTO,2,PROVISIONAL_AUTO,level_policy_v0.1,0,0
RULE_A,SC_V1979_B079_042,3337,순박하다,4,L2,RULE_PROPOSED_PENDING_APPROVAL,3,PROVISIONAL_AUTO,2,PROVISIONAL_AUTO,level_policy_v0.1,0,0
RULE_A,SC_V1979_B079_043,3338,순이익,4,L2,RULE_PROPOSED_PENDING_APPROVAL,3,PROVISIONAL_AUTO,2,PROVISIONAL_AUTO,level_policy_v0.1,0,0
RULE_A,SC_V1979_B079_047,3342,순찰대,4,L2,RULE_PROPOSED_PENDING_APPROVAL,3,PROVISIONAL_AUTO,2,PROVISIONAL_AUTO,level_policy_v0.1,0,0
RULE_A,SC_V1980_B080_002,3345,술렁거리다,4,L2,RULE_PROPOSED_PENDING_APPROVAL,3,PROVISIONAL_AUTO,2,PROVISIONAL_AUTO,level_policy_v0.1,0,0
RULE_A,SC_V1980_B080_012,3352,숫돌,4,L2,RULE_PROPOSED_PENDING_APPROVAL,3,PROVISIONAL_AUTO,2,PROVISIONAL_AUTO,level_policy_v0.1,0,0
RULE_A,SC_V1980_B080_015,3354,쉬쉬하다,4,L2,RULE_PROPOSED_PENDING_APPROVAL,3,PROVISIONAL_AUTO,2,PROVISIONAL_AUTO,level_policy_v0.1,0,0
RULE_A,SC_V1980_B080_022,3361,스카치테이프,4,L2,RULE_PROPOSED_PENDING_APPROVAL,3,PROVISIONAL_AUTO,2,PROVISIONAL_AUTO,level_policy_v0.1,0,0
RULE_A,SC_V1980_B080_024,3363,스캔들,4,L2,RULE_PROPOSED_PENDING_APPROVAL,3,PROVISIONAL_AUTO,2,PROVISIONAL_AUTO,level_policy_v0.1,0,0
RULE_A,SC_V1980_B080_026,3365,스크랩북,4,L2,RULE_PROPOSED_PENDING_APPROVAL,3,PROVISIONAL_AUTO,2,PROVISIONAL_AUTO,level_policy_v0.1,0,0
RULE_A,SC_V1980_B080_028,3367,스테인리스,4,L2,RULE_PROPOSED_PENDING_APPROVAL,3,PROVISIONAL_AUTO,2,PROVISIONAL_AUTO,level_policy_v0.1,0,0
RULE_A,SC_V1980_B080_030,3368,스트레칭,4,L2,RULE_PROPOSED_PENDING_APPROVAL,3,PROVISIONAL_AUTO,2,PROVISIONAL_AUTO,level_policy_v0.1,0,0
RULE_A,SC_V1980_B080_031,3369,스팀,4,L2,RULE_PROPOSED_PENDING_APPROVAL,3,PROVISIONAL_AUTO,2,PROVISIONAL_AUTO,level_policy_v0.1,0,0
RULE_A,SC_V1980_B080_035,3373,스포츠맨,4,L2,RULE_PROPOSED_PENDING_APPROVAL,3,PROVISIONAL_AUTO,2,PROVISIONAL_AUTO,level_policy_v0.1,0,0
RULE_A,SC_V1980_B080_042,3378,습관화하다,4,L2,RULE_PROPOSED_PENDING_APPROVAL,3,PROVISIONAL_AUTO,2,PROVISIONAL_AUTO,level_policy_v0.1,0,0
RULE_A,SC_V1980_B080_044,3380,승강기,4,L2,RULE_PROPOSED_PENDING_APPROVAL,3,PROVISIONAL_AUTO,2,PROVISIONAL_AUTO,level_policy_v0.1,0,0
RULE_A,SC_V1980_B080_049,3385,승차권,4,L2,RULE_PROPOSED_PENDING_APPROVAL,3,PROVISIONAL_AUTO,2,PROVISIONAL_AUTO,level_policy_v0.1,0,0
RULE_A,SC_V1981_B081_010,3396,시끌벅적,4,L2,RULE_PROPOSED_PENDING_APPROVAL,3,PROVISIONAL_AUTO,2,PROVISIONAL_AUTO,level_policy_v0.1,0,0
RULE_A,SC_V1981_B081_019,3405,시상대,4,L2,RULE_PROPOSED_PENDING_APPROVAL,3,PROVISIONAL_AUTO,2,PROVISIONAL_AUTO,level_policy_v0.1,0,0
RULE_A,SC_V1981_B081_025,3411,시아주버니,4,L2,RULE_PROPOSED_PENDING_APPROVAL,3,PROVISIONAL_AUTO,2,PROVISIONAL_AUTO,level_policy_v0.1,0,0
RULE_A,SC_V1981_B081_029,3415,시중들다,4,L2,RULE_PROPOSED_PENDING_APPROVAL,3,PROVISIONAL_AUTO,2,PROVISIONAL_AUTO,level_policy_v0.1,0,0
RULE_A,SC_V1981_B081_030,3416,시즌,4,L2,RULE_PROPOSED_PENDING_APPROVAL,3,PROVISIONAL_AUTO,2,PROVISIONAL_AUTO,level_policy_v0.1,0,0
RULE_A,SC_V1981_B081_033,3417,시청각,4,L2,RULE_PROPOSED_PENDING_APPROVAL,3,PROVISIONAL_AUTO,2,PROVISIONAL_AUTO,level_policy_v0.1,0,0
RULE_A,SC_V1981_B081_034,3418,시청료,4,L2,RULE_PROPOSED_PENDING_APPROVAL,3,PROVISIONAL_AUTO,2,PROVISIONAL_AUTO,level_policy_v0.1,0,0
RULE_A,SC_V1981_B081_035,3419,시청률,4,L2,RULE_PROPOSED_PENDING_APPROVAL,3,REVIEW_BOUNDARY,2,REVIEW_BOUNDARY,level_policy_v0.1,0,0
RULE_A,SC_V1981_B081_036,3420,시침질,4,L2,RULE_PROPOSED_PENDING_APPROVAL,3,PROVISIONAL_AUTO,2,PROVISIONAL_AUTO,level_policy_v0.1,0,0
RULE_A,SC_V1981_B081_037,3421,시침질하다,4,L2,RULE_PROPOSED_PENDING_APPROVAL,3,PROVISIONAL_AUTO,2,PROVISIONAL_AUTO,level_policy_v0.1,0,0
RULE_A,SC_V1981_B081_046,3428,식단표,4,L2,RULE_PROPOSED_PENDING_APPROVAL,3,PROVISIONAL_AUTO,2,PROVISIONAL_AUTO,level_policy_v0.1,0,0
RULE_A,SC_V1982_B082_004,3436,식습관,4,L2,RULE_PROPOSED_PENDING_APPROVAL,3,PROVISIONAL_AUTO,2,PROVISIONAL_AUTO,level_policy_v0.1,0,0
RULE_A,SC_V1982_B082_018,3446,신비감,4,L2,RULE_PROPOSED_PENDING_APPROVAL,3,REVIEW_BOUNDARY,2,REVIEW_BOUNDARY,level_policy_v0.1,0,0
RULE_A,SC_V1982_B082_019,3447,신비스럽다,4,L2,RULE_PROPOSED_PENDING_APPROVAL,3,REVIEW_BOUNDARY,2,REVIEW_BOUNDARY,level_policy_v0.1,0,0
RULE_A,SC_V1982_B082_020,3448,신빙성,4,L2,RULE_PROPOSED_PENDING_APPROVAL,3,REVIEW_BOUNDARY,2,REVIEW_BOUNDARY,level_policy_v0.1,0,0
RULE_A,SC_V1982_B082_023,3450,신소재,4,L2,RULE_PROPOSED_PENDING_APPROVAL,3,REVIEW_BOUNDARY,2,REVIEW_BOUNDARY,level_policy_v0.1,0,0
RULE_A,SC_V1982_B082_030,3456,신청자,4,L2,RULE_PROPOSED_PENDING_APPROVAL,3,PROVISIONAL_AUTO,2,PROVISIONAL_AUTO,level_policy_v0.1,0,0
RULE_A,SC_V1982_B082_033,3458,신학문,4,L2,RULE_PROPOSED_PENDING_APPROVAL,3,PROVISIONAL_AUTO,2,PROVISIONAL_AUTO,level_policy_v0.1,0,0
RULE_A,SC_V1982_B082_035,3459,신호하다,4,L2,RULE_PROPOSED_PENDING_APPROVAL,3,PROVISIONAL_AUTO,2,PROVISIONAL_AUTO,level_policy_v0.1,0,0
RULE_A,SC_V1982_B082_042,3466,실뜨기,4,L2,RULE_PROPOSED_PENDING_APPROVAL,3,PROVISIONAL_AUTO,2,PROVISIONAL_AUTO,level_policy_v0.1,0,0
RULE_A,SC_V1982_B082_045,3469,실룩거리다,4,L2,RULE_PROPOSED_PENDING_APPROVAL,3,PROVISIONAL_AUTO,2,PROVISIONAL_AUTO,level_policy_v0.1,0,0
RULE_A,SC_V1983_B083_001,3475,실선,4,L2,RULE_PROPOSED_PENDING_APPROVAL,3,PROVISIONAL_AUTO,2,PROVISIONAL_AUTO,level_policy_v0.1,0,0
RULE_A,SC_V1983_B083_003,3476,실습생,4,L2,RULE_PROPOSED_PENDING_APPROVAL,3,PROVISIONAL_AUTO,2,PROVISIONAL_AUTO,level_policy_v0.1,0,0
RULE_A,SC_V1983_B083_005,3478,실습하다,4,L2,RULE_PROPOSED_PENDING_APPROVAL,3,PROVISIONAL_AUTO,2,PROVISIONAL_AUTO,level_policy_v0.1,0,0
RULE_A,SC_V1983_B083_007,3480,실업가,4,L2,RULE_PROPOSED_PENDING_APPROVAL,3,PROVISIONAL_AUTO,2,PROVISIONAL_AUTO,level_policy_v0.1,0,0
RULE_A,SC_V1983_B083_015,3488,실장,4,L2,RULE_PROPOSED_PENDING_APPROVAL,3,PROVISIONAL_AUTO,2,PROVISIONAL_AUTO,level_policy_v0.1,0,0
RULE_A,SC_V1983_B083_016,3489,실점,4,L2,RULE_PROPOSED_PENDING_APPROVAL,3,PROVISIONAL_AUTO,2,PROVISIONAL_AUTO,level_policy_v0.1,0,0
RULE_A,SC_V1983_B083_021,3494,실타래,4,L2,RULE_PROPOSED_PENDING_APPROVAL,3,PROVISIONAL_AUTO,2,PROVISIONAL_AUTO,level_policy_v0.1,0,0
RULE_A,SC_V1983_B083_022,3495,실톱,4,L2,RULE_PROPOSED_PENDING_APPROVAL,3,PROVISIONAL_AUTO,2,PROVISIONAL_AUTO,level_policy_v0.1,0,0
RULE_A,SC_V1983_B083_023,3496,실향민,4,L2,RULE_PROPOSED_PENDING_APPROVAL,3,PROVISIONAL_AUTO,2,PROVISIONAL_AUTO,level_policy_v0.1,0,0
RULE_A,SC_V1983_B083_037,3505,심호흡,4,L2,RULE_PROPOSED_PENDING_APPROVAL,3,PROVISIONAL_AUTO,2,PROVISIONAL_AUTO,level_policy_v0.1,0,0
RULE_A,SC_V1983_B083_042,3510,싱글거리다,4,L2,RULE_PROPOSED_PENDING_APPROVAL,3,PROVISIONAL_AUTO,2,PROVISIONAL_AUTO,level_policy_v0.1,0,0
RULE_A,SC_V1983_B083_044,3512,싱글싱글,4,L2,RULE_PROPOSED_PENDING_APPROVAL,3,PROVISIONAL_AUTO,2,PROVISIONAL_AUTO,level_policy_v0.1,0,0
RULE_A,SC_V1983_B083_045,3513,싱긋,4,L2,RULE_PROPOSED_PENDING_APPROVAL,3,PROVISIONAL_AUTO,2,PROVISIONAL_AUTO,level_policy_v0.1,0,0
RULE_A,SC_V1983_B083_046,3514,싱긋싱긋,4,L2,RULE_PROPOSED_PENDING_APPROVAL,3,PROVISIONAL_AUTO,2,PROVISIONAL_AUTO,level_policy_v0.1,0,0
RULE_A,SC_V1983_B083_047,3515,싱긋이,4,L2,RULE_PROPOSED_PENDING_APPROVAL,3,PROVISIONAL_AUTO,2,PROVISIONAL_AUTO,level_policy_v0.1,0,0
RULE_A,SC_V1984_B084_004,3520,쌀가게,4,L2,RULE_PROPOSED_PENDING_APPROVAL,3,PROVISIONAL_AUTO,2,PROVISIONAL_AUTO,level_policy_v0.1,0,0
RULE_A,SC_V1984_B084_012,3528,쌀집,4,L2,RULE_PROPOSED_PENDING_APPROVAL,3,PROVISIONAL_AUTO,2,PROVISIONAL_AUTO,level_policy_v0.1,0,0
RULE_A,SC_V1984_B084_014,3530,쌈밥,4,L2,RULE_PROPOSED_PENDING_APPROVAL,3,PROVISIONAL_AUTO,2,PROVISIONAL_AUTO,level_policy_v0.1,0,0
RULE_A,SC_V1984_B084_017,3533,쌍방,4,L2,RULE_PROPOSED_PENDING_APPROVAL,3,PROVISIONAL_AUTO,2,PROVISIONAL_AUTO,level_policy_v0.1,0,0
RULE_A,SC_V1984_B084_020,3536,쌍쌍이,4,L2,RULE_PROPOSED_PENDING_APPROVAL,3,PROVISIONAL_AUTO,2,PROVISIONAL_AUTO,level_policy_v0.1,0,0
RULE_A,SC_V1984_B084_029,3545,쑥덕거리다,4,L2,RULE_PROPOSED_PENDING_APPROVAL,3,PROVISIONAL_AUTO,2,PROVISIONAL_AUTO,level_policy_v0.1,0,0
RULE_A,SC_V1984_B084_031,3547,쓰개치마,4,L2,RULE_PROPOSED_PENDING_APPROVAL,3,PROVISIONAL_AUTO,2,PROVISIONAL_AUTO,level_policy_v0.1,0,0
RULE_A,SC_V1984_B084_050,3564,아랑곳하다,4,L2,RULE_PROPOSED_PENDING_APPROVAL,3,PROVISIONAL_AUTO,2,PROVISIONAL_AUTO,level_policy_v0.1,0,0
RULE_A,SC_V1985_B085_010,3573,아바마마,4,L2,RULE_PROPOSED_PENDING_APPROVAL,3,PROVISIONAL_AUTO,2,PROVISIONAL_AUTO,level_policy_v0.1,0,0
RULE_A,SC_V1985_B085_014,3577,아우성,4,L2,RULE_PROPOSED_PENDING_APPROVAL,3,PROVISIONAL_AUTO,2,PROVISIONAL_AUTO,level_policy_v0.1,0,0
RULE_A,SC_V1985_B085_016,3579,아이스케이크,4,L2,RULE_PROPOSED_PENDING_APPROVAL,3,PROVISIONAL_AUTO,2,PROVISIONAL_AUTO,level_policy_v0.1,0,0
RULE_A,SC_V1985_B085_018,3581,아작아작,4,L2,RULE_PROPOSED_PENDING_APPROVAL,3,PROVISIONAL_AUTO,2,PROVISIONAL_AUTO,level_policy_v0.1,0,0
RULE_A,SC_V1985_B085_019,3582,아주버니,4,L2,RULE_PROPOSED_PENDING_APPROVAL,3,PROVISIONAL_AUTO,2,PROVISIONAL_AUTO,level_policy_v0.1,0,0
RULE_A,SC_V1985_B085_021,3584,아첨,4,L2,RULE_PROPOSED_PENDING_APPROVAL,3,PROVISIONAL_AUTO,2,PROVISIONAL_AUTO,level_policy_v0.1,0,0
RULE_A,SC_V1985_B085_022,3585,아첨하다,4,L2,RULE_PROPOSED_PENDING_APPROVAL,3,PROVISIONAL_AUTO,2,PROVISIONAL_AUTO,level_policy_v0.1,0,0
RULE_A,SC_V1985_B085_027,3590,악독하다,4,L2,RULE_PROPOSED_PENDING_APPROVAL,3,PROVISIONAL_AUTO,2,PROVISIONAL_AUTO,level_policy_v0.1,0,0
RULE_A,SC_V1985_B085_032,3593,악착스럽다,4,L2,RULE_PROPOSED_PENDING_APPROVAL,3,PROVISIONAL_AUTO,2,PROVISIONAL_AUTO,level_policy_v0.1,0,0
RULE_A,SC_V1985_B085_035,3596,안개비,4,L2,RULE_PROPOSED_PENDING_APPROVAL,3,PROVISIONAL_AUTO,2,PROVISIONAL_AUTO,level_policy_v0.1,0,0
RULE_A,SC_V1985_B085_043,3604,안내소,4,L2,RULE_PROPOSED_PENDING_APPROVAL,3,PROVISIONAL_AUTO,2,PROVISIONAL_AUTO,level_policy_v0.1,0,0
RULE_A,SC_V1985_B085_048,3609,안락의자,4,L2,RULE_PROPOSED_PENDING_APPROVAL,3,PROVISIONAL_AUTO,2,PROVISIONAL_AUTO,level_policy_v0.1,0,0
RULE_A,SC_V1986_B086_004,3614,안전모,4,L2,RULE_PROPOSED_PENDING_APPROVAL,3,PROVISIONAL_AUTO,2,PROVISIONAL_AUTO,level_policy_v0.1,0,0
RULE_A,SC_V1986_B086_008,3617,앉은키,4,L2,RULE_PROPOSED_PENDING_APPROVAL,3,PROVISIONAL_AUTO,2,PROVISIONAL_AUTO,level_policy_v0.1,0,0
RULE_A,SC_V1986_B086_016,3625,알코올램프,4,L2,RULE_PROPOSED_PENDING_APPROVAL,3,PROVISIONAL_AUTO,2,PROVISIONAL_AUTO,level_policy_v0.1,0,0
RULE_A,SC_V1986_B086_023,3631,암산하다,4,L2,RULE_PROPOSED_PENDING_APPROVAL,3,PROVISIONAL_AUTO,2,PROVISIONAL_AUTO,level_policy_v0.1,0,0
RULE_A,SC_V1986_B086_030,3638,압도하다,4,L2,RULE_PROPOSED_PENDING_APPROVAL,3,PROVISIONAL_AUTO,2,PROVISIONAL_AUTO,level_policy_v0.1,0,0
RULE_A,SC_V1986_B086_031,3639,압박감,4,L2,RULE_PROPOSED_PENDING_APPROVAL,3,PROVISIONAL_AUTO,2,PROVISIONAL_AUTO,level_policy_v0.1,0,0
RULE_A,SC_V1986_B086_032,3640,압핀,4,L2,RULE_PROPOSED_PENDING_APPROVAL,3,PROVISIONAL_AUTO,2,PROVISIONAL_AUTO,level_policy_v0.1,0,0
RULE_A,SC_V1986_B086_033,3641,앙갚음,4,L2,RULE_PROPOSED_PENDING_APPROVAL,3,PROVISIONAL_AUTO,2,PROVISIONAL_AUTO,level_policy_v0.1,0,0
RULE_A,SC_V1986_B086_034,3642,앙증맞다,4,L2,RULE_PROPOSED_PENDING_APPROVAL,3,PROVISIONAL_AUTO,2,PROVISIONAL_AUTO,level_policy_v0.1,0,0
RULE_A,SC_V1986_B086_042,3650,애걸복걸하다,4,L2,RULE_PROPOSED_PENDING_APPROVAL,3,PROVISIONAL_AUTO,2,PROVISIONAL_AUTO,level_policy_v0.1,0,0
RULE_A,SC_V1986_B086_043,3651,애걸하다,4,L2,RULE_PROPOSED_PENDING_APPROVAL,3,PROVISIONAL_AUTO,2,PROVISIONAL_AUTO,level_policy_v0.1,0,0
RULE_A,SC_V1986_B086_049,3656,애당초,4,L2,RULE_PROPOSED_PENDING_APPROVAL,3,PROVISIONAL_AUTO,2,PROVISIONAL_AUTO,level_policy_v0.1,0,0
RULE_A,SC_V1987_B087_001,3657,애드벌룬,4,L2,RULE_PROPOSED_PENDING_APPROVAL,3,PROVISIONAL_AUTO,2,PROVISIONAL_AUTO,level_policy_v0.1,0,0
RULE_A,SC_V1987_B087_002,3658,애매모호하다,4,L2,RULE_PROPOSED_PENDING_APPROVAL,3,PROVISIONAL_AUTO,2,PROVISIONAL_AUTO,level_policy_v0.1,0,0
RULE_A,SC_V1987_B087_003,3659,애벌,4,L2,RULE_PROPOSED_PENDING_APPROVAL,3,PROVISIONAL_AUTO,2,PROVISIONAL_AUTO,level_policy_v0.1,0,0
RULE_A,SC_V1987_B087_004,3660,애완견,4,L2,RULE_PROPOSED_PENDING_APPROVAL,3,PROVISIONAL_AUTO,2,PROVISIONAL_AUTO,level_policy_v0.1,0,0
RULE_A,SC_V1987_B087_005,3661,애완용,4,L2,RULE_PROPOSED_PENDING_APPROVAL,3,PROVISIONAL_AUTO,2,PROVISIONAL_AUTO,level_policy_v0.1,0,0
RULE_A,SC_V1987_B087_009,3664,애칭,4,L2,RULE_PROPOSED_PENDING_APPROVAL,3,PROVISIONAL_AUTO,2,PROVISIONAL_AUTO,level_policy_v0.1,0,0
RULE_A,SC_V1987_B087_014,3669,앵앵거리다,4,L2,RULE_PROPOSED_PENDING_APPROVAL,3,PROVISIONAL_AUTO,2,PROVISIONAL_AUTO,level_policy_v0.1,0,0
RULE_A,SC_V1987_B087_015,3670,야광침,4,L2,RULE_PROPOSED_PENDING_APPROVAL,3,PROVISIONAL_AUTO,2,PROVISIONAL_AUTO,level_policy_v0.1,0,0
RULE_A,SC_V1987_B087_020,3675,야속하다,4,L2,RULE_PROPOSED_PENDING_APPROVAL,3,PROVISIONAL_AUTO,2,PROVISIONAL_AUTO,level_policy_v0.1,0,0
RULE_A,SC_V1987_B087_021,3676,야영장,4,L2,RULE_PROPOSED_PENDING_APPROVAL,3,PROVISIONAL_AUTO,2,PROVISIONAL_AUTO,level_policy_v0.1,0,0
RULE_A,SC_V1987_B087_022,3677,야영지,4,L2,RULE_PROPOSED_PENDING_APPROVAL,3,PROVISIONAL_AUTO,2,PROVISIONAL_AUTO,level_policy_v0.1,0,0
RULE_A,SC_V1987_B087_023,3678,야옹거리다,4,L2,RULE_PROPOSED_PENDING_APPROVAL,3,PROVISIONAL_AUTO,2,PROVISIONAL_AUTO,level_policy_v0.1,0,0
RULE_A,SC_V1987_B087_024,3679,야옹야옹하다,4,L2,RULE_PROPOSED_PENDING_APPROVAL,3,PROVISIONAL_AUTO,2,PROVISIONAL_AUTO,level_policy_v0.1,0,0
RULE_A,SC_V1987_B087_027,3682,야자열매,4,L2,RULE_PROPOSED_PENDING_APPROVAL,3,PROVISIONAL_AUTO,2,PROVISIONAL_AUTO,level_policy_v0.1,0,0
RULE_A,SC_V1987_B087_028,3683,야트막하다,4,L2,RULE_PROPOSED_PENDING_APPROVAL,3,PROVISIONAL_AUTO,2,PROVISIONAL_AUTO,level_policy_v0.1,0,0
RULE_A,SC_V1987_B087_031,3686,약밥,4,L2,RULE_PROPOSED_PENDING_APPROVAL,3,PROVISIONAL_AUTO,2,PROVISIONAL_AUTO,level_policy_v0.1,0,0
RULE_A,SC_V1987_B087_043,3694,양과자,4,L2,RULE_PROPOSED_PENDING_APPROVAL,3,PROVISIONAL_AUTO,2,PROVISIONAL_AUTO,level_policy_v0.1,0,0
RULE_A,SC_V1987_B087_045,3696,양날톱,4,L2,RULE_PROPOSED_PENDING_APPROVAL,3,PROVISIONAL_AUTO,2,PROVISIONAL_AUTO,level_policy_v0.1,0,0
RULE_A,SC_V1988_B088_001,3701,양수장,4,L2,RULE_PROPOSED_PENDING_APPROVAL,3,PROVISIONAL_AUTO,2,PROVISIONAL_AUTO,level_policy_v0.1,0,0
RULE_A,SC_V1988_B088_002,3702,양식업,4,L2,RULE_PROPOSED_PENDING_APPROVAL,3,PROVISIONAL_AUTO,2,PROVISIONAL_AUTO,level_policy_v0.1,0,0
RULE_A,SC_V1988_B088_003,3703,양식장,4,L2,RULE_PROPOSED_PENDING_APPROVAL,3,PROVISIONAL_AUTO,2,PROVISIONAL_AUTO,level_policy_v0.1,0,0
RULE_A,SC_V1988_B088_004,3704,양식하다,4,L2,RULE_PROPOSED_PENDING_APPROVAL,3,PROVISIONAL_AUTO,2,PROVISIONAL_AUTO,level_policy_v0.1,0,0
RULE_A,SC_V1988_B088_010,3708,양지바르다,4,L2,RULE_PROPOSED_PENDING_APPROVAL,3,PROVISIONAL_AUTO,2,PROVISIONAL_AUTO,level_policy_v0.1,0,0
RULE_A,SC_V1988_B088_023,3717,어깨띠,4,L2,RULE_PROPOSED_PENDING_APPROVAL,3,PROVISIONAL_AUTO,2,PROVISIONAL_AUTO,level_policy_v0.1,0,0
RULE_A,SC_V1988_B088_024,3718,어깨춤,4,L2,RULE_PROPOSED_PENDING_APPROVAL,3,PROVISIONAL_AUTO,2,PROVISIONAL_AUTO,level_policy_v0.1,0,0
RULE_A,SC_V1988_B088_030,3723,어떠어떠하다,4,L2,RULE_PROPOSED_PENDING_APPROVAL,3,REVIEW_BOUNDARY,2,REVIEW_BOUNDARY,level_policy_v0.1,0,0
RULE_A,SC_V1988_B088_035,3728,어물전,4,L2,RULE_PROPOSED_PENDING_APPROVAL,3,PROVISIONAL_AUTO,2,PROVISIONAL_AUTO,level_policy_v0.1,0,0
RULE_A,SC_V1988_B088_041,3734,어영부영,4,L2,RULE_PROPOSED_PENDING_APPROVAL,3,PROVISIONAL_AUTO,2,PROVISIONAL_AUTO,level_policy_v0.1,0,0
RULE_A,SC_V1989_B089_001,3744,어휴,4,L2,RULE_PROPOSED_PENDING_APPROVAL,3,PROVISIONAL_AUTO,2,PROVISIONAL_AUTO,level_policy_v0.1,0,0
RULE_A,SC_V1989_B089_002,3745,억만,4,L2,RULE_PROPOSED_PENDING_APPROVAL,3,PROVISIONAL_AUTO,2,PROVISIONAL_AUTO,level_policy_v0.1,0,0
RULE_A,SC_V1989_B089_006,3749,언론사,4,L2,RULE_PROPOSED_PENDING_APPROVAL,3,PROVISIONAL_AUTO,2,PROVISIONAL_AUTO,level_policy_v0.1,0,0
RULE_A,SC_V1989_B089_008,3751,언어생활,4,L2,RULE_PROPOSED_PENDING_APPROVAL,3,PROVISIONAL_AUTO,2,PROVISIONAL_AUTO,level_policy_v0.1,0,0
RULE_A,SC_V1989_B089_014,3757,얼룩덜룩하다,4,L2,RULE_PROPOSED_PENDING_APPROVAL,3,PROVISIONAL_AUTO,2,PROVISIONAL_AUTO,level_policy_v0.1,0,0
RULE_A,SC_V1989_B089_019,3761,얼음과자,4,L2,RULE_PROPOSED_PENDING_APPROVAL,3,PROVISIONAL_AUTO,2,PROVISIONAL_AUTO,level_policy_v0.1,0,0
RULE_A,SC_V1989_B089_022,3764,얼음지치기,4,L2,RULE_PROPOSED_PENDING_APPROVAL,3,PROVISIONAL_AUTO,2,PROVISIONAL_AUTO,level_policy_v0.1,0,0
RULE_A,SC_V1989_B089_023,3765,얼음집,4,L2,RULE_PROPOSED_PENDING_APPROVAL,3,PROVISIONAL_AUTO,2,PROVISIONAL_AUTO,level_policy_v0.1,0,0
RULE_A,SC_V1989_B089_025,3767,엄니,4,L2,RULE_PROPOSED_PENDING_APPROVAL,3,PROVISIONAL_AUTO,2,PROVISIONAL_AUTO,level_policy_v0.1,0,0
RULE_A,SC_V1989_B089_028,3770,엄포,4,L2,RULE_PROPOSED_PENDING_APPROVAL,3,PROVISIONAL_AUTO,2,PROVISIONAL_AUTO,level_policy_v0.1,0,0
RULE_A,SC_V1989_B089_037,3777,엎치락뒤치락,4,L2,RULE_PROPOSED_PENDING_APPROVAL,3,PROVISIONAL_AUTO,2,PROVISIONAL_AUTO,level_policy_v0.1,0,0
RULE_A,SC_V1989_B089_040,3780,에어백,4,L2,RULE_PROPOSED_PENDING_APPROVAL,3,PROVISIONAL_AUTO,2,PROVISIONAL_AUTO,level_policy_v0.1,0,0
RULE_A,SC_V1990_B090_008,3797,여봐라,4,L2,RULE_PROPOSED_PENDING_APPROVAL,3,PROVISIONAL_AUTO,2,PROVISIONAL_AUTO,level_policy_v0.1,0,0
RULE_A,SC_V1990_B090_016,3803,여주인공,4,L2,RULE_PROPOSED_PENDING_APPROVAL,3,PROVISIONAL_AUTO,2,PROVISIONAL_AUTO,level_policy_v0.1,0,0
RULE_A,SC_V1990_B090_021,3808,여행담,4,L2,RULE_PROPOSED_PENDING_APPROVAL,3,PROVISIONAL_AUTO,2,PROVISIONAL_AUTO,level_policy_v0.1,0,0
RULE_A,SC_V1990_B090_024,3811,역겹다,4,L2,RULE_PROPOSED_PENDING_APPROVAL,3,PROVISIONAL_AUTO,2,PROVISIONAL_AUTO,level_policy_v0.1,0,0
RULE_A,SC_V1990_B090_026,3812,역마차,4,L2,RULE_PROPOSED_PENDING_APPROVAL,3,PROVISIONAL_AUTO,2,PROVISIONAL_AUTO,level_policy_v0.1,0,0
RULE_A,SC_V1990_B090_027,3813,역무원,4,L2,RULE_PROPOSED_PENDING_APPROVAL,3,PROVISIONAL_AUTO,2,PROVISIONAL_AUTO,level_policy_v0.1,0,0
RULE_A,SC_V1990_B090_030,3816,역사관,4,L2,RULE_PROPOSED_PENDING_APPROVAL,3,PROVISIONAL_AUTO,2,PROVISIONAL_AUTO,level_policy_v0.1,0,0
RULE_A,SC_V1990_B090_035,3821,역효과,4,L2,RULE_PROPOSED_PENDING_APPROVAL,3,PROVISIONAL_AUTO,2,PROVISIONAL_AUTO,level_policy_v0.1,0,0
RULE_A,SC_V1990_B090_038,3824,연구회,4,L2,RULE_PROPOSED_PENDING_APPROVAL,3,PROVISIONAL_AUTO,2,PROVISIONAL_AUTO,level_policy_v0.1,0,0
RULE_A,SC_V1990_B090_041,3827,연대표,4,L2,RULE_PROPOSED_PENDING_APPROVAL,3,PROVISIONAL_AUTO,2,PROVISIONAL_AUTO,level_policy_v0.1,0,0
RULE_A,SC_V1990_B090_043,3829,연락망,4,L2,RULE_PROPOSED_PENDING_APPROVAL,3,PROVISIONAL_AUTO,2,PROVISIONAL_AUTO,level_policy_v0.1,0,0
RULE_A,SC_V1990_B090_045,3831,연맹,4,L2,RULE_PROPOSED_PENDING_APPROVAL,3,PROVISIONAL_AUTO,2,PROVISIONAL_AUTO,level_policy_v0.1,0,0
RULE_A,SC_V1990_B090_047,3833,연민,4,L2,RULE_PROPOSED_PENDING_APPROVAL,3,PROVISIONAL_AUTO,2,PROVISIONAL_AUTO,level_policy_v0.1,0,0
RULE_A,SC_V1991_B091_002,3838,연수원,4,L2,RULE_PROPOSED_PENDING_APPROVAL,3,PROVISIONAL_AUTO,2,PROVISIONAL_AUTO,level_policy_v0.1,0,0
RULE_A,SC_V1991_B091_006,3842,연이율,4,L2,RULE_PROPOSED_PENDING_APPROVAL,3,PROVISIONAL_AUTO,2,PROVISIONAL_AUTO,level_policy_v0.1,0,0
RULE_A,SC_V1991_B091_016,3852,연표,4,L2,RULE_PROPOSED_PENDING_APPROVAL,3,PROVISIONAL_AUTO,2,PROVISIONAL_AUTO,level_policy_v0.1,0,0
RULE_A,SC_V1991_B091_018,3854,연하장,4,L2,RULE_PROPOSED_PENDING_APPROVAL,3,PROVISIONAL_AUTO,2,PROVISIONAL_AUTO,level_policy_v0.1,0,0
RULE_A,SC_V1991_B091_019,3855,연합회,4,L2,RULE_PROPOSED_PENDING_APPROVAL,3,PROVISIONAL_AUTO,2,PROVISIONAL_AUTO,level_policy_v0.1,0,0
RULE_A,SC_V1991_B091_024,3859,열람,4,L2,RULE_PROPOSED_PENDING_APPROVAL,3,PROVISIONAL_AUTO,2,PROVISIONAL_AUTO,level_policy_v0.1,0,0
RULE_A,SC_V1991_B091_026,3861,열람하다,4,L2,RULE_PROPOSED_PENDING_APPROVAL,3,PROVISIONAL_AUTO,2,PROVISIONAL_AUTO,level_policy_v0.1,0,0
RULE_A,SC_V1991_B091_031,3865,열의,4,L2,RULE_PROPOSED_PENDING_APPROVAL,3,PROVISIONAL_AUTO,2,PROVISIONAL_AUTO,level_policy_v0.1,0,0
RULE_A,SC_V1991_B091_032,3866,염려되다,4,L2,RULE_PROPOSED_PENDING_APPROVAL,3,PROVISIONAL_AUTO,2,PROVISIONAL_AUTO,level_policy_v0.1,0,0
RULE_A,SC_V1991_B091_033,3867,염려스럽다,4,L2,RULE_PROPOSED_PENDING_APPROVAL,3,PROVISIONAL_AUTO,2,PROVISIONAL_AUTO,level_policy_v0.1,0,0
RULE_A,SC_V1991_B091_039,3873,엿기름,4,L2,RULE_PROPOSED_PENDING_APPROVAL,3,PROVISIONAL_AUTO,2,PROVISIONAL_AUTO,level_policy_v0.1,0,0
RULE_A,SC_V1991_B091_046,3880,영상물,4,L2,RULE_PROPOSED_PENDING_APPROVAL,3,PROVISIONAL_AUTO,2,PROVISIONAL_AUTO,level_policy_v0.1,0,0
RULE_A,SC_V1991_B091_047,3881,영양사,4,L2,RULE_PROPOSED_PENDING_APPROVAL,3,PROVISIONAL_AUTO,2,PROVISIONAL_AUTO,level_policy_v0.1,0,0
RULE_A,SC_V1992_B092_004,3887,영향권,4,L2,RULE_PROPOSED_PENDING_APPROVAL,3,REVIEW_BOUNDARY,2,REVIEW_BOUNDARY,level_policy_v0.1,0,0
RULE_A,SC_V1992_B092_005,3888,영화제,4,L2,RULE_PROPOSED_PENDING_APPROVAL,3,REVIEW_BOUNDARY,2,REVIEW_BOUNDARY,level_policy_v0.1,0,0
RULE_A,SC_V1992_B092_011,3894,예금주,4,L2,RULE_PROPOSED_PENDING_APPROVAL,3,PROVISIONAL_AUTO,2,PROVISIONAL_AUTO,level_policy_v0.1,0,0
RULE_A,SC_V1992_B092_013,3896,예끼,4,L2,RULE_PROPOSED_PENDING_APPROVAL,3,PROVISIONAL_AUTO,2,PROVISIONAL_AUTO,level_policy_v0.1,0,0
RULE_A,SC_V1992_B092_017,3898,예산서,4,L2,RULE_PROPOSED_PENDING_APPROVAL,3,PROVISIONAL_AUTO,2,PROVISIONAL_AUTO,level_policy_v0.1,0,0
RULE_A,SC_V1992_B092_020,3901,예술단,4,L2,RULE_PROPOSED_PENDING_APPROVAL,3,PROVISIONAL_AUTO,2,PROVISIONAL_AUTO,level_policy_v0.1,0,0
RULE_A,SC_V1992_B092_021,3902,예술성,4,L2,RULE_PROPOSED_PENDING_APPROVAL,3,REVIEW_BOUNDARY,2,REVIEW_BOUNDARY,level_policy_v0.1,0,0
RULE_A,SC_V1992_B092_023,3904,예술제,4,L2,RULE_PROPOSED_PENDING_APPROVAL,3,REVIEW_BOUNDARY,2,REVIEW_BOUNDARY,level_policy_v0.1,0,0
RULE_A,SC_V1992_B092_024,3905,예술품,4,L2,RULE_PROPOSED_PENDING_APPROVAL,3,PROVISIONAL_AUTO,2,PROVISIONAL_AUTO,level_policy_v0.1,0,0
RULE_A,SC_V1992_B092_028,3909,예약제,4,L2,RULE_PROPOSED_PENDING_APPROVAL,3,REVIEW_BOUNDARY,2,REVIEW_BOUNDARY,level_policy_v0.1,0,0
RULE_A,SC_V1992_B092_036,3917,오곡밥,4,L2,RULE_PROPOSED_PENDING_APPROVAL,3,PROVISIONAL_AUTO,2,PROVISIONAL_AUTO,level_policy_v0.1,0,0
RULE_A,SC_V1992_B092_046,3926,오른손잡이,4,L2,RULE_PROPOSED_PENDING_APPROVAL,3,PROVISIONAL_AUTO,2,PROVISIONAL_AUTO,level_policy_v0.1,0,0
RULE_A,SC_V1992_B092_048,3928,오막살이집,4,L2,RULE_PROPOSED_PENDING_APPROVAL,3,PROVISIONAL_AUTO,2,PROVISIONAL_AUTO,level_policy_v0.1,0,0
RULE_A,SC_V1992_B092_050,3929,오목오목,4,L2,RULE_PROPOSED_PENDING_APPROVAL,3,PROVISIONAL_AUTO,2,PROVISIONAL_AUTO,level_policy_v0.1,0,0
RULE_A,SC_V1993_B093_001,3930,오목하다,4,L2,RULE_PROPOSED_PENDING_APPROVAL,3,PROVISIONAL_AUTO,2,PROVISIONAL_AUTO,level_policy_v0.1,0,0
RULE_A,SC_V1993_B093_003,3932,오므라이스,4,L2,RULE_PROPOSED_PENDING_APPROVAL,3,PROVISIONAL_AUTO,2,PROVISIONAL_AUTO,level_policy_v0.1,0,0
RULE_A,SC_V1993_B093_004,3933,오색구름,4,L2,RULE_PROPOSED_PENDING_APPROVAL,3,PROVISIONAL_AUTO,2,PROVISIONAL_AUTO,level_policy_v0.1,0,0
RULE_A,SC_V1993_B093_007,3936,오싹오싹,4,L2,RULE_PROPOSED_PENDING_APPROVAL,3,PROVISIONAL_AUTO,2,PROVISIONAL_AUTO,level_policy_v0.1,0,0
RULE_A,SC_V1993_B093_008,3937,오염원,4,L2,RULE_PROPOSED_PENDING_APPROVAL,3,PROVISIONAL_AUTO,2,PROVISIONAL_AUTO,level_policy_v0.1,0,0
RULE_A,SC_V1993_B093_011,3939,오이꽃,4,L2,RULE_PROPOSED_PENDING_APPROVAL,3,PROVISIONAL_AUTO,2,PROVISIONAL_AUTO,level_policy_v0.1,0,0
RULE_A,SC_V1993_B093_019,3946,오프닝,4,L2,RULE_PROPOSED_PENDING_APPROVAL,3,PROVISIONAL_AUTO,2,PROVISIONAL_AUTO,level_policy_v0.1,0,0
RULE_A,SC_V1993_B093_034,3959,온풍기,4,L2,RULE_PROPOSED_PENDING_APPROVAL,3,PROVISIONAL_AUTO,2,PROVISIONAL_AUTO,level_policy_v0.1,0,0
RULE_A,SC_V1993_B093_035,3960,올록볼록,4,L2,RULE_PROPOSED_PENDING_APPROVAL,3,PROVISIONAL_AUTO,2,PROVISIONAL_AUTO,level_policy_v0.1,0,0
RULE_A,SC_V1993_B093_036,3961,옳아,4,L2,RULE_PROPOSED_PENDING_APPROVAL,3,PROVISIONAL_AUTO,2,PROVISIONAL_AUTO,level_policy_v0.1,0,0
RULE_A,SC_V1993_B093_041,3966,옷고름,4,L2,RULE_PROPOSED_PENDING_APPROVAL,3,PROVISIONAL_AUTO,2,PROVISIONAL_AUTO,level_policy_v0.1,0,0
RULE_A,SC_V1993_B093_048,3973,옹알이,4,L2,RULE_PROPOSED_PENDING_APPROVAL,3,PROVISIONAL_AUTO,2,PROVISIONAL_AUTO,level_policy_v0.1,0,0
RULE_A,SC_V1993_B093_049,3974,옹호하다,4,L2,RULE_PROPOSED_PENDING_APPROVAL,3,PROVISIONAL_AUTO,2,PROVISIONAL_AUTO,level_policy_v0.1,0,0
RULE_A,SC_V1994_B094_001,3975,와이샤쓰,4,L2,RULE_PROPOSED_PENDING_APPROVAL,3,PROVISIONAL_AUTO,2,PROVISIONAL_AUTO,level_policy_v0.1,0,0
RULE_A,SC_V1994_B094_004,3977,와해되다,4,L2,RULE_PROPOSED_PENDING_APPROVAL,3,PROVISIONAL_AUTO,2,PROVISIONAL_AUTO,level_policy_v0.1,0,0
RULE_A,SC_V1994_B094_011,3984,완성도,4,L2,RULE_PROPOSED_PENDING_APPROVAL,3,PROVISIONAL_AUTO,2,PROVISIONAL_AUTO,level_policy_v0.1,0,0
RULE_A,SC_V1994_B094_014,3987,완충되다,4,L2,RULE_PROPOSED_PENDING_APPROVAL,3,PROVISIONAL_AUTO,2,PROVISIONAL_AUTO,level_policy_v0.1,0,0
RULE_A,SC_V1994_B094_017,3990,왕권,4,L2,RULE_PROPOSED_PENDING_APPROVAL,3,REVIEW_BOUNDARY,2,REVIEW_BOUNDARY,level_policy_v0.1,0,0
RULE_A,SC_V1994_B094_034,4001,외나무다리,4,L2,RULE_PROPOSED_PENDING_APPROVAL,3,PROVISIONAL_AUTO,2,PROVISIONAL_AUTO,level_policy_v0.1,0,0
RULE_A,SC_V1995_B095_013,4025,욕설,4,L2,RULE_PROPOSED_PENDING_APPROVAL,3,PROVISIONAL_AUTO,2,PROVISIONAL_AUTO,level_policy_v0.1,0,0
RULE_A,SC_V1995_B095_015,4027,용감성,4,L2,RULE_PROPOSED_PENDING_APPROVAL,3,REVIEW_BOUNDARY,2,REVIEW_BOUNDARY,level_policy_v0.1,0,0
RULE_A,SC_V1995_B095_023,4031,우당탕,4,L2,RULE_PROPOSED_PENDING_APPROVAL,3,PROVISIONAL_AUTO,2,PROVISIONAL_AUTO,level_policy_v0.1,0,0
RULE_A,SC_V1995_B095_024,4032,우두커니,4,L2,RULE_PROPOSED_PENDING_APPROVAL,3,PROVISIONAL_AUTO,2,PROVISIONAL_AUTO,level_policy_v0.1,0,0
RULE_A,SC_V1995_B095_025,4033,우등상,4,L2,RULE_PROPOSED_PENDING_APPROVAL,3,PROVISIONAL_AUTO,2,PROVISIONAL_AUTO,level_policy_v0.1,0,0
RULE_A,SC_V1995_B095_026,4034,우러나오다,4,L2,RULE_PROPOSED_PENDING_APPROVAL,3,PROVISIONAL_AUTO,2,PROVISIONAL_AUTO,level_policy_v0.1,0,0
RULE_A,SC_V1995_B095_028,4035,우리글,4,L2,RULE_PROPOSED_PENDING_APPROVAL,3,PROVISIONAL_AUTO,2,PROVISIONAL_AUTO,level_policy_v0.1,0,0
RULE_A,SC_V1995_B095_032,4039,우방국,4,L2,RULE_PROPOSED_PENDING_APPROVAL,3,PROVISIONAL_AUTO,2,PROVISIONAL_AUTO,level_policy_v0.1,0,0
RULE_A,SC_V1995_B095_033,4040,우산살,4,L2,RULE_PROPOSED_PENDING_APPROVAL,3,PROVISIONAL_AUTO,2,PROVISIONAL_AUTO,level_policy_v0.1,0,0
RULE_A,SC_V1995_B095_045,4051,우지끈,4,L2,RULE_PROPOSED_PENDING_APPROVAL,3,PROVISIONAL_AUTO,2,PROVISIONAL_AUTO,level_policy_v0.1,0,0
RULE_A,SC_V1996_B096_010,4063,운수업,4,L2,RULE_PROPOSED_PENDING_APPROVAL,3,PROVISIONAL_AUTO,2,PROVISIONAL_AUTO,level_policy_v0.1,0,0
RULE_A,SC_V1996_B096_022,4074,움막,4,L2,RULE_PROPOSED_PENDING_APPROVAL,3,PROVISIONAL_AUTO,2,PROVISIONAL_AUTO,level_policy_v0.1,0,0
RULE_A,SC_V1996_B096_024,4076,움찔하다,4,L2,RULE_PROPOSED_PENDING_APPROVAL,3,PROVISIONAL_AUTO,2,PROVISIONAL_AUTO,level_policy_v0.1,0,0
RULE_A,SC_V1996_B096_027,4079,웃돌다,4,L2,RULE_PROPOSED_PENDING_APPROVAL,3,PROVISIONAL_AUTO,2,PROVISIONAL_AUTO,level_policy_v0.1,0,0
RULE_A,SC_V1996_B096_034,4085,웅성이다,4,L2,RULE_PROPOSED_PENDING_APPROVAL,3,PROVISIONAL_AUTO,2,PROVISIONAL_AUTO,level_policy_v0.1,0,0
RULE_A,SC_V1996_B096_037,4087,원두커피,4,L2,RULE_PROPOSED_PENDING_APPROVAL,3,PROVISIONAL_AUTO,2,PROVISIONAL_AUTO,level_policy_v0.1,0,0
RULE_A,SC_V1997_B097_005,4104,웨이브,4,L2,RULE_PROPOSED_PENDING_APPROVAL,3,PROVISIONAL_AUTO,2,PROVISIONAL_AUTO,level_policy_v0.1,0,0
RULE_A,SC_V1997_B097_008,4106,위문,4,L2,RULE_PROPOSED_PENDING_APPROVAL,3,PROVISIONAL_AUTO,2,PROVISIONAL_AUTO,level_policy_v0.1,0,0
RULE_A,SC_V1997_B097_009,4107,위문하다,4,L2,RULE_PROPOSED_PENDING_APPROVAL,3,PROVISIONAL_AUTO,2,PROVISIONAL_AUTO,level_policy_v0.1,0,0
RULE_A,SC_V1997_B097_010,4108,위배되다,4,L2,RULE_PROPOSED_PENDING_APPROVAL,3,PROVISIONAL_AUTO,2,PROVISIONAL_AUTO,level_policy_v0.1,0,0
RULE_A,SC_V1997_B097_012,4109,위생비,4,L2,RULE_PROPOSED_PENDING_APPROVAL,3,PROVISIONAL_AUTO,2,PROVISIONAL_AUTO,level_policy_v0.1,0,0
RULE_A,SC_V1997_B097_013,4110,위압감,4,L2,RULE_PROPOSED_PENDING_APPROVAL,3,PROVISIONAL_AUTO,2,PROVISIONAL_AUTO,level_policy_v0.1,0,0
RULE_A,SC_V1997_B097_015,4112,위원단,4,L2,RULE_PROPOSED_PENDING_APPROVAL,3,PROVISIONAL_AUTO,2,PROVISIONAL_AUTO,level_policy_v0.1,0,0
RULE_A,SC_V1997_B097_019,4116,위태위태하다,4,L2,RULE_PROPOSED_PENDING_APPROVAL,3,PROVISIONAL_AUTO,2,PROVISIONAL_AUTO,level_policy_v0.1,0,0
RULE_A,SC_V1997_B097_021,4118,위트,4,L2,RULE_PROPOSED_PENDING_APPROVAL,3,PROVISIONAL_AUTO,2,PROVISIONAL_AUTO,level_policy_v0.1,0,0
RULE_A,SC_V1997_B097_035,4128,유념하다,4,L2,RULE_PROPOSED_PENDING_APPROVAL,3,PROVISIONAL_AUTO,2,PROVISIONAL_AUTO,level_policy_v0.1,0,0
RULE_A,SC_V1997_B097_037,4130,유단자,4,L2,RULE_PROPOSED_PENDING_APPROVAL,3,REVIEW_BOUNDARY,2,REVIEW_BOUNDARY,level_policy_v0.1,0,0
RULE_A,SC_V1997_B097_046,4139,유명세,4,L2,RULE_PROPOSED_PENDING_APPROVAL,3,PROVISIONAL_AUTO,2,PROVISIONAL_AUTO,level_policy_v0.1,0,0
RULE_A,SC_V1998_B098_005,4145,유실수,4,L2,RULE_PROPOSED_PENDING_APPROVAL,3,PROVISIONAL_AUTO,2,PROVISIONAL_AUTO,level_policy_v0.1,0,0
RULE_A,SC_V1998_B098_009,4146,유유자적,4,L2,RULE_PROPOSED_PENDING_APPROVAL,3,PROVISIONAL_AUTO,2,PROVISIONAL_AUTO,level_policy_v0.1,0,0
RULE_A,SC_V1998_B098_013,4149,유제품,4,L2,RULE_PROPOSED_PENDING_APPROVAL,3,PROVISIONAL_AUTO,2,PROVISIONAL_AUTO,level_policy_v0.1,0,0
RULE_A,SC_V1998_B098_020,4155,유행성,4,L2,RULE_PROPOSED_PENDING_APPROVAL,3,REVIEW_BOUNDARY,2,REVIEW_BOUNDARY,level_policy_v0.1,0,0
RULE_A,SC_V1998_B098_028,4162,융성,4,L2,RULE_PROPOSED_PENDING_APPROVAL,3,PROVISIONAL_AUTO,2,PROVISIONAL_AUTO,level_policy_v0.1,0,0
RULE_A,SC_V1998_B098_036,4169,으하하,4,L2,RULE_PROPOSED_PENDING_APPROVAL,3,PROVISIONAL_AUTO,2,PROVISIONAL_AUTO,level_policy_v0.1,0,0
RULE_A,SC_V1998_B098_037,4170,으허허,4,L2,RULE_PROPOSED_PENDING_APPROVAL,3,PROVISIONAL_AUTO,2,PROVISIONAL_AUTO,level_policy_v0.1,0,0
RULE_A,SC_V1998_B098_038,4171,으흐흑,4,L2,RULE_PROPOSED_PENDING_APPROVAL,3,PROVISIONAL_AUTO,2,PROVISIONAL_AUTO,level_policy_v0.1,0,0
RULE_A,SC_V1998_B098_039,4172,윽박지르다,4,L2,RULE_PROPOSED_PENDING_APPROVAL,3,PROVISIONAL_AUTO,2,PROVISIONAL_AUTO,level_policy_v0.1,0,0
RULE_A,SC_V1998_B098_050,4183,은퇴,4,L2,RULE_PROPOSED_PENDING_APPROVAL,3,PROVISIONAL_AUTO,2,PROVISIONAL_AUTO,level_policy_v0.1,0,0
RULE_A,SC_V1999_B099_005,4188,은행장,4,L2,RULE_PROPOSED_PENDING_APPROVAL,3,PROVISIONAL_AUTO,2,PROVISIONAL_AUTO,level_policy_v0.1,0,0
RULE_A,SC_V1999_B099_008,4190,음반,4,L2,RULE_PROPOSED_PENDING_APPROVAL,3,PROVISIONAL_AUTO,2,PROVISIONAL_AUTO,level_policy_v0.1,0,0
RULE_A,SC_V1999_B099_011,4193,음악대,4,L2,RULE_PROPOSED_PENDING_APPROVAL,3,PROVISIONAL_AUTO,2,PROVISIONAL_AUTO,level_policy_v0.1,0,0
RULE_A,SC_V1999_B099_012,4194,음악인,4,L2,RULE_PROPOSED_PENDING_APPROVAL,3,PROVISIONAL_AUTO,2,PROVISIONAL_AUTO,level_policy_v0.1,0,0
RULE_A,SC_V1999_B099_020,4200,응낙하다,4,L2,RULE_PROPOSED_PENDING_APPROVAL,3,PROVISIONAL_AUTO,2,PROVISIONAL_AUTO,level_policy_v0.1,0,0
RULE_A,SC_V1999_B099_026,4205,응원가,4,L2,RULE_PROPOSED_PENDING_APPROVAL,3,PROVISIONAL_AUTO,2,PROVISIONAL_AUTO,level_policy_v0.1,0,0
RULE_A,SC_V1999_B099_028,4207,응접실,4,L2,RULE_PROPOSED_PENDING_APPROVAL,3,PROVISIONAL_AUTO,2,PROVISIONAL_AUTO,level_policy_v0.1,0,0
RULE_A,SC_V1999_B099_032,4211,의기소침하다,4,L2,RULE_PROPOSED_PENDING_APPROVAL,3,PROVISIONAL_AUTO,2,PROVISIONAL_AUTO,level_policy_v0.1,0,0
RULE_A,SC_V1999_B099_033,4212,의기양양하다,4,L2,RULE_PROPOSED_PENDING_APPROVAL,3,PROVISIONAL_AUTO,2,PROVISIONAL_AUTO,level_policy_v0.1,0,0
RULE_A,SC_V1999_B099_036,4215,의료비,4,L2,RULE_PROPOSED_PENDING_APPROVAL,3,PROVISIONAL_AUTO,2,PROVISIONAL_AUTO,level_policy_v0.1,0,0
RULE_A,SC_V1999_B099_038,4217,의무화,4,L2,RULE_PROPOSED_PENDING_APPROVAL,3,PROVISIONAL_AUTO,2,PROVISIONAL_AUTO,level_policy_v0.1,0,0
RULE_A,SC_V1999_B099_040,4219,의문스럽다,4,L2,RULE_PROPOSED_PENDING_APPROVAL,3,PROVISIONAL_AUTO,2,PROVISIONAL_AUTO,level_policy_v0.1,0,0
RULE_A,SC_V1999_B099_041,4220,의미심장하다,4,L2,RULE_PROPOSED_PENDING_APPROVAL,3,PROVISIONAL_AUTO,2,PROVISIONAL_AUTO,level_policy_v0.1,0,0
RULE_A,SC_V1999_B099_043,4221,의사당,4,L2,RULE_PROPOSED_PENDING_APPROVAL,3,PROVISIONAL_AUTO,2,PROVISIONAL_AUTO,level_policy_v0.1,0,0
RULE_A,SC_V1999_B099_044,4222,의사소통하다,4,L2,RULE_PROPOSED_PENDING_APPROVAL,3,PROVISIONAL_AUTO,2,PROVISIONAL_AUTO,level_policy_v0.1,0,0
